#
#--------------------------------------------------------------------------------
### 
## 
## Courbe 0
## resp__3
## Courbe 1
## resp__2
## Courbe 2
## resp__1
## Courbe 3
## resp_0
## Courbe 4
## resp_1
## Courbe 5
## resp_2
## Courbe 6
## resp_3
## Courbe 7
## resp_4
## Courbe 8
## resp_5
## Courbe 9
## resp_6
## Courbe 10
## resp_7
## Courbe 11
## resp_8
## Courbe 12
## resp_9
## Courbe 13
## resp_10
## Courbe 14
## resp_11
## Courbe 15
## resp_12
## Courbe 16
## resp_13
## Courbe 17
## resp_14
## Courbe 18
## resp_15
## Courbe 19
## resp_16
## Courbe 20
## resp_17
FREQ          DZ_0_R        DZ_0_I        DZ_1_R        DZ_1_I        DZ_2_R        DZ_2_I        DZ_3_R        DZ_3_I        DZ_4_R        DZ_4_I        DZ_5_R        DZ_5_I        DZ_6_R        DZ_6_I        DZ_7_R        DZ_7_I        DZ_8_R        DZ_8_I        DZ_9_R        DZ_9_I        DZ_10_R       DZ_10_I       DZ_11_R       DZ_11_I       DZ_12_R       DZ_12_I       DZ_13_R       DZ_13_I       DZ_14_R       DZ_14_I       DZ_15_R       DZ_15_I       DZ_16_R       DZ_16_I       DZ_17_R       DZ_17_I       DZ_18_R       DZ_18_I       DZ_19_R       DZ_19_I       DZ_20_R       DZ_20_I     
 3.54000E+01   1.22573E-02   1.35075E-02   1.55414E-02   1.50160E-02   1.69170E-02   1.37863E-02   1.68128E-02   1.10322E-02   1.54874E-02   7.42156E-03   1.30339E-02   3.29623E-03   9.66321E-03  -9.93960E-04   5.67698E-03  -5.11134E-03   1.43604E-03  -8.74902E-03  -2.67556E-03  -1.16469E-02  -6.28654E-03  -1.36042E-02  -9.07185E-03  -1.44873E-02  -1.07805E-02  -1.42328E-02  -1.12553E-02  -1.28467E-02  -1.04434E-02  -1.03979E-02  -8.39531E-03  -7.00849E-03  -5.25362E-03  -2.83987E-03  -1.23155E-03   1.92332E-03   3.41787E-03   7.09199E-03   8.43949E-03   1.24927E-02   1.36188E-02   1.79891E-02
 3.56000E+01   1.24902E-02   1.35897E-02   1.58537E-02   1.51104E-02   1.72743E-02   1.38796E-02   1.71828E-02   1.11177E-02   1.58396E-02   7.49608E-03   1.33382E-02   3.35887E-03   9.89278E-03  -9.42496E-04   5.81218E-03  -5.06915E-03   1.46632E-03  -8.71363E-03  -2.75033E-03  -1.16159E-02  -6.45594E-03  -1.35756E-02  -9.31583E-03  -1.44600E-02  -1.10712E-02  -1.42070E-02  -1.15597E-02  -1.28235E-02  -1.07260E-02  -1.03793E-02  -8.62158E-03  -6.99695E-03  -5.39253E-03  -2.83815E-03  -1.25785E-03   1.91275E-03   3.52233E-03   7.06720E-03   8.68554E-03   1.24525E-02   1.40111E-02   1.79328E-02
 3.59000E+01   1.28497E-02   1.37045E-02   1.63362E-02   1.52401E-02   1.78267E-02   1.40052E-02   1.77553E-02   1.12300E-02   1.63853E-02   7.59195E-03   1.38100E-02   3.43809E-03   1.02495E-02  -8.77590E-04   6.02318E-03  -5.01468E-03   1.51514E-03  -8.66518E-03  -2.86404E-03  -1.15695E-02  -6.71621E-03  -1.35285E-02  -9.69174E-03  -1.44114E-02  -1.15197E-02  -1.41579E-02  -1.20297E-02  -1.27770E-02  -1.11629E-02  -1.03399E-02  -8.97165E-03  -6.96991E-03  -5.60785E-03  -2.82892E-03  -1.29935E-03   1.89931E-03   3.68274E-03   7.02735E-03   9.06464E-03   1.23839E-02   1.46160E-02   1.78344E-02
 3.61000E+01   1.30961E-02   1.37748E-02   1.66671E-02   1.53179E-02   1.82060E-02   1.40784E-02   1.81486E-02   1.12936E-02   1.67606E-02   7.64443E-03   1.41348E-02   3.48036E-03   1.04956E-02  -8.43086E-04   6.16930E-03  -4.98461E-03   1.54993E-03  -8.63608E-03  -2.94093E-03  -1.15385E-02  -6.89388E-03  -1.34941E-02  -9.94902E-03  -1.43732E-02  -1.18271E-02  -1.41176E-02  -1.23521E-02  -1.27375E-02  -1.14627E-02  -1.03053E-02  -9.21217E-03  -6.94482E-03  -5.75606E-03  -2.81797E-03  -1.32837E-03   1.89205E-03   3.79220E-03   6.99876E-03   9.32413E-03   1.23320E-02   1.50305E-02   1.77584E-02
 3.64000E+01   1.34757E-02   1.38702E-02   1.71775E-02   1.54204E-02   1.87914E-02   1.41712E-02   1.87563E-02   1.13703E-02   1.73407E-02   7.70452E-03   1.46376E-02   3.52661E-03   1.08770E-02  -8.05526E-04   6.39664E-03  -4.94950E-03   1.60543E-03  -8.59744E-03  -3.05792E-03  -1.14918E-02  -7.16665E-03  -1.34370E-02  -1.03450E-02  -1.43064E-02  -1.23008E-02  -1.40445E-02  -1.28493E-02  -1.26642E-02  -1.19255E-02  -1.02396E-02  -9.58367E-03  -6.89556E-03  -5.98534E-03  -2.79371E-03  -1.37394E-03   1.88384E-03   3.96020E-03   6.95242E-03   9.72351E-03   1.22441E-02   1.56688E-02   1.76273E-02
 3.66000E+01   1.37355E-02   1.39264E-02   1.75271E-02   1.54785E-02   1.91925E-02   1.42209E-02   1.91730E-02   1.14081E-02   1.77390E-02   7.73122E-03   1.49831E-02   3.54518E-03   1.11394E-02  -7.90602E-04   6.55357E-03  -4.93319E-03   1.64460E-03  -8.57517E-03  -3.13704E-03  -1.14603E-02  -7.35268E-03  -1.33949E-02  -1.06156E-02  -1.42548E-02  -1.26249E-02  -1.39866E-02  -1.31898E-02  -1.26051E-02  -1.22426E-02  -1.01858E-02  -9.83844E-03  -6.85432E-03  -6.14281E-03  -2.77189E-03  -1.40564E-03   1.88026E-03   4.07473E-03   6.91895E-03   9.99651E-03   1.21779E-02   1.61055E-02   1.75273E-02
 3.69000E+01   1.41352E-02   1.39989E-02   1.80651E-02   1.55490E-02   1.98105E-02   1.42753E-02   1.98154E-02   1.14432E-02   1.83533E-02   7.74957E-03   1.55164E-02   3.55313E-03   1.15452E-02  -7.84566E-04   6.79691E-03  -4.92011E-03   1.70655E-03  -8.54723E-03  -3.25742E-03  -1.14122E-02  -7.63795E-03  -1.33251E-02  -1.10315E-02  -1.41656E-02  -1.31235E-02  -1.38844E-02  -1.37140E-02  -1.24995E-02  -1.27310E-02  -1.00889E-02  -1.02311E-02  -6.77870E-03  -6.38584E-03  -2.72998E-03  -1.45515E-03   1.87789E-03   4.25031E-03   6.86440E-03   1.04160E-02   1.20663E-02   1.67770E-02   1.73564E-02
 3.72000E+01   1.45465E-02   1.40558E-02   1.86192E-02   1.55977E-02   2.04474E-02   1.43037E-02   2.04781E-02   1.14500E-02   1.89874E-02   7.73975E-03   1.60675E-02   3.53531E-03   1.19650E-02  -7.99650E-04   7.04952E-03  -4.92164E-03   1.77220E-03  -8.52617E-03  -3.37983E-03  -1.13629E-02  -7.93057E-03  -1.32463E-02  -1.14591E-02  -1.40610E-02  -1.36367E-02  -1.37622E-02  -1.42538E-02  -1.23719E-02  -1.32343E-02  -9.97043E-03  -1.06361E-02  -6.68512E-03  -6.63687E-03  -2.67611E-03  -1.50694E-03   1.87936E-03   4.43034E-03   6.80402E-03   1.08474E-02   1.19383E-02   1.74679E-02   1.71582E-02
 3.74000E+01   1.48270E-02   1.40844E-02   1.89974E-02   1.56171E-02   2.08823E-02   1.43070E-02   2.09307E-02   1.14377E-02   1.94209E-02   7.71630E-03   1.64444E-02   3.50800E-03   1.22525E-02  -8.22312E-04   7.22291E-03  -4.93133E-03   1.81794E-03  -8.51616E-03  -3.46256E-03  -1.13292E-02  -8.12961E-03  -1.31883E-02  -1.17504E-02  -1.39817E-02  -1.39867E-02  -1.36685E-02  -1.46222E-02  -1.22734E-02  -1.35780E-02  -9.87853E-03  -1.09127E-02  -6.61189E-03  -6.80852E-03  -2.63301E-03  -1.54268E-03   1.88261E-03   4.55277E-03   6.76018E-03   1.11413E-02   1.18429E-02   1.79390E-02   1.70094E-02
 3.77000E+01   1.52569E-02   1.41121E-02   1.95771E-02   1.56251E-02   2.15494E-02   1.42867E-02   2.16254E-02   1.13918E-02   2.00864E-02   7.65386E-03   1.70236E-02   3.44217E-03   1.26947E-02  -8.76581E-04   7.49011E-03  -4.95977E-03   1.88935E-03  -8.50746E-03  -3.58827E-03  -1.12769E-02  -8.43390E-03  -1.30920E-02  -1.21965E-02  -1.38474E-02  -1.45229E-02  -1.35082E-02  -1.51868E-02  -1.21038E-02  -1.41049E-02  -9.71963E-03  -1.13371E-02  -6.48447E-03  -7.07214E-03  -2.55673E-03  -1.59801E-03   1.89107E-03   4.73986E-03   6.68849E-03   1.15912E-02   1.16835E-02   1.86605E-02   1.67590E-02
 3.80000E+01   1.56970E-02   1.41202E-02   2.01710E-02   1.56058E-02   2.22332E-02   1.42338E-02   2.23379E-02   1.13106E-02   2.07694E-02   7.55628E-03   1.76182E-02   3.34433E-03   1.31491E-02  -9.56884E-04   7.76533E-03  -5.00596E-03   1.96390E-03  -8.50675E-03  -3.71585E-03  -1.12223E-02  -8.74465E-03  -1.29836E-02  -1.26528E-02  -1.36930E-02  -1.50718E-02  -1.33221E-02  -1.57652E-02  -1.19060E-02  -1.46449E-02  -9.53345E-03  -1.17723E-02  -6.33430E-03  -7.34267E-03  -2.46547E-03  -1.65529E-03   1.90412E-03   4.93086E-03   6.60902E-03   1.20514E-02   1.15028E-02   1.93988E-02   1.64733E-02
 3.83000E+01   1.61466E-02   1.41071E-02   2.07779E-02   1.55569E-02   2.29323E-02   1.41455E-02   2.30666E-02   1.11914E-02   2.14682E-02   7.42077E-03   1.82270E-02   3.21201E-03   1.36147E-02  -1.06519E-03   8.04784E-03  -5.07117E-03   2.04128E-03  -8.51444E-03  -3.84514E-03  -1.11650E-02  -9.06132E-03  -1.28621E-02  -1.31184E-02  -1.35165E-02  -1.56322E-02  -1.31078E-02  -1.63559E-02  -1.16774E-02  -1.51967E-02  -9.31767E-03  -1.22171E-02  -6.15947E-03  -7.61946E-03  -2.35799E-03  -1.71431E-03   1.92204E-03   5.12539E-03   6.52100E-03   1.25209E-02   1.12988E-02   2.01523E-02   1.61491E-02
 3.85000E+01   1.64510E-02   1.40858E-02   2.11891E-02   1.55068E-02   2.34060E-02   1.40658E-02   2.35605E-02   1.10892E-02   2.19419E-02   7.30796E-03   1.86399E-02   3.10338E-03   1.39306E-02  -1.15394E-03   8.23978E-03  -5.12584E-03   2.09426E-03  -8.52448E-03  -3.93221E-03  -1.11251E-02  -9.27538E-03  -1.27731E-02  -1.34334E-02  -1.33857E-02  -1.60116E-02  -1.29483E-02  -1.67559E-02  -1.15067E-02  -1.55703E-02  -9.15621E-03  -1.25184E-02  -6.02828E-03  -7.80708E-03  -2.27673E-03  -1.75452E-03   1.93684E-03   5.25683E-03   6.45717E-03   1.28385E-02   1.11490E-02   2.06622E-02   1.59100E-02
 3.88000E+01   1.69139E-02   1.40337E-02   2.18143E-02   1.54036E-02   2.41265E-02   1.39128E-02   2.43119E-02   1.09000E-02   2.26629E-02   7.10294E-03   1.92684E-02   2.90792E-03   1.44117E-02  -1.31337E-03   8.53234E-03  -5.22562E-03   2.17552E-03  -8.54722E-03  -4.06394E-03  -1.10623E-02  -9.60024E-03  -1.26267E-02  -1.39118E-02  -1.31683E-02  -1.65880E-02  -1.26821E-02  -1.73638E-02  -1.12214E-02  -1.61383E-02  -8.88584E-03  -1.29765E-02  -5.80807E-03  -8.09243E-03  -2.13949E-03  -1.81594E-03   1.96358E-03   5.45621E-03   6.35315E-03   1.33207E-02   1.09019E-02   2.14366E-02   1.55144E-02
 3.91000E+01   1.73829E-02   1.39561E-02   2.24479E-02   1.52648E-02   2.48568E-02   1.37173E-02   2.50736E-02   1.06650E-02   2.33938E-02   6.85245E-03   1.99057E-02   2.67122E-03   1.48998E-02  -1.50616E-03   8.82938E-03  -5.34785E-03   2.25846E-03  -8.57959E-03  -4.19677E-03  -1.09957E-02  -9.92877E-03  -1.24638E-02  -1.43959E-02  -1.29239E-02  -1.71714E-02  -1.23816E-02  -1.79791E-02  -1.08986E-02  -1.67133E-02  -8.57957E-03  -1.34403E-02  -5.55806E-03  -8.38152E-03  -1.98277E-03  -1.87839E-03   1.99601E-03   5.65768E-03   6.23848E-03   1.38083E-02   1.06262E-02   2.22201E-02   1.50719E-02
 3.94000E+01   1.78563E-02   1.38513E-02   2.30875E-02   1.50882E-02   2.55940E-02   1.34767E-02   2.58426E-02   1.03815E-02   2.41318E-02   6.55373E-03   2.05491E-02   2.39080E-03   1.53926E-02  -1.73423E-03   9.12947E-03  -5.49378E-03   2.34254E-03  -8.62204E-03  -4.33038E-03  -1.09249E-02  -1.02598E-02  -1.22833E-02  -1.48839E-02  -1.26506E-02  -1.77595E-02  -1.20446E-02  -1.85994E-02  -1.05361E-02  -1.72930E-02  -8.23513E-03  -1.39080E-02  -5.27638E-03  -8.67304E-03  -1.80536E-03  -1.94153E-03   2.03443E-03   5.86050E-03   6.11242E-03   1.42996E-02   1.03202E-02   2.30093E-02   1.45792E-02
 3.97000E+01   1.83321E-02   1.37179E-02   2.37304E-02   1.48717E-02   2.63351E-02   1.31887E-02   2.66155E-02   1.00467E-02   2.48733E-02   6.20420E-03   2.11957E-02   2.06436E-03   1.58878E-02  -1.99943E-03   9.43098E-03  -5.66460E-03   2.42711E-03  -8.67499E-03  -4.46438E-03  -1.08495E-02  -1.05919E-02  -1.20840E-02  -1.53735E-02  -1.23468E-02  -1.83495E-02  -1.16690E-02  -1.92217E-02  -1.01316E-02  -1.78745E-02  -7.85035E-03  -1.43771E-02  -4.96125E-03  -8.96551E-03  -1.60613E-03  -2.00495E-03   2.07913E-03   6.06379E-03   5.97425E-03   1.47921E-02   9.98196E-03   2.38006E-02   1.40335E-02
 4.00000E+01   1.88081E-02   1.35545E-02   2.43735E-02   1.46134E-02   2.70761E-02   1.28508E-02   2.73881E-02   9.65823E-03   2.56145E-02   5.80147E-03   2.18417E-02   1.68976E-03   1.63824E-02  -2.30344E-03   9.73204E-03  -5.86140E-03   2.51144E-03  -8.73881E-03  -4.59831E-03  -1.07692E-02  -1.09236E-02  -1.18650E-02  -1.58623E-02  -1.20109E-02  -1.89384E-02  -1.12528E-02  -1.98427E-02  -9.68283E-03  -1.84547E-02  -7.42324E-03  -1.48451E-02  -4.61106E-03  -9.25722E-03  -1.38406E-03  -2.06819E-03   2.13036E-03   6.26654E-03   5.82332E-03   1.52832E-02   9.60986E-03   2.45897E-02   1.34320E-02
 4.02000E+01   1.91243E-02   1.34283E-02   2.48005E-02   1.44171E-02   2.75681E-02   1.25969E-02   2.79010E-02   9.36842E-03   2.61063E-02   5.50239E-03   2.22702E-02   1.41233E-03   1.67103E-02  -2.52842E-03   9.93148E-03  -6.00749E-03   2.56713E-03  -8.78757E-03  -4.68730E-03  -1.07128E-02  -1.11436E-02  -1.17075E-02  -1.61863E-02  -1.17684E-02  -1.93287E-02  -1.09520E-02  -2.02541E-02  -9.35823E-03  -1.88390E-02  -7.11413E-03  -1.51551E-02  -4.35740E-03  -9.45034E-03  -1.22286E-03  -2.10999E-03   2.16825E-03   6.40087E-03   5.71531E-03   1.56085E-02   9.34225E-03   2.51122E-02   1.29989E-02
 4.05000E+01   1.95949E-02   1.32123E-02   2.54359E-02   1.40856E-02   2.82996E-02   1.21719E-02   2.86631E-02   8.88609E-03   2.68368E-02   5.00657E-03   2.29063E-02   9.53495E-04   1.71968E-02  -2.90026E-03   1.02270E-02  -6.24958E-03   2.64920E-03  -8.87023E-03  -4.81993E-03  -1.06236E-02  -1.14705E-02  -1.14535E-02  -1.66674E-02  -1.13760E-02  -1.99078E-02  -1.04645E-02  -2.08643E-02  -8.83200E-03  -1.94088E-02  -6.61278E-03  -1.56144E-02  -3.94574E-03  -9.73643E-03  -9.60767E-04  -2.17174E-03   2.23085E-03   6.60017E-03   5.54187E-03   1.60908E-02   8.91060E-03   2.58868E-02   1.22995E-02
 4.08000E+01   2.00584E-02   1.29636E-02   2.60612E-02   1.37086E-02   2.90191E-02   1.16927E-02   2.94121E-02   8.34543E-03   2.75542E-02   4.45294E-03   2.35304E-02   4.42365E-04   1.76735E-02  -3.31417E-03   1.05161E-02  -6.51972E-03   2.72868E-03  -8.96449E-03  -4.95099E-03  -1.05288E-02  -1.17919E-02  -1.11777E-02  -1.71395E-02  -1.09483E-02  -2.04756E-02  -9.93262E-03  -2.14623E-02  -8.25753E-03  -1.99668E-02  -6.06524E-03  -1.60640E-02  -3.49584E-03  -1.00162E-02  -6.73811E-04  -2.23181E-03   2.30048E-03   6.79565E-03   5.35436E-03   1.65632E-02   8.44185E-03   2.66453E-02   1.15391E-02
 4.11000E+01   2.05114E-02   1.26817E-02   2.66719E-02   1.32855E-02   2.97211E-02   1.11585E-02   3.01422E-02   7.74559E-03   2.82526E-02   3.84067E-03   2.41374E-02  -1.21786E-04   1.81365E-02  -3.77073E-03   1.07960E-02  -6.81829E-03   2.80453E-03  -9.07047E-03  -5.07980E-03  -1.04283E-02  -1.21054E-02  -1.08797E-02  -1.75992E-02  -1.04849E-02  -2.10277E-02  -9.35565E-03  -2.20431E-02  -7.63407E-03  -2.05085E-02  -5.47080E-03  -1.65000E-02  -3.00712E-03  -1.02873E-02  -3.61626E-04  -2.28955E-03   2.37722E-03   6.98586E-03   5.15256E-03   1.70220E-02   7.93539E-03   2.73816E-02   1.07167E-02
 4.14000E+01   2.09507E-02   1.23666E-02   2.72634E-02   1.28160E-02   3.04000E-02   1.05692E-02   3.08474E-02   7.08642E-03   2.89263E-02   3.16960E-03   2.47219E-02  -7.39102E-04   1.85813E-02  -4.27004E-03   1.10639E-02  -7.14532E-03   2.87568E-03  -9.18816E-03  -5.20564E-03  -1.03219E-02  -1.24087E-02  -1.05594E-02  -1.80425E-02  -9.98545E-03  -2.15593E-02  -8.73340E-03  -2.26018E-02  -6.96143E-03  -2.10289E-02  -4.82929E-03  -1.69186E-02  -2.47947E-03  -1.05470E-02  -2.41317E-05  -2.34426E-03   2.46108E-03   7.16927E-03   4.93637E-03   1.74633E-02   7.39105E-03   2.80891E-02   9.83213E-03
 4.17000E+01   2.13725E-02   1.20186E-02   2.78305E-02   1.23007E-02   3.10500E-02   9.92534E-03   3.15212E-02   6.36849E-03   2.95688E-02   2.44031E-03   2.52782E-02  -1.40906E-03   1.90035E-02  -4.81169E-03   1.13169E-02  -7.50055E-03   2.94098E-03  -9.31744E-03  -5.32778E-03  -1.02097E-02  -1.26993E-02  -1.02171E-02  -1.84656E-02  -9.45041E-03  -2.20656E-02  -8.06629E-03  -2.31329E-02  -6.24006E-03  -2.15229E-02  -4.14113E-03  -1.73153E-02  -1.91322E-03  -1.07926E-02   3.38435E-04  -2.39522E-03   2.55198E-03   7.34426E-03   4.70592E-03   1.78829E-02   6.80916E-03   2.87611E-02   8.88585E-03
 4.20000E+01   2.17733E-02   1.16384E-02   2.83683E-02   1.17407E-02   3.16648E-02   9.22820E-03   3.21572E-02   5.59321E-03   3.01738E-02   1.65418E-03   2.58005E-02  -2.13041E-03   1.93985E-02  -5.39465E-03   1.15519E-02  -7.88329E-03   2.99926E-03  -9.45803E-03  -5.44543E-03  -1.00919E-02  -1.29746E-02  -9.85312E-03  -1.88644E-02  -8.88059E-03  -2.25414E-02  -7.35537E-03  -2.36310E-02  -5.47111E-03  -2.19855E-02  -3.40742E-03  -1.76861E-02  -1.30930E-03  -1.10215E-02   7.25483E-04  -2.44169E-03   2.64977E-03   7.50918E-03   4.46155E-03   1.82764E-02   6.19062E-03   2.93906E-02   7.87935E-03
 4.23000E+01   2.21493E-02   1.12273E-02   2.88716E-02   1.11377E-02   3.22385E-02   8.47994E-03   3.27488E-02   4.76289E-03   3.07349E-02   8.13507E-04   2.62832E-02  -2.90109E-03   1.97616E-02  -6.01730E-03   1.17659E-02  -8.29246E-03   3.04937E-03  -9.60950E-03  -5.55782E-03  -9.96874E-03  -1.32319E-02  -9.46848E-03  -1.92347E-02  -8.27739E-03  -2.29815E-02  -6.60241E-03  -2.40906E-02  -4.65649E-03  -2.24111E-02  -2.63000E-03  -1.80264E-02  -6.69202E-04  -1.12307E-02   1.13604E-03  -2.48290E-03   2.75417E-03   7.66235E-03   4.20381E-03   1.86396E-02   5.53688E-03   2.99705E-02   6.81503E-03
 4.26000E+01   2.24968E-02   1.07873E-02   2.93352E-02   1.04944E-02   3.27650E-02   7.68361E-03   3.32895E-02   3.88078E-03   3.12455E-02  -7.85100E-05   2.67202E-02  -3.71821E-03   2.00883E-02  -6.67732E-03   1.19560E-02  -8.72656E-03   3.09013E-03  -9.77126E-03  -5.66418E-03  -9.84052E-03  -1.34687E-02  -9.06440E-03  -1.95726E-02  -7.64281E-03  -2.33810E-02  -5.80990E-03  -2.45060E-02  -3.79890E-03  -2.27947E-02  -1.81144E-03  -1.83320E-02   4.94329E-06  -1.14176E-02   1.56873E-03  -2.51814E-03   2.86481E-03   7.80213E-03   3.93353E-03   1.89683E-02   4.85005E-03   3.04939E-02   5.69633E-03
 4.29000E+01   2.28124E-02   1.03206E-02   2.97543E-02   9.81398E-03   3.32384E-02   6.84311E-03   3.37732E-02   2.95109E-03   3.16995E-02  -1.01772E-03   2.71063E-02  -4.57806E-03   2.03741E-02  -7.37174E-03   1.21191E-02  -9.18362E-03   3.12044E-03  -9.94256E-03  -5.76378E-03  -9.70775E-03  -1.36826E-02  -8.64254E-03  -1.98740E-02  -6.97947E-03  -2.37350E-02  -4.98111E-03  -2.48723E-02  -2.90186E-03  -2.31313E-02  -9.55076E-04  -1.85989E-02   7.10382E-04  -1.15794E-02   2.02178E-03  -2.54668E-03   2.98121E-03   7.92694E-03   3.65174E-03   1.92583E-02   4.13285E-03   3.09542E-02   4.52770E-03
 4.32000E+01   2.30927E-02   9.83030E-03   3.01243E-02   9.10057E-03   3.36535E-02   5.96325E-03   3.41940E-02   1.97896E-03   3.20914E-02  -1.99905E-03   2.74363E-02  -5.47605E-03   2.06150E-02  -8.09693E-03   1.22528E-02  -9.66128E-03   3.13927E-03  -1.01225E-02  -5.85594E-03  -9.57105E-03  -1.38712E-02  -8.20493E-03  -2.01355E-02  -6.29054E-03  -2.40389E-02  -4.12001E-03  -2.51844E-02  -1.96967E-03  -2.34162E-02  -6.50179E-05  -1.88231E-02   1.44374E-03  -1.17138E-02   2.49302E-03  -2.56788E-03   3.10280E-03   8.03531E-03   3.35976E-03   1.95059E-02   3.38862E-03   3.13450E-02   3.31459E-03
 4.36000E+01   2.34068E-02   9.14561E-03   3.05346E-02   8.10627E-03   3.41079E-02   4.73870E-03   3.46486E-02   6.27299E-04   3.25084E-02  -3.36262E-03   2.77810E-02  -6.72341E-03   2.08600E-02  -9.10427E-03   1.23808E-02  -1.03253E-02   3.14493E-03  -1.03739E-02  -5.96620E-03  -9.38389E-03  -1.40800E-02  -7.60108E-03  -2.04165E-02  -5.33875E-03  -2.43595E-02  -2.92980E-03  -2.55088E-02  -6.80878E-04  -2.37086E-02   1.16574E-03  -1.90500E-02   2.45807E-03  -1.18464E-02   3.14517E-03  -2.58369E-03   3.27178E-03   8.15199E-03   2.95722E-03   1.97642E-02   2.36113E-03   3.17488E-02   1.63917E-03
 4.39000E+01   2.35944E-02   8.61400E-03   3.07756E-02   7.33531E-03   3.43693E-02   3.79011E-03   3.49041E-02  -4.19071E-04   3.27366E-02  -4.41779E-03   2.79633E-02  -7.68848E-03   2.09828E-02  -9.88374E-03   1.24368E-02  -1.08396E-02   3.13359E-03  -1.05695E-02  -6.03879E-03  -9.24093E-03  -1.42023E-02  -7.13648E-03  -2.05730E-02  -4.60558E-03  -2.45321E-02  -2.01256E-03  -2.56788E-02   3.12571E-04  -2.38579E-02   2.11465E-03  -1.91624E-02   3.24029E-03  -1.19086E-02   3.64836E-03  -2.58558E-03   3.40266E-03   8.21724E-03   2.64768E-03   1.99005E-02   1.56999E-03   3.19576E-02   3.48711E-04
 4.42000E+01   2.37389E-02   8.07170E-03   3.09565E-02   6.54938E-03   3.45593E-02   2.82357E-03   3.50827E-02  -1.48493E-03   3.28888E-02  -5.49246E-03   2.80770E-02  -8.67137E-03   2.10507E-02  -1.06778E-02   1.24566E-02  -1.13638E-02   3.10824E-03  -1.07697E-02  -6.10231E-03  -9.09676E-03  -1.42939E-02  -6.66519E-03  -2.06807E-02  -3.86113E-03  -2.46438E-02  -1.08085E-03  -2.57828E-02   1.32193E-03  -2.39441E-02   3.07892E-03  -1.92229E-02   4.03535E-03  -1.19373E-02   4.16002E-03  -2.57851E-03   3.53612E-03   8.26249E-03   2.33375E-03   1.99851E-02   7.66796E-04   3.20820E-02  -9.61752E-04
 4.45000E+01   2.38391E-02   7.52330E-03   3.10759E-02   5.75486E-03   3.46760E-02   1.84665E-03   3.51825E-02  -2.56216E-03   3.29629E-02  -6.57860E-03   2.81203E-02  -9.66488E-03   2.10622E-02  -1.14806E-02   1.24394E-02  -1.18943E-02   3.06848E-03  -1.09729E-02  -6.15652E-03  -8.95234E-03  -1.43538E-02  -6.19044E-03  -2.07384E-02  -3.11048E-03  -2.46929E-02  -1.40979E-04  -2.58191E-02   2.34038E-03  -2.39658E-02   4.05207E-03  -1.92301E-02   4.83790E-03  -1.19317E-02   4.67671E-03  -2.56223E-03   3.67127E-03   8.28722E-03   2.01747E-03   2.00167E-02  -4.31473E-05   3.21197E-02  -2.28354E-03
 4.48000E+01   2.38945E-02   6.97356E-03   3.11329E-02   4.95836E-03   3.47184E-02   8.67178E-04   3.52023E-02  -3.64237E-03   3.29579E-02  -7.66794E-03   2.80923E-02  -1.06616E-02   2.10167E-02  -1.22864E-02   1.23847E-02  -1.24271E-02   3.01411E-03  -1.11778E-02  -6.20133E-03  -8.80870E-03  -1.43819E-02  -5.71556E-03  -2.07455E-02  -2.35887E-03  -2.46786E-02   8.00514E-04  -2.57868E-02   3.36087E-03  -2.39220E-02   5.02738E-03  -1.91833E-02   5.64243E-03  -1.18912E-02   5.19489E-03  -2.53661E-03   3.80714E-03   8.29119E-03   1.70100E-03   1.99946E-02  -8.54350E-04   3.20697E-02  -3.60770E-03
 4.52000E+01   2.38990E-02   6.24675E-03   3.11123E-02   3.90477E-03   3.46601E-02  -4.29127E-04   3.51052E-02  -5.07266E-03   3.28288E-02  -9.11098E-03   2.79444E-02  -1.19825E-02   2.08675E-02  -1.33550E-02   1.22536E-02  -1.31345E-02   2.91896E-03  -1.14510E-02  -6.24659E-03  -8.62011E-03  -1.43698E-02  -5.08798E-03  -2.06766E-02  -1.36436E-03  -2.45615E-02   2.04700E-03  -2.56377E-02   4.71244E-03  -2.37623E-02   6.31949E-03  -1.90374E-02   6.70859E-03  -1.17833E-02   5.88190E-03  -2.48798E-03   3.98780E-03   8.26435E-03   1.28242E-03   1.98822E-02  -1.92836E-03   3.18672E-02  -5.36132E-03
 4.55000E+01   2.38516E-02   5.71236E-03   3.10262E-02   3.12931E-03   3.45320E-02  -1.38412E-03   3.49416E-02  -6.12719E-03   3.26422E-02  -1.01756E-02   2.77525E-02  -1.29578E-02   2.06908E-02  -1.41445E-02   1.21125E-02  -1.36579E-02   2.83092E-03  -1.16539E-02  -6.26993E-03  -8.48216E-03  -1.43245E-02  -4.62574E-03  -2.05674E-02  -6.30883E-04  -2.44018E-02   2.96688E-03  -2.54479E-02   5.71030E-03  -2.35682E-02   7.27376E-03  -1.88666E-02   7.49625E-03  -1.16627E-02   6.38971E-03  -2.44085E-03   4.12172E-03   8.22064E-03   9.73745E-04   1.97369E-02  -2.72117E-03   3.16155E-02  -6.65614E-03
 4.58000E+01   2.37623E-02   5.19209E-03   3.08817E-02   2.37334E-03   3.43347E-02  -2.31619E-03   3.47034E-02  -7.15738E-03   3.23817E-02  -1.12166E-02   2.74938E-02  -1.39120E-02   2.04606E-02  -1.49177E-02   1.19362E-02  -1.41710E-02   2.72908E-03  -1.18537E-02  -6.28460E-03  -8.34825E-03  -1.42494E-02  -4.17420E-03  -2.04109E-02   8.64920E-05  -2.41827E-02   3.86714E-03  -2.51939E-02   6.68726E-03  -2.33127E-02   8.20836E-03  -1.86453E-02   8.26791E-03  -1.15095E-02   6.88744E-03  -2.38492E-03   4.25329E-03   8.15753E-03   6.71806E-04   1.95413E-02  -3.49737E-03   3.12817E-02  -7.92415E-03
 4.61000E+01   2.36334E-02   4.69007E-03   3.06821E-02   1.64257E-03   3.40716E-02  -3.21857E-03   3.43944E-02  -8.15599E-03   3.20510E-02  -1.22266E-02   2.71718E-02  -1.48388E-02   2.01796E-02  -1.56693E-02   1.17263E-02  -1.46705E-02   2.61410E-03  -1.20490E-02  -6.29109E-03  -8.21926E-03  -1.41460E-02  -3.73624E-03  -2.02094E-02   7.83239E-04  -2.39074E-02   4.74212E-03  -2.48790E-02   7.63724E-03  -2.29990E-02   9.11748E-03  -1.83758E-02   9.01881E-03  -1.13252E-02   7.37200E-03  -2.32061E-03   4.38171E-03   8.07599E-03   3.78441E-04   1.92980E-02  -4.25224E-03   3.08698E-02  -9.15760E-03
 4.65000E+01   2.34046E-02   4.05539E-03   3.03367E-02   7.16200E-04   3.36262E-02  -4.36514E-03   3.38805E-02  -9.42717E-03   3.15091E-02  -1.35144E-02   2.66511E-02  -1.60220E-02   1.97318E-02  -1.66303E-02   1.13982E-02  -1.53103E-02   2.44171E-03  -1.23005E-02  -6.28809E-03  -8.05625E-03  -1.39676E-02  -3.17786E-03  -1.98762E-02   1.67317E-03  -2.34593E-02   5.86073E-03  -2.43712E-02   8.85251E-03  -2.24966E-02   1.02811E-02  -1.79472E-02   9.98034E-03  -1.10347E-02   7.99289E-03  -2.22270E-03   4.54676E-03   7.94075E-03   3.45954E-06   1.89049E-02  -5.21821E-03   3.02079E-02  -1.07365E-02
 4.68000E+01   2.31944E-02   3.60948E-03   3.00237E-02   6.30701E-05   3.32280E-02  -5.17590E-03   3.34258E-02  -1.03281E-02   3.10339E-02  -1.44288E-02   2.61985E-02  -1.68636E-02   1.93459E-02  -1.73149E-02   1.11191E-02  -1.57671E-02   2.29931E-03  -1.24812E-02  -6.27800E-03  -7.94158E-03  -1.38062E-02  -2.78109E-03  -1.95823E-02   2.30683E-03  -2.30679E-02   6.65808E-03  -2.39305E-02   9.71940E-03  -2.20626E-02   1.11116E-02  -1.75783E-02   1.06670E-02  -1.07861E-02   8.43661E-03  -2.14094E-03   4.66511E-03   7.82127E-03  -2.63822E-04   1.85631E-02  -5.90761E-03   2.96347E-02  -1.18637E-02
 4.71000E+01   2.29549E-02   3.19225E-03   2.96700E-02  -5.50379E-04   3.27810E-02  -5.93979E-03   3.29185E-02  -1.11791E-02   3.05065E-02  -1.52941E-02   2.56985E-02  -1.76614E-02   1.89221E-02  -1.79651E-02   1.08148E-02  -1.62018E-02   2.14684E-03  -1.26541E-02  -6.26206E-03  -7.83402E-03  -1.36238E-02  -2.40520E-03  -1.92549E-02   2.90837E-03  -2.26345E-02   7.41583E-03  -2.34440E-02   1.05439E-02  -2.15848E-02   1.19019E-02  -1.71733E-02   1.13208E-02  -1.05141E-02   8.85937E-03  -2.05278E-03   4.77822E-03   7.68803E-03  -5.17861E-04   1.81855E-02  -6.56363E-03   2.90028E-02  -1.29367E-02
 4.75000E+01   2.25963E-02   2.68390E-03   2.91436E-02  -1.30190E-03   3.21196E-02  -6.87986E-03   3.21714E-02  -1.22300E-02   2.97330E-02  -1.63658E-02   2.49681E-02  -1.86518E-02   1.83055E-02  -1.87741E-02   1.03748E-02  -1.67444E-02   1.92973E-03  -1.28716E-02  -6.23309E-03  -7.70235E-03  -1.33527E-02  -1.93883E-03  -1.87734E-02   3.65675E-03  -2.19999E-02   8.35994E-03  -2.27337E-02   1.15721E-02  -2.08886E-02   1.28884E-02  -1.65844E-02   1.21374E-02  -1.01197E-02   9.38793E-03  -1.92648E-03   4.92022E-03   7.49186E-03  -8.34477E-04   1.76337E-02  -7.38252E-03   2.80809E-02  -1.42767E-02
 4.78000E+01   2.23029E-02   2.34039E-03   2.87144E-02  -1.81327E-03   3.15825E-02  -7.52314E-03   3.15666E-02  -1.29522E-02   2.91085E-02  -1.71049E-02   2.43799E-02  -1.93369E-02   1.78105E-02  -1.93352E-02   1.00231E-02  -1.71221E-02   1.75799E-03  -1.30244E-02  -6.20667E-03  -7.61278E-03  -1.31317E-02  -1.61640E-03  -1.83838E-02   4.17585E-03  -2.14880E-02   9.01593E-03  -2.21618E-02   1.22874E-02  -2.03289E-02   1.35752E-02  -1.61115E-02   1.27065E-02  -9.80366E-03   9.75667E-03  -1.82612E-03   5.01975E-03   7.33303E-03  -1.05458E-03   1.71891E-02  -7.95281E-03   2.73391E-02  -1.52103E-02
 4.82000E+01   2.18859E-02   1.93419E-03   2.81063E-02  -2.42335E-03   3.08231E-02  -8.29606E-03   3.07132E-02  -1.38246E-02   2.82289E-02  -1.80014E-02   2.35529E-02  -2.01709E-02   1.71157E-02  -2.00207E-02   9.53067E-03  -1.75853E-02   1.51922E-03  -1.32137E-02  -6.16675E-03  -7.50588E-03  -1.28185E-02  -1.22395E-03  -1.78342E-02   4.81012E-03  -2.07672E-02   9.81910E-03  -2.13576E-02   1.31644E-02  -1.95424E-02   1.44184E-02  -1.54476E-02   1.34058E-02  -9.36046E-03   1.02103E-02  -1.68616E-03   5.14285E-03   7.10882E-03  -1.32424E-03   1.65635E-02  -8.65299E-03   2.62961E-02  -1.63573E-02
 4.85000E+01   2.15586E-02   1.66870E-03   2.76296E-02  -2.82668E-03   3.02288E-02  -8.81166E-03   3.00461E-02  -1.44105E-02   2.75421E-02  -1.86067E-02   2.29078E-02  -2.07364E-02   1.65743E-02  -2.04875E-02   9.14755E-03  -1.79023E-02   1.33419E-03  -1.33449E-02  -6.13433E-03  -7.43513E-03  -1.25731E-02  -9.57900E-04  -1.74045E-02   5.24211E-03  -2.02044E-02   1.03675E-02  -2.07299E-02   1.37643E-02  -1.89290E-02   1.49958E-02  -1.49300E-02   1.38853E-02  -9.01516E-03   1.05218E-02  -1.57747E-03   5.22792E-03   6.93343E-03  -1.50852E-03   1.60751E-02  -9.13265E-03   2.54822E-02  -1.71436E-02
 4.89000E+01   2.11091E-02   1.36644E-03   2.69757E-02  -3.29283E-03   2.94140E-02  -9.41447E-03   2.91321E-02  -1.51013E-02   2.66012E-02  -1.93249E-02   2.20244E-02  -2.14111E-02   1.58332E-02  -2.10472E-02   8.62342E-03  -1.82847E-02   1.08145E-03  -1.35054E-02  -6.08924E-03  -7.35324E-03  -1.22363E-02  -6.40513E-04  -1.68155E-02   5.76040E-03  -1.94331E-02   1.10274E-02  -1.98700E-02   1.44876E-02  -1.80886E-02   1.56932E-02  -1.42211E-02   1.44652E-02  -8.54229E-03   1.08992E-02  -1.42881E-03   5.33173E-03   6.69287E-03  -1.73051E-03   1.54057E-02  -9.71215E-03   2.43667E-02  -1.80943E-02
 4.92000E+01   2.07663E-02   1.17769E-03   2.64771E-02  -3.58990E-03   2.87928E-02  -9.80449E-03   2.84351E-02  -1.55531E-02   2.58839E-02  -1.97986E-02   2.13507E-02  -2.18591E-02   1.52680E-02  -2.14211E-02   8.22359E-03  -1.85420E-02   8.88570E-04  -1.36153E-02  -6.05493E-03  -7.30095E-03  -1.19794E-02  -4.29855E-04  -1.63661E-02   6.10679E-03  -1.88445E-02   1.14700E-02  -1.92137E-02   1.49739E-02  -1.74471E-02   1.61630E-02  -1.36798E-02   1.48566E-02  -8.18128E-03   1.11545E-02  -1.31530E-03   5.40255E-03   6.50922E-03  -1.87961E-03   1.48946E-02  -1.01028E-02   2.35150E-02  -1.87357E-02
 4.96000E+01   2.03070E-02   9.74715E-04   2.58088E-02  -3.91856E-03   2.79597E-02  -1.02448E-02   2.75001E-02  -1.60705E-02   2.49209E-02  -2.03466E-02   2.04459E-02  -2.23817E-02   1.45084E-02  -2.18607E-02   7.68576E-03  -1.88472E-02   6.28543E-04  -1.37483E-02  -6.00974E-03  -7.24295E-03  -1.16349E-02  -1.84128E-04  -1.57627E-02   6.51435E-03  -1.80536E-02   1.19931E-02  -1.83314E-02   1.55504E-02  -1.65844E-02   1.67211E-02  -1.29517E-02   1.53225E-02  -7.69540E-03   1.14591E-02  -1.16226E-03   5.48794E-03   6.26249E-03  -2.05609E-03   1.42073E-02  -1.05671E-02   2.23694E-02  -1.94991E-02
 4.99000E+01   1.99641E-02   8.57392E-04   2.53094E-02  -4.11674E-03   2.73367E-02  -1.05180E-02   2.68002E-02  -1.63976E-02   2.41995E-02  -2.06978E-02   1.97675E-02  -2.27203E-02   1.39382E-02  -2.21482E-02   7.28143E-03  -1.90490E-02   4.32330E-04  -1.38385E-02  -5.97701E-03  -7.20787E-03  -1.13775E-02  -2.50298E-05  -1.53105E-02   6.78111E-03  -1.74603E-02   1.23374E-02  -1.76690E-02   1.59311E-02  -1.59364E-02   1.70909E-02  -1.24045E-02   1.56319E-02  -7.32996E-03   1.16620E-02  -1.04684E-03   5.54552E-03   6.07750E-03  -2.17245E-03   1.36911E-02  -1.08748E-02   2.15087E-02  -2.00058E-02
 5.03000E+01   1.95132E-02   7.44766E-04   2.46520E-02  -4.32033E-03   2.65153E-02  -1.08106E-02   2.58762E-02  -1.67572E-02   2.32459E-02  -2.10911E-02   1.88694E-02  -2.31048E-02   1.31823E-02  -2.24787E-02   6.74430E-03  -1.92842E-02   1.70319E-04  -1.39466E-02  -5.93584E-03  -7.17170E-03  -1.10383E-02   1.55463E-04  -1.47128E-02   7.08796E-03  -1.66747E-02   1.27361E-02  -1.67910E-02   1.63742E-02  -1.50767E-02   1.75225E-02  -1.16780E-02   1.59942E-02  -6.84435E-03   1.19005E-02  -8.92857E-04   5.61421E-03   5.83279E-03  -2.30752E-03   1.30067E-02  -1.12344E-02   2.03670E-02  -2.05988E-02
 5.07000E+01   1.90734E-02   6.78790E-04   2.40095E-02  -4.45936E-03   2.57110E-02  -1.10269E-02   2.49696E-02  -1.70355E-02   2.23085E-02  -2.14046E-02   1.79850E-02  -2.34181E-02   1.24363E-02  -2.27531E-02   6.21257E-03  -1.94833E-02  -9.10065E-05  -1.40420E-02  -5.89844E-03  -7.14688E-03  -1.07066E-02   3.02237E-04  -1.41252E-02   7.34280E-03  -1.59007E-02   1.30706E-02  -1.59248E-02   1.67483E-02  -1.42276E-02   1.78889E-02  -1.09597E-02   1.63031E-02  -6.36352E-03   1.21049E-02  -7.39510E-04   5.67431E-03   5.59209E-03  -2.42121E-03   1.23313E-02  -1.15399E-02   1.92392E-02  -2.11040E-02
 5.10000E+01   1.87530E-02   6.57587E-04   2.35406E-02  -4.52451E-03   2.51225E-02  -1.11429E-02   2.43049E-02  -1.71949E-02   2.16198E-02  -2.15914E-02   1.73340E-02  -2.36099E-02   1.18859E-02  -2.29248E-02   5.81901E-03  -1.96109E-02  -2.85939E-04  -1.41059E-02  -5.87336E-03  -7.13518E-03  -1.04643E-02   3.91858E-04  -1.36936E-02   7.50241E-03  -1.53308E-02   1.32826E-02  -1.52860E-02   1.69872E-02  -1.36008E-02   1.81242E-02  -1.04288E-02   1.65024E-02  -6.00759E-03   1.22375E-02  -6.25316E-04   5.71419E-03   5.41516E-03  -2.49351E-03   1.18331E-02  -1.17363E-02   1.84065E-02  -2.14296E-02
 5.14000E+01   1.83408E-02   6.63863E-04   2.29357E-02  -4.56357E-03   2.43614E-02  -1.12413E-02   2.34430E-02  -1.73474E-02   2.07248E-02  -2.17815E-02   1.64860E-02  -2.38131E-02   1.11670E-02  -2.31124E-02   5.30304E-03  -1.97545E-02  -5.43797E-04  -1.41818E-02  -5.84445E-03  -7.12809E-03  -1.01515E-02   4.86329E-04  -1.31328E-02   7.67671E-03  -1.45883E-02   1.35177E-02  -1.44522E-02   1.72549E-02  -1.27813E-02   1.83897E-02  -9.73392E-03   1.67287E-02  -5.54095E-03   1.23892E-02  -4.74558E-04   5.76107E-03   5.18512E-03  -2.57405E-03   1.11825E-02  -1.19581E-02   1.73182E-02  -2.17988E-02
 5.18000E+01   1.79479E-02   7.06053E-04   2.23571E-02  -4.55297E-03   2.36305E-02  -1.12810E-02   2.26126E-02  -1.74374E-02   1.98599E-02  -2.19104E-02   1.56638E-02  -2.39618E-02   1.04677E-02  -2.32570E-02   4.79868E-03  -1.98706E-02  -7.98767E-04  -1.42481E-02  -5.82122E-03  -7.12990E-03  -9.85203E-03   5.54746E-04  -1.25911E-02   7.81096E-03  -1.38683E-02   1.37036E-02  -1.36418E-02   1.74697E-02  -1.19835E-02   1.86052E-02  -9.05620E-03   1.69141E-02  -5.08481E-03   1.25149E-02  -3.25874E-04   5.80142E-03   4.96268E-03  -2.63810E-03   1.05500E-02  -1.21384E-02   1.62587E-02  -2.21004E-02
 5.21000E+01   1.76669E-02   7.58987E-04   2.19418E-02  -4.51559E-03   2.31040E-02  -1.12761E-02   2.20123E-02  -1.74679E-02   1.92326E-02  -2.19709E-02   1.50658E-02  -2.40410E-02   9.95729E-03  -2.33401E-02   4.42879E-03  -1.99415E-02  -9.87844E-04  -1.42922E-02  -5.80780E-03  -7.13660E-03  -9.63682E-03   5.90586E-04  -1.21984E-02   7.88791E-03  -1.33445E-02   1.38137E-02  -1.30508E-02   1.75994E-02  -1.14006E-02   1.87371E-02  -8.56030E-03   1.70288E-02  -4.75031E-03   1.25936E-02  -2.15890E-04   5.82784E-03   4.80130E-03  -2.67635E-03   1.00885E-02  -1.22489E-02   1.54847E-02  -2.22866E-02
 5.25000E+01   1.73114E-02   8.55056E-04   2.14142E-02  -4.43052E-03   2.24323E-02  -1.12280E-02   2.12436E-02  -1.74644E-02   1.84265E-02  -2.20083E-02   1.42946E-02  -2.41081E-02   9.29658E-03  -2.34206E-02   3.94748E-03  -2.00167E-02  -1.23686E-03  -1.43445E-02  -5.79549E-03  -7.15198E-03  -9.36315E-03   6.19813E-04  -1.16941E-02   7.96207E-03  -1.26689E-02   1.39255E-02  -1.22867E-02   1.77350E-02  -1.06455E-02   1.88775E-02  -7.91662E-03   1.71529E-02  -4.31509E-03   1.26802E-02  -7.14298E-05   5.85850E-03   4.59384E-03  -2.71562E-03   9.49165E-03  -1.23669E-02   1.44821E-02  -2.24870E-02
 5.29000E+01   1.69786E-02   9.77134E-04   2.09177E-02  -4.30952E-03   2.17964E-02  -1.11376E-02   2.05123E-02  -1.74159E-02   1.76563E-02  -2.20017E-02   1.35545E-02  -2.41361E-02   8.65935E-03  -2.34703E-02   3.48021E-03  -2.00724E-02  -1.48223E-03  -1.43900E-02  -5.78980E-03  -7.17401E-03  -9.10520E-03   6.30058E-04  -1.12125E-02   8.00721E-03  -1.20204E-02   1.40016E-02  -1.15506E-02   1.78323E-02  -9.91635E-03   1.89818E-02  -7.29369E-03   1.72474E-02  -3.89262E-03   1.27480E-02   7.04451E-05   5.88452E-03   4.39549E-03  -2.74290E-03   8.91648E-03  -1.24547E-02   1.35142E-02  -2.26386E-02
 5.33000E+01   1.66690E-02   1.12204E-03   2.04528E-02  -4.15700E-03   2.11972E-02  -1.10101E-02   1.98191E-02  -1.73279E-02   1.69225E-02  -2.19565E-02   1.28459E-02  -2.41298E-02   8.04603E-03  -2.34932E-02   3.02721E-03  -2.01110E-02  -1.72392E-03  -1.44299E-02  -5.79089E-03  -7.20197E-03  -8.86330E-03   6.23590E-04  -1.07541E-02   8.02685E-03  -1.13994E-02   1.40465E-02  -1.08433E-02   1.78962E-02  -9.21369E-03   1.90545E-02  -6.69187E-03   1.73161E-02  -3.48311E-03   1.27993E-02   2.09710E-04   5.90651E-03   4.20644E-03  -2.75965E-03   8.36343E-03  -1.25161E-02   1.25816E-02  -2.27473E-02
 5.37000E+01   1.63827E-02   1.28687E-03   2.00197E-02  -3.97701E-03   2.06348E-02  -1.08503E-02   1.91643E-02  -1.72056E-02   1.62253E-02  -2.18779E-02   1.21689E-02  -2.40938E-02   7.45666E-03  -2.34928E-02   2.58846E-03  -2.01349E-02  -1.96201E-03  -1.44649E-02  -5.79887E-03  -7.23518E-03  -8.63756E-03   6.02497E-04  -1.03190E-02   8.02424E-03  -1.08060E-02   1.40640E-02  -1.01647E-02   1.79309E-02  -8.53753E-03   1.90995E-02  -6.11115E-03   1.73622E-02  -3.08654E-03   1.28364E-02   3.46405E-04   5.92503E-03   4.02674E-03  -2.76718E-03   7.83255E-03  -1.25545E-02   1.16843E-02  -2.28187E-02
 5.41000E+01   1.61196E-02   1.46895E-03   1.96183E-02  -3.77324E-03   2.01090E-02  -1.06626E-02   1.85476E-02  -1.70537E-02   1.55645E-02  -2.17703E-02   1.15234E-02  -2.40322E-02   6.89094E-03  -2.34724E-02   2.16372E-03  -2.01462E-02  -2.19665E-03  -1.44958E-02  -5.81380E-03  -7.27302E-03  -8.42793E-03   5.68680E-04  -9.90709E-03   8.00232E-03  -1.02400E-02   1.40579E-02  -9.51457E-03   1.79403E-02  -7.88754E-03   1.91207E-02  -5.55124E-03   1.73889E-02  -2.70269E-03   1.28611E-02   4.80618E-04   5.94055E-03   3.85631E-03  -2.76670E-03   7.32358E-03  -1.25729E-02   1.08220E-02  -2.28577E-02
 5.44000E+01   1.59374E-02   1.61537E-03   1.93378E-02  -3.60681E-03   1.97384E-02  -1.05058E-02   1.81098E-02  -1.69228E-02   1.50923E-02  -2.16731E-02   1.10595E-02  -2.39713E-02   6.48188E-03  -2.34457E-02   1.85414E-03  -2.01476E-02  -2.37050E-03  -1.45166E-02  -5.82955E-03  -7.30410E-03  -8.28116E-03   5.36009E-04  -9.61310E-03   7.97483E-03  -9.83316E-03   1.40398E-02  -9.04523E-03   1.79330E-02  -7.41687E-03   1.91230E-02  -5.14465E-03   1.73978E-02  -2.42294E-03   1.28726E-02   5.79726E-04   5.95050E-03   3.73448E-03  -2.76175E-03   6.95595E-03  -1.25752E-02   1.01978E-02  -2.28684E-02
 5.48000E+01   1.57142E-02   1.82201E-03   1.89908E-02  -3.36923E-03   1.92753E-02  -1.02784E-02   1.75582E-02  -1.67289E-02   1.44935E-02  -2.15246E-02   1.04672E-02  -2.38735E-02   5.95620E-03  -2.33970E-02   1.45291E-03  -2.01411E-02  -2.59965E-03  -1.45419E-02  -5.85664E-03  -7.34872E-03  -8.09918E-03   4.83965E-04  -9.24063E-03   7.92538E-03  -9.31368E-03   1.39999E-02  -8.44321E-03   1.79065E-02  -6.81109E-03   1.91103E-02  -4.61977E-03   1.73968E-02  -2.06041E-03   1.28798E-02   7.09926E-04   5.96184E-03   3.57986E-03  -2.74981E-03   6.48408E-03  -1.25651E-02   9.39447E-03  -2.28612E-02
 5.52000E+01   1.55132E-02   2.03987E-03   1.86738E-02  -3.11621E-03   1.88468E-02  -1.00329E-02   1.70425E-02  -1.65158E-02   1.39286E-02  -2.13576E-02   9.90421E-03  -2.37592E-02   5.45235E-03  -2.33356E-02   1.06437E-03  -2.01268E-02  -2.82605E-03  -1.45647E-02  -5.89064E-03  -7.39653E-03  -7.93255E-03   4.23522E-04  -8.88989E-03   7.86331E-03  -8.81967E-03   1.39447E-02  -7.86743E-03   1.78636E-02  -6.22934E-03   1.90821E-02  -4.11387E-03   1.73832E-02  -1.70935E-03   1.28790E-02   8.38068E-04   5.97128E-03   3.43393E-03  -2.73260E-03   6.03243E-03  -1.25419E-02   8.62325E-03  -2.28329E-02
 5.56000E+01   1.53337E-02   2.26718E-03   1.83861E-02  -2.85022E-03   1.84520E-02  -9.77231E-03   1.65616E-02  -1.62868E-02   1.33968E-02  -2.11750E-02   9.36931E-03  -2.36313E-02   4.96940E-03  -2.32636E-02   6.87838E-04  -2.01059E-02  -3.05001E-03  -1.45855E-02  -5.93150E-03  -7.44710E-03  -7.78084E-03   3.55957E-04  -8.56014E-03   7.79057E-03  -8.35017E-03   1.38765E-02  -7.31684E-03   1.78068E-02  -5.67055E-03   1.90408E-02  -3.62603E-03   1.73590E-02  -1.36916E-03   1.28715E-02   9.64348E-04   5.97915E-03   3.29639E-03  -2.71092E-03   5.60016E-03  -1.25076E-02   7.88268E-03  -2.27867E-02
 5.60000E+01   1.51751E-02   2.50237E-03   1.81268E-02  -2.57343E-03   1.80897E-02  -9.49908E-03   1.61142E-02  -1.60444E-02   1.28965E-02  -2.09795E-02   8.86137E-03  -2.34921E-02   4.50636E-03  -2.31829E-02   3.22636E-04  -2.00796E-02  -3.27189E-03  -1.46048E-02  -5.97916E-03  -7.50004E-03  -7.64363E-03   2.82402E-04  -8.25061E-03   7.70890E-03  -7.90415E-03   1.37974E-02  -6.79027E-03   1.77384E-02  -5.13359E-03   1.89886E-02  -3.15529E-03   1.73258E-02  -1.03919E-03   1.28584E-02   1.08897E-03   5.98571E-03   3.16692E-03  -2.68547E-03   5.18634E-03  -1.24641E-02   7.17125E-03  -2.27254E-02
 5.64000E+01   1.50367E-02   2.74403E-03   1.78949E-02  -2.28778E-03   1.77588E-02  -9.21553E-03   1.56991E-02  -1.57913E-02   1.24266E-02  -2.07736E-02   8.37915E-03  -2.33437E-02   4.06222E-03  -2.30950E-02  -3.19689E-05  -2.00490E-02  -3.49202E-03  -1.46228E-02  -6.03358E-03  -7.55499E-03  -7.52043E-03   2.03865E-04  -7.96047E-03   7.61982E-03  -7.48053E-03   1.37093E-02  -6.28650E-03   1.76605E-02  -4.61727E-03   1.89274E-02  -2.70065E-03   1.72853E-02  -7.18755E-04   1.28405E-02   1.21216E-03   5.99120E-03   3.04518E-03  -2.65688E-03   4.79003E-03  -1.24128E-02   6.48735E-03  -2.26517E-02
 5.68000E+01   1.49179E-02   2.99095E-03   1.76895E-02  -1.99496E-03   1.74581E-02  -8.92365E-03   1.53149E-02  -1.55294E-02   1.19857E-02  -2.05593E-02   7.92140E-03  -2.31878E-02   3.63593E-03  -2.30015E-02  -3.76716E-04  -2.00149E-02  -3.71077E-03  -1.46400E-02  -6.09468E-03  -7.61162E-03  -7.41077E-03   1.21237E-04  -7.68889E-03   7.52468E-03  -7.07820E-03   1.36139E-02  -5.80431E-03   1.75747E-02  -4.12037E-03   1.88587E-02  -2.26107E-03   1.72387E-02  -4.07175E-04   1.28189E-02   1.33414E-03   5.99579E-03   2.93083E-03  -2.62570E-03   4.41027E-03  -1.23551E-02   5.82938E-03  -2.25676E-02
 5.73000E+01   1.47958E-02   3.30534E-03   1.74684E-02  -1.62113E-03   1.71228E-02  -8.54977E-03   1.48763E-02  -1.51925E-02   1.14734E-02  -2.02823E-02   7.38175E-03  -2.29851E-02   3.12656E-03  -2.28785E-02  -7.94921E-04  -1.99686E-02  -3.98281E-03  -1.46605E-02  -6.18037E-03  -7.68431E-03  -7.29203E-03   1.33949E-05  -7.37422E-03   7.39903E-03  -6.60354E-03   1.34863E-02  -5.23002E-03   1.74587E-02  -3.52471E-03   1.87646E-02  -1.73121E-03   1.71737E-02  -2.90920E-05   1.27876E-02   1.48523E-03   6.00055E-03   2.79776E-03  -2.58381E-03   3.95734E-03  -1.22758E-02   5.04088E-03  -2.24508E-02
 5.77000E+01   1.47185E-02   3.56028E-03   1.73189E-02  -1.31740E-03   1.68858E-02  -8.24530E-03   1.45571E-02  -1.49175E-02   1.10929E-02  -2.00553E-02   6.97454E-03  -2.28183E-02   2.73661E-03  -2.27766E-02  -1.12020E-03  -1.99294E-02  -4.19978E-03  -1.46764E-02  -6.25631E-03  -7.74367E-03  -7.21113E-03  -7.56848E-05  -7.14133E-03   7.29436E-03  -6.24510E-03   1.33792E-02  -4.79185E-03   1.73605E-02  -3.06708E-03   1.86841E-02  -1.32177E-03   1.71175E-02   2.65099E-04   1.27598E-02   1.60528E-03   6.00371E-03   2.69877E-03  -2.54848E-03   3.61125E-03  -1.22078E-02   4.43530E-03  -2.23501E-02
 5.81000E+01   1.46586E-02   3.81738E-03   1.71929E-02  -1.01077E-03   1.66751E-02  -7.93749E-03   1.42646E-02  -1.46389E-02   1.07372E-02  -1.98250E-02   6.58782E-03  -2.26486E-02   2.36115E-03  -2.26724E-02  -1.43801E-03  -1.98890E-02  -4.41654E-03  -1.46920E-02  -6.33877E-03  -7.80382E-03  -7.14227E-03  -1.66603E-04  -6.92433E-03   7.18696E-03  -5.90442E-03   1.32688E-02  -4.37130E-03   1.72586E-02  -2.62497E-03   1.86001E-02  -9.24082E-04   1.70584E-02   5.52667E-04   1.27301E-02   1.72483E-03   6.00641E-03   2.60607E-03  -2.51192E-03   3.27859E-03  -1.21367E-02   3.85043E-03  -2.22444E-02
 5.85000E+01   1.46155E-02   4.07592E-03   1.70894E-02  -7.02215E-04   1.64899E-02  -7.62751E-03   1.39978E-02  -1.43581E-02   1.04050E-02  -1.95926E-02   6.22043E-03  -2.24769E-02   1.99921E-03  -2.25668E-02  -1.74906E-03  -1.98476E-02  -4.63345E-03  -1.47075E-02  -6.42771E-03  -7.86454E-03  -7.08503E-03  -2.58826E-04  -6.72245E-03   7.07760E-03  -5.58048E-03   1.31559E-02  -3.96719E-03   1.71541E-02  -2.19725E-03   1.85136E-02  -5.37172E-04   1.69970E-02   8.34270E-04   1.26991E-02   1.84411E-03   6.00874E-03   2.51935E-03  -2.47444E-03   2.95844E-03  -1.20633E-02   3.28474E-03  -2.21347E-02
 5.89000E+01   1.45887E-02   4.33525E-03   1.70076E-02  -3.92626E-04   1.63291E-02  -7.31636E-03   1.37555E-02  -1.40762E-02   1.00952E-02  -1.93590E-02   5.87126E-03  -2.23043E-02   1.64982E-03  -2.24603E-02  -2.05404E-03  -1.98057E-02  -4.85085E-03  -1.47228E-02  -6.52310E-03  -7.92560E-03  -7.03901E-03  -3.51880E-04  -6.53494E-03   6.96695E-03  -5.27230E-03   1.30413E-02  -3.57842E-03   1.70476E-02  -1.78280E-03   1.84251E-02  -1.60093E-04   1.69341E-02   1.11055E-03   1.26669E-02   1.96333E-03   6.01074E-03   2.43828E-03  -2.43632E-03   2.64993E-03  -1.19881E-02   2.73675E-03  -2.20222E-02
 5.94000E+01   1.45770E-02   4.65966E-03   1.69348E-02  -5.35666E-06   1.61608E-02  -6.92714E-03   1.34853E-02  -1.37234E-02   9.73761E-03  -1.90667E-02   5.45880E-03  -2.20882E-02   1.22938E-03  -2.23270E-02  -2.42772E-03  -1.97532E-02  -5.12383E-03  -1.47419E-02  -6.65139E-03  -8.00210E-03  -6.99667E-03  -4.68725E-04  -6.31971E-03   6.82769E-03  -4.90778E-03   1.28968E-02  -3.11239E-03   1.69129E-02  -1.28178E-03   1.83128E-02   2.98816E-04   1.68538E-02   1.44936E-03   1.26255E-02   2.11258E-03   6.01284E-03   2.34448E-03  -2.38811E-03   2.27937E-03  -1.18925E-02   2.07449E-03  -2.18787E-02
 5.98000E+01   1.45847E-02   4.91877E-03   1.68990E-02   3.03857E-04   1.60513E-02  -6.61648E-03   1.32942E-02  -1.34420E-02   9.47407E-03  -1.88336E-02   5.14680E-03  -2.19159E-02   9.05000E-04  -2.22207E-02  -2.72141E-03  -1.97112E-02  -5.34360E-03  -1.47571E-02  -6.76126E-03  -8.06318E-03  -6.97452E-03  -5.62166E-04  -6.16204E-03   6.71613E-03  -4.63165E-03   1.27808E-02  -2.75426E-03   1.68046E-02  -8.93365E-04   1.82222E-02   6.57056E-04   1.67887E-02   1.71590E-03   1.25918E-02   2.23241E-03   6.01421E-03   2.27512E-03  -2.34935E-03   1.99400E-03  -1.18152E-02   1.56119E-03  -2.17625E-02
 6.02000E+01   1.46070E-02   5.17704E-03   1.68827E-02   6.11882E-04   1.59633E-02  -6.30721E-03   1.31242E-02  -1.31619E-02   9.22944E-03  -1.86017E-02   4.84973E-03  -2.17445E-02   5.90367E-04  -2.21150E-02  -3.01108E-03  -1.96695E-02  -5.56497E-03  -1.47722E-02  -6.87757E-03  -8.12397E-03  -6.96245E-03  -6.55210E-04  -6.01660E-03   6.60491E-03  -4.36837E-03   1.26649E-02  -2.40815E-03   1.66961E-02  -5.14916E-04   1.81313E-02   1.00830E-03   1.67233E-02   1.97905E-03   1.25576E-02   2.35284E-03   6.01531E-03   2.21053E-03  -2.31061E-03   1.71765E-03  -1.17376E-02   1.06118E-03  -2.16455E-02
 6.06000E+01   1.46434E-02   5.43406E-03   1.68851E-02   9.18180E-04   1.58959E-02  -5.99993E-03   1.29745E-02  -1.28839E-02   9.00280E-03  -1.83717E-02   4.56671E-03  -2.15747E-02   2.84700E-04  -2.20102E-02  -3.29734E-03  -1.96282E-02  -5.78824E-03  -1.47872E-02  -7.00033E-03  -8.18425E-03  -6.96015E-03  -7.47555E-04  -5.88281E-03   6.49441E-03  -4.11713E-03   1.25496E-02  -2.07313E-03   1.65880E-02  -1.45512E-04   1.80404E-02   1.35335E-03   1.66577E-02   2.23937E-03   1.25232E-02   2.47407E-03   6.01611E-03   2.15048E-03  -2.27204E-03   1.44959E-03  -1.16599E-02   5.73208E-04  -2.15283E-02
 6.11000E+01   1.47082E-02   5.75301E-03   1.69136E-02   1.29788E-03   1.58397E-02  -5.61944E-03   1.28147E-02  -1.25401E-02   8.74347E-03  -1.80875E-02   4.23138E-03  -2.13649E-02  -8.59037E-05  -2.18810E-02  -3.65118E-03  -1.95773E-02  -6.07048E-03  -1.48057E-02  -7.16288E-03  -8.25861E-03  -6.97062E-03  -8.61576E-04  -5.73114E-03   6.35778E-03  -3.81887E-03   1.24068E-02  -1.66863E-03   1.64538E-02   3.04860E-04   1.79273E-02   1.77711E-03   1.65756E-02   2.56158E-03   1.24798E-02   2.62700E-03   6.01666E-03   2.08144E-03  -2.22425E-03   1.12512E-03  -1.15631E-02  -2.16058E-05  -2.13818E-02
 6.15000E+01   1.47751E-02   6.00591E-03   1.69561E-02   1.59857E-03   1.58163E-02  -5.31852E-03   1.27077E-02  -1.22685E-02   8.55418E-03  -1.78633E-02   3.97692E-03  -2.11996E-02  -3.74057E-04  -2.17792E-02  -3.93174E-03  -1.95371E-02  -6.29918E-03  -1.48201E-02  -7.30026E-03  -8.31707E-03  -6.98935E-03  -9.51352E-04  -5.62162E-03   6.25001E-03  -3.59203E-03   1.22939E-02  -1.35545E-03   1.63474E-02   6.57064E-04   1.78373E-02   2.11096E-03   1.65101E-02   2.81741E-03   1.24449E-02   2.75070E-03   6.01667E-03   2.03077E-03  -2.18649E-03   8.73244E-04  -1.14861E-02  -4.86694E-04  -2.12649E-02
 6.20000E+01   1.48769E-02   6.31871E-03   1.70332E-02   1.96993E-03   1.58130E-02  -4.94744E-03   1.25989E-02  -1.19340E-02   8.33907E-03  -1.75875E-02   3.67486E-03  -2.09965E-02  -7.24921E-04  -2.16540E-02  -4.28012E-03  -1.94876E-02  -6.58916E-03  -1.48376E-02  -7.48122E-03  -8.38855E-03  -7.02537E-03  -1.06138E-03  -5.49876E-03   6.11764E-03  -3.32212E-03   1.21548E-02  -9.75722E-04   1.62159E-02   1.08849E-03   1.77256E-02   2.52295E-03   1.64284E-02   3.13557E-03   1.24009E-02   2.90730E-03   6.01605E-03   1.97283E-03  -2.14007E-03   5.67003E-04  -1.13906E-02  -1.05633E-03  -2.11195E-02
 6.24000E+01   1.49727E-02   6.56592E-03   1.71136E-02   2.26295E-03   1.58305E-02  -4.65512E-03   1.25311E-02  -1.16709E-02   8.18334E-03  -1.73708E-02   3.44519E-03  -2.08370E-02  -9.98905E-04  -2.15558E-02  -4.55755E-03  -1.94485E-02  -6.82479E-03  -1.48510E-02  -7.63344E-03  -8.44420E-03  -7.06401E-03  -1.14736E-03  -5.41116E-03   6.01388E-03  -3.11635E-03   1.20455E-02  -6.80455E-04   1.61121E-02   1.42748E-03   1.76371E-02   2.84908E-03   1.63632E-02   3.38935E-03   1.23654E-02   3.03436E-03   6.01495E-03   1.93056E-03  -2.10364E-03   3.28192E-04  -1.13149E-02  -1.50386E-03  -2.10037E-02
 6.29000E+01   1.51097E-02   6.87071E-03   1.72367E-02   2.62356E-03   1.58767E-02  -4.29600E-03   1.24694E-02  -1.13482E-02   8.00805E-03  -1.71053E-02   3.17202E-03  -2.06416E-02  -1.33396E-03  -2.14352E-02  -4.90352E-03  -1.94002E-02  -7.12433E-03  -1.48666E-02  -7.83314E-03  -8.51152E-03  -7.12434E-03  -1.25194E-03  -5.31438E-03   5.88715E-03  -2.87088E-03   1.19113E-02  -3.20893E-04   1.59841E-02   1.84467E-03   1.75273E-02   3.25343E-03   1.62817E-02   3.70635E-03   1.23205E-02   3.19571E-03   6.01267E-03   1.88256E-03  -2.05910E-03   3.65167E-05  -1.12212E-02  -2.05461E-03  -2.08598E-02
 6.33000E+01   1.52331E-02   7.11082E-03   1.73529E-02   2.90709E-03   1.59326E-02  -4.01417E-03   1.24378E-02  -1.10953E-02   7.88261E-03  -1.68975E-02   2.96390E-03  -2.04887E-02  -1.59673E-03  -2.13407E-02  -5.18017E-03  -1.93619E-02  -7.36831E-03  -1.48780E-02  -8.00051E-03  -8.56330E-03  -7.18202E-03  -1.33302E-03  -5.24668E-03   5.78836E-03  -2.68325E-03   1.18062E-02  -4.00816E-05   1.58832E-02   2.17399E-03   1.74402E-02   3.57497E-03   1.62166E-02   3.96029E-03   1.22839E-02   3.32700E-03   6.01000E-03   1.84785E-03  -2.02436E-03  -1.91976E-04  -1.11469E-02  -2.48934E-03  -2.07452E-02
 6.38000E+01   1.54040E-02   7.40588E-03   1.75199E-02   3.25475E-03   1.60254E-02  -3.66925E-03   1.24196E-02  -1.07863E-02   7.74341E-03  -1.66438E-02   2.71583E-03  -2.03019E-02  -1.91946E-03  -2.12247E-02  -5.52650E-03  -1.93142E-02  -7.67915E-03  -1.48907E-02  -8.21938E-03  -8.62506E-03  -7.26568E-03  -1.43080E-03  -5.17368E-03   5.66837E-03  -2.45884E-03   1.16776E-02   3.03372E-04   1.57589E-02   2.58113E-03   1.73320E-02   3.97538E-03   1.61348E-02   4.27877E-03   1.22374E-02   3.49414E-03   6.00542E-03   1.80882E-03  -1.98213E-03  -4.72318E-04  -1.10550E-02  -3.02679E-03  -2.06024E-02
 6.42000E+01   1.55539E-02   7.63753E-03   1.76705E-02   3.52708E-03   1.61177E-02  -3.39962E-03   1.24218E-02  -1.05451E-02   7.64551E-03  -1.64458E-02   2.52642E-03  -2.01559E-02  -2.17363E-03  -2.11337E-02  -5.80447E-03  -1.92759E-02  -7.93282E-03  -1.48992E-02  -8.40229E-03  -8.67180E-03  -7.34172E-03  -1.50590E-03  -5.12420E-03   5.57535E-03  -2.28684E-03   1.15771E-02   5.72773E-04   1.56609E-02   2.90394E-03   1.72458E-02   4.29514E-03   1.60690E-02   4.53486E-03   1.21991E-02   3.63045E-03   6.00059E-03   1.78094E-03  -1.94937E-03  -6.92922E-04  -1.09821E-02  -3.45294E-03  -2.04883E-02
 6.47000E+01   1.57575E-02   7.92115E-03   1.78797E-02   3.85967E-03   1.62550E-02  -3.07101E-03   1.24445E-02  -1.02516E-02   7.53921E-03  -1.62050E-02   2.30017E-03  -1.99781E-02  -2.48708E-03  -2.10220E-02  -6.15367E-03  -1.92277E-02  -8.25657E-03  -1.49073E-02  -8.64082E-03  -8.72647E-03  -7.44797E-03  -1.59552E-03  -5.07304E-03   5.46301E-03  -2.08054E-03   1.14544E-02   9.03687E-04   1.55401E-02   3.30474E-03   1.71384E-02   4.69494E-03   1.59859E-02   4.85721E-03   1.21498E-02   3.80432E-03   5.99288E-03   1.75005E-03  -1.90976E-03  -9.64783E-04  -1.08917E-02  -3.98209E-03  -2.03456E-02
 6.52000E+01   1.59790E-02   8.19765E-03   1.81117E-02   4.18294E-03   1.64162E-02  -2.75238E-03   1.24888E-02  -9.96731E-03   7.45000E-03  -1.59717E-02   2.08480E-03  -1.98052E-02  -2.79658E-03  -2.09124E-02  -6.50545E-03  -1.91787E-02  -8.58815E-03  -1.49124E-02  -8.89052E-03  -8.77646E-03  -7.56654E-03  -1.67999E-03  -5.03329E-03   5.35529E-03  -1.88318E-03   1.13350E-02   1.22902E-03   1.54208E-02   3.70347E-03   1.70310E-02   5.09570E-03   1.59014E-02   5.18263E-03   1.20984E-02   3.98234E-03   5.98300E-03   1.72338E-03  -1.87174E-03  -1.23304E-03  -1.08019E-02  -4.50855E-03  -2.02023E-02
 6.56000E+01   1.61689E-02   8.41335E-03   1.83136E-02   4.43438E-03   1.65619E-02  -2.50510E-03   1.25395E-02  -9.74696E-03   7.39044E-03  -1.57907E-02   1.91978E-03  -1.96706E-02  -3.04184E-03  -2.08260E-02  -6.78918E-03  -1.91385E-02  -8.85936E-03  -1.49137E-02  -9.09842E-03  -8.81269E-03  -7.67014E-03  -1.74357E-03  -5.00938E-03   5.27260E-03  -1.73125E-03   1.12420E-02   1.48586E-03   1.53265E-02   4.02160E-03   1.69447E-02   5.41759E-03   1.58324E-02   5.44562E-03   1.20554E-02   4.12790E-03   5.97333E-03   1.70494E-03  -1.84252E-03  -1.44552E-03  -1.07303E-02  -4.92864E-03  -2.00867E-02
 6.61000E+01   1.64220E-02   8.67557E-03   1.85859E-02   4.73907E-03   1.67647E-02  -2.20613E-03   1.26212E-02  -9.48078E-03   7.33014E-03  -1.55718E-02   1.72199E-03  -1.95068E-02  -3.34612E-03  -2.07195E-02  -7.14724E-03  -1.90868E-02  -9.20616E-03  -1.49115E-02  -9.36863E-03  -8.85278E-03  -7.81049E-03  -1.81762E-03  -4.98903E-03   5.17381E-03  -1.54821E-03   1.11286E-02   1.80335E-03   1.52095E-02   4.41894E-03   1.68360E-02   5.82221E-03   1.57440E-02   5.77815E-03   1.19989E-02   4.31401E-03   5.95870E-03   1.68536E-03  -1.80755E-03  -1.70906E-03  -1.06409E-02  -5.45342E-03  -1.99406E-02
 6.66000E+01   1.66923E-02   8.92900E-03   1.88803E-02   5.03239E-03   1.69902E-02  -1.91909E-03   1.27229E-02  -9.22540E-03   7.28499E-03  -1.53613E-02   1.53298E-03  -1.93480E-02  -3.64847E-03  -2.06142E-02  -7.50960E-03  -1.90329E-02  -9.56197E-03  -1.49043E-02  -9.65045E-03  -8.88647E-03  -7.96277E-03  -1.88520E-03  -4.97889E-03   5.08033E-03  -1.37222E-03   1.10184E-02   2.11760E-03   1.50934E-02   4.81670E-03   1.67259E-02   6.23004E-03   1.56526E-02   6.11540E-03   1.19387E-02   4.50495E-03   5.94088E-03   1.66948E-03  -1.77439E-03  -1.97087E-03  -1.05512E-02  -5.97883E-03  -1.97920E-02
 6.71000E+01   1.69799E-02   9.17294E-03   1.91964E-02   5.31349E-03   1.72378E-02  -1.64475E-03   1.28441E-02  -8.98138E-03   7.25437E-03  -1.51594E-02   1.35209E-03  -1.91942E-02  -3.94951E-03  -2.05097E-02  -7.87681E-03  -1.89760E-02  -9.92717E-03  -1.48915E-02  -9.94403E-03  -8.91305E-03  -8.12688E-03  -1.94575E-03  -4.97861E-03   4.99242E-03  -1.20271E-03   1.09115E-02   2.42933E-03   1.49777E-02   5.21564E-03   1.66137E-02   6.64178E-03   1.55575E-02   6.45789E-03   1.18743E-02   4.70092E-03   5.91946E-03   1.65714E-03  -1.74311E-03  -2.23154E-03  -1.04610E-02  -6.50592E-03  -1.96401E-02
 6.76000E+01   1.72844E-02   9.40669E-03   1.95340E-02   5.58150E-03   1.75073E-02  -1.38393E-03   1.29844E-02  -8.74933E-03   7.23774E-03  -1.49664E-02   1.17874E-03  -1.90453E-02  -4.24982E-03  -2.04058E-02  -8.24934E-03  -1.89156E-02  -1.03021E-02  -1.48722E-02  -1.02495E-02  -8.93177E-03  -8.30271E-03  -1.99872E-03  -4.98785E-03   4.91035E-03  -1.03915E-03   1.08076E-02   2.73921E-03   1.48620E-02   5.61646E-03   1.64988E-02   7.05807E-03   1.54579E-02   6.80606E-03   1.18048E-02   4.90214E-03   5.89396E-03   1.64820E-03  -1.71379E-03  -2.49159E-03  -1.03698E-02  -7.03561E-03  -1.94838E-02
 6.80000E+01   1.75402E-02   9.58582E-03   1.98194E-02   5.78586E-03   1.77383E-02  -1.18559E-03   1.31100E-02  -8.57274E-03   7.23417E-03  -1.48187E-02   1.04512E-03  -1.89296E-02  -4.48990E-03  -2.03226E-02  -8.55150E-03  -1.88643E-02  -1.06092E-02  -1.48515E-02  -1.05025E-02  -8.94054E-03  -8.45175E-03  -2.03523E-03  -5.00188E-03   4.84908E-03  -9.12240E-04   1.07266E-02   2.98619E-03   1.47691E-02   5.93890E-03   1.64045E-02   7.39475E-03   1.53744E-02   7.08898E-03   1.17452E-02   5.06699E-03   5.87029E-03   1.64340E-03  -1.69180E-03  -2.69951E-03  -1.02959E-02  -7.46181E-03  -1.93551E-02
 6.85000E+01   1.78750E-02   9.79922E-03   2.01951E-02   6.02790E-03   1.80463E-02  -9.51362E-04   1.32833E-02  -8.36390E-03   7.24145E-03  -1.46426E-02   8.83981E-04  -1.87892E-02  -4.79019E-03  -2.02183E-02  -8.93470E-03  -1.87957E-02  -1.10024E-02  -1.48184E-02  -1.08297E-02  -8.94303E-03  -8.64840E-03  -2.07298E-03  -5.02747E-03   4.77823E-03  -7.58160E-04   1.06281E-02   3.29422E-03   1.46523E-02   6.34466E-03   1.62828E-02   7.82061E-03   1.52644E-02   7.44841E-03   1.16648E-02   5.27804E-03   5.83617E-03   1.64023E-03  -1.66623E-03  -2.95964E-03  -1.02018E-02  -7.99825E-03  -1.91885E-02
 6.90000E+01   1.82263E-02   1.00001E-02   2.05916E-02   6.25405E-03   1.83751E-02  -7.33259E-04   1.34745E-02  -8.16895E-03   7.26134E-03  -1.44764E-02   7.28950E-04  -1.86535E-02  -5.09110E-03  -2.01132E-02  -9.32433E-03  -1.87214E-02  -1.14060E-02  -1.47762E-02  -1.11689E-02  -8.93522E-03  -8.85646E-03  -2.10134E-03  -5.06172E-03   4.71405E-03  -6.08743E-04   1.05322E-02   3.60195E-03   1.45340E-02   6.75392E-03   1.61562E-02   8.25244E-03   1.51475E-02   7.81456E-03   1.15772E-02   5.49473E-03   5.79649E-03   1.64009E-03  -1.64286E-03  -3.22038E-03  -1.01055E-02  -8.53944E-03  -1.90147E-02
 6.95000E+01   1.85941E-02   1.01876E-02   2.10087E-02   6.46318E-03   1.87244E-02  -5.32344E-04   1.36831E-02  -7.98867E-03   7.29339E-03  -1.43204E-02   5.79582E-04  -1.85223E-02  -5.39300E-03  -2.00066E-02  -9.72068E-03  -1.86405E-02  -1.18202E-02  -1.47240E-02  -1.15203E-02  -8.91616E-03  -9.07576E-03  -2.11956E-03  -5.10435E-03   4.65687E-03  -4.63597E-04   1.04391E-02   3.90982E-03   1.44138E-02   7.16710E-03   1.60238E-02   8.69062E-03   1.50225E-02   8.18767E-03   1.14814E-02   5.71715E-03   5.75064E-03   1.64287E-03  -1.62179E-03  -3.48207E-03  -1.00064E-02  -9.08594E-03  -1.88324E-02
 7.00000E+01   1.89780E-02   1.03606E-02   2.14459E-02   6.65406E-03   1.90939E-02  -3.49746E-04   1.39087E-02  -7.82388E-03   7.33716E-03  -1.41751E-02   4.35467E-04  -1.83956E-02  -5.69624E-03  -1.98981E-02  -1.01240E-02  -1.85521E-02  -1.22450E-02  -1.46607E-02  -1.18838E-02  -8.88479E-03  -9.30612E-03  -2.12689E-03  -5.15507E-03   4.60705E-03  -3.22367E-04   1.03484E-02   4.21821E-03   1.42909E-02   7.58457E-03   1.58846E-02   9.13544E-03   1.48884E-02   8.56793E-03   1.13764E-02   5.94534E-03   5.69798E-03   1.64844E-03  -1.60313E-03  -3.74502E-03  -9.90387E-03  -9.63824E-03  -1.86404E-02
 7.05000E+01   1.93778E-02   1.05181E-02   2.19030E-02   6.82542E-03   1.94830E-02  -1.86665E-04   1.41507E-02  -7.67548E-03   7.39220E-03  -1.40408E-02   2.96228E-04  -1.82732E-02  -6.00108E-03  -1.97870E-02  -1.05343E-02  -1.84552E-02  -1.26806E-02  -1.45851E-02  -1.22592E-02  -8.84000E-03  -9.54732E-03  -2.12248E-03  -5.21359E-03   4.56496E-03  -1.84722E-04   1.02601E-02   4.52745E-03   1.41649E-02   8.00661E-03   1.57377E-02   9.58710E-03   1.47440E-02   8.95545E-03   1.12612E-02   6.17930E-03   5.63782E-03   1.65669E-03  -1.58699E-03  -4.00945E-03  -9.79740E-03  -1.01967E-02  -1.84371E-02
 7.10000E+01   1.97931E-02   1.06590E-02   2.23795E-02   6.97589E-03   1.98913E-02  -4.43750E-05   1.44087E-02  -7.54440E-03   7.45806E-03  -1.39180E-02   1.61511E-04  -1.81550E-02  -6.30775E-03  -1.96727E-02  -1.09519E-02  -1.83489E-02  -1.31268E-02  -1.44959E-02  -1.26463E-02  -8.78065E-03  -9.79910E-03  -2.10546E-03  -5.27960E-03   4.53101E-03  -5.03629E-05   1.01740E-02   4.83779E-03   1.40350E-02   8.43341E-03   1.55820E-02   1.00457E-02   1.45881E-02   9.35026E-03   1.11346E-02   6.41898E-03   5.56947E-03   1.66750E-03  -1.57348E-03  -4.27556E-03  -9.68633E-03  -1.07615E-02  -1.82213E-02
 7.16000E+01   2.03114E-02   1.08045E-02   2.29760E-02   7.12685E-03   2.04056E-02   9.70323E-05   1.47386E-02  -7.41137E-03   7.55069E-03  -1.37865E-02   5.35978E-06  -1.80186E-02  -6.67839E-03  -1.95303E-02  -1.14623E-02  -1.82071E-02  -1.36760E-02  -1.43693E-02  -1.31260E-02  -8.68845E-03  -1.01147E-02  -2.06711E-03  -5.36825E-03   4.50160E-03   1.06911E-04   1.00734E-02   5.21192E-03   1.38730E-02   8.95198E-03   1.53820E-02   1.06053E-02   1.43841E-02   9.83357E-03   1.09663E-02   6.71401E-03   5.47554E-03   1.68368E-03  -1.56091E-03  -4.59726E-03  -9.54604E-03  -1.14479E-02  -1.79435E-02
 7.21000E+01   2.07593E-02   1.09045E-02   2.34929E-02   7.22619E-03   2.08538E-02   1.88757E-04   1.50296E-02  -7.32197E-03   7.63866E-03  -1.36907E-02  -1.20530E-04  -1.79094E-02  -6.98955E-03  -1.94065E-02  -1.18954E-02  -1.80759E-02  -1.41448E-02  -1.42458E-02  -1.35380E-02  -8.59263E-03  -1.03885E-02  -2.01908E-03  -5.44956E-03   4.48708E-03   2.34961E-04   9.99154E-03   5.52525E-03   1.37320E-02   9.38943E-03   1.52029E-02   1.10790E-02   1.41984E-02   1.02440E-02   1.08107E-02   6.96582E-03   5.38643E-03   1.69969E-03  -1.55364E-03  -4.86736E-03  -9.42248E-03  -1.20270E-02  -1.76945E-02
 7.26000E+01   2.12211E-02   1.09840E-02   2.40271E-02   7.29979E-03   2.13189E-02   2.55159E-04   1.53346E-02  -7.25325E-03   7.73584E-03  -1.36080E-02  -2.42867E-04  -1.78040E-02  -7.30279E-03  -1.92772E-02  -1.23353E-02  -1.79316E-02  -1.46233E-02  -1.41045E-02  -1.39604E-02  -8.47811E-03  -1.06716E-02  -1.95535E-03  -5.53724E-03   4.48212E-03   3.60503E-04   9.91141E-03   5.84003E-03   1.35848E-02   9.83156E-03   1.50113E-02   1.15594E-02   1.39969E-02   1.06612E-02   1.06400E-02   7.22278E-03   5.28658E-03   1.71784E-03  -1.54941E-03  -5.13928E-03  -9.29211E-03  -1.26123E-02  -1.74278E-02
 7.31000E+01   2.16959E-02   1.10416E-02   2.45775E-02   7.34600E-03   2.18000E-02   2.94699E-04   1.56527E-02  -7.20635E-03   7.84167E-03  -1.35391E-02  -3.61914E-04  -1.77025E-02  -7.61807E-03  -1.91418E-02  -1.27815E-02  -1.77729E-02  -1.51109E-02  -1.39439E-02  -1.43928E-02  -8.34352E-03  -1.09633E-02  -1.87488E-03  -5.63086E-03   4.48722E-03   4.83730E-04   9.83280E-03   6.15619E-03   1.34305E-02   1.02781E-02   1.48060E-02   1.20458E-02   1.37783E-02   1.10847E-02   1.04528E-02   7.48455E-03   5.17515E-03   1.73799E-03  -1.54837E-03  -5.41290E-03  -9.15418E-03  -1.32034E-02  -1.71417E-02
 7.37000E+01   2.22819E-02   1.10797E-02   2.52579E-02   7.36292E-03   2.23967E-02   3.04463E-04   1.60504E-02  -7.18053E-03   7.97920E-03  -1.34753E-02  -5.00769E-04  -1.75855E-02  -7.99885E-03  -1.89701E-02  -1.33248E-02  -1.75618E-02  -1.57072E-02  -1.37236E-02  -1.49235E-02  -8.15350E-03  -1.13239E-02  -1.75472E-03  -5.75038E-03   4.50733E-03   6.28779E-04   9.74024E-03   6.53721E-03   1.32350E-02   1.08192E-02   1.45397E-02   1.26369E-02   1.34912E-02   1.16004E-02   1.02046E-02   7.80443E-03   5.02492E-03   1.76459E-03  -1.55153E-03  -5.74322E-03  -8.97764E-03  -1.39196E-02  -1.67704E-02
 7.42000E+01   2.27823E-02   1.10840E-02   2.58400E-02   7.34289E-03   2.29087E-02   2.79306E-04   1.63940E-02  -7.18580E-03   8.10176E-03  -1.34386E-02  -6.13413E-04  -1.74919E-02  -8.31793E-03  -1.88184E-02  -1.37832E-02  -1.73671E-02  -1.62122E-02  -1.35153E-02  -1.53747E-02  -7.96969E-03  -1.16322E-02  -1.63365E-03  -5.85535E-03   4.53633E-03   7.47464E-04   9.66438E-03   6.85577E-03   1.30624E-02   1.12738E-02   1.42996E-02   1.31347E-02   1.32296E-02   1.20355E-02   9.97651E-03   8.07516E-03   4.88492E-03   1.78857E-03  -1.55803E-03  -6.01979E-03  -8.82044E-03  -1.45212E-02  -1.64356E-02
 7.47000E+01   2.32925E-02   1.10619E-02   2.64341E-02   7.29000E-03   2.34325E-02   2.22154E-04   1.67472E-02  -7.21672E-03   8.23076E-03  -1.34175E-02  -7.23492E-04  -1.74018E-02  -8.63825E-03  -1.86582E-02  -1.42459E-02  -1.71540E-02  -1.67235E-02  -1.32829E-02  -1.58326E-02  -7.76120E-03  -1.19465E-02  -1.49236E-03  -5.96458E-03   4.57703E-03   8.64283E-04   9.58951E-03   7.17491E-03   1.28802E-02   1.17309E-02   1.40417E-02   1.36363E-02   1.29461E-02   1.24745E-02   9.72764E-03   8.34899E-03   4.73052E-03   1.81398E-03  -1.56819E-03  -6.29713E-03  -8.65324E-03  -1.51260E-02  -1.60758E-02
 7.53000E+01   2.39156E-02   1.09984E-02   2.71604E-02   7.18073E-03   2.40741E-02   1.09081E-04   1.71819E-02  -7.28934E-03   8.39286E-03  -1.34135E-02  -8.52477E-04  -1.72981E-02  -9.02364E-03  -1.84534E-02  -1.48056E-02  -1.68723E-02  -1.73436E-02  -1.29702E-02  -1.63894E-02  -7.47640E-03  -1.23302E-02  -1.29461E-03  -6.10035E-03   4.64203E-03   1.00213E-03   9.50073E-03   7.55798E-03   1.26478E-02   1.22816E-02   1.37068E-02   1.42415E-02   1.25750E-02   1.30050E-02   9.39971E-03   8.68060E-03   4.52500E-03   1.84608E-03  -1.58543E-03  -6.63026E-03  -8.43835E-03  -1.58543E-02  -1.56085E-02
 7.58000E+01   2.44420E-02   1.09132E-02   2.77746E-02   7.04955E-03   2.46175E-02  -2.40532E-05   1.75513E-02  -7.38084E-03   8.53294E-03  -1.34288E-02  -9.57590E-04  -1.72152E-02  -9.34497E-03  -1.82716E-02  -1.52743E-02  -1.66143E-02  -1.78639E-02  -1.26796E-02  -1.68575E-02  -7.20860E-03  -1.26538E-02  -1.10509E-03  -6.21655E-03   4.71023E-03   1.11513E-03   9.42744E-03   7.87658E-03   1.24416E-02   1.27410E-02   1.34052E-02   1.47470E-02   1.22382E-02   1.34486E-02   9.10051E-03   8.95841E-03   4.33587E-03   1.87389E-03  -1.60418E-03  -6.90742E-03  -8.24653E-03  -1.64614E-02  -1.51876E-02
 7.64000E+01   2.50795E-02   1.07701E-02   2.85187E-02   6.84163E-03   2.52768E-02  -2.32717E-04   1.80008E-02  -7.52945E-03   8.70549E-03  -1.34702E-02  -1.08113E-03  -1.71200E-02  -9.72979E-03  -1.80389E-02  -1.58374E-02  -1.62753E-02  -1.84901E-02  -1.22929E-02  -1.74216E-02  -6.84867E-03  -1.30448E-02  -8.46480E-04  -6.35846E-03   4.80963E-03   1.24856E-03   9.34012E-03   8.25711E-03   1.21782E-02   1.32909E-02   1.30144E-02   1.53528E-02   1.17990E-02   1.39806E-02   8.70850E-03   9.29199E-03   4.08625E-03   1.90816E-03  -1.63213E-03  -7.23839E-03  -8.00001E-03  -1.71876E-02  -1.46422E-02
 7.69000E+01   2.56133E-02   1.06156E-02   2.91419E-02   6.62458E-03   2.58291E-02  -4.48951E-04   1.83781E-02  -7.68682E-03   8.85168E-03  -1.35245E-02  -1.18211E-03  -1.70440E-02  -1.00489E-02  -1.78321E-02  -1.63054E-02  -1.59670E-02  -1.90111E-02  -1.19375E-02  -1.78914E-02  -6.51517E-03  -1.33708E-02  -6.03912E-04  -6.47772E-03   4.90759E-03   1.35795E-03   9.26769E-03   8.57173E-03   1.19445E-02   1.37462E-02   1.26634E-02   1.58547E-02   1.14024E-02   1.44215E-02   8.35302E-03   9.56879E-03   3.85848E-03   1.93712E-03  -1.66011E-03  -7.51186E-03  -7.78020E-03  -1.77883E-02  -1.41525E-02
 7.75000E+01   2.62532E-02   1.03861E-02   2.98890E-02   6.30964E-03   2.64916E-02  -7.61038E-04   1.88310E-02  -7.91724E-03   9.02814E-03  -1.36141E-02  -1.30114E-03  -1.69567E-02  -1.04285E-02  -1.75677E-02  -1.68630E-02  -1.55646E-02  -1.96320E-02  -1.14694E-02  -1.84513E-02  -6.07308E-03  -1.37597E-02  -2.79145E-04  -6.62058E-03   5.04388E-03   1.48705E-03   9.18099E-03   8.94483E-03   1.16461E-02   1.42866E-02   1.22103E-02   1.64505E-02   1.08880E-02   1.49451E-02   7.89038E-03   9.89754E-03   3.56046E-03   1.97192E-03  -1.69949E-03  -7.83575E-03  -7.49831E-03  -1.85004E-02  -1.35204E-02
 7.80000E+01   2.67831E-02   1.01572E-02   3.05074E-02   6.00058E-03   2.70397E-02  -1.06610E-03   1.92058E-02  -8.14473E-03   9.17449E-03  -1.37095E-02  -1.39871E-03  -1.68872E-02  -1.07410E-02  -1.73333E-02  -1.73220E-02  -1.52012E-02  -2.01430E-02  -1.10437E-02  -1.89119E-02  -5.66871E-03  -1.40796E-02   2.03507E-05  -6.73816E-03   5.17341E-03   1.59280E-03   9.10876E-03   9.25077E-03   1.13819E-02   1.47296E-02   1.18052E-02   1.69388E-02   1.04262E-02   1.53741E-02   7.47378E-03   1.01670E-02   3.29088E-03   2.00055E-03  -1.73724E-03  -8.10084E-03  -7.24774E-03  -1.90832E-02  -1.29554E-02
 7.86000E+01   2.74108E-02   9.83631E-03   3.12394E-02   5.57259E-03   2.76880E-02  -1.48723E-03   1.96486E-02  -8.46110E-03   9.34712E-03  -1.38493E-02  -1.51404E-03  -1.68074E-02  -1.11096E-02  -1.70344E-02  -1.78627E-02  -1.47308E-02  -2.07443E-02  -1.04890E-02  -1.94535E-02  -5.13932E-03  -1.44551E-02   4.15113E-04  -6.87580E-03   5.34834E-03   1.71741E-03   9.02198E-03   9.61010E-03   1.10455E-02   1.52494E-02   1.12853E-02   1.75113E-02   9.83118E-03   1.58768E-02   6.93565E-03   1.04824E-02   2.94130E-03   2.03395E-03  -1.78855E-03  -8.41134E-03  -6.92768E-03  -1.97657E-02  -1.22303E-02
 7.91000E+01   2.79236E-02   9.53000E-03   3.18367E-02   5.16784E-03   2.82163E-02  -1.88453E-03   2.00087E-02  -8.76120E-03   9.48672E-03  -1.39869E-02  -1.60885E-03  -1.67439E-02  -1.14099E-02  -1.67704E-02  -1.83023E-02  -1.43096E-02  -2.12323E-02  -9.98958E-03  -1.98921E-02  -4.66090E-03  -1.47585E-02   7.73887E-04  -6.98618E-03   5.51047E-03   1.81928E-03   8.94947E-03   9.90150E-03   1.07488E-02   1.56700E-02   1.08232E-02   1.79740E-02   9.30082E-03   1.62826E-02   6.45489E-03   1.07368E-02   2.62794E-03   2.06055E-03  -1.83635E-03  -8.66224E-03  -6.64455E-03  -2.03167E-02  -1.15860E-02
 7.97000E+01   2.85220E-02   9.11567E-03   3.25325E-02   4.62435E-03   2.88303E-02  -2.41694E-03   2.04259E-02  -9.16508E-03   9.64674E-03  -1.41775E-02  -1.72121E-03  -1.66711E-02  -1.17603E-02  -1.64355E-02  -1.88129E-02  -1.37691E-02  -2.17974E-02  -9.34567E-03  -2.03986E-02  -4.04195E-03  -1.51075E-02   1.24025E-03  -7.11154E-03   5.72466E-03   1.93900E-03   8.86212E-03   1.02394E-02   1.03730E-02   1.61561E-02   1.02341E-02   1.85076E-02   8.62274E-03   1.67498E-02   5.83904E-03   1.10291E-02   2.22539E-03   2.09038E-03  -1.89976E-03  -8.95181E-03  -6.28495E-03  -2.09515E-02  -1.07647E-02
 8.03000E+01   2.90965E-02   8.65087E-03   3.31989E-02   4.01850E-03   2.94164E-02  -3.00942E-03   2.08219E-02  -9.61615E-03   9.79589E-03  -1.43954E-02  -1.83223E-03  -1.66021E-02  -1.20973E-02  -1.60811E-02  -1.93008E-02  -1.31905E-02  -2.23350E-02  -8.65348E-03  -2.08783E-02  -3.37456E-03  -1.54360E-02   1.74529E-03  -7.22698E-03   5.96000E-03   2.05583E-03   8.77436E-03   1.05621E-02   9.97575E-03   1.66176E-02   9.60744E-03   1.90126E-02   7.89961E-03   1.71910E-02   5.18108E-03   1.13042E-02   1.79415E-03   2.11727E-03  -1.96967E-03  -9.22644E-03  -5.90386E-03  -2.15517E-02  -9.89125E-03
 8.09000E+01   2.96414E-02   8.13692E-03   3.38289E-02   3.35190E-03   2.99679E-02  -3.66040E-03   2.11915E-02  -1.01132E-02   9.93125E-03  -1.46399E-02  -1.94209E-03  -1.65365E-02  -1.24186E-02  -1.57077E-02  -1.97615E-02  -1.25748E-02  -2.28394E-02  -7.91422E-03  -2.13256E-02  -2.65995E-03  -1.57396E-02   2.28803E-03  -7.33017E-03   6.21595E-03   2.16955E-03   8.68615E-03   1.08668E-02   9.55750E-03   1.70501E-02   8.94415E-03   1.94838E-02   7.13252E-03   1.76010E-02   4.48205E-03   1.15587E-02   1.33494E-03   2.14051E-03  -2.04592E-03  -9.48350E-03  -5.50180E-03  -2.21113E-02  -8.96688E-03
 8.15000E+01   3.01510E-02   7.57592E-03   3.44153E-02   2.62714E-03   3.04779E-02  -4.36740E-03   2.15295E-02  -1.06542E-02   1.00499E-02  -1.49100E-02  -2.05095E-03  -1.64745E-02  -1.27216E-02  -1.53159E-02  -2.01904E-02  -1.19236E-02  -2.33049E-02  -7.12992E-03  -2.17348E-02  -1.90013E-03  -1.60137E-02   2.86687E-03  -7.41873E-03   6.49163E-03   2.27998E-03   8.59755E-03   1.11509E-02   9.11918E-03   1.74490E-02   8.24582E-03   1.99157E-02   6.32338E-03   1.79750E-02   3.74371E-03   1.17893E-02   8.48966E-04   2.15936E-03  -2.12824E-03  -9.72038E-03  -5.07968E-03  -2.26237E-02  -7.99380E-03
 8.20000E+01   3.05445E-02   7.07460E-03   3.48657E-02   1.98136E-03   3.08665E-02  -4.99686E-03   2.17832E-02  -1.11368E-02   1.01340E-02  -1.51534E-02  -2.14103E-03  -1.64253E-02  -1.29583E-02  -1.49764E-02  -2.05202E-02  -1.13555E-02  -2.36590E-02  -6.44398E-03  -2.20428E-02  -1.23446E-03  -1.62165E-02   3.37521E-03  -7.47970E-03   6.73559E-03   2.36934E-03   8.52348E-03   1.13700E-02   8.73956E-03   1.77525E-02   7.63873E-03   2.02417E-02   5.61889E-03   1.82555E-02   3.10019E-03   1.19607E-02   4.24750E-04   2.17121E-03  -2.20122E-03  -9.90048E-03  -4.71352E-03  -2.30104E-02  -7.14793E-03
 8.26000E+01   3.09746E-02   6.43569E-03   3.53544E-02   1.16024E-03   3.12835E-02  -5.79678E-03   2.20500E-02  -1.17510E-02   1.02146E-02  -1.54659E-02  -2.24849E-03  -1.63692E-02  -1.32215E-02  -1.45548E-02  -2.08792E-02  -1.06459E-02  -2.40388E-02  -5.58523E-03  -2.23679E-02  -3.99821E-04  -1.64255E-02   4.01390E-03  -7.53553E-03   7.04411E-03   2.47320E-03   8.43443E-03   1.16096E-02   8.26828E-03   1.80783E-02   6.88260E-03   2.05878E-02   4.74029E-03   1.85506E-02   2.29689E-03   1.21387E-02  -1.05513E-04   2.18021E-03  -2.29365E-03  -1.00937E-02  -4.25833E-03  -2.34206E-02  -6.09446E-03
 8.32000E+01   3.13541E-02   5.76038E-03   3.57808E-02   2.94034E-04   3.16411E-02  -6.64025E-03   2.22713E-02  -1.23997E-02   1.02709E-02  -1.57987E-02  -2.35539E-03  -1.63163E-02  -1.34598E-02  -1.41195E-02  -2.11942E-02  -9.90912E-03  -2.43644E-02  -4.69187E-03  -2.26400E-02   4.69713E-04  -1.65932E-02   4.68060E-03  -7.57051E-03   7.36813E-03   2.57321E-03   8.34539E-03   1.18214E-02   7.78185E-03   1.83584E-02   6.09973E-03   2.08803E-02   3.82947E-03   1.87962E-02   1.46339E-03   1.22837E-02  -6.56402E-04   2.18291E-03  -2.39085E-03  -1.02597E-02  -3.78788E-03  -2.37670E-02  -5.00375E-03
 8.38000E+01   3.16785E-02   5.05399E-03   3.61392E-02  -6.10708E-04   3.19340E-02  -7.52106E-03   2.24429E-02  -1.30779E-02   1.03005E-02  -1.61490E-02  -2.46187E-03  -1.62664E-02  -1.36712E-02  -1.36730E-02  -2.14617E-02  -9.14956E-03  -2.46316E-02  -3.76916E-03  -2.28545E-02   1.36895E-03  -1.67163E-02   5.37126E-03  -7.58279E-03   7.70553E-03   2.66922E-03   8.25662E-03   1.20034E-02   7.28281E-03   1.85893E-02   5.29435E-03   2.11149E-02   2.89142E-03   1.89885E-02   6.04325E-04   1.23932E-02  -1.22481E-03   2.17875E-03  -2.49219E-03  -1.03965E-02  -3.30462E-03  -2.40447E-02  -3.88164E-03
 8.44000E+01   3.19439E-02   4.32257E-03   3.64252E-02  -1.54657E-03   3.21578E-02  -8.43215E-03   2.25615E-02  -1.37803E-02   1.03015E-02  -1.65139E-02  -2.56808E-03  -1.62194E-02  -1.38542E-02  -1.32178E-02  -2.16785E-02  -8.37203E-03  -2.48364E-02  -2.82310E-03  -2.30078E-02   2.29199E-03  -1.67916E-02   6.08126E-03  -7.57078E-03   8.05393E-03   2.76111E-03   8.16841E-03   1.21538E-02   6.77402E-03   1.87679E-02   4.47128E-03   2.12880E-02   1.93184E-03   1.91241E-02  -2.75059E-04   1.24647E-02  -1.80722E-03   2.16723E-03  -2.59695E-03  -1.05023E-02  -2.81135E-03  -2.42495E-02  -2.73478E-03
 8.51000E+01   3.21751E-02   3.44647E-03   3.66622E-02  -2.66687E-03   3.23270E-02  -9.52301E-03   2.26293E-02  -1.46225E-02   1.02644E-02  -1.69537E-02  -2.69182E-03  -1.61683E-02  -1.40300E-02  -1.26798E-02  -2.18645E-02  -7.44935E-03  -2.49928E-02  -1.69867E-03  -2.31053E-02   3.39030E-03  -1.68162E-02   6.92730E-03  -7.52444E-03   8.47080E-03   2.86304E-03   8.06665E-03   1.22876E-02   6.17237E-03   1.89072E-02   3.49577E-03   2.14086E-02   7.93466E-04   1.92073E-02  -1.31896E-03   1.24980E-02  -2.49921E-03   2.14400E-03  -2.72242E-03  -1.05848E-02  -2.22733E-03  -2.43919E-02  -1.37529E-03
 8.57000E+01   3.23039E-02   2.68414E-03   3.67801E-02  -3.64156E-03   3.23905E-02  -1.04725E-02   2.26247E-02  -1.53565E-02   1.01986E-02  -1.73387E-02  -2.79788E-03  -1.61275E-02  -1.41476E-02  -1.22164E-02  -2.19647E-02  -6.65168E-03  -2.50539E-02  -7.25189E-04  -2.31170E-02   4.34213E-03  -1.67812E-02   7.66146E-03  -7.45603E-03   8.83385E-03   2.94587E-03   7.98083E-03   1.23656E-02   5.65365E-03   1.89657E-02   2.65304E-03   2.14402E-02  -1.90772E-04   1.92123E-02  -2.22203E-03   1.24822E-02  -3.09830E-03   2.11537E-03  -2.83180E-03  -1.06194E-02  -1.72321E-03  -2.44290E-02  -2.00559E-04
 8.63000E+01   3.23679E-02   1.91904E-03   3.68179E-02  -4.62006E-03   3.23777E-02  -1.14263E-02   2.25615E-02  -1.60948E-02   1.01010E-02  -1.77275E-02  -2.90407E-03  -1.60893E-02  -1.42344E-02  -1.17543E-02  -2.20097E-02  -5.85401E-03  -2.50467E-02   2.49500E-04  -2.30615E-02   5.29600E-03  -1.66938E-02   8.39800E-03  -7.36070E-03   9.19913E-03   3.02458E-03   7.89672E-03   1.24094E-02   5.13588E-03   1.89672E-02   1.81046E-03   2.14047E-02  -1.17551E-03   1.91553E-02  -3.12599E-03   1.24249E-02  -3.69836E-03   2.07857E-03  -2.94194E-03  -1.06204E-02  -1.21946E-03  -2.43865E-02   9.74300E-04
 8.69000E+01   3.23672E-02   1.15857E-03   3.67762E-02  -5.59329E-03   3.22890E-02  -1.23758E-02   2.24397E-02  -1.68307E-02   9.97154E-03  -1.81164E-02  -3.01051E-03  -1.60538E-02  -1.42905E-02  -1.12970E-02  -2.19998E-02  -5.06230E-03  -2.49717E-02   1.21803E-03  -2.29390E-02   6.24466E-03  -1.65541E-02   9.13128E-03  -7.23844E-03   9.56375E-03   3.09928E-03   7.81470E-03   1.24192E-02   4.62262E-03   1.89122E-02   9.73987E-04   2.13024E-02  -2.15372E-03   1.90366E-02  -4.02435E-03   1.23263E-02  -4.29504E-03   2.03356E-03  -3.05195E-03  -1.05879E-02  -7.19537E-04  -2.42650E-02   2.14108E-03
 8.75000E+01   3.23031E-02   4.09998E-04   3.66564E-02  -6.55234E-03   3.21258E-02  -1.33125E-02   2.22606E-02  -1.75578E-02   9.81074E-03  -1.85018E-02  -3.11731E-03  -1.60207E-02  -1.43167E-02  -1.08476E-02  -2.19361E-02  -4.28243E-03  -2.48300E-02   2.17316E-03  -2.27508E-02   7.18100E-03  -1.63629E-02   9.85574E-03  -7.08967E-03   9.92483E-03   3.17016E-03   7.73515E-03   1.23957E-02   4.11737E-03   1.88016E-02   1.49453E-04   2.11347E-02  -3.11854E-03   1.88574E-02  -4.91077E-03   1.21871E-02  -4.88409E-03   1.98048E-03  -3.16099E-03  -1.05226E-02  -2.26832E-04  -2.40659E-02   3.29171E-03
 8.82000E+01   3.21517E-02  -4.39100E-04   3.64220E-02  -7.64203E-03   3.18449E-02  -1.43785E-02   2.19817E-02  -1.83866E-02   9.58490E-03  -1.89426E-02  -3.24254E-03  -1.59853E-02  -1.43110E-02  -1.03375E-02  -2.17965E-02  -3.39498E-03  -2.45839E-02   3.26139E-03  -2.24512E-02   8.24882E-03  -1.60773E-02   1.06828E-02  -6.88370E-03   1.03380E-02   3.24835E-03   7.64596E-03   1.23280E-02   3.54248E-03   1.86052E-02  -7.90005E-04   2.08591E-02  -4.21850E-03   1.85745E-02  -5.92177E-03   1.19752E-02  -5.55624E-03   1.90864E-03  -3.28585E-03  -1.04065E-02   3.34554E-04  -2.37392E-02   4.60351E-03
 8.88000E+01   3.19598E-02  -1.13884E-03   3.61446E-02  -8.54207E-03   3.15308E-02  -1.52607E-02   2.16861E-02  -1.90739E-02   9.36026E-03  -1.93094E-02  -3.35055E-03  -1.59575E-02  -1.42770E-02  -9.91571E-03  -2.16241E-02  -2.65939E-03  -2.43073E-02   4.16452E-03  -2.21295E-02   9.13587E-03  -1.57816E-02   1.13706E-02  -6.68074E-03   1.06823E-02   3.31186E-03   7.57298E-03   1.22373E-02   3.06570E-03   1.83821E-02  -1.57011E-03   2.05583E-02  -5.13241E-03   1.82721E-02  -6.76210E-03   1.17533E-02  -6.11519E-03   1.83898E-03  -3.39000E-03  -1.02746E-02   8.00814E-04  -2.33825E-02   5.69356E-03
 8.94000E+01   3.17151E-02  -1.80667E-03   3.58019E-02  -9.40338E-03   3.11543E-02  -1.61067E-02   2.13420E-02  -1.97343E-02   9.10892E-03  -1.96629E-02  -3.45929E-03  -1.59320E-02  -1.42182E-02  -9.51089E-03  -2.14066E-02  -1.95181E-03  -2.39747E-02   5.03431E-03  -2.17523E-02   9.99098E-03  -1.54421E-02   1.20342E-02  -6.45498E-03   1.10152E-02   3.37251E-03   7.50350E-03   1.21187E-02   2.60658E-03   1.81122E-02  -2.32217E-03   2.02019E-02  -6.01393E-03   1.79182E-02  -7.57295E-03   1.14968E-02  -6.65473E-03   1.76232E-03  -3.49077E-03  -1.01149E-02   1.25048E-03  -2.29599E-02   6.74524E-03
 9.01000E+01   3.13692E-02  -2.53899E-03   3.53274E-02  -1.03513E-02   3.06433E-02  -1.70405E-02   2.08850E-02  -2.04653E-02   8.78490E-03  -2.00554E-02  -3.58724E-03  -1.59050E-02  -1.41213E-02  -9.06291E-03  -2.11012E-02  -1.16693E-03  -2.35222E-02   6.00047E-03  -2.12480E-02   1.09419E-02  -1.49956E-02   1.27731E-02  -6.16514E-03   1.13866E-02   3.44017E-03   7.42719E-03   1.19484E-02   2.09635E-03   1.77432E-02  -3.15892E-03   1.97220E-02  -6.99529E-03   1.74459E-02  -8.47599E-03   1.11575E-02  -7.25584E-03   1.66472E-03  -3.60328E-03  -9.89660E-03   1.75110E-03  -2.23908E-02   7.91649E-03
 9.07000E+01   3.10271E-02  -3.12199E-03   3.48642E-02  -1.11095E-02   3.01510E-02  -1.77899E-02   2.04510E-02  -2.10536E-02   8.48354E-03  -2.03725E-02  -3.69796E-03  -1.58842E-02  -1.40169E-02  -8.70180E-03  -2.08002E-02  -5.32652E-04  -2.30852E-02   6.78240E-03  -2.07669E-02   1.17124E-02  -1.45741E-02   1.33725E-02  -5.89627E-03   1.16885E-02   3.49598E-03   7.36606E-03   1.17781E-02   1.68298E-03   1.73858E-02  -3.83763E-03   1.92616E-02  -7.79176E-03   1.69954E-02  -9.20919E-03   1.08360E-02  -7.74409E-03   1.57473E-03  -3.69483E-03  -9.68495E-03   2.15749E-03  -2.18446E-02   8.86760E-03
 9.14000E+01   3.05827E-02  -3.74574E-03   3.42676E-02  -1.19252E-02   2.95223E-02  -1.85998E-02   1.99020E-02  -2.16918E-02   8.10805E-03  -2.07178E-02  -3.82851E-03  -1.58625E-02  -1.38741E-02  -8.30905E-03  -2.04098E-02   1.59000E-04  -2.25259E-02   7.63651E-03  -2.01560E-02   1.25552E-02  -1.40430E-02   1.40289E-02  -5.56165E-03   1.20198E-02   3.55917E-03   7.29991E-03   1.15550E-02   1.23070E-03   1.69270E-02  -4.58111E-03   1.86747E-02  -8.66477E-03   1.64234E-02  -1.00132E-02   1.04295E-02  -8.27969E-03   1.46323E-03  -3.79541E-03  -9.41317E-03   2.60314E-03  -2.11482E-02   9.91086E-03
 9.21000E+01   3.00981E-02  -4.30557E-03   3.36209E-02  -1.26631E-02   2.88452E-02  -1.93365E-02   1.93150E-02  -2.22750E-02   7.71080E-03  -2.10349E-02  -3.96072E-03  -1.58434E-02  -1.37127E-02  -7.94840E-03  -1.99843E-02   7.96105E-04  -2.19222E-02   8.42485E-03  -1.95004E-02   1.33344E-02  -1.34761E-02   1.46368E-02  -5.20772E-03   1.23273E-02   3.62096E-03   7.23942E-03   1.13099E-02   8.12186E-04   1.64304E-02  -5.27002E-03   1.80424E-02  -9.47427E-03   1.58091E-02  -1.07591E-02   9.99423E-03  -8.77677E-03   1.34564E-03  -3.88886E-03  -9.11877E-03   3.01667E-03  -2.03976E-02   1.08791E-02
 9.27000E+01   2.96578E-02  -4.73310E-03   3.30354E-02  -1.32318E-02   2.82342E-02  -1.99080E-02   1.87874E-02  -2.27298E-02   7.35617E-03  -2.12834E-02  -4.07549E-03  -1.58291E-02  -1.35628E-02  -7.66538E-03  -1.95974E-02   1.29766E-03  -2.13763E-02   9.04683E-03  -1.89094E-02   1.39502E-02  -1.29668E-02   1.51180E-02  -4.89150E-03   1.25712E-02   3.67335E-03   7.19210E-03   1.10858E-02   4.80968E-04   1.59803E-02  -5.81594E-03   1.74710E-02  -1.01162E-02   1.52549E-02  -1.13509E-02   9.60230E-03  -9.17131E-03   1.24076E-03  -3.96311E-03  -8.85171E-03   3.34490E-03  -1.97188E-02   1.16478E-02
 9.34000E+01   2.91227E-02  -5.17038E-03   3.23253E-02  -1.38203E-02   2.74947E-02  -2.05043E-02   1.81503E-02  -2.32073E-02   6.92952E-03  -2.15460E-02  -4.21122E-03  -1.58147E-02  -1.33783E-02  -7.36581E-03  -1.91266E-02   1.83053E-03  -2.07138E-02   9.70928E-03  -1.81937E-02   1.46074E-02  -1.23511E-02   1.56326E-02  -4.51048E-03   1.28328E-02   3.73440E-03   7.14210E-03   1.08120E-02   1.26812E-04   1.54330E-02  -6.40051E-03   1.67773E-02  -1.08042E-02   1.45827E-02  -1.19854E-02   9.12751E-03  -9.59450E-03   1.11449E-03  -4.04279E-03  -8.52666E-03   3.69705E-03  -1.88943E-02   1.24727E-02
 9.41000E+01   2.85726E-02  -5.54200E-03   3.15958E-02  -1.43287E-02   2.67355E-02  -2.10252E-02   1.74968E-02  -2.36282E-02   6.49258E-03  -2.17793E-02  -4.34909E-03  -1.58026E-02  -1.31870E-02  -7.09881E-03  -1.86412E-02   2.30765E-03  -2.00319E-02   1.03043E-02  -1.74573E-02   1.51993E-02  -1.17181E-02   1.60970E-02  -4.11930E-03   1.30695E-02   3.79599E-03   7.09757E-03   1.05287E-02  -1.92974E-04   1.48682E-02  -6.92925E-03   1.60619E-02  -1.14270E-02   1.38898E-02  -1.25602E-02   8.63837E-03  -9.97805E-03   9.84836E-04  -4.11504E-03  -8.19085E-03   4.01635E-03  -1.80434E-02   1.32206E-02
 9.47000E+01   2.80949E-02  -5.80950E-03   3.09622E-02  -1.47022E-02   2.60759E-02  -2.14132E-02   1.69288E-02  -2.39447E-02   6.11255E-03  -2.19563E-02  -4.46909E-03  -1.57940E-02  -1.30206E-02  -6.89523E-03  -1.82185E-02   2.67330E-03  -1.94376E-02   1.07619E-02  -1.68154E-02   1.56557E-02  -1.11660E-02   1.64560E-02  -3.77806E-03   1.32531E-02   3.84968E-03   7.06361E-03   1.02813E-02  -4.40379E-04   1.43749E-02  -7.33903E-03   1.54370E-02  -1.19101E-02   1.32844E-02  -1.30064E-02   8.21103E-03  -1.02759E-02   8.71650E-04  -4.17116E-03  -7.89720E-03   4.26448E-03  -1.72995E-02   1.38019E-02
 9.54000E+01   2.75366E-02  -6.06420E-03   3.02209E-02  -1.50680E-02   2.53031E-02  -2.18000E-02   1.62622E-02  -2.42645E-02   5.66554E-03  -2.21371E-02  -4.61137E-03  -1.57859E-02  -1.28264E-02  -6.68612E-03  -1.77226E-02   3.05117E-03  -1.87391E-02   1.12369E-02  -1.60599E-02   1.61310E-02  -1.05154E-02   1.68310E-02  -3.37523E-03   1.34455E-02   3.91387E-03   7.02866E-03   9.99050E-03  -6.98998E-04   1.37937E-02  -7.76823E-03   1.47000E-02  -1.24167E-02   1.25702E-02  -1.34746E-02   7.70655E-03  -1.05886E-02   7.37851E-04  -4.23005E-03  -7.55075E-03   4.52520E-03  -1.64214E-02   1.44127E-02
 9.61000E+01   2.69831E-02  -6.26004E-03   2.94845E-02  -1.53619E-02   2.45335E-02  -2.21191E-02   1.55965E-02  -2.45332E-02   5.21727E-03  -2.22915E-02  -4.75627E-03  -1.57798E-02  -1.26350E-02  -6.50615E-03  -1.72286E-02   3.37904E-03  -1.80409E-02   1.16512E-02  -1.53029E-02   1.65474E-02  -9.86205E-03   1.71607E-02  -2.96943E-03   1.36155E-02   3.98022E-03   6.99847E-03   9.70019E-03  -9.26801E-04   1.32111E-02  -8.14719E-03   1.39602E-02  -1.28647E-02   1.18523E-02  -1.38890E-02   7.19904E-03  -1.08655E-02   6.02784E-04  -4.28215E-03  -7.20292E-03   4.75635E-03  -1.55389E-02   1.49542E-02
 9.68000E+01   2.64399E-02  -6.40056E-03   2.87596E-02  -1.55884E-02   2.37734E-02  -2.23748E-02   1.49363E-02  -2.47540E-02   4.77016E-03  -2.24209E-02  -4.90394E-03  -1.57754E-02  -1.24490E-02  -6.35355E-03  -1.67410E-02   3.65987E-03  -1.73483E-02   1.20085E-02  -1.45496E-02   1.69083E-02  -9.20995E-03   1.74477E-02  -2.56256E-03   1.37642E-02   4.04920E-03   6.97269E-03   9.41311E-03  -1.12561E-03   1.26314E-02  -8.47881E-03   1.32224E-02  -1.32572E-02   1.11355E-02  -1.42525E-02   6.69152E-03  -1.11085E-02   4.67001E-04  -4.32783E-03  -6.85622E-03   4.95960E-03  -1.46578E-02   1.54303E-02
 9.75000E+01   2.59116E-02  -6.48965E-03   2.80518E-02  -1.57522E-02   2.30279E-02  -2.25713E-02   1.42856E-02  -2.49303E-02   4.32623E-03  -2.25272E-02  -5.05456E-03  -1.57727E-02  -1.22707E-02  -6.22644E-03  -1.62635E-02   3.89690E-03  -1.66659E-02   1.23126E-02  -1.38043E-02   1.72176E-02  -8.56234E-03   1.76950E-02  -2.15620E-03   1.38930E-02   4.12123E-03   6.95096E-03   9.13157E-03  -1.29739E-03   1.20584E-02  -8.76627E-03   1.24909E-02  -1.35981E-02   1.04234E-02  -1.45685E-02   6.18653E-03  -1.13199E-02   3.30959E-04  -4.36747E-03  -6.51280E-03   5.13680E-03  -1.37830E-02   1.58452E-02
 9.82000E+01   2.54019E-02  -6.53138E-03   2.73657E-02  -1.58581E-02   2.23015E-02  -2.27134E-02   1.36477E-02  -2.50655E-02   3.88712E-03  -2.26122E-02  -5.20829E-03  -1.57715E-02  -1.21019E-02  -6.12281E-03  -1.57992E-02   4.09350E-03  -1.59973E-02   1.25677E-02  -1.30705E-02   1.74790E-02  -7.92191E-03   1.79054E-02  -1.75162E-03   1.40034E-02   4.19668E-03   6.93293E-03   8.85749E-03  -1.44422E-03   1.14951E-02  -9.01285E-03   1.17692E-02  -1.38911E-02   9.71938E-03  -1.48404E-02   5.68615E-03  -1.15020E-02   1.95022E-04  -4.40148E-03  -6.17442E-03   5.28988E-03  -1.29187E-02   1.62035E-02
 9.89000E+01   2.49139E-02  -6.52987E-03   2.67051E-02  -1.59113E-02   2.15976E-02  -2.28059E-02   1.30250E-02  -2.51631E-02   3.45414E-03  -2.26776E-02  -5.36528E-03  -1.57717E-02  -1.19441E-02  -6.04066E-03  -1.53508E-02   4.25310E-03  -1.53456E-02   1.27777E-02  -1.23513E-02   1.76966E-02  -7.29081E-03   1.80820E-02  -1.34984E-03   1.40968E-02   4.27588E-03   6.91820E-03   8.59240E-03  -1.56818E-03   1.09438E-02  -9.22190E-03   1.10601E-02  -1.41401E-02   9.02588E-03  -1.50719E-02   5.19203E-03  -1.16570E-02   5.94684E-05  -4.43028E-03  -5.84249E-03   5.42077E-03  -1.20681E-02   1.65097E-02
 9.96000E+01   2.44502E-02  -6.48924E-03   2.60730E-02  -1.59168E-02   2.09189E-02  -2.28533E-02   1.24198E-02  -2.52267E-02   3.02828E-03  -2.27252E-02  -5.52571E-03  -1.57731E-02  -1.17987E-02  -5.97797E-03  -1.49202E-02   4.37910E-03  -1.47132E-02   1.29469E-02  -1.16487E-02   1.78742E-02  -6.67067E-03   1.82276E-02  -9.51574E-04   1.41746E-02   4.35911E-03   6.90639E-03   8.33756E-03  -1.67135E-03   1.04066E-02  -9.39673E-03   1.03658E-02  -1.43489E-02   8.34485E-03  -1.52662E-02   4.70543E-03  -1.17873E-02  -7.54985E-05  -4.45428E-03  -5.51811E-03   5.53139E-03  -1.12336E-02   1.67681E-02
 1.00400E+02   2.39524E-02  -6.40003E-03   2.53884E-02  -1.58707E-02   2.01770E-02  -2.28582E-02   1.17512E-02  -2.52622E-02   2.55121E-03  -2.27602E-02  -5.71348E-03  -1.57760E-02  -1.16487E-02  -5.92765E-03  -1.44518E-02   4.48621E-03  -1.40163E-02   1.30952E-02  -1.08682E-02   1.80332E-02  -5.97689E-03   1.83598E-02  -5.01386E-04   1.42462E-02   4.45948E-03   6.89597E-03   8.06004E-03  -1.76640E-03   9.81153E-03  -9.55874E-03   9.59244E-03  -1.45430E-02   7.58360E-03  -1.54473E-02   4.15969E-03  -1.19086E-02  -2.28859E-04  -4.47632E-03  -5.15768E-03   5.63539E-03  -1.03022E-02   1.70106E-02
 1.01100E+02   2.35463E-02  -6.28883E-03   2.48241E-02  -1.57900E-02   1.95587E-02  -2.28243E-02   1.11876E-02  -2.52643E-02   2.14272E-03  -2.27756E-02  -5.88183E-03  -1.57795E-02  -1.15325E-02  -5.90015E-03  -1.40641E-02   4.55120E-03  -1.34305E-02   1.31899E-02  -1.02063E-02   1.81378E-02  -5.38378E-03   1.84487E-02  -1.12161E-04   1.42951E-02   4.55216E-03   6.88914E-03   7.82999E-03  -1.83173E-03   9.30857E-03  -9.67086E-03   8.93455E-03  -1.46779E-02   6.93353E-03  -1.55733E-02   3.69190E-03  -1.19931E-02  -3.62192E-04  -4.49130E-03  -4.85194E-03   5.70875E-03  -9.50807E-03   1.71810E-02
 1.01800E+02   2.31687E-02  -6.15051E-03   2.42935E-02  -1.56761E-02   1.89705E-02  -2.27591E-02   1.06447E-02  -2.52425E-02   1.74283E-03  -2.27785E-02  -6.05413E-03  -1.57837E-02  -1.14309E-02  -5.88620E-03  -1.36976E-02   4.59252E-03  -1.28679E-02   1.32554E-02  -9.56469E-03   1.82137E-02  -4.80416E-03   1.85151E-02   2.72550E-04   1.43325E-02   4.64955E-03   6.88403E-03   7.61235E-03  -1.88232E-03   8.82278E-03  -9.75833E-03   8.29490E-03  -1.47835E-02   6.29898E-03  -1.56723E-02   3.23356E-03  -1.20593E-02  -4.94707E-04  -4.50260E-03  -4.55557E-03   5.76740E-03  -8.73414E-03   1.73166E-02
 1.02600E+02   2.27728E-02  -5.96356E-03   2.37290E-02  -1.55106E-02   1.83355E-02  -2.26511E-02   1.00500E-02  -2.51922E-02   1.29644E-03  -2.27683E-02  -6.25610E-03  -1.57890E-02  -1.13330E-02  -5.88470E-03  -1.33055E-02   4.61435E-03  -1.22540E-02   1.32990E-02  -8.85661E-03   1.82694E-02  -4.15846E-03   1.85666E-02   7.06716E-04   1.43623E-02   4.76685E-03   6.87983E-03   7.37916E-03  -1.92430E-03   8.28902E-03  -9.83154E-03   7.58659E-03  -1.48724E-02   5.59306E-03  -1.57557E-02   2.72143E-03  -1.21150E-02  -6.45184E-04  -4.51141E-03  -4.22855E-03   5.81838E-03  -7.87482E-03   1.74334E-02
 1.03300E+02   2.24579E-02  -5.77828E-03   2.32720E-02  -1.53392E-02   1.78127E-02  -2.25313E-02   9.55217E-03  -2.51288E-02   9.15048E-04  -2.27489E-02  -6.43743E-03  -1.57940E-02  -1.12636E-02  -5.89422E-03  -1.29860E-02   4.61415E-03  -1.17422E-02   1.33131E-02  -8.25913E-03   1.82943E-02  -3.60800E-03   1.85926E-02   1.08195E-03   1.43784E-02   4.87490E-03   6.87720E-03   7.18884E-03  -1.94895E-03   7.84079E-03  -9.87494E-03   6.98668E-03  -1.49255E-02   4.99219E-03  -1.58056E-02   2.28347E-03  -1.21480E-02  -7.76074E-04  -4.51582E-03  -3.95265E-03   5.85055E-03  -7.14490E-03   1.75059E-02
 1.04000E+02   2.21722E-02  -5.57578E-03   2.28495E-02  -1.51466E-02   1.73205E-02  -2.23913E-02   9.07519E-03  -2.50498E-02   5.42046E-04  -2.27211E-02  -6.62323E-03  -1.57990E-02  -1.12094E-02  -5.91233E-03  -1.26883E-02   4.59846E-03  -1.12540E-02   1.33078E-02  -7.68202E-03   1.82995E-02  -3.07084E-03   1.86029E-02   1.45307E-03   1.43859E-02   4.98814E-03   6.87515E-03   7.01134E-03  -1.96386E-03   7.40997E-03  -9.90143E-03   6.40507E-03  -1.49581E-02   4.40673E-03  -1.58362E-02   1.85474E-03  -1.21679E-02  -9.06332E-04  -4.51738E-03  -3.68621E-03   5.87246E-03  -6.43518E-03   1.75536E-02
 1.04800E+02   2.18814E-02  -5.32671E-03   2.24083E-02  -1.49048E-02   1.67949E-02  -2.22105E-02   8.55516E-03  -2.49433E-02   1.25658E-04  -2.26803E-02  -6.84126E-03  -1.58046E-02  -1.11661E-02  -5.94176E-03  -1.23748E-02   4.56436E-03  -1.07246E-02   1.32812E-02  -7.04685E-03   1.82846E-02  -2.47267E-03   1.85977E-02   1.87257E-03   1.43851E-02   5.12407E-03   6.87308E-03   6.82402E-03  -1.97070E-03   6.93853E-03  -9.91359E-03   5.76221E-03  -1.49733E-02   3.75592E-03  -1.58503E-02   1.37565E-03  -1.21763E-02  -1.05457E-03  -4.51594E-03  -3.39305E-03   5.88642E-03  -5.64811E-03   1.75814E-02
 1.05500E+02   2.16577E-02  -5.09609E-03   2.20583E-02  -1.46775E-02   1.63666E-02  -2.20370E-02   8.12154E-03  -2.48381E-02  -2.30421E-04  -2.26378E-02  -7.03719E-03  -1.58090E-02  -1.11444E-02  -5.97373E-03  -1.21234E-02   4.52264E-03  -1.02857E-02   1.32425E-02  -6.51177E-03   1.82556E-02  -1.96244E-03   1.85799E-02   2.23598E-03   1.43767E-02   5.24883E-03   6.87112E-03   6.67353E-03  -1.96914E-03   6.54384E-03  -9.91044E-03   5.21817E-03  -1.49695E-02   3.20181E-03  -1.58464E-02   9.65484E-04  -1.21723E-02  -1.18388E-03  -4.51201E-03  -3.14617E-03   5.89012E-03  -4.97967E-03   1.75848E-02
 1.06300E+02   2.14365E-02  -4.82100E-03   2.16987E-02  -1.44033E-02   1.59126E-02  -2.18246E-02   7.64966E-03  -2.47065E-02  -6.28481E-04  -2.25824E-02  -7.26722E-03  -1.58132E-02  -1.11380E-02  -6.01580E-03  -1.18618E-02   4.46383E-03  -9.81117E-03   1.31834E-02  -5.92299E-03   1.82068E-02  -1.39355E-03   1.85463E-02   2.64768E-03   1.43592E-02   5.39820E-03   6.86823E-03   6.51655E-03  -1.96023E-03   6.11245E-03  -9.89327E-03   4.61658E-03  -1.49482E-02   2.58516E-03  -1.58254E-02   5.06392E-04  -1.21561E-02  -1.33139E-03  -4.50465E-03  -2.87459E-03   5.88587E-03  -4.23776E-03   1.75675E-02
 1.07100E+02   2.12514E-02  -4.53654E-03   2.13810E-02  -1.41172E-02   1.54952E-02  -2.16003E-02   7.20211E-03  -2.45649E-02  -1.01770E-03  -2.25207E-02  -7.50399E-03  -1.58162E-02  -1.11510E-02  -6.06219E-03  -1.16268E-02   4.39552E-03  -9.36443E-03   1.31112E-02  -5.35735E-03   1.81436E-02  -8.38860E-04   1.85001E-02   3.05615E-03   1.43338E-02   5.55494E-03   6.86414E-03   6.37518E-03  -1.94517E-03   5.70119E-03  -9.86370E-03   4.03542E-03  -1.49109E-02   1.98515E-03  -1.57887E-02   5.68390E-05  -1.21287E-02  -1.47883E-03  -4.49435E-03  -2.61377E-03   5.87372E-03  -3.51801E-03   1.75303E-02
 1.07800E+02   2.11182E-02  -4.28212E-03   2.11364E-02  -1.38598E-02   1.51590E-02  -2.13966E-02   6.82963E-03  -2.44346E-02  -1.35158E-03  -2.24623E-02  -7.71687E-03  -1.58175E-02  -1.11780E-02  -6.10515E-03  -1.14425E-02   4.32971E-03  -8.99549E-03   1.30392E-02  -4.88043E-03   1.80783E-02  -3.64313E-04   1.84506E-02   3.41144E-03   1.43055E-02   5.69823E-03   6.85918E-03   6.26392E-03  -1.92804E-03   5.35711E-03  -9.82916E-03   3.54269E-03  -1.48668E-02   1.47287E-03  -1.57451E-02  -3.29366E-04  -1.20965E-02  -1.60797E-03  -4.48298E-03  -2.39394E-03   5.85746E-03  -2.90525E-03   1.74832E-02
 1.08600E+02   2.09981E-02  -3.98729E-03   2.08941E-02  -1.35600E-02   1.48070E-02  -2.11576E-02   6.42482E-03  -2.42797E-02  -1.72616E-03  -2.23911E-02  -7.96690E-03  -1.58170E-02  -1.12263E-02  -6.15567E-03  -1.12555E-02   4.24943E-03  -8.59787E-03   1.29487E-02  -4.35484E-03   1.79938E-02   1.66667E-04   1.83845E-02   3.81568E-03   1.42665E-02   5.86913E-03   6.85144E-03   6.15055E-03  -1.90505E-03   4.98101E-03  -9.78126E-03   2.99647E-03  -1.48048E-02   9.00823E-04  -1.56835E-02  -7.63356E-04  -1.20508E-02  -1.75592E-03  -4.46734E-03  -2.15174E-03   5.83327E-03  -2.22304E-03   1.74144E-02
 1.09400E+02   2.09112E-02  -3.69033E-03   2.06902E-02  -1.32570E-02   1.44879E-02  -2.09143E-02   6.04121E-03  -2.41202E-02  -2.09398E-03  -2.23158E-02  -8.22432E-03  -1.58139E-02  -1.12931E-02  -6.20644E-03  -1.10928E-02   4.16550E-03  -8.22473E-03   1.28513E-02  -3.84876E-03   1.79004E-02   6.86598E-04   1.83094E-02   4.21866E-03   1.42206E-02   6.04774E-03   6.84096E-03   6.05139E-03  -1.87953E-03   4.62222E-03  -9.72579E-03   2.46705E-03  -1.47319E-02   3.41899E-04  -1.56103E-02  -1.19031E-03  -1.19965E-02  -1.90447E-03  -4.44884E-03  -1.91860E-03   5.80385E-03  -1.55863E-03   1.73313E-02
 1.10200E+02   2.08566E-02  -3.39335E-03   2.05234E-02  -1.29530E-02   1.42004E-02  -2.06689E-02   5.67770E-03  -2.39574E-02  -2.45575E-03  -2.22367E-02  -8.48932E-03  -1.58079E-02  -1.13779E-02  -6.25620E-03  -1.09535E-02   4.07960E-03  -7.87489E-03   1.27488E-02  -3.36090E-03   1.77994E-02   1.19659E-03   1.82261E-02   4.62105E-03   1.41678E-02   6.23415E-03   6.82718E-03   5.96593E-03  -1.85249E-03   4.27971E-03  -9.66399E-03   1.95316E-03  -1.46492E-02  -2.05140E-04  -1.55266E-02  -1.61110E-03  -1.19339E-02  -2.05385E-03  -4.42744E-03  -1.69390E-03   5.76987E-03  -9.10505E-04   1.72351E-02
 1.11000E+02   2.08332E-02  -3.09827E-03   2.03923E-02  -1.26505E-02   1.39433E-02  -2.04233E-02   5.33318E-03  -2.37925E-02  -2.81220E-03  -2.21541E-02  -8.76209E-03  -1.57983E-02  -1.14804E-02  -6.30375E-03  -1.08369E-02   3.99326E-03  -7.54715E-03   1.26426E-02  -2.89000E-03   1.76920E-02   1.69771E-03   1.81350E-02   5.02351E-03   1.41082E-02   6.42846E-03   6.80951E-03   5.89365E-03  -1.82490E-03   3.95250E-03  -9.59696E-03   1.45354E-03  -1.45578E-02  -7.41504E-04  -1.54332E-02  -2.02658E-03  -1.18635E-02  -2.20428E-03  -4.40304E-03  -1.47706E-03   5.73190E-03  -2.77154E-04   1.71268E-02
 1.11800E+02   2.08400E-02  -2.80689E-03   2.02957E-02  -1.23514E-02   1.37152E-02  -2.01791E-02   5.00659E-03  -2.36266E-02  -3.16399E-03  -2.20684E-02  -9.04282E-03  -1.57845E-02  -1.16002E-02  -6.34795E-03  -1.07420E-02   3.90790E-03  -7.24035E-03   1.25341E-02  -2.43483E-03   1.75791E-02   2.19100E-03   1.80366E-02   5.42666E-03   1.40415E-02   6.63072E-03   6.78736E-03   5.83406E-03  -1.79762E-03   3.63961E-03  -9.52561E-03   9.66966E-04  -1.44585E-02  -1.26836E-03  -1.53304E-02  -2.43756E-03  -1.17854E-02  -2.35597E-03  -4.37551E-03  -1.26749E-03   5.69040E-03   3.42868E-04   1.70073E-02
 1.12600E+02   2.08760E-02  -2.52088E-03   2.02324E-02  -1.20577E-02   1.35150E-02  -1.99381E-02   4.69688E-03  -2.34605E-02  -3.51179E-03  -2.19796E-02  -9.33164E-03  -1.57661E-02  -1.17369E-02  -6.38768E-03  -1.06680E-02   3.82480E-03  -6.95337E-03   1.24244E-02  -1.99420E-03   1.74615E-02   2.67746E-03   1.79312E-02   5.83110E-03   1.39676E-02   6.84099E-03   6.76009E-03   5.78664E-03  -1.77145E-03   3.34010E-03  -9.45072E-03   4.92284E-04  -1.43519E-02  -1.78682E-03  -1.52187E-02  -2.84482E-03  -1.16998E-02  -2.50911E-03  -4.34465E-03  -1.06463E-03   5.64574E-03   9.50946E-04   1.68770E-02
 1.13400E+02   2.09403E-02  -2.24183E-03   2.02011E-02  -1.17711E-02   1.33413E-02  -1.97014E-02   4.40306E-03  -2.32950E-02  -3.85620E-03  -2.18877E-02  -9.62868E-03  -1.57422E-02  -1.18901E-02  -6.42187E-03  -1.06141E-02   3.74519E-03  -6.68511E-03   1.23146E-02  -1.56698E-03   1.73399E-02   3.15803E-03   1.78188E-02   6.23735E-03   1.38861E-02   7.05930E-03   6.72704E-03   5.75091E-03  -1.74715E-03   3.05308E-03  -9.37294E-03   2.83861E-05  -1.42383E-02  -2.29793E-03  -1.50982E-02  -3.24908E-03  -1.16064E-02  -2.66386E-03  -4.31027E-03  -8.67949E-04   5.59822E-03   1.54838E-03   1.67364E-02
 1.14200E+02   2.10319E-02  -1.97123E-03   2.02006E-02  -1.14932E-02   1.31930E-02  -1.94706E-02   4.12418E-03  -2.31307E-02  -4.19780E-03  -2.17927E-02  -9.93404E-03  -1.57123E-02  -1.20595E-02  -6.44944E-03  -1.05795E-02   3.67019E-03  -6.43454E-03   1.22055E-02  -1.15210E-03   1.72146E-02   3.63356E-03   1.76995E-02   6.64591E-03   1.37965E-02   7.28565E-03   6.68753E-03   5.72639E-03  -1.72542E-03   2.77768E-03  -9.29283E-03  -4.25764E-04  -1.41181E-02  -2.80267E-03  -1.49689E-02  -3.65100E-03  -1.15053E-02  -2.82039E-03  -4.27211E-03  -6.76952E-04   5.54807E-03   2.13640E-03   1.65856E-02
 1.15100E+02   2.11664E-02  -1.67871E-03   2.02354E-02  -1.11931E-02   1.30551E-02  -1.92194E-02   3.82715E-03  -2.29482E-02  -4.57939E-03  -2.16819E-02  -1.02876E-02  -1.56705E-02  -1.22688E-02  -6.47122E-03  -1.05626E-02   3.59269E-03  -6.17253E-03   1.20848E-02  -6.98860E-04   1.70697E-02   4.16352E-03   1.75567E-02   7.10882E-03   1.36853E-02   7.54985E-03   6.63445E-03   5.71161E-03  -1.70490E-03   2.48075E-03  -9.20046E-03  -9.26228E-04  -1.39752E-02  -3.36399E-03  -1.48129E-02  -4.10112E-03  -1.13817E-02  -2.99875E-03  -4.22432E-03  -4.68286E-04   5.48870E-03   2.78805E-03   1.64036E-02
 1.15900E+02   2.13128E-02  -1.43082E-03   2.02965E-02  -1.09391E-02   1.29570E-02  -1.90048E-02   3.57704E-03  -2.27885E-02  -4.91670E-03  -2.15798E-02  -1.06108E-02  -1.56253E-02  -1.24710E-02  -6.48120E-03  -1.05664E-02   3.53104E-03  -5.95626E-03   1.19799E-02  -3.06952E-04   1.69378E-02   4.63092E-03   1.74219E-02   7.52362E-03   1.35766E-02   7.79312E-03   6.57875E-03   5.70932E-03  -1.69084E-03   2.22743E-03  -9.11675E-03  -1.36276E-03  -1.38412E-02  -3.85804E-03  -1.46644E-02  -4.49999E-03  -1.12629E-02  -3.15942E-03  -4.17716E-03  -2.87841E-04   5.43341E-03   3.35965E-03   1.62308E-02
 1.16700E+02   2.14836E-02  -1.19576E-03   2.03847E-02  -1.06987E-02   1.28807E-02  -1.87995E-02   3.33916E-03  -2.26315E-02  -5.25269E-03  -2.14738E-02  -1.09423E-02  -1.55715E-02  -1.26880E-02  -6.48124E-03  -1.05870E-02   3.47724E-03  -5.75467E-03   1.18780E-02   7.55264E-05   1.68029E-02   5.09553E-03   1.72792E-02   7.94182E-03   1.34578E-02   8.04421E-03   6.51423E-03   5.71678E-03  -1.68138E-03   1.98335E-03  -9.03182E-03  -1.79230E-03  -1.37007E-02  -4.34821E-03  -1.45063E-02  -4.89817E-03  -1.11350E-02  -3.32217E-03  -4.12523E-03  -1.11721E-04   5.37581E-03   3.92497E-03   1.60471E-02
 1.17600E+02   2.17037E-02  -9.48339E-04   2.05150E-02  -1.04461E-02   1.28199E-02  -1.85810E-02   3.08522E-03  -2.24587E-02  -5.62952E-03  -2.13498E-02  -1.13251E-02  -1.54999E-02  -1.29492E-02  -6.46805E-03  -1.06294E-02   3.42731E-03  -5.54437E-03   1.17677E-02   4.95520E-04   1.66477E-02   5.61554E-03   1.71088E-02   8.41662E-03   1.33112E-02   8.33582E-03   6.43006E-03   5.73622E-03  -1.67697E-03   1.71901E-03  -8.93508E-03  -2.26803E-03  -1.35344E-02  -4.89575E-03  -1.43165E-02  -5.34573E-03  -1.09797E-02  -3.50776E-03  -4.06065E-03   8.16896E-05   5.30826E-03   4.55443E-03   1.58269E-02
 1.18400E+02   2.19230E-02  -7.45000E-04   2.06572E-02  -1.02391E-02   1.27867E-02  -1.83989E-02   2.87084E-03  -2.23088E-02  -5.96379E-03  -2.12347E-02  -1.16740E-02  -1.54254E-02  -1.31959E-02  -6.44335E-03  -1.06832E-02   3.39337E-03  -5.37114E-03   1.16740E-02   8.60477E-04   1.65067E-02   6.07588E-03   1.69479E-02   8.84261E-03   1.31684E-02   8.60289E-03   6.34398E-03   5.76279E-03  -1.67925E-03   1.49247E-03  -8.84818E-03  -2.68490E-03  -1.33791E-02  -5.37952E-03  -1.41363E-02  -5.74353E-03  -1.08307E-02  -3.67496E-03  -3.99731E-03   2.49765E-04   5.24571E-03   5.10885E-03   1.56186E-02
 1.19300E+02   2.21951E-02  -5.36622E-04   2.08451E-02  -1.00277E-02   1.27715E-02  -1.82088E-02   2.64153E-03  -2.21447E-02  -6.33938E-03  -2.10993E-02  -1.20759E-02  -1.53279E-02  -1.34891E-02  -6.39954E-03  -1.07610E-02   3.36816E-03  -5.19066E-03   1.15741E-02   1.26245E-03   1.63444E-02   6.59206E-03   1.67555E-02   9.32630E-03   1.29926E-02   8.91182E-03   6.23333E-03   5.80252E-03  -1.68954E-03   1.24637E-03  -8.74955E-03  -3.14780E-03  -1.31954E-02  -5.92094E-03  -1.39199E-02  -6.19121E-03  -1.06499E-02  -3.86549E-03  -3.91882E-03   4.34884E-04   5.17244E-03   5.72749E-03   1.53690E-02
 1.20100E+02   2.24583E-02  -3.70969E-04   2.10356E-02  -9.86041E-03   1.27766E-02  -1.80540E-02   2.44753E-03  -2.20029E-02  -6.67297E-03  -2.09731E-02  -1.24411E-02  -1.52283E-02  -1.37628E-02  -6.34510E-03  -1.08444E-02   3.35829E-03  -5.04217E-03   1.14907E-02   1.61271E-03   1.61966E-02   7.04961E-03   1.65734E-02   9.76005E-03   1.28216E-02   9.19353E-03   6.12166E-03   5.84600E-03  -1.70618E-03   1.03484E-03  -8.66114E-03  -3.55430E-03  -1.30236E-02  -6.39995E-03  -1.37146E-02  -6.58936E-03  -1.04766E-02  -4.03689E-03  -3.84212E-03   5.96172E-04   5.10461E-03   6.27326E-03   1.51328E-02
 1.21000E+02   2.27770E-02  -2.08324E-04   2.12748E-02  -9.69711E-03   1.28018E-02  -1.78969E-02   2.23955E-03  -2.18484E-02  -7.04809E-03  -2.08239E-02  -1.28604E-02  -1.51002E-02  -1.40844E-02  -6.26497E-03  -1.09533E-02   3.36245E-03  -4.88757E-03   1.14034E-02   1.99943E-03   1.60262E-02   7.56305E-03   1.63553E-02   1.02520E-02   1.26114E-02   9.51786E-03   5.97984E-03   5.90342E-03  -1.73406E-03   8.04408E-04  -8.56088E-03  -4.00639E-03  -1.28202E-02  -6.93643E-03  -1.34679E-02  -7.03743E-03  -1.02664E-02  -4.23181E-03  -3.74741E-03   7.74200E-04   5.02510E-03   6.88286E-03   1.48499E-02
 1.21900E+02   2.31178E-02  -7.25787E-05   2.15384E-02  -9.56202E-03   1.28461E-02  -1.77591E-02   2.04163E-03  -2.16994E-02  -7.42302E-03  -2.06663E-02  -1.32880E-02  -1.49538E-02  -1.44195E-02  -6.16326E-03  -1.10768E-02   3.38401E-03  -4.74517E-03   1.13236E-02   2.37890E-03   1.58510E-02   8.07505E-03   1.61219E-02   1.07477E-02   1.23809E-02   9.84926E-03   5.81955E-03   5.96909E-03  -1.77241E-03   5.81401E-04  -8.45975E-03  -4.45320E-03  -1.26052E-02  -7.47029E-03  -1.32033E-02  -7.48541E-03  -1.00390E-02  -4.42865E-03  -3.64312E-03   9.48808E-04   4.94198E-03   7.48783E-03   1.45473E-02
 1.22800E+02   2.34790E-02   3.44329E-05   2.18242E-02  -9.45702E-03   1.29080E-02  -1.76417E-02   1.85301E-03  -2.15559E-02  -7.79762E-03  -2.04996E-02  -1.37228E-02  -1.47875E-02  -1.47667E-02  -6.03836E-03  -1.12136E-02   3.42421E-03  -4.61393E-03   1.12517E-02   2.75152E-03   1.56705E-02   8.58537E-03   1.58721E-02   1.12463E-02   1.21286E-02   1.01868E-02   5.63938E-03   6.04213E-03  -1.82201E-03   3.65312E-04  -8.35768E-03  -4.89480E-03  -1.23777E-02  -8.00124E-03  -1.29196E-02  -7.93282E-03  -9.79300E-03  -4.62701E-03  -3.52854E-03   1.12014E-03   4.85500E-03   8.08797E-03   1.42238E-02
 1.23600E+02   2.38154E-02   1.03976E-04   2.20952E-02  -9.39041E-03   1.29763E-02  -1.75554E-02   1.69253E-03  -2.14333E-02  -8.13011E-03  -2.03429E-02  -1.41146E-02  -1.46220E-02  -1.50842E-02  -5.90656E-03  -1.13452E-02   3.47657E-03  -4.50585E-03   1.11947E-02   3.07723E-03   1.55052E-02   9.03721E-03   1.56353E-02   1.16912E-02   1.18847E-02   1.04910E-02   5.46144E-03   6.11252E-03  -1.87615E-03   1.78685E-04  -8.26608E-03  -5.28286E-03  -1.21643E-02  -8.47032E-03  -1.26502E-02  -8.32950E-03  -9.55769E-03  -4.80420E-03  -3.41746E-03   1.26975E-03   4.77424E-03   8.61698E-03   1.39174E-02
 1.24500E+02   2.42091E-02   1.51847E-04   2.24168E-02  -9.34715E-03   1.30666E-02  -1.74797E-02   1.51943E-03  -2.13008E-02  -8.50324E-03  -2.01566E-02  -1.45601E-02  -1.44144E-02  -1.54498E-02  -5.73349E-03  -1.15029E-02   3.55525E-03  -4.39297E-03   1.11389E-02   3.43758E-03   1.53134E-02   9.54290E-03   1.53511E-02   1.21925E-02   1.15868E-02   1.08368E-02   5.24000E-03   6.19694E-03  -1.94904E-03  -2.54724E-05  -8.16193E-03  -5.71413E-03  -1.19109E-02  -8.99409E-03  -1.23265E-02  -8.77381E-03  -9.27309E-03  -5.00396E-03  -3.28148E-03   1.43504E-03   4.67924E-03   9.20641E-03   1.35502E-02
 1.25400E+02   2.46166E-02   1.65962E-04   2.27538E-02  -9.33906E-03   1.31692E-02  -1.74275E-02   1.35354E-03  -2.11742E-02  -8.87488E-03  -1.99587E-02  -1.50092E-02  -1.41829E-02  -1.58226E-02  -5.53271E-03  -1.16692E-02   3.65595E-03  -4.28837E-03   1.10920E-02   3.79152E-03   1.51149E-02   1.00450E-02   1.50470E-02   1.26933E-02   1.12625E-02   1.11848E-02   4.99477E-03   6.28589E-03  -2.03528E-03  -2.23783E-04  -8.05650E-03  -6.13932E-03  -1.16425E-02  -9.51270E-03  -1.19799E-02  -9.21497E-03  -8.96621E-03  -5.20347E-03  -3.13318E-03   1.59707E-03   4.57960E-03   9.78880E-03   1.31579E-02
 1.26300E+02   2.50353E-02   1.44760E-04   2.31032E-02  -9.36768E-03   1.32823E-02  -1.73998E-02   1.19422E-03  -2.10537E-02  -9.24433E-03  -1.97485E-02  -1.54601E-02  -1.39261E-02  -1.62003E-02  -5.30281E-03  -1.18424E-02   3.77971E-03  -4.19103E-03   1.10546E-02   4.13894E-03   1.49091E-02   1.05422E-02   1.47217E-02   1.31917E-02   1.09105E-02   1.15335E-02   4.72451E-03   6.37821E-03  -2.13552E-03  -4.16487E-04  -7.94964E-03  -6.55774E-03  -1.13581E-02  -1.00249E-02  -1.16089E-02  -9.65162E-03  -8.63585E-03  -5.40190E-03  -2.97189E-03   1.75571E-03   4.47503E-03   1.03628E-02   1.27390E-02
 1.27300E+02   2.55102E-02   7.80725E-05   2.35025E-02  -9.44427E-03   1.34175E-02  -1.73988E-02   1.02412E-03  -2.09268E-02  -9.65124E-03  -1.94996E-02  -1.59610E-02  -1.36097E-02  -1.66229E-02  -5.01164E-03  -1.20403E-02   3.94539E-03  -4.09017E-03   1.10243E-02   4.51701E-03   1.46714E-02   1.10875E-02   1.43341E-02   1.37404E-02   1.04852E-02   1.19191E-02   4.39350E-03   6.48323E-03  -2.26403E-03  -6.24233E-04  -7.82904E-03  -7.01364E-03  -1.10225E-02  -1.05845E-02  -1.11667E-02  -1.01296E-02  -8.23989E-03  -5.61994E-03  -2.77674E-03   1.92774E-03   4.35276E-03   1.09888E-02   1.22409E-02
 1.28200E+02   2.59427E-02  -2.20872E-05   2.38681E-02  -9.55482E-03   1.35456E-02  -1.74255E-02   8.76581E-04  -2.08190E-02  -1.00131E-02  -1.92611E-02  -1.64093E-02  -1.32957E-02  -1.70031E-02  -4.71620E-03  -1.22210E-02   4.12074E-03  -4.00482E-03   1.10074E-02   4.84971E-03   1.44488E-02   1.15700E-02   1.39607E-02   1.42272E-02   1.00705E-02   1.22624E-02   4.06684E-03   6.57848E-03  -2.39565E-03  -8.05591E-04  -7.71866E-03  -7.41464E-03  -1.07020E-02  -1.10776E-02  -1.07406E-02  -1.05512E-02  -7.85645E-03  -5.81279E-03  -2.58618E-03   2.07846E-03   4.23700E-03   1.15394E-02   1.17619E-02
 1.29100E+02   2.63767E-02  -1.61275E-04   2.42360E-02  -9.70580E-03   1.36770E-02  -1.74789E-02   7.33688E-04  -2.07173E-02  -1.03697E-02  -1.90084E-02  -1.68526E-02  -1.29533E-02  -1.73801E-02  -4.38821E-03  -1.24018E-02   4.32161E-03  -3.92352E-03   1.10006E-02   5.17470E-03   1.42176E-02   1.20426E-02   1.35633E-02   1.47046E-02   9.62434E-03   1.25994E-02   3.71212E-03   6.67294E-03  -2.54280E-03  -9.81680E-04  -7.60642E-03  -7.80548E-03  -1.03634E-02  -1.15585E-02  -1.02870E-02  -1.09625E-02  -7.44654E-03  -6.00118E-03  -2.38104E-03   2.22491E-03   4.11560E-03   1.20755E-02   1.12529E-02
 1.30000E+02   2.68086E-02  -3.40158E-04   2.46025E-02  -9.89786E-03   1.38096E-02  -1.75593E-02   5.94859E-04  -2.06216E-02  -1.07197E-02  -1.87409E-02  -1.72884E-02  -1.25818E-02  -1.77511E-02  -4.02703E-03  -1.25803E-02   4.54844E-03  -3.84521E-03   1.10039E-02   5.49135E-03   1.39776E-02   1.25034E-02   1.31413E-02   1.51698E-02   9.14621E-03   1.29278E-02   3.32876E-03   6.76508E-03  -2.70577E-03  -1.15249E-03  -7.49221E-03  -8.18469E-03  -1.00062E-02  -1.20250E-02  -9.80527E-03  -1.13613E-02  -7.00958E-03  -6.18380E-03  -2.16102E-03   2.36669E-03   3.98844E-03   1.25947E-02   1.07131E-02
 1.31000E+02   2.72813E-02  -5.85861E-04   2.50033E-02  -1.01598E-02   1.39549E-02  -1.76806E-02   4.44686E-04  -2.05223E-02  -1.10991E-02  -1.84263E-02  -1.77603E-02  -1.21343E-02  -1.81521E-02  -3.58638E-03  -1.27727E-02   4.83118E-03  -3.76039E-03   1.10194E-02   5.83253E-03   1.37002E-02   1.29987E-02   1.26430E-02   1.56687E-02   8.57696E-03   1.32790E-02   2.86887E-03   6.86280E-03  -2.90556E-03  -1.33602E-03  -7.36290E-03  -8.59040E-03  -9.58727E-03  -1.25231E-02  -9.23660E-03  -1.17866E-02  -6.49197E-03  -6.37819E-03  -1.89890E-03   2.51816E-03   3.84028E-03   1.31482E-02   1.00770E-02
 1.31900E+02   2.76960E-02  -8.49151E-04   2.53537E-02  -1.04391E-02   1.40810E-02  -1.78184E-02   3.12599E-04  -2.04391E-02  -1.14304E-02  -1.81273E-02  -1.81708E-02  -1.17005E-02  -1.84993E-02  -3.15441E-03  -1.29376E-02   5.11323E-03  -3.68483E-03   1.10441E-02   6.12907E-03   1.34410E-02   1.34267E-02   1.21681E-02   1.60981E-02   8.03043E-03   1.35796E-02   2.42444E-03   6.94472E-03  -3.10217E-03  -1.49544E-03  -7.24433E-03  -8.93952E-03  -9.19032E-03  -1.29502E-02  -8.69471E-03  -1.21504E-02  -5.99722E-03  -6.54384E-03  -1.64713E-03   2.64844E-03   3.70074E-03   1.36222E-02   9.47164E-03
 1.32900E+02   2.81397E-02  -1.18785E-03   2.57265E-02  -1.07972E-02   1.42125E-02  -1.80028E-02   1.68573E-04  -2.03534E-02  -1.17852E-02  -1.77778E-02  -1.86071E-02  -1.11844E-02  -1.88654E-02  -2.63569E-03  -1.31083E-02   5.45681E-03  -3.60038E-03   1.10831E-02   6.44575E-03   1.31424E-02   1.38795E-02   1.16116E-02   1.65490E-02   7.38568E-03   1.38926E-02   1.89717E-03   7.02690E-03  -3.33902E-03  -1.66600E-03  -7.11016E-03  -9.30727E-03  -8.72745E-03  -1.33977E-02  -8.05964E-03  -1.25299E-02  -5.41585E-03  -6.71557E-03  -1.35000E-03   2.78580E-03   3.53891E-03   1.41180E-02   8.76305E-03
 1.33800E+02   2.85191E-02  -1.53308E-03   2.60423E-02  -1.11612E-02   1.43202E-02  -1.81962E-02   4.08487E-05  -2.02823E-02  -1.20906E-02  -1.74480E-02  -1.89784E-02  -1.06900E-02  -1.91732E-02  -2.13494E-03  -1.32475E-02   5.79246E-03  -3.52272E-03   1.11284E-02   6.71819E-03   1.28645E-02   1.42634E-02   1.10853E-02   1.69276E-02   6.77263E-03   1.41520E-02   1.39339E-03   7.09100E-03  -3.56827E-03  -1.81341E-03  -6.98729E-03  -9.61794E-03  -8.29181E-03  -1.37726E-02  -7.45928E-03  -1.28462E-02  -4.86495E-03  -6.85726E-03  -1.06738E-03   2.90209E-03   3.38734E-03   1.45328E-02   8.09392E-03
 1.34800E+02   2.89135E-02  -1.95954E-03   2.63662E-02  -1.16100E-02   1.44244E-02  -1.84403E-02  -9.95849E-05  -2.02096E-02  -1.24126E-02  -1.70656E-02  -1.93634E-02  -1.01091E-02  -1.94868E-02  -1.54258E-03  -1.33827E-02   6.19345E-03  -3.43329E-03   1.11896E-02   7.00569E-03   1.25459E-02   1.46605E-02   1.04738E-02   1.73136E-02   6.05677E-03   1.44116E-02   8.02648E-04   7.14909E-03  -3.84005E-03  -1.97018E-03  -6.84858E-03  -9.93808E-03  -7.78764E-03  -1.41546E-02  -6.76175E-03  -1.31657E-02  -4.22359E-03  -6.99838E-03  -7.37294E-04   3.02242E-03   3.21267E-03   1.49547E-02   7.31724E-03
 1.35800E+02   2.92739E-02  -2.42827E-03   2.66561E-02  -1.21026E-02   1.45090E-02  -1.87132E-02  -2.39086E-04  -2.01433E-02  -1.27140E-02  -1.66676E-02  -1.97153E-02  -9.49712E-03  -1.97657E-02  -9.14870E-04  -1.34938E-02   6.62210E-03  -3.33917E-03   1.12616E-02   7.27590E-03   1.22179E-02   1.50232E-02   9.83612E-03   1.76586E-02   5.30691E-03   1.46369E-02   1.81504E-04   7.19112E-03  -4.12863E-03  -2.11931E-03  -6.70780E-03  -1.02293E-02  -7.26382E-03  -1.44962E-02  -6.03444E-03  -1.34480E-02  -3.55360E-03  -7.12022E-03  -3.91447E-04   3.13260E-03   3.03193E-03   1.53313E-02   6.50811E-03
 1.36800E+02   2.95952E-02  -2.93552E-03   2.69067E-02  -1.26352E-02   1.45705E-02  -1.90125E-02  -3.78268E-04  -2.00832E-02  -1.29928E-02  -1.62556E-02  -2.00299E-02  -8.85712E-03  -2.00055E-02  -2.55073E-04  -1.35774E-02   7.07595E-03  -3.23905E-03   1.13436E-02   7.52758E-03   1.18817E-02   1.53479E-02   9.17491E-03   1.79582E-02   4.52637E-03   1.48242E-02  -4.67143E-04   7.21492E-03  -4.43248E-03  -2.26054E-03  -6.56530E-03  -1.04890E-02  -6.72241E-03  -1.47935E-02  -5.28037E-03  -1.36892E-02  -2.85784E-03  -7.22073E-03  -3.13841E-05   3.23185E-03   2.84576E-03   1.56583E-02   5.66985E-03
 1.37700E+02   2.98470E-02  -3.42127E-03   2.70947E-02  -1.31449E-02   1.46036E-02  -1.93023E-02  -5.03729E-04  -2.00340E-02  -1.32227E-02  -1.58746E-02  -2.02783E-02  -8.26015E-03  -2.01845E-02   3.62906E-04  -1.36265E-02   7.50353E-03  -3.14279E-03   1.14251E-02   7.73729E-03   1.15730E-02   1.56052E-02   8.56237E-03   1.81857E-02   3.80099E-03   1.49571E-02  -1.07154E-03   7.21909E-03  -4.71749E-03  -2.38071E-03  -6.43593E-03  -1.06939E-02  -6.22217E-03  -1.50204E-02  -4.58183E-03  -1.38684E-02  -2.21247E-03  -7.29138E-03   3.03290E-04   3.31124E-03   2.67425E-03   1.59071E-02   4.89382E-03
 1.38700E+02   3.00814E-02  -3.98866E-03   2.72579E-02  -1.37401E-02   1.46131E-02  -1.96437E-02  -6.43830E-04  -1.99845E-02  -1.34533E-02  -1.54420E-02  -2.05126E-02  -7.57740E-03  -2.03391E-02   1.07219E-03  -1.36492E-02   7.99672E-03  -3.02800E-03   1.15233E-02   7.95074E-03   1.12249E-02   1.58497E-02   7.86583E-03   1.83885E-02   2.97388E-03   1.50623E-02  -1.76227E-03   7.20291E-03  -5.04505E-03  -2.50635E-03  -6.29139E-03  -1.08876E-02  -5.65457E-03  -1.52243E-02  -3.78751E-03  -1.40226E-02  -1.47777E-03  -7.34634E-03   6.84964E-04   3.38786E-03   2.48012E-03   1.61299E-02   4.01186E-03
 1.39700E+02   3.02647E-02  -4.57956E-03   2.73696E-02  -1.43602E-02   1.45915E-02  -2.00021E-02  -7.85120E-04  -1.99400E-02  -1.36565E-02  -1.50023E-02  -2.07005E-02  -6.87873E-03  -2.04442E-02   1.80034E-03  -1.36363E-02   8.50527E-03  -2.90403E-03   1.16284E-02   8.14285E-03   1.08732E-02   1.60486E-02   7.15661E-03   1.85357E-02   2.12960E-03   1.51202E-02  -2.46879E-03   7.16338E-03  -5.38178E-03  -2.62358E-03  -6.14657E-03  -1.10441E-02  -5.07775E-03  -1.53751E-02  -2.97866E-03  -1.41272E-02  -7.28875E-04  -7.37519E-03   1.07463E-03   3.45178E-03   2.28328E-03   1.62934E-02   3.11419E-03
 1.40700E+02   3.03944E-02  -5.18766E-03   2.74270E-02  -1.49985E-02   1.45371E-02  -2.03736E-02  -9.28010E-04  -1.98999E-02  -1.38312E-02  -1.45583E-02  -2.08400E-02  -6.16927E-03  -2.04974E-02   2.54179E-03  -1.35859E-02   9.02507E-03  -2.77011E-03   1.17389E-02   8.31310E-03   1.05196E-02   1.62001E-02   6.43928E-03   1.86251E-02   1.27386E-03   1.51289E-02  -3.18613E-03   7.09934E-03  -5.72510E-03  -2.73236E-03  -6.00210E-03  -1.11620E-02  -4.49526E-03  -1.54708E-02  -2.16047E-03  -1.41803E-02   2.93231E-05  -7.37689E-03   1.46966E-03   3.50266E-03   2.08488E-03   1.63957E-02   2.20652E-03
 1.41800E+02   3.04730E-02  -5.86846E-03   2.74254E-02  -1.57139E-02   1.44380E-02  -2.07923E-02  -1.08745E-03  -1.98605E-02  -1.39898E-02  -1.40687E-02  -2.09362E-02  -5.38288E-03  -2.04944E-02   3.36571E-03  -1.34857E-02   9.60460E-03  -2.61060E-03   1.18653E-02   8.47487E-03   1.01312E-02   1.63111E-02   5.64667E-03   1.86553E-02   3.26521E-04   1.50799E-02  -3.98146E-03   6.99964E-03  -6.10712E-03  -2.84231E-03  -5.84437E-03  -1.12465E-02  -3.85244E-03  -1.55112E-02  -1.25622E-03  -1.41779E-02   8.67887E-04  -7.34660E-03   1.90707E-03   3.54335E-03   1.86629E-03   1.64360E-02   1.20373E-03
 1.42800E+02   3.04856E-02  -6.49075E-03   2.73643E-02  -1.63687E-02   1.43115E-02  -2.11774E-02  -1.23475E-03  -1.98284E-02  -1.41036E-02  -1.36258E-02  -2.09712E-02  -4.66859E-03  -2.04351E-02   4.11571E-03  -1.33533E-02   1.01336E-02  -2.45409E-03   1.19830E-02   8.59886E-03   9.78087E-03   1.63610E-02   4.92834E-03   1.86203E-02  -5.33405E-04   1.49818E-02  -4.70431E-03   6.88199E-03  -6.45534E-03  -2.93362E-03  -5.70280E-03  -1.12821E-02  -3.27038E-03  -1.54886E-02  -4.36470E-04  -1.41200E-02   1.62855E-03  -7.28957E-03   2.30420E-03   3.56644E-03   1.66861E-03   1.64067E-02   2.94883E-04
 1.43800E+02   3.04425E-02  -7.10917E-03   2.72467E-02  -1.70206E-02   1.41503E-02  -2.15624E-02  -1.38451E-03  -1.97992E-02  -1.41886E-02  -1.31885E-02  -2.09567E-02  -3.96066E-03  -2.03223E-02   4.86037E-03  -1.31816E-02   1.06601E-02  -2.28645E-03   1.21019E-02   8.70131E-03   9.43539E-03   1.63630E-02   4.21729E-03   1.85263E-02  -1.38566E-03   1.48330E-02  -5.42142E-03   6.73867E-03  -6.80155E-03  -3.01694E-03  -5.56368E-03  -1.12789E-02  -2.69455E-03  -1.54101E-02   3.75246E-04  -1.40096E-02   2.38210E-03  -7.20464E-03   2.69788E-03   3.57649E-03   1.47323E-03   1.63152E-02  -6.04885E-04
 1.44900E+02   3.03325E-02  -7.77703E-03   2.70537E-02  -1.77262E-02   1.39340E-02  -2.19807E-02  -1.55228E-03  -1.97700E-02  -1.42502E-02  -1.27173E-02  -2.08852E-02  -3.19573E-03  -2.01380E-02   5.66629E-03  -1.29485E-02   1.12309E-02  -2.08922E-03   1.22323E-02   8.79002E-03   9.06344E-03   1.63115E-02   3.44937E-03   1.83564E-02  -2.30706E-03   1.46119E-02  -6.19733E-03   6.55189E-03  -7.17680E-03  -3.09982E-03  -5.41426E-03  -1.12317E-02  -2.07282E-03  -1.52607E-02   1.25228E-03  -1.38289E-02   3.19656E-03  -7.07971E-03   3.12361E-03   3.57293E-03   1.26241E-03   1.61444E-02  -1.57693E-03
 1.45900E+02   3.01782E-02  -8.36608E-03   2.68229E-02  -1.83504E-02   1.37032E-02  -2.23519E-02  -1.70764E-03  -1.97457E-02  -1.42786E-02  -1.23011E-02  -2.07719E-02  -2.51844E-03  -1.99179E-02   6.38091E-03  -1.26979E-02   1.17380E-02  -1.89850E-03   1.23492E-02   8.85003E-03   8.73477E-03   1.62179E-02   2.76918E-03   1.81442E-02  -3.12387E-03   1.43610E-02  -6.88558E-03   6.35652E-03  -7.51006E-03  -3.16769E-03  -5.28237E-03  -1.11510E-02  -1.52208E-03  -1.50701E-02   2.02954E-03  -1.36129E-02   3.91853E-03  -6.93860E-03   3.50111E-03   3.55699E-03   1.07574E-03   1.59281E-02  -2.43831E-03
 1.47000E+02   2.99527E-02  -8.98709E-03   2.65121E-02  -1.90109E-02   1.34141E-02  -2.27460E-02  -1.88170E-03  -1.97206E-02  -1.42816E-02  -1.18599E-02  -2.05976E-02  -1.79905E-03  -1.96218E-02   7.14089E-03  -1.23819E-02   1.22779E-02  -1.67665E-03   1.24745E-02   8.89498E-03   8.38584E-03   1.60668E-02   2.04584E-03   1.78508E-02  -3.99302E-03   1.40330E-02  -7.61823E-03   6.11494E-03  -7.86505E-03  -3.23479E-03  -5.14233E-03  -1.10231E-02  -9.36181E-04  -1.48035E-02   2.85662E-03  -1.33217E-02   4.68686E-03  -6.75473E-03   3.90291E-03   3.52636E-03   8.77169E-04   1.56269E-02  -3.35489E-03
 1.48000E+02   2.97013E-02  -9.52167E-03   2.61821E-02  -1.95819E-02   1.31217E-02  -2.30878E-02  -2.04280E-03  -1.96991E-02  -1.42609E-02  -1.14764E-02  -2.03979E-02  -1.17282E-03  -1.93071E-02   7.80319E-03  -1.20608E-02   1.27489E-02  -1.46457E-03   1.25841E-02   8.91839E-03   8.08176E-03   1.58892E-02   1.41485E-03   1.75339E-02  -4.75149E-03   1.36910E-02  -8.25772E-03   5.87266E-03  -8.17495E-03  -3.28961E-03  -5.02011E-03  -1.08739E-02  -4.24742E-04  -1.45132E-02   3.57860E-03  -1.30117E-02   5.35754E-03  -6.56334E-03   4.25362E-03   3.48752E-03   7.03807E-04   1.52997E-02  -4.15500E-03
 1.49100E+02   2.93795E-02  -1.00715E-02   2.57725E-02  -2.01725E-02   1.27707E-02  -2.34422E-02  -2.22310E-03  -1.96764E-02  -1.42154E-02  -1.10762E-02  -2.01374E-02  -5.18745E-04  -1.89160E-02   8.49561E-03  -1.16738E-02   1.32417E-02  -1.22067E-03   1.26989E-02   8.92711E-03   7.76330E-03   1.56539E-02   7.53819E-04   1.71351E-02  -5.54618E-03   1.32710E-02  -8.92774E-03   5.58334E-03  -8.49953E-03  -3.34395E-03  -4.89174E-03  -1.06772E-02   1.11568E-04  -1.41461E-02   4.33551E-03  -1.26252E-02   6.06056E-03  -6.32847E-03   4.62115E-03   3.43384E-03   5.21933E-04   1.48862E-02  -4.99388E-03
 1.50200E+02   2.90165E-02  -1.05769E-02   2.53204E-02  -2.07193E-02   1.23929E-02  -2.37713E-02  -2.40654E-03  -1.96541E-02  -1.41493E-02  -1.07008E-02  -1.98397E-02   9.53563E-05  -1.84836E-02   9.14629E-03  -1.12554E-02   1.37051E-02  -9.66610E-04   1.28065E-02   8.92041E-03   7.46291E-03   1.53818E-02   1.30606E-04   1.66898E-02  -6.29533E-03   1.28102E-02  -9.55924E-03   5.27251E-03  -8.80512E-03  -3.39297E-03  -4.77011E-03  -1.04500E-02   6.17886E-04  -1.37342E-02   5.04971E-03  -1.21963E-02   6.72372E-03  -6.07077E-03   4.96767E-03   3.36999E-03   3.50097E-04   1.44228E-02  -5.78552E-03
 1.51200E+02   2.86567E-02  -1.09949E-02   2.48783E-02  -2.11753E-02   1.20296E-02  -2.40467E-02  -2.57592E-03  -1.96341E-02  -1.40743E-02  -1.03821E-02  -1.95417E-02   6.16663E-04  -1.80597E-02   9.69904E-03  -1.08515E-02   1.40988E-02  -7.27706E-04   1.28975E-02   8.90312E-03   7.20631E-03   1.51071E-02  -4.01102E-04   1.62501E-02  -6.93426E-03   1.23602E-02  -1.00976E-02   4.97349E-03  -9.06520E-03  -3.43376E-03  -4.66558E-03  -1.02207E-02   1.05056E-03  -1.33261E-02   5.65955E-03  -1.17742E-02   7.28971E-03  -5.81909E-03   5.26319E-03   3.30430E-03   2.03099E-04   1.39636E-02  -6.46156E-03
 1.52300E+02   2.82346E-02  -1.14071E-02   2.43644E-02  -2.16297E-02   1.16119E-02  -2.43219E-02  -2.76497E-03  -1.96120E-02  -1.39788E-02  -1.00573E-02  -1.91893E-02   1.14781E-03  -1.75654E-02   1.02626E-02  -1.03853E-02   1.45001E-02  -4.57182E-04   1.29895E-02   8.87420E-03   6.94269E-03   1.47798E-02  -9.46193E-04   1.57341E-02  -7.58884E-03   1.18363E-02  -1.06486E-02   4.62891E-03  -9.33080E-03  -3.47539E-03  -4.55737E-03  -9.94732E-03   1.49499E-03  -1.28454E-02   6.28524E-03  -1.12796E-02   7.87003E-03  -5.52577E-03   5.56589E-03   3.22494E-03   5.19008E-05   1.34228E-02  -7.15528E-03
 1.53400E+02   2.77917E-02  -1.17683E-02   2.38282E-02  -2.20335E-02   1.11792E-02  -2.45674E-02  -2.95675E-03  -1.95895E-02  -1.38731E-02  -9.75978E-03  -1.88168E-02   1.63380E-03  -1.70476E-02   1.07784E-02  -9.90040E-03   1.48673E-02  -1.79596E-04   1.30725E-02   8.83741E-03   6.69878E-03   1.44315E-02  -1.44886E-03   1.51903E-02  -8.19183E-03   1.12873E-02  -1.11557E-02   4.27047E-03  -9.57434E-03  -3.51457E-03  -4.45624E-03  -9.65578E-03   1.90582E-03  -1.23374E-02   6.86267E-03  -1.07585E-02   8.40510E-03  -5.21797E-03   5.84459E-03   3.13949E-03  -8.81183E-05   1.28510E-02  -7.79561E-03
 1.54500E+02   2.73348E-02  -1.20783E-02   2.32765E-02  -2.23864E-02   1.07356E-02  -2.47828E-02  -3.15112E-03  -1.95665E-02  -1.37605E-02  -9.48956E-03  -1.84299E-02   2.07460E-03  -1.65124E-02   1.12464E-02  -9.40096E-03   1.52002E-02   1.04030E-04   1.31463E-02   8.79522E-03   6.47446E-03   1.40673E-02  -1.90908E-03   1.46251E-02  -8.74304E-03   1.07184E-02  -1.16185E-02   3.90068E-03  -9.79556E-03  -3.55224E-03  -4.36206E-03  -9.35012E-03   2.28299E-03  -1.18075E-02   7.39167E-03  -1.02162E-02   8.89468E-03  -4.89843E-03   6.09912E-03   3.04927E-03  -2.16956E-04   1.22542E-02  -8.38231E-03
 1.55700E+02   2.68278E-02  -1.23590E-02   2.26641E-02  -2.27140E-02   1.02435E-02  -2.49840E-02  -3.36598E-03  -1.95406E-02  -1.36338E-02  -9.22522E-03  -1.79977E-02   2.50472E-03  -1.59151E-02   1.17031E-02  -8.84414E-03   1.55244E-02   4.19208E-04   1.32163E-02   8.74578E-03   6.25156E-03   1.36577E-02  -2.36348E-03   1.39908E-02  -9.28605E-03   1.00807E-02  -1.20733E-02   3.48708E-03  -1.00115E-02  -3.59265E-03  -4.26698E-03  -9.00497E-03   2.65662E-03  -1.12108E-02   7.91414E-03  -9.60611E-03   9.37740E-03  -4.53946E-03   6.34944E-03   2.94687E-03  -3.44949E-04   1.15817E-02  -8.96186E-03
 1.56800E+02   2.63613E-02  -1.25652E-02   2.20995E-02  -2.29634E-02   9.78859E-03  -2.51382E-02  -3.56540E-03  -1.95160E-02  -1.35171E-02  -9.00988E-03  -1.75974E-02   2.85392E-03  -1.53608E-02   1.20738E-02  -8.32660E-03   1.57868E-02   7.12486E-04   1.32708E-02   8.69964E-03   6.06647E-03   1.32756E-02  -2.73761E-03   1.33988E-02  -9.73176E-03   9.48523E-03  -1.24454E-02   3.10089E-03  -1.01867E-02  -3.62996E-03  -4.18649E-03  -8.68158E-03   2.96541E-03  -1.06521E-02   8.34427E-03  -9.03480E-03   9.77392E-03  -4.20341E-03   6.55437E-03   2.85061E-03  -4.51098E-04   1.09511E-02  -9.43900E-03
 1.57900E+02   2.58987E-02  -1.27247E-02   2.15370E-02  -2.31662E-02   9.33315E-03  -2.52646E-02  -3.76712E-03  -1.94905E-02  -1.34028E-02  -8.81909E-03  -1.71977E-02   3.16187E-03  -1.48046E-02   1.24004E-02  -7.80552E-03   1.60171E-02   1.00916E-03   1.33162E-02   8.65473E-03   5.89886E-03   1.28914E-02  -3.07291E-03   1.28016E-02  -1.01296E-02   8.88350E-03  -1.27761E-02   2.70994E-03  -1.03407E-02  -3.66828E-03  -4.11198E-03  -8.35466E-03   3.24323E-03  -1.00864E-02   8.72941E-03  -8.45606E-03   1.01280E-02  -3.86283E-03   6.73659E-03   2.75311E-03  -5.46987E-04   1.03121E-02  -9.86623E-03
 1.59100E+02   2.54037E-02  -1.28485E-02   2.09310E-02  -2.33373E-02   8.83884E-03  -2.53725E-02  -3.98972E-03  -1.94615E-02  -1.32834E-02  -8.63728E-03  -1.67668E-02   3.45339E-03  -1.42005E-02   1.27091E-02  -7.23634E-03   1.62336E-02   1.33594E-03   1.33556E-02   8.60916E-03   5.73466E-03   1.24739E-02  -3.39674E-03   1.21492E-02  -1.05117E-02   8.22395E-03  -1.30920E-02   2.27992E-03  -1.04855E-02  -3.71203E-03  -4.03697E-03  -7.99720E-03   3.51278E-03  -9.46592E-03   9.10066E-03  -7.82036E-03   1.04680E-02  -3.48826E-03   6.91056E-03   2.64641E-03  -6.40491E-04   9.61000E-03  -1.02779E-02
 1.60200E+02   2.49630E-02  -1.29192E-02   2.03869E-02  -2.34512E-02   8.39048E-03  -2.54457E-02  -4.19609E-03  -1.94338E-02  -1.31812E-02  -8.49302E-03  -1.63802E-02   3.68259E-03  -1.36529E-02   1.29511E-02  -6.71646E-03   1.64019E-02   1.63778E-03   1.33828E-02   8.57215E-03   5.59995E-03   1.20960E-02  -3.65758E-03   1.15541E-02  -1.08171E-02   7.61971E-03  -1.33425E-02   1.88403E-03  -1.05979E-02  -3.75455E-03  -3.97343E-03  -7.67131E-03   3.73096E-03  -8.89759E-03   9.39861E-03  -7.23690E-03   1.07394E-02  -3.14381E-03   7.04841E-03   2.54912E-03  -7.16639E-04   8.96584E-03  -1.06082E-02
 1.61400E+02   2.45008E-02  -1.29533E-02   1.98096E-02  -2.35324E-02   7.90886E-03  -2.54996E-02  -4.42376E-03  -1.94023E-02  -1.30796E-02  -8.35803E-03  -1.59711E-02   3.89439E-03  -1.30657E-02   1.31738E-02  -6.15379E-03   1.65548E-02   1.96908E-03   1.34032E-02   8.53854E-03   5.46871E-03   1.16922E-02  -3.90578E-03   1.09117E-02  -1.11048E-02   6.96391E-03  -1.35758E-02   1.45168E-03  -1.06995E-02  -3.80420E-03  -3.90914E-03  -7.32011E-03   3.93964E-03  -8.28137E-03   9.68040E-03  -6.60263E-03   1.09944E-02  -2.76842E-03   7.17657E-03   2.44436E-03  -7.90013E-04   8.26607E-03  -1.09202E-02
 1.62500E+02   2.40969E-02  -1.29489E-02   1.92983E-02  -2.35708E-02   7.47591E-03  -2.55272E-02  -4.63483E-03  -1.93722E-02  -1.29971E-02  -8.25288E-03  -1.56100E-02   4.05650E-03  -1.25393E-02   1.33430E-02  -5.64382E-03   1.66689E-02   2.27427E-03   1.34135E-02   8.51509E-03   5.36138E-03   1.13320E-02  -4.10266E-03   1.03318E-02  -1.13298E-02   6.36801E-03  -1.37556E-02   1.05592E-03  -1.07744E-02  -3.85317E-03  -3.85423E-03  -7.00390E-03   4.10607E-03  -7.72237E-03   9.90179E-03  -6.02547E-03   1.11929E-02  -2.42579E-03   7.27491E-03   2.35017E-03  -8.49062E-04   7.62996E-03  -1.11650E-02
 1.63700E+02   2.36806E-02  -1.29090E-02   1.87626E-02  -2.35773E-02   7.01438E-03  -2.55357E-02  -4.86773E-03  -1.93378E-02  -1.29203E-02  -8.15628E-03  -1.52337E-02   4.20179E-03  -1.19802E-02   1.34929E-02  -5.09536E-03   1.67672E-02   2.60861E-03   1.34162E-02   8.49864E-03   5.25680E-03   1.09520E-02  -4.28707E-03   9.71139E-03  -1.15365E-02   5.72559E-03  -1.39172E-02   6.25655E-04  -1.08376E-02  -3.91084E-03  -3.79802E-03  -6.66677E-03   4.26278E-03  -7.12113E-03   1.01061E-02  -5.40244E-03   1.13737E-02  -2.05462E-03   7.36270E-03   2.24998E-03  -9.05284E-04   6.94421E-03  -1.13903E-02
 1.64900E+02   2.32919E-02  -1.28368E-02   1.82521E-02  -2.35511E-02   6.56526E-03  -2.55240E-02  -5.10348E-03  -1.93017E-02  -1.28583E-02  -8.07629E-03  -1.48775E-02   4.31769E-03  -1.14390E-02   1.36102E-02  -4.55630E-03   1.68403E-02   2.94424E-03   1.34101E-02   8.49262E-03   5.16360E-03   1.05871E-02  -4.44295E-03   9.10549E-03  -1.17063E-02   5.09266E-03  -1.40457E-02   1.97575E-04  -1.08825E-02  -3.97330E-03  -3.74493E-03  -6.33909E-03   4.39591E-03  -6.53056E-03   1.02747E-02  -4.78785E-03   1.15200E-02  -1.68696E-03   7.43154E-03   2.15289E-03  -9.53742E-04   6.26888E-03  -1.15754E-02
 1.66100E+02   2.29324E-02  -1.27364E-02   1.77683E-02  -2.34961E-02   6.12941E-03  -2.54943E-02  -5.34221E-03  -1.92639E-02  -1.28122E-02  -8.01063E-03  -1.45429E-02   4.40771E-03  -1.09168E-02   1.36983E-02  -4.02751E-03   1.68907E-02   3.28108E-03   1.33957E-02   8.49777E-03   5.08003E-03   1.02388E-02  -4.57342E-03   8.51558E-03  -1.18428E-02   4.47034E-03  -1.41437E-02  -2.27860E-04  -1.09104E-02  -4.04090E-03  -3.69422E-03  -6.02182E-03   4.50778E-03  -5.95194E-03   1.04107E-02  -4.18287E-03   1.16345E-02  -1.32338E-03   7.48281E-03   2.05923E-03  -9.95214E-04   5.60536E-03  -1.17236E-02
 1.67300E+02   2.26033E-02  -1.26120E-02   1.73123E-02  -2.34163E-02   5.70736E-03  -2.54489E-02  -5.58403E-03  -1.92240E-02  -1.27826E-02  -7.95706E-03  -1.42309E-02   4.47524E-03  -1.04147E-02   1.37606E-02  -3.50953E-03   1.69205E-02   3.61916E-03   1.33730E-02   8.51464E-03   5.00443E-03   9.90781E-03  -4.68149E-03   7.94263E-03  -1.19492E-02   3.85935E-03  -1.42139E-02  -6.50384E-04  -1.09221E-02  -4.11389E-03  -3.64515E-03  -5.71567E-03   4.60060E-03  -5.38616E-03   1.05169E-02  -3.58825E-03   1.17200E-02  -9.64254E-04   7.51776E-03   1.96924E-03  -1.03045E-03   4.95461E-03  -1.18379E-02
 1.68500E+02   2.23054E-02  -1.24673E-02   1.68849E-02  -2.33154E-02   5.29941E-03  -2.53896E-02  -5.82909E-03  -1.91820E-02  -1.27700E-02  -7.91345E-03  -1.39421E-02   4.52352E-03  -9.93316E-03   1.38002E-02  -3.00264E-03   1.69315E-02   3.95853E-03   1.33425E-02   8.54363E-03   4.93515E-03   9.59478E-03  -4.77000E-03   7.38720E-03  -1.20286E-02   3.26009E-03  -1.42586E-02  -1.06988E-03  -1.09188E-02  -4.19247E-03  -3.59698E-03  -5.42106E-03   4.67645E-03  -4.83374E-03   1.05961E-02  -3.00444E-03   1.17785E-02  -6.09780E-04   7.53753E-03   1.88309E-03  -1.06014E-03   4.31720E-03  -1.19214E-02
 1.69700E+02   2.20389E-02  -1.23060E-02   1.64862E-02  -2.31968E-02   4.90565E-03  -2.53185E-02  -6.07754E-03  -1.91375E-02  -1.27747E-02  -7.87774E-03  -1.36768E-02   4.55558E-03  -9.47246E-03   1.38201E-02  -2.50692E-03   1.69256E-02   4.29933E-03   1.33040E-02   8.58497E-03   4.87063E-03   9.30001E-03  -4.84163E-03   6.84956E-03  -1.20840E-02   2.67270E-03  -1.42799E-02  -1.48637E-03  -1.09011E-02  -4.27678E-03  -3.54897E-03  -5.13821E-03   4.73726E-03  -4.29491E-03   1.06507E-02  -2.43162E-03   1.18124E-02  -2.60022E-04   7.54312E-03   1.80084E-03  -1.08494E-03   3.69338E-03  -1.19764E-02
 1.70900E+02   2.18039E-02  -1.21314E-02   1.61163E-02  -2.30638E-02   4.52597E-03  -2.52371E-02  -6.32951E-03  -1.90903E-02  -1.27969E-02  -7.84794E-03  -1.34350E-02   4.57428E-03  -9.03256E-03   1.38228E-02  -2.02223E-03   1.69045E-02   4.64170E-03   1.32576E-02   8.63882E-03   4.80934E-03   9.02357E-03  -4.89886E-03   6.32969E-03  -1.21178E-02   2.09710E-03  -1.42798E-02  -1.89995E-03  -1.08698E-02  -4.36690E-03  -3.50042E-03  -4.86716E-03   4.78480E-03  -3.76968E-03   1.06829E-02  -1.86975E-03   1.18235E-02   8.50614E-05   7.53542E-03   1.72253E-03  -1.10547E-03   3.08314E-03  -1.20053E-02
 1.72200E+02   2.15847E-02  -1.19311E-02   1.57477E-02  -2.29070E-02   4.13029E-03  -2.51392E-02  -6.60661E-03  -1.90358E-02  -1.28406E-02  -7.82018E-03  -1.31996E-02   4.58254E-03  -8.57919E-03   1.38094E-02  -1.50933E-03   1.68660E-02   5.01457E-03   1.31985E-02   8.71129E-03   4.74490E-03   8.74462E-03  -4.94728E-03   5.78628E-03  -1.21330E-02   1.48655E-03  -1.42574E-02  -2.34491E-03  -1.08210E-02  -4.47115E-03  -3.44638E-03  -4.58675E-03   4.82323E-03  -3.21579E-03   1.06947E-02  -1.27319E-03   1.18116E-02   4.53771E-04   7.51294E-03   1.64212E-03  -1.12352E-03   2.43713E-03  -1.20096E-02
 1.73400E+02   2.14145E-02  -1.17391E-02   1.54367E-02  -2.27534E-02   3.77910E-03  -2.50414E-02  -6.86633E-03  -1.89820E-02  -1.28989E-02  -7.79681E-03  -1.30064E-02   4.58176E-03  -8.18166E-03   1.37842E-02  -1.04675E-03   1.68173E-02   5.36077E-03   1.31354E-02   8.79116E-03   4.68571E-03   8.50579E-03  -4.98171E-03   5.30253E-03  -1.21294E-02   9.34599E-04  -1.42178E-02  -2.75302E-03  -1.07627E-02  -4.57348E-03  -3.39440E-03  -4.33989E-03   4.84819E-03  -2.71812E-03   1.06863E-02  -7.33368E-04   1.17801E-02   7.89575E-04   7.47978E-03   1.57190E-03  -1.13685E-03   1.85438E-03  -1.19905E-02
 1.74700E+02   2.12643E-02  -1.15266E-02   1.51306E-02  -2.25804E-02   3.41338E-03  -2.49288E-02  -7.15210E-03  -1.89194E-02  -1.29814E-02  -7.77191E-03  -1.28225E-02   4.57453E-03  -7.77308E-03   1.37456E-02  -5.56873E-04   1.67517E-02   5.73818E-03   1.30577E-02   8.89157E-03   4.62030E-03   8.26679E-03  -5.01022E-03   4.79719E-03  -1.21086E-02   3.48714E-04  -1.41556E-02  -3.19260E-03  -1.06853E-02  -4.69090E-03  -3.33501E-03  -4.08508E-03   4.86544E-03  -2.19321E-03   1.06579E-02  -1.59838E-04   1.17252E-02   1.14870E-03   7.43098E-03   1.50008E-03  -1.14825E-03   1.23721E-03  -1.19466E-02
 1.75900E+02   2.11564E-02  -1.13291E-02   1.48757E-02  -2.24173E-02   3.08888E-03  -2.48199E-02  -7.42001E-03  -1.88573E-02  -1.30750E-02  -7.74758E-03  -1.26758E-02   4.56426E-03  -7.41562E-03   1.37014E-02  -1.14567E-04   1.66801E-02   6.08890E-03   1.29769E-02   8.99684E-03   4.55734E-03   8.06385E-03  -5.03033E-03   4.34737E-03  -1.20757E-02  -1.81502E-04  -1.40816E-02  -3.59627E-03  -1.06011E-02  -4.80526E-03  -3.27657E-03  -3.86113E-03   4.87359E-03  -1.72128E-03   1.06153E-02   3.59648E-04   1.16563E-02   1.47614E-03   7.37442E-03   1.43758E-03  -1.15641E-03   6.80021E-04  -1.18859E-02
 1.77200E+02   2.10718E-02  -1.11165E-02   1.46287E-02  -2.22394E-02   2.75087E-03  -2.46978E-02  -7.71479E-03  -1.87847E-02  -1.31947E-02  -7.71789E-03  -1.25408E-02   4.55159E-03  -7.04884E-03   1.36462E-02   3.54475E-04   1.65915E-02   6.47152E-03   1.28792E-02   9.12415E-03   4.48481E-03   7.86245E-03  -5.04735E-03   3.87729E-03  -1.20268E-02  -7.45037E-04  -1.39844E-02  -4.03156E-03  -1.04957E-02  -4.93545E-03  -3.20854E-03  -3.63025E-03   4.87527E-03  -1.22303E-03   1.05526E-02   9.12225E-04   1.15628E-02   1.82674E-03   7.30095E-03   1.37382E-03  -1.16312E-03   8.92952E-05  -1.17996E-02
 1.78500E+02   2.10196E-02  -1.09082E-02   1.44105E-02  -2.20627E-02   2.42626E-03  -2.45723E-02  -8.01429E-03  -1.87059E-02  -1.33331E-02  -7.68291E-03  -1.24298E-02   4.53960E-03  -6.70240E-03   1.35852E-02   8.13603E-04   1.64922E-02   6.85699E-03   1.27703E-02   9.26481E-03   4.40628E-03   7.67944E-03  -5.06127E-03   3.42429E-03  -1.19657E-02  -1.29790E-03  -1.38701E-02  -4.46498E-03  -1.03757E-02  -5.07198E-03  -3.13473E-03  -3.41101E-03   4.87066E-03  -7.37664E-04   1.04738E-02   1.45476E-03   1.14504E-02   2.17330E-03   7.21494E-03   1.31400E-03  -1.16804E-03  -4.88690E-04  -1.16928E-02
 1.79800E+02   2.09985E-02  -1.07067E-02   1.42201E-02  -2.18896E-02   2.11433E-03  -2.44445E-02  -8.31848E-03  -1.86204E-02  -1.34892E-02  -7.64080E-03  -1.23418E-02   4.53046E-03  -6.37529E-03   1.35200E-02   1.26343E-03   1.63826E-02   7.24532E-03   1.26495E-02   9.41827E-03   4.32020E-03   7.51395E-03  -5.07382E-03   2.98746E-03  -1.18936E-02  -1.84072E-03  -1.37394E-02  -4.89669E-03  -1.02405E-02  -5.21458E-03  -3.05426E-03  -3.20283E-03   4.86084E-03  -2.64494E-04   1.03798E-02   1.98778E-03   1.13196E-02   2.51605E-03   7.11640E-03   1.25793E-03  -1.17157E-03  -1.05459E-03  -1.15663E-02
 1.81100E+02   2.10070E-02  -1.05146E-02   1.40559E-02  -2.17221E-02   1.81438E-03  -2.43150E-02  -8.62723E-03  -1.85275E-02  -1.36624E-02  -7.58981E-03  -1.22756E-02   4.52620E-03  -6.06647E-03   1.34522E-02   1.70451E-03   1.62633E-02   7.63644E-03   1.25161E-02   9.58389E-03   4.22511E-03   7.36503E-03  -5.08661E-03   2.56593E-03  -1.18117E-02  -2.37402E-03  -1.35924E-02  -5.32678E-03  -1.00900E-02  -5.36289E-03  -2.96625E-03  -3.00512E-03   4.84672E-03   1.97102E-04   1.02713E-02   2.51174E-03   1.11706E-02   2.85515E-03   7.00524E-03   1.20538E-03  -1.17403E-03  -1.60898E-03  -1.14206E-02
 1.82400E+02   2.10437E-02  -1.03342E-02   1.39167E-02  -2.15622E-02   1.52568E-03  -2.41847E-02  -8.94038E-03  -1.84263E-02  -1.38517E-02  -7.52823E-03  -1.22300E-02   4.52871E-03  -5.77487E-03   1.33830E-02   2.13737E-03   1.61343E-02   8.03017E-03   1.23693E-02   9.76093E-03   4.11955E-03   7.23170E-03  -5.10110E-03   2.15883E-03  -1.17210E-02  -2.89827E-03  -1.34295E-02  -5.75521E-03  -9.92335E-03  -5.51650E-03  -2.86981E-03  -2.81726E-03   4.82912E-03   6.47685E-04   1.01486E-02   3.02702E-03   1.10034E-02   3.19067E-03   6.88124E-03   1.15617E-03  -1.17574E-03  -2.15236E-03  -1.12559E-02
 1.83700E+02   2.11068E-02  -1.01677E-02   1.38009E-02  -2.14118E-02   1.24755E-03  -2.40541E-02  -9.25766E-03  -1.83162E-02  -1.40562E-02  -7.45442E-03  -1.22037E-02   4.53977E-03  -5.49945E-03   1.33137E-02   2.56244E-03   1.59959E-02   8.42622E-03   1.22082E-02   9.94854E-03   4.00210E-03   7.11295E-03  -5.11863E-03   1.76536E-03  -1.16222E-02  -3.41381E-03  -1.32505E-02  -6.18184E-03  -9.74007E-03  -5.67492E-03  -2.76407E-03  -2.63867E-03   4.80875E-03   1.08773E-03   1.00121E-02   3.53384E-03   1.08180E-02   3.52262E-03   6.74411E-03   1.11008E-03  -1.17698E-03  -2.68510E-03  -1.10725E-02
 1.85000E+02   2.11948E-02  -1.00172E-02   1.37070E-02  -2.12726E-02   9.79321E-04  -2.39236E-02  -9.57871E-03  -1.81963E-02  -1.42747E-02  -7.36680E-03  -1.21954E-02   4.56103E-03  -5.23914E-03   1.32452E-02   2.98008E-03   1.58480E-02   8.82417E-03   1.20319E-02   1.01458E-02   3.87139E-03   7.00771E-03  -5.14044E-03   1.38477E-03  -1.15159E-02  -3.92087E-03  -1.30553E-02  -6.60637E-03  -9.53942E-03  -5.83755E-03  -2.64816E-03  -2.46876E-03   4.78624E-03   1.51763E-03   9.86195E-03   4.03231E-03   1.06142E-02   3.85088E-03   6.59346E-03   1.06690E-03  -1.17798E-03  -3.20743E-03  -1.08701E-02
 1.86300E+02   2.13057E-02  -9.88452E-03   1.36333E-02  -2.11460E-02   7.20346E-04  -2.37937E-02  -9.90309E-03  -1.80659E-02  -1.45059E-02  -7.26383E-03  -1.22035E-02   4.59405E-03  -4.99289E-03   1.31784E-02   3.39055E-03   1.56907E-02   9.22347E-03   1.18394E-02   1.03516E-02   3.72609E-03   6.91490E-03  -5.16765E-03   1.01636E-03  -1.14027E-02  -4.41954E-03  -1.28437E-02  -7.02837E-03  -9.32062E-03  -6.00374E-03  -2.52122E-03  -2.30695E-03   4.76213E-03   1.93764E-03   9.69825E-03   4.52239E-03   1.03916E-02   4.17523E-03   6.42887E-03   1.02641E-03  -1.17898E-03  -3.71944E-03  -1.06487E-02
 1.87700E+02   2.14486E-02  -9.76377E-03   1.35748E-02  -2.10255E-02   4.51103E-04  -2.36548E-02  -1.02555E-02  -1.79127E-02  -1.47676E-02  -7.13411E-03  -1.22289E-02   4.64440E-03  -4.74225E-03   1.31093E-02   3.82476E-03   1.55104E-02   9.65418E-03   1.16130E-02   1.05815E-02   3.55182E-03   6.82756E-03  -5.20420E-03   6.32548E-04  -1.12733E-02  -4.94708E-03  -1.25970E-02  -7.47932E-03  -9.06377E-03  -6.18581E-03  -2.37123E-03  -2.14112E-03   4.73491E-03   2.37907E-03   9.50672E-03   5.04053E-03   1.01304E-02   4.51975E-03   6.23547E-03   9.85586E-04  -1.18026E-03  -4.25918E-03  -1.03886E-02
 1.89000E+02   2.16009E-02  -9.67393E-03   1.35379E-02  -2.09297E-02   2.09439E-04  -2.35271E-02  -1.05849E-02  -1.77579E-02  -1.50209E-02  -6.99470E-03  -1.22664E-02   4.70631E-03  -4.52192E-03   1.30486E-02   4.22073E-03   1.53328E-02   1.00539E-02   1.13840E-02   1.08011E-02   3.37217E-03   6.75692E-03  -5.24586E-03   2.87587E-04  -1.11466E-02  -5.42789E-03  -1.23500E-02  -7.89395E-03  -8.80468E-03  -6.35682E-03  -2.21876E-03  -1.99439E-03   4.70890E-03   2.77888E-03   9.31460E-03   5.51229E-03   9.86742E-03   4.83473E-03   6.04036E-03   9.50021E-04  -1.18184E-03  -4.74926E-03  -1.01266E-02
 1.90400E+02   2.17835E-02  -9.60301E-03   1.35149E-02  -2.08453E-02  -4.24608E-05  -2.33912E-02  -1.09410E-02  -1.75768E-02  -1.53028E-02  -6.82265E-03  -1.23195E-02   4.79073E-03  -4.29683E-03   1.29876E-02   4.63929E-03   1.51302E-02   1.04828E-02   1.11161E-02   1.10427E-02   3.15817E-03   6.69070E-03  -5.30004E-03  -7.21181E-05  -1.10034E-02  -5.93544E-03  -1.20643E-02  -8.33493E-03  -8.50253E-03  -6.54194E-03  -2.03948E-03  -1.84358E-03   4.68051E-03   3.19841E-03   9.09214E-03   6.00954E-03   9.56155E-03   5.16787E-03   5.81293E-03   9.14000E-04  -1.18412E-03  -5.26454E-03  -9.82189E-03
 1.91800E+02   2.19825E-02  -9.56054E-03   1.35070E-02  -2.07815E-02  -2.86316E-04  -2.32571E-02  -1.12975E-02  -1.73799E-02  -1.55919E-02  -6.62643E-03  -1.23838E-02   4.89489E-03  -4.08315E-03   1.29317E-02   5.04946E-03   1.49156E-02   1.09086E-02   1.08251E-02   1.12874E-02   2.92162E-03   6.63316E-03  -5.36479E-03  -4.20033E-04  -1.08533E-02  -6.43165E-03  -1.17575E-02  -8.76874E-03  -8.17549E-03  -6.72670E-03  -1.84370E-03  -1.69964E-03   4.65208E-03   3.60617E-03   8.85331E-03   6.49464E-03   9.23160E-03   5.49378E-03   5.56697E-03   8.80086E-04  -1.18718E-03  -5.76604E-03  -9.49332E-03
 1.93200E+02   2.21949E-02  -9.54802E-03   1.35116E-02  -2.07395E-02  -5.22716E-04  -2.31250E-02  -1.16529E-02  -1.71663E-02  -1.58858E-02  -6.40477E-03  -1.24569E-02   5.01997E-03  -3.87965E-03   1.28816E-02   5.45085E-03   1.46887E-02   1.13297E-02   1.05099E-02   1.15331E-02   2.66137E-03   6.58269E-03  -5.44091E-03  -7.56494E-04  -1.06965E-02  -6.91552E-03  -1.14291E-02  -9.19367E-03  -7.82268E-03  -6.90959E-03  -1.63068E-03  -1.56196E-03   4.62393E-03   4.00163E-03   8.59788E-03   6.96634E-03   8.87700E-03   5.81132E-03   5.30192E-03   8.48013E-04  -1.19115E-03  -6.25266E-03  -9.14041E-03
 1.94600E+02   2.24175E-02  -9.56670E-03   1.35264E-02  -2.07203E-02  -7.52204E-04  -2.29951E-02  -1.20060E-02  -1.69355E-02  -1.61820E-02  -6.15659E-03  -1.25362E-02   5.16695E-03  -3.68511E-03   1.28376E-02   5.84290E-03   1.44492E-02   1.17440E-02   1.01699E-02   1.17775E-02   2.37646E-03   6.53760E-03  -5.52909E-03  -1.08173E-03  -1.05331E-02  -7.38584E-03  -1.10788E-02  -9.60777E-03  -7.44339E-03  -7.08894E-03  -1.39979E-03  -1.43000E-03   4.59631E-03   4.38407E-03   8.32566E-03   7.42314E-03   8.49727E-03   6.11913E-03   5.01734E-03   8.17519E-04  -1.19615E-03  -6.72306E-03  -8.76277E-03
 1.96000E+02   2.26468E-02  -9.61753E-03   1.35487E-02  -2.07244E-02  -9.75282E-04  -2.28674E-02  -1.23549E-02  -1.66870E-02  -1.64775E-02  -5.88104E-03  -1.26192E-02   5.33660E-03  -3.49832E-03   1.28002E-02   6.22492E-03   1.41970E-02   1.21494E-02   9.80438E-03   1.20178E-02   2.06617E-03   6.49618E-03  -5.62983E-03  -1.39586E-03  -1.03633E-02  -7.84118E-03  -1.07062E-02  -1.00089E-02  -7.03711E-03  -7.26296E-03  -1.15055E-03  -1.30319E-03   4.56943E-03   4.75258E-03   8.03654E-03   7.86329E-03   8.09209E-03   6.41570E-03   4.71293E-03   7.88340E-04  -1.20227E-03  -7.17564E-03  -8.36016E-03
 1.97400E+02   2.28793E-02  -9.70114E-03   1.35758E-02  -2.07525E-02  -1.19241E-03  -2.27421E-02  -1.26981E-02  -1.64204E-02  -1.67695E-02  -5.57758E-03  -1.27032E-02   5.52942E-03  -3.31809E-03   1.27695E-02   6.59607E-03   1.39318E-02   1.25434E-02   9.41299E-03   1.22515E-02   1.73003E-03   6.45664E-03  -5.74351E-03  -1.69891E-03  -1.01870E-02  -8.27990E-03  -1.03111E-02  -1.03945E-02  -6.60355E-03  -7.42971E-03  -8.82668E-04  -1.18103E-03   4.54347E-03   5.10611E-03   7.73051E-03   8.28483E-03   7.66134E-03   6.69933E-03   4.38853E-03   7.60214E-04  -1.20959E-03  -7.60858E-03  -7.93250E-03
 1.98800E+02   2.31114E-02  -9.81780E-03   1.36049E-02  -2.08047E-02  -1.40402E-03  -2.26191E-02  -1.30336E-02  -1.61355E-02  -1.70548E-02  -5.24599E-03  -1.27853E-02   5.74565E-03  -3.14324E-03   1.27458E-02   6.95540E-03   1.36539E-02   1.29235E-02   8.99564E-03   1.24755E-02   1.36786E-03   6.41717E-03  -5.87031E-03  -1.99080E-03  -1.00046E-02  -8.70016E-03  -9.89377E-03  -1.07622E-02  -6.14271E-03  -7.58715E-03  -5.96077E-04  -1.06301E-03   4.51854E-03   5.44346E-03   7.40774E-03   8.68559E-03   7.20513E-03   6.96821E-03   4.04419E-03   7.32880E-04  -1.21816E-03  -8.01988E-03  -7.47996E-03
 2.00200E+02   2.33394E-02  -9.96739E-03   1.36333E-02  -2.08810E-02  -1.61050E-03  -2.24985E-02  -1.33595E-02  -1.58326E-02  -1.73302E-02  -4.88638E-03  -1.28627E-02   5.98524E-03  -2.97262E-03   1.27290E-02   7.30187E-03   1.33633E-02   1.32871E-02   8.55256E-03   1.26870E-02   9.79828E-04   6.37593E-03  -6.01024E-03  -2.27141E-03  -9.81609E-03  -9.10002E-03  -9.45442E-03  -1.11091E-02  -5.65492E-03  -7.73316E-03  -2.90939E-04  -9.48660E-04   4.49474E-03   5.76330E-03   7.06853E-03   9.06326E-03   6.72389E-03   7.22038E-03   3.68020E-03   7.06079E-04  -1.22798E-03  -8.40735E-03  -7.00299E-03
 2.01700E+02   2.35747E-02  -1.01636E-02   1.36597E-02  -2.09890E-02  -1.82644E-03  -2.23719E-02  -1.36957E-02  -1.54884E-02  -1.76106E-02  -4.47059E-03  -1.29372E-02   6.26741E-03  -2.79323E-03   1.27188E-02   7.65753E-03   1.30384E-02   1.36552E-02   8.04996E-03   1.28963E-02   5.35995E-04   6.32770E-03  -6.17451E-03  -2.55928E-03  -9.60781E-03  -9.50343E-03  -8.95999E-03  -1.14546E-02  -5.10319E-03  -7.87445E-03   5.60819E-05  -8.29706E-04   4.47056E-03   6.08493E-03   6.68747E-03   9.43951E-03   6.18132E-03   7.46973E-03   3.26905E-03   6.77665E-04  -1.23991E-03  -8.79344E-03  -6.46568E-03
 2.03100E+02   2.37821E-02  -1.03791E-02   1.36776E-02  -2.11135E-02  -2.02340E-03  -2.22563E-02  -1.39951E-02  -1.51495E-02  -1.78552E-02  -4.05508E-03  -1.29956E-02   6.55376E-03  -2.62782E-03   1.27163E-02   7.97373E-03   1.27230E-02   1.39756E-02   7.55588E-03   1.30721E-02   9.65250E-05   6.27697E-03  -6.34078E-03  -2.81578E-03  -9.40784E-03  -9.85435E-03  -8.47743E-03  -1.17494E-02  -4.56225E-03  -7.98985E-03   3.97951E-04  -7.21551E-04   4.44925E-03   6.36394E-03   6.31617E-03   9.76153E-03   5.65097E-03   7.68082E-03   2.86645E-03   6.51166E-04  -1.25233E-03  -9.12418E-03  -5.94088E-03
 2.04600E+02   2.39869E-02  -1.06430E-02   1.36865E-02  -2.12711E-02  -2.22988E-03  -2.21351E-02  -1.42984E-02  -1.47686E-02  -1.80951E-02  -3.58212E-03  -1.30433E-02   6.88390E-03  -2.45154E-03   1.27210E-02   8.29428E-03   1.23730E-02   1.42910E-02   7.00140E-03   1.32361E-02  -3.99788E-04   6.21444E-03  -6.53209E-03  -3.07723E-03  -9.18814E-03  -1.02005E-02  -7.93933E-03  -1.20325E-02  -3.95663E-03  -8.09336E-03   7.82309E-04  -6.08274E-04   4.42777E-03   6.63846E-03   5.90277E-03   1.00725E-02   5.05880E-03   7.88142E-03   2.41625E-03   6.22517E-04  -1.26694E-03  -9.44408E-03  -5.35533E-03
 2.06100E+02   2.41696E-02  -1.09387E-02   1.36817E-02  -2.14522E-02  -2.43201E-03  -2.20167E-02  -1.45811E-02  -1.43709E-02  -1.83086E-02  -3.08267E-03  -1.30722E-02   7.23643E-03  -2.27505E-03   1.27328E-02   8.59464E-03   1.20116E-02   1.45743E-02   6.42315E-03   1.33714E-02  -9.20279E-04   6.14143E-03  -6.73601E-03  -3.32452E-03  -8.96345E-03  -1.05132E-02  -7.38144E-03  -1.22783E-02  -3.32648E-03  -8.17353E-03   1.18374E-03  -4.97230E-04   4.40764E-03   6.88601E-03   5.47481E-03   1.03452E-02   4.44419E-03   8.05321E-03   1.94835E-03   5.93330E-04  -1.28281E-03  -9.72559E-03  -4.74801E-03
 2.07600E+02   2.43261E-02  -1.12630E-02   1.36601E-02  -2.16547E-02  -2.63011E-03  -2.19012E-02  -1.48411E-02  -1.39583E-02  -1.84919E-02  -2.55957E-03  -1.30793E-02   7.60907E-03  -2.09718E-03   1.27511E-02   8.87351E-03   1.16404E-02   1.48225E-02   5.82391E-03   1.34749E-02  -1.46222E-03   6.05599E-03  -6.95122E-03  -3.55733E-03  -8.73454E-03  -1.07902E-02  -6.80625E-03  -1.24836E-02  -2.67479E-03  -8.22801E-03   1.60021E-03  -3.87980E-04   4.38880E-03   7.10497E-03   5.03419E-03   1.05771E-02   3.81001E-03   8.19393E-03   1.46498E-03   5.63342E-04  -1.29981E-03  -9.96612E-03  -4.12174E-03
 2.09100E+02   2.44529E-02  -1.16124E-02   1.36192E-02  -2.18759E-02  -2.82451E-03  -2.17885E-02  -1.50764E-02  -1.35333E-02  -1.86422E-02  -2.01620E-03  -1.30619E-02   7.99913E-03  -1.91691E-03   1.27755E-02   9.12979E-03   1.12611E-02   1.50329E-02   5.20699E-03   1.35435E-02  -2.02240E-03   5.95637E-03  -7.17617E-03  -3.77542E-03  -8.50231E-03  -1.10295E-02  -6.21670E-03  -1.26457E-02  -2.00511E-03  -8.25468E-03   2.02932E-03  -2.80113E-04   4.37115E-03   7.29390E-03   4.58313E-03   1.07656E-02   3.15960E-03   8.30156E-03   9.68770E-04   5.32317E-04  -1.31779E-03  -1.01633E-02  -3.47979E-03
 2.10600E+02   2.45470E-02  -1.19827E-02   1.35567E-02  -2.21131E-02  -3.01552E-03  -2.16787E-02  -1.52855E-02  -1.30984E-02  -1.87567E-02  -1.45640E-03  -1.30177E-02   8.40355E-03  -1.73329E-03   1.28050E-02   9.36259E-03   1.08757E-02   1.52032E-02   4.57611E-03   1.35748E-02  -2.59715E-03   5.84106E-03  -7.40908E-03  -3.97862E-03  -8.26777E-03  -1.12293E-02  -5.61609E-03  -1.27623E-02  -1.32142E-03  -8.25172E-03   2.46834E-03  -1.73254E-04   4.35455E-03   7.45162E-03   4.12412E-03   1.09087E-02   2.49674E-03   8.37442E-03   4.62669E-04   5.00042E-04  -1.33656E-03  -1.03154E-02  -2.82588E-03
 2.12100E+02   2.46061E-02  -1.23694E-02   1.34708E-02  -2.23631E-02  -3.20346E-03  -2.15718E-02  -1.54671E-02  -1.26566E-02  -1.88333E-02  -8.84414E-04  -1.29447E-02   8.81895E-03  -1.54551E-03   1.28390E-02   9.57130E-03   1.04864E-02   1.53318E-02   3.93540E-03   1.35668E-02  -3.18244E-03   5.70882E-03  -7.64799E-03  -4.16690E-03  -8.03199E-03  -1.13884E-02  -5.00806E-03  -1.28314E-02  -6.28125E-04  -8.21772E-03   2.91426E-03  -6.70562E-05   4.33887E-03   7.57728E-03   3.65989E-03   1.10049E-02   1.82557E-03   8.41121E-03  -5.00801E-05   4.66337E-04  -1.35593E-03  -1.04207E-02  -2.16404E-03
 2.13600E+02   2.46284E-02  -1.27676E-02   1.33601E-02  -2.26226E-02  -3.38864E-03  -2.14679E-02  -1.56204E-02  -1.22110E-02  -1.88708E-02  -3.04752E-04  -1.28415E-02   9.24172E-03  -1.35288E-03   1.28765E-02   9.75559E-03   1.00954E-02   1.54175E-02   3.28922E-03   1.35181E-02  -3.77395E-03   5.55867E-03  -7.89079E-03  -4.34036E-03  -7.79614E-03  -1.15060E-02  -4.39644E-03  -1.28520E-02   7.01091E-05  -8.15167E-03   3.36390E-03   3.87907E-05   4.32392E-03   7.67039E-03   3.19334E-03   1.10533E-02   1.15048E-03   8.41107E-03  -5.66022E-04   4.31052E-04  -1.37568E-03  -1.04785E-02  -1.49859E-03
 2.15200E+02   2.46107E-02  -1.31996E-02   1.32138E-02  -2.29060E-02  -3.58347E-03  -2.13603E-02  -1.57526E-02  -1.17352E-02  -1.88667E-02   3.16722E-04  -1.26974E-02   9.69656E-03  -1.14148E-03   1.29193E-02   9.92529E-03   9.67920E-03   1.54611E-02   2.59906E-03   1.34206E-02  -4.40671E-03   5.37808E-03  -8.15159E-03  -4.50933E-03  -7.54579E-03  -1.15855E-02  -3.74461E-03  -1.28198E-02   8.14863E-04  -8.04530E-03   3.84384E-03   1.51622E-04   4.30860E-03   7.73374E-03   2.69650E-03   1.10517E-02   4.31229E-04   8.36981E-03  -1.11584E-03   3.91545E-04  -1.39689E-03  -1.04874E-02  -7.89831E-04
 2.16700E+02   2.45548E-02  -1.36058E-02   1.30499E-02  -2.31740E-02  -3.76395E-03  -2.12625E-02  -1.58472E-02  -1.12921E-02  -1.88216E-02   8.97319E-04  -1.25300E-02   1.01226E-02  -9.37300E-04   1.29610E-02   1.00596E-02   9.29239E-03   1.54574E-02   1.95604E-03   1.32863E-02  -4.99684E-03   5.18931E-03  -8.39542E-03  -4.65312E-03  -7.31350E-03  -1.16173E-02  -3.13829E-03  -1.27391E-02   1.50786E-03  -7.91185E-03   4.29053E-03   2.57593E-04   4.29460E-03   7.75974E-03   2.23467E-03   1.10007E-02  -2.37424E-04   8.29274E-03  -1.62698E-03   3.52671E-04  -1.41667E-03  -1.04467E-02  -1.31111E-04
 2.18300E+02   2.44542E-02  -1.40347E-02   1.28467E-02  -2.34585E-02  -3.95452E-03  -2.11614E-02  -1.59178E-02  -1.08263E-02  -1.87302E-02   1.50910E-03  -1.23175E-02   1.05723E-02  -7.12836E-04   1.30063E-02   1.01773E-02   8.88605E-03   1.54069E-02   1.27960E-03   1.30981E-02  -5.61790E-03   4.96721E-03  -8.65225E-03  -4.79160E-03  -7.06960E-03  -1.16068E-02  -2.50119E-03  -1.26002E-02   2.23596E-03  -7.73403E-03   4.75972E-03   3.71080E-04   4.27982E-03   7.75276E-03   1.74968E-03   1.08946E-02  -9.39418E-04   8.17034E-03  -2.16350E-03   3.09199E-04  -1.43738E-03  -1.03519E-02   5.60302E-04
 2.19900E+02   2.43129E-02  -1.44536E-02   1.26153E-02  -2.37377E-02  -4.14349E-03  -2.10637E-02  -1.59585E-02  -1.03712E-02  -1.85959E-02   2.10785E-03  -1.20710E-02   1.10130E-02  -4.81352E-04   1.30511E-02   1.02699E-02   8.48882E-03   1.53103E-02   6.18012E-04   1.28649E-02  -6.22523E-03   4.72412E-03  -8.90320E-03  -4.91559E-03  -6.83097E-03  -1.15523E-02  -1.87850E-03  -1.24085E-02   2.94713E-03  -7.52068E-03   5.21760E-03   4.85251E-04   4.26496E-03   7.71134E-03   1.27591E-03   1.07369E-02  -1.62468E-03   8.00783E-03  -2.68699E-03   2.63646E-04  -1.45742E-03  -1.02061E-02   1.23511E-03
 2.21500E+02   2.41334E-02  -1.48570E-02   1.23570E-02  -2.40078E-02  -4.33127E-03  -2.09694E-02  -1.59712E-02  -9.93010E-03  -1.84212E-02   2.68861E-03  -1.17921E-02   1.14405E-02  -2.42863E-04   1.30944E-02   1.03391E-02   8.10314E-03   1.51701E-02  -2.39460E-05   1.25891E-02  -6.81404E-03   4.46084E-03  -9.14587E-03  -5.02617E-03  -6.59879E-03  -1.14562E-02  -1.27443E-03  -1.21668E-02   3.63621E-03  -7.27342E-03   5.66059E-03   6.00294E-04   4.24977E-03   7.63737E-03   8.16532E-04   1.05304E-02  -2.28835E-03   7.80716E-03  -3.19362E-03   2.16038E-04  -1.47652E-03  -1.00119E-02   1.88857E-03
 2.23100E+02   2.39188E-02  -1.52403E-02   1.20739E-02  -2.42655E-02  -4.51829E-03  -2.08784E-02  -1.59585E-02  -9.50605E-03  -1.82093E-02   3.24699E-03  -1.14832E-02   1.18513E-02   2.47913E-06   1.31353E-02   1.03869E-02   7.73117E-03   1.49896E-02  -6.42012E-04   1.22735E-02  -7.38004E-03   4.17846E-03  -9.37805E-03  -5.12460E-03  -6.37406E-03  -1.13214E-02  -6.92697E-04  -1.18785E-02   4.29857E-03  -6.99434E-03   6.08545E-03   7.16368E-04   4.23400E-03   7.53313E-03   3.74341E-04   1.02781E-02  -2.92608E-03   7.57077E-03  -3.67994E-03   1.66438E-04  -1.49443E-03  -9.77249E-03   2.51643E-03
 2.24700E+02   2.36730E-02  -1.55995E-02   1.17685E-02  -2.45080E-02  -4.70498E-03  -2.07905E-02  -1.59231E-02  -9.10155E-03  -1.79638E-02   3.77922E-03  -1.11469E-02   1.22424E-02   2.54410E-04   1.31728E-02   1.04157E-02   7.37471E-03   1.47726E-02  -1.23256E-03   1.19215E-02  -7.91956E-03   3.87832E-03  -9.59785E-03  -5.21224E-03  -6.15762E-03  -1.11516E-02  -1.36498E-04  -1.15473E-02   4.93022E-03  -6.68589E-03   6.48937E-03   8.33602E-04   4.21739E-03   7.40122E-03  -4.82535E-05   9.98395E-03  -3.53413E-03   7.30148E-03  -4.14297E-03   1.14936E-04  -1.51093E-03  -9.49146E-03   3.11502E-03
 2.26300E+02   2.34003E-02  -1.59313E-02   1.14433E-02  -2.47328E-02  -4.89176E-03  -2.07057E-02  -1.58683E-02  -8.71858E-03  -1.76890E-02   4.28227E-03  -1.07861E-02   1.26110E-02   5.12581E-04   1.32062E-02   1.04280E-02   7.03516E-03   1.45232E-02  -1.79263E-03   1.15369E-02  -8.42955E-03   3.56197E-03  -9.80362E-03  -5.29056E-03  -5.95009E-03  -1.09503E-02   3.91581E-04  -1.11777E-02   5.52789E-03  -6.35079E-03   6.87001E-03   9.52106E-04   4.19972E-03   7.24448E-03  -4.49291E-04   9.65189E-03  -4.10940E-03   7.00238E-03  -4.58024E-03   6.16406E-05  -1.52583E-03  -9.17285E-03   3.68132E-03
 2.27900E+02   2.31052E-02  -1.62332E-02   1.11013E-02  -2.49383E-02  -5.07906E-03  -2.06238E-02  -1.57973E-02  -8.35862E-03  -1.73892E-02   4.75382E-03  -1.04042E-02   1.29552E-02   7.76581E-04   1.32348E-02   1.04264E-02   6.71354E-03   1.42459E-02  -2.32001E-03   1.11237E-02  -8.90764E-03   3.23107E-03  -9.99406E-03  -5.36104E-03  -5.75187E-03  -1.07216E-02   8.89574E-04  -1.07740E-02   6.08902E-03  -5.99193E-03   7.22551E-03   1.07197E-03   4.18076E-03   7.06588E-03  -8.27272E-04   9.28624E-03  -4.64948E-03   6.67676E-03  -4.98981E-03   6.67882E-06  -1.53895E-03  -8.82088E-03   4.21297E-03
 2.29600E+02   2.27724E-02  -1.65193E-02   1.07229E-02  -2.51338E-02  -5.27908E-03  -2.05398E-02  -1.57078E-02  -8.00240E-03  -1.70482E-02   5.21858E-03  -9.97891E-03   1.32927E-02   1.06297E-03   1.32593E-02   1.04125E-02   6.39214E-03   1.39255E-02  -2.84284E-03   1.06579E-02  -9.37879E-03   2.86547E-03  -1.01785E-02  -5.42903E-03  -5.55170E-03  -1.04531E-02   1.38423E-03  -1.03129E-02   6.64315E-03  -5.58794E-03   7.57414E-03   1.20089E-03   4.15893E-03   6.85554E-03  -1.20245E-03   8.86583E-03  -5.18282E-03   6.30548E-03  -5.39302E-03  -5.33941E-05  -1.55078E-03  -8.41518E-03   4.73798E-03
 2.31200E+02   2.24458E-02  -1.67550E-02   1.03558E-02  -2.52956E-02  -5.46872E-03  -2.04632E-02  -1.56140E-02  -7.69228E-03  -1.67109E-02   5.62098E-03  -9.56373E-03   1.35828E-02   1.33756E-03   1.32763E-02   1.03906E-02   6.10901E-03   1.36046E-02  -3.29873E-03   1.01986E-02  -9.78648E-03   2.51002E-03  -1.03344E-02  -5.48810E-03  -5.37312E-03  -1.01806E-02   1.81658E-03  -9.85350E-03   7.12391E-03  -5.18945E-03   7.87392E-03   1.32378E-03   4.13658E-03   6.64136E-03  -1.53007E-03   8.44472E-03  -5.64556E-03   5.93571E-03  -5.74149E-03  -1.11366E-04  -1.55981E-03  -8.00797E-03   5.19348E-03
 2.32900E+02   2.20898E-02  -1.69696E-02   9.95736E-03  -2.54436E-02  -5.67211E-03  -2.03842E-02  -1.55078E-02  -7.38939E-03  -1.63401E-02   6.01112E-03  -9.11044E-03   1.38614E-02   1.63417E-03   1.32876E-02   1.03609E-02   5.82857E-03   1.32479E-02  -3.74448E-03   9.69301E-03  -1.01812E-02   2.12221E-03  -1.04809E-02  -5.54726E-03  -5.19358E-03  -9.87429E-03   2.24045E-03  -9.34344E-03   7.59086E-03  -4.74994E-03   8.16177E-03   1.45605E-03   4.11067E-03   6.39988E-03  -1.85087E-03   7.97505E-03  -6.09500E-03   5.52492E-03  -6.07827E-03  -1.74328E-04  -1.56707E-03  -7.55307E-03   5.63587E-03
 2.34600E+02   2.17296E-02  -1.71476E-02   9.55351E-03  -2.55669E-02  -5.87787E-03  -2.03074E-02  -1.53984E-02  -7.11332E-03  -1.59613E-02   6.36322E-03  -8.64817E-03   1.41095E-02   1.93526E-03   1.32915E-02   1.03275E-02   5.56859E-03   1.28796E-02  -4.15088E-03   9.17359E-03  -1.05364E-02   1.72582E-03  -1.06073E-02  -5.60428E-03  -5.02413E-03  -9.55512E-03   2.62813E-03  -8.81569E-03   8.01277E-03  -4.29702E-03   8.41791E-03   1.59012E-03   4.08227E-03   6.14727E-03  -2.14376E-03   7.48715E-03  -6.50103E-03   5.09926E-03  -6.38052E-03  -2.38547E-04  -1.57183E-03  -7.07984E-03   6.03551E-03
 2.36300E+02   2.13699E-02  -1.72904E-02   9.14733E-03  -2.56663E-02  -6.08640E-03  -2.02323E-02  -1.52893E-02  -6.86302E-03  -1.55790E-02   6.67839E-03  -8.18030E-03   1.43276E-02   2.24036E-03   1.32878E-02   1.02929E-02   5.32815E-03   1.25045E-02  -4.51902E-03   8.64455E-03  -1.08527E-02   1.32262E-03  -1.07136E-02  -5.66064E-03  -4.86411E-03  -9.22707E-03   2.98052E-03  -8.27486E-03   8.39037E-03  -3.83369E-03   8.64260E-03   1.72606E-03   4.05112E-03   5.88655E-03  -2.40936E-03   6.98543E-03  -6.86430E-03   4.66211E-03  -6.64863E-03  -3.03875E-04  -1.57402E-03  -6.59261E-03   6.39300E-03
 2.38000E+02   2.10149E-02  -1.73996E-02   8.74154E-03  -2.57426E-02  -6.29807E-03  -2.01585E-02  -1.51834E-02  -6.63703E-03  -1.51973E-02   6.95828E-03  -7.70985E-03   1.45169E-02   2.54903E-03   1.32763E-02   1.02596E-02   5.10604E-03   1.21265E-02  -4.85046E-03   8.10964E-03  -1.11314E-02   9.14216E-04  -1.08001E-02  -5.71770E-03  -4.71277E-03  -8.89381E-03   3.29895E-03  -7.72517E-03   8.72487E-03  -3.36268E-03   8.83641E-03   1.86388E-03   4.01695E-03   5.62046E-03  -2.64857E-03   6.47388E-03  -7.18588E-03   4.21653E-03  -6.88334E-03  -3.70182E-04  -1.57360E-03  -6.09530E-03   6.70940E-03
 2.39700E+02   2.06685E-02  -1.74775E-02   8.33859E-03  -2.57971E-02  -6.51319E-03  -2.00855E-02  -1.50836E-02  -6.43361E-03  -1.48199E-02   7.20493E-03  -7.23948E-03   1.46784E-02   2.86090E-03   1.32568E-02   1.02297E-02   4.90084E-03   1.17492E-02  -5.14714E-03   7.57218E-03  -1.13739E-02   5.02027E-04  -1.08670E-02  -5.77663E-03  -4.56918E-03  -8.55855E-03   3.58506E-03  -7.17034E-03   9.01788E-03  -2.88641E-03   9.00015E-03   2.00364E-03   3.97950E-03   5.35143E-03  -2.86255E-03   5.95605E-03  -7.46723E-03   3.76525E-03  -7.08564E-03  -4.37347E-04  -1.57051E-03  -5.59138E-03   6.98609E-03
 2.41400E+02   2.03339E-02  -1.75265E-02   7.94053E-03  -2.58312E-02  -6.73208E-03  -2.00128E-02  -1.49921E-02  -6.25076E-03  -1.44498E-02   7.42070E-03  -6.77151E-03   1.48138E-02   3.17565E-03   1.32293E-02   1.02050E-02   4.71092E-03   1.13757E-02  -5.41132E-03   7.03504E-03  -1.15820E-02   8.72819E-05  -1.09149E-02  -5.83847E-03  -4.43233E-03  -8.22411E-03   3.84076E-03  -6.61360E-03   9.27124E-03  -2.40700E-03   9.13480E-03   2.14535E-03   3.93847E-03   5.08157E-03  -3.05262E-03   5.43502E-03  -7.71002E-03   3.31064E-03  -7.25669E-03  -5.05265E-04  -1.56472E-03  -5.08391E-03   7.22469E-03
 2.43200E+02   1.99954E-02  -1.75500E-02   7.52636E-03  -2.58468E-02  -6.96820E-03  -1.99357E-02  -1.49065E-02  -6.07722E-03  -1.40689E-02   7.61833E-03  -6.28078E-03   1.49304E-02   3.51174E-03   1.31912E-02   1.01863E-02   4.52458E-03   1.09874E-02  -5.65830E-03   6.46937E-03  -1.17669E-02  -3.53480E-04  -1.09453E-02  -5.90806E-03  -4.29358E-03  -7.87354E-03   4.08064E-03  -6.02509E-03   9.49854E-03  -1.89797E-03   9.24686E-03   2.29755E-03   3.89080E-03   4.79694E-03  -3.22943E-03   4.88280E-03  -7.92710E-03   2.82792E-03  -7.40519E-03  -5.77896E-04  -1.55560E-03  -4.54560E-03   7.43778E-03
 2.44900E+02   1.96931E-02  -1.75483E-02   7.14357E-03  -2.58439E-02  -7.19556E-03  -1.98621E-02  -1.48380E-02  -5.92989E-03  -1.37217E-02   7.77868E-03  -5.82348E-03   1.50170E-02   3.83161E-03   1.31467E-02   1.01771E-02   4.36059E-03   1.06296E-02  -5.86331E-03   5.94013E-03  -1.19101E-02  -7.70361E-04  -1.09554E-02  -5.97844E-03  -4.16715E-03  -7.54785E-03   4.28032E-03  -5.47263E-03   9.67676E-03  -1.41747E-03   9.32504E-03   2.44331E-03   3.84144E-03   4.53074E-03  -3.37490E-03   4.36308E-03  -8.09635E-03   2.37253E-03  -7.51603E-03  -6.47082E-04  -1.54412E-03  -4.03855E-03   7.60363E-03
 2.46700E+02   1.93934E-02  -1.75247E-02   6.74840E-03  -2.58240E-02  -7.44108E-03  -1.97827E-02  -1.47800E-02  -5.78884E-03  -1.33694E-02   7.92372E-03  -5.34727E-03   1.50858E-02   4.17266E-03   1.30903E-02   1.01773E-02   4.19756E-03   1.02623E-02  -6.05341E-03   5.38692E-03  -1.20309E-02  -1.21158E-03  -1.09469E-02  -6.05849E-03  -4.03684E-03  -7.21054E-03   4.46574E-03  -4.89335E-03   9.82926E-03  -9.10404E-04   9.37979E-03   2.59977E-03   3.78421E-03   4.25304E-03  -3.50787E-03   3.81677E-03  -8.23986E-03   1.89250E-03  -7.60376E-03  -7.20878E-04  -1.52889E-03  -3.50518E-03   7.74382E-03
 2.48500E+02   1.91161E-02  -1.74821E-02   6.36464E-03  -2.57889E-02  -7.69167E-03  -1.97012E-02  -1.47381E-02  -5.66043E-03  -1.30343E-02   8.04650E-03  -4.88039E-03   1.51329E-02   4.51596E-03   1.30242E-02   1.01886E-02   4.04323E-03   9.90837E-03  -6.21876E-03   4.84256E-03  -1.21221E-02  -1.65193E-03  -1.09193E-02  -6.14473E-03  -3.90881E-03  -6.88244E-03   4.62696E-03  -4.32167E-03   9.94695E-03  -4.06278E-04   9.40696E-03   2.75836E-03   3.72144E-03   3.98074E-03  -3.62095E-03   3.27630E-03  -8.34883E-03   1.41604E-03  -7.66253E-03  -7.95149E-04  -1.51040E-03  -2.97710E-03   7.84970E-03
 2.50300E+02   1.88623E-02  -1.74239E-02   5.99298E-03  -2.57405E-02  -7.94741E-03  -1.96167E-02  -1.47130E-02  -5.54195E-03  -1.27176E-02   8.15021E-03  -4.42370E-03   1.51605E-02   4.86134E-03   1.29481E-02   1.02118E-02   3.89537E-03   9.56896E-03  -6.36237E-03   4.30820E-03  -1.21861E-02  -2.09081E-03  -1.08730E-02  -6.23744E-03  -3.78163E-03  -6.56465E-03   4.76648E-03  -3.75896E-03   1.00322E-02   9.39197E-05   9.40769E-03   2.91901E-03   3.65268E-03   3.71474E-03  -3.71585E-03   2.74304E-03  -8.42537E-03   9.44263E-04  -7.69376E-03  -8.69813E-04  -1.48860E-03  -2.45570E-03   7.92329E-03
 2.52100E+02   1.86327E-02  -1.73536E-02   5.63387E-03  -2.56806E-02  -8.20832E-03  -1.95287E-02  -1.47053E-02  -5.43070E-03  -1.24197E-02   8.23793E-03  -3.97777E-03   1.51702E-02   5.20861E-03   1.28617E-02   1.02470E-02   3.75181E-03   9.24484E-03  -6.48711E-03   3.78467E-03  -1.22249E-02  -2.52775E-03  -1.08084E-02  -6.33681E-03  -3.65390E-03  -6.25795E-03   4.88671E-03  -3.20627E-03   1.00872E-02   5.89391E-04   9.38305E-03   3.08160E-03   3.57747E-03   3.45567E-03  -3.79422E-03   2.21807E-03  -8.47144E-03   4.78049E-04  -7.69877E-03  -9.44787E-04  -1.46337E-03  -1.94206E-03   7.96647E-03
 2.53900E+02   1.84275E-02  -1.72743E-02   5.28751E-03  -2.56109E-02  -8.47437E-03  -1.94363E-02  -1.47150E-02  -5.32407E-03  -1.21412E-02   8.31261E-03  -3.54295E-03   1.51638E-02   5.55759E-03   1.27648E-02   1.02945E-02   3.61038E-03   8.93644E-03  -6.59574E-03   3.27254E-03  -1.22406E-02  -2.96234E-03  -1.07257E-02  -6.44281E-03  -3.52421E-03  -5.96282E-03   4.98991E-03  -2.66439E-03   1.01140E-02   1.07948E-03   9.33393E-03   3.24596E-03   3.49529E-03   3.20399E-03  -3.85761E-03   1.70222E-03  -8.48883E-03   1.81173E-05  -7.67873E-03  -1.01998E-03  -1.43461E-03  -1.43704E-03   7.98097E-03
 2.55700E+02   1.82467E-02  -1.71891E-02   4.95393E-03  -2.55332E-02  -8.74544E-03  -1.93388E-02  -1.47422E-02  -5.21954E-03  -1.18821E-02   8.37706E-03  -3.11940E-03   1.51429E-02   5.90806E-03   1.26568E-02   1.03542E-02   3.46903E-03   8.64389E-03  -6.69085E-03   2.77218E-03  -1.22348E-02  -3.39419E-03  -1.06252E-02  -6.55533E-03  -3.39122E-03  -5.67951E-03   5.07822E-03  -2.13384E-03   1.01145E-02   1.56364E-03   9.26111E-03   3.41188E-03   3.40562E-03   2.95998E-03  -3.90744E-03   1.19611E-03  -8.47915E-03  -4.34945E-04  -7.63466E-03  -1.09529E-03  -1.40220E-03  -9.41284E-04   7.96831E-03
 2.57600E+02   1.80818E-02  -1.70962E-02   4.61553E-03  -2.54441E-02  -9.03681E-03  -1.92294E-02  -1.47893E-02  -5.10883E-03  -1.16292E-02   8.43691E-03  -2.68457E-03   1.51067E-02   6.27933E-03   1.25303E-02   1.04300E-02   3.31769E-03   8.35217E-03  -6.77924E-03   2.25698E-03  -1.22073E-02  -3.84665E-03  -1.04999E-02  -6.68084E-03  -3.24576E-03  -5.39334E-03   5.15747E-03  -1.58655E-03   1.00882E-02   2.06772E-03   9.15920E-03   3.58840E-03   3.30225E-03   2.71089E-03  -3.94678E-03   6.73013E-04  -8.44114E-03  -9.05173E-04  -7.56303E-03  -1.17478E-03  -1.36387E-03  -4.28610E-04   7.92698E-03
 2.59500E+02   1.79428E-02  -1.70032E-02   4.29090E-03  -2.53494E-02  -9.33328E-03  -1.91126E-02  -1.48547E-02  -4.99507E-03  -1.13969E-02   8.49120E-03  -2.26219E-03   1.50574E-02   6.65160E-03   1.23904E-02   1.05184E-02   3.16195E-03   8.07761E-03  -6.85791E-03   1.75517E-03  -1.21594E-02  -4.29518E-03  -1.03547E-02  -6.81279E-03  -3.09359E-03  -5.12022E-03   5.22447E-03  -1.05262E-03   1.00361E-02   2.56410E-03   9.03213E-03   3.76595E-03   3.18929E-03   2.47054E-03  -3.97388E-03   1.61776E-04  -8.37599E-03  -1.36666E-03  -7.46643E-03  -1.25411E-03  -1.32114E-03   7.26596E-05   7.85825E-03
 2.61300E+02   1.78341E-02  -1.69179E-02   3.99565E-03  -2.52557E-02  -9.61846E-03  -1.89941E-02  -1.49328E-02  -4.88217E-03  -1.11953E-02   8.53993E-03  -1.87332E-03   1.49999E-02   7.00477E-03   1.22450E-02   1.06131E-02   3.00840E-03   7.83280E-03  -6.92567E-03   1.29211E-03  -1.20966E-02  -4.71603E-03  -1.01988E-02  -6.94315E-03  -2.94191E-03  -4.87323E-03   5.27843E-03  -5.59310E-04   9.96428E-03   3.02673E-03   8.88891E-03   3.93466E-03   3.07282E-03   2.25085E-03  -3.98941E-03  -3.11255E-04  -8.29035E-03  -1.79532E-03  -7.35249E-03  -1.32895E-03  -1.27643E-03   5.36624E-04   7.76894E-03
 2.63200E+02   1.77423E-02  -1.68334E-02   3.69645E-03  -2.51540E-02  -9.92355E-03  -1.88600E-02  -1.50311E-02  -4.75529E-03  -1.10007E-02   8.59088E-03  -1.47448E-03   1.49289E-02   7.37754E-03   1.20772E-02   1.07236E-02   2.83806E-03   7.58977E-03  -6.99217E-03   8.16262E-04  -1.20131E-02  -5.15538E-03  -1.00146E-02  -7.08563E-03  -2.77252E-03  -4.62449E-03   5.32701E-03  -5.19716E-05   9.86590E-03   3.50643E-03   8.71388E-03   4.11272E-03   2.93929E-03   2.02728E-03  -3.99616E-03  -7.98284E-04  -8.17570E-03  -2.23827E-03  -7.20907E-03  -1.40738E-03  -1.22459E-03   1.01442E-03   7.65003E-03
 2.65100E+02   1.76727E-02  -1.67572E-02   3.40943E-03  -2.50507E-02  -1.02322E-02  -1.87158E-02  -1.51444E-02  -4.61829E-03  -1.08239E-02   8.64354E-03  -1.08726E-03   1.48483E-02   7.74963E-03   1.18941E-02   1.08437E-02   2.65738E-03   7.36163E-03  -7.05551E-03   3.53591E-04  -1.19131E-02  -5.58903E-03  -9.81006E-03  -7.23217E-03  -2.59231E-03  -4.38748E-03   5.36858E-03   4.41474E-04   9.74543E-03   3.97658E-03   8.51451E-03   4.29008E-03   2.79424E-03   1.81208E-03  -3.99400E-03  -1.27232E-03  -8.03700E-03  -2.67085E-03  -7.04226E-03  -1.48500E-03  -1.16779E-03   1.47951E-03   7.50661E-03
 2.67000E+02   1.76235E-02  -1.66916E-02   3.13389E-03  -2.49466E-02  -1.05437E-02  -1.85606E-02  -1.52711E-02  -4.46911E-03  -1.06634E-02   8.69997E-03  -7.11286E-04   1.47591E-02   8.12022E-03   1.16951E-02   1.09721E-02   2.46460E-03   7.14732E-03  -7.11750E-03  -9.60094E-05  -1.17973E-02  -6.01618E-03  -9.58481E-03  -7.38165E-03  -2.40002E-03  -4.16154E-03   5.40456E-03   9.20841E-04   9.60379E-03   4.43639E-03   8.29088E-03   4.46594E-03   2.63706E-03   1.60502E-03  -3.98380E-03  -1.73292E-03  -7.87497E-03  -3.09236E-03  -6.85236E-03  -1.56148E-03  -1.10585E-03   1.93137E-03   7.33936E-03
 2.69000E+02   1.75916E-02  -1.66364E-02   2.85544E-03  -2.48374E-02  -1.08736E-02  -1.83844E-02  -1.54171E-02  -4.29685E-03  -1.05103E-02   8.76546E-03  -3.27291E-04   1.46567E-02   8.50767E-03   1.14676E-02   1.11144E-02   2.24685E-03   6.93536E-03  -7.18308E-03  -5.55241E-04  -1.16595E-02  -6.45771E-03  -9.32498E-03  -7.54076E-03  -2.18334E-03  -3.93487E-03   5.43778E-03   1.40996E-03   9.43266E-03   4.90817E-03   8.02930E-03   4.64843E-03   2.45788E-03   1.39558E-03  -3.96525E-03  -2.20267E-03  -7.67987E-03  -3.52324E-03  -6.62779E-03  -1.64039E-03  -1.03488E-03   2.39205E-03   7.13817E-03
 2.70900E+02   1.75782E-02  -1.65989E-02   2.60113E-03  -2.47348E-02  -1.11881E-02  -1.82042E-02  -1.55656E-02  -4.11699E-03  -1.03783E-02   8.83515E-03   2.66903E-05   1.45520E-02   8.87207E-03   1.12338E-02   1.12546E-02   2.02442E-03   6.74563E-03  -7.24718E-03  -9.78214E-04  -1.15141E-02  -6.86831E-03  -9.05627E-03  -7.69211E-03  -1.96287E-03  -3.72932E-03   5.46608E-03   1.85959E-03   9.24987E-03   5.34362E-03   7.75594E-03   4.81825E-03   2.27408E-03   1.20445E-03  -3.94090E-03  -2.63395E-03  -7.47177E-03  -3.91943E-03  -6.39120E-03  -1.71344E-03  -9.61838E-04   2.81476E-03   6.92367E-03
 2.72900E+02   1.75791E-02  -1.65772E-02   2.34329E-03  -2.46288E-02  -1.15188E-02  -1.80003E-02  -1.57300E-02  -3.90898E-03  -1.02516E-02   8.91794E-03   3.88279E-04   1.44347E-02   9.25042E-03   1.09685E-02   1.14053E-02   1.77254E-03   6.55664E-03  -7.31793E-03  -1.40942E-03  -1.13465E-02  -7.28978E-03  -8.75011E-03  -7.84986E-03  -1.71445E-03  -3.52234E-03   5.49352E-03   2.31658E-03   9.03686E-03   5.78718E-03   7.44207E-03   4.99197E-03   2.06586E-03   1.01124E-03  -3.90887E-03  -3.07133E-03  -7.22930E-03  -4.32145E-03  -6.11794E-03  -1.78781E-03  -8.78876E-04   3.24306E-03   6.67379E-03
 2.74800E+02   1.75920E-02  -1.65747E-02   2.10686E-03  -2.45306E-02  -1.18316E-02  -1.77925E-02  -1.58915E-02  -3.69235E-03  -1.01408E-02   9.00678E-03   7.21617E-04   1.43170E-02   9.60344E-03   1.06979E-02   1.15492E-02   1.51533E-03   6.38580E-03  -7.38935E-03  -1.80564E-03  -1.11740E-02  -7.67849E-03  -8.43695E-03  -7.99643E-03  -1.46221E-03  -3.33374E-03   5.51822E-03   2.73472E-03   8.81551E-03   6.19302E-03   7.11919E-03   5.15091E-03   1.85369E-03   8.35011E-04  -3.87291E-03  -3.47018E-03  -6.97723E-03  -4.68785E-03  -5.83558E-03  -1.85557E-03  -7.94201E-04   3.63312E-03   6.41400E-03
 2.76800E+02   1.76153E-02  -1.65924E-02   1.86605E-03  -2.44304E-02  -1.21577E-02  -1.75586E-02  -1.60644E-02  -3.44326E-03  -1.00321E-02   9.11208E-03   1.06207E-03   1.41870E-02   9.96660E-03   1.03931E-02   1.16991E-02   1.22487E-03   6.21350E-03  -7.46991E-03  -2.20840E-03  -1.09791E-02  -8.07358E-03  -8.08382E-03  -8.14520E-03  -1.17903E-03  -3.14269E-03   5.54357E-03   3.15730E-03   8.56317E-03   6.60209E-03   6.75356E-03   5.31029E-03   1.61503E-03   6.56972E-04  -3.82976E-03  -3.87139E-03  -6.68960E-03  -5.05568E-03  -5.51477E-03  -1.92326E-03  -6.98851E-04   4.02479E-03   6.11752E-03
 2.78800E+02   1.76456E-02  -1.66319E-02   1.63256E-03  -2.43339E-02  -1.24791E-02  -1.73088E-02  -1.62372E-02  -3.17182E-03  -9.92928E-03   9.23027E-03   1.39208E-03   1.40512E-02   1.03192E-02   1.00679E-02   1.18445E-02   9.13622E-04   6.04719E-03  -7.55676E-03  -2.59618E-03  -1.07710E-02  -8.45226E-03  -7.70676E-03  -8.28605E-03  -8.77413E-04  -2.95832E-03   5.56890E-03   3.56107E-03   8.29169E-03   6.99062E-03   6.36192E-03   5.45985E-03   1.36063E-03   4.86355E-04  -3.78166E-03  -4.25221E-03  -6.37978E-03  -5.40354E-03  -5.17028E-03  -1.98658E-03  -5.97139E-04   4.39566E-03   5.79810E-03
 2.80800E+02   1.76800E-02  -1.66936E-02   1.40545E-03  -2.42414E-02  -1.27939E-02  -1.70430E-02  -1.64070E-02  -2.87765E-03  -9.82995E-03   9.36190E-03   1.71183E-03   1.39102E-02   1.06593E-02   9.72234E-03   1.19828E-02   5.81334E-04   5.88509E-03  -7.65045E-03  -2.96863E-03  -1.05505E-02  -8.81241E-03  -7.30617E-03  -8.41661E-03  -5.57318E-04  -2.77958E-03   5.59474E-03   3.94507E-03   8.00185E-03   7.35646E-03   5.94494E-03   5.59782E-03   1.09064E-03   3.22945E-04  -3.72904E-03  -4.61127E-03  -6.04859E-03  -5.72957E-03  -4.80283E-03  -2.04485E-03  -4.89160E-04   4.74422E-03   5.45659E-03
 2.82900E+02   1.77169E-02  -1.67825E-02   1.17284E-03  -2.41489E-02  -1.31155E-02  -1.67471E-02  -1.65785E-02  -2.54433E-03  -9.72679E-03   9.51482E-03   2.03671E-03   1.37568E-02   1.10006E-02   9.33807E-03   1.21170E-02   2.09932E-04   5.71745E-03  -7.75653E-03  -3.34276E-03  -1.03062E-02  -9.16817E-03  -6.86099E-03  -8.53995E-03  -2.01625E-04  -2.59688E-03   5.62285E-03   4.32589E-03   7.67876E-03   7.71374E-03   5.48084E-03   5.72819E-03   7.90798E-04   1.58915E-04  -3.66939E-03  -4.96322E-03  -5.67894E-03  -6.04631E-03  -4.39332E-03  -2.09981E-03  -3.69237E-04   5.08442E-03   5.07533E-03
 2.84900E+02   1.77496E-02  -1.68899E-02   9.55924E-04  -2.40653E-02  -1.34113E-02  -1.64496E-02  -1.67322E-02  -2.20406E-03  -9.62713E-03   9.67440E-03   2.33591E-03   1.36061E-02   1.13084E-02   8.95244E-03   1.22314E-02  -1.64667E-04   5.55839E-03  -7.86501E-03  -3.68242E-03  -1.00623E-02  -9.48330E-03  -6.41466E-03  -8.64174E-03   1.55160E-04  -2.42656E-03   5.65081E-03   4.66613E-03   7.35427E-03   8.02602E-03   5.01513E-03   5.83659E-03   4.90349E-04   9.70709E-06  -3.60879E-03  -5.27294E-03  -5.30728E-03  -6.32151E-03  -3.98202E-03  -2.14547E-03  -2.49087E-04   5.38212E-03   4.69192E-03
 2.87000E+02   1.77781E-02  -1.70257E-02   7.32044E-04  -2.39823E-02  -1.37088E-02  -1.61216E-02  -1.68800E-02  -1.82379E-03  -9.51840E-03   9.85616E-03   2.63947E-03   1.34437E-02   1.16112E-02   8.52803E-03   1.23343E-02  -5.78884E-04   5.39008E-03  -7.98656E-03  -4.02107E-03  -9.79528E-03  -9.78678E-03  -5.92406E-03  -8.72944E-03   5.47649E-04  -2.25053E-03   5.68158E-03   4.99861E-03   6.99730E-03   8.32198E-03   4.50299E-03   5.93179E-03   1.60268E-04  -1.39770E-04  -3.54159E-03  -5.56968E-03  -4.89804E-03  -6.58049E-03  -3.52947E-03  -2.18559E-03  -1.17123E-04   5.66523E-03   4.26970E-03
 2.89000E+02   1.77965E-02  -1.71759E-02   5.21643E-04  -2.39077E-02  -1.39780E-02  -1.57954E-02  -1.70047E-02  -1.44112E-03  -9.40865E-03   1.00421E-02   2.91857E-03   1.32854E-02   1.18779E-02   8.10670E-03   1.24128E-02  -9.91862E-04   5.22682E-03  -8.10924E-03  -4.32593E-03  -9.53158E-03  -1.00474E-02  -5.43768E-03  -8.79225E-03   9.37090E-04  -2.08459E-03   5.71223E-03   5.29056E-03   6.64334E-03   8.57113E-03   3.99523E-03   6.00287E-03  -1.66760E-04  -2.75430E-04  -3.47456E-03  -5.82360E-03  -4.49195E-03  -6.79657E-03  -3.08067E-03  -2.21562E-03   1.35684E-05   5.90508E-03   3.85070E-03
 2.91100E+02   1.78037E-02  -1.73538E-02   3.02799E-04  -2.38340E-02  -1.42439E-02  -1.54399E-02  -1.71157E-02  -1.01971E-03  -9.28453E-03   1.02496E-02   3.20123E-03   1.31159E-02   1.21332E-02   7.64819E-03   1.24721E-02  -1.44295E-03   5.05055E-03  -8.24468E-03  -4.62702E-03  -9.24602E-03  -1.02890E-02  -4.90919E-03  -8.83399E-03   1.36057E-03  -1.91117E-03   5.74571E-03   5.57007E-03   6.25878E-03   8.79605E-03   3.44364E-03   6.05504E-03  -5.21800E-04  -4.10993E-04  -3.40141E-03  -6.05854E-03  -4.05056E-03  -6.98935E-03  -2.59310E-03  -2.23784E-03   1.55387E-04   6.12395E-03   3.39528E-03
 2.93200E+02   1.77955E-02  -1.75503E-02   8.52383E-05  -2.37646E-02  -1.44911E-02  -1.50728E-02  -1.72035E-02  -5.80692E-04  -9.14914E-03   1.04684E-02   3.47339E-03   1.29438E-02   1.23611E-02   7.17549E-03   1.25049E-02  -1.90948E-03   4.86767E-03  -8.38601E-03  -4.90820E-03  -8.95292E-03  -1.04957E-02  -4.36520E-03  -8.84863E-03   1.79668E-03  -1.73765E-03   5.78028E-03   5.82090E-03   5.86305E-03   8.98127E-03   2.87618E-03   6.08248E-03  -8.86806E-04  -5.39669E-04  -3.32582E-03  -6.25959E-03  -3.59631E-03  -7.14536E-03  -2.09158E-03  -2.24985E-03   3.01104E-04   6.30750E-03   2.92665E-03
 2.95300E+02   1.77696E-02  -1.77628E-02  -1.31825E-04  -2.36993E-02  -1.47180E-02  -1.46962E-02  -1.72655E-02  -1.26974E-04  -9.00052E-03   1.06966E-02   3.73520E-03   1.27695E-02   1.25599E-02   6.69123E-03   1.25089E-02  -2.38857E-03   4.67670E-03  -8.53213E-03  -5.16917E-03  -8.65377E-03  -1.06656E-02  -3.80886E-03  -8.83418E-03   2.24275E-03  -1.56319E-03   5.81560E-03   6.04223E-03   5.45845E-03   9.12497E-03   2.29631E-03   6.08366E-03  -1.25948E-03  -6.61633E-04  -3.24821E-03  -6.42556E-03  -3.13201E-03  -7.26302E-03  -1.57926E-03  -2.25106E-03   4.49792E-04   6.45442E-03   2.44774E-03
 2.97500E+02   1.77211E-02  -1.79995E-02  -3.59463E-04  -2.36348E-02  -1.49328E-02  -1.42940E-02  -1.73005E-02   3.60530E-04  -8.82882E-03   1.09436E-02   3.99864E-03   1.25855E-02   1.27358E-02   6.17473E-03   1.24801E-02  -2.90041E-03   4.46655E-03  -8.68891E-03  -5.42072E-03  -8.33563E-03  -1.08026E-02  -3.21654E-03  -8.78605E-03   2.71748E-03  -1.37857E-03   5.85292E-03   6.24187E-03   5.02777E-03   9.22944E-03   1.67961E-03   6.05541E-03  -1.65538E-03  -7.82414E-04  -3.16519E-03  -6.56082E-03  -2.63812E-03  -7.34383E-03  -1.03469E-03  -2.24023E-03   6.07629E-04   6.56797E-03   1.93850E-03
 2.99600E+02   1.76527E-02  -1.82356E-02  -5.77626E-04  -2.35765E-02  -1.51153E-02  -1.39053E-02  -1.73039E-02   8.33788E-04  -8.64829E-03   1.11847E-02   4.24006E-03   1.24092E-02   1.28717E-02   5.67623E-03   1.24196E-02  -3.39484E-03   4.25525E-03  -8.84060E-03  -5.64004E-03  -8.02913E-03  -1.08934E-02  -2.64594E-03  -8.70740E-03   3.17435E-03  -1.19989E-03   5.88829E-03   6.40139E-03   4.61286E-03   9.28425E-03   1.08632E-03   5.99939E-03  -2.03566E-03  -8.91260E-04  -3.08472E-03  -6.65255E-03  -2.16288E-03  -7.37963E-03  -5.11174E-04  -2.21799E-03   7.59125E-04   6.63722E-03   1.44873E-03
 3.01800E+02   1.75569E-02  -1.84899E-02  -8.07680E-04  -2.35182E-02  -1.52825E-02  -1.34960E-02  -1.72750E-02   1.33372E-03  -8.44072E-03   1.14401E-02   4.48289E-03   1.22244E-02   1.29802E-02   5.15188E-03   1.23208E-02  -3.91485E-03   4.02180E-03  -8.99994E-03  -5.84829E-03  -7.70696E-03  -1.09461E-02  -2.04697E-03  -8.58995E-03   3.65313E-03  -1.00954E-03   5.92442E-03   6.53606E-03   4.17715E-03   9.29420E-03   4.64552E-04   5.90974E-03  -2.43340E-03  -9.98813E-04  -2.99958E-03  -6.70936E-03  -1.66471E-03  -7.37351E-03   3.69734E-05  -2.18204E-03   9.17435E-04   6.66857E-03   9.35647E-04
 3.04000E+02   1.74357E-02  -1.87475E-02  -1.03977E-03  -2.34622E-02  -1.54252E-02  -1.30876E-02  -1.72124E-02   1.83355E-03  -8.21368E-03   1.16958E-02   4.71592E-03   1.20404E-02   1.30542E-02   4.62915E-03   1.21854E-02  -4.43270E-03   3.77538E-03  -9.15786E-03  -6.03506E-03  -7.38560E-03  -1.09558E-02  -1.45117E-03  -8.43640E-03   4.12815E-03  -8.15452E-04   5.95888E-03   6.63802E-03   3.74342E-03   9.25581E-03  -1.52665E-04   5.78831E-03  -2.82717E-03  -1.10006E-03  -2.91400E-03  -6.72635E-03  -1.17001E-03  -7.32298E-03   5.80481E-04  -2.13311E-03   1.07401E-03   6.65811E-03   4.26581E-04
 3.06200E+02   1.72893E-02  -1.90044E-02  -1.27428E-03  -2.34077E-02  -1.55441E-02  -1.26831E-02  -1.71167E-02   2.32893E-03  -7.96701E-03   1.19489E-02   4.93978E-03   1.18579E-02   1.30945E-02   4.11179E-03   1.20138E-02  -4.94407E-03   3.51570E-03  -9.31250E-03  -6.20117E-03  -7.06691E-03  -1.09231E-02  -8.62942E-04  -8.24713E-03   4.59545E-03  -6.17267E-04   5.99091E-03   6.70815E-03   3.31467E-03   9.17001E-03  -7.60543E-04   5.63549E-03  -3.21365E-03  -1.19536E-03  -2.82840E-03  -6.70438E-03  -6.82552E-04  -7.22888E-03   1.11501E-03  -2.07137E-03   1.22751E-03   6.60671E-03  -7.44737E-05
 3.08400E+02   1.71183E-02  -1.92571E-02  -1.51152E-03  -2.33542E-02  -1.56402E-02  -1.22852E-02  -1.69887E-02   2.81569E-03  -7.70099E-03   1.21967E-02   5.15522E-03   1.16774E-02   1.31023E-02   3.60340E-03   1.18068E-02  -5.44486E-03   3.24276E-03  -9.46199E-03  -6.34768E-03  -6.75265E-03  -1.08496E-02  -2.86515E-04  -8.02306E-03   5.05121E-03  -4.14749E-04   6.01974E-03   6.74776E-03   2.89378E-03   9.03833E-03  -1.35448E-03   5.45212E-03  -3.58963E-03  -1.28513E-03  -2.74312E-03  -6.64486E-03  -2.05970E-04  -7.09261E-03   1.63637E-03  -1.99716E-03   1.37664E-03   6.51577E-03  -5.63681E-04
 3.10600E+02   1.69241E-02  -1.95020E-02  -1.75167E-03  -2.33010E-02  -1.57151E-02  -1.18966E-02  -1.68303E-02   3.28995E-03  -7.41634E-03   1.24368E-02   5.36306E-03   1.14995E-02   1.30795E-02   3.10727E-03   1.15663E-02  -5.93118E-03   2.95682E-03  -9.60457E-03  -6.47588E-03  -6.44440E-03  -1.07374E-02   2.74197E-04  -7.76565E-03   5.49184E-03  -2.07782E-04   6.04458E-03   6.75851E-03   2.48337E-03   8.86296E-03  -1.93019E-03   5.23948E-03  -3.95210E-03  -1.36981E-03  -2.65848E-03  -6.54960E-03   2.56370E-04  -6.91610E-03   2.14067E-03  -1.91099E-03   1.52019E-03   6.38717E-03  -1.03746E-03
 3.12800E+02   1.67083E-02  -1.97361E-02  -1.99486E-03  -2.32474E-02  -1.57706E-02  -1.15196E-02  -1.66436E-02   3.74826E-03  -7.11410E-03   1.26668E-02   5.56419E-03   1.13246E-02   1.30283E-02   2.62635E-03   1.12942E-02  -6.39955E-03   2.65840E-03  -9.73860E-03  -6.58728E-03  -6.14354E-03  -1.05889E-02   8.15675E-04  -7.47682E-03   5.91406E-03   3.64115E-06   6.06470E-03   6.74237E-03   2.08582E-03   8.64655E-03  -2.48378E-03   4.99920E-03  -4.29827E-03  -1.44985E-03  -2.57473E-03  -6.42084E-03   7.01416E-04  -6.70176E-03   2.62434E-03  -1.81354E-03   1.65702E-03   6.22320E-03  -1.49256E-03
 3.15100E+02   1.64621E-02  -1.99663E-02  -2.25238E-03  -2.31904E-02  -1.58103E-02  -1.11397E-02  -1.64212E-02   4.20710E-03  -6.78078E-03   1.28941E-02   5.76833E-03   1.11454E-02   1.29474E-02   2.14256E-03   1.09788E-02  -6.86673E-03   2.33386E-03  -9.86795E-03  -6.68756E-03  -5.83815E-03  -1.03982E-02   1.35789E-03  -7.14378E-03   6.33267E-03   2.29340E-04   6.07992E-03   6.69916E-03   1.68612E-03   8.37983E-03  -3.03518E-03   4.72056E-03  -4.64009E-03  -1.52912E-03  -2.48833E-03  -6.25318E-03   1.14531E-03  -6.44025E-03   3.10455E-03  -1.70043E-03   1.79183E-03   6.01682E-03  -1.94527E-03
 3.17400E+02   1.61978E-02  -2.01791E-02  -2.51322E-03  -2.31317E-02  -1.58341E-02  -1.07763E-02  -1.61745E-02   4.64247E-03  -6.43153E-03   1.31062E-02   5.96731E-03   1.09700E-02   1.28418E-02   1.68043E-03   1.06351E-02  -7.30806E-03   1.99748E-03  -9.98481E-03  -6.77329E-03  -5.54306E-03  -1.01748E-02   1.87288E-03  -6.78190E-03   6.72521E-03   4.59617E-04   6.08845E-03   6.63177E-03   1.30456E-03   8.07559E-03  -3.55539E-03   4.41634E-03  -4.95902E-03  -1.60442E-03  -2.40326E-03  -6.05490E-03   1.56483E-03  -6.14393E-03   3.55575E-03  -1.57685E-03   1.91722E-03   5.77796E-03  -2.37170E-03
 3.19700E+02   1.59183E-02  -2.03728E-02  -2.77728E-03  -2.30708E-02  -1.58448E-02  -1.04305E-02  -1.59070E-02   5.05227E-03  -6.06836E-03   1.33014E-02   6.16226E-03   1.07985E-02   1.27149E-02   1.24168E-03   1.02666E-02  -7.72127E-03   1.65041E-03  -1.00879E-02  -6.84655E-03  -5.25896E-03  -9.92288E-03   2.35841E-03  -6.39439E-03   7.08942E-03   6.94197E-04   6.08959E-03   6.54310E-03   9.42575E-04   7.73802E-03  -4.04181E-03   4.08925E-03  -5.25306E-03  -1.67634E-03  -2.31956E-03  -5.82937E-03   1.95795E-03  -5.81656E-03   3.97549E-03  -1.44387E-03   2.03241E-03   5.51015E-03  -2.76961E-03
 3.22000E+02   1.56269E-02  -2.05459E-02  -3.04442E-03  -2.30071E-02  -1.58456E-02  -1.01029E-02  -1.56227E-02   5.43509E-03  -5.69337E-03   1.34785E-02   6.35430E-03   1.06307E-02   1.25704E-02   8.27394E-04   9.87697E-03  -8.10472E-03   1.29391E-03  -1.01762E-02  -6.90943E-03  -4.98619E-03  -9.64636E-03   2.81291E-03  -5.98460E-03   7.42356E-03   9.32750E-04   6.08272E-03   6.43609E-03   6.01140E-04   7.37143E-03  -4.49250E-03   3.74208E-03  -5.52069E-03  -1.74542E-03  -2.23721E-03  -5.58007E-03   2.32316E-03  -5.46198E-03   4.36189E-03  -1.30263E-03   2.13674E-03   5.21699E-03  -3.13733E-03
 3.24300E+02   1.53270E-02  -2.06978E-02  -3.31446E-03  -2.29402E-02  -1.58393E-02  -9.79374E-03  -1.53256E-02   5.79018E-03  -5.30872E-03   1.36367E-02   6.54450E-03   1.04663E-02   1.24120E-02   4.38094E-04   9.46999E-03  -8.45737E-03   9.29275E-04  -1.02489E-02  -6.96399E-03  -4.72476E-03  -9.34936E-03   3.23545E-03  -5.55587E-03   7.72644E-03   1.17490E-03   6.06727E-03   6.31366E-03   2.80798E-04   6.98011E-03  -4.90613E-03   3.37767E-03  -5.76077E-03  -1.81218E-03  -2.15612E-03  -5.31046E-03   2.65946E-03  -5.08405E-03   4.71364E-03  -1.15425E-03   2.22973E-03   4.90209E-03  -3.47371E-03
 3.26600E+02   1.50217E-02  -2.08282E-02  -3.58722E-03  -2.28695E-02  -1.58288E-02  -9.50274E-03  -1.50193E-02   6.11742E-03  -4.91652E-03   1.37756E-02   6.73387E-03   1.03049E-02   1.22431E-02   7.37545E-05   9.04928E-03  -8.77873E-03   5.57801E-04  -1.03052E-02  -7.01217E-03  -4.47443E-03  -9.03581E-03   3.62566E-03  -5.11152E-03   7.99733E-03   1.42024E-03   6.04272E-03   6.17865E-03  -1.83127E-05   6.56828E-03  -5.28200E-03   2.99879E-03  -5.97256E-03  -1.87712E-03  -2.07610E-03  -5.02391E-03   2.96630E-03  -4.68656E-03   5.02994E-03  -9.99860E-04   2.31107E-03   4.56897E-03  -3.77807E-03
 3.29000E+02   1.47005E-02  -2.09417E-02  -3.87450E-03  -2.27915E-02  -1.58164E-02  -9.21767E-03  -1.46938E-02   6.42963E-03  -4.50141E-03   1.38996E-02   6.93158E-03   1.01389E-02   1.20592E-02  -2.80373E-04   8.59935E-03  -9.08075E-03   1.64263E-04  -1.03462E-02  -7.05764E-03  -4.22446E-03  -8.69504E-03   3.99856E-03  -4.63463E-03   8.24557E-03   1.67919E-03   6.00690E-03   6.02721E-03  -3.08036E-04   6.12100E-03  -5.63374E-03   2.59091E-03  -6.16296E-03  -1.94342E-03  -1.99348E-03  -4.71031E-03   3.25495E-03  -4.25485E-03   5.32182E-03  -8.33523E-04   2.38330E-03   4.20558E-03  -4.06126E-03
 3.31400E+02   1.43799E-02  -2.10331E-02  -4.16426E-03  -2.27085E-02  -1.58052E-02  -8.95038E-03  -1.43660E-02   6.71298E-03  -4.08245E-03   1.40024E-02   7.13031E-03   9.97480E-03   1.18708E-02  -6.08949E-04   8.14188E-03  -9.34925E-03  -2.33941E-04  -1.03686E-02  -7.10003E-03  -3.98513E-03  -8.34430E-03   4.33715E-03  -4.14757E-03   8.45873E-03   1.94065E-03   5.96018E-03   5.86776E-03  -5.75498E-04   5.66002E-03  -5.94445E-03   2.17309E-03  -6.32199E-03  -2.00866E-03  -1.91143E-03  -4.38518E-03   3.51165E-03  -3.80965E-03   5.57478E-03  -6.62992E-04   2.44254E-03   3.82961E-03  -4.30944E-03
 3.33800E+02   1.40626E-02  -2.11034E-02  -4.45624E-03  -2.26204E-02  -1.57976E-02  -8.69930E-03  -1.40393E-02   6.96897E-03  -3.66160E-03   1.40844E-02   7.33083E-03   9.81149E-03   1.16812E-02  -9.13451E-04   7.68017E-03  -9.58519E-03  -6.35497E-04  -1.03723E-02  -7.14101E-03  -3.75536E-03  -7.98717E-03   4.64257E-03  -3.65345E-03   8.63724E-03   2.20410E-03   5.90211E-03   5.70282E-03  -8.21615E-04   5.18925E-03  -6.21487E-03   1.74802E-03  -6.44981E-03  -2.07322E-03  -1.82956E-03  -4.05165E-03   3.73704E-03  -3.35454E-03   5.78927E-03  -4.89356E-04   2.48881E-03   3.44438E-03  -4.52312E-03
 3.36200E+02   1.37511E-02  -2.11543E-02  -4.75018E-03  -2.25267E-02  -1.57958E-02  -8.46257E-03  -1.37165E-02   7.19945E-03  -3.24063E-03   1.41461E-02   7.53377E-03   9.64801E-03   1.14928E-02  -1.19568E-03   7.21720E-03  -9.78983E-03  -1.03918E-03  -1.03572E-02  -7.18196E-03  -3.53387E-03  -7.62682E-03   4.91630E-03  -3.15513E-03   8.78182E-03   2.46902E-03   5.83224E-03   5.53461E-03  -1.04754E-03   4.71224E-03  -6.44608E-03   1.31814E-03  -6.54679E-03  -2.13738E-03  -1.74741E-03  -3.71255E-03   3.93197E-03  -2.89279E-03   5.96602E-03  -3.13628E-04   2.52222E-03   3.05288E-03  -4.70304E-03
 3.38600E+02   1.34475E-02  -2.11875E-02  -5.04583E-03  -2.24270E-02  -1.58016E-02  -8.23811E-03  -1.34001E-02   7.40656E-03  -2.82109E-03   1.41884E-02   7.73961E-03   9.48324E-03   1.13080E-02  -1.45769E-03   6.75554E-03  -9.96468E-03  -1.44383E-03  -1.03232E-02  -7.22406E-03  -3.31929E-03  -7.26602E-03   5.16006E-03  -2.65513E-03   8.89336E-03   2.73487E-03   5.75018E-03   5.36506E-03  -1.25460E-03   4.23213E-03  -6.63939E-03   8.85726E-04  -6.61345E-03  -2.20136E-03  -1.66451E-03  -3.37039E-03   4.09752E-03  -2.42733E-03   6.10598E-03  -1.36735E-04   2.54294E-03   2.65784E-03  -4.85018E-03
 3.41000E+02   1.31535E-02  -2.12051E-02  -5.34290E-03  -2.23210E-02  -1.58163E-02  -8.02370E-03  -1.30922E-02   7.59261E-03  -2.40432E-03   1.42120E-02   7.94865E-03   9.31602E-03   1.11286E-02  -1.70168E-03   6.29738E-03  -1.01114E-02  -1.84840E-03  -1.02704E-02  -7.26819E-03  -3.11010E-03  -6.90713E-03   5.37578E-03  -2.15572E-03   8.97292E-03   3.00107E-03   5.65551E-03   5.19577E-03  -1.44426E-03   3.75171E-03  -6.79631E-03   4.52804E-04  -6.65043E-03  -2.26529E-03  -1.58035E-03  -3.02740E-03   4.23491E-03  -1.96081E-03   6.21024E-03   4.04738E-05   2.55116E-03   2.26166E-03  -4.96562E-03
 3.43500E+02   1.28588E-02  -2.12090E-02  -5.65355E-03  -2.22037E-02  -1.58422E-02  -7.80856E-03  -1.27821E-02   7.76666E-03  -1.97437E-03   1.42176E-02   8.16993E-03   9.13795E-03   1.09491E-02  -1.93918E-03   5.82586E-03  -1.02363E-02  -2.26866E-03  -1.01954E-02  -7.31700E-03  -2.89628E-03  -6.53742E-03   5.57281E-03  -1.63827E-03   9.02297E-03   3.27810E-03   5.54304E-03   5.02115E-03  -1.62494E-03   3.25354E-03  -6.92278E-03   3.30118E-06  -6.65813E-03  -2.33190E-03  -1.49080E-03  -2.67131E-03   4.34946E-03  -1.47625E-03   6.28214E-03   2.24561E-04   2.54670E-03   1.85004E-03  -5.05345E-03
 3.46000E+02   1.25770E-02  -2.12005E-02  -5.96507E-03  -2.20787E-02  -1.58795E-02  -7.59916E-03  -1.24843E-02   7.92330E-03  -1.54975E-03   1.42049E-02   8.39478E-03   8.95458E-03   1.07781E-02  -2.16228E-03   5.36186E-03  -1.03346E-02  -2.68667E-03  -1.01002E-02  -7.36912E-03  -2.68486E-03  -6.17369E-03   5.74388E-03  -1.12560E-03   9.04080E-03   3.55413E-03   5.41601E-03   4.84943E-03  -1.79014E-03   2.76002E-03  -7.01333E-03  -4.42840E-04  -6.63519E-03  -2.39848E-03  -1.39872E-03  -2.31827E-03   4.43633E-03  -9.95436E-04   6.31795E-03   4.07332E-04   2.52922E-03   1.44161E-03  -5.10954E-03
 3.48500E+02   1.23087E-02  -2.11821E-02  -6.27708E-03  -2.19459E-02  -1.59285E-02  -7.39286E-03  -1.21997E-02   8.06531E-03  -1.13137E-03   1.41750E-02   8.62294E-03   8.76455E-03   1.06165E-02  -2.37364E-03   4.90675E-03  -1.04084E-02  -3.10139E-03  -9.98488E-03  -7.42472E-03  -2.47410E-03  -5.81734E-03   5.89129E-03  -6.19458E-04   9.02772E-03   3.82839E-03   5.27395E-03   4.68150E-03  -1.94159E-03   2.27318E-03  -7.06978E-03  -8.83876E-04  -6.58241E-03  -2.46488E-03  -1.30354E-03  -1.96992E-03   4.49701E-03  -5.20483E-04   6.31904E-03   5.88026E-04   2.49898E-03   1.03823E-03  -5.13525E-03
 3.51000E+02   1.20543E-02  -2.11559E-02  -6.58915E-03  -2.18048E-02  -1.59892E-02  -7.18709E-03  -1.19285E-02   8.19542E-03  -7.19976E-04   1.41287E-02   8.85399E-03   8.56653E-03   1.04646E-02  -2.57582E-03   4.46155E-03  -1.04597E-02  -3.51181E-03  -9.84945E-03  -7.48365E-03  -2.26227E-03  -5.46942E-03   6.01727E-03  -1.21381E-04   8.98497E-03   4.10002E-03   5.11643E-03   4.51797E-03  -2.08099E-03   1.79477E-03  -7.09393E-03  -1.31818E-03  -6.50059E-03  -2.53089E-03  -1.20469E-03  -1.62761E-03   4.53295E-03  -5.32840E-05   6.28674E-03   7.65927E-04   2.45627E-03   6.41571E-04  -5.13193E-03
 3.53500E+02   1.18138E-02  -2.11243E-02  -6.90080E-03  -2.16550E-02  -1.60611E-02  -6.97938E-03  -1.16710E-02   8.31622E-03  -3.16167E-04   1.40671E-02   9.08727E-03   8.35927E-03   1.03223E-02  -2.77128E-03   4.02707E-03  -1.04903E-02  -3.91689E-03  -9.69402E-03  -7.54555E-03  -2.04773E-03  -5.13067E-03   6.12395E-03   3.67237E-04   8.91377E-03   4.36806E-03   4.94305E-03   4.35919E-03  -2.20996E-03   1.32632E-03  -7.08750E-03  -1.74422E-03  -6.39050E-03  -2.59616E-03  -1.10163E-03  -1.29256E-03   4.54553E-03   4.04428E-04   6.22235E-03   9.40340E-04   2.40135E-03   2.53110E-04  -5.10086E-03
 3.56100E+02   1.15781E-02  -2.10878E-02  -7.22388E-03  -2.14897E-02  -1.61470E-02  -6.75878E-03  -1.14174E-02   8.43461E-03   9.51953E-05   1.39877E-02   9.33139E-03   8.13262E-03   1.01842E-02  -2.96991E-03   3.58716E-03  -1.05022E-02  -4.33140E-03  -9.51124E-03  -7.61242E-03  -1.82009E-03  -4.78858E-03   6.21661E-03   8.63995E-04   8.81076E-03   4.64191E-03   4.74549E-03   4.19926E-03  -2.33467E-03   8.51109E-04  -7.05013E-03  -2.17693E-03  -6.24683E-03  -2.66283E-03  -9.89428E-04  -9.52887E-04   4.53528E-03   8.68653E-04   6.12268E-03   1.11729E-03   2.33155E-03  -1.40732E-04  -5.04044E-03
 3.58700E+02   1.13565E-02  -2.10498E-02  -7.54524E-03  -2.13143E-02  -1.62429E-02  -6.53114E-03  -1.11777E-02   8.54811E-03   4.97314E-04   1.38935E-02   9.57591E-03   7.89345E-03   1.00556E-02  -3.16618E-03   3.15985E-03  -1.04955E-02  -4.73777E-03  -9.30703E-03  -7.68088E-03  -1.58627E-03  -4.45718E-03   6.29269E-03   1.34780E-03   8.67944E-03   4.90947E-03   4.52999E-03   4.04457E-03  -2.45134E-03   3.89432E-04  -6.98319E-03  -2.59743E-03  -6.07420E-03  -2.72769E-03  -8.71615E-04  -6.23190E-04   4.50261E-03   1.31915E-03   5.99097E-03   1.28897E-03   2.24911E-03  -5.22819E-04  -4.95267E-03
 3.61300E+02   1.11482E-02  -2.10123E-02  -7.86412E-03  -2.11285E-02  -1.63474E-02  -6.29428E-03  -1.09509E-02   8.65904E-03   8.89771E-04   1.37854E-02   9.81950E-03   7.64067E-03   9.93522E-03  -3.36226E-03   2.74539E-03  -1.04719E-02  -5.13470E-03  -9.08154E-03  -7.74977E-03  -1.34486E-03  -4.13651E-03   6.35413E-03   1.81735E-03   8.52099E-03   5.16935E-03   4.29629E-03   3.89490E-03  -2.56142E-03  -5.74993E-05  -6.88833E-03  -3.00407E-03  -5.87345E-03  -2.79007E-03  -7.47753E-04  -3.04380E-04   4.44887E-03   1.75425E-03   5.82855E-03   1.45458E-03   2.15434E-03  -8.91803E-04  -4.83882E-03
 3.63900E+02   1.09519E-02  -2.09771E-02  -8.17969E-03  -2.09322E-02  -1.64586E-02  -6.04629E-03  -1.07359E-02   8.76945E-03   1.27219E-03   1.36643E-02   1.00607E-02   7.37337E-03   9.82197E-03  -3.56008E-03   2.34387E-03  -1.04332E-02  -5.52083E-03  -8.83498E-03  -7.81769E-03  -1.09465E-03  -3.82645E-03   6.40270E-03   2.27139E-03   8.33656E-03   5.42001E-03   4.04423E-03   3.74984E-03  -2.66622E-03  -4.88558E-04  -6.76712E-03  -3.39517E-03  -5.64543E-03  -2.84922E-03  -6.17491E-04   2.70371E-06   4.37531E-03   2.17232E-03   5.63668E-03   1.61333E-03   2.04757E-03  -1.24638E-03  -4.70014E-03
 3.66500E+02   1.07666E-02  -2.09455E-02  -8.49106E-03  -2.07251E-02  -1.65744E-02  -5.78560E-03  -1.05313E-02   8.88113E-03   1.64423E-03   1.35310E-02   1.02977E-02   7.09085E-03   9.71431E-03  -3.76127E-03   1.95530E-03  -1.03806E-02  -5.89469E-03  -8.56766E-03  -7.88308E-03  -8.34665E-04  -3.52672E-03   6.43998E-03   2.70866E-03   8.12730E-03   5.65981E-03   3.77379E-03   3.60886E-03  -2.76686E-03  -9.02673E-04  -6.62107E-03  -3.76899E-03  -5.39105E-03  -2.90431E-03  -4.80579E-04   2.97275E-04   4.28315E-03   2.57171E-03   5.41669E-03   1.76439E-03   1.92914E-03  -1.58528E-03  -4.53785E-03
 3.69100E+02   1.05907E-02  -2.09190E-02  -8.79725E-03  -2.05072E-02  -1.66927E-02  -5.51093E-03  -1.03355E-02   8.99557E-03   2.00554E-03   1.33861E-02   1.05288E-02   6.79263E-03   9.61059E-03  -3.96720E-03   1.57960E-03  -1.03155E-02  -6.25477E-03  -8.28000E-03  -7.94422E-03  -5.64157E-04  -3.23694E-03   6.46739E-03   3.12790E-03   7.89439E-03   5.88701E-03   3.48514E-03   3.47132E-03  -2.86433E-03  -1.29881E-03  -6.45166E-03  -4.12379E-03  -5.11134E-03  -2.95443E-03  -3.36878E-04   5.78583E-04   4.17357E-03   2.95078E-03   5.16992E-03   1.90691E-03   1.79949E-03  -1.90721E-03  -4.35321E-03
 3.71800E+02   1.04164E-02  -2.08977E-02  -9.10864E-03  -2.02695E-02  -1.68154E-02  -5.20994E-03  -1.01397E-02   9.11863E-03   2.36906E-03   1.32241E-02   1.07604E-02   6.46606E-03   9.50509E-03  -4.18717E-03   1.20294E-03  -1.02360E-02  -6.61242E-03  -7.96038E-03  -8.00123E-03  -2.71617E-04  -2.94603E-03   6.48675E-03   3.54280E-03   7.62879E-03   6.10766E-03   3.16649E-03   3.33136E-03  -2.96305E-03  -1.69006E-03  -6.25260E-03  -4.47015E-03  -4.79526E-03  -3.00020E-03  -1.80454E-04   8.55900E-04   4.04259E-03   3.32113E-03   4.88685E-03   2.04493E-03   1.65349E-03  -2.22223E-03  -4.13919E-03
 3.74500E+02   1.02489E-02  -2.08838E-02  -9.41218E-03  -2.00205E-02  -1.69352E-02  -4.89233E-03  -9.94960E-03   9.24699E-03   2.72031E-03   1.30514E-02   1.09813E-02   6.12238E-03   9.39974E-03  -4.41420E-03   8.39824E-04  -1.01456E-02  -6.95167E-03  -7.62030E-03  -8.04951E-03   3.29616E-05  -2.66476E-03   6.49803E-03   3.93547E-03   7.34048E-03   6.31066E-03   2.82924E-03   3.19347E-03  -3.05994E-03  -2.05973E-03  -6.03163E-03  -4.79200E-03  -4.45455E-03  -3.03846E-03  -1.68395E-05   1.11735E-03   3.89539E-03   3.66592E-03   4.57819E-03   2.17180E-03   1.49655E-03  -2.51619E-03  -3.90400E-03
 3.77200E+02   1.00864E-02  -2.08778E-02  -9.70666E-03  -1.97605E-02  -1.70492E-02  -4.55799E-03  -9.76322E-03   9.38130E-03   3.05894E-03   1.28686E-02   1.11892E-02   5.76199E-03   9.29237E-03  -4.64872E-03   4.90018E-04  -1.00455E-02  -7.27072E-03  -7.26084E-03  -8.08685E-03   3.49423E-04  -2.39246E-03   6.50227E-03   4.30448E-03   7.03105E-03   6.49388E-03   2.47435E-03   3.05672E-03  -3.15552E-03  -2.40674E-03  -5.79049E-03  -5.08732E-03  -4.09088E-03  -3.06809E-03   1.53654E-04   1.36219E-03   3.73331E-03   3.98333E-03   4.24585E-03   2.28655E-03   1.32942E-03  -2.78771E-03  -3.64926E-03
 3.79900E+02   9.92698E-03  -2.08798E-02  -9.99092E-03  -1.94902E-02  -1.71546E-02  -4.20726E-03  -9.57849E-03   9.52191E-03   3.38464E-03   1.26768E-02   1.13818E-02   5.38563E-03   9.18077E-03  -4.89082E-03   1.53263E-04  -9.93657E-03  -7.56776E-03  -6.88334E-03  -8.11106E-03   6.77257E-04  -2.12847E-03   6.50038E-03   4.64848E-03   6.70224E-03   6.65523E-03   2.10307E-03   2.92019E-03  -3.25015E-03  -2.73007E-03  -5.53099E-03  -5.35412E-03  -3.70618E-03  -3.08798E-03   3.30539E-04   1.58971E-03   3.55773E-03   4.27157E-03   3.89193E-03   2.38820E-03   1.15297E-03  -3.03547E-03  -3.37676E-03
 3.82700E+02   9.76307E-03  -2.08905E-02  -1.02737E-02  -1.91998E-02  -1.72518E-02  -3.82708E-03  -9.38651E-03   9.67435E-03   3.70843E-03   1.24691E-02   1.15631E-02   4.97969E-03   9.05828E-03  -5.14958E-03  -1.82486E-04  -9.81550E-03  -7.85073E-03  -6.47450E-03  -8.12001E-03   1.02831E-03  -1.86274E-03   6.49273E-03   4.97743E-03   6.34286E-03   6.79731E-03   1.70240E-03   2.77785E-03  -3.34745E-03  -3.03937E-03  -5.24455E-03  -5.59866E-03  -3.28736E-03  -3.09713E-03   5.20013E-04   1.80665E-03   3.36293E-03   4.53789E-03   3.50460E-03   2.47880E-03   9.61218E-04  -3.26598E-03  -3.07745E-03
 3.85400E+02   9.60460E-03  -2.09086E-02  -1.05337E-02  -1.89111E-02  -1.73311E-02  -3.44591E-03  -9.19902E-03   9.82740E-03   4.00694E-03   1.22615E-02   1.17179E-02   4.57467E-03   8.93155E-03  -5.40585E-03  -4.93566E-04  -9.69185E-03  -8.09778E-03  -6.06547E-03  -8.11099E-03   1.37625E-03  -1.61356E-03   6.48048E-03   5.26665E-03   5.98072E-03   6.90803E-03   1.30291E-03   2.63894E-03  -3.44045E-03  -3.31167E-03  -4.95371E-03  -5.80171E-03  -2.86689E-03  -3.09385E-03   7.07672E-04   1.99694E-03   3.16440E-03   4.76171E-03   3.11414E-03   2.55100E-03   7.69043E-04  -3.46161E-03  -2.77488E-03
 3.88200E+02   9.43812E-03  -2.09349E-02  -1.07892E-02  -1.86038E-02  -1.73958E-02  -3.03733E-03  -9.00023E-03   9.99172E-03   4.30208E-03   1.20396E-02   1.18559E-02   4.14253E-03   8.78917E-03  -5.67756E-03  -8.03387E-04  -9.55742E-03  -8.32571E-03  -5.62822E-03  -8.08135E-03   1.74517E-03  -1.36173E-03   6.46324E-03   5.53648E-03   5.59146E-03   6.99378E-03   8.77380E-04   2.49226E-03  -3.53586E-03  -3.56640E-03  -4.63924E-03  -5.97666E-03  -2.41656E-03  -3.07691E-03   9.06319E-04   2.17416E-03   2.94913E-03   4.95818E-03   2.69463E-03   2.60936E-03   5.63582E-04  -3.63579E-03  -2.44906E-03
 3.91000E+02   9.26790E-03  -2.09681E-02  -1.10296E-02  -1.82900E-02  -1.74404E-02  -2.61750E-03  -8.79524E-03   1.01607E-02   4.58246E-03   1.18122E-02   1.19690E-02   3.70038E-03   8.63379E-03  -5.95392E-03  -1.10061E-03  -9.41757E-03  -8.52359E-03  -5.18026E-03  -8.02932E-03   2.12029E-03  -1.11590E-03   6.44180E-03   5.77482E-03   5.19091E-03   7.04839E-03   4.43114E-04   2.34208E-03  -3.62988E-03  -3.79241E-03  -4.31415E-03  -6.11399E-03  -1.95496E-03  -3.04530E-03   1.10779E-03   2.33051E-03   2.72612E-03   5.11718E-03   2.26353E-03   2.65021E-03   3.53372E-04  -3.77992E-03  -2.11360E-03
 3.93800E+02   9.09257E-03  -2.10068E-02  -1.12541E-02  -1.79713E-02  -1.74629E-02  -2.18906E-03  -8.58251E-03   1.03332E-02   4.84809E-03   1.15805E-02   1.20559E-02   3.25085E-03   8.46383E-03  -6.23323E-03  -1.38567E-03  -9.27318E-03  -8.69048E-03  -4.72444E-03  -7.95345E-03   2.49924E-03  -8.75373E-04   6.41644E-03   5.98109E-03   4.78192E-03   7.07063E-03   3.11676E-06   2.18766E-03  -3.72200E-03  -3.98935E-03  -3.98101E-03  -6.21267E-03  -1.48562E-03  -2.99833E-03   1.31065E-03   2.46576E-03   2.49727E-03   5.23789E-03   1.82435E-03   2.67304E-03   1.40074E-04  -3.89341E-03  -1.77130E-03
 3.96700E+02   8.90440E-03  -2.10515E-02  -1.14696E-02  -1.76378E-02  -1.74615E-02  -1.73939E-03  -8.35272E-03   1.05139E-02   5.10784E-03   1.13372E-02   1.21173E-02   2.78054E-03   8.27114E-03  -6.52355E-03  -1.66865E-03  -9.11971E-03  -8.83006E-03  -4.24723E-03  -7.84861E-03   2.89302E-03  -6.31169E-04   6.38625E-03   6.16066E-03   4.35258E-03   7.05867E-03  -4.55217E-04   2.02259E-03  -3.81476E-03  -4.16260E-03  -3.63031E-03  -6.27351E-03  -9.95294E-04  -2.93294E-03   1.52053E-03   2.58358E-03   2.25613E-03   5.32206E-03   1.36483E-03   2.67736E-03  -8.22364E-05  -3.97835E-03  -1.41265E-03
 3.99500E+02   8.71551E-03  -2.10976E-02  -1.16610E-02  -1.73144E-02  -1.74354E-02  -1.30269E-03  -8.12074E-03   1.06887E-02   5.34410E-03   1.11004E-02   1.21484E-02   2.32497E-03   8.06808E-03  -6.80268E-03  -1.93058E-03  -8.96853E-03  -8.93254E-03  -3.78473E-03  -7.72135E-03   3.27165E-03  -3.99514E-04   6.35342E-03   6.30124E-03   3.93556E-03   7.01295E-03  -8.96847E-04   1.85776E-03  -3.90103E-03  -4.30043E-03  -3.28896E-03  -6.29217E-03  -5.21706E-04  -2.85337E-03   1.72126E-03   2.67601E-03   2.02132E-03   5.36387E-03   9.20473E-04   2.66277E-03  -2.96378E-04  -4.02892E-03  -1.06540E-03
 4.02400E+02   8.51181E-03  -2.11468E-02  -1.18424E-02  -1.69799E-02  -1.73823E-02  -8.51236E-04  -7.86934E-03   1.08682E-02   5.57425E-03   1.08545E-02   1.21515E-02   1.85488E-03   7.83965E-03  -7.08821E-03  -2.19083E-03  -8.80957E-03  -9.00555E-03  -3.30722E-03  -7.56237E-03   3.65914E-03  -1.63280E-04   6.31561E-03   6.41340E-03   3.50428E-03   6.93033E-03  -1.34968E-03   1.68104E-03  -3.98613E-03  -4.41325E-03  -2.93539E-03  -6.27038E-03  -3.51292E-05  -2.75389E-03   1.92538E-03   2.75006E-03   1.77812E-03   5.36677E-03   4.63536E-04   2.62837E-03  -5.15697E-04  -4.04915E-03  -7.07898E-04
 4.05300E+02   8.29962E-03  -2.11957E-02  -1.20071E-02  -1.66477E-02  -1.73029E-02  -4.04116E-04  -7.60631E-03   1.10442E-02   5.79028E-03   1.06091E-02   1.21253E-02   1.38984E-03   7.59266E-03  -7.36764E-03  -2.44056E-03  -8.64886E-03  -9.04566E-03  -2.83458E-03  -7.37597E-03   4.03879E-03   6.97301E-05   6.27387E-03   6.49247E-03   3.07680E-03   6.81242E-03  -1.79419E-03   1.49802E-03  -4.06601E-03  -4.49651E-03  -2.58457E-03  -6.20765E-03   4.43360E-04  -2.63724E-03   2.12378E-03   2.80271E-03   1.53693E-03   5.32954E-03   1.39141E-05   2.57474E-03  -7.30547E-04  -4.03751E-03  -3.55718E-04
 4.08300E+02   8.07121E-03  -2.12442E-02  -1.21608E-02  -1.63083E-02  -1.71941E-02   5.02733E-05  -7.32201E-03   1.12206E-02   5.99977E-03   1.03569E-02   1.20686E-02   9.17479E-04   7.31794E-03  -7.64773E-03  -2.68864E-03  -8.48138E-03  -9.05387E-03  -2.35413E-03  -7.15507E-03   4.42009E-03   3.07887E-04   6.22645E-03   6.54089E-03   2.64179E-03   6.65455E-03  -2.24150E-03   1.30199E-03  -4.14215E-03  -4.55287E-03  -2.22735E-03  -6.10123E-03   9.25624E-04  -2.49903E-03   2.32109E-03   2.83560E-03   1.29157E-03   5.25037E-03  -4.39435E-04   2.49974E-03  -9.46084E-04  -3.99318E-03  -1.96859E-07
 4.11200E+02   7.84211E-03  -2.12875E-02  -1.22945E-02  -1.59862E-02  -1.70646E-02   4.78436E-04  -7.03578E-03   1.13837E-02   6.18977E-03   1.01157E-02   1.19867E-02   4.72284E-04   7.03453E-03  -7.90746E-03  -2.91935E-03  -8.31877E-03  -9.03138E-03  -1.90092E-03  -6.91559E-03   4.77467E-03   5.35736E-04   6.17630E-03   6.55720E-03   2.23109E-03   6.46888E-03  -2.65834E-03   1.10617E-03  -4.20855E-03  -4.58013E-03  -1.89002E-03  -5.96021E-03   1.37571E-03  -2.34921E-03   2.50238E-03   2.84768E-03   1.06022E-03   5.13651E-03  -8.62618E-04   2.40926E-03  -1.14611E-03  -3.92072E-03   3.32082E-04
 4.14200E+02   7.59713E-03  -2.13271E-02  -1.24187E-02  -1.56604E-02  -1.69074E-02   9.06931E-04  -6.72859E-03   1.15431E-02   6.37458E-03   9.86988E-03   1.18760E-02   2.63490E-05   6.72400E-03  -8.16249E-03  -3.14952E-03  -8.15019E-03  -8.97889E-03  -1.44649E-03  -6.64271E-03   5.12422E-03   7.69363E-04   6.11974E-03   6.54471E-03   1.81901E-03   6.24479E-03  -3.07023E-03   8.97313E-04  -4.26885E-03  -4.58211E-03  -1.55163E-03  -5.77742E-03   1.82107E-03  -2.17845E-03   2.67844E-03   2.84115E-03   8.28602E-04   4.98261E-03  -1.28134E-03   2.29824E-03  -1.34267E-03  -3.81713E-03   6.61309E-04
 4.17200E+02   7.34490E-03  -2.13600E-02  -1.25304E-02  -1.53435E-02  -1.67291E-02   1.31821E-03  -6.41113E-03   1.16913E-02   6.54873E-03   9.62842E-03   1.17414E-02  -4.02321E-04   6.39729E-03  -8.40162E-03  -3.37194E-03  -7.98150E-03  -8.89925E-03  -1.00911E-03  -6.34630E-03   5.45373E-03   1.00118E-03   6.05812E-03   6.50486E-03   1.42223E-03   5.99073E-03  -3.45955E-03   6.82500E-04  -4.31971E-03  -4.55960E-03  -1.22602E-03  -5.56004E-03   2.24263E-03  -1.99287E-03   2.84126E-03   2.81683E-03   6.06316E-04   4.79487E-03  -1.67759E-03   2.17089E-03  -1.52712E-03  -3.68671E-03   9.73352E-04
 4.20200E+02   7.08646E-03  -2.13850E-02  -1.26314E-02  -1.50363E-02  -1.65325E-02   1.71022E-03  -6.08462E-03   1.18270E-02   6.71358E-03   9.39178E-03   1.15856E-02  -8.11780E-04   6.05612E-03  -8.62313E-03  -3.58755E-03  -7.81279E-03  -8.79533E-03  -5.90743E-04  -6.02873E-03   5.76106E-03   1.23144E-03   5.99111E-03   6.44038E-03   1.04263E-03   5.70962E-03  -3.82383E-03   4.62276E-04  -4.36032E-03  -4.51497E-03  -9.14841E-04  -5.31139E-03   2.63765E-03  -1.79388E-03   2.98947E-03   2.77641E-03   3.94603E-04   4.57650E-03  -2.04869E-03   2.02875E-03  -1.69809E-03  -3.53200E-03   1.26613E-03
 4.23200E+02   6.82298E-03  -2.14013E-02  -1.27237E-02  -1.47394E-02  -1.63207E-02   2.08148E-03  -5.75044E-03   1.19490E-02   6.87053E-03   9.16020E-03   1.14115E-02  -1.20059E-03   5.70239E-03  -8.82562E-03  -3.79721E-03  -7.64403E-03  -8.67013E-03  -1.92867E-04  -5.69255E-03   6.04451E-03   1.46030E-03   5.91836E-03   6.35411E-03   6.81634E-04   5.40455E-03  -4.16106E-03   2.37283E-04  -4.38995E-03  -4.45066E-03  -6.19399E-04  -5.03495E-03   3.00388E-03  -1.58299E-03   3.12193E-03   2.72164E-03   1.94439E-04   4.33086E-03  -2.39249E-03   1.87345E-03  -1.85447E-03  -3.35565E-03   1.53795E-03
 4.26300E+02   6.54675E-03  -2.14082E-02  -1.28120E-02  -1.44435E-02  -1.60891E-02   2.44237E-03  -5.39862E-03   1.20599E-02   7.02585E-03   8.92623E-03   1.12157E-02  -1.57970E-03   5.32579E-03  -9.01378E-03  -4.00851E-03  -7.46943E-03  -8.52165E-03   1.95714E-04  -5.32844E-03   6.31095E-03   1.69543E-03   5.83674E-03   6.24512E-03   3.29200E-04   5.06754E-03  -4.47951E-03   5.44190E-07  -4.40834E-03  -4.36619E-03  -3.31612E-04  -4.72390E-03   3.35030E-03  -1.35425E-03   3.24125E-03   2.65188E-03   4.94145E-07   4.05207E-03  -2.71728E-03   1.70097E-03  -1.99977E-03  -3.15360E-03   1.79545E-03
 4.29400E+02   6.26789E-03  -2.14047E-02  -1.28950E-02  -1.41587E-02  -1.58480E-02   2.77975E-03  -5.04185E-03   1.21547E-02   7.17558E-03   8.69746E-03   1.10069E-02  -1.93531E-03   4.94018E-03  -9.17973E-03  -4.21519E-03  -7.29427E-03  -8.35703E-03   5.60825E-04  -4.95025E-03   6.54954E-03   1.92923E-03   5.74813E-03   6.11907E-03  -1.69806E-06   4.71194E-03  -4.76628E-03  -2.39669E-04  -4.41372E-03  -4.26605E-03  -6.22220E-05  -4.39098E-03   3.66285E-03  -1.11629E-03   3.34196E-03   2.57063E-03  -1.79847E-04   3.75171E-03  -3.00982E-03   1.51814E-03  -2.12782E-03  -2.93438E-03   2.02816E-03
 4.32500E+02   5.98777E-03  -2.13905E-02  -1.29748E-02  -1.38845E-02  -1.56007E-02   3.09379E-03  -4.68177E-03   1.22332E-02   7.32105E-03   8.47343E-03   1.07883E-02  -2.26748E-03   4.54779E-03  -9.32304E-03  -4.41799E-03  -7.11810E-03  -8.17947E-03   9.02407E-04  -4.56091E-03   6.75971E-03   2.16165E-03   5.65208E-03   5.97896E-03  -3.10891E-04   4.34123E-03  -5.02070E-03  -4.82464E-04  -4.40559E-03  -4.15285E-03   1.88525E-04  -4.04006E-03   3.94074E-03  -8.70898E-04   3.42348E-03   2.47977E-03  -3.46336E-04   3.43353E-03  -3.26929E-03   1.32684E-03  -2.23812E-03  -2.70093E-03   2.23546E-03
 4.35600E+02   5.70769E-03  -2.13656E-02  -1.30531E-02  -1.36200E-02  -1.53501E-02   3.38517E-03  -4.31998E-03   1.22952E-02   7.46343E-03   8.25350E-03   1.05628E-02  -2.57670E-03   4.15075E-03  -9.44357E-03  -4.61753E-03  -6.94037E-03  -7.99195E-03   1.22084E-03  -4.16324E-03   6.94129E-03   2.39258E-03   5.54810E-03   5.82760E-03  -5.98601E-04   3.95878E-03  -5.24252E-03  -7.26919E-04  -4.38355E-03  -4.02903E-03   4.20710E-04  -3.67491E-03   4.18364E-03  -6.19848E-04   3.48545E-03   2.38107E-03  -4.98954E-04   3.10116E-03  -3.49531E-03   1.12888E-03  -2.33040E-03  -2.45610E-03   2.41708E-03
 4.38700E+02   5.42889E-03  -2.13304E-02  -1.31315E-02  -1.33642E-02  -1.50990E-02   3.65501E-03  -3.95798E-03   1.23409E-02   7.60371E-03   8.03688E-03   1.03331E-02  -2.86387E-03   3.75112E-03  -9.54147E-03  -4.81430E-03  -6.76040E-03  -7.79720E-03   1.51686E-03  -3.75989E-03   7.09444E-03   2.62183E-03   5.43572E-03   5.66758E-03  -8.65386E-04   3.56777E-03  -5.43186E-03  -9.72097E-04  -4.34726E-03  -3.89683E-03   6.34697E-04  -3.29906E-03   4.39161E-03  -3.64848E-04   3.52769E-03   2.27618E-03  -6.37881E-04   2.75802E-03  -3.68789E-03   9.26012E-04  -2.40457E-03  -2.20257E-03   2.57303E-03
 4.41900E+02   5.14358E-03  -2.12835E-02  -1.32139E-02  -1.31079E-02  -1.48419E-02   3.91251E-03  -3.58554E-03   1.23713E-02   7.74717E-03   7.81573E-03   1.00940E-02  -3.13846E-03   3.33788E-03  -9.61916E-03  -5.01486E-03  -6.57153E-03  -7.59117E-03   1.80005E-03  -3.34021E-03   7.22315E-03   2.85642E-03   5.31041E-03   5.49577E-03  -1.11971E-03   3.15831E-03  -5.59368E-03  -1.22494E-03  -4.29462E-03  -3.75375E-03   8.37127E-04  -2.90336E-03   4.57008E-03  -9.92281E-05   3.55053E-03   2.16299E-03  -7.67293E-04   2.39593E-03  -3.85195E-03   7.13183E-04  -2.46224E-03  -1.93440E-03   2.70737E-03
 4.45100E+02   4.86185E-03  -2.12265E-02  -1.32989E-02  -1.28581E-02  -1.45891E-02   4.15051E-03  -3.21570E-03   1.23853E-02   7.88993E-03   7.59599E-03   9.85529E-03  -3.39243E-03   2.92578E-03  -9.67371E-03  -5.21303E-03  -6.37865E-03  -7.38235E-03   2.06189E-03  -2.91961E-03   7.32271E-03   3.08852E-03   5.17511E-03   5.31944E-03  -1.35377E-03   2.74588E-03  -5.72210E-03  -1.47648E-03  -4.22633E-03  -3.60589E-03   1.02165E-03  -2.50316E-03   4.71250E-03   1.67107E-04   3.55240E-03   2.04628E-03  -8.82999E-04   2.02906E-03  -3.98137E-03   4.98576E-04  -2.50091E-03  -1.66219E-03   2.81516E-03
 4.48300E+02   4.58457E-03  -2.11601E-02  -1.33872E-02  -1.26129E-02  -1.43424E-02   4.37113E-03  -2.84970E-03   1.23833E-02   8.03242E-03   7.37644E-03   9.61865E-03  -3.62758E-03   2.51653E-03  -9.70587E-03  -5.40884E-03  -6.18091E-03  -7.17269E-03   2.30399E-03  -2.50037E-03   7.39400E-03   3.31763E-03   5.02934E-03   5.14050E-03  -1.56888E-03   2.33324E-03  -5.81808E-03  -1.72567E-03  -4.14227E-03  -3.45499E-03   1.18926E-03  -2.10151E-03   4.81987E-03   4.32503E-04   3.53349E-03   1.92735E-03  -9.85627E-04   1.66044E-03  -4.07703E-03   2.83782E-04  -2.52094E-03  -1.38827E-03   2.89710E-03
 4.51500E+02   4.31249E-03  -2.10850E-02  -1.34794E-02  -1.23709E-02  -1.41031E-02   4.57661E-03  -2.48859E-03   1.23661E-02   8.17482E-03   7.15587E-03   9.38559E-03  -3.84582E-03   2.11167E-03  -9.71647E-03  -5.60213E-03  -5.97741E-03  -6.96378E-03   2.52806E-03  -2.08452E-03   7.43806E-03   3.54318E-03   4.87262E-03   4.96054E-03  -1.76648E-03   1.92284E-03  -5.88273E-03  -1.97141E-03  -4.04237E-03  -3.30250E-03   1.34105E-03  -1.70122E-03   4.89332E-03   6.95378E-04   3.49411E-03   1.80733E-03  -1.07588E-03   1.29280E-03  -4.13997E-03   7.02879E-05  -2.52275E-03  -1.11478E-03   2.95403E-03
 4.54800E+02   4.03796E-03  -2.09994E-02  -1.35787E-02  -1.21226E-02  -1.38652E-02   4.77509E-03  -2.12228E-03   1.23334E-02   8.32154E-03   6.92606E-03   9.15012E-03  -4.05524E-03   1.70017E-03  -9.70581E-03  -5.79849E-03  -5.76062E-03  -6.75040E-03   2.74214E-03  -1.66115E-03   7.45614E-03   3.77128E-03   4.69908E-03   4.77522E-03  -1.95350E-03   1.50434E-03  -5.91789E-03  -2.22005E-03  -3.92273E-03  -3.14485E-03   1.48225E-03  -1.29251E-03   4.93492E-03   9.62224E-04   3.43246E-03   1.68344E-03  -1.15678E-03   9.17356E-04  -4.17184E-03  -1.47047E-04  -2.50606E-03  -8.35248E-04   2.98752E-03
 4.58100E+02   3.77006E-03  -2.09063E-02  -1.36821E-02  -1.18739E-02  -1.36366E-02   4.96238E-03  -1.76300E-03   1.22862E-02   8.46784E-03   6.69260E-03   8.92037E-03  -4.25089E-03   1.29609E-03  -9.67429E-03  -5.99127E-03  -5.53593E-03  -6.54009E-03   2.94087E-03  -1.24511E-03   7.44774E-03   3.99394E-03   4.51303E-03   4.59123E-03  -2.12512E-03   1.09281E-03  -5.92250E-03  -2.46263E-03  -3.78629E-03  -2.98785E-03   1.60915E-03  -8.90457E-04   4.94333E-03   1.22318E-03   3.34996E-03   1.56032E-03  -1.22616E-03   5.48142E-04  -4.17155E-03  -3.60096E-04  -2.47115E-03  -5.60160E-04   2.99649E-03
 4.61400E+02   3.50911E-03  -2.08065E-02  -1.37891E-02  -1.16231E-02  -1.34176E-02   5.14089E-03  -1.41148E-03   1.22255E-02   8.61320E-03   6.45430E-03   8.69675E-03  -4.43485E-03   9.00564E-04  -9.62298E-03  -6.17974E-03  -5.30255E-03  -6.33347E-03   3.12616E-03  -8.37996E-04   7.41417E-03   4.21019E-03   4.31416E-03   4.40934E-03  -2.28296E-03   6.90219E-04  -5.89802E-03  -2.69786E-03  -3.63317E-03  -2.83233E-03   1.72301E-03  -4.97333E-04   4.92012E-03   1.47668E-03   3.24716E-03   1.43869E-03  -1.28486E-03   1.87450E-04  -4.14056E-03  -5.67513E-04  -2.41867E-03  -2.91277E-04   2.98209E-03
 4.64700E+02   3.25531E-03  -2.07010E-02  -1.38991E-02  -1.13685E-02  -1.32080E-02   5.31287E-03  -1.06832E-03   1.21522E-02   8.75685E-03   6.21011E-03   8.47934E-03  -4.60907E-03   5.14612E-04  -9.55300E-03  -6.36299E-03  -5.05981E-03  -6.13086E-03   3.29980E-03  -4.41216E-04   7.35679E-03   4.41890E-03   4.10226E-03   4.23006E-03  -2.42856E-03   2.98365E-04  -5.84599E-03  -2.92442E-03  -3.46360E-03  -2.67892E-03   1.82506E-03  -1.15216E-04   4.86691E-03   1.72122E-03   3.12472E-03   1.31917E-03  -1.33371E-03  -1.62615E-04  -4.08039E-03  -7.68024E-04  -2.34935E-03  -3.02031E-05   2.94552E-03
 4.68100E+02   3.00142E-03  -2.05870E-02  -1.40143E-02  -1.11010E-02  -1.30012E-02   5.48540E-03  -7.24038E-04   1.20643E-02   8.90208E-03   5.95140E-03   8.26164E-03  -4.78030E-03   1.27926E-04  -9.46252E-03  -6.54523E-03  -4.79937E-03  -5.92634E-03   3.46827E-03  -4.45724E-05   7.27420E-03   4.62479E-03   3.87020E-03   4.04834E-03  -2.56728E-03  -9.24199E-05  -5.76521E-03  -3.14738E-03  -3.27204E-03  -2.52349E-03   1.91908E-03   2.64961E-04   4.78247E-03   1.96224E-03   2.97881E-03   1.19873E-03  -1.37460E-03  -5.10115E-04  -3.98952E-03  -9.66105E-04  -2.26113E-03   2.29056E-04   2.88593E-03
 4.71500E+02   2.75521E-03  -2.04685E-02  -1.41302E-02  -1.08267E-02  -1.28027E-02   5.65515E-03  -3.89631E-04   1.19649E-02   9.04330E-03   5.68469E-03   8.04981E-03  -4.94487E-03  -2.46774E-04  -9.35460E-03  -6.71950E-03  -4.52805E-03  -5.72593E-03   3.62779E-03   3.38484E-04   7.16929E-03   4.82001E-03   3.62427E-03   3.86973E-03  -2.69596E-03  -4.68468E-04  -5.65853E-03  -3.35821E-03  -3.06389E-03  -2.37102E-03   2.00298E-03   6.29525E-04   4.66979E-03   2.19057E-03   2.81373E-03   1.08143E-03  -1.40671E-03  -8.42292E-04  -3.87111E-03  -1.15429E-03  -2.15675E-03   4.76973E-04   2.80547E-03
 4.74900E+02   2.51661E-03  -2.03464E-02  -1.42451E-02  -1.05448E-02  -1.26113E-02   5.82383E-03  -6.54791E-05   1.18548E-02   9.17914E-03   5.40943E-03   7.84313E-03  -5.10431E-03  -6.08712E-04  -9.23042E-03  -6.88439E-03  -4.24567E-03  -5.52919E-03   3.77979E-03   7.06817E-04   7.04356E-03   5.00309E-03   3.36472E-03   3.69410E-03  -2.81590E-03  -8.28300E-04  -5.52770E-03  -3.55539E-03  -2.83978E-03  -2.22165E-03   2.07783E-03   9.76719E-04   4.53080E-03   2.40466E-03   2.63052E-03   9.67592E-04  -1.43086E-03  -1.15731E-03  -3.72698E-03  -1.33138E-03  -2.03719E-03   7.12174E-04   2.70557E-03
 4.78300E+02   2.28546E-03  -2.02211E-02  -1.43575E-02  -1.02547E-02  -1.24257E-02   5.99280E-03   2.48107E-04   1.17351E-02   9.30814E-03   5.12532E-03   7.64070E-03  -5.25992E-03  -9.57199E-04  -9.09122E-03  -7.03839E-03  -3.95231E-03  -5.33554E-03   3.92552E-03   1.05940E-03   6.89853E-03   5.17250E-03   3.09202E-03   3.52118E-03  -2.92821E-03  -1.17057E-03  -5.37452E-03  -3.73739E-03  -2.60055E-03  -2.07539E-03   2.14461E-03   1.30492E-03   4.36743E-03   2.60300E-03   2.43031E-03   8.57431E-04  -1.44776E-03  -1.45348E-03  -3.55905E-03  -1.49619E-03  -1.90351E-03   9.33390E-04   2.58768E-03
 4.81700E+02   2.06153E-03  -2.00934E-02  -1.44654E-02  -9.95585E-03  -1.22443E-02   6.16311E-03   5.50880E-04   1.16065E-02   9.42876E-03   4.83235E-03   7.44147E-03  -5.41270E-03  -1.29163E-03  -8.93821E-03  -7.17996E-03  -3.64828E-03  -5.14425E-03   4.06598E-03   1.39531E-03   6.73578E-03   5.32672E-03   2.80685E-03   3.35057E-03  -3.03383E-03  -1.49405E-03  -5.20080E-03  -3.90271E-03  -2.34722E-03  -1.93215E-03   2.20417E-03   1.61266E-03   4.18172E-03   2.78412E-03   2.21443E-03   7.51107E-04  -1.45813E-03  -1.72921E-03  -3.36932E-03  -1.64764E-03  -1.75684E-03   1.13946E-03   2.45334E-03
 4.85200E+02   1.83829E-03  -1.99600E-02  -1.45700E-02  -9.63924E-03  -1.20602E-02   6.34055E-03   8.51064E-04   1.14658E-02   9.54255E-03   4.52179E-03   7.23855E-03  -5.56782E-03  -1.62066E-03  -8.76758E-03  -7.31110E-03  -3.32480E-03  -4.94895E-03   4.20588E-03   1.72282E-03   6.55140E-03   5.46801E-03   2.50125E-03   3.17685E-03  -3.13639E-03  -1.80625E-03  -5.00250E-03  -4.05393E-03  -2.07298E-03  -1.78768E-03   2.25872E-03   1.90665E-03   3.96943E-03   2.95113E-03   1.97735E-03   6.45765E-04  -1.46263E-03  -1.99021E-03  -3.15342E-03  -1.78851E-03  -1.59361E-03   1.33464E-03   2.29952E-03
 4.88700E+02   1.62211E-03  -1.98251E-02  -1.46661E-02  -9.31387E-03  -1.18770E-02   6.52055E-03   1.13945E-03   1.13176E-02   9.64418E-03   4.20273E-03   7.03658E-03  -5.72126E-03  -1.93375E-03  -8.58502E-03  -7.42581E-03  -2.99158E-03  -4.75436E-03   4.34162E-03   2.03102E-03   6.35170E-03   5.59005E-03   2.18468E-03   3.00449E-03  -3.23332E-03  -2.09633E-03  -4.78657E-03  -4.18445E-03  -1.78663E-03  -1.64599E-03   2.30707E-03   2.17623E-03   3.73807E-03   3.09704E-03   1.72696E-03   5.44645E-04  -1.46153E-03  -2.22665E-03  -2.91901E-03  -1.91312E-03  -1.41940E-03   1.51164E-03   2.13176E-03
 4.92300E+02   1.40676E-03  -1.96852E-02  -1.47542E-02  -8.97084E-03  -1.16878E-02   6.70838E-03   1.42368E-03   1.11584E-02   9.73439E-03   3.86663E-03   6.82851E-03  -5.87761E-03  -2.23877E-03  -8.38628E-03  -7.52509E-03  -2.63998E-03  -4.55396E-03   4.47728E-03   2.32724E-03   6.13223E-03   5.69396E-03   1.84923E-03   2.82798E-03  -3.32764E-03  -2.37068E-03  -4.54836E-03  -4.29567E-03  -1.48132E-03  -1.50287E-03   2.35095E-03   2.42690E-03   3.48282E-03   3.22381E-03   1.45759E-03   4.45048E-04  -1.45516E-03  -2.44296E-03  -2.66123E-03  -2.02339E-03  -1.23043E-03   1.67378E-03   1.94662E-03
 4.95800E+02   1.20383E-03  -1.95486E-02  -1.48275E-02  -8.63034E-03  -1.15013E-02   6.89330E-03   1.68796E-03   1.09980E-02   9.80675E-03   3.53339E-03   6.62468E-03  -6.02816E-03  -2.51851E-03  -8.18386E-03  -7.60204E-03  -2.29106E-03  -4.35795E-03   4.60546E-03   2.59451E-03   5.90711E-03   5.77270E-03   1.51536E-03   2.65651E-03  -3.41440E-03  -2.61335E-03  -4.30343E-03  -4.38023E-03  -1.17604E-03  -1.36595E-03   2.38835E-03   2.64382E-03   3.22049E-03   3.32332E-03   1.18636E-03   3.52473E-04  -1.44445E-03  -2.62613E-03  -2.39707E-03  -2.11243E-03  -1.03891E-03   1.81133E-03   1.75642E-03
 4.99400E+02   1.00135E-03  -1.94077E-02  -1.48888E-02  -8.27438E-03  -1.13052E-02   7.08523E-03   1.94749E-03   1.08282E-02   9.86414E-03   3.18552E-03   6.41228E-03  -6.18121E-03  -2.78881E-03  -7.96773E-03  -7.65986E-03  -1.92674E-03  -4.15424E-03   4.73340E-03   2.84779E-03   5.66548E-03   5.82966E-03   1.16609E-03   2.47966E-03  -3.49869E-03  -2.83770E-03  -4.04023E-03  -4.44196E-03  -8.55647E-04  -1.22709E-03   2.42178E-03   2.83870E-03   2.93890E-03   3.40036E-03   9.00166E-04   2.61563E-04  -1.42931E-03  -2.78584E-03  -2.11432E-03  -2.18471E-03  -8.35777E-04   1.93160E-03   1.55241E-03
 5.03000E+02   8.04795E-04  -1.92668E-02  -1.49345E-02  -7.91438E-03  -1.11035E-02   7.27797E-03   2.19470E-03   1.06545E-02   9.90325E-03   2.83426E-03   6.19606E-03  -6.33195E-03  -3.04145E-03  -7.74512E-03  -7.69514E-03  -1.55899E-03  -3.94757E-03   4.85711E-03   3.07901E-03   5.41570E-03   5.86143E-03   8.13227E-04   2.30177E-03  -3.57794E-03  -3.03614E-03  -3.76812E-03  -4.47736E-03  -5.31259E-04  -1.08989E-03   2.45037E-03   3.00454E-03   2.64828E-03   3.45114E-03   6.09222E-04   1.74921E-04  -1.41047E-03  -2.91599E-03  -1.82335E-03  -2.23700E-03  -6.28413E-04   2.03000E-03   1.34215E-03
 5.06600E+02   6.13771E-04  -1.91261E-02  -1.49637E-02  -7.55233E-03  -1.08951E-02   7.47033E-03   2.42986E-03   1.04778E-02   9.92339E-03   2.48158E-03   5.97516E-03  -6.47965E-03  -3.27661E-03  -7.51760E-03  -7.70728E-03  -1.19011E-03  -3.73727E-03   4.97612E-03   3.28826E-03   5.15985E-03   5.86749E-03   4.59257E-04   2.12236E-03  -3.65200E-03  -3.20868E-03  -3.48965E-03  -4.48603E-03  -2.05509E-04  -9.54070E-04   2.47427E-03   3.14123E-03   2.35156E-03   3.47533E-03   3.16196E-04   9.24204E-05  -1.38840E-03  -3.01639E-03  -1.52719E-03  -2.26912E-03  -4.18868E-04   2.10642E-03   1.12790E-03
 5.10300E+02   4.22793E-04  -1.89818E-02  -1.49760E-02  -7.18034E-03  -1.06730E-02   7.66624E-03   2.65939E-03   1.02942E-02   9.92398E-03   2.11983E-03   5.74256E-03  -6.62740E-03  -3.50043E-03  -7.28023E-03  -7.69539E-03  -8.12267E-04  -3.51678E-03   5.09295E-03   3.48074E-03   4.89270E-03   5.84680E-03   9.70133E-05   1.93594E-03  -3.72241E-03  -3.35928E-03  -3.19945E-03  -4.46701E-03   1.27878E-04  -8.15623E-04   2.49405E-03   3.25157E-03   2.04332E-03   3.47250E-03   1.57053E-05   1.17833E-05  -1.36277E-03  -3.08876E-03  -1.22060E-03  -2.28115E-03  -2.03403E-04   2.16220E-03   9.05901E-04
 5.14000E+02   2.36833E-04  -1.88381E-02  -1.49703E-02  -6.81080E-03  -1.04424E-02   7.85876E-03   2.87708E-03   1.01094E-02   9.90421E-03   1.76109E-03   5.50385E-03  -6.77003E-03  -3.70671E-03  -7.04084E-03  -7.65895E-03  -4.38316E-04  -3.29150E-03   5.20346E-03   3.65091E-03   4.62340E-03   5.79906E-03  -2.60866E-04   1.74718E-03  -3.78666E-03  -3.48338E-03  -2.90783E-03  -4.42001E-03   4.56944E-04  -6.78097E-04   2.50900E-03   3.33194E-03   1.73482E-03   3.44199E-03  -2.81214E-04  -6.48253E-05  -1.33453E-03  -3.13045E-03  -9.14968E-04  -2.27224E-03   9.96571E-06   2.19532E-03   6.84449E-04
 5.17700E+02   5.54961E-05  -1.86950E-02  -1.49469E-02  -6.44603E-03  -1.02030E-02   8.04630E-03   3.08353E-03   9.92423E-03   9.86450E-03   1.40763E-03   5.25880E-03  -6.90644E-03  -3.89616E-03  -6.80089E-03  -7.59850E-03  -7.07986E-05  -3.06122E-03   5.30687E-03   3.79960E-03   4.35395E-03   5.72490E-03  -6.11634E-04   1.55588E-03  -3.84430E-03  -3.58185E-03  -2.61728E-03  -4.34573E-03   7.78842E-04  -5.41296E-04   2.51908E-03   3.38328E-03   1.42899E-03   3.38454E-03  -5.71730E-04  -1.37607E-04  -1.30403E-03  -3.14238E-03  -6.13372E-04  -2.24299E-03   2.19095E-04   2.20647E-03   4.65831E-04
 5.21400E+02  -1.21594E-04  -1.85525E-02  -1.49064E-02  -6.08824E-03  -9.95507E-03   8.22728E-03   3.27944E-03   9.73950E-03   9.80566E-03   1.06159E-03   5.00743E-03  -7.03554E-03  -4.06970E-03  -6.56171E-03  -7.51499E-03   2.87870E-04  -2.82592E-03   5.40235E-03   3.92783E-03   4.08618E-03   5.62537E-03  -9.52677E-04   1.36197E-03  -3.89484E-03  -3.65584E-03  -2.33013E-03  -4.24526E-03   1.09087E-03  -4.05080E-04   2.52418E-03   3.40685E-03   1.12860E-03   3.30124E-03  -8.53155E-04  -2.06778E-04  -1.27156E-03  -3.12582E-03  -3.18720E-04  -2.19422E-03   4.21953E-04   2.19659E-03   2.52198E-04
 5.25200E+02  -2.99421E-04  -1.84069E-02  -1.48485E-02  -5.73012E-03  -9.69193E-03   8.40478E-03   3.47045E-03   9.55090E-03   9.72649E-03   7.15965E-04   4.74294E-03  -7.15944E-03  -4.23243E-03  -6.31808E-03  -7.40655E-03   6.44693E-04  -2.57919E-03   5.49129E-03   4.03953E-03   3.81464E-03   5.49817E-03  -1.29028E-03   1.16017E-03  -3.93881E-03  -3.70783E-03  -2.04096E-03  -4.11630E-03   1.39841E-03  -2.65703E-04   2.52413E-03   3.40378E-03   8.28378E-04   3.19027E-03  -1.13011E-03  -2.74291E-04  -1.23642E-03  -3.08081E-03  -2.61322E-05  -2.12496E-03   6.21797E-04   2.16578E-03   4.00520E-05
 5.29000E+02  -4.73499E-04  -1.82620E-02  -1.47754E-02  -5.38332E-03  -9.42097E-03   8.57240E-03   3.65202E-03   9.36398E-03   9.62988E-03   3.82072E-04   4.47249E-03  -7.27349E-03  -4.38069E-03  -6.07753E-03  -7.27685E-03   9.87721E-04  -2.32766E-03   5.57016E-03   4.13243E-03   3.54812E-03   5.34747E-03  -1.61275E-03   9.55844E-04  -3.97422E-03  -3.73722E-03  -1.75960E-03  -3.96304E-03   1.69045E-03  -1.26821E-04   2.51853E-03   3.37500E-03   5.38957E-04   3.05535E-03  -1.39242E-03  -3.38470E-04  -1.19967E-03  -3.00941E-03   2.53735E-04  -2.03763E-03   8.11216E-04   2.11548E-03  -1.62842E-04
 5.32800E+02  -6.44157E-04  -1.81177E-02  -1.46890E-02  -5.04934E-03  -9.14320E-03   8.72892E-03   3.82507E-03   9.17915E-03   9.51761E-03   6.14370E-05   4.19673E-03  -7.37676E-03  -4.51580E-03  -5.84089E-03  -7.12785E-03   1.31516E-03  -2.07183E-03   5.63819E-03   4.20817E-03   3.28786E-03   5.17532E-03  -1.91809E-03   7.49290E-04  -4.00054E-03  -3.74589E-03  -1.48771E-03  -3.78760E-03   1.96487E-03   1.15401E-05   2.50721E-03   3.32266E-03   2.62409E-04   2.89853E-03  -1.63797E-03  -3.99554E-04  -1.16147E-03  -2.91384E-03   5.18642E-04  -1.93377E-03   9.88607E-04   2.04735E-03  -3.54823E-04
 5.36600E+02  -8.11691E-04  -1.79739E-02  -1.45913E-02  -4.72930E-03  -8.85982E-03   8.87338E-03   3.99052E-03   8.99666E-03   9.39163E-03  -2.44766E-04   3.91646E-03  -7.46848E-03  -4.63911E-03  -5.60877E-03  -6.96169E-03   1.62557E-03  -1.81231E-03   5.69471E-03   4.26842E-03   3.03485E-03   4.98400E-03  -2.20462E-03   5.40886E-04  -4.01729E-03  -3.73587E-03  -1.22667E-03  -3.59227E-03   2.21988E-03   1.49302E-04   2.48998E-03   3.24906E-03   4.50667E-07   2.72206E-03  -1.86495E-03  -4.57771E-04  -1.12195E-03  -2.79650E-03   7.66710E-04  -1.81507E-03   1.15262E-03   1.96314E-03  -5.34497E-04
 5.40500E+02  -9.80663E-04  -1.78267E-02  -1.44816E-02  -4.41608E-03  -8.56452E-03   9.00836E-03   4.15337E-03   8.81192E-03   9.25023E-03  -5.43167E-04   3.62506E-03  -7.54996E-03  -4.75483E-03  -5.37562E-03  -6.77570E-03   1.92534E-03  -1.54287E-03   5.74017E-03   4.31595E-03   2.78342E-03   4.77021E-03  -2.47782E-03   3.25555E-04  -4.02410E-03  -3.70829E-03  -9.71110E-04  -3.37366E-03   2.45994E-03   2.89927E-04   2.46595E-03   3.15392E-03  -2.51812E-04   2.52299E-03  -2.07709E-03  -5.14764E-04  -1.08007E-03  -2.65606E-03   1.00221E-03  -1.67966E-03   1.30587E-03   1.86193E-03  -7.04925E-04
 5.44400E+02  -1.14687E-03  -1.76797E-02  -1.43646E-02  -4.11863E-03  -8.26618E-03   9.12944E-03   4.31013E-03   8.62971E-03   9.09880E-03  -8.25021E-04   3.33090E-03  -7.61814E-03  -4.86097E-03  -5.14777E-03  -6.57650E-03   2.20531E-03  -1.27115E-03   5.77241E-03   4.35080E-03   2.54079E-03   4.54135E-03  -2.72888E-03   1.09327E-04  -4.02000E-03  -3.66540E-03  -7.28824E-04  -3.13932E-03   2.67690E-03   4.29590E-04   2.43528E-03   3.04150E-03  -4.86202E-04   2.30834E-03  -2.26692E-03  -5.69168E-04  -1.03690E-03  -2.49806E-03   1.21715E-03  -1.53243E-03   1.44294E-03   1.74774E-03  -8.60279E-04
 5.48400E+02  -1.31468E-03  -1.75290E-02  -1.42394E-02  -3.82985E-03  -7.95858E-03   9.23897E-03   4.46547E-03   8.44528E-03   8.93535E-03  -1.09679E-03   3.02745E-03  -7.67392E-03  -4.96131E-03  -4.91953E-03  -6.36102E-03   2.47152E-03  -9.91025E-04   5.79137E-03   4.37518E-03   2.30123E-03   4.29371E-03  -2.96275E-03  -1.12722E-04  -4.00410E-03  -3.60778E-03  -4.94576E-04  -2.88545E-03   2.87462E-03   5.71580E-04   2.39672E-03   2.91093E-03  -7.07296E-04   2.07475E-03  -2.43758E-03  -6.22464E-04  -9.91264E-04  -2.32063E-03   1.41532E-03  -1.37121E-03   1.56603E-03   1.61927E-03  -1.00328E-03
 5.52300E+02  -1.47588E-03  -1.73819E-02  -1.41144E-02  -3.56371E-03  -7.65857E-03   9.33155E-03   4.61242E-03   8.26751E-03   8.77018E-03  -1.34513E-03   2.73099E-03  -7.71437E-03  -5.05207E-03  -4.70202E-03  -6.14245E-03   2.71064E-03  -7.17459E-04   5.79585E-03   4.38956E-03   2.07664E-03   4.04227E-03  -3.16747E-03  -3.28806E-04  -3.97693E-03  -3.54040E-03  -2.80223E-04  -2.62744E-03   3.04275E-03   7.08505E-04   2.35202E-03   2.77126E-03  -9.03657E-04   1.83654E-03  -2.57997E-03  -6.72133E-04  -9.45403E-04  -2.13536E-03   1.58630E-03  -1.20602E-03   1.66856E-03   1.48493E-03  -1.12637E-03
 5.56300E+02  -1.63885E-03  -1.72306E-02  -1.39853E-02  -3.30572E-03  -7.35221E-03   9.41225E-03   4.75921E-03   8.08684E-03   8.59684E-03  -1.58332E-03   2.42743E-03  -7.74157E-03  -5.13904E-03  -4.48364E-03  -5.91188E-03   2.93527E-03  -4.37414E-04   5.78591E-03   4.39621E-03   1.85517E-03   3.77668E-03  -3.35360E-03  -5.49262E-04  -3.93689E-03  -3.46184E-03  -7.46460E-05  -2.35471E-03   3.18978E-03   8.47034E-04   2.29871E-03   2.61783E-03  -1.08528E-03   1.58415E-03  -2.70116E-03  -7.20835E-04  -8.96888E-04  -1.93547E-03   1.73863E-03  -1.03037E-03   1.75556E-03   1.33984E-03  -1.23569E-03
 5.60300E+02  -1.79952E-03  -1.70787E-02  -1.38569E-02  -3.06177E-03  -7.04850E-03   9.47904E-03   4.90261E-03   7.90731E-03   8.42132E-03  -1.80562E-03   2.12546E-03  -7.75444E-03  -5.22080E-03  -4.26940E-03  -5.67699E-03   3.13961E-03  -1.58912E-04   5.76122E-03   4.39604E-03   1.64217E-03   3.50570E-03  -3.51594E-03  -7.67751E-04  -3.88438E-03  -3.37555E-03   1.16839E-04  -2.07636E-03   3.31123E-03   9.83233E-04   2.23768E-03   2.45641E-03  -1.24707E-03   1.32614E-03  -2.79720E-03  -7.67334E-04  -8.46780E-04  -1.72815E-03   1.86770E-03  -8.50345E-04   1.82417E-03   1.18925E-03  -1.32790E-03
 5.64400E+02  -1.96185E-03  -1.69220E-02  -1.37276E-02  -2.82487E-03  -6.74117E-03   9.53378E-03   5.04652E-03   7.72383E-03   8.24080E-03  -2.01807E-03   1.81866E-03  -7.75304E-03  -5.30002E-03  -4.05334E-03  -5.43375E-03   3.32887E-03   1.23906E-04   5.72065E-03   4.39005E-03   1.43192E-03   3.22470E-03  -3.65827E-03  -9.88806E-04  -3.81752E-03  -3.28084E-03   2.99068E-04  -1.78775E-03   3.40956E-03   1.11995E-03   2.16699E-03   2.28495E-03  -1.39277E-03   1.05841E-03  -2.86983E-03  -8.12733E-04  -7.93649E-04  -1.51050E-03   1.97620E-03  -6.63180E-04   1.87560E-03   1.03109E-03  -1.40489E-03
 5.68400E+02  -2.11790E-03  -1.67679E-02  -1.36050E-02  -2.60500E-03  -6.44623E-03   9.57465E-03   5.18421E-03   7.54468E-03   8.06543E-03  -2.21153E-03   1.52295E-03  -7.73780E-03  -5.37343E-03  -3.84518E-03  -5.19574E-03   3.49486E-03   3.96244E-04   5.66631E-03   4.37949E-03   1.23390E-03   2.94944E-03  -3.77444E-03  -1.20079E-03  -3.73955E-03  -3.18380E-03   4.63864E-04  -1.50526E-03   3.48057E-03   1.25000E-03   2.08999E-03   2.11379E-03  -1.51589E-03   7.96368E-04  -2.91596E-03  -8.54790E-04  -7.39968E-04  -1.29543E-03   2.05935E-03  -4.79765E-04   1.90765E-03   8.74781E-04  -1.46327E-03
 5.72500E+02  -2.27540E-03  -1.66086E-02  -1.34838E-02  -2.38947E-03  -6.14977E-03   9.60465E-03   5.32268E-03   7.36021E-03   7.88751E-03  -2.39705E-03   1.22448E-03  -7.70844E-03  -5.44508E-03  -3.63363E-03  -4.95256E-03   3.64706E-03   6.70708E-04   5.59571E-03   4.36463E-03   1.03730E-03   2.66806E-03  -3.87123E-03  -1.41340E-03  -3.64662E-03  -3.08088E-03   6.20313E-04  -1.21695E-03   3.52863E-03   1.37933E-03   2.00275E-03   1.93624E-03  -1.62338E-03   5.29159E-04  -2.93858E-03  -8.95528E-04  -6.82930E-04  -1.07438E-03   2.12203E-03  -2.92628E-04   1.92241E-03   7.14123E-04  -1.50647E-03
 5.76700E+02  -2.43405E-03  -1.64436E-02  -1.33649E-02  -2.17718E-03  -5.85294E-03   9.62395E-03   5.46173E-03   7.16963E-03   7.70801E-03  -2.57515E-03   9.24470E-04  -7.66448E-03  -5.51491E-03  -3.41789E-03  -4.70559E-03   3.78548E-03   9.45903E-04   5.50806E-03   4.34572E-03   8.41621E-04   2.38240E-03  -3.94814E-03  -1.62529E-03  -3.53789E-03  -2.97293E-03   7.68449E-04  -9.25033E-04   3.55286E-03   1.50699E-03   1.90466E-03   1.75385E-03  -1.71479E-03   2.59109E-04  -2.93672E-03  -9.34635E-04  -6.22275E-04  -8.49416E-04   2.16347E-03  -1.03505E-04   1.91913E-03   5.50659E-04  -1.53393E-03
 5.80800E+02  -2.58611E-03  -1.62807E-02  -1.32541E-02  -1.97648E-03  -5.57037E-03   9.63272E-03   5.59454E-03   6.98135E-03   7.53604E-03  -2.73882E-03   6.38001E-04  -7.60863E-03  -5.57955E-03  -3.20735E-03  -4.46761E-03   3.90489E-03   1.20772E-03   5.40791E-03   4.32402E-03   6.55255E-04   2.10760E-03  -4.00271E-03  -1.82541E-03  -3.41875E-03  -2.86599E-03   9.02189E-04  -6.45300E-04   3.55320E-03   1.62621E-03   1.80042E-03   1.57681E-03  -1.78680E-03   1.10374E-06  -2.91143E-03  -9.70066E-04  -5.60801E-04  -6.33129E-04   2.18271E-03   7.70646E-05   1.89869E-03   3.93584E-04  -1.54504E-03
 5.85000E+02  -2.73877E-03  -1.61116E-02  -1.31460E-02  -1.77585E-03  -5.28864E-03   9.63245E-03   5.72725E-03   6.78557E-03   7.36346E-03  -2.89750E-03   3.51838E-04  -7.53881E-03  -5.64194E-03  -2.99093E-03  -4.22781E-03   4.01250E-03   1.46791E-03   5.29084E-03   4.29859E-03   4.68194E-04   1.83160E-03  -4.03890E-03  -2.02246E-03  -3.28366E-03  -2.75553E-03   1.02905E-03  -3.65890E-04   3.53088E-03   1.74207E-03   1.68508E-03   1.39779E-03  -1.84399E-03  -2.55504E-04  -2.86261E-03  -1.00331E-03  -4.95449E-04  -4.16736E-04   2.18180E-03   2.56419E-04   1.86090E-03   2.36558E-04  -1.54119E-03
 5.89300E+02  -2.89152E-03  -1.59361E-02  -1.30404E-02  -1.57396E-03  -5.00849E-03   9.62361E-03   5.85912E-03   6.58155E-03   7.19059E-03  -3.05198E-03   6.72107E-05  -7.45485E-03  -5.70136E-03  -2.76781E-03  -3.98710E-03   4.10867E-03   1.72485E-03   5.15638E-03   4.26912E-03   2.79844E-04   1.55604E-03  -4.05667E-03  -2.21477E-03  -3.13212E-03  -2.64201E-03   1.14932E-03  -8.90274E-05   3.48560E-03   1.85328E-03   1.55823E-03   1.21818E-03  -1.88636E-03  -5.08263E-04  -2.78988E-03  -1.03387E-03  -4.26029E-04  -2.02294E-04   2.16053E-03   4.32711E-04   1.80547E-03   8.11292E-05  -1.52219E-03
 5.93500E+02  -3.03695E-03  -1.57623E-02  -1.29416E-02  -1.37878E-03  -4.74299E-03   9.60762E-03   5.98340E-03   6.37836E-03   7.02528E-03  -3.19636E-03  -2.02019E-04  -7.36140E-03  -5.75445E-03  -2.54777E-03  -3.75708E-03   4.19026E-03   1.96557E-03   5.01146E-03   4.23674E-03   9.82302E-05   1.29476E-03  -4.05657E-03  -2.39230E-03  -2.97169E-03  -2.53103E-03   1.25832E-03   1.70891E-04   3.42086E-03   1.95382E-03   1.42608E-03   1.04733E-03  -1.91308E-03  -7.43692E-04  -2.69800E-03  -1.05998E-03  -3.55802E-04  -1.27061E-06   2.12119E-03   5.96423E-04   1.73601E-03  -6.43456E-05  -1.48990E-03
 5.97800E+02  -3.18161E-03  -1.55820E-02  -1.28439E-02  -1.17975E-03  -4.47941E-03   9.58472E-03   6.10529E-03   6.16604E-03   6.85926E-03  -3.33867E-03  -4.68096E-04  -7.25483E-03  -5.80301E-03  -2.31991E-03  -3.52700E-03   4.26243E-03   2.20055E-03   4.84994E-03   4.19950E-03  -8.59068E-05   1.03622E-03  -4.04000E-03  -2.56237E-03  -2.79540E-03  -2.41750E-03   1.36212E-03   4.24828E-04   3.33510E-03   2.04762E-03   1.28278E-03   8.77989E-04  -1.92663E-03  -9.71368E-04  -2.58409E-03  -1.08255E-03  -2.81520E-04   1.94524E-04   2.06332E-03   7.54098E-04   1.65032E-03  -2.05745E-04  -1.44381E-03
 6.02100E+02  -3.32163E-03  -1.53992E-02  -1.27487E-02  -9.80534E-04  -4.22399E-03   9.55610E-03   6.22098E-03   5.94929E-03   6.69597E-03  -3.47640E-03  -7.23986E-04  -7.13808E-03  -5.84485E-03  -2.08917E-03  -3.30248E-03   4.32428E-03   2.42295E-03   4.67601E-03   4.15758E-03  -2.68669E-04   7.87475E-04  -4.00816E-03  -2.71951E-03  -2.60775E-03  -2.30412E-03   1.45881E-03   6.65174E-04   3.23121E-03   2.13128E-03   1.13195E-03   7.15015E-04  -1.92741E-03  -1.18401E-03  -2.45174E-03  -1.10051E-03  -2.04992E-04   3.78939E-04   1.98912E-03   9.00560E-04   1.55110E-03  -3.38567E-04  -1.38565E-03
 6.06500E+02  -3.45971E-03  -1.52098E-02  -1.26524E-02  -7.75758E-04  -3.97077E-03   9.52176E-03   6.33205E-03   5.72298E-03   6.53102E-03  -3.61342E-03  -9.74815E-04  -7.00898E-03  -5.87977E-03  -1.85006E-03  -3.07841E-03   4.37801E-03   2.63655E-03   4.48623E-03   4.10922E-03  -4.54539E-04   5.43731E-04  -3.96122E-03  -2.86581E-03  -2.40498E-03  -2.18820E-03   1.55110E-03   8.95853E-04   3.10785E-03   2.20549E-03   9.70534E-04   5.55480E-04  -1.91619E-03  -1.38462E-03  -2.29904E-03  -1.11374E-03  -1.24606E-04   5.54710E-04   1.89792E-03   1.03772E-03   1.43692E-03  -4.64718E-04  -1.31483E-03
 6.10900E+02  -3.59214E-03  -1.50182E-02  -1.25560E-02  -5.69609E-04  -3.72541E-03   9.48304E-03   6.43485E-03   5.49236E-03   6.36744E-03  -3.74709E-03  -1.21411E-03  -6.87110E-03  -5.90572E-03  -1.60809E-03  -2.85993E-03   4.42307E-03   2.83514E-03   4.28569E-03   4.05463E-03  -6.39335E-04   3.11398E-04  -3.90120E-03  -2.99639E-03  -2.19251E-03  -2.07223E-03   1.63724E-03   1.11006E-03   2.96906E-03   2.26730E-03   8.02859E-04   4.03772E-04  -1.89404E-03  -1.56675E-03  -2.13081E-03  -1.12135E-03  -4.24510E-05   7.16385E-04   1.79294E-03   1.16103E-03   1.31140E-03  -5.80218E-04  -1.23384E-03
 6.15300E+02  -3.71857E-03  -1.48248E-02  -1.24580E-02  -3.61964E-04  -3.48749E-03   9.44059E-03   6.52853E-03   5.25789E-03   6.20443E-03  -3.87781E-03  -1.44154E-03  -6.72545E-03  -5.92174E-03  -1.36369E-03  -2.64676E-03   4.46031E-03   3.01793E-03   4.07569E-03   3.99311E-03  -8.22938E-04   9.08526E-05  -3.82952E-03  -3.11029E-03  -1.97170E-03  -1.95603E-03   1.71769E-03   1.30690E-03   2.81672E-03   2.31593E-03   6.29960E-04   2.60287E-04  -1.86216E-03  -1.72930E-03  -1.94912E-03  -1.12299E-03   4.10576E-05   8.63108E-04   1.67594E-03   1.26962E-03   1.17613E-03  -6.84408E-04  -1.14401E-03
 6.19700E+02  -3.83868E-03  -1.46299E-02  -1.23572E-02  -1.53005E-04  -3.25656E-03   9.39495E-03   6.61232E-03   5.02022E-03   6.04117E-03  -4.00579E-03  -1.65690E-03  -6.57304E-03  -5.92696E-03  -1.11749E-03  -2.43859E-03   4.49049E-03   3.18429E-03   3.85763E-03   3.92399E-03  -1.00504E-03  -1.17653E-04  -3.74757E-03  -3.20670E-03  -1.74404E-03  -1.83935E-03   1.79280E-03   1.48569E-03   2.65276E-03   2.35069E-03   4.53007E-04   1.25311E-04  -1.82168E-03  -1.87137E-03  -1.75613E-03  -1.11832E-03   1.25431E-04   9.94197E-04   1.54871E-03   1.36280E-03   1.03272E-03  -7.76757E-04  -1.04666E-03
 6.24200E+02  -3.95474E-03  -1.44296E-02  -1.22499E-02   6.15900E-05  -3.02714E-03   9.34543E-03   6.68711E-03   4.77467E-03   5.87317E-03  -4.13382E-03  -1.86452E-03  -6.41127E-03  -5.92032E-03  -8.64703E-04  -2.23052E-03   4.51466E-03   3.33691E-03   3.62785E-03   3.84482E-03  -1.18921E-03  -3.18308E-04  -3.65451E-03  -3.28654E-03  -1.50581E-03  -1.71928E-03   1.86431E-03   1.64935E-03   2.47509E-03   2.37132E-03   2.69182E-04  -3.74473E-06  -1.77257E-03  -1.99476E-03  -1.54939E-03  -1.10675E-03   2.12035E-04   1.11157E-03   1.40989E-03   1.44159E-03   8.79402E-04  -8.58552E-04  -9.40783E-04
 6.28700E+02  -4.06376E-03  -1.42288E-02  -1.21373E-02   2.76351E-04  -2.80404E-03   9.29340E-03   6.75033E-03   4.52761E-03   5.70340E-03  -4.25878E-03  -2.05936E-03  -6.24462E-03  -5.90094E-03  -6.11979E-04  -2.02694E-03   4.53259E-03   3.47149E-03   3.39287E-03   3.75655E-03  -1.37061E-03  -5.06219E-04  -3.55348E-03  -3.34693E-03  -1.26395E-03  -1.59822E-03   1.93057E-03   1.79326E-03   2.28942E-03   2.37645E-03   8.39438E-05  -1.23627E-04  -1.71677E-03  -2.09555E-03  -1.33559E-03  -1.08811E-03   2.98303E-04   1.21173E-03   1.26421E-03   1.50332E-03   7.21213E-04  -9.27287E-04  -8.29972E-04
 6.33200E+02  -4.16566E-03  -1.40281E-02  -1.20185E-02   4.90337E-04  -2.58680E-03   9.23911E-03   6.80164E-03   4.28015E-03   5.53126E-03  -4.38032E-03  -2.24151E-03  -6.07420E-03  -5.86837E-03  -3.60527E-04  -1.82749E-03   4.54467E-03   3.58790E-03   3.15440E-03   3.65883E-03  -1.54842E-03  -6.81493E-04  -3.44579E-03  -3.38763E-03  -1.02038E-03  -1.47596E-03   1.99160E-03   1.91733E-03   2.09786E-03   2.36586E-03  -1.01150E-04  -2.34353E-04  -1.65539E-03  -2.17352E-03  -1.11720E-03  -1.06228E-03   3.83532E-04   1.29454E-03   1.11363E-03   1.54783E-03   5.60030E-04  -9.82857E-04  -7.15714E-04
 6.37800E+02  -4.26249E-03  -1.38237E-02  -1.18899E-02   7.07145E-04  -2.37032E-03   9.18150E-03   6.84161E-03   4.02800E-03   5.35236E-03  -4.50053E-03  -2.41483E-03  -5.89720E-03  -5.82120E-03  -1.06158E-04  -1.62751E-03   4.55129E-03   3.68820E-03   2.90881E-03   3.54892E-03  -1.72551E-03  -8.47834E-04  -3.33013E-03  -3.40889E-03  -7.71642E-04  -1.34958E-03   2.04850E-03   2.02379E-03   1.89810E-03   2.33876E-03  -2.88546E-04  -3.38195E-04  -1.58793E-03  -2.22973E-03  -8.91753E-04  -1.02842E-03   4.68816E-04   1.36136E-03   9.56611E-04   1.57558E-03   3.94119E-04  -1.02611E-03  -5.96871E-04
 6.42400E+02  -4.35205E-03  -1.36207E-02  -1.17539E-02   9.20753E-04  -2.15903E-03   9.12187E-03   6.86904E-03   3.77795E-03   5.17016E-03  -4.61607E-03  -2.57549E-03  -5.71846E-03  -5.76002E-03   1.44080E-04  -1.43112E-03   4.55234E-03   3.76993E-03   2.66316E-03   3.42887E-03  -1.89683E-03  -1.00156E-03  -3.21006E-03  -3.40987E-03  -5.25213E-04  -1.22167E-03   2.09971E-03   2.11003E-03   1.69647E-03   2.29543E-03  -4.72412E-04  -4.32804E-04  -1.51673E-03  -2.26259E-03  -6.66602E-04  -9.87113E-04   5.51450E-04   1.41046E-03   7.98439E-04   1.58568E-03   2.28994E-04  -1.05591E-03  -4.77460E-04
 6.47000E+02  -4.43458E-03  -1.34197E-02  -1.16103E-02   1.12988E-03  -1.95256E-03   9.06029E-03   6.88423E-03   3.53124E-03   4.98451E-03  -4.72631E-03  -2.72397E-03  -5.53900E-03  -5.68511E-03   3.88754E-04  -1.23803E-03   4.54794E-03   3.83364E-03   2.41917E-03   3.29883E-03  -2.06132E-03  -1.14314E-03  -3.08670E-03  -3.39112E-03  -2.83095E-04  -1.09219E-03   2.14503E-03   2.17668E-03   1.49499E-03   2.23630E-03  -6.51074E-04  -5.18484E-04  -1.44273E-03  -2.27277E-03  -4.44192E-04  -9.38570E-04   6.30644E-04   1.44236E-03   6.40990E-04   1.57863E-03   6.65369E-05  -1.07264E-03  -3.58922E-04
 6.51700E+02  -4.51202E-03  -1.32170E-02  -1.14560E-02   1.33763E-03  -1.74619E-03   8.99536E-03   6.88765E-03   3.28387E-03   4.79126E-03  -4.83278E-03  -2.86374E-03  -5.35583E-03  -5.59491E-03   6.31570E-04  -1.04389E-03   4.53791E-03   3.88094E-03   2.17324E-03   3.15601E-03  -2.22122E-03  -1.27582E-03  -2.95835E-03  -3.35243E-03  -4.21336E-05  -9.58315E-04   2.18499E-03   2.22540E-03   1.29123E-03   2.16025E-03  -8.26582E-04  -5.97197E-04  -1.36511E-03  -2.26075E-03  -2.22163E-04  -8.81817E-04   7.07213E-04   1.45795E-03   4.82690E-04   1.55450E-03  -9.48517E-05  -1.07682E-03  -2.40110E-04
 6.56400E+02  -4.58297E-03  -1.30176E-02  -1.12946E-02   1.53819E-03  -1.54415E-03   8.92837E-03   6.87957E-03   3.04237E-03   4.59458E-03  -4.93235E-03  -2.99216E-03  -5.17370E-03  -5.49169E-03   8.65786E-04  -8.52732E-04   4.52230E-03   3.91126E-03   1.93225E-03   3.00370E-03  -2.37182E-03  -1.39708E-03  -2.82861E-03  -3.29511E-03   1.90494E-04  -8.22956E-04   2.21828E-03   2.25562E-03   1.09140E-03   2.06932E-03  -9.93402E-04  -6.67456E-04  -1.28625E-03  -2.22735E-03  -7.63508E-06  -8.18271E-04   7.78629E-04   1.45732E-03   3.28686E-04   1.51422E-03  -2.49862E-04  -1.06867E-03  -1.24931E-04
 6.61200E+02  -4.64932E-03  -1.28176E-02  -1.11230E-02   1.73448E-03  -1.34199E-03   8.85778E-03   6.86043E-03   2.80282E-03   4.39053E-03  -5.02626E-03  -3.11246E-03  -4.98951E-03  -5.37387E-03   1.09487E-03  -6.60423E-04   4.50057E-03   3.92596E-03   1.69261E-03   2.83912E-03  -2.51501E-03  -1.50988E-03  -2.69551E-03  -3.21873E-03   4.17751E-04  -6.83391E-04   2.24509E-03   2.26870E-03   8.93037E-04   1.96224E-03  -1.15332E-03  -7.31025E-04  -1.20517E-03  -2.17274E-03   2.01632E-04  -7.46916E-04   8.45520E-04   1.44110E-03   1.77422E-04   1.45763E-03  -3.99962E-04  -1.04854E-03  -1.22734E-05
 6.65900E+02  -4.70893E-03  -1.26258E-02  -1.09495E-02   1.91745E-03  -1.14793E-03   8.78644E-03   6.83210E-03   2.57598E-03   4.18807E-03  -5.11006E-03  -3.22050E-03  -4.81151E-03  -5.24752E-03   1.30825E-03  -4.74886E-04   4.47357E-03   3.92575E-03   1.46546E-03   2.67002E-03  -2.64397E-03  -1.61032E-03  -2.56528E-03  -3.12799E-03   6.28723E-04  -5.45703E-04   2.26402E-03   2.26550E-03   7.05795E-04   1.84477E-03  -1.29838E-03  -7.85824E-04  -1.12583E-03  -2.10093E-03   3.95146E-04  -6.71357E-04   9.04467E-04   1.41125E-03   3.65410E-05   1.38843E-03  -5.37511E-04  -1.01823E-03   9.21314E-05
 6.70800E+02  -4.76613E-03  -1.24304E-02  -1.07639E-02   2.09776E-03  -9.49511E-04   8.70961E-03   6.79372E-03   2.34827E-03   3.97480E-03  -5.18836E-03  -3.32383E-03  -4.62885E-03  -5.10561E-03   1.51832E-03  -2.84331E-04   4.43933E-03   3.91170E-03   1.23749E-03   2.48643E-03  -2.76579E-03  -1.70533E-03  -2.43017E-03  -3.01836E-03   8.35233E-04  -4.01430E-04   2.27580E-03   2.24691E-03   5.19167E-04   1.71049E-03  -1.43635E-03  -8.35735E-04  -1.04368E-03  -2.00873E-03   5.83306E-04  -5.87330E-04   9.58445E-04   1.36688E-03  -1.01515E-04   1.30330E-03  -6.69730E-04  -9.76620E-04   1.93824E-04
 6.75600E+02  -4.81797E-03  -1.22434E-02  -1.05787E-02   2.26363E-03  -7.58873E-04   8.63183E-03   6.74865E-03   2.13428E-03   3.76439E-03  -5.25575E-03  -3.41679E-03  -4.45306E-03  -4.95797E-03   1.71125E-03  -1.00535E-04   4.39964E-03   3.88579E-03   1.02363E-03   2.30052E-03  -2.87204E-03  -1.78965E-03  -2.29888E-03  -2.89793E-03   1.02325E-03  -2.59795E-04   2.27923E-03   2.21526E-03   3.45785E-04   1.56885E-03  -1.55744E-03  -8.78100E-04  -9.64171E-04  -1.90333E-03   7.52915E-04  -5.00608E-04   1.00345E-03   1.31181E-03  -2.27069E-04   1.20866E-03  -7.87178E-04  -9.27108E-04   2.85615E-04
 6.80500E+02  -4.86732E-03  -1.20571E-02  -1.03875E-02   2.42180E-03  -5.67984E-04   8.54973E-03   6.69633E-03   1.92526E-03   3.54881E-03  -5.31482E-03  -3.50420E-03  -4.27693E-03  -4.79995E-03   1.89468E-03   8.40820E-05   4.35278E-03   3.84854E-03   8.15401E-04   2.10579E-03  -2.96670E-03  -1.86761E-03  -2.16619E-03  -2.76360E-03   1.19987E-03  -1.15374E-04   2.27424E-03   2.17091E-03   1.79134E-04   1.41562E-03  -1.66598E-03  -9.15308E-04  -8.84270E-04  -1.78252E-03   9.10052E-04  -4.08431E-04   1.04097E-03   1.24534E-03  -3.44600E-04   1.10228E-03  -8.93949E-04  -8.68872E-04   3.70738E-04
 6.85400E+02  -4.91373E-03  -1.18753E-02  -1.01954E-02   2.56876E-03  -3.80807E-04   8.46479E-03   6.63892E-03   1.72570E-03   3.33321E-03  -5.36396E-03  -3.58493E-03  -4.10412E-03  -4.63609E-03   2.06430E-03   2.65525E-04   4.29940E-03   3.80195E-03   6.17589E-04   1.90735E-03  -3.04714E-03  -1.93816E-03  -2.03500E-03  -2.61969E-03   1.36058E-03   2.83531E-05   2.26054E-03   2.11611E-03   2.33957E-05   1.25540E-03  -1.75881E-03  -9.47009E-04  -8.05839E-04  -1.65053E-03   1.05032E-03  -3.13452E-04   1.06972E-03   1.17010E-03  -4.50850E-04   9.87757E-04  -9.86886E-04  -8.04109E-04   4.46769E-04
 6.90300E+02  -4.95781E-03  -1.16976E-02  -1.00037E-02   2.70482E-03  -1.97336E-04   8.37692E-03   6.57762E-03   1.53535E-03   3.11837E-03  -5.40322E-03  -3.65979E-03  -3.93446E-03  -4.46784E-03   2.22019E-03   4.43610E-04   4.23941E-03   3.74749E-03   4.30178E-04   1.70647E-03  -3.11326E-03  -2.00200E-03  -1.90530E-03  -2.46810E-03   1.50516E-03   1.70824E-04   2.23803E-03   2.05246E-03  -1.21195E-04   1.08990E-03  -1.83562E-03  -9.73753E-04  -7.28977E-04  -1.50956E-03   1.17331E-03  -2.16563E-04   1.08951E-03   1.08767E-03  -5.45493E-04   8.66817E-04  -1.06563E-03  -7.34047E-04   5.13444E-04
 6.95300E+02  -5.00093E-03  -1.15203E-02  -9.80948E-03   2.83295E-03  -1.39724E-05   8.28412E-03   6.51216E-03   1.35014E-03   2.90068E-03  -5.43323E-03  -3.73085E-03  -3.76430E-03  -4.29304E-03   2.36537E-03   6.21627E-04   4.17133E-03   3.68523E-03   2.49451E-04   1.50027E-03  -3.16601E-03  -2.06086E-03  -1.77441E-03  -2.30737E-03   1.63610E-03   3.14295E-04   2.20593E-03   1.98000E-03  -2.57214E-04   9.17307E-04  -1.89740E-03  -9.96445E-04  -6.52185E-04  -1.35860E-03   1.28083E-03  -1.16649E-04   1.10040E-03   9.97703E-04  -6.29959E-04   7.38527E-04  -1.13118E-03  -6.58322E-04   5.71713E-04
 7.00300E+02  -5.04261E-03  -1.13466E-02  -9.61779E-03   2.95097E-03   1.65434E-04   8.18808E-03   6.44476E-03   1.17345E-03   2.68529E-03  -5.45334E-03  -3.79712E-03  -3.59672E-03  -4.11642E-03   2.49698E-03   7.95615E-04   4.09626E-03   3.61750E-03   7.89563E-05   1.29409E-03  -3.20408E-03  -2.11392E-03  -1.64480E-03  -2.14229E-03   1.75051E-03   4.55193E-04   2.16461E-03   1.90144E-03  -3.81742E-04   7.42663E-04  -1.94249E-03  -1.01494E-03  -5.77004E-04  -1.20255E-03   1.37026E-03  -1.65973E-05   1.10189E-03   9.03321E-04  -7.02226E-04   6.06998E-04  -1.18180E-03  -5.79509E-04   6.20130E-04
 7.05400E+02  -5.08399E-03  -1.11725E-02  -9.42570E-03   3.06182E-03   3.44248E-04   8.08671E-03   6.37483E-03   1.00125E-03   2.46865E-03  -5.46402E-03  -3.86026E-03  -3.42801E-03  -3.93560E-03   2.61785E-03   9.68583E-04   4.01248E-03   3.54393E-03  -8.49435E-05   1.08507E-03  -3.22811E-03  -2.16248E-03  -1.51369E-03  -1.97115E-03   1.85061E-03   5.95568E-04   2.11305E-03   1.81640E-03  -4.97235E-04   5.64101E-04  -1.97155E-03  -1.02987E-03  -5.01881E-04  -1.04018E-03   1.44313E-03   8.46630E-05   1.09384E-03   8.03967E-04  -7.63558E-04   4.71177E-04  -1.21826E-03  -4.97103E-04   6.59501E-04
 7.10500E+02  -5.12446E-03  -1.10010E-02  -9.23772E-03   3.16402E-03   5.18704E-04   7.98187E-03   6.30437E-03   8.36331E-04   2.25573E-03  -5.46519E-03  -3.91925E-03  -3.26101E-03  -3.75516E-03   2.72595E-03   1.13661E-03   3.92142E-03   3.46683E-03  -2.39381E-04   8.78506E-04  -3.23763E-03  -2.20576E-03  -1.38339E-03  -1.79878E-03   1.93452E-03   7.31853E-04   2.05211E-03   1.72770E-03  -6.01529E-04   3.86729E-04  -1.98394E-03  -1.04114E-03  -4.28203E-04  -8.76519E-04   1.49796E-03   1.84204E-04   1.07630E-03   7.02865E-04  -8.12711E-04   3.35282E-04  -1.23973E-03  -4.13761E-04   6.89006E-04
 7.15600E+02  -5.16412E-03  -1.08316E-02  -9.05431E-03   3.25859E-03   6.88635E-04   7.87353E-03   6.23383E-03   6.77827E-04   2.04709E-03  -5.45734E-03  -3.97427E-03  -3.09522E-03  -3.57600E-03   2.82208E-03   1.29927E-03   3.82316E-03   3.38698E-03  -3.85060E-04   6.75517E-04  -3.23320E-03  -2.24393E-03  -1.25362E-03  -1.62662E-03   2.00296E-03   8.63318E-04   1.98199E-03   1.63643E-03  -6.95160E-04   2.12071E-04  -1.98021E-03  -1.04899E-03  -3.55820E-04  -7.13348E-04   1.53537E-03   2.81138E-04   1.04957E-03   6.01277E-04  -8.50124E-04   2.00815E-04  -1.24671E-03  -3.30501E-04   7.08982E-04
 7.20800E+02  -5.20372E-03  -1.06605E-02  -8.87226E-03   3.34823E-03   8.57042E-04   7.75949E-03   6.16210E-03   5.21930E-04   1.83928E-03  -5.44059E-03  -4.02634E-03  -2.92692E-03  -3.39540E-03   2.90865E-03   1.45909E-03   3.71569E-03   3.30340E-03  -5.25331E-04   4.73275E-04  -3.21494E-03  -2.27768E-03  -1.12155E-03  -1.45257E-03   2.05763E-03   9.91641E-04   1.90133E-03   1.54172E-03  -7.80265E-04   3.82527E-05  -1.96049E-03  -1.05362E-03  -2.83193E-04  -5.49173E-04   1.55640E-03   3.76406E-04   1.01319E-03   4.98375E-04  -8.76728E-04   6.66280E-05  -1.23953E-03  -2.46662E-04   7.19968E-04
 7.26000E+02  -5.24234E-03  -1.04905E-02  -8.69526E-03   3.43205E-03   1.02033E-03   7.64189E-03   6.09068E-03   3.70944E-04   1.63686E-03  -5.41560E-03  -4.07423E-03  -2.75891E-03  -3.21749E-03   2.98456E-03   1.61233E-03   3.60105E-03   3.21810E-03  -6.58010E-04   2.76778E-04  -3.18354E-03  -2.30617E-03  -9.89501E-04  -1.28119E-03   2.09794E-03   1.11342E-03   1.81179E-03   1.44619E-03  -8.55571E-04  -1.29878E-04  -1.92553E-03  -1.05494E-03  -2.11608E-04  -3.88765E-04   1.56105E-03   4.67222E-04   9.68058E-04   3.97235E-04  -8.92307E-04  -6.32620E-05  -1.21866E-03  -1.64776E-04   7.21981E-04
 7.31200E+02  -5.27977E-03  -1.03212E-02  -8.52320E-03   3.51104E-03   1.17825E-03   7.52085E-03   6.01948E-03   2.24082E-04   1.44018E-03  -5.38295E-03  -4.11775E-03  -2.59080E-03  -3.04271E-03   3.05071E-03   1.75843E-03   3.47950E-03   3.13137E-03  -7.83818E-04   8.69119E-05  -3.13979E-03  -2.32925E-03  -8.57276E-04  -1.11347E-03   2.12483E-03   1.22789E-03   1.71382E-03   1.35053E-03  -9.21760E-04  -2.91046E-04  -1.87625E-03  -1.05297E-03  -1.40949E-04  -2.33529E-04   1.55036E-03   5.52777E-04   9.14679E-04   2.98821E-04  -8.97555E-04  -1.87610E-04  -1.18494E-03  -8.56522E-05   7.15580E-04
 7.36500E+02  -5.31636E-03  -1.01489E-02  -8.35262E-03   3.58747E-03   1.33345E-03   7.39408E-03   5.94694E-03   7.79272E-05   1.24592E-03  -5.34244E-03  -4.15728E-03  -2.41907E-03  -2.86812E-03   3.10897E-03   1.89944E-03   3.34886E-03   3.04169E-03  -9.05651E-04  -9.89619E-05  -3.08334E-03  -2.34699E-03  -7.22220E-04  -9.47166E-04   2.13944E-03   1.33629E-03   1.60585E-03   1.25349E-03  -9.80537E-04  -4.46947E-04  -1.81230E-03  -1.04754E-03  -6.98040E-05  -8.19230E-05   1.52479E-03   6.33782E-04   8.52402E-04   2.02202E-04  -8.93037E-04  -3.07478E-04  -1.13830E-03  -8.59422E-06   7.01026E-04
 7.41800E+02  -5.35101E-03  -9.97664E-03  -8.18646E-03   3.66056E-03   1.48256E-03   7.26409E-03   5.87409E-03  -6.52547E-05   1.05815E-03  -5.29523E-03  -4.19154E-03  -2.24678E-03  -2.69730E-03   3.15882E-03   2.03192E-03   3.21186E-03   2.95075E-03  -1.02163E-03  -2.76383E-04  -3.01587E-03  -2.35859E-03  -5.86859E-04  -7.86305E-04   2.14217E-03   1.43558E-03   1.49035E-03   1.15737E-03  -1.03123E-03  -5.93304E-04  -1.73565E-03  -1.03857E-03   4.91587E-07   6.18500E-05   1.48563E-03   7.07800E-04   7.82876E-04   1.10085E-04  -8.79375E-04  -4.19346E-04  -1.08034E-03   6.41722E-05   6.79042E-04
 7.47200E+02  -5.38387E-03  -9.80101E-03  -8.02117E-03   3.73226E-03   1.62798E-03   7.12860E-03   5.79911E-03  -2.08551E-04   8.73661E-04  -5.24091E-03  -4.22057E-03  -2.07060E-03  -2.52724E-03   3.20176E-03   2.15756E-03   3.06629E-03   2.85676E-03  -1.13430E-03  -4.47795E-04  -2.93680E-03  -2.36376E-03  -4.48729E-04  -6.28644E-04   2.13378E-03   1.52666E-03   1.36572E-03   1.06078E-03  -1.07525E-03  -7.31598E-04  -1.64577E-03  -1.02569E-03   7.12117E-05   1.99237E-04   1.43309E-03   7.75338E-04   7.05381E-04   2.15567E-05  -8.56931E-04  -5.24119E-04  -1.01081E-03   1.33292E-04   6.49742E-04
 7.52600E+02  -5.41380E-03  -9.62520E-03  -7.85932E-03   3.80166E-03   1.76660E-03   6.99038E-03   5.72288E-03  -3.49554E-04   6.96181E-04  -5.18094E-03  -4.24317E-03  -1.89388E-03  -2.36118E-03   3.23752E-03   2.27325E-03   2.91533E-03   2.76127E-03  -1.24183E-03  -6.09194E-04  -2.84836E-03  -2.36185E-03  -3.10596E-04  -4.77795E-04   2.11520E-03   1.60692E-03   1.23498E-03   9.65810E-04  -1.11220E-03  -8.58085E-04  -1.54533E-03  -1.00889E-03   1.40929E-04   3.26545E-04   1.36916E-03   8.34308E-04   6.22049E-04  -6.09995E-05  -8.26798E-04  -6.18748E-04  -9.31968E-04   1.96824E-04   6.14260E-04
 7.58000E+02  -5.44034E-03  -9.44928E-03  -7.70025E-03   3.86909E-03   1.89822E-03   6.84981E-03   5.64487E-03  -4.88426E-04   5.25753E-04  -5.11595E-03  -4.25886E-03  -1.71686E-03  -2.19906E-03   3.26674E-03   2.37854E-03   2.75976E-03   2.66412E-03  -1.34452E-03  -7.60122E-04  -2.75165E-03  -2.35252E-03  -1.72799E-04  -3.34157E-04   2.08749E-03   1.67576E-03   1.09912E-03   8.72670E-04  -1.14268E-03  -9.72025E-04  -1.43577E-03  -9.88041E-04   2.09485E-04   4.43038E-04   1.29530E-03   8.84188E-04   5.33836E-04  -1.37097E-04  -7.89914E-04  -7.02520E-04  -8.45135E-04   2.54335E-04   5.73407E-04
 7.63500E+02  -5.46347E-03  -9.27017E-03  -7.54045E-03   3.93595E-03   2.02491E-03   6.70467E-03   5.56308E-03  -6.27687E-04   3.59409E-04  -5.04522E-03  -4.26729E-03  -1.53664E-03  -2.03787E-03   3.29038E-03   2.47471E-03   2.59742E-03   2.56325E-03  -1.44433E-03  -9.02726E-04  -2.64581E-03  -2.33504E-03  -3.32570E-05  -1.95569E-04   2.05093E-03   1.73369E-03   9.56613E-04   7.79824E-04  -1.16761E-03  -1.07458E-03  -1.31634E-03  -9.62511E-04   2.77888E-04   5.49979E-04   1.21135E-03   9.25214E-04   4.40017E-04  -2.07576E-04  -7.46382E-04  -7.76104E-04  -7.49901E-04   3.06374E-04   5.27131E-04
 7.69000E+02  -5.48226E-03  -9.09142E-03  -7.38226E-03   4.00098E-03   2.14407E-03   6.55804E-03   5.47845E-03  -7.64610E-04   2.00305E-04  -4.97051E-03  -4.26772E-03  -1.35703E-03  -1.88047E-03   3.30833E-03   2.55941E-03   2.43211E-03   2.46025E-03  -1.53937E-03  -1.03387E-03  -2.53375E-03  -2.30928E-03   1.04896E-04  -6.49502E-05   2.00701E-03   1.77895E-03   8.11149E-04   6.89099E-04  -1.18690E-03  -1.16310E-03  -1.19058E-03  -9.32554E-04   3.44564E-04   6.44677E-04   1.12014E-03   9.56060E-04   3.43299E-04  -2.70679E-04  -6.97819E-04  -8.37422E-04  -6.49284E-04   3.51563E-04   4.77024E-04
 7.74600E+02  -5.49664E-03  -8.91020E-03  -7.22226E-03   4.06522E-03   2.25762E-03   6.40776E-03   5.38895E-03  -9.01345E-04   4.56292E-05  -4.89096E-03  -4.25965E-03  -1.17541E-03  -1.72392E-03   3.32120E-03   2.63371E-03   2.26179E-03   2.35299E-03  -1.63122E-03  -1.15552E-03  -2.41447E-03  -2.27435E-03   2.43447E-04   5.97646E-05   1.95575E-03   1.81182E-03   6.61317E-04   5.98949E-04  -1.20118E-03  -1.23853E-03  -1.05770E-03  -8.97448E-04   4.10321E-04   7.28258E-04   1.02142E-03   9.76819E-04   2.43029E-04  -3.27177E-04  -6.44218E-04  -8.86992E-04  -5.42855E-04   3.90378E-04   4.22979E-04
 7.80200E+02  -5.50601E-03  -8.73022E-03  -7.06285E-03   4.12722E-03   2.36338E-03   6.25704E-03   5.29576E-03  -1.03500E-03  -1.01832E-04  -4.80845E-03  -4.24283E-03  -9.95808E-04  -1.57092E-03   3.32896E-03   2.69593E-03   2.09053E-03   2.24320E-03  -1.71798E-03  -1.26520E-03  -2.29118E-03  -2.23058E-03   3.79097E-04   1.76136E-04   1.89889E-03   1.83130E-03   5.11106E-04   5.11054E-04  -1.21046E-03  -1.29909E-03  -9.21628E-04  -8.57698E-04   4.73525E-04   7.98806E-04   9.18376E-04   9.86791E-04   1.42167E-04  -3.75789E-04  -5.87432E-04  -9.23512E-04  -4.33971E-04   4.21881E-04   3.66794E-04
 7.85800E+02  -5.51028E-03  -8.55199E-03  -6.90365E-03   4.18666E-03   2.46147E-03   6.10645E-03   5.19870E-03  -1.16510E-03  -2.42298E-04  -4.72350E-03  -4.21725E-03  -8.19011E-04  -1.42127E-03   3.33191E-03   2.74619E-03   1.91942E-03   2.13081E-03  -1.79945E-03  -1.36308E-03  -2.16508E-03  -2.17803E-03   5.11033E-04   2.84268E-04   1.83737E-03   1.83754E-03   3.61889E-04   4.25405E-04  -1.21510E-03  -1.34490E-03  -7.84017E-04  -8.13372E-04   5.33740E-04   8.56420E-04   8.12553E-04   9.86087E-04   4.19264E-05  -4.16565E-04  -5.28436E-04  -9.47092E-04  -3.24174E-04   4.46125E-04   3.09358E-04
 7.91500E+02  -5.50940E-03  -8.37294E-03  -6.74157E-03   4.24414E-03   2.55366E-03   5.95387E-03   5.09585E-03  -1.29336E-03  -3.78353E-04  -4.63502E-03  -4.18234E-03  -6.42775E-04  -1.27220E-03   3.33018E-03   2.78536E-03   1.74653E-03   2.01375E-03  -1.87669E-03  -1.45087E-03  -2.03498E-03  -2.11574E-03   6.40655E-04   3.86060E-04   1.77084E-03   1.83062E-03   2.12410E-04   3.40508E-04  -1.21536E-03  -1.37674E-03  -6.44019E-04  -7.63697E-04   5.91500E-04   9.02064E-04   7.03513E-04   9.74676E-04  -5.82447E-05  -4.50183E-04  -4.67071E-04  -9.58110E-04  -2.13015E-04   4.63506E-04   2.50494E-04
 7.97200E+02  -5.50341E-03  -8.19678E-03  -6.57932E-03   4.29815E-03   2.63844E-03   5.80252E-03   4.98898E-03  -1.41687E-03  -5.07731E-04  -4.54494E-03  -4.13877E-03  -4.71119E-04  -1.12627E-03   3.32385E-03   2.81288E-03   1.57596E-03   1.89410E-03  -1.94790E-03  -1.52716E-03  -1.90422E-03  -2.04490E-03   7.64712E-04   4.79779E-04   1.70120E-03   1.81080E-03   6.66967E-05   2.57884E-04  -1.21137E-03  -1.39420E-03  -5.05666E-04  -7.09645E-04   6.45231E-04   9.35047E-04   5.94582E-04   9.52899E-04  -1.55359E-04  -4.76110E-04  -4.05285E-04  -9.56519E-04  -1.03932E-04   4.73788E-04   1.92062E-04
 8.02900E+02  -5.49255E-03  -8.02403E-03  -6.41691E-03   4.34825E-03   2.71618E-03   5.65288E-03   4.87830E-03  -1.53511E-03  -6.30765E-04  -4.45365E-03  -4.08699E-03  -3.04821E-04  -9.83332E-04   3.31303E-03   2.82931E-03   1.40871E-03   1.77203E-03  -2.01277E-03  -1.59249E-03  -1.77378E-03  -1.96599E-03   8.82391E-04   5.65759E-04   1.62918E-03   1.77877E-03  -7.39970E-05   1.77507E-04  -1.20337E-03  -1.39799E-03  -3.70421E-04  -6.51512E-04   6.94480E-04   9.55976E-04   4.87098E-04   9.21327E-04  -2.48310E-04  -4.94707E-04  -3.43912E-04  -9.42975E-04   1.70442E-06   4.77323E-04   1.34841E-04
 8.08700E+02  -5.47688E-03  -7.85218E-03  -6.25159E-03   4.39482E-03   2.78851E-03   5.50278E-03   4.76209E-03  -1.64951E-03  -7.49803E-04  -4.35982E-03  -4.02646E-03  -1.41826E-04  -8.40870E-04   3.29752E-03   2.83537E-03   1.24282E-03   1.64562E-03  -2.07197E-03  -1.64836E-03  -1.64231E-03  -1.87805E-03   9.94815E-04   6.45697E-04   1.55412E-03   1.73449E-03  -2.10836E-04   9.80033E-05  -1.19127E-03  -1.38872E-03  -2.37349E-04  -5.88547E-04   7.39559E-04   9.65662E-04   3.80455E-04   8.79862E-04  -3.37581E-04  -5.06555E-04  -2.82658E-04  -9.17753E-04   1.04375E-04   4.74438E-04   7.85829E-05
 8.14600E+02  -5.45662E-03  -7.68181E-03  -6.08361E-03   4.43726E-03   2.85561E-03   5.35268E-03   4.64061E-03  -1.75933E-03  -8.64907E-04  -4.26369E-03  -3.95748E-03   1.68988E-05  -6.98975E-04   3.27713E-03   2.83135E-03   1.07932E-03   1.51511E-03  -2.12486E-03  -1.69497E-03  -1.51066E-03  -1.78142E-03   1.10090E-03   7.19648E-04   1.47652E-03   1.67837E-03  -3.42417E-04   1.94857E-05  -1.17503E-03  -1.36677E-03  -1.07931E-04  -5.21012E-04   7.79795E-04   9.64408E-04   2.75928E-04   8.28883E-04  -4.21935E-04  -5.11825E-04  -2.22293E-04  -8.81254E-04   2.02649E-04   4.65330E-04   2.40553E-05
 8.20500E+02  -5.43254E-03  -7.51620E-03  -5.91614E-03   4.47443E-03   2.91672E-03   5.20545E-03   4.51639E-03  -1.86220E-03  -9.74358E-04  -4.16707E-03  -3.88187E-03   1.67967E-04  -5.60106E-04   3.25214E-03   2.81801E-03   9.21774E-04   1.38310E-03  -2.17010E-03  -1.73209E-03  -1.38180E-03  -1.67844E-03   1.19801E-03   7.86648E-04   1.39817E-03   1.61223E-03  -4.65394E-04  -5.66456E-05  -1.15496E-03  -1.33339E-03   1.44171E-05  -4.50492E-04   8.14008E-04   9.52968E-04   1.76374E-04   7.70004E-04  -4.98943E-04  -5.10859E-04  -1.64501E-04  -8.34944E-04   2.93675E-04   4.50596E-04  -2.71700E-05
 8.26400E+02  -5.40520E-03  -7.35549E-03  -5.74957E-03   4.50613E-03   2.97242E-03   5.06124E-03   4.39005E-03  -1.95786E-03  -1.07852E-03  -4.07010E-03  -3.80051E-03   3.11004E-04  -4.24279E-04   3.22256E-03   2.79633E-03   7.70681E-04   1.25009E-03  -2.20751E-03  -1.76056E-03  -1.25627E-03  -1.57004E-03   1.28569E-03   8.47179E-04   1.31946E-03   1.53728E-03  -5.79024E-04  -1.30359E-04  -1.13116E-03  -1.28986E-03   1.28819E-04  -3.77562E-04   8.41903E-04   9.32423E-04   8.25984E-05   7.04278E-04  -5.67917E-04  -5.04298E-04  -1.09788E-04  -7.80028E-04   3.76605E-04   4.30877E-04  -7.46147E-05
 8.32400E+02  -5.37464E-03  -7.19713E-03  -5.58156E-03   4.53266E-03   3.02407E-03   4.91775E-03   4.26004E-03  -2.04763E-03  -1.17939E-03  -3.97120E-03  -3.71280E-03   4.47997E-04  -2.89325E-04   3.18782E-03   2.76675E-03   6.23995E-04   1.11435E-03  -2.23739E-03  -1.78153E-03  -1.13242E-03  -1.45526E-03   1.36482E-03   9.02584E-04   1.23936E-03   1.45334E-03  -6.84416E-04  -2.02787E-04  -1.10321E-03  -1.23653E-03   2.36317E-04  -3.01556E-04   8.63565E-04   9.03334E-04  -6.19022E-06   6.31545E-04  -6.29272E-04  -4.92565E-04  -5.77145E-05  -7.16645E-04   4.51956E-04   4.06395E-04  -1.18600E-04
 8.38400E+02  -5.34188E-03  -7.04382E-03  -5.41541E-03   4.55342E-03   3.07122E-03   4.77742E-03   4.12916E-03  -2.12981E-03  -1.27547E-03  -3.87204E-03  -3.62103E-03   5.76366E-04  -1.57664E-04   3.14840E-03   2.73060E-03   4.84525E-04   9.78727E-04  -2.25897E-03  -1.79529E-03  -1.01266E-03  -1.33695E-03   1.43359E-03   9.52245E-04   1.15943E-03   1.36293E-03  -7.79165E-04  -2.72575E-04  -1.07156E-03  -1.17544E-03   3.34399E-04  -2.24356E-04   8.78311E-04   8.67142E-04  -8.78680E-05   5.54033E-04  -6.81367E-04  -4.76417E-04  -9.54505E-06  -6.46991E-04   5.17743E-04   3.78148E-04  -1.57997E-04
 8.44400E+02  -5.30745E-03  -6.89539E-03  -5.25155E-03   4.56851E-03   3.11438E-03   4.64014E-03   3.99807E-03  -2.20451E-03  -1.36703E-03  -3.77261E-03  -3.52608E-03   6.96167E-04  -2.94241E-05   3.10433E-03   2.68885E-03   3.52319E-04   8.43826E-04  -2.27227E-03  -1.80266E-03  -8.97125E-04  -1.21613E-03   1.49193E-03   9.96586E-04   1.07983E-03   1.26739E-03  -8.63051E-04  -3.39611E-04  -1.03630E-03  -1.10793E-03   4.22755E-04  -1.46639E-04   8.86064E-04   8.24991E-04  -1.62119E-04   4.72914E-04  -7.23955E-04  -4.56533E-04   3.45132E-05  -5.72391E-04   5.73641E-04   3.46832E-04  -1.92615E-04
 8.50500E+02  -5.27118E-03  -6.74921E-03  -5.08777E-03   4.57823E-03   3.15458E-03   4.50352E-03   3.86520E-03  -2.27297E-03  -1.45571E-03  -3.67117E-03  -3.42717E-03   8.09363E-04   9.72861E-05   3.05483E-03   2.64159E-03   2.25270E-04   7.08041E-04  -2.27738E-03  -1.80435E-03  -7.84033E-04  -1.09179E-03   1.54058E-03   1.03659E-03   9.99328E-04   1.16628E-03  -9.37144E-04  -4.04802E-04  -9.96814E-04  -1.03408E-03   5.02472E-04  -6.77967E-05   8.86780E-04   7.77165E-04  -2.29827E-04   3.87932E-04  -7.57403E-04  -4.33158E-04   7.49718E-05  -4.92815E-04   6.20172E-04   3.12546E-04  -2.22808E-04
 8.56700E+02  -5.23344E-03  -6.60518E-03  -4.92460E-03   4.58255E-03   3.19202E-03   4.36745E-03   3.73117E-03  -2.33514E-03  -1.54148E-03  -3.56764E-03  -3.32499E-03   9.15827E-04   2.22088E-04   2.99973E-03   2.58946E-03   1.03541E-04   5.72085E-04  -2.27407E-03  -1.80079E-03  -6.73524E-04  -9.64898E-04   1.57917E-03   1.07235E-03   9.17983E-04   1.06073E-03  -1.00099E-03  -4.67825E-04  -9.53018E-04  -9.54955E-04   5.73071E-04   1.14414E-05   8.80181E-04   7.24537E-04  -2.90572E-04   3.00159E-04  -7.81257E-04  -4.06799E-04   1.11578E-04  -4.09423E-04   6.56824E-04   2.75865E-04  -2.48310E-04
 8.62900E+02  -5.19511E-03  -6.46532E-03  -4.76510E-03   4.58162E-03   3.22630E-03   4.23392E-03   3.59870E-03  -2.39021E-03  -1.62295E-03  -3.46357E-03  -3.22189E-03   1.01403E-03   3.42649E-04   2.93992E-03   2.53397E-03  -1.10206E-05   4.38835E-04  -2.26240E-03  -1.79254E-03  -5.67346E-04  -8.38497E-04   1.60710E-03   1.10344E-03   8.37124E-04   9.53610E-04  -1.05352E-03  -5.27379E-04  -9.05639E-04  -8.72995E-04   6.33329E-04   8.90573E-05   8.66356E-04   6.68922E-04  -3.43273E-04   2.12144E-04  -7.95055E-04  -3.78445E-04   1.43670E-04  -3.24800E-04   6.82896E-04   2.38006E-04  -2.68641E-04
 8.69100E+02  -5.15640E-03  -6.32920E-03  -4.60956E-03   4.57582E-03   3.25762E-03   4.10263E-03   3.46822E-03  -2.43861E-03  -1.70017E-03  -3.35887E-03  -3.11848E-03   1.10442E-03   4.58724E-04   2.87553E-03   2.47580E-03  -1.18778E-04   3.08901E-04  -2.24269E-03  -1.78012E-03  -4.65301E-04  -7.13529E-04   1.62475E-03   1.13006E-03   7.56736E-04   8.46066E-04  -1.09510E-03  -5.83236E-04  -8.54809E-04  -7.89368E-04   6.83542E-04   1.64355E-04   8.45541E-04   6.11301E-04  -3.88134E-04   1.24994E-04  -7.99089E-04  -3.48674E-04   1.71349E-04  -2.40173E-04   6.98677E-04   1.99595E-04  -2.83933E-04
 8.75400E+02  -5.11680E-03  -6.19430E-03  -4.45578E-03   4.56536E-03   3.28652E-03   3.97123E-03   3.33804E-03  -2.48143E-03  -1.77430E-03  -3.25177E-03  -3.01362E-03   1.18879E-03   5.71811E-04   2.80560E-03   2.41451E-03  -2.21716E-04   1.80857E-04  -2.21480E-03  -1.76367E-03  -3.65615E-04  -5.88906E-04   1.63262E-03   1.15270E-03   6.75511E-04   7.37431E-04  -1.12662E-03  -6.35952E-04  -7.99795E-04  -7.03776E-04   7.24684E-04   2.37807E-04   8.17544E-04   5.51606E-04  -4.25987E-04   3.83879E-05  -7.93597E-04  -3.17509E-04   1.95115E-04  -1.55348E-04   7.04586E-04   1.60593E-04  -2.94505E-04
 8.81700E+02  -5.07693E-03  -6.06241E-03  -4.30645E-03   4.55072E-03   3.31250E-03   3.84157E-03   3.21059E-03  -2.51833E-03  -1.84398E-03  -3.14390E-03  -2.90940E-03   1.26615E-03   6.79725E-04   2.73135E-03   2.35148E-03  -3.18478E-04   5.73865E-05  -2.17941E-03  -1.74371E-03  -2.69723E-04  -4.67476E-04   1.63090E-03   1.17097E-03   5.94740E-04   6.30424E-04  -1.14789E-03  -6.84327E-04  -7.41600E-04  -6.18548E-04   7.56370E-04   3.07522E-04   7.83035E-04   4.91584E-04  -4.56421E-04  -4.52618E-05  -7.78952E-04  -2.85907E-04   2.14690E-04  -7.27843E-05   7.00820E-04   1.22164E-04  -3.00321E-04
 8.88100E+02  -5.03608E-03  -5.93114E-03  -4.15937E-03   4.53202E-03   3.33586E-03   3.71142E-03   3.08409E-03  -2.55028E-03  -1.91012E-03  -3.03353E-03  -2.80450E-03   1.33811E-03   7.83773E-04   2.65178E-03   2.28603E-03  -4.10895E-04  -6.28358E-05  -2.13629E-03  -1.72010E-03  -1.75956E-04  -3.48144E-04   1.61998E-03   1.18510E-03   5.13164E-04   5.24280E-04  -1.15965E-03  -7.28743E-04  -6.79486E-04  -5.33239E-04   7.79462E-04   3.73890E-04   7.41781E-04   4.31027E-04  -4.80189E-04  -1.26279E-04  -7.55327E-04  -2.53799E-04   2.30531E-04   7.75807E-06   6.87729E-04   8.42186E-05  -3.01664E-04
 8.94500E+02  -4.99474E-03  -5.80226E-03  -4.01697E-03   4.50988E-03   3.35607E-03   3.58267E-03   2.96074E-03  -2.57713E-03  -1.97143E-03  -2.92242E-03  -2.70084E-03   1.40392E-03   8.81920E-04   2.56835E-03   2.21942E-03  -4.97806E-04  -1.77334E-04  -2.08651E-03  -1.69332E-03  -8.56538E-05  -2.33535E-04   1.60050E-03   1.19476E-03   4.32121E-04   4.21507E-04  -1.16222E-03  -7.68114E-04  -6.14666E-04  -4.50003E-04   7.94033E-04   4.35190E-04   6.94822E-04   3.71550E-04  -4.97248E-04  -2.02458E-04  -7.23598E-04  -2.22072E-04   2.42570E-04   8.40277E-05   6.66038E-04   4.78262E-05  -2.98750E-04
 9.00900E+02  -4.95268E-03  -5.67552E-03  -3.87920E-03   4.48473E-03   3.37297E-03   3.45520E-03   2.84058E-03  -2.59936E-03  -2.02777E-03  -2.81066E-03  -2.59854E-03   1.46407E-03   9.73911E-04   2.48146E-03   2.15183E-03  -5.79597E-04  -2.85691E-04  -2.03067E-03  -1.66351E-03   1.35776E-06  -1.24226E-04   1.57319E-03   1.19991E-03   3.51702E-04   3.22781E-04  -1.15636E-03  -8.02176E-04  -5.47506E-04  -3.69518E-04   8.00769E-04   4.90904E-04   6.42760E-04   3.13721E-04  -5.08125E-04  -2.73054E-04  -6.84550E-04  -1.91061E-04   2.51100E-04   1.55222E-04   6.36553E-04   1.33812E-05  -2.91959E-04
 9.07400E+02  -4.90900E-03  -5.54884E-03  -3.74391E-03   4.45645E-03   3.38657E-03   3.32702E-03   2.72183E-03  -2.61763E-03  -2.07972E-03  -2.69668E-03  -2.49613E-03   1.51983E-03   1.06080E-03   2.39009E-03   2.08230E-03  -6.57770E-04  -3.89096E-04  -1.96840E-03  -1.63018E-03   8.64874E-05  -1.91273E-05   1.53824E-03   1.20048E-03   2.70813E-04   2.27234E-04  -1.14258E-03  -8.31092E-04  -4.77329E-04  -2.91174E-04   8.00319E-04   5.41310E-04   5.85337E-04   2.57163E-04  -5.13407E-04  -3.38385E-04  -6.38269E-04  -1.60583E-04   2.56483E-04   2.21631E-04   5.99520E-04  -1.92656E-05  -2.81503E-04
 9.14000E+02  -4.86336E-03  -5.42220E-03  -3.61120E-03   4.42527E-03   3.39653E-03   3.19825E-03   2.60459E-03  -2.63217E-03  -2.12691E-03  -2.58068E-03  -2.39371E-03   1.57138E-03   1.14210E-03   2.29460E-03   2.01086E-03  -7.32396E-04  -4.86938E-04  -1.90017E-03  -1.59327E-03   1.69659E-04   8.10754E-05   1.49615E-03   1.19619E-03   1.89695E-04   1.35575E-04  -1.12139E-03  -8.54385E-04  -4.04537E-04  -2.15621E-04   7.93115E-04   5.85727E-04   5.23095E-04   2.02391E-04  -5.13421E-04  -3.97595E-04  -5.85400E-04  -1.30930E-04   2.58895E-04   2.82380E-04   5.55582E-04  -4.97121E-05  -2.67666E-04
 9.20600E+02  -4.81618E-03  -5.29758E-03  -3.48300E-03   4.39190E-03   3.40243E-03   3.07099E-03   2.49063E-03  -2.64303E-03  -2.16834E-03  -2.46473E-03  -2.29284E-03   1.61819E-03   1.21625E-03   2.19693E-03   1.93861E-03  -8.02475E-04  -5.77352E-04  -1.82764E-03  -1.55327E-03   2.49554E-04   1.74401E-04   1.44826E-03   1.18697E-03   1.09864E-04   4.96931E-05  -1.09381E-03  -8.71401E-04  -3.30749E-04  -1.44486E-04   7.79897E-04   6.23022E-04   4.57691E-04   1.50628E-04  -5.08648E-04  -4.49183E-04  -5.27615E-04  -1.02777E-04   2.58565E-04   3.35920E-04   5.06283E-04  -7.72014E-05  -2.51048E-04
 9.27200E+02  -4.76719E-03  -5.17507E-03  -3.35914E-03   4.35660E-03   3.40412E-03   2.94543E-03   2.37986E-03  -2.65051E-03  -2.20395E-03  -2.34919E-03  -2.19348E-03   1.66056E-03   1.28318E-03   2.09766E-03   1.86556E-03  -8.68185E-04  -6.60199E-04  -1.75158E-03  -1.51022E-03   3.26132E-04   2.60639E-04   1.39546E-03   1.17280E-03   3.16263E-05  -3.01399E-05  -1.06072E-03  -8.82042E-04  -2.56550E-04  -7.80564E-05   7.61441E-04   6.52986E-04   3.89962E-04   1.02124E-04  -4.99686E-04  -4.92837E-04  -4.65948E-04  -7.62732E-05   2.55824E-04   3.81910E-04   4.52668E-04  -1.01562E-04  -2.32123E-04
 9.33900E+02  -4.71543E-03  -5.05300E-03  -3.23766E-03   4.31900E-03   3.40144E-03   2.81999E-03   2.27053E-03  -2.65493E-03  -2.23411E-03  -2.23273E-03  -2.09411E-03   1.69930E-03   1.34374E-03   1.99586E-03   1.79060E-03  -9.30544E-04  -7.36512E-04  -1.67153E-03  -1.46345E-03   4.00387E-04   3.40819E-04   1.33769E-03   1.15338E-03  -4.58091E-05  -1.04826E-04  -1.02237E-03  -8.86298E-04  -1.81438E-04  -1.56277E-05   7.38126E-04   6.75800E-04   3.19702E-04   5.63921E-05  -4.86900E-04  -5.28856E-04  -4.00443E-04  -5.11632E-05   2.50903E-04   4.20662E-04   3.94900E-04  -1.22981E-04  -2.11034E-04
 9.40700E+02  -4.66066E-03  -4.93170E-03  -3.11854E-03   4.27919E-03   3.39417E-03   2.69506E-03   2.16268E-03  -2.65637E-03  -2.25858E-03  -2.11582E-03  -1.99474E-03   1.73440E-03   1.39764E-03   1.89212E-03   1.71372E-03  -9.89431E-04  -8.05983E-04  -1.58818E-03  -1.41290E-03   4.72022E-04   4.14598E-04   1.27567E-03   1.12858E-03  -1.21954E-04  -1.74007E-04  -9.79413E-04  -8.83932E-04  -1.06087E-04   4.24691E-05   7.10520E-04   6.91130E-04   2.47750E-04   1.36977E-05  -4.70720E-04  -5.56816E-04  -3.32064E-04  -2.75969E-05   2.44033E-04   4.51743E-04   3.33931E-04  -1.41256E-04  -1.88186E-04
 9.47500E+02  -4.60355E-03  -4.81328E-03  -3.00346E-03   4.23786E-03   3.38236E-03   2.57290E-03   2.05783E-03  -2.65494E-03  -2.27700E-03  -2.00070E-03  -1.89680E-03   1.76543E-03   1.44409E-03   1.78862E-03   1.63608E-03  -1.04391E-03  -8.67551E-04  -1.50347E-03  -1.35934E-03   5.39727E-04   4.80808E-04   1.21107E-03   1.09879E-03  -1.95215E-04  -2.36549E-04  -9.33241E-04  -8.74980E-04  -3.23005E-05   9.52466E-05   6.79690E-04   6.98700E-04   1.76052E-04  -2.52126E-05  -4.51884E-04  -5.76205E-04  -2.62859E-04  -5.99407E-06   2.35588E-04   4.74579E-04   2.71691E-04  -1.56052E-04  -1.64364E-04
 9.54300E+02  -4.54412E-03  -4.69801E-03  -2.89224E-03   4.19512E-03   3.36612E-03   2.45386E-03   1.95587E-03  -2.65079E-03  -2.28956E-03  -1.88782E-03  -1.80029E-03   1.79250E-03   1.48333E-03   1.68595E-03   1.55774E-03  -1.09399E-03  -9.21443E-04  -1.41815E-03  -1.30295E-03   6.03312E-04   5.39629E-04   1.14472E-03   1.06423E-03  -2.65170E-04  -2.92572E-04  -8.84651E-04  -8.59683E-04   3.92645E-05   1.42770E-04   6.46336E-04   6.98748E-04   1.05478E-04  -6.03653E-05  -4.30929E-04  -5.87249E-04  -1.93865E-04   1.36495E-05   2.25862E-04   4.89366E-04   2.09217E-04  -1.67436E-04  -1.40026E-04
 9.61200E+02  -4.48153E-03  -4.58457E-03  -2.78318E-03   4.15037E-03   3.34532E-03   2.33661E-03   1.85527E-03  -2.64392E-03  -2.29659E-03  -1.77603E-03  -1.70379E-03   1.81602E-03   1.51609E-03   1.58324E-03   1.47766E-03  -1.14027E-03  -9.68596E-04  -1.33166E-03  -1.24306E-03   6.63418E-04   5.92033E-04   1.07635E-03   1.02459E-03  -3.32358E-04  -3.42959E-04  -8.33621E-04  -8.38010E-04   1.08974E-04   1.85760E-04   6.10571E-04   6.91460E-04   3.58495E-05  -9.22779E-05  -4.08003E-04  -5.90282E-04  -1.25067E-04   3.16146E-05   2.14960E-04   4.96471E-04   1.46575E-04  -1.75624E-04  -1.15239E-04
 9.68100E+02  -4.41680E-03  -4.47494E-03  -2.67782E-03   4.10430E-03   3.32046E-03   2.22326E-03   1.75747E-03  -2.63449E-03  -2.29820E-03  -1.66740E-03  -1.60877E-03   1.83564E-03   1.54215E-03   1.48252E-03   1.39713E-03  -1.18196E-03  -1.00855E-03  -1.24591E-03  -1.18072E-03   7.18883E-04   6.37445E-04   1.00764E-03   9.80683E-04  -3.95334E-04  -3.87117E-04  -7.81537E-04  -8.10561E-04   1.75161E-04   2.23684E-04   5.73472E-04   6.77239E-04  -3.10068E-05  -1.20539E-04  -3.83865E-04  -5.85554E-04  -5.84056E-05   4.76600E-05   2.03269E-04   4.96063E-04   8.56064E-05  -1.80597E-04  -9.07609E-05
 9.75100E+02  -4.34918E-03  -4.36784E-03  -2.57460E-03   4.05626E-03   3.29143E-03   2.11254E-03   1.66108E-03  -2.62239E-03  -2.29473E-03  -1.56081E-03  -1.51393E-03   1.85161E-03   1.56221E-03   1.38287E-03   1.31516E-03  -1.21953E-03  -1.04220E-03  -1.16022E-03  -1.11531E-03   7.70232E-04   6.76788E-04   9.38203E-04   9.32221E-04  -4.54559E-04  -4.25893E-04  -7.28243E-04  -7.77317E-04   2.38167E-04   2.57240E-04   5.35023E-04   6.56283E-04  -9.52900E-05  -1.45653E-04  -3.58557E-04  -5.73418E-04   6.19642E-06   6.20620E-05   1.90834E-04   4.88526E-04   2.63043E-05  -1.82574E-04  -6.66126E-05
 9.82200E+02  -4.27887E-03  -4.26365E-03  -2.47362E-03   4.00623E-03   3.25848E-03   2.00488E-03   1.56617E-03  -2.60759E-03  -2.28643E-03  -1.45670E-03  -1.41942E-03   1.86384E-03   1.57650E-03   1.28481E-03   1.23197E-03  -1.25277E-03  -1.06976E-03  -1.07519E-03  -1.04710E-03   8.17101E-04   7.10247E-04   8.68618E-04   8.79523E-04  -5.09519E-04  -4.59428E-04  -6.74272E-04  -7.38632E-04   2.97331E-04   2.86525E-04   4.95679E-04   6.28962E-04  -1.56214E-04  -1.67683E-04  -3.32423E-04  -5.54249E-04   6.78531E-05   7.48454E-05   1.77838E-04   4.74213E-04  -3.04665E-05  -1.81687E-04  -4.31549E-05
 9.89300E+02  -4.20718E-03  -4.16404E-03  -2.37629E-03   3.95494E-03   3.22246E-03   1.90204E-03   1.47413E-03  -2.59033E-03  -2.27383E-03  -1.35687E-03  -1.32671E-03   1.87215E-03   1.58528E-03   1.19013E-03   1.14899E-03  -1.28109E-03  -1.09126E-03  -9.92452E-04  -9.77430E-04   8.58611E-04   7.37729E-04   8.00350E-04   8.23797E-04  -5.59083E-04  -4.87565E-04  -6.20861E-04  -6.95589E-04   3.51321E-04   3.11369E-04   4.56412E-04   5.96249E-04  -2.12297E-04  -1.86484E-04  -3.06149E-04  -5.28940E-04   1.24975E-04   8.59108E-05   1.64635E-04   4.53913E-04  -8.31935E-05  -1.78176E-04  -2.10230E-05
 9.96400E+02  -4.13445E-03  -4.06909E-03  -2.28258E-03   3.90242E-03   3.18383E-03   1.80411E-03   1.38497E-03  -2.57070E-03  -2.25746E-03  -1.26147E-03  -1.23594E-03   1.87660E-03   1.58911E-03   1.09905E-03   1.06650E-03  -1.30453E-03  -1.10729E-03  -9.12339E-04  -9.06726E-04   8.94700E-04   7.59764E-04   7.33776E-04   7.65609E-04  -6.03070E-04  -5.10756E-04  -5.68392E-04  -6.48864E-04   3.99832E-04   3.32129E-04   4.17568E-04   5.58900E-04  -2.63121E-04  -2.02307E-04  -2.80006E-04  -4.98303E-04   1.77050E-04   9.53847E-05   1.51376E-04   4.28403E-04  -1.31361E-04  -1.72353E-04  -4.46175E-07
 1.00360E+03  -4.06002E-03  -3.97752E-03  -2.19123E-03   3.84796E-03   3.14248E-03   1.70985E-03   1.29751E-03  -2.54845E-03  -2.23754E-03  -1.16931E-03  -1.14601E-03   1.87729E-03   1.58854E-03   1.01054E-03   9.83652E-04  -1.32339E-03  -1.11854E-03  -8.34015E-04  -8.34427E-04   9.25753E-04   7.77086E-04   6.68284E-04   7.04683E-04  -6.41874E-04  -5.29689E-04  -5.16456E-04  -5.98427E-04   4.43218E-04   3.49380E-04   3.78893E-04   5.17084E-04  -3.08978E-04  -2.15573E-04  -2.53850E-04  -4.62649E-04   2.24313E-04   1.03498E-04   1.37997E-04   3.98028E-04  -1.75151E-04  -1.64412E-04   1.86516E-05
 1.01090E+03  -3.98420E-03  -3.88947E-03  -2.10237E-03   3.79158E-03   3.09877E-03   1.61938E-03   1.21192E-03  -2.52359E-03  -2.21447E-03  -1.08058E-03  -1.05718E-03   1.87417E-03   1.58395E-03   9.24822E-04   9.00797E-04  -1.33755E-03  -1.12537E-03  -7.57758E-04  -7.60983E-04   9.51584E-04   7.90026E-04   6.04171E-04   6.41552E-04  -6.75219E-04  -5.44639E-04  -4.65340E-04  -5.44885E-04   4.81113E-04   3.63335E-04   3.40641E-04   4.71457E-04  -3.49423E-04  -2.26434E-04  -2.27877E-04  -4.22671E-04   2.66259E-04   1.10323E-04   1.24604E-04   3.63447E-04  -2.14067E-04  -1.54604E-04   3.60626E-05
 1.01820E+03  -3.90837E-03  -3.80608E-03  -2.01730E-03   3.73409E-03   3.05373E-03   1.53394E-03   1.12947E-03  -2.49653E-03  -2.18901E-03  -9.96522E-04  -9.70866E-04   1.86736E-03   1.57588E-03   8.43169E-04   8.19413E-04  -1.34688E-03  -1.12815E-03  -6.84755E-04  -6.87869E-04   9.71827E-04   7.98831E-04   5.42500E-04   5.77666E-04  -7.02568E-04  -5.55767E-04  -4.15944E-04  -4.89650E-04   5.12843E-04   3.74095E-04   3.03520E-04   4.23396E-04  -3.83680E-04  -2.34944E-04  -2.02588E-04  -3.79722E-04   3.02037E-04   1.15868E-04   1.11462E-04   3.25903E-04  -2.47296E-04  -1.43366E-04   5.14237E-05
 1.02550E+03  -3.83283E-03  -3.72717E-03  -1.93603E-03   3.67560E-03   3.00774E-03   1.45333E-03   1.05023E-03  -2.46740E-03  -2.16162E-03  -9.17003E-04  -8.87249E-04   1.85703E-03   1.56484E-03   7.65513E-04   7.39811E-04  -1.35154E-03  -1.12741E-03  -6.15015E-04  -6.15543E-04   9.86639E-04   8.03984E-04   4.83337E-04   5.13616E-04  -7.24034E-04  -5.63495E-04  -3.68369E-04  -4.33424E-04   5.38469E-04   3.81997E-04   2.67642E-04   3.73693E-04  -4.11759E-04  -2.41348E-04  -1.78079E-04  -3.34656E-04   3.31611E-04   1.20255E-04   9.86275E-05   2.86214E-04  -2.74784E-04  -1.31020E-04   6.46962E-05
 1.03290E+03  -3.75679E-03  -3.65152E-03  -1.85752E-03   3.61537E-03   2.96051E-03   1.37633E-03   9.73215E-04  -2.43589E-03  -2.13229E-03  -8.40845E-04  -8.05400E-04   1.84317E-03   1.55108E-03   6.90756E-04   6.61241E-04  -1.35172E-03  -1.12353E-03  -5.47603E-04  -5.43471E-04   9.96322E-04   8.05928E-04   4.25935E-04   4.49091E-04  -7.39972E-04  -5.68250E-04  -3.22053E-04  -3.76098E-04   5.58359E-04   3.87408E-04   2.32609E-04   3.22398E-04  -4.34017E-04  -2.45918E-04  -1.54093E-04  -2.87642E-04   3.55329E-04   1.23634E-04   8.59724E-05   2.44587E-04  -2.96839E-04  -1.17689E-04   7.60215E-05
 1.04040E+03  -3.68047E-03  -3.57904E-03  -1.78196E-03   3.55348E-03   2.91232E-03   1.30286E-03   8.98630E-04  -2.40208E-03  -2.10134E-03  -7.68007E-04  -7.25599E-04   1.82584E-03   1.53492E-03   6.18899E-04   5.84080E-04  -1.34750E-03  -1.11681E-03  -4.82561E-04  -4.72130E-04   1.00092E-03   8.04940E-04   3.70366E-04   3.84658E-04  -7.50394E-04  -5.70271E-04  -2.77083E-04  -3.18314E-04   5.72488E-04   3.90516E-04   1.98508E-04   2.70213E-04  -4.50398E-04  -2.48786E-04  -1.30701E-04  -2.39425E-04   3.73105E-04   1.26069E-04   7.35382E-05   2.01734E-04  -3.13366E-04  -1.03642E-04   8.53537E-05
 1.04790E+03  -3.60506E-03  -3.51050E-03  -1.71042E-03   3.49089E-03   2.86404E-03   1.23372E-03   8.27586E-04  -2.36657E-03  -2.06945E-03  -6.99303E-04  -6.49120E-04   1.80548E-03   1.51688E-03   5.50790E-04   5.09675E-04  -1.33913E-03  -1.10767E-03  -4.20696E-04  -4.02897E-04   1.00058E-03   8.01336E-04   3.17357E-04   3.21704E-04  -7.55354E-04  -5.69795E-04  -2.34077E-04  -2.61457E-04   5.80839E-04   3.91495E-04   1.65827E-04   2.18517E-04  -4.60832E-04  -2.50071E-04  -1.08249E-04  -1.91382E-04   3.84833E-04   1.27603E-04   6.15148E-05   1.58928E-04  -3.24261E-04  -8.93354E-05   9.25996E-05
 1.05540E+03  -3.53065E-03  -3.44564E-03  -1.64292E-03   3.42774E-03   2.81586E-03   1.16863E-03   7.60128E-04  -2.32955E-03  -2.03689E-03  -6.34483E-04  -5.76092E-04   1.78234E-03   1.49727E-03   4.86229E-04   4.38262E-04  -1.32693E-03  -1.09643E-03  -3.61866E-04  -3.36124E-04   9.95651E-04   7.95429E-04   2.66821E-04   2.60684E-04  -7.55203E-04  -5.67103E-04  -1.92990E-04  -2.06076E-04   5.83763E-04   3.90572E-04   1.34551E-04   1.67929E-04  -4.65658E-04  -2.49937E-04  -8.67382E-05  -1.44186E-04   3.90843E-04   1.28317E-04   4.99106E-05   1.16818E-04  -3.29824E-04  -7.50227E-05   9.78610E-05
 1.06310E+03  -3.45533E-03  -3.38262E-03  -1.57780E-03   3.36247E-03   2.76664E-03   1.10573E-03   6.94634E-04  -2.29018E-03  -2.00297E-03  -5.71720E-04  -5.04818E-04   1.75599E-03   1.47576E-03   4.23426E-04   3.68272E-04  -1.31078E-03  -1.08298E-03  -3.04468E-04  -2.70447E-04   9.86195E-04   7.87244E-04   2.17404E-04   2.00470E-04  -7.50140E-04  -5.62281E-04  -1.52744E-04  -1.51259E-04   5.81529E-04   3.87851E-04   1.03873E-04   1.17721E-04  -4.65192E-04  -2.48473E-04  -6.56214E-05  -9.72387E-05   3.91474E-04   1.28274E-04   3.84365E-05   7.49106E-05  -3.30367E-04  -6.05566E-05   1.01328E-04
 1.07070E+03  -3.38207E-03  -3.32371E-03  -1.51767E-03   3.29780E-03   2.71839E-03   1.04730E-03   6.33751E-04  -2.25019E-03  -1.96914E-03  -5.13290E-04  -4.38234E-04   1.72772E-03   1.45338E-03   3.64693E-04   3.02670E-04  -1.29161E-03  -1.06804E-03  -2.50644E-04  -2.08750E-04   9.72913E-04   7.77288E-04   1.70977E-04   1.43811E-04  -7.40704E-04  -5.55688E-04  -1.14881E-04  -9.96148E-05   5.74575E-04   3.83577E-04   7.49831E-05   7.03775E-05  -4.59799E-04  -2.45837E-04  -4.57243E-05  -5.29395E-05   3.87050E-04   1.27522E-04   2.75489E-05   3.53865E-05  -3.26190E-04  -4.67080E-05   1.02976E-04
 1.07850E+03  -3.30797E-03  -3.26647E-03  -1.46022E-03   3.23136E-03   2.66927E-03   9.90874E-04   5.75151E-04  -2.20823E-03  -1.93420E-03  -4.56729E-04  -3.73847E-04   1.69670E-03   1.42939E-03   3.07582E-04   2.39075E-04  -1.26898E-03  -1.05119E-03  -1.98176E-04  -1.48882E-04   9.55649E-04   7.65332E-04   1.25647E-04   8.88326E-05  -7.26912E-04  -5.47209E-04  -7.78757E-05  -4.95325E-05   5.63027E-04   3.77703E-04   4.67301E-05   2.45082E-05  -4.49678E-04  -2.42014E-04  -2.62618E-05  -1.00577E-05   3.77812E-04   1.26074E-04   1.68268E-05  -2.81628E-06  -3.17519E-04  -3.31185E-05   1.03003E-04
 1.08630E+03  -3.23491E-03  -3.21229E-03  -1.40702E-03   3.16503E-03   2.62058E-03   9.37825E-04   5.20471E-04  -2.16559E-03  -1.89912E-03  -4.03417E-04  -3.13487E-04   1.66398E-03   1.40450E-03   2.53504E-04   1.79360E-04  -1.24380E-03  -1.03296E-03  -1.48380E-04  -9.26861E-05   9.35170E-04   7.51784E-04   8.25720E-05   3.73103E-05  -7.09461E-04  -5.37154E-04  -4.26885E-05  -2.71633E-06   5.47539E-04   3.70454E-04   1.98581E-05  -1.82472E-05  -4.35452E-04  -2.37157E-04  -7.75268E-06   2.98117E-05   3.64367E-04   1.23990E-04   6.56348E-06  -3.82432E-05  -3.04921E-04  -2.03109E-05   1.01525E-04
 1.09410E+03  -3.16283E-03  -3.16105E-03  -1.35801E-03   3.09902E-03   2.57233E-03   8.87989E-04   4.69669E-04  -2.12252E-03  -1.86397E-03  -3.53177E-04  -2.57152E-04   1.62991E-03   1.37883E-03   2.02309E-04   1.23575E-04  -1.21646E-03  -1.01350E-03  -1.01136E-04  -4.02759E-05   9.11947E-04   7.36790E-04   4.16671E-05  -1.05776E-05  -6.88861E-04  -5.25658E-04  -9.26646E-06   4.06005E-05   5.28647E-04   3.61944E-04  -5.66243E-06  -5.76112E-05  -4.17677E-04  -2.31349E-04   9.81770E-06   6.63585E-05   3.47285E-04   1.21313E-04  -3.23842E-06  -7.05919E-05  -2.88935E-04  -8.40520E-06   9.87277E-05
 1.10200E+03  -3.09077E-03  -3.11206E-03  -1.31258E-03   3.03269E-03   2.52391E-03   8.40657E-04   4.22104E-04  -2.07872E-03  -1.82836E-03  -3.05278E-04  -2.04157E-04   1.59438E-03   1.35213E-03   1.53264E-04   7.10875E-05  -1.18700E-03  -9.92657E-04  -5.57891E-05   8.88645E-06   8.86107E-04   7.20259E-04   2.37993E-06  -5.52607E-05  -6.65307E-04  -5.12668E-04   2.28281E-05   8.07436E-05   5.06595E-04   3.52143E-04  -3.01554E-05  -9.38221E-05  -3.96630E-04  -2.24575E-04   2.66669E-05   9.97579E-05   3.26865E-04   1.18038E-04  -1.26906E-05  -9.99927E-05  -2.69841E-04   2.64226E-06   9.47433E-05
 1.11000E+03  -3.01870E-03  -3.06535E-03  -1.27077E-03   2.96626E-03   2.47536E-03   7.95846E-04   3.77831E-04  -2.03446E-03  -1.79234E-03  -2.59708E-04  -1.54578E-04   1.55771E-03   1.32448E-03   1.06366E-04   2.20109E-05  -1.15577E-03  -9.70499E-04  -1.23477E-05   5.46467E-05   8.58041E-04   7.02261E-04  -3.52658E-05  -9.65424E-05  -6.39219E-04  -4.98246E-04   5.35621E-05   1.17479E-04   4.81827E-04   3.41102E-04  -5.35855E-05  -1.26615E-04  -3.72774E-04  -2.16872E-04   4.27650E-05   1.29722E-04   3.03586E-04   1.14181E-04  -2.17676E-05  -1.26168E-04  -2.48096E-04   1.27283E-05   8.97237E-05
 1.11800E+03  -2.94750E-03  -3.02153E-03  -1.23306E-03   2.90077E-03   2.42730E-03   7.54096E-04   3.37354E-04  -1.99055E-03  -1.75642E-03  -2.16990E-04  -1.08997E-04   1.52068E-03   1.29630E-03   6.21644E-05  -2.30529E-05  -1.12356E-03  -9.47396E-04   2.86681E-05   9.64084E-05   8.28531E-04   6.83113E-04  -7.08053E-05  -1.33846E-04  -6.11393E-04  -4.82656E-04   8.25434E-05   1.50252E-04   4.55152E-04   3.29030E-04  -7.56443E-05  -1.55459E-04  -3.46931E-04  -2.08388E-04   5.78946E-05   1.55735E-04   2.78280E-04   1.09817E-04  -3.03371E-05  -1.48650E-04  -2.24482E-04   2.16692E-05   8.39060E-05
 1.12610E+03  -2.87627E-03  -2.98010E-03  -1.19891E-03   2.83561E-03   2.37918E-03   7.14887E-04   3.00090E-04  -1.94670E-03  -1.72022E-03  -1.76560E-04  -6.67666E-05   1.48316E-03   1.26732E-03   2.00781E-05  -6.47251E-05  -1.09034E-03  -9.23157E-04   6.77840E-05   1.34724E-04   7.97632E-04   6.62669E-04  -1.04680E-04  -1.67637E-04  -5.81940E-04  -4.65790E-04   1.10120E-04   1.79445E-04   4.26730E-04   3.15845E-04  -9.65867E-05  -1.80663E-04  -3.19294E-04  -1.99070E-04   7.22256E-05   1.78055E-04   2.51168E-04   1.04921E-04  -3.84856E-05  -1.67652E-04  -1.99212E-04   2.95436E-05   7.73902E-05
 1.13420E+03  -2.80593E-03  -2.94162E-03  -1.16867E-03   2.77181E-03   2.33166E-03   6.78715E-04   2.66393E-04  -1.90370E-03  -1.68426E-03  -1.38896E-04  -2.82955E-05   1.44592E-03   1.23801E-03  -1.93905E-05  -1.02593E-04  -1.05687E-03  -8.98180E-04   1.04523E-04   1.69200E-04   7.66126E-04   6.41280E-04  -1.36465E-04  -1.97555E-04  -5.51664E-04  -4.47943E-04   1.35932E-04   2.04733E-04   3.97380E-04   3.01785E-04  -1.16131E-04  -2.01934E-04  -2.90700E-04  -1.89085E-04   8.55594E-05   1.96411E-04   2.23098E-04   9.95830E-05  -4.60912E-05  -1.82938E-04  -1.73088E-04   3.62446E-05   7.04224E-05
 1.14240E+03  -2.73565E-03  -2.90568E-03  -1.14184E-03   2.70874E-03   2.28424E-03   6.45151E-04   2.35715E-04  -1.86125E-03  -1.64821E-03  -1.03515E-04   7.03985E-06   1.40879E-03   1.20811E-03  -5.67440E-05  -1.37266E-04  -1.02308E-03  -8.72271E-04   1.39344E-04   2.00393E-04   7.34001E-04   6.18787E-04  -1.66543E-04  -2.24081E-04  -5.20603E-04  -4.28988E-04   1.60278E-04   2.26521E-04   3.67185E-04   2.86750E-04  -1.34493E-04  -2.19614E-04  -2.61265E-04  -1.78366E-04   9.80385E-05   2.11099E-04   1.94214E-04   9.37690E-05  -5.32263E-05  -1.94758E-04  -1.46254E-04   4.18667E-05   6.30744E-05
 1.15060E+03  -2.66637E-03  -2.87277E-03  -1.11864E-03   2.64738E-03   2.23761E-03   6.14620E-04   2.08273E-04  -1.82009E-03  -1.61260E-03  -7.08296E-05   3.89857E-05   1.37249E-03   1.17810E-03  -9.15441E-05  -1.68502E-04  -9.89694E-04  -8.45862E-04   1.71827E-04   2.28090E-04   7.01991E-04   5.95574E-04  -1.94538E-04  -2.47049E-04  -4.89513E-04  -4.09252E-04   1.82843E-04   2.44688E-04   3.36918E-04   2.71004E-04  -1.51425E-04  -2.33621E-04  -2.31780E-04  -1.67101E-04   1.09489E-04   2.22067E-04   1.65319E-04   8.75844E-05  -5.97833E-05  -2.03083E-04  -1.19466E-04   4.63717E-05   5.55810E-05
 1.15890E+03  -2.59736E-03  -2.84253E-03  -1.09864E-03   2.58712E-03   2.19134E-03   5.86752E-04   1.83556E-04  -1.77990E-03  -1.57714E-03  -4.04153E-05   6.81362E-05   1.33682E-03   1.14775E-03  -1.24240E-04  -1.96889E-04  -9.56569E-04  -8.18759E-04   2.02382E-04   2.52835E-04   6.70013E-04   5.71475E-04  -2.20791E-04  -2.66934E-04  -4.58351E-04  -3.88598E-04   2.03888E-04   2.59643E-04   3.06578E-04   2.54439E-04  -1.67114E-04  -2.44307E-04  -2.02275E-04  -1.55213E-04   1.20031E-04   2.29626E-04   1.36473E-04   8.09906E-05  -6.58230E-05  -2.08181E-04  -9.27903E-05   4.98613E-05   4.79838E-05
 1.16730E+03  -2.52875E-03  -2.81505E-03  -1.08176E-03   2.52815E-03   2.14559E-03   5.61594E-04   1.61424E-04  -1.74089E-03  -1.54198E-03  -1.22806E-05   9.46618E-05   1.30199E-03   1.11720E-03  -1.54824E-04  -2.22610E-04  -9.23960E-04  -7.91094E-04   2.30991E-04   2.74808E-04   6.38342E-04   5.46604E-04  -2.45271E-04  -2.83909E-04  -4.27420E-04  -3.67121E-04   2.23372E-04   2.71552E-04   2.76494E-04   2.37130E-04  -1.81517E-04  -2.51832E-04  -1.73107E-04  -1.42758E-04   1.29628E-04   2.33932E-04   1.08051E-04   7.40207E-05  -7.13177E-05  -2.10196E-04  -6.65895E-05   5.23771E-05   4.04022E-05
 1.17570E+03  -2.46150E-03  -2.79068E-03  -1.06803E-03   2.47130E-03   2.10107E-03   5.39415E-04   1.41934E-04  -1.70367E-03  -1.50769E-03   1.32948E-05   1.18489E-04   1.26861E-03   1.08698E-03  -1.82982E-04  -2.45611E-04  -8.92451E-04  -7.63333E-04   2.57348E-04   2.94002E-04   6.07576E-04   5.21383E-04  -2.67703E-04  -2.98028E-04  -3.97336E-04  -3.45186E-04   2.41064E-04   2.80525E-04   2.47298E-04   2.19373E-04  -1.94452E-04  -2.56357E-04  -1.44919E-04  -1.29948E-04   1.38154E-04   2.35186E-04   8.07082E-05   6.67981E-05  -7.61878E-05  -2.09341E-04  -4.14794E-05   5.39598E-05   3.30296E-05
 1.18420E+03  -2.39498E-03  -2.76912E-03  -1.05713E-03   2.41601E-03   2.05742E-03   5.19899E-04   1.24639E-04  -1.66790E-03  -1.47400E-03   3.66895E-05   1.40154E-04   1.23641E-03   1.05686E-03  -2.09118E-04  -2.66435E-04  -8.61826E-04  -7.35287E-04   2.81820E-04   3.10920E-04   5.77528E-04   4.95639E-04  -2.88382E-04  -3.09730E-04  -3.67941E-04  -3.22643E-04   2.57183E-04   2.86941E-04   2.18868E-04   2.01045E-04  -2.06070E-04  -2.58208E-04  -1.17624E-04  -1.16697E-04   1.45701E-04   2.33678E-04   5.43843E-05   5.92781E-05  -8.04802E-05  -2.05864E-04  -1.74184E-05   5.47069E-05   2.58660E-05
 1.19280E+03  -2.32935E-03  -2.75037E-03  -1.04895E-03   2.36239E-03   2.01486E-03   5.03019E-04   1.09362E-04  -1.63373E-03  -1.44110E-03   5.79546E-05   1.59873E-04   1.20553E-03   1.02701E-03  -2.33281E-04  -2.85313E-04  -8.32224E-04  -7.07097E-04   3.04434E-04   3.25797E-04   5.48349E-04   4.69492E-04  -3.07316E-04  -3.19254E-04  -3.39408E-04  -2.99593E-04   2.71718E-04   2.91038E-04   1.91398E-04   1.82232E-04  -2.16348E-04  -2.57625E-04  -9.14398E-05  -1.03066E-04   1.52247E-04   2.29648E-04   2.93200E-05   5.14990E-05  -8.41755E-05  -1.99992E-04   5.35821E-06   5.46876E-05   1.89889E-05
 1.20140E+03  -2.26555E-03  -2.73461E-03  -1.04342E-03   2.31116E-03   1.97404E-03   4.88872E-04   9.60650E-05  -1.60160E-03  -1.40952E-03   7.69572E-05   1.77672E-04   1.17639E-03   9.97919E-04  -2.55293E-04  -3.02300E-04  -8.04067E-04  -6.79224E-04   3.25010E-04   3.38741E-04   5.20468E-04   4.43368E-04  -3.24339E-04  -3.26768E-04  -3.12174E-04  -2.76412E-04   2.84528E-04   2.93050E-04   1.65335E-04   1.63239E-04  -2.25177E-04  -2.54902E-04  -6.68202E-05  -8.92777E-05   1.57714E-04   2.23437E-04   5.97236E-06   4.35927E-05  -8.72255E-05  -1.92071E-04   2.64217E-05   5.39874E-05   1.25348E-05
 1.21010E+03  -2.20299E-03  -2.72155E-03  -1.04031E-03   2.26178E-03   1.93466E-03   4.77170E-04   8.43800E-05  -1.57120E-03  -1.37903E-03   9.40524E-05   1.94012E-04   1.14871E-03   9.69386E-04  -2.75536E-04  -3.17859E-04  -7.77071E-04  -6.51467E-04   3.43884E-04   3.50173E-04   4.93608E-04   4.17074E-04  -3.39713E-04  -3.32635E-04  -2.85984E-04  -2.52928E-04   2.95798E-04   2.93281E-04   1.40459E-04   1.43929E-04  -2.32676E-04  -2.50291E-04  -4.35810E-05  -7.52346E-05   1.62171E-04   2.15264E-04  -1.58098E-05   3.55078E-05  -8.96632E-05  -1.82287E-04   4.58956E-05   5.26836E-05   6.47110E-06
 1.21880E+03  -2.14252E-03  -2.71126E-03  -1.03951E-03   2.21485E-03   1.89734E-03   4.67904E-04   7.42393E-05  -1.54290E-03  -1.35013E-03   1.09193E-04   2.08942E-04   1.12281E-03   9.41862E-04  -2.93913E-04  -3.32063E-04  -7.51553E-04  -6.24258E-04   3.60950E-04   3.60220E-04   4.68089E-04   3.91016E-04  -3.53338E-04  -3.37048E-04  -2.61163E-04  -2.29504E-04   3.05444E-04   2.91991E-04   1.17096E-04   1.24601E-04  -2.38778E-04  -2.44116E-04  -2.20502E-05  -6.11579E-05   1.65573E-04   2.05501E-04  -3.56983E-05   2.73762E-05  -9.14601E-05  -1.71017E-04   6.34739E-05   5.08734E-05   8.96793E-07
 1.22760E+03  -2.08357E-03  -2.70350E-03  -1.04086E-03   2.16987E-03   1.86177E-03   4.60809E-04   6.53334E-05  -1.51637E-03  -1.32258E-03   1.22720E-04   2.22861E-04   1.09838E-03   9.15138E-04  -3.10789E-04  -3.45316E-04  -7.27198E-04  -5.97382E-04   3.76524E-04   3.69237E-04   4.43596E-04   3.64983E-04  -3.65454E-04  -3.40300E-04  -2.37412E-04  -2.05954E-04   3.13626E-04   2.89415E-04   9.49824E-05   1.05109E-04  -2.43578E-04  -2.36562E-04  -2.00477E-06  -4.69429E-05   1.67969E-04   1.94303E-04  -5.38796E-05   1.91425E-05  -9.26379E-05  -1.58386E-04   7.93102E-05   4.86147E-05  -4.23423E-06
 1.23650E+03  -2.02630E-03  -2.69818E-03  -1.04427E-03   2.12691E-03   1.82813E-03   4.55746E-04   5.75019E-05  -1.49165E-03  -1.29652E-03   1.34781E-04   2.35965E-04   1.07543E-03   8.89324E-04  -3.26298E-04  -3.57821E-04  -7.03985E-04  -5.70934E-04   3.90708E-04   3.77431E-04   4.20099E-04   3.39063E-04  -3.76123E-04  -3.42595E-04  -2.14713E-04  -1.82356E-04   3.20372E-04   2.85759E-04   7.41179E-05   8.55210E-05  -2.47081E-04  -2.27847E-04   1.65319E-05  -3.26449E-05   1.69350E-04   1.81897E-04  -7.03097E-05   1.08433E-05  -9.31881E-05  -1.44615E-04   9.33512E-05   4.59747E-05  -8.90499E-06
 1.24540E+03  -1.97144E-03  -2.69522E-03  -1.04957E-03   2.08649E-03   1.79689E-03   4.52586E-04   5.06629E-05  -1.46900E-03  -1.27233E-03   1.45430E-04   2.48303E-04   1.05417E-03   8.64785E-04  -3.40441E-04  -3.69641E-04  -6.82105E-04  -5.45277E-04   4.03479E-04   3.84908E-04   3.97786E-04   3.13610E-04  -3.85319E-04  -3.44108E-04  -1.93250E-04  -1.59043E-04   3.25662E-04   2.81270E-04   5.46853E-05   6.61208E-05  -2.49275E-04  -2.18284E-04   3.33833E-05  -1.84766E-05   1.69714E-04   1.68652E-04  -8.48182E-05   2.60712E-06  -9.31072E-05  -1.30081E-04   1.05443E-04   4.30515E-05  -1.30628E-05
 1.25440E+03  -1.91844E-03  -2.69443E-03  -1.05670E-03   2.04816E-03   1.76781E-03   4.51099E-04   4.45814E-05  -1.44812E-03  -1.24979E-03   1.54984E-04   2.60195E-04   1.03429E-03   8.41299E-04  -3.53554E-04  -3.81091E-04  -6.61227E-04  -5.20175E-04   4.15123E-04   3.91930E-04   3.76312E-04   2.88393E-04  -3.93244E-04  -3.45030E-04  -1.72694E-04  -1.35809E-04   3.29613E-04   2.76080E-04   3.63937E-05   4.67486E-05  -2.50213E-04  -2.07961E-04   4.87913E-05  -4.32870E-06   1.69073E-04   1.54628E-04  -9.76028E-05  -5.62381E-06  -9.23974E-05  -1.14827E-04   1.15743E-04   3.98745E-05  -1.67605E-05
 1.26350E+03  -1.86742E-03  -2.69572E-03  -1.06558E-03   2.01198E-03   1.74097E-03   4.51112E-04   3.91232E-05  -1.42903E-03  -1.22899E-03   1.63626E-04   2.71799E-04   1.01575E-03   8.18923E-04  -3.65804E-04  -3.92325E-04  -6.41268E-04  -4.95673E-04   4.25762E-04   3.98642E-04   3.55582E-04   2.63459E-04  -3.99972E-04  -3.45501E-04  -1.52958E-04  -1.12711E-04   3.32258E-04   2.70333E-04   1.91760E-05   2.74633E-05  -2.49902E-04  -1.97037E-04   6.27975E-05   9.74679E-06   1.67423E-04   1.40005E-04  -1.08683E-04  -1.38134E-05  -9.10508E-05  -9.90310E-05   1.24256E-04   3.64971E-05  -2.00014E-05
 1.27260E+03  -1.81897E-03  -2.69891E-03  -1.07601E-03   1.97837E-03   1.71674E-03   4.52423E-04   3.42123E-05  -1.41189E-03  -1.21018E-03   1.71466E-04   2.83136E-04   9.98667E-04   7.97919E-04  -3.77240E-04  -4.03361E-04  -6.22338E-04  -4.72056E-04   4.35423E-04   4.05099E-04   3.35700E-04   2.39110E-04  -4.05525E-04  -3.45640E-04  -1.34140E-04  -9.00430E-05   3.33624E-04   2.64225E-04   3.12121E-06   8.52774E-06  -2.48369E-04  -1.85781E-04   7.53272E-05   2.35470E-05   1.64789E-04   1.25108E-04  -1.17998E-04  -2.18371E-05  -8.90843E-05  -8.30371E-05   1.30937E-04   3.30066E-05  -2.27649E-05
 1.28180E+03  -1.77259E-03  -2.70390E-03  -1.08800E-03   1.94699E-03   1.69487E-03   4.54843E-04   2.96676E-05  -1.39648E-03  -1.19316E-03   1.78796E-04   2.94466E-04   9.82773E-04   7.78051E-04  -3.88174E-04  -4.14442E-04  -6.04107E-04  -4.49064E-04   4.44355E-04   4.11475E-04   3.16314E-04   2.15092E-04  -4.10057E-04  -3.45546E-04  -1.15907E-04  -6.75918E-05   3.33777E-04   2.57793E-04  -1.20556E-05  -1.02173E-05  -2.45621E-04  -1.74194E-04   8.66051E-05   3.71749E-05   1.61149E-04   1.09924E-04  -1.25719E-04  -2.97479E-05  -8.64778E-05  -6.68231E-05   1.35911E-04   2.94094E-05  -2.50991E-05
 1.29100E+03  -1.72881E-03  -2.71050E-03  -1.10132E-03   1.91820E-03   1.67562E-03   4.58151E-04   2.54205E-05  -1.38292E-03  -1.17810E-03   1.85739E-04   3.05787E-04   9.68148E-04   7.59514E-04  -3.98668E-04  -4.25546E-04  -5.86650E-04  -4.26929E-04   4.52595E-04   4.17780E-04   2.97498E-04   1.91671E-04  -4.13606E-04  -3.45289E-04  -9.83272E-05  -4.56309E-05   3.32760E-04   2.51187E-04  -2.63005E-05  -2.85203E-05  -2.41708E-04  -1.62503E-04   9.65979E-05   5.04325E-05   1.56549E-04   9.47464E-05  -1.31833E-04  -3.74230E-05  -8.32604E-05  -5.07036E-05   1.39183E-04   2.57835E-05  -2.69977E-05
 1.30040E+03  -1.68671E-03  -2.71875E-03  -1.11620E-03   1.89144E-03   1.65861E-03   4.62232E-04   2.12691E-05  -1.37092E-03  -1.16468E-03   1.92642E-04   3.17453E-04   9.54403E-04   7.41882E-04  -4.09123E-04  -4.37000E-04  -5.69469E-04  -4.05151E-04   4.60446E-04   4.24206E-04   2.78708E-04   1.68340E-04  -4.16316E-04  -3.44909E-04  -8.08945E-05  -2.37165E-05   3.30577E-04   2.44318E-04  -4.00226E-05  -4.67228E-05  -2.36541E-04  -1.50539E-04   1.05595E-04   6.35480E-05   1.50876E-04   7.93600E-05  -1.36524E-04  -4.49857E-05  -7.93526E-05  -3.44586E-05   1.40857E-04   2.20847E-05  -2.85154E-05
 1.30970E+03  -1.64764E-03  -2.72826E-03  -1.13205E-03   1.86762E-03   1.64437E-03   4.66768E-04   1.72378E-05  -1.36081E-03  -1.15328E-03   1.99481E-04   3.29191E-04   9.41882E-04   7.25659E-04  -4.19377E-04  -4.48501E-04  -5.52983E-04  -3.84375E-04   4.67781E-04   4.30583E-04   2.60406E-04   1.45828E-04  -4.18175E-04  -3.44440E-04  -6.40346E-05  -2.57059E-06   3.27333E-04   2.37441E-04  -5.28938E-05  -6.41938E-05  -2.30299E-04  -1.38748E-04   1.13397E-04   7.60463E-05   1.44314E-04   6.43558E-05  -1.39714E-04  -5.21525E-05  -7.48797E-05  -1.87230E-05   1.40939E-04   1.84611E-05  -2.96240E-05
 1.31920E+03  -1.61033E-03  -2.73921E-03  -1.14929E-03   1.84599E-03   1.63242E-03   4.71718E-04   1.30894E-05  -1.35224E-03  -1.14346E-03   2.06669E-04   3.41469E-04   9.30088E-04   7.10242E-04  -4.29926E-04  -4.60469E-04  -5.36529E-04  -3.63868E-04   4.74952E-04   4.37127E-04   2.41857E-04   1.23385E-04  -4.19310E-04  -3.43865E-04  -4.70746E-05   1.84677E-05   3.22955E-04   2.30348E-04  -6.54369E-05  -8.14425E-05  -2.22794E-04  -1.26799E-04   1.20343E-04   8.82678E-05   1.36654E-04   4.93394E-05  -1.41578E-04  -5.91080E-05  -6.96987E-05  -3.10021E-06   1.39492E-04   1.48230E-05  -3.03796E-05
 1.32870E+03  -1.57559E-03  -2.75131E-03  -1.16747E-03   1.82710E-03   1.62302E-03   4.76803E-04   8.80463E-06  -1.34537E-03  -1.13539E-03   2.14243E-04   3.54112E-04   9.19190E-04   6.95879E-04  -4.40706E-04  -4.72688E-04  -5.20329E-04  -3.43997E-04   4.81911E-04   4.43692E-04   2.23320E-04   1.01460E-04  -4.19746E-04  -3.43173E-04  -3.02538E-05   3.89255E-05   3.17546E-04   2.23183E-04  -7.74783E-05  -9.80378E-05  -2.14174E-04  -1.14980E-04   1.26353E-04   9.98778E-05   1.28048E-04   3.47114E-05  -1.42126E-04  -6.56488E-05  -6.39121E-05   1.19689E-05   1.36583E-04   1.12718E-05  -3.07800E-05
 1.33830E+03  -1.54305E-03  -2.76457E-03  -1.18666E-03   1.81081E-03   1.61600E-03   4.81905E-04   4.23104E-06  -1.34010E-03  -1.12887E-03   2.22460E-04   3.67329E-04   9.08978E-04   6.82306E-04  -4.51976E-04  -4.85303E-04  -5.04084E-04  -3.24463E-04   4.88827E-04   4.50317E-04   2.04466E-04   7.97871E-05  -4.19537E-04  -3.42310E-04  -1.32809E-05   5.89959E-05   3.11071E-04   2.15846E-04  -8.92364E-05  -1.14089E-04  -2.04360E-04  -1.03190E-04   1.31563E-04   1.10922E-04   1.18411E-04   2.03908E-05  -1.41430E-04  -7.17875E-05  -5.74647E-05   2.65407E-05   1.32243E-04   7.79208E-06  -3.08489E-05
 1.34800E+03  -1.51273E-03  -2.77891E-03  -1.20676E-03   1.79719E-03   1.61136E-03   4.86854E-04  -7.45732E-07  -1.33643E-03  -1.12383E-03   2.31499E-04   3.81195E-04   8.99368E-04   6.69406E-04  -4.63879E-04  -4.98321E-04  -4.87669E-04  -3.05170E-04   4.95781E-04   4.56952E-04   1.85170E-04   5.83299E-05  -4.18714E-04  -3.41210E-04   3.94762E-06   7.86445E-05   3.03531E-04   2.08296E-04  -1.00786E-04  -1.29514E-04  -1.93346E-04  -9.14408E-05   1.36029E-04   1.21306E-04   1.07741E-04   6.45272E-06  -1.39534E-04  -7.74543E-05  -5.03571E-05   4.05031E-05   1.26511E-04   4.40549E-06  -3.05998E-05
 1.35770E+03  -1.48492E-03  -2.79411E-03  -1.22742E-03   1.78643E-03   1.60908E-03   4.91440E-04  -6.18734E-06  -1.33434E-03  -1.12018E-03   2.41424E-04   3.95630E-04   8.90363E-04   6.57167E-04  -4.76410E-04  -5.11597E-04  -4.71132E-04  -2.86205E-04   5.02770E-04   4.63460E-04   1.65516E-04   3.72646E-05  -4.17315E-04  -3.39800E-04   2.13435E-05   9.76410E-05   2.95020E-04   2.00556E-04  -1.12076E-04  -1.44073E-04  -1.81261E-04  -7.98572E-05   1.39762E-04   1.30828E-04   9.61643E-05  -6.89531E-06  -1.36522E-04  -8.25231E-05  -4.26781E-05   5.36112E-05   1.19511E-04   1.16556E-06  -3.00534E-05
 1.36750E+03  -1.45933E-03  -2.81024E-03  -1.24872E-03   1.77848E-03   1.60905E-03   4.95559E-04  -1.22671E-05  -1.33377E-03  -1.11774E-03   2.52481E-04   4.10842E-04   8.81772E-04   6.45304E-04  -4.89803E-04  -5.25245E-04  -4.54184E-04  -2.67250E-04   5.09917E-04   4.69824E-04   1.45200E-04   1.63259E-05  -4.15345E-04  -3.37964E-04   3.91597E-05   1.16149E-04   2.85461E-04   1.92477E-04  -1.23275E-04  -1.57829E-04  -1.68000E-04  -6.83138E-05   1.42852E-04   1.39488E-04   8.35901E-05  -1.97293E-05  -1.32421E-04  -8.69729E-05  -3.43716E-05   6.58977E-05   1.11239E-04  -1.94342E-06  -2.92217E-05
 1.37740E+03  -1.43599E-03  -2.82723E-03  -1.27051E-03   1.77340E-03   1.61124E-03   4.99058E-04  -1.91165E-05  -1.33471E-03  -1.11639E-03   2.64820E-04   4.26896E-04   8.73502E-04   6.33648E-04  -5.04153E-04  -5.39232E-04  -4.36711E-04  -2.48174E-04   5.17260E-04   4.75938E-04   1.24125E-04  -4.53083E-06  -4.12804E-04  -3.35579E-04   5.74555E-05   1.34120E-04   2.74852E-04   1.83974E-04  -1.34416E-04  -1.70672E-04  -1.53575E-04  -5.68015E-05   1.45328E-04   1.47161E-04   7.00439E-05  -3.19785E-05  -1.27277E-04  -9.07146E-05  -2.54617E-05   7.72432E-05   1.01752E-04  -4.90182E-06  -2.81185E-05
 1.38740E+03  -1.41493E-03  -2.84502E-03  -1.29262E-03   1.77128E-03   1.61557E-03   5.01787E-04  -2.68741E-05  -1.33711E-03  -1.11596E-03   2.78577E-04   4.43853E-04   8.65452E-04   6.22016E-04  -5.19540E-04  -5.53513E-04  -4.18599E-04  -2.28837E-04   5.24816E-04   4.81676E-04   1.02210E-04  -2.53512E-05  -4.09682E-04  -3.32503E-04   7.62698E-05   1.51501E-04   2.63190E-04   1.74953E-04  -1.45514E-04  -1.82481E-04  -1.38010E-04  -4.53068E-05   1.47211E-04   1.53713E-04   5.55673E-05  -4.35711E-05  -1.21135E-04  -9.36532E-05  -1.59851E-05   8.75243E-05   9.11172E-05  -7.69003E-06  -2.67581E-05
 1.39740E+03  -1.39637E-03  -2.86335E-03  -1.31465E-03   1.77215E-03   1.62193E-03   5.03588E-04  -3.55931E-05  -1.34089E-03  -1.11628E-03   2.93712E-04   4.61590E-04   8.57596E-04   6.10327E-04  -5.35851E-04  -5.67886E-04  -3.99931E-04  -2.09290E-04   5.32502E-04   4.86853E-04   7.96203E-05  -4.59754E-05  -4.05995E-04  -3.28626E-04   9.54248E-05   1.68070E-04   2.50604E-04   1.65407E-04  -1.56455E-04  -1.93029E-04  -1.21513E-04  -3.39262E-05   1.48501E-04   1.58959E-04   4.03764E-05  -5.43311E-05  -1.14122E-04  -9.56739E-05  -6.09407E-06   9.65311E-05   7.95369E-05  -1.02638E-05  -2.51729E-05
 1.40750E+03  -1.38010E-03  -2.88233E-03  -1.33664E-03   1.77603E-03   1.63026E-03   5.04357E-04  -4.54942E-05  -1.34599E-03  -1.11716E-03   3.10459E-04   4.80327E-04   8.49742E-04   5.98260E-04  -5.53266E-04  -5.82427E-04  -3.80430E-04  -1.89188E-04   5.40367E-04   4.91376E-04   5.60949E-05  -6.66549E-05  -4.01679E-04  -3.23760E-04   1.15096E-04   1.83938E-04   2.36986E-04   1.55141E-04  -1.67322E-04  -2.02306E-04  -1.03985E-04  -2.25267E-05   1.49220E-04   1.62828E-04   2.44106E-05  -6.43062E-05  -1.06234E-04  -9.67106E-05   4.23759E-06   1.04247E-04   6.70042E-05  -1.26330E-05  -2.33667E-05
 1.41760E+03  -1.36632E-03  -2.90169E-03  -1.35817E-03   1.78286E-03   1.64039E-03   5.03973E-04  -5.66121E-05  -1.35229E-03  -1.11841E-03   3.28711E-04   4.99915E-04   8.41850E-04   5.85726E-04  -5.71602E-04  -5.96915E-04  -3.60206E-04  -1.68588E-04   5.48281E-04   4.95055E-04   3.18557E-05  -8.72253E-05  -3.96739E-04  -3.17799E-04   1.35046E-04   1.98891E-04   2.22490E-04   1.44159E-04  -1.77959E-04  -2.10105E-04  -8.56843E-05  -1.12031E-05   1.49360E-04   1.65160E-04   7.94057E-06  -7.33392E-05  -9.76198E-05  -9.66697E-05   1.48189E-05   1.10493E-04   5.37663E-05  -1.47588E-05  -2.13782E-05
 1.42790E+03  -1.35477E-03  -2.92174E-03  -1.37947E-03   1.79279E-03   1.65243E-03   5.02303E-04  -6.93191E-05  -1.35981E-03  -1.11984E-03   3.48893E-04   5.20785E-04   8.33636E-04   5.72258E-04  -5.91198E-04  -6.11550E-04  -3.38776E-04  -1.46932E-04   5.56322E-04   4.97794E-04   6.42410E-06  -1.08127E-04  -3.91017E-04  -3.10457E-04   1.55599E-04   2.13150E-04   2.06843E-04   1.32134E-04  -1.88498E-04  -2.16444E-04  -6.63423E-05   2.83526E-07   1.48902E-04   1.65862E-04  -9.22846E-06  -8.15375E-05  -8.81781E-05  -9.54550E-05   2.57546E-05   1.15273E-04   3.96938E-05  -1.66650E-05  -1.91884E-05
 1.43820E+03  -1.34574E-03  -2.94199E-03  -1.39991E-03   1.80562E-03   1.66606E-03   4.99260E-04  -8.35177E-05  -1.36830E-03  -1.12123E-03   3.70652E-04   5.42568E-04   8.25125E-04   5.57902E-04  -6.11617E-04  -6.25953E-04  -3.16480E-04  -1.24496E-04   5.64229E-04   4.99370E-04  -1.96796E-05  -1.28978E-04  -3.84552E-04  -3.01710E-04   1.76255E-04   2.26357E-04   1.90370E-04   1.19201E-04  -1.98632E-04  -2.21065E-04  -4.64503E-05   1.17203E-05   1.47826E-04   1.64788E-04  -2.66047E-05  -8.86727E-05  -7.81680E-05  -9.30025E-05   3.67073E-05   1.18382E-04   2.52130E-05  -1.82972E-05  -1.68619E-05
 1.44860E+03  -1.33913E-03  -2.96255E-03  -1.41949E-03   1.82140E-03   1.68131E-03   4.94722E-04  -9.94684E-05  -1.37770E-03  -1.12240E-03   3.94195E-04   5.65487E-04   8.16095E-04   5.42316E-04  -6.32961E-04  -6.40166E-04  -2.93049E-04  -1.00941E-04   5.71951E-04   4.99644E-04  -4.66468E-05  -1.49998E-04  -3.77209E-04  -2.91335E-04   1.97078E-04   2.38572E-04   1.72950E-04   1.05159E-04  -2.08335E-04  -2.23910E-04  -2.59629E-05   2.32228E-05   1.46087E-04   1.61834E-04  -4.41669E-05  -9.47649E-05  -6.75860E-05  -8.92307E-05   4.76370E-05   1.19776E-04   1.03642E-05  -1.96594E-05  -1.44030E-05
 1.45900E+03  -1.33502E-03  -2.98311E-03  -1.43783E-03   1.83988E-03   1.69791E-03   4.88646E-04  -1.17129E-04  -1.38775E-03  -1.12313E-03   4.19270E-04   5.89326E-04   8.06487E-04   5.25466E-04  -6.54898E-04  -6.53951E-04  -2.68665E-04  -7.63893E-05   5.79258E-04   4.98470E-04  -7.41327E-05  -1.70986E-04  -3.68976E-04  -2.79314E-04   2.17705E-04   2.49613E-04   1.54800E-04   9.00866E-05  -2.17369E-04  -2.24865E-04  -5.24402E-06   3.46766E-05   1.43664E-04   1.56959E-04  -6.15340E-05  -9.97128E-05  -5.66340E-05  -8.41358E-05   5.82764E-05   1.19386E-04  -4.51285E-06  -2.07287E-05  -1.18636E-05
 1.46960E+03  -1.33336E-03  -3.00397E-03  -1.45509E-03   1.86134E-03   1.71608E-03   4.80812E-04  -1.36962E-04  -1.39848E-03  -1.12324E-03   4.46334E-04   6.14546E-04   7.95954E-04   5.06838E-04  -6.77705E-04  -6.67458E-04  -2.42811E-04  -5.02711E-05   5.86109E-04   4.95668E-04  -1.02563E-04  -1.92335E-04  -3.59588E-04  -2.65293E-04   2.38335E-04   2.59607E-04   1.35617E-04   7.36436E-05  -2.25728E-04  -2.23851E-04   1.59186E-05   4.62866E-05   1.40452E-04   1.49996E-04  -7.87988E-05  -1.03561E-04  -4.52058E-05  -7.75823E-05   6.86443E-05   1.17145E-04  -1.94872E-05  -2.15143E-05  -9.22450E-06
 1.48020E+03  -1.33421E-03  -3.02460E-03  -1.47075E-03   1.88529E-03   1.73539E-03   4.71269E-04  -1.58702E-04  -1.40950E-03  -1.12254E-03   4.74834E-04   6.40659E-04   7.84525E-04   4.86614E-04  -7.00778E-04  -6.80317E-04  -2.15935E-04  -2.30056E-05   5.92168E-04   4.91149E-04  -1.31275E-04  -2.13611E-04  -3.49110E-04  -2.49442E-04   2.58356E-04   2.68284E-04   1.15817E-04   5.61182E-05  -2.33058E-04  -2.20810E-04   3.69203E-05   5.78060E-05   1.36447E-04   1.41036E-04  -9.53732E-05  -1.06196E-04  -3.36287E-05  -6.96818E-05   7.83446E-05   1.13064E-04  -3.40435E-05  -2.19930E-05  -6.56712E-06
 1.49090E+03  -1.33756E-03  -3.04509E-03  -1.48481E-03   1.91181E-03   1.75589E-03   4.59854E-04  -1.82614E-04  -1.42072E-03  -1.12087E-03   5.04957E-04   6.67869E-04   7.71928E-04   4.64480E-04  -7.24135E-04  -6.92539E-04  -1.87767E-04   5.69234E-06   5.97278E-04   4.84767E-04  -1.60392E-04  -2.34967E-04  -3.37340E-04  -2.31574E-04   2.77719E-04   2.75663E-04   9.52844E-05   3.73701E-05  -2.39226E-04  -2.15692E-04   5.77387E-05   6.93027E-05   1.31556E-04   1.30018E-04  -1.11142E-04  -1.07631E-04  -2.19146E-05  -6.03976E-05   8.72654E-05   1.07130E-04  -4.80781E-05  -2.21689E-05  -3.89987E-06
 1.50160E+03  -1.34335E-03  -3.06511E-03  -1.49702E-03   1.94048E-03   1.77728E-03   4.46605E-04  -2.08513E-04  -1.43180E-03  -1.11808E-03   5.36330E-04   6.95863E-04   7.58116E-04   4.40549E-04  -7.47346E-04  -7.03896E-04  -1.58563E-04   3.55493E-05   6.01168E-04   4.76503E-04  -1.89477E-04  -2.56135E-04  -3.24281E-04  -2.11856E-04   2.95994E-04   2.81620E-04   7.42879E-05   1.76343E-05  -2.43971E-04  -2.08555E-04   7.79524E-05   8.06132E-05   1.25766E-04   1.17114E-04  -1.25684E-04  -1.07855E-04  -1.02957E-05  -4.98865E-05   9.51178E-05   9.94593E-05  -6.12173E-05  -2.20442E-05  -1.28143E-06
 1.51250E+03  -1.35170E-03  -3.08490E-03  -1.50746E-03   1.97173E-03   1.79985E-03   4.31182E-04  -2.36926E-04  -1.44274E-03  -1.11397E-03   5.69456E-04   7.25094E-04   7.42645E-04   4.14286E-04  -7.70614E-04  -7.14473E-04  -1.27759E-04   6.70982E-05   6.03661E-04   4.66116E-04  -2.18899E-04  -2.77416E-04  -3.09566E-04  -1.89933E-04   3.13247E-04   2.86194E-04   5.25114E-05  -3.37247E-06  -2.47150E-04  -1.99276E-04   9.76957E-05   9.18727E-05   1.18900E-04   1.02166E-04  -1.38972E-04  -1.06872E-04   1.31806E-06  -3.80418E-05   1.01826E-04   8.99847E-05  -7.34488E-05  -2.16203E-05   1.30218E-06
 1.52340E+03  -1.36242E-03  -3.10398E-03  -1.51582E-03   2.00483E-03   1.82306E-03   4.13775E-04  -2.67349E-04  -1.45311E-03  -1.10847E-03   6.03635E-04   7.54934E-04   7.25616E-04   3.86114E-04  -7.93276E-04  -7.23945E-04  -9.59100E-05   9.96973E-05   6.04459E-04   4.53735E-04  -2.47935E-04  -2.98299E-04  -2.93345E-04  -1.66264E-04   3.28883E-04   2.89231E-04   3.04362E-05  -2.51383E-05  -2.48477E-04  -1.88072E-04   1.16362E-04   1.02780E-04   1.11018E-04   8.55822E-05  -1.50471E-04  -1.04716E-04   1.25866E-05  -2.52089E-05   1.07052E-04   7.89952E-05  -8.42963E-05  -2.09134E-05   3.76904E-06
 1.53440E+03  -1.37556E-03  -3.12238E-03  -1.52213E-03   2.03995E-03   1.84701E-03   3.94160E-04  -3.00025E-04  -1.46278E-03  -1.10143E-03   6.39073E-04   7.85533E-04   7.06711E-04   3.55776E-04  -8.15307E-04  -7.32277E-04  -6.27355E-05   1.33529E-04   6.03341E-04   4.39233E-04  -2.76669E-04  -3.18836E-04  -2.75377E-04  -1.40755E-04   3.42791E-04   2.90717E-04   7.95046E-06  -4.76830E-05  -2.47770E-04  -1.74948E-04   1.33899E-04   1.13327E-04   1.02003E-04   6.74168E-05  -1.60029E-04  -1.01412E-04   2.34932E-05  -1.14512E-05   1.10660E-04   6.65677E-05  -9.36376E-05  -1.99339E-05   6.10983E-06
 1.54550E+03  -1.39108E-03  -3.13998E-03  -1.52628E-03   2.07696E-03   1.87157E-03   3.72244E-04  -3.34922E-04  -1.47153E-03  -1.09274E-03   6.75672E-04   8.16749E-04   6.85754E-04   3.23274E-04  -8.36467E-04  -7.39324E-04  -2.82388E-05   1.68451E-04   6.00067E-04   4.22591E-04  -3.04911E-04  -3.38853E-04  -2.55562E-04  -1.13547E-04   3.54705E-04   2.90588E-04  -1.48543E-05  -7.07946E-05  -2.44830E-04  -1.60018E-04   1.50074E-04   1.23379E-04   9.18115E-05   4.79010E-05  -1.67387E-04  -9.70085E-05   3.39173E-05   3.02483E-06   1.12466E-04   5.29001E-05  -1.01251E-04  -1.86995E-05   8.29275E-06
 1.55660E+03  -1.40876E-03  -3.15650E-03  -1.52819E-03   2.11538E-03   1.89636E-03   3.48164E-04  -3.71643E-04  -1.47907E-03  -1.08237E-03   7.12998E-04   8.48132E-04   6.62795E-04   2.88957E-04  -8.56351E-04  -7.44890E-04   7.24397E-06   2.03962E-04   5.94469E-04   4.03987E-04  -3.32232E-04  -3.57982E-04  -2.34015E-04  -8.50858E-05   3.64302E-04   2.88809E-04  -3.76760E-05  -9.40101E-05  -2.39537E-04  -1.43584E-04   1.64550E-04   1.32705E-04   8.05179E-05   2.75007E-05  -1.72283E-04  -9.16169E-05   4.36602E-05   1.78405E-05   1.12321E-04   3.83634E-05  -1.06899E-04  -1.72460E-05   1.02716E-05
 1.56790E+03  -1.42886E-03  -3.17212E-03  -1.52783E-03   2.15580E-03   1.92168E-03   3.21400E-04  -4.10774E-04  -1.48534E-03  -1.07003E-03   7.51626E-04   8.80057E-04   6.37266E-04   2.52263E-04  -8.75093E-04  -7.48913E-04   4.43297E-05   2.40486E-04   5.86243E-04   3.83103E-04  -3.58941E-04  -3.76341E-04  -2.10288E-04  -5.50791E-05   3.71531E-04   2.85289E-04  -6.08234E-05  -1.17457E-04  -2.31652E-04  -1.25526E-04   1.77393E-04   1.41304E-04   6.79085E-05   6.16808E-06  -1.74612E-04  -8.52132E-05   5.27924E-05   3.29859E-05   1.10101E-04   2.29662E-05  -1.10523E-04  -1.55729E-05   1.20559E-05
 1.57920E+03  -1.45095E-03  -3.18644E-03  -1.52514E-03   2.19741E-03   1.94693E-03   2.92343E-04  -4.51525E-04  -1.49002E-03  -1.05584E-03   7.90779E-04   9.11746E-04   6.09484E-04   2.13918E-04  -8.92153E-04  -7.51150E-04   8.23267E-05   2.77129E-04   5.75355E-04   3.60340E-04  -3.84391E-04  -3.93360E-04  -1.84766E-04  -2.43087E-05   3.76070E-04   2.80031E-04  -8.37786E-05  -1.40400E-04  -2.21211E-04  -1.06363E-04   1.88206E-04   1.48839E-04   5.42201E-05  -1.53669E-05  -1.74190E-04  -7.79935E-05   6.10585E-05   4.78907E-05   1.05762E-04   7.27830E-06  -1.11937E-04  -1.37383E-05   1.35918E-05
 1.59060E+03  -1.47513E-03  -3.19950E-03  -1.52005E-03   2.24047E-03   1.97213E-03   2.60694E-04  -4.94127E-04  -1.49301E-03  -1.03959E-03   8.30700E-04   9.43245E-04   5.79122E-04   1.73697E-04  -9.07509E-04  -7.51462E-04   1.21507E-04   3.13942E-04   5.61598E-04   3.35564E-04  -4.08654E-04  -4.08937E-04  -1.57244E-04   7.21014E-06   3.77836E-04   2.72955E-04  -1.06630E-04  -1.62700E-04  -2.08099E-04  -8.61580E-05   1.96972E-04   1.55199E-04   3.93879E-05  -3.69118E-05  -1.70957E-04  -6.99962E-05   6.84603E-05   6.23661E-05   9.92600E-05  -8.51569E-06  -1.11109E-04  -1.17594E-05   1.48784E-05
 1.60210E+03  -1.50131E-03  -3.21121E-03  -1.51248E-03   2.28489E-03   1.99711E-03   2.26393E-04  -5.38456E-04  -1.49412E-03  -1.02115E-03   8.71286E-04   9.74300E-04   5.46091E-04   1.31707E-04  -9.20981E-04  -7.49656E-04   1.61798E-04   3.50628E-04   5.44863E-04   3.08825E-04  -4.31567E-04  -4.22792E-04  -1.27759E-04   3.91783E-05   3.76710E-04   2.64003E-04  -1.29249E-04  -1.83990E-04  -1.92310E-04  -6.51465E-05   2.03579E-04   1.60182E-04   2.34859E-05  -5.80663E-05  -1.64881E-04  -6.13196E-05   7.49272E-05   7.60737E-05   9.06118E-05  -2.40807E-05  -1.08012E-04  -9.66907E-06   1.59019E-05
 1.61370E+03  -1.52941E-03  -3.22146E-03  -1.50234E-03   2.33058E-03   2.02164E-03   1.89393E-04  -5.84380E-04  -1.49322E-03  -1.00042E-03   9.12426E-04   1.00464E-03   5.10332E-04   8.80638E-05  -9.32400E-04  -7.45532E-04   2.03101E-04   3.86873E-04   5.25076E-04   2.80183E-04  -4.52967E-04  -4.34628E-04  -9.63884E-05   7.12809E-05   3.72610E-04   2.53122E-04  -1.51493E-04  -2.03891E-04  -1.73897E-04  -4.35739E-05   2.07947E-04   1.63583E-04   6.62440E-06  -7.84188E-05  -1.55990E-04  -5.20669E-05   8.04003E-05   8.86685E-05   7.98908E-05  -3.90736E-05  -1.02676E-04  -7.50155E-06   1.66536E-05
 1.62530E+03  -1.55908E-03  -3.23012E-03  -1.48965E-03   2.37704E-03   2.04531E-03   1.50019E-04  -6.31350E-04  -1.49020E-03  -9.77471E-04   9.53642E-04   1.03373E-03   4.72158E-04   4.32826E-05  -9.41543E-04  -7.38951E-04   2.44926E-04   4.22054E-04   5.02414E-04   2.49967E-04  -4.72534E-04  -4.44076E-04  -6.35474E-05   1.02924E-04   3.65572E-04   2.40379E-04  -1.73020E-04  -2.21874E-04  -1.53159E-04  -2.18787E-05   2.10021E-04   1.65197E-04  -1.08942E-05  -9.74000E-05  -1.44489E-04  -4.24294E-05   8.47995E-05   9.97208E-05   6.73448E-05  -5.30372E-05  -9.52574E-05  -5.31047E-06   1.71264E-05
 1.63710E+03  -1.59073E-03  -3.23725E-03  -1.47408E-03   2.42497E-03   2.06829E-03   1.07590E-04  -6.80034E-04  -1.48488E-03  -9.51782E-04   9.95502E-04   1.06179E-03   4.30918E-04  -3.27993E-06  -9.48421E-04  -7.29595E-04   2.87834E-04   4.56447E-04   4.76498E-04   2.17727E-04  -4.90446E-04  -4.51005E-04  -2.88431E-05   1.34329E-04   3.55477E-04   2.25513E-04  -1.94023E-04  -2.37876E-04  -1.29912E-04   6.17870E-08   2.09819E-04   1.64861E-04  -2.91836E-05  -1.14937E-04  -1.30339E-04  -3.23488E-05   8.81648E-05   1.09094E-04   5.29482E-05  -6.58825E-05  -8.57662E-05  -3.09231E-06   1.73287E-05
 1.64890E+03  -1.62374E-03  -3.24266E-03  -1.45577E-03   2.47344E-03   2.08995E-03   6.28462E-05  -7.29461E-04  -1.47724E-03  -9.23661E-04   1.03714E-03   1.08805E-03   3.87355E-04  -5.07025E-05  -9.52781E-04  -7.17424E-04   3.30902E-04   4.89144E-04   4.47819E-04   1.84087E-04  -5.06235E-04  -4.55018E-04   6.91466E-06   1.64645E-04   3.42537E-04   2.08746E-04  -2.13949E-04  -2.51273E-04  -1.04781E-04   2.16300E-05   2.07357E-04   1.62414E-04  -4.77074E-05  -1.30359E-04  -1.14001E-04  -2.21032E-05   9.04136E-05   1.16331E-04   3.71919E-05  -7.70854E-05  -7.45546E-05  -9.17696E-07   1.72618E-05
 1.66080E+03  -1.65829E-03  -3.24637E-03  -1.43449E-03   2.52270E-03   2.11026E-03   1.54873E-05  -7.79895E-04  -1.46714E-03  -8.92779E-04   1.07871E-03   1.11246E-03   3.41205E-04  -9.92393E-05  -9.54559E-04  -7.02187E-04   3.74263E-04   5.20128E-04   4.16259E-04   1.48865E-04  -5.19894E-04  -4.55928E-04   4.37447E-05   1.93836E-04   3.26759E-04   1.89948E-04  -2.32765E-04  -2.61891E-04  -7.78661E-05   4.27752E-05   2.02683E-04   1.57718E-04  -6.63550E-05  -1.43481E-04  -9.56449E-05  -1.17147E-05   9.15631E-05   1.21254E-04   2.02607E-05  -8.64854E-05  -6.17907E-05   1.20089E-06   1.69373E-05
 1.67280E+03  -1.69428E-03  -3.24830E-03  -1.41012E-03   2.57261E-03   2.12899E-03  -3.44101E-05  -8.31189E-04  -1.45449E-03  -8.59023E-04   1.12002E-03   1.13475E-03   2.92583E-04  -1.48748E-04  -9.53628E-04  -6.83717E-04   4.17649E-04   5.49095E-04   3.81949E-04   1.12162E-04  -5.31249E-04  -4.53509E-04   8.13290E-05   2.21608E-04   3.08258E-04   1.69131E-04  -2.50232E-04  -2.69446E-04  -4.95114E-05   6.32696E-05   1.95861E-04   1.50669E-04  -8.48261E-05  -1.54005E-04  -7.56077E-05  -1.28913E-06   9.16056E-05   1.23648E-04   2.50586E-06  -9.38453E-05  -4.77616E-05   3.23400E-06   1.63674E-05
 1.68490E+03  -1.73163E-03  -3.24841E-03  -1.38255E-03   2.62296E-03   2.14591E-03  -8.67429E-05  -8.83193E-04  -1.43920E-03  -8.22300E-04   1.16083E-03   1.15467E-03   2.41632E-04  -1.99078E-04  -9.49859E-04  -6.61881E-04   4.60755E-04   5.75761E-04   3.45052E-04   7.40940E-05  -5.40117E-04  -4.47574E-04   1.19306E-04   2.47687E-04   2.87180E-04   1.46336E-04  -2.66095E-04  -2.73706E-04  -2.01094E-05   8.28973E-05   1.86978E-04   1.41202E-04  -1.02789E-04  -1.61687E-04  -5.42748E-05   9.06794E-06   9.05411E-05   1.23347E-04  -1.56778E-05  -9.89745E-05  -3.27951E-05   5.15456E-06   1.55678E-05
 1.69700E+03  -1.76994E-03  -3.24666E-03  -1.35195E-03   2.67314E-03   2.16070E-03  -1.40928E-04  -9.35324E-04  -1.42135E-03  -7.82872E-04   1.20056E-03   1.17183E-03   1.88968E-04  -2.49649E-04  -9.43194E-04  -6.36797E-04   5.02903E-04   5.99678E-04   3.06093E-04   3.51252E-05  -5.46274E-04  -4.38079E-04   1.56967E-04   2.71629E-04   2.63900E-04   1.21850E-04  -2.79979E-04  -2.74503E-04   9.66008E-06   1.01310E-04   1.76238E-04   1.29413E-04  -1.19751E-04  -1.66318E-04  -3.22554E-05   1.91694E-05   8.83989E-05   1.20292E-04  -3.37133E-05  -1.01724E-04  -1.73796E-05   6.92424E-06   1.45659E-05
 1.70930E+03  -1.80973E-03  -3.24297E-03  -1.31775E-03   2.72376E-03   2.17341E-03  -1.97715E-04  -9.88289E-04  -1.40056E-03  -7.40046E-04   1.23957E-03   1.18629E-03   1.33920E-04  -3.01124E-04  -9.33399E-04  -6.07994E-04   5.44432E-04   6.21005E-04   2.64648E-04  -5.22485E-06  -5.49631E-04  -4.24783E-04   1.94509E-04   2.93603E-04   2.38230E-04   9.53852E-05  -2.91836E-04  -2.71742E-04   3.98276E-05   1.18626E-04   1.63585E-04   1.15154E-04  -1.35622E-04  -1.67859E-04  -9.63752E-06   2.90779E-05   8.51575E-05   1.14406E-04  -5.14486E-05  -1.02064E-04  -1.64102E-06   8.55096E-06   1.33656E-05
 1.72160E+03  -1.85029E-03  -3.23734E-03  -1.28045E-03   2.77374E-03   2.18367E-03  -2.56019E-04  -1.04107E-03  -1.37710E-03  -6.94507E-04   1.27696E-03   1.19765E-03   7.75964E-05  -3.52478E-04  -9.20512E-04  -5.75930E-04   5.84291E-04   6.39193E-04   2.21628E-04  -4.61090E-05  -5.49948E-04  -4.07884E-04   2.30880E-04   3.13050E-04   2.10800E-04   6.75340E-05  -3.01196E-04  -2.65429E-04   6.94271E-05   1.34395E-04   1.49361E-04   9.87625E-05  -1.49770E-04  -1.66245E-04   1.27468E-05   3.85288E-05   8.08899E-05   1.05835E-04  -6.81392E-05  -9.99774E-05   1.37761E-05   9.99014E-06   1.20084E-05
 1.73410E+03  -1.89218E-03  -3.22964E-03  -1.23942E-03   2.82364E-03   2.19149E-03  -3.16615E-04  -1.09435E-03  -1.35050E-03  -6.45542E-04   1.31301E-03   1.20591E-03   1.93130E-05  -4.04336E-04  -9.04206E-04  -5.40128E-04   6.22743E-04   6.54356E-04   1.76588E-04  -8.79655E-05  -5.47048E-04  -3.87152E-04   2.66218E-04   3.30106E-04   1.81393E-04   3.80567E-05  -3.07939E-04  -2.55498E-04   9.84524E-05   1.48718E-04   1.33483E-04   8.01477E-05  -1.62054E-04  -1.61484E-04   3.47880E-05   4.75701E-05   7.55546E-05   9.45721E-05  -8.35989E-05  -9.54857E-05   2.87288E-05   1.12499E-05   1.04958E-05
 1.74660E+03  -1.93463E-03  -3.21993E-03  -1.19535E-03   2.87243E-03   2.19664E-03  -3.78355E-04  -1.14711E-03  -1.32113E-03  -5.94001E-04   1.34685E-03   1.21080E-03  -3.97606E-05  -4.55641E-04  -8.84635E-04  -5.01255E-04   6.58789E-04   6.66106E-04   1.30512E-04  -1.29866E-04  -5.40811E-04  -3.63027E-04   2.99510E-04   3.44348E-04   1.50716E-04   7.68571E-06  -3.11701E-04  -2.42217E-04   1.25963E-04   1.61227E-04   1.16362E-04   5.98464E-05  -1.71926E-04  -1.53763E-04   5.56740E-05   5.59514E-05   6.92726E-05   8.10071E-05  -9.71455E-05  -8.87816E-05   4.25993E-05   1.22981E-05   8.87610E-06
 1.75920E+03  -1.97787E-03  -3.20812E-03  -1.14794E-03   2.92024E-03   2.19908E-03  -4.41544E-04  -1.19958E-03  -1.28872E-03  -5.39604E-04   1.37849E-03   1.21230E-03  -9.98478E-05  -5.06561E-04  -8.61586E-04  -4.59184E-04   6.92375E-04   6.74453E-04   8.33100E-05  -1.71853E-04  -5.31077E-04  -3.35534E-04   3.30618E-04   3.55795E-04   1.18784E-04  -2.35014E-05  -3.12321E-04  -2.25702E-04   1.51742E-04   1.71918E-04   9.80415E-05   3.80191E-05  -1.79176E-04  -1.43237E-04   7.51504E-05   6.36407E-05   6.20493E-05   6.53460E-05  -1.08510E-04  -8.00218E-05   5.51578E-05   1.31361E-05   7.16204E-06
 1.77190E+03  -2.02181E-03  -3.19414E-03  -1.09728E-03   2.96685E-03   2.19872E-03  -5.06009E-04  -1.25158E-03  -1.25322E-03  -4.82493E-04   1.40763E-03   1.21031E-03  -1.60710E-04  -5.56824E-04  -8.34981E-04  -4.14113E-04   7.23146E-04   6.79300E-04   3.52517E-05  -2.13599E-04  -5.17726E-04  -3.04905E-04   3.59137E-04   3.64337E-04   8.58437E-05  -5.51483E-05  -3.09607E-04  -2.06201E-04   1.75366E-04   1.80678E-04   7.86924E-05   1.50281E-05  -1.83527E-04  -1.30158E-04   9.28178E-05   7.05300E-05   5.39393E-05   4.79464E-05  -1.17340E-04  -6.94489E-05   6.60855E-05   1.37576E-05   5.37817E-06
 1.78470E+03  -2.06632E-03  -3.17797E-03  -1.04345E-03   3.01203E-03   2.19549E-03  -5.71582E-04  -1.30288E-03  -1.21459E-03  -4.22841E-04   1.43402E-03   1.20476E-03  -2.22110E-04  -6.06134E-04  -8.04765E-04  -3.66285E-04   7.50777E-04   6.80570E-04  -1.33932E-05  -2.54745E-04  -5.00671E-04  -2.71432E-04   3.84700E-04   3.69887E-04   5.21483E-05  -8.68563E-05  -3.03410E-04  -1.84024E-04   1.96457E-04   1.87406E-04   5.84950E-05  -8.71076E-06  -1.84759E-04  -1.14836E-04   1.08323E-04   7.65106E-05   4.50095E-05   2.92293E-05  -1.23345E-04  -5.73575E-05   7.51086E-05   1.41581E-05   3.54894E-06
 1.79760E+03  -2.11128E-03  -3.15956E-03  -9.86562E-04   3.05557E-03   2.18933E-03  -6.38105E-04  -1.35327E-03  -1.17279E-03  -3.60850E-04   1.45741E-03   1.19560E-03  -2.83816E-04  -6.54177E-04  -7.70909E-04  -3.15982E-04   7.74974E-04   6.78200E-04  -6.23552E-05  -2.94905E-04  -4.79867E-04  -2.35453E-04   4.06981E-04   3.72371E-04   1.79532E-05  -1.18191E-04  -2.93641E-04  -1.59532E-04   2.14684E-04   1.92012E-04   3.76376E-05  -3.27370E-05  -1.82715E-04  -9.76325E-05   1.21370E-04   8.14738E-05   3.53406E-05   9.66810E-06  -1.26307E-04  -4.40863E-05   8.20069E-05   1.43358E-05   1.69858E-06
 1.81060E+03  -2.15658E-03  -3.13887E-03  -9.26744E-04   3.09728E-03   2.18017E-03  -7.05422E-04  -1.40250E-03  -1.12781E-03  -2.96749E-04   1.47758E-03   1.18278E-03  -3.45598E-04  -7.00620E-04  -7.33417E-04  -2.63521E-04   7.95484E-04   6.72146E-04  -1.11364E-04  -3.33670E-04  -4.55315E-04  -1.97344E-04   4.25707E-04   3.71733E-04  -1.64814E-05  -1.48689E-04  -2.80269E-04  -1.33127E-04   2.29779E-04   1.94416E-04   1.63183E-05  -5.65569E-05  -1.77316E-04  -7.89518E-05   1.31725E-04   8.53133E-05   2.50291E-05  -1.02243E-05  -1.26089E-04  -3.00074E-05   8.66216E-05   1.42906E-05  -1.48914E-07
 1.82360E+03  -2.20172E-03  -3.11606E-03  -8.64614E-04   3.13672E-03   2.16807E-03  -7.72862E-04  -1.44997E-03  -1.08004E-03  -2.31288E-04   1.49425E-03   1.16640E-03  -4.06761E-04  -7.44786E-04  -6.92659E-04  -2.09658E-04   8.11982E-04   6.62463E-04  -1.59778E-04  -3.70343E-04  -4.27303E-04  -1.57820E-04   4.40559E-04   3.67970E-04  -5.06280E-05  -1.77658E-04  -2.63477E-04  -1.05461E-04   2.41462E-04   1.94557E-04  -5.08928E-06  -7.94849E-05  -1.68641E-04  -5.93780E-05   1.39179E-04   8.79120E-05   1.42729E-05  -2.97635E-05  -1.22685E-04  -1.56261E-05   8.88525E-05   1.40272E-05  -1.95608E-06
 1.83680E+03  -2.24727E-03  -3.09078E-03  -7.99354E-04   3.17433E-03   2.15277E-03  -8.41315E-04  -1.49615E-03  -1.02878E-03  -1.63714E-04   1.50750E-03   1.14617E-03  -4.68016E-04  -7.87002E-04  -6.48089E-04  -1.53923E-04   8.24556E-04   6.48979E-04  -2.08066E-04  -4.05062E-04  -3.95514E-04  -1.16696E-04   4.51603E-04   3.60997E-04  -8.47391E-05  -2.05061E-04  -2.43120E-04  -7.65586E-05   2.49774E-04   1.92383E-04  -2.66936E-05  -1.01358E-04  -1.56641E-04  -3.90548E-05   1.43755E-04   8.92157E-05   3.03841E-06  -4.87089E-05  -1.16091E-04  -1.12280E-06   8.87109E-05   1.35451E-05  -3.72726E-06
 1.85010E+03  -2.29272E-03  -3.06319E-03  -7.31569E-04   3.20967E-03   2.13429E-03  -9.10104E-04  -1.54040E-03  -9.74447E-04  -9.47903E-05   1.51707E-03   1.12218E-03  -5.28655E-04  -8.26564E-04  -6.00137E-04  -9.70901E-05   8.32936E-04   6.31745E-04  -2.55568E-04  -4.37111E-04  -3.60325E-04  -7.47086E-05   4.58604E-04   3.50817E-04  -1.18265E-04  -2.30193E-04  -2.19503E-04  -4.70887E-05   2.54541E-04   1.87845E-04  -4.80936E-05  -1.21485E-04  -1.41545E-04  -1.85804E-05   1.45367E-04   8.91160E-05  -8.44095E-06  -6.63728E-05  -1.06464E-04   1.29908E-05   8.62179E-05   1.28512E-05  -5.42484E-06
 1.86340E+03  -2.33760E-03  -3.03354E-03  -6.61925E-04   3.24239E-03   2.11274E-03  -9.78552E-04  -1.58217E-03  -9.17571E-04  -2.53041E-05   1.52283E-03   1.09463E-03  -5.87990E-04  -8.62862E-04  -5.49370E-04  -3.99604E-05   8.37022E-04   6.10937E-04  -3.01647E-04  -4.65874E-04  -3.22273E-04  -3.26101E-05   4.61506E-04   3.37549E-04  -1.50671E-04  -2.52445E-04  -1.93100E-04  -1.77283E-05   2.55765E-04   1.80984E-04  -6.88846E-05  -1.39259E-04  -1.23757E-04   1.45571E-06   1.44089E-04   8.75621E-05  -1.99076E-05  -8.21373E-05  -9.41473E-05   2.62330E-05   8.15326E-05   1.19601E-05  -7.01382E-06
 1.87690E+03  -2.38244E-03  -3.00141E-03  -5.89503E-04   3.27287E-03   2.08774E-03  -1.04751E-03  -1.62182E-03  -8.57417E-04   4.55275E-05   1.52480E-03   1.06309E-03  -6.46659E-04  -8.96110E-04  -4.95244E-04   1.79596E-05   8.36832E-04   5.86263E-04  -3.46690E-04  -4.91400E-04  -2.81083E-04   9.80467E-06   4.60352E-04   3.21024E-04  -1.82136E-04  -2.71734E-04  -1.63850E-04   1.15226E-05   2.53520E-04   1.71700E-04  -8.91144E-05  -1.54509E-04  -1.03351E-04   2.09373E-05   1.40020E-04   8.44828E-05  -3.13447E-05  -9.57784E-05  -7.92801E-05   3.84461E-05   7.47647E-05   1.08681E-05  -8.49468E-06
 1.89040E+03  -2.42644E-03  -2.96732E-03  -5.15503E-04   3.30054E-03   2.05959E-03  -1.11578E-03  -1.65853E-03  -7.95027E-04   1.16400E-04   1.52288E-03   1.02804E-03  -7.03524E-04  -9.25508E-04  -4.38821E-04   7.54565E-05   8.32354E-04   5.58134E-04  -3.89712E-04  -5.12967E-04  -2.37714E-04   5.14966E-05   4.55209E-04   3.01544E-04  -2.11874E-04  -2.87409E-04  -1.32586E-04   3.98154E-05   2.47953E-04   1.60164E-04  -1.08208E-04  -1.66627E-04  -8.10392E-05   3.91933E-05   1.33402E-04   7.99004E-05  -4.23787E-05  -1.06697E-04  -6.24844E-05   4.91336E-05   6.62503E-05   9.60327E-06  -9.82239E-06
 1.90410E+03  -2.47012E-03  -2.93083E-03  -4.38953E-04   3.32573E-03   2.02783E-03  -1.18414E-03  -1.69260E-03  -7.29656E-04   1.88110E-04   1.51702E-03   9.88965E-04  -7.59141E-04  -9.51210E-04  -3.79571E-04   1.33033E-04   8.23543E-04   5.26207E-04  -4.31016E-04  -5.30591E-04  -1.91930E-04   9.26872E-05   4.46092E-04   2.78911E-04  -2.39996E-04  -2.99393E-04  -9.93069E-05   6.71791E-05   2.39146E-04   1.46271E-04  -1.26159E-04  -1.75480E-04  -5.69722E-05   5.61486E-05   1.24370E-04   7.37533E-05  -5.29538E-05  -1.14729E-04  -4.39863E-05   5.81835E-05   5.61525E-05   8.16149E-06  -1.09935E-05
 1.91780E+03  -2.51271E-03  -2.89254E-03  -3.61094E-04   3.34797E-03   1.99290E-03  -1.25140E-03  -1.72335E-03  -6.62462E-04   2.59365E-04   1.50727E-03   9.46493E-04  -8.12403E-04  -9.72600E-04  -3.18692E-04   1.89514E-04   8.10570E-04   4.91054E-04  -4.69659E-04  -5.43768E-04  -1.44843E-04   1.32405E-04   4.33261E-04   2.53587E-04  -2.65755E-04  -3.07274E-04  -6.50040E-05   9.28629E-05   2.27434E-04   1.30329E-04  -1.42412E-04  -1.80709E-04  -3.20282E-05   7.12611E-05   1.13334E-04   6.61708E-05  -6.26894E-05  -1.19521E-04  -2.45797E-05   6.52519E-05   4.49455E-05   6.58148E-06  -1.19686E-05
 1.93170E+03  -2.55472E-03  -2.85196E-03  -2.80919E-04   3.36746E-03   1.95427E-03  -1.31828E-03  -1.75103E-03  -5.92688E-04   3.30963E-04   1.49349E-03   9.00078E-04  -8.63777E-04  -9.89789E-04  -2.55664E-04   2.45398E-04   7.93316E-04   4.52309E-04  -5.05855E-04  -5.52506E-04  -9.62459E-05   1.70880E-04   4.16689E-04   2.25376E-04  -2.89187E-04  -3.11008E-04  -2.97231E-05   1.16926E-04   2.12891E-04   1.12254E-04  -1.56911E-04  -1.82250E-04  -6.41203E-06   8.45079E-05   1.00449E-04   5.71194E-05  -7.14960E-05  -1.21001E-04  -4.54884E-06   7.02914E-05   3.28257E-05   4.86137E-06  -1.27405E-05
 1.94560E+03  -2.59547E-03  -2.80978E-03  -1.99715E-04   3.38383E-03   1.91251E-03  -1.38359E-03  -1.77510E-03  -5.21574E-04   4.01636E-04   1.47586E-03   8.50497E-04  -9.12212E-04  -1.00238E-03  -1.91778E-04   2.99570E-04   7.72114E-04   4.10719E-04  -5.38737E-04  -5.56560E-04  -4.73376E-05   2.07237E-04   3.96799E-04   1.94906E-04  -3.09622E-04  -3.10467E-04   5.46568E-06   1.38752E-04   1.95997E-04   9.25012E-05  -1.69159E-04  -1.80037E-04   1.89244E-05   9.55136E-05   8.62364E-05   4.68453E-05  -7.90209E-05  -1.19109E-04   1.52368E-05   7.31463E-05   2.03416E-05   3.05049E-06  -1.32782E-05
 1.95970E+03  -2.63545E-03  -2.76546E-03  -1.16457E-04   3.39722E-03   1.86707E-03  -1.44801E-03  -1.79578E-03  -4.48347E-04   4.72161E-04   1.45415E-03   7.97187E-04  -9.58092E-04  -1.01044E-03  -1.26513E-04   3.52507E-04   7.46763E-04   3.65924E-04  -5.68436E-04  -5.55937E-04   2.07176E-06   2.41701E-04   3.73514E-04   1.62013E-04  -3.27035E-04  -3.05655E-04   4.04943E-05   1.58422E-04   1.76801E-04   7.10303E-05  -1.79062E-04  -1.74095E-04   4.37548E-05   1.04309E-04   7.08470E-05   3.53590E-05  -8.51553E-05  -1.13886E-04   3.44750E-05   7.38428E-05   7.69636E-06   1.15128E-06  -1.35718E-05
 1.97380E+03  -2.67401E-03  -2.71973E-03  -3.24783E-05   3.40734E-03   1.81867E-03  -1.51040E-03  -1.81269E-03  -3.74291E-04   5.41302E-04   1.42868E-03   7.41088E-04  -1.00046E-03  -1.01380E-03  -6.11934E-05   4.03164E-04   7.17743E-04   3.18844E-04  -5.94210E-04  -5.50666E-04   5.07735E-05   2.73511E-04   3.47388E-04   1.27488E-04  -3.40884E-04  -2.96739E-04   7.43062E-05   1.75469E-04   1.55880E-04   4.84362E-05  -1.86232E-04  -1.64664E-04   6.71577E-05   1.10700E-04   5.48538E-05   2.30204E-05  -8.96157E-05  -1.05578E-04   5.23309E-05   7.24237E-05  -4.55925E-06  -7.77439E-07  -1.36028E-05
 1.98810E+03  -2.71166E-03  -2.67202E-03   5.32455E-05   3.41423E-03   1.76671E-03  -1.57139E-03  -1.82599E-03  -2.98606E-04   6.09798E-04   1.39911E-03   6.81632E-04  -1.03963E-03  -1.01249E-03   4.71089E-06   4.51974E-04   6.84777E-04   2.69145E-04  -6.16125E-04  -5.40754E-04   9.89588E-05   3.02867E-04   3.18292E-04   9.12167E-05  -3.51104E-04  -2.83777E-04   1.06840E-04   1.89986E-04   1.33251E-04   2.47382E-05  -1.90559E-04  -1.51859E-04   8.89252E-05   1.14764E-04   3.83822E-05   9.89197E-06  -9.22951E-05  -9.43397E-05   6.85301E-05   6.89868E-05  -1.62442E-05  -2.72740E-06  -1.33608E-05
 2.00250E+03  -2.74806E-03  -2.62273E-03   1.39942E-04   3.41773E-03   1.71165E-03  -1.63031E-03  -1.83552E-03  -2.22054E-04   6.76905E-04   1.36565E-03   6.19473E-04  -1.07502E-03  -1.00651E-03   7.03489E-05   4.98284E-04   6.48209E-04   2.17536E-04  -6.33718E-04  -5.26372E-04   1.45800E-04   3.29300E-04   2.86660E-04   5.38647E-05  -3.57364E-04  -2.67080E-04   1.37347E-04   2.01730E-04   1.09378E-04   4.77034E-07  -1.91815E-04  -1.36076E-04   1.08394E-04   1.16485E-04   2.18841E-05  -3.66749E-06  -9.30197E-05  -8.05852E-05   8.24677E-05   6.37134E-05  -2.69445E-05  -4.64614E-06  -1.28390E-05
 2.01690E+03  -2.78292E-03  -2.57230E-03   2.26819E-04   3.41779E-03   1.65406E-03  -1.68658E-03  -1.84123E-03  -1.45399E-04   7.41929E-04   1.32863E-03   5.55360E-04  -1.10618E-03  -9.96000E-04   1.34907E-04   5.41525E-04   6.08497E-04   1.64806E-04  -6.46694E-04  -5.07862E-04   1.90549E-04   3.52448E-04   2.53001E-04   1.61593E-05  -3.59498E-04  -2.47128E-04   1.65188E-04   2.10571E-04   8.47510E-05  -2.37602E-05  -1.89909E-04  -1.17866E-04   1.25034E-04   1.15958E-04   5.78716E-06  -1.72610E-05  -9.17137E-05  -6.48756E-05   9.36781E-05   5.68864E-05  -3.63171E-05  -6.48005E-06  -1.20434E-05
 2.03150E+03  -2.81669E-03  -2.52008E-03   3.14884E-04   3.41434E-03   1.59330E-03  -1.74080E-03  -1.84317E-03  -6.77982E-05   8.05517E-04   1.28758E-03   4.88723E-04  -1.13335E-03  -9.80913E-04   1.98933E-04   5.82025E-04   5.65277E-04   1.10675E-04  -6.55063E-04  -4.85213E-04   2.33419E-04   3.72439E-04   2.17132E-04  -2.19281E-05  -3.57434E-04  -2.24031E-04   1.90357E-04   2.16584E-04   5.93419E-05  -4.78655E-05  -1.84764E-04  -9.74524E-05   1.38732E-04   1.13298E-04  -9.84312E-06  -3.07540E-05  -8.83165E-05  -4.74994E-05   1.02008E-04   4.86828E-05  -4.42599E-05  -8.21206E-06  -1.09690E-05
 2.04620E+03  -2.84908E-03  -2.46650E-03   4.03329E-04   3.40734E-03   1.52993E-03  -1.79241E-03  -1.84129E-03   1.00075E-05   8.66950E-04   1.24285E-03   4.20348E-04  -1.15612E-03  -9.61423E-04   2.61647E-04   6.19200E-04   5.19028E-04   5.59851E-05  -6.58605E-04  -4.58826E-04   2.73727E-04   3.88921E-04   1.79580E-04  -5.96170E-05  -3.51109E-04  -1.98350E-04   2.12326E-04   2.19677E-04   3.36304E-05  -7.12060E-05  -1.76401E-04  -7.54799E-05   1.49103E-04   1.08659E-04  -2.46342E-05  -4.37138E-05  -8.28426E-05  -2.91157E-05   1.07159E-04   3.94505E-05  -5.05259E-05  -9.78581E-06  -9.63366E-06
 2.06090E+03  -2.87983E-03  -2.41199E-03   4.91347E-04   3.39685E-03   1.46459E-03  -1.84095E-03  -1.83565E-03   8.72921E-05   9.25576E-04   1.19489E-03   3.51064E-04  -1.17427E-03  -9.37838E-04   3.22336E-04   6.52574E-04   4.70327E-04   1.59656E-06  -6.57292E-04  -4.29224E-04   3.10909E-04   4.01661E-04   1.40927E-04  -9.61340E-05  -3.40648E-04  -1.70743E-04   2.30727E-04   2.19864E-04   8.09528E-06  -9.31694E-05  -1.64997E-04  -5.26616E-05   1.55949E-04   1.02272E-04  -3.82724E-05  -5.57211E-05  -7.54201E-05  -1.04347E-05   1.09021E-04   2.95844E-05  -5.49743E-05  -1.11503E-05  -8.06908E-06
 2.07580E+03  -2.90931E-03  -2.35586E-03   5.79929E-04   3.38273E-03   1.39656E-03  -1.88697E-03  -1.82617E-03   1.64911E-04   9.81933E-04   1.14317E-03   2.80291E-04  -1.18794E-03  -9.09986E-04   3.81539E-04   6.82348E-04   4.18779E-04  -5.27349E-05  -6.51114E-04  -3.96337E-04   3.45196E-04   4.10693E-04   1.00982E-04  -1.31451E-04  -3.26026E-04  -1.41319E-04   2.45628E-04   2.17177E-04  -1.73103E-05  -1.13597E-04  -1.50566E-04  -2.92529E-05   1.59296E-04   9.42499E-05  -5.07540E-05  -6.66077E-05  -6.60785E-05   8.21087E-06   1.07621E-04   1.92840E-05  -5.76110E-05  -1.22838E-05  -6.28189E-06
 2.09080E+03  -2.93727E-03  -2.29855E-03   6.68267E-04   3.36506E-03   1.32648E-03  -1.93004E-03  -1.81290E-03   2.42141E-04   1.03536E-03   1.08816E-03   2.08862E-04  -1.19696E-03  -8.78171E-04   4.38564E-04   7.08042E-04   3.65006E-04  -1.06145E-04  -6.40135E-04  -3.60702E-04   3.76088E-04   4.15803E-04   6.03625E-05  -1.64804E-04  -3.07492E-04  -1.10750E-04   2.56784E-04   2.11658E-04  -4.21131E-05  -1.31895E-04  -1.33417E-04  -5.97052E-06   1.59111E-04   8.48452E-05  -6.18260E-05  -7.59736E-05  -5.50531E-05   2.61169E-05   1.03043E-04   8.94778E-06  -5.84058E-05  -1.31395E-05  -4.31756E-06
 2.10590E+03  -2.96364E-03  -2.24013E-03   7.56162E-04   3.34388E-03   1.25450E-03  -1.97008E-03  -1.79582E-03   3.18784E-04   1.08560E-03   1.03007E-03   1.37134E-04  -1.20132E-03  -8.42563E-04   4.93151E-04   7.29440E-04   3.09340E-04  -1.58154E-04  -6.24485E-04  -3.22675E-04   4.03391E-04   4.16903E-04   1.94458E-05  -1.95707E-04  -2.85315E-04  -7.95224E-05   2.64153E-04   2.03385E-04  -6.60173E-05  -1.47662E-04  -1.13866E-04   1.66434E-05   1.55517E-04   7.42796E-05  -7.13654E-05  -8.35349E-05  -4.25921E-05   4.27392E-05   9.54984E-05  -1.10481E-06  -5.74238E-05  -1.36856E-05  -2.21876E-06
 2.12110E+03  -2.98838E-03  -2.18067E-03   8.43424E-04   3.31923E-03   1.18081E-03  -2.00701E-03  -1.77498E-03   3.94638E-04   1.13243E-03   9.69110E-04   6.54562E-05  -1.20103E-03  -8.03338E-04   5.45049E-04   7.46349E-04   2.52141E-04  -2.08311E-04  -6.04350E-04  -2.82613E-04   4.26945E-04   4.13940E-04  -2.13691E-05  -2.23719E-04  -2.59830E-04  -4.81086E-05   2.67760E-04   1.92460E-04  -8.87301E-05  -1.60545E-04  -9.22976E-05   3.80837E-05   1.48716E-04   6.27781E-05  -7.92805E-05  -8.90494E-05  -2.89957E-05   5.75846E-05   8.52904E-05  -1.05780E-05  -5.47846E-05  -1.38968E-05  -3.46236E-08
 2.13640E+03  -3.01143E-03  -2.12026E-03   9.29873E-04   3.29119E-03   1.10555E-03  -2.04078E-03  -1.75037E-03   4.69490E-04   1.17564E-03   9.05514E-04  -5.83915E-06  -1.19614E-03  -7.60685E-04   5.94015E-04   7.58615E-04   1.93803E-04  -2.56191E-04  -5.79968E-04  -2.40874E-04   4.46623E-04   4.06901E-04  -6.16655E-05  -2.48448E-04  -2.31437E-04  -1.69573E-05   2.67688E-04   1.79015E-04  -1.09963E-04  -1.70253E-04  -6.91522E-05   5.78958E-05   1.38989E-04   5.05655E-05  -8.55079E-05  -9.23269E-05  -1.46091E-05   7.02277E-05   7.28063E-05  -1.92087E-05  -5.06551E-05  -1.37561E-05   2.18036E-06
 2.15190E+03  -3.03288E-03  -2.05860E-03   1.01589E-03   3.25962E-03   1.02839E-03  -2.07151E-03  -1.72185E-03   5.43597E-04   1.21528E-03   8.39116E-04  -7.68880E-05  -1.18666E-03  -7.14497E-04   6.40098E-04   7.66153E-04   1.34358E-04  -3.01694E-04  -5.51423E-04  -1.97534E-04   4.62417E-04   3.95736E-04  -1.01264E-04  -2.69691E-04  -2.00378E-04   1.37064E-05   2.64033E-04   1.63102E-04  -1.29552E-04  -1.76599E-04  -4.47601E-05   7.57945E-05   1.26593E-04   3.77803E-05  -9.00338E-05  -9.32360E-05   2.83796E-07   8.03811E-05   5.84031E-05  -2.68193E-05  -4.52040E-05  -1.32511E-05   4.38161E-06
 2.16740E+03  -3.05242E-03  -1.99656E-03   1.10022E-03   3.22501E-03   9.50471E-04  -2.09875E-03  -1.68982E-03   6.15775E-04   1.25068E-03   7.71056E-04  -1.46472E-04  -1.17281E-03  -6.65590E-04   6.82470E-04   7.68796E-04   7.50102E-05  -3.43890E-04  -5.19401E-04  -1.53513E-04   4.74049E-04   3.80672E-04  -1.39213E-04  -2.86915E-04  -1.67547E-04   4.30998E-05   2.57022E-04   1.45125E-04  -1.46972E-04  -1.79363E-04  -1.99624E-05   9.12247E-05   1.12085E-04   2.48063E-05  -9.27864E-05  -9.17033E-05   1.50843E-05   8.76611E-05   4.27748E-05  -3.31338E-05  -3.87411E-05  -1.23906E-05   6.47951E-06
 2.18300E+03  -3.07018E-03  -1.93388E-03   1.18328E-03   3.18727E-03   8.71463E-04  -2.12267E-03  -1.65419E-03   6.86280E-04   1.28198E-03   7.01206E-04  -2.14768E-04  -1.15464E-03  -6.13913E-04   7.21215E-04   7.66590E-04   1.58242E-05  -3.82787E-04  -4.84072E-04  -1.08891E-04   4.81589E-04   3.61791E-04  -1.75335E-04  -3.00085E-04  -1.33268E-04   7.10759E-05   2.46853E-04   1.25219E-04  -1.62095E-04  -1.78551E-04   4.85324E-06   1.04063E-04   9.58233E-05   1.17737E-05  -9.38087E-05  -8.77541E-05   2.94728E-05   9.19902E-05   2.63711E-05  -3.80783E-05  -3.14948E-05  -1.11859E-05   8.42713E-06
 2.19880E+03  -3.08623E-03  -1.87023E-03   1.26546E-03   3.14621E-03   7.91008E-04  -2.14333E-03  -1.61480E-03   7.55312E-04   1.30926E-03   6.29410E-04  -2.81928E-04  -1.13212E-03  -5.59372E-04   7.56330E-04   7.59507E-04  -4.31193E-05  -4.18348E-04  -4.45548E-04  -6.37419E-05   4.85020E-04   3.39138E-04  -2.09410E-04  -3.09140E-04  -9.78480E-05   9.74853E-05   2.33674E-04   1.03511E-04  -1.74755E-04  -1.74165E-04   2.92925E-05   1.14197E-04   7.81445E-05  -1.19223E-06  -9.31192E-05  -8.14277E-05   4.31194E-05   9.33182E-05   9.63697E-06  -4.15950E-05  -2.36859E-05  -9.65064E-06   1.01750E-05
 2.21470E+03  -3.10046E-03  -1.80613E-03   1.34609E-03   3.10216E-03   7.09776E-04  -2.16052E-03  -1.57196E-03   8.22184E-04   1.33222E-03   5.56418E-04  -3.47248E-04  -1.10550E-03  -5.02581E-04   7.87351E-04   7.47636E-04  -1.00987E-04  -4.50104E-04  -4.04428E-04  -1.87198E-05   4.84284E-04   3.13084E-04  -2.40783E-04  -3.13956E-04  -6.20469E-05   1.21866E-04   2.17807E-04   8.04338E-05  -1.84631E-04  -1.66335E-04   5.26532E-05   1.21445E-04   5.96164E-05  -1.38047E-05  -9.07544E-05  -7.29061E-05   5.55273E-05   9.16628E-05  -6.77101E-06  -4.36237E-05  -1.56364E-05  -7.82781E-06   1.16532E-05
 2.23070E+03  -3.11289E-03  -1.74167E-03   1.42509E-03   3.05521E-03   6.27936E-04  -2.17420E-03  -1.52583E-03   8.86676E-04   1.35084E-03   4.82534E-04  -4.10482E-04  -1.07492E-03  -4.43854E-04   8.14095E-04   7.31118E-04  -1.57341E-04  -4.77892E-04  -3.61097E-04   2.58049E-05   4.79407E-04   2.83949E-04  -2.69070E-04  -3.14580E-04  -2.63951E-05   1.43978E-04   1.99536E-04   5.63335E-05  -1.91544E-04  -1.55285E-04   7.44239E-05   1.25795E-04   4.06994E-05  -2.58673E-05  -8.67815E-05  -6.24261E-05   6.63264E-05   8.71793E-05  -2.23271E-05  -4.41911E-05  -7.61577E-06  -5.76433E-06   1.28109E-05

