#
#--------------------------------------------------------------------------------
### 
## 
## Courbe 0
## resp__3
## Courbe 1
## resp__2
## Courbe 2
## resp__1
## Courbe 3
## resp_0
## Courbe 4
## resp_1
## Courbe 5
## resp_2
## Courbe 6
## resp_3
## Courbe 7
## resp_4
## Courbe 8
## resp_5
## Courbe 9
## resp_6
## Courbe 10
## resp_7
## Courbe 11
## resp_8
## Courbe 12
## resp_9
## Courbe 13
## resp_10
## Courbe 14
## resp_11
## Courbe 15
## resp_12
## Courbe 16
## resp_13
## Courbe 17
## resp_14
## Courbe 18
## resp_15
## Courbe 19
## resp_16
## Courbe 20
## resp_17
FREQ          DZ_0_R        DZ_0_I        DZ_1_R        DZ_1_I        DZ_2_R        DZ_2_I        DZ_3_R        DZ_3_I        DZ_4_R        DZ_4_I        DZ_5_R        DZ_5_I        DZ_6_R        DZ_6_I        DZ_7_R        DZ_7_I        DZ_8_R        DZ_8_I        DZ_9_R        DZ_9_I        DZ_10_R       DZ_10_I       DZ_11_R       DZ_11_I       DZ_12_R       DZ_12_I       DZ_13_R       DZ_13_I       DZ_14_R       DZ_14_I       DZ_15_R       DZ_15_I       DZ_16_R       DZ_16_I       DZ_17_R       DZ_17_I       DZ_18_R       DZ_18_I       DZ_19_R       DZ_19_I       DZ_20_R       DZ_20_I     
 3.54000E+01   1.01418E-02   2.99793E-02   1.36776E-02   3.75173E-02   1.63435E-02   4.19554E-02   1.77510E-02   4.28312E-02   1.76610E-02   3.99755E-02   1.59950E-02   3.35180E-02   1.28318E-02   2.38661E-02   8.39098E-03   1.16593E-02   3.00253E-03  -2.29944E-03  -2.97740E-03  -1.71594E-02  -9.31601E-03  -3.12104E-02  -1.34538E-02  -3.89284E-02  -1.40868E-02  -3.83279E-02  -1.36607E-02  -3.53977E-02  -1.21767E-02  -3.02367E-02  -9.61014E-03  -2.28447E-02  -6.04674E-03  -1.34327E-02  -1.65862E-03  -2.37121E-03   3.32876E-03   9.87664E-03   8.67682E-03   2.28328E-02   1.41794E-02   3.60905E-02
 3.56000E+01   1.07780E-02   3.07469E-02   1.45594E-02   3.85602E-02   1.74201E-02   4.32093E-02   1.89411E-02   4.42006E-02   1.88634E-02   4.13457E-02   1.71001E-02   3.47677E-02   1.37332E-02   2.48797E-02   8.99624E-03   1.23377E-02   3.24163E-03  -2.02974E-03  -3.14983E-03  -1.73449E-02  -9.93818E-03  -3.18823E-02  -1.43793E-02  -3.99221E-02  -1.50683E-02  -3.93769E-02  -1.46219E-02  -3.64209E-02  -1.30404E-02  -3.11533E-02  -1.02968E-02  -2.35716E-02  -6.48267E-03  -1.38937E-02  -1.78267E-03  -2.50298E-03   3.56119E-03   1.01200E-02   9.29265E-03   2.34789E-02   1.51902E-02   3.71512E-02
 3.59000E+01   1.18525E-02   3.19553E-02   1.60491E-02   4.02037E-02   1.92395E-02   4.51867E-02   2.09529E-02   4.63614E-02   2.08966E-02   4.35089E-02   1.89693E-02   3.67413E-02   1.52585E-02   2.64806E-02   1.00211E-02   1.34092E-02   3.64758E-03  -1.60457E-03  -3.43969E-03  -1.76396E-02  -1.09890E-02  -3.29474E-02  -1.59438E-02  -4.14971E-02  -1.67282E-02  -4.10396E-02  -1.62478E-02  -3.80431E-02  -1.45017E-02  -3.26064E-02  -1.14588E-02  -2.47242E-02  -7.22068E-03  -1.46245E-02  -1.99301E-03  -2.71165E-03   3.95409E-03   1.05063E-02   1.03344E-02   2.45042E-02   1.69004E-02   3.88342E-02
 3.61000E+01   1.26610E-02   3.27993E-02   1.71703E-02   4.13526E-02   2.06093E-02   4.65700E-02   2.24681E-02   4.78739E-02   2.24283E-02   4.50236E-02   2.03778E-02   3.81237E-02   1.64083E-02   2.76021E-02   1.07942E-02   1.41596E-02   3.95454E-03  -1.30723E-03  -3.65687E-03  -1.78472E-02  -1.17798E-02  -3.36959E-02  -1.71222E-02  -4.26039E-02  -1.79788E-02  -4.22082E-02  -1.74731E-02  -3.91833E-02  -1.56033E-02  -3.36279E-02  -1.23349E-02  -2.55344E-02  -7.77726E-03  -1.51381E-02  -2.15186E-03  -2.85818E-03   4.25002E-03   1.07783E-02   1.11195E-02   2.52254E-02   1.81895E-02   4.00180E-02
 3.64000E+01   1.40365E-02   3.41217E-02   1.90788E-02   4.31543E-02   2.29415E-02   4.87408E-02   2.50483E-02   5.02486E-02   2.50372E-02   4.74028E-02   2.27777E-02   4.02956E-02   1.83681E-02   2.93644E-02   1.21126E-02   1.53387E-02   4.47924E-03  -8.40765E-04  -4.02497E-03  -1.81751E-02  -1.31256E-02  -3.48755E-02  -1.91290E-02  -4.43479E-02  -2.01093E-02  -4.40497E-02  -1.95611E-02  -4.09801E-02  -1.74807E-02  -3.52377E-02  -1.38285E-02  -2.68113E-02  -8.72638E-03  -1.59476E-02  -2.42308E-03  -3.08889E-03   4.75402E-03   1.12073E-02   1.24575E-02   2.63629E-02   2.03867E-02   4.18847E-02
 3.66000E+01   1.50793E-02   3.50390E-02   2.05260E-02   4.44049E-02   2.47105E-02   5.02484E-02   2.70059E-02   5.18986E-02   2.70171E-02   4.90563E-02   2.45993E-02   4.18053E-02   1.98560E-02   3.05895E-02   1.31142E-02   1.61583E-02   4.87866E-03  -5.16960E-04  -4.30303E-03  -1.84042E-02  -1.41460E-02  -3.56976E-02  -2.06516E-02  -4.55633E-02  -2.17262E-02  -4.53331E-02  -2.11462E-02  -4.22324E-02  -1.89062E-02  -3.63598E-02  -1.49627E-02  -2.77013E-02  -9.44733E-03  -1.65117E-02  -2.62934E-03  -3.24955E-03   5.13642E-03   1.15066E-02   1.34732E-02   2.71561E-02   2.20549E-02   4.31866E-02
 3.69000E+01   1.68671E-02   3.64609E-02   2.30078E-02   4.63447E-02   2.77447E-02   5.25879E-02   3.03643E-02   5.44597E-02   3.04144E-02   5.16237E-02   2.77259E-02   4.41498E-02   2.24107E-02   3.24920E-02   1.48347E-02   1.74308E-02   5.56605E-03  -1.49199E-05  -4.77817E-03  -1.87615E-02  -1.58957E-02  -3.69771E-02  -2.32641E-02  -4.74547E-02  -2.45012E-02  -4.73302E-02  -2.38671E-02  -4.41813E-02  -2.13536E-02  -3.81059E-02  -1.69104E-02  -2.90863E-02  -1.06856E-02  -1.73896E-02  -2.98397E-03  -3.49932E-03   5.79257E-03   1.19728E-02   1.52169E-02   2.83912E-02   2.49191E-02   4.52132E-02
 3.72000E+01   1.89737E-02   3.79216E-02   2.59329E-02   4.83384E-02   3.13220E-02   5.49930E-02   3.43247E-02   5.70933E-02   3.44216E-02   5.42640E-02   3.14145E-02   4.65611E-02   2.54256E-02   3.44486E-02   1.68662E-02   1.87389E-02   6.37934E-03   5.00230E-04  -5.33605E-03  -1.91309E-02  -1.79577E-02  -3.82962E-02  -2.63450E-02  -4.94038E-02  -2.77748E-02  -4.93882E-02  -2.70775E-02  -4.61893E-02  -2.42420E-02  -3.99049E-02  -1.92093E-02  -3.05131E-02  -1.21476E-02  -1.82937E-02  -3.40315E-03  -3.75631E-03   6.56641E-03   1.24535E-02   1.72745E-02   2.96643E-02   2.82992E-02   4.73020E-02
 3.74000E+01   2.05882E-02   3.89023E-02   2.81752E-02   4.96769E-02   3.40646E-02   5.66078E-02   3.73616E-02   5.88614E-02   3.74948E-02   5.60365E-02   3.42440E-02   4.81796E-02   2.77387E-02   3.57617E-02   1.84256E-02   1.96165E-02   7.00451E-03   8.45107E-04  -5.76248E-03  -1.93802E-02  -1.95382E-02  -3.91830E-02  -2.87077E-02  -5.07135E-02  -3.02858E-02  -5.07707E-02  -2.95405E-02  -4.75382E-02  -2.64581E-02  -4.11131E-02  -2.09735E-02  -3.14712E-02  -1.32698E-02  -1.89008E-02  -3.72514E-03  -3.92863E-03   7.15988E-03   1.27767E-02   1.88530E-02   3.05195E-02   3.08928E-02   4.87050E-02
 3.77000E+01   2.33831E-02   4.03478E-02   3.20578E-02   5.16490E-02   3.88143E-02   5.89860E-02   4.26217E-02   6.14646E-02   4.28187E-02   5.86453E-02   3.91463E-02   5.05610E-02   3.17473E-02   3.76927E-02   2.11287E-02   2.09060E-02   8.08973E-03   1.35044E-03  -6.49893E-03  -1.97492E-02  -2.22747E-02  -4.04895E-02  -3.28002E-02  -5.26410E-02  -3.46360E-02  -5.28045E-02  -3.38082E-02  -4.95216E-02  -3.02987E-02  -4.28893E-02  -2.40312E-02  -3.28793E-02  -1.52149E-02  -1.97925E-02  -4.28373E-03  -4.18137E-03   8.18789E-03   1.32522E-02   2.15884E-02   3.17769E-02   3.53874E-02   5.07673E-02
 3.80000E+01   2.67054E-02   4.16956E-02   3.66739E-02   5.34850E-02   4.44624E-02   6.11974E-02   4.88778E-02   6.38824E-02   4.91515E-02   6.10659E-02   4.49787E-02   5.27682E-02   3.65175E-02   3.94805E-02   2.43467E-02   2.20978E-02   9.38340E-03   1.81484E-03  -7.37217E-03  -2.00950E-02  -2.55279E-02  -4.17017E-02  -3.76679E-02  -5.44254E-02  -3.98113E-02  -5.46852E-02  -3.88862E-02  -5.13541E-02  -3.48690E-02  -4.45291E-02  -2.76704E-02  -3.41783E-02  -1.75305E-02  -2.06146E-02  -4.94919E-03  -4.41359E-03   9.41070E-03   1.36917E-02   2.48433E-02   3.29376E-02   4.07362E-02   5.26701E-02
 3.83000E+01   3.06521E-02   4.28308E-02   4.21584E-02   5.50251E-02   5.11740E-02   6.30460E-02   5.63127E-02   6.58977E-02   5.66788E-02   6.30782E-02   5.19122E-02   5.45987E-02   4.21892E-02   4.09591E-02   2.81740E-02   2.30798E-02   1.09239E-02   2.19284E-03  -8.40729E-03  -2.03879E-02  -2.93929E-02  -4.27069E-02  -4.34534E-02  -5.58975E-02  -4.59635E-02  -5.62328E-02  -4.49234E-02  -5.28590E-02  -4.03033E-02  -4.58734E-02  -3.19980E-02  -3.52416E-02  -2.02845E-02  -2.12861E-02  -5.74116E-03  -4.60198E-03   1.08641E-02   1.40528E-02   2.87133E-02   3.38881E-02   4.70962E-02   5.42272E-02
 3.85000E+01   3.36772E-02   4.33861E-02   4.63627E-02   5.57714E-02   5.63196E-02   6.39349E-02   6.20134E-02   6.68602E-02   6.24507E-02   6.40334E-02   5.72293E-02   5.54625E-02   4.65393E-02   4.16526E-02   3.11102E-02   2.35363E-02   1.21066E-02   2.36381E-03  -9.19952E-03  -2.05321E-02  -3.23557E-02  -4.31802E-02  -4.78895E-02  -5.65828E-02  -5.06813E-02  -5.69489E-02  -4.95536E-02  -5.35519E-02  -4.44714E-02  -4.64898E-02  -3.53175E-02  -3.57274E-02  -2.23971E-02  -2.15916E-02  -6.34899E-03  -4.68628E-03   1.19786E-02   1.42192E-02   3.16814E-02   3.43229E-02   5.19743E-02   5.49379E-02
 3.88000E+01   3.88609E-02   4.37383E-02   5.35679E-02   5.62220E-02   6.51385E-02   6.44486E-02   7.17845E-02   6.73950E-02   7.23447E-02   6.45450E-02   6.63445E-02   5.59085E-02   5.39975E-02   4.19964E-02   3.61451E-02   2.37496E-02   1.41361E-02   2.42806E-03  -1.05554E-02  -2.06256E-02  -3.74328E-02  -4.34203E-02  -5.54933E-02  -5.69042E-02  -5.87690E-02  -5.72703E-02  -5.74916E-02  -5.38515E-02  -5.16178E-02  -4.67477E-02  -4.10093E-02  -3.59243E-02  -2.60199E-02  -2.17108E-02  -7.39170E-03  -4.71457E-03   1.38889E-02   1.42912E-02   3.67700E-02   3.45006E-02   6.03381E-02   5.52236E-02
 3.91000E+01   4.48350E-02   4.32211E-02   6.18724E-02   5.54632E-02   7.53037E-02   6.34808E-02   8.30481E-02   6.62870E-02   8.37508E-02   6.33915E-02   7.68536E-02   5.48190E-02   6.25970E-02   4.10821E-02   4.19515E-02   2.31115E-02   1.64782E-02   2.14590E-03  -1.21161E-02  -2.04961E-02  -4.32845E-02  -4.28097E-02  -6.42590E-02  -5.59475E-02  -6.80933E-02  -5.62304E-02  -6.66440E-02  -5.28137E-02  -5.98579E-02  -4.58005E-02  -4.75727E-02  -3.51606E-02  -3.01978E-02  -2.12179E-02  -8.59460E-03  -4.56572E-03   1.60912E-02   1.40421E-02   4.26374E-02   3.38207E-02   6.99821E-02   5.40987E-02
 3.94000E+01   5.14990E-02   4.14167E-02   7.11365E-02   5.29136E-02   8.66441E-02   6.03195E-02   9.56144E-02   6.27468E-02   9.64768E-02   5.97734E-02   8.85793E-02   5.14568E-02   7.21927E-02   3.83061E-02   4.84313E-02   2.12138E-02   1.90929E-02   1.35190E-03  -1.38558E-02  -2.00354E-02  -4.98121E-02  -4.09391E-02  -7.40388E-02  -5.30983E-02  -7.84969E-02  -5.31752E-02  -7.68564E-02  -4.97959E-02  -6.90527E-02  -4.30693E-02  -5.48968E-02  -3.29750E-02  -3.48602E-02  -1.98190E-02  -9.93730E-03  -4.15493E-03   1.85484E-02   1.33173E-02   4.91844E-02   3.18711E-02   8.07435E-02   5.08859E-02
 3.97000E+01   5.85359E-02   3.78509E-02   8.09193E-02   4.79138E-02   9.86198E-02   5.41570E-02   1.08885E-01   5.58788E-02   1.09916E-01   5.27832E-02   1.00963E-01   4.49853E-02   8.23267E-02   3.29832E-02   5.52749E-02   1.75933E-02   2.18548E-02  -1.41654E-04  -1.56923E-02  -1.91207E-02  -5.67052E-02  -3.73437E-02  -8.43666E-02  -4.76594E-02  -8.94839E-02  -4.73625E-02  -8.76415E-02  -4.40692E-02  -7.87633E-02  -3.78977E-02  -6.26318E-02  -2.88443E-02  -3.97842E-02  -1.71809E-02  -1.13555E-02  -3.38597E-03   2.11432E-02   1.19418E-02   5.60985E-02   2.81845E-02   9.21085E-02   4.48166E-02
 4.00000E+01   6.53225E-02   3.21185E-02   9.03538E-02   3.99000E-02   1.10169E-01   4.43027E-02   1.21682E-01   4.49178E-02   1.22876E-01   4.16453E-02   1.12904E-01   3.46897E-02   9.20986E-02   2.45279E-02   6.18735E-02   1.18542E-02   2.45172E-02  -2.49520E-03  -1.74643E-02  -1.76471E-02  -6.33531E-02  -3.16264E-02  -9.43261E-02  -3.90349E-02  -1.00078E-01  -3.81577E-02  -9.80411E-02  -3.50106E-02  -8.81266E-02  -2.97243E-02  -7.00899E-02  -2.23212E-02  -4.45319E-02  -1.30186E-02  -1.27227E-02  -2.17658E-03   2.36454E-02   9.76561E-03   6.27654E-02   2.23612E-02   1.03067E-01   3.52338E-02
 4.02000E+01   6.92559E-02   2.70181E-02   9.58214E-02   3.27785E-02   1.16861E-01   3.55543E-02   1.29098E-01   3.51945E-02   1.30385E-01   3.17721E-02   1.19821E-01   2.55688E-02   9.77590E-02   1.70423E-02   6.56950E-02   6.77775E-03   2.60579E-02  -4.57175E-03  -1.84928E-02  -1.63348E-02  -6.72058E-02  -2.65625E-02  -1.00097E-01  -3.14049E-02  -1.06216E-01  -3.00192E-02  -1.04065E-01  -2.70049E-02  -9.35500E-02  -2.25037E-02  -7.44095E-02  -1.65603E-02  -4.72813E-02  -9.34416E-03  -1.35141E-02  -1.11040E-03   2.50951E-02   7.84229E-03   6.66271E-02   1.72179E-02   1.09414E-01   2.67715E-02
 4.05000E+01   7.34814E-02   1.76877E-02   1.01693E-01   1.97596E-02   1.24047E-01   1.95695E-02   1.37058E-01   1.74363E-02   1.38443E-01   1.37467E-02   1.27244E-01   8.92259E-03   1.03830E-01   3.38538E-03   6.97912E-02  -2.47961E-03   2.77057E-02  -8.35345E-03  -1.96023E-02  -1.39330E-02  -7.13442E-02  -1.73215E-02  -1.06290E-01  -1.74901E-02  -1.12801E-01  -1.51816E-02  -1.10527E-01  -1.24130E-02  -9.93657E-02  -9.34531E-03  -7.90405E-02  -6.06417E-03  -5.02280E-02  -2.65076E-03  -1.43612E-02   8.30387E-04   2.66507E-02   4.33662E-03   7.07685E-02   7.84641E-03   1.16220E-01   1.13539E-02
 4.08000E+01   7.49105E-02   7.13800E-03   1.03676E-01   5.04448E-03   1.26468E-01   1.50686E-03   1.39735E-01  -2.62593E-03   1.41150E-01  -6.61366E-03   1.29732E-01  -9.87669E-03   1.05860E-01  -1.20354E-02   7.11553E-02  -1.29303E-02   2.82459E-02  -1.26202E-02  -1.99882E-02  -1.12177E-02  -7.27423E-02  -6.88691E-03  -1.08371E-01  -1.78249E-03  -1.15008E-01   1.56539E-03  -1.12688E-01   4.05470E-03  -1.01308E-01   5.50318E-03  -8.05849E-02   5.77921E-03  -5.12087E-02   4.90106E-03  -1.46406E-02   3.01940E-03   2.71728E-02   3.80364E-04   7.21527E-02  -2.72804E-03   1.18492E-01  -6.04201E-03
 4.11000E+01   7.32032E-02  -3.34091E-03   1.01295E-01  -9.57241E-03   1.23547E-01  -1.64357E-02   1.36490E-01  -2.25555E-02   1.37854E-01  -2.68400E-02   1.26687E-01  -2.85531E-02   1.03359E-01  -2.73562E-02   6.94556E-02  -2.33144E-02   2.75441E-02  -1.68612E-02  -1.95625E-02  -8.52268E-03  -7.10673E-02   3.47724E-03  -1.05840E-01   1.38211E-02  -1.12306E-01   1.82024E-02  -1.10028E-01   2.04150E-02  -9.89069E-02   2.02554E-02  -7.86677E-02   1.75462E-02  -4.99845E-02   1.24045E-02  -1.42834E-02   5.19486E-03   2.65358E-02  -3.54975E-03   7.04446E-02  -1.32337E-02   1.15680E-01  -2.33252E-02
 4.14000E+01   6.87727E-02  -1.24862E-02   9.51265E-02  -2.23344E-02   1.15985E-01  -3.21069E-02   1.28100E-01  -3.99672E-02   1.29347E-01  -4.45159E-02   1.18837E-01  -4.48787E-02   9.69233E-02  -4.07526E-02   6.50952E-02  -3.23982E-02   2.57637E-02  -2.05767E-02  -1.84320E-02  -6.17503E-03  -6.67238E-02   1.25335E-02  -9.93045E-02   2.74639E-02  -1.05340E-01   3.27528E-02  -1.03180E-01   3.47266E-02  -9.27338E-02   3.31626E-02  -7.37447E-02   2.78433E-02  -4.68456E-02   1.89721E-02  -1.33733E-02   7.10052E-03   2.48924E-02  -6.98707E-03   6.60514E-02  -2.24257E-02   1.08453E-01  -3.84488E-02
 4.17000E+01   6.25602E-02  -1.95162E-02   8.64792E-02  -3.21546E-02   1.05388E-01  -4.41752E-02   1.16345E-01  -5.33852E-02   1.17429E-01  -5.81457E-02   1.07843E-01  -5.74749E-02   8.79122E-02  -5.10956E-02   5.89938E-02  -3.94186E-02   2.32774E-02  -2.34572E-02  -1.68406E-02  -4.37705E-03  -6.06343E-02   1.95161E-02  -9.01487E-02   3.79968E-02  -9.55851E-02   4.39935E-02  -9.35925E-02   4.57882E-02  -8.40924E-02   4.31428E-02  -6.68546E-02   3.58083E-02  -4.24537E-02   2.40545E-02  -1.21014E-02   8.57782E-03   2.25904E-02  -9.64283E-03   5.99011E-02  -2.95337E-02   9.83361E-02  -5.01463E-02
 4.20000E+01   5.56023E-02  -2.42619E-02   7.67951E-02  -3.87974E-02   9.35205E-02  -5.23524E-02   1.03181E-01  -6.24897E-02   1.04085E-01  -6.74057E-02   9.55331E-02  -6.60432E-02   7.78238E-02  -5.81408E-02   5.21636E-02  -4.42101E-02   2.04954E-02  -2.54359E-02  -1.50567E-02  -3.17259E-03  -5.38145E-02   2.42592E-02  -7.98965E-02   4.51710E-02  -8.46624E-02   5.16595E-02  -8.28581E-02   5.33396E-02  -7.44180E-02   4.99616E-02  -5.91412E-02   4.12543E-02  -3.75374E-02   2.75328E-02  -1.06779E-02   9.59243E-03   2.00128E-02  -1.14545E-02   5.30154E-02  -3.43910E-02   8.70103E-02  -5.81435E-02
 4.23000E+01   4.87069E-02  -2.69950E-02   6.71977E-02  -4.26409E-02   8.17594E-02  -5.71016E-02   9.01350E-02  -6.77942E-02   9.08593E-02  -7.28160E-02   8.33331E-02  -7.10630E-02   6.78249E-02  -6.22809E-02   4.53938E-02  -4.70385E-02   1.77375E-02  -2.66202E-02  -1.32893E-02  -2.49129E-03  -4.70559E-02   2.70292E-02  -6.97358E-02   4.93862E-02  -7.38370E-02   5.61764E-02  -7.22189E-02   5.77987E-02  -6.48292E-02   5.39954E-02  -5.14959E-02   4.44815E-02  -3.26643E-02   2.95981E-02  -9.26691E-03   1.01995E-02   1.74581E-02  -1.25226E-02   4.61906E-02  -3.72655E-02   7.57848E-02  -6.28809E-02
 4.26000E+01   4.23558E-02  -2.81729E-02   5.83574E-02  -4.43215E-02   7.09253E-02  -5.92020E-02   7.81168E-02  -7.01625E-02   7.86750E-02  -7.52520E-02   7.20927E-02  -7.33415E-02   5.86116E-02  -6.41766E-02   3.91550E-02  -4.83504E-02   1.51946E-02  -2.71914E-02  -1.16634E-02  -2.21471E-03  -4.08307E-02   2.82743E-02  -6.03750E-02   5.13151E-02  -6.38628E-02   5.82603E-02  -6.24156E-02   5.98689E-02  -5.59932E-02   5.58779E-02  -4.44505E-02   4.59945E-02  -2.81733E-02   3.05720E-02  -7.96604E-03   1.04919E-02   1.51044E-02  -1.30160E-02   3.99018E-02  -3.86082E-02   6.54403E-02  -6.51002E-02
 4.29000E+01   3.67591E-02  -2.82548E-02   5.05664E-02  -4.44778E-02   6.13764E-02  -5.94358E-02   6.75231E-02  -7.04620E-02   6.79339E-02  -7.55924E-02   6.21825E-02  -7.36885E-02   5.04876E-02  -6.44915E-02   3.36523E-02  -4.85944E-02   1.29496E-02  -2.73312E-02  -1.02332E-02  -2.22402E-03  -3.53449E-02   2.84444E-02  -5.21231E-02   5.16327E-02  -5.50688E-02   5.86299E-02  -5.37713E-02   6.02560E-02  -4.82010E-02   5.62448E-02  -3.82367E-02   4.63003E-02  -2.42118E-02   3.07772E-02  -6.81796E-03   1.05629E-02   1.30294E-02  -1.31046E-02   3.43561E-02  -3.88718E-02   5.63174E-02  -6.55456E-02
 4.32000E+01   3.19535E-02  -2.76179E-02   4.38757E-02  -4.36344E-02   5.31749E-02  -5.84456E-02   5.84232E-02  -6.94049E-02   5.87061E-02  -7.45588E-02   5.36674E-02  -7.27696E-02   4.35057E-02  -6.37704E-02   2.89217E-02  -4.81389E-02   1.10172E-02  -2.71890E-02  -9.00830E-03  -2.42158E-03  -3.06343E-02   2.79091E-02  -4.50341E-02   5.08938E-02  -4.75124E-02   5.78755E-02  -4.63423E-02   5.95400E-02  -4.15034E-02   5.56185E-02  -3.28950E-02   4.58150E-02  -2.08057E-02   3.04789E-02  -5.83012E-03   1.04889E-02   1.12465E-02  -1.29277E-02   2.95896E-02  -3.84281E-02   4.84757E-02  -6.48285E-02
 4.36000E+01   2.66779E-02  -2.61182E-02   3.65292E-02  -4.16057E-02   4.41677E-02  -5.60185E-02   4.84272E-02  -6.67690E-02   4.85676E-02  -7.19389E-02   4.43097E-02  -7.04007E-02   3.58306E-02  -6.18735E-02   2.37185E-02  -4.69006E-02   8.88761E-03  -2.67459E-02  -7.66897E-03  -2.85673E-03  -2.54627E-02   2.65567E-02  -3.72456E-02   4.89529E-02  -3.92078E-02   5.58539E-02  -3.81755E-02   5.75886E-02  -3.41391E-02   5.38865E-02  -2.70204E-02   4.44538E-02  -1.70588E-02   2.96269E-02  -4.74219E-03   1.02597E-02   9.28746E-03  -1.24517E-02   2.43489E-02  -3.71977E-02   3.98526E-02  -6.28226E-02
 4.39000E+01   2.34507E-02  -2.47399E-02   3.20338E-02  -3.97317E-02   3.86548E-02  -5.37669E-02   4.23076E-02  -6.43146E-02   4.23590E-02  -6.94908E-02   3.85775E-02  -6.81792E-02   3.11273E-02  -6.00874E-02   2.05277E-02  -4.57274E-02   7.57839E-03  -2.63162E-02  -6.85396E-03  -3.25129E-03  -2.22989E-02   2.52927E-02  -3.24764E-02   4.71250E-02  -3.41203E-02   5.39423E-02  -3.31708E-02   5.57376E-02  -2.96248E-02   5.22392E-02  -2.34183E-02   4.31558E-02  -1.47606E-02   2.88117E-02  -4.07388E-03   1.00375E-02   8.08753E-03  -1.20012E-02   2.11367E-02  -3.60267E-02   3.45663E-02  -6.09106E-02
 4.42000E+01   2.07416E-02  -2.32713E-02   2.82590E-02  -3.77324E-02   3.40243E-02  -5.13623E-02   3.71661E-02  -6.16909E-02   3.71413E-02  -6.68719E-02   3.37586E-02  -6.58010E-02   2.71716E-02  -5.81738E-02   1.78421E-02  -4.44689E-02   6.47352E-03  -2.58535E-02  -6.17364E-03  -3.67144E-03  -1.96429E-02   2.39394E-02  -2.84685E-02   4.51648E-02  -2.98430E-02   5.18910E-02  -2.89616E-02   5.37501E-02  -2.58269E-02   5.04694E-02  -2.03870E-02   4.17606E-02  -1.28257E-02   2.79351E-02  -3.51036E-03   9.79803E-03   7.07889E-03  -1.15175E-02   1.84345E-02  -3.47683E-02   3.01183E-02  -5.88553E-02
 4.45000E+01   1.84632E-02  -2.17819E-02   2.50833E-02  -3.57045E-02   3.01273E-02  -4.89229E-02   3.28376E-02  -5.90292E-02   3.27472E-02  -6.42149E-02   2.96987E-02  -6.33883E-02   2.38373E-02  -5.62327E-02   1.55764E-02  -4.31928E-02   5.53840E-03  -2.53852E-02  -5.60541E-03  -4.09921E-03  -1.74090E-02   2.25647E-02  -2.50935E-02   4.31747E-02  -2.62391E-02   4.98087E-02  -2.54135E-02   5.17328E-02  -2.26244E-02   4.86734E-02  -1.78300E-02   4.03449E-02  -1.11929E-02   2.70457E-02  -3.03389E-03   9.55534E-03   6.22926E-03  -1.10264E-02   1.61561E-02  -3.34909E-02   2.63670E-02  -5.67694E-02
 4.48000E+01   1.65406E-02  -2.03140E-02   2.24023E-02  -3.37067E-02   2.68362E-02  -4.65209E-02   2.91807E-02  -5.64095E-02   2.90334E-02  -6.16011E-02   2.62658E-02  -6.10161E-02   2.10162E-02  -5.43256E-02   1.36573E-02  -4.19407E-02   4.74333E-03  -2.49281E-02  -5.12988E-03  -4.52368E-03  -1.55239E-02   2.12101E-02  -2.22411E-02   4.12167E-02  -2.31913E-02   4.77616E-02  -2.24113E-02   4.97510E-02  -1.99134E-02   4.69098E-02  -1.56645E-02   3.89556E-02  -9.80930E-03   2.61735E-02  -2.62924E-03   9.31808E-03   5.51092E-03  -1.05434E-02   1.42277E-02  -3.22365E-02   2.31910E-02  -5.47217E-02
 4.52000E+01   1.44242E-02  -1.84311E-02   1.94495E-02  -3.11470E-02   2.32094E-02  -4.34461E-02   2.51487E-02  -5.30590E-02   2.49362E-02  -5.82614E-02   2.24761E-02  -5.79883E-02   1.78992E-02  -5.18947E-02   1.15338E-02  -4.03485E-02   3.85896E-03  -2.43525E-02  -4.61259E-03  -5.07396E-03  -1.34487E-02   1.94754E-02  -1.90947E-02   3.87166E-02  -1.98261E-02   4.51513E-02  -1.90941E-02   4.72266E-02  -1.69160E-02   4.46657E-02  -1.32689E-02   3.71893E-02  -8.27754E-03   2.50661E-02  -2.17986E-03   9.01851E-03   4.71810E-03  -9.92731E-03   1.20960E-02  -3.06401E-02   1.96788E-02  -5.21172E-02
 4.55000E+01   1.31080E-02  -1.70904E-02   1.76119E-02  -2.93267E-02   2.09509E-02  -4.12624E-02   2.26362E-02  -5.06825E-02   2.23814E-02  -5.58954E-02   2.01112E-02  -5.58462E-02   1.59521E-02  -5.01780E-02   1.02049E-02  -3.92276E-02   3.30200E-03  -2.39523E-02  -4.29558E-03  -5.47092E-03  -1.21581E-02   1.82433E-02  -1.71330E-02   3.69473E-02  -1.77256E-02   4.33074E-02  -1.70217E-02   4.54460E-02  -1.50421E-02   4.30848E-02  -1.17701E-02   3.59466E-02  -7.31829E-03   2.42882E-02  -1.89736E-03   8.80961E-03   4.22347E-03  -9.49189E-03   1.07635E-02  -2.95152E-02   1.74823E-02  -5.02836E-02
 4.58000E+01   1.19802E-02  -1.58161E-02   1.60362E-02  -2.75993E-02   1.90130E-02  -3.91929E-02   2.04790E-02  -4.84331E-02   2.01864E-02  -5.36588E-02   1.80777E-02  -5.38241E-02   1.42761E-02  -4.85603E-02   9.05902E-03  -3.81747E-02   2.81871E-03  -2.35814E-02  -4.02801E-03  -5.85304E-03  -1.10522E-02   1.70753E-02  -1.54477E-02   3.52765E-02  -1.59190E-02   4.15694E-02  -1.52376E-02   4.37703E-02  -1.34277E-02   4.15990E-02  -1.04780E-02   3.47801E-02  -6.49055E-03   2.35593E-02  -1.65267E-03   8.61535E-03   3.79826E-03  -9.08134E-03   9.61575E-03  -2.84578E-02   1.55894E-02  -4.85615E-02
 4.61000E+01   1.10091E-02  -1.46090E-02   1.46785E-02  -2.59655E-02   1.73420E-02  -3.72384E-02   1.86175E-02  -4.63118E-02   1.82907E-02  -5.15527E-02   1.63200E-02  -5.19231E-02   1.28256E-02  -4.70427E-02   8.06524E-03  -3.71905E-02   2.39657E-03  -2.32399E-02  -3.80175E-03  -6.22021E-03  -1.01001E-02   1.59722E-02  -1.39924E-02   3.37052E-02  -1.43569E-02   3.99384E-02  -1.36935E-02   4.22004E-02  -1.20291E-02   4.02091E-02  -9.35769E-03   3.36906E-02  -5.77212E-03   2.28798E-02  -1.43937E-03   8.43588E-03   3.43080E-03  -8.69588E-03   8.62172E-03  -2.74686E-02   1.39491E-02  -4.69519E-02
 4.65000E+01   9.91475E-03  -1.31006E-02   1.31467E-02  -2.39284E-02   1.54549E-02  -3.48062E-02   1.65131E-02  -4.36768E-02   1.61454E-02  -4.89415E-02   1.43283E-02  -4.95711E-02   1.11794E-02  -4.51702E-02   6.93421E-03  -3.59821E-02   1.91152E-03  -2.28294E-02  -3.55310E-03  -6.68739E-03  -9.02711E-03   1.45992E-02  -1.23458E-02   3.17603E-02  -1.25862E-02   3.79252E-02  -1.19407E-02   4.02672E-02  -1.04397E-02   3.85011E-02  -8.08305E-03   3.23544E-02  -4.95352E-03   2.20486E-02  -1.19491E-03   8.21899E-03   3.01457E-03  -8.21981E-03   7.49236E-03  -2.62525E-02   1.20840E-02  -4.49759E-02
 4.68000E+01   9.21798E-03  -1.20412E-02   1.21702E-02  -2.25008E-02   1.42504E-02  -3.31053E-02   1.51684E-02  -4.18379E-02   1.47729E-02  -4.71231E-02   1.30522E-02  -4.79371E-02   1.01227E-02  -4.38734E-02   6.20579E-03  -3.51498E-02   1.59565E-03  -2.25535E-02  -3.39962E-03  -7.02210E-03  -8.34412E-03   1.36386E-02  -1.12925E-02   3.04083E-02  -1.14512E-02   3.65302E-02  -1.08152E-02   3.89311E-02  -9.41773E-03   3.73234E-02  -7.26242E-03   3.14351E-02  -4.42561E-03   2.14786E-02  -1.03618E-03   8.07235E-03   2.74801E-03  -7.88970E-03   6.76648E-03  -2.54138E-02   1.08842E-02  -4.36151E-02
 4.71000E+01   8.60948E-03  -1.10391E-02   1.13164E-02  -2.11533E-02   1.31961E-02  -3.15030E-02   1.39899E-02  -4.01089E-02   1.35684E-02  -4.54167E-02   1.19308E-02  -4.64072E-02   9.19238E-03  -4.26626E-02   5.56243E-03  -3.43770E-02   1.31367E-03  -2.23035E-02  -3.26981E-03  -7.34451E-03  -7.74779E-03   1.27334E-02  -1.03685E-02   2.91417E-02  -1.04533E-02   3.52271E-02  -9.82411E-03   3.76863E-02  -8.51653E-03   3.62286E-02  -6.53783E-03   3.05824E-02  -3.95870E-03   2.09513E-02  -8.94880E-04   7.93862E-03   2.51385E-03  -7.58113E-03   6.12660E-03  -2.46339E-02   9.82553E-03  -4.23515E-02
 4.75000E+01   7.91308E-03  -9.78529E-03   1.03377E-02  -1.94717E-02   1.19857E-02  -2.95082E-02   1.26348E-02  -3.79615E-02   1.21813E-02  -4.33026E-02   1.06368E-02  -4.45171E-02   8.11618E-03  -4.11725E-02   4.81502E-03  -3.34323E-02   9.81500E-04  -2.20078E-02  -3.12781E-03  -7.75715E-03  -7.06562E-03   1.16056E-02  -9.30461E-03   2.75755E-02  -9.30100E-03   3.36222E-02  -8.67720E-03   3.61580E-02  -7.47174E-03   3.48883E-02  -5.69635E-03   2.95414E-02  -3.41528E-03   2.03103E-02  -7.29002E-04   7.77907E-03   2.24378E-03  -7.20071E-03   5.38510E-03  -2.36788E-02   8.59731E-03  -4.08069E-02
 4.78000E+01   7.46336E-03  -8.90153E-03   9.70451E-03  -1.82897E-02   1.12011E-02  -2.81096E-02   1.17550E-02  -3.64597E-02   1.12788E-02  -4.18281E-02   9.79317E-03  -4.32028E-02   7.41246E-03  -4.01407E-02   4.32389E-03  -3.27831E-02   7.59770E-04  -2.18122E-02  -3.04114E-03  -8.05509E-03  -6.62534E-03   1.08142E-02  -8.61269E-03   2.64853E-02  -8.54913E-03   3.25098E-02  -7.92690E-03   3.51025E-02  -6.78682E-03   3.39657E-02  -5.14361E-03   2.88273E-02  -3.05742E-03   1.98724E-02  -6.18696E-04   7.67247E-03   2.06778E-03  -6.93677E-03   4.89925E-03  -2.30210E-02   7.79144E-03  -3.97455E-02
 4.82000E+01   6.94440E-03  -7.79142E-03   8.97224E-03  -1.68090E-02   1.02920E-02  -2.63624E-02   1.07332E-02  -3.45887E-02   1.02286E-02  -3.99964E-02   8.80882E-03  -4.15756E-02   6.58871E-03  -3.88689E-02   3.74581E-03  -3.19900E-02   4.94195E-04  -2.15837E-02  -2.94792E-03  -8.43893E-03  -6.11767E-03   9.82427E-03  -7.80775E-03   2.51338E-02  -7.67110E-03   3.11372E-02  -7.04817E-03   3.38054E-02  -5.98270E-03   3.28360E-02  -4.49323E-03   2.79559E-02  -2.63515E-03   1.93408E-02  -4.87116E-04   7.54637E-03   1.86258E-03  -6.61071E-03   4.32920E-03  -2.22152E-02   6.84440E-03  -3.84482E-02
 4.85000E+01   6.60678E-03  -7.00543E-03   8.49467E-03  -1.57637E-02   9.69762E-03  -2.51326E-02   1.00636E-02  -3.32755E-02   9.53855E-03  -3.87147E-02   8.16024E-03  -4.04412E-02   6.04389E-03  -3.79867E-02   3.36105E-03  -3.14449E-02   3.13979E-04  -2.14348E-02  -2.89250E-03  -8.71801E-03  -5.78775E-03   9.12639E-03  -7.27916E-03   2.41901E-02  -7.09194E-03   3.01838E-02  -6.46661E-03   3.29083E-02  -5.44906E-03   3.20578E-02  -4.06051E-03   2.73582E-02  -2.35329E-03   1.89782E-02  -3.98215E-04   7.46292E-03   1.72745E-03  -6.38390E-03   3.95113E-03  -2.16598E-02   6.21520E-03  -3.75564E-02
 4.89000E+01   6.21476E-03  -6.01336E-03   7.93857E-03  -1.44484E-02   9.00364E-03  -2.35895E-02   9.27966E-03  -3.16328E-02   8.72832E-03  -3.71167E-02   7.39613E-03  -3.90323E-02   5.39930E-03  -3.68970E-02   2.90260E-03  -3.07789E-02   9.46637E-05  -2.12640E-02  -2.83526E-03  -9.08010E-03  -5.40520E-03   8.24919E-03  -6.65882E-03   2.30161E-02  -6.40880E-03   2.90042E-02  -5.77802E-03   3.18039E-02  -4.81524E-03   3.11041E-02  -3.54508E-03   2.66290E-02  -2.01635E-03   1.85388E-02  -2.90519E-04   7.36533E-03   1.56839E-03  -6.10286E-03   3.50242E-03  -2.09786E-02   5.46693E-03  -3.64660E-02
 4.92000E+01   5.95840E-03  -5.30741E-03   7.57371E-03  -1.35154E-02   8.54688E-03  -2.24983E-02   8.76203E-03  -3.04748E-02   8.19155E-03  -3.59942E-02   6.88801E-03  -3.80468E-02   4.96856E-03  -3.61392E-02   2.59379E-03  -3.03211E-02  -5.65197E-05  -2.11553E-02  -2.80334E-03  -9.34524E-03  -5.15550E-03   7.62750E-03  -6.24812E-03   2.21931E-02  -5.95387E-03   2.81824E-02  -5.31746E-03   3.10386E-02  -4.38981E-03   3.04465E-02  -3.19800E-03   2.61287E-02  -1.78855E-03   1.82396E-02  -2.16635E-04   7.30167E-03   1.46270E-03  -5.90674E-03   3.20148E-03  -2.05085E-02   4.96396E-03  -3.57161E-02
 4.96000E+01   5.65958E-03  -4.41183E-03   7.14681E-03  -1.23355E-02   8.01050E-03  -2.11227E-02   8.15198E-03  -2.90200E-02   7.55652E-03  -3.45892E-02   6.28429E-03  -3.68187E-02   4.45398E-03  -3.52009E-02   2.22161E-03  -2.97618E-02  -2.43324E-04  -2.10342E-02  -2.77368E-03  -9.69164E-03  -4.86511E-03   6.84180E-03  -5.76259E-03   2.11652E-02  -5.41246E-03   2.71627E-02  -4.76668E-03   3.00945E-02  -3.87904E-03   2.96398E-02  -2.77980E-03   2.55187E-02  -1.51284E-03   1.78777E-02  -1.25789E-04   7.22855E-03   1.33725E-03  -5.66291E-03   2.84050E-03  -1.99314E-02   4.35910E-03  -3.47989E-02
 4.99000E+01   5.46364E-03  -3.77126E-03   6.86564E-03  -1.14943E-02   7.65574E-03  -2.01453E-02   7.74679E-03  -2.79899E-02   7.13290E-03  -3.35982E-02   5.87956E-03  -3.59567E-02   4.10687E-03  -3.45470E-02   1.96806E-03  -2.93775E-02  -3.74040E-04  -2.09602E-02  -2.76011E-03  -9.94700E-03  -4.67527E-03   6.28185E-03  -5.43897E-03   2.04417E-02  -5.04884E-03   2.64501E-02  -4.39470E-03   2.94391E-02  -3.53255E-03   2.90832E-02  -2.49497E-03   2.51005E-02  -1.32413E-03   1.76320E-02  -6.25404E-05   7.18194E-03   1.25324E-03  -5.49216E-03   2.59586E-03  -1.95328E-02   3.94803E-03  -3.41681E-02
 5.03000E+01   5.23494E-03  -2.95446E-03   6.53579E-03  -1.04252E-02   7.23753E-03  -1.89073E-02   7.26685E-03  -2.66899E-02   6.62862E-03  -3.23527E-02   5.39512E-03  -3.48788E-02   3.68852E-03  -3.37354E-02   1.65913E-03  -2.89083E-02  -5.37909E-04  -2.08826E-02  -2.75239E-03  -1.02828E-02  -4.45454E-03   5.57022E-03  -5.05413E-03   1.95343E-02  -4.61266E-03   2.55633E-02  -3.94573E-03   2.86292E-02  -3.11228E-03   2.84001E-02  -2.14796E-03   2.45911E-02  -1.09300E-03   1.73360E-02   1.63495E-05   7.13001E-03   1.15280E-03  -5.27916E-03   2.29946E-03  -1.90430E-02   3.44841E-03  -3.33966E-02
 5.07000E+01   5.03874E-03  -2.17602E-03   6.25085E-03  -9.41030E-03   6.87390E-03  -1.77367E-02   6.84686E-03  -2.54659E-02   6.18441E-03  -3.11859E-02   4.96529E-03  -3.38753E-02   3.31398E-03  -3.29869E-02   1.37871E-03  -2.84845E-02  -6.91888E-04  -2.08274E-02  -2.75544E-03  -1.06145E-02  -4.26624E-03   4.89434E-03  -4.71560E-03   1.86862E-02  -4.22456E-03   2.47424E-02  -3.54302E-03   2.78861E-02  -2.73295E-03   2.77789E-02  -1.83301E-03   2.41322E-02  -8.81813E-04   1.70733E-02   9.00498E-05   7.08903E-03   1.06382E-03  -5.08137E-03   2.03228E-03  -1.85969E-02   2.99628E-03  -3.26984E-02
 5.10000E+01   4.91031E-03  -1.61482E-03   6.06297E-03  -8.68110E-03   6.63252E-03  -1.68987E-02   6.56623E-03  -2.45931E-02   5.88562E-03  -3.03576E-02   4.67405E-03  -3.31672E-02   3.05796E-03  -3.24635E-02   1.18445E-03  -2.81941E-02  -8.02019E-04  -2.08000E-02  -2.76420E-03  -1.08614E-02  -4.14378E-03   4.40839E-03  -4.48820E-03   1.80854E-02  -3.96086E-03   2.41661E-02  -3.26721E-03   2.73690E-02  -2.47156E-03   2.73503E-02  -1.61481E-03   2.38187E-02  -7.34571E-04   1.68966E-02   1.42499E-04   7.06502E-03   1.00362E-03  -4.94213E-03   1.84841E-03  -1.82886E-02   2.68395E-03  -3.22189E-02
 5.14000E+01   4.76112E-03  -8.93715E-04   5.84285E-03  -7.74730E-03   6.34748E-03  -1.58294E-02   6.23234E-03  -2.34840E-02   5.52739E-03  -2.93101E-02   4.32202E-03  -3.22773E-02   2.74544E-03  -3.18119E-02   9.43852E-04  -2.78409E-02  -9.43019E-04  -2.07810E-02  -2.78388E-03  -1.11891E-02  -4.00269E-03   3.78538E-03  -4.21601E-03   1.73270E-02  -3.64109E-03   2.34458E-02  -2.92981E-03   2.67287E-02  -2.14964E-03   2.68248E-02  -1.34453E-03   2.34385E-02  -5.50930E-04   1.66860E-02   2.09322E-04   7.04149E-03   9.30965E-04  -4.76750E-03   1.62229E-03  -1.79100E-02   2.29822E-03  -3.16339E-02
 5.18000E+01   4.63434E-03  -2.00515E-04   5.65356E-03  -6.85316E-03   6.09972E-03  -1.48098E-02   5.93913E-03  -2.24315E-02   5.20961E-03  -2.83219E-02   4.00637E-03  -3.14439E-02   2.46167E-03  -3.12092E-02   7.21388E-04  -2.75236E-02  -1.07862E-03  -2.07811E-02  -2.81212E-03  -1.15159E-02  -3.88429E-03   3.18775E-03  -3.97509E-03   1.66129E-02  -3.35319E-03   2.27758E-02  -2.62257E-03   2.61402E-02  -1.85403E-03   2.63478E-02  -1.09453E-03   2.30984E-02  -3.79652E-04   1.65021E-02   2.73245E-04   7.02714E-03   8.65960E-04  -4.60440E-03   1.41499E-03  -1.75655E-02   1.94279E-03  -3.11066E-02
 5.21000E+01   4.55242E-03   3.02931E-04   5.52967E-03  -6.20601E-03   5.93568E-03  -1.40747E-02   5.74293E-03  -2.16758E-02   4.99476E-03  -2.76161E-02   3.79066E-03  -3.08530E-02   2.26534E-03  -3.07867E-02   5.64789E-04  -2.73076E-02  -1.17753E-03  -2.07931E-02  -2.83862E-03  -1.17612E-02  -3.80889E-03   2.75434E-03  -3.81258E-03   1.61037E-02  -3.15562E-03   2.23035E-02  -2.40941E-03   2.57302E-02  -1.64726E-03   2.60196E-02  -9.18475E-04   2.28678E-02  -2.58092E-04   1.63806E-02   3.19660E-04   7.02212E-03   8.21630E-04  -4.48898E-03   1.27023E-03  -1.73279E-02   1.69335E-03  -3.07463E-02
 5.25000E+01   4.45898E-03   9.54496E-04   5.38611E-03  -5.37131E-03   5.74300E-03  -1.31301E-02   5.50958E-03  -2.07092E-02   4.73616E-03  -2.67181E-02   3.52786E-03  -3.01068E-02   2.02285E-03  -3.02597E-02   3.67762E-04  -2.70471E-02  -1.30654E-03  -2.08246E-02  -2.88074E-03  -1.20891E-02  -3.72455E-03   2.19395E-03  -3.61749E-03   1.54570E-02  -2.91380E-03   2.17109E-02  -2.14530E-03   2.52223E-02  -1.38883E-03   2.56186E-02  -6.96833E-04   2.25909E-02  -1.03805E-04   1.62393E-02   3.79951E-04   7.02275E-03   7.67746E-04  -4.34353E-03   1.08962E-03  -1.70368E-02   1.38049E-03  -3.03096E-02
 5.29000E+01   4.38191E-03   1.58588E-03   5.26492E-03  -4.56560E-03   5.57714E-03  -1.22223E-02   5.30522E-03  -1.97851E-02   4.50602E-03  -2.58651E-02   3.29024E-03  -2.94043E-02   1.79975E-03  -2.97713E-02   1.82308E-04  -2.68160E-02  -1.43317E-03  -2.08730E-02  -2.93037E-03  -1.24189E-02  -3.65713E-03   1.65121E-03  -3.44451E-03   1.48437E-02  -2.69382E-03   2.11574E-02  -1.90133E-03   2.47554E-02  -1.14750E-03   2.52566E-02  -4.88023E-04   2.23467E-02   4.29723E-05   1.61201E-02   4.38866E-04   7.03143E-03   7.19170E-04  -4.20692E-03   9.21311E-04  -1.67731E-02   1.08706E-03  -2.99196E-02
 5.33000E+01   4.31965E-03   2.19938E-03   5.16392E-03  -3.78571E-03   5.43539E-03  -1.13475E-02   5.12679E-03  -1.88992E-02   4.30121E-03  -2.50530E-02   3.07484E-03  -2.87420E-02   1.59354E-03  -2.93184E-02   6.63617E-06  -2.66123E-02  -1.55828E-03  -2.09377E-02  -2.98731E-03  -1.27515E-02  -3.60517E-03   1.12380E-03  -3.29123E-03   1.42606E-02  -2.49304E-03   2.06396E-02  -1.67479E-03   2.43265E-02  -9.20781E-04   2.49311E-02  -2.90002E-04   2.21333E-02   1.83586E-04   1.60219E-02   4.96847E-04   7.04786E-03   6.75284E-04  -4.07837E-03   7.63535E-04  -1.65350E-02   8.10089E-04  -2.95732E-02
 5.37000E+01   4.27090E-03   2.79712E-03   5.08126E-03  -3.02875E-03   5.31547E-03  -1.05021E-02   4.97173E-03  -1.80478E-02   4.11904E-03  -2.42780E-02   2.87913E-03  -2.81163E-02   1.40205E-03  -2.88985E-02  -1.60817E-04  -2.64346E-02  -1.68268E-03  -2.10184E-02  -3.05144E-03  -1.30878E-02  -3.56746E-03   6.09589E-04  -3.15564E-03   1.37049E-02  -2.30916E-03   2.01547E-02  -1.46335E-03   2.39328E-02  -7.06490E-04   2.46396E-02  -1.00985E-04   2.19487E-02   3.19220E-04   1.59436E-02   5.54290E-04   7.07180E-03   6.35562E-04  -3.95719E-03   6.14756E-04  -1.63206E-02   5.47000E-04  -2.92678E-02
 5.41000E+01   4.23458E-03   3.38099E-03   5.01541E-03  -2.29209E-03   5.21546E-03  -9.68310E-03   4.83785E-03  -1.72274E-02   3.95725E-03  -2.35367E-02   2.70093E-03  -2.75242E-02   1.22342E-03  -2.85092E-02  -3.21426E-04  -2.62813E-02  -1.80708E-03  -2.11146E-02  -3.12274E-03  -1.34285E-02  -3.54302E-03   1.06607E-04  -3.03600E-03   1.31739E-02  -2.14024E-03   1.97001E-02  -1.26500E-03   2.35719E-02  -5.02730E-04   2.43800E-02   8.06048E-05   2.17913E-02   4.50929E-04   1.58842E-02   6.11561E-04   7.10306E-03   5.99554E-04  -3.84272E-03   4.73632E-04  -1.61285E-02   2.95521E-04  -2.90009E-02
 5.44000E+01   4.21494E-03   3.81086E-03   4.97628E-03  -1.75146E-03   5.15253E-03  -9.08435E-03   4.75022E-03  -1.66306E-02   3.84810E-03  -2.30010E-02   2.57765E-03  -2.71007E-02   1.09690E-03  -2.82360E-02  -4.38131E-04  -2.61815E-02  -1.90080E-03  -2.11969E-02  -3.18093E-03  -1.36874E-02  -3.53292E-03  -2.64352E-04  -2.95586E-03   1.27904E-02  -2.02233E-03   1.93776E-02  -1.12374E-03   2.33214E-02  -3.55803E-04   2.42052E-02   2.12774E-04   2.16904E-02   5.47710E-04   1.58516E-02   6.54607E-04   7.13122E-03   5.74749E-04  -3.76094E-03   3.72093E-04  -1.59983E-02   1.13309E-04  -2.88247E-02
 5.48000E+01   4.19830E-03   4.37463E-03   4.93690E-03  -1.04466E-03   5.08365E-03  -8.30458E-03   4.64915E-03  -1.58572E-02   3.71749E-03  -2.23114E-02   2.42576E-03  -2.65611E-02   9.36991E-04  -2.78952E-02  -5.89625E-04  -2.60680E-02  -2.02682E-03  -2.13197E-02  -3.26488E-03  -1.40377E-02  -3.52988E-03  -7.51953E-04  -2.86077E-03   1.22971E-02  -1.87564E-03   1.89704E-02  -9.44143E-04   2.30129E-02  -1.66540E-04   2.39972E-02   3.84660E-04   2.15776E-02   6.74783E-04   1.58234E-02   7.12382E-04   7.17496E-03   5.44341E-04  -3.65692E-03   2.41590E-04  -1.58422E-02  -1.22576E-04  -2.86204E-02
 5.52000E+01   4.19197E-03   4.92906E-03   4.91132E-03  -3.51998E-04   5.03085E-03  -7.54374E-03   4.56487E-03  -1.51069E-02   3.60259E-03  -2.16477E-02   2.28686E-03  -2.60484E-02   7.85932E-04  -2.75798E-02  -7.37343E-04  -2.59759E-02  -2.15465E-03  -2.14576E-02  -3.35622E-03  -1.43947E-02  -3.53829E-03  -1.23300E-03  -2.77812E-03   1.18224E-02  -1.73976E-03   1.85875E-02  -7.73242E-04   2.27317E-02   1.63907E-05   2.38166E-02   5.52659E-04   2.14887E-02   8.00349E-04   1.58122E-02   7.70877E-04   7.22570E-03   5.16707E-04  -3.55818E-03   1.15782E-04  -1.57051E-02  -3.51913E-04  -2.84495E-02
 5.56000E+01   4.19544E-03   5.47556E-03   4.89878E-03   3.28455E-04   4.99317E-03  -6.79955E-03   4.49622E-03  -1.43773E-02   3.50215E-03  -2.10076E-02   2.15967E-03  -2.55604E-02   6.42581E-04  -2.72882E-02  -8.82215E-04  -2.59042E-02  -2.28488E-03  -2.16103E-02  -3.45516E-03  -1.47590E-02  -3.55776E-03  -1.70900E-03  -2.70700E-03   1.13646E-02  -1.61354E-03   1.82273E-02  -6.09765E-04   2.24764E-02   1.94242E-04   2.36621E-02   7.17850E-04   2.14228E-02   9.25163E-04   1.58175E-02   8.30391E-04   7.28340E-03   4.91590E-04  -3.46430E-03  -6.20836E-06  -1.55861E-02  -5.76228E-04  -2.83106E-02
 5.60000E+01   4.20832E-03   6.01546E-03   4.89868E-03   9.98502E-04   4.96981E-03  -6.06986E-03   4.44225E-03  -1.36659E-02   3.41512E-03  -2.03887E-02   2.04312E-03  -2.50952E-02   5.05914E-04  -2.70190E-02  -1.02510E-03  -2.58523E-02  -2.41810E-03  -2.17781E-02  -3.56196E-03  -1.51315E-02  -3.58799E-03  -2.18138E-03  -2.64661E-03   1.09219E-02  -1.49595E-03   1.78880E-02  -4.52568E-04   2.22455E-02   3.68160E-04   2.35326E-02   8.81237E-04   2.13792E-02   1.04994E-03   1.58388E-02   8.91219E-04   7.34804E-03   4.68767E-04  -3.37489E-03  -1.25183E-04  -1.54844E-02  -7.96931E-04  -2.82025E-02
 5.64000E+01   4.23029E-03   6.55003E-03   4.91056E-03   1.65983E-03   4.96015E-03  -5.35268E-03   4.40218E-03  -1.29708E-02   3.34061E-03  -1.97892E-02   1.93626E-03  -2.46512E-02   3.75012E-04  -2.67709E-02  -1.16679E-03  -2.58195E-02  -2.55492E-03  -2.19608E-02  -3.67691E-03  -1.55128E-02  -3.62882E-03  -2.65148E-03  -2.59632E-03   1.04928E-02  -1.38612E-03   1.75683E-02  -3.00611E-04   2.20379E-02   5.39206E-04   2.34271E-02   1.04376E-03   2.13571E-02   1.17536E-03   1.58759E-02   9.53655E-04   7.41966E-03   4.48047E-04  -3.28957E-03  -2.41883E-04  -1.53994E-02  -1.01534E-03  -2.81242E-02
 5.68000E+01   4.26113E-03   7.08044E-03   4.93407E-03   2.31404E-03   4.96368E-03  -4.64613E-03   4.37537E-03  -1.22900E-02   3.27784E-03  -1.92072E-02   1.83825E-03  -2.42267E-02   2.49045E-04  -2.65429E-02  -1.30805E-03  -2.58053E-02  -2.69594E-03  -2.21587E-02  -3.80040E-03  -1.59039E-02  -3.68017E-03  -3.12060E-03  -2.55559E-03   1.00758E-02  -1.28323E-03   1.72669E-02  -1.52943E-04   2.18524E-02   7.08373E-04   2.33450E-02   1.20632E-03   2.13560E-02   1.30208E-03   1.59285E-02   1.01800E-03   7.49830E-03   4.29264E-04  -3.20803E-03  -3.56998E-04  -1.53303E-02  -1.23269E-03  -2.80747E-02
 5.73000E+01   4.31198E-03   7.73933E-03   4.97945E-03   3.12408E-03   4.98612E-03  -3.77523E-03   4.35976E-03  -1.14562E-02   3.21498E-03  -1.85015E-02   1.72712E-03  -2.37215E-02   9.73760E-05  -2.62846E-02  -1.48512E-03  -2.58130E-02  -2.87907E-03  -2.24276E-02  -3.96742E-03  -1.64076E-02  -3.75918E-03  -3.70754E-03  -2.51745E-03   9.56944E-03  -1.16335E-03   1.69140E-02   2.69459E-05   2.16503E-02   9.18623E-04   2.32738E-02   1.41089E-03   2.13836E-02   1.46331E-03   1.60159E-02   1.10156E-03   7.60659E-03   4.08290E-04  -3.11095E-03  -4.99655E-04  -1.52658E-02  -1.50470E-03  -2.80525E-02
 5.77000E+01   4.36243E-03   8.26446E-03   5.02842E-03   3.76770E-03   5.01822E-03  -3.08629E-03   4.36116E-03  -1.08009E-02   3.17657E-03  -1.79525E-02   1.64657E-03  -2.33360E-02  -2.01708E-05  -2.60984E-02  -1.62804E-03  -2.58393E-02  -3.03183E-03  -2.26602E-02  -4.11177E-03  -1.68234E-02  -3.83440E-03  -4.17900E-03  -2.49676E-03   9.17476E-03  -1.07366E-03   1.66495E-02   1.68096E-04   2.15114E-02   1.08695E-03   2.32416E-02   1.57667E-03   2.14285E-02   1.59533E-03   1.61029E-02   1.17131E-03   7.70136E-03   3.93369E-04  -3.03683E-03  -6.13548E-04  -1.52311E-02  -1.72398E-03  -2.80657E-02
 5.81000E+01   4.42161E-03   8.78895E-03   5.08862E-03   4.40887E-03   5.06277E-03  -2.40254E-03   4.37465E-03  -1.01542E-02   3.14828E-03  -1.74158E-02   1.57286E-03  -2.29657E-02  -1.35044E-04  -2.59293E-02  -1.77282E-03  -2.58831E-02  -3.19088E-03  -2.29089E-02  -4.26629E-03  -1.72517E-02  -3.92052E-03  -4.65346E-03  -2.48455E-03   8.78805E-03  -9.88901E-04   1.63998E-02   3.07629E-04   2.13920E-02   1.25635E-03   2.32307E-02   1.74524E-03   2.14935E-02   1.73077E-03   1.62052E-02   1.24398E-03   7.80353E-03   3.79988E-04  -2.96558E-03  -7.27886E-04  -1.52110E-02  -1.94596E-03  -2.81061E-02
 5.85000E+01   4.48961E-03   9.31382E-03   5.16015E-03   5.04896E-03   5.11977E-03  -1.72246E-03   4.40010E-03  -9.51458E-03   3.12984E-03  -1.68898E-02   1.50554E-03  -2.26097E-02  -2.47843E-04  -2.57769E-02  -1.92016E-03  -2.59443E-02  -3.35694E-03  -2.31739E-02  -4.43162E-03  -1.76933E-02  -4.01786E-03  -5.13208E-03  -2.48064E-03   8.40815E-03  -9.08586E-04   1.61640E-02   4.46280E-04   2.12914E-02   1.42767E-03   2.32410E-02   1.91746E-03   2.15783E-02   1.87028E-03   1.63229E-02   1.31993E-03   7.91325E-03   3.68062E-04  -2.89696E-03  -8.43260E-04  -1.52053E-02  -2.17177E-03  -2.81733E-02
 5.89000E+01   4.56663E-03   9.84005E-03   5.24316E-03   5.68924E-03   5.18935E-03  -1.04455E-03   4.43749E-03  -8.88051E-03   3.12105E-03  -1.63733E-02   1.44422E-03  -2.22669E-02  -3.59140E-04  -2.56404E-02  -2.07076E-03  -2.60227E-02  -3.53077E-03  -2.34556E-02  -4.60850E-03  -1.81491E-02  -4.12680E-03  -5.61603E-03  -2.48496E-03   8.03401E-03  -8.32271E-04   1.59413E-02   5.84766E-04   2.12093E-02   1.60179E-03   2.32721E-02   2.09417E-03   2.16831E-02   2.01456E-03   1.64559E-02   1.39952E-03   8.03075E-03   3.57519E-04  -2.83076E-03  -9.60260E-04  -1.52138E-02  -2.40256E-03  -2.82672E-02
 5.94000E+01   4.67597E-03   1.05012E-02   5.36352E-03   6.49182E-03   5.29433E-03  -1.98021E-04   4.50116E-03  -8.09355E-03   3.12346E-03  -1.57391E-02   1.37551E-03  -2.18554E-02  -4.96982E-04  -2.54916E-02  -2.26469E-03  -2.61451E-02  -3.76022E-03  -2.38322E-02  -4.84709E-03  -1.87403E-02  -4.28005E-03  -6.23027E-03  -2.50191E-03   7.57283E-03  -7.41890E-04   1.56802E-02   7.58714E-04   2.11318E-02   1.82470E-03   2.33400E-02   2.32274E-03   2.18422E-02   2.20272E-03   1.66443E-02   1.50474E-03   8.18890E-03   3.46198E-04  -2.75110E-03  -1.10970E-03  -1.52442E-02  -2.69983E-03  -2.84220E-02
 5.98000E+01   4.77430E-03   1.10341E-02   5.47354E-03   7.13720E-03   5.39313E-03   4.80240E-04   4.56586E-03  -7.46676E-03   3.13608E-03  -1.52393E-02   1.32654E-03  -2.15388E-02  -6.06882E-04  -2.53893E-02  -2.42528E-03  -2.62626E-02  -3.95459E-03  -2.41537E-02  -5.05307E-03  -1.92318E-02  -4.41704E-03  -6.73052E-03  -2.52480E-03   7.20787E-03  -6.73152E-04   1.54845E-02   8.99400E-04   2.10896E-02   2.00834E-03   2.34176E-02   2.51288E-03   2.19921E-02   2.36042E-03   1.68129E-02   1.59403E-03   8.32478E-03   3.38571E-04  -2.68960E-03  -1.23255E-03  -1.52843E-02  -2.94614E-03  -2.85761E-02
 6.02000E+01   4.88273E-03   1.15715E-02   5.59628E-03   7.78690E-03   5.50557E-03   1.16094E-03   4.64314E-03  -6.84096E-03   3.15829E-03  -1.47449E-02   1.28266E-03  -2.12325E-02  -7.17020E-04  -2.53017E-02  -2.59157E-03  -2.63976E-02  -4.15962E-03  -2.44937E-02  -5.27362E-03  -1.97408E-02  -4.56759E-03  -7.23997E-03  -2.55612E-03   6.84541E-03  -6.07226E-04   1.52997E-02   1.04221E-03   2.10648E-02   2.19772E-03   2.35159E-02   2.71054E-03   2.21625E-02   2.52539E-03   1.69978E-02   1.68836E-03   8.46930E-03   3.32179E-04  -2.62989E-03  -1.35901E-03  -1.53383E-02  -3.20139E-03  -2.87571E-02
 6.06000E+01   5.00177E-03   1.21143E-02   5.73233E-03   8.44215E-03   5.63223E-03   1.84548E-03   4.73339E-03  -6.21479E-03   3.19021E-03  -1.42550E-02   1.24369E-03  -2.09358E-02  -8.27920E-04  -2.52283E-02  -2.76438E-03  -2.65503E-02  -4.37635E-03  -2.48531E-02  -5.50990E-03  -2.02685E-02  -4.73253E-03  -7.75981E-03  -2.59610E-03   6.48450E-03  -5.43805E-04   1.51254E-02   1.18787E-03   2.10570E-02   2.39381E-03   2.36350E-02   2.91676E-03   2.23536E-02   2.69851E-03   1.71994E-02   1.78824E-03   8.62280E-03   3.27002E-04  -2.57180E-03  -1.48975E-03  -1.54065E-02  -3.46693E-03  -2.89654E-02
 6.11000E+01   5.16640E-03   1.28021E-02   5.92221E-03   9.27097E-03   5.81158E-03   2.70867E-03   4.86526E-03  -5.42951E-03   3.24415E-03  -1.36470E-02   1.20168E-03  -2.05772E-02  -9.68431E-04  -2.51563E-02  -2.99092E-03  -2.67665E-02  -4.66551E-03  -2.53308E-02  -5.82935E-03  -2.09563E-02  -4.96040E-03  -8.42617E-03  -2.65871E-03   6.03413E-03  -4.67622E-04   1.49213E-02   1.37509E-03   2.10714E-02   2.64999E-03   2.38136E-02   3.18831E-03   2.26223E-02   2.92782E-03   1.74756E-02   1.92178E-03   8.82785E-03   3.22221E-04  -2.50122E-03  -1.66026E-03  -1.55116E-02  -3.81552E-03  -2.92650E-02
 6.15000E+01   5.31163E-03   1.33609E-02   6.09098E-03   9.94338E-03   5.97289E-03   3.40694E-03   4.98679E-03  -4.79760E-03   3.29893E-03  -1.31628E-02   1.17332E-03  -2.02994E-02  -1.08301E-03  -2.51142E-02  -3.18175E-03  -2.69602E-02  -4.91299E-03  -2.57366E-02  -6.10600E-03  -2.15307E-02  -5.16141E-03  -8.97406E-03  -2.71935E-03   5.67332E-03  -4.08829E-04   1.47687E-02   1.52995E-03   2.11020E-02   2.86514E-03   2.39805E-02   3.41805E-03   2.28617E-02   3.12288E-03   1.77165E-02   2.03630E-03   9.00293E-03   3.19749E-04  -2.44620E-03  -1.80325E-03  -1.56119E-02  -4.10964E-03  -2.95366E-02
 6.20000E+01   5.51141E-03   1.40719E-02   6.32466E-03   1.07977E-02   6.19846E-03   4.29177E-03   5.16005E-03  -4.00091E-03   3.38263E-03  -1.25585E-02   1.14433E-03  -1.99622E-02  -1.22990E-03  -2.50808E-02  -3.43402E-03  -2.72288E-02  -5.24490E-03  -2.62751E-02  -6.48091E-03  -2.22809E-02  -5.43816E-03  -9.67966E-03  -2.80914E-03   5.22015E-03  -3.37620E-04   1.45904E-02   1.73127E-03   2.11642E-02   3.14886E-03   2.42199E-02   3.72304E-03   2.31925E-02   3.38312E-03   1.80437E-02   2.19023E-03   9.23633E-03   3.18371E-04  -2.37897E-03  -1.99155E-03  -1.57579E-02  -4.49915E-03  -2.99172E-02
 6.24000E+01   5.68700E-03   1.46519E-02   6.53118E-03   1.14939E-02   6.39946E-03   5.01099E-03   5.31688E-03  -3.35646E-03   3.46244E-03  -1.20746E-02   1.12631E-03  -1.97000E-02  -1.35107E-03  -2.50694E-02  -3.64824E-03  -2.74656E-02  -5.53044E-03  -2.67322E-02  -6.80641E-03  -2.29088E-02  -5.68174E-03  -1.02624E-02  -2.89285E-03   4.85478E-03  -2.82193E-04   1.44574E-02   1.89961E-03   2.12334E-02   3.38930E-03   2.44366E-02   3.98310E-03   2.34832E-02   3.60600E-03   1.83270E-02   2.32293E-03   9.43528E-03   3.18667E-04  -2.32625E-03  -2.15094E-03  -1.58916E-02  -4.83054E-03  -3.02554E-02
 6.29000E+01   5.92802E-03   1.53927E-02   6.81602E-03   1.23823E-02   6.67863E-03   5.92665E-03   5.53756E-03  -2.53976E-03   3.57935E-03  -1.14674E-02   1.11030E-03  -1.93804E-02  -1.50816E-03  -2.50742E-02  -3.93362E-03  -2.77899E-02  -5.91535E-03  -2.73381E-02  -7.24878E-03  -2.37307E-02  -6.01673E-03  -1.10161E-02  -3.01350E-03   4.39299E-03  -2.14462E-04   1.43026E-02   2.12078E-03   2.13445E-02   3.70913E-03   2.47399E-02   4.33096E-03   2.38805E-02   3.90535E-03   1.87094E-02   2.50222E-03   9.70012E-03   3.20846E-04  -2.26146E-03  -2.36274E-03  -1.60804E-02  -5.27297E-03  -3.07221E-02
 6.33000E+01   6.13962E-03   1.59994E-02   7.06715E-03   1.31092E-02   6.92623E-03   6.67435E-03   5.73542E-03  -1.87578E-03   3.68755E-03  -1.09785E-02   1.10281E-03  -1.91307E-02  -1.63920E-03  -2.50934E-02  -4.17779E-03  -2.80727E-02  -6.24818E-03  -2.78520E-02  -7.63406E-03  -2.44199E-02  -6.31150E-03  -1.16411E-02  -3.12382E-03   4.01835E-03  -1.61251E-04   1.41875E-02   2.30762E-03   2.14532E-02   3.98244E-03   2.50094E-02   4.62974E-03   2.42265E-02   4.16339E-03   1.90390E-02   2.65758E-03   9.92563E-03   3.24099E-04  -2.21034E-03  -2.54356E-03  -1.62493E-02  -5.65232E-03  -3.11317E-02
 6.38000E+01   6.43005E-03   1.67772E-02   7.41309E-03   1.40406E-02   7.26910E-03   7.63050E-03   6.01193E-03  -1.03016E-03   3.84271E-03  -1.03615E-02   1.10032E-03  -1.88252E-02  -1.81097E-03  -2.51366E-02  -4.50548E-03  -2.84567E-02  -6.69918E-03  -2.85330E-02  -8.15948E-03  -2.53239E-02  -6.71712E-03  -1.24526E-02  -3.28056E-03   3.54197E-03  -9.55958E-05   1.40542E-02   2.55555E-03   2.16146E-02   4.34893E-03   2.53810E-02   5.03226E-03   2.46957E-02   4.51217E-03   1.94820E-02   2.86857E-03   1.02256E-02   3.30160E-04  -2.14714E-03  -2.78585E-03  -1.64836E-02  -6.16260E-03  -3.16910E-02
 6.42000E+01   6.68522E-03   1.74164E-02   7.71803E-03   1.48057E-02   7.57268E-03   8.41464E-03   6.25867E-03  -3.39369E-04   3.98411E-03  -9.86206E-03   1.10405E-03  -1.85853E-02  -1.95578E-03  -2.51868E-02  -4.78787E-03  -2.87892E-02  -7.09117E-03  -2.91103E-02  -8.61876E-03  -2.60834E-02  -7.07449E-03  -1.31280E-02  -3.42242E-03   3.15321E-03  -4.34925E-05   1.39558E-02   2.76703E-03   2.17647E-02   4.66458E-03   2.57071E-02   5.38038E-03   2.51019E-02   4.81470E-03   1.98625E-02   3.05234E-03   1.04808E-02   3.36705E-04  -2.09696E-03  -2.99438E-03  -1.66902E-02  -6.60333E-03  -3.21779E-02
 6.47000E+01   7.03596E-03   1.82389E-02   8.13840E-03   1.57898E-02   7.99285E-03   9.42156E-03   6.60247E-03   5.44488E-04   4.18463E-03  -9.22848E-03   1.11627E-03  -1.82905E-02  -2.14761E-03  -2.52693E-02  -5.16956E-03  -2.92380E-02  -7.62514E-03  -2.98752E-02  -9.24757E-03  -2.70812E-02  -7.56716E-03  -1.40078E-02  -3.62248E-03   2.65606E-03   2.14761E-05   1.38425E-02   3.05029E-03   2.19790E-02   5.09113E-03   2.61524E-02   5.85259E-03   2.56499E-02   5.22616E-03   2.03724E-02   3.30322E-03   1.08202E-02   3.47173E-04  -2.03450E-03  -3.27601E-03  -1.69735E-02  -7.20044E-03  -3.28381E-02
 6.52000E+01   7.42622E-03   1.90898E-02   8.60748E-03   1.68075E-02   8.46349E-03   1.04614E-02   6.99004E-03   1.45380E-03   4.41439E-03  -8.58259E-03   1.13746E-03  -1.80001E-02  -2.35341E-03  -2.53742E-02  -5.58754E-03  -2.97254E-02  -8.21438E-03  -3.06910E-02  -9.94492E-03  -2.81368E-02  -8.11721E-03  -1.49306E-02  -3.85067E-03   2.14458E-03   8.66878E-05   1.37398E-02   3.35772E-03   2.22242E-02   5.55819E-03   2.66413E-02   6.37161E-03   2.62449E-02   5.67959E-03   2.09227E-02   3.58070E-03   1.11834E-02   3.60407E-04  -1.97211E-03  -3.58423E-03  -1.72858E-02  -7.85601E-03  -3.35585E-02
 6.56000E+01   7.77041E-03   1.97927E-02   9.02213E-03   1.76482E-02   8.88078E-03   1.13192E-02   7.33537E-03   2.20166E-03   4.62162E-03  -8.05554E-03   1.16138E-03  -1.77705E-02  -2.52969E-03  -2.54747E-02  -5.95166E-03  -3.01443E-02  -8.73087E-03  -3.13824E-02  -1.05586E-02  -2.90256E-02  -8.60382E-03  -1.57022E-02  -4.05587E-03   1.72374E-03   1.39351E-04   1.36651E-02   3.62364E-03   2.24432E-02   5.96513E-03   2.70653E-02   6.82519E-03   2.67567E-02   6.07669E-03   2.13935E-02   3.82442E-03   1.14923E-02   3.73180E-04  -1.92209E-03  -3.85267E-03  -1.75574E-02  -8.42843E-03  -3.41802E-02
 6.61000E+01   8.24574E-03   2.07014E-02   9.59595E-03   1.87349E-02   9.45982E-03   1.24270E-02   7.81665E-03   3.16464E-03   4.91349E-03  -7.38193E-03   1.20077E-03  -1.74860E-02  -2.76689E-03  -2.56213E-02  -6.44922E-03  -3.07061E-02  -9.44057E-03  -3.22981E-02  -1.14048E-02  -3.01958E-02  -9.27797E-03  -1.67117E-02  -4.34419E-03   1.18137E-03   2.06225E-04   1.35807E-02   3.98477E-03   2.27467E-02   6.52139E-03   2.76383E-02   7.44690E-03   2.74431E-02   6.62200E-03   2.20224E-02   4.15997E-03   1.19026E-02   3.92169E-04  -1.85921E-03  -4.21950E-03  -1.79255E-02  -9.21242E-03  -3.50170E-02
 6.66000E+01   8.77789E-03   2.16459E-02   1.02397E-02   1.98646E-02   1.01111E-02   1.35775E-02   8.36028E-03   4.16182E-03   5.24645E-03  -6.68979E-03   1.25177E-03  -1.72034E-02  -3.02574E-03  -2.57919E-02  -7.00070E-03  -3.13122E-02  -1.02315E-02  -3.32741E-02  -1.23511E-02  -3.14358E-02  -1.00353E-02  -1.77746E-02  -4.67249E-03   6.18970E-04   2.74776E-04   1.35060E-02   4.38263E-03   2.30843E-02   7.13824E-03   2.82613E-02   8.13819E-03   2.81843E-02   7.22947E-03   2.26985E-02   4.53473E-03   1.23413E-02   4.14907E-04  -1.79571E-03  -4.62615E-03  -1.83266E-02  -1.00835E-02  -3.59232E-02
 6.71000E+01   9.37531E-03   2.26289E-02   1.09637E-02   2.10407E-02   1.08454E-02   1.47742E-02   8.97536E-03   5.19630E-03   5.62637E-03  -5.97698E-03   1.31576E-03  -1.69220E-02  -3.30990E-03  -2.59872E-02  -7.61461E-03  -3.19647E-02  -1.11163E-02  -3.43139E-02  -1.34130E-02  -3.27499E-02  -1.08885E-02  -1.88948E-02  -5.04661E-03   3.45409E-05   3.45619E-04   1.34409E-02   4.82323E-03   2.34574E-02   7.82536E-03   2.89366E-02   8.91006E-03   2.89829E-02   7.90888E-03   2.34243E-02   4.95480E-03   1.28102E-02   4.41891E-04  -1.73138E-03  -5.07904E-03  -1.87624E-02  -1.10556E-02  -3.69023E-02
 6.76000E+01   1.00481E-02   2.36530E-02   1.17804E-02   2.22662E-02   1.16753E-02   1.60203E-02   9.67279E-03   6.27095E-03   6.06026E-03  -5.24147E-03   1.39442E-03  -1.66409E-02  -3.62369E-03  -2.62077E-02  -8.30104E-03  -3.26657E-02  -1.21098E-02  -3.54206E-02  -1.46085E-02  -3.41424E-02  -1.18526E-02  -2.00758E-02  -5.47351E-03  -5.73792E-04   4.19443E-04   1.33852E-02   5.31370E-03   2.38672E-02   8.59420E-03   2.96664E-02   9.77558E-03   2.98415E-02   8.67180E-03   2.42023E-02   5.42744E-03   1.33107E-02   4.73720E-04  -1.66599E-03  -5.58570E-03  -1.92342E-02  -1.21450E-02  -3.79576E-02
 6.80000E+01   1.06485E-02   2.45034E-02   1.25103E-02   2.32840E-02   1.24182E-02   1.70548E-02   1.02987E-02   7.16133E-03   6.45181E-03  -4.63549E-03   1.46927E-03  -1.64157E-02  -3.89943E-03  -2.64027E-02  -8.91038E-03  -3.32626E-02  -1.29948E-02  -3.63561E-02  -1.56758E-02  -3.53152E-02  -1.27155E-02  -2.10665E-02  -5.85860E-03  -1.07878E-03   4.81175E-04   1.33472E-02   5.74761E-03   2.42221E-02   9.27718E-03   3.02908E-02   1.05457E-02   3.05732E-02   9.35147E-03   2.48637E-02   5.84916E-03   1.37348E-02   5.03153E-04  -1.61279E-03  -6.03575E-03  -1.96384E-02  -1.31141E-02  -3.88584E-02
 6.85000E+01   1.14887E-02   2.56065E-02   1.35328E-02   2.46049E-02   1.34606E-02   1.83966E-02   1.11787E-02   8.31426E-03   7.00509E-03  -3.85490E-03   1.57975E-03  -1.61335E-02  -4.28003E-03  -2.66700E-02  -9.75912E-03  -3.40549E-02  -1.42312E-02  -3.75898E-02  -1.71697E-02  -3.68568E-02  -1.39264E-02  -2.23641E-02  -6.40263E-03  -1.73399E-03   5.62436E-04   1.33077E-02   6.35019E-03   2.47002E-02   1.02292E-02   3.11231E-02   1.16209E-02   3.15451E-02   1.03013E-02   2.57403E-02   6.43931E-03   1.42953E-02   5.45624E-04  -1.54505E-03  -6.66303E-03  -2.01780E-02  -1.44665E-02  -4.00571E-02
 6.90000E+01   1.24441E-02   2.67551E-02   1.46970E-02   2.59808E-02   1.46490E-02   1.97937E-02   1.21843E-02   9.51257E-03   7.64027E-03  -3.04787E-03   1.71176E-03  -1.58499E-02  -4.70710E-03  -2.69632E-02  -1.07201E-02  -3.48988E-02  -1.56355E-02  -3.88958E-02  -1.88696E-02  -3.84837E-02  -1.53076E-02  -2.37286E-02  -7.02719E-03  -2.41645E-03   6.49217E-04   1.32771E-02   7.03058E-03   2.52168E-02   1.13081E-02   3.20135E-02   1.28412E-02   3.25813E-02   1.13804E-02   2.66730E-02   7.11069E-03   1.48901E-02   5.95358E-04  -1.47584E-03  -7.37388E-03  -2.07559E-02  -1.60009E-02  -4.13371E-02
 6.95000E+01   1.35347E-02   2.79487E-02   1.60273E-02   2.74110E-02   1.60088E-02   2.12455E-02   1.33371E-02   1.07558E-02   8.37136E-03  -2.21456E-03   1.86877E-03  -1.55649E-02  -5.18900E-03  -2.72821E-02  -1.18132E-02  -3.57936E-02  -1.72370E-02  -4.02731E-02  -2.08114E-02  -4.01946E-02  -1.68887E-02  -2.51591E-02  -7.74618E-03  -3.12589E-03   7.42725E-04   1.32549E-02   7.80268E-03   2.57711E-02   1.25364E-02   3.29607E-02   1.42322E-02   3.36806E-02   1.26115E-02   2.76607E-02   7.87759E-03   1.55184E-02   6.53576E-04  -1.40516E-03  -8.18311E-03  -2.13713E-02  -1.77496E-02  -4.26968E-02
 7.00000E+01   1.47843E-02   2.91846E-02   1.75530E-02   2.88924E-02   1.75702E-02   2.27487E-02   1.46630E-02   1.20413E-02   9.21517E-03  -1.35668E-03   2.05498E-03  -1.52785E-02  -5.73572E-03  -2.76251E-02  -1.30621E-02  -3.67362E-02  -1.90710E-02  -4.17173E-02  -2.30383E-02  -4.19843E-02  -1.87053E-02  -2.66514E-02  -8.57627E-03  -3.86052E-03   8.44387E-04   1.32408E-02   8.68310E-03   2.63610E-02   1.39409E-02   3.39615E-02   1.58247E-02   3.48392E-02   1.40221E-02   2.87001E-02   8.75715E-03   1.61783E-02   7.21745E-04  -1.33313E-03  -9.10849E-03  -2.20221E-02  -1.97511E-02  -4.41315E-02
 7.05000E+01   1.62216E-02   3.04570E-02   1.93095E-02   3.04176E-02   1.93695E-02   2.42958E-02   1.61931E-02   1.33626E-02   1.01919E-02  -4.78232E-04   2.27546E-03  -1.49918E-02  -6.35924E-03  -2.79895E-02  -1.44953E-02  -3.77206E-02  -2.11798E-02  -4.32194E-02  -2.56022E-02  -4.38420E-02  -2.08001E-02  -2.81967E-02  -9.53750E-03  -4.61625E-03   9.55886E-04   1.32342E-02   9.69176E-03   2.69819E-02   1.55540E-02   3.50089E-02   1.76554E-02   3.60492E-02   1.56448E-02   2.97842E-02   9.76990E-03   1.68653E-02   8.01634E-04  -1.26008E-03  -1.01713E-02  -2.27036E-02  -2.20518E-02  -4.56312E-02
 7.10000E+01   1.78809E-02   3.17550E-02   2.13387E-02   3.19736E-02   2.14501E-02   2.58733E-02   1.79647E-02   1.47082E-02   1.13257E-02   4.13324E-04   2.53627E-03  -1.47064E-02  -7.07379E-03  -2.83707E-02  -1.61465E-02  -3.87358E-02  -2.36139E-02  -4.47633E-02  -2.85648E-02  -4.57478E-02  -2.32241E-02  -2.97787E-02  -1.06538E-02  -5.38558E-03   1.07921E-03   1.32344E-02   1.08524E-02   2.76262E-02   1.74142E-02   3.60902E-02   1.97684E-02   3.72962E-02   1.75188E-02   3.09002E-02   1.09404E-02   1.75716E-02   8.95354E-04  -1.18666E-03  -1.13969E-02  -2.34075E-02  -2.47067E-02  -4.71778E-02
 7.16000E+01   2.02225E-02   3.33205E-02   2.42045E-02   3.38493E-02   2.43909E-02   2.77735E-02   2.04717E-02   1.63267E-02   1.29340E-02   1.48230E-03   2.91271E-03  -1.43701E-02  -8.07536E-03  -2.88391E-02  -1.84729E-02  -3.99685E-02  -2.70490E-02  -4.66324E-02  -3.27501E-02  -4.80511E-02  -2.66531E-02  -3.16865E-02  -1.22382E-02  -6.30856E-03   1.24613E-03   1.32419E-02   1.24857E-02   2.84117E-02   2.00370E-02   3.74030E-02   2.27502E-02   3.88079E-02   2.01648E-02   3.22517E-02   1.25943E-02   1.84257E-02   1.02963E-03  -1.09965E-03  -1.31251E-02  -2.42623E-02  -2.84531E-02  -4.90534E-02
 7.21000E+01   2.25222E-02   3.45965E-02   2.70207E-02   3.53764E-02   2.72829E-02   2.93186E-02   2.29396E-02   1.76406E-02   1.45205E-02   2.34769E-03   3.28930E-03  -1.41011E-02  -9.05346E-03  -2.92237E-02  -2.07547E-02  -4.09730E-02  -3.04230E-02  -4.81517E-02  -3.68646E-02  -4.99204E-02  -3.00278E-02  -3.32319E-02  -1.38019E-02  -7.05296E-03   1.40423E-03   1.32519E-02   1.40861E-02   2.90520E-02   2.26116E-02   3.84699E-02   2.56791E-02   4.00348E-02   2.27651E-02   3.33476E-02   1.42206E-02   1.91176E-02   1.16320E-03  -1.03021E-03  -1.48216E-02  -2.49566E-02  -3.21327E-02  -5.05755E-02
 7.26000E+01   2.51968E-02   3.57968E-02   3.02978E-02   3.68096E-02   3.06501E-02   3.07656E-02   2.58152E-02   1.88687E-02   1.63720E-02   3.15495E-03   3.73347E-03  -1.38510E-02  -1.01862E-02  -2.95824E-02  -2.34060E-02  -4.19071E-02  -3.43478E-02  -4.95625E-02  -4.16541E-02  -5.16540E-02  -3.39596E-02  -3.46624E-02  -1.56278E-02  -7.74000E-03   1.58293E-03   1.32624E-02   1.59445E-02   2.96447E-02   2.56051E-02   3.94559E-02   2.90864E-02   4.11678E-02   2.57913E-02   3.43590E-02   1.61142E-02   1.97556E-02   1.32007E-03  -9.66634E-04  -1.67943E-02  -2.55977E-02  -3.64131E-02  -5.19799E-02
 7.31000E+01   2.83056E-02   3.68508E-02   3.41083E-02   3.80621E-02   3.45673E-02   3.20252E-02   2.91628E-02   1.99343E-02   1.85301E-02   3.85428E-03   4.25577E-03  -1.36323E-02  -1.14982E-02  -2.98857E-02  -2.64855E-02  -4.27010E-02  -3.89105E-02  -5.07605E-02  -4.72253E-02  -5.31243E-02  -3.85366E-02  -3.58728E-02  -1.77570E-02  -8.32025E-03   1.78559E-03   1.32695E-02   1.81018E-02   3.01406E-02   2.90840E-02   4.02815E-02   3.30480E-02   4.21160E-02   2.93109E-02   3.52051E-02   1.83174E-02   2.02892E-02   1.50392E-03  -9.13301E-04  -1.90869E-02  -2.61328E-02  -4.13896E-02  -5.31526E-02
 7.37000E+01   3.26902E-02   3.77756E-02   3.94849E-02   3.91463E-02   4.00968E-02   3.31032E-02   3.38911E-02   2.08389E-02   2.15820E-02   4.44741E-03   5.00013E-03  -1.34377E-02  -1.33427E-02  -3.01154E-02  -3.08263E-02  -4.33230E-02  -4.53475E-02  -5.17009E-02  -5.50890E-02  -5.42757E-02  -4.50012E-02  -3.68158E-02  -2.07694E-02  -8.77270E-03   2.06503E-03   1.32648E-02   2.11414E-02   3.05063E-02   3.39905E-02   4.08952E-02   3.86376E-02   4.28215E-02   3.42781E-02   3.58342E-02   2.14280E-02   2.06861E-02   1.76517E-03  -8.71943E-04  -2.23204E-02  -2.65265E-02  -4.84109E-02  -5.40169E-02
 7.42000E+01   3.69406E-02   3.80886E-02   4.46984E-02   3.94863E-02   4.54606E-02   3.34193E-02   3.84799E-02   2.10914E-02   2.45466E-02   4.61350E-03   5.72758E-03  -1.33631E-02  -1.51263E-02  -3.01225E-02  -3.50323E-02  -4.33931E-02  -5.15887E-02  -5.18129E-02  -6.27167E-02  -5.44094E-02  -5.12752E-02  -3.69172E-02  -2.36968E-02  -8.82437E-03   2.33103E-03   1.32401E-02   2.40855E-02   3.04989E-02   3.87468E-02   4.08964E-02   4.40578E-02   4.28252E-02   3.90959E-02   3.58376E-02   2.44458E-02   2.06893E-02   2.01993E-03  -8.67191E-04  -2.54551E-02  -2.65180E-02  -5.52193E-02  -5.40035E-02
 7.47000E+01   4.17417E-02   3.77699E-02   5.05887E-02   3.90491E-02   5.15221E-02   3.29328E-02   4.36673E-02   2.06537E-02   2.79001E-02   4.32896E-03   6.55392E-03  -1.34067E-02  -1.71376E-02  -2.98727E-02  -3.97818E-02  -4.28425E-02  -5.86397E-02  -5.09965E-02  -7.13367E-02  -5.34029E-02  -5.83679E-02  -3.60748E-02  -2.70091E-02  -8.42915E-03   2.62770E-03   1.31844E-02   2.74094E-02   3.00585E-02   4.41194E-02   4.01916E-02   5.01818E-02   4.20212E-02   4.45401E-02   3.51211E-02   2.78567E-02   2.02400E-02   2.30888E-03  -9.02867E-04  -2.89961E-02  -2.60439E-02  -6.29116E-02  -5.29757E-02
 7.53000E+01   4.81337E-02   3.61896E-02   5.84320E-02   3.70513E-02   5.95949E-02   3.08285E-02   5.05777E-02   1.88217E-02   3.23696E-02   3.13571E-03   7.65869E-03  -1.36802E-02  -1.98119E-02  -2.90829E-02  -4.61035E-02  -4.10023E-02  -6.80281E-02  -4.82551E-02  -8.28166E-02  -5.00330E-02  -6.78164E-02  -3.32761E-02  -3.14245E-02  -7.11009E-03   3.01887E-03   1.30560E-02   3.18328E-02   2.87066E-02   5.12722E-02   3.80052E-02   5.83361E-02   3.95237E-02   5.17901E-02   3.28959E-02   3.23997E-02   1.88431E-02   2.69473E-03  -1.02169E-03  -3.37104E-02  -2.45909E-02  -7.31542E-02  -4.98171E-02
 7.58000E+01   5.37613E-02   3.35356E-02   6.53380E-02   3.37422E-02   6.67035E-02   2.73781E-02   5.66634E-02   1.58374E-02   3.63065E-02   1.19204E-03   8.63328E-03  -1.41531E-02  -2.21648E-02  -2.78757E-02  -5.16683E-02  -3.81507E-02  -7.62936E-02  -4.40029E-02  -9.29245E-02  -4.48109E-02  -7.61367E-02  -2.89489E-02  -3.53138E-02  -5.06933E-03   3.36164E-03   1.28788E-02   3.57259E-02   2.66594E-02   5.75688E-02   3.46852E-02   6.55151E-02   3.57303E-02   5.81732E-02   2.95167E-02   3.63996E-02   1.67214E-02   3.03487E-03  -1.20515E-03  -3.78605E-02  -2.23923E-02  -8.21714E-02  -4.50345E-02
 7.64000E+01   6.03224E-02   2.83707E-02   7.33889E-02   2.73365E-02   7.49900E-02   2.07256E-02   6.37568E-02   1.00986E-02   4.08947E-02  -2.54482E-03   9.76818E-03  -1.50819E-02  -2.49083E-02  -2.56125E-02  -5.81552E-02  -3.27754E-02  -8.59275E-02  -3.59856E-02  -1.04705E-01  -3.49696E-02  -8.58324E-02  -2.08024E-02  -3.98449E-02  -1.22740E-03   3.76228E-03   1.25606E-02   4.02638E-02   2.28379E-02   6.49071E-02   2.84817E-02   7.38810E-02   2.86421E-02   6.56114E-02   2.32031E-02   4.10606E-02   1.27572E-02   3.43088E-03  -1.55001E-03  -4.26969E-02  -1.82903E-02  -9.26794E-02  -3.61095E-02
 7.69000E+01   6.49790E-02   2.23098E-02   7.91011E-02   1.98383E-02   8.08673E-02   1.29533E-02   6.87857E-02   3.40241E-03   4.41449E-02  -6.90455E-03   1.05682E-02  -1.61760E-02  -2.68584E-02  -2.30035E-02  -6.27584E-02  -2.65626E-02  -9.27599E-02  -2.67182E-02  -1.13056E-01  -2.35967E-02  -9.27023E-02  -1.13932E-02  -4.30516E-02   3.20981E-03   4.05091E-03   1.22015E-02   4.34837E-02   1.84422E-02   7.01105E-02   2.13427E-02   7.98115E-02   2.04849E-02   7.08830E-02   1.59378E-02   4.43630E-02   8.19547E-03   3.71020E-03  -1.94796E-03  -4.61259E-02  -1.35733E-02  -1.00128E-01  -2.58452E-02
 7.75000E+01   6.86361E-02   1.32480E-02   8.35824E-02   8.64097E-03   8.54726E-02   1.35704E-03   7.27200E-02  -6.58233E-03   4.66804E-02  -1.34053E-02   1.11816E-02  -1.78157E-02  -2.83988E-02  -1.91372E-02  -6.63726E-02  -1.73427E-02  -9.81131E-02  -1.29641E-02  -1.19590E-01  -6.71939E-03  -9.80676E-02   2.56684E-03  -4.55455E-02   9.79348E-03   4.28953E-03   1.16757E-02   4.60119E-02   1.19344E-02   7.41860E-02   1.07706E-02   8.44513E-02   8.40462E-03   7.50043E-02   5.17858E-03   4.69423E-02   1.43988E-03   3.92493E-03  -2.53829E-03  -4.88107E-02  -6.59046E-03  -1.05955E-01  -1.06496E-02
 7.80000E+01   6.94724E-02   4.87900E-03   8.45990E-02  -1.69569E-03   8.65077E-02  -9.34458E-03   7.35935E-02  -1.57953E-02   4.72306E-02  -1.94045E-02   1.12957E-02  -1.93336E-02  -2.87665E-02  -1.55810E-02  -6.71978E-02  -8.85423E-03  -9.93157E-02  -2.99247E-04  -1.21042E-01   8.82195E-03  -9.92427E-02   1.54219E-02  -4.60733E-02   1.58576E-02   4.36499E-03   1.11959E-02   4.65893E-02   5.94893E-03   7.50991E-02   1.04467E-03   8.54823E-02  -2.70958E-03   7.59147E-02  -4.72054E-03   4.75078E-02  -4.77606E-03   3.96597E-03  -3.08231E-03  -4.94106E-02  -1.67391E-04  -1.07248E-01   3.32905E-03
 7.86000E+01   6.75990E-02  -4.94513E-03   8.22825E-02  -1.38320E-02   8.41030E-02  -2.19120E-02   7.15121E-02  -2.66172E-02   4.58574E-02  -2.64544E-02   1.09159E-02  -2.11214E-02  -2.80161E-02  -1.14091E-02  -6.53431E-02   1.11246E-03  -9.65195E-02   1.45758E-02  -1.17590E-01   2.70791E-02  -9.63647E-02   3.05274E-02  -4.46895E-02   2.29874E-02   4.29504E-03   1.06372E-02   4.52923E-02  -1.07930E-03   7.29641E-02  -1.03798E-02   8.30302E-02  -1.57667E-02   7.37231E-02  -1.63514E-02   4.61256E-02  -1.20804E-02   3.83578E-03  -3.72293E-03  -4.80001E-02   7.37781E-03  -1.04166E-01   1.97517E-02
 7.91000E+01   6.39806E-02  -1.20644E-02   7.78235E-02  -2.26344E-02   7.94915E-02  -3.10339E-02   6.75399E-02  -3.44779E-02   4.32591E-02  -3.15793E-02   1.02299E-02  -2.24243E-02  -2.65387E-02  -8.37859E-03  -6.17631E-02   8.36013E-03  -9.11579E-02   2.53988E-02  -1.10998E-01   4.03687E-02  -9.08998E-02   4.15296E-02  -4.20936E-02   2.81863E-02   4.12208E-03   1.02353E-02   4.27885E-02  -6.19570E-03   6.88748E-02  -1.87012E-02   7.83485E-02  -2.52800E-02   6.95484E-02  -2.48274E-02   4.35000E-02  -1.74047E-02   3.59895E-03  -4.19149E-03  -4.53013E-02   1.28751E-02  -9.82829E-02   3.17194E-02
 7.97000E+01   5.80409E-02  -1.86417E-02   7.05089E-02  -3.07823E-02   7.19324E-02  -3.94915E-02   6.10351E-02  -4.17771E-02   3.90115E-02  -3.63457E-02   9.11944E-03  -2.36406E-02  -2.41042E-02  -5.56086E-03  -5.58870E-02   1.51112E-02  -8.23690E-02   3.54907E-02  -1.00201E-01   5.27711E-02  -8.19593E-02   5.18097E-02  -3.78574E-02   3.30543E-02   3.82567E-03   9.86772E-03   3.86786E-02  -1.09737E-02   6.21727E-02  -2.64803E-02   7.06807E-02  -3.41781E-02   6.27140E-02  -3.27584E-02   3.92040E-02  -2.23891E-02   3.21494E-03  -4.63279E-03  -4.08790E-02   1.80171E-02  -8.86482E-02   4.29175E-02
 8.03000E+01   5.13811E-02  -2.29342E-02   6.23090E-02  -3.61230E-02   6.34602E-02  -4.50562E-02   5.37464E-02  -4.65959E-02   3.42543E-02  -3.95034E-02   7.87918E-03  -2.44528E-02  -2.13715E-02  -3.69445E-03  -4.92983E-02   1.96005E-02  -7.25176E-02   4.22171E-02  -8.81016E-02   6.10529E-02  -7.19430E-02   5.86927E-02  -3.31147E-02   3.63286E-02   3.48957E-03   9.63294E-03   3.40699E-02  -1.41695E-02   5.46603E-02  -3.16949E-02   6.20872E-02  -4.01496E-02   5.50555E-02  -3.80857E-02   3.43907E-02  -2.57405E-02   2.78571E-03  -4.93340E-03  -3.59224E-02   2.14683E-02  -7.78505E-02   5.04394E-02
 8.09000E+01   4.48309E-02  -2.52404E-02   5.42434E-02  -3.90237E-02   5.51262E-02  -4.81064E-02   4.65758E-02  -4.92592E-02   2.95736E-02  -4.12634E-02   6.65784E-03  -2.49145E-02  -1.86843E-02  -2.65557E-03  -4.28170E-02   2.21236E-02  -6.28255E-02   4.60183E-02  -7.61969E-02   6.57535E-02  -6.20866E-02   6.26238E-02  -2.84463E-02   3.82187E-02   3.16022E-03   9.51428E-03   2.95359E-02  -1.59896E-02   4.72685E-02  -3.46803E-02   5.36311E-02  -4.35776E-02   4.75189E-02  -4.11502E-02   2.96538E-02  -2.76730E-02   2.36290E-03  -5.11192E-03  -3.10450E-02   2.34500E-02  -6.72251E-02   5.47663E-02
 8.15000E+01   3.88644E-02  -2.60453E-02   4.68950E-02  -4.00803E-02   4.75312E-02  -4.92566E-02   4.00391E-02  -5.02943E-02   2.53041E-02  -4.19684E-02   5.54043E-03  -2.51127E-02  -1.62390E-02  -2.24332E-03  -3.69118E-02   2.31598E-02  -5.39912E-02   4.76085E-02  -6.53425E-02   6.77484E-02  -5.30961E-02   6.43254E-02  -2.41844E-02   3.90643E-02   2.86420E-03   9.48462E-03   2.54044E-02  -1.67694E-02   4.05294E-02  -3.59811E-02   4.59199E-02  -4.50839E-02   4.06451E-02  -4.25053E-02   2.53326E-02  -2.85337E-02   1.97599E-03  -5.19856E-03  -2.65979E-02   2.43212E-02  -5.75352E-02   5.66792E-02
 8.20000E+01   3.44803E-02  -2.59122E-02   4.14938E-02  -3.99736E-02   4.19469E-02  -4.91985E-02   3.52306E-02  -5.02861E-02   2.21608E-02  -4.19923E-02   4.71411E-03  -2.51381E-02  -1.44449E-02  -2.23634E-03  -3.25715E-02   2.32268E-02  -4.74939E-02   4.77501E-02  -5.73561E-02   6.79632E-02  -4.64772E-02   6.45516E-02  -2.10427E-02   3.92116E-02   2.65098E-03   9.50869E-03   2.23673E-02  -1.68618E-02   3.55715E-02  -3.61633E-02   4.02450E-02  -4.53108E-02   3.55853E-02  -4.27203E-02   2.21508E-02  -2.86780E-02   1.68983E-03  -5.22196E-03  -2.33257E-02   2.44528E-02  -5.04035E-02   5.69818E-02
 8.26000E+01   2.99462E-02  -2.51210E-02   3.59054E-02  -3.90706E-02   3.61660E-02  -4.83311E-02   3.02497E-02  -4.95937E-02   1.89013E-02  -4.15800E-02   3.85207E-03  -2.50606E-02  -1.25932E-02  -2.49380E-03  -2.80809E-02   2.26808E-02  -4.07657E-02   4.69908E-02  -4.90810E-02   6.70854E-02  -3.96138E-02   6.38893E-02  -1.77794E-02   3.89531E-02   2.43654E-03   9.57751E-03   1.92243E-02  -1.65343E-02   3.04354E-02  -3.56739E-02   3.43634E-02  -4.47765E-02   3.03396E-02  -4.22613E-02   1.88508E-02  -2.84021E-02   1.39123E-03  -5.21225E-03  -1.99352E-02   2.41441E-02  -4.30115E-02   5.63317E-02
 8.32000E+01   2.61457E-02  -2.39062E-02   3.12182E-02  -3.76483E-02   3.13141E-02  -4.69298E-02   2.60653E-02  -4.84454E-02   1.61587E-02  -4.08743E-02   3.12063E-03  -2.49130E-02  -1.10456E-02  -2.93128E-03  -2.43147E-02   2.17140E-02  -3.51158E-02   4.56090E-02  -4.21264E-02   6.54482E-02  -3.38390E-02   6.26041E-02  -1.50271E-02   3.84057E-02   2.26404E-03   9.67506E-03   1.65873E-02  -1.59121E-02   2.61200E-02  -3.47103E-02   2.94185E-02  -4.37026E-02   2.59272E-02  -4.13233E-02   1.60734E-02  -2.78266E-02   1.13779E-03  -5.17785E-03  -1.70857E-02   2.35231E-02  -3.67957E-02   5.50040E-02
 8.38000E+01   2.29823E-02  -2.24611E-02   2.73138E-02  -3.59440E-02   2.72688E-02  -4.52395E-02   2.25726E-02  -4.70511E-02   1.38648E-02  -4.00116E-02   2.50239E-03  -2.47299E-02  -9.76223E-03  -3.46876E-03  -2.11774E-02   2.05173E-02  -3.04021E-02   4.38892E-02  -3.63181E-02   6.34005E-02  -2.90092E-02   6.09839E-02  -1.27180E-02   3.77050E-02   2.12817E-03   9.79056E-03   1.43899E-02  -1.51289E-02   2.25170E-02  -3.34894E-02   2.52865E-02  -4.23370E-02   2.22380E-02  -4.01268E-02   1.37497E-02  -2.70899E-02   9.23451E-04  -5.13082E-03  -1.47056E-02   2.27328E-02  -3.16009E-02   5.33100E-02
 8.44000E+01   2.03542E-02  -2.09100E-02   2.40669E-02  -3.41108E-02   2.39010E-02  -4.34181E-02   1.96608E-02  -4.55465E-02   1.19477E-02  -3.90800E-02   1.97901E-03  -2.45336E-02  -8.70100E-03  -4.05462E-03  -1.85686E-02   1.92142E-02  -2.64746E-02   4.20151E-02  -3.14723E-02   6.11674E-02  -2.49725E-02   5.92146E-02  -1.07808E-02   3.69385E-02   2.02335E-03   9.91707E-03   1.25616E-02  -1.42709E-02   1.95121E-02  -3.21514E-02   2.18369E-02  -4.08396E-02   1.91559E-02  -3.88143E-02   1.18065E-02  -2.62814E-02   7.41851E-04  -5.07897E-03  -1.27198E-02   2.18657E-02  -2.72629E-02   5.14507E-02
 8.51000E+01   1.78411E-02  -1.90681E-02   2.09581E-02  -3.19339E-02   2.06718E-02  -4.12558E-02   1.68634E-02  -4.37619E-02   1.00999E-02  -3.79777E-02   1.46600E-03  -2.43064E-02  -7.69257E-03  -4.75718E-03  -1.60707E-02   1.76597E-02  -2.27042E-02   3.97836E-02  -2.68121E-02   5.85113E-02  -2.10812E-02   5.71137E-02  -8.90379E-03   3.60324E-02   1.93349E-03   1.00730E-02   1.08096E-02  -1.32458E-02   1.66236E-02  -3.05565E-02   1.85163E-02  -3.90565E-02   1.61861E-02  -3.72526E-02   9.93197E-03  -2.53203E-02   5.63616E-04  -5.01873E-03  -1.08096E-02   2.08321E-02  -2.30860E-02   4.92367E-02
 8.57000E+01   1.60713E-02  -1.75124E-02   1.87653E-02  -3.00979E-02   1.83898E-02  -3.94352E-02   1.48819E-02  -4.22628E-02   8.78573E-03  -3.70557E-02   1.09372E-03  -2.41222E-02  -6.98795E-03  -5.35462E-03  -1.43087E-02   1.63483E-02  -2.00359E-02   3.79073E-02  -2.35068E-02   5.62834E-02  -1.83131E-02   5.53575E-02  -7.56025E-03   3.52814E-02   1.87938E-03   1.02109E-02   9.57260E-03  -1.23818E-02   1.45759E-02  -2.92178E-02   1.61583E-02  -3.75629E-02   1.40748E-02  -3.59463E-02   8.59726E-03  -2.45179E-02   4.34032E-04  -4.97054E-03  -9.45438E-03   1.99655E-02  -2.01187E-02   4.73829E-02
 8.63000E+01   1.45884E-02  -1.60039E-02   1.69245E-02  -2.83212E-02   1.64702E-02  -3.76775E-02   1.32107E-02  -4.08200E-02   7.67239E-03  -3.61733E-02   7.71401E-04  -2.39525E-02  -6.40273E-03  -5.93693E-03  -1.28294E-02   1.50823E-02  -1.77875E-02   3.61032E-02  -2.07148E-02   5.41475E-02  -1.59672E-02   5.36815E-02  -6.41381E-03   3.45727E-02   1.84273E-03   1.03515E-02   8.53286E-03  -1.15494E-02   1.28471E-02  -2.79348E-02   1.41638E-02  -3.61349E-02   1.22864E-02  -3.46997E-02   7.46491E-03  -2.37540E-02   3.21580E-04  -4.92719E-03  -8.30921E-03   1.91359E-02  -1.76077E-02   4.56120E-02
 8.69000E+01   1.33405E-02  -1.45548E-02   1.53723E-02  -2.66188E-02   1.48476E-02  -3.59983E-02   1.17936E-02  -3.94468E-02   6.72328E-03  -3.53389E-02   4.89662E-04  -2.37995E-02  -5.91558E-03  -6.49907E-03  -1.15818E-02   1.38736E-02  -1.58828E-02   3.43892E-02  -1.83428E-02   5.21261E-02  -1.39663E-02   5.21043E-02  -5.42803E-03   3.39150E-02   1.82075E-03   1.04940E-02   7.65469E-03  -1.07570E-02   1.13792E-02  -2.67213E-02   1.24664E-02  -3.47885E-02   1.07620E-02  -3.35271E-02   6.49779E-03  -2.30377E-02   2.22997E-04  -4.88948E-03  -7.33576E-03   1.83526E-02  -1.54694E-02   4.39439E-02
 8.75000E+01   1.22862E-02  -1.31700E-02   1.40574E-02  -2.49968E-02   1.34690E-02  -3.44040E-02   1.05851E-02  -3.81487E-02   5.90885E-03  -3.45564E-02   2.40928E-04  -2.36642E-02  -5.50932E-03  -7.03896E-03  -1.05247E-02   1.27273E-02  -1.42604E-02   3.27731E-02  -1.63153E-02   5.02285E-02  -1.22481E-02   5.06336E-02  -4.57354E-03   3.33122E-02   1.81123E-03   1.06384E-02   6.90930E-03  -1.00083E-02   1.01253E-02  -2.55832E-02   1.10125E-02  -3.35304E-02   9.45385E-03  -3.24346E-02   5.66595E-03  -2.23727E-02   1.35641E-04  -4.85779E-03  -6.50312E-03   1.76196E-02  -1.36368E-02   4.23873E-02
 8.82000E+01   1.12564E-02  -1.16364E-02   1.27688E-02  -2.32071E-02   1.21130E-02  -3.26520E-02   9.39074E-03  -3.67301E-02   5.09751E-03  -3.37095E-02  -1.56374E-05  -2.35290E-02  -5.11937E-03  -7.64047E-03  -9.48844E-03   1.14697E-02  -1.26591E-02   3.10126E-02  -1.43054E-02   4.81727E-02  -1.05346E-02   4.90540E-02  -3.71124E-03   3.26789E-02   1.81355E-03   1.08091E-02   6.17690E-03  -9.19073E-03   8.88305E-03  -2.43519E-02   9.56722E-03  -3.21758E-02   8.15024E-03  -3.12625E-02   4.83459E-03  -2.16626E-02   4.50946E-05  -4.82853E-03  -5.67684E-03   1.68286E-02  -1.18133E-02   4.07139E-02
 8.88000E+01   1.05153E-02  -1.03897E-02   1.18377E-02  -2.17580E-02   1.11287E-02  -3.12401E-02   8.51876E-03  -3.55939E-02   4.49959E-03  -3.30386E-02  -2.12287E-04  -2.34321E-02  -4.84472E-03  -8.13273E-03  -8.73923E-03   1.04578E-02  -1.14919E-02   2.96075E-02  -1.28324E-02   4.65424E-02  -9.26999E-03   4.78138E-02  -3.06605E-03   3.21950E-02   1.82551E-03   1.09578E-02   5.64586E-03  -8.53628E-03   7.97337E-03  -2.33770E-02   8.50447E-03  -3.11090E-02   7.18894E-03  -3.03435E-02   4.21942E-03  -2.11089E-02  -2.47158E-05  -4.80999E-03  -5.07052E-03   1.62043E-02  -1.04711E-02   3.93986E-02
 8.94000E+01   9.88255E-03  -9.20191E-03   1.10393E-02  -2.03828E-02   1.02804E-02  -2.99065E-02   7.76254E-03  -3.45273E-02   3.97581E-03  -3.24161E-02  -3.91592E-04  -2.33523E-02  -4.61595E-03  -8.60502E-03  -8.09635E-03   9.50344E-03  -1.04812E-02   2.82931E-02  -1.15496E-02   4.50275E-02  -8.16037E-03   4.66738E-02  -2.49167E-03   3.17632E-02   1.84558E-03   1.11088E-02   5.18870E-03  -7.92223E-03   7.18172E-03  -2.24725E-02   7.57550E-03  -3.01251E-02   6.34606E-03  -2.94997E-02   3.67805E-03  -2.06037E-02  -8.87732E-05  -4.79733E-03  -4.54170E-03   1.56270E-02  -9.29653E-03   3.81880E-02
 9.01000E+01   9.25895E-03  -7.88509E-03   1.02478E-02  -1.88651E-02   9.43405E-03  -2.84425E-02   7.00213E-03  -3.33651E-02   3.44245E-03  -3.17474E-02  -5.83056E-04  -2.32799E-02  -4.39789E-03  -9.13313E-03  -7.45857E-03   8.45726E-03  -9.46682E-03   2.68666E-02  -1.02527E-02   4.33967E-02  -7.02787E-03   4.54626E-02  -1.89498E-03   3.13220E-02   1.87817E-03   1.12886E-02   4.73324E-03  -7.25321E-03   6.38199E-03  -2.15004E-02   6.63178E-03  -2.90753E-02   5.48650E-03  -2.86046E-02   3.12346E-03  -2.00719E-02  -1.57712E-04  -4.78974E-03  -4.00596E-03   1.50090E-02  -8.10156E-03   3.68997E-02
 9.07000E+01   8.80724E-03  -6.81042E-03   9.67046E-03  -1.76323E-02   8.81190E-03  -2.72603E-02   6.43783E-03  -3.24341E-02   3.04080E-03  -3.12200E-02  -7.34914E-04  -2.32348E-02  -4.24655E-03  -9.56829E-03  -6.99283E-03   7.61336E-03  -8.71563E-03   2.57285E-02  -9.28392E-03   4.21072E-02  -6.17260E-03   4.45194E-02  -1.43528E-03   3.09943E-02   1.91329E-03   1.14462E-02   4.39890E-03  -6.71705E-03   5.78514E-03  -2.07334E-02   5.92284E-03  -2.82538E-02   4.83790E-03  -2.79089E-02   2.70280E-03  -1.96623E-02  -2.12875E-04  -4.78917E-03  -3.60478E-03   1.45237E-02  -7.20235E-03   3.58945E-02
 9.14000E+01   8.36162E-03  -5.61352E-03   9.09603E-03  -1.62661E-02   8.18711E-03  -2.59580E-02   5.86478E-03  -3.14174E-02   2.62597E-03  -3.06541E-02  -9.00738E-04  -2.32012E-02  -4.10529E-03  -1.00582E-02  -6.52881E-03   6.68452E-03  -7.95459E-03   2.44906E-02  -8.29253E-03   4.07190E-02  -5.28623E-03   4.35216E-02  -9.48161E-04   3.06673E-02   1.96201E-03   1.16346E-02   4.06367E-03  -6.13096E-03   5.17484E-03  -1.99092E-02   5.19244E-03  -2.73796E-02   4.16625E-03  -2.71742E-02   2.26460E-03  -1.92345E-02  -2.73701E-04  -4.79515E-03  -3.19295E-03   1.40049E-02  -6.27406E-03   3.48283E-02
 9.21000E+01   7.99050E-03  -4.47154E-03   8.61215E-03  -1.49697E-02   7.65436E-03  -2.47309E-02   5.36909E-03  -3.04689E-02   2.25951E-03  -3.01372E-02  -1.05696E-03  -2.31870E-02  -3.99678E-03  -1.05316E-02  -6.13723E-03   5.80958E-03  -7.29815E-03   2.33409E-02  -7.42640E-03   3.94452E-02  -4.49961E-03   4.26258E-02  -5.04258E-04   3.03960E-02   2.01862E-03   1.18287E-02   3.77835E-03  -5.58314E-03   4.64214E-03  -1.91546E-02   4.54883E-03  -2.65885E-02   3.57068E-03  -2.65161E-02   1.87324E-03  -1.88565E-02  -3.31661E-04  -4.80805E-03  -2.83170E-03   1.35330E-02  -5.45405E-03   3.38677E-02
 9.27000E+01   7.72322E-03  -3.53166E-03   8.25902E-03  -1.39083E-02   7.26011E-03  -2.37329E-02   4.99637E-03  -2.97054E-02   1.97767E-03  -2.97301E-02  -1.18495E-03  -2.31897E-02  -3.92646E-03  -1.09263E-02  -5.85083E-03   5.09798E-03  -6.80603E-03   2.24189E-02  -6.76794E-03   3.84365E-02  -3.89156E-03   4.19327E-02  -1.51734E-04   3.02052E-02   2.07318E-03   1.19999E-02   3.56761E-03  -5.14093E-03   4.23750E-03  -1.85584E-02   4.05497E-03  -2.59713E-02   3.11063E-03  -2.60080E-02   1.56865E-03  -1.85693E-02  -3.79691E-04  -4.82443E-03  -2.55582E-03   1.31626E-02  -4.82314E-03   3.31217E-02
 9.34000E+01   7.46272E-03  -2.47547E-03   7.90905E-03  -1.27218E-02   6.86268E-03  -2.26251E-02   4.61348E-03  -2.88668E-02   1.68056E-03  -2.92938E-02  -1.32909E-03  -2.32096E-02  -3.86773E-03  -1.13762E-02  -5.56622E-03   4.30758E-03  -6.30214E-03   2.14103E-02  -6.08269E-03   3.73483E-02  -3.24677E-03   4.12047E-02   2.33138E-04   3.00283E-02   2.14371E-03   1.22060E-02   3.35564E-03  -4.65356E-03   3.81672E-03  -1.79166E-02   3.53546E-03  -2.53165E-02   2.62307E-03  -2.54758E-02   1.24318E-03  -1.82740E-02  -4.34426E-04  -4.84957E-03  -2.26716E-03   1.27670E-02  -4.15745E-03   3.23342E-02
 9.41000E+01   7.25052E-03  -1.45763E-03   7.61723E-03  -1.15850E-02   6.52357E-03  -2.15721E-02   4.27864E-03  -2.80794E-02   1.41233E-03  -2.88958E-02  -1.46922E-03  -2.32469E-02  -3.83141E-03  -1.18168E-02  -5.32801E-03   3.55521E-03  -5.86328E-03   2.04670E-02  -5.47351E-03   3.63473E-02  -2.66028E-03   4.05571E-02   5.95191E-04   2.98980E-02   2.22161E-03   1.24195E-02   3.17526E-03  -4.19362E-03   3.44296E-03  -1.73277E-02   3.06739E-03  -2.47262E-02   2.17984E-03  -2.50038E-02   9.44378E-04  -1.80186E-02  -4.88350E-04  -4.88107E-03  -2.00878E-03   1.24073E-02  -3.55544E-03   3.16292E-02
 9.47000E+01   7.10255E-03  -6.11985E-04   7.40773E-03  -1.06457E-02   6.27341E-03  -2.07084E-02   4.02471E-03  -2.74414E-02   1.20190E-03  -2.85829E-02  -1.58723E-03  -2.32923E-02  -3.81641E-03  -1.21887E-02  -5.15622E-03   2.93704E-03  -5.53189E-03   1.97053E-02  -5.00312E-03   3.55528E-02  -2.19648E-03   4.00614E-02   8.91175E-04   2.98215E-02   2.29426E-03   1.26089E-02   3.04260E-03  -3.81880E-03   3.15455E-03  -1.68614E-02   2.70076E-03  -2.42677E-02   1.82944E-03  -2.46436E-02   7.05809E-04  -1.78293E-02  -5.34338E-04  -4.91303E-03  -1.80776E-03   1.21254E-02  -3.08207E-03   3.10855E-02
 9.54000E+01   6.96516E-03   3.47315E-04   7.20534E-03  -9.58593E-03   6.02315E-03  -1.97414E-02   3.76203E-03  -2.67361E-02   9.75699E-04  -2.82483E-02  -1.72357E-03  -2.33605E-02  -3.81613E-03  -1.26178E-02  -4.98930E-03   2.24322E-03  -5.19076E-03   1.88661E-02  -4.50621E-03   3.46936E-02  -1.69338E-03   3.95474E-02   1.22358E-03   2.97715E-02   2.38604E-03   1.28379E-02   2.91038E-03  -3.40161E-03   2.85004E-03  -1.63584E-02   2.30711E-03  -2.37838E-02   1.44940E-03  -2.42716E-02   4.44306E-04  -1.76409E-02  -5.88157E-04  -4.95604E-03  -1.59355E-03   1.18246E-02  -2.57163E-03   3.05167E-02
 9.61000E+01   6.86198E-03   1.28116E-03   7.04349E-03  -8.56030E-03   5.81269E-03  -1.88135E-02   3.53106E-03  -2.60690E-02   7.67182E-04  -2.79443E-02  -1.85957E-03  -2.34450E-02  -3.83307E-03  -1.30435E-02  -4.85464E-03   1.57519E-03  -4.89262E-03   1.80749E-02  -4.05748E-03   3.39013E-02  -1.22445E-03   3.90984E-02   1.54567E-03   2.97620E-02   2.48558E-03   1.30762E-02   2.79972E-03  -3.00356E-03   2.57518E-03  -1.58959E-02   1.94451E-03  -2.33510E-02   1.09517E-03  -2.39482E-02   1.97566E-04  -1.74854E-02  -6.42586E-04  -5.00518E-03  -1.39798E-03   1.15519E-02  -2.09903E-03   3.00136E-02
 9.68000E+01   6.78979E-03   2.19336E-03   6.91813E-03  -7.56426E-03   5.63768E-03  -1.79202E-02   3.32787E-03  -2.54365E-02   5.73573E-04  -2.76686E-02  -1.99626E-03  -2.35454E-02  -3.86619E-03  -1.34676E-02  -4.74902E-03   9.29374E-04  -4.63222E-03   1.73268E-02  -3.65011E-03   3.31704E-02  -7.83624E-04   3.87099E-02   1.86079E-03   2.97914E-02   2.59321E-03   1.33245E-02   2.70830E-03  -2.62226E-03   2.32572E-03  -1.54705E-02   1.60789E-03  -2.29656E-02   7.62054E-04  -2.36702E-02  -3.74638E-05  -1.73608E-02  -6.98051E-04  -5.06044E-03  -1.21819E-03   1.13051E-02  -1.65780E-03   2.95716E-02
 9.75000E+01   6.74604E-03   3.08740E-03   6.82600E-03  -6.59367E-03   5.49460E-03  -1.70572E-02   3.14922E-03  -2.48352E-02   3.92508E-04  -2.74195E-02  -2.13462E-03  -2.36616E-02  -3.91472E-03  -1.38917E-02  -4.66980E-03   3.02499E-04  -4.40520E-03   1.66174E-02  -3.27839E-03   3.24958E-02  -3.65666E-04   3.83785E-02   2.17192E-03   2.98586E-02   2.70933E-03   1.35835E-02   2.63423E-03  -2.25551E-03   2.09809E-03  -1.50791E-02   1.29289E-03  -2.26242E-02   4.46030E-04  -2.34348E-02  -2.63449E-04  -1.72657E-02  -7.54962E-04  -5.12185E-03  -1.05174E-03   1.10821E-02  -1.24238E-03   2.91867E-02
 9.82000E+01   6.72873E-03   3.96652E-03   6.76450E-03  -5.64467E-03   5.38057E-03  -1.62209E-02   2.99242E-03  -2.42620E-02   2.21953E-04  -2.71951E-02  -2.27557E-03  -2.37936E-02  -3.97815E-03  -1.43174E-02  -4.61492E-03  -3.08442E-04  -4.20797E-03   1.59427E-02  -2.93746E-03   3.18731E-02   3.39947E-05   3.81010E-02   2.48181E-03   2.99627E-02   2.83444E-03   1.38539E-02   2.57596E-03  -1.90133E-03   1.88926E-03  -1.47189E-02   9.95764E-04  -2.23242E-02   1.43564E-04  -2.32397E-02  -4.82750E-04  -1.71987E-02  -8.13718E-04  -5.18948E-03  -8.96542E-04   1.08814E-02  -8.47935E-04   2.88555E-02
 9.89000E+01   6.73633E-03   4.83373E-03   6.73157E-03  -4.71373E-03   5.29328E-03  -1.54077E-02   2.85523E-03  -2.37143E-02   6.01390E-05  -2.69940E-02  -2.42002E-03  -2.39413E-02  -4.05620E-03  -1.47464E-02  -4.58275E-03  -9.06228E-04  -4.03755E-03   1.52990E-02  -2.62317E-03   3.12981E-02   4.19397E-04   3.78745E-02   2.79300E-03   3.01030E-02   2.96910E-03   1.41364E-02   2.53227E-03  -1.55788E-03   1.69663E-03  -1.43876E-02   7.13231E-04  -2.20629E-02  -1.48471E-04  -2.30829E-02  -6.97492E-04  -1.71586E-02  -8.74719E-04  -5.26342E-03  -7.50777E-04   1.07014E-02  -4.70218E-04   2.85751E-02
 9.96000E+01   6.76768E-03   5.69184E-03   6.72566E-03  -3.79753E-03   5.23089E-03  -1.46146E-02   2.73579E-03  -2.31896E-02  -9.44863E-05  -2.68148E-02  -2.56885E-03  -2.41050E-02  -4.14880E-03  -1.51800E-02  -4.57202E-03  -1.49345E-03  -3.89145E-03   1.46831E-02  -2.33195E-03   3.07674E-02   7.94166E-04   3.76969E-02   3.10789E-03   3.02789E-02   3.11400E-03   1.44319E-02   2.50219E-03  -1.22348E-03   1.51795E-03  -1.40830E-02   4.42386E-04  -2.18382E-02  -4.32890E-04  -2.29627E-02  -9.09619E-04  -1.71446E-02  -9.38372E-04  -5.34381E-03  -6.12861E-04   1.05407E-02  -1.05435E-04   2.83427E-02
 1.00400E+02   6.83161E-03   6.66480E-03   6.75054E-03  -2.76454E-03   5.18825E-03  -1.37288E-02   2.61904E-03  -2.26152E-02  -2.64164E-04  -2.66356E-02  -2.74548E-03  -2.43118E-02  -4.27259E-03  -1.56830E-02  -4.58489E-03  -2.15471E-03  -3.75170E-03   1.40093E-02  -2.02345E-03   3.02111E-02   1.21367E-03   3.75511E-02   3.47532E-03   3.05234E-02   3.29311E-03   1.47866E-02   2.48354E-03  -8.50366E-04   1.32835E-03  -1.37651E-02   1.43828E-04  -2.16239E-02  -7.51908E-04  -2.28683E-02  -1.15117E-03  -1.71595E-02  -1.01491E-03  -5.44379E-03  -4.63061E-04   1.03793E-02   3.00013E-04   2.81334E-02
 1.01100E+02   6.91165E-03   7.51219E-03   6.79914E-03  -1.86975E-03   5.17485E-03  -1.29687E-02   2.53278E-03  -2.21324E-02  -4.07862E-04  -2.65000E-02  -2.90678E-03  -2.45102E-02  -4.39696E-03  -1.61314E-02  -4.61746E-03  -2.72727E-03  -3.65141E-03   1.34430E-02  -1.77180E-03   2.97651E-02   1.57646E-03   3.74719E-02   3.80602E-03   3.07754E-02   3.46266E-03   1.51128E-02   2.48039E-03  -5.30181E-04   1.17335E-03  -1.35116E-02  -1.10451E-04  -2.14719E-02  -1.02845E-03  -2.28221E-02  -1.36368E-03  -1.71991E-02  -1.08569E-03  -5.53858E-03  -3.37425E-04   1.02565E-02   6.48289E-04   2.79973E-02
 1.01800E+02   7.01404E-03   8.35842E-03   6.87238E-03  -9.80523E-04   5.18301E-03  -1.22200E-02   2.46029E-03  -2.16661E-02  -5.48289E-04  -2.63833E-02  -3.07539E-03  -2.47254E-02  -4.53682E-03  -1.65889E-02  -4.66962E-03  -3.29643E-03  -3.57027E-03   1.28958E-02  -1.53478E-03   2.93544E-02   1.93826E-03   3.74365E-02   4.14775E-03   3.10630E-02   3.64522E-03   1.54548E-02   2.48916E-03  -2.14428E-04   1.02696E-03  -1.32794E-02  -3.60517E-04  -2.13516E-02  -1.30492E-03  -2.28088E-02  -1.57902E-03  -1.72631E-02  -1.16053E-03  -5.64044E-03  -2.15680E-04   1.01500E-02   9.93584E-04   2.79037E-02
 1.02600E+02   7.15863E-03   9.32710E-03   6.98618E-03   3.23003E-05   5.21821E-03  -1.13750E-02   2.39331E-03  -2.11511E-02  -7.06106E-04  -2.62722E-02  -3.27839E-03  -2.49923E-02  -4.71651E-03  -1.71247E-02  -4.75317E-03  -3.94540E-03  -3.49975E-03   1.22907E-02  -1.27918E-03   2.89257E-02   2.35406E-03   3.74483E-02   4.55489E-03   3.14359E-02   3.87129E-03   1.58662E-02   2.51357E-03   1.42674E-04   8.68506E-04  -1.30385E-02  -6.43771E-04  -2.12515E-02  -1.62361E-03  -2.28330E-02  -1.83069E-03  -1.73657E-02  -1.25168E-03  -5.76586E-03  -7.99723E-05   1.00472E-02   1.38814E-03   2.78472E-02
 1.03300E+02   7.30977E-03   1.01786E-02   7.11238E-03   9.18374E-04   5.27150E-03  -1.06424E-02   2.34790E-03  -2.07144E-02  -8.42965E-04  -2.61937E-02  -3.46625E-03  -2.52447E-02  -4.89206E-03  -1.76065E-02  -4.84747E-03  -4.51418E-03  -3.45665E-03   1.17766E-02  -1.06685E-03   2.85838E-02   2.72294E-03   3.75036E-02   4.92848E-03   3.18015E-02   4.08580E-03   1.62454E-02   2.54750E-03   4.53241E-04   7.36282E-04  -1.28480E-02  -8.91602E-04  -2.11958E-02  -1.90725E-03  -2.28883E-02  -2.05763E-03  -1.74813E-02  -1.33699E-03  -5.88381E-03   3.68636E-05   9.97311E-03   1.73636E-03   2.78409E-02
 1.04000E+02   7.48465E-03   1.10360E-02   7.26401E-03   1.80691E-03   5.34593E-03  -9.91381E-03   2.31437E-03  -2.02891E-02  -9.79663E-04  -2.61322E-02  -3.66495E-03  -2.55154E-02  -5.08582E-03  -1.81018E-02  -4.96206E-03  -5.08584E-03  -3.43042E-03   1.12747E-02  -8.63354E-04   2.82712E-02   3.09936E-03   3.76005E-02   5.32104E-03   3.22047E-02   4.31744E-03   1.66437E-02   2.59332E-03   7.63290E-04   6.08918E-04  -1.26751E-02  -1.14143E-03  -2.11690E-02  -2.19761E-03  -2.29750E-02  -2.29265E-03  -1.76210E-02  -1.42812E-03  -6.00977E-03   1.52892E-04   9.91338E-03   2.09021E-03   2.78743E-02
 1.04800E+02   7.71489E-03   1.20260E-02   7.46960E-03   2.82850E-03   5.45743E-03  -9.08326E-03   2.29026E-03  -1.98152E-02  -1.13688E-03  -2.60823E-02  -3.90699E-03  -2.58480E-02  -5.33123E-03  -1.86863E-02  -5.11879E-03  -5.74516E-03  -3.42077E-03   1.07136E-02  -6.39690E-04   2.79478E-02   3.54234E-03   3.77616E-02   5.79660E-03   3.27125E-02   4.60533E-03   1.71239E-02   2.66061E-03   1.11848E-03   4.68037E-04  -1.24982E-02  -1.43184E-03  -2.11732E-02  -2.54054E-03  -2.31125E-02  -2.57341E-03  -1.78105E-02  -1.54028E-03  -6.16402E-03   2.85667E-04   9.86211E-03   2.50497E-03   2.79604E-02
 1.05500E+02   7.94441E-03   1.29036E-02   7.67910E-03   3.73043E-03   5.57888E-03  -8.35604E-03   2.28147E-03  -1.94096E-02  -1.27635E-03  -2.60561E-02  -4.13351E-03  -2.61600E-02  -5.56863E-03  -1.92156E-02  -5.27960E-03  -6.32941E-03  -3.43008E-03   1.02316E-02  -4.50211E-04   2.76929E-02   3.94433E-03   3.79468E-02   6.23979E-03   3.31995E-02   4.87963E-03   1.75673E-02   2.73307E-03   1.43129E-03   3.47806E-04  -1.23605E-02  -1.69242E-03  -2.12071E-02  -2.85289E-03  -2.32665E-02  -2.83187E-03  -1.80029E-02  -1.64628E-03  -6.30845E-03   4.03000E-04   9.83176E-03   2.88011E-03   2.80776E-02
 1.06300E+02   8.24101E-03   1.39222E-02   7.95448E-03   4.77360E-03   5.74629E-03  -7.52162E-03   2.28554E-03  -1.89549E-02  -1.43918E-03  -2.60457E-02  -4.41144E-03  -2.65418E-02  -5.86826E-03  -1.98430E-02  -5.49218E-03  -7.00802E-03  -3.46126E-03   9.68847E-03  -2.39031E-04   2.74322E-02   4.42424E-03   3.82092E-02   6.78188E-03   3.38064E-02   5.22164E-03   1.81026E-02   2.83225E-03   1.79258E-03   2.12680E-04  -1.22219E-02  -2.00032E-03  -2.12800E-02  -3.22720E-03  -2.34814E-02  -3.14462E-03  -1.82536E-02  -1.77757E-03  -6.48494E-03   5.39632E-04   9.81333E-03   3.32679E-03   2.82594E-02
 1.07100E+02   8.57710E-03   1.49609E-02   8.27101E-03   5.83338E-03   5.94608E-03  -6.68078E-03   2.30496E-03  -1.85077E-02  -1.60709E-03  -2.60560E-02  -4.71234E-03  -2.69516E-02  -6.20112E-03  -2.04966E-02  -5.73776E-03  -7.70092E-03  -3.51496E-03   9.15139E-03  -3.18030E-05   2.72025E-02   4.93068E-03   3.85263E-02   7.36744E-03   3.44692E-02   5.59768E-03   1.86703E-02   2.95003E-03   2.15951E-03   7.87422E-05  -1.21025E-02  -2.32206E-03  -2.13895E-02  -3.62380E-03  -2.37383E-02  -3.47911E-03  -1.85381E-02  -1.92108E-03  -6.67429E-03   6.80310E-04   9.81199E-03   3.79713E-03   2.84926E-02
 1.07800E+02   8.90643E-03   1.58887E-02   8.58456E-03   6.77712E-03   6.14937E-03  -5.93742E-03   2.33496E-03  -1.81213E-02  -1.75938E-03  -2.60819E-02  -4.99693E-03  -2.73344E-02  -6.52251E-03  -2.10920E-02  -5.98202E-03  -8.32115E-03  -3.58120E-03   8.68448E-03   1.47696E-04   2.70261E-02   5.39975E-03   3.88495E-02   7.92058E-03   3.50971E-02   5.95801E-03   1.91954E-02   3.06955E-03   2.48648E-03  -3.84881E-05  -1.20131E-02  -2.61763E-03  -2.15154E-02  -3.99253E-03  -2.39982E-02  -3.79257E-03  -1.88155E-02  -2.05797E-03  -6.85116E-03   8.07880E-04   9.82472E-03   4.23211E-03   2.87394E-02
 1.08600E+02   9.32703E-03   1.69738E-02   8.98857E-03   7.87766E-03   6.41694E-03  -5.07651E-03   2.38482E-03  -1.76838E-02  -1.94107E-03  -2.61308E-02  -5.34975E-03  -2.78008E-02  -6.92816E-03  -2.18015E-02  -6.29794E-03  -9.04844E-03  -3.68014E-03   8.15228E-03   3.52356E-04   2.68514E-02   5.97074E-03   3.92720E-02   8.60593E-03   3.58717E-02   6.41006E-03   1.98303E-02   3.22660E-03   2.86838E-03  -1.73677E-04  -1.19277E-02  -2.97483E-03  -2.16940E-02  -4.44308E-03  -2.43364E-02  -4.17831E-03  -1.91664E-02  -2.22908E-03  -7.06682E-03   9.60211E-04   9.85512E-03   4.76110E-03   2.90712E-02
 1.09400E+02   9.79977E-03   1.80884E-02   9.44626E-03   9.00511E-03   6.72562E-03  -4.20062E-03   2.45233E-03  -1.72490E-02  -2.13266E-03  -2.62004E-02  -5.73593E-03  -2.82996E-02  -7.37951E-03  -2.25447E-02  -6.65711E-03  -9.79813E-03  -3.80557E-03   7.61943E-03   5.58234E-04   2.67045E-02   6.58529E-03   3.97526E-02   9.35611E-03   3.67102E-02   6.91054E-03   2.05046E-02   3.40764E-03   3.26063E-03  -3.11450E-04  -1.18598E-02  -3.35673E-03  -2.19103E-02  -4.92990E-03  -2.47197E-02  -4.59794E-03  -1.95545E-02  -2.41791E-03  -7.29776E-03   1.12117E-03   9.90247E-03   5.33014E-03   2.94571E-02
 1.10200E+02   1.03308E-02   1.92361E-02   9.96379E-03   1.01631E-02   7.07983E-03  -3.30683E-03   2.53886E-03  -1.68156E-02  -2.33618E-03  -2.62907E-02  -6.16021E-03  -2.88326E-02  -7.88249E-03  -2.33241E-02  -7.06457E-03  -1.05731E-02  -3.95977E-03   7.08375E-03   7.67197E-04   2.65846E-02   7.25085E-03   4.02929E-02   1.01808E-02   3.76157E-02   7.46615E-03   2.12209E-02   3.61534E-03   3.66485E-03  -4.53233E-04  -1.18088E-02  -3.76799E-03  -2.21649E-02  -5.45915E-03  -2.51495E-02  -5.05686E-03  -1.99814E-02  -2.62702E-03  -7.54490E-03   1.29266E-03   9.96687E-03   5.94635E-03   2.98985E-02
 1.11000E+02   1.09275E-02   2.04201E-02   1.05485E-02   1.13551E-02   7.48487E-03  -2.39225E-03   2.64617E-03  -1.63818E-02  -2.55392E-03  -2.64022E-02  -6.62813E-03  -2.94016E-02  -8.44403E-03  -2.41426E-02  -7.52631E-03  -1.13761E-02  -4.14558E-03   6.54314E-03   9.81223E-04   2.64909E-02   7.97597E-03   4.08947E-02   1.10912E-02   3.85915E-02   8.08474E-03   2.19821E-02   3.85294E-03   4.08265E-03  -6.00567E-04  -1.17746E-02  -4.21393E-03  -2.24587E-02  -6.03791E-03  -2.56273E-02  -5.56134E-03  -2.04487E-02  -2.85936E-03  -7.80921E-03   1.47683E-03   1.00485E-02   6.61790E-03   3.03971E-02
 1.11800E+02   1.15984E-02   2.16438E-02   1.12091E-02   1.25847E-02   7.94710E-03  -1.45406E-03   2.77642E-03  -1.59464E-02  -2.78849E-03  -2.65349E-02  -7.14619E-03  -3.00083E-02  -9.07235E-03  -2.50027E-02  -8.04950E-03  -1.22100E-02  -4.36647E-03   5.99558E-03   1.20244E-03   2.64230E-02   8.77054E-03   4.15600E-02   1.21005E-02   3.96409E-02   8.77551E-03   2.27908E-02   4.12429E-03   4.51560E-03  -7.55141E-04  -1.17569E-02  -4.70065E-03  -2.27926E-02  -6.67435E-03  -2.61547E-02  -6.11866E-03  -2.09579E-02  -3.11842E-03  -8.09163E-03   1.67613E-03   1.01476E-02   7.35421E-03   3.09543E-02
 1.12600E+02   1.23539E-02   2.29104E-02   1.19560E-02   1.38553E-02   8.47413E-03  -4.89606E-04   2.93225E-03  -1.55080E-02  -3.04289E-03  -2.66892E-02  -7.72198E-03  -3.06544E-02  -9.77713E-03  -2.59071E-02  -8.64263E-03  -1.30774E-02  -4.62666E-03   5.43919E-03   1.43319E-03   2.63801E-02   9.64607E-03   4.22905E-02   1.32242E-02   4.07671E-02   9.54933E-03   2.36495E-02   4.43401E-03   4.96517E-03  -9.18848E-04  -1.17553E-02  -5.23523E-03  -2.31675E-02  -7.37803E-03  -2.67333E-02  -6.73733E-03  -2.15106E-02  -3.40829E-03  -8.39308E-03   1.89339E-03   1.02643E-02   8.16625E-03   3.15719E-02
 1.13400E+02   1.32063E-02   2.42227E-02   1.28016E-02   1.51698E-02   9.07507E-03   5.03520E-04   3.11688E-03  -1.50654E-02  -3.32063E-03  -2.68653E-02  -8.36448E-03  -3.13415E-02  -1.05699E-02  -2.68581E-02  -9.31585E-03  -1.39807E-02  -4.93129E-03   4.87227E-03   1.67610E-03   2.63620E-02   1.06160E-02   4.30878E-02   1.44802E-02   4.19730E-02   1.04190E-02   2.45606E-02   4.78759E-03   5.43271E-03  -1.09383E-03  -1.17698E-02  -5.82593E-03  -2.35843E-02  -8.16012E-03  -2.73645E-02  -7.42734E-03  -2.21083E-02  -3.73380E-03  -8.71438E-03   2.13186E-03   1.03990E-02   9.06682E-03   3.22513E-02
 1.14200E+02   1.41701E-02   2.55832E-02   1.37608E-02   1.65307E-02   9.76078E-03   1.52730E-03   3.33422E-03  -1.46175E-02  -3.62577E-03  -2.70634E-02  -9.08432E-03  -3.20707E-02  -1.14642E-02  -2.78574E-02  -1.00812E-02  -1.49217E-02  -5.28651E-03   4.29339E-03   1.93411E-03   2.63681E-02   1.16963E-02   4.39531E-02   1.58903E-02   4.32608E-02   1.13998E-02   2.55258E-02   5.19161E-03   5.91928E-03  -1.28254E-03  -1.18002E-02  -6.48245E-03  -2.40434E-02  -9.03379E-03  -2.80492E-02  -8.20049E-03  -2.27519E-02  -4.10067E-03  -9.05616E-03   2.39537E-03   1.05516E-02   1.00710E-02   3.29934E-02
 1.15100E+02   1.54094E-02   2.71729E-02   1.49975E-02   1.81191E-02   1.06498E-02   2.71732E-03   3.62371E-03  -1.41065E-02  -4.00784E-03  -2.73125E-02  -1.00023E-02  -3.29423E-02  -1.26121E-02  -2.90409E-02  -1.10705E-02  -1.60269E-02  -5.75593E-03   3.62662E-03   2.24670E-03   2.64032E-02   1.30668E-02   4.50085E-02   1.76923E-02   4.48088E-02   1.26587E-02   2.66776E-02   5.71625E-03   6.49026E-03  -1.51481E-03  -1.18529E-02  -7.31402E-03  -2.46106E-02  -1.01456E-02  -2.88840E-02  -9.18716E-03  -2.35314E-02  -4.57134E-03  -9.46552E-03   2.72738E-03   1.07447E-02   1.13468E-02   3.39037E-02
 1.15900E+02   1.66721E-02   2.86387E-02   1.62605E-02   1.95821E-02   1.15619E-02   3.80936E-03   3.92735E-03  -1.36455E-02  -4.38825E-03  -2.75568E-02  -1.09313E-02  -3.37621E-02  -1.37800E-02  -3.01453E-02  -1.20830E-02  -1.70508E-02  -6.24525E-03   3.01977E-03   2.54878E-03   2.64588E-02   1.44479E-02   4.60182E-02   1.95199E-02   4.62718E-02   1.39398E-02   2.77595E-02   6.25546E-03   7.01879E-03  -1.74273E-03  -1.19156E-02  -8.15098E-03  -2.51589E-02  -1.12693E-02  -2.96824E-02  -1.01866E-02  -2.42728E-02  -5.05026E-03  -9.85124E-03   3.06002E-03   1.09349E-02   1.26344E-02   3.47786E-02
 1.16700E+02   1.81125E-02   3.01520E-02   1.77042E-02   2.10912E-02   1.26085E-02   4.93218E-03   4.28180E-03  -1.31785E-02  -4.81415E-03  -2.78217E-02  -1.19854E-02  -3.46224E-02  -1.51113E-02  -3.12966E-02  -1.32427E-02  -1.81118E-02  -6.81373E-03   2.40025E-03   2.87851E-03   2.65362E-02   1.60101E-02   4.70919E-02   2.15980E-02   4.78127E-02   1.54009E-02   2.88933E-02   6.87510E-03   7.56605E-03  -1.99496E-03  -1.19927E-02  -9.09698E-03  -2.57468E-02  -1.25434E-02  -3.05310E-02  -1.13222E-02  -2.50576E-02  -5.59635E-03  -1.02565E-02   3.43463E-03   1.11417E-02   1.40929E-02   3.57122E-02
 1.17600E+02   1.99832E-02   3.19044E-02   1.95827E-02   2.28370E-02   1.39749E-02   6.22718E-03   4.75170E-03  -1.26476E-02  -5.35783E-03  -2.81421E-02  -1.33481E-02  -3.56334E-02  -1.68394E-02  -3.26415E-02  -1.47546E-02  -1.93442E-02  -7.56433E-03   1.69085E-03   3.28935E-03   2.66475E-02   1.80242E-02   4.83682E-02   2.42899E-02   4.96284E-02   1.72985E-02   3.02232E-02   7.68548E-03   8.20100E-03  -2.31363E-03  -1.20949E-02  -1.03159E-02  -2.64501E-02  -1.41901E-02  -3.15390E-02  -1.27924E-02  -2.59861E-02  -6.30563E-03  -1.07327E-02   3.91573E-03   1.13921E-02   1.59762E-02   3.68246E-02
 1.18400E+02   2.19086E-02   3.34950E-02   2.15192E-02   2.44201E-02   1.53876E-02   7.39811E-03   5.24375E-03  -1.21736E-02  -5.90918E-03  -2.84436E-02  -1.47450E-02  -3.65620E-02  -1.86173E-02  -3.38700E-02  -1.63159E-02  -2.04644E-02  -8.34773E-03   1.05404E-03   3.69717E-03   2.67654E-02   2.00849E-02   4.95505E-02   2.70556E-02   5.12980E-02   1.92523E-02   3.14414E-02   8.52470E-03   8.77727E-03  -2.63405E-03  -1.21974E-02  -1.15626E-02  -2.71046E-02  -1.58787E-02  -3.24713E-02  -1.43022E-02  -2.68424E-02  -7.03601E-03  -1.11695E-02   4.40644E-03   1.16273E-02   1.79058E-02   3.78562E-02
 1.19300E+02   2.44257E-02   3.52984E-02   2.40543E-02   2.62127E-02   1.72416E-02   8.72039E-03   5.89648E-03  -1.16444E-02  -6.62092E-03  -2.87949E-02  -1.65656E-02  -3.76233E-02  -2.09415E-02  -3.52677E-02  -1.83633E-02  -2.17332E-02  -9.38417E-03   3.40576E-04   4.21378E-03   2.69149E-02   2.27661E-02   5.09091E-02   3.06668E-02   5.32045E-02   2.18085E-02   3.28279E-02   9.62791E-03   9.42833E-03  -3.04483E-03  -1.23220E-02  -1.31845E-02  -2.78584E-02  -1.80802E-02  -3.35402E-02  -1.62732E-02  -2.78215E-02  -7.99169E-03  -1.16669E-02   5.04337E-03   1.18998E-02   2.04201E-02   3.90407E-02
 1.20100E+02   2.70313E-02   3.68818E-02   2.66816E-02   2.77841E-02   1.91671E-02   9.87620E-03   6.58043E-03  -1.11864E-02  -7.34978E-03  -2.91094E-02  -1.84453E-02  -3.85585E-02  -2.33474E-02  -3.64941E-02  -2.04884E-02  -2.28420E-02  -1.04679E-02  -2.77045E-04   4.73424E-03   2.70567E-02   2.55310E-02   5.21078E-02   3.44021E-02   5.48773E-02   2.44566E-02   3.40414E-02   1.07754E-02   9.99487E-03  -3.46316E-03  -1.24360E-02  -1.48570E-02  -2.85230E-02  -2.03547E-02  -3.44793E-02  -1.83116E-02  -2.86802E-02  -8.98195E-03  -1.21017E-02   5.69893E-03   1.21411E-02   2.30164E-02   4.00822E-02
 1.21000E+02   3.04518E-02   3.85827E-02   3.01342E-02   2.94679E-02   2.17021E-02   1.11107E-02   7.48756E-03  -1.07012E-02  -8.29792E-03  -2.94500E-02  -2.09076E-02  -3.95593E-02  -2.65062E-02  -3.78014E-02  -2.32849E-02  -2.40193E-02  -1.19027E-02  -9.27676E-04   5.40177E-03   2.72159E-02   2.91499E-02   5.33843E-02   3.93037E-02   5.66497E-02   2.79363E-02   3.53244E-02   1.22883E-02   1.05919E-02  -4.00496E-03  -1.25588E-02  -1.70464E-02  -2.92268E-02  -2.33366E-02  -3.54717E-02  -2.09864E-02  -2.95865E-02  -1.02834E-02  -1.25599E-02   6.55570E-03   1.23965E-02   2.64188E-02   4.11819E-02
 1.21900E+02   3.44780E-02   4.01041E-02   3.42018E-02   3.09669E-02   2.46934E-02   1.22043E-02   8.56495E-03  -1.02742E-02  -9.40501E-03  -2.97515E-02  -2.38007E-02  -4.04384E-02  -3.02249E-02  -3.89442E-02  -2.65836E-02  -2.50439E-02  -1.36044E-02  -1.48998E-03   6.17139E-03   2.73581E-02   3.33990E-02   5.44846E-02   4.50721E-02   5.81692E-02   3.20361E-02   3.64226E-02   1.40759E-02   1.11030E-02  -4.63529E-03  -1.26614E-02  -1.96174E-02  -2.98234E-02  -2.68431E-02  -3.63130E-02  -2.41343E-02  -3.03544E-02  -1.18172E-02  -1.29485E-02   7.56051E-03   1.26114E-02   3.04186E-02   4.21104E-02
 1.22800E+02   3.92019E-02   4.12999E-02   3.89779E-02   3.21329E-02   2.82103E-02   1.30473E-02   9.83831E-03  -9.94617E-03  -1.06954E-02  -2.99752E-02  -2.71903E-02  -4.10911E-02  -3.45890E-02  -3.97870E-02  -3.04613E-02  -2.57941E-02  -1.56134E-02  -1.89967E-03   7.05911E-03   2.74579E-02   3.83751E-02   5.52551E-02   5.18401E-02   5.92246E-02   3.68510E-02   3.71851E-02   1.61802E-02   1.14615E-02  -5.36798E-03  -1.27218E-02  -2.26290E-02  -3.02191E-02  -3.09549E-02  -3.68746E-02  -2.78279E-02  -3.08685E-02  -1.36189E-02  -1.32108E-02   8.73622E-03   1.27493E-02   3.51076E-02   4.27213E-02
 1.23600E+02   4.40494E-02   4.19199E-02   4.38820E-02   3.27172E-02   3.18251E-02   1.34582E-02   1.11523E-02  -9.78532E-03  -1.20131E-02  -3.00637E-02  -3.06651E-02  -4.13600E-02  -3.90683E-02  -4.01266E-02  -3.44462E-02  -2.60893E-02  -1.76846E-02  -2.06086E-03   7.95829E-03   2.74818E-02   4.34748E-02   5.54845E-02   5.87860E-02   5.95277E-02   4.17960E-02   3.74056E-02   1.83451E-02   1.15747E-02  -6.11467E-03  -1.27145E-02  -2.57159E-02  -3.02937E-02  -3.51730E-02  -3.69901E-02  -3.16188E-02  -3.09779E-02  -1.54696E-02  -1.32722E-02   9.94037E-03   1.27650E-02   3.99170E-02   4.28278E-02
 1.24500E+02   5.02636E-02   4.18551E-02   5.01714E-02   3.25981E-02   3.64646E-02   1.33410E-02   1.28439E-02  -9.82541E-03  -1.36957E-02  -2.99696E-02  -3.51160E-02  -4.11240E-02  -4.48114E-02  -3.98031E-02  -3.95604E-02  -2.57838E-02  -2.03495E-02  -1.89747E-03   9.09928E-03   2.73904E-02   5.00055E-02   5.49529E-02   6.76908E-02   5.87734E-02   4.81393E-02   3.68668E-02   2.11258E-02   1.13503E-02  -7.06675E-03  -1.25985E-02  -2.96697E-02  -2.98973E-02  -4.05792E-02  -3.64570E-02  -3.64792E-02  -3.05015E-02  -1.78440E-02  -1.30457E-02   1.14817E-02   1.25970E-02   4.60801E-02   4.21929E-02
 1.25400E+02   5.72263E-02   4.06203E-02   5.72208E-02   3.12883E-02   4.16678E-02   1.23368E-02   1.47454E-02  -1.02014E-02  -1.55754E-02  -2.95747E-02  -4.01000E-02  -4.00586E-02  -5.12470E-02  -3.83958E-02  -4.52954E-02  -2.45011E-02  -2.33435E-02  -1.20899E-03   1.03678E-02   2.71115E-02   5.73170E-02   5.32046E-02   7.76687E-02   5.63357E-02   5.52498E-02   3.51205E-02   2.42461E-02   1.05880E-02  -8.12913E-03  -1.23139E-02  -3.40966E-02  -2.87609E-02  -4.66353E-02  -3.49040E-02  -4.19255E-02  -2.91041E-02  -2.05059E-02  -1.23656E-02   1.32068E-02   1.21424E-02   5.29834E-02   4.03965E-02
 1.26300E+02   6.47141E-02   3.77732E-02   6.48031E-02   2.83385E-02   4.72661E-02   1.01122E-02   1.67938E-02  -1.10375E-02  -1.75936E-02  -2.87621E-02  -4.54577E-02  -3.78481E-02  -5.81679E-02  -3.54943E-02  -5.14652E-02  -2.18733E-02  -2.65678E-02   1.99828E-04   1.17260E-02   2.65694E-02   6.51753E-02   4.97751E-02   8.83974E-02   5.15765E-02   6.28972E-02   3.17102E-02   2.76038E-02   9.08600E-03  -9.26871E-03  -1.17949E-02  -3.88546E-02  -2.66024E-02  -5.31459E-02  -3.19436E-02  -4.77814E-02  -2.64362E-02  -2.33687E-02  -1.10609E-02   1.50602E-02   1.12915E-02   6.04043E-02   3.69972E-02
 1.27300E+02   7.30634E-02   3.21974E-02   7.32575E-02   2.26078E-02   5.35079E-02   5.81613E-03   1.90774E-02  -1.26525E-02  -1.98440E-02  -2.72319E-02  -5.14311E-02  -3.36769E-02  -6.58835E-02  -3.00343E-02  -5.83428E-02  -1.69419E-02  -3.01614E-02   2.84012E-03   1.32406E-02   2.55691E-02   7.39341E-02   4.34459E-02   1.00354E-01   4.28135E-02   7.14197E-02   2.54314E-02   3.13458E-02   6.31153E-03  -1.05385E-02  -1.08656E-02  -4.41564E-02  -2.26728E-02  -6.04006E-02  -2.65473E-02  -5.43065E-02  -2.15706E-02  -2.65587E-02  -8.67645E-03   1.71254E-02   9.75205E-03   6.86728E-02   3.08199E-02
 1.28200E+02   7.97485E-02   2.47408E-02   8.00238E-02   1.49708E-02   5.84996E-02   1.06280E-04   2.08987E-02  -1.47984E-02  -2.16512E-02  -2.52196E-02  -5.62150E-02  -2.81882E-02  -7.20569E-02  -2.28597E-02  -6.38407E-02  -1.04706E-02  -3.30278E-02   6.30185E-03   1.44629E-02   2.42649E-02   8.09448E-02   3.52021E-02   1.09915E-01   3.14132E-02   7.82307E-02   1.72639E-02   3.43331E-02   2.69744E-03  -1.15575E-02  -9.67175E-03  -4.83969E-02  -1.75872E-02  -6.62001E-02  -1.95597E-02  -5.95211E-02  -1.52689E-02  -2.91068E-02  -5.58569E-03   1.87775E-02   7.76563E-03   7.52825E-02   2.28328E-02
 1.29100E+02   8.46232E-02   1.51482E-02   8.49506E-02   5.16203E-03   6.21258E-02  -7.21857E-03   2.22103E-02  -1.75514E-02  -2.29820E-02  -2.26515E-02  -5.97070E-02  -2.11805E-02  -7.65500E-02  -1.37047E-02  -6.78305E-02  -2.21819E-03  -3.50930E-02   1.07151E-02   1.53772E-02   2.26075E-02   8.60555E-02   2.47268E-02   1.16861E-01   1.69347E-02   8.31712E-02   6.89121E-03   3.64927E-02  -1.89563E-03  -1.23069E-02  -8.16510E-03  -5.14819E-02  -1.11448E-02  -7.04123E-02  -1.07052E-02  -6.33047E-02  -7.28264E-03  -3.09527E-02  -1.66698E-03   1.99806E-02   5.25278E-03   8.00831E-02   1.27188E-02
 1.30000E+02   8.67817E-02   4.15304E-03   8.71180E-02  -6.07385E-03   6.37036E-02  -1.56058E-02   2.27577E-02  -2.07054E-02  -2.35977E-02  -1.97205E-02  -6.12611E-02  -1.31764E-02  -7.85228E-02  -3.24916E-03  -6.95585E-02   7.20579E-03  -3.59572E-02   1.57562E-02   1.58291E-02   2.07219E-02   8.83170E-02   1.27879E-02   1.19887E-01   4.33690E-04   8.53075E-02  -4.93139E-03   3.74112E-02  -7.13356E-03  -1.26523E-02  -6.45439E-03  -5.28349E-02  -3.81184E-03  -7.22451E-02  -6.24299E-04  -6.49433E-02   1.81086E-03  -3.17459E-02   2.79637E-03   2.05107E-02   2.39463E-03   8.21720E-02   1.20774E-03
 1.31000E+02   8.54726E-02  -8.26477E-03   8.57597E-02  -1.87650E-02   6.26609E-02  -2.50823E-02   2.23228E-02  -2.42743E-02  -2.33060E-02  -1.64187E-02  -6.03430E-02  -4.14450E-03  -7.72752E-02   8.55474E-03  -6.83919E-02   1.78499E-02  -3.52781E-02   2.14568E-02   1.57003E-02   1.86054E-02   8.69417E-02  -6.81596E-04   1.17900E-01  -1.81927E-02   8.38544E-02  -1.82804E-02   3.67382E-02  -1.30516E-02  -1.24848E-02  -4.52871E-03  -5.19748E-02   4.46175E-03  -7.10347E-02   1.07533E-02  -6.38368E-02   1.20758E-02  -3.11909E-02   7.83629E-03   2.01813E-02  -8.29166E-04   8.07928E-02  -1.17831E-02
 1.31900E+02   8.12460E-02  -1.82582E-02   8.14402E-02  -2.89885E-02   5.94235E-02  -3.27253E-02   2.10734E-02  -2.71614E-02  -2.22413E-02  -1.37655E-02  -5.73419E-02   3.13655E-03  -7.33239E-02   1.80822E-02  -6.48035E-02   2.64515E-02  -3.33187E-02   2.60749E-02   1.50659E-02   1.69139E-02   8.25068E-02  -1.15596E-02   1.11713E-01  -3.32554E-02   7.93994E-02  -2.90814E-02   3.47397E-02  -1.78446E-02  -1.18808E-02  -2.97565E-03  -4.92570E-02   1.11538E-02  -6.72752E-02   1.99606E-02  -6.04336E-02   2.03854E-02  -2.95101E-02   1.19178E-02   1.91296E-02  -3.43685E-03   7.65085E-02  -2.22979E-02
 1.32900E+02   7.42035E-02  -2.69732E-02   7.42569E-02  -3.79243E-02   5.40564E-02  -3.94230E-02   1.90242E-02  -2.97062E-02  -2.04412E-02  -1.14546E-02  -5.23336E-02   9.51826E-03  -6.67560E-02   2.64539E-02  -5.88615E-02   3.40283E-02  -3.01025E-02   3.01628E-02   1.39629E-02   1.54548E-02   7.51174E-02  -2.11376E-02   1.01450E-01  -4.65538E-02   7.20250E-02  -3.86275E-02   3.14457E-02  -2.20879E-02  -1.08610E-02  -1.60968E-03  -4.47401E-02   1.70678E-02  -6.10409E-02   2.81047E-02  -5.47977E-02   2.77395E-02  -2.67322E-02   1.55328E-02   1.73793E-02  -5.74233E-03   6.94037E-02  -3.16034E-02
 1.33800E+02   6.68475E-02  -3.23685E-02   6.67573E-02  -4.34825E-02   4.84572E-02  -4.36112E-02   1.68922E-02  -3.13160E-02  -1.85542E-02  -1.00266E-02  -4.70998E-02   1.35117E-02  -5.98991E-02   3.17194E-02  -5.26639E-02   3.88171E-02  -2.67553E-02   3.27713E-02   1.27988E-02   1.45708E-02   6.73976E-02  -2.71882E-02   9.07393E-02  -5.49993E-02   6.43332E-02  -4.47027E-02   2.80136E-02  -2.47972E-02  -9.79177E-03  -7.48189E-04  -4.00237E-02   2.08315E-02  -5.45348E-02   3.32966E-02  -4.89179E-02   3.24331E-02  -2.38356E-02   1.78430E-02   1.55511E-02  -7.21094E-03   6.19889E-02  -3.75422E-02
 1.34800E+02   5.85859E-02  -3.58821E-02   5.83338E-02  -4.71410E-02   4.21676E-02  -4.64007E-02   1.44963E-02  -3.24157E-02  -1.64358E-02  -9.10130E-03  -4.12213E-02   1.61747E-02  -5.21963E-02   3.52704E-02  -4.57005E-02   4.20812E-02  -2.29931E-02   3.45860E-02   1.14931E-02   1.40248E-02   5.87244E-02  -3.13066E-02   7.87038E-02  -6.08137E-02   5.56887E-02  -4.89040E-02   2.41559E-02  -2.66837E-02  -8.59072E-03  -1.64127E-04  -3.47233E-02   2.34339E-02  -4.72224E-02   3.68998E-02  -4.23092E-02   3.56979E-02  -2.05798E-02   1.94546E-02   1.34963E-02  -8.22833E-03   5.36548E-02  -4.16728E-02
 1.35800E+02   5.09164E-02  -3.73356E-02   5.05106E-02  -4.87101E-02   3.63221E-02  -4.76441E-02   1.22643E-02  -3.29454E-02  -1.44750E-02  -8.72678E-03  -3.57651E-02   1.73641E-02  -4.50402E-02   3.69128E-02  -3.92254E-02   4.36395E-02  -1.94875E-02   3.55036E-02   1.02918E-02   1.38438E-02   5.06684E-02  -3.32623E-02   6.75126E-02  -6.36669E-02   4.76468E-02  -5.09916E-02   2.05637E-02  -2.76393E-02  -7.47782E-03   1.09238E-04  -2.97957E-02   2.47253E-02  -4.04210E-02   3.87064E-02  -3.61603E-02   3.73454E-02  -1.75491E-02   2.02744E-02   1.15864E-02  -8.73567E-03   4.59025E-02  -4.37561E-02
 1.36800E+02   4.41673E-02  -3.73359E-02   4.36213E-02  -4.88064E-02   3.11681E-02  -4.77991E-02   1.02882E-02  -3.30757E-02  -1.27587E-02  -8.74318E-03  -3.09653E-02   1.75128E-02  -3.87349E-02   3.72097E-02  -3.35113E-02   4.39972E-02  -1.63830E-02   3.57924E-02   9.25120E-03   1.39245E-02   4.35735E-02  -3.36918E-02   5.76384E-02  -6.44344E-02   4.05453E-02  -5.15919E-02   1.73863E-02  -2.79411E-02  -6.50197E-03   1.62190E-04  -2.54498E-02   2.50928E-02  -3.44172E-02   3.92479E-02  -3.07298E-02   3.78547E-02  -1.48704E-02   2.05374E-02   9.90243E-03  -8.88329E-03   3.90586E-02  -4.43977E-02
 1.37700E+02   3.89426E-02  -3.65156E-02   3.82826E-02  -4.80625E-02   2.71676E-02  -4.73260E-02   8.74579E-03  -3.29702E-02  -1.14396E-02  -8.98110E-03  -2.72515E-02   1.70579E-02  -3.38456E-02   3.67179E-02  -2.90710E-02   4.36439E-02  -1.39591E-02   3.57013E-02   8.46314E-03   1.41489E-02   3.80754E-02  -3.32159E-02   4.99673E-02  -6.39506E-02   3.50221E-02  -5.12959E-02   1.49096E-02  -2.78464E-02  -5.75026E-03   8.41328E-05  -2.20754E-02   2.49024E-02  -2.97502E-02   3.90230E-02  -2.65055E-02   3.76730E-02  -1.27844E-02   2.04616E-02   8.59556E-03  -8.81310E-03   3.37378E-02  -4.41636E-02
 1.38700E+02   3.40278E-02  -3.50406E-02   3.32539E-02  -4.66666E-02   2.33913E-02  -4.63823E-02   7.27915E-03  -3.27034E-02  -1.02107E-02  -9.40179E-03  -2.37602E-02   1.61466E-02  -2.92359E-02   3.56512E-02  -2.48731E-02   4.27910E-02  -1.16532E-02   3.53639E-02   7.74374E-03   1.45078E-02   3.28961E-02  -3.20940E-02   4.27170E-02  -6.26106E-02   2.97941E-02  -5.03974E-02   1.25583E-02  -2.74932E-02  -5.04781E-03  -9.04959E-05  -1.88885E-02   2.43340E-02  -2.53356E-02   3.82870E-02  -2.25060E-02   3.70349E-02  -1.08067E-02   2.01649E-02   7.36201E-03  -8.59579E-03   2.87039E-02  -4.33494E-02
 1.39700E+02   2.99398E-02  -3.32254E-02   2.90636E-02  -4.49288E-02   2.02352E-02  -4.51894E-02   6.04135E-03  -3.23503E-02  -9.20223E-03  -9.92044E-03  -2.08588E-02   1.49888E-02  -2.53900E-02   3.42718E-02  -2.13573E-02   4.16645E-02  -9.70576E-03   3.48901E-02   7.17040E-03   1.49389E-02   2.85799E-02  -3.06136E-02   3.66474E-02  -6.07916E-02   2.54085E-02  -4.91610E-02   1.05780E-02  -2.69951E-02  -4.46885E-03  -3.19991E-04  -1.62232E-02   2.35515E-02  -2.16358E-02   3.72612E-02  -1.91498E-02   3.61379E-02  -9.14404E-03   1.97430E-02   6.33118E-03  -8.29464E-03   2.44840E-02  -4.22052E-02
 1.40700E+02   2.65520E-02  -3.12428E-02   2.55830E-02  -4.30243E-02   1.76039E-02  -4.38778E-02   4.99651E-03  -3.19599E-02  -8.38104E-03  -1.04917E-02  -1.84571E-02   1.37077E-02  -2.21903E-02   3.27402E-02  -1.84181E-02   4.04086E-02  -8.06035E-03   3.43566E-02   6.72204E-03   1.54133E-02   2.49938E-02  -2.89560E-02   3.15752E-02  -5.87435E-02   2.17343E-02  -4.77657E-02   8.91059E-03  -2.64312E-02  -3.99469E-03  -5.78677E-04  -1.39986E-02   2.26654E-02  -1.85395E-02   3.60976E-02  -1.63366E-02   3.51190E-02  -7.74704E-03   1.92632E-02   5.47167E-03  -7.95257E-03   2.09512E-02  -4.09040E-02
 1.41800E+02   2.34929E-02  -2.89961E-02   2.24304E-02  -4.08670E-02   1.52085E-02  -4.23944E-02   4.02993E-03  -3.15233E-02  -7.65713E-03  -1.11474E-02  -1.62917E-02   1.22473E-02  -1.92856E-02   3.09984E-02  -1.57327E-02   3.89843E-02  -6.53617E-03   3.37578E-02   6.34968E-03   1.59635E-02   2.17444E-02  -2.70626E-02   2.69434E-02  -5.64115E-02   1.83675E-02  -4.61801E-02   7.37270E-03  -2.57937E-02  -3.57330E-03  -8.77944E-04  -1.19704E-02   2.16530E-02  -1.57064E-02   3.47709E-02  -1.37571E-02   3.39590E-02  -6.46210E-03   1.87182E-02   4.68901E-03  -7.56087E-03   1.77172E-02  -3.94198E-02
 1.42800E+02   2.12078E-02  -2.69632E-02   2.00662E-02  -3.89194E-02   1.34009E-02  -4.10613E-02   3.28586E-03  -3.11398E-02  -7.13326E-03  -1.17502E-02  -1.46774E-02   1.09225E-02  -1.71011E-02   2.94276E-02  -1.36967E-02   3.77089E-02  -5.36077E-03   3.32338E-02   6.10278E-03   1.64781E-02   1.93060E-02  -2.53505E-02   2.34335E-02  -5.43206E-02   1.58054E-02  -4.47648E-02   6.19286E-03  -2.52309E-02  -3.26499E-03  -1.15310E-03  -1.04364E-02   2.07430E-02  -1.35541E-02   3.35841E-02  -1.17924E-02   3.29244E-02  -5.47961E-03   1.82346E-02   4.09802E-03  -7.20812E-03   1.52589E-02  -3.80927E-02
 1.43800E+02   1.93079E-02  -2.49765E-02   1.80912E-02  -3.70228E-02   1.18795E-02  -3.97714E-02   2.64511E-03  -3.07798E-02  -6.71457E-03  -1.23499E-02  -1.33382E-02   9.62704E-03  -1.52699E-02   2.79038E-02  -1.19735E-02   3.64834E-02  -4.34634E-03   3.27463E-02   5.92888E-03   1.70007E-02   1.72674E-02  -2.36867E-02   2.04645E-02  -5.23122E-02   1.36273E-02  -4.34140E-02   5.18046E-03  -2.47016E-02  -3.01509E-03  -1.42570E-03  -9.14159E-03   1.98671E-02  -1.17279E-02   3.24489E-02  -1.01203E-02   3.19390E-02  -4.63971E-03   1.77772E-02   3.60012E-03  -6.86800E-03   1.31715E-02  -3.68248E-02
 1.44900E+02   1.75816E-02  -2.28664E-02   1.62856E-02  -3.50177E-02   1.04751E-02  -3.84190E-02   2.03631E-03  -3.04174E-02  -6.35454E-03  -1.30004E-02  -1.21252E-02   8.25156E-03  -1.35882E-02   2.63025E-02  -1.03712E-02   3.52121E-02  -3.37969E-03   3.22625E-02   5.80890E-03   1.75814E-02   1.54012E-02  -2.19358E-02   1.77053E-02  -5.02314E-02   1.15902E-02  -4.20264E-02   4.22245E-03  -2.41687E-02  -2.79580E-03  -1.71939E-03  -7.94158E-03   1.89578E-02  -1.00240E-02   3.12804E-02  -8.55412E-03   3.09303E-02  -3.84858E-03   1.73133E-02   3.13972E-03  -6.51411E-03   1.12221E-02  -3.55219E-02
 1.45900E+02   1.62839E-02  -2.10251E-02   1.49177E-02  -3.32775E-02   9.39807E-03  -3.72568E-02   1.55306E-03  -3.01213E-02  -6.10348E-03  -1.35815E-02  -1.12170E-02   7.05217E-03  -1.23066E-02   2.49232E-02  -9.13131E-03   3.41337E-02  -2.60960E-03   3.18751E-02   5.75539E-03   1.81139E-02   1.39848E-02  -2.04255E-02   1.55712E-02  -4.84702E-02   1.00025E-02  -4.08644E-02   3.46529E-03  -2.37339E-02  -2.63841E-03  -1.97957E-03  -7.01648E-03   1.81863E-02  -8.69969E-03   3.02993E-02  -7.33109E-03   3.00896E-02  -3.22664E-03   1.69313E-02   2.78580E-03  -6.21315E-03   9.70507E-03  -3.44306E-02
 1.47000E+02   1.51020E-02  -1.90859E-02   1.36595E-02  -3.14560E-02   8.39255E-03  -3.60540E-02   1.08318E-03  -2.98334E-02  -5.89770E-03  -1.42094E-02  -1.03940E-02   5.79018E-03  -1.11192E-02   2.34920E-02  -7.96075E-03   3.30349E-02  -1.85749E-03   3.15082E-02   5.74960E-03   1.87051E-02   1.26789E-02  -1.88560E-02   1.35574E-02  -4.66803E-02   8.49030E-03  -3.96987E-02   2.73234E-03  -2.33118E-02  -2.50376E-03  -2.25812E-03  -6.14687E-03   1.74001E-02  -7.44246E-03   2.93123E-02  -6.16355E-03   2.92512E-02  -2.62823E-03   1.65560E-02   2.45423E-03  -5.90563E-03   8.26282E-03  -3.33357E-02
 1.48000E+02   1.42138E-02  -1.73986E-02   1.27020E-02  -2.98818E-02   7.61297E-03  -3.50277E-02   7.01092E-04  -2.96055E-02  -5.76537E-03  -1.47710E-02  -9.77978E-03   4.69313E-03  -1.02072E-02   2.22670E-02  -7.04072E-03   3.21140E-02  -1.24265E-03   3.12283E-02   5.78727E-03   1.92487E-02   1.16819E-02  -1.75105E-02   1.19753E-02  -4.51850E-02   7.28906E-03  -3.87400E-02   2.13901E-03  -2.29788E-02  -2.41108E-03  -2.50487E-03  -5.46675E-03   1.67413E-02  -6.44744E-03   2.84977E-02  -5.23342E-03   2.85668E-02  -2.14711E-03   1.62555E-02   2.19596E-03  -5.64706E-03   7.11935E-03  -3.24353E-02
 1.49100E+02   1.34085E-02  -1.56204E-02   1.18197E-02  -2.82347E-02   6.87774E-03  -3.39688E-02   3.20269E-04  -2.93914E-02  -5.67188E-03  -1.53805E-02  -9.22781E-03   3.53761E-03  -9.35679E-03   2.09987E-02  -6.15847E-03   3.11833E-02  -6.26056E-04   3.09780E-02   5.87150E-03   1.98553E-02   1.07593E-02  -1.61145E-02   1.04585E-02  -4.36791E-02   6.12240E-03  -3.77926E-02   1.55026E-03  -2.26669E-02  -2.33715E-03  -2.77014E-03  -4.81820E-03   1.60754E-02  -5.48516E-03   2.76891E-02  -4.32696E-03   2.78966E-02  -1.67331E-03   1.59682E-02   1.95085E-03  -5.38466E-03   6.01114E-03  -3.15453E-02
 1.50200E+02   1.27556E-02  -1.39163E-02   1.10883E-02  -2.66692E-02   6.24925E-03  -3.29786E-02  -2.78010E-05  -2.92139E-02  -5.62644E-03  -1.59836E-02  -8.78605E-03   2.43056E-03  -8.64054E-03   1.98070E-02  -5.38809E-03   3.03336E-02  -5.82840E-05   3.07863E-02   5.99732E-03   2.04731E-02   9.98983E-03  -1.47997E-02   9.13423E-03  -4.23105E-02   5.08741E-03  -3.69518E-02   1.01450E-03  -2.24099E-02  -2.28882E-03  -3.03018E-03  -4.25562E-03   1.54673E-02  -4.63573E-03   2.69675E-02  -3.51932E-03   2.73088E-02  -1.24587E-03   1.57244E-02   1.73952E-03  -5.14388E-03   5.03030E-03  -3.07554E-02
 1.51200E+02   1.22755E-02  -1.24248E-02   1.05348E-02  -2.53100E-02   5.75563E-03  -3.21332E-02  -3.21966E-04  -2.90833E-02  -5.62255E-03  -1.65288E-02  -8.46681E-03   1.46134E-03  -8.08773E-03   1.87846E-02  -4.76790E-03   2.96271E-02   4.25409E-04   3.06611E-02   6.14599E-03   2.10467E-02   9.40299E-03  -1.36683E-02   8.06805E-03  -4.11777E-02   4.23923E-03  -3.62749E-02   5.63432E-04  -2.22220E-02  -2.26461E-03  -3.26319E-03  -3.80596E-03   1.49611E-02  -3.94334E-03   2.63825E-02  -2.85427E-03   2.68423E-02  -8.89199E-04   1.55389E-02   1.57175E-03  -4.94240E-03   4.22842E-03  -3.01191E-02
 1.52300E+02   1.18557E-02  -1.08399E-02   1.00315E-02  -2.38780E-02   5.28498E-03  -3.12587E-02  -6.26708E-04  -2.89720E-02  -5.65599E-03  -1.71275E-02  -8.19479E-03   4.30680E-04  -7.57198E-03   1.77205E-02  -4.15875E-03   2.89172E-02   9.30915E-04   3.05754E-02   6.34615E-03   2.16932E-02   8.86380E-03  -1.24869E-02   7.02050E-03  -4.00454E-02   3.38882E-03  -3.56208E-02   9.76761E-05  -2.20633E-02  -2.25762E-03  -3.51709E-03  -3.36784E-03   1.44520E-02  -3.25320E-03   2.58123E-02  -2.18379E-03   2.63995E-02  -5.24347E-04   1.53726E-02   1.40959E-03  -4.73841E-03   3.42642E-03  -2.95039E-02
 1.53400E+02   1.15361E-02  -9.30575E-03   9.62464E-03  -2.25047E-02   4.87902E-03  -3.04371E-02  -9.16725E-04  -2.88932E-02  -5.72643E-03  -1.77280E-02  -7.99638E-03  -5.68402E-04  -7.13970E-03   1.67134E-02  -3.61320E-03   2.82728E-02   1.41681E-03   3.05425E-02   6.58444E-03   2.23587E-02   8.42132E-03  -1.13641E-02   6.08169E-03  -3.90239E-02   2.60808E-03  -3.50558E-02  -3.44359E-04  -2.19530E-02  -2.26966E-03  -3.76983E-03  -2.97915E-03   1.39888E-02  -2.62386E-03   2.53140E-02  -1.56417E-03   2.60263E-02  -1.81587E-04   1.52441E-02   1.26715E-03  -4.55137E-03   2.69209E-03  -2.89720E-02
 1.54500E+02   1.13059E-02  -7.81473E-03   9.30283E-03  -2.11826E-02   4.52849E-03  -2.96634E-02  -1.19648E-03  -2.88459E-02  -5.83219E-03  -1.83329E-02  -7.86418E-03  -1.54146E-03  -6.77997E-03   1.57569E-02  -3.12021E-03   2.76891E-02   1.89049E-03   3.05607E-02   6.86135E-03   2.30459E-02   8.06356E-03  -1.02928E-02   5.23243E-03  -3.81049E-02   1.88239E-03  -3.45748E-02  -7.69939E-04  -2.18893E-02  -2.29963E-03  -4.02281E-03  -2.63159E-03   1.35678E-02  -2.04313E-03   2.48831E-02  -9.84013E-04   2.57189E-02   1.45011E-04   1.51517E-02   1.14127E-03  -4.37982E-03   2.01136E-03  -2.85182E-02
 1.55700E+02   1.11471E-02  -6.22881E-03   9.03826E-03  -1.97906E-02   4.20058E-03  -2.88684E-02  -1.49459E-03  -2.88288E-02  -5.98690E-03  -1.90011E-02  -7.78906E-03  -2.57952E-03  -6.46017E-03   1.47643E-02  -2.63163E-03   2.71161E-02   2.40108E-03   3.06375E-02   7.20900E-03   2.38237E-02   7.75890E-03  -9.17477E-03   4.38944E-03  -3.72104E-02   1.13894E-03  -3.41401E-02  -1.22295E-03  -2.18711E-02  -2.35205E-03  -4.30066E-03  -2.29134E-03   1.31529E-02  -1.45298E-03   2.44850E-02  -3.84641E-04   2.54546E-02   4.88926E-04   1.50903E-02   1.01981E-03  -4.20876E-03   1.31592E-03  -2.81071E-02
 1.56800E+02   1.10798E-02  -4.80494E-03   8.86777E-03  -1.85536E-02   3.94352E-03  -2.81803E-02  -1.76515E-03  -2.88441E-02  -6.16471E-03  -1.96240E-02  -7.77936E-03  -3.51496E-03  -6.22632E-03   1.38950E-02  -2.22067E-03   2.66452E-02   2.87001E-03   3.07591E-02   7.57160E-03   2.45657E-02   7.55037E-03  -8.18945E-03   3.67882E-03  -3.64824E-02   4.90112E-04  -3.38198E-02  -1.63411E-03  -2.19001E-02  -2.41793E-03  -4.55851E-03  -2.00900E-03   1.28098E-02  -9.42284E-04   2.41823E-02   1.43218E-04   2.52744E-02   7.97792E-04   1.50688E-02   9.20720E-04  -4.06537E-03   7.10603E-04  -2.78028E-02
 1.57900E+02   1.10832E-02  -3.40303E-03   8.76105E-03  -1.73478E-02   3.72317E-03  -2.75268E-02  -2.03653E-03  -2.88882E-02  -6.37761E-03  -2.02596E-02  -7.82367E-03  -4.43990E-03  -6.04385E-03   1.30593E-02  -1.83832E-03   2.62226E-02   3.34570E-03   3.09290E-02   7.97908E-03   2.53383E-02   7.40395E-03  -7.23589E-03   3.01593E-03  -3.58362E-02  -1.37231E-04  -3.35707E-02  -2.04687E-03  -2.19718E-02  -2.50100E-03  -4.82072E-03  -1.75005E-03   1.24995E-02  -4.52590E-04   2.39357E-02   6.58290E-04   2.51509E-02   1.10489E-03   1.50798E-02   8.31544E-04  -3.93368E-03   1.26747E-04  -2.75645E-02
 1.59100E+02   1.11646E-02  -1.89155E-03   8.71332E-03  -1.60611E-02   3.52019E-03  -2.68493E-02  -2.33717E-03  -2.89687E-02  -6.65146E-03  -2.09705E-02  -7.93214E-03  -5.44225E-03  -5.89881E-03   1.21805E-02  -1.44729E-03   2.58129E-02   3.87891E-03   3.11690E-02   8.47897E-03   2.62198E-02   7.31056E-03  -6.22540E-03   2.33567E-03  -3.52184E-02  -8.07149E-04  -3.33767E-02  -2.50503E-03  -2.20981E-02  -2.61181E-03  -5.11324E-03  -1.48947E-03   1.21956E-02   6.57701E-05   2.37278E-02   1.21379E-03   2.50786E-02   1.44255E-03   1.51279E-02   7.43848E-04  -3.80221E-03  -4.95299E-04  -2.73764E-02
 1.60200E+02   1.13093E-02  -5.16238E-04   8.73031E-03  -1.49024E-02   3.36521E-03  -2.62572E-02  -2.62031E-03  -2.90719E-02  -6.94278E-03  -2.16409E-02  -8.08650E-03  -6.35957E-03  -5.81239E-03   1.14003E-02  -1.10748E-03   2.54815E-02   4.38686E-03   3.14391E-02   8.99270E-03   2.70666E-02   7.28306E-03  -5.32090E-03   1.74208E-03  -3.47270E-02  -1.41656E-03  -3.32674E-02  -2.93770E-03  -2.22574E-02  -2.73281E-03  -5.38869E-03  -1.26695E-03   1.19464E-02   5.33239E-04   2.35907E-02   1.72423E-03   2.50678E-02   1.75866E-03   1.52045E-02   6.70921E-04  -3.69192E-03  -1.06002E-03  -2.72673E-02
 1.61400E+02   1.15442E-02   9.79561E-04   8.81409E-03  -1.36548E-02   3.22728E-03  -2.56393E-02  -2.94120E-03  -2.92166E-02  -7.30785E-03  -2.23960E-02  -8.31596E-03  -7.36360E-03  -5.76672E-03   1.05721E-02  -7.51814E-04   2.51652E-02   4.96894E-03   3.17889E-02   9.62016E-03   2.80365E-02   7.31492E-03  -4.35215E-03   1.11781E-03  -3.42680E-02  -2.08550E-03  -3.32206E-02  -3.42981E-03  -2.24788E-02  -2.88744E-03  -5.69863E-03  -1.03834E-03   1.17044E-02   1.04206E-03   2.34974E-02   2.29017E-03   2.51151E-02   2.11540E-03   1.53233E-02   5.98240E-04  -3.58181E-03  -1.67883E-03  -2.72151E-02
 1.62500E+02   1.18320E-02   2.35211E-03   8.95106E-03  -1.25214E-02   3.12759E-03  -2.50957E-02  -3.24990E-03  -2.93784E-02  -7.68961E-03  -2.31125E-02  -8.58442E-03  -8.29120E-03  -5.76848E-03   9.82977E-03  -4.35261E-04   2.49145E-02   5.53482E-03   3.21603E-02   1.02637E-02   2.89712E-02   7.40069E-03  -3.47584E-03   5.59155E-04  -3.39142E-02  -2.71057E-03  -3.32426E-02  -3.90519E-03  -2.27254E-02  -3.05163E-03  -5.99273E-03  -8.38817E-04   1.15082E-02   1.51372E-03   2.34618E-02   2.82421E-03   2.52116E-02   2.45762E-03   1.54643E-02   5.36954E-04  -3.48947E-03  -2.25627E-03  -2.72269E-02
 1.63700E+02   1.22288E-02   3.85687E-03   9.16795E-03  -1.12906E-02   3.04666E-03  -2.45245E-02  -3.60679E-03  -2.95872E-02  -8.16277E-03  -2.39238E-02  -8.94443E-03  -9.31553E-03  -5.81798E-03   9.03434E-03  -9.57111E-05   2.46816E-02   6.19555E-03   3.26219E-02   1.10497E-02   3.00448E-02   7.55714E-03  -2.52760E-03  -4.37274E-05  -3.35977E-02  -3.41468E-03  -3.33358E-02  -4.45732E-03  -2.30424E-02  -3.25767E-03  -6.32590E-03  -6.29092E-04   1.13202E-02   2.04107E-03   2.34761E-02   3.43146E-03   2.53741E-02   2.85269E-03   1.56532E-02   4.74980E-04  -3.39738E-03  -2.90606E-03  -2.73035E-02
 1.64900E+02   1.27179E-02   5.37521E-03   9.45865E-03  -1.00607E-02   2.99396E-03  -2.39733E-02  -3.98952E-03  -2.98299E-02  -8.70187E-03  -2.47690E-02  -9.37994E-03  -1.03572E-02  -5.91823E-03   8.24983E-03   2.42394E-04   2.44892E-02   6.91103E-03   3.31433E-02   1.19348E-02   3.11785E-02   7.78191E-03  -1.58258E-03  -6.48175E-04  -3.33505E-02  -4.15208E-03  -3.35002E-02  -5.05253E-03  -2.34099E-02  -3.49494E-03  -6.67340E-03  -4.24721E-04   1.11578E-02   2.58942E-03   2.35445E-02   4.07337E-03   2.55959E-02   3.27629E-03   1.58789E-02   4.17242E-04  -3.31362E-03  -3.58607E-03  -2.74454E-02
 1.66100E+02   1.33073E-02   6.91266E-03   9.82834E-03  -8.82682E-03   2.96933E-03  -2.34394E-02  -4.40371E-03  -3.01067E-02  -9.31539E-03  -2.56510E-02  -9.89824E-03  -1.14206E-02  -6.07148E-03   7.47249E-03   5.83753E-04   2.43354E-02   7.69226E-03   3.37256E-02   1.29333E-02   3.23763E-02   8.07932E-03  -6.36214E-04  -1.26290E-03  -3.31698E-02  -4.93396E-03  -3.37349E-02  -5.70016E-03  -2.38288E-02  -3.76741E-03  -7.03662E-03  -2.22806E-04   1.10197E-02   3.16714E-03   2.36662E-02   4.75990E-03   2.58766E-02   3.73509E-03   1.61416E-02   3.62951E-04  -3.23754E-03  -4.30682E-03  -2.76518E-02
 1.67300E+02   1.40073E-02   8.47419E-03   1.02841E-02  -7.58448E-03   2.97325E-03  -2.29204E-02  -4.85570E-03  -3.04180E-02  -1.00136E-02  -2.65726E-02  -1.05086E-02  -1.25093E-02  -6.28126E-03   6.69893E-03   9.33190E-04   2.42187E-02   8.55187E-03   3.43697E-02   1.40621E-02   3.36417E-02   8.45543E-03   3.15609E-04  -1.89694E-03  -3.30531E-02  -5.77267E-03  -3.40392E-02  -6.41085E-03  -2.42994E-02  -4.07990E-03  -7.41684E-03  -2.04805E-05   1.09046E-02   3.78338E-03   2.38402E-02   5.50217E-03   2.62160E-02   4.23667E-03   1.64415E-02   3.11389E-04  -3.16858E-03  -5.07987E-03  -2.79219E-02
 1.68500E+02   1.48312E-02   1.00640E-02   1.08350E-02  -6.32998E-03   3.00683E-03  -2.24143E-02  -5.35287E-03  -3.07640E-02  -1.08090E-02  -2.75358E-02  -1.12226E-02  -1.36266E-02  -6.55243E-03   5.92625E-03   1.29580E-03   2.41375E-02   9.50455E-03   3.50763E-02   1.53415E-02   3.49775E-02   8.91821E-03   1.27638E-03  -2.55993E-03  -3.29980E-02  -6.68207E-03  -3.44121E-02  -7.19691E-03  -2.48222E-02  -4.43825E-03  -7.81505E-03   1.85186E-04   1.08112E-02   4.44833E-03   2.40657E-02   6.31280E-03   2.66137E-02   4.78973E-03   1.67788E-02   2.61891E-04  -3.10625E-03  -5.91823E-03  -2.82548E-02
 1.69700E+02   1.57953E-02   1.16853E-02   1.14926E-02  -5.06043E-03   3.07193E-03  -2.19193E-02  -5.90376E-03  -3.11446E-02  -1.17164E-02  -2.85421E-02  -1.20545E-02  -1.47748E-02  -6.89140E-03   5.15211E-03   1.67713E-03   2.40905E-02   1.05675E-02   3.58453E-02   1.67958E-02   3.63855E-02   9.47787E-03   2.24879E-03  -3.26246E-03  -3.30021E-02  -7.67806E-03  -3.48525E-02  -8.07271E-03  -2.53968E-02  -4.84952E-03  -8.23190E-03   3.97274E-04   1.07384E-02   5.17359E-03   2.43414E-02   7.20633E-03   2.70687E-02   5.40440E-03   1.71532E-02   2.13822E-04  -3.05007E-03  -6.83674E-03  -2.86492E-02
 1.70900E+02   1.69195E-02   1.33397E-02   1.22712E-02  -3.77412E-03   3.17115E-03  -2.14340E-02  -6.51846E-03  -3.15590E-02  -1.27538E-02  -2.95917E-02  -1.30215E-02  -1.59550E-02  -7.30633E-03   4.37499E-03   2.08330E-03   2.40760E-02   1.17609E-02   3.66756E-02   1.84541E-02   3.78652E-02   1.01471E-02   3.23443E-03  -4.01632E-03  -3.30626E-02  -8.77898E-03  -3.53580E-02  -9.05514E-03  -2.60223E-02  -5.32220E-03  -8.66746E-03   6.19107E-04   1.06851E-02   5.97249E-03   2.46656E-02   8.19967E-03   2.75794E-02   6.09256E-03   1.75636E-02   1.66561E-04  -2.99961E-03  -7.85258E-03  -2.91031E-02
 1.72200E+02   1.83463E-02   1.51683E-02   1.32718E-02  -2.36178E-03   3.32121E-03  -2.09184E-02  -7.27021E-03  -3.20443E-02  -1.40496E-02  -3.07757E-02  -1.42463E-02  -1.72684E-02  -7.85340E-03   3.52925E-03   2.55944E-03   2.40948E-02   1.32290E-02   3.76408E-02   2.05212E-02   3.95457E-02   1.10141E-02   4.31711E-03  -4.90655E-03  -3.31880E-02  -1.01150E-02  -3.59750E-02  -1.02630E-02  -2.67540E-02  -5.91548E-03  -9.15945E-03   8.74693E-04   1.06479E-02   6.93917E-03   2.50683E-02   9.41147E-03   2.81918E-02   6.93727E-03   1.80467E-02   1.15546E-04  -2.95095E-03  -9.08622E-03  -2.96579E-02
 1.73400E+02   1.98881E-02   1.68856E-02   1.43634E-02  -1.04354E-03   3.50384E-03  -2.04514E-02  -8.05852E-03  -3.25227E-02  -1.54323E-02  -3.19070E-02  -1.55678E-02  -1.85088E-02  -8.46198E-03   2.74628E-03   3.04083E-03   2.41412E-02   1.47765E-02   3.85860E-02   2.27239E-02   4.11601E-02   1.19661E-02   5.32772E-03  -5.81281E-03  -3.33538E-02  -1.15078E-02  -3.66021E-02  -1.15360E-02  -2.74740E-02  -6.55131E-03  -9.62984E-03   1.12915E-03   1.06309E-02   7.94450E-03   2.54827E-02   1.06805E-02   2.88059E-02   7.82643E-03   1.85243E-02   6.79292E-05  -2.91111E-03  -1.03732E-02  -3.02223E-02
 1.74700E+02   2.18447E-02   1.87665E-02   1.57593E-02   3.92604E-04   3.75625E-03  -1.99564E-02  -9.03485E-03  -3.30676E-02  -1.71696E-02  -3.31638E-02  -1.72432E-02  -1.98732E-02  -9.25193E-03   1.89981E-03   3.61876E-03   2.42187E-02   1.67021E-02   3.96563E-02   2.54892E-02   4.29602E-02   1.31899E-02   6.42771E-03  -6.90770E-03  -3.35798E-02  -1.32253E-02  -3.73321E-02  -1.31200E-02  -2.82917E-02  -7.35336E-03  -1.01520E-02   1.43054E-03   1.06287E-02   9.18180E-03   2.59693E-02   1.22514E-02   2.95133E-02   8.93187E-03   1.90685E-02   1.49524E-05  -2.87295E-03  -1.19615E-02  -3.08791E-02
 1.75900E+02   2.39609E-02   2.05037E-02   1.72785E-02   1.71271E-03   4.04706E-03  -1.95118E-02  -1.00704E-02  -3.35861E-02  -1.90341E-02  -3.43362E-02  -1.90544E-02  -2.11358E-02  -1.01217E-02   1.12754E-03   4.21584E-03   2.43098E-02   1.87529E-02   4.06686E-02   2.84558E-02   4.46425E-02   1.45274E-02   7.43612E-03  -8.04534E-03  -3.38205E-02  -1.50410E-02  -3.80359E-02  -1.48073E-02  -2.90661E-02  -8.21721E-03  -1.06377E-02   1.73833E-03   1.06389E-02   1.04880E-02   2.64409E-02   1.39179E-02   3.01899E-02   1.01087E-02   1.95847E-02  -3.60356E-05  -2.84180E-03  -1.36421E-02  -3.15117E-02
 1.77200E+02   2.66500E-02   2.23532E-02   1.92183E-02   3.11251E-03   4.43472E-03  -1.90486E-02  -1.13656E-02  -3.41486E-02  -2.13891E-02  -3.55903E-02  -2.13553E-02  -2.24780E-02  -1.12426E-02   3.15053E-04   4.94640E-03   2.44208E-02   2.13272E-02   4.17590E-02   3.22017E-02   4.64398E-02   1.62415E-02   8.49900E-03  -9.44443E-03  -3.40984E-02  -1.73069E-02  -3.88020E-02  -1.69261E-02  -2.98988E-02  -9.31165E-03  -1.11538E-02   2.11126E-03   1.06584E-02   1.21162E-02   2.69555E-02   1.60034E-02   3.09214E-02   1.15857E-02   2.01399E-02  -9.45077E-05  -2.81175E-03  -1.57410E-02  -3.21987E-02
 1.78500E+02   2.98241E-02   2.41137E-02   2.15172E-02   4.44033E-03   4.91002E-03  -1.86134E-02  -1.28742E-02  -3.46862E-02  -2.41549E-02  -3.67795E-02  -2.40709E-02  -2.37457E-02  -1.25812E-02  -4.48264E-04   5.78156E-03   2.45303E-02   2.43357E-02   4.27906E-02   3.66012E-02   4.81335E-02   1.82793E-02   9.49455E-03  -1.10512E-02  -3.43668E-02  -1.99422E-02  -3.95260E-02  -1.94032E-02  -3.06817E-02  -1.06008E-02  -1.16365E-02   2.53401E-03   1.06797E-02   1.40081E-02   2.74407E-02   1.84350E-02   3.16087E-02   1.33120E-02   2.06604E-02  -1.57451E-04  -2.78456E-03  -1.81841E-02  -3.28442E-02
 1.79800E+02   3.35652E-02   2.56981E-02   2.42357E-02   5.63223E-03   5.48681E-03  -1.82208E-02  -1.46339E-02  -3.51586E-02  -2.74025E-02  -3.78285E-02  -2.72719E-02  -2.48639E-02  -1.41736E-02  -1.12419E-03   6.74098E-03   2.46173E-02   2.78547E-02   4.36818E-02   4.17676E-02   4.96027E-02   2.06952E-02   1.03649E-02  -1.29044E-02  -3.45839E-02  -2.30129E-02  -4.01370E-02  -2.23020E-02  -3.13469E-02  -1.21183E-02  -1.20497E-02   3.01634E-03   1.06920E-02   1.62112E-02   2.78456E-02   2.12744E-02   3.21856E-02   1.53317E-02   2.10990E-02  -2.26073E-04  -2.75890E-03  -2.10330E-02  -3.33821E-02
 1.81100E+02   3.79573E-02   2.69760E-02   2.74354E-02   6.59226E-03   6.17924E-03  -1.78929E-02  -1.66828E-02  -3.55065E-02  -3.12040E-02  -3.86247E-02  -3.10303E-02  -2.57202E-02  -1.60566E-02  -1.65518E-03   7.84461E-03   2.46507E-02   3.19616E-02   4.43116E-02   4.78163E-02   5.06672E-02   2.35446E-02   1.10234E-02  -1.50432E-02  -3.46887E-02  -2.65863E-02  -4.05299E-02  -2.56867E-02  -3.17939E-02  -1.38984E-02  -1.23398E-02   3.56816E-03   1.06801E-02   1.87738E-02   2.80948E-02   2.45843E-02   3.25541E-02   1.76897E-02   2.13854E-02  -3.01581E-04  -2.73289E-03  -2.43504E-02  -3.37143E-02
 1.82400E+02   4.30714E-02   2.77581E-02   3.11685E-02   7.18120E-03   6.99935E-03  -1.76619E-02  -1.90534E-02  -3.56441E-02  -3.56207E-02  -3.90057E-02  -3.54075E-02  -2.61518E-02  -1.82615E-02  -1.95761E-03   9.10942E-03   2.45859E-02   3.67226E-02   4.45053E-02   5.48453E-02   5.10670E-02   2.68748E-02   1.13440E-02  -1.75011E-02  -3.45936E-02  -3.07196E-02  -4.05539E-02  -2.96119E-02  -3.18780E-02  -1.59702E-02  -1.24294E-02   4.19790E-03   1.06220E-02   2.17369E-02   2.80799E-02   2.84179E-02   3.25731E-02   2.04242E-02   2.14185E-02  -3.85006E-04  -2.70397E-03  -2.81897E-02  -3.36997E-02
 1.83700E+02   4.89396E-02   2.77822E-02   3.54585E-02   7.20574E-03   7.95236E-03  -1.75731E-02  -2.17604E-02  -3.54526E-02  -4.06802E-02  -3.87462E-02  -4.04307E-02  -2.59331E-02  -2.08023E-02  -1.91524E-03   1.05433E-02   2.43618E-02   4.21675E-02   4.40212E-02   6.28989E-02   5.04413E-02   3.07068E-02   1.11520E-02  -2.02934E-02  -3.41778E-02  -3.54388E-02  -4.00002E-02  -3.41025E-02  -3.13986E-02  -1.83468E-02  -1.22110E-02   4.90953E-03   1.04876E-02   2.51192E-02   2.76512E-02   3.27995E-02   3.20472E-02   2.35523E-02   2.10584E-02  -4.76879E-04  -2.66870E-03  -3.25752E-02  -3.31433E-02
 1.85000E+02   5.55094E-02   2.67062E-02   4.02665E-02   6.41373E-03   9.02885E-03  -1.76853E-02  -2.47805E-02  -3.47776E-02  -4.63378E-02  -3.75524E-02  -4.60550E-02  -2.47699E-02  -2.36553E-02  -1.37639E-03   1.21347E-02   2.38990E-02   4.82487E-02   4.25447E-02   7.19055E-02   4.83205E-02   3.50053E-02   1.02195E-02  -2.33971E-02  -3.32845E-02  -4.07031E-02  -3.85974E-02  -3.91189E-02  -3.00948E-02  -2.10069E-02  -1.15446E-02   5.69746E-03   1.02380E-02   2.88915E-02   2.66138E-02   3.76910E-02   3.07228E-02   2.70467E-02   2.01230E-02  -5.76664E-04  -2.62265E-03  -3.74688E-02  -3.17916E-02
 1.86300E+02   6.25787E-02   2.41264E-02   4.54435E-02   4.50775E-03   1.01935E-02  -1.80685E-02  -2.80233E-02  -3.34370E-02  -5.24208E-02  -3.50785E-02  -5.21069E-02  -2.23152E-02  -2.67307E-02  -1.62076E-04   1.38376E-02   2.31039E-02   5.47818E-02   3.97051E-02   8.15891E-02   4.41513E-02   3.96355E-02   8.27758E-03  -2.67214E-02  -3.17293E-02  -4.63539E-02  -3.60256E-02  -4.45083E-02  -2.76592E-02  -2.38681E-02  -1.02655E-02   6.53930E-03   9.82719E-03   3.29401E-02   2.47386E-02   4.29436E-02   2.83005E-02   3.08007E-02   1.83979E-02  -6.81961E-04  -2.56065E-03  -4.27223E-02  -2.93457E-02
 1.87700E+02   7.02581E-02   1.92133E-02   5.10679E-02   8.75238E-04   1.14603E-02  -1.88624E-02  -3.15432E-02  -3.10444E-02  -5.90258E-02  -3.05938E-02  -5.86793E-02  -1.78378E-02  -3.00723E-02   2.10211E-03   1.56834E-02   2.17712E-02   6.18719E-02   3.47061E-02   9.21008E-02   3.67486E-02   4.46643E-02   4.75543E-03  -3.03251E-02  -2.91071E-02  -5.24835E-02  -3.15895E-02  -5.03556E-02  -2.34253E-02  -2.69734E-02  -8.01744E-03   7.45111E-03   9.15313E-03   3.73309E-02   2.15243E-02   4.86411E-02   2.41284E-02   3.48729E-02   1.54158E-02  -7.95508E-04  -2.47025E-03  -4.84198E-02  -2.51526E-02
 1.89000E+02   7.67081E-02   1.24103E-02   5.57886E-02  -4.15536E-03   1.25192E-02  -1.99983E-02  -3.45036E-02  -2.78248E-02  -6.45738E-02  -2.45172E-02  -6.41956E-02  -1.17550E-02  -3.28728E-02   5.20734E-03   1.72383E-02   2.00312E-02   6.78265E-02   2.80241E-02   1.00923E-01   2.68151E-02   4.88784E-02  -1.60733E-05  -3.33571E-02  -2.56738E-02  -5.76312E-02  -2.57177E-02  -5.52623E-02  -1.78005E-02  -2.95765E-02  -5.01579E-03   8.21941E-03   8.28262E-03   4.10173E-02   1.72831E-02   5.34219E-02   1.86104E-02   3.82889E-02   1.14652E-02  -8.91955E-04  -2.36102E-03  -5.32010E-02  -1.96197E-02
 1.90400E+02   8.18681E-02   2.80716E-03   5.95552E-02  -1.12572E-02   1.33498E-02  -2.16269E-02  -3.68866E-02  -2.33439E-02  -6.90166E-02  -1.60303E-02  -6.85997E-02  -3.24792E-03  -3.50951E-02   9.57060E-03   1.84998E-02   1.76470E-02   7.25976E-02   1.87551E-02   1.07971E-01   1.30082E-02   5.22242E-02  -6.68021E-03  -3.58064E-02  -2.09623E-02  -6.17586E-02  -1.76131E-02  -5.91840E-02  -1.00223E-02  -3.16483E-02  -8.54026E-04   8.84426E-03   7.09666E-03   4.39709E-02   1.14385E-02   5.72448E-02   1.09972E-02   4.10164E-02   6.00966E-03  -9.73147E-04  -2.21773E-03  -5.70259E-02  -1.19947E-02
 1.91800E+02   8.41489E-02  -8.38728E-03   6.11983E-02  -1.95379E-02   1.36804E-02  -2.35418E-02  -3.79729E-02  -1.81577E-02  -7.09914E-02  -6.18733E-03  -7.05280E-02   6.62680E-03  -3.60382E-02   1.46487E-02   1.90975E-02   1.49098E-02   7.47256E-02   8.04059E-03   1.11071E-01  -2.97016E-03   5.36489E-02  -1.44136E-02  -3.69438E-02  -1.55474E-02  -6.36074E-02  -8.26774E-03  -6.09132E-02  -1.04300E-03  -3.25426E-02   3.95776E-03   9.14383E-03   5.73922E-03   4.52900E-02   4.70399E-03   5.89349E-02   2.21836E-03   4.22139E-02  -2.84276E-04  -1.01815E-03  -2.05728E-03  -5.87213E-02  -3.20781E-03
 1.93200E+02   8.30165E-02  -1.98431E-02   6.03238E-02  -2.80164E-02   1.34180E-02  -2.55115E-02  -3.75225E-02  -1.28642E-02  -7.00409E-02   3.87299E-03  -6.95217E-02   1.67268E-02  -3.54646E-02   1.98510E-02   1.89088E-02   1.21247E-02   7.37217E-02  -2.90177E-03   1.09491E-01  -1.93005E-02   5.27962E-02  -2.23301E-02  -3.65275E-02  -1.00322E-02  -6.27565E-02   1.27017E-03  -6.00446E-02   8.12846E-03  -3.20415E-02   8.87755E-03   9.05829E-03   4.35951E-03   4.46728E-02  -2.16894E-03   5.80984E-02  -6.74537E-03   4.15984E-02  -6.71302E-03  -1.02042E-03  -1.89611E-03  -5.78939E-02   5.76232E-03
 1.94600E+02   7.87399E-02  -3.01328E-02   5.71302E-02  -3.56397E-02   1.26092E-02  -2.72877E-02  -3.56565E-02  -8.10533E-03  -6.63959E-02   1.29285E-02  -6.58120E-02   2.58258E-02  -3.34936E-02   2.45432E-02   1.79960E-02   9.61940E-03   6.98328E-02  -1.27651E-02   1.03599E-01  -3.40294E-02   4.98451E-02  -2.94789E-02  -3.46801E-02  -5.06379E-03  -5.94188E-02   9.87535E-03  -5.67826E-02   1.64091E-02  -3.02548E-02   1.33235E-02   8.61814E-03   3.11776E-03   4.22717E-02  -8.37365E-03   5.49340E-02  -1.48414E-02   3.93126E-02  -1.25212E-02  -9.83393E-04  -1.75185E-03  -5.47422E-02   1.38649E-02
 1.96000E+02   7.22453E-02  -3.82579E-02   5.23002E-02  -4.16715E-02   1.14146E-02  -2.86968E-02  -3.27921E-02  -4.32999E-03  -6.08494E-02   2.01244E-02  -6.01944E-02   3.30662E-02  -3.05362E-02   2.82821E-02   1.65723E-02   7.62292E-03   6.39074E-02  -2.06353E-02   9.46646E-02  -4.57909E-02   4.54125E-02  -3.51947E-02  -3.18227E-02  -1.09489E-03  -5.43252E-02   1.67609E-02  -5.18305E-02   2.30417E-02  -2.75599E-02   1.68888E-02   7.92775E-03   2.12600E-03   3.86108E-02  -1.33461E-02   5.01255E-02  -2.13336E-02   3.58470E-02  -1.71807E-02  -9.18650E-04  -1.63686E-03  -4.99488E-02   2.03652E-02
 1.97400E+02   6.46722E-02  -4.38810E-02   4.66744E-02  -4.58627E-02   1.00322E-02  -2.96799E-02  -2.94421E-02  -1.68975E-03  -5.43778E-02   2.51720E-02  -5.36480E-02   3.81584E-02  -2.70983E-02   3.09175E-02   1.48999E-02   6.21246E-03   5.69900E-02  -2.62041E-02   8.42468E-02  -5.41240E-02   4.02572E-02  -3.92529E-02  -2.84733E-02   1.72202E-03  -4.83753E-02   2.16616E-02  -4.60537E-02   2.77707E-02  -2.44216E-02   1.94362E-02   7.11548E-03   1.42192E-03   3.43352E-02  -1.68961E-02   4.45143E-02  -2.59738E-02   3.18052E-02  -2.05134E-02  -8.40444E-04  -1.55525E-03  -4.43537E-02   2.50157E-02
 1.98800E+02   5.69780E-02  -4.72022E-02   4.09586E-02  -4.83610E-02   8.62798E-03  -3.02717E-02  -2.60374E-02  -9.42979E-05  -4.78010E-02   2.82431E-02  -4.69953E-02   4.12746E-02  -2.36050E-02   3.25386E-02   1.31990E-02   5.34166E-03   4.99577E-02  -2.96555E-02   7.36563E-02  -5.93037E-02   3.50170E-02  -4.17874E-02  -2.50670E-02   3.47848E-03  -4.23248E-02   2.47362E-02  -4.01791E-02   3.07491E-02  -2.12301E-02   2.10478E-02   6.28920E-03   9.82826E-04   2.99864E-02  -1.91377E-02   3.88071E-02  -2.89108E-02   2.76943E-02  -2.26259E-02  -7.60750E-04  -1.50448E-03  -3.86625E-02   2.79648E-02
 2.00200E+02   4.97757E-02  -4.86882E-02   3.56048E-02  -4.95104E-02   7.30839E-03  -3.05532E-02  -2.28541E-02   6.66518E-04  -4.16441E-02   2.97376E-02  -4.07628E-02   4.28158E-02  -2.03282E-02   3.33525E-02   1.16109E-02   4.90297E-03   4.33724E-02  -3.14177E-02   6.37324E-02  -6.19696E-02   3.00998E-02  -4.31092E-02  -2.18825E-02   4.38693E-03  -3.66574E-02   2.63537E-02  -3.46721E-02   3.23318E-02  -1.82353E-02   2.19141E-02   5.51802E-03   7.56040E-04   2.59113E-02  -2.03356E-02   3.34563E-02  -3.04898E-02   2.38387E-02  -2.37662E-02  -6.87264E-04  -1.47870E-03  -3.33267E-02   2.95573E-02
 2.01700E+02   4.29373E-02  -4.88214E-02   3.05156E-02  -4.96713E-02   6.04597E-03  -3.06108E-02  -1.98390E-02   8.15619E-04  -3.57983E-02   3.00843E-02  -3.48370E-02   4.32162E-02  -1.72049E-02   3.35856E-02   1.01113E-02   4.77939E-03   3.71176E-02  -3.19612E-02   5.42945E-02  -6.28282E-02   2.54109E-02  -4.35651E-02  -1.88681E-02   4.68213E-03  -3.12731E-02   2.69266E-02  -2.94321E-02   3.29185E-02  -1.53802E-02   2.22516E-02   4.79053E-03   6.83511E-04   2.20372E-02  -2.07884E-02   2.83644E-02  -3.11023E-02   2.01672E-02  -2.42156E-02  -6.19636E-04  -1.47160E-03  -2.82493E-02   3.01850E-02
 2.03100E+02   3.74559E-02  -4.80436E-02   2.64292E-02  -4.91610E-02   5.02297E-03  -3.05166E-02  -1.74308E-02   5.39992E-04  -3.11127E-02   2.96308E-02  -3.00778E-02   4.28174E-02  -1.46876E-02   3.34109E-02   8.91898E-03   4.88158E-03   3.21018E-02  -3.16352E-02   4.67121E-02  -6.23951E-02   2.16294E-02  -4.34010E-02  -1.64632E-02   4.53380E-03  -2.69541E-02   2.67419E-02  -2.52193E-02   3.27804E-02  -1.30785E-02   2.22029E-02   4.21306E-03   7.23105E-04   1.89266E-02  -2.06963E-02   2.42701E-02  -3.10065E-02   1.72122E-02  -2.41582E-02  -5.67976E-04  -1.47837E-03  -2.41672E-02   3.01037E-02
 2.04600E+02   3.24994E-02  -4.66200E-02   2.27257E-02  -4.81841E-02   4.08445E-03  -3.03225E-02  -1.52636E-02  -3.02915E-05  -2.68761E-02   2.86349E-02  -2.57629E-02   4.18858E-02  -1.23944E-02   3.29707E-02   7.85275E-03   5.13742E-03   2.75636E-02  -3.07383E-02   3.98347E-02  -6.11243E-02   1.81817E-02  -4.28445E-02  -1.43024E-02   4.09205E-03  -2.30446E-02   2.60709E-02  -2.13946E-02   3.21845E-02  -1.09810E-02   2.19151E-02   3.69782E-03   8.38039E-04   1.61074E-02  -2.02598E-02   2.05521E-02  -3.04676E-02   1.45254E-02  -2.37858E-02  -5.24379E-04  -1.49529E-03  -2.04609E-02   2.95801E-02
 2.06100E+02   2.83785E-02  -4.48532E-02   1.96371E-02  -4.69597E-02   3.28912E-03  -3.00784E-02  -1.34736E-02  -7.64515E-04  -2.33540E-02   2.73409E-02  -2.21627E-02   4.06630E-02  -1.04688E-02   3.23878E-02   6.97951E-03   5.48300E-03   2.37874E-02  -2.95209E-02   3.40927E-02  -5.93865E-02   1.52833E-02  -4.20732E-02  -1.25211E-02   3.47963E-03  -1.97895E-02   2.51224E-02  -1.81970E-02   3.13291E-02  -9.21868E-03   2.14932E-02   3.27720E-03   9.97794E-04   1.37559E-02  -1.96258E-02   1.74428E-02  -2.96758E-02   1.22745E-02  -2.32344E-02  -4.91638E-04  -1.51888E-03  -1.73620E-02   2.88031E-02
 2.07600E+02   2.49636E-02  -4.29221E-02   1.70675E-02  -4.56196E-02   2.61415E-03  -2.98157E-02  -1.20024E-02  -1.58216E-03  -2.04353E-02   2.59020E-02  -1.91656E-02   3.93027E-02  -8.85295E-03   3.17418E-02   6.26979E-03   5.87708E-03   2.06542E-02  -2.81474E-02   2.93082E-02  -5.74273E-02   1.28470E-02  -4.12067E-02  -1.10611E-02   2.77803E-03  -1.70864E-02   2.40384E-02  -1.55278E-02   3.03511E-02  -7.73825E-03   2.10107E-02   2.93686E-03   1.18219E-03   1.17987E-02  -1.88963E-02   1.48463E-02  -2.87641E-02   1.03906E-02  -2.25993E-02  -4.68242E-04  -1.54690E-03  -1.47746E-02   2.79056E-02
 2.09100E+02   2.21329E-02  -4.09379E-02   1.49271E-02  -4.42461E-02   2.03808E-03  -2.95535E-02  -1.07956E-02  -2.43308E-03  -1.80158E-02   2.44138E-02  -1.66666E-02   3.79011E-02  -7.49223E-03   3.10824E-02   5.69592E-03   6.29399E-03   1.80526E-02  -2.67202E-02   2.53140E-02  -5.54002E-02   1.07911E-02  -4.03200E-02  -9.86752E-03   2.03807E-03  -1.48392E-02   2.29073E-02  -1.32942E-02   2.93356E-02  -6.48958E-03   2.05135E-02   2.66333E-03   1.37868E-03   1.01669E-02  -1.81348E-02   1.26721E-02  -2.78157E-02   8.80881E-03  -2.19402E-02  -4.52780E-04  -1.57798E-03  -1.26087E-02   2.69706E-02
 2.10600E+02   1.97808E-02  -3.89674E-02   1.31377E-02  -4.28883E-02   1.54225E-03  -2.93037E-02  -9.80609E-03  -3.28727E-03  -1.60052E-02   2.29337E-02  -1.45748E-02   3.65157E-02  -6.33943E-03   3.04394E-02   5.23402E-03   6.71836E-03   1.58859E-02  -2.53010E-02   2.19653E-02  -5.33975E-02   9.04446E-03  -3.94581E-02  -8.89294E-03   1.29024E-03  -1.29647E-02   2.17825E-02  -1.14156E-02   2.83343E-02  -5.42921E-03   2.00295E-02   2.44502E-03   1.57973E-03   8.80046E-03  -1.73798E-02   1.08420E-02  -2.68807E-02   7.47278E-03  -2.12933E-02  -4.44051E-04  -1.61132E-03  -1.07861E-02   2.60483E-02
 2.12100E+02   1.78200E-02  -3.70485E-02   1.16348E-02  -4.15744E-02   1.11114E-03  -2.90730E-02  -8.99471E-03  -4.12764E-03  -1.43286E-02   2.14944E-02  -1.28150E-02   3.51795E-02  -5.35524E-03   2.98302E-02   4.86435E-03   7.14142E-03   1.40740E-02  -2.39252E-02   1.91418E-02  -5.14722E-02   7.54788E-03  -3.86472E-02  -8.09819E-03   5.51924E-04  -1.13938E-02   2.06947E-02  -9.82525E-03   2.73770E-02  -4.52090E-03   1.95748E-02   2.27235E-03   1.78109E-03   7.64992E-03  -1.66534E-02   9.29104E-03  -2.59883E-02   6.33574E-03  -2.06794E-02  -4.41085E-04  -1.64648E-03  -9.24184E-03   2.51677E-02
 2.13600E+02   1.61794E-02  -3.52011E-02   1.03656E-02  -4.03192E-02   7.32021E-04  -2.88649E-02  -8.32983E-03  -4.94526E-03  -1.29253E-02   2.01132E-02  -1.13257E-02   3.39101E-02  -4.50761E-03   2.92638E-02   4.57098E-03   7.55863E-03   1.25519E-02  -2.26116E-02   1.67457E-02  -4.96526E-02   6.25312E-03  -3.79013E-02  -7.45158E-03  -1.67729E-04  -1.00704E-02   1.96604E-02  -8.46862E-03   2.64795E-02  -3.73509E-03   1.91581E-02   2.13762E-03   1.98056E-03   6.67484E-03  -1.59675E-02   7.96613E-03  -2.51541E-02   5.35950E-03  -2.01100E-02  -4.43125E-04  -1.68325E-03  -7.92313E-03   2.43446E-02
 2.15200E+02   1.47182E-02  -3.33192E-02   9.22209E-03  -3.90525E-02   3.73373E-04  -2.86699E-02  -7.75367E-03  -5.78799E-03  -1.16749E-02   1.87126E-02  -9.97988E-03   3.26385E-02  -3.72495E-03   2.87117E-02   4.32788E-03   7.99501E-03   1.11888E-02  -2.12885E-02   1.45725E-02  -4.78430E-02   5.05063E-03  -3.71850E-02  -6.89672E-03  -9.10312E-04  -8.88092E-03   1.86244E-02  -7.22986E-03   2.55968E-02  -3.00504E-03   1.87604E-02   2.02887E-03   2.19021E-03   5.79162E-03  -1.52868E-02   6.75406E-03  -2.43370E-02   4.46080E-03  -1.95577E-02  -4.50177E-04  -1.72419E-03  -6.71715E-03   2.35384E-02
 2.16700E+02   1.35714E-02  -3.16400E-02   8.31152E-03  -3.79341E-02   7.12619E-05  -2.85128E-02  -7.31709E-03  -6.54970E-03  -1.06926E-02   1.74694E-02  -8.90432E-03   3.15258E-02  -3.08320E-03   2.82442E-02   4.15493E-03   8.39568E-03   1.01113E-02  -2.01236E-02   1.28273E-02  -4.62734E-02   4.05762E-03  -3.65902E-02  -6.48190E-03  -1.58212E-03  -7.93606E-03   1.77186E-02  -6.22675E-03   2.48418E-02  -2.40170E-03   1.84331E-02   1.95466E-03   2.38370E-03   5.08329E-03  -1.46983E-02   5.77023E-03  -2.36416E-02   3.72588E-03  -1.90935E-02  -4.60921E-04  -1.76421E-03  -5.73861E-03   2.28525E-02
 2.18300E+02   1.25446E-02  -2.99372E-02   7.48172E-03  -3.68133E-02  -2.22313E-04  -2.83727E-02  -6.94373E-03  -7.33319E-03  -9.81217E-03   1.62161E-02  -7.91960E-03   3.04221E-02  -2.47769E-03   2.77986E-02   4.02011E-03   8.81476E-03   9.13766E-03  -1.89599E-02   1.12201E-02  -4.47325E-02   3.11265E-03  -3.60370E-02  -6.13383E-03  -2.27394E-03  -7.07703E-03   1.68211E-02  -5.29327E-03   2.41129E-02  -1.82680E-03   1.81322E-02   1.90086E-03   2.58725E-03   4.43162E-03  -1.41227E-02   4.85197E-03  -2.29746E-02   3.03393E-03  -1.86554E-02  -4.76464E-04  -1.80879E-03  -4.82561E-03   2.21950E-02
 2.19900E+02   1.16870E-02  -2.83202E-02   6.77272E-03  -3.57635E-02  -4.92753E-04  -2.82603E-02  -6.65101E-03  -8.08928E-03  -9.07563E-03   1.50335E-02  -7.07314E-03   2.94003E-02  -1.93792E-03   2.74059E-02   3.92943E-03   9.22669E-03   8.31442E-03  -1.78734E-02   9.82795E-03  -4.33236E-02   2.26144E-03  -3.55657E-02  -5.86877E-03  -2.94271E-03  -6.34472E-03   1.59911E-02  -4.47400E-03   2.34604E-02  -1.30789E-03   1.78802E-02   1.86991E-03   2.78862E-03   3.86760E-03  -1.35990E-02   4.04304E-03  -2.23825E-02   2.41796E-03  -1.82744E-02  -4.96016E-04  -1.85548E-03  -4.02161E-03   2.16115E-02
 2.21500E+02   1.09712E-02  -2.67825E-02   6.16399E-03  -3.47800E-02  -7.45489E-04  -2.81749E-02  -6.42720E-03  -8.82121E-03  -8.45963E-03   1.39163E-02  -6.34087E-03   2.84554E-02  -1.45078E-03   2.70639E-02   3.87731E-03   9.63327E-03   7.61635E-03  -1.68586E-02   8.61209E-03  -4.20391E-02   1.48385E-03  -3.51734E-02  -5.67532E-03  -3.59170E-03  -5.71724E-03   1.52240E-02  -3.74699E-03   2.28804E-02  -8.32551E-04   1.76753E-02   1.85928E-03   2.98878E-03   3.37522E-03  -1.31242E-02   3.32195E-03  -2.18616E-02   1.86226E-03  -1.79482E-02  -5.19482E-04  -1.90448E-03  -3.30515E-03   2.10985E-02
 2.23100E+02   1.03757E-02  -2.53168E-02   5.63915E-03  -3.38577E-02  -9.85034E-04  -2.81156E-02  -6.26322E-03  -9.53252E-03  -7.94571E-03   1.28583E-02  -5.70353E-03   2.75817E-02  -1.00560E-03   2.67701E-02   3.85958E-03   1.00365E-02   7.02344E-03  -1.59095E-02   7.54141E-03  -4.08706E-02   7.63294E-04  -3.48567E-02  -5.54476E-03  -4.22453E-03  -5.17714E-03   1.45151E-02  -3.09444E-03   2.23688E-02  -3.90509E-04   1.75158E-02   1.86714E-03   3.18879E-03   2.94160E-03  -1.26949E-02   2.67122E-03  -2.14082E-02   1.35395E-03  -1.76743E-02  -5.46866E-04  -1.95602E-03  -2.65879E-03   2.06522E-02
 2.24700E+02   9.88343E-03  -2.39158E-02   5.18511E-03  -3.29916E-02  -1.21521E-03  -2.80816E-02  -6.15209E-03  -1.02268E-02  -7.51926E-03   1.18534E-02  -5.14564E-03   2.67735E-02  -5.93570E-04   2.65222E-02   3.87316E-03   1.04384E-02   6.51977E-03  -1.50198E-02   6.59075E-03  -3.98098E-02   8.59156E-05  -3.46126E-02  -5.47056E-03  -4.84489E-03  -4.71045E-03   1.38593E-02  -2.50176E-03   2.19215E-02   2.68677E-05   1.73999E-02   1.89223E-03   3.38977E-03   2.55630E-03  -1.23079E-02   2.07647E-03  -2.10184E-02   8.82357E-04  -1.74501E-02  -5.78260E-04  -2.01035E-03  -2.06820E-03   2.02690E-02
 2.26300E+02   9.48083E-03  -2.25723E-02   4.79130E-03  -3.21766E-02  -1.43932E-03  -2.80724E-02  -6.08849E-03  -1.09076E-02  -7.16873E-03   1.08958E-02  -4.65469E-03   2.60256E-02  -2.07297E-04   2.63177E-02   3.91592E-03   1.08410E-02   6.09263E-03  -1.41838E-02   5.73957E-03  -3.88487E-02  -5.60099E-04  -3.44382E-02  -5.44793E-03  -5.45648E-03  -4.30593E-03   1.32518E-02  -1.95685E-03   2.15346E-02   4.26983E-04   1.73260E-02   1.93377E-03   3.59283E-03   2.21077E-03  -1.19602E-02   1.52571E-03  -2.06886E-02   4.38449E-04  -1.72733E-02  -6.13841E-04  -2.06773E-03  -1.52139E-03   1.99450E-02
 2.27900E+02   9.15727E-03  -2.12796E-02   4.44924E-03  -3.14084E-02  -1.66029E-03  -2.80872E-02  -6.06850E-03  -1.15785E-02  -6.88499E-03   9.97980E-03  -4.22048E-03   2.53329E-02   1.59515E-04   2.61547E-02   3.98649E-03   1.12464E-02   5.73187E-03  -1.33956E-02   4.97095E-03  -3.79797E-02  -1.18504E-03  -3.43309E-02  -5.47357E-03  -6.06292E-03  -3.95449E-03   1.26881E-02  -1.44951E-03   2.12045E-02   8.16338E-04   1.72927E-02   1.99142E-03   3.79911E-03   1.89797E-03  -1.16487E-02   1.00876E-03  -2.04154E-02   1.44479E-05  -1.71417E-02  -6.53867E-04  -2.12843E-03  -1.00820E-03   1.96772E-02
 2.29600E+02   8.89082E-03  -1.99546E-02   4.13482E-03  -3.06383E-02  -1.89462E-03  -2.81289E-02  -6.09197E-03  -1.22840E-02  -6.64878E-03   9.04615E-03  -3.81203E-03   2.46521E-02   5.34037E-04   2.60250E-02   4.09119E-03   1.16825E-02   5.41230E-03  -1.26049E-02   4.22909E-03  -3.71500E-02  -1.83619E-03  -3.42879E-02  -5.55142E-03  -6.70555E-03  -3.63105E-03   1.21325E-02  -9.41864E-04   2.09125E-02   1.22479E-03   1.73006E-02   2.07035E-03   4.02304E-03   1.59489E-03  -1.13546E-02   4.86718E-04  -2.01841E-02  -4.21901E-04  -1.70494E-02  -7.01649E-04  -2.19688E-03  -4.89982E-04   1.94509E-02
 2.31200E+02   8.70614E-03  -1.87469E-02   3.87922E-03  -2.99530E-02  -2.11737E-03  -2.81921E-02  -6.15432E-03  -1.29445E-02  -6.48215E-03   8.19949E-03  -3.47021E-03   2.40587E-02   8.77319E-04   2.59421E-02   4.21763E-03   1.20999E-02   5.16484E-03  -1.18994E-02   3.58888E-03  -3.64504E-02  -2.44580E-03  -3.43127E-02  -5.67136E-03  -7.31234E-03  -3.36743E-03   1.16462E-02  -4.85634E-04   2.06899E-02   1.60999E-03   1.73478E-02   2.16168E-03   4.23947E-03   1.33195E-03  -1.11099E-02   1.28352E-05  -2.00192E-02  -8.25777E-04  -1.70058E-02  -7.52017E-04  -2.26534E-03  -1.95358E-05   1.92902E-02
 2.32900E+02   8.57477E-03  -1.74992E-02   3.64542E-03  -2.92626E-02  -2.35912E-03  -2.82845E-02  -6.26237E-03  -1.36460E-02  -6.35968E-03   7.32875E-03  -3.14592E-03   2.34743E-02   1.23731E-03   2.58942E-02   4.38220E-03   1.25530E-02   4.95293E-03  -1.11860E-02   2.95894E-03  -3.57875E-02  -3.09910E-03  -3.44068E-02  -5.84855E-03  -7.96287E-03  -3.12522E-03   1.11646E-02  -1.60377E-05   2.05062E-02   2.02602E-03   1.74395E-02   2.27766E-03   4.47669E-03   1.07143E-03  -1.08816E-02  -4.80128E-04  -1.98977E-02  -1.25423E-03  -1.70039E-02  -8.11869E-04  -2.34271E-03   4.69940E-04   1.91725E-02
 2.34600E+02   8.50638E-03  -1.62820E-02   3.44643E-03  -2.86072E-02  -2.60893E-03  -2.84028E-02  -6.41349E-03  -1.43507E-02  -6.29015E-03   6.48269E-03  -2.85631E-03   2.29332E-02   1.59728E-03   2.58864E-02   4.57920E-03   1.30182E-02   4.78923E-03  -1.05050E-02   2.37075E-03  -3.52015E-02  -3.76724E-03  -3.45695E-02  -6.07830E-03  -8.62312E-03  -2.91756E-03   1.07152E-02   4.45257E-04   2.03745E-02   2.45504E-03   1.75736E-02   2.41445E-03   4.72269E-03   8.25975E-04  -1.06839E-02  -9.69907E-04  -1.98294E-02  -1.68847E-03  -1.70467E-02  -8.78998E-04  -2.42524E-03   9.56395E-04   1.91074E-02
 2.36300E+02   8.49857E-03  -1.50896E-02   3.27893E-03  -2.79832E-02  -2.86976E-03  -2.85470E-02  -6.60865E-03  -1.50618E-02  -6.27149E-03   5.65657E-03  -2.59682E-03   2.24315E-02   1.96201E-03   2.59179E-02   4.81063E-03   1.34978E-02   4.67055E-03  -9.85181E-03   1.81537E-03  -3.46874E-02  -4.45953E-03  -3.48002E-02  -6.36319E-03  -9.29674E-03  -2.74083E-03   1.02947E-02   9.05275E-04   2.02928E-02   2.90330E-03   1.77498E-02   2.57381E-03   4.97875E-03   5.91647E-04  -1.05147E-02  -1.46401E-03  -1.98125E-02  -2.13507E-03  -1.71335E-02  -9.54320E-04  -2.51332E-03   1.44734E-03   1.90933E-02
 2.38000E+02   8.55036E-03  -1.39166E-02   3.14042E-03  -2.73873E-02  -3.14473E-03  -2.87172E-02  -6.84977E-03  -1.57825E-02  -6.30286E-03   4.84602E-03  -2.36374E-03   2.19660E-02   2.33628E-03   2.59877E-02   5.07922E-03   1.39938E-02   4.59483E-03  -9.22239E-03   1.28485E-03  -3.42406E-02  -5.18561E-03  -3.50986E-02  -6.70700E-03  -9.98722E-03  -2.59225E-03   9.90005E-03   1.37085E-03   2.02594E-02   3.37738E-03   1.79683E-02   2.75801E-03   5.24613E-03   3.64853E-04  -1.03724E-02  -1.96989E-03  -1.98459E-02  -2.60070E-03  -1.72636E-02  -1.03893E-03  -2.60734E-03   1.95023E-03   1.91289E-02
 2.39700E+02   8.66212E-03  -1.27582E-02   3.02910E-03  -2.68166E-02  -3.43721E-03  -2.89137E-02  -7.13979E-03  -1.65158E-02  -6.38456E-03   4.04699E-03  -2.15399E-03   2.15337E-02   2.72500E-03   2.60953E-02   5.38854E-03   1.45083E-02   4.56104E-03  -8.61299E-03   7.71959E-04  -3.38571E-02  -5.95577E-03  -3.54646E-02  -7.11487E-03  -1.06979E-02  -2.46972E-03   9.52836E-03   1.84885E-03   2.02730E-02   3.88440E-03   1.82291E-02   2.96987E-03   5.52606E-03   1.42237E-04  -1.02554E-02  -2.49515E-03  -1.99284E-02  -3.09244E-03  -1.74368E-02  -1.13411E-03  -2.70768E-03   2.47269E-03   1.92131E-02
 2.41400E+02   8.83555E-03  -1.16099E-02   2.94377E-03  -2.62684E-02  -3.75095E-03  -2.91366E-02  -7.48269E-03  -1.72644E-02  -6.51804E-03   3.25579E-03  -1.96508E-03   2.11318E-02   3.13336E-03   2.62403E-02   5.74303E-03   1.50432E-02   4.56914E-03  -8.02020E-03   2.69932E-04  -3.35336E-02  -6.78125E-03  -3.58983E-02  -7.59341E-03  -1.14319E-02  -2.37177E-03   9.17718E-03   2.34638E-03   2.03324E-02   4.43218E-03   1.85326E-02   3.21286E-03   5.81966E-03  -7.94360E-05  -1.01627E-02  -3.04784E-03  -2.00592E-02  -3.61792E-03  -1.76528E-02  -1.24143E-03  -2.81472E-03   3.02278E-03   1.93450E-02
 2.43200E+02   9.08983E-03  -1.04005E-02   2.88111E-03  -2.57098E-02  -4.11101E-03  -2.94018E-02  -7.90921E-03  -1.80765E-02  -6.71872E-03   2.42289E-03  -1.78553E-03   2.07367E-02   3.59341E-03   2.64342E-02   6.17374E-03   1.56337E-02   4.62440E-03  -7.40730E-03  -2.56999E-04  -3.32530E-02  -7.72956E-03  -3.64314E-02  -8.18638E-03  -1.22374E-02  -2.29391E-03   8.82524E-03   2.90292E-03   2.04441E-02   5.06643E-03   1.89006E-02   3.50878E-03   6.14656E-03  -3.16694E-04  -1.00894E-02  -3.67260E-03  -2.02494E-02  -4.22051E-03  -1.79279E-02  -1.37032E-03  -2.93572E-03   3.64503E-03   1.95360E-02
 2.44900E+02   9.40151E-03  -9.26059E-03   2.84806E-03  -2.52007E-02  -4.48243E-03  -2.96800E-02  -8.37885E-03  -1.88642E-02  -6.96840E-03   1.63782E-03  -1.63362E-03   2.03901E-02   4.06062E-03   2.66549E-02   6.63987E-03   1.62157E-02   4.72275E-03  -6.83963E-03  -7.57033E-04  -3.30435E-02  -8.71030E-03  -3.70047E-02  -8.83866E-03  -1.30274E-02  -2.24447E-03   8.50960E-03   3.46534E-03   2.05946E-02   5.72730E-03   1.92923E-02   3.83012E-03   6.47129E-03  -5.46636E-04  -1.00428E-02  -4.31017E-03  -2.04770E-02  -4.84327E-03  -1.82313E-02  -1.50877E-03  -3.05749E-03   4.28049E-03   1.97638E-02
 2.46700E+02   9.81432E-03  -8.05284E-03   2.84137E-03  -2.46791E-02  -4.91527E-03  -3.00038E-02  -8.95611E-03  -1.97219E-02  -7.30248E-03   8.05532E-04  -1.49012E-03   2.00491E-02   4.59799E-03   2.69280E-02   7.20554E-03   1.68589E-02   4.87920E-03  -6.24794E-03  -1.29643E-03  -3.28775E-02  -9.85753E-03  -3.76848E-02  -9.64129E-03  -1.38966E-02  -2.21791E-03   8.19128E-03   4.11036E-03   2.08003E-02   6.50580E-03   1.97534E-02   4.22171E-03   6.83256E-03  -8.00266E-04  -1.00162E-02  -5.04794E-03  -2.07677E-02  -5.57195E-03  -1.85979E-02  -1.67604E-03  -3.19450E-03   5.01637E-03   2.00542E-02
 2.48500E+02   1.03218E-02  -6.84181E-03   2.86518E-03  -2.41737E-02  -5.39643E-03  -3.03574E-02  -9.62738E-03  -2.06052E-02  -7.71636E-03  -2.96980E-05  -1.36347E-03   1.97330E-02   5.18877E-03   2.72404E-02   7.85697E-03   1.75301E-02   5.09446E-03  -5.66406E-03  -1.85412E-03  -3.27662E-02  -1.11391E-02  -3.84383E-02  -1.05770E-02  -1.47997E-02  -2.21887E-03   7.88775E-03   4.81870E-03   2.10518E-02   7.38137E-03   2.02609E-02   4.67484E-03   7.21173E-03  -1.06877E-03  -1.00117E-02  -5.86489E-03  -2.11075E-02  -6.38682E-03  -1.90096E-02  -1.86827E-03  -3.33971E-03   5.83182E-03   2.03931E-02
 2.50300E+02   1.09361E-02  -5.62641E-03   2.92171E-03  -2.36832E-02  -5.93511E-03  -3.07396E-02  -1.04073E-02  -2.15135E-02  -8.22051E-03  -8.68621E-04  -1.25308E-03   1.94401E-02   5.84426E-03   2.75904E-02   8.60844E-03   1.82286E-02   5.37525E-03  -5.08701E-03  -2.43896E-03  -3.27063E-02  -1.25819E-02  -3.92615E-02  -1.16681E-02  -1.57353E-02  -2.24912E-03   7.59789E-03   5.60497E-03   2.13464E-02   8.37333E-03   2.08121E-02   5.20026E-03   7.60780E-03  -1.35716E-03  -1.00279E-02  -6.77847E-03  -2.14933E-02  -7.30575E-03  -1.94637E-02  -2.08995E-03  -3.49264E-03   6.74439E-03   2.07776E-02
 2.52100E+02   1.16726E-02  -4.40751E-03   3.01405E-03  -2.32069E-02  -6.54221E-03  -3.11485E-02  -1.13135E-02  -2.24447E-02  -8.82797E-03  -1.71029E-03  -1.15875E-03   1.91692E-02   6.57772E-03   2.79750E-02   9.47723E-03   1.89514E-02   5.73018E-03  -4.51712E-03  -3.06075E-03  -3.26942E-02  -1.42179E-02  -4.01473E-02  -1.29415E-02  -1.66988E-02  -2.31123E-03   7.32119E-03   6.48626E-03   2.16796E-02   9.50463E-03   2.14018E-02   5.81095E-03   8.01832E-03  -1.67111E-03  -1.00629E-02  -7.80919E-03  -2.19202E-02  -8.34991E-03  -1.99551E-02  -2.34651E-03  -3.65222E-03   7.77467E-03   2.12024E-02
 2.53900E+02   1.25499E-02  -3.18881E-03   3.14626E-03  -2.27450E-02  -7.23065E-03  -3.15803E-02  -1.23677E-02  -2.33934E-02  -9.55480E-03  -2.55130E-03  -1.08069E-03   1.89192E-02   7.40480E-03   2.83894E-02   1.04841E-02   1.96931E-02   6.17001E-03  -3.95646E-03  -3.73052E-03  -3.27253E-02  -1.60848E-02  -4.10841E-02  -1.44297E-02  -1.76809E-02  -2.40867E-03   7.05789E-03   7.48265E-03   2.20447E-02   1.08025E-02   2.20215E-02   6.52250E-03   8.43871E-03  -2.01715E-03  -1.01143E-02  -8.98123E-03  -2.23800E-02  -9.54437E-03  -2.04758E-02  -2.64443E-03  -3.81649E-03   8.94699E-03   2.16596E-02
 2.55700E+02   1.35909E-02  -1.97815E-03   3.32351E-03  -2.22987E-02  -8.01570E-03  -3.20288E-02  -1.35953E-02  -2.43499E-02  -1.04204E-02  -3.38473E-03  -1.01951E-03   1.86898E-02   8.34384E-03   2.88260E-02   1.16537E-02   2.04439E-02   6.70791E-03  -3.40970E-03  -4.46078E-03  -3.27936E-02  -1.82274E-02  -4.20529E-02  -1.61715E-02  -1.86658E-02  -2.54591E-03   6.80929E-03   8.61767E-03   2.24314E-02   1.22993E-02   2.26573E-02   7.35348E-03   8.86121E-03  -2.40281E-03  -1.01784E-02  -1.03230E-02  -2.28603E-02  -1.09187E-02  -2.10129E-02  -2.99143E-03  -3.98220E-03   1.02900E-02   2.21365E-02
 2.57600E+02   1.48969E-02  -7.24312E-04   3.56644E-03  -2.18479E-02  -8.96892E-03  -3.25096E-02  -1.51128E-02  -2.53501E-02  -1.15101E-02  -4.24279E-03  -9.74389E-04   1.84701E-02   9.48018E-03   2.92974E-02   1.30972E-02   2.12286E-02   7.39957E-03  -2.85690E-03  -5.31293E-03  -3.28966E-02  -2.08458E-02  -4.30775E-02  -1.83357E-02  -1.96799E-02  -2.74008E-03   6.56592E-03   9.99645E-03   2.28451E-02   1.41368E-02   2.33218E-02   8.38440E-03   9.29563E-03  -2.86240E-03  -1.02542E-02  -1.19603E-02  -2.33680E-02  -1.26028E-02  -2.15753E-02  -3.42101E-03  -4.15287E-03   1.19296E-02   2.26396E-02
 2.59500E+02   1.64521E-02   4.78418E-04   3.87537E-03  -2.14241E-02  -1.00737E-02  -3.29801E-02  -1.68985E-02  -2.63106E-02  -1.28117E-02  -5.05568E-03  -9.50914E-04   1.82745E-02   1.07939E-02   2.97585E-02   1.47939E-02   2.19759E-02   8.23977E-03  -2.34511E-03  -6.26707E-03  -3.30172E-02  -2.39000E-02  -4.40507E-02  -2.08955E-02  -2.06209E-02  -2.99248E-03   6.34787E-03   1.15971E-02   2.32365E-02   1.62890E-02   2.39406E-02   9.60243E-03   9.69555E-03  -3.38727E-03  -1.03294E-02  -1.38684E-02  -2.38421E-02  -1.45726E-02  -2.20974E-02  -3.92771E-03  -4.30980E-03   1.38414E-02   2.31079E-02
 2.61300E+02   1.81924E-02   1.53276E-03   4.23789E-03  -2.10565E-02  -1.12844E-02  -3.33918E-02  -1.88789E-02  -2.71414E-02  -1.42720E-02  -5.75127E-03  -9.50517E-04   1.81134E-02   1.22309E-02   3.01560E-02   1.66747E-02   2.26083E-02   9.19472E-03  -1.92115E-03  -7.28358E-03  -3.31288E-02  -2.72659E-02  -4.48515E-02  -2.37479E-02  -2.13788E-02  -3.29325E-03   6.17319E-03   1.33549E-02   2.35478E-02   1.86691E-02   2.44304E-02   1.09587E-02   1.00110E-02  -3.95614E-03  -1.03882E-02  -1.59705E-02  -2.42129E-02  -1.67489E-02  -2.25051E-02  -4.49120E-03  -4.43264E-03   1.59487E-02   2.34718E-02
 2.63200E+02   2.03514E-02   2.49538E-03   4.70407E-03  -2.07194E-02  -1.27615E-02  -3.37515E-02  -2.13188E-02  -2.78677E-02  -1.60877E-02  -6.35461E-03  -9.75268E-04   1.79728E-02   1.39820E-02   3.04876E-02   1.89915E-02   2.31311E-02   1.03943E-02  -1.57470E-03  -8.49532E-03  -3.32147E-02  -3.13937E-02  -4.54532E-02  -2.72772E-02  -2.19343E-02  -3.68445E-03   6.03632E-03   1.55050E-02   2.37531E-02   2.15970E-02   2.47613E-02   1.26361E-02   1.02272E-02  -4.64454E-03  -1.04185E-02  -1.85486E-02  -2.44480E-02  -1.94239E-02  -2.27664E-02  -5.18745E-03  -4.51446E-03   1.85341E-02   2.36973E-02
 2.65100E+02   2.28772E-02   3.21322E-03   5.26472E-03  -2.04572E-02  -1.44664E-02  -3.39769E-02  -2.41575E-02  -2.83392E-02  -1.82159E-02  -6.74552E-03  -1.02768E-03   1.78686E-02   1.60014E-02   3.06604E-02   2.16868E-02   2.34089E-02   1.18119E-02  -1.38702E-03  -9.86745E-03  -3.32257E-02  -3.61800E-02  -4.56337E-02  -3.13989E-02  -2.20849E-02  -4.15898E-03   5.96915E-03   1.79930E-02   2.37427E-02   2.50006E-02   2.47759E-02   1.45946E-02   1.02501E-02  -5.43420E-03  -1.03890E-02  -2.15383E-02  -2.44134E-02  -2.25319E-02  -2.27397E-02  -5.99973E-03  -4.51667E-03   2.15333E-02   2.36505E-02
 2.67000E+02   2.57879E-02   3.55795E-03   5.92399E-03  -2.03025E-02  -1.64114E-02  -3.39867E-02  -2.74156E-02  -2.84144E-02  -2.06719E-02  -6.81342E-03  -1.10827E-03   1.78097E-02   1.83036E-02   3.05776E-02   2.47803E-02   2.33057E-02   1.34577E-02  -1.43612E-03  -1.14098E-02  -3.31027E-02  -4.16593E-02  -4.51521E-02  -3.61431E-02  -2.16134E-02  -4.72034E-03   6.00146E-03   2.08370E-02   2.33911E-02   2.89048E-02   2.42982E-02   1.68484E-02   9.97579E-03  -6.33089E-03  -1.02618E-02  -2.49615E-02  -2.39561E-02  -2.60954E-02  -2.22641E-02  -6.93397E-03  -4.39629E-03   2.49684E-02   2.31769E-02
 2.69000E+02   2.92420E-02   3.33169E-03   6.71745E-03  -2.03029E-02  -1.87027E-02  -3.36468E-02  -3.12704E-02  -2.78607E-02  -2.35892E-02  -6.37569E-03  -1.22074E-03   1.78101E-02   2.10145E-02   3.00744E-02   2.84401E-02   2.25884E-02   1.54205E-02  -1.85669E-03  -1.32073E-02  -3.27433E-02  -4.81292E-02  -4.35815E-02  -4.17660E-02  -2.01311E-02  -5.39824E-03   6.18622E-03   2.41912E-02   2.24716E-02   3.35206E-02   2.30091E-02   1.95191E-02   9.21604E-03  -7.38343E-03  -9.96736E-03  -2.90034E-02  -2.27968E-02  -3.03071E-02  -2.10461E-02  -8.04055E-03  -4.07505E-03   2.90249E-02   2.19946E-02
 2.70900E+02   3.27915E-02   2.34662E-03   7.53903E-03  -2.05119E-02  -2.10476E-02  -3.28586E-02  -3.52244E-02  -2.65018E-02  -2.65874E-02  -5.29487E-03  -1.34541E-03   1.78851E-02   2.37872E-02   2.90435E-02   3.21924E-02   2.11063E-02   1.74411E-02  -2.73456E-03  -1.50357E-02  -3.20878E-02  -5.47532E-02  -4.06860E-02  -4.75329E-02  -1.74319E-02  -6.10025E-03   6.55397E-03   2.76220E-02   2.08717E-02   3.82477E-02   2.07506E-02   2.22572E-02   7.87748E-03  -8.45720E-03  -9.47341E-03  -3.31395E-02  -2.08019E-02  -3.46190E-02  -1.89453E-02  -9.17476E-03  -3.51500E-03   3.31761E-02   1.99707E-02
 2.72900E+02   3.65720E-02   2.76543E-04   8.41386E-03  -2.10083E-02  -2.35443E-02  -3.13990E-02  -3.94332E-02  -2.39502E-02  -2.97775E-02  -3.26560E-03  -1.47690E-03   1.80586E-02   2.67373E-02   2.72097E-02   3.61821E-02   1.84682E-02   1.95870E-02  -4.29743E-03  -1.69818E-02  -3.09661E-02  -6.17878E-02  -3.57456E-02  -5.36518E-02  -1.28567E-02  -6.84400E-03   7.19535E-03   3.12620E-02   1.82075E-02   4.32613E-02   1.69814E-02   2.51604E-02   5.64014E-03  -9.59655E-03  -8.66268E-03  -3.75256E-02  -1.74976E-02  -3.91908E-02  -1.54632E-02  -1.03771E-02  -2.58305E-03   3.75773E-02   1.66266E-02
 2.74800E+02   3.98411E-02  -2.80046E-03   9.16079E-03  -2.17752E-02  -2.57151E-02  -2.93327E-02  -4.30762E-02  -2.03190E-02  -3.25266E-02  -3.79622E-04  -1.57423E-03   1.83229E-02   2.92988E-02   2.46596E-02   3.96266E-02   1.48014E-02   2.14220E-02  -6.46763E-03  -1.86886E-02  -2.94317E-02  -6.78541E-02  -2.90126E-02  -5.88998E-02  -6.64494E-03  -7.46947E-03   8.07644E-03   3.43971E-02   1.46195E-02   4.75669E-02   1.19018E-02   2.76468E-02   2.62346E-03  -1.05821E-02  -7.57824E-03  -4.12946E-02  -1.30608E-02  -4.31149E-02  -1.07866E-02  -1.14068E-02  -1.32923E-03   4.13572E-02   1.21418E-02
 2.76800E+02   4.24395E-02  -7.14768E-03   9.72921E-03  -2.28777E-02  -2.74736E-02  -2.64800E-02  -4.59852E-02  -1.52919E-02  -3.46912E-02   3.61514E-03  -1.60945E-03   1.87012E-02   3.13670E-02   2.11693E-02   4.23591E-02   9.78266E-03   2.28331E-02  -9.43751E-03  -2.01106E-02  -2.73499E-02  -7.26578E-02  -1.98880E-02  -6.29858E-02   1.75866E-03  -7.92443E-03   9.27622E-03   3.68733E-02   9.78665E-03   5.09362E-02   5.05642E-03   2.95754E-02  -1.44324E-03  -1.13718E-02  -6.12293E-03  -4.42518E-02  -7.09320E-03  -4.61820E-02  -4.49559E-03  -1.22056E-02   3.59080E-04   4.43180E-02   6.11356E-03
 2.78800E+02   4.36821E-02  -1.22757E-02   9.94807E-03  -2.41920E-02  -2.83844E-02  -2.31554E-02  -4.74060E-02  -9.41944E-03  -3.56851E-02   8.28582E-03  -1.53833E-03   1.91559E-02   3.24258E-02   1.71172E-02   4.36582E-02   3.94891E-03   2.34116E-02  -1.28955E-02  -2.09291E-02  -2.49494E-02  -7.49282E-02  -9.33092E-03  -6.47730E-02   1.14826E-02  -8.05539E-03   1.06730E-02   3.80323E-02   4.21096E-03   5.24474E-02  -2.84715E-03   3.04044E-02  -6.14159E-03  -1.17652E-02  -4.44848E-03  -4.55952E-02  -2.10621E-04  -4.75508E-02   2.76206E-03  -1.25492E-02   2.30851E-03   4.56529E-02  -8.37371E-04
 2.80800E+02   4.33028E-02  -1.75646E-02   9.74862E-03  -2.55597E-02  -2.82813E-02  -1.97476E-02  -4.70468E-02  -3.38104E-03  -3.52788E-02   1.31001E-02  -1.34001E-03   1.96414E-02   3.22776E-02   1.29648E-02   4.32437E-02  -2.04864E-03   2.29947E-02  -1.64669E-02  -2.10259E-02  -2.25093E-02  -7.41711E-02   1.51232E-03  -6.38136E-02   2.14932E-02  -7.79911E-03   1.21231E-02   3.76175E-02  -1.51369E-03   5.17389E-02  -1.09737E-02   2.99199E-02  -1.09786E-02  -1.16853E-02  -2.73418E-03  -4.50110E-02   6.86157E-03  -4.68910E-02   1.02239E-02  -1.23492E-02   4.31513E-03   4.50459E-02  -7.98089E-03
 2.82900E+02   4.12773E-02  -2.25505E-02   9.11856E-03  -2.68640E-02  -2.71573E-02  -1.65447E-02  -4.48844E-02   2.32539E-03  -3.34465E-02   1.76735E-02  -1.00224E-03   2.01298E-02   3.09123E-02   9.04864E-03   4.10886E-02  -7.74378E-03   2.15560E-02  -1.98911E-02  -2.04068E-02  -2.02382E-02  -7.03369E-02   1.18353E-02  -6.00451E-02   3.10773E-02  -7.13929E-03   1.35316E-02   3.56016E-02  -6.97473E-03   4.87643E-02  -1.87478E-02   2.80904E-02  -1.56174E-02  -1.11265E-02  -1.10570E-03  -4.24606E-02   1.36241E-02  -4.41593E-02   1.73669E-02  -1.15925E-02   6.23982E-03   4.24570E-02  -1.48159E-02
 2.84900E+02   3.82409E-02  -2.62514E-02   8.23015E-03  -2.78512E-02  -2.53981E-02  -1.41698E-02  -4.16104E-02   6.60044E-03  -3.07421E-02   2.11350E-02  -5.88415E-04   2.05376E-02   2.87908E-02   6.11935E-03   3.78633E-02  -1.20615E-02   1.94985E-02  -2.25358E-02  -1.93321E-02  -1.85808E-02  -6.46095E-02   1.97177E-02  -5.45627E-02   3.84774E-02  -6.23995E-03   1.46472E-02   3.26009E-02  -1.11666E-02   4.44024E-02  -2.47465E-02   2.54409E-02  -1.92133E-02  -1.02707E-02   1.35248E-04  -3.87046E-02   1.88401E-02  -4.01595E-02   2.28877E-02  -1.04964E-02   7.73266E-03   3.86536E-02  -2.00946E-02
 2.87000E+02   3.44872E-02  -2.88431E-02   7.14628E-03  -2.85705E-02  -2.32036E-02  -1.25075E-02  -3.75531E-02   9.65873E-03  -2.74076E-02   2.36645E-02  -9.95627E-05   2.08914E-02   2.61473E-02   4.02863E-03   3.38733E-02  -1.52302E-02   1.69762E-02  -2.45488E-02  -1.79662E-02  -1.74593E-02  -5.75218E-02   2.55902E-02  -4.78125E-02   4.41122E-02  -5.14803E-03   1.55370E-02   2.88882E-02  -1.43235E-02   3.90217E-02  -2.93099E-02   2.21807E-02  -2.19729E-02  -9.20559E-03   1.05683E-03  -3.40663E-02   2.28055E-02  -3.52258E-02   2.71016E-02  -9.14731E-03   8.87963E-03   3.39588E-02  -2.41182E-02
 2.89000E+02   3.08505E-02  -3.01676E-02   6.09110E-03  -2.89763E-02  -2.10833E-02  -1.16606E-02  -3.36225E-02   1.13066E-02  -2.41696E-02   2.50979E-02   3.84333E-04   2.11649E-02   2.35902E-02   2.90939E-03   2.99999E-02  -1.70422E-02   1.45158E-02  -2.57935E-02  -1.66568E-02  -1.69411E-02  -5.06312E-02   2.90607E-02  -4.12300E-02   4.75969E-02  -4.07628E-03   1.61379E-02   2.52740E-02  -1.62318E-02   3.37758E-02  -3.21263E-02   1.89980E-02  -2.37061E-02  -8.17119E-03   1.59742E-03  -2.95448E-02   2.52495E-02  -3.04135E-02   2.97194E-02  -7.83007E-03   9.60160E-03   2.93804E-02  -2.66109E-02
 2.91100E+02   2.72961E-02  -3.05974E-02   5.04198E-03  -2.91709E-02  -1.90331E-02  -1.13938E-02  -2.97870E-02   1.19725E-02  -2.09858E-02   2.57857E-02   8.89542E-04   2.14036E-02   2.11106E-02   2.47065E-03   2.62010E-02  -1.79324E-02   1.20677E-02  -2.65410E-02  -1.54246E-02  -1.68668E-02  -4.38559E-02   3.09238E-02  -3.47010E-02   4.96854E-02  -2.99143E-03   1.65667E-02   2.17114E-02  -1.73149E-02   2.85806E-02  -3.38051E-02   1.58336E-02  -2.47801E-02  -7.15959E-03   1.88117E-03  -2.50710E-02   2.67012E-02  -2.56432E-02   3.13025E-02  -6.52010E-03   1.00510E-02   2.48459E-02  -2.81087E-02
 2.93200E+02   2.41757E-02  -3.03151E-02   4.09360E-03  -2.91981E-02  -1.72677E-02  -1.15943E-02  -2.64303E-02   1.18468E-02  -1.81625E-02   2.58709E-02   1.38225E-03   2.16136E-02   1.89649E-02   2.58360E-03   2.28483E-02  -1.80727E-02   9.85398E-03  -2.68819E-02  -1.44162E-02  -1.71521E-02  -3.78525E-02   3.14696E-02  -2.88305E-02   5.06242E-02  -1.98312E-03   1.68529E-02   1.85419E-02  -1.77184E-02   2.39223E-02  -3.45452E-02   1.29774E-02  -2.53092E-02  -6.27191E-03   1.95341E-03  -2.10658E-02   2.73334E-02  -2.13594E-02   3.20306E-02  -5.33737E-03   1.02749E-02   2.07799E-02  -2.87842E-02
 2.95300E+02   2.15365E-02  -2.95572E-02   3.25640E-03  -2.91190E-02  -1.58186E-02  -1.21141E-02  -2.36045E-02   1.11891E-02  -1.57386E-02   2.55574E-02   1.86195E-03   2.18132E-02   1.71901E-02   3.07208E-03   1.99903E-02  -1.77128E-02   7.89922E-03  -2.69608E-02  -1.36574E-02  -1.76914E-02  -3.27048E-02   3.11392E-02  -2.36885E-02   5.08130E-02  -1.05874E-03   1.70527E-02   1.58084E-02  -1.76712E-02   1.98587E-02  -3.46698E-02   1.04622E-02  -2.54846E-02  -5.52190E-03   1.88314E-03  -1.75796E-02   2.74266E-02  -1.76143E-02   3.21987E-02  -4.29536E-03   1.03525E-02   1.72327E-02  -2.89201E-02
 2.97500E+02   1.92668E-02  -2.84453E-02   2.49128E-03  -2.89715E-02  -1.46293E-02  -1.28808E-02  -2.11917E-02   1.01407E-02  -1.36077E-02   2.49676E-02   2.35582E-03   2.20263E-02   1.57155E-02   3.84346E-03   1.75035E-02  -1.70028E-02   6.11145E-03  -2.68808E-02  -1.31265E-02  -1.84435E-02  -2.81870E-02   3.02125E-02  -1.90373E-02   5.05327E-02  -1.71065E-04   1.72154E-02   1.33888E-02  -1.73254E-02   1.62033E-02  -3.44036E-02   8.17015E-03  -2.54451E-02  -4.87787E-03   1.71283E-03  -1.44537E-02   2.71750E-02  -1.42354E-02   3.20153E-02  -3.34516E-03   1.03414E-02   1.40417E-02  -2.87142E-02
 2.99600E+02   1.75240E-02  -2.72071E-02   1.85310E-03  -2.88019E-02  -1.37800E-02  -1.37458E-02  -1.93584E-02   8.93563E-03  -1.19190E-02   2.42645E-02   2.82672E-03   2.22438E-02   1.46414E-02   4.73359E-03   1.55611E-02  -1.61411E-02   4.61797E-03  -2.67274E-02  -1.28563E-02  -1.92840E-02  -2.46141E-02   2.90110E-02  -1.52057E-02   5.00244E-02   6.15549E-04   1.73568E-02   1.14526E-02  -1.68357E-02   1.32137E-02  -3.39453E-02   6.26350E-03  -2.52974E-02  -4.38424E-03   1.49495E-03  -1.19077E-02   2.67530E-02  -1.14608E-02   3.16563E-02  -2.55408E-03   1.02853E-02   1.14316E-02  -2.83377E-02
 3.01800E+02   1.60830E-02  -2.58122E-02   1.26324E-03  -2.86169E-02  -1.31560E-02  -1.47372E-02  -1.78661E-02   7.55531E-03  -1.04580E-02   2.34573E-02   3.32904E-03   2.24939E-02   1.38248E-02   5.76227E-03   1.39138E-02  -1.51386E-02   3.23373E-03  -2.65406E-02  -1.28024E-02  -2.02549E-02  -2.15303E-02   2.75848E-02  -1.17145E-02   4.93906E-02   1.39598E-03   1.75122E-02   9.75386E-03  -1.62414E-02   1.05145E-02  -3.33728E-02   4.50476E-03  -2.50999E-02  -3.97688E-03   1.23448E-03  -9.62099E-03   2.62258E-02  -8.94253E-03   3.11989E-02  -1.82357E-03   1.02089E-02   9.07428E-03  -2.78614E-02
 3.04000E+02   1.49797E-02  -2.43727E-02   7.36368E-04  -2.84390E-02  -1.27732E-02  -1.57812E-02  -1.67519E-02   6.11542E-03  -9.26057E-03   2.26263E-02   3.85091E-03   2.27717E-02   1.32861E-02   6.84816E-03   1.26019E-02  -1.40934E-02   1.99167E-03  -2.63624E-02  -1.29674E-02  -2.12944E-02  -1.90097E-02   2.60930E-02  -8.64594E-03   4.87500E-02   2.15226E-03   1.76891E-02   8.33283E-03  -1.56191E-02   8.16898E-03  -3.27841E-02   2.93499E-03  -2.49052E-02  -3.66566E-03   9.57459E-04  -7.64741E-03   2.56797E-02  -6.73955E-03   3.07301E-02  -1.17062E-03   1.01337E-02   7.02499E-03  -2.73699E-02
 3.06200E+02   1.41667E-02  -2.29224E-02   2.56418E-04  -2.82771E-02  -1.26067E-02  -1.68570E-02  -1.59654E-02   4.65304E-03  -8.28176E-03   2.18011E-02   4.40330E-03   2.30804E-02   1.29948E-02   7.96626E-03   1.15728E-02  -1.30417E-02   8.52856E-04  -2.62145E-02  -1.33415E-02  -2.23880E-02  -1.69551E-02   2.46001E-02  -5.89817E-03   4.81624E-02   2.90446E-03   1.78964E-02   7.13699E-03  -1.50027E-02   6.09705E-03  -3.22275E-02   1.50346E-03  -2.47420E-02  -3.43683E-03   6.73952E-04  -5.91830E-03   2.51564E-02  -4.77736E-03   3.02939E-02  -5.74159E-04   1.00716E-02   5.21346E-03  -2.69053E-02
 3.08400E+02   1.36071E-02  -2.14805E-02  -1.90709E-04  -2.81364E-02  -1.26393E-02  -1.79528E-02  -1.54677E-02   3.18939E-03  -7.48469E-03   2.09985E-02   4.99785E-03   2.34217E-02   1.29288E-02   9.10215E-03   1.07841E-02  -1.20043E-02  -2.17243E-04  -2.61091E-02  -1.39217E-02  -2.35273E-02  -1.52871E-02   2.31433E-02  -3.38240E-03   4.76619E-02   3.67193E-03   1.81390E-02   6.12246E-03  -1.44116E-02   4.22953E-03  -3.17305E-02   1.65320E-04  -2.46268E-02  -3.27965E-03   3.89784E-04  -4.37482E-03   2.46799E-02  -2.99132E-03   2.99158E-02  -1.55168E-05   1.00295E-02   3.57905E-03  -2.64918E-02
 3.10600E+02   1.32739E-02  -2.00575E-02  -6.17439E-04  -2.80191E-02  -1.28611E-02  -1.90615E-02  -1.52314E-02   1.73620E-03  -6.84016E-03   2.02275E-02   5.64712E-03   2.37960E-02   1.30749E-02   1.02476E-02   1.02034E-02  -1.09925E-02  -1.24944E-03  -2.60524E-02  -1.47122E-02  -2.47068E-02  -1.39425E-02   2.17424E-02  -1.02132E-03   4.72660E-02   4.47377E-03   1.84189E-02   5.25336E-03  -1.38562E-02   2.50700E-03  -3.13074E-02  -1.11927E-03  -2.45678E-02  -3.18630E-03   1.08226E-04  -2.96687E-03   2.42627E-02  -1.32543E-03   2.96087E-02   5.21935E-04   1.00107E-02   2.06963E-03  -2.61422E-02
 3.12800E+02   1.31493E-02  -1.86589E-02  -1.03495E-03  -2.79262E-02  -1.32694E-02  -2.01786E-02  -1.52395E-02   3.00133E-04  -6.32560E-03   1.94924E-02   6.36507E-03   2.42025E-02   1.34277E-02   1.13972E-02   9.80697E-03  -1.00119E-02  -2.27188E-03  -2.60461E-02  -1.57245E-02  -2.59217E-02  -1.28724E-02   2.04074E-02   1.25355E-03   4.69807E-02   5.32948E-03   1.87360E-02   4.50047E-03  -1.33413E-02   8.77773E-04  -3.09638E-02  -2.38656E-03  -2.45676E-02  -3.15153E-03  -1.68866E-04  -1.65130E-03   2.39098E-02   2.69667E-04   2.93774E-02   1.05336E-03   1.00164E-02   6.39746E-04  -2.58610E-02
 3.15100E+02   1.32315E-02  -1.72268E-02  -1.47284E-03  -2.78543E-02  -1.39000E-02  -2.13509E-02  -1.55009E-02  -1.17777E-03  -5.90820E-03   1.87641E-02   7.20627E-03   2.46588E-02   1.40199E-02   1.25984E-02   9.57211E-03  -9.02356E-03  -3.35924E-03  -2.60917E-02  -1.70405E-02  -2.72227E-02  -1.20069E-02   1.90862E-02   3.60740E-03   4.67987E-02   6.30408E-03   1.91043E-02   3.81185E-03  -1.28476E-02  -7.75798E-04  -3.06886E-02  -3.72993E-03  -2.46283E-02  -3.17469E-03  -4.52432E-04  -3.33530E-04   2.36095E-02   1.91005E-03   2.92154E-02   1.61801E-03   1.00475E-02  -8.14182E-04  -2.56397E-02
 3.17400E+02   1.35286E-02  -1.58297E-02  -1.92343E-03  -2.78062E-02  -1.47508E-02  -2.25208E-02  -1.60222E-02  -2.62567E-03  -5.60024E-03   1.80771E-02   8.16062E-03   2.51417E-02   1.48514E-02   1.37918E-02   9.51028E-03  -8.07533E-03  -4.49489E-03  -2.61851E-02  -1.86503E-02  -2.85439E-02  -1.13701E-02   1.78425E-02   6.00280E-03   4.67248E-02   7.38576E-03   1.95040E-02   3.20204E-03  -1.23984E-02  -2.42644E-03  -3.04928E-02  -5.12966E-03  -2.47447E-02  -3.25786E-03  -7.28320E-04   9.64136E-04   2.33744E-02   3.56979E-03   2.91280E-02   2.20771E-03   1.01016E-02  -2.26855E-03  -2.54866E-02
 3.19700E+02   1.40458E-02  -1.44744E-02  -2.39814E-03  -2.77783E-02  -1.58415E-02  -2.36773E-02  -1.68142E-02  -4.03383E-03  -5.39232E-03   1.74317E-02   9.25227E-03   2.56413E-02   1.59417E-02   1.49655E-02   9.61754E-03  -7.17075E-03  -5.70927E-03  -2.63167E-02  -2.05940E-02  -2.98661E-02  -1.09409E-02   1.66770E-02   8.50603E-03   4.67400E-02   8.60313E-03   1.99241E-02   2.65265E-03  -1.19910E-02  -4.12066E-03  -3.03637E-02  -6.62437E-03  -2.49045E-02  -3.40245E-03  -9.94401E-04   2.27870E-03   2.31950E-02   5.29555E-03   2.91018E-02   2.83877E-03   1.01735E-02  -3.76454E-03  -2.53906E-02
 3.22000E+02   1.47962E-02  -1.31729E-02  -2.90878E-03  -2.77652E-02  -1.71995E-02  -2.48018E-02  -1.78967E-02  -5.38578E-03  -5.27890E-03   1.68290E-02   1.05091E-02   2.61421E-02   1.73183E-02   1.61001E-02   9.89606E-03  -6.31625E-03  -7.03430E-03  -2.64713E-02  -2.29219E-02  -3.11583E-02  -1.07063E-02   1.55915E-02   1.11843E-02   4.68143E-02   9.98837E-03   2.03475E-02   2.14823E-03  -1.16216E-02  -5.90452E-03  -3.02820E-02  -8.25432E-03  -2.50888E-02  -3.61197E-03  -1.24714E-03   3.64616E-03   2.30568E-02   7.13432E-03   2.91164E-02   3.52824E-03   1.02551E-02  -5.34306E-03  -2.53344E-02
 3.24300E+02   1.57990E-02  -1.19453E-02  -3.46768E-03  -2.77585E-02  -1.88589E-02  -2.58648E-02  -1.92975E-02  -6.65440E-03  -5.25767E-03   1.62716E-02   1.19629E-02   2.66202E-02   1.90166E-02   1.71646E-02   1.03532E-02  -5.52314E-03  -8.50381E-03  -2.66259E-02  -2.56940E-02  -3.23720E-02  -1.06603E-02   1.45915E-02   1.41072E-02   4.69030E-02   1.15774E-02   2.07477E-02   1.67550E-03  -1.12851E-02  -7.82464E-03  -3.02191E-02  -1.00621E-02  -2.52690E-02  -3.89182E-03  -1.48072E-03   5.10243E-03   2.29384E-02   9.13433E-03   2.91411E-02   4.29418E-03   1.03342E-02  -7.04558E-03  -2.52923E-02
 3.26600E+02   1.70792E-02  -1.08234E-02  -4.08763E-03  -2.77464E-02  -2.08595E-02  -2.68206E-02  -2.10509E-02  -7.79682E-03  -5.32885E-03   1.57650E-02   1.36484E-02   2.70392E-02   2.10779E-02   1.81107E-02   1.10006E-02  -4.81021E-03  -1.01532E-02  -2.67470E-02  -2.89777E-02  -3.34328E-02  -1.08020E-02   1.36878E-02   1.73457E-02   4.69414E-02   1.34089E-02   2.10850E-02   1.22289E-03  -1.09753E-02  -9.92809E-03  -3.01335E-02  -1.20921E-02  -2.54031E-02  -4.24890E-03  -1.68599E-03   6.68332E-03   2.28094E-02   1.13448E-02   2.91317E-02   5.15547E-03   1.03930E-02  -8.91407E-03  -2.52274E-02
 3.29000E+02   1.87400E-02  -9.81885E-03  -4.81323E-03  -2.77095E-02  -2.33562E-02  -2.76290E-02  -2.32965E-02  -8.78375E-03  -5.50365E-03   1.53012E-02   1.56924E-02   2.73556E-02   2.36629E-02   1.88931E-02   1.18939E-02  -4.18365E-03  -1.21039E-02  -2.67849E-02  -3.30252E-02  -3.42573E-02  -1.11528E-02   1.28679E-02   2.11372E-02   4.68266E-02   1.56212E-02   2.13067E-02   7.61199E-04  -1.06724E-02  -1.23678E-02  -2.99562E-02  -1.44947E-02  -2.54280E-02  -4.71203E-03  -1.85483E-03   8.50309E-03   2.26165E-02   1.39278E-02   2.90162E-02   6.17605E-03   1.04044E-02  -1.10848E-02  -2.50780E-02
 3.31400E+02   2.07591E-02  -9.06529E-03  -5.63128E-03  -2.76203E-02  -2.63114E-02  -2.81322E-02  -2.60032E-02  -9.45357E-03  -5.78317E-03   1.49204E-02   1.80619E-02   2.74622E-02   2.67335E-02   1.93476E-02   1.30232E-02  -3.72639E-03  -1.43226E-02  -2.66544E-02  -3.77745E-02  -3.46136E-02  -1.17141E-02   1.22071E-02   2.54160E-02   4.64053E-02   1.81787E-02   2.13014E-02   3.01001E-04  -1.03794E-02  -1.51010E-02  -2.95955E-02  -1.72298E-02  -2.52379E-02  -5.27502E-03  -1.95430E-03   1.05294E-02   2.22955E-02   1.68390E-02   2.86916E-02   7.33894E-03   1.03233E-02  -1.35200E-02  -2.47614E-02
 3.33800E+02   2.31473E-02  -8.67918E-03  -6.54822E-03  -2.74407E-02  -2.97432E-02  -2.81705E-02  -2.91859E-02  -9.65292E-03  -6.16646E-03   1.46481E-02   2.07735E-02   2.72374E-02   3.03087E-02   1.93057E-02   1.43927E-02  -3.50973E-03  -1.68271E-02  -2.62467E-02  -4.32571E-02  -3.42479E-02  -1.24834E-02   1.17554E-02   3.02183E-02   4.54703E-02   2.11002E-02   2.09370E-02  -1.64353E-04  -1.00822E-02  -1.81517E-02  -2.89214E-02  -2.03194E-02  -2.46968E-02  -5.94079E-03  -1.95146E-03   1.27807E-02   2.17517E-02   2.01032E-02   2.80166E-02   8.65350E-03   1.00915E-02  -1.62410E-02  -2.41608E-02
 3.36200E+02   2.58774E-02  -8.81443E-03  -7.55820E-03  -2.71209E-02  -3.36186E-02  -2.75339E-02  -3.28103E-02  -9.17943E-03  -6.64437E-03   1.45186E-02   2.38047E-02   2.65216E-02   3.43528E-02   1.85456E-02   1.59838E-02  -3.62834E-03  -1.95997E-02  -2.54196E-02  -4.94229E-02  -3.28270E-02  -1.34419E-02   1.15803E-02   3.55129E-02   4.37524E-02   2.43619E-02   2.00404E-02  -6.36926E-04  -9.76367E-03  -2.15019E-02  -2.77653E-02  -2.37417E-02  -2.36270E-02  -6.70169E-03  -1.80286E-03   1.52447E-02   2.08621E-02   2.36996E-02   2.68077E-02   1.01103E-02   9.63314E-03  -1.92315E-02  -2.31249E-02
 3.38600E+02   2.88541E-02  -9.65410E-03  -8.63359E-03  -2.66024E-02  -3.78113E-02  -2.59735E-02  -3.67520E-02  -7.79260E-03  -7.19224E-03   1.45732E-02   2.70627E-02   2.51261E-02   3.87322E-02   1.68042E-02   1.77354E-02  -4.19510E-03  -2.25604E-02  -2.40054E-02  -5.60746E-02  -2.99559E-02  -1.45406E-02   1.17631E-02   4.11510E-02   4.09337E-02   2.78637E-02   1.84070E-02  -1.11148E-03  -9.40390E-03  -2.50597E-02  -2.59281E-02  -2.73968E-02  -2.18190E-02  -7.53081E-03  -1.45683E-03   1.78554E-02   1.94820E-02   2.75271E-02   2.48482E-02   1.16667E-02   8.85872E-03  -2.24088E-02  -2.14750E-02
 3.41000E+02   3.18787E-02  -1.13786E-02  -9.71416E-03  -2.58275E-02  -4.20556E-02  -2.32439E-02  -4.07518E-02  -5.25552E-03  -7.76170E-03   1.48527E-02   3.03492E-02   2.28652E-02   4.31658E-02   1.38222E-02   1.95231E-02  -5.32131E-03  -2.55362E-02  -2.18391E-02  -6.27941E-02  -2.52460E-02  -1.56841E-02   1.23839E-02   4.68069E-02   3.67018E-02   3.13915E-02   1.58354E-02  -1.57234E-03  -8.98366E-03  -2.86231E-02  -2.32145E-02  -3.10683E-02  -1.90666E-02  -8.37225E-03  -8.62486E-04   2.04667E-02   1.74689E-02   3.13643E-02   2.19251E-02   1.32301E-02   7.68010E-03  -2.55912E-02  -1.90355E-02
 3.43500E+02   3.47332E-02  -1.42353E-02  -1.07385E-02  -2.47090E-02  -4.60651E-02  -1.89943E-02  -4.45257E-02  -1.23239E-03  -8.29494E-03   1.54097E-02   3.34536E-02   1.94659E-02   4.73483E-02   9.22459E-03   2.12065E-02  -7.16293E-03  -2.83450E-02  -1.86722E-02  -6.91302E-02  -1.81254E-02  -1.67590E-02   1.35491E-02   5.21401E-02   3.05815E-02   3.47163E-02   1.20246E-02  -2.00774E-03  -8.46819E-03  -3.19813E-02  -1.93246E-02  -3.45272E-02  -1.50573E-02  -9.16415E-03   5.44784E-05   2.29270E-02   1.46035E-02   3.49785E-02   1.77130E-02   1.47024E-02   5.96363E-03  -2.85886E-02  -1.55371E-02
 3.46000E+02   3.68244E-02  -1.81149E-02  -1.15170E-02  -2.32902E-02  -4.90339E-02  -1.33878E-02  -4.72958E-02   4.12257E-03  -8.65769E-03   1.62230E-02   3.57668E-02   1.50588E-02   5.04301E-02   3.18757E-03   2.24202E-02  -9.64941E-03  -3.04476E-02  -1.46262E-02  -7.38107E-02  -8.86704E-03  -1.75001E-02   1.52138E-02   5.61320E-02   2.28069E-02   3.71804E-02   7.12045E-03  -2.35626E-03  -7.87712E-03  -3.44984E-02  -1.44071E-02  -3.71016E-02  -9.94423E-03  -9.73993E-03   1.25895E-03   2.47739E-02   1.09951E-02   3.76771E-02   1.23727E-02   1.57966E-02   3.77489E-03  -3.08304E-02  -1.11134E-02
 3.48500E+02   3.77104E-02  -2.26928E-02  -1.19129E-02  -2.16714E-02  -5.03670E-02  -6.86145E-03  -4.84836E-02   1.03846E-02  -8.74532E-03   1.72157E-02   3.68424E-02   9.97146E-03   5.17820E-02  -3.82711E-03   2.28886E-02  -1.25785E-02  -3.14514E-02  -9.98920E-03  -7.58969E-02   1.84052E-03  -1.77009E-02   1.72265E-02   5.80427E-02   1.39207E-02   3.83012E-02   1.47696E-03  -2.57807E-03  -7.23960E-03  -3.57132E-02  -8.79995E-03  -3.83010E-02  -4.08709E-03  -9.97523E-03   2.65978E-03   2.56731E-02   6.88868E-03   3.89562E-02   6.27341E-03   1.63033E-02   1.26752E-03  -3.19021E-02  -6.06786E-03
 3.51000E+02   3.71612E-02  -2.74159E-02  -1.18555E-02  -2.00244E-02  -4.97553E-02  -1.60514E-04  -4.77884E-02   1.68298E-02  -8.50292E-03   1.82577E-02   3.64489E-02   4.76366E-03   5.10772E-02  -1.10319E-02   2.24681E-02  -1.56063E-02  -3.11529E-02  -5.25396E-03  -7.49015E-02   1.28218E-02  -1.72532E-02   1.93311E-02   5.74891E-02   4.85191E-03   3.78282E-02  -4.30089E-03  -2.65313E-03  -6.60668E-03  -3.53874E-02  -3.08217E-03  -3.78714E-02   1.89899E-03  -9.80525E-03   4.10156E-03   2.54519E-02   2.70430E-03   3.85551E-02   4.74798E-05   1.61136E-02  -1.29561E-03  -3.15897E-02  -9.20615E-04
 3.53500E+02   3.52757E-02  -3.16849E-02  -1.13765E-02  -1.85356E-02  -4.73336E-02   5.90718E-03  -4.53399E-02   2.26738E-02  -7.95255E-03   1.92082E-02   3.46884E-02   4.21525E-05   4.84577E-02  -1.75734E-02   2.12194E-02  -1.83602E-02  -2.96430E-02  -9.54889E-04  -7.10377E-02   2.28027E-02  -1.62003E-02   2.12504E-02   5.46432E-02  -3.39186E-03   3.58718E-02  -9.55719E-03  -2.59243E-03  -6.03397E-03  -3.36287E-02   2.11826E-03  -3.59260E-02   7.34687E-03  -9.25776E-03   5.41594E-03   2.41886E-02  -1.10245E-03   3.65908E-02  -5.61932E-03   1.52761E-02  -3.62945E-03  -2.99896E-02   3.76424E-03
 3.56100E+02   3.23018E-02  -3.51830E-02  -1.05586E-02  -1.72980E-02  -4.34420E-02   1.09259E-02  -4.14636E-02   2.75120E-02  -7.14698E-03   1.99915E-02   3.18197E-02  -3.88686E-03   4.42803E-02  -2.30179E-02   1.92927E-02  -2.06477E-02  -2.71520E-02   2.64364E-03  -6.48406E-02   3.11440E-02  -1.46473E-02   2.28369E-02   4.99398E-02  -1.03177E-02   3.27095E-02  -1.39675E-02  -2.42517E-03  -5.54465E-03  -3.07089E-02   6.49646E-03  -3.27495E-02   1.19302E-02  -8.40154E-03   6.51856E-03   2.20814E-02  -4.31168E-03   3.33581E-02  -1.03940E-02   1.39120E-02  -5.59485E-03  -2.73452E-02   7.71360E-03
 3.58700E+02   2.88203E-02  -3.75513E-02  -9.57936E-03  -1.64295E-02  -3.88606E-02   1.43997E-02  -3.69199E-02   3.08644E-02  -6.22547E-03   2.05253E-02   2.84278E-02  -6.64450E-03   3.93713E-02  -2.68365E-02   1.70512E-02  -2.22418E-02  -2.41945E-02   5.20266E-03  -5.75436E-02   3.70480E-02  -1.28673E-02   2.39264E-02   4.43502E-02  -1.52813E-02   2.89758E-02  -1.71165E-02  -2.20296E-03  -5.17872E-03  -2.72335E-02   9.64862E-03  -2.89868E-02   1.52230E-02  -7.40052E-03   7.30418E-03   1.95691E-02  -6.62918E-03   2.95192E-02  -1.38359E-02   1.22971E-02  -7.00954E-03  -2.42008E-02   1.05643E-02
 3.61300E+02   2.52823E-02  -3.88763E-02  -8.58056E-03  -1.59025E-02  -3.41993E-02   1.64460E-02  -3.22994E-02   3.28448E-02  -5.29254E-03   2.08293E-02   2.49718E-02  -8.31984E-03   3.43748E-02  -2.91534E-02   1.47745E-02  -2.31960E-02  -2.11762E-02   6.80135E-03  -5.01096E-02   4.07013E-02  -1.10658E-02   2.45576E-02   3.86398E-02  -1.84330E-02   2.51674E-02  -1.91011E-02  -1.96982E-03  -4.92695E-03  -2.36801E-02   1.16687E-02  -2.51438E-02   1.73244E-02  -6.38142E-03   7.79732E-03   1.69989E-02  -8.12337E-03   2.55951E-02  -1.60478E-02   1.06475E-02  -7.91593E-03  -2.09854E-02   1.24007E-02
 3.63900E+02   2.19752E-02  -3.93744E-02  -7.65265E-03  -1.56489E-02  -2.98469E-02   1.73580E-02  -2.79788E-02   3.37371E-02  -4.41459E-03   2.09536E-02   2.17447E-02  -9.13393E-03   2.97013E-02  -3.02787E-02   1.26405E-02  -2.36446E-02  -1.83559E-02   7.63530E-03  -4.31523E-02   4.25678E-02  -9.37368E-03   2.48294E-02   3.32975E-02  -2.01422E-02   2.16008E-02  -2.01608E-02  -1.75410E-03  -4.76789E-03  -2.03537E-02   1.27876E-02  -2.15435E-02   1.84789E-02  -5.42493E-03   8.05913E-03   1.45920E-02  -8.96199E-03   2.19184E-02  -1.72813E-02   9.10130E-03  -8.41851E-03  -1.79728E-02   1.34303E-02
 3.66500E+02   1.90356E-02  -3.92831E-02  -6.83900E-03  -1.55941E-02  -2.59887E-02   1.74566E-02  -2.41374E-02   3.38525E-02  -3.62284E-03   2.09532E-02   1.88865E-02  -9.32877E-03   2.55464E-02  -3.05517E-02   1.07336E-02  -2.37350E-02  -1.58572E-02   7.91846E-03  -3.69644E-02   4.31555E-02  -7.85233E-03   2.48501E-02   2.85567E-02  -2.08133E-02   1.84271E-02  -2.05581E-02  -1.56972E-03  -4.67826E-03  -1.74002E-02   1.32578E-02  -1.83400E-02   1.89541E-02  -4.56934E-03   8.15661E-03   1.24547E-02  -9.32851E-03   1.86478E-02  -1.78121E-02   7.72415E-03  -8.63163E-03  -1.52937E-02   1.38800E-02
 3.69100E+02   1.64989E-02  -3.88043E-02  -6.15119E-03  -1.56747E-02  -2.26729E-02   1.70152E-02  -2.08213E-02   3.34562E-02  -2.92480E-03   2.08751E-02   1.64337E-02  -9.11051E-03   2.19606E-02  -3.02618E-02   9.07502E-03  -2.35927E-02  -1.37129E-02   7.83318E-03  -3.16215E-02   4.28974E-02  -6.51658E-03   2.47122E-02   2.44790E-02  -2.07910E-02   1.56855E-02  -2.05163E-02  -1.42089E-03  -4.63819E-03  -1.48580E-02   1.32945E-02  -1.55736E-02   1.89780E-02  -3.82433E-03   8.14686E-03   1.06148E-02  -9.37925E-03   1.58252E-02  -1.78751E-02   6.53323E-03  -8.65278E-03  -1.29827E-02   1.39431E-02
 3.71800E+02   1.42691E-02  -3.80591E-02  -5.56397E-03  -1.58508E-02  -1.97749E-02   1.62046E-02  -1.79052E-02   3.27155E-02  -2.29332E-03   2.07494E-02   1.42945E-02  -8.61189E-03   1.88084E-02  -2.95968E-02   7.60140E-03  -2.32993E-02  -1.18427E-02   7.50089E-03  -2.69219E-02   4.20811E-02  -5.31449E-03   2.44753E-02   2.09116E-02  -2.03104E-02   1.32724E-02  -2.01877E-02  -1.30271E-03  -4.63306E-03  -1.26318E-02   1.30466E-02  -1.31399E-02   1.87082E-02  -3.16134E-03   8.06907E-03   9.00332E-03  -9.22330E-03   1.33441E-02  -1.76339E-02   5.48352E-03  -8.54981E-03  -1.09527E-02   1.37547E-02
 3.74500E+02   1.24027E-02  -3.71763E-02  -5.09164E-03  -1.60848E-02  -1.73676E-02   1.51911E-02  -1.54629E-02   3.17906E-02  -1.74490E-03   2.06050E-02   1.25223E-02  -7.95400E-03   1.61694E-02  -2.87263E-02   6.35036E-03  -2.29293E-02  -1.02932E-02   7.02464E-03  -2.29838E-02   4.09540E-02  -4.27712E-03   2.41955E-02   1.79434E-02  -1.95613E-02   1.12483E-02  -1.96964E-02  -1.21780E-03  -4.65364E-03  -1.07770E-02   1.26305E-02  -1.10997E-02   1.82689E-02  -2.59715E-03   7.95507E-03   7.66046E-03  -8.94450E-03   1.12664E-02  -1.72152E-02   4.60125E-03  -8.37547E-03  -9.25436E-03   1.34187E-02
 3.77200E+02   1.08439E-02  -3.62322E-02  -4.71740E-03  -1.63527E-02  -1.53763E-02   1.40778E-02  -1.34212E-02   3.07819E-02  -1.26579E-03   2.04596E-02   1.10613E-02  -7.21484E-03   1.39641E-02  -2.77596E-02   5.28660E-03  -2.25301E-02  -9.01536E-03   6.47365E-03  -1.96887E-02   3.96803E-02  -3.37742E-03   2.39077E-02   1.54818E-02  -1.86748E-02   9.55230E-03  -1.91276E-02  -1.16164E-03  -4.69228E-03  -9.23599E-03   1.21286E-02  -9.39114E-03   1.77473E-02  -2.11575E-03   7.82661E-03   6.54428E-03  -8.60259E-03   9.52864E-03  -1.67087E-02   3.85991E-03  -8.16700E-03  -7.83550E-03   1.30088E-02
 3.79900E+02   9.54026E-03  -3.52744E-02  -4.42552E-03  -1.66396E-02  -1.37307E-02   1.29293E-02  -1.17114E-02   2.97518E-02  -8.42955E-04   2.03244E-02   9.85906E-03  -6.44325E-03   1.21177E-02  -2.67655E-02   4.37682E-03  -2.21315E-02  -7.96301E-03   5.89139E-03  -1.69248E-02   3.83631E-02  -2.58979E-03   2.36338E-02   1.34393E-02  -1.77335E-02   8.12680E-03  -1.85348E-02  -1.13001E-03  -4.74411E-03  -7.95413E-03   1.15925E-02  -7.95580E-03   1.71982E-02  -1.70199E-03   7.69740E-03   5.61525E-03  -8.23525E-03   8.07093E-03  -1.61709E-02   3.23443E-03  -7.94787E-03  -6.64691E-03   1.25719E-02
 3.82700E+02   8.40907E-03  -3.42968E-02  -4.19533E-03  -1.69477E-02  -1.23244E-02   1.17423E-02  -1.02250E-02   2.87011E-02  -4.51726E-04   2.02020E-02   8.83693E-03  -5.64012E-03   1.05128E-02  -2.57496E-02   3.56500E-03  -2.17378E-02  -7.06714E-03   5.28253E-03  -1.45161E-02   3.70176E-02  -1.86742E-03   2.33785E-02   1.16831E-02  -1.67530E-02   6.88081E-03  -1.79293E-02  -1.11931E-03  -4.80864E-03  -6.84805E-03   1.10340E-02  -6.70161E-03   1.66351E-02  -1.33024E-03   7.57153E-03   4.81287E-03  -7.85197E-03   6.79933E-03  -1.56170E-02   2.68485E-03  -7.72467E-03  -5.61182E-03   1.21205E-02
 3.85400E+02   7.49213E-03  -3.33859E-02  -4.03181E-03  -1.72497E-02  -1.12058E-02   1.06240E-02  -9.01702E-03   2.77268E-02  -1.10103E-04   2.01052E-02   8.02914E-03  -4.88004E-03   9.20818E-03  -2.48089E-02   2.88411E-03  -2.13879E-02  -6.35760E-03   4.70608E-03  -1.25515E-02   3.57769E-02  -1.24239E-03   2.31678E-02   1.02738E-02  -1.58332E-02   5.86038E-03  -1.73738E-02  -1.12737E-03  -4.87951E-03  -5.95629E-03   1.05120E-02  -5.67455E-03   1.61186E-02  -1.01560E-03   7.46304E-03   4.16507E-03  -7.49393E-03   5.75998E-03  -1.51074E-02   2.23168E-03  -7.52198E-03  -4.76748E-03   1.17040E-02
 3.88200E+02   6.68824E-03  -3.24832E-02  -3.91328E-03  -1.75655E-02  -1.02480E-02   9.50391E-03  -7.95440E-03   2.67689E-02   2.15909E-04   2.00290E-02   7.34298E-03  -4.11610E-03   8.05990E-03  -2.38870E-02   2.26219E-03  -2.10619E-02  -5.75292E-03   4.12800E-03  -1.08143E-02   3.45699E-02  -6.51385E-04   2.29907E-02   9.05200E-03  -1.49229E-02   4.95320E-03  -1.68382E-02  -1.15250E-03  -4.96098E-03  -5.17833E-03   9.99851E-03  -4.76122E-03   1.56218E-02  -7.24870E-04   7.36685E-03   3.59885E-03  -7.14259E-03   4.83762E-03  -1.46165E-02   1.82526E-03  -7.32982E-03  -4.01997E-03   1.13015E-02
 3.91000E+02   6.00692E-03  -3.16270E-02  -3.83912E-03  -1.78828E-02  -9.46038E-03   8.42919E-03  -7.04966E-03   2.58698E-02   5.20491E-04   1.99788E-02   6.78449E-03  -3.38102E-03   7.08116E-03  -2.30261E-02   1.70814E-03  -2.07760E-02  -5.25831E-03   3.57393E-03  -9.32455E-03   3.34538E-02  -1.04199E-04   2.28578E-02   8.02931E-03  -1.40651E-02   4.16967E-03  -1.63494E-02  -1.19301E-03  -5.05018E-03  -4.52177E-03   9.51878E-03  -3.97178E-03   1.51704E-02  -4.62056E-04   7.28881E-03   3.11968E-03  -6.81554E-03   4.04219E-03  -1.41698E-02   1.47027E-03  -7.15859E-03  -3.37715E-03   1.09341E-02
 3.93800E+02   5.42624E-03  -3.08179E-02  -3.80347E-03  -1.82017E-02  -8.81420E-03   7.40074E-03  -6.27398E-03   2.50305E-02   8.09874E-04   1.99550E-02   6.33239E-03  -2.67560E-03   6.24058E-03  -2.22277E-02   1.20725E-03  -2.05314E-02  -4.85503E-03   3.04491E-03  -8.03513E-03   3.24316E-02   4.11341E-04   2.27703E-02   7.16970E-03  -1.32624E-02   3.48524E-03  -1.59092E-02  -1.24781E-03  -5.14706E-03  -3.96390E-03   9.07468E-03  -3.28125E-03   1.47666E-02  -2.20254E-04   7.22961E-03   2.71106E-03  -6.51429E-03   3.34812E-03  -1.37698E-02   1.15583E-03  -7.00936E-03  -2.81810E-03   1.06037E-02
 3.96700E+02   4.91234E-03  -3.00282E-02  -3.80246E-03  -1.85343E-02  -8.27007E-03   6.38243E-03  -5.58213E-03   2.42230E-02   1.09921E-03   1.99583E-02   5.95857E-03  -1.97501E-03   5.48890E-03  -2.14655E-02   7.31675E-04  -2.03214E-02  -4.51795E-03   2.52262E-03  -6.87051E-03   3.14708E-02   9.22932E-04   2.27275E-02   6.42088E-03  -1.24885E-02   2.85976E-03  -1.55045E-02  -1.31898E-03  -5.25572E-03  -3.47092E-03   8.65212E-03  -2.64887E-03   1.43988E-02   1.41696E-05   7.18835E-03   2.34819E-03  -6.22944E-03   2.71416E-03  -1.34049E-02   8.63524E-04  -6.87812E-03  -2.30945E-03   1.03007E-02
 3.99500E+02   4.48641E-03  -2.93102E-02  -3.83294E-03  -1.88588E-02  -7.84741E-03   5.44116E-03  -5.00296E-03   2.35003E-02   1.37329E-03   1.99885E-02   5.67549E-03  -1.32517E-03   4.85735E-03  -2.07895E-02   3.03931E-04  -2.01596E-02  -4.25854E-03   2.04128E-03  -5.87971E-03   3.06343E-02   1.40450E-03   2.27324E-02   5.81123E-03  -1.17940E-02   2.31988E-03  -1.51617E-02  -1.40144E-03  -5.36906E-03  -3.06203E-03   8.27887E-03  -2.10140E-03   1.40910E-02   2.30071E-04   7.16780E-03   2.04529E-03  -5.97975E-03   2.16682E-03  -1.30993E-02   6.06043E-04  -6.77358E-03  -1.87224E-03   1.00452E-02
 4.02400E+02   4.10612E-03  -2.86095E-02  -3.89478E-03  -1.91997E-02  -7.50127E-03   4.50540E-03  -4.47924E-03   2.28071E-02   1.65612E-03   2.00476E-02   5.45220E-03  -6.76572E-04   4.28346E-03  -2.01478E-02  -1.15609E-04  -2.00335E-02  -4.04872E-03   1.56406E-03  -4.96544E-03   2.98576E-02   1.89903E-03   2.27849E-02   5.27797E-03  -1.11257E-02   1.81289E-03  -1.48544E-02  -1.50132E-03  -5.49570E-03  -2.69564E-03   7.92618E-03  -1.58526E-03   1.38196E-02   4.47442E-04   7.16628E-03   1.77163E-03  -5.74600E-03   1.65225E-03  -1.28292E-02   3.58498E-04  -6.68763E-03  -1.46323E-03   9.81728E-03
 4.05300E+02   3.77809E-03  -2.79493E-02  -3.98606E-03  -1.95472E-02  -7.23685E-03   3.60475E-03  -4.02004E-03   2.21665E-02   1.94203E-03   2.01350E-02   5.29175E-03  -4.93839E-05   3.77696E-03  -1.95617E-02  -5.19207E-04  -1.99483E-02  -3.89136E-03   1.10578E-03  -4.14302E-03   2.91671E-02   2.39729E-03   2.28854E-02   4.82911E-03  -1.05049E-02   1.34706E-03  -1.45934E-02  -1.61659E-03  -5.63237E-03  -2.37726E-03   7.60560E-03  -1.10863E-03   1.35943E-02   6.62618E-04   7.18466E-03   1.53128E-03  -5.53591E-03   1.17841E-03  -1.26043E-02   1.24811E-04  -6.62364E-03  -1.08869E-03   9.62511E-03
 4.08300E+02   3.48545E-03  -2.73055E-02  -4.11087E-03  -1.99152E-02  -7.03993E-03   2.70485E-03  -3.60165E-03   2.15548E-02   2.24533E-03   2.02552E-02   5.18531E-03   5.80688E-04   3.31145E-03  -1.90096E-02  -9.27508E-04  -1.99022E-02  -3.77780E-03   6.48598E-04  -3.36934E-03   2.85377E-02   2.92488E-03   2.30398E-02   4.44049E-03  -9.90785E-03   8.97672E-04  -1.43697E-02  -1.75315E-03  -5.78502E-03  -2.08968E-03   7.30509E-03  -6.45939E-04   1.34074E-02   8.87042E-04   7.22438E-03   1.31117E-03  -5.34166E-03   7.19710E-04  -1.24171E-02  -1.07599E-04  -6.57975E-03  -7.28340E-04   9.46202E-03
 4.11200E+02   3.24133E-03  -2.67177E-02  -4.26112E-03  -2.02810E-02  -6.91706E-03   1.86084E-03  -3.24311E-03   2.10089E-02   2.54988E-03   2.04001E-02   5.13551E-03   1.17524E-03   2.90814E-03  -1.85244E-02  -1.31995E-03  -1.98971E-02  -3.71146E-03   2.20110E-04  -2.68017E-03   2.80064E-02   3.45450E-03   2.32378E-02   4.12809E-03  -9.37001E-03   4.85673E-04  -1.41960E-02  -1.90341E-03  -5.94422E-03  -1.84521E-03   7.04221E-03  -2.18640E-04   1.32693E-02   1.10959E-03   7.28265E-03   1.12080E-03  -5.17452E-03   2.97202E-04  -1.22778E-02  -3.27777E-04  -6.55817E-03  -3.98567E-04   9.33711E-03
 4.14200E+02   3.02359E-03  -2.61422E-02  -4.44821E-03  -2.06713E-02  -6.85504E-03   1.00969E-03  -2.91219E-03   2.04875E-02   2.88105E-03   2.05801E-02   5.13592E-03   1.77887E-03   2.53070E-03  -1.80688E-02  -1.73018E-03  -1.99318E-02  -3.68487E-03  -2.12113E-04  -2.01389E-03   2.75313E-02   4.03109E-03   2.34932E-02   3.86235E-03  -8.84983E-03   7.43271E-05  -1.40581E-02  -2.07980E-03  -6.12172E-03  -1.62118E-03   6.79642E-03   2.11520E-04   1.31685E-02   1.34959E-03   7.36338E-03   9.42570E-04  -5.02132E-03  -1.27132E-04  -1.21749E-02  -5.55301E-04  -6.55674E-03  -6.95805E-05   9.24009E-03
 4.17200E+02   2.83696E-03  -2.55969E-02  -4.66932E-03  -2.10757E-02  -6.85632E-03   1.76255E-04  -2.61565E-03   2.00064E-02   3.23332E-03   2.07908E-02   5.18766E-03   2.37433E-03   2.18652E-03  -1.76567E-02  -2.15127E-03  -2.00065E-02  -3.69937E-03  -6.35854E-04  -1.38264E-03   2.71275E-02   4.64593E-03   2.38002E-02   3.64883E-03  -8.36232E-03  -3.29615E-04  -1.39608E-02  -2.28009E-03  -6.31304E-03  -1.42166E-03   6.57493E-03   6.37841E-04   1.31088E-02   1.60375E-03   7.46486E-03   7.79536E-04  -4.88660E-03  -5.46810E-04  -1.21120E-02  -7.86863E-04  -6.57596E-03   2.53575E-04   9.17428E-03
 4.20200E+02   2.67807E-03  -2.50789E-02  -4.92716E-03  -2.14956E-02  -6.91976E-03  -6.43774E-04  -2.34825E-03   1.95625E-02   3.61187E-03   2.10326E-02   5.29064E-03   2.96485E-03   1.86944E-03  -1.72850E-02  -2.58994E-03  -2.01203E-02  -3.75447E-03  -1.05366E-03  -7.75198E-04   2.67908E-02   5.30898E-03   2.41593E-02   3.48293E-03  -7.90367E-03  -7.33507E-04  -1.39023E-02  -2.50757E-03  -6.51891E-03  -1.24258E-03   6.37567E-03   1.06829E-03   1.30884E-02   1.87660E-03   7.58706E-03   6.28385E-04  -4.76896E-03  -9.69845E-04  -1.20875E-02  -1.02679E-03  -6.61528E-03   5.77140E-04   9.13826E-03
 4.23200E+02   2.54437E-03  -2.45858E-02  -5.22533E-03  -2.19325E-02  -7.04586E-03  -1.45430E-03  -2.10564E-03   1.91529E-02   4.02247E-03   2.13057E-02   5.44614E-03   3.55334E-03   1.57416E-03  -1.69507E-02  -3.05321E-03  -2.02729E-02  -3.85082E-03  -1.46783E-03  -1.81253E-04   2.65173E-02   6.03134E-03   2.45706E-02   3.36156E-03  -7.47048E-03  -1.14454E-03  -1.38809E-02  -2.76621E-03  -6.73996E-03  -1.08059E-03   6.19677E-03   1.51079E-03   1.31059E-02   2.17310E-03   7.72992E-03   4.86225E-04  -4.66713E-03  -1.40417E-03  -1.20999E-02  -1.27956E-03  -6.67419E-03   9.07228E-04   9.13073E-03
 4.26300E+02   2.43067E-03  -2.41000E-02  -5.58070E-03  -2.24033E-02  -7.24431E-03  -2.28547E-03  -1.87713E-03   1.87627E-02   4.48738E-03   2.16209E-02   5.66488E-03   4.16195E-03   1.28703E-03  -1.66416E-02  -3.56588E-03  -2.04705E-02  -3.99557E-03  -1.89406E-03   4.28698E-04   2.62975E-02   6.85350E-03   2.50505E-02   3.28099E-03  -7.04642E-03  -1.58452E-03  -1.38964E-02  -3.07132E-03  -6.98478E-03  -9.28150E-04   6.03152E-03   1.98936E-03   1.31621E-02   2.51028E-03   7.89905E-03   3.46025E-04  -4.57728E-03  -1.87350E-03  -1.21498E-02  -1.55933E-03  -6.75505E-03   1.26178E-03   9.15156E-03
 4.29400E+02   2.34045E-03  -2.36361E-02  -5.99042E-03  -2.28946E-02  -7.51624E-03  -3.11324E-03  -1.66784E-03   1.84036E-02   5.00181E-03   2.19695E-02   5.94717E-03   4.77328E-03   1.01368E-03  -1.63670E-02  -4.12228E-03  -2.07077E-02  -4.18950E-03  -2.32022E-03   1.04529E-03   2.61380E-02   7.76854E-03   2.55856E-02   3.24540E-03  -6.64361E-03  -2.04837E-03  -1.39481E-02  -3.42127E-03  -7.24640E-03  -7.88291E-04   5.88459E-03   2.49908E-03   1.32555E-02   2.88576E-03   8.08955E-03   2.10029E-04  -4.50192E-03  -2.37316E-03  -1.22356E-02  -1.86375E-03  -6.85546E-03   1.63717E-03   9.19999E-03
 4.32500E+02   2.27297E-03  -2.31924E-02  -6.46238E-03  -2.34068E-02  -7.86795E-03  -3.93986E-03  -1.47491E-03   1.80732E-02   5.57550E-03   2.23510E-02   6.29940E-03   5.38879E-03   7.49933E-04  -1.61244E-02  -4.73300E-03  -2.09832E-02  -4.43728E-03  -2.74741E-03   1.67932E-03   2.60351E-02   8.79528E-03   2.61740E-02   3.25550E-03  -6.25990E-03  -2.54526E-03  -1.40341E-02  -3.82386E-03  -7.52438E-03  -6.58752E-04   5.75454E-03   3.05049E-03   1.33838E-02   3.30779E-03   8.30048E-03   7.57337E-05  -4.43995E-03  -2.91363E-03  -1.23552E-02  -2.19939E-03  -6.97436E-03   2.04127E-03   9.27433E-03
 4.35600E+02   2.22805E-03  -2.27671E-02  -7.00621E-03  -2.39394E-02  -8.30796E-03  -4.76637E-03  -1.29593E-03   1.77695E-02   6.21989E-03   2.27636E-02   6.72996E-03   6.00887E-03   4.91832E-04  -1.59115E-02  -5.41027E-03  -2.12949E-02  -4.74513E-03  -3.17592E-03   2.34218E-03   2.59851E-02   9.95591E-03   2.68125E-02   3.31336E-03  -5.89391E-03  -3.08540E-03  -1.41518E-02  -4.28846E-03  -7.81743E-03  -5.37573E-04   5.64009E-03   3.65543E-03   1.35443E-02   3.78604E-03   8.53009E-03  -5.93275E-05  -4.39030E-03  -3.50672E-03  -1.25057E-02  -2.57381E-03  -7.11014E-03   2.48286E-03   9.37235E-03
 4.38700E+02   2.20616E-03  -2.23593E-02  -7.63364E-03  -2.44906E-02  -8.84731E-03  -5.59221E-03  -1.12880E-03   1.74907E-02   6.94852E-03   2.32046E-02   7.24950E-03   6.63245E-03   2.35542E-04  -1.57263E-02  -6.16827E-03  -2.16391E-02  -5.12108E-03  -3.60486E-03   3.04615E-03   2.59834E-02   1.12767E-02   2.74946E-02   3.42248E-03  -5.54519E-03  -3.68035E-03  -1.42978E-02  -4.82641E-03  -8.12294E-03  -4.23020E-04   5.54009E-03   4.32744E-03   1.37329E-02   4.33197E-03   8.77542E-03  -1.97667E-04  -4.35185E-03  -4.16588E-03  -1.26831E-02  -2.99578E-03  -7.26034E-03   2.97192E-03   9.49098E-03
 4.41900E+02   2.20880E-03  -2.19560E-02  -8.38396E-03  -2.50750E-02  -9.52294E-03  -6.44092E-03  -9.66793E-04   1.72273E-02   7.80600E-03   2.36842E-02   7.89316E-03   7.27639E-03  -3.11945E-05  -1.55617E-02  -7.05306E-03  -2.20228E-02  -5.59120E-03  -4.04537E-03   3.83039E-03   2.60266E-02   1.28412E-02   2.82335E-02   3.59421E-03  -5.20421E-03  -4.36607E-03  -1.44728E-02  -5.47303E-03  -8.44652E-03  -3.10075E-04   5.45096E-03   5.10805E-03   1.39508E-02   4.98086E-03   9.04006E-03  -3.46701E-04  -4.32258E-03  -4.93209E-03  -1.28881E-02  -3.49215E-03  -7.42647E-03   3.53874E-03   9.63036E-03
 4.45100E+02   2.23893E-03  -2.15705E-02  -9.25693E-03  -2.56675E-02  -1.03378E-02  -7.27892E-03  -8.13744E-04   1.69869E-02   8.79106E-03   2.41799E-02   8.66341E-03   7.91366E-03  -3.04455E-04  -1.54215E-02  -8.06300E-03  -2.24256E-02  -6.15798E-03  -4.47809E-03   4.68970E-03   2.61072E-02   1.46498E-02   2.89896E-02   3.83320E-03  -4.88536E-03  -5.14117E-03  -1.46645E-02  -6.23001E-03  -8.77029E-03  -2.00965E-04   5.37513E-03   5.99674E-03   1.41827E-02   5.73388E-03   9.30796E-03  -5.05147E-04  -4.30224E-03  -5.80508E-03  -1.31057E-02  -4.06335E-03  -7.59752E-03   4.18298E-03   9.77981E-03
 4.48300E+02   2.29909E-03  -2.12038E-02  -1.02744E-02  -2.62558E-02  -1.13144E-02  -8.09386E-03  -6.68112E-04   1.67684E-02   9.92793E-03   2.46772E-02   9.58139E-03   8.53218E-03  -5.88801E-04  -1.53027E-02  -9.22291E-03  -2.28328E-02  -6.83754E-03  -4.89356E-03   5.64296E-03   2.62134E-02   1.67500E-02   2.97340E-02   4.14865E-03  -4.59426E-03  -6.02503E-03  -1.48607E-02  -7.11820E-03  -9.08118E-03  -9.42261E-05   5.31166E-03   7.01648E-03   1.44142E-02   6.61154E-03   9.56613E-03  -6.76388E-04  -4.28864E-03  -6.80769E-03  -1.33214E-02  -4.72473E-03  -7.76371E-03   4.92146E-03   9.92856E-03
 4.51500E+02   2.39246E-03  -2.08583E-02  -1.14614E-02  -2.68203E-02  -1.24786E-02  -8.86551E-03  -5.28516E-04   1.65704E-02   1.12442E-02   2.51545E-02   1.06715E-02   9.11255E-03  -8.89038E-04  -1.52014E-02  -1.05610E-02  -2.32217E-02  -7.64854E-03  -5.27663E-03   6.71111E-03   2.63288E-02   1.91955E-02   3.04224E-02   4.55150E-03  -4.34043E-03  -7.03946E-03  -1.50435E-02  -8.16150E-03  -9.35910E-03   1.15352E-05   5.25960E-03   8.19330E-03   1.46233E-02   7.63724E-03   9.79477E-03  -8.64090E-04  -4.27884E-03  -7.96577E-03  -1.35134E-02  -5.49371E-03  -7.91027E-03   5.77313E-03   1.00606E-02
 4.54800E+02   2.52747E-03  -2.05285E-02  -1.28920E-02  -2.73457E-02  -1.39060E-02  -9.58254E-03  -3.89557E-04   1.63865E-02   1.28215E-02   2.55905E-02   1.20045E-02   9.63938E-03  -1.22057E-03  -1.51100E-02  -1.21600E-02  -2.35678E-02  -8.64429E-03  -5.61297E-03   7.95680E-03   2.64315E-02   2.21412E-02   3.10034E-02   5.07148E-03  -4.13368E-03  -8.24739E-03  -1.51898E-02  -9.42745E-03  -9.57916E-03   1.20993E-04   5.21686E-03   9.60124E-03   1.47816E-02   8.87704E-03   9.96830E-03  -1.07900E-03  -4.26833E-03  -9.35250E-03  -1.36524E-02  -6.41946E-03  -8.01762E-03   6.79173E-03   1.01543E-02
 4.58100E+02   2.70589E-03  -2.02328E-02  -1.45624E-02  -2.77653E-02  -1.55951E-02  -1.01681E-02  -2.54423E-04   1.62223E-02   1.46548E-02   2.59166E-02   1.35788E-02   1.00447E-02  -1.57966E-03  -1.50245E-02  -1.40149E-02  -2.38038E-02  -9.82429E-03  -5.85181E-03   9.37318E-03   2.64800E-02   2.55809E-02   3.13473E-02   5.71100E-03  -4.00756E-03  -9.64516E-03  -1.52510E-02  -1.09147E-02  -9.68327E-03   2.32237E-04   5.18408E-03   1.12370E-02   1.48305E-02   1.03293E-02   1.00314E-02  -1.31971E-03  -4.25111E-03  -1.09649E-02  -1.36807E-02  -7.50046E-03  -8.04564E-03   7.97498E-03   1.01675E-02
 4.61400E+02   2.93106E-03  -1.99823E-02  -1.64972E-02  -2.80087E-02  -1.75718E-02  -1.05469E-02  -1.21931E-04   1.60768E-02   1.67713E-02   2.60559E-02   1.54187E-02   1.02576E-02  -1.97089E-03  -1.49348E-02  -1.61533E-02  -2.38515E-02  -1.12069E-02  -5.93787E-03   1.09806E-02   2.64199E-02   2.95672E-02   3.13005E-02   6.48079E-03  -3.99850E-03  -1.12539E-02  -1.51666E-02  -1.26463E-02  -9.60141E-03   3.46552E-04   5.15994E-03   1.31256E-02   1.46965E-02   1.20165E-02   9.91598E-03  -1.58972E-03  -4.21827E-03  -1.28277E-02  -1.35247E-02  -8.75346E-03  -7.94403E-03   9.34107E-03   1.00465E-02
 4.64700E+02   3.20371E-03  -1.97926E-02  -1.87056E-02  -2.79788E-02  -1.98449E-02  -1.06143E-02   9.03864E-06   1.59493E-02   1.91811E-02   2.59025E-02   1.75323E-02   1.01796E-02  -2.39670E-03  -1.48274E-02  -1.85853E-02  -2.36034E-02  -1.27982E-02  -5.79476E-03   1.27876E-02   2.61774E-02   3.41181E-02   3.06516E-02   7.38331E-03  -4.15696E-03  -1.30813E-02  -1.48534E-02  -1.46298E-02  -9.23726E-03   4.64997E-04   5.14281E-03   1.52757E-02   1.42788E-02   1.39460E-02   9.52837E-03  -1.89057E-03  -4.15773E-03  -1.49495E-02  -1.30838E-02  -1.01840E-02  -7.64381E-03   1.08962E-02   9.71748E-03
 4.68100E+02   3.52919E-03  -1.96823E-02  -2.12415E-02  -2.75294E-02  -2.24682E-02  -1.02152E-02   1.43529E-04   1.58359E-02   2.19431E-02   2.52939E-02   1.99693E-02   9.66081E-03  -2.86954E-03  -1.46803E-02  -2.13703E-02  -2.28915E-02  -1.46344E-02  -5.30325E-03   1.48405E-02   2.56361E-02   3.93406E-02   2.90651E-02   8.43618E-03  -4.56455E-03  -1.51709E-02  -1.41783E-02  -1.69099E-02  -8.43557E-03   5.92007E-04   5.13050E-03   1.77375E-02   1.34146E-02   1.61615E-02   8.71685E-03  -2.23012E-03  -4.05009E-03  -1.73792E-02  -1.21949E-02  -1.18245E-02  -7.03285E-03   1.26764E-02   9.06083E-03
 4.71500E+02   3.88409E-03  -1.96843E-02  -2.39519E-02  -2.64979E-02  -2.52790E-02  -9.17080E-03   2.78707E-04   1.57403E-02   2.48912E-02   2.40569E-02   2.25774E-02   8.53761E-03  -3.36660E-03  -1.44749E-02  -2.43401E-02  -2.15430E-02  -1.65983E-02  -4.33877E-03   1.70219E-02   2.46803E-02   4.49090E-02   2.62062E-02   9.56452E-03  -5.30215E-03  -1.73944E-02  -1.30118E-02  -1.93401E-02  -7.04560E-03   7.23931E-04   5.12135E-03   2.03566E-02   1.19478E-02   1.85206E-02   7.33610E-03  -2.58936E-03  -3.87727E-03  -1.99632E-02  -1.07027E-02  -1.35702E-02  -6.00460E-03   1.45692E-02   7.96324E-03
 4.74900E+02   4.23681E-03  -1.98227E-02  -2.66530E-02  -2.47364E-02  -2.80774E-02  -7.32147E-03   4.15718E-04   1.56618E-02   2.78259E-02   2.20306E-02   2.51690E-02   6.66005E-03  -3.86518E-03  -1.41915E-02  -2.72925E-02  -1.93944E-02  -1.85439E-02  -2.78479E-03   1.91958E-02   2.31984E-02   5.04242E-02   2.17536E-02   1.06697E-02  -6.44711E-03  -1.95962E-02  -1.12279E-02  -2.17376E-02  -4.92095E-03   8.59454E-04   5.11330E-03   2.29435E-02   9.72558E-03   2.08460E-02   5.24399E-03  -2.94657E-03  -3.62121E-03  -2.25124E-02  -8.45482E-03  -1.52907E-02  -4.45442E-03   1.64362E-02   6.31312E-03
 4.78300E+02   4.53821E-03  -2.01098E-02  -2.90560E-02  -2.21705E-02  -3.05499E-02  -4.58711E-03   5.55719E-04   1.56002E-02   3.04341E-02   1.91341E-02   2.74503E-02   3.95270E-03  -4.32890E-03  -1.38200E-02  -2.99100E-02  -1.63634E-02  -2.02427E-02  -5.82522E-04   2.11476E-02   2.11339E-02   5.52608E-02   1.55449E-02   1.15985E-02  -8.03868E-03  -2.15322E-02  -8.76280E-03  -2.38166E-02  -1.98738E-03   9.95965E-04   5.10533E-03   2.52016E-02   6.67045E-03   2.28608E-02   2.36835E-03  -3.26743E-03  -3.27272E-03  -2.47305E-02  -5.37383E-03  -1.67823E-02  -2.32913E-03   1.80607E-02   4.05376E-03
 4.81700E+02   4.72827E-03  -2.05319E-02  -3.08073E-02  -1.88793E-02  -3.23132E-02  -1.05336E-03   6.99921E-04   1.55550E-02   3.23324E-02   1.54525E-02   2.90618E-02   4.95355E-04  -4.71302E-03  -1.33706E-02  -3.18040E-02  -1.25360E-02  -2.14151E-02   2.20653E-03   2.26148E-02   1.85452E-02   5.86533E-02   7.74817E-03   1.21634E-02  -1.00366E-02  -2.29033E-02  -5.68199E-03  -2.52274E-02   1.67917E-03   1.13010E-03   5.09846E-03   2.67675E-02   2.86138E-03   2.42257E-02  -1.21738E-03  -3.50988E-03  -2.84110E-03  -2.62548E-02  -1.53833E-03  -1.77956E-02   3.17322E-04   1.91772E-02   1.24264E-03
 4.85200E+02   4.75199E-03  -2.10578E-02  -3.16029E-02  -1.50291E-02  -3.30328E-02   3.09967E-03   8.54157E-04   1.55255E-02   3.31905E-02   1.11629E-02   2.96882E-02  -3.54811E-03  -4.98426E-03  -1.28649E-02  -3.26386E-02  -8.08821E-03  -2.18134E-02   5.45919E-03   2.33761E-02   1.55537E-02   5.99284E-02  -1.30270E-03   1.21906E-02  -1.23651E-02  -2.34480E-02  -2.11522E-03  -2.56575E-02   5.93124E-03   1.26292E-03   5.09648E-03   2.73198E-02  -1.54728E-03   2.46375E-02  -5.37127E-03  -3.63870E-03  -2.34525E-03  -2.67631E-02   2.89922E-03  -1.81078E-02   3.38078E-03   1.95502E-02  -2.00884E-03
 4.88700E+02   4.57690E-03  -2.15980E-02  -3.12373E-02  -1.11772E-02  -3.24892E-02   7.27016E-03   1.01592E-03   1.55133E-02   3.27856E-02   6.87280E-03   2.91242E-02  -7.61013E-03  -5.11332E-03  -1.23767E-02  -3.21884E-02  -3.63796E-03  -2.12790E-02   8.73283E-03   2.32756E-02   1.25797E-02   5.86483E-02  -1.03891E-02   1.15779E-02  -1.47278E-02  -2.29944E-02   1.46006E-03  -2.49093E-02   1.02117E-02   1.39029E-03   5.10587E-03   2.66512E-02  -5.97527E-03   2.39043E-02  -9.55238E-03  -3.62874E-03  -1.85311E-03  -2.60490E-02   7.35934E-03  -1.75776E-02   6.46308E-03   1.90285E-02  -5.27660E-03
 4.92300E+02   4.21156E-03  -2.20845E-02  -2.97904E-02  -7.71415E-03  -3.07620E-02   1.10366E-02   1.19222E-03   1.55188E-02   3.12037E-02   3.00224E-03   2.74418E-02  -1.13009E-02  -5.11854E-03  -1.19583E-02  -3.05385E-02   3.92594E-04  -1.98631E-02   1.17296E-02   2.23808E-02   9.91322E-03   5.49608E-02  -1.86961E-02   1.03464E-02  -1.69347E-02  -2.16022E-02   4.72568E-03  -2.30416E-02   1.41552E-02   1.51955E-03   5.13407E-03   2.48284E-02  -1.00406E-02   2.20827E-02  -1.34075E-02  -3.49113E-03  -1.41075E-03  -2.41765E-02   1.14627E-02  -1.62471E-02   9.30457E-03   1.76591E-02  -8.28329E-03
 4.95800E+02   3.73288E-03  -2.24371E-02  -2.76893E-02  -5.15004E-03  -2.83205E-02   1.38462E-02   1.37560E-03   1.55417E-02   2.89090E-02   1.10648E-04   2.50828E-02  -1.40940E-02  -5.04775E-03  -1.16745E-02  -2.81610E-02   3.43097E-03  -1.79124E-02   1.40343E-02   2.10038E-02   7.93989E-03   4.98092E-02  -2.50801E-02   8.73714E-03  -1.86990E-02  -1.96383E-02   7.23348E-03  -2.04910E-02   1.72327E-02   1.65043E-03   5.18377E-03   2.23012E-02  -1.31945E-02   1.95965E-02  -1.64221E-02  -3.27575E-03  -1.08080E-03  -2.15964E-02   1.46597E-02  -1.44275E-02   1.15265E-02   1.57715E-02  -1.06264E-02
 4.99400E+02   3.18106E-03  -2.26607E-02  -2.52282E-02  -3.42790E-03  -2.54704E-02   1.57624E-02   1.57933E-03   1.55830E-02   2.62191E-02  -1.87038E-03   2.23283E-02  -1.60584E-02  -4.95438E-03  -1.15206E-02  -2.53738E-02   5.55297E-03  -1.56356E-02   1.57086E-02   1.93790E-02   6.61345E-03   4.37802E-02  -2.97147E-02   6.86396E-03  -2.00758E-02  -1.73360E-02   9.05222E-03  -1.75086E-02   1.95336E-02   1.79867E-03   5.25900E-03   1.93409E-02  -1.55271E-02   1.66877E-02  -1.86846E-02  -3.02071E-03  -8.54995E-04  -1.85744E-02   1.70431E-02  -1.22976E-02   1.31942E-02   1.35604E-02  -1.23743E-02
 5.03000E+02   2.62357E-03  -2.27588E-02  -2.28011E-02  -2.53903E-03  -2.26400E-02   1.67937E-02   1.80161E-03   1.56421E-02   2.35617E-02  -2.94740E-03   1.95795E-02  -1.71978E-02  -4.88827E-03  -1.14941E-02  -2.26106E-02   6.76237E-03  -1.33441E-02   1.67517E-02   1.78001E-02   5.92863E-03   3.77266E-02  -3.25961E-02   4.93454E-03  -2.10579E-02  -1.50282E-02   1.01801E-02  -1.44830E-02   2.10514E-02   1.96856E-03   5.35733E-03   1.63515E-02  -1.70332E-02   1.37333E-02  -2.01880E-02  -2.77311E-03  -7.32805E-04  -1.55136E-02   1.86064E-02  -1.01345E-02   1.43024E-02   1.13205E-02  -1.35220E-02
 5.06600E+02   2.09351E-03  -2.27612E-02  -2.06202E-02  -2.30340E-03  -2.00550E-02   1.71344E-02   2.04622E-03   1.57186E-02   2.11665E-02  -3.31593E-03   1.70462E-02  -1.76943E-02  -4.88172E-03  -1.15708E-02  -2.01026E-02   7.25738E-03  -1.11971E-02   1.73046E-02   1.64303E-02   5.74990E-03   3.20891E-02  -3.41122E-02   3.04571E-03  -2.17382E-02  -1.28883E-02   1.07693E-02  -1.16091E-02   2.19624E-02   2.16693E-03   5.47607E-03   1.35393E-02  -1.78968E-02   1.09214E-02  -2.11033E-02  -2.55932E-03  -6.92380E-04  -1.26179E-02   1.95329E-02  -8.07682E-03   1.49769E-02   9.20106E-03  -1.42037E-02
 5.10300E+02   1.59189E-03  -2.26963E-02  -1.87397E-02  -2.54588E-03  -1.77630E-02   1.69764E-02   2.32552E-03   1.58143E-02   1.90907E-02  -3.16928E-03   1.47664E-02  -1.77326E-02  -4.95635E-03  -1.17306E-02  -1.79034E-02   7.23731E-03  -9.21406E-03   1.75152E-02   1.53241E-02   5.94561E-03   2.69335E-02  -3.46689E-02   1.18440E-03  -2.22228E-02  -1.09454E-02   1.09783E-02  -8.89941E-03   2.24570E-02   2.40693E-03   5.61604E-03   1.09271E-02  -1.83141E-02   8.26264E-03  -2.16159E-02  -2.38845E-03  -7.12181E-04  -9.90491E-03   2.00201E-02  -6.13288E-03   1.53543E-02   7.21480E-03  -1.45638E-02
 5.14000E+02   1.13536E-03  -2.25899E-02  -1.72541E-02  -3.11264E-03  -1.58670E-02   1.64827E-02   2.63868E-03   1.59261E-02   1.74369E-02  -2.67126E-03   1.28365E-02  -1.74601E-02  -5.12406E-03  -1.19490E-02  -1.61169E-02   6.86456E-03  -7.46931E-03   1.74921E-02   1.45522E-02   6.39903E-03   2.24626E-02  -3.45659E-02  -6.01136E-04  -2.25725E-02  -9.27869E-03   1.09249E-02  -6.44543E-03   2.26638E-02   2.69009E-03   5.77060E-03   8.61032E-03  -1.84224E-02   5.84544E-03  -2.18495E-02  -2.27190E-03  -7.73681E-04  -7.46939E-03   2.02026E-02  -4.36761E-03   1.55254E-02   5.43105E-03  -1.47009E-02
 5.17700E+02   7.17876E-04  -2.24617E-02  -1.61525E-02  -3.87795E-03  -1.43491E-02   1.57873E-02   2.99237E-03   1.60517E-02   1.61923E-02  -1.95826E-03   1.12361E-02  -1.70014E-02  -5.39159E-03  -1.22070E-02  -1.47277E-02   6.27667E-03  -5.94088E-03   1.73301E-02   1.41145E-02   7.01307E-03   1.86227E-02  -3.40659E-02  -2.34107E-03  -2.28452E-02  -7.86891E-03   1.07127E-02  -4.21221E-03   2.26990E-02   3.02370E-03   5.93570E-03   6.55827E-03  -1.83449E-02   3.63476E-03  -2.19165E-02  -2.20989E-03  -8.61148E-04  -5.27754E-03   2.02019E-02  -2.75547E-03   1.55732E-02   3.82499E-03  -1.47039E-02
 5.21400E+02   3.30198E-04  -2.23244E-02  -1.54090E-02  -4.75262E-03  -1.31744E-02   1.49836E-02   3.39447E-03   1.61877E-02   1.53279E-02  -1.12677E-03   9.92812E-03  -1.64423E-02  -5.76523E-03  -1.24885E-02  -1.37034E-02   5.57031E-03  -4.59275E-03   1.70927E-02   1.40015E-02   7.71645E-03   1.53229E-02  -3.33467E-02  -4.07784E-03  -2.30747E-02  -6.68258E-03   1.04121E-02  -2.14576E-03   2.26381E-02   3.41624E-03   6.10627E-03   4.72153E-03  -1.81631E-02   1.57689E-03  -2.18894E-02  -2.20115E-03  -9.62950E-04  -3.27622E-03   2.00980E-02  -1.25724E-03   1.55510E-02   2.35764E-03  -1.46311E-02
 5.25200E+02  -4.76558E-05  -2.21815E-02  -1.49905E-02  -5.69830E-03  -1.22864E-02   1.41124E-02   3.86747E-03   1.63324E-02   1.48045E-02  -2.21056E-04   8.84736E-03  -1.58232E-02  -6.26766E-03  -1.27864E-02  -1.29957E-02   4.79207E-03  -3.35450E-03   1.68116E-02   1.42143E-02   8.47481E-03   1.23920E-02  -3.24986E-02  -5.90850E-03  -2.32794E-02  -5.65870E-03   1.00593E-02  -1.34285E-04   2.25205E-02   3.89120E-03   6.27986E-03   3.00221E-03  -1.79196E-02  -4.40077E-04  -2.18063E-02  -2.24653E-03  -1.07300E-03  -1.35753E-03   1.99326E-02   2.08602E-04   1.54871E-02   9.49835E-04  -1.45131E-02
 5.29000E+02  -4.15781E-04  -2.20397E-02  -1.48994E-02  -6.64054E-03  -1.16866E-02   1.32424E-02   4.41264E-03   1.64734E-02   1.46246E-02   6.82270E-04   7.99405E-03  -1.51986E-02  -6.90135E-03  -1.30756E-02  -1.26064E-02   4.01270E-03  -2.22405E-03   1.65154E-02   1.47576E-02   9.21990E-03   9.82529E-03  -3.16109E-02  -7.84043E-03  -2.34465E-02  -4.79584E-03   9.69242E-03   1.82856E-03   2.23653E-02   4.45136E-03   6.44109E-03   1.39567E-03  -1.76453E-02  -2.42297E-03  -2.16832E-02  -2.34690E-03  -1.18025E-03   4.84560E-04   1.97299E-02   1.64709E-03   1.53934E-02  -4.02903E-04  -1.43674E-02
 5.32800E+02  -7.84485E-04  -2.18981E-02  -1.51209E-02  -7.53419E-03  -1.13480E-02   1.24104E-02   5.04251E-03   1.65974E-02   1.47705E-02   1.53584E-03   7.33569E-03  -1.45956E-02  -7.67979E-03  -1.33337E-02  -1.25129E-02   3.27518E-03  -1.16451E-03   1.62126E-02   1.56357E-02   9.90108E-03   7.53384E-03  -3.07203E-02  -9.92789E-03  -2.35496E-02  -4.06254E-03   9.32925E-03   3.80343E-03   2.21672E-02   5.11064E-03   6.57403E-03  -1.50422E-04  -1.73466E-02  -4.43284E-03  -2.15126E-02  -2.50340E-03  -1.27603E-03   2.30841E-03   1.94895E-02   3.10269E-03   1.52651E-02  -1.74343E-03  -1.41937E-02
 5.36600E+02  -1.16309E-03  -2.17523E-02  -1.56474E-02  -8.33237E-03  -1.12505E-02   1.16495E-02   5.76986E-03   1.66846E-02   1.52320E-02   2.29129E-03   6.84628E-03  -1.40340E-02  -8.61767E-03  -1.35301E-02  -1.26997E-02   2.62104E-03  -1.43791E-04   1.59002E-02   1.68582E-02   1.04586E-02   5.44208E-03  -2.98376E-02  -1.22225E-02  -2.35387E-02  -3.43267E-03   8.97942E-03   5.84525E-03   2.18989E-02   5.88331E-03   6.65550E-03  -1.68221E-03  -1.70123E-02  -6.52517E-03  -2.12644E-02  -2.71802E-03  -1.34996E-03   4.16634E-03   1.91904E-02   4.61581E-03   1.50805E-02  -3.11020E-03  -1.39761E-02
 5.40500E+02  -1.57008E-03  -2.15894E-02  -1.64991E-02  -8.99341E-03  -1.13847E-02   1.09793E-02   6.62918E-03   1.67061E-02   1.60261E-02   2.90458E-03   6.49775E-03  -1.35185E-02  -9.75935E-03  -1.36231E-02  -1.31707E-02   2.08581E-03   8.91072E-04   1.55554E-02   1.84809E-02   1.08210E-02   3.43821E-03  -2.89301E-02  -1.48383E-02  -2.33279E-02  -2.87149E-03   8.63844E-03   8.05823E-03   2.14975E-02   6.80698E-03   6.65078E-03  -3.27935E-03  -1.66031E-02  -8.80668E-03  -2.08719E-02  -3.00065E-03  -1.38894E-03   6.15401E-03   1.87782E-02   6.26375E-03   1.47915E-02  -4.57358E-03  -1.36746E-02
 5.44400E+02  -2.00115E-03  -2.14000E-02  -1.76547E-02  -9.41744E-03  -1.17387E-02   1.04666E-02   7.60828E-03   1.66168E-02   1.71315E-02   3.27595E-03   6.28553E-03  -1.30833E-02  -1.10876E-02  -1.35442E-02  -1.39090E-02   1.75110E-03   1.93313E-03   1.51608E-02   2.04741E-02   1.08612E-02   1.52941E-03  -2.79929E-02  -1.77444E-02  -2.27965E-02  -2.37870E-03   8.31600E-03   1.04213E-02   2.08866E-02   7.86883E-03   6.50745E-03  -4.92968E-03  -1.60785E-02  -1.12552E-02  -2.02528E-02  -3.34626E-03  -1.37135E-03   8.25392E-03   1.81901E-02   8.03060E-03   1.43391E-02  -6.12064E-03  -1.32425E-02
 5.48400E+02  -2.46851E-03  -2.11589E-02  -1.91226E-02  -9.50353E-03  -1.23020E-02   1.01632E-02   8.72834E-03   1.63523E-02   1.85538E-02   3.30196E-03   6.18813E-03  -1.27426E-02  -1.26288E-02  -1.31996E-02  -1.49120E-02   1.69869E-03   3.01758E-03   1.46669E-02   2.28677E-02   1.04188E-02  -3.60386E-04  -2.69542E-02  -2.10103E-02  -2.17532E-02  -1.92993E-03   8.00186E-03   1.30002E-02   1.99260E-02   9.09083E-03   6.14873E-03  -6.68467E-03  -1.53505E-02  -1.39375E-02  -1.92589E-02  -3.76005E-03  -1.26849E-03   1.05268E-02   1.73048E-02   9.96481E-03   1.36164E-02  -7.79602E-03  -1.25902E-02
 5.52300E+02  -2.94017E-03  -2.08563E-02  -2.07562E-02  -9.13085E-03  -1.29976E-02   1.01501E-02   9.89982E-03   1.58591E-02   2.01472E-02   2.86384E-03   6.18385E-03  -1.25371E-02  -1.42545E-02  -1.25089E-02  -1.60668E-02   2.02445E-03   4.07883E-03   1.40539E-02   2.54453E-02   9.34620E-03  -2.13808E-03  -2.58088E-02  -2.43832E-02  -2.00593E-02  -1.53809E-03   7.70727E-03   1.56111E-02   1.85285E-02   1.03722E-02   5.51470E-03  -8.42897E-03  -1.43730E-02  -1.66599E-02  -1.77963E-02  -4.20454E-03  -1.05571E-03   1.28142E-02   1.60505E-02   1.19268E-02   1.25559E-02  -9.48275E-03  -1.16645E-02
 5.56300E+02  -3.41810E-03  -2.04544E-02  -2.24974E-02  -8.16372E-03  -1.37742E-02   1.04925E-02   1.11090E-02   1.50449E-02   2.18496E-02   1.82167E-03   6.23334E-03  -1.24799E-02  -1.59383E-02  -1.13384E-02  -1.73156E-02   2.83813E-03   5.13152E-03   1.32449E-02   2.81412E-02   7.41759E-03  -3.85736E-03  -2.44389E-02  -2.78304E-02  -1.74352E-02  -1.17802E-03   7.41194E-03   1.82490E-02   1.64852E-02   1.16920E-02   4.49440E-03  -1.01725E-02  -1.30120E-02  -1.94137E-02  -1.56446E-02  -4.66804E-03  -6.92228E-04   1.51167E-02   1.42453E-02   1.39105E-02   1.09983E-02  -1.11808E-02  -1.03310E-02
 5.60300E+02  -3.85195E-03  -1.99460E-02  -2.40816E-02  -6.53524E-03  -1.44824E-02   1.12335E-02   1.22047E-02   1.38781E-02   2.33950E-02   1.09586E-04   6.28285E-03  -1.25910E-02  -1.74594E-02  -9.64116E-03  -1.84481E-02   4.19241E-03   6.07517E-03   1.22254E-02   3.05724E-02   4.54798E-03  -5.38945E-03  -2.28337E-02  -3.09222E-02  -1.37964E-02  -8.59912E-04   7.11963E-03   2.06095E-02   1.37405E-02   1.28752E-02   3.05210E-03  -1.17297E-02  -1.12364E-02  -2.18759E-02  -1.27442E-02  -5.08376E-03  -1.63715E-04   1.71736E-02   1.18430E-02   1.56832E-02   8.90117E-03  -1.26974E-02  -8.55532E-03
 5.64400E+02  -4.19882E-03  -1.93219E-02  -2.52466E-02  -4.22438E-03  -1.49644E-02   1.23799E-02   1.30470E-02   1.23402E-02   2.45174E-02  -2.29563E-03   6.26491E-03  -1.28686E-02  -1.86092E-02  -7.38998E-03  -1.92492E-02   6.10564E-03   6.82785E-03   1.09759E-02   3.23660E-02   6.92477E-04  -6.64573E-03  -2.09597E-02  -3.32595E-02  -9.08057E-03  -5.80692E-04   6.82295E-03   2.24180E-02   1.02454E-02   1.37554E-02   1.16345E-03  -1.29395E-02  -9.01338E-03  -2.37537E-02  -9.04348E-03  -5.38630E-03   5.38497E-04   1.87518E-02   8.79982E-03   1.70339E-02   6.22681E-03  -1.38602E-02  -6.30535E-03
 5.68400E+02  -4.39433E-03  -1.86495E-02  -2.56677E-02  -1.54750E-03  -1.50406E-02   1.37588E-02   1.34467E-02   1.06201E-02   2.48919E-02  -5.07167E-03   6.11889E-03  -1.32547E-02  -1.91132E-02  -4.86220E-03  -1.94633E-02   8.32148E-03   7.25996E-03   9.63094E-03   3.30504E-02  -3.66807E-03  -7.45407E-03  -1.89997E-02  -3.43070E-02  -3.84203E-03  -3.57749E-04   6.54172E-03   2.32920E-02   6.39870E-03   1.41161E-02  -9.46602E-04  -1.35666E-02  -6.58941E-03  -2.46423E-02  -4.96537E-03  -5.49376E-03   1.32914E-03   1.95234E-02   5.45948E-03   1.76711E-02   3.28038E-03  -1.44266E-02  -3.83513E-03
 5.72500E+02  -4.42414E-03  -1.79594E-02  -2.52254E-02   1.28033E-03  -1.46316E-02   1.52389E-02   1.33473E-02   8.82830E-03   2.43950E-02  -8.00617E-03   5.80351E-03  -1.36938E-02  -1.88837E-02  -2.21960E-03  -1.89872E-02   1.06717E-02   7.34672E-03   8.25120E-03   3.24591E-02  -8.24854E-03  -7.80196E-03  -1.70157E-02  -3.38999E-02   1.62157E-03  -1.80135E-04   6.27227E-03   2.31246E-02   2.40298E-03   1.38853E-02  -3.15474E-03  -1.35531E-02  -4.08247E-03  -2.44257E-02  -7.25037E-04  -5.37642E-03   2.16000E-03   1.93987E-02   1.99254E-03   1.75111E-02   2.16497E-04  -1.43301E-02  -1.27084E-03
 5.76700E+02  -4.29057E-03  -1.73238E-02  -2.39258E-02   3.87158E-03  -1.37392E-02   1.65996E-02   1.27539E-02   7.18438E-03   2.30322E-02  -1.07094E-02   5.31738E-03  -1.41049E-02  -1.79271E-02   2.16157E-04  -1.78240E-02   1.28473E-02   7.09350E-03   6.98123E-03   3.06016E-02  -1.24891E-02  -7.69941E-03  -1.51916E-02  -3.20517E-02   6.68502E-03  -4.51015E-05   6.02797E-03   2.19270E-02  -1.29951E-03   1.30677E-02  -5.20589E-03  -1.29069E-02  -1.76136E-03  -2.31153E-02   3.20838E-03  -5.03565E-03   2.93353E-03   1.83877E-02  -1.22258E-03   1.65620E-02  -2.62687E-03  -1.35780E-02   1.10770E-03
 5.80800E+02  -4.04720E-03  -1.68231E-02  -2.20767E-02   5.83018E-03  -1.25440E-02   1.76198E-02   1.18363E-02   5.91997E-03   2.11153E-02  -1.27782E-02   4.73196E-03  -1.44098E-02  -1.64959E-02   2.10404E-03  -1.62241E-02   1.45267E-02   6.60854E-03   5.98120E-03   2.79241E-02  -1.57949E-02  -7.27781E-03  -1.37387E-02  -2.92551E-02   1.06707E-02   5.27704E-05   5.82845E-03   2.00448E-02  -4.22455E-03   1.18666E-02  -6.82385E-03  -1.18358E-02   7.69244E-05  -2.10793E-02   6.32078E-03  -4.55006E-03   3.54441E-03   1.67861E-02  -3.76952E-03   1.50893E-02  -4.87888E-03  -1.23892E-02   2.99255E-03
 5.85000E+02  -3.74206E-03  -1.64503E-02  -1.99026E-02   7.15432E-03  -1.11652E-02   1.82928E-02   1.07302E-02   5.02752E-03   1.88674E-02  -1.42157E-02   4.08186E-03  -1.46017E-02  -1.47839E-02   3.45676E-03  -1.43594E-02   1.57140E-02   5.98957E-03   5.23667E-03   2.47533E-02  -1.81883E-02  -6.67459E-03  -1.26281E-02  -2.58891E-02   1.36201E-02   1.32073E-04   5.66603E-03   1.77528E-02  -6.40765E-03   1.04326E-02  -8.02493E-03  -1.05118E-02   1.45754E-03  -1.86069E-02   8.65023E-03  -3.97566E-03   3.99836E-03   1.48299E-02  -5.68115E-03   1.33012E-02  -6.56747E-03  -1.09380E-02   4.40804E-03
 5.89300E+02  -3.42429E-03  -1.62044E-02  -1.76627E-02   7.85200E-03  -9.74901E-03   1.86239E-02   9.58345E-03   4.50272E-03   1.65483E-02  -1.50305E-02   3.41931E-03  -1.46831E-02  -1.30072E-02   4.28134E-03  -1.24352E-02   1.64166E-02   5.33544E-03   4.74454E-03   2.14636E-02  -1.96829E-02  -6.01755E-03  -1.18559E-02  -2.23738E-02   1.55489E-02   2.03613E-04   5.54053E-03   1.53495E-02  -7.85995E-03   8.93662E-03  -8.81576E-03  -9.11712E-03   2.38724E-03  -1.60140E-02   1.02088E-02  -3.37745E-03   4.29800E-03   1.27746E-02  -6.96724E-03   1.14252E-02  -7.70147E-03  -9.41311E-03   5.36146E-03
 5.93500E+02  -3.14224E-03  -1.60714E-02  -1.56354E-02   8.02456E-03  -8.45923E-03   1.86732E-02   8.54982E-03   4.29339E-03   1.44409E-02  -1.53196E-02   2.80927E-03  -1.46772E-02  -1.13948E-02   4.65187E-03  -1.06791E-02   1.67088E-02   4.74460E-03   4.47607E-03   1.84610E-02  -2.04049E-02  -5.42656E-03  -1.13908E-02  -1.91584E-02   1.65883E-02   2.72408E-04   5.45217E-03   1.31501E-02  -8.67104E-03   7.56401E-03  -9.24961E-03  -7.84145E-03   2.91879E-03  -1.36369E-02   1.10909E-02  -2.82717E-03   4.46378E-03   1.08903E-02  -7.70280E-03   9.70381E-03  -8.34836E-03  -8.01457E-03   5.90819E-03
 5.97800E+02  -2.89932E-03  -1.60168E-02  -1.38090E-02   7.83028E-03  -7.28107E-03   1.85283E-02   7.62950E-03   4.30386E-03   1.25295E-02  -1.52482E-02   2.23811E-03  -1.46146E-02  -9.94165E-03   4.71190E-03  -9.07327E-03   1.67248E-02   4.22308E-03   4.36091E-03   1.57250E-02  -2.06080E-02  -4.91949E-03  -1.11364E-02  -1.62290E-02   1.70349E-02   3.46802E-04   5.39064E-03   1.11499E-02  -9.05516E-03   6.30544E-03  -9.44796E-03  -6.68570E-03   3.18467E-03  -1.14677E-02   1.15247E-02  -2.31969E-03   4.54209E-03   9.17277E-03  -8.07351E-03   8.13095E-03  -8.67334E-03  -6.73895E-03   6.18566E-03
 6.02100E+02  -2.70769E-03  -1.60203E-02  -1.22553E-02   7.38909E-03  -6.25720E-03   1.82585E-02   6.86188E-03   4.46839E-03   1.08871E-02  -1.49346E-02   1.72303E-03  -1.45213E-02  -8.70662E-03   4.55665E-03  -7.67686E-03   1.65571E-02   3.79601E-03   4.35803E-03   1.33604E-02  -2.04568E-02  -4.52676E-03  -1.10425E-02  -1.37016E-02   1.70684E-02   4.27920E-04   5.35319E-03   9.42995E-03  -9.13829E-03   5.20876E-03  -9.48403E-03  -5.69868E-03   3.26084E-03  -9.59296E-03   1.16438E-02  -1.87356E-03   4.56095E-03   7.69163E-03  -8.18652E-03   6.76907E-03  -8.77228E-03  -5.63774E-03   6.27308E-03
 6.06500E+02  -2.56306E-03  -1.60654E-02  -1.09331E-02   6.78222E-03  -5.35924E-03   1.79099E-02   6.22755E-03   4.73894E-03   9.46951E-03  -1.44641E-02   1.24858E-03  -1.44145E-02  -7.65740E-03   4.25923E-03  -6.45114E-03   1.62760E-02   3.45350E-03   4.43268E-03   1.13032E-02  -2.00825E-02  -4.24138E-03  -1.10626E-02  -1.15083E-02   1.68413E-02   5.19362E-04   5.33568E-03   7.94492E-03  -9.02986E-03   4.24379E-03  -9.42074E-03  -4.85493E-03   3.21449E-03  -7.96259E-03   1.15650E-02  -1.47617E-03   4.54462E-03   6.40753E-03  -8.13679E-03   5.58158E-03  -8.72997E-03  -4.68162E-03   6.24079E-03
 6.10900E+02  -2.46594E-03  -1.61391E-02  -9.85116E-03   6.08794E-03  -4.59367E-03   1.75276E-02   5.73021E-03   5.07288E-03   8.28611E-03  -1.39131E-02   8.18483E-04  -1.43107E-02  -6.80054E-03   3.88063E-03  -5.40444E-03   1.59402E-02   3.19726E-03   4.55868E-03   9.56665E-03  -1.95890E-02  -4.06424E-03  -1.11649E-02  -9.66273E-03   1.64663E-02   6.20252E-04   5.33624E-03   6.70378E-03  -8.80882E-03   3.41659E-03  -9.30379E-03  -4.15944E-03   3.09323E-03  -6.58645E-03   1.13718E-02  -1.13004E-03   4.51049E-03   5.32820E-03  -7.99119E-03   4.57565E-03  -8.60618E-03  -3.87635E-03   6.13819E-03
 6.15300E+02  -2.41119E-03  -1.62329E-02  -8.97533E-03   5.35168E-03  -3.93927E-03   1.71374E-02   5.35195E-03   5.44408E-03   7.30150E-03  -1.33276E-02   4.23023E-04  -1.42191E-02  -6.10833E-03   3.45947E-03  -4.50720E-03   1.55868E-02   3.01659E-03   4.71813E-03   8.09929E-03  -1.90443E-02  -3.98392E-03  -1.13258E-02  -8.10876E-03   1.60205E-02   7.31402E-04   5.35287E-03   5.66765E-03  -8.53013E-03   2.70310E-03  -9.16470E-03  -3.58945E-03   2.93067E-03  -5.42243E-03   1.11226E-02  -8.25507E-04   4.47062E-03   4.42010E-03  -7.79706E-03   3.72071E-03  -8.44312E-03  -3.19702E-03   6.00030E-03
 6.19700E+02  -2.39421E-03  -1.63415E-02  -8.27409E-03   4.60139E-03  -3.37620E-03   1.67552E-02   5.07636E-03   5.83642E-03   6.48261E-03  -1.27362E-02   5.28498E-05  -1.41456E-02  -5.55506E-03   3.01980E-03  -3.73162E-03   1.52385E-02   2.90171E-03   4.89980E-03   6.85278E-03  -1.84906E-02  -3.99019E-03  -1.15306E-02  -6.79338E-03   1.55525E-02   8.53771E-04   5.38424E-03   4.79995E-03  -8.22851E-03   2.08050E-03  -9.02337E-03  -3.12360E-03   2.74811E-03  -4.43069E-03   1.08543E-02  -5.53340E-04   4.43265E-03   3.65156E-03  -7.58436E-03   2.98780E-03  -8.26753E-03  -2.62009E-03   5.84931E-03
 6.24200E+02  -2.41217E-03  -1.64646E-02  -7.70964E-03   3.83661E-03  -2.87675E-03   1.63822E-02   4.88655E-03   6.24960E-03   5.78691E-03  -1.21429E-02  -3.08541E-04  -1.40926E-02  -5.11013E-03   2.56595E-03  -3.03884E-03   1.49019E-02   2.84397E-03   5.10149E-03   5.76251E-03  -1.79417E-02  -4.07801E-03  -1.17758E-02  -5.64678E-03   1.50817E-02   9.91834E-04   5.43069E-03   4.05362E-03  -7.91846E-03   1.51670E-03  -8.88921E-03  -2.73570E-03   2.55434E-03  -3.55827E-03   1.05840E-02  -2.99829E-04   4.40065E-03   2.98108E-03  -7.36682E-03   2.33794E-03  -8.09212E-03  -2.11448E-03   5.69554E-03
 6.28700E+02  -2.46323E-03  -1.65981E-02  -7.27675E-03   3.08388E-03  -2.43909E-03   1.60327E-02   4.77863E-03   6.66924E-03   5.20968E-03  -1.15711E-02  -6.60870E-04  -1.40641E-02  -4.76876E-03   2.11644E-03  -2.42566E-03   1.45934E-02   2.84037E-03   5.31506E-03   4.82138E-03  -1.74258E-02  -4.24272E-03  -1.20514E-02  -4.65996E-03   1.46370E-02   1.14468E-03   5.49108E-03   3.42180E-03  -7.62006E-03   1.00822E-03  -8.77309E-03  -2.42129E-03   2.36161E-03  -2.79800E-03   1.03318E-02  -6.37132E-05   4.37848E-03   2.40270E-03  -7.16083E-03   1.76596E-03  -7.93122E-03  -1.67580E-03   5.55102E-03
 6.33200E+02  -2.54596E-03  -1.67411E-02  -6.95761E-03   2.34780E-03  -2.05027E-03   1.57094E-02   4.74452E-03   7.09253E-03   4.73081E-03  -1.10259E-02  -1.01190E-03  -1.40609E-02  -4.51632E-03   1.67575E-03  -1.87353E-03   1.43171E-02   2.88668E-03   5.53817E-03   3.99822E-03  -1.69512E-02  -4.48180E-03  -1.23540E-02  -3.79874E-03   1.42286E-02   1.31452E-03   5.56496E-03   2.88133E-03  -7.34072E-03   5.39176E-04  -8.67919E-03  -2.16746E-03   2.17457E-03  -2.12361E-03   1.01059E-02   1.61865E-04   4.36773E-03   1.89580E-03  -6.97290E-03   1.25243E-03  -7.79062E-03  -1.28860E-03   5.42056E-03
 6.37800E+02  -2.66294E-03  -1.68967E-02  -6.73523E-03   1.61427E-03  -1.69212E-03   1.54068E-02   4.78053E-03   7.52775E-03   4.32640E-03  -1.04980E-02  -1.37709E-03  -1.40841E-02  -4.33887E-03   1.23643E-03  -1.35597E-03   1.40696E-02   2.98327E-03   5.77483E-03   3.25204E-03  -1.65125E-02  -4.80342E-03  -1.26891E-02  -3.01893E-03   1.38535E-02   1.50855E-03   5.65404E-03   2.40369E-03  -7.07869E-03   8.61697E-05  -8.60820E-03  -1.96008E-03   1.99175E-03  -1.50016E-03   9.90610E-03   3.87982E-04   4.36930E-03   1.43378E-03  -6.80288E-03   7.70854E-04  -7.67086E-03  -9.32616E-04   5.30426E-03
 6.42400E+02  -2.81352E-03  -1.70615E-02  -6.60814E-03   8.99879E-04  -1.36419E-03   1.51321E-02   4.88546E-03   7.96516E-03   3.99499E-03  -1.00000E-02  -1.75646E-03  -1.41336E-02  -4.23482E-03   8.08957E-04  -8.71614E-04   1.38577E-02   3.12923E-03   6.01944E-03   2.57974E-03  -1.61215E-02  -5.20637E-03  -1.30486E-02  -2.31611E-03   1.35229E-02   1.72680E-03   5.75632E-03   1.98554E-03  -6.84190E-03  -3.52987E-04  -8.56296E-03  -1.79717E-03   1.81852E-03  -9.23705E-04   9.73927E-03   6.15642E-04   4.38366E-03   1.01342E-03  -6.65646E-03   3.18220E-04  -7.57633E-03  -6.05412E-04   5.20615E-03
 6.47000E+02  -2.99971E-03  -1.72353E-02  -6.57028E-03   2.03892E-04  -1.05835E-03   1.48845E-02   5.05912E-03   8.40463E-03   3.72652E-03  -9.53104E-03  -2.15803E-03  -1.42086E-02  -4.19902E-03   3.93243E-04  -4.07993E-04   1.36802E-02   3.32597E-03   6.27136E-03   1.96236E-03  -1.57772E-02  -5.69693E-03  -1.34309E-02  -1.66939E-03   1.32363E-02   1.97365E-03   5.87105E-03   1.61357E-03  -6.63031E-03  -7.90205E-04  -8.54283E-03  -1.67250E-03   1.65520E-03  -3.77085E-04   9.60501E-03   8.50758E-04   4.41037E-03   6.21792E-04  -6.53352E-03  -1.18722E-04  -7.50666E-03  -2.97049E-04   5.12608E-03
 6.51700E+02  -3.23004E-03  -1.74216E-02  -6.62092E-03  -4.88970E-04  -7.61272E-04   1.46580E-02   5.30988E-03   8.85532E-03   3.50947E-03  -9.08045E-03  -2.60016E-03  -1.43097E-02  -4.23030E-03  -1.95549E-05   5.60327E-05   1.35324E-02   3.58282E-03   6.53533E-03   1.37139E-03  -1.54712E-02  -6.29833E-03  -1.38423E-02  -1.04787E-03   1.29867E-02   2.26093E-03   5.99986E-03   1.26972E-03  -6.43915E-03  -1.24676E-03  -8.54650E-03  -1.57994E-03   1.49850E-03   1.66537E-04   9.49969E-03   1.10489E-03   4.44943E-03   2.39564E-04  -6.43099E-03  -5.61556E-04  -7.45966E-03   7.73091E-06   5.06196E-03
 6.56400E+02  -3.50557E-03  -1.76155E-02  -6.76219E-03  -1.16347E-03  -4.73009E-04   1.44562E-02   5.63970E-03   9.30633E-03   3.34469E-03  -8.65734E-03  -3.08440E-03  -1.44328E-02  -4.33008E-03  -4.20001E-04   5.21515E-04   1.34157E-02   3.90149E-03   6.80412E-03   8.05536E-04  -1.52083E-02  -7.01431E-03  -1.42704E-02  -4.49150E-04   1.27775E-02   2.59041E-03   6.13830E-03   9.52593E-04  -6.27161E-03  -1.72523E-03  -8.57180E-03  -1.51934E-03   1.35194E-03   7.10185E-04   9.42347E-03   1.37970E-03   4.49865E-03  -1.35404E-04  -6.34971E-03  -1.01296E-03  -7.43449E-03   3.10712E-04   5.01400E-03
 6.61200E+02  -3.84002E-03  -1.78189E-02  -7.00359E-03  -1.83202E-03  -1.81116E-04   1.42734E-02   6.06601E-03   9.76419E-03   3.22652E-03  -8.25244E-03  -3.63406E-03  -1.45770E-02  -4.50508E-03  -8.14862E-04   1.00989E-03   1.33247E-02   4.29855E-03   7.08027E-03   2.39090E-04  -1.49795E-02  -7.88169E-03  -1.47172E-02   1.54991E-04   1.26007E-02   2.97894E-03   6.28615E-03   6.47316E-04  -6.12261E-03  -2.24950E-03  -8.61549E-03  -1.48838E-03   1.21276E-03   1.28067E-03   9.37098E-03   1.68920E-03   4.55667E-03  -5.21541E-04  -6.28553E-03  -1.49552E-03  -7.42721E-03   6.26904E-04   4.97911E-03
 6.65900E+02  -4.22725E-03  -1.80193E-02  -7.34155E-03  -2.46313E-03   1.08470E-04   1.41142E-02   6.58145E-03   1.02042E-02   3.15785E-03  -7.88216E-03  -4.23917E-03  -1.47298E-02  -4.75271E-03  -1.18463E-03   1.51217E-03   1.32579E-02   4.76726E-03   7.34679E-03  -3.17690E-04  -1.47889E-02  -8.88594E-03  -1.51521E-02   7.54496E-04   1.24576E-02   3.42015E-03   6.43193E-03   3.58773E-04  -5.99561E-03  -2.81125E-03  -8.66930E-03  -1.48750E-03   1.08723E-03   1.86915E-03   9.33791E-03   2.02861E-03   4.61699E-03  -9.12964E-04  -6.23689E-03  -2.00186E-03  -7.43238E-03   9.51515E-04   4.95517E-03
 6.70800E+02  -4.70389E-03  -1.82228E-02  -7.81091E-03  -3.08874E-03   4.20938E-04   1.39651E-02   7.23602E-03   1.06443E-02   3.13523E-03  -7.52437E-03  -4.95605E-03  -1.48907E-02  -5.09860E-03  -1.54630E-03   2.07375E-03   1.32041E-02   5.35291E-03   7.61113E-03  -9.14244E-04  -1.46179E-02  -1.01237E-02  -1.55825E-02   1.40369E-03   1.23314E-02   3.95638E-03   6.57622E-03   6.11915E-05  -5.87946E-03  -3.46344E-03  -8.72694E-03  -1.51775E-03   9.68939E-04   2.53052E-03   9.31296E-03   2.43035E-03   4.67706E-03  -1.34602E-03  -6.19488E-03  -2.57966E-03  -7.44188E-03   1.31487E-03   4.93558E-03
 6.75600E+02  -5.25437E-03  -1.84059E-02  -8.39901E-03  -3.65673E-03   7.43998E-04   1.38305E-02   8.00949E-03   1.10409E-02   3.16228E-03  -7.20408E-03  -5.76045E-03  -1.50347E-02  -5.53357E-03  -1.86693E-03   2.67425E-03   1.31565E-02   6.03733E-03   7.84220E-03  -1.52801E-03  -1.44676E-02  -1.15562E-02  -1.59509E-02   2.07909E-03   1.22187E-02   4.57072E-03   6.69688E-03  -2.34226E-04  -5.77717E-03  -4.18467E-03  -8.77036E-03  -1.57926E-03   8.67905E-04   3.24246E-03   9.28420E-03   2.88163E-03   4.72358E-03  -1.80591E-03  -6.15367E-03  -3.20984E-03  -7.44261E-03   1.70475E-03   4.91416E-03
 6.80500E+02  -5.91423E-03  -1.85597E-02  -9.14491E-03  -4.16963E-03   1.09774E-03   1.36977E-02   8.95240E-03   1.13855E-02   3.24181E-03  -6.91260E-03  -6.70430E-03  -1.51440E-02  -6.08661E-03  -2.14346E-03   3.35208E-03   1.30974E-02   6.86541E-03   8.02698E-03  -2.19809E-03  -1.43177E-02  -1.32777E-02  -1.62254E-02   2.82447E-03   1.20983E-02   5.30364E-03   6.77879E-03  -5.46658E-04  -5.67829E-03  -5.02245E-03  -8.77942E-03  -1.67628E-03   7.84058E-04   4.05190E-03   9.23012E-03   3.41236E-03   4.74399E-03  -2.32299E-03  -6.09887E-03  -3.93412E-03  -7.41581E-03   2.14692E-03   4.87890E-03
 6.85400E+02  -6.68502E-03  -1.86550E-02  -1.00520E-02  -4.58262E-03   1.48176E-03   1.35594E-02   1.00677E-02   1.16316E-02   3.37571E-03  -6.66484E-03  -7.78944E-03  -1.51809E-02  -6.76034E-03  -2.34380E-03   4.10780E-03   1.30056E-02   7.83982E-03   8.12653E-03  -2.92448E-03  -1.41520E-02  -1.52935E-02  -1.63274E-02   3.64063E-03   1.19491E-02   6.15745E-03   6.78946E-03  -8.76200E-04  -5.57659E-03  -5.97905E-03  -8.72112E-03  -1.80964E-03   7.26213E-04   4.96078E-03   9.12204E-03   4.02422E-03   4.71596E-03  -2.89841E-03  -6.01320E-03  -4.75448E-03  -7.33414E-03   2.64248E-03   4.81423E-03
 6.90300E+02  -7.57490E-03  -1.86564E-02  -1.11294E-02  -4.84893E-03   1.90052E-03   1.34019E-02   1.13672E-02   1.17254E-02   3.56479E-03  -6.47288E-03  -9.02780E-03  -1.50967E-02  -7.56154E-03  -2.43197E-03   4.95023E-03   1.28504E-02   8.97096E-03   8.09300E-03  -3.71622E-03  -1.39437E-02  -1.76254E-02  -1.61580E-02   4.53789E-03   1.17389E-02   7.14156E-03   6.68706E-03  -1.22745E-03  -5.46086E-03  -7.06562E-03  -8.55092E-03  -1.98022E-03   7.03946E-04   5.98019E-03   8.91955E-03   4.72420E-03   4.60979E-03  -3.53938E-03  -5.87171E-03  -5.68076E-03  -7.15976E-03   3.19755E-03   4.69807E-03
 6.95300E+02  -8.60405E-03  -1.85117E-02  -1.24006E-02  -4.90353E-03   2.36443E-03   1.32027E-02   1.28797E-02   1.15884E-02   3.81195E-03  -6.35203E-03  -1.04479E-02  -1.48184E-02  -8.50726E-03  -2.35573E-03   5.89966E-03   1.25843E-02   1.02839E-02   7.85485E-03  -4.59332E-03  -1.36512E-02  -2.03254E-02  -1.55674E-02   5.53859E-03   1.14177E-02   8.27792E-03   6.40784E-03  -1.60978E-03  -5.31320E-03  -8.30721E-03  -8.20022E-03  -2.19090E-03   7.31516E-04   7.13431E-03   8.55992E-03   5.52811E-03   4.37973E-03  -4.26136E-03  -5.63553E-03  -6.73454E-03  -6.83408E-03   3.82531E-03   4.49607E-03
 7.00300E+02  -9.73405E-03  -1.81569E-02  -1.38146E-02  -4.65523E-03   2.85885E-03   1.29415E-02   1.45471E-02   1.11214E-02   4.10388E-03  -6.32952E-03  -1.19978E-02  -1.42609E-02  -9.55874E-03  -2.04755E-03   6.92355E-03   1.21566E-02   1.17276E-02   7.32652E-03  -5.52800E-03  -1.32328E-02  -2.32884E-02  -1.43810E-02   6.60954E-03   1.09341E-02   9.52243E-03   5.87894E-03  -2.01193E-03  -5.11705E-03  -9.65732E-03  -7.59341E-03  -2.43126E-03   8.27226E-04   8.38139E-03   7.97610E-03   6.40497E-03   3.97501E-03  -5.03872E-03  -5.26379E-03  -7.87671E-03  -6.29379E-03   4.50304E-03   4.17173E-03
 7.05400E+02  -1.09344E-02  -1.75088E-02  -1.53264E-02  -3.99610E-03   3.37565E-03   1.25854E-02   1.63206E-02   1.01983E-02   4.42472E-03  -6.43336E-03  -1.36369E-02  -1.33094E-02  -1.06807E-02  -1.42238E-03   7.99945E-03   1.14946E-02   1.32586E-02   6.39441E-03  -6.50406E-03  -1.26264E-02  -2.64246E-02  -1.23628E-02   7.72884E-03   1.02126E-02   1.08374E-02   5.00031E-03  -2.42822E-03  -4.84636E-03  -1.10780E-02  -6.62417E-03  -2.68995E-03   1.01457E-03   9.68886E-03   7.07188E-03   7.32839E-03   3.32441E-03  -5.85203E-03  -4.69721E-03  -9.07553E-03  -5.44853E-03   5.21294E-03   3.67245E-03
 7.10500E+02  -1.20803E-02  -1.65159E-02  -1.67678E-02  -2.85229E-03   3.86947E-03   1.21181E-02   1.80100E-02   8.73863E-03   4.72834E-03  -6.68553E-03  -1.51968E-02  -1.18955E-02  -1.17450E-02  -4.25927E-04   9.02339E-03   1.05577E-02   1.47098E-02   4.98983E-03  -7.43395E-03  -1.17985E-02  -2.93905E-02  -9.37279E-03   8.79025E-03   9.21176E-03   1.20784E-02   3.71364E-03  -2.82311E-03  -4.48780E-03  -1.24176E-02  -5.23194E-03  -2.93213E-03   1.30813E-03   1.09209E-02   5.79358E-03   8.19689E-03   2.38736E-03  -6.61806E-03  -3.90308E-03  -1.02033E-02  -4.24770E-03   5.88100E-03   2.96904E-03
 7.15600E+02  -1.30260E-02  -1.51704E-02  -1.79398E-02  -1.21422E-03   4.28914E-03   1.15363E-02   1.93912E-02   6.73103E-03   4.95782E-03  -7.08816E-03  -1.64809E-02  -1.00082E-02  -1.25992E-02   9.49457E-04   9.87552E-03   9.33848E-03   1.58840E-02   3.10216E-03  -8.21832E-03  -1.07425E-02  -3.17800E-02  -5.38865E-03   9.67166E-03   7.92388E-03   1.30750E-02   2.00933E-03  -3.15664E-03  -4.03844E-03  -1.34979E-02  -3.40625E-03  -3.11535E-03   1.70992E-03   1.19186E-02   4.13147E-03   8.89064E-03   1.15688E-03  -7.23976E-03  -2.87533E-03  -1.11100E-02  -2.68224E-03   6.42058E-03   2.05616E-03
 7.20800E+02  -1.36211E-02  -1.35128E-02  -1.86351E-02   8.59409E-04   4.58346E-03   1.08522E-02   2.02320E-02   4.23818E-03   5.05215E-03  -7.62361E-03  -1.72863E-02  -7.70012E-03  -1.30838E-02   2.66185E-03   1.04335E-02   7.86790E-03   1.65757E-02   7.83538E-04  -8.75702E-03  -9.48358E-03  -3.31699E-02  -5.15083E-04   1.02484E-02   6.37935E-03   1.36490E-02  -6.94374E-05  -3.38873E-03  -3.50788E-03  -1.41332E-02  -1.19141E-03  -3.19417E-03   2.20912E-03   1.25169E-02   2.12446E-03   9.28413E-03  -3.37543E-04  -7.61642E-03  -1.63750E-03  -1.16392E-02  -7.88701E-04   6.74157E-03   9.54798E-04
 7.26000E+02  -1.37283E-02  -1.17370E-02  -1.86683E-02   3.10889E-03   4.70266E-03   1.01364E-02   2.03226E-02   1.55575E-03   4.96020E-03  -8.22003E-03  -1.74276E-02  -5.23379E-03  -1.30575E-02   4.51104E-03   1.05829E-02   6.30791E-03   1.66009E-02  -1.70440E-03  -8.95390E-03  -8.15768E-03  -3.31811E-02   4.70826E-03   1.04036E-02   4.74427E-03   1.36412E-02  -2.29553E-03  -3.48033E-03  -2.95159E-03  -1.41562E-02   1.17389E-03  -3.13007E-03   2.75051E-03   1.25662E-02  -1.36408E-05   9.26543E-03  -1.93586E-03  -7.65633E-03  -3.20614E-04  -1.16499E-02   1.23159E-03   6.76237E-03  -2.18395E-04
 7.31200E+02  -1.33390E-02  -1.00591E-02  -1.80266E-02   5.24037E-03   4.64457E-03   9.46592E-03   1.96490E-02  -9.85256E-04   4.67714E-03  -8.79487E-03  -1.68931E-02  -2.90052E-03  -1.25098E-02   6.27323E-03   1.03174E-02   4.83697E-03   1.59464E-02  -4.07134E-03  -8.80466E-03  -6.91401E-03  -3.17861E-02   9.68469E-03   1.01309E-02   3.20082E-03   1.30397E-02  -4.41848E-03  -3.42996E-03  -2.42996E-03  -1.35551E-02   3.42726E-03  -2.91924E-03   3.27294E-03   1.20561E-02  -2.04831E-03   8.82603E-03  -3.46223E-03  -7.35340E-03   9.31823E-04  -1.11322E-02   3.15785E-03   6.47732E-03  -1.33564E-03
 7.36500E+02  -1.25394E-02  -8.63803E-03  -1.68234E-02   7.03533E-03   4.44250E-03   8.89587E-03   1.83408E-02  -3.14112E-03   4.23136E-03  -9.28663E-03  -1.57989E-02  -9.13144E-04  -1.15249E-02   7.78476E-03   9.71037E-03   3.58487E-03   1.47236E-02  -6.10634E-03  -8.37319E-03  -5.86103E-03  -2.92119E-02   1.39829E-02   9.50540E-03   1.88068E-03   1.19393E-02  -6.25791E-03  -3.26397E-03  -1.98659E-03  -1.24303E-02   5.38017E-03  -2.58242E-03   3.73262E-03   1.10774E-02  -3.81140E-03   8.03181E-03  -4.79077E-03  -6.76345E-03   2.01705E-03  -1.01698E-02   4.83210E-03   5.93558E-03  -2.30551E-03
 7.41800E+02  -1.15072E-02  -7.60514E-03  -1.53003E-02   8.31813E-03   4.15932E-03   8.47429E-03   1.66701E-02  -4.71144E-03   3.69094E-03  -9.64643E-03  -1.43844E-02   5.50239E-04  -1.02871E-02   8.90940E-03   8.90844E-03   2.66144E-03   1.31715E-02  -7.63126E-03  -7.78216E-03  -5.09080E-03  -2.59500E-02   1.72349E-02   8.67711E-03   8.96671E-04   1.05464E-02  -7.65875E-03  -3.03221E-03  -1.65903E-03  -1.09979E-02   6.86968E-03  -2.16994E-03   4.09160E-03   9.82335E-03  -5.15694E-03   7.02764E-03  -5.81199E-03  -6.00481E-03   2.84561E-03  -8.94488E-03   6.11672E-03   5.24248E-03  -3.04833E-03
 7.47200E+02  -1.03905E-02  -6.95108E-03  -1.36547E-02   9.09921E-03   3.85079E-03   8.19678E-03   1.48609E-02  -5.71057E-03   3.10711E-03  -9.87728E-03  -1.28490E-02   1.50397E-03  -8.94393E-03   9.65830E-03   8.03627E-03   2.05734E-03   1.14834E-02  -8.66198E-03  -7.13890E-03  -4.59554E-03  -2.23951E-02   1.94760E-02   7.77329E-03   2.38192E-04   9.02575E-03  -8.63665E-03  -2.77863E-03  -1.44374E-03  -9.43178E-03   7.91270E-03  -1.71913E-03   4.35409E-03   8.45045E-03  -6.10041E-03   5.92822E-03  -6.53778E-03  -5.17358E-03   3.42711E-03  -7.60287E-03   7.02669E-03   4.48289E-03  -3.57274E-03
 7.52600E+02  -9.33475E-03  -6.63478E-03  -1.20838E-02   9.43626E-03   3.56844E-03   8.04940E-03   1.31355E-02  -6.20163E-03   2.53532E-03  -9.99514E-03  -1.13884E-02   2.00257E-03  -7.64567E-03   1.00730E-02   7.21395E-03   1.73935E-03   9.85432E-03  -9.25160E-03  -6.54401E-03  -4.34722E-03  -1.89478E-02   2.08136E-02   6.91676E-03  -1.28212E-04   7.54547E-03  -9.23618E-03  -2.54413E-03  -1.32947E-03  -7.90816E-03   8.55577E-03  -1.27075E-03   4.53050E-03   7.11625E-03  -6.68332E-03   4.85146E-03  -6.99888E-03  -4.36621E-03   3.78693E-03  -6.29193E-03   7.60073E-03   3.74263E-03  -3.90123E-03
 7.58000E+02  -8.40970E-03  -6.57143E-03  -1.06806E-02   9.44388E-03   3.33864E-03   8.00150E-03   1.15992E-02  -6.31437E-03   1.99935E-03  -1.00317E-02  -1.00965E-02   2.16085E-03  -6.46113E-03   1.02411E-02   6.50020E-03   1.63670E-03   8.37453E-03  -9.51429E-03  -6.04841E-03  -4.28628E-03  -1.57917E-02   2.14827E-02   6.16743E-03  -2.75131E-04   6.18190E-03  -9.55612E-03  -2.34960E-03  -1.29189E-03  -6.50757E-03   8.90269E-03  -8.41668E-04   4.64467E-03   5.89328E-03  -6.99870E-03   3.85015E-03  -7.26476E-03  -3.62728E-03   3.98209E-03  -5.07922E-03   7.92630E-03   3.06095E-03  -4.08451E-03
 7.63500E+02  -7.62986E-03  -6.68625E-03  -9.45906E-03   9.22192E-03   3.17026E-03   8.02570E-03   1.02695E-02  -6.16361E-03   1.49761E-03  -1.00155E-02  -8.99068E-03   2.08137E-03  -5.39619E-03   1.02419E-02   5.90891E-03   1.68614E-03   7.05366E-03  -9.55410E-03  -5.66790E-03  -4.36002E-03  -1.29414E-02   2.16998E-02   5.53877E-03  -2.68229E-04   4.93947E-03  -9.68811E-03  -2.20178E-03  -1.30924E-03  -5.23570E-03   9.04991E-03  -4.28821E-04   4.71939E-03   4.78779E-03  -7.13304E-03   2.92533E-03  -7.40058E-03  -2.96098E-03   4.06561E-03  -3.96792E-03   8.08524E-03   2.44055E-03  -4.16991E-03
 7.69000E+02  -7.01610E-03  -6.91789E-03  -8.44733E-03   8.85439E-03   3.07088E-03   8.10007E-03   9.17786E-03  -5.84261E-03   1.03740E-03  -9.96862E-03  -8.09875E-03   1.84570E-03  -4.47123E-03   1.01361E-02   5.45738E-03   1.83727E-03   5.91811E-03  -9.44961E-03  -5.41760E-03  -4.52522E-03  -1.04500E-02   2.16237E-02   5.04840E-03  -1.58411E-04   3.83994E-03  -9.69808E-03  -2.10694E-03  -1.36404E-03  -4.11541E-03   9.06657E-03  -3.67063E-05   4.76953E-03   3.82029E-03  -7.14827E-03   2.09168E-03  -7.45171E-03  -2.37991E-03   4.07545E-03  -2.97677E-03   8.13498E-03   1.89243E-03  -4.19091E-03
 7.74600E+02  -6.55166E-03  -7.22585E-03  -7.61543E-03   8.39447E-03   3.03933E-03   8.20939E-03   8.29215E-03  -5.41340E-03   6.02911E-04  -9.90621E-03  -7.39516E-03   1.50986E-03  -3.65641E-03   9.96691E-03   5.13401E-03   2.05526E-03   4.93161E-03  -9.25781E-03  -5.29345E-03  -4.75265E-03  -8.23532E-03   2.13736E-02   4.68330E-03   1.78148E-05   2.84620E-03  -9.63642E-03  -2.06380E-03  -1.44404E-03  -3.10906E-03   9.00584E-03   3.49419E-04   4.80743E-03   2.95857E-03  -7.09220E-03   1.32006E-03  -7.45399E-03  -1.86480E-03   4.04095E-03  -2.07165E-03   8.12064E-03   1.39802E-03  -4.17367E-03
 7.80200E+02  -6.23532E-03  -7.57303E-03  -6.96057E-03   7.89181E-03   3.07589E-03   8.33943E-03   7.60923E-03  -4.93085E-03   1.91925E-04  -9.83943E-03  -6.87743E-03   1.12210E-03  -2.94772E-03   9.76760E-03   4.93808E-03   2.30936E-03   4.08912E-03  -9.02200E-03  -5.29622E-03  -5.01445E-03  -6.28475E-03   2.10341E-02   4.44257E-03   2.29857E-04   1.95206E-03  -9.53738E-03  -2.07284E-03  -1.53793E-03  -2.21033E-03   8.90387E-03   7.32629E-04   4.83910E-03   2.19722E-03  -6.99753E-03   6.05054E-04  -7.42988E-03  -1.41243E-03   3.98227E-03  -1.24639E-03   8.07138E-03   9.54036E-04  -4.13551E-03
 7.85800E+02  -6.05430E-03  -7.93607E-03  -6.46046E-03   7.37547E-03   3.17925E-03   8.48008E-03   7.10500E-03  -4.42848E-03  -2.07051E-04  -9.77371E-03  -6.52609E-03   7.13087E-04  -2.32287E-03   9.55784E-03   4.86053E-03   2.57914E-03   3.36327E-03  -8.76870E-03  -5.42247E-03  -5.29130E-03  -4.53607E-03   2.06571E-02   4.31612E-03   4.57071E-04   1.12930E-03  -9.42162E-03  -2.13301E-03  -1.63759E-03  -1.39045E-03   8.78280E-03   1.12413E-03   4.86722E-03   1.51152E-03  -6.88465E-03  -7.56591E-05  -7.39259E-03  -1.00799E-03   3.91204E-03  -4.74788E-04   8.00481E-03   5.46187E-04  -4.08712E-03
 7.91500E+02  -5.99907E-03  -8.30406E-03  -6.09098E-03   6.85601E-03   3.35338E-03   8.62503E-03   6.75457E-03  -3.92051E-03  -6.12508E-04  -9.70924E-03  -6.32324E-03   2.97458E-04  -1.75183E-03   9.34485E-03   4.89669E-03   2.85362E-03   2.71862E-03  -8.50890E-03  -5.67734E-03  -5.57143E-03  -2.90373E-03   2.02628E-02   4.29717E-03   6.87777E-04   3.37530E-04  -9.29664E-03  -2.24694E-03  -1.73762E-03  -6.08935E-04   8.65120E-03   1.54305E-03   4.89096E-03   8.67375E-04  -6.76192E-03  -7.55728E-04  -7.34603E-03  -6.31291E-04   3.83567E-03   2.81446E-04   7.92703E-03   1.54181E-04  -4.03259E-03
 7.97200E+02  -6.06769E-03  -8.65505E-03  -5.84705E-03   6.35749E-03   3.59919E-03   8.76219E-03   6.55251E-03  -3.43401E-03  -1.02871E-03  -9.64484E-03  -6.26488E-03  -9.92240E-05  -1.22746E-03   9.13720E-03   5.04570E-03   3.11310E-03   2.14650E-03  -8.25531E-03  -6.06261E-03  -5.83213E-03  -1.36594E-03   1.98673E-02   4.38447E-03   9.03538E-04  -4.33877E-04  -9.16569E-03  -2.41564E-03  -1.82849E-03   1.44985E-04   8.51349E-03   1.99473E-03   4.90444E-03   2.55698E-04  -6.63464E-03  -1.44439E-03  -7.28832E-03  -2.76944E-04   3.75678E-03   1.03280E-03   7.83846E-03  -2.27506E-04  -3.97348E-03
 8.02900E+02  -6.25710E-03  -8.97301E-03  -5.71738E-03   5.89255E-03   3.92026E-03   8.87981E-03   6.48749E-03  -2.98513E-03  -1.46642E-03  -9.57429E-03  -6.34354E-03  -4.59369E-04  -7.33381E-04   8.93467E-03   5.30712E-03   3.34138E-03   1.62781E-03  -8.01053E-03  -6.58393E-03  -6.05192E-03   1.25211E-04   1.94647E-02   4.57630E-03   1.08912E-03  -1.20813E-03  -9.02214E-03  -2.64183E-03  -1.90074E-03   8.94486E-04   8.36421E-03   2.49112E-03   4.89767E-03  -3.42857E-04  -6.49973E-03  -2.16163E-03  -7.20982E-03   6.64480E-05   3.67411E-03   1.80171E-03   7.73050E-03  -6.10608E-04  -3.90650E-03
 8.08700E+02  -6.57260E-03  -9.24273E-03  -5.69413E-03   5.46737E-03   4.32834E-03   8.96332E-03   6.55362E-03  -2.58492E-03  -1.94370E-03  -9.48539E-03  -6.55930E-03  -7.67602E-04  -2.47588E-04   8.72925E-03   5.68949E-03   3.52085E-03   1.13865E-03  -7.76866E-03  -7.26071E-03  -6.20433E-03   1.63649E-03   1.90268E-02   4.87855E-03   1.22783E-03  -2.01945E-03  -8.84818E-03  -2.93410E-03  -1.94222E-03   1.67304E-03   8.18694E-03   3.05320E-03   4.85378E-03  -9.55377E-04  -6.34525E-03  -2.93881E-03  -7.09057E-03   4.14552E-04   3.58122E-03   2.62219E-03   7.58338E-03  -1.01227E-03  -3.82274E-03
 8.14600E+02  -7.01859E-03  -9.43417E-03  -5.77515E-03   5.10134E-03   4.83030E-03   8.98793E-03   6.74998E-03  -2.25933E-03  -2.46982E-03  -9.36042E-03  -6.91411E-03  -9.93435E-04   2.40514E-04   8.51173E-03   6.19865E-03   3.62007E-03   6.67677E-04  -7.52419E-03  -8.10461E-03  -6.24419E-03   3.20106E-03   1.85148E-02   5.29560E-03   1.29089E-03  -2.88527E-03  -8.61743E-03  -3.29758E-03  -1.93290E-03   2.49763E-03   7.95744E-03   3.69223E-03   4.74628E-03  -1.59550E-03  -6.15376E-03  -3.79226E-03  -6.89992E-03   7.75224E-04   3.46880E-03   3.51181E-03   7.36697E-03  -1.44125E-03  -3.70878E-03
 8.20500E+02  -7.58315E-03  -9.50572E-03  -5.95172E-03   4.82415E-03   5.41696E-03   8.92065E-03   7.06522E-03  -2.04585E-03  -3.03933E-03  -9.17720E-03  -7.39532E-03  -1.09468E-03   7.29618E-04   8.27177E-03   6.82258E-03   3.59683E-03   2.14275E-04  -7.27165E-03  -9.09938E-03  -6.11183E-03   4.81138E-03   1.78810E-02   5.81647E-03   1.24040E-03  -3.79923E-03  -8.29682E-03  -3.72523E-03  -1.84682E-03   3.36278E-03   7.64539E-03   4.40022E-03   4.54133E-03  -2.25976E-03  -5.90352E-03  -4.71374E-03  -6.59903E-03   1.14679E-03   3.32527E-03   4.46293E-03   7.04325E-03  -1.89444E-03  -3.54775E-03
 8.26400E+02  -8.24578E-03  -9.41243E-03  -6.20706E-03   4.66247E-03   6.07375E-03   8.72286E-03   7.47835E-03  -1.98119E-03  -3.64495E-03  -8.90625E-03  -7.98054E-03  -1.02681E-03   1.22002E-03   7.99159E-03   7.54092E-03   3.40354E-03  -2.25186E-04  -6.99828E-03  -1.02182E-02  -5.73756E-03   6.46036E-03   1.70555E-02   6.42202E-03   1.03331E-03  -4.75302E-03  -7.84122E-03  -4.20520E-03  -1.65314E-03   4.26149E-03   7.20889E-03   5.16453E-03   4.19622E-03  -2.94405E-03  -5.56380E-03  -5.69087E-03  -6.13711E-03   1.52744E-03   3.13399E-03   5.46441E-03   6.56168E-03  -2.36749E-03  -3.31675E-03
 8.32400E+02  -8.97612E-03  -9.09865E-03  -6.51710E-03   4.64600E-03   6.77847E-03   8.34495E-03   7.95904E-03  -2.10864E-03  -4.27450E-03  -8.50788E-03  -8.63685E-03  -7.35065E-04   1.71004E-03   7.64539E-03   8.32285E-03   2.97977E-03  -6.53552E-04  -6.68439E-03  -1.14191E-02  -5.03134E-03   8.13006E-03   1.59411E-02   7.08301E-03   6.14343E-04  -5.73022E-03  -7.18885E-03  -4.71871E-03  -1.31155E-03   5.17925E-03   6.59038E-03   5.96368E-03   3.65387E-03  -3.63890E-03  -5.09201E-03  -6.70121E-03  -5.44537E-03   1.91251E-03   2.87176E-03   6.49526E-03   5.85346E-03  -2.85176E-03  -2.98438E-03
 8.38400E+02  -9.68702E-03  -8.52402E-03  -6.82856E-03   4.80220E-03   7.45728E-03   7.75408E-03   8.43493E-03  -2.46336E-03  -4.87295E-03  -7.95889E-03  -9.27766E-03  -1.79104E-04   2.16791E-03   7.22091E-03   9.07706E-03   2.28426E-03  -1.04901E-03  -6.32219E-03  -1.25695E-02  -3.93412E-03   9.69334E-03   1.44851E-02   7.71714E-03  -5.33103E-05  -6.64769E-03  -6.30451E-03  -5.20739E-03  -7.96342E-04   6.03911E-03   5.75736E-03   6.71786E-03   2.87977E-03  -4.28812E-03  -4.46453E-03  -7.65052E-03  -4.48346E-03   2.27166E-03   2.52586E-03   7.46204E-03   4.87873E-03  -3.30507E-03  -2.53274E-03
 8.44400E+02  -1.02713E-02  -7.68211E-03  -7.07394E-03   5.13412E-03   8.02070E-03   6.94418E-03   8.81523E-03  -3.05001E-03  -5.37501E-03  -7.25402E-03  -9.79551E-03   6.47295E-04   2.55762E-03   6.71431E-03   9.69152E-03   1.30977E-03  -1.38802E-03  -5.90849E-03  -1.35075E-02  -2.43478E-03   1.10017E-02   1.26736E-02   8.22268E-03  -9.76330E-04  -7.40669E-03  -5.17974E-03  -5.59968E-03  -1.02475E-04   6.74984E-03   4.70189E-03   7.33047E-03   1.86644E-03  -4.82535E-03  -3.67543E-03  -8.42554E-03  -3.24216E-03   2.56916E-03   2.09305E-03   8.25277E-03   3.62818E-03  -3.67711E-03  -1.95754E-03
 8.50500E+02  -1.06159E-02  -6.60556E-03  -7.18093E-03   5.61847E-03   8.37485E-03   5.94104E-03   9.00313E-03  -3.83952E-03  -5.71288E-03  -6.41064E-03  -1.00763E-02   1.71171E-03   2.84256E-03   6.13386E-03   1.00477E-02   8.85660E-05  -1.64721E-03  -5.44783E-03  -1.40616E-02  -5.78671E-04   1.19013E-02   1.05439E-02   8.49114E-03  -2.12663E-03  -7.90388E-03  -3.83981E-03  -5.81946E-03   7.50831E-04   7.21590E-03   3.44712E-03   7.69925E-03   6.39120E-04  -5.18118E-03  -2.74133E-03  -8.90671E-03  -1.75058E-03   2.76770E-03   1.58218E-03   8.74939E-03   2.13038E-03  -3.91495E-03  -1.27151E-03
 8.56700E+02  -1.06190E-02  -5.40718E-03  -7.08627E-03   6.18663E-03   8.43401E-03   4.84032E-03   8.91309E-03  -4.73875E-03  -5.82316E-03  -5.50047E-03  -1.00180E-02   2.90258E-03   2.98672E-03   5.52167E-03   1.00383E-02  -1.26140E-03  -1.80217E-03  -4.96976E-03  -1.40763E-02   1.46248E-03   1.22450E-02   8.26373E-03   8.42493E-03  -3.39826E-03  -8.04220E-03  -2.39389E-03  -5.79761E-03   1.68817E-03   7.34738E-03   2.09425E-03   7.73010E-03  -6.98367E-04  -5.28996E-03  -1.73637E-03  -8.98309E-03  -1.31857E-04   2.83184E-03   1.03340E-03   8.84194E-03   5.07684E-04  -3.96906E-03  -5.30029E-04
 8.62900E+02  -1.02603E-02  -4.26538E-03  -6.77775E-03   6.73246E-03   8.18094E-03   3.79463E-03   8.52841E-03  -5.60165E-03  -5.69297E-03  -4.63922E-03  -9.60068E-03   4.04320E-03   2.98265E-03   4.94682E-03   9.64226E-03  -2.55186E-03  -1.84784E-03  -4.52347E-03  -1.35206E-02   3.41331E-03   1.20034E-02   6.10653E-03   8.00484E-03  -4.62092E-03  -7.80238E-03  -1.01934E-03  -5.52052E-03   2.58783E-03   7.12646E-03   8.07895E-04   7.40442E-03  -1.97776E-03  -5.13870E-03  -7.81408E-04  -8.63278E-03   1.41395E-03   2.75457E-03   5.12194E-04   8.50873E-03  -1.04089E-03  -3.82964E-03   1.76712E-04
 8.69100E+02  -9.61399E-03  -3.31907E-03  -6.29883E-03   7.17096E-03   7.67943E-03   2.92152E-03   7.90865E-03  -6.31312E-03  -5.37138E-03  -3.91475E-03  -8.89646E-03   4.99593E-03   2.86075E-03   4.46058E-03   8.93701E-03  -3.63748E-03  -1.80669E-03  -4.14473E-03  -1.25081E-02   5.06229E-03   1.12943E-02   4.27783E-03   7.29969E-03  -5.66378E-03  -7.25946E-03   1.49825E-04  -5.03771E-03   3.35678E-03   6.62285E-03  -2.87710E-04   6.79167E-03  -3.07122E-03  -4.77877E-03   3.25915E-05  -7.93902E-03   2.73535E-03   2.56382E-03   6.77859E-05   7.83284E-03  -2.36485E-03  -3.53457E-03   7.80642E-04
 8.75400E+02  -8.78792E-03  -2.63150E-03  -5.71229E-03   7.46121E-03   7.02269E-03   2.27333E-03   7.14010E-03  -6.81961E-03  -4.93031E-03  -3.36498E-03  -8.01015E-03   5.69846E-03   2.66574E-03   4.08403E-03   8.03488E-03  -4.45382E-03  -1.71186E-03  -3.84757E-03  -1.12032E-02   6.31687E-03   1.02890E-02   2.86380E-03   6.40825E-03  -6.47007E-03  -6.52202E-03   1.05709E-03  -4.42025E-03   3.95514E-03   5.93730E-03  -1.14040E-03   5.99171E-03  -3.92454E-03  -4.28442E-03   6.67619E-04  -7.02156E-03   3.76854E-03   2.29996E-03  -2.79328E-04   6.93382E-03  -3.40101E-03  -3.13837E-03   1.25326E-03
 8.81700E+02  -7.91526E-03  -2.22206E-03  -5.09902E-03   7.59309E-03   6.32374E-03   1.86726E-03   6.33253E-03  -7.10587E-03  -4.45475E-03  -3.00351E-03  -7.07342E-03   6.13131E-03   2.44788E-03   3.82567E-03   7.07540E-03  -4.97944E-03  -1.59891E-03  -3.63824E-03  -9.80943E-03   7.14511E-03   9.18777E-03   1.89739E-03   5.45594E-03  -7.01963E-03  -5.72019E-03   1.68109E-03  -3.75756E-03   4.36831E-03   5.19050E-03  -1.73026E-03   5.12792E-03  -4.51736E-03  -3.74417E-03   1.10899E-03  -6.02698E-03   4.48921E-03   2.01095E-03  -5.21170E-04   5.95743E-03  -4.12515E-03  -2.70708E-03   1.58358E-03
 8.88100E+02  -7.07316E-03  -2.04580E-03  -4.50319E-03   7.59170E-03   5.64942E-03   1.66390E-03   5.54671E-03  -7.20797E-03  -3.99654E-03  -2.79949E-03  -6.16009E-03   6.33951E-03   2.23987E-03   3.66624E-03   6.13781E-03  -5.26347E-03  -1.49233E-03  -3.50247E-03  -8.44233E-03   7.61994E-03   8.11358E-03   1.30317E-03   4.51087E-03  -7.35814E-03  -4.93080E-03   2.07063E-03  -3.09869E-03   4.62934E-03   4.45364E-03  -2.10279E-03   4.26970E-03  -4.89587E-03  -3.21049E-03   1.39028E-03  -5.03874E-03   4.95260E-03   1.72531E-03  -6.75999E-04   4.98709E-03  -4.59238E-03  -2.27887E-03   1.79663E-03
 8.94500E+02  -6.32709E-03  -2.04965E-03  -3.96450E-03   7.49058E-03   5.05527E-03   1.61871E-03   4.83646E-03  -7.17012E-03  -3.59750E-03  -2.71992E-03  -5.33467E-03   6.37510E-03   2.06649E-03   3.58654E-03   5.29039E-03  -5.36037E-03  -1.40973E-03  -3.42685E-03  -7.20138E-03   7.82013E-03   7.16483E-03   1.00445E-03   3.63387E-03  -7.53352E-03  -4.21748E-03   2.27530E-03  -2.48697E-03   4.77220E-03   3.78566E-03  -2.30389E-03   3.47695E-03  -5.10684E-03  -2.72662E-03   1.54510E-03  -4.12808E-03   5.21423E-03   1.46649E-03  -7.62001E-04   4.09365E-03  -4.85785E-03  -1.88588E-03   1.91741E-03
 9.00900E+02  -5.69676E-03  -2.17635E-03  -3.49349E-03   7.32390E-03   4.55863E-03   1.68266E-03   4.21636E-03  -7.03909E-03  -3.27143E-03  -2.72750E-03  -4.61498E-03   6.29458E-03   1.93705E-03   3.56407E-03   4.55244E-03  -5.33039E-03  -1.35845E-03  -3.39517E-03  -6.11453E-03   7.83382E-03   6.37412E-03   9.12660E-04   2.83987E-03  -7.59987E-03  -3.59951E-03   2.35226E-03  -1.93329E-03   4.83562E-03   3.20434E-03  -2.38659E-03   2.76566E-03  -5.20405E-03  -2.30569E-03   1.61242E-03  -3.31457E-03   5.33814E-03   1.24167E-03  -8.00308E-04   3.29680E-03  -4.98534E-03  -1.53726E-03   1.97487E-03
 9.07400E+02  -5.17597E-03  -2.38456E-03  -3.08340E-03   7.11492E-03   4.15539E-03   1.81966E-03   3.67769E-03  -6.84819E-03  -3.01683E-03  -2.79414E-03  -3.99118E-03   6.13937E-03   1.85286E-03   3.58144E-03   3.91425E-03  -5.21857E-03  -1.34086E-03  -3.39463E-03  -5.16696E-03   7.72773E-03   5.73687E-03   9.59404E-04   2.11477E-03  -7.59890E-03  -3.06993E-03   2.34579E-03  -1.42790E-03   4.84970E-03   2.70284E-03  -2.39217E-03   2.12432E-03  -5.22942E-03  -1.94290E-03   1.62265E-03  -2.58569E-03   5.37444E-03   1.04835E-03  -8.07452E-04   2.58453E-03  -5.02481E-03  -1.22805E-03   1.99169E-03
 9.14000E+02  -4.76189E-03  -2.64346E-03  -2.73054E-03   6.88193E-03   3.84375E-03   2.00332E-03   3.21554E-03  -6.62239E-03  -2.83327E-03  -2.89974E-03  -3.45756E-03   5.93961E-03   1.81509E-03   3.62643E-03   3.36995E-03  -5.05699E-03  -1.35874E-03  -3.41637E-03  -4.34930E-03   7.54864E-03   5.25063E-03   1.09710E-03   1.44868E-03  -7.55881E-03  -2.62408E-03   2.28626E-03  -9.63885E-04   4.83458E-03   2.27650E-03  -2.34875E-03   1.54471E-03  -5.21105E-03  -1.63487E-03   1.59646E-03  -1.93241E-03   5.35668E-03   8.84770E-04  -7.94645E-04   1.94813E-03  -5.00968E-03  -9.54667E-04   1.98308E-03
 9.20600E+02  -4.45202E-03  -2.92625E-03  -2.43277E-03   6.64153E-03   3.62165E-03   2.21109E-03   2.82687E-03  -6.38305E-03  -2.71942E-03  -3.02734E-03  -3.01033E-03   5.72007E-03   1.82346E-03   3.68868E-03   2.91546E-03  -4.87139E-03  -1.41225E-03  -3.45277E-03  -3.65504E-03   7.33306E-03   4.91159E-03   1.28756E-03   8.35544E-04  -7.49961E-03  -2.25810E-03   2.19688E-03  -5.36888E-04   4.80443E-03   1.92152E-03  -2.27759E-03   1.02135E-03  -5.16897E-03  -1.37883E-03   1.54941E-03  -1.34851E-03   5.30890E-03   7.49454E-04  -7.70320E-04   1.38152E-03  -4.96394E-03  -7.14506E-04   1.96008E-03
 9.27200E+02  -4.23552E-03  -3.21668E-03  -2.18121E-03   6.40224E-03   3.48059E-03   2.42862E-03   2.49976E-03  -6.14201E-03  -2.66996E-03  -3.16550E-03  -2.63539E-03   5.49523E-03   1.87649E-03   3.76041E-03   2.53609E-03  -4.67738E-03  -1.50143E-03  -3.49770E-03  -3.06182E-03   7.10343E-03   4.70556E-03   1.50424E-03   2.56792E-04  -7.43271E-03  -1.95921E-03   2.09300E-03  -1.33795E-04   4.76745E-03   1.62563E-03  -2.19271E-03   5.37668E-04  -5.11537E-03  -1.16585E-03   1.49184E-03  -8.15192E-04   5.24607E-03   6.37646E-04  -7.40131E-04   8.66320E-04  -4.90265E-03  -4.99658E-04   1.92974E-03
 9.33900E+02  -4.10226E-03  -3.50754E-03  -1.96501E-03   6.16567E-03   3.41341E-03   2.64879E-03   2.21979E-03  -5.90289E-03  -2.68165E-03  -3.30760E-03  -2.31582E-03   5.27062E-03   1.97554E-03   3.83630E-03   2.21439E-03  -4.48170E-03  -1.62937E-03  -3.54645E-03  -2.54217E-03   6.86960E-03   4.62099E-03   1.73116E-03  -3.14019E-04  -7.36143E-03  -1.71278E-03   1.98272E-03   2.64002E-04   4.72626E-03   1.37439E-03  -2.10144E-03   7.10027E-05  -5.05501E-03  -9.85490E-04   1.42924E-03  -3.07223E-04   5.17453E-03   5.43822E-04  -7.07125E-04   3.78053E-04  -4.83238E-03  -2.99839E-04   1.89531E-03
 9.40700E+02  -4.04942E-03  -3.78895E-03  -1.77884E-03   5.93517E-03   3.41872E-03   2.86243E-03   1.97977E-03  -5.67033E-03  -2.75500E-03  -3.44558E-03  -2.04312E-03   5.05189E-03   2.12345E-03   3.90965E-03   1.94150E-03  -4.29051E-03  -1.79973E-03  -3.59300E-03  -2.08126E-03   6.63914E-03   4.65545E-03   1.95161E-03  -8.94172E-04  -7.28419E-03  -1.51133E-03   1.87236E-03   6.68740E-04   4.67976E-03   1.16008E-03  -2.00905E-03  -3.93140E-04  -4.98818E-03  -8.32123E-04   1.36554E-03   1.91290E-04   5.09562E-03   4.65046E-04  -6.73503E-04  -9.86185E-05  -4.75479E-03  -1.08767E-04   1.85809E-03
 9.47500E+02  -4.07519E-03  -4.04704E-03  -1.62024E-03   5.71592E-03   3.49523E-03   3.05699E-03   1.77626E-03  -5.45032E-03  -2.88958E-03  -3.56850E-03  -1.81304E-03   4.84554E-03   2.32093E-03   3.97122E-03   1.71287E-03  -4.11031E-03  -2.01367E-03  -3.62897E-03  -1.67154E-03   6.41867E-03   4.80640E-03   2.14515E-03  -1.49199E-03  -7.19466E-03  -1.35065E-03   1.76788E-03   1.08640E-03   4.62334E-03   9.78414E-04  -1.92000E-03  -8.62024E-04  -4.91132E-03  -7.02630E-04   1.30399E-03   6.88441E-04   5.00661E-03   3.99667E-04  -6.41145E-04  -5.71557E-04  -4.66773E-03   7.68288E-05   1.81788E-03
 9.54300E+02  -4.17669E-03  -4.27096E-03  -1.48442E-03   5.50859E-03   3.64134E-03   3.22156E-03   1.60282E-03  -5.24400E-03  -3.08551E-03  -3.66560E-03  -1.61799E-03   4.65317E-03   2.57021E-03   4.01050E-03   1.52063E-03  -3.94310E-03  -2.27415E-03  -3.64423E-03  -1.29998E-03   6.20796E-03   5.07125E-03   2.29208E-03  -2.12221E-03  -7.07911E-03  -1.22415E-03   1.67228E-03   1.52738E-03   4.54731E-03   8.22649E-04  -1.83575E-03  -1.34801E-03  -4.81495E-03  -5.92119E-04   1.24577E-03   1.19779E-03   4.89841E-03   3.45125E-04  -6.10849E-04  -1.05386E-03  -4.56286E-03   2.62327E-04   1.77205E-03
 9.61200E+02  -4.35421E-03  -4.44899E-03  -1.36588E-03   5.31060E-03   3.85892E-03   3.34352E-03   1.45224E-03  -5.04909E-03  -3.34665E-03  -3.72328E-03  -1.44959E-03   4.47301E-03   2.87740E-03   4.01314E-03   1.35624E-03  -3.78783E-03  -2.58796E-03  -3.62445E-03  -9.51404E-04   6.00113E-03   5.45339E-03   2.36789E-03  -2.80606E-03  -6.91381E-03  -1.12526E-03   1.58687E-03   2.00661E-03   4.43485E-03   6.85553E-04  -1.75556E-03  -1.86811E-03  -4.68180E-03  -4.95392E-04   1.19048E-03   1.73759E-03   4.75374E-03   2.98758E-04  -5.82665E-04  -1.56295E-03  -4.42417E-03   4.54651E-04   1.71500E-03
 9.68100E+02  -4.60140E-03  -4.55883E-03  -1.26348E-03   5.12498E-03   4.14180E-03   3.40118E-03   1.32284E-03  -4.86884E-03  -3.66718E-03  -3.72071E-03  -1.30570E-03   4.30834E-03   3.23724E-03   3.95904E-03   1.21733E-03  -3.64778E-03  -2.95019E-03  -3.55032E-03  -6.23776E-04   5.79602E-03   5.94196E-03   2.33652E-03  -3.53878E-03  -6.67011E-03  -1.05130E-03   1.51560E-03   2.52075E-03   4.26552E-03   5.65227E-04  -1.68036E-03  -2.41945E-03  -4.49118E-03  -4.11024E-04   1.13888E-03   2.30534E-03   4.55215E-03   2.59724E-04  -5.57306E-04  -2.09669E-03  -4.23274E-03   6.53318E-04   1.64033E-03
 9.75100E+02  -4.91127E-03  -4.57687E-03  -1.17321E-03   4.94915E-03   4.48409E-03   3.36997E-03   1.20934E-03  -4.70090E-03  -4.04260E-03  -3.63228E-03  -1.18023E-03   4.15729E-03   3.64676E-03   3.82168E-03   1.09762E-03  -3.52186E-03  -3.35847E-03  -3.39562E-03  -3.08560E-04   5.58235E-03   6.52672E-03   2.15315E-03  -4.32344E-03  -6.30398E-03  -9.96938E-04   1.46044E-03   3.07179E-03   4.00802E-03   4.56979E-04  -1.60827E-03  -3.00515E-03  -4.21068E-03  -3.35611E-04   1.08981E-03   2.90495E-03   4.26104E-03   2.26166E-04  -5.34605E-04  -2.65902E-03  -3.95822E-03   8.60278E-04   1.53737E-03
 9.82200E+02  -5.26178E-03  -4.47257E-03  -1.09301E-03   4.78337E-03   4.86411E-03   3.21915E-03   1.10894E-03  -4.54579E-03  -4.45181E-03  -3.42715E-03  -1.06977E-03   4.02062E-03   4.08553E-03   3.57010E-03   9.93353E-04  -3.41126E-03  -3.79310E-03  -3.13007E-03  -7.00244E-06   5.35134E-03   7.17003E-03   1.76434E-03  -5.13164E-03  -5.76653E-03  -9.57384E-04   1.42497E-03   3.63940E-03   3.62750E-03   3.59137E-04  -1.53828E-03  -3.60485E-03  -3.80445E-03  -2.67833E-04   1.04271E-03   3.51641E-03   3.84449E-03   1.97055E-04  -5.14764E-04  -3.23147E-03  -3.56720E-03   1.06939E-03   1.39451E-03
 9.89300E+02  -5.60687E-03  -4.22339E-03  -1.02173E-03   4.62990E-03   5.23571E-03   2.92657E-03   1.01988E-03  -4.40572E-03  -4.84880E-03  -3.08375E-03  -9.72055E-04   3.90043E-03   4.50776E-03   3.18312E-03   9.01552E-04  -3.31809E-03  -4.20954E-03  -2.73321E-03   2.69807E-04   5.09869E-03   7.79230E-03   1.13322E-03  -5.89322E-03  -5.02588E-03  -9.26378E-04   1.41226E-03   4.17362E-03   3.10122E-03   2.72210E-04  -1.47030E-03  -4.16739E-03  -3.24922E-03  -2.07810E-04   9.97601E-04   4.08866E-03   3.27929E-03   1.71722E-04  -4.98128E-04  -3.76664E-03  -3.03812E-03   1.26427E-03   1.20430E-03
 9.96400E+02  -5.88818E-03  -3.82601E-03  -9.56897E-04   4.48808E-03   5.54074E-03   2.48866E-03   9.38711E-04  -4.27994E-03  -5.17597E-03  -2.59821E-03  -8.82866E-04   3.79600E-03   4.85640E-03   2.65659E-03   8.17228E-04  -3.24178E-03  -4.55237E-03  -2.20088E-03   5.09860E-04   4.82217E-03   8.29327E-03   2.52999E-04  -6.52173E-03  -4.07458E-03  -8.95293E-04   1.42234E-03   4.61275E-03   2.42389E-03   1.96095E-04  -1.40378E-03  -4.62973E-03  -2.53945E-03  -1.55175E-04   9.54116E-04   4.55885E-03   2.55984E-03   1.49061E-04  -4.84570E-04  -4.20621E-03  -2.36577E-03   1.42486E-03   9.64878E-04
 1.00360E+03  -6.04353E-03  -3.30050E-03  -8.95377E-04   4.35504E-03   5.71745E-03   1.92478E-03   8.61161E-04  -4.16554E-03  -5.37227E-03  -1.98900E-03  -7.97077E-04   3.70451E-03   5.07105E-03   2.00824E-03   7.34437E-04  -3.17961E-03  -4.76283E-03  -1.54996E-03   7.01300E-04   4.52412E-03   8.56585E-03  -8.45387E-04  -6.92562E-03  -2.93789E-03  -8.54615E-04   1.45215E-03   4.89133E-03   1.61351E-03   1.30390E-04  -1.33828E-03  -4.92494E-03  -1.69341E-03  -1.09337E-04   9.11900E-04   4.86024E-03   1.70425E-03   1.27786E-04  -4.73646E-04  -4.48823E-03  -1.56691E-03   1.52987E-03   6.81976E-04
 1.01090E+03  -6.01917E-03  -2.70785E-03  -8.35413E-04   4.22955E-03   5.71210E-03   1.29603E-03   7.84725E-04  -4.06074E-03  -5.38420E-03  -1.31705E-03  -7.11576E-04   3.62374E-03   5.09842E-03   1.29885E-03   6.49332E-04  -3.12868E-03  -4.78899E-03  -8.39640E-04   8.31622E-04   4.22104E-03   8.51671E-03  -2.05749E-03  -7.02260E-03  -1.71063E-03  -7.96976E-04   1.49454E-03   4.95058E-03   7.37626E-04   7.57050E-05  -1.27565E-03  -4.99273E-03  -7.80538E-04  -7.04613E-05   8.71976E-04   4.93257E-03   7.82061E-04   1.07128E-04  -4.64935E-04  -4.55669E-03  -7.06210E-04   1.55994E-03   3.78087E-04
 1.01820E+03  -5.80485E-03  -2.14113E-03  -7.76731E-04   4.11153E-03   5.51433E-03   6.96046E-04   7.08956E-04  -3.96445E-03  -5.20140E-03  -6.76372E-04  -6.25745E-04   3.55168E-03   4.92820E-03   6.22858E-04   5.61101E-04  -3.08554E-03  -4.62079E-03  -1.62107E-04   8.98583E-04   3.93996E-03   8.12764E-03  -3.22101E-03  -6.79699E-03  -5.41843E-04  -7.20779E-04   1.53894E-03   4.77932E-03  -9.75559E-05   3.19795E-05  -1.21927E-03  -4.82171E-03   8.97919E-05  -3.84442E-05   8.36291E-04   4.76448E-03  -9.71025E-05   8.68605E-05  -4.57959E-04  -4.40107E-03   1.14375E-04   1.51145E-03   8.87430E-05
 1.02550E+03  -5.43938E-03  -1.67456E-03  -7.19016E-04   3.99926E-03   5.16326E-03   1.99055E-04   6.33540E-04  -3.87426E-03  -4.86316E-03  -1.40946E-04  -5.39328E-04   3.48537E-03   4.59997E-03   5.40564E-05   4.69919E-04  -3.04638E-03  -4.29681E-03   4.10780E-04   9.15466E-04   3.70053E-03   7.46489E-03  -4.20881E-03  -6.31210E-03   4.53430E-04  -6.29351E-04   1.57647E-03   4.42252E-03  -8.10048E-04  -3.20198E-06  -1.17121E-03  -4.45830E-03   8.33293E-04  -1.17397E-05   8.05979E-04   4.40260E-03  -8.48851E-04   6.67835E-05  -4.52150E-04  -4.06477E-03   8.16383E-04   1.39965E-03  -1.58776E-04
 1.03290E+03  -4.98066E-03  -1.34338E-03  -6.61671E-04   3.89013E-03   4.71725E-03  -1.60124E-04   5.57859E-04  -3.78747E-03  -4.42815E-03   2.55111E-04  -4.51794E-04   3.42215E-03   4.17268E-03  -3.74018E-04   3.75906E-04  -3.00844E-03  -3.87437E-03   8.46663E-04   9.02160E-04   3.51035E-03   6.62655E-03  -4.96324E-03  -5.66153E-03   1.22458E-03  -5.27639E-04   1.60266E-03   3.94651E-03  -1.36384E-03  -3.33705E-05  -1.13190E-03  -3.97092E-03   1.41312E-03   1.19013E-05   7.81219E-04   3.91557E-03  -1.43641E-03   4.66159E-05  -4.47090E-04  -3.61163E-03   1.36567E-03   1.24696E-03  -3.52653E-04
 1.04040E+03  -4.49215E-03  -1.15488E-03  -6.04953E-04   3.78378E-03   4.23999E-03  -3.74243E-04   4.82401E-04  -3.70363E-03  -3.96005E-03   5.04654E-04  -3.63870E-04   3.36148E-03   3.71012E-03  -6.54328E-04   2.80490E-04  -2.97112E-03  -3.41546E-03   1.13875E-03   8.78308E-04   3.37097E-03   5.72001E-03  -5.47214E-03  -4.94550E-03   1.76105E-03  -4.21924E-04   1.61650E-03   3.42243E-03  -1.75141E-03  -6.15054E-05  -1.10141E-03  -3.43281E-03   1.82159E-03   3.43123E-05   7.62014E-04   3.37680E-03  -1.85212E-03   2.63767E-05  -4.42674E-04  -3.10991E-03   1.75514E-03   1.07725E-03  -4.90435E-04
 1.04790E+03  -4.02895E-03  -1.09082E-03  -5.49589E-04   3.68155E-03   3.78661E-03  -4.61369E-04   4.08241E-04  -3.62385E-03  -3.51387E-03   6.25389E-04  -2.76922E-04   3.30432E-03   3.26726E-03  -8.04314E-04   1.85654E-04  -2.93537E-03  -2.97357E-03   1.30382E-03   8.59799E-04   3.27768E-03   4.83891E-03  -5.76478E-03  -4.25021E-03   2.08938E-03  -3.18141E-04   1.61994E-03   2.91163E-03  -1.99159E-03  -8.97397E-05  -1.07915E-03  -2.90710E-03   2.07801E-03   5.67627E-05   7.48019E-04   2.84952E-03  -2.11527E-03   6.25498E-06  -4.38978E-04  -2.61843E-03   2.00270E-03   9.11041E-04  -5.78366E-04
 1.05540E+03  -3.61826E-03  -1.11890E-03  -4.95168E-04   3.58340E-03   3.38441E-03  -4.54029E-04   3.34893E-04  -3.54826E-03  -3.11694E-03   6.49958E-04  -1.90437E-04   3.25097E-03   2.87146E-03  -8.56765E-04   9.11348E-05  -2.90192E-03  -2.57512E-03   1.37386E-03   8.56281E-04   3.22042E-03   4.02779E-03  -5.89682E-03  -3.61855E-03   2.26148E-03  -2.18332E-04   1.61629E-03   2.44433E-03  -2.12128E-03  -1.19877E-04  -1.06365E-03  -2.42491E-03   2.22039E-03   8.04213E-05   7.38339E-04   2.36492E-03  -2.26399E-03  -1.39612E-05  -4.36049E-04  -2.16614E-03   2.14381E-03   7.58520E-04  -6.28836E-04
 1.06310E+03  -3.26222E-03  -1.21197E-03  -4.39540E-04   3.48675E-03   3.03576E-03  -3.80008E-04   2.59463E-04  -3.47502E-03  -2.77160E-03   6.07009E-04  -1.00988E-04   3.20033E-03   2.52496E-03  -8.41126E-04  -6.68956E-06  -2.87055E-03  -2.22157E-03   1.37801E-03   8.73516E-04   3.18913E-03   3.28365E-03  -5.91922E-03  -3.05299E-03   2.32603E-03  -1.20054E-04   1.60831E-03   2.02140E-03  -2.17527E-03  -1.54110E-04  -1.05324E-03  -1.98700E-03   2.28482E-03   1.06865E-04   7.31971E-04   1.92364E-03  -2.33458E-03  -3.51520E-05  -4.33852E-04  -1.75356E-03   2.21230E-03   6.20108E-04  -6.53697E-04
 1.07070E+03  -2.97665E-03  -1.34271E-03  -3.83926E-04   3.39517E-03   2.75607E-03  -2.65963E-04   1.83592E-04  -3.40681E-03  -2.49306E-03   5.21986E-04  -1.04898E-05   3.15429E-03   2.24283E-03  -7.81790E-04  -1.05702E-04  -2.84267E-03  -1.92775E-03   1.33917E-03   9.13693E-04   3.17727E-03   2.63452E-03  -5.87060E-03  -2.57711E-03   2.31777E-03  -2.59965E-05   1.59845E-03   1.65992E-03  -2.17783E-03  -1.92165E-04  -1.04710E-03  -1.61095E-03   2.29587E-03   1.35831E-04   7.28383E-04   1.54330E-03  -2.35143E-03  -5.69206E-05  -4.32423E-04  -1.39709E-03   2.23073E-03   5.01438E-04  -6.60817E-04
 1.07850E+03  -2.74724E-03  -1.49809E-03  -3.24960E-04   3.30452E-03   2.53116E-03  -1.25602E-04   1.02673E-04  -3.34036E-03  -2.26696E-03   4.09670E-04   8.66005E-05   3.11042E-03   2.01032E-03  -6.94483E-04  -2.12000E-04  -2.81677E-03  -1.67798E-03   1.27314E-03   9.80182E-04   3.17774E-03   2.04426E-03  -5.77783E-03  -2.16522E-03   2.26421E-03   6.94818E-05   1.58758E-03   1.34010E-03  -2.14859E-03  -2.36566E-04  -1.04375E-03  -1.27610E-03   2.27405E-03   1.69231E-04   7.26632E-04   1.20294E-03  -2.33526E-03  -8.06471E-05  -4.31543E-04  -1.07704E-03   2.21844E-03   3.95997E-04  -6.57030E-04
 1.08630E+03  -2.57637E-03  -1.66137E-03  -2.62798E-04   3.21634E-03   2.36307E-03   2.48355E-05   1.68897E-05  -3.27637E-03  -2.09509E-03   2.85379E-04   1.90117E-04   3.06871E-03   1.82903E-03  -5.93661E-04  -3.25459E-04  -2.79240E-03  -1.47365E-03   1.19305E-03   1.07334E-03   3.18495E-03   1.51505E-03  -5.66081E-03  -1.81915E-03   2.18480E-03   1.66233E-04   1.57620E-03   1.06316E-03  -2.10068E-03  -2.87352E-04  -1.04201E-03  -9.83612E-04   2.23253E-03   2.07095E-04   7.25911E-04   9.03673E-04  -2.29901E-03  -1.06337E-04  -4.30933E-04  -7.94416E-04   2.18733E-03   3.04140E-04  -6.46566E-04
 1.09410E+03  -2.45824E-03  -1.82266E-03  -1.96082E-04   3.12927E-03   2.24585E-03   1.75615E-04  -7.56283E-05  -3.21306E-03  -1.97125E-03   1.58571E-04   3.02350E-04   3.02709E-03   1.69242E-03  -4.88448E-04  -4.48647E-04  -2.76747E-03  -1.30772E-03   1.10708E-03   1.19447E-03   3.19301E-03   1.03066E-03  -5.52986E-03  -1.52704E-03   2.09207E-03   2.66698E-04   1.56359E-03   8.19943E-04  -2.04233E-03  -3.45563E-04  -1.04029E-03  -7.23883E-04   2.17956E-03   2.50221E-04   7.25105E-04   6.35720E-04  -2.25077E-03  -1.34585E-04  -4.30075E-04  -5.40024E-04   2.14480E-03   2.22809E-04  -6.32155E-04
 1.10200E+03  -2.38733E-03  -1.97598E-03  -1.22515E-04   3.04019E-03   2.17375E-03   3.20983E-04  -1.78072E-04  -3.14699E-03  -1.88929E-03   3.47924E-05   4.27200E-04   2.98191E-03   1.59379E-03  -3.84057E-04  -5.85906E-04  -2.73834E-03  -1.17241E-03   1.01934E-03   1.34720E-03   3.19540E-03   5.70559E-04  -5.38649E-03  -1.27530E-03   1.99213E-03   3.74630E-04   1.54777E-03   5.99500E-04  -1.97682E-03  -4.13168E-04  -1.03649E-03  -4.85277E-04   2.11828E-03   3.00087E-04   7.22719E-04   3.87123E-04  -2.19348E-03  -1.66401E-04  -4.28172E-04  -3.02545E-04   2.09343E-03   1.48318E-04  -6.14914E-04
 1.11000E+03  -2.36110E-03  -2.11335E-03  -4.06923E-05   2.94621E-03   2.14398E-03   4.53567E-04  -2.92403E-04  -3.07424E-03  -1.84610E-03  -7.94439E-05   5.67092E-04   2.92846E-03   1.52956E-03  -2.85999E-04  -7.39957E-04  -2.69992E-03  -1.06341E-03   9.33423E-04   1.53402E-03   3.18350E-03   1.22678E-04  -5.22778E-03  -1.05614E-03   1.88878E-03   4.92355E-04   1.52551E-03   3.95432E-04  -1.90512E-03  -4.91443E-04  -1.02767E-03  -2.60938E-04   2.04911E-03   3.57653E-04   7.16638E-04   1.50797E-04  -2.12711E-03  -2.02433E-04  -4.24020E-04  -7.52494E-05   2.03293E-03   7.84891E-05  -5.95058E-04
 1.11800E+03  -2.37634E-03  -2.22449E-03   4.90813E-05   2.84449E-03   2.15331E-03   5.63993E-04  -4.18206E-04  -2.99031E-03  -1.83848E-03  -1.76160E-04   7.21543E-04   2.86088E-03   1.49667E-03  -2.00666E-04  -9.10317E-04  -2.64561E-03  -9.77920E-04   8.52940E-04   1.75327E-03   3.14625E-03  -3.16911E-04  -5.04758E-03  -8.65296E-04   1.78469E-03   6.19820E-04   1.49241E-03   2.04880E-04  -1.82672E-03  -5.80011E-04  -1.01003E-03  -4.79798E-05   1.97068E-03   4.22662E-04   7.04083E-04  -7.61025E-05  -2.04963E-03  -2.42580E-04  -4.16010E-04   1.44481E-04   1.96099E-03   1.23784E-05  -5.72208E-04
 1.12610E+03  -2.42823E-03  -2.30066E-03   1.47385E-04   2.72844E-03   2.19706E-03   6.44640E-04  -5.56341E-04  -2.88691E-03  -1.86183E-03  -2.49152E-04   8.91648E-04   2.76960E-03   1.49047E-03  -1.32522E-04  -1.09825E-03  -2.56523E-03  -9.11183E-04   7.78919E-04   2.00519E-03   3.06868E-03  -7.58310E-04  -4.83029E-03  -6.95058E-04   1.67808E-03   7.58392E-04   1.44160E-03   2.20374E-05  -1.73708E-03  -6.79374E-04  -9.78122E-04   1.59647E-04   1.87730E-03   4.95511E-04   6.81113E-04  -2.99705E-04  -1.95451E-03  -2.87154E-04  -4.01813E-04   3.62392E-04   1.87099E-03  -5.19377E-05  -5.44671E-04
 1.13420E+03  -2.50769E-03  -2.32946E-03   2.50161E-04   2.59316E-03   2.26698E-03   6.84433E-04  -7.01239E-04  -2.75675E-03  -1.90915E-03  -2.89355E-04   1.07063E-03   2.64535E-03   1.50549E-03  -8.83016E-05  -1.29637E-03  -2.44844E-03  -8.60546E-04   7.14006E-04   2.27808E-03   2.93465E-03  -1.19283E-03  -4.56145E-03  -5.44262E-04   1.56857E-03   9.03175E-04   1.36601E-03  -1.51370E-04  -1.63222E-03  -7.85459E-04  -9.26200E-04   3.59315E-04   1.76360E-03   5.73246E-04   6.43528E-04  -5.16704E-04  -1.83538E-03  -3.34434E-04  -3.78949E-04   5.74990E-04   1.75641E-03  -1.13693E-04  -5.10820E-04
 1.14240E+03  -2.60128E-03  -2.30005E-03   3.52238E-04   2.43064E-03   2.35106E-03   6.74053E-04  -8.45896E-04  -2.58958E-03  -1.97028E-03  -2.89386E-04   1.25004E-03   2.47617E-03   1.53369E-03  -7.30580E-05  -1.49546E-03  -2.28241E-03  -8.21655E-04   6.58817E-04   2.55706E-03   2.72544E-03  -1.61128E-03  -4.21997E-03  -4.10099E-04   1.45252E-03   1.04821E-03   1.25689E-03  -3.14111E-04  -1.50535E-03  -8.93196E-04  -8.47449E-04   5.48653E-04   1.62127E-03   6.52194E-04   5.86369E-04  -7.23856E-04  -1.68281E-03  -3.82286E-04  -3.44468E-04   7.78719E-04   1.60780E-03  -1.72207E-04  -4.68132E-04
 1.15060E+03  -2.68623E-03  -2.20605E-03   4.41713E-04   2.23886E-03   2.42916E-03   6.07761E-04  -9.73975E-04  -2.38203E-03  -2.02884E-03  -2.44566E-04   1.40996E-03   2.25760E-03   1.56316E-03  -9.02521E-05  -1.67374E-03  -2.06209E-03  -7.90811E-04   6.14734E-04   2.80907E-03   2.43308E-03  -1.98094E-03  -3.79875E-03  -2.95732E-04   1.32974E-03   1.17864E-03   1.11074E-03  -4.56413E-04  -1.35450E-03  -9.90735E-04  -7.39013E-04   7.15086E-04   1.44761E-03   7.23727E-04   5.07554E-04  -9.06569E-04  -1.49363E-03  -4.25602E-04  -2.97141E-04   9.58761E-04   1.42187E-03  -2.23651E-04  -4.15786E-04
 1.15890E+03  -2.73626E-03  -2.04987E-03   5.05687E-04   2.01702E-03   2.47818E-03   4.87901E-04  -1.06790E-03  -2.13380E-03  -2.06605E-03  -1.56929E-04   1.52910E-03   1.98976E-03   1.58013E-03  -1.38214E-04  -1.80791E-03  -1.78789E-03  -7.63091E-04   5.80587E-04   2.99853E-03   2.05881E-03  -2.26852E-03  -3.29734E-03  -2.03220E-04   1.19921E-03   1.27875E-03   9.27934E-04  -5.68774E-04  -1.17930E-03  -1.06546E-03  -6.01301E-04   8.46130E-04   1.24243E-03   7.78670E-04   4.07386E-04  -1.05020E-03  -1.26776E-03  -4.58962E-04  -2.37141E-04   1.10017E-03   1.19865E-03  -2.64231E-04  -3.53745E-04
 1.16730E+03  -2.72464E-03  -1.84903E-03   5.30184E-04   1.77438E-03   2.47467E-03   3.29902E-04  -1.10859E-03  -1.85764E-03  -2.06294E-03  -3.89084E-05   1.58426E-03   1.68830E-03   1.57095E-03  -2.08106E-04  -1.87264E-03  -1.47707E-03  -7.34422E-04   5.54050E-04   3.08713E-03   1.62865E-03  -2.43564E-03  -2.74287E-03  -1.36672E-04   1.06457E-03   1.33131E-03   7.20372E-04  -6.39558E-04  -9.88359E-04  -1.10368E-03  -4.43726E-04   9.26901E-04   1.01665E-03   8.07060E-04   2.92730E-04  -1.13754E-03  -1.01774E-03  -4.76462E-04  -1.68551E-04   1.18549E-03   9.50800E-04  -2.89409E-04  -2.85359E-04
 1.17570E+03  -2.63760E-03  -1.63738E-03   5.07900E-04   1.53057E-03   2.40645E-03   1.63245E-04  -1.08600E-03  -1.57990E-03  -2.00967E-03   8.58947E-05   1.56324E-03   1.38498E-03   1.52853E-03  -2.83347E-04  -1.85457E-03  -1.16429E-03  -7.02704E-04   5.31357E-04   3.05470E-03   1.19439E-03  -2.46207E-03  -2.19071E-03  -9.82923E-05   9.33990E-04   1.32725E-03   5.11870E-04  -6.62628E-04  -7.99409E-04  -1.09820E-03  -2.85043E-04   9.49568E-04   7.92482E-04   8.03670E-04   1.77262E-04  -1.15954E-03  -7.69029E-04  -4.75008E-04  -9.95085E-05   1.20559E-03   7.03969E-04  -2.96803E-04  -2.17443E-04
 1.18420E+03  -2.47906E-03  -1.44675E-03   4.41705E-04   1.30101E-03   2.27703E-03   1.61086E-05  -1.00424E-03  -1.32250E-03  -1.90899E-03   1.94710E-04   1.47123E-03   1.10704E-03   1.45460E-03  -3.47625E-04  -1.75955E-03  -8.79734E-04  -6.67581E-04   5.07792E-04   2.90984E-03   8.01954E-04  -2.35912E-03  -1.68767E-03  -8.51667E-05   8.13139E-04   1.27094E-03   3.23309E-04  -6.42196E-04  -6.27118E-04  -1.05240E-03  -1.41836E-04   9.19224E-04   5.88667E-04   7.70995E-04   7.30784E-05  -1.12193E-03  -5.43240E-04  -4.56110E-04  -3.72000E-05   1.16614E-03   4.80052E-04  -2.88006E-04  -1.55753E-04
 1.19280E+03  -2.26894E-03  -1.30250E-03   3.42718E-04   1.09919E-03   2.10394E-03  -8.92115E-05  -8.78689E-04  -1.10406E-03  -1.77496E-03   2.69577E-04   1.32709E-03   8.77250E-04   1.35900E-03  -3.88182E-04  -1.60841E-03  -6.48468E-04  -6.31138E-04   4.80033E-04   2.68383E-03   4.89126E-04  -2.16088E-03  -1.27320E-03  -9.19403E-05   7.07313E-04   1.17699E-03   1.71966E-04  -5.89416E-04  -4.83978E-04  -9.77814E-04  -2.77652E-05   8.49873E-04   4.21006E-04   7.17486E-04  -9.86157E-06  -1.04073E-03  -3.58538E-04  -4.24815E-04   1.24536E-05   1.08332E-03   2.97394E-04  -2.67340E-04  -1.05136E-04
 1.20140E+03  -2.03654E-03  -1.21532E-03   2.26952E-04   9.31997E-04   1.91275E-03  -1.43511E-04  -7.31295E-04  -9.33415E-04  -1.62806E-03   3.03146E-04   1.15762E-03   7.06070E-04   1.25615E-03  -3.99880E-04  -1.43061E-03  -4.81785E-04  -5.96770E-04   4.47030E-04   2.42094E-03   2.72632E-04  -1.91453E-03  -9.65384E-04  -1.11736E-04   6.19301E-04   1.06585E-03   6.55314E-05  -5.19474E-04  -3.75789E-04  -8.90615E-04   5.11364E-05   7.60657E-04   2.96728E-04   6.54964E-04  -6.71652E-05  -9.37916E-04  -2.23166E-04  -3.88168E-04   4.68407E-05   9.79321E-04   1.64289E-04  -2.40694E-04  -6.78025E-05
 1.21010E+03  -1.80217E-03  -1.17989E-03   1.05742E-04   7.94741E-04   1.72151E-03  -1.51105E-04  -5.77870E-04  -8.04942E-04  -1.48288E-03   2.98674E-04   9.82378E-04   5.87164E-04   1.15637E-03  -3.84788E-04  -1.24788E-03  -3.73051E-04  -5.66724E-04   4.08647E-04   2.15397E-03   1.43068E-04  -1.65575E-03  -7.52843E-04  -1.39082E-04   5.46692E-04   9.52941E-04  -4.70420E-07  -4.44039E-04  -2.98716E-04  -8.03035E-04   9.83240E-05   6.66297E-04   2.11204E-04   5.92410E-04  -1.01358E-04  -8.30404E-04  -1.31932E-04  -3.51537E-04   6.74728E-05   8.71215E-04   7.55525E-05  -2.12627E-04  -4.23399E-05
 1.21880E+03  -1.58310E-03  -1.18556E-03  -1.15347E-05   6.82610E-04   1.54533E-03  -1.21513E-04  -4.31284E-04  -7.11451E-04  -1.35158E-03   2.63834E-04   8.17110E-04   5.11429E-04   1.06826E-03  -3.48376E-04  -1.07757E-03  -3.12097E-04  -5.43105E-04   3.66421E-04   1.90914E-03   8.49135E-05  -1.41233E-03  -6.19572E-04  -1.70086E-04   4.87475E-04   8.50459E-04  -3.31694E-05  -3.72050E-04  -2.47693E-04  -7.24776E-04   1.19477E-04   5.78142E-04   1.57959E-04   5.36942E-04  -1.16598E-04  -7.31278E-04  -7.73469E-05  -3.19173E-04   7.68277E-05   7.72251E-04   2.35959E-05  -1.86644E-04  -2.67495E-05
 1.22760E+03  -1.38368E-03  -1.21999E-03  -1.22556E-04   5.87209E-04   1.38838E-03  -6.51823E-05  -2.95071E-04  -6.42227E-04  -1.23779E-03   2.06804E-04   6.66517E-04   4.66336E-04   9.94561E-04  -2.96214E-04  -9.25225E-04  -2.85486E-04  -5.26606E-04   3.21162E-04   1.69520E-03   7.84886E-05  -1.19387E-03  -5.43544E-04  -2.03479E-04   4.37898E-04   7.62840E-04  -4.17677E-05  -3.06732E-04  -2.15538E-04  -6.59504E-04   1.21821E-04   5.00447E-04   1.28085E-04   4.91324E-04  -1.18174E-04  -6.45567E-04  -4.92677E-05  -2.92755E-04   7.80650E-05   6.87587E-04  -1.78670E-06  -1.64111E-04  -1.82996E-05
 1.23650E+03  -1.20571E-03  -1.27287E-03  -2.26580E-04   5.02643E-04   1.25253E-03   8.93591E-06  -1.70497E-04  -5.89294E-04  -1.14327E-03   1.34697E-04   5.32465E-04   4.42252E-04   9.36748E-04  -2.33279E-04  -7.93205E-04  -2.82702E-04  -5.17802E-04   2.73979E-04   1.51626E-03   1.08060E-04  -1.00448E-03  -5.07876E-04  -2.39107E-04   3.95527E-04   6.92317E-04  -3.36111E-05  -2.49438E-04  -1.96835E-04  -6.09193E-04   1.11204E-04   4.35189E-04   1.14724E-04   4.57091E-04  -1.10387E-04  -5.75747E-04  -3.97851E-05  -2.73227E-04   7.37578E-05   6.19834E-04  -8.60441E-06  -1.45693E-04  -1.48697E-05
 1.24540E+03  -1.04956E-03  -1.33549E-03  -3.23611E-04   4.25190E-04   1.13815E-03   9.29705E-05  -5.76161E-05  -5.46928E-04  -1.06848E-03   5.39425E-05   4.15163E-04   4.31809E-04   8.95305E-04  -1.64237E-04  -6.81927E-04  -2.95411E-04  -5.17021E-04   2.26302E-04   1.37331E-03   1.60717E-04  -8.44905E-04  -4.99485E-04  -2.77303E-04   3.58979E-04   6.39621E-04  -1.47443E-05  -2.00395E-04  -1.87471E-04  -5.74601E-04   9.25327E-05   3.82904E-04   1.12493E-04   4.34881E-04  -9.68705E-05  -5.22618E-04  -4.25778E-05  -2.60999E-04   6.60843E-05   5.69904E-04  -3.31783E-06  -1.31606E-04  -1.47744E-05
 1.25440E+03  -9.10381E-04  -1.40298E-03  -4.16811E-04   3.50731E-04   1.04165E-03   1.82977E-04   4.73683E-05  -5.10267E-04  -1.01111E-03  -3.24253E-05   3.10629E-04   4.29571E-04   8.69073E-04  -9.11406E-05  -5.87648E-04  -3.17897E-04  -5.24485E-04   1.78308E-04   1.26179E-03   2.28124E-04  -7.09626E-04  -5.08824E-04  -3.19799E-04   3.26745E-04   6.03264E-04   1.06896E-05  -1.57852E-04  -1.84332E-04  -5.54945E-04   6.91906E-05   3.41914E-04   1.17397E-04   4.24292E-04  -8.01761E-05  -4.84649E-04  -5.29720E-05  -2.55886E-04   5.65971E-05   5.36470E-04   9.29370E-06  -1.21441E-04  -1.67515E-05
 1.26350E+03  -7.84939E-04  -1.47181E-03  -5.08571E-04   2.77266E-04   9.60693E-04   2.75852E-04   1.47319E-04  -4.76622E-04  -9.69819E-04  -1.21836E-04   2.15923E-04   4.32245E-04   8.57593E-04  -1.59341E-05  -5.07709E-04  -3.46462E-04  -5.40695E-04   1.30634E-04   1.17876E-03   3.04417E-04  -5.94546E-04  -5.29973E-04  -3.68349E-04   2.98541E-04   5.82484E-04   3.96197E-05  -1.20422E-04  -1.85585E-04  -5.50054E-04   4.38673E-05   3.11064E-04   1.26800E-04   4.25381E-04  -6.23971E-05  -4.60956E-04  -6.76759E-05  -2.57982E-04   4.65882E-05   5.18882E-04   2.57512E-05  -1.14955E-04  -1.99215E-05
 1.27260E+03  -6.71092E-04  -1.53919E-03  -6.00468E-04   2.04531E-04   8.93624E-04   3.68672E-04   2.44243E-04  -4.44874E-04  -9.43609E-04  -2.11581E-04   1.28893E-04   4.37879E-04   8.60506E-04   5.90898E-05  -4.40100E-04  -3.78487E-04  -5.66041E-04   8.44939E-05   1.12195E-03   3.84728E-04  -4.96442E-04  -5.59023E-04  -4.24373E-04   2.75081E-04   5.76703E-04   6.93260E-05  -8.69887E-05  -1.90144E-04  -5.59815E-04   1.91385E-05   2.89428E-04   1.38737E-04   4.38216E-04  -4.55966E-05  -4.50835E-04  -8.39848E-05  -2.67373E-04   3.73453E-05   5.16629E-04   4.30701E-05  -1.11952E-04  -2.35736E-05
 1.28180E+03  -5.64278E-04  -1.60500E-03  -6.96132E-04   1.31491E-04   8.37450E-04   4.61441E-04   3.42286E-04  -4.14252E-04  -9.31073E-04  -3.01469E-04   4.55204E-05   4.45773E-04   8.77697E-04   1.33493E-04  -3.81438E-04  -4.13132E-04  -6.01604E-04   4.02925E-05   1.08816E-03   4.67192E-04  -4.10087E-04  -5.94496E-04  -4.90669E-04   2.57380E-04   5.85408E-04   9.80554E-05  -5.57266E-05  -1.97668E-04  -5.84541E-04  -3.00461E-06   2.75708E-04   1.52042E-04   4.63318E-04  -3.15304E-05  -4.53536E-04  -9.99501E-05  -2.84465E-04   3.00204E-05   5.29363E-04   5.89255E-05  -1.12216E-04  -2.71889E-05
 1.29100E+03  -4.62671E-04  -1.66859E-03  -7.97089E-04   5.95112E-05   7.90886E-04   5.52771E-04   4.43323E-04  -3.85646E-04  -9.31600E-04  -3.89620E-04  -3.60980E-05   4.56082E-04   9.09176E-04   2.05140E-04  -3.30083E-04  -4.49700E-04  -6.47990E-04  -1.75488E-07   1.07587E-03   5.48907E-04  -3.32806E-04  -6.35725E-04  -5.68801E-04   2.47969E-04   6.08430E-04   1.23379E-04  -2.56644E-05  -2.08279E-04  -6.24508E-04  -1.97213E-05   2.69255E-04   1.65606E-04   5.01060E-04  -2.26744E-05  -4.68737E-04  -1.13334E-04  -3.09532E-04   2.62200E-05   5.56990E-04   7.05112E-05  -1.15652E-04  -3.01941E-05
 1.30040E+03  -3.61427E-04  -1.73224E-03  -9.08131E-04  -1.14692E-05   7.51480E-04   6.44701E-04   5.52407E-04  -3.60081E-04  -9.44970E-04  -4.77017E-04  -1.20282E-04   4.70296E-04   9.56314E-04   2.73815E-04  -2.83081E-04  -4.89417E-04  -7.07500E-04  -3.57220E-05   1.08385E-03   6.29843E-04  -2.59964E-04  -6.84772E-04  -6.62914E-04   2.50621E-04   6.46673E-04   1.43183E-04   4.98183E-06  -2.23068E-04  -6.81562E-04  -2.78172E-05   2.69448E-04   1.78881E-04   5.53235E-04  -2.20920E-05  -4.96904E-04  -1.21953E-04  -3.43778E-04   2.80212E-05   6.00624E-04   7.47180E-05  -1.22348E-04  -3.20244E-05
 1.30970E+03  -2.61555E-04  -1.79568E-03  -1.02787E-03  -7.66862E-05   7.19269E-04   7.34738E-04   6.68399E-04  -3.41129E-04  -9.70530E-04  -5.59808E-04  -2.06408E-04   4.90195E-04   1.01810E-03   3.34991E-04  -2.40453E-04  -5.32077E-04  -7.79179E-04  -6.23295E-05   1.11098E-03   7.05549E-04  -1.91609E-04  -7.42437E-04  -7.71665E-04   2.70877E-04   6.99048E-04   1.53481E-04   3.60544E-05  -2.42993E-04  -7.54384E-04  -2.23950E-05   2.75850E-04   1.90594E-04   6.18687E-04  -3.40835E-05  -5.37053E-04  -1.22496E-04  -3.86450E-04   3.82154E-05   6.59001E-04   6.71674E-05  -1.32056E-04  -3.18548E-05
 1.31920E+03  -1.58264E-04  -1.86369E-03  -1.16162E-03  -1.34452E-04   6.92350E-04   8.26551E-04   7.96566E-04  -3.32357E-04  -1.00887E-03  -6.39225E-04  -2.98536E-04   5.19863E-04   1.09668E-03   3.87357E-04  -1.99924E-04  -5.80818E-04  -8.65675E-04  -7.67284E-05   1.15737E-03   7.76160E-04  -1.24387E-04  -8.14390E-04  -8.98780E-04   3.17446E-04   7.66806E-04   1.50046E-04   6.88416E-05  -2.70876E-04  -8.44874E-04   3.12057E-06   2.88252E-04   2.00127E-04   6.99108E-04  -6.49622E-05  -5.89900E-04  -1.10926E-04  -4.38636E-04   6.10786E-05   7.33336E-04   4.18647E-05  -1.44930E-04  -2.86620E-05
 1.32870E+03  -5.33038E-05  -1.93851E-03  -1.30677E-03  -1.78354E-04   6.70986E-04   9.19233E-04   9.34239E-04  -3.39680E-04  -1.05882E-03  -7.11654E-04  -3.94621E-04   5.63412E-04   1.18977E-03   4.25377E-04  -1.62410E-04  -6.37088E-04  -9.64277E-04  -7.30310E-05   1.22123E-03   8.37228E-04  -6.04810E-05  -9.04461E-04  -1.03905E-03   4.00213E-04   8.46859E-04   1.26934E-04   1.01991E-04  -3.09139E-04  -9.48755E-04   5.66907E-05   3.05915E-04   2.06053E-04   7.90541E-04  -1.21955E-04  -6.52677E-04  -8.21876E-05  -4.97695E-04   1.01377E-04   8.19734E-04  -8.22653E-06  -1.60271E-04  -2.11868E-05
 1.33830E+03   5.29853E-05  -2.02518E-03  -1.46230E-03  -2.02886E-04   6.55160E-04   1.01496E-03   1.07993E-03  -3.69726E-04  -1.11956E-03  -7.75669E-04  -4.93109E-04   6.26701E-04   1.29551E-03   4.44452E-04  -1.28913E-04  -7.04305E-04  -1.07232E-03  -4.49108E-05   1.30105E-03   8.86113E-04  -2.88953E-06  -1.01965E-03  -1.18589E-03   5.32209E-04   9.35445E-04   7.72081E-05   1.33588E-04  -3.61566E-04  -1.06053E-03   1.48335E-04   3.28026E-04   2.07099E-04   8.87748E-04  -2.14422E-04  -7.21824E-04  -3.01133E-05  -5.60082E-04   1.65366E-04   9.13054E-04  -9.20239E-05  -1.77176E-04  -7.88362E-06
 1.34800E+03   1.56523E-04  -2.12783E-03  -1.62209E-03  -2.02202E-04   6.45950E-04   1.11491E-03   1.22670E-03  -4.28934E-04  -1.18862E-03  -8.29123E-04  -5.88007E-04   7.15051E-04   1.40820E-03   4.39663E-04  -1.02816E-04  -7.85261E-04  -1.18232E-03   1.38191E-05   1.39317E-03   9.19608E-04   4.04590E-05  -1.16593E-03  -1.32355E-03   7.25375E-04   1.02397E-03  -5.68307E-06   1.59065E-04  -4.31484E-04  -1.16778E-03   2.87310E-04   3.52952E-04   2.01973E-04   9.79080E-04  -3.50934E-04  -7.89612E-04   5.10244E-05  -6.17977E-04   2.58752E-04   1.00212E-03  -2.17723E-04  -1.93702E-04   1.26783E-05
 1.35770E+03   2.49379E-04  -2.24731E-03  -1.77431E-03  -1.73875E-04   6.45255E-04   1.21868E-03   1.36166E-03  -5.19415E-04  -1.26130E-03  -8.70683E-04  -6.68675E-04   8.29827E-04   1.51760E-03   4.09085E-04  -8.97302E-05  -8.80333E-04  -1.28140E-03   1.05082E-04   1.49081E-03   9.36107E-04   5.68978E-05  -1.34425E-03  -1.42650E-03   9.82565E-04   1.09843E-03  -1.23539E-04   1.71201E-04  -5.19511E-04  -1.25058E-03   4.75923E-04   3.77972E-04   1.90193E-04   1.04596E-03  -5.33534E-04  -8.43677E-04   1.62704E-04  -6.58964E-04   3.82862E-04   1.06914E-03  -3.87329E-04  -2.06754E-04   4.08649E-05
 1.36750E+03   3.24043E-04  -2.38248E-03  -1.90814E-03  -1.21478E-04   6.55424E-04   1.32698E-03   1.47234E-03  -6.38002E-04  -1.33370E-03  -9.02471E-04  -7.24142E-04   9.68923E-04   1.61402E-03   3.55768E-04  -9.61481E-05  -9.88843E-04  -1.35647E-03   2.25727E-04   1.58829E-03   9.38037E-04   3.15769E-05  -1.55258E-03  -1.46673E-03   1.29852E-03   1.14392E-03  -2.73228E-04   1.61641E-04  -6.24316E-04  -1.28714E-03   7.09952E-04   4.00487E-04   1.72465E-04   1.06787E-03  -7.58366E-04  -8.70630E-04   3.02276E-04  -6.69257E-04   5.35141E-04   1.09459E-03  -5.97115E-04  -2.12970E-04   7.60169E-05
 1.37740E+03   3.73235E-04  -2.52582E-03  -2.01340E-03  -5.65564E-05   6.78842E-04   1.43815E-03   1.54707E-03  -7.72281E-04  -1.40238E-03  -9.29164E-04  -7.44076E-04   1.12227E-03   1.68862E-03   2.89543E-04  -1.28291E-04  -1.10561E-03  -1.39546E-03   3.63623E-04   1.68071E-03   9.31877E-04  -4.96039E-05  -1.77928E-03  -1.41817E-03   1.64979E-03   1.14675E-03  -4.41890E-04   1.22515E-04  -7.39290E-04  -1.25734E-03   9.71172E-04   4.18201E-04   1.51251E-04   1.02580E-03  -1.00850E-03  -8.58140E-04   4.58502E-04  -6.36050E-04   7.04289E-04   1.06042E-03  -8.30919E-04  -2.09253E-04   1.15326E-04
 1.38740E+03   3.94844E-04  -2.66579E-03  -2.08793E-03   3.51711E-06   7.16951E-04   1.54950E-03   1.58266E-03  -9.03462E-04  -1.46738E-03  -9.57637E-04  -7.24807E-04   1.27449E-03   1.73954E-03   2.25157E-04  -1.89309E-04  -1.22261E-03  -1.39450E-03   5.00408E-04   1.76817E-03   9.27198E-04  -1.94017E-04  -2.00641E-03  -1.26946E-03   2.00055E-03   1.10159E-03  -6.09993E-04   4.98263E-05  -8.54277E-04  -1.15257E-03   1.23181E-03   4.30621E-04   1.30249E-04   9.11273E-04  -1.25808E-03  -8.01051E-04   6.14269E-04  -5.53517E-04   8.73051E-04   9.58684E-04  -1.06410E-03  -1.94295E-04   1.54516E-04
 1.39740E+03   3.93835E-04  -2.79002E-03  -2.13997E-03   4.17658E-05   7.69271E-04   1.65715E-03   1.58749E-03  -1.01235E-03  -1.53276E-03  -9.93865E-04  -6.72322E-04   1.40922E-03   1.77390E-03   1.77114E-04  -2.77148E-04  -1.33063E-03  -1.36114E-03   6.17112E-04   1.85657E-03   9.32694E-04  -3.97518E-04  -2.21364E-03  -1.03192E-03   2.31213E-03   1.01543E-03  -7.56883E-04  -5.39665E-05  -9.57954E-04  -9.81748E-04   1.46201E-03   4.39573E-04   1.13121E-04   7.32143E-04  -1.47918E-03  -7.05019E-04   7.51292E-04  -4.26736E-04   1.02270E-03   7.97042E-04  -1.27010E-03  -1.69487E-04   1.89007E-04
 1.40750E+03   3.80277E-04  -2.89336E-03  -2.18671E-03   4.95065E-05   8.35379E-04   1.76017E-03   1.57842E-03  -1.08982E-03  -1.60722E-03  -1.04120E-03  -5.98161E-04   1.51882E-03   1.80630E-03   1.52479E-04  -3.88419E-04  -1.42525E-03  -1.31034E-03   7.04558E-04   1.95840E-03   9.52328E-04  -6.53275E-04  -2.39049E-03  -7.26688E-04   2.56500E-03   9.01784E-04  -8.72324E-04  -1.84610E-04  -1.04436E-03  -7.61804E-04   1.64670E-03   4.48817E-04   1.01510E-04   5.03139E-04  -1.65748E-03  -5.80869E-04   8.60359E-04  -2.65168E-04   1.14358E-03   5.89935E-04  -1.43535E-03  -1.37494E-04   2.16487E-04
 1.41760E+03   3.65254E-04  -2.97437E-03  -2.24598E-03   2.70444E-05   9.13738E-04   1.85642E-03   1.57390E-03  -1.13473E-03  -1.69903E-03  -1.09787E-03  -5.16124E-04   1.60071E-03   1.85216E-03   1.50869E-04  -5.17572E-04  -1.50324E-03  -1.25929E-03   7.60844E-04   2.08566E-03   9.83604E-04  -9.49536E-04  -2.52949E-03  -3.82087E-04   2.74989E-03   7.77415E-04  -9.52730E-04  -3.35251E-04  -1.10962E-03  -5.15008E-04   1.77912E-03   4.62335E-04   9.52130E-05   2.44281E-04  -1.78597E-03  -4.42585E-04   9.37626E-04  -8.19203E-05   1.23076E-03   3.56715E-04  -1.55349E-03  -1.01779E-04   2.35964E-04
 1.42790E+03   3.57607E-04  -3.03850E-03  -2.33506E-03  -1.83949E-05   1.00589E-03   1.94699E-03   1.58954E-03  -1.15494E-03  -1.81864E-03  -1.15998E-03  -4.35029E-04   1.66021E-03   1.92638E-03   1.65183E-04  -6.64597E-04  -1.56546E-03  -1.22091E-03   7.92789E-04   2.25338E-03   1.01931E-03  -1.28714E-03  -2.63100E-03  -9.74237E-06   2.87353E-03   6.52152E-04  -1.00349E-03  -5.05572E-04  -1.15402E-03  -2.51410E-04   1.86483E-03   4.84068E-04   9.20628E-05  -3.67778E-05  -1.86884E-03  -2.97096E-04   9.86884E-04   1.18512E-04   1.28661E-03   1.05412E-04  -1.62884E-03  -6.40078E-05   2.48344E-04
 1.43820E+03   3.63696E-04  -3.09085E-03  -2.46414E-03  -7.33262E-05   1.11086E-03   2.02883E-03   1.63606E-03  -1.16159E-03  -1.97078E-03  -1.21820E-03  -3.62978E-04   1.70244E-03   2.03798E-03   1.83590E-04  -8.26214E-04  -1.60998E-03  -1.20529E-03   8.09373E-04   2.46861E-03   1.04628E-03  -1.65923E-03  -2.69020E-03   3.73761E-04   2.93996E-03   5.35826E-04  -1.03037E-03  -6.91588E-04  -1.17565E-03   1.59542E-05   1.90804E-03   5.16373E-04   8.88243E-05  -3.28341E-04  -1.90824E-03  -1.52589E-04   1.01149E-03   3.28483E-04   1.31197E-03  -1.52667E-04  -1.66422E-03  -2.62060E-05   2.54393E-04
 1.44860E+03   3.86924E-04  -3.13958E-03  -2.64162E-03  -1.22202E-04   1.23076E-03   2.10045E-03   1.72011E-03  -1.16901E-03  -2.16171E-03  -1.26215E-03  -3.02286E-04   1.73489E-03   2.19434E-03   1.91415E-04  -1.00485E-03  -1.63512E-03  -1.21715E-03   8.22284E-04   2.74037E-03   1.04794E-03  -2.07176E-03  -2.70128E-03   7.69798E-04   2.95460E-03   4.30432E-04  -1.04093E-03  -8.96008E-04  -1.17199E-03   2.87313E-04   1.91418E-03   5.61248E-04   8.11872E-05  -6.31928E-04  -1.90683E-03  -9.50968E-06   1.01576E-03   5.49475E-04   1.30767E-03  -4.18390E-04  -1.66310E-03   1.15671E-05   2.55092E-04
 1.45900E+03   4.28113E-04  -3.19224E-03  -2.86857E-03  -1.45927E-04   1.36527E-03   2.15719E-03   1.84296E-03  -1.19282E-03  -2.39172E-03  -1.27756E-03  -2.54095E-04   1.76364E-03   2.39634E-03   1.71088E-04  -1.19976E-03  -1.63586E-03  -1.25772E-03   8.43432E-04   3.06901E-03   1.00292E-03  -2.52308E-03  -2.65130E-03   1.17559E-03   2.91619E-03   3.37336E-04  -1.04100E-03  -1.11792E-03  -1.13704E-03   5.60561E-04   1.88412E-03   6.18848E-04   6.40831E-05  -9.45496E-04  -1.86216E-03   1.30886E-04   1.00165E-03   7.80090E-04   1.27090E-03  -6.89843E-04  -1.62453E-03   4.89940E-05   2.50793E-04
 1.46960E+03   4.87114E-04  -3.25851E-03  -3.14733E-03  -1.22546E-04   1.51664E-03   2.19396E-03   2.00507E-03  -1.25147E-03  -2.66366E-03  -1.24673E-03  -2.16557E-04   1.79494E-03   2.64564E-03   1.00806E-04  -1.41422E-03  -1.60385E-03  -1.32612E-03   8.86230E-04   3.45803E-03   8.82420E-04  -3.02025E-03  -2.51765E-03   1.59893E-03   2.81504E-03   2.53843E-04  -1.03481E-03  -1.36072E-03  -1.05966E-03   8.41145E-04   1.81294E-03   6.89492E-04   3.07723E-05  -1.27472E-03  -1.76468E-03   2.71613E-04   9.68150E-04   1.02431E-03   1.19341E-03  -9.72086E-04  -1.54137E-03   8.68499E-05   2.41038E-04
 1.48020E+03   5.58956E-04  -3.34625E-03  -3.46204E-03  -2.73559E-05   1.67876E-03   2.20216E-03   2.19498E-03  -1.36341E-03  -2.96347E-03  -1.14918E-03  -1.88068E-04   1.83324E-03   2.92707E-03  -4.23460E-05  -1.63951E-03  -1.52857E-03  -1.41503E-03   9.63482E-04   3.88590E-03   6.56007E-04  -3.54177E-03  -2.27454E-03   2.02564E-03   2.63805E-03   1.80076E-04  -1.02534E-03  -1.61384E-03  -9.27430E-04   1.12028E-03   1.69345E-03   7.68552E-04  -2.54483E-05  -1.60761E-03  -1.60270E-03   4.08904E-04   9.13005E-04   1.27272E-03   1.06556E-03  -1.25530E-03  -1.40459E-03   1.24037E-04   2.25061E-04
 1.49090E+03   6.36168E-04  -3.46467E-03  -3.79182E-03   1.64330E-04   1.84499E-03   2.17402E-03   2.39626E-03  -1.54798E-03  -3.27331E-03  -9.63737E-04  -1.64389E-04   1.88312E-03   3.21994E-03  -2.82729E-04  -1.86601E-03  -1.39806E-03  -1.51282E-03   1.08837E-03   4.32428E-03   2.90007E-04  -4.06276E-03  -1.89114E-03   2.44219E-03   2.36722E-03   1.13708E-04  -1.01442E-03  -1.86490E-03  -7.25083E-04   1.39014E-03   1.51491E-03   8.49551E-04  -1.12101E-04  -1.93186E-03  -1.36030E-03   5.40011E-04   8.32099E-04   1.51521E-03   8.74490E-04  -1.52974E-03  -1.20144E-03   1.59659E-04   2.01585E-04
 1.50160E+03   7.05225E-04  -3.61806E-03  -4.09491E-03   4.65815E-04   1.99991E-03   2.10490E-03   2.57796E-03  -1.81511E-03  -3.55634E-03  -6.79266E-04  -1.40221E-04   1.94688E-03   3.48372E-03  -6.32767E-04  -2.07155E-03  -1.20642E-03  -1.59917E-03   1.26769E-03   4.71617E-03  -2.32293E-04  -4.52782E-03  -1.35285E-03   2.81330E-03   1.99466E-03   5.39892E-05  -1.00335E-03  -2.08656E-03  -4.45530E-04   1.62907E-03   1.27285E-03   9.20083E-04  -2.32862E-04  -2.21723E-03  -1.03049E-03   6.55893E-04   7.23881E-04   1.72785E-03   6.14511E-04  -1.77076E-03  -9.26441E-04   1.91041E-04   1.70108E-04
 1.51250E+03   7.50560E-04  -3.80871E-03  -4.32542E-03   8.79445E-04   2.12757E-03   1.99542E-03   2.70494E-03  -2.16786E-03  -3.77225E-03  -2.93803E-04  -1.08287E-04   2.02618E-03   3.67291E-03  -1.09592E-03  -2.23253E-03  -9.52692E-04  -1.65021E-03   1.50392E-03   4.99773E-03  -9.15851E-04  -4.87661E-03  -6.55644E-04   3.10193E-03   1.51848E-03  -1.20829E-06  -9.92885E-04  -2.24873E-03  -8.64921E-05   1.81448E-03   9.66084E-04   9.65888E-04  -3.89095E-04  -2.43119E-03  -6.11076E-04   7.47415E-04   5.87986E-04   1.88457E-03   2.83707E-04  -1.95196E-03  -5.77830E-04   2.15418E-04   1.30490E-04
 1.52340E+03   7.54946E-04  -4.02320E-03  -4.42894E-03   1.36497E-03   2.20730E-03   1.86056E-03   2.73738E-03  -2.57623E-03  -3.87265E-03   1.56120E-04  -6.25634E-05   2.11666E-03   3.73484E-03  -1.63213E-03  -2.31918E-03  -6.60144E-04  -1.64023E-03   1.77785E-03   5.09435E-03  -1.70303E-03  -5.03512E-03   1.41860E-04   3.25956E-03   9.78419E-04  -5.17460E-05  -9.84138E-04  -2.31487E-03   3.22867E-04   1.91632E-03   6.19622E-04   9.70882E-04  -5.68379E-04  -2.53253E-03  -1.35732E-04   8.01719E-04   4.35413E-04   1.95297E-03  -9.15592E-05  -2.03956E-03  -1.83437E-04   2.29034E-04   8.59090E-05
 1.53440E+03   7.09470E-04  -4.24476E-03  -4.37977E-03   1.86644E-03   2.23043E-03   1.72256E-03   2.65531E-03  -3.00001E-03  -3.83502E-03   6.20459E-04   1.42198E-06   2.21309E-03   3.64373E-03  -2.18778E-03  -2.31843E-03  -3.59907E-04  -1.55544E-03   2.06392E-03   4.96979E-03  -2.51775E-03  -4.96939E-03   9.63323E-04   3.26562E-03   4.25329E-04  -9.91405E-05  -9.78009E-04  -2.26785E-03   7.45052E-04   1.92201E-03   2.65023E-04   9.26777E-04  -7.54588E-04  -2.50285E-03   3.52869E-04   8.13783E-04   2.79828E-04   1.91821E-03  -4.77886E-04  -2.01862E-03   2.21682E-04   2.30350E-04   4.03248E-05
 1.54550E+03   6.16104E-04  -4.45246E-03  -4.18597E-03   2.31669E-03   2.20089E-03   1.60742E-03   2.46384E-03  -3.39028E-03  -3.66688E-03   1.03907E-03   8.39988E-05   2.30863E-03   3.40677E-03  -2.69785E-03  -2.23554E-03  -8.94271E-05  -1.39840E-03   2.33085E-03   4.63444E-03  -3.26758E-03  -4.69122E-03   1.71610E-03   3.12922E-03  -7.91670E-05  -1.44692E-04  -9.75446E-04  -2.11319E-03   1.13439E-03   1.83731E-03  -5.93849E-05   8.35355E-04  -9.27981E-04  -2.34901E-03   8.02753E-04   7.86349E-04   1.37819E-04   1.78537E-03  -8.34533E-04  -1.89488E-03   5.94810E-04   2.20108E-04  -1.44732E-06
 1.55660E+03   4.88337E-04  -4.62927E-03  -3.89117E-03   2.66286E-03   2.13576E-03   1.53512E-03   2.19457E-03  -3.70803E-03  -3.40746E-03   1.36449E-03   1.81118E-04   2.39744E-03   3.06608E-03  -3.11054E-03  -2.09522E-03   1.21701E-04  -1.18899E-03   2.55350E-03   4.14828E-03  -3.87867E-03  -4.26137E-03   2.32625E-03   2.89137E-03  -4.85945E-04  -1.89614E-04  -9.77092E-04  -1.88066E-03   1.45426E-03   1.68777E-03  -3.22979E-04   7.09161E-04  -1.07266E-03  -2.10517E-03   1.17225E-03   7.30611E-04   2.26364E-05   1.58108E-03  -1.12879E-03  -1.69646E-03   9.01681E-04   2.01528E-04  -3.55532E-05
 1.56790E+03   3.40153E-04  -4.77230E-03  -3.54374E-03   2.89119E-03   2.05535E-03   1.51225E-03   1.88103E-03  -3.94459E-03  -3.10033E-03   1.58471E-03   2.90105E-04   2.47927E-03   2.66675E-03  -3.41413E-03  -1.92541E-03   2.66159E-04  -9.47245E-04   2.72676E-03   3.57529E-03  -4.33485E-03  -3.74605E-03   2.77754E-03   2.59794E-03  -7.84221E-04  -2.36488E-04  -9.83259E-04  -1.60208E-03   1.69705E-03   1.50186E-03  -5.19272E-04   5.60903E-04  -1.18544E-03  -1.80831E-03   1.45279E-03   6.59244E-04  -6.29407E-05   1.33375E-03  -1.35401E-03  -1.45379E-03   1.13531E-03   1.78191E-04  -6.11982E-05
 1.57920E+03   1.88315E-04  -4.88130E-03  -3.19698E-03   3.00415E-03   1.98011E-03   1.53699E-03   1.56219E-03  -4.10079E-03  -2.79327E-03   1.70164E-03   4.05449E-04   2.55361E-03   2.26049E-03  -3.60983E-03  -1.75589E-03   3.45019E-04  -6.97977E-04   2.85086E-03   2.98890E-03  -4.63748E-03  -3.21888E-03   3.07133E-03   2.29803E-03  -9.74925E-04  -2.86246E-04  -9.93776E-04  -1.31357E-03   1.86310E-03   1.31007E-03  -6.48678E-04   4.06038E-04  -1.26634E-03  -1.49951E-03   1.64469E-03   5.85482E-04  -1.19086E-04   1.07550E-03  -1.51035E-03  -1.20062E-03   1.29589E-03   1.53925E-04  -7.84185E-05
 1.59060E+03   4.07385E-05  -4.96442E-03  -2.87962E-03   3.02508E-03   1.92267E-03   1.60116E-03   1.25737E-03  -4.19454E-03  -2.51219E-03   1.73634E-03   5.26364E-04   2.62362E-03   1.87335E-03  -3.72124E-03  -1.60345E-03   3.71454E-04  -4.52132E-04   2.93747E-03   2.42576E-03  -4.82035E-03  -2.71834E-03   3.24140E-03   2.01877E-03  -1.08051E-03  -3.41012E-04  -1.00838E-03  -1.03313E-03   1.96924E-03   1.12908E-03  -7.25276E-04   2.51333E-04  -1.32267E-03  -1.19980E-03   1.76711E-03   5.16845E-04  -1.51910E-04   8.22245E-04  -1.61286E-03  -9.54212E-04   1.39921E-03   1.30816E-04  -8.89912E-05
 1.60210E+03  -9.82436E-05  -5.02946E-03  -2.60848E-03   2.97814E-03   1.89082E-03   1.69564E-03   9.77366E-04  -4.24370E-03  -2.27230E-03   1.71047E-03   6.53021E-04   2.69198E-03   1.51995E-03  -3.77202E-03  -1.47812E-03   3.58995E-04  -2.15342E-04   2.99803E-03   1.90622E-03  -4.91709E-03  -2.26622E-03   3.32143E-03   1.77595E-03  -1.12346E-03  -4.02537E-04  -1.02664E-03  -7.70521E-04   2.03202E-03   9.68497E-04  -7.63041E-04   1.00074E-04  -1.36146E-03  -9.20672E-04   1.83887E-03   4.57731E-04  -1.67487E-04   5.82451E-04  -1.67619E-03  -7.23964E-04   1.46069E-03   1.10052E-04  -9.46699E-05
 1.61370E+03  -2.27806E-04  -5.08326E-03  -2.38982E-03   2.88486E-03   1.88858E-03   1.81226E-03   7.24979E-04  -4.26407E-03  -2.07938E-03   1.64335E-03   7.87097E-04   2.76091E-03   1.20431E-03  -3.78308E-03  -1.38409E-03   3.19760E-04   1.21798E-05   3.04249E-03   1.43537E-03  -4.95737E-03  -1.86928E-03   3.34131E-03   1.57559E-03  -1.12385E-03  -4.72715E-04  -1.04798E-03  -5.27838E-04   2.06594E-03   8.31719E-04  -7.74418E-04  -4.79741E-05  -1.38877E-03  -6.64925E-04   1.87648E-03   4.09904E-04  -1.71260E-04   3.57646E-04  -1.71315E-03  -5.12093E-04   1.49387E-03   9.20344E-05  -9.70119E-05
 1.62530E+03  -3.48207E-04  -5.13071E-03  -2.22520E-03   2.76318E-03   1.91764E-03   1.94326E-03   5.00143E-04  -4.26782E-03  -1.93499E-03   1.55098E-03   9.30083E-04   2.83125E-03   9.26505E-04  -3.77072E-03  -1.32282E-03   2.63888E-04   2.31693E-04   3.07797E-03   1.01278E-03  -4.96399E-03  -1.52829E-03   3.32442E-03   1.41932E-03  -1.09780E-03  -5.52977E-04  -1.07139E-03  -3.04418E-04   2.08191E-03   7.19489E-04  -7.69238E-04  -1.94015E-04  -1.40878E-03  -4.32077E-04   1.89243E-03   3.73908E-04  -1.67594E-04   1.46904E-04  -1.73318E-03  -3.18118E-04   1.50893E-03   7.68338E-05  -9.72331E-05
 1.63710E+03  -4.63832E-04  -5.17627E-03  -2.10965E-03   2.62327E-03   1.98001E-03   2.08580E-03   2.94843E-04  -4.26355E-03  -1.83494E-03   1.44289E-03   1.08803E-03   2.90475E-03   6.76634E-04  -3.74608E-03  -1.29303E-03   1.97647E-04   4.51939E-04   3.10986E-03   6.22864E-04  -4.95286E-03  -1.23131E-03   3.28698E-03   1.30254E-03  -1.05656E-03  -6.47253E-04  -1.09617E-03  -9.15416E-05   2.08758E-03   6.28149E-04  -7.54497E-04  -3.44328E-04  -1.42432E-03  -2.13089E-04   1.89549E-03   3.48771E-04  -1.59653E-04  -5.83331E-05  -1.74286E-03  -1.34413E-04   1.51301E-03   6.39255E-05  -9.62063E-05
 1.64890E+03  -5.75462E-04  -5.22144E-03  -2.04259E-03   2.47634E-03   2.07641E-03   2.23325E-03   1.07635E-04  -4.25689E-03  -1.77890E-03   1.32901E-03   1.26251E-03   2.97972E-03   4.52824E-04  -3.71702E-03  -1.29497E-03   1.27702E-04   6.75087E-04   3.13995E-03   2.62293E-04  -4.93416E-03  -9.76087E-04   3.24075E-03   1.22480E-03  -1.00945E-03  -7.56949E-04  -1.12020E-03   1.13071E-04   2.08712E-03   5.57087E-04  -7.35464E-04  -5.00880E-04  -1.43586E-03  -5.54563E-06   1.89062E-03   3.34446E-04  -1.50003E-04  -2.60567E-04  -1.74524E-03   4.11382E-05   1.51000E-03   5.32002E-05  -9.45447E-05
 1.66080E+03  -6.86996E-04  -5.26780E-03  -2.02093E-03   2.32799E-03   2.20972E-03   2.38274E-03  -6.83380E-05  -4.25114E-03  -1.76438E-03   1.21477E-03   1.45970E-03   3.05509E-03   2.46647E-04  -3.68792E-03  -1.32849E-03   5.82360E-05   9.09476E-04   3.16871E-03  -8.26973E-05  -4.91337E-03  -7.52641E-04   3.19280E-03   1.18298E-03  -9.62917E-04  -8.86347E-04  -1.14117E-03   3.17565E-04   2.08227E-03   5.03417E-04  -7.15707E-04  -6.69971E-04  -1.44251E-03   1.98982E-04   1.88007E-03   3.30331E-04  -1.40571E-04  -4.68058E-04  -1.74103E-03   2.15727E-04   1.50151E-03   4.42150E-05  -9.26485E-05
 1.67280E+03  -8.01370E-04  -5.31558E-03  -2.04379E-03   2.18414E-03   2.38337E-03   2.52955E-03  -2.37931E-04  -4.24791E-03  -1.79090E-03   1.10589E-03   1.68515E-03   3.12763E-03   5.22080E-05  -3.66119E-03  -1.39459E-03  -5.99624E-06   1.16198E-03   3.19408E-03  -4.22275E-04  -4.89237E-03  -5.54314E-04   3.14788E-03   1.17590E-03  -9.23058E-04  -1.03952E-03  -1.15516E-03   5.28365E-04   2.07231E-03   4.65480E-04  -6.98159E-04  -8.57044E-04  -1.44127E-03   4.07078E-04   1.86347E-03   3.36318E-04  -1.33233E-04  -6.87564E-04  -1.72825E-03   3.95041E-04   1.48686E-03   3.66798E-05  -9.07991E-05
 1.68490E+03  -9.21492E-04  -5.36410E-03  -2.11131E-03   2.05099E-03   2.60159E-03   2.66738E-03  -4.05714E-04  -4.24740E-03  -1.85889E-03   1.00850E-03   1.94485E-03   3.19188E-03  -1.35954E-04  -3.63755E-03  -1.49498E-03  -5.93350E-05   1.43967E-03   3.21140E-03  -7.66188E-04  -4.86981E-03  -3.75190E-04   3.10900E-03   1.20318E-03  -8.96369E-04  -1.22093E-03  -1.15629E-03   7.51819E-04   2.05407E-03   4.42001E-04  -6.85534E-04  -1.06773E-03  -1.42665E-03   6.25166E-04   1.83790E-03   3.52509E-04  -1.30085E-04  -9.25847E-04  -1.70204E-03   5.84658E-04   1.46309E-03   3.03452E-05  -8.92043E-05
 1.69700E+03  -1.04904E-03  -5.41130E-03  -2.22323E-03   1.93700E-03   2.86656E-03   2.78641E-03  -5.74467E-04  -4.24847E-03  -1.96830E-03   9.30826E-04   2.24223E-03   3.23907E-03  -3.21256E-04  -3.61642E-03  -1.63039E-03  -9.40947E-05   1.74669E-03   3.21285E-03  -1.12046E-03  -4.84129E-03  -2.11356E-04   3.07831E-03   1.26414E-03  -8.90744E-04  -1.43301E-03  -1.13606E-03   9.91757E-04   2.02188E-03   4.31986E-04  -6.80783E-04  -1.30524E-03  -1.39038E-03   8.57150E-04   1.79798E-03   3.78823E-04  -1.33703E-04  -1.18689E-03  -1.65455E-03   7.87937E-04   1.42497E-03   2.50366E-05  -8.80440E-05
 1.70930E+03  -1.18852E-03  -5.45509E-03  -2.38201E-03   1.85032E-03   3.18648E-03   2.87591E-03  -7.50580E-04  -4.24869E-03  -2.12163E-03   8.81783E-04   2.58714E-03   3.25750E-03  -5.11013E-04  -3.59527E-03  -1.80450E-03  -1.00594E-04   2.09367E-03   3.18650E-03  -1.49854E-03  -4.79804E-03  -5.54757E-05   3.05648E-03   1.35925E-03  -9.16497E-04  -1.68239E-03  -1.08155E-03   1.25677E-03   1.96577E-03   4.34176E-04  -6.87421E-04  -1.57737E-03  -1.31905E-03   1.11141E-03   1.73384E-03   4.15640E-04  -1.47655E-04  -1.47962E-03  -1.57229E-03   1.01210E-03   1.36309E-03   2.04720E-05  -8.74642E-05
 1.72160E+03  -1.33916E-03  -5.49057E-03  -2.58388E-03   1.80571E-03   3.55714E-03   2.91704E-03  -9.33787E-04  -4.24418E-03  -2.31512E-03   8.75728E-04   2.97588E-03   3.22956E-03  -7.05334E-04  -3.57084E-03  -2.01367E-03  -6.49539E-05   2.47728E-03   3.11600E-03  -1.89905E-03  -4.72847E-03   9.41344E-05   3.04461E-03   1.48419E-03  -9.86856E-04  -1.96486E-03  -9.76407E-04   1.54435E-03   1.87332E-03   4.46804E-04  -7.09874E-04  -1.88001E-03  -1.19609E-03   1.38552E-03   1.63344E-03   4.61512E-04  -1.76339E-04  -1.80019E-03  -1.43888E-03   1.25468E-03   1.26606E-03   1.65269E-05  -8.76528E-05
 1.73410E+03  -1.50325E-03  -5.51268E-03  -2.82634E-03   1.81955E-03   3.97926E-03   2.88785E-03  -1.12797E-03  -4.22955E-03  -2.54589E-03   9.29983E-04   3.41012E-03   3.13213E-03  -9.08906E-04  -3.53766E-03  -2.25551E-03   3.11635E-05   2.89962E-03   2.97822E-03  -2.32823E-03  -4.61491E-03   2.44017E-04   3.04295E-03   1.63319E-03  -1.12033E-03  -2.27818E-03  -7.96580E-04   1.85557E-03   1.72546E-03   4.66735E-04  -7.54167E-04  -2.21132E-03  -9.96478E-04   1.68021E-03   1.47791E-03   5.14577E-04  -2.26119E-04  -2.14749E-03  -1.22899E-03   1.51565E-03   1.11603E-03   1.28914E-05  -8.88169E-05
 1.74660E+03  -1.67514E-03  -5.51468E-03  -3.09161E-03   1.91071E-03   4.42974E-03   2.76338E-03  -1.32813E-03  -4.19890E-03  -2.79588E-03   1.06308E-03   3.86713E-03   2.94134E-03  -1.11731E-03  -3.49039E-03  -2.51164E-03   2.06009E-04   3.33876E-03   2.75062E-03  -2.77048E-03  -4.44040E-03   3.95907E-04   3.05169E-03   1.78744E-03  -1.33394E-03  -2.59917E-03  -5.20029E-04   2.17282E-03   1.50483E-03   4.87515E-04  -8.25762E-04  -2.54742E-03  -6.97658E-04   1.97806E-03   1.25038E-03   5.68398E-04  -3.02703E-04  -2.49759E-03  -9.20048E-04   1.77837E-03   8.97122E-04   9.28681E-06  -9.11482E-05
 1.75920E+03  -1.84910E-03  -5.49122E-03  -3.35593E-03   2.09546E-03   4.87989E-03   2.52177E-03  -1.53010E-03  -4.14675E-03  -3.04054E-03   1.29184E-03   4.31877E-03   2.63465E-03  -1.32738E-03  -3.42356E-03  -2.75711E-03   4.77076E-04   3.76743E-03   2.41095E-03  -3.20881E-03  -4.18771E-03   5.55408E-04   3.07064E-03   1.91932E-03  -1.64470E-03  -2.89622E-03  -1.24294E-04   2.47337E-03   1.19345E-03   4.99137E-04  -9.30065E-04  -2.85577E-03  -2.76335E-04   2.25627E-03   9.33171E-04   6.13573E-04  -4.11888E-04  -2.81812E-03  -4.88511E-04   2.02062E-03   5.92690E-04   5.20687E-06  -9.48166E-05
 1.77190E+03  -2.01408E-03  -5.44038E-03  -3.58158E-03   2.37909E-03   5.28162E-03   2.15572E-03  -1.72438E-03  -4.07108E-03  -3.24110E-03   1.62164E-03   4.71729E-03   2.20461E-03  -1.53073E-03  -3.33508E-03  -2.95225E-03   8.49817E-04   4.13921E-03   1.95192E-03  -3.61098E-03  -3.85084E-03   7.27385E-04   3.09909E-03   1.98720E-03  -2.05730E-03  -3.11872E-03   3.97313E-04   2.71903E-03   7.85690E-04   4.87191E-04  -1.06839E-03  -3.08400E-03   2.74349E-04   2.47679E-03   5.20875E-04   6.35850E-04  -5.55220E-04  -3.05652E-03   7.25393E-05   2.20586E-03   1.97771E-04   2.08993E-08  -9.98411E-05
 1.78470E+03  -2.15732E-03  -5.36718E-03  -3.72554E-03   2.74597E-03   5.57990E-03   1.68559E-03  -1.89988E-03  -3.97635E-03  -3.35329E-03   2.03656E-03   5.00788E-03   1.67135E-03  -1.71756E-03  -3.22892E-03  -3.05160E-03   1.30796E-03   4.40061E-03   1.39305E-03  -3.93972E-03  -3.44373E-03   9.17253E-04   3.13554E-03   1.94317E-03  -2.55483E-03  -3.20834E-03   1.02392E-03   2.86571E-03   2.97488E-04   4.35130E-04  -1.23495E-03  -3.17163E-03   9.32699E-04   2.59561E-03   2.93930E-05   6.18809E-04  -7.26867E-04  -3.15201E-03   7.41241E-04   2.29178E-03  -2.72378E-04  -6.98805E-06  -1.05977E-04
 1.79760E+03  -2.26967E-03  -5.28477E-03  -3.75478E-03   3.15593E-03   5.73316E-03   1.16419E-03  -2.04902E-03  -3.87458E-03  -3.34275E-03   2.49567E-03   5.14901E-03   1.08735E-03  -1.88142E-03  -3.11607E-03  -3.01958E-03   1.80967E-03   4.51084E-03   7.85251E-04  -4.16773E-03  -3.00360E-03   1.13093E-03   3.17735E-03   1.74824E-03  -3.09484E-03  -3.11872E-03   1.70209E-03   2.87897E-03  -2.29816E-04   3.29129E-04  -1.41547E-03  -3.07043E-03   1.64327E-03   2.57806E-03  -5.00252E-04   5.49002E-04  -9.12239E-04  -3.05614E-03   1.46171E-03   2.24482E-03  -7.78623E-04  -1.64600E-05  -1.12662E-04
 1.81060E+03  -2.35114E-03  -5.21092E-03  -3.66257E-03   3.55405E-03   5.73509E-03   6.63512E-04  -2.17299E-03  -3.78197E-03  -3.20154E-03   2.94293E-03   5.13412E-03   5.24269E-04  -2.02424E-03  -3.01135E-03  -2.84724E-03   2.29750E-03   4.46274E-03   1.98237E-04  -4.29367E-03  -2.58116E-03   1.37474E-03   3.22049E-03   1.38840E-03  -3.61854E-03  -2.83651E-03   2.35818E-03   2.75080E-03  -7.39398E-04   1.63267E-04  -1.59008E-03  -2.76619E-03   2.32958E-03   2.41522E-03  -1.01157E-03   4.21430E-04  -1.09112E-03  -2.75465E-03   2.15682E-03   2.05555E-03  -1.26700E-03  -2.87829E-05  -1.19100E-04
 1.82360E+03  -2.41201E-03  -5.16127E-03  -3.47468E-03   3.88881E-03   5.62183E-03   2.50209E-04  -2.28243E-03  -3.71257E-03  -2.95489E-03   3.32504E-03   4.99900E-03   4.90777E-05  -2.15681E-03  -2.92742E-03  -2.55945E-03   2.71623E-03   4.29034E-03  -3.02270E-04  -4.34639E-03  -2.22284E-03   1.65314E-03   3.25894E-03   8.83501E-04  -4.06731E-03  -2.39115E-03   2.92026E-03   2.50643E-03  -1.17654E-03  -5.71478E-05  -1.73854E-03  -2.28893E-03   2.91664E-03   2.13105E-03  -1.44971E-03   2.42620E-04  -1.24322E-03  -2.27782E-03   2.75092E-03   1.74581E-03  -1.68474E-03  -4.39178E-05  -1.24429E-04
 1.83680E+03  -2.47068E-03  -5.14191E-03  -3.23138E-03   4.13882E-03   5.45226E-03  -4.93073E-05  -2.39695E-03  -3.67047E-03  -2.64117E-03   3.61971E-03   4.80142E-03  -3.12633E-04  -2.29911E-03  -2.86672E-03  -2.19335E-03   3.04235E-03   4.04773E-03  -6.91104E-04  -4.37474E-03  -1.94317E-03   1.97763E-03   3.28526E-03   2.59220E-04  -4.41169E-03  -1.82514E-03   3.35578E-03   2.18417E-03  -1.51858E-03  -3.26428E-04  -1.84944E-03  -1.68167E-03   3.37000E-03   1.76119E-03  -1.79100E-03   2.08720E-05  -1.35800E-03  -1.66911E-03   3.20921E-03   1.34735E-03  -2.00812E-03  -6.20085E-05  -1.28013E-04
 1.85010E+03  -2.54480E-03  -5.15028E-03  -2.97877E-03   4.30055E-03   5.29003E-03  -2.34448E-04  -2.53436E-03  -3.65141E-03  -2.30578E-03   3.82097E-03   4.60433E-03  -5.59253E-04  -2.46884E-03  -2.82368E-03  -1.79400E-03   3.26747E-03   3.79486E-03  -9.64763E-04  -4.42805E-03  -1.73735E-03   2.35371E-03   3.28753E-03  -4.46358E-04  -4.63216E-03  -1.19255E-03   3.64852E-03   1.82922E-03  -1.75751E-03  -6.33650E-04  -1.91355E-03  -9.99726E-04   3.67148E-03   1.34890E-03  -2.02515E-03  -2.31145E-04  -1.42803E-03  -9.84233E-04   3.51311E-03   9.00036E-04  -2.22527E-03  -8.28552E-05  -1.29164E-04
 1.86340E+03  -2.64777E-03  -5.17520E-03  -2.75246E-03   4.39136E-03   5.18407E-03  -3.34160E-04  -2.70804E-03  -3.64220E-03  -1.98404E-03   3.94312E-03   4.45617E-03  -7.18272E-04  -2.67917E-03  -2.78366E-03  -1.39658E-03   3.40299E-03   3.57803E-03  -1.14720E-03  -4.54384E-03  -1.57684E-03   2.78469E-03   3.24952E-03  -1.20246E-03  -4.72400E-03  -5.36167E-04   3.80509E-03   1.47690E-03  -1.90522E-03  -9.69682E-04  -1.92533E-03  -2.87047E-04   3.82596E-03   9.28250E-04  -2.16053E-03  -5.03099E-04  -1.45065E-03  -2.67517E-04   3.66727E-03   4.35443E-04  -2.34111E-03  -1.06248E-04  -1.27183E-04
 1.87690E+03  -2.78950E-03  -5.20119E-03  -2.56848E-03   4.43879E-03   5.16055E-03  -3.92832E-04  -2.92929E-03  -3.62364E-03  -1.68981E-03   4.01005E-03   4.38194E-03  -8.33417E-04  -2.94190E-03  -2.72466E-03  -1.01350E-03   3.46896E-03   3.41957E-03  -1.27760E-03  -4.74586E-03  -1.41660E-03   3.28070E-03   3.14713E-03  -2.00579E-03  -4.68322E-03   1.31937E-04   3.83927E-03   1.14070E-03  -1.98269E-03  -1.33555E-03  -1.87730E-03   4.44584E-04   3.84473E-03   5.10804E-04  -2.21276E-03  -7.94103E-04  -1.42276E-03   4.69040E-04   3.68259E-03  -3.70299E-05  -2.36585E-03  -1.32493E-04  -1.21031E-04
 1.89040E+03  -2.96961E-03  -5.20927E-03  -2.43596E-03   4.46956E-03   5.22774E-03  -4.56802E-04  -3.19598E-03  -3.57310E-03  -1.43440E-03   4.04265E-03   4.39059E-03  -9.48089E-04  -3.25359E-03  -2.62147E-03  -6.58210E-04   3.48077E-03   3.32984E-03  -1.39293E-03  -5.03505E-03  -1.20970E-03   3.83065E-03   2.95073E-03  -2.83280E-03  -4.49607E-03   7.89673E-04   3.75628E-03   8.33596E-04  -2.00613E-03  -1.72088E-03  -1.75775E-03   1.17097E-03   3.72965E-03   1.11582E-04  -2.19173E-03  -1.09537E-03  -1.33781E-03   1.20080E-03   3.56040E-03  -5.01154E-04  -2.30344E-03  -1.60883E-04  -1.09386E-04
 1.90410E+03  -3.18473E-03  -5.17948E-03  -2.34877E-03   4.50989E-03   5.37568E-03  -5.74387E-04  -3.50347E-03  -3.46433E-03  -1.21296E-03   4.06028E-03   4.47224E-03  -1.10878E-03  -3.60809E-03  -2.44307E-03  -3.27762E-04   3.45058E-03   3.30036E-03  -1.53238E-03  -5.39920E-03  -9.00491E-04   4.42487E-03   2.61932E-03  -3.67568E-03  -4.13455E-03   1.43471E-03   3.55182E-03   5.53148E-04  -1.98907E-03  -2.12020E-03  -1.54728E-03   1.88791E-03   3.47124E-03  -2.69385E-04  -2.10230E-03  -1.40305E-03  -1.18341E-03   1.92298E-03   3.29032E-03  -9.54685E-04  -2.15081E-03  -1.90861E-04  -9.02706E-05
 1.91780E+03  -3.41609E-03  -5.09370E-03  -2.29489E-03   4.58061E-03   5.57167E-03  -7.85333E-04  -3.82600E-03  -3.27493E-03  -1.02247E-03   4.07714E-03   4.59759E-03  -1.35206E-03  -3.97452E-03  -2.16402E-03  -2.80893E-05   3.38638E-03   3.31023E-03  -1.72574E-03  -5.79216E-03  -4.45309E-04   5.01533E-03   2.11980E-03  -4.48245E-03  -3.57460E-03   2.03680E-03   3.22028E-03   3.03664E-04  -1.94053E-03  -2.50475E-03  -1.23004E-03   2.55827E-03   3.05983E-03  -6.18028E-04  -1.94661E-03  -1.69621E-03  -9.49293E-04   2.59719E-03   2.86203E-03  -1.37548E-03  -1.90403E-03  -2.19925E-04  -6.21212E-05
 1.93170E+03  -3.64045E-03  -4.93875E-03  -2.25168E-03   4.69706E-03   5.76740E-03  -1.11999E-03  -4.13207E-03  -2.98671E-03  -8.50422E-04   4.10346E-03   4.72157E-03  -1.70723E-03  -4.31461E-03  -1.76219E-03   2.42493E-04   3.29280E-03   3.32429E-03  -1.99707E-03  -6.15107E-03   1.93948E-04   5.54414E-03   1.42063E-03  -5.19745E-03  -2.78997E-03   2.56893E-03   2.75226E-03   8.24361E-05  -1.86612E-03  -2.84149E-03  -7.89519E-04   3.14642E-03   2.48176E-03  -9.24650E-04  -1.72366E-03  -1.95137E-03  -6.24269E-04   3.18596E-03   2.26109E-03  -1.74323E-03  -1.55620E-03  -2.45039E-04  -2.33543E-05
 1.94560E+03  -3.82036E-03  -4.71937E-03  -2.19261E-03   4.86015E-03   5.89521E-03  -1.57324E-03  -4.37062E-03  -2.60782E-03  -6.87873E-04   4.14355E-03   4.78311E-03  -2.16982E-03  -4.56723E-03  -1.24840E-03   4.75433E-04   3.17792E-03   3.29802E-03  -2.34485E-03  -6.38302E-03   1.00350E-03   5.91758E-03   5.41987E-04  -5.72205E-03  -1.80805E-03   2.97576E-03   2.16765E-03  -1.05068E-04  -1.77329E-03  -3.07525E-03  -2.39698E-04   3.58375E-03   1.76014E-03  -1.16468E-03  -1.44492E-03  -2.12864E-03  -2.19136E-04   3.61826E-03   1.51127E-03  -2.01747E-03  -1.12197E-03  -2.61358E-04   2.48993E-05
 1.95970E+03  -3.92574E-03  -4.45535E-03  -2.09076E-03   5.05976E-03   5.89475E-03  -2.11389E-03  -4.50042E-03  -2.16460E-03  -5.21399E-04   4.19722E-03   4.72611E-03  -2.71336E-03  -4.68202E-03  -6.53446E-04   6.69714E-04   3.05079E-03   3.18831E-03  -2.75167E-03  -6.40675E-03   1.93983E-03   6.05794E-03  -4.68339E-04  -5.97849E-03  -6.83108E-04   3.21708E-03   1.50008E-03  -2.59395E-04  -1.66937E-03  -3.16063E-03   3.90361E-04   3.81835E-03   9.35268E-04  -1.32210E-03  -1.12720E-03  -2.19545E-03   2.44710E-04   3.83968E-03   6.53993E-04  -2.16804E-03  -6.25775E-04  -2.64762E-04   8.01812E-05
 1.97380E+03  -3.93853E-03  -4.19053E-03  -1.93238E-03   5.26816E-03   5.73245E-03  -2.66518E-03  -4.49694E-03  -1.71857E-03  -3.45486E-04   4.25849E-03   4.51989E-03  -3.26868E-03  -4.62953E-03  -5.19765E-05   8.22563E-04   2.92750E-03   2.97225E-03  -3.16868E-03  -6.17640E-03   2.89180E-03   5.91990E-03  -1.49287E-03  -5.92002E-03   4.55938E-04   3.26752E-03   8.25828E-04  -3.79184E-04  -1.56669E-03  -3.07096E-03   1.02977E-03   3.81820E-03   1.00296E-04  -1.38610E-03  -8.06686E-04  -2.13253E-03   7.15448E-04   3.81689E-03  -2.14482E-04  -2.17619E-03  -1.23417E-04  -2.52868E-04   1.36358E-04
 1.98810E+03  -3.86733E-03  -3.96557E-03  -1.71677E-03   5.45982E-03   5.41653E-03  -3.15760E-03  -4.37156E-03  -1.32436E-03  -1.54436E-04   4.32138E-03   4.16942E-03  -3.77464E-03  -4.42182E-03   4.91432E-04   9.43243E-04   2.82085E-03   2.65032E-03  -3.55291E-03  -5.70376E-03   3.76413E-03   5.52023E-03  -2.43257E-03  -5.56893E-03   1.50189E-03   3.14386E-03   2.07513E-04  -4.71930E-04  -1.47458E-03  -2.81600E-03   1.61962E-03   3.60116E-03  -6.68308E-04  -1.36639E-03  -5.12603E-04  -1.94710E-03   1.15021E-03   3.56734E-03  -1.01524E-03  -2.05297E-03   3.39501E-04  -2.26333E-04   1.88333E-04
 2.00250E+03  -3.74169E-03  -3.81436E-03  -1.46074E-03   5.61245E-03   4.99611E-03  -3.53119E-03  -4.16475E-03  -1.02910E-03   4.97737E-05   4.38014E-03   3.71738E-03  -4.17716E-03  -4.10654E-03   9.19786E-04   1.04381E-03   2.74179E-03   2.25132E-03  -3.86572E-03  -5.05669E-03   4.47120E-03   4.93096E-03  -3.19807E-03  -5.00447E-03   2.35769E-03   2.89382E-03  -2.98261E-04  -5.46771E-04  -1.40118E-03  -2.43801E-03   2.10612E-03   3.22418E-03  -1.30097E-03  -1.28593E-03  -2.71360E-04  -1.66980E-03   1.50972E-03   3.14919E-03  -1.67625E-03  -1.83235E-03   7.21419E-04  -1.88710E-04   2.31415E-04
 2.01690E+03  -3.60074E-03  -3.74819E-03  -1.18744E-03   5.71801E-03   4.53716E-03  -3.76510E-03  -3.93003E-03  -8.48876E-04   2.63445E-04   4.43225E-03   3.22150E-03  -4.45688E-03  -3.74696E-03   1.21307E-03   1.13913E-03   2.69372E-03   1.81476E-03  -4.09284E-03  -4.32633E-03   4.98189E-03   4.24802E-03  -3.75672E-03  -4.33151E-03   2.98772E-03   2.57986E-03  -6.70870E-04  -6.14847E-04  -1.34907E-03  -1.99335E-03   2.46905E-03   2.76223E-03  -1.77187E-03  -1.17442E-03  -9.25550E-05  -1.34150E-03   1.77908E-03   2.63917E-03  -2.17048E-03  -1.55904E-03   1.00681E-03  -1.44771E-04   2.63802E-04
 2.03150E+03  -3.47595E-03  -3.75951E-03  -9.10974E-04   5.78172E-03   4.08741E-03  -3.87356E-03  -3.70937E-03  -7.72117E-04   4.88409E-04   4.47877E-03   2.72104E-03  -4.62705E-03  -3.39046E-03   1.38580E-03   1.24464E-03   2.67323E-03   1.36498E-03  -4.24343E-03  -3.57531E-03   5.31742E-03   3.53906E-03  -4.13084E-03  -3.62543E-03   3.41633E-03   2.24893E-03  -9.24864E-04  -6.87563E-04  -1.31547E-03  -1.52026E-03   2.72119E-03   2.26934E-03  -2.09817E-03  -1.05502E-03   3.07484E-05  -9.89658E-04   1.96744E-03   2.09151E-03  -2.51528E-03  -1.26517E-03   1.20581E-03  -9.75797E-05   2.86542E-04
 2.04620E+03  -3.39177E-03  -3.83279E-03  -6.44125E-04   5.81216E-03   3.68596E-03  -3.88168E-03  -3.53568E-03  -7.78281E-04   7.24270E-04   4.52058E-03   2.24894E-03  -4.70868E-03  -3.07470E-03   1.46129E-03   1.37093E-03   2.67438E-03   9.23188E-04  -4.33114E-03  -2.85493E-03   5.50948E-03   2.85830E-03  -4.35309E-03  -2.94564E-03   3.67849E-03   1.93720E-03  -1.08118E-03  -7.72764E-04  -1.29608E-03  -1.04933E-03   2.88034E-03   1.78758E-03  -2.30403E-03  -9.45238E-04   1.08459E-04  -6.36179E-04   2.08731E-03   1.54857E-03  -2.73474E-03  -9.75683E-04   1.33256E-03  -4.96173E-05   3.01050E-04
 2.06090E+03  -3.36213E-03  -3.94816E-03  -3.92660E-04   5.81960E-03   3.35333E-03  -3.82080E-03  -3.42740E-03  -8.41135E-04   9.72563E-04   4.55798E-03   1.82135E-03  -4.72770E-03  -2.81997E-03   1.46902E-03   1.52545E-03   2.68896E-03   4.98600E-04  -4.37234E-03  -2.19033E-03   5.59725E-03   2.23293E-03  -4.46419E-03  -2.32241E-03   3.81812E-03   1.66399E-03  -1.16645E-03  -8.76016E-04  -1.28492E-03  -5.94989E-04   2.96842E-03   1.33833E-03  -2.41975E-03  -8.54778E-04   1.53342E-04  -2.91215E-04   2.15411E-03   1.03129E-03  -2.85888E-03  -7.03178E-04   1.40477E-03  -1.95818E-06   3.09036E-04
 2.07580E+03  -3.39404E-03  -4.08904E-03  -1.52526E-04   5.81242E-03   3.09142E-03  -3.71769E-03  -3.39185E-03  -9.37381E-04   1.24157E-03   4.59025E-03   1.43473E-03  -4.70638E-03  -2.63020E-03   1.43572E-03   1.71719E-03   2.70802E-03   8.35342E-05  -4.38024E-03  -1.57552E-03   5.61493E-03   1.65907E-03  -4.50026E-03  -1.75350E-03   3.87473E-03   1.43170E-03  -1.20557E-03  -1.00374E-03  -1.27492E-03  -1.51090E-04   3.00394E-03   9.19466E-04  -2.47256E-03  -7.86288E-04   1.77772E-04   5.04479E-05   2.18054E-03   5.35070E-04  -2.91401E-03  -4.46120E-04   1.43828E-03   4.63087E-05   3.11821E-04
 2.09080E+03  -3.49179E-03  -4.23779E-03   7.77992E-05   5.79595E-03   2.90251E-03  -3.59556E-03  -3.43379E-03  -1.04474E-03   1.53552E-03   4.61321E-03   1.08816E-03  -4.66077E-03  -2.50841E-03   1.38388E-03   1.95112E-03   2.72084E-03  -3.25620E-04  -4.36145E-03  -1.00825E-03   5.58504E-03   1.13540E-03  -4.48530E-03  -1.23828E-03   3.87457E-03   1.24195E-03  -1.21668E-03  -1.15953E-03  -1.25808E-03   2.85606E-04   2.99605E-03   5.30050E-04  -2.47934E-03  -7.41322E-04   1.91297E-04   3.91648E-04   2.17207E-03   5.74790E-05  -2.91467E-03  -2.03724E-04   1.44250E-03   9.56874E-05   3.09756E-04
 2.10590E+03  -3.65731E-03  -4.37759E-03   3.02664E-04   5.77258E-03   2.78318E-03  -3.47354E-03  -3.55428E-03  -1.14220E-03   1.86027E-03   4.61954E-03   7.74892E-04  -4.60165E-03  -2.45248E-03   1.33310E-03   2.23219E-03   2.71422E-03  -7.37129E-04  -4.31676E-03  -4.77281E-04   5.52124E-03   6.51581E-04  -4.43461E-03  -7.66650E-04   3.83493E-03   1.09121E-03  -1.21416E-03  -1.34681E-03  -1.22433E-03   7.23922E-04   2.94661E-03   1.62420E-04  -2.45002E-03  -7.19177E-04   2.02348E-04   7.39294E-04   2.12834E-03  -4.10981E-04  -2.86696E-03   2.87800E-05   1.42244E-03   1.47187E-04   3.02356E-04
 2.12110E+03  -3.89059E-03  -4.49011E-03   5.26289E-04   5.74187E-03   2.72822E-03  -3.36874E-03  -3.75198E-03  -1.20772E-03   2.22035E-03   4.59766E-03   4.87655E-04  -4.53516E-03  -2.45826E-03   1.30170E-03   2.56332E-03   2.67110E-03  -1.15849E-03  -4.24068E-03   2.90437E-05   5.42851E-03   1.96603E-04  -4.35504E-03  -3.27583E-04   3.76430E-03   9.74623E-04  -1.20914E-03  -1.56732E-03  -1.16061E-03   1.17182E-03   2.84934E-03  -1.91348E-04  -2.38726E-03  -7.18186E-04   2.18585E-04   1.09936E-03   2.04239E-03  -8.79332E-04  -2.76771E-03   2.56164E-04   1.37841E-03   2.01622E-04   2.88162E-04
 2.13640E+03  -4.18798E-03  -4.55403E-03   7.51706E-04   5.70076E-03   2.73038E-03  -3.29795E-03  -4.02144E-03  -1.21639E-03   2.61666E-03   4.53123E-03   2.19929E-04  -4.46378E-03  -2.51895E-03   1.30844E-03   2.94294E-03   2.56950E-03  -1.59377E-03  -4.12162E-03   5.19874E-04   5.30445E-03  -2.38470E-04  -4.24637E-03   8.80538E-05   3.66395E-03   8.86569E-04  -1.21073E-03  -1.81928E-03  -1.05015E-03   1.63294E-03   2.69013E-03  -5.36849E-04  -2.28742E-03  -7.35558E-04   2.47612E-04   1.47393E-03   1.90072E-03  -1.35240E-03  -2.60516E-03   4.81436E-04   1.30655E-03   2.59154E-04   2.64717E-04
 2.15190E+03  -4.54118E-03  -4.54455E-03   9.81027E-04   5.64366E-03   2.77894E-03  -3.27847E-03  -4.35160E-03  -1.13928E-03   3.04590E-03   4.39849E-03  -3.46928E-05  -4.38683E-03  -2.62364E-03   1.37379E-03   3.36370E-03   2.38126E-03  -2.04318E-03  -3.94149E-03   1.00213E-03   5.13974E-03  -6.60690E-04  -4.10191E-03   4.87633E-04   3.52867E-03   8.20018E-04  -1.22700E-03  -2.09606E-03  -8.71254E-04   2.10536E-03   2.44648E-03  -8.76856E-04  -2.14074E-03  -7.66807E-04   2.97680E-04   1.85994E-03   1.68264E-03  -1.82954E-03  -2.35868E-03   7.05332E-04   1.19879E-03   3.19056E-04   2.28425E-04
 2.16740E+03  -4.92308E-03  -4.43666E-03   1.20812E-03   5.56519E-03   2.85542E-03  -3.32724E-03  -4.71162E-03  -9.48758E-04   3.48485E-03   4.17894E-03  -2.75247E-04  -4.30357E-03  -2.75095E-03   1.51642E-03   3.79592E-03   2.08080E-03  -2.48735E-03  -3.68373E-03   1.46522E-03   4.92546E-03  -1.06196E-03  -3.91504E-03   8.64254E-04   3.35303E-03   7.67277E-04  -1.26460E-03  -2.37471E-03  -6.04899E-04   2.56418E-03   2.09813E-03  -1.19973E-03  -1.93805E-03  -8.03598E-04   3.75740E-04   2.23450E-03   1.36974E-03  -2.28722E-03  -2.00955E-03   9.18396E-04   1.04770E-03   3.77379E-04   1.76113E-04
 2.18300E+03  -5.29799E-03  -4.21230E-03   1.42653E-03   5.46034E-03   2.93327E-03  -3.45577E-03  -5.05979E-03  -6.23866E-04   3.90381E-03   3.85557E-03  -5.02761E-04  -4.21185E-03  -2.87056E-03   1.75050E-03   4.19993E-03   1.64659E-03  -2.90181E-03  -3.33318E-03   1.89768E-03   4.65192E-03  -1.43367E-03  -3.67810E-03   1.21064E-03   3.13033E-03   7.16749E-04  -1.32823E-03  -2.62369E-03  -2.34538E-04   2.97609E-03   1.62627E-03  -1.49058E-03  -1.66999E-03  -8.34006E-04   4.87453E-04   2.56653E-03   9.45035E-04  -2.69391E-03  -1.53997E-03   1.10813E-03   8.45987E-04   4.28717E-04   1.04889E-04
 2.19880E+03  -5.61633E-03  -3.86917E-03   1.62531E-03   5.32847E-03   2.97798E-03  -3.66587E-03  -5.33868E-03  -1.61276E-04   4.25939E-03   3.42563E-03  -7.15317E-04  -4.11146E-03  -2.94213E-03   2.07870E-03   4.51907E-03   1.07481E-03  -3.24899E-03  -2.88730E-03   2.27815E-03   4.31776E-03  -1.75871E-03  -3.39015E-03   1.51148E-03   2.85991E-03   6.54519E-04  -1.41911E-03  -2.79804E-03   2.42907E-04   3.29077E-03   1.02781E-03  -1.72481E-03  -1.33531E-03  -8.42143E-04   6.34019E-04   2.80971E-03   4.05739E-04  -3.00118E-03  -9.47236E-04   1.25473E-03   5.92624E-04   4.65110E-04   1.42697E-05
 2.21470E+03  -5.82215E-03  -3.43853E-03   1.79018E-03   5.17880E-03   2.95318E-03  -3.93868E-03  -5.48454E-03   4.03708E-04   4.50105E-03   2.91871E-03  -9.07642E-04  -4.00750E-03  -2.92252E-03   2.47813E-03   4.68918E-03   4.02061E-04  -3.48415E-03  -2.37321E-03   2.57822E-03   3.94227E-03  -2.01382E-03  -3.06743E-03   1.74564E-03   2.55687E-03   5.67039E-04  -1.53126E-03  -2.84754E-03   7.99121E-04   3.44985E-03   3.37514E-04  -1.87244E-03  -9.53081E-04  -8.11121E-04   8.06640E-04   2.91092E-03  -2.16903E-04  -3.15250E-03  -2.65450E-04   1.33475E-03   3.02107E-04   4.77513E-04  -9.04908E-05
 2.23070E+03  -5.88243E-03  -2.98029E-03   1.91409E-03   5.02831E-03   2.83539E-03  -4.23756E-03  -5.45859E-03   1.00403E-03   4.59972E-03   2.39000E-03  -1.07892E-03  -3.90854E-03  -2.78379E-03   2.90537E-03   4.67138E-03  -3.03499E-04  -3.58176E-03  -1.84065E-03   2.78382E-03   3.55996E-03  -2.18764E-03  -2.73875E-03   1.90289E-03   2.24776E-03   4.44259E-04  -1.65288E-03  -2.74039E-03   1.38180E-03   3.41780E-03  -3.81279E-04  -1.91620E-03  -5.57481E-04  -7.29507E-04   9.88784E-04   2.83712E-03  -8.65959E-04  -3.11338E-03   4.43664E-04   1.33409E-03   5.20460E-07   4.60227E-04  -1.99797E-04

