#
#--------------------------------------------------------------------------------
### 
## 
## Courbe 0
## resp__3
## Courbe 1
## resp__2
## Courbe 2
## resp__1
## Courbe 3
## resp_0
## Courbe 4
## resp_1
## Courbe 5
## resp_2
## Courbe 6
## resp_3
## Courbe 7
## resp_4
## Courbe 8
## resp_5
## Courbe 9
## resp_6
## Courbe 10
## resp_7
## Courbe 11
## resp_8
## Courbe 12
## resp_9
## Courbe 13
## resp_10
## Courbe 14
## resp_11
## Courbe 15
## resp_12
## Courbe 16
## resp_13
## Courbe 17
## resp_14
## Courbe 18
## resp_15
## Courbe 19
## resp_16
## Courbe 20
## resp_17
FREQ          DZ_0_R        DZ_0_I        DZ_1_R        DZ_1_I        DZ_2_R        DZ_2_I        DZ_3_R        DZ_3_I        DZ_4_R        DZ_4_I        DZ_5_R        DZ_5_I        DZ_6_R        DZ_6_I        DZ_7_R        DZ_7_I        DZ_8_R        DZ_8_I        DZ_9_R        DZ_9_I        DZ_10_R       DZ_10_I       DZ_11_R       DZ_11_I       DZ_12_R       DZ_12_I       DZ_13_R       DZ_13_I       DZ_14_R       DZ_14_I       DZ_15_R       DZ_15_I       DZ_16_R       DZ_16_I       DZ_17_R       DZ_17_I       DZ_18_R       DZ_18_I       DZ_19_R       DZ_19_I       DZ_20_R       DZ_20_I     
 3.54000E+01   1.04931E-01  -2.04520E-01  -4.34181E-02  -1.97210E-01  -1.30839E-01  -7.27953E-02  -1.06994E-01   7.82804E-02  -1.12014E-02   1.50483E-01   7.29153E-02   1.04481E-01   8.68398E-02  -1.16894E-02   3.51757E-02  -1.06106E-01  -3.07911E-02  -1.11500E-01  -6.21286E-02  -2.76316E-02  -4.67338E-02   8.56754E-02   1.22450E-02   8.81982E-02   4.32356E-02   3.95034E-02   3.20672E-02  -2.48039E-02  -2.00770E-03  -6.24555E-02  -2.68172E-02  -5.15065E-02  -2.44314E-02  -4.80223E-03  -2.91777E-03   4.12768E-02   1.47542E-02   5.26487E-02   1.24348E-02   1.89387E-02  -7.11183E-03  -4.41714E-02
 3.56000E+01   1.03344E-01  -2.03564E-01  -4.55958E-02  -1.96173E-01  -1.31778E-01  -7.19309E-02  -1.05521E-01   7.84444E-02  -8.09402E-03   1.49672E-01   7.53282E-02   1.03151E-01   8.65381E-02  -1.25466E-02   3.22081E-02  -1.05760E-01  -3.41594E-02  -1.10163E-01  -6.30445E-02  -2.63418E-02  -4.39033E-02   8.58718E-02   1.55258E-02   8.70880E-02   4.48954E-02   3.81003E-02   3.10918E-02  -2.53146E-02  -4.80319E-03  -6.16893E-02  -2.93030E-02  -5.01822E-02  -2.47418E-02  -4.08252E-03  -8.63881E-04   4.08171E-02   1.74958E-02   5.15264E-02   1.34551E-02   1.83276E-02  -9.46090E-03  -4.33547E-02
 3.59000E+01   1.01150E-01  -2.02176E-01  -4.88333E-02  -1.94545E-01  -1.33313E-01  -7.05204E-02  -1.03497E-01   7.87244E-02  -3.56184E-03   1.48358E-01   7.89437E-02   1.01005E-01   8.61970E-02  -1.38948E-02   2.79106E-02  -1.05142E-01  -3.91109E-02  -1.07968E-01  -6.44408E-02  -2.42973E-02  -3.98123E-02   8.60701E-02   2.03149E-02   8.52178E-02   4.73408E-02   3.58389E-02   2.96932E-02  -2.60573E-02  -8.86610E-03  -6.03443E-02  -3.29258E-02  -4.79812E-02  -2.52033E-02  -2.94636E-03   2.11326E-03   3.99759E-02   2.14757E-02   4.96105E-02   1.49385E-02   1.73138E-02  -1.28668E-02  -4.19340E-02
 3.61000E+01   9.98024E-02  -2.01291E-01  -5.09707E-02  -1.93411E-01  -1.34409E-01  -6.94940E-02  -1.02260E-01   7.89448E-02  -6.23742E-04   1.47423E-01   8.13451E-02   9.94696E-02   8.60346E-02  -1.48449E-02   2.51435E-02  -1.04670E-01  -4.23412E-02  -1.06379E-01  -6.53783E-02  -2.28543E-02  -3.71813E-02   8.61480E-02   2.34171E-02   8.38372E-02   4.89338E-02   3.42231E-02   2.87990E-02  -2.65430E-02  -1.14856E-02  -5.93216E-02  -3.52637E-02  -4.63710E-02  -2.55037E-02  -2.14803E-03   4.02747E-03   3.93181E-02   2.40351E-02   4.81810E-02   1.58927E-02   1.65733E-02  -1.50550E-02  -4.08596E-02
 3.64000E+01   9.79365E-02  -2.00037E-01  -5.41419E-02  -1.91634E-01  -1.36145E-01  -6.78102E-02  -1.00557E-01   7.93429E-02   3.66252E-03   1.45935E-01   8.49215E-02   9.70014E-02   8.58712E-02  -1.63612E-02   2.11317E-02  -1.03885E-01  -4.70736E-02  -1.03806E-01  -6.67789E-02  -2.05601E-02  -3.33676E-02   8.61983E-02   2.79286E-02   8.15701E-02   5.12531E-02   3.16321E-02   2.75062E-02  -2.72666E-02  -1.52768E-02  -5.76050E-02  -3.86418E-02  -4.37424E-02  -2.59347E-02  -8.84637E-04   6.79005E-03   3.81924E-02   2.77228E-02   4.58130E-02   1.72654E-02   1.53655E-02  -1.82061E-02  -3.90628E-02
 3.66000E+01   9.67866E-02  -1.99257E-01  -5.62305E-02  -1.90399E-01  -1.37351E-01  -6.65841E-02  -9.95111E-02   7.96615E-02   6.44161E-03   1.44890E-01   8.72806E-02   9.52426E-02   8.58048E-02  -1.74399E-02   1.85451E-02  -1.03315E-01  -5.01481E-02  -1.01967E-01  -6.76991E-02  -1.89394E-02  -3.09064E-02   8.61949E-02   3.08379E-02   7.99304E-02   5.27431E-02   2.97909E-02   2.66712E-02  -2.77504E-02  -1.77091E-02  -5.63427E-02  -4.07998E-02  -4.18487E-02  -2.62034E-02   3.61957E-06   8.55725E-03   3.73528E-02   3.00733E-02   4.40880E-02   1.81373E-02   1.44960E-02  -2.02145E-02  -3.77443E-02
 3.69000E+01   9.51854E-02  -1.98181E-01  -5.93206E-02  -1.88469E-01  -1.39212E-01  -6.45790E-02  -9.80555E-02   8.02312E-02   1.04958E-02   1.43250E-01   9.07664E-02   9.24300E-02   8.57495E-02  -1.91697E-02   1.47895E-02  -1.02400E-01  -5.46300E-02  -9.90208E-02  -6.90407E-02  -1.63654E-02  -2.73240E-02   8.61449E-02   3.50461E-02   7.72831E-02   5.48765E-02   2.68560E-02   2.54491E-02  -2.84843E-02  -2.12083E-02  -5.42786E-02  -4.38799E-02  -3.87985E-02  -2.65681E-02   1.40744E-03   1.10922E-02   3.59655E-02   3.34241E-02   4.12864E-02   1.93724E-02   1.30965E-02  -2.30791E-02  -3.55916E-02
 3.72000E+01   9.37110E-02  -1.97228E-01  -6.23527E-02  -1.86444E-01  -1.41108E-01  -6.23653E-02  -9.67111E-02   8.09221E-02   1.44159E-02   1.41525E-01   9.41693E-02   8.94048E-02   8.57229E-02  -2.10421E-02   1.11741E-02  -1.01419E-01  -5.89428E-02  -9.58545E-02  -7.03128E-02  -1.36153E-02  -2.38581E-02   8.60514E-02   3.90567E-02   7.44166E-02   5.68653E-02   2.37132E-02   2.42514E-02  -2.92340E-02  -2.45200E-02  -5.20177E-02  -4.67513E-02  -3.55018E-02  -2.68739E-02   2.89830E-03   1.34824E-02   3.44317E-02   3.65474E-02   3.82358E-02   2.05103E-02   1.15850E-02  -2.57533E-02  -3.32363E-02
 3.74000E+01   9.27865E-02  -1.96664E-01  -6.43380E-02  -1.85042E-01  -1.42376E-01  -6.07701E-02  -9.58623E-02   8.14544E-02   1.69562E-02   1.40332E-01   9.63802E-02   8.72693E-02   8.57071E-02  -2.23729E-02   8.83714E-03  -1.00733E-01  -6.17161E-02  -9.36236E-02  -7.11087E-02  -1.16830E-02  -2.16039E-02   8.59695E-02   4.16138E-02   7.23878E-02   5.80978E-02   2.15038E-02   2.34597E-02  -2.97448E-02  -2.66181E-02  -5.04057E-02  -4.85375E-02  -3.31712E-02  -2.70375E-02   3.94037E-03   1.49920E-02   3.33319E-02   3.84928E-02   3.60690E-02   2.12089E-02   1.05170E-02  -2.74229E-02  -3.15583E-02
 3.77000E+01   9.14693E-02  -1.95929E-01  -6.72555E-02  -1.82862E-01  -1.44260E-01  -5.81964E-02  -9.46391E-02   8.23644E-02   2.06586E-02   1.38480E-01   9.95922E-02   8.38898E-02   8.56648E-02  -2.44947E-02   5.43491E-03  -9.96598E-02  -6.57104E-02  -9.01020E-02  -7.22034E-02  -8.63779E-03  -1.82951E-02   8.58222E-02   4.52637E-02   6.91752E-02   5.97858E-02   1.80234E-02   2.22717E-02  -3.05294E-02  -2.95923E-02  -4.78388E-02  -5.10059E-02  -2.94841E-02  -2.72107E-02   5.57389E-03   1.71248E-02   3.15729E-02   4.11895E-02   3.26292E-02   2.21574E-02   8.82846E-03  -2.97454E-02  -2.88884E-02
 3.80000E+01   9.02142E-02  -1.95328E-01  -7.00925E-02  -1.80592E-01  -1.46093E-01  -5.54069E-02  -9.34502E-02   8.34098E-02   2.42329E-02   1.36559E-01   1.02657E-01   8.03036E-02   8.55745E-02  -2.67662E-02   2.14908E-03  -9.85399E-02  -6.94900E-02  -8.63789E-02  -7.31540E-02  -5.42151E-03  -1.50591E-02   8.56497E-02   4.86769E-02   6.57700E-02   6.12560E-02   1.43526E-02   2.10709E-02  -3.13365E-02  -3.23478E-02  -4.51040E-02  -5.31975E-02  -2.55811E-02  -2.72832E-02   7.28759E-03   1.90924E-02   2.96915E-02   4.36000E-02   2.89766E-02   2.29752E-02   7.04266E-03  -3.18349E-02  -2.60470E-02
 3.83000E+01   8.89977E-02  -1.94860E-01  -7.28400E-02  -1.78234E-01  -1.47842E-01  -5.24079E-02  -9.22677E-02   8.45884E-02   2.76803E-02   1.34573E-01   1.05549E-01   7.65202E-02   8.54078E-02  -2.91821E-02  -1.02821E-03  -9.73776E-02  -7.30368E-02  -8.24665E-02  -7.39323E-02  -2.04424E-03  -1.18808E-02   8.54543E-02   5.18377E-02   6.21866E-02   6.24805E-02   1.05061E-02   1.98437E-02  -3.21643E-02  -3.48722E-02  -4.22157E-02  -5.50863E-02  -2.14810E-02  -2.72394E-02   9.07425E-03   2.08866E-02   2.76991E-02   4.57018E-02   2.51308E-02   2.36496E-02   5.16873E-03  -3.36747E-02  -2.30506E-02
 3.85000E+01   8.81970E-02  -1.94619E-01  -7.46176E-02  -1.76618E-01  -1.48946E-01  -5.02975E-02  -9.14696E-02   8.54453E-02   2.99085E-02   1.33216E-01   1.07369E-01   7.38949E-02   8.52408E-02  -3.08682E-02  -3.08975E-03  -9.65812E-02  -7.52631E-02  -7.97608E-02  -7.43420E-02   2.89641E-04  -9.78675E-03   8.53115E-02   5.37971E-02   5.97071E-02   6.31470E-02   7.85352E-03   1.90045E-02  -3.27259E-02  -3.64206E-02  -4.02130E-02  -5.61648E-02  -1.86495E-02  -2.71380E-02   1.03011E-02   2.19822E-02   2.63153E-02   4.69205E-02   2.24713E-02   2.40133E-02   3.87603E-03  -3.47544E-02  -2.09761E-02
 3.88000E+01   8.69957E-02  -1.94361E-01  -7.71968E-02  -1.74130E-01  -1.50489E-01  -4.69764E-02  -9.02391E-02   8.68306E-02   3.31464E-02   1.31137E-01   1.09921E-01   6.98150E-02   8.48873E-02  -3.35011E-02  -6.10219E-03  -9.53565E-02  -7.83830E-02  -7.55697E-02  -7.47739E-02   3.90035E-03  -6.67285E-03   8.50772E-02   5.65038E-02   5.58666E-02   6.39032E-02   3.75965E-03   1.77050E-02  -3.35788E-02  -3.85330E-02  -3.71068E-02  -5.74936E-02  -1.42752E-02  -2.68673E-02   1.21860E-02   2.34695E-02   2.41666E-02   4.84596E-02   1.83588E-02   2.44216E-02   1.88165E-03  -3.61425E-02  -1.77652E-02
 3.91000E+01   8.57769E-02  -1.94217E-01  -7.96647E-02  -1.71576E-01  -1.51870E-01  -4.34861E-02  -8.89479E-02   8.83247E-02   3.62599E-02   1.29008E-01   1.12242E-01   6.55829E-02   8.43894E-02  -3.62434E-02  -9.02459E-03  -9.40982E-02  -8.12260E-02  -7.12385E-02  -7.49662E-02   7.62298E-03  -3.58041E-03   8.48161E-02   5.89203E-02   5.19008E-02   6.43468E-02  -4.47725E-04   1.63468E-02  -3.44377E-02  -4.03842E-02  -3.38963E-02  -5.84569E-02  -9.77649E-03  -2.64428E-02   1.41118E-02   2.47633E-02   2.19442E-02   4.96356E-02   1.41256E-02   2.46560E-02  -1.65563E-04  -3.72410E-02  -1.44569E-02
 3.94000E+01   8.45231E-02  -1.94175E-01  -8.20151E-02  -1.68964E-01  -1.53068E-01  -3.98496E-02  -8.75754E-02   8.99121E-02   3.92504E-02   1.26838E-01   1.14312E-01   6.12225E-02   8.37264E-02  -3.90750E-02  -1.18631E-02  -9.28087E-02  -8.37797E-02  -6.67915E-02  -7.48986E-02   1.14315E-02  -4.98060E-04   8.45232E-02   6.10358E-02   4.78343E-02   6.44582E-02  -4.73726E-03   1.49202E-02  -3.52935E-02  -4.19657E-02  -3.06042E-02  -5.90366E-02  -5.18826E-03  -2.58536E-02   1.60618E-02   2.58582E-02   1.96647E-02   5.04330E-02   9.80581E-03   2.47076E-02  -2.24858E-03  -3.80385E-02  -1.10781E-02
 3.97000E+01   8.32195E-02  -1.94222E-01  -8.42435E-02  -1.66307E-01  -1.54062E-01  -3.60933E-02  -8.61041E-02   9.15749E-02   4.21199E-02   1.24634E-01   1.16119E-01   5.67605E-02   8.28812E-02  -4.19728E-02  -1.46237E-02  -9.14897E-02  -8.60347E-02  -6.22553E-02  -7.45552E-02   1.52965E-02   2.58415E-03   8.41923E-02   6.28428E-02   4.36943E-02   6.42223E-02  -9.07406E-03   1.34169E-02  -3.61356E-02  -4.32719E-02  -2.72548E-02  -5.92193E-02  -5.49032E-04  -2.50909E-02   1.80176E-02   2.67507E-02   1.73461E-02   5.08406E-02   5.43673E-03   2.45699E-02  -4.34867E-03  -3.85271E-02  -7.65789E-03
 4.00000E+01   8.18542E-02  -1.94341E-01  -8.63472E-02  -1.63616E-01  -1.54840E-01  -3.22464E-02  -8.45203E-02   9.32928E-02   4.48711E-02   1.22402E-01   1.17653E-01   5.22258E-02   8.18412E-02  -4.49113E-02  -1.73119E-02  -9.01423E-02  -8.79855E-02  -5.76580E-02  -7.39247E-02   1.91861E-02   5.67464E-03   8.38157E-02   6.43373E-02   3.95096E-02   6.36288E-02  -1.34205E-02   1.18307E-02  -3.69521E-02  -4.43000E-02  -2.38739E-02  -5.89965E-02   4.10001E-03  -2.41489E-02   1.99592E-02   2.74391E-02   1.50072E-02   5.08518E-02   1.05789E-03   2.42387E-02  -6.44576E-03  -3.87022E-02  -4.22719E-03
 4.02000E+01   8.09053E-02  -1.94453E-01  -8.76800E-02  -1.61810E-01  -1.55233E-01  -2.96465E-02  -8.33968E-02   9.44581E-02   4.66413E-02   1.20902E-01   1.18521E-01   4.91772E-02   8.10352E-02  -4.68796E-02  -1.90664E-02  -8.92288E-02  -8.91163E-02  -5.45738E-02  -7.33415E-02   2.17763E-02   7.74299E-03   8.35350E-02   6.51598E-02   3.67094E-02   6.30321E-02  -1.63040E-02   1.07249E-02  -3.74759E-02  -4.48310E-02  -2.16154E-02  -5.86211E-02   7.18371E-03  -2.34196E-02   2.12352E-02   2.77850E-02   1.34463E-02   5.06382E-02  -1.84654E-03   2.39096E-02  -7.83186E-03  -3.86444E-02  -1.94999E-03
 4.05000E+01   7.94192E-02  -1.94655E-01  -8.95758E-02  -1.59091E-01  -1.55631E-01  -2.57168E-02  -8.16054E-02   9.62196E-02   4.92039E-02   1.18639E-01   1.19592E-01   4.45887E-02   7.96539E-02  -4.98255E-02  -2.16457E-02  -8.78356E-02  -9.05597E-02  -4.99402E-02  -7.22211E-02   2.56317E-02   1.08615E-02   8.30625E-02   6.61353E-02   3.25157E-02   6.18354E-02  -2.05785E-02   8.99214E-03  -3.82209E-02  -4.53984E-02  -1.82405E-02  -5.77195E-02   1.17536E-02  -2.21736E-02   2.31057E-02   2.81365E-02   1.11167E-02   4.99886E-02  -6.15023E-03   2.32544E-02  -9.87734E-03  -3.82982E-02   1.42702E-03
 4.08000E+01   7.78549E-02  -1.94885E-01  -9.13503E-02  -1.56372E-01  -1.55801E-01  -2.17785E-02  -7.96840E-02   9.79774E-02   5.16601E-02   1.16366E-01   1.20389E-01   4.00082E-02   7.80659E-02  -5.27389E-02  -2.41665E-02  -8.64150E-02  -9.17056E-02  -4.53235E-02  -7.08087E-02   2.94209E-02   1.40027E-02   8.25193E-02   6.68075E-02   2.83559E-02   6.02821E-02  -2.47565E-02   7.16991E-03  -3.89048E-02  -4.56972E-02  -1.49042E-02  -5.64187E-02   1.62182E-02  -2.07472E-02   2.49047E-02   2.82917E-02   8.81817E-03   4.89517E-02  -1.03538E-02   2.24087E-02  -1.18636E-02  -3.76469E-02   4.72905E-03
 4.11000E+01   7.62120E-02  -1.95126E-01  -9.30088E-02  -1.53664E-01  -1.55749E-01  -1.78611E-02  -7.76334E-02   9.97100E-02   5.40157E-02   1.14090E-01   1.20921E-01   3.54644E-02   7.62750E-02  -5.55929E-02  -2.66334E-02  -8.49660E-02  -9.25645E-02  -4.07513E-02  -6.91123E-02   3.31107E-02   1.71686E-02   8.18950E-02   6.71871E-02   2.42578E-02   5.83829E-02  -2.87991E-02   5.25973E-03  -3.95140E-02  -4.57370E-02  -1.16315E-02  -5.47321E-02   2.05358E-02  -1.91459E-02   2.66109E-02   2.82580E-02   6.56903E-03   4.75410E-02  -1.44173E-02   2.13788E-02  -1.37700E-02  -3.67015E-02   7.92517E-03
 4.14000E+01   7.44928E-02  -1.95361E-01  -9.45582E-02  -1.50977E-01  -1.55484E-01  -1.39918E-02  -7.54577E-02   1.01397E-01   5.62777E-02   1.11813E-01   1.21200E-01   3.09836E-02   7.42894E-02  -5.83622E-02  -2.90509E-02  -8.34874E-02  -9.31508E-02  -3.62487E-02  -6.71445E-02   3.66698E-02   2.03599E-02   8.11789E-02   6.72890E-02   2.02472E-02   5.61543E-02  -3.26695E-02   3.26516E-03  -4.00352E-02  -4.55311E-02  -8.44562E-03  -5.26786E-02   2.46666E-02  -1.73779E-02   2.82039E-02   2.80452E-02   4.38631E-03   4.57754E-02  -1.83031E-02   2.01739E-02  -1.55771E-02  -3.54769E-02   1.09862E-02
 4.17000E+01   7.27019E-02  -1.95577E-01  -9.60071E-02  -1.48320E-01  -1.55022E-01  -1.01945E-02  -7.31645E-02   1.03019E-01   5.84533E-02   1.09540E-01   1.21243E-01   2.65890E-02   7.21210E-02  -6.10238E-02  -3.14229E-02  -8.19772E-02  -9.34821E-02  -3.18381E-02  -6.49225E-02   4.00696E-02   2.35752E-02   8.03603E-02   6.71311E-02   1.63473E-02   5.36174E-02  -3.63341E-02   1.19165E-03  -4.04556E-02  -4.50954E-02  -5.36754E-03  -5.02823E-02   2.85745E-02  -1.54544E-02   2.96647E-02   2.76649E-02   2.28542E-03   4.36782E-02  -2.19766E-02   1.88057E-02  -1.72667E-02  -3.39915E-02   1.38854E-02
 4.20000E+01   7.08464E-02  -1.95761E-01  -9.73653E-02  -1.45699E-01  -1.54380E-01  -6.48936E-03  -7.07637E-02   1.04561E-01   6.05500E-02   1.07273E-01   1.21070E-01   2.23000E-02   6.97847E-02  -6.35575E-02  -3.37530E-02  -8.04326E-02  -9.35789E-02  -2.75380E-02  -6.24667E-02   4.32848E-02   2.68119E-02   7.94286E-02   6.67338E-02   1.25778E-02   5.07974E-02  -3.97628E-02  -9.53627E-04  -4.07634E-02  -4.44481E-02  -2.41544E-03  -4.75711E-02   3.22269E-02  -1.33887E-02   3.09761E-02   2.71305E-02   2.79853E-04   4.12767E-02  -2.54069E-02   1.72878E-02  -1.88227E-02  -3.22669E-02   1.65990E-02
 4.23000E+01   6.89344E-02  -1.95902E-01  -9.86431E-02  -1.43120E-01  -1.53579E-01  -2.89235E-03  -6.82676E-02   1.06008E-01   6.25756E-02   1.05012E-01   1.20702E-01   1.81320E-02   6.72980E-02  -6.59461E-02  -3.60441E-02  -7.88506E-02  -9.34632E-02  -2.33633E-02  -5.98008E-02   4.62940E-02   3.00657E-02   7.83736E-02   6.61196E-02   8.95479E-03   4.77229E-02  -4.29297E-02  -3.16198E-03  -4.09479E-02  -4.36089E-02   3.95517E-04  -4.45769E-02   3.55962E-02  -1.11961E-02   3.21229E-02   2.64565E-02  -1.61907E-03   3.86016E-02  -2.85676E-02   1.56358E-02  -2.02310E-02  -3.03268E-02   1.91066E-02
 4.26000E+01   6.69755E-02  -1.95992E-01  -9.98512E-02  -1.40584E-01  -1.52640E-01   5.85151E-04  -6.56898E-02   1.07350E-01   6.45373E-02   1.02757E-01   1.20163E-01   1.40958E-02   6.46798E-02  -6.81763E-02  -3.82985E-02  -7.72273E-02  -9.31582E-02  -1.93247E-02  -5.69502E-02   4.90798E-02   3.33306E-02   7.71853E-02   6.53120E-02   5.49070E-03   4.44247E-02  -4.58136E-02  -5.42346E-03  -4.09995E-02  -4.25990E-02   3.05337E-03  -4.13335E-02   3.86591E-02  -8.89339E-03   3.30921E-02   2.56584E-02  -3.40228E-03   3.56856E-02  -3.14367E-02   1.38663E-02  -2.14796E-02  -2.81968E-02   2.13912E-02
 4.29000E+01   6.49799E-02  -1.96025E-01  -1.01000E-01  -1.38092E-01  -1.51586E-01   3.93615E-03  -6.30445E-02   1.08578E-01   6.64418E-02   1.00505E-01   1.19476E-01   1.01983E-02   6.19502E-02  -7.02377E-02  -4.05176E-02  -7.55585E-02  -9.26874E-02  -1.54287E-02  -5.39417E-02   5.16290E-02   3.65995E-02   7.58546E-02   6.43350E-02   2.19404E-03   4.09352E-02  -4.83977E-02  -7.72706E-03  -4.09100E-02  -4.14399E-02   5.54934E-03  -3.78766E-02   4.13976E-02  -6.49865E-03   3.38731E-02   2.47519E-02  -5.06298E-03   3.25630E-02  -3.39967E-02   1.19972E-02  -2.25590E-02  -2.59037E-02   2.34395E-02
 4.32000E+01   6.29577E-02  -1.95998E-01  -1.02100E-01  -1.35642E-01  -1.50439E-01   7.15795E-03  -6.03467E-02   1.09687E-01   6.82952E-02   9.82536E-02   1.18663E-01   6.44182E-03   5.91296E-02  -7.21239E-02  -4.27020E-02  -7.38395E-02  -9.20735E-02  -1.16783E-02  -5.08024E-02   5.39324E-02   3.98639E-02   7.43728E-02   6.32122E-02  -9.30272E-04   3.72877E-02  -5.06699E-02  -1.00609E-02  -4.06724E-02  -4.01529E-02   7.87777E-03  -3.42426E-02   4.37983E-02  -4.03058E-03   3.44574E-02   2.37529E-02  -6.59657E-03   2.92687E-02  -3.62348E-02   1.00464E-02  -2.34620E-02  -2.34745E-02   2.52417E-02
 4.36000E+01   6.02375E-02  -1.95864E-01  -1.03504E-01  -1.32436E-01  -1.48798E-01   1.12552E-02  -5.66929E-02   1.10976E-01   7.06951E-02   9.52443E-02   1.17421E-01   1.65002E-03   5.52617E-02  -7.43602E-02  -4.55594E-02  -7.14612E-02  -9.10693E-02  -6.90241E-03  -4.64598E-02   5.66125E-02   4.41925E-02   7.21487E-02   6.15277E-02  -4.82573E-03   3.22356E-02  -5.32013E-02  -1.31982E-02  -4.01159E-02  -3.82740E-02   1.07173E-02  -2.91846E-02   4.64594E-02  -6.58897E-04   3.49204E-02   2.23038E-02  -8.43954E-03   2.46699E-02  -3.87042E-02   7.35024E-03  -2.43831E-02  -2.00709E-02   2.72514E-02
 4.39000E+01   5.81916E-02  -1.95690E-01  -1.04520E-01  -1.30069E-01  -1.47509E-01   1.41859E-02  -5.39279E-02   1.11800E-01   7.24461E-02   9.29752E-02   1.16396E-01  -1.78768E-03   5.23053E-02  -7.58283E-02  -4.76590E-02  -6.96063E-02  -9.02022E-02  -3.48339E-03  -4.31190E-02   5.83275E-02   4.74065E-02   7.02856E-02   6.01510E-02  -7.54710E-03   2.83472E-02  -5.47220E-02  -1.55532E-02  -3.95135E-02  -3.67684E-02   1.26485E-02  -2.52780E-02   4.80454E-02   1.90554E-03   3.50258E-02   2.11482E-02  -9.66992E-03   2.11105E-02  -4.01653E-02   5.28035E-03  -2.48584E-02  -1.74291E-02   2.84601E-02
 4.42000E+01   5.61503E-02  -1.95456E-01  -1.05512E-01  -1.27729E-01  -1.46187E-01   1.70036E-02  -5.11561E-02   1.12505E-01   7.41572E-02   9.06891E-02   1.15309E-01  -5.10025E-03   4.93213E-02  -7.71198E-02  -4.97182E-02  -6.76849E-02  -8.92562E-02  -1.96300E-04  -3.97338E-02   5.97917E-02   5.05790E-02   6.82490E-02   5.86987E-02  -1.01020E-02   2.44083E-02  -5.59195E-02  -1.78951E-02  -3.87496E-02  -3.52003E-02   1.44124E-02  -2.13126E-02   4.92806E-02   4.47929E-03   3.49222E-02   1.99493E-02  -1.07717E-02   1.74933E-02  -4.12913E-02   3.18930E-03  -2.51483E-02  -1.47393E-02   2.94130E-02
 4.45000E+01   5.41210E-02  -1.95165E-01  -1.06482E-01  -1.25408E-01  -1.44845E-01   1.97184E-02  -4.83888E-02   1.13093E-01   7.58290E-02   8.83801E-02   1.14173E-01  -8.29764E-03   4.63259E-02  -7.82393E-02  -5.17329E-02  -6.56925E-02  -8.82456E-02   2.96783E-03  -3.63273E-02   6.10098E-02   5.36964E-02   6.60346E-02   5.71876E-02  -1.24970E-02   2.04488E-02  -5.67977E-02  -2.02102E-02  -3.78230E-02  -3.35866E-02   1.60136E-02  -1.73213E-02   5.01687E-02   7.04351E-03   3.46100E-02   1.87196E-02  -1.17476E-02   1.38502E-02  -4.20858E-02   1.09435E-03  -2.52539E-02  -1.20259E-02   3.01130E-02
 4.48000E+01   5.21099E-02  -1.94820E-01  -1.07433E-01  -1.23099E-01  -1.43493E-01   2.23419E-02  -4.56363E-02   1.13571E-01   7.74602E-02   8.60421E-02   1.13000E-01  -1.13911E-02   4.33339E-02  -7.91931E-02  -5.36979E-02  -6.36251E-02  -8.71817E-02   6.01921E-03  -3.29206E-02   6.19887E-02   5.67444E-02   6.36392E-02   5.56325E-02  -1.47405E-02   1.64967E-02  -5.73631E-02  -2.24847E-02  -3.67338E-02  -3.19421E-02   1.74581E-02  -1.33351E-02   5.07166E-02   9.57980E-03   3.40914E-02   1.74711E-02  -1.26017E-02   1.02112E-02  -4.25551E-02  -9.87930E-04  -2.51781E-02  -9.31217E-03   3.05652E-02
 4.52000E+01   4.94655E-02  -1.94284E-01  -1.08672E-01  -1.20025E-01  -1.41686E-01   2.57192E-02  -4.20041E-02   1.14045E-01   7.95675E-02   8.28701E-02   1.11391E-01  -1.53747E-02   3.93719E-02  -8.02201E-02  -5.62296E-02  -6.07460E-02  -8.56951E-02   9.93128E-03  -2.84115E-02   6.29369E-02   6.06738E-02   6.01612E-02   5.35115E-02  -1.75121E-02   1.12838E-02  -5.76462E-02  -2.54302E-02  -3.50307E-02  -2.97244E-02   1.91527E-02  -8.07848E-03   5.09343E-02   1.28873E-02   3.30855E-02   1.57950E-02  -1.35591E-02   5.41423E-03  -4.26901E-02  -3.71726E-03  -2.48018E-02  -5.73045E-03   3.07946E-02
 4.55000E+01   4.75149E-02  -1.93832E-01  -1.09577E-01  -1.17715E-01  -1.40332E-01   2.81775E-02  -3.93176E-02   1.14287E-01   8.10918E-02   8.04437E-02   1.10156E-01  -1.82722E-02   3.64351E-02  -8.08179E-02  -5.80528E-02  -5.84916E-02  -8.45364E-02   1.27624E-02  -2.50769E-02   6.33933E-02   6.34989E-02   5.73398E-02   5.18980E-02  -1.94388E-02   7.44789E-03  -5.75197E-02  -2.75559E-02  -3.35691E-02  -2.80570E-02   2.02605E-02  -4.21473E-03   5.07282E-02   1.52898E-02   3.21021E-02   1.45413E-02  -1.41485E-02   1.89197E-03  -4.24378E-02  -5.70955E-03  -2.43205E-02  -3.09765E-03   3.06975E-02
 4.58000E+01   4.55951E-02  -1.93343E-01  -1.10457E-01  -1.15395E-01  -1.38980E-01   3.05851E-02  -3.66696E-02   1.14440E-01   8.25619E-02   7.79723E-02   1.08898E-01  -2.11053E-02   3.35384E-02  -8.12779E-02  -5.98021E-02  -5.61545E-02  -8.33434E-02   1.55171E-02  -2.17996E-02   6.36440E-02   6.62008E-02   5.43385E-02   5.02734E-02  -2.12462E-02   3.69983E-03  -5.71171E-02  -2.95948E-02  -3.19540E-02  -2.63968E-02   2.12377E-02  -4.46098E-04   5.02208E-02   1.76072E-02   3.09302E-02   1.32996E-02  -1.46341E-02  -1.53860E-03  -4.18968E-02  -7.63927E-03  -2.36759E-02  -5.31275E-04   3.03811E-02
 4.61000E+01   4.37078E-02  -1.92822E-01  -1.11309E-01  -1.13059E-01  -1.37628E-01   3.29527E-02  -3.40643E-02   1.14511E-01   8.39713E-02   7.54532E-02   1.07617E-01  -2.38844E-02   3.06891E-02  -8.16095E-02  -6.14685E-02  -5.37345E-02  -8.21168E-02   1.82053E-02  -1.85930E-02   6.37010E-02   6.87623E-02   5.11614E-02   4.86431E-02  -2.29443E-02   5.97551E-05  -5.64528E-02  -3.15335E-02  -3.01910E-02  -2.47515E-02   2.20930E-02   3.20459E-03   4.94275E-02   1.98237E-02   2.95780E-02   1.20767E-02  -1.50223E-02  -4.85510E-03  -4.10819E-02  -9.49320E-03  -2.28759E-02   1.95171E-03   2.98566E-02
 4.65000E+01   4.12426E-02  -1.92086E-01  -1.12390E-01  -1.09914E-01  -1.35818E-01   3.60632E-02  -3.06625E-02   1.14491E-01   8.57430E-02   7.20179E-02   1.05867E-01  -2.75216E-02   2.69743E-02  -8.18685E-02  -6.35454E-02  -5.03819E-02  -8.04262E-02   2.17011E-02  -1.44474E-02   6.34973E-02   7.19296E-02   4.66631E-02   4.64668E-02  -2.50542E-02  -4.59424E-03  -5.51867E-02  -3.39398E-02  -2.76226E-02  -2.25922E-02   2.30588E-02   7.85287E-03   4.79543E-02   2.25964E-02   2.75116E-02   1.04858E-02  -1.53997E-02  -9.06434E-03  -3.95974E-02  -1.18260E-02  -2.15827E-02   5.10595E-03   2.88551E-02
 4.68000E+01   3.94317E-02  -1.91508E-01  -1.13151E-01  -1.07529E-01  -1.34448E-01   3.83710E-02  -2.81676E-02   1.14398E-01   8.69809E-02   6.93846E-02   1.04518E-01  -3.02079E-02   2.42573E-02  -8.19375E-02  -6.49820E-02  -4.77770E-02  -7.91129E-02   2.42657E-02  -1.14483E-02   6.31516E-02   7.40968E-02   4.31044E-02   4.48352E-02  -2.65321E-02  -7.91406E-03  -5.39736E-02  -3.55942E-02  -2.55439E-02  -2.10052E-02   2.36631E-02   1.11504E-02   4.65614E-02   2.45209E-02   2.57786E-02   9.32865E-03  -1.55860E-02  -1.20378E-02  -3.82081E-02  -1.34566E-02  -2.04557E-02   7.33627E-03   2.78947E-02
 4.71000E+01   3.76524E-02  -1.90913E-01  -1.13861E-01  -1.05121E-01  -1.33058E-01   4.06633E-02  -2.57220E-02   1.14247E-01   8.81319E-02   6.67047E-02   1.03129E-01  -3.28642E-02   2.16032E-02  -8.19093E-02  -6.63042E-02  -4.50998E-02  -7.77557E-02   2.67872E-02  -8.55254E-03   6.26553E-02   7.60674E-02   3.93995E-02   4.32051E-02  -2.79288E-02  -1.10717E-02  -5.25542E-02  -3.71066E-02  -2.33459E-02  -1.94502E-02   2.41737E-02   1.42678E-02   4.49434E-02   2.62983E-02   2.39023E-02   8.20694E-03  -1.56966E-02  -1.48356E-02  -3.66033E-02  -1.49737E-02  -1.92059E-02   9.43683E-03   2.67708E-02
 4.75000E+01   3.53262E-02  -1.90098E-01  -1.14718E-01  -1.01877E-01  -1.31163E-01   4.37008E-02  -2.25384E-02   1.13962E-01   8.95172E-02   6.30657E-02   1.01205E-01  -3.63650E-02   1.81658E-02  -8.17356E-02  -6.78736E-02  -4.14294E-02  -7.58687E-02   3.00881E-02  -4.86374E-03   6.17821E-02   7.83623E-02   3.42563E-02   4.10332E-02  -2.96762E-02  -1.50084E-02  -5.03728E-02  -3.88834E-02  -2.02493E-02  -1.74314E-02   2.47220E-02   1.81194E-02   4.24711E-02   2.84197E-02   2.12014E-02   6.77196E-03  -1.57376E-02  -1.82682E-02  -3.41626E-02  -1.68046E-02  -1.73688E-02   1.20173E-02   2.50439E-02
 4.78000E+01   3.36137E-02  -1.89474E-01  -1.15283E-01  -9.94237E-02  -1.29698E-01   4.59658E-02  -2.02078E-02   1.13695E-01   9.04344E-02   6.02944E-02   9.96973E-02  -3.89609E-02   1.56654E-02  -8.15140E-02  -6.88947E-02  -3.86115E-02  -7.43879E-02   3.25197E-02  -2.23285E-03   6.09858E-02   7.98163E-02   3.02673E-02   3.94038E-02  -3.09075E-02  -1.77426E-02  -4.85449E-02  -4.00239E-02  -1.78192E-02  -1.59608E-02   2.50433E-02   2.07638E-02   4.04084E-02   2.98115E-02   1.90457E-02   5.74440E-03  -1.56966E-02  -2.06036E-02  -3.21334E-02  -1.80236E-02  -1.58788E-02   1.37756E-02   2.35979E-02
 4.82000E+01   3.13691E-02  -1.88629E-01  -1.15921E-01  -9.61330E-02  -1.27673E-01   4.89653E-02  -1.71743E-02   1.13276E-01   9.14821E-02   5.65568E-02   9.75886E-02  -4.23803E-02   1.24354E-02  -8.11116E-02  -7.00345E-02  -3.47863E-02  -7.23153E-02   3.57025E-02   1.08723E-03   5.97605E-02   8.13758E-02   2.48081E-02   3.72276E-02  -3.24515E-02  -2.10818E-02  -4.58896E-02  -4.12729E-02  -1.44625E-02  -1.40597E-02   2.53647E-02   2.39457E-02   3.74224E-02   3.13857E-02   1.60286E-02   4.44258E-03  -1.55577E-02  -2.33802E-02  -2.92041E-02  -1.94314E-02  -1.37678E-02   1.58703E-02   2.14997E-02
 4.85000E+01   2.97118E-02  -1.87988E-01  -1.16306E-01  -9.36587E-02  -1.26090E-01   5.11950E-02  -1.49527E-02   1.12921E-01   9.21294E-02   5.37332E-02   9.59246E-02  -4.49091E-02   1.00903E-02  -8.07389E-02  -7.07156E-02  -3.18809E-02  -7.06804E-02   3.80419E-02   3.43367E-03   5.87356E-02   8.22490E-02   2.06345E-02   3.55902E-02  -3.35404E-02  -2.33489E-02  -4.37604E-02  -4.19977E-02  -1.18774E-02  -1.26793E-02   2.55334E-02   2.60649E-02   3.50353E-02   3.23471E-02   1.36803E-02   3.51883E-03  -1.53980E-02  -2.52004E-02  -2.68680E-02  -2.03176E-02  -1.21089E-02   1.72470E-02   1.98199E-02
 4.89000E+01   2.75326E-02  -1.87124E-01  -1.16688E-01  -9.03655E-02  -1.23883E-01   5.41311E-02  -1.20581E-02   1.12399E-01   9.28002E-02   4.99597E-02   9.35853E-02  -4.82235E-02   7.06431E-03  -8.01601E-02  -7.13843E-02  -2.79817E-02  -6.83848E-02   4.10903E-02   6.36925E-03   5.72518E-02   8.30055E-02   1.50055E-02   3.33962E-02  -3.49039E-02  -2.60490E-02  -4.07764E-02  -4.26732E-02  -8.37106E-03  -1.08990E-02   2.56726E-02   2.85261E-02   3.16992E-02   3.33284E-02   1.04687E-02   2.35831E-03  -1.51215E-02  -2.72687E-02  -2.36104E-02  -2.12672E-02  -9.82272E-03   1.88171E-02   1.74709E-02
 4.92000E+01   2.59182E-02  -1.86470E-01  -1.16872E-01  -8.79108E-02  -1.22149E-01   5.62966E-02  -9.93516E-03   1.11976E-01   9.31563E-02   4.71373E-02   9.17351E-02  -5.06580E-02   4.86820E-03  -7.96724E-02  -7.17034E-02  -2.50552E-02  -6.65718E-02   4.33168E-02   8.42689E-03   5.60665E-02   8.32622E-02   1.07652E-02   3.17403E-02  -3.58618E-02  -2.78305E-02  -3.84553E-02  -4.29588E-02  -5.71823E-03  -9.60807E-03   2.57193E-02   3.00962E-02   2.91116E-02   3.38363E-02   8.02265E-03   1.54123E-03  -1.48733E-02  -2.85484E-02  -2.10893E-02  -2.18034E-02  -8.07066E-03   1.97935E-02   1.56488E-02
 4.96000E+01   2.37887E-02  -1.85590E-01  -1.16979E-01  -8.46753E-02  -1.19728E-01   5.91201E-02  -7.16413E-03   1.11375E-01   9.34344E-02   4.34056E-02   8.91357E-02  -5.38210E-02   2.03373E-03  -7.89610E-02  -7.18854E-02  -2.11760E-02  -6.40289E-02   4.61940E-02   1.09817E-02   5.44114E-02   8.31900E-02   5.13059E-03   2.95154E-02  -3.70532E-02  -2.98835E-02  -3.52869E-02  -4.30448E-02  -2.18214E-03  -7.94417E-03   2.57130E-02   3.18238E-02   2.55896E-02   3.42095E-02   4.74508E-03   5.21890E-04  -1.44972E-02  -2.98938E-02  -1.76656E-02  -2.22839E-02  -5.71130E-03   2.08281E-02   1.31701E-02
 4.99000E+01   2.22067E-02  -1.84924E-01  -1.16957E-01  -8.22885E-02  -1.17828E-01   6.11790E-02  -5.12748E-03   1.10899E-01   9.34975E-02   4.06451E-02   8.70859E-02  -5.61206E-02  -2.51962E-05  -7.83878E-02  -7.18418E-02  -1.83012E-02  -6.20267E-02   4.82744E-02   1.27601E-02   5.31280E-02   8.28286E-02   9.48805E-04   2.78327E-02  -3.78821E-02  -3.11858E-02  -3.28795E-02  -4.28909E-02   4.47745E-04  -6.73763E-03   2.56620E-02   3.28495E-02   2.29222E-02   3.42645E-02   2.29736E-03  -1.91273E-04  -1.41872E-02  -3.06362E-02  -1.50790E-02  -2.24709E-02  -3.94201E-03   2.14066E-02   1.12947E-02
 5.03000E+01   2.01148E-02  -1.84025E-01  -1.16797E-01  -7.91766E-02  -1.15186E-01   6.38292E-02  -2.46289E-03   1.10235E-01   9.33945E-02   3.70368E-02   8.42210E-02  -5.90737E-02  -2.68669E-03  -7.75785E-02  -7.15511E-02  -1.45387E-02  -5.92318E-02   5.09317E-02   1.49551E-02   5.13795E-02   8.19488E-02  -4.52575E-03   2.55691E-02  -3.88999E-02  -3.26160E-02  -2.96618E-02  -4.24028E-02   3.89445E-03  -5.18134E-03   2.55390E-02   3.38681E-02   1.93695E-02   3.40464E-02  -9.20646E-04  -1.07624E-03  -1.37444E-02  -3.12811E-02  -1.16432E-02  -2.24955E-02  -1.60804E-03   2.19222E-02   8.80114E-03
 5.07000E+01   1.80406E-02  -1.83112E-01  -1.16496E-01  -7.61632E-02  -1.12424E-01   6.63526E-02   1.48594E-04   1.09539E-01   9.30896E-02   3.35333E-02   8.12114E-02  -6.18800E-02  -5.25924E-03  -7.67256E-02  -7.10075E-02  -1.08834E-02  -5.62990E-02   5.34406E-02   1.69596E-02   4.96077E-02   8.06342E-02  -9.83950E-03   2.32825E-02  -3.98153E-02  -3.37125E-02  -2.64701E-02  -4.16049E-02   7.24043E-03  -3.68154E-03   2.53594E-02   3.45054E-02   1.58620E-02   3.35091E-02  -4.05268E-03  -1.88951E-03  -1.32760E-02  -3.15485E-02  -8.26320E-03  -2.22742E-02   6.70933E-04   2.21583E-02   6.34567E-03
 5.10000E+01   1.64953E-02  -1.82417E-01  -1.16187E-01  -7.39786E-02  -1.10281E-01   6.81511E-02   2.07565E-03   1.08998E-01   9.27383E-02   3.09878E-02   7.88654E-02  -6.38774E-02  -7.13496E-03  -7.60615E-02  -7.04447E-02  -8.22804E-03  -5.40139E-02   5.52154E-02   1.83460E-02   4.82746E-02   7.93799E-02  -1.36922E-02   2.15528E-02  -4.04331E-02  -3.43288E-02  -2.41141E-02  -4.08149E-02   9.66439E-03  -2.59138E-03   2.51911E-02   3.47474E-02   1.32851E-02   3.29084E-02  -6.32498E-03  -2.45518E-03  -1.29125E-02  -3.15153E-02  -5.78897E-03  -2.19557E-02   2.32825E-03   2.21621E-02   4.54713E-03
 5.14000E+01   1.44481E-02  -1.81476E-01  -1.15677E-01  -7.11784E-02  -1.07339E-01   7.04107E-02   4.60715E-03   1.08253E-01   9.21228E-02   2.77180E-02   7.56300E-02  -6.63847E-02  -9.57069E-03  -7.51476E-02  -6.95050E-02  -4.82028E-03  -5.08624E-02   5.74280E-02   2.00504E-02   4.65042E-02   7.73765E-02  -1.86206E-02   1.92288E-02  -4.11626E-02  -3.48955E-02  -2.10471E-02  -3.95241E-02   1.27594E-02  -1.18084E-03   2.49258E-02   3.47776E-02   9.94933E-03   3.18621E-02  -9.22844E-03  -3.15442E-03  -1.24169E-02  -3.11806E-02  -2.59951E-03  -2.13418E-02   4.45013E-03   2.19519E-02   2.22768E-03
 5.18000E+01   1.24153E-02  -1.80514E-01  -1.15074E-01  -6.85174E-02  -1.04316E-01   7.25004E-02   7.09985E-03   1.07480E-01   9.13596E-02   2.46040E-02   7.22868E-02  -6.87016E-02  -1.19392E-02  -7.42049E-02  -6.83712E-02  -1.58120E-03  -4.76039E-02   5.94539E-02   2.16049E-02   4.47536E-02   7.50294E-02  -2.32803E-02   1.68871E-02  -4.17820E-02  -3.51956E-02  -1.80881E-02  -3.79855E-02   1.56756E-02   1.84244E-04   2.46171E-02   3.45012E-02   6.75511E-03   3.05589E-02  -1.19641E-02  -3.79577E-03  -1.19137E-02  -3.05415E-02   4.36988E-04  -2.05295E-02   6.45329E-03   2.15159E-02   1.87960E-05
 5.21000E+01   1.09001E-02  -1.79779E-01  -1.14573E-01  -6.66178E-02  -1.02007E-01   7.39504E-02   8.94668E-03   1.06882E-01   9.07049E-02   2.23772E-02   6.97195E-02  -7.03080E-02  -1.36762E-02  -7.34807E-02  -6.74089E-02   7.28746E-04  -4.50990E-02   6.08450E-02   2.26821E-02   4.34597E-02   7.30679E-02  -2.65826E-02   1.51215E-02  -4.21729E-02  -3.52628E-02  -1.59520E-02  -3.66854E-02   1.77333E-02   1.18058E-03   2.43590E-02   3.41121E-02   4.46721E-03   2.94295E-02  -1.38928E-02  -4.24214E-03  -1.15339E-02  -2.98814E-02   2.59875E-03  -1.98025E-02   7.86766E-03   2.10548E-02  -1.55395E-03
 5.25000E+01   8.89282E-03  -1.78778E-01  -1.13856E-01  -6.42169E-02  -9.88884E-02   7.57224E-02   1.13823E-02   1.06060E-01   8.97424E-02   1.95588E-02   6.62322E-02  -7.22691E-02  -1.59457E-02  -7.24932E-02  -6.59985E-02   3.64149E-03  -4.16910E-02   6.25227E-02   2.40134E-02   4.17656E-02   7.02179E-02  -3.07126E-02   1.27584E-02  -4.25940E-02  -3.51656E-02  -1.32272E-02  -3.47799E-02   2.02918E-02   2.47538E-03   2.39809E-02   3.33774E-02   1.57583E-03   2.77437E-02  -1.62868E-02  -4.79555E-03  -1.10272E-02  -2.87864E-02   5.31089E-03  -1.86935E-02   9.62543E-03   2.02804E-02  -3.52701E-03
 5.29000E+01   6.90083E-03  -1.77752E-01  -1.13106E-01  -6.19671E-02  -9.57436E-02   7.73077E-02   1.37907E-02   1.05210E-01   8.87002E-02   1.69147E-02   6.26894E-02  -7.40199E-02  -1.81687E-02  -7.14808E-02  -6.44670E-02   6.35794E-03  -3.82206E-02   6.39937E-02   2.52396E-02   4.01114E-02   6.71385E-02  -3.45182E-02   1.03896E-02  -4.28996E-02  -3.48813E-02  -1.06534E-02  -3.27041E-02   2.26282E-02   3.73487E-03   2.35652E-02   3.24264E-02  -1.12080E-03   2.58786E-02  -1.84662E-02  -5.30624E-03  -1.05220E-02  -2.74760E-02   7.81478E-03  -1.74451E-02   1.12276E-02   1.93459E-02  -5.34813E-03
 5.33000E+01   4.92501E-03  -1.76701E-01  -1.12341E-01  -5.98655E-02  -9.25924E-02   7.87073E-02   1.61755E-02   1.04328E-01   8.76029E-02   1.44438E-02   5.91109E-02  -7.55593E-02  -2.03518E-02  -7.04426E-02  -6.28408E-02   8.87639E-03  -3.47049E-02   6.52559E-02   2.63763E-02   3.84991E-02   6.38713E-02  -3.79918E-02   8.01991E-03  -4.30886E-02  -3.44384E-02  -8.23709E-03  -3.04864E-02   2.47353E-02   4.96216E-03   2.31125E-02   3.12916E-02  -3.61347E-03   2.38628E-02  -2.04222E-02  -5.77938E-03  -1.00200E-02  -2.59825E-02   1.01002E-02  -1.60786E-02   1.26672E-02   1.82751E-02  -7.00949E-03
 5.37000E+01   2.96635E-03  -1.75622E-01  -1.11584E-01  -5.79056E-02  -8.94541E-02   7.99251E-02   1.85393E-02   1.03414E-01   8.64733E-02   1.21412E-02   5.55154E-02  -7.68892E-02  -2.25007E-02  -6.93766E-02  -6.11449E-02   1.11990E-02  -3.11602E-02   6.63091E-02   2.74377E-02   3.69283E-02   6.04560E-02  -4.11316E-02   5.65464E-03  -4.31606E-02  -3.38638E-02  -5.98080E-03  -2.81540E-02   2.66095E-02   6.15992E-03   2.26226E-02   3.00040E-02  -5.89754E-03   2.17237E-02  -2.21500E-02  -6.21976E-03  -9.52152E-03  -2.43371E-02   1.21612E-02  -1.46150E-02   1.39399E-02   1.70910E-02  -8.50660E-03
 5.41000E+01   1.02585E-03  -1.74515E-01  -1.10851E-01  -5.60783E-02  -8.63462E-02   8.09682E-02   2.08848E-02   1.02464E-01   8.53323E-02   9.99868E-03   5.19205E-02  -7.80141E-02  -2.46206E-02  -6.82798E-02  -5.94023E-02   1.33314E-02  -2.76021E-02   6.71554E-02   2.84371E-02   3.53968E-02   5.69297E-02  -4.39409E-02   3.29892E-03  -4.31153E-02  -3.31824E-02  -3.88338E-03  -2.57326E-02   2.82508E-02   7.33032E-03   2.20950E-02   2.85927E-02  -7.97238E-03   1.94872E-02  -2.36480E-02  -6.63171E-03  -9.02649E-03  -2.25689E-02   1.39960E-02  -1.30739E-02   1.50442E-02   1.58152E-02  -9.83781E-03
 5.44000E+01  -4.16987E-04  -1.73667E-01  -1.10327E-01  -5.47878E-02  -8.40448E-02   8.16414E-02   2.26330E-02   1.01726E-01   8.44804E-02   8.49041E-03   4.92344E-02  -7.87271E-02  -2.61941E-02  -6.74348E-02  -5.80772E-02   1.48106E-02  -2.49335E-02   6.76564E-02   2.91528E-02   3.42715E-02   5.42326E-02  -4.58354E-02   1.54147E-03  -4.30045E-02  -3.26150E-02  -2.41223E-03  -2.38726E-02   2.93303E-02   8.19119E-03   2.16738E-02   2.74692E-02  -9.39267E-03   1.77605E-02  -2.46213E-02  -6.92431E-03  -8.65699E-03  -2.11785E-02   1.52242E-02  -1.18784E-02   1.57620E-02   1.48102E-02  -1.07277E-02
 5.48000E+01  -2.32323E-03  -1.72510E-01  -1.09673E-01  -5.31630E-02  -8.10266E-02   8.24021E-02   2.49505E-02   1.00706E-01   8.33625E-02   6.60072E-03   4.56779E-02  -7.95096E-02  -2.82728E-02  -6.62749E-02  -5.63012E-02   1.66310E-02  -2.13860E-02   6.81499E-02   3.00703E-02   3.27980E-02   5.05915E-02  -4.80864E-02  -7.85326E-04  -4.27548E-02  -3.17996E-02  -5.81639E-04  -2.13514E-02   3.05714E-02   9.31738E-03   2.10770E-02   2.59040E-02  -1.11093E-02   1.54106E-02  -2.57212E-02  -7.29523E-03  -8.16565E-03  -1.92591E-02   1.66676E-02  -1.02451E-02   1.65735E-02   1.34209E-02  -1.17714E-02
 5.52000E+01  -4.20850E-03  -1.71324E-01  -1.09082E-01  -5.16342E-02  -7.80767E-02   8.30174E-02   2.72532E-02   9.96415E-02   8.22777E-02   4.83667E-03   4.21615E-02  -8.01084E-02  -3.03315E-02  -6.50724E-02  -5.45291E-02   1.82885E-02  -1.78619E-02   6.84491E-02   3.09534E-02   3.13494E-02   4.69241E-02  -5.00348E-02  -3.08874E-03  -4.23889E-02  -3.09335E-02   1.10657E-03  -1.88016E-02   3.15914E-02   1.04194E-02   2.04382E-02   2.42820E-02  -1.26299E-02   1.30251E-02  -2.65994E-02  -7.64668E-03  -7.67430E-03  -1.72857E-02   1.78940E-02  -8.58131E-03   1.72214E-02   1.19907E-02  -1.26555E-02
 5.56000E+01  -6.07183E-03  -1.70108E-01  -1.08560E-01  -5.01856E-02  -7.52046E-02   8.35005E-02   2.95414E-02   9.85285E-02   8.12371E-02   3.18305E-03   3.86961E-02  -8.05331E-02  -3.23719E-02  -6.38224E-02  -5.27745E-02   1.97961E-02  -1.43720E-02   6.85599E-02   3.18090E-02   2.99186E-02   4.32547E-02  -5.16950E-02  -5.36386E-03  -4.19074E-02  -3.00323E-02   2.66159E-03  -1.62410E-02   3.23977E-02   1.14971E-02   1.97555E-02   2.26227E-02  -1.39627E-02   1.06227E-02  -2.72616E-02  -7.98075E-03  -7.18102E-03  -1.52786E-02   1.89102E-02  -6.90145E-03   1.77098E-02   1.05348E-02  -1.33848E-02
 5.60000E+01  -7.91219E-03  -1.68863E-01  -1.08115E-01  -4.88010E-02  -7.24177E-02   8.38647E-02   3.18147E-02   9.73633E-02   8.02488E-02   1.62403E-03   3.52910E-02  -8.07939E-02  -3.43941E-02  -6.25192E-02  -5.10483E-02   2.11670E-02  -1.09260E-02   6.84890E-02   3.26421E-02   2.84980E-02   3.96038E-02  -5.30825E-02  -7.60575E-03  -4.13110E-02  -2.91088E-02   4.09352E-03  -1.36856E-02   3.29983E-02   1.25500E-02   1.90264E-02   2.09429E-02  -1.51174E-02   8.22037E-03  -2.77145E-02  -8.29891E-03  -6.68364E-03  -1.32562E-02   1.97243E-02  -5.21846E-03   1.80434E-02   9.06673E-03  -1.39649E-02
 5.64000E+01  -9.72854E-03  -1.67586E-01  -1.07750E-01  -4.74640E-02  -6.97211E-02   8.41235E-02   3.40718E-02   9.61418E-02   7.93185E-02   1.43529E-04   3.19535E-02  -8.09010E-02  -3.63974E-02  -6.11575E-02  -4.93589E-02   2.24152E-02  -7.53281E-03   6.82427E-02   3.34561E-02   2.70797E-02   3.59890E-02  -5.42135E-02  -9.80939E-03  -4.06004E-02  -2.81737E-02   5.41293E-03  -1.11496E-02   3.34017E-02   1.35767E-02   1.82488E-02   1.92570E-02  -1.61038E-02   5.83333E-03  -2.79656E-02  -8.60203E-03  -6.17991E-03  -1.12344E-02   2.03447E-02  -3.54410E-03   1.82273E-02   7.59848E-03  -1.44020E-02
 5.68000E+01  -1.15197E-02  -1.66279E-01  -1.07466E-01  -4.61581E-02  -6.71180E-02   8.42904E-02   3.63109E-02   9.48602E-02   7.84492E-02  -1.27432E-03   2.86897E-02  -8.08645E-02  -3.83800E-02  -5.97315E-02  -4.77123E-02   2.35542E-02  -4.20010E-03   6.78278E-02   3.42527E-02   2.56558E-02   3.24248E-02  -5.51041E-02  -1.19696E-02  -3.97762E-02  -2.72352E-02   6.63057E-03  -8.64531E-03   3.36168E-02   1.45752E-02   1.74203E-02   1.75773E-02  -1.69324E-02   3.47540E-03  -2.80224E-02  -8.89034E-03  -5.66757E-03  -9.22745E-03   2.07804E-02  -1.88902E-03   1.82671E-02   6.14070E-03  -1.47026E-02
 5.73000E+01  -1.37214E-02  -1.64601E-01  -1.07222E-01  -4.45460E-02  -6.39977E-02   8.43894E-02   3.90802E-02   9.31678E-02   7.74491E-02  -2.98191E-03   2.47207E-02  -8.06319E-02  -4.08245E-02  -5.78507E-02  -4.57202E-02   2.48448E-02  -1.30082E-04   6.70815E-02   3.52239E-02   2.38563E-02   2.80589E-02  -5.59037E-02  -1.46004E-02  -3.85873E-02  -2.60668E-02   8.02562E-03  -5.57646E-03   3.36340E-02   1.57795E-02   1.63097E-02   1.55018E-02  -1.77618E-02   5.87943E-04  -2.78319E-02  -9.22936E-03  -5.01169E-03  -6.75872E-03   2.10793E-02   1.37913E-04   1.81226E-02   4.34752E-03  -1.48963E-02
 5.77000E+01  -1.54512E-02  -1.63223E-01  -1.07112E-01  -4.32543E-02  -6.16078E-02   8.43957E-02   4.12677E-02   9.17372E-02   7.67162E-02  -4.31392E-03   2.16383E-02  -8.03077E-02  -4.27480E-02  -5.62613E-02  -4.41818E-02   2.57860E-02   3.04128E-03   6.63100E-02   3.59793E-02   2.23921E-02   2.46491E-02  -5.63110E-02  -1.66424E-02  -3.75103E-02  -2.51408E-02   9.05241E-03  -3.18250E-03   3.34571E-02   1.67035E-02   1.53589E-02   1.38709E-02  -1.82725E-02  -1.66009E-03  -2.74798E-02  -9.48235E-03  -4.47214E-03  -4.82910E-03   2.11328E-02   1.71504E-03   1.78585E-02   2.94635E-03  -1.49136E-02
 5.81000E+01  -1.71511E-02  -1.61812E-01  -1.07070E-01  -4.19460E-02  -5.93104E-02   8.43494E-02   4.34259E-02   9.02349E-02   7.60391E-02  -5.63019E-03   1.86413E-02  -7.98701E-02  -4.46371E-02  -5.45915E-02  -4.26925E-02   2.66590E-02   6.13072E-03   6.53899E-02   3.67124E-02   2.08989E-02   2.13213E-02  -5.65276E-02  -1.86221E-02  -3.63226E-02  -2.42254E-02   1.00102E-02  -8.52427E-04   3.31199E-02   1.75880E-02   1.43511E-02   1.22739E-02  -1.86580E-02  -3.84153E-03  -2.69587E-02  -9.71753E-03  -3.91745E-03  -2.95044E-03   2.10310E-02   3.24366E-03   1.74687E-02   1.58294E-03  -1.48156E-02
 5.85000E+01  -1.88193E-02  -1.60369E-01  -1.07090E-01  -4.06089E-02  -5.71027E-02   8.42610E-02   4.55496E-02   8.86582E-02   7.54120E-02  -6.94289E-03   1.57315E-02  -7.93275E-02  -4.64857E-02  -5.28378E-02  -4.12511E-02   2.74745E-02   9.13233E-03   6.43270E-02   3.74189E-02   1.93707E-02   1.80814E-02  -5.65673E-02  -2.05327E-02  -3.50256E-02  -2.33215E-02   1.09078E-02   1.40569E-03   3.26306E-02   1.84282E-02   1.32852E-02   1.07162E-02  -1.89273E-02  -5.94638E-03  -2.62764E-02  -9.93294E-03  -3.34614E-03  -1.13159E-03   2.07826E-02   4.71591E-03   1.69589E-02   2.64060E-04  -1.46086E-02
 5.89000E+01  -2.04537E-02  -1.58894E-01  -1.07161E-01  -3.92320E-02  -5.49806E-02   8.41397E-02   4.76331E-02   8.70049E-02   7.48283E-02  -8.26281E-03   1.29103E-02  -7.86875E-02  -4.82863E-02  -5.09969E-02  -3.98550E-02   2.82423E-02   1.20403E-02   6.31272E-02   3.80932E-02   1.78027E-02   1.49341E-02  -5.64428E-02  -2.23671E-02  -3.36212E-02  -2.24289E-02   1.17531E-02   3.58434E-03   3.19973E-02   1.92186E-02   1.21607E-02   9.20245E-03  -1.90893E-02  -7.96504E-03  -2.54407E-02  -1.01262E-02  -2.75711E-03   6.19349E-04   2.03961E-02   6.12423E-03   1.63350E-02  -1.00406E-03  -1.42991E-02
 5.94000E+01  -2.24459E-02  -1.57004E-01  -1.07309E-01  -3.74411E-02  -5.24412E-02   8.39546E-02   5.01713E-02   8.48286E-02   7.41468E-02  -9.93685E-03   9.50973E-03  -7.77615E-02  -5.04574E-02  -4.85704E-02  -3.81681E-02   2.91479E-02   1.55346E-02   6.14438E-02   3.88812E-02   1.57808E-02   1.11358E-02  -5.60749E-02  -2.45418E-02  -3.17185E-02  -2.13271E-02   1.27468E-02   6.18517E-03   3.10157E-02   2.01276E-02   1.06729E-02   7.37782E-03  -1.91533E-02  -1.03531E-02  -2.41927E-02  -1.03325E-02  -1.99488E-03   2.70112E-03   1.97321E-02   7.78363E-03   1.54040E-02  -2.50901E-03  -1.37773E-02
 5.98000E+01  -2.39959E-02  -1.55456E-01  -1.07459E-01  -3.59437E-02  -5.04936E-02   8.37882E-02   5.21405E-02   8.29991E-02   7.36289E-02  -1.13045E-02   6.89081E-03  -7.69281E-02  -5.21198E-02  -4.65279E-02  -3.68598E-02   2.98381E-02   1.82106E-02   5.99577E-02   3.94589E-02   1.41106E-02   8.20919E-03  -5.56242E-02  -2.61772E-02  -3.00826E-02  -2.04544E-02   1.34988E-02   8.15969E-03   3.00882E-02   2.07836E-02   9.41834E-03   5.97586E-03  -1.91032E-02  -1.21444E-02  -2.30421E-02  -1.04656E-02  -1.36415E-03   4.27254E-03   1.90664E-02   9.02176E-03   1.45460E-02  -3.64220E-03  -1.32598E-02
 6.02000E+01  -2.55041E-02  -1.53877E-01  -1.07625E-01  -3.43828E-02  -4.86142E-02   8.36123E-02   5.40473E-02   8.10915E-02   7.31244E-02  -1.27037E-02   4.36255E-03  -7.60193E-02  -5.37060E-02  -4.43960E-02  -3.55826E-02   3.05043E-02   2.07740E-02   5.83545E-02   3.99812E-02   1.23924E-02   5.38461E-03  -5.50460E-02  -2.77113E-02  -2.83502E-02  -1.95865E-02   1.42178E-02   1.00330E-02   2.90432E-02   2.13693E-02   8.10880E-03   4.62787E-03  -1.89707E-02  -1.38205E-02  -2.17656E-02  -1.05668E-02  -7.15258E-04   5.75335E-03   1.82905E-02   1.01730E-02   1.35948E-02  -4.70701E-03  -1.26603E-02
 6.06000E+01  -2.69680E-02  -1.52267E-01  -1.07793E-01  -3.27552E-02  -4.67970E-02   8.34315E-02   5.58841E-02   7.91074E-02   7.26228E-02  -1.41381E-02   1.92518E-03  -7.50411E-02  -5.52061E-02  -4.21765E-02  -3.43312E-02   3.11515E-02   2.32193E-02   5.66413E-02   4.04399E-02   1.06263E-02   2.66369E-03  -5.43502E-02  -2.91357E-02  -2.65265E-02  -1.87201E-02   1.49078E-02   1.17989E-02   2.78893E-02   2.18778E-02   6.74734E-03   3.33586E-03  -1.87629E-02  -1.53729E-02  -2.03729E-02  -1.06326E-02  -4.91992E-05   7.13748E-03   1.74133E-02   1.12308E-02   1.25577E-02  -5.69866E-03  -1.19853E-02
 6.11000E+01  -2.87312E-02  -1.50216E-01  -1.07988E-01  -3.06251E-02  -4.46032E-02   8.32047E-02   5.80700E-02   7.65240E-02   7.19836E-02  -1.59838E-02  -9.93644E-04  -7.37297E-02  -5.69457E-02  -3.92845E-02  -3.27942E-02   3.19391E-02   2.61011E-02   5.43561E-02   4.09111E-02   8.35411E-03  -5.89848E-04  -5.33291E-02  -3.07498E-02  -2.41281E-02  -1.76338E-02   1.57338E-02   1.38469E-02   2.63071E-02   2.23943E-02   4.97891E-03   1.80198E-03  -1.84068E-02  -1.71277E-02  -1.84840E-02  -1.06601E-02   8.05020E-04   8.72315E-03   1.61880E-02   1.24122E-02   1.11523E-02  -6.82863E-03  -1.10461E-02
 6.15000E+01  -3.00853E-02  -1.48546E-01  -1.08115E-01  -2.88453E-02  -4.29027E-02   8.30258E-02   5.97217E-02   7.43794E-02   7.14493E-02  -1.75028E-02  -3.22650E-03  -7.26163E-02  -5.82171E-02  -3.68829E-02  -3.15795E-02   3.25551E-02   2.82604E-02   5.24229E-02   4.11962E-02   6.48868E-03  -3.07356E-03  -5.24019E-02  -3.18984E-02  -2.21236E-02  -1.67577E-02   1.63676E-02   1.53512E-02   2.49409E-02   2.27042E-02   3.51735E-03   6.41276E-04  -1.80525E-02  -1.83739E-02  -1.68679E-02  -1.06341E-02   1.50294E-03   9.86988E-03   1.51163E-02   1.32375E-02   9.95131E-03  -7.64004E-03  -1.02268E-02
 6.20000E+01  -3.17031E-02  -1.46425E-01  -1.08220E-01  -2.65309E-02  -4.08352E-02   8.28082E-02   6.16534E-02   7.16100E-02   7.07362E-02  -1.94516E-02  -5.89026E-03  -7.11535E-02  -5.96414E-02  -3.37820E-02  -3.00704E-02   3.33093E-02   3.07688E-02   4.98895E-02   4.14247E-02   4.10530E-03  -6.02858E-03  -5.11191E-02  -3.31441E-02  -1.95254E-02  -1.56479E-02   1.71273E-02   1.70565E-02   2.31236E-02   2.29523E-02   1.64261E-03  -7.25145E-04  -1.75326E-02  -1.97238E-02  -1.47358E-02  -1.05366E-02   2.38868E-03   1.11437E-02   1.36784E-02   1.41109E-02   8.36913E-03  -8.53280E-03  -9.13042E-03
 6.24000E+01  -3.29349E-02  -1.44707E-01  -1.08245E-01  -2.46136E-02  -3.92206E-02   8.26400E-02   6.30845E-02   6.93315E-02   7.01176E-02  -2.10463E-02  -7.92002E-03  -6.99329E-02  -6.06388E-02  -3.12322E-02  -2.88639E-02   3.39002E-02   3.26180E-02   4.77807E-02   4.14965E-02   2.16509E-03  -8.27282E-03  -5.00035E-02  -3.39807E-02  -1.73849E-02  -1.47440E-02   1.77088E-02   1.82759E-02   2.15946E-02   2.30326E-02   1.13936E-04  -1.75004E-03  -1.70619E-02  -2.06306E-02  -1.29562E-02  -1.04032E-02   3.10357E-03   1.20305E-02   1.24620E-02   1.46776E-02   7.05072E-03  -9.14621E-03  -8.20491E-03
 6.29000E+01  -3.43936E-02  -1.42536E-01  -1.08188E-01  -2.21458E-02  -3.72425E-02   8.24367E-02   6.47217E-02   6.64170E-02   6.92703E-02  -2.30761E-02  -1.03319E-02  -6.83529E-02  -6.16963E-02  -2.79744E-02  -2.73488E-02   3.46217E-02   3.47270E-02   4.50588E-02   4.14370E-02  -2.89319E-04  -1.09290E-02  -4.85104E-02  -3.48177E-02  -1.46502E-02  -1.35888E-02   1.84011E-02   1.96140E-02   1.96071E-02   2.29778E-02  -1.81865E-03  -2.94549E-03  -1.64140E-02  -2.15404E-02  -1.06613E-02  -1.01632E-02   3.99821E-03   1.29691E-02   1.08762E-02   1.52152E-02   5.35412E-03  -9.78324E-03  -7.00099E-03
 6.33000E+01  -3.54939E-02  -1.40786E-01  -1.08060E-01  -2.01247E-02  -3.56862E-02   8.22786E-02   6.59047E-02   6.40427E-02   6.85239E-02  -2.47211E-02  -1.21624E-02  -6.70519E-02  -6.23840E-02  -2.53252E-02  -2.61257E-02   3.51827E-02   3.62494E-02   4.28254E-02   4.12639E-02  -2.26524E-03  -1.29355E-02  -4.72461E-02  -3.53154E-02  -1.24301E-02  -1.26413E-02   1.89250E-02   2.05331E-02   1.79697E-02   2.28055E-02  -3.37036E-03  -3.83346E-03  -1.58544E-02  -2.20855E-02  -8.78624E-03  -9.91056E-03   4.70902E-03   1.35818E-02   9.56883E-03   1.55057E-02   3.97145E-03  -1.01873E-02  -6.01052E-03
 6.38000E+01  -3.67849E-02  -1.38589E-01  -1.07786E-01  -1.75552E-02  -3.37662E-02   8.20841E-02   6.72198E-02   6.10366E-02   6.74956E-02  -2.67911E-02  -1.43292E-02  -6.53877E-02  -6.30389E-02  -2.19794E-02  -2.45770E-02   3.58597E-02   3.79446E-02   3.99819E-02   4.08845E-02  -4.73436E-03  -1.52977E-02  -4.55901E-02  -3.57186E-02  -9.63565E-03  -1.14242E-02   1.95382E-02   2.14913E-02   1.58822E-02   2.24259E-02  -5.29999E-03  -4.85869E-03  -1.51118E-02  -2.25358E-02  -6.41764E-03  -9.51700E-03   5.58304E-03   1.41736E-02   7.90438E-03   1.56924E-02   2.23015E-03  -1.05593E-02  -4.75242E-03
 6.42000E+01  -3.77498E-02  -1.36828E-01  -1.07470E-01  -1.54779E-02  -3.22460E-02   8.19285E-02   6.81389E-02   5.86130E-02   6.65911E-02  -2.84478E-02  -1.59677E-02  -6.40319E-02  -6.33964E-02  -1.92907E-02  -2.33187E-02   3.63778E-02   3.91346E-02   3.76793E-02   4.04480E-02  -6.69612E-03  -1.70728E-02  -4.42132E-02  -3.58649E-02  -7.40088E-03  -1.04224E-02   1.99918E-02   2.21056E-02   1.41936E-02   2.19898E-02  -6.82244E-03  -5.61209E-03  -1.44889E-02  -2.27113E-02  -4.52103E-03  -9.13947E-03   6.26409E-03   1.45083E-02   6.56232E-03   1.57007E-02   8.40977E-04  -1.07508E-02  -3.74051E-03
 6.47000E+01  -3.88718E-02  -1.34631E-01  -1.06947E-01  -1.28719E-02  -3.03604E-02   8.17299E-02   6.91212E-02   5.55763E-02   6.53538E-02  -3.05048E-02  -1.79007E-02  -6.23143E-02  -6.36343E-02  -1.59355E-02  -2.17182E-02   3.69900E-02   4.04169E-02   3.47845E-02   3.97353E-02  -9.11340E-03  -1.91519E-02  -4.24375E-02  -3.58291E-02  -4.63062E-03  -9.13407E-03   2.05067E-02   2.26858E-02   1.20782E-02   2.12803E-02  -8.68066E-03  -6.47224E-03  -1.36820E-02  -2.27031E-02  -2.17251E-03  -8.58981E-03   7.08354E-03   1.47561E-02   4.88981E-03   1.55372E-02  -8.71512E-04  -1.08596E-02  -2.48297E-03
 6.52000E+01  -3.99025E-02  -1.32445E-01  -1.06281E-01  -1.02757E-02  -2.84870E-02   8.15220E-02   6.99209E-02   5.25495E-02   6.39959E-02  -3.25295E-02  -1.97105E-02  -6.05791E-02  -6.36431E-02  -1.26100E-02  -2.00851E-02   3.75556E-02   4.14762E-02   3.18909E-02   3.88394E-02  -1.14717E-02  -2.10803E-02  -4.06118E-02  -3.55553E-02  -1.91052E-03  -7.80553E-03   2.09571E-02   2.30629E-02   9.97765E-03   2.03925E-02  -1.04688E-02  -7.24446E-03  -1.28510E-02  -2.24485E-02   1.24775E-04  -7.95597E-03   7.85742E-03   1.48195E-02   3.24256E-03   1.51860E-02  -2.53649E-03  -1.08276E-02  -1.24888E-03
 6.56000E+01  -4.06635E-02  -1.30709E-01  -1.05647E-01  -8.21993E-03  -2.69949E-02   8.13453E-02   7.04330E-02   5.01473E-02   6.28236E-02  -3.41141E-02  -2.10734E-02  -5.91834E-02  -6.34897E-02  -9.98708E-03  -1.87546E-02   3.79692E-02   4.21687E-02   2.95902E-02   3.79946E-02  -1.33018E-02  -2.25186E-02  -3.91221E-02  -3.51709E-02   2.12527E-04  -6.71479E-03   2.12658E-02   2.32236E-02   8.32169E-03   1.95588E-02  -1.18347E-02  -7.80128E-03  -1.21742E-02  -2.20746E-02   1.90738E-03  -7.39093E-03   8.43651E-03   1.47430E-02   1.95644E-03   1.47755E-02  -3.81980E-03  -1.07047E-02  -2.88983E-04
 6.61000E+01  -4.15392E-02  -1.28562E-01  -1.04731E-01  -5.69312E-03  -2.51364E-02   8.11065E-02   7.09202E-02   4.71829E-02   6.12544E-02  -3.60368E-02  -2.26761E-02  -5.74351E-02  -6.31058E-02  -6.77401E-03  -1.70627E-02   3.84311E-02   4.28491E-02   2.67476E-02   3.67861E-02  -1.55020E-02  -2.41912E-02  -3.72315E-02  -3.44940E-02   2.78022E-03  -5.31909E-03   2.15811E-02   2.32572E-02   6.29821E-03   1.83712E-02  -1.34445E-02  -8.42449E-03  -1.13186E-02  -2.14063E-02   4.04518E-03  -6.61677E-03   9.10180E-03   1.44969E-02   4.04034E-04   1.41099E-02  -5.34620E-03  -1.04364E-02   8.64414E-04
 6.66000E+01  -4.23358E-02  -1.26446E-01  -1.03686E-01  -3.23057E-03  -2.32847E-02   8.08430E-02   7.12474E-02   4.42751E-02   5.95764E-02  -3.78806E-02  -2.41730E-02  -5.56879E-02  -6.25209E-02  -3.65262E-03  -1.53411E-02   3.88246E-02   4.33354E-02   2.39571E-02   3.54192E-02  -1.75881E-02  -2.57310E-02  -3.53161E-02  -3.36130E-02   5.23223E-03  -3.89172E-03   2.18113E-02   2.31165E-02   4.34227E-03   1.70342E-02  -1.49287E-02  -8.97091E-03  -1.04581E-02  -2.05305E-02   6.06081E-03  -5.77365E-03   9.69320E-03   1.40952E-02  -1.07118E-03   1.32873E-02  -6.76903E-03  -1.00496E-02   1.95383E-03
 6.71000E+01  -4.30596E-02  -1.24365E-01  -1.02524E-01  -8.47563E-04  -2.14404E-02   8.05500E-02   7.14268E-02   4.14364E-02   5.77991E-02  -3.96320E-02  -2.55708E-02  -5.39464E-02  -6.17505E-02  -6.40324E-04  -1.35940E-02   3.91430E-02   4.36416E-02   2.12324E-02   3.39080E-02  -1.95439E-02  -2.71451E-02  -3.33824E-02  -3.25456E-02   7.54973E-03  -2.43850E-03   2.19498E-02   2.28156E-02   2.46876E-03   1.55632E-02  -1.62709E-02  -9.44523E-03  -9.59759E-03  -1.94665E-02   7.93375E-03  -4.86977E-03   1.02023E-02   1.35520E-02  -2.45430E-03   1.23235E-02  -8.07201E-03  -9.55544E-03   2.96757E-03
 6.76000E+01  -4.37172E-02  -1.22323E-01  -1.01258E-01   1.44358E-03  -1.96049E-02   8.02230E-02   7.14721E-02   3.86770E-02   5.59339E-02  -4.12798E-02  -2.68766E-02  -5.22138E-02  -6.08124E-02   2.24867E-03  -1.18268E-02   3.93804E-02   4.37827E-02   1.85850E-02   3.22687E-02  -2.13560E-02  -2.84405E-02  -3.14351E-02  -3.13115E-02   9.71696E-03  -9.66474E-04   2.19910E-02   2.23699E-02   6.90114E-04   1.39757E-02  -1.74573E-02  -9.85225E-03  -8.74129E-03  -1.82360E-02   9.64668E-03  -3.91444E-03   1.06217E-02   1.28827E-02  -3.73275E-03   1.12356E-02  -9.24128E-03  -8.96604E-03   3.89577E-03
 6.80000E+01  -4.42000E-02  -1.20719E-01  -1.00179E-01   3.20407E-03  -1.81443E-02   7.99345E-02   7.14214E-02   3.65314E-02   5.43868E-02  -4.25175E-02  -2.78593E-02  -5.08356E-02  -5.99536E-02   4.46367E-03  -1.04028E-02   3.95086E-02   4.37873E-02   1.65284E-02   3.08769E-02  -2.26950E-02  -2.93956E-02  -2.98698E-02  -3.02183E-02   1.13340E-02   2.19289E-04   2.19506E-02   2.19199E-02  -6.57799E-04   1.26346E-02  -1.82865E-02  -1.01326E-02  -8.06145E-03  -1.71471E-02   1.08923E-02  -3.11996E-03   1.08887E-02   1.22676E-02  -4.67326E-03   1.02884E-02  -1.00728E-02  -8.43469E-03   4.57129E-03
 6.85000E+01  -4.47552E-02  -1.18752E-01  -9.87614E-02   5.30881E-03  -1.63306E-02   7.95377E-02   7.12614E-02   3.39311E-02   5.23956E-02  -4.39587E-02  -2.90158E-02  -4.91237E-02  -5.87610E-02   7.10561E-03  -8.61605E-03   3.95887E-02   4.36707E-02   1.40395E-02   2.90522E-02  -2.42235E-02  -3.04933E-02  -2.79058E-02  -2.87376E-02   1.32016E-02   1.70424E-03   2.18052E-02   2.12545E-02  -2.24260E-03   1.08859E-02  -1.91657E-02  -1.04304E-02  -7.22018E-03  -1.56755E-02   1.22842E-02  -2.09818E-03   1.11330E-02   1.14131E-02  -5.73941E-03   9.02458E-03  -1.09750E-02  -7.70702E-03   5.32667E-03
 6.90000E+01  -4.52626E-02  -1.16828E-01  -9.72806E-02   7.30374E-03  -1.45335E-02   7.90987E-02   7.10073E-02   3.14237E-02   5.03533E-02  -4.52783E-02  -3.00976E-02  -4.74241E-02  -5.74537E-02   9.60222E-03  -6.82875E-03   3.95770E-02   4.34324E-02   1.16450E-02   2.71506E-02  -2.55856E-02  -3.14887E-02  -2.59345E-02  -2.71507E-02   1.48921E-02   3.18338E-03   2.15519E-02   2.04903E-02  -3.71136E-03   9.07606E-03  -1.98645E-02  -1.06736E-02  -6.38999E-03  -1.41037E-02   1.34856E-02  -1.05501E-03   1.12746E-02   1.04798E-02  -6.67869E-03   7.69057E-03  -1.17190E-02  -6.92156E-03   5.97898E-03
 6.95000E+01  -4.57280E-02  -1.14945E-01  -9.57510E-02   9.18795E-03  -1.27564E-02   7.86161E-02   7.06723E-02   2.90095E-02   4.82734E-02  -4.64746E-02  -3.11098E-02  -4.57364E-02  -5.60503E-02   1.19515E-02  -5.04885E-03   3.94719E-02   4.30869E-02   9.34640E-03   2.51907E-02  -2.67786E-02  -3.23861E-02  -2.39564E-02  -2.54792E-02   1.64023E-02   4.64678E-03   2.11893E-02   1.96433E-02  -5.06108E-03   7.22584E-03  -2.03794E-02  -1.08663E-02  -5.57196E-03  -1.24561E-02   1.44919E-02  -1.93091E-06   1.13119E-02   9.48463E-03  -7.48768E-03   6.30622E-03  -1.23009E-02  -6.09194E-03   6.52553E-03
 7.00000E+01  -4.61566E-02  -1.13102E-01  -9.41857E-02   1.09629E-02  -1.10028E-02   7.80892E-02   7.02684E-02   2.66867E-02   4.61685E-02  -4.75479E-02  -3.20564E-02  -4.40593E-02  -5.45680E-02   1.41543E-02  -3.28440E-03   3.92730E-02   4.26473E-02   7.14328E-03   2.31908E-02  -2.78021E-02  -3.31885E-02  -2.19712E-02  -2.37441E-02   1.77314E-02   6.08417E-03   2.07169E-02   1.87290E-02  -6.29086E-03   5.35575E-03  -2.07094E-02  -1.10117E-02  -4.76666E-03  -1.07564E-02   1.53016E-02   1.04954E-03   1.12442E-02   8.44420E-03  -8.16514E-03   4.89111E-03  -1.27197E-02  -5.23150E-03   6.96533E-03
 7.05000E+01  -4.65527E-02  -1.11297E-01  -9.25965E-02   1.26320E-02  -9.27637E-03   7.75178E-02   6.98063E-02   2.44521E-02   4.40506E-02  -4.85003E-02  -3.29406E-02  -4.23914E-02  -5.30225E-02   1.62132E-02  -1.54343E-03   3.89811E-02   4.21254E-02   5.03369E-03   2.11681E-02  -2.86581E-02  -3.38979E-02  -1.99784E-02  -2.19653E-02   1.88813E-02   7.48513E-03   2.01358E-02   1.77618E-02  -7.40161E-03   3.48585E-03  -2.08561E-02  -1.11129E-02  -3.97425E-03  -9.02757E-03   1.59160E-02   2.08802E-03   1.10725E-02   7.37448E-03  -8.71177E-03   3.46431E-03  -1.29763E-02  -4.35312E-03   7.29900E-03
 7.10000E+01  -4.69197E-02  -1.09527E-01  -9.09936E-02   1.42002E-02  -7.58061E-03   7.69027E-02   6.92949E-02   2.23014E-02   4.19304E-02  -4.93354E-02  -3.37646E-02  -4.07310E-02  -5.14280E-02   1.81330E-02   1.66220E-04   3.85978E-02   4.15314E-02   3.01449E-03   1.91388E-02  -2.93505E-02  -3.45150E-02  -1.79775E-02  -2.01616E-02   1.98560E-02   8.83927E-03   1.94483E-02   1.67550E-02  -8.39579E-03   1.63544E-03  -2.08233E-02  -1.11719E-02  -3.19466E-03  -7.29136E-03   1.63389E-02   3.10236E-03   1.07991E-02   6.29055E-03  -9.13006E-03   2.04406E-03  -1.30741E-02  -3.46902E-03   7.52855E-03
 7.16000E+01  -4.73253E-02  -1.07445E-01  -8.90635E-02   1.59572E-02  -5.59084E-03   7.61084E-02   6.86262E-02   1.98241E-02   3.93964E-02  -5.01895E-02  -3.46759E-02  -3.87465E-02  -4.94666E-02   2.02612E-02   2.16589E-03   3.80211E-02   4.07354E-02   7.05285E-04   1.67160E-02  -2.99734E-02  -3.51328E-02  -1.55652E-02  -1.79879E-02   2.08028E-02   1.03881E-02   1.84878E-02   1.55116E-02  -9.44022E-03  -5.33625E-04  -2.05554E-02  -1.11898E-02  -2.27584E-03  -5.22684E-03   1.66026E-02   4.27270E-03   1.03417E-02   4.99081E-03  -9.46832E-03   3.72648E-04  -1.29892E-02  -2.41665E-03   7.67130E-03
 7.21000E+01  -4.76362E-02  -1.05742E-01  -8.74571E-02   1.73248E-02  -3.97385E-03   7.54019E-02   6.80295E-02   1.78398E-02   3.73027E-02  -5.07846E-02  -3.53711E-02  -3.70977E-02  -4.78040E-02   2.18965E-02   3.78073E-03   3.74475E-02   4.00107E-02  -1.12924E-03   1.47229E-02  -3.03274E-02  -3.55438E-02  -1.35463E-02  -1.61868E-02   2.14148E-02   1.16037E-02   1.75802E-02   1.44585E-02  -1.01923E-02  -2.27838E-03  -2.01511E-02  -1.11618E-02  -1.52391E-03  -3.54414E-03   1.66287E-02   5.19706E-03   9.85838E-03   3.92356E-03  -9.62019E-03  -9.74049E-04  -1.27582E-02  -1.55916E-03   7.68496E-03
 7.26000E+01  -4.79234E-02  -1.04065E-01  -8.58573E-02   1.86118E-02  -2.39716E-03   7.46571E-02   6.74011E-02   1.59226E-02   3.52323E-02  -5.12801E-02  -3.60075E-02  -3.54527E-02  -4.61246E-02   2.34135E-02   5.34176E-03   3.67942E-02   3.92357E-02  -2.88671E-03   1.27660E-02  -3.05402E-02  -3.58577E-02  -1.15206E-02  -1.44093E-02   2.18754E-02   1.27411E-02   1.65816E-02   1.33997E-02  -1.08427E-02  -3.94939E-03  -1.95925E-02  -1.10955E-02  -7.84526E-04  -1.91383E-03   1.64896E-02   6.06511E-03   9.28839E-03   2.88306E-03  -9.66093E-03  -2.26320E-03  -1.23908E-02  -7.29553E-04   7.60877E-03
 7.31000E+01  -4.81871E-02  -1.02413E-01  -8.42674E-02   1.98245E-02  -8.63099E-04   7.38767E-02   6.67432E-02   1.40679E-02   3.31907E-02  -5.16826E-02  -3.65845E-02  -3.38113E-02  -4.44348E-02   2.48195E-02   6.84311E-03   3.60664E-02   3.84144E-02  -4.57116E-03   1.08556E-02  -3.06207E-02  -3.60717E-02  -9.49038E-03  -1.26673E-02   2.21940E-02   1.37915E-02   1.54992E-02   1.23434E-02  -1.13975E-02  -5.53263E-03  -1.88908E-02  -1.09913E-02  -5.79779E-05  -3.51033E-04   1.61967E-02   6.86826E-03   8.63869E-03   1.87959E-03  -9.59808E-03  -3.48167E-03  -1.18969E-02   6.36383E-05   7.44905E-03
 7.37000E+01  -4.84722E-02  -1.00460E-01  -8.23747E-02   2.11899E-02   9.18775E-04   7.28969E-02   6.59169E-02   1.19187E-02   3.07843E-02  -5.20520E-02  -3.71964E-02  -3.18471E-02  -4.24001E-02   2.63699E-02   8.55867E-03   3.51032E-02   3.73714E-02  -6.50104E-03   8.63680E-03  -3.05563E-02  -3.61921E-02  -7.05289E-03  -1.06376E-02   2.24034E-02   1.49264E-02   1.41016E-02   1.10882E-02  -1.19455E-02  -7.29922E-03  -1.78775E-02  -1.08163E-02   7.96048E-04   1.41664E-03   1.56601E-02   7.73561E-03   7.76488E-03   7.36837E-04  -9.39764E-03  -4.83425E-03  -1.11534E-02   9.56920E-04   7.15702E-03
 7.42000E+01  -4.86830E-02  -9.88552E-02  -8.08109E-02   2.22589E-02   2.35275E-03   7.20482E-02   6.51981E-02   1.01877E-02   2.88188E-02  -5.22724E-02  -3.76379E-02  -3.02165E-02  -4.07029E-02   2.75553E-02   9.91149E-03   3.42330E-02   3.64565E-02  -8.03638E-03   6.85756E-03  -3.03802E-02  -3.61751E-02  -5.02593E-03  -9.00640E-03   2.24462E-02   1.57594E-02   1.28656E-02   1.00589E-02  -1.23117E-02  -8.64788E-03  -1.69063E-02  -1.06286E-02   1.49170E-03   2.78678E-03   1.50747E-02   8.37029E-03   6.96838E-03  -1.55371E-04  -9.13686E-03  -5.85847E-03  -1.04223E-02   1.64508E-03   6.83892E-03
 7.47000E+01  -4.88687E-02  -9.72715E-02  -7.92592E-02   2.32698E-02   3.73930E-03   7.11736E-02   6.44517E-02   8.50874E-03   2.68918E-02  -5.24199E-02  -3.80156E-02  -2.85937E-02  -3.90068E-02   2.86500E-02   1.11907E-02   3.33088E-02   3.55012E-02  -9.50763E-03   5.14788E-03  -3.01038E-02  -3.60485E-02  -3.00891E-03  -7.43708E-03   2.23808E-02   1.64837E-02   1.15757E-02   9.04973E-03  -1.26022E-02  -9.87496E-03  -1.58352E-02  -1.04027E-02   2.17128E-03   4.05351E-03   1.43789E-02   8.91903E-03   6.11972E-03  -9.86306E-04  -8.80079E-03  -6.78037E-03  -9.60367E-03   2.27652E-03   6.46138E-03
 7.53000E+01  -4.90575E-02  -9.53986E-02  -7.74123E-02   2.44110E-02   5.33976E-03   7.00945E-02   6.35191E-02   6.56066E-03   2.46317E-02  -5.25086E-02  -3.83836E-02  -2.66606E-02  -3.69753E-02   2.98508E-02   1.26251E-02   3.21387E-02   3.43028E-02  -1.11902E-02   3.19409E-03  -2.96539E-02  -3.57486E-02  -6.11169E-04  -5.64266E-03   2.21746E-02   1.72035E-02   9.97180E-03   7.86983E-03  -1.28595E-02  -1.11775E-02  -1.44393E-02  -1.00812E-02   2.96304E-03   5.42702E-03   1.34191E-02   9.45816E-03   5.04637E-03  -1.89572E-03  -8.31158E-03  -7.74272E-03  -8.52496E-03   2.95366E-03   5.94151E-03
 7.58000E+01  -4.91859E-02  -9.38614E-02  -7.58849E-02   2.53048E-02   6.62051E-03   6.91746E-02   6.27107E-02   4.99223E-03   2.27925E-02  -5.25148E-02  -3.86184E-02  -2.50656E-02  -3.52869E-02   3.07624E-02   1.37346E-02   3.11211E-02   3.32616E-02  -1.25238E-02   1.65093E-03  -2.91924E-02  -3.53739E-02   1.35903E-03  -4.22554E-03   2.19087E-02   1.76754E-02   8.60198E-03   6.91558E-03  -1.30046E-02  -1.21158E-02  -1.32020E-02  -9.77121E-03   3.60057E-03   6.44339E-03   1.25329E-02   9.80452E-03   4.11811E-03  -2.57631E-03  -7.84365E-03  -8.41940E-03  -7.56198E-03   3.44731E-03   5.46244E-03
 7.64000E+01  -4.93049E-02  -9.20465E-02  -7.40647E-02   2.63113E-02   8.09437E-03   6.80508E-02   6.17032E-02   3.17650E-03   2.06388E-02  -5.24480E-02  -3.88141E-02  -2.31764E-02  -3.32671E-02   3.17545E-02   1.49621E-02   2.98601E-02   3.19620E-02  -1.40413E-02  -9.63768E-05  -2.85492E-02  -3.47742E-02   3.67720E-03  -2.62225E-03   2.14920E-02   1.80860E-02   6.93574E-03   5.80795E-03  -1.31040E-02  -1.30612E-02  -1.16516E-02  -9.34947E-03   4.33526E-03   7.50449E-03   1.13880E-02   1.00943E-02   2.97919E-03  -3.29696E-03  -7.22413E-03  -9.07712E-03  -6.35040E-03   3.95224E-03   4.84508E-03
 7.69000E+01  -4.93753E-02  -9.05605E-02  -7.25578E-02   2.70960E-02   9.27100E-03   6.71014E-02   6.08326E-02   1.71975E-03   1.88878E-02  -5.23352E-02  -3.89064E-02  -2.16276E-02  -3.15899E-02   3.24997E-02   1.58987E-02   2.87845E-02   3.08386E-02  -1.52359E-02  -1.46482E-03  -2.79496E-02  -3.41507E-02   5.56024E-03  -1.36844E-03   2.10748E-02   1.82986E-02   5.54217E-03   4.91749E-03  -1.31304E-02  -1.36978E-02  -1.03227E-02  -8.95738E-03   4.91915E-03   8.25521E-03   1.03834E-02   1.02308E-02   2.02140E-03  -3.81630E-03  -6.67053E-03  -9.49568E-03  -5.31025E-03   4.29929E-03   4.30487E-03
 7.75000E+01  -4.94263E-02  -8.88110E-02  -7.07612E-02   2.79734E-02   1.06229E-02   6.59510E-02   5.97522E-02   4.12352E-05   1.68383E-02  -5.21367E-02  -3.89347E-02  -1.98061E-02  -2.95852E-02   3.32991E-02   1.69212E-02   2.74742E-02   2.94442E-02  -1.65835E-02  -3.00261E-03  -2.71669E-02  -3.32575E-02   7.74790E-03   3.75483E-05   2.05039E-02   1.84009E-02   3.88093E-03   3.88892E-03  -1.31014E-02  -1.42821E-02  -8.70617E-03  -8.43977E-03   5.58167E-03   8.99678E-03   9.13819E-03   1.02701E-02   8.76768E-04  -4.34233E-03  -5.97480E-03  -9.84390E-03  -4.04544E-03   4.62777E-03   3.63761E-03
 7.80000E+01  -4.94423E-02  -8.73829E-02  -6.92739E-02   2.86511E-02   1.17012E-02   6.49860E-02   5.88238E-02  -1.29777E-03   1.51725E-02  -5.19221E-02  -3.88922E-02  -1.83239E-02  -2.79221E-02   3.38882E-02   1.76911E-02   2.63735E-02   2.82457E-02  -1.76328E-02  -4.19890E-03  -2.64714E-02  -3.23969E-02   9.50058E-03   1.12825E-03   1.99795E-02   1.83624E-02   2.51862E-03   3.06525E-03  -1.30316E-02  -1.46231E-02  -7.35718E-03  -7.97100E-03   6.09876E-03   9.48474E-03   8.08315E-03   1.02022E-02  -6.17856E-05  -4.70117E-03  -5.37879E-03  -1.00087E-02  -2.99248E-03   4.82969E-03   3.07453E-03
 7.86000E+01  -4.94322E-02  -8.57068E-02  -6.75022E-02   2.94001E-02   1.29401E-02   6.38239E-02   5.76793E-02  -2.83061E-03   1.32225E-02  -5.16095E-02  -3.87667E-02  -1.65938E-02  -2.59365E-02   3.45043E-02   1.85208E-02   2.50509E-02   2.67675E-02  -1.88012E-02  -5.53559E-03  -2.55958E-02  -3.12322E-02   1.15067E-02   2.34273E-03   1.93031E-02   1.81745E-02   9.25620E-04   2.11670E-03  -1.28989E-02  -1.48641E-02  -5.75573E-03  -7.36648E-03   6.67322E-03   9.91998E-03   6.81472E-03   1.00050E-02  -1.15610E-03  -5.03962E-03  -4.65581E-03  -1.00621E-02  -1.74790E-03   4.98902E-03   2.40085E-03
 7.91000E+01  -4.94019E-02  -8.43426E-02  -6.60381E-02   2.99705E-02   1.39291E-02   6.28543E-02   5.67034E-02  -4.04480E-03   1.16374E-02  -5.13056E-02  -3.86043E-02  -1.51964E-02  -2.42917E-02   3.49431E-02   1.91377E-02   2.39534E-02   2.55057E-02  -1.96971E-02  -6.57050E-03  -2.48395E-02  -3.01589E-02   1.30885E-02   3.27907E-03   1.87083E-02   1.79065E-02  -3.56135E-04   1.35890E-03  -1.27513E-02  -1.49320E-02  -4.44955E-03  -6.83047E-03   7.11061E-03   1.01634E-02   5.76885E-03   9.74985E-03  -2.03164E-03  -5.24836E-03  -4.05517E-03  -9.99257E-03  -7.39259E-04   5.05601E-03   1.84858E-03
 7.97000E+01  -4.93427E-02  -8.27455E-02  -6.42983E-02   3.05906E-02   1.50671E-02   6.16914E-02   5.55105E-02  -5.42454E-03   9.78163E-03  -5.08915E-02  -3.83465E-02  -1.35771E-02  -2.23316E-02   3.53814E-02   1.97947E-02   2.26484E-02   2.39606E-02  -2.06768E-02  -7.72263E-03  -2.39082E-02  -2.87588E-02   1.48683E-02   4.31632E-03   1.79659E-02   1.74612E-02  -1.82697E-03   4.87742E-04  -1.25341E-02  -1.48650E-02  -2.93193E-03  -6.15259E-03   7.58242E-03   1.03216E-02   4.54209E-03   9.34273E-03  -3.02750E-03  -5.41636E-03  -3.34609E-03  -9.78179E-03   4.22469E-04   5.06268E-03   1.20530E-03
 8.03000E+01  -4.92631E-02  -8.11923E-02  -6.25802E-02   3.11408E-02   1.61558E-02   6.05308E-02   5.42997E-02  -6.71919E-03   7.97515E-03  -5.04258E-02  -3.80277E-02  -1.20238E-02  -2.03891E-02   3.57245E-02   2.03678E-02   2.13623E-02   2.23881E-02  -2.15504E-02  -8.78285E-03  -2.29589E-02  -2.72495E-02   1.65096E-02   5.26484E-03   1.72006E-02   1.68930E-02  -3.21289E-03  -3.43012E-04  -1.22771E-02  -1.46493E-02  -1.48337E-03  -5.44181E-03   7.99311E-03   1.03452E-02   3.36016E-03   8.83563E-03  -3.95308E-03  -5.50118E-03  -2.65862E-03  -9.44402E-03   1.51750E-03   4.99544E-03   5.91216E-04
 8.09000E+01  -4.91674E-02  -7.96823E-02  -6.08878E-02   3.16225E-02   1.71989E-02   5.93734E-02   5.30776E-02  -7.92889E-03   6.21678E-03  -4.99105E-02  -3.76561E-02  -1.05388E-02  -1.84673E-02   3.59737E-02   2.08647E-02   2.00999E-02   2.07951E-02  -2.23165E-02  -9.75781E-03  -2.19979E-02  -2.56461E-02   1.80043E-02   6.13077E-03   1.64195E-02   1.62158E-02  -4.50392E-03  -1.13477E-03  -1.19839E-02  -1.43001E-02  -1.16826E-04  -4.70374E-03   8.33981E-03   1.02472E-02   2.23542E-03   8.24017E-03  -4.79911E-03  -5.51066E-03  -2.00063E-03  -8.99296E-03   2.53376E-03   4.86178E-03   1.34331E-05
 8.15000E+01  -4.90604E-02  -7.82141E-02  -5.92248E-02   3.20375E-02   1.82003E-02   5.82194E-02   5.18508E-02  -9.05489E-03   4.50561E-03  -4.93471E-02  -3.72403E-02  -9.12291E-03  -1.65697E-02   3.61304E-02   2.12933E-02   1.88643E-02   1.91891E-02  -2.29747E-02  -1.06542E-02  -2.10303E-02  -2.39644E-02   1.93467E-02   6.92036E-03   1.56283E-02   1.54440E-02  -5.69235E-03  -1.88891E-03  -1.16574E-02  -1.38337E-02   1.15754E-03  -3.94431E-03   8.62033E-03   1.00415E-02   1.17771E-03   7.56856E-03  -5.55819E-03  -5.45303E-03  -1.37845E-03  -8.44303E-03   3.46156E-03   4.66960E-03  -5.22360E-04
 8.20000E+01  -4.89656E-02  -7.70207E-02  -5.78642E-02   3.23342E-02   1.90053E-02   5.72598E-02   5.08298E-02  -9.93093E-03   3.11528E-03  -4.88417E-02  -3.68659E-02  -7.99541E-03  -1.50095E-02   3.61914E-02   2.16036E-02   1.78562E-02   1.78463E-02  -2.34408E-02  -1.13458E-02  -2.02214E-02  -2.25146E-02   2.03463E-02   7.52446E-03   1.49644E-02   1.47392E-02  -6.60034E-03  -2.48952E-03  -1.13614E-02  -1.33670E-02   2.14361E-03  -3.29957E-03   8.80242E-03   9.79775E-03   3.52919E-04   6.95973E-03  -6.12032E-03  -5.35979E-03  -8.90837E-04  -7.91986E-03   4.16181E-03   4.47054E-03  -9.33608E-04
 8.26000E+01  -4.88483E-02  -7.56221E-02  -5.62651E-02   3.26341E-02   1.99385E-02   5.61100E-02   4.96114E-02  -1.09102E-02   1.48940E-03  -4.81931E-02  -3.63899E-02  -6.70384E-03  -1.31659E-02   3.61827E-02   2.19258E-02   1.66732E-02   1.62362E-02  -2.39021E-02  -1.21145E-02  -1.92499E-02  -2.07305E-02   2.14015E-02   8.18970E-03   1.41649E-02   1.38320E-02  -7.58803E-03  -3.17774E-03  -1.09791E-02  -1.27272E-02   3.23125E-03  -2.51699E-03   8.95815E-03   9.43050E-03  -5.64213E-04   6.18100E-03  -6.70698E-03  -5.20081E-03  -3.45819E-04  -7.22693E-03   4.91002E-03   4.19195E-03  -1.38205E-03
 8.32000E+01  -4.87301E-02  -7.42563E-02  -5.47056E-02   3.28765E-02   2.08381E-02   5.49606E-02   4.84058E-02  -1.18149E-02  -8.99820E-05  -4.74990E-02  -3.58913E-02  -5.47673E-03  -1.13573E-02   3.60867E-02   2.21994E-02   1.55186E-02   1.46343E-02  -2.42583E-02  -1.28217E-02  -1.82787E-02  -1.89127E-02   2.22993E-02   8.79487E-03   1.33643E-02   1.28708E-02  -8.46295E-03  -3.83122E-03  -1.05686E-02  -1.20152E-02   4.21166E-03  -1.73062E-03   9.04516E-03   8.99431E-03  -1.39887E-03   5.36140E-03  -7.19557E-03  -4.99805E-03   1.53205E-04  -6.47662E-03   5.55462E-03   3.87742E-03  -1.77939E-03
 8.38000E+01  -4.86132E-02  -7.29193E-02  -5.31885E-02   3.30657E-02   2.17059E-02   5.38095E-02   4.72179E-02  -1.26498E-02  -1.62244E-03  -4.67604E-02  -3.53764E-02  -4.31049E-03  -9.58763E-03   3.59058E-02   2.24300E-02   1.43912E-02   1.30479E-02  -2.45117E-02  -1.34720E-02  -1.73083E-02  -1.70760E-02   2.30414E-02   9.34470E-03   1.25638E-02   1.18692E-02  -9.22504E-03  -4.45041E-03  -1.01310E-02  -1.12457E-02   5.08363E-03  -9.46624E-04   9.06375E-03   8.50196E-03  -2.14932E-03   4.51290E-03  -7.58519E-03  -4.75917E-03   6.04936E-04  -5.68291E-03   6.09399E-03   3.53451E-03  -2.12452E-03
 8.44000E+01  -4.84991E-02  -7.16064E-02  -5.17159E-02   3.32063E-02   2.25429E-02   5.26546E-02   4.60516E-02  -1.34201E-02  -3.10716E-03  -4.59777E-02  -3.48504E-02  -3.20089E-03  -7.86082E-03   3.56426E-02   2.26223E-02   1.32890E-02   1.14838E-02  -2.46655E-02  -1.40694E-02  -1.63387E-02  -1.52341E-02   2.36312E-02   9.84321E-03   1.17640E-02   1.08397E-02  -9.87568E-03  -5.03544E-03  -9.66717E-03  -1.04326E-02   5.84772E-03  -1.71072E-04   9.01485E-03   7.96540E-03  -2.81537E-03   3.64696E-03  -7.87628E-03  -4.49137E-03   1.00902E-03  -4.85909E-03   6.52813E-03   3.17036E-03  -2.41727E-03
 8.51000E+01  -4.83701E-02  -7.00990E-02  -5.00558E-02   3.33157E-02   2.34810E-02   5.12997E-02   4.47223E-02  -1.42448E-02  -4.77742E-03  -4.50100E-02  -3.42281E-02  -1.97170E-03  -5.90551E-03   3.52355E-02   2.28029E-02   1.20315E-02   9.69572E-03  -2.47238E-02  -1.47039E-02  -1.52075E-02  -1.30963E-02   2.41328E-02   1.03643E-02   1.08319E-02   9.61873E-03  -1.04975E-02  -5.67441E-03  -9.09390E-03  -9.44593E-03   6.60546E-03   7.15221E-04   8.87446E-03   7.29818E-03  -3.48727E-03   2.62908E-03  -8.09350E-03  -4.15114E-03   1.42085E-03  -3.87660E-03   6.90358E-03   2.72754E-03  -2.69338E-03
 8.57000E+01  -4.82626E-02  -6.88227E-02  -4.86833E-02   3.33681E-02   2.42516E-02   5.01295E-02   4.36122E-02  -1.48949E-02  -6.15425E-03  -4.41347E-02  -3.36909E-02  -9.68502E-04  -4.28465E-03   3.48046E-02   2.29234E-02   1.09750E-02   8.20138E-03  -2.46746E-02  -1.51965E-02  -1.42369E-02  -1.12867E-02   2.44093E-02   1.07619E-02   1.00333E-02   8.56725E-03  -1.09170E-02  -6.18406E-03  -8.57588E-03  -8.58081E-03   7.14405E-03   1.45254E-03   8.68498E-03   6.70232E-03  -3.97557E-03   1.76165E-03  -8.17785E-03  -3.84253E-03   1.72406E-03  -3.02940E-03   7.11611E-03   2.33957E-03  -2.87543E-03
 8.63000E+01  -4.81565E-02  -6.75563E-02  -4.73574E-02   3.33876E-02   2.49903E-02   4.89491E-02   4.25302E-02  -1.54984E-02  -7.47855E-03  -4.32183E-02  -3.31521E-02  -6.68570E-06  -2.71853E-03   3.43018E-02   2.30140E-02   9.93529E-03   6.74812E-03  -2.45388E-02  -1.56433E-02  -1.32645E-02  -9.50964E-03   2.45510E-02   1.11161E-02   9.23468E-03   7.52121E-03  -1.12366E-02  -6.65754E-03  -8.03415E-03  -7.70872E-03   7.58464E-03   2.16347E-03   8.43430E-03   6.09375E-03  -4.38623E-03   9.08778E-04  -8.17193E-03  -3.52386E-03   1.98304E-03  -2.18877E-03   7.23167E-03   1.94974E-03  -3.00897E-03
 8.69000E+01  -4.80494E-02  -6.62961E-02  -4.60774E-02   3.33787E-02   2.56953E-02   4.77571E-02   4.14765E-02  -1.60609E-02  -8.74822E-03  -4.22621E-02  -3.26126E-02   9.18417E-04  -1.21060E-03   3.37309E-02   2.30754E-02   8.90982E-03   5.34089E-03  -2.43212E-02  -1.60449E-02  -1.22893E-02  -7.77469E-03   2.45652E-02   1.14279E-02   8.43559E-03   6.48905E-03  -1.14614E-02  -7.09359E-03  -7.46974E-03  -6.83885E-03   7.93209E-03   2.84284E-03   8.12541E-03   5.48037E-03  -4.72294E-03   7.90789E-05  -8.08008E-03  -3.19987E-03   2.19983E-03  -1.36445E-03   7.25485E-03   1.56306E-03  -3.09626E-03
 8.75000E+01  -4.79387E-02  -6.50389E-02  -4.48418E-02   3.33458E-02   2.63645E-02   4.65526E-02   4.04505E-02  -1.65874E-02  -9.96098E-03  -4.12680E-02  -3.20727E-02   1.81110E-03   2.35822E-04   3.30961E-02   2.31076E-02   7.89636E-03   3.98416E-03  -2.40270E-02  -1.64013E-02  -1.13108E-02  -6.09049E-03   2.44596E-02   1.16977E-02   7.63580E-03   5.47824E-03  -1.15971E-02  -7.49071E-03  -6.88394E-03  -5.97933E-03   8.19180E-03   3.48577E-03   7.76173E-03   4.86912E-03  -4.98984E-03  -7.19549E-04  -7.90726E-03  -2.87468E-03   2.37674E-03  -5.65255E-04   7.19090E-03   1.18407E-03  -3.13987E-03
 8.82000E+01  -4.78001E-02  -6.35727E-02  -4.34543E-02   3.32823E-02   2.70967E-02   4.51310E-02   3.92868E-02  -1.71623E-02  -1.13008E-02  -4.00632E-02  -3.14412E-02   2.81664E-03   1.84148E-03   3.22805E-02   2.31074E-02   6.72685E-03   2.47045E-03  -2.35940E-02  -1.67591E-02  -1.01649E-02  -4.19984E-03   2.41959E-02   1.19594E-02   6.70186E-03   4.33465E-03  -1.16506E-02  -7.90256E-03  -6.17558E-03  -4.99900E-03   8.39156E-03   4.18372E-03   7.27333E-03   4.16671E-03  -5.21897E-03  -1.60250E-03  -7.61066E-03  -2.49859E-03   2.53610E-03   3.24834E-04   7.01402E-03   7.56953E-04  -3.13941E-03
 8.88000E+01  -4.76691E-02  -6.23146E-02  -4.23088E-02   3.32102E-02   2.76794E-02   4.38987E-02   3.83159E-02  -1.76257E-02  -1.23821E-02  -3.89950E-02  -3.08972E-02   3.65134E-03   3.14439E-03   3.15226E-02   2.30737E-02   5.73408E-03   1.23621E-03  -2.31524E-02  -1.70149E-02  -9.17920E-03  -2.65042E-03   2.38590E-02   1.21377E-02   5.90110E-03   3.39141E-03  -1.16138E-02  -8.20946E-03  -5.54931E-03  -4.18485E-03   8.48116E-03   4.73248E-03   6.80467E-03   3.57972E-03  -5.35024E-03  -2.31022E-03  -7.28196E-03  -2.18254E-03   2.63538E-03   1.04351E-03   6.78205E-03   4.07759E-04  -3.09855E-03
 8.94000E+01  -4.75225E-02  -6.10545E-02  -4.12011E-02   3.31248E-02   2.82177E-02   4.26548E-02   3.73671E-02  -1.80655E-02  -1.33990E-02  -3.78971E-02  -3.03488E-02   4.46356E-03   4.37696E-03   3.07158E-02   2.30073E-02   4.74966E-03   6.34778E-05  -2.26519E-02  -1.72223E-02  -8.19131E-03  -1.17256E-03   2.34290E-02   1.22728E-02   5.10102E-03   2.48732E-03  -1.15074E-02  -8.47194E-03  -4.90787E-03  -3.40020E-03   8.50189E-03   5.23161E-03   6.29478E-03   3.01125E-03  -5.42647E-03  -2.96674E-03  -6.89135E-03  -1.87506E-03   2.70310E-03   1.71490E-03   6.48310E-03   7.73607E-05  -3.02379E-03
 9.01000E+01  -4.73263E-02  -5.95820E-02  -3.99531E-02   3.30115E-02   2.87858E-02   4.11911E-02   3.62849E-02  -1.85523E-02  -1.45012E-02  -3.65838E-02  -2.97011E-02   5.38502E-03   5.72324E-03   2.97196E-02   2.28864E-02   3.61194E-03  -1.22375E-03  -2.20015E-02  -1.74012E-02  -7.03798E-03   4.55029E-04   2.28216E-02   1.23746E-02   4.17027E-03   1.48722E-03  -1.13038E-02  -8.71983E-03  -4.14407E-03  -2.52764E-03   8.44734E-03   5.74684E-03   5.65460E-03   2.37621E-03  -5.45233E-03  -3.66162E-03  -6.36655E-03  -1.53002E-03   2.74585E-03   2.43156E-03   6.05923E-03  -2.80963E-04  -2.89827E-03
 9.07000E+01  -4.71323E-02  -5.83191E-02  -3.89182E-02   3.29045E-02   2.92185E-02   3.99286E-02   3.53755E-02  -1.89490E-02  -1.53718E-02  -3.54349E-02  -2.91366E-02   6.15359E-03   6.79668E-03   2.88252E-02   2.27435E-02   2.64695E-03  -2.25553E-03  -2.13938E-02  -1.74990E-02  -6.05113E-03   1.76317E-03   2.22205E-02   1.24131E-02   3.37685E-03   6.80438E-04  -1.10686E-02  -8.88065E-03  -3.47977E-03  -1.82033E-03   8.34017E-03   6.12783E-03   5.07326E-03   1.85936E-03  -5.42597E-03  -4.19184E-03  -5.86573E-03  -1.24796E-03   2.75453E-03   2.98385E-03   5.64006E-03  -5.62449E-04  -2.76186E-03
 9.14000E+01  -4.68706E-02  -5.68474E-02  -3.77478E-02   3.27700E-02   2.96566E-02   3.84507E-02   3.43322E-02  -1.93897E-02  -1.62988E-02  -3.40738E-02  -2.84643E-02   7.02589E-03   7.95351E-03   2.77424E-02   2.25288E-02   1.53511E-03  -3.37399E-03  -2.06350E-02  -1.75466E-02  -4.90555E-03   3.18415E-03   2.14380E-02   1.24002E-02   2.45953E-03  -1.98656E-04  -1.07324E-02  -9.00640E-03  -2.69852E-03  -1.04613E-03   8.15325E-03   6.49860E-03   4.36501E-03   1.29156E-03  -5.34534E-03  -4.72983E-03  -5.23233E-03  -9.36772E-04   2.73581E-03   3.55122E-03   5.09661E-03  -8.58639E-04  -2.57406E-03
 9.21000E+01  -4.65665E-02  -5.53816E-02  -3.66135E-02   3.26261E-02   3.00204E-02   3.69728E-02   3.33044E-02  -1.98073E-02  -1.71292E-02  -3.26976E-02  -2.77747E-02   7.87137E-03   9.00663E-03   2.66263E-02   2.22605E-02   4.41509E-04  -4.39958E-03  -1.98317E-02  -1.75213E-02  -3.77100E-03   4.48931E-03   2.05816E-02   1.23244E-02   1.55530E-03  -1.00839E-03  -1.03393E-02  -9.06442E-03  -1.91640E-03  -3.29594E-04   7.90873E-03   6.78782E-03   3.63344E-03   7.64140E-04  -5.21801E-03  -5.17783E-03  -4.55751E-03  -6.46332E-04   2.68994E-03   4.03218E-03   4.50625E-03  -1.11839E-03  -2.36080E-03
 9.27000E+01  -4.62691E-02  -5.41338E-02  -3.56670E-02   3.24955E-02   3.02717E-02   3.57110E-02   3.24331E-02  -2.01469E-02  -1.77637E-02  -3.15122E-02  -2.71678E-02   8.57360E-03   9.82687E-03   2.56502E-02   2.19869E-02  -4.78224E-04  -5.20467E-03  -1.91150E-02  -1.74411E-02  -2.81165E-03   5.51494E-03   1.97991E-02   1.22091E-02   7.94376E-04  -1.64615E-03  -9.96430E-03  -9.05993E-03  -1.25026E-03   2.37303E-04   7.66027E-03   6.96996E-03   2.99513E-03   3.45484E-04  -5.07713E-03  -5.48875E-03  -3.95526E-03  -4.14707E-04   2.63204E-03   4.37397E-03   3.97222E-03  -1.31114E-03  -2.16198E-03
 9.34000E+01  -4.58771E-02  -5.26932E-02  -3.45901E-02   3.23346E-02   3.04937E-02   3.42506E-02   3.14256E-02  -2.05211E-02  -1.84145E-02  -3.01297E-02  -2.64400E-02   9.36470E-03   1.06887E-02   2.44972E-02   2.16163E-02  -1.52650E-03  -6.05842E-03  -1.82542E-02  -1.72797E-02  -1.71321E-03   6.60319E-03   1.88417E-02   1.20166E-02  -7.22389E-05  -2.32419E-03  -9.49078E-03  -8.99185E-03  -4.84066E-04   8.42845E-04   7.33281E-03   7.10580E-03   2.24589E-03  -1.03180E-04  -4.88175E-03  -5.76583E-03  -3.23541E-03  -1.65221E-04   2.54614E-03   4.68993E-03   3.32723E-03  -1.50075E-03  -1.91615E-03
 9.41000E+01  -4.54354E-02  -5.12750E-02  -3.35400E-02   3.21639E-02   3.06395E-02   3.28098E-02   3.04255E-02  -2.08703E-02  -1.89706E-02  -2.87555E-02  -2.56900E-02   1.01229E-02   1.14501E-02   2.33376E-02   2.11908E-02  -2.54328E-03  -6.82187E-03  -1.73756E-02  -1.70463E-02  -6.43325E-04   7.57642E-03   1.78485E-02   1.17630E-02  -9.10869E-04  -2.93173E-03  -8.98691E-03  -8.85742E-03   2.63834E-04   1.38842E-03   6.97278E-03   7.16030E-03   1.50085E-03  -5.08897E-04  -4.65907E-03  -5.95168E-03  -2.50813E-03   6.17568E-05   2.44387E-03   4.91748E-03   2.66978E-03  -1.65256E-03  -1.66042E-03
 9.47000E+01  -4.50173E-02  -5.00820E-02  -3.26596E-02   3.20089E-02   3.07050E-02   3.15957E-02   2.95732E-02  -2.11485E-02  -1.93740E-02  -2.75904E-02  -2.50294E-02   1.07442E-02   1.20254E-02   2.23449E-02   2.07835E-02  -3.38577E-03  -7.40649E-03  -1.66147E-02  -1.67908E-02   2.46079E-04   8.32134E-03   1.69779E-02   1.14986E-02  -1.60324E-03  -3.39750E-03  -8.53718E-03  -8.69110E-03   8.85234E-04   1.80907E-03   6.64416E-03   7.14412E-03   8.72562E-04  -8.22858E-04  -4.45101E-03  -6.04017E-03  -1.88728E-03   2.38526E-04   2.34568E-03   5.04379E-03   2.10487E-03  -1.75318E-03  -1.43712E-03
 9.54000E+01  -4.44845E-02  -4.87222E-02  -3.16541E-02   3.18170E-02   3.07148E-02   3.02095E-02   2.85839E-02  -2.14470E-02  -1.97628E-02  -2.62525E-02  -2.42387E-02   1.14331E-02   1.26100E-02   2.11956E-02   2.02606E-02  -4.33025E-03  -8.01032E-03  -1.57248E-02  -1.64309E-02   1.24591E-03   9.08994E-03   1.59495E-02   1.11380E-02  -2.37541E-03  -3.87879E-03  -7.99846E-03  -8.44030E-03   1.58158E-03   2.24656E-03   6.24369E-03   7.05501E-03   1.59322E-04  -1.15068E-03  -4.19308E-03  -6.06407E-03  -1.17520E-03   4.24449E-04   2.22154E-03   5.11400E-03   1.45348E-03  -1.83733E-03  -1.17595E-03
 9.61000E+01  -4.39056E-02  -4.74022E-02  -3.06708E-02   3.16121E-02   3.06564E-02   2.88620E-02   2.76000E-02  -2.17155E-02  -2.00680E-02  -2.49443E-02  -2.34279E-02   1.20803E-02   1.31060E-02   2.00627E-02   1.96895E-02  -5.22875E-03  -8.53403E-03  -1.48393E-02  -1.60085E-02   2.19945E-03   9.75527E-03   1.49171E-02   1.07250E-02  -3.10447E-03  -4.29603E-03  -7.45124E-03  -8.13219E-03   2.24139E-03   2.62893E-03   5.83099E-03   6.89462E-03  -5.24981E-04  -1.43859E-03  -3.92352E-03  -6.00714E-03  -4.85488E-04   5.89229E-04   2.08967E-03   5.10549E-03   8.19572E-04  -1.88743E-03  -9.18148E-04
 9.68000E+01  -4.32843E-02  -4.61275E-02  -2.97092E-02   3.13928E-02   3.05348E-02   2.75585E-02   2.66221E-02  -2.19523E-02  -2.02952E-02  -2.36718E-02  -2.25992E-02   1.26832E-02   1.35193E-02   1.89527E-02   1.90744E-02  -6.07688E-03  -8.98252E-03  -1.39645E-02  -1.55287E-02   3.10140E-03   1.03233E-02   1.38896E-02   1.02642E-02  -3.78588E-03  -4.65276E-03  -6.90166E-03  -7.77155E-03   2.85928E-03   2.95904E-03   5.41178E-03   6.66840E-03  -1.17312E-03  -1.68854E-03  -3.64675E-03  -5.87525E-03   1.73209E-04   7.33843E-04   1.95250E-03   5.02382E-03   2.11812E-04  -1.90571E-03  -6.67528E-04
 9.75000E+01  -4.26248E-02  -4.49022E-02  -2.87692E-02   3.11581E-02   3.03553E-02   2.63037E-02   2.56513E-02  -2.21559E-02  -2.04507E-02  -2.24401E-02  -2.17556E-02   1.32392E-02   1.38559E-02   1.78711E-02   1.84200E-02  -6.87094E-03  -9.36115E-03  -1.31057E-02  -1.49973E-02   3.94728E-03   1.08006E-02   1.28745E-02   9.76064E-03  -4.41575E-03  -4.95293E-03  -6.35504E-03  -7.36380E-03   3.43058E-03   3.24016E-03   4.99102E-03   6.38255E-03  -1.77881E-03  -1.90283E-03  -3.36659E-03  -5.67510E-03   7.93358E-04   8.59438E-04   1.81216E-03   4.87542E-03  -3.62250E-04  -1.89477E-03  -4.27421E-04
 9.82000E+01  -4.19321E-02  -4.37298E-02  -2.78511E-02   3.09073E-02   3.01242E-02   2.51013E-02   2.46893E-02  -2.23253E-02  -2.05410E-02  -2.12533E-02  -2.09006E-02   1.37466E-02   1.41225E-02   1.68225E-02   1.77316E-02  -7.60798E-03  -9.67553E-03  -1.22673E-02  -1.44207E-02   4.73343E-03   1.11943E-02   1.18783E-02   9.22010E-03  -4.99089E-03  -5.20079E-03  -5.81583E-03  -6.91484E-03   3.95143E-03   3.47584E-03   4.57289E-03   6.04387E-03  -2.33682E-03  -2.08394E-03  -3.08630E-03  -5.41405E-03   1.36863E-03   9.67274E-04   1.67045E-03   4.66731E-03  -8.96250E-04  -1.85745E-03  -2.00641E-04
 9.89000E+01  -4.12116E-02  -4.26126E-02  -2.69554E-02   3.06396E-02   2.98476E-02   2.39538E-02   2.37381E-02  -2.24596E-02  -2.05731E-02  -2.01142E-02  -2.00377E-02   1.42043E-02   1.43258E-02   1.58102E-02   1.70151E-02  -8.28585E-03  -9.93141E-03  -1.14528E-02  -1.38055E-02   5.45716E-03   1.15114E-02   1.09059E-02   8.64851E-03  -5.50892E-03  -5.40072E-03  -5.28764E-03  -6.43094E-03   4.41881E-03   3.66973E-03   4.16085E-03   5.65953E-03  -2.84297E-03  -2.23447E-03  -2.80857E-03  -5.09990E-03   1.89392E-03   1.05868E-03   1.52886E-03   4.40698E-03  -1.38503E-03  -1.79676E-03   1.05169E-05
 9.96000E+01  -4.04689E-02  -4.15520E-02  -2.60829E-02   3.03548E-02   2.95322E-02   2.28626E-02   2.27997E-02  -2.25586E-02  -2.05538E-02  -1.90249E-02  -1.91712E-02   1.46116E-02   1.44724E-02   1.48366E-02   1.62761E-02  -8.90329E-03  -1.01345E-02  -1.06646E-02  -1.31586E-02   6.11671E-03   1.17592E-02   9.96133E-03   8.05204E-03  -5.96827E-03  -5.55711E-03  -4.77332E-03  -5.91852E-03   4.83061E-03   3.82554E-03   3.75763E-03   5.23691E-03  -3.29414E-03  -2.35706E-03  -2.53557E-03  -4.74066E-03   2.36535E-03   1.13499E-03   1.38861E-03   4.10211E-03  -1.82464E-03  -1.71582E-03   2.04266E-04
 1.00400E+02  -3.95997E-02  -4.04097E-02  -2.51155E-02   3.00083E-02   2.91319E-02   2.16853E-02   2.17460E-02  -2.26288E-02  -2.04773E-02  -1.78421E-02  -1.81813E-02   1.50154E-02   1.45789E-02   1.37731E-02   1.54118E-02  -9.53436E-03  -1.03089E-02  -9.79832E-03  -1.23892E-02   6.79088E-03   1.19664E-02   8.91921E-03   7.34780E-03  -6.42039E-03  -5.68804E-03  -4.20516E-03  -5.30630E-03   5.23159E-03   3.96164E-03   3.31028E-03   4.71657E-03  -3.73983E-03  -2.46628E-03  -2.23150E-03  -4.28528E-03   2.83474E-03   1.20542E-03   1.23119E-03   3.70913E-03  -2.26326E-03  -1.60252E-03   4.02727E-04
 1.01100E+02  -3.88271E-02  -3.94707E-02  -2.42959E-02   2.96872E-02   2.87536E-02   2.07159E-02   2.08430E-02  -2.26532E-02  -2.03698E-02  -1.68616E-02  -1.73201E-02   1.53155E-02   1.46254E-02   1.28863E-02   1.46445E-02  -1.00217E-02  -1.04170E-02  -9.07152E-03  -1.16973E-02   7.31124E-03   1.20885E-02   8.04199E-03   6.71869E-03  -6.75229E-03  -5.76536E-03  -3.72680E-03  -4.75452E-03   5.52104E-03   4.04788E-03   2.93229E-03   4.23684E-03  -4.06748E-03  -2.53762E-03  -1.97376E-03  -3.85655E-03   3.18303E-03   1.25379E-03   1.09675E-03   3.33487E-03  -2.58940E-03  -1.48863E-03   5.55364E-04
 1.01800E+02  -3.80483E-02  -3.85868E-02  -2.35026E-02   2.93498E-02   2.83548E-02   1.98018E-02   1.99601E-02  -2.26442E-02  -2.02305E-02  -1.59311E-02  -1.64675E-02   1.55672E-02   1.46343E-02   1.20402E-02   1.38728E-02  -1.04497E-02  -1.04885E-02  -8.37414E-03  -1.09945E-02   7.76765E-03   1.21617E-02   7.19797E-03   6.08370E-03  -7.02552E-03  -5.81189E-03  -3.26686E-03  -4.19421E-03   5.75359E-03   4.10687E-03   2.56788E-03   3.74172E-03  -4.33687E-03  -2.58878E-03  -1.72467E-03  -3.40766E-03   3.47256E-03   1.29101E-03   9.65935E-04   2.94002E-03  -2.86106E-03  -1.36409E-03   6.87970E-04
 1.02600E+02  -3.71559E-02  -3.76417E-02  -2.26292E-02   2.89453E-02   2.78802E-02   1.88228E-02   1.89782E-02  -2.25947E-02  -2.00391E-02  -1.49274E-02  -1.55082E-02   1.57978E-02   1.46048E-02   1.11220E-02   1.29919E-02  -1.08685E-02  -1.05310E-02  -7.61283E-03  -1.01856E-02   8.21308E-03   1.21925E-02   6.27416E-03   5.35790E-03  -7.26779E-03  -5.83181E-03  -2.76423E-03  -3.55098E-03   5.95114E-03   4.14468E-03   2.16872E-03   3.16567E-03  -4.57439E-03  -2.62527E-03  -1.45126E-03  -2.87934E-03   3.73213E-03   1.32131E-03   8.21301E-04   2.47259E-03  -3.10523E-03  -1.21230E-03   8.14979E-04
 1.03300E+02  -3.63772E-02  -3.68689E-02  -2.18949E-02   2.85761E-02   2.74532E-02   1.80212E-02   1.81449E-02  -2.25191E-02  -1.98485E-02  -1.40994E-02  -1.46855E-02   1.59520E-02   1.45494E-02   1.03600E-02   1.22272E-02  -1.11758E-02  -1.05380E-02  -6.97722E-03  -9.47912E-03   8.53871E-03   1.21787E-02   5.50104E-03   4.72857E-03  -7.42078E-03  -5.82358E-03  -2.34459E-03  -2.99180E-03   6.06627E-03   4.15485E-03   1.83486E-03   2.65978E-03  -4.72239E-03  -2.64013E-03  -1.22217E-03  -2.41139E-03   3.89834E-03   1.33820E-03   6.99242E-04   2.05685E-03  -3.26213E-03  -1.07416E-03   9.04993E-04
 1.04000E+02  -3.56035E-02  -3.61441E-02  -2.11894E-02   2.81939E-02   2.70191E-02   1.72682E-02   1.73374E-02  -2.24151E-02  -1.96405E-02  -1.33160E-02  -1.38814E-02   1.60643E-02   1.44704E-02   9.63509E-03   1.14725E-02  -1.14307E-02  -1.05205E-02  -6.36915E-03  -8.77895E-03   8.80737E-03   1.21311E-02   4.75997E-03   4.10957E-03  -7.52133E-03  -5.79427E-03  -1.94348E-03  -2.44136E-03   6.12993E-03   4.14607E-03   1.51532E-03   2.15826E-03  -4.81681E-03  -2.64083E-03  -1.00265E-03  -1.94478E-03   4.00983E-03   1.34700E-03   5.81493E-04   1.64121E-03  -3.36797E-03  -9.33564E-04   9.75919E-04
 1.04800E+02  -3.47285E-02  -3.53709E-02  -2.04188E-02   2.77426E-02   2.65181E-02   1.64639E-02   1.64481E-02  -2.22643E-02  -1.93859E-02  -1.24726E-02  -1.29885E-02   1.61447E-02   1.43555E-02   8.84981E-03   1.06271E-02  -1.16620E-02  -1.04740E-02  -5.70657E-03  -7.99210E-03   9.04871E-03   1.20401E-02   3.95094E-03   3.42026E-03  -7.57578E-03  -5.73792E-03  -1.50718E-03  -1.82888E-03   6.14322E-03   4.11545E-03   1.16742E-03   1.59719E-03  -4.86262E-03  -2.62619E-03  -7.63402E-04  -1.42052E-03   4.07366E-03   1.34812E-03   4.52245E-04   1.17342E-03  -3.42955E-03  -7.72663E-04   1.03467E-03
 1.05500E+02  -3.39729E-02  -3.47394E-02  -1.97762E-02   2.73368E-02   2.60782E-02   1.58063E-02   1.57004E-02  -2.21069E-02  -1.91513E-02  -1.17773E-02  -1.22322E-02   1.61764E-02   1.42365E-02   8.19855E-03   9.90570E-03  -1.18153E-02  -1.04128E-02  -5.15385E-03  -7.31956E-03   9.20625E-03   1.19317E-02   3.27494E-03   2.83719E-03  -7.57420E-03  -5.67088E-03  -1.14414E-03  -1.31207E-03   6.10637E-03   4.07260E-03   8.77750E-04   1.12212E-03  -4.85194E-03  -2.60131E-03  -5.64071E-04  -9.75427E-04   4.07744E-03   1.34200E-03   3.43803E-04   7.75977E-04  -3.43475E-03  -6.33857E-04   1.06771E-03
 1.06300E+02  -3.31227E-02  -3.40655E-02  -1.90784E-02   2.68623E-02   2.55761E-02   1.51040E-02   1.48818E-02  -2.19009E-02  -1.88727E-02  -1.10286E-02  -1.13987E-02   1.61723E-02   1.40825E-02   7.49293E-03   9.10573E-03  -1.19391E-02  -1.03220E-02  -4.55154E-03  -6.57349E-03   9.32993E-03   1.17784E-02   2.53728E-03   2.19813E-03  -7.52087E-03  -5.57625E-03  -7.49845E-04  -7.48042E-04   6.01355E-03   4.00724E-03   5.63060E-04   6.02798E-04  -4.78649E-03  -2.56054E-03  -3.47445E-04  -4.88354E-04   4.02706E-03   1.32762E-03   2.25138E-04   3.41132E-04  -3.38954E-03  -4.79758E-04   1.08604E-03
 1.07100E+02  -3.22878E-02  -3.34390E-02  -1.84196E-02   2.63785E-02   2.50768E-02   1.44508E-02   1.41023E-02  -2.16703E-02  -1.85855E-02  -1.03258E-02  -1.05999E-02   1.61294E-02   1.39120E-02   6.82621E-03   8.33485E-03  -1.20130E-02  -1.02114E-02  -3.97906E-03  -5.85523E-03   9.39888E-03   1.15966E-02   1.83534E-03   1.59207E-03  -7.41792E-03  -5.46438E-03  -3.76671E-04  -2.16669E-04   5.87196E-03   3.92619E-03   2.65264E-04   1.13627E-04  -4.66975E-03  -2.50790E-03  -1.42441E-04  -2.97673E-05   3.92393E-03   1.30602E-03   1.12039E-04  -6.77765E-05  -3.29501E-03  -3.32554E-04   1.08550E-03
 1.07800E+02  -3.15703E-02  -3.29270E-02  -1.78750E-02   2.59493E-02   2.46433E-02   1.39168E-02   1.34527E-02  -2.14511E-02  -1.83287E-02  -9.74616E-03  -9.93053E-03   1.60637E-02   1.37510E-02   6.27300E-03   7.68607E-03  -1.20409E-02  -1.00999E-02  -3.50148E-03  -5.25201E-03   9.41883E-03   1.14162E-02   1.24933E-03   1.09138E-03  -7.29167E-03  -5.35375E-03  -6.68332E-05   2.18636E-04   5.71266E-03   3.84363E-03   1.81258E-05  -2.86320E-04  -4.53028E-03  -2.45304E-03   2.76424E-05   3.44432E-04   3.79528E-03   1.28166E-03   1.76038E-05  -4.00709E-04  -3.17638E-03  -2.10813E-04   1.07116E-03
 1.08600E+02  -3.07657E-02  -3.23804E-02  -1.72886E-02   2.54539E-02   2.41529E-02   1.33469E-02   1.27475E-02  -2.11835E-02  -1.80306E-02  -9.12175E-03  -9.20006E-03   1.59601E-02   1.35552E-02   5.67349E-03   6.97556E-03  -1.20354E-02  -9.95716E-03  -2.98129E-03  -4.59359E-03   9.40059E-03   1.11875E-02   6.10797E-04   5.55201E-04  -7.11130E-03  -5.21406E-03   2.68829E-04   6.79739E-04   5.49550E-03   3.73715E-03  -2.49390E-04  -7.08324E-04  -4.33382E-03  -2.38115E-03   2.11636E-04   7.37825E-04   3.61010E-03   1.24805E-03  -8.51719E-05  -7.49544E-04  -3.00518E-03  -8.10350E-05   1.04080E-03
 1.09400E+02  -2.99773E-02  -3.18725E-02  -1.67402E-02   2.49553E-02   2.36686E-02   1.28174E-02   1.20816E-02  -2.09010E-02  -1.77287E-02  -8.53577E-03  -8.50678E-03   1.58304E-02   1.33483E-02   5.10727E-03   6.29912E-03  -1.19948E-02  -9.79950E-03  -2.48746E-03  -3.96971E-03   9.34394E-03   1.09367E-02   4.66033E-06   5.90635E-05  -6.89804E-03  -5.06147E-03   5.85385E-04   1.10015E-03   5.24665E-03   3.61886E-03  -5.01352E-04  -1.09060E-03  -4.10385E-03  -2.30029E-03   3.84751E-04   1.09204E-03   3.39044E-03   1.20870E-03  -1.82453E-04  -1.06204E-03  -2.80182E-03   3.77223E-05   9.97618E-04
 1.10200E+02  -2.92052E-02  -3.14010E-02  -1.62290E-02   2.44555E-02   2.31910E-02   1.23262E-02   1.14547E-02  -2.06066E-02  -1.74243E-02  -7.98626E-03  -7.85061E-03   1.56785E-02   1.31318E-02   4.57292E-03   5.65726E-03  -1.19240E-02  -9.62825E-03  -2.01921E-03  -3.38128E-03   9.25429E-03   1.06654E-02  -5.69727E-04  -3.96107E-04  -6.65762E-03  -4.89710E-03   8.83295E-04   1.47869E-03   4.97205E-03   3.48977E-03  -7.38056E-04  -1.43160E-03  -3.84662E-03  -2.21123E-03   5.47140E-04   1.40528E-03   3.14273E-03   1.16403E-03  -2.74209E-04  -1.33638E-03  -2.57240E-03   1.44697E-04   9.43724E-04
 1.11000E+02  -2.84490E-02  -3.09639E-02  -1.57541E-02   2.39563E-02   2.27206E-02   1.18712E-02   1.08658E-02  -2.03032E-02  -1.71184E-02  -7.47157E-03  -7.23109E-03   1.55082E-02   1.29070E-02   4.06926E-03   5.04998E-03  -1.18274E-02  -9.44467E-03  -1.57595E-03  -2.82860E-03   9.13677E-03   1.03753E-02  -1.11280E-03  -8.10102E-04  -6.39558E-03  -4.72202E-03   1.16290E-03   1.81500E-03   4.67747E-03   3.35084E-03  -9.59712E-04  -1.73063E-03  -3.56818E-03  -2.11468E-03   6.98902E-04   1.67661E-03   2.87327E-03   1.11443E-03  -3.60381E-04  -1.57166E-03  -2.32285E-03   2.39436E-04   8.81192E-04
 1.11800E+02  -2.77087E-02  -3.05598E-02  -1.53145E-02   2.34595E-02   2.22580E-02   1.14510E-02   1.03140E-02  -1.99935E-02  -1.68119E-02  -6.99030E-03  -6.64741E-03   1.53231E-02   1.26750E-02   3.59530E-03   4.47683E-03  -1.17093E-02  -9.25003E-03  -1.15722E-03  -2.31135E-03   8.99620E-03   1.00681E-02  -1.62482E-03  -1.18337E-03  -6.11715E-03  -4.53722E-03   1.42446E-03   2.10940E-03   4.36841E-03   3.20297E-03  -1.16646E-03  -1.98779E-03  -3.27433E-03  -2.01133E-03   8.40089E-04   1.90597E-03   2.58808E-03   1.06029E-03  -4.40894E-04  -1.76771E-03  -2.05887E-03   3.21772E-04   8.12000E-04
 1.12600E+02  -2.69840E-02  -3.01873E-02  -1.49090E-02   2.29666E-02   2.18036E-02   1.10641E-02   9.79797E-03  -1.96800E-02  -1.65060E-02  -6.54122E-03  -6.09850E-03   1.51265E-02   1.24373E-02   3.15020E-03   3.93696E-03  -1.15736E-02  -9.04560E-03  -7.62648E-04  -1.82878E-03   8.83703E-03   9.74535E-03  -2.10595E-03  -1.51696E-03  -5.82722E-03  -4.34372E-03   1.66817E-03   2.36289E-03   4.05001E-03   3.04704E-03  -1.35840E-03  -2.20387E-03  -2.97052E-03  -1.90181E-03   9.70723E-04   2.09402E-03   2.29279E-03   1.00198E-03  -5.15659E-04  -1.92512E-03  -1.78582E-03   3.91789E-04   7.38003E-04
 1.13400E+02  -2.62750E-02  -2.98453E-02  -1.45364E-02   2.24791E-02   2.13581E-02   1.07093E-02   9.31643E-03  -1.93649E-02  -1.62018E-02  -6.12324E-03  -5.58301E-03   1.49213E-02   1.21951E-02   2.73320E-03   3.42921E-03  -1.14239E-02  -8.83274E-03  -3.91903E-04  -1.37970E-03   8.66331E-03   9.40893E-03  -2.55633E-03  -1.81242E-03  -5.53024E-03  -4.14251E-03   1.89416E-03   2.57701E-03   3.72697E-03   2.88395E-03  -1.53558E-03  -2.38029E-03  -2.66172E-03  -1.78680E-03   1.09081E-03   2.24209E-03   1.99261E-03   9.39915E-04  -5.84585E-04  -2.04509E-03  -1.50863E-03   4.49789E-04   6.60915E-04
 1.14200E+02  -2.55819E-02  -2.95327E-02  -1.41955E-02   2.19981E-02   2.09222E-02   1.03855E-02   8.86786E-03  -1.90503E-02  -1.59003E-02  -5.73532E-03  -5.09943E-03   1.47102E-02   1.19499E-02   2.34353E-03   2.95217E-03  -1.12633E-02  -8.61284E-03  -4.46520E-05  -9.62577E-04   8.47866E-03   9.06065E-03  -2.97611E-03  -2.07173E-03  -5.23021E-03  -3.93463E-03   2.10260E-03   2.75380E-03   3.40353E-03   2.71458E-03  -1.69809E-03  -2.51898E-03  -2.35244E-03  -1.66696E-03   1.20035E-03   2.35206E-03   1.69225E-03   8.74483E-04  -6.47591E-04  -2.12936E-03  -1.23177E-03   4.96259E-04   5.82280E-04
 1.15100E+02  -2.48212E-02  -2.92151E-02  -1.38481E-02   2.14664E-02   2.04444E-02   1.00568E-02   8.40068E-03  -1.86991E-02  -1.55660E-02  -5.33356E-03  -4.59150E-03   1.44686E-02   1.16721E-02   1.93690E-03   2.45017E-03  -1.10731E-02  -8.35885E-03   3.18409E-04  -5.29303E-04   8.26181E-03   8.65706E-03  -3.41206E-03  -2.32311E-03  -4.89336E-03  -3.69409E-03   2.31633E-03   2.91106E-03   3.04376E-03   2.51766E-03  -1.86346E-03  -2.63284E-03  -2.00882E-03  -1.52719E-03   1.31101E-03   2.43313E-03   1.35925E-03   7.97368E-04  -7.11312E-04  -2.18419E-03  -9.25601E-04   5.35552E-04   4.93666E-04
 1.15900E+02  -2.41624E-02  -2.89620E-02  -1.35701E-02   2.10031E-02   2.00316E-02   9.79512E-03   8.01693E-03  -1.83912E-02  -1.52745E-02  -5.00606E-03  -4.17017E-03   1.42524E-02   1.14252E-02   1.60274E-03   2.03283E-03  -1.08982E-02  -8.12884E-03   6.17126E-04  -1.73971E-04   8.06397E-03   8.29002E-03  -3.76770E-03  -2.51356E-03  -4.59778E-03  -3.47549E-03   2.48809E-03   3.01683E-03   2.73106E-03   2.33797E-03  -1.99508E-03  -2.69953E-03  -1.71095E-03  -1.39929E-03   1.39824E-03   2.47024E-03   1.07153E-03   7.26171E-04  -7.61540E-04  -2.20016E-03  -6.61885E-04   5.59770E-04   4.16065E-04
 1.16700E+02  -2.35203E-02  -2.87353E-02  -1.33197E-02   2.05495E-02   1.96311E-02   9.56091E-03   7.66116E-03  -1.80886E-02  -1.49897E-02  -4.70528E-03  -3.77536E-03   1.40366E-02   1.11798E-02   1.29331E-03   1.64076E-03  -1.07199E-02  -7.89639E-03   8.93860E-04   1.55491E-04   7.86370E-03   7.91721E-03  -4.09387E-03  -2.67577E-03  -4.30834E-03  -3.25349E-03   2.64298E-03   3.09359E-03   2.42771E-03   2.15482E-03  -2.11240E-03  -2.73673E-03  -1.42307E-03  -1.26863E-03   1.47507E-03   2.47747E-03   7.94668E-04   6.52918E-04  -8.05713E-04  -2.18813E-03  -4.09045E-04   5.74779E-04   3.40590E-04
 1.17600E+02  -2.28186E-02  -2.85106E-02  -1.30693E-02   2.00516E-02   1.91963E-02   9.32878E-03   7.29234E-03  -1.77559E-02  -1.46788E-02  -4.39733E-03  -3.36066E-03   1.37962E-02   1.09072E-02   9.73493E-04   1.22756E-03  -1.05175E-02  -7.63377E-03   1.17979E-03   4.97887E-04   7.63783E-03   7.49335E-03  -4.42642E-03  -2.82798E-03  -3.99240E-03  -3.00095E-03   2.79752E-03   3.14896E-03   2.10011E-03   1.94576E-03  -2.22756E-03  -2.74706E-03  -1.11391E-03  -1.11917E-03   1.54922E-03   2.45369E-03   4.99095E-04   5.68571E-04  -8.48184E-04  -2.14470E-03  -1.40407E-04   5.81754E-04   2.59217E-04
 1.18400E+02  -2.22134E-02  -2.83367E-02  -1.28733E-02   1.96207E-02   1.88249E-02   9.14889E-03   6.99070E-03  -1.74681E-02  -1.44122E-02  -4.14919E-03  -3.01627E-03   1.35859E-02   1.06696E-02   7.13089E-04   8.82978E-04  -1.03374E-02  -7.40088E-03   1.41231E-03   7.79499E-04   7.43816E-03   7.11469E-03  -4.69238E-03  -2.93944E-03  -3.72172E-03  -2.77508E-03   2.91781E-03   3.17393E-03   1.82269E-03   1.75818E-03  -2.31528E-03  -2.73156E-03  -8.54001E-04  -9.84814E-04   1.60437E-03   2.40756E-03   2.52485E-04   4.92323E-04  -8.79562E-04  -2.08271E-03   8.24044E-05   5.80137E-04   1.90720E-04
 1.19300E+02  -2.15541E-02  -2.81686E-02  -1.26810E-02   1.91497E-02   1.84248E-02   8.97453E-03   6.67888E-03  -1.71543E-02  -1.41248E-02  -3.89702E-03  -2.65389E-03   1.33544E-02   1.04092E-02   4.45379E-04   5.18535E-04  -1.01361E-02  -7.14121E-03   1.65077E-03   1.07343E-03   7.21621E-03   6.68886E-03  -4.95956E-03  -3.04153E-03  -3.42987E-03  -2.52063E-03   3.03457E-03   3.17848E-03   1.52740E-03   1.54626E-03  -2.39790E-03  -2.69018E-03  -5.79862E-04  -8.32758E-04   1.65455E-03   2.33146E-03  -5.15238E-06   4.05624E-04  -9.07779E-04  -1.99037E-03   3.13468E-04   5.70679E-04   1.18576E-04
 1.20100E+02  -2.09876E-02  -2.80424E-02  -1.25341E-02   1.87438E-02   1.80860E-02   8.84290E-03   6.42456E-03  -1.68849E-02  -1.38815E-02  -3.69525E-03  -2.35221E-03   1.31539E-02   1.01853E-02   2.28364E-04   2.13290E-04  -9.95917E-03  -6.91379E-03   1.84338E-03   1.31659E-03   7.02217E-03   6.31229E-03  -5.16987E-03  -3.11440E-03  -3.18230E-03  -2.29509E-03   3.12245E-03   3.16466E-03   1.28048E-03   1.35791E-03  -2.45750E-03  -2.63524E-03  -3.53202E-04  -6.97426E-04   1.68887E-03   2.24551E-03  -2.15654E-04   3.28153E-04  -9.26668E-04  -1.89125E-03   5.00529E-04   5.56432E-04   5.91676E-05
 1.21000E+02  -2.03724E-02  -2.79250E-02  -1.23943E-02   1.83019E-02   1.77245E-02   8.71919E-03   6.16241E-03  -1.65932E-02  -1.36227E-02  -3.49141E-03  -2.03381E-03   1.29351E-02   9.94308E-03   5.93577E-06  -1.11196E-04  -9.76317E-03  -6.66313E-03   2.03978E-03   1.57218E-03   6.80820E-03   5.89274E-03  -5.37755E-03  -3.17939E-03  -2.91739E-03  -2.04309E-03   3.20421E-03   3.13234E-03   1.02045E-03   1.14696E-03  -2.50949E-03  -2.55645E-03  -1.17771E-04  -5.45677E-04   1.71622E-03   2.13178E-03  -4.31096E-04   2.40999E-04  -9.41102E-04  -1.76394E-03   6.89777E-04   5.34892E-04  -2.10751E-06
 1.21900E+02  -1.97810E-02  -2.78319E-02  -1.22803E-02   1.78760E-02   1.73845E-02   8.61927E-03   5.92387E-03  -1.63141E-02  -1.33807E-02  -3.30993E-03  -1.73565E-03   1.27241E-02   9.71243E-03  -1.95549E-04  -4.17755E-04  -9.57097E-03  -6.41926E-03   2.21639E-03   1.81113E-03   6.59916E-03   5.47927E-03  -5.55649E-03  -3.22938E-03  -2.66673E-03  -1.79391E-03   3.26872E-03   3.08552E-03   7.79035E-04   9.37896E-04  -2.54617E-03  -2.46302E-03   9.69683E-05  -3.95130E-04   1.73202E-03   2.00348E-03  -6.23801E-04   1.54296E-04  -9.48497E-04  -1.62323E-03   8.56420E-04   5.08550E-04  -5.73841E-05
 1.22800E+02  -1.92134E-02  -2.77614E-02  -1.21907E-02   1.74664E-02   1.70665E-02   8.54103E-03   5.70723E-03  -1.60481E-02  -1.31565E-02  -3.14852E-03  -1.45579E-03   1.25213E-02   9.49436E-03  -3.78276E-04  -7.08401E-04  -9.38295E-03  -6.18326E-03   2.37503E-03   2.03569E-03   6.39515E-03   5.07343E-03  -5.70878E-03  -3.26717E-03  -2.42983E-03  -1.54840E-03   3.31694E-03   3.02718E-03   5.55669E-04   7.31512E-04  -2.56820E-03  -2.35810E-03   2.91425E-04  -2.46426E-04   1.73668E-03   1.86388E-03  -7.94057E-04   6.84744E-05  -9.49059E-04  -1.47226E-03   1.00067E-03   4.78390E-04  -1.06673E-04
 1.23600E+02  -1.87288E-02  -2.77164E-02  -1.21306E-02   1.71162E-02   1.68028E-02   8.48798E-03   5.53178E-03  -1.58229E-02  -1.29725E-02  -3.02003E-03  -1.22095E-03   1.23482E-02   9.31175E-03  -5.26739E-04  -9.54886E-04  -9.21948E-03  -5.98080E-03   2.50248E-03   2.22485E-03   6.21793E-03   4.72010E-03  -5.82348E-03  -3.29252E-03  -2.23019E-03  -1.33384E-03   3.34690E-03   2.96781E-03   3.71585E-04   5.50891E-04  -2.57602E-03  -2.25743E-03   4.47826E-04  -1.16261E-04   1.73181E-03   1.73269E-03  -9.27036E-04  -6.74920E-06  -9.43995E-04  -1.33174E-03   1.11050E-03   4.49088E-04  -1.45549E-04
 1.24500E+02  -1.82059E-02  -2.76842E-02  -1.20839E-02   1.67384E-02   1.65275E-02   8.44501E-03   5.35229E-03  -1.55826E-02  -1.27833E-02  -2.89026E-03  -9.70923E-04   1.21616E-02   9.11948E-03  -6.80067E-04  -1.22036E-03  -9.03970E-03  -5.76188E-03   2.63229E-03   2.42752E-03   6.02290E-03   4.33185E-03  -5.93122E-03  -3.31368E-03  -2.01699E-03  -1.09716E-03   3.36697E-03   2.89463E-03   1.79785E-04   3.51446E-04  -2.57221E-03  -2.13807E-03   6.06127E-04   2.74270E-05   1.71655E-03   1.57944E-03  -1.05675E-03  -8.98489E-05  -9.32236E-04  -1.16883E-03   1.21403E-03   4.14031E-04  -1.83905E-04
 1.25400E+02  -1.77064E-02  -2.76700E-02  -1.20583E-02   1.63778E-02   1.62751E-02   8.41780E-03   5.19039E-03  -1.53565E-02  -1.26132E-02  -2.77400E-03  -7.34409E-04   1.19839E-02   8.94153E-03  -8.20999E-04  -1.47479E-03  -8.86422E-03  -5.55273E-03   2.74954E-03   2.62100E-03   5.83202E-03   3.95409E-03  -6.01844E-03  -3.32880E-03  -1.81479E-03  -8.65933E-04   3.37351E-03   2.81657E-03   3.00050E-06   1.56498E-04  -2.55569E-03  -2.01425E-03   7.46802E-04   1.67748E-04   1.69134E-03   1.42239E-03  -1.16636E-03  -1.71007E-04  -9.14270E-04  -1.00293E-03   1.29721E-03   3.77418E-04  -2.16800E-04
 1.26300E+02  -1.72298E-02  -2.76724E-02  -1.20529E-02   1.60347E-02   1.60453E-02   8.40447E-03   5.04478E-03  -1.51446E-02  -1.24623E-02  -2.66907E-03  -5.09984E-04   1.18150E-02   8.77806E-03  -9.51672E-04  -1.71954E-03  -8.69287E-03  -5.35362E-03   2.85604E-03   2.80663E-03   5.64474E-03   3.58726E-03  -6.08722E-03  -3.33935E-03  -1.62235E-03  -6.40529E-04   3.36742E-03   2.73523E-03  -1.60088E-04  -3.34843E-05  -2.52709E-03  -1.88772E-03   8.71053E-04   3.04267E-04   1.65656E-03   1.26347E-03  -1.25699E-03  -2.49909E-04  -8.90307E-04  -8.35976E-04   1.36103E-03   3.39838E-04  -2.44518E-04
 1.27300E+02  -1.67268E-02  -2.76931E-02  -1.20692E-02   1.56746E-02   1.58166E-02   8.40373E-03   4.90054E-03  -1.49264E-02  -1.23170E-02  -2.56321E-03  -2.73185E-04   1.16379E-02   8.61340E-03  -1.08735E-03  -1.98168E-03  -8.50701E-03  -5.14420E-03   2.96391E-03   3.00509E-03   5.44010E-03   3.19275E-03  -6.14440E-03  -3.34716E-03  -1.41844E-03  -3.97256E-04   3.34690E-03   2.64254E-03  -3.26899E-04  -2.38264E-04  -2.48186E-03  -1.74573E-03   9.91375E-04   4.51007E-04   1.60715E-03   1.08669E-03  -1.33686E-03  -3.34572E-04  -8.56894E-04  -6.51243E-04   1.41052E-03   2.97561E-04  -2.69620E-04
 1.28200E+02  -1.62973E-02  -2.77265E-02  -1.21030E-02   1.53697E-02   1.56343E-02   8.41385E-03   4.78519E-03  -1.47458E-02  -1.22062E-02  -2.47541E-03  -7.00030E-05   1.14878E-02   8.48026E-03  -1.20306E-03  -2.20998E-03  -8.34348E-03  -4.96622E-03   3.05343E-03   3.17777E-03   5.25825E-03   2.84946E-03  -6.18059E-03  -3.35164E-03  -1.24241E-03  -1.84975E-04   3.31691E-03   2.55810E-03  -4.65575E-04  -4.16502E-04  -2.42967E-03  -1.61792E-03   1.08509E-03   5.78210E-04   1.55336E-03   9.28893E-04  -1.39128E-03  -4.07753E-04  -8.20924E-04  -4.87219E-04   1.43696E-03   2.59501E-04  -2.87432E-04
 1.29100E+02  -1.58893E-02  -2.77730E-02  -1.21538E-02   1.50835E-02   1.54739E-02   8.43254E-03   4.68231E-03  -1.45803E-02  -1.21140E-02  -2.39270E-03   1.24992E-04   1.13465E-02   8.36100E-03  -1.31467E-03  -2.43211E-03  -8.18313E-03  -4.79788E-03   3.13741E-03   3.34563E-03   5.07785E-03   2.51708E-03  -6.20411E-03  -3.35436E-03  -1.07214E-03   2.08713E-05   3.27678E-03   2.47341E-03  -5.94793E-04  -5.88673E-04  -2.36712E-03  -1.49103E-03   1.16628E-03   7.00429E-04   1.49108E-03   7.73497E-04  -1.43039E-03  -4.77787E-04  -7.79553E-04  -3.26557E-04   1.44734E-03   2.21791E-04  -3.01045E-04
 1.30000E+02  -1.55023E-02  -2.78316E-02  -1.22209E-02   1.48163E-02   1.53351E-02   8.45830E-03   4.59073E-03  -1.44301E-02  -1.20399E-02  -2.31326E-03   3.12932E-04   1.12140E-02   8.25512E-03  -1.42398E-03  -2.64898E-03  -8.02556E-03  -4.63872E-03   3.21736E-03   3.50932E-03   4.89815E-03   2.19524E-03  -6.21654E-03  -3.35572E-03  -9.06393E-04   2.20224E-04   3.22716E-03   2.38894E-03  -7.15840E-04  -7.54492E-04  -2.29468E-03  -1.36572E-03   1.23614E-03   8.17304E-04   1.42059E-03   6.21414E-04  -1.45530E-03  -5.44395E-04  -7.32952E-04  -1.70275E-04   1.44269E-03   1.84720E-04  -3.10770E-04
 1.31000E+02  -1.50964E-02  -2.79099E-02  -1.23131E-02   1.45422E-02   1.52056E-02   8.49352E-03   4.50080E-03  -1.42816E-02  -1.19782E-02  -2.22677E-03   5.14800E-04   1.10768E-02   8.15236E-03  -1.54476E-03  -2.88478E-03  -7.85322E-03  -4.47193E-03   3.30311E-03   3.68689E-03   4.69839E-03   1.84933E-03  -6.21908E-03  -3.35583E-03  -7.26090E-04   4.34091E-04   3.16159E-03   2.29559E-03  -8.42222E-04  -9.30948E-04  -2.20307E-03  -1.22891E-03   1.30183E-03   9.40448E-04   1.33297E-03   4.57220E-04  -1.46763E-03  -6.14033E-04  -6.75239E-04  -2.83142E-06   1.42111E-03   1.44562E-04  -3.17374E-04
 1.31900E+02  -1.47522E-02  -2.79914E-02  -1.24111E-02   1.43164E-02   1.51107E-02   8.52972E-03   4.42923E-03  -1.41646E-02  -1.19404E-02  -2.14875E-03   6.91377E-04   1.09623E-02   8.07243E-03  -1.65457E-03  -3.09314E-03  -7.70007E-03  -4.33012E-03   3.37890E-03   3.84321E-03   4.51768E-03   1.54783E-03  -6.21258E-03  -3.35467E-03  -5.66080E-04   6.19711E-04   3.09376E-03   2.21208E-03  -9.49874E-04  -1.08244E-03  -2.11103E-03  -1.10830E-03   1.35133E-03   1.04481E-03   1.24604E-03   3.14412E-04  -1.46601E-03  -6.72440E-04  -6.18135E-04   1.41452E-04   1.38792E-03   1.09560E-04  -3.19842E-04
 1.32900E+02  -1.43927E-02  -2.80934E-02  -1.25351E-02   1.40893E-02   1.50289E-02   8.57339E-03   4.35861E-03  -1.40534E-02  -1.19172E-02  -2.05997E-03   8.83191E-04   1.08447E-02   7.99645E-03  -1.77963E-03  -3.32120E-03  -7.53145E-03  -4.18075E-03   3.46297E-03   4.01328E-03   4.31492E-03   1.22276E-03  -6.19695E-03  -3.35173E-03  -3.89527E-04   8.18361E-04   3.00912E-03   2.11969E-03  -1.06398E-03  -1.24227E-03  -1.99853E-03  -9.77287E-04   1.39681E-03   1.15306E-03   1.14079E-03   1.61864E-04  -1.45125E-03  -7.32186E-04  -5.49159E-04   2.93789E-04   1.33685E-03   7.21297E-05  -3.19048E-04
 1.33800E+02  -1.40894E-02  -2.81948E-02  -1.26594E-02   1.39066E-02   1.49757E-02   8.61456E-03   4.30175E-03  -1.39704E-02  -1.19124E-02  -1.97662E-03   1.05297E-03   1.07473E-02   7.93853E-03  -1.89637E-03  -3.52398E-03  -7.38050E-03  -4.05269E-03   3.53958E-03   4.16319E-03   4.12988E-03   9.38224E-04  -6.17629E-03  -3.34720E-03  -2.30750E-04   9.90334E-04   2.92500E-03   2.03659E-03  -1.16266E-03  -1.37811E-03  -1.88842E-03  -8.62115E-04   1.43008E-03   1.24304E-03   1.03855E-03   3.05216E-05  -1.42721E-03  -7.80941E-04  -4.82304E-04   4.23047E-04   1.27903E-03   3.98985E-05  -3.15416E-04
 1.34800E+02  -1.37743E-02  -2.83176E-02  -1.28100E-02   1.37283E-02   1.49388E-02   8.66102E-03   4.24446E-03  -1.38972E-02  -1.19239E-02  -1.87855E-03   1.23967E-03   1.06481E-02   7.88445E-03  -2.03223E-03  -3.74716E-03  -7.21300E-03  -3.91627E-03   3.62684E-03   4.32619E-03   3.92054E-03   6.29876E-04  -6.14687E-03  -3.33945E-03  -5.34718E-05   1.17385E-03   2.82309E-03   1.94380E-03  -1.26877E-03  -1.51970E-03  -1.75658E-03  -7.37130E-04   1.45943E-03   1.33416E-03   9.16943E-04  -1.08382E-04  -1.38953E-03  -8.29065E-04  -4.02964E-04   5.57233E-04   1.20261E-03   5.83825E-06  -3.08415E-04
 1.35800E+02  -1.34821E-02  -2.84504E-02  -1.29724E-02   1.35762E-02   1.49245E-02   8.70690E-03   4.19173E-03  -1.38440E-02  -1.19517E-02  -1.77311E-03   1.42558E-03   1.05580E-02   7.83962E-03  -2.17596E-03  -3.96867E-03  -7.04495E-03  -3.78463E-03   3.71726E-03   4.48526E-03   3.70640E-03   3.28523E-04  -6.11136E-03  -3.32802E-03   1.25577E-04   1.34938E-03   2.71261E-03   1.84986E-03  -1.37195E-03  -1.65091E-03  -1.61516E-03  -6.15126E-04   1.48156E-03   1.41522E-03   7.87330E-04  -2.39500E-04  -1.34125E-03  -8.70289E-04  -3.18615E-04   6.80769E-04   1.11436E-03  -2.62567E-05  -2.98564E-04
 1.36800E+02  -1.32124E-02  -2.85925E-02  -1.31449E-02   1.34508E-02   1.49320E-02   8.75089E-03   4.14181E-03  -1.38109E-02  -1.19944E-02  -1.65878E-03   1.61195E-03   1.04763E-02   7.80234E-03  -2.32881E-03  -4.18897E-03  -6.87554E-03  -3.65625E-03   3.81161E-03   4.64004E-03   3.48661E-03   3.28934E-05  -6.07019E-03  -3.31188E-03   3.07092E-04   1.51686E-03   2.59386E-03   1.75396E-03  -1.47280E-03  -1.77112E-03  -1.46459E-03  -4.95865E-04   1.49715E-03   1.48544E-03   6.50204E-04  -3.62475E-04  -1.28326E-03  -9.04022E-04  -2.29640E-04   7.92928E-04   1.01533E-03  -5.62759E-05  -2.86123E-04
 1.37700E+02  -1.29886E-02  -2.87279E-02  -1.33075E-02   1.33610E-02   1.49567E-02   8.78785E-03   4.09783E-03  -1.37981E-02  -1.20446E-02  -1.54715E-03   1.78109E-03   1.04096E-02   7.77377E-03  -2.47504E-03  -4.38652E-03  -6.72121E-03  -3.54221E-03   3.90031E-03   4.77525E-03   3.28336E-03  -2.29313E-04  -6.02848E-03  -3.29242E-03   4.72964E-04   1.66058E-03   2.48011E-03   1.66525E-03  -1.56188E-03  -1.86934E-03  -1.32167E-03  -3.90640E-04   1.50602E-03   1.53868E-03   5.20856E-04  -4.65913E-04  -1.22345E-03  -9.27470E-04  -1.45989E-04   8.83552E-04   9.17833E-04  -8.14355E-05  -2.72912E-04
 1.38700E+02  -1.27609E-02  -2.88860E-02  -1.34946E-02   1.32869E-02   1.50034E-02   8.82492E-03   4.04841E-03  -1.38026E-02  -1.21117E-02  -1.41227E-03   1.97165E-03   1.03422E-02   7.74584E-03  -2.64794E-03  -4.60545E-03  -6.54687E-03  -3.41570E-03   4.00338E-03   4.92037E-03   3.05087E-03  -5.17472E-04  -5.97694E-03  -3.26417E-03   6.60286E-04   1.81233E-03   2.34628E-03   1.56315E-03  -1.65915E-03  -1.96674E-03  -1.15514E-03  -2.75788E-04   1.51051E-03   1.58597E-03   3.71194E-04  -5.72502E-04  -1.14928E-03  -9.45261E-04  -4.95839E-05   9.72125E-04   8.01194E-04  -1.07241E-04  -2.56211E-04
 1.39700E+02  -1.25551E-02  -2.90517E-02  -1.36868E-02   1.32399E-02   1.50695E-02   8.85672E-03   3.99668E-03  -1.38263E-02  -1.21895E-02  -1.26492E-03   2.16605E-03   1.02813E-02   7.72010E-03  -2.83239E-03  -4.82392E-03  -6.36867E-03  -3.28786E-03   4.11129E-03   5.05939E-03   2.81084E-03  -8.03374E-04  -5.91968E-03  -3.22771E-03   8.50804E-04   1.95548E-03   2.20483E-03   1.45639E-03  -1.75455E-03  -2.05103E-03  -9.81120E-04  -1.62811E-04   1.50960E-03   1.61991E-03   2.16098E-04  -6.70002E-04  -1.06773E-03  -9.53744E-04   4.98213E-05   1.04727E-03   6.76896E-04  -1.30697E-04  -2.37600E-04
 1.40700E+02  -1.23711E-02  -2.92243E-02  -1.38823E-02   1.32201E-02   1.51542E-02   8.88221E-03   3.94090E-03  -1.38687E-02  -1.22763E-02  -1.10416E-03   2.36531E-03   1.02258E-02   7.69459E-03  -3.02883E-03  -5.04197E-03  -6.18575E-03  -3.15708E-03   4.22394E-03   5.19147E-03   2.56285E-03  -1.08805E-03  -5.85624E-03  -3.18175E-03   1.04428E-03   2.08971E-03   2.05601E-03   1.34405E-03  -1.84782E-03  -2.12141E-03  -8.00387E-04  -5.14152E-05   1.50342E-03   1.63961E-03   5.65726E-05  -7.58096E-04  -9.79568E-04  -9.52303E-04   1.51442E-04   1.10831E-03   5.46146E-04  -1.51719E-04  -2.17302E-04
 1.41800E+02  -1.21938E-02  -2.94214E-02  -1.40992E-02   1.32293E-02   1.52678E-02   8.90176E-03   3.87279E-03  -1.39361E-02  -1.23801E-02  -9.10917E-04   2.59126E-03   1.01699E-02   7.66449E-03  -3.25896E-03  -5.28127E-03  -5.97803E-03  -3.00800E-03   4.35288E-03   5.32763E-03   2.28054E-03  -1.40086E-03  -5.77852E-03  -3.11865E-03   1.25994E-03   2.22666E-03   1.88408E-03   1.21296E-03  -1.94731E-03  -2.18182E-03  -5.94920E-04   6.95988E-05   1.49057E-03   1.64385E-03  -1.22606E-04  -8.43771E-04  -8.75891E-04  -9.38578E-04   2.64689E-04   1.15843E-03   3.96429E-04  -1.71940E-04  -1.93298E-04
 1.42800E+02  -1.20554E-02  -2.96063E-02  -1.42960E-02   1.32655E-02   1.53888E-02   8.91081E-03   3.80294E-03  -1.40154E-02  -1.24803E-02  -7.19645E-04   2.80373E-03   1.01226E-02   7.63316E-03  -3.48090E-03  -5.49810E-03  -5.78238E-03  -2.86613E-03   4.47405E-03   5.44206E-03   2.01508E-03  -1.68573E-03  -5.69972E-03  -3.04856E-03   1.45775E-03   2.34098E-03   1.72064E-03   1.08608E-03  -2.03416E-03  -2.22045E-03  -4.03238E-04   1.78451E-04   1.47329E-03   1.63103E-03  -2.87374E-04  -9.11138E-04  -7.76421E-04  -9.14527E-04   3.67826E-04   1.18791E-03   2.56505E-04  -1.87606E-04  -1.70203E-04
 1.43800E+02  -1.19387E-02  -2.97960E-02  -1.44906E-02   1.33278E-02   1.55256E-02   8.91064E-03   3.72390E-03  -1.41109E-02  -1.25843E-02  -5.13048E-04   3.02369E-03   1.00773E-02   7.59613E-03  -3.71465E-03  -5.71395E-03  -5.57937E-03  -2.71681E-03   4.59817E-03   5.54652E-03   1.74126E-03  -1.97166E-03  -5.61208E-03  -2.96515E-03   1.65617E-03   2.44517E-03   1.55077E-03   9.51168E-04  -2.11659E-03  -2.24284E-03  -2.08161E-04   2.86338E-04   1.45048E-03   1.60168E-03  -4.52323E-04  -9.68218E-04  -6.72851E-04  -8.79049E-04   4.69909E-04   1.20163E-03   1.14534E-04  -2.00623E-04  -1.46145E-04
 1.44900E+02  -1.18352E-02  -3.00090E-02  -1.47002E-02   1.34256E-02   1.56935E-02   8.89882E-03   3.62455E-03  -1.42331E-02  -1.27011E-02  -2.67735E-04   3.27502E-03   1.00283E-02   7.54666E-03  -3.98484E-03  -5.94978E-03  -5.34662E-03  -2.54248E-03   4.73690E-03   5.64867E-03   1.43063E-03  -2.28780E-03  -5.50408E-03  -2.85685E-03   1.87365E-03   2.54756E-03   1.35699E-03   7.92869E-04  -2.20081E-03  -2.24802E-03   8.69606E-06   4.03962E-04   1.41871E-03   1.54975E-03  -6.31907E-04  -1.01887E-03  -5.55235E-04  -8.26530E-04   5.79408E-04   1.19815E-03  -4.20273E-05  -2.11828E-04  -1.18864E-04
 1.45900E+02  -1.17637E-02  -3.02059E-02  -1.48849E-02   1.35404E-02   1.58609E-02   8.87664E-03   3.52149E-03  -1.43585E-02  -1.28077E-02  -2.81398E-05   3.51253E-03   9.98315E-03   7.49190E-03  -4.24158E-03  -6.16217E-03  -5.12562E-03  -2.37370E-03   4.86374E-03   5.72885E-03   1.14002E-03  -2.57679E-03  -5.39394E-03  -2.74247E-03   2.06904E-03   2.62903E-03   1.17505E-03   6.39633E-04  -2.27009E-03  -2.23457E-03   2.06254E-04   5.09892E-04   1.38340E-03   1.48441E-03  -7.91428E-04  -1.05372E-03  -4.45953E-04  -7.66433E-04   6.74868E-04   1.17797E-03  -1.82812E-04  -2.19156E-04  -9.35995E-05
 1.47000E+02  -1.17099E-02  -3.04250E-02  -1.50799E-02   1.36941E-02   1.60601E-02   8.83876E-03   3.39259E-03  -1.45104E-02  -1.29235E-02   2.53671E-04   3.78409E-03   9.93098E-03   7.41899E-03  -4.53510E-03  -6.39286E-03  -4.87131E-03  -2.17564E-03   5.00240E-03   5.80188E-03   8.11913E-04  -2.89626E-03  -5.25796E-03  -2.59844E-03   2.27937E-03   2.70537E-03   9.69241E-04   4.60724E-04  -2.33653E-03  -2.19946E-03   4.22000E-04   6.25127E-04   1.33704E-03   1.39259E-03  -9.60313E-04  -1.07963E-03  -3.24322E-04  -6.86893E-04   7.73523E-04   1.13716E-03  -3.33719E-04  -2.24069E-04  -6.56260E-05
 1.48000E+02  -1.16832E-02  -3.06253E-02  -1.52480E-02   1.38576E-02   1.62538E-02   8.79132E-03   3.26017E-03  -1.46597E-02  -1.30258E-02   5.26335E-04   4.04047E-03   9.87974E-03   7.33964E-03  -4.81091E-03  -6.59912E-03  -4.62922E-03  -1.98361E-03   5.12608E-03   5.85347E-03   5.06621E-04  -3.18766E-03  -5.11932E-03  -2.45060E-03   2.46445E-03   2.76225E-03   7.77646E-04   2.88876E-04  -2.38639E-03  -2.14900E-03   6.14824E-04   7.28427E-04   1.28763E-03   1.29131E-03  -1.10559E-03  -1.09191E-03  -2.13515E-04  -6.02758E-04   8.55743E-04   1.08349E-03  -4.65272E-04  -2.25698E-04  -4.03214E-05
 1.49100E+02  -1.16782E-02  -3.08459E-02  -1.54215E-02   1.40624E-02   1.64797E-02   8.72406E-03   3.09664E-03  -1.48341E-02  -1.31331E-02   8.44106E-04   4.33291E-03   9.81741E-03   7.23648E-03  -5.12269E-03  -6.82124E-03  -4.35021E-03  -1.75871E-03   5.25760E-03   5.89291E-03   1.63986E-04  -3.50840E-03  -4.94856E-03  -2.26938E-03   2.65896E-03   2.81060E-03   5.62763E-04   9.03051E-05  -2.42774E-03  -2.07332E-03   8.21087E-04   8.39975E-04   1.22481E-03   1.16106E-03  -1.25368E-03  -1.09314E-03  -9.25898E-05  -4.97944E-04   9.36043E-04   1.00695E-03  -6.01457E-04  -2.24435E-04  -1.29572E-05
 1.50200E+02  -1.16982E-02  -3.10655E-02  -1.55815E-02   1.42918E-02   1.67176E-02   8.64023E-03   2.91352E-03  -1.50173E-02  -1.32333E-02   1.18015E-03   4.63596E-03   9.74696E-03   7.11532E-03  -5.44161E-03  -7.03720E-03  -4.05724E-03  -1.51930E-03   5.38231E-03   5.91323E-03  -1.84724E-04  -3.82806E-03  -4.75690E-03  -2.06904E-03   2.84145E-03   2.84365E-03   3.44472E-04  -1.17259E-04  -2.45293E-03  -1.97704E-03   1.01890E-03   9.48676E-04   1.15266E-03   1.01229E-03  -1.38682E-03  -1.08181E-03   2.60602E-05  -3.81401E-04   1.00374E-03   9.13185E-04  -7.26328E-04  -2.20080E-04   1.35710E-05
 1.51200E+02  -1.17378E-02  -3.12633E-02  -1.57141E-02   1.45204E-02   1.69432E-02   8.54905E-03   2.72947E-03  -1.51896E-02  -1.33167E-02   1.50103E-03   4.92023E-03   9.67431E-03   6.98858E-03  -5.73621E-03  -7.22707E-03  -3.77831E-03  -1.28914E-03   5.48796E-03   5.91434E-03  -5.05993E-04  -4.11626E-03  -4.56311E-03  -1.87102E-03   2.99477E-03   2.86011E-03   1.43903E-04  -3.12558E-04  -2.46017E-03  -1.87240E-03   1.18942E-03   1.04431E-03   1.07859E-03   8.62418E-04  -1.49261E-03  -1.06097E-03   1.30875E-04  -2.66540E-04   1.05273E-03   8.14271E-04  -8.28061E-04  -2.13567E-04   3.66754E-05
 1.52300E+02  -1.18043E-02  -3.14777E-02  -1.58448E-02   1.47926E-02   1.72004E-02   8.43169E-03   2.50728E-03  -1.53834E-02  -1.33983E-02   1.87035E-03   5.24183E-03   9.58328E-03   6.83006E-03  -6.06369E-03  -7.42750E-03  -3.45723E-03  -1.02265E-03   5.59376E-03   5.89577E-03  -8.62891E-04  -4.42870E-03  -4.32706E-03  -1.63685E-03   3.14732E-03   2.86302E-03  -7.81005E-05  -5.32973E-04  -2.44920E-03  -1.73959E-03   1.36466E-03   1.14508E-03   9.87502E-04   6.83451E-04  -1.58995E-03  -1.02698E-03   2.41687E-04  -1.32097E-04   1.09120E-03   6.92166E-04  -9.25009E-04  -2.03776E-04   6.06803E-05
 1.53400E+02  -1.18943E-02  -3.16877E-02  -1.59585E-02   1.50849E-02   1.74656E-02   8.29591E-03   2.26420E-03  -1.55797E-02  -1.34678E-02   2.25609E-03   5.57181E-03   9.47901E-03   6.65085E-03  -6.39294E-03  -7.61760E-03  -3.12096E-03  -7.42922E-04   5.68672E-03   5.85581E-03  -1.22216E-03  -4.73398E-03  -4.06584E-03  -1.38711E-03   3.28078E-03   2.84980E-03  -3.00524E-04  -7.57129E-04  -2.41691E-03  -1.58973E-03   1.52498E-03   1.24009E-03   8.86146E-04   4.92185E-04  -1.66523E-03  -9.82123E-04   3.46701E-04   8.73360E-06   1.11208E-03   5.58274E-04  -1.00445E-03  -1.91461E-04   8.29243E-05
 1.54500E+02  -1.20070E-02  -3.18923E-02  -1.60545E-02   1.53959E-02   1.77374E-02   8.14125E-03   2.00023E-03  -1.57765E-02  -1.35237E-02   2.65746E-03   5.90895E-03   9.35998E-03   6.45047E-03  -6.72211E-03  -7.79572E-03  -2.76938E-03  -4.51002E-04   5.76498E-03   5.79392E-03  -1.58242E-03  -5.02932E-03  -3.77856E-03  -1.12375E-03   3.39312E-03   2.82031E-03  -5.22291E-04  -9.82531E-04  -2.36201E-03  -1.42464E-03   1.66851E-03   1.32807E-03   7.74485E-04   2.91541E-04  -1.71664E-03  -9.27231E-04   4.44882E-04   1.53515E-04   1.11418E-03   4.15105E-04  -1.06482E-03  -1.76891E-04   1.03149E-04
 1.55700E+02  -1.21551E-02  -3.21081E-02  -1.61379E-02   1.57548E-02   1.80396E-02   7.95054E-03   1.68860E-03  -1.59894E-02  -1.35674E-02   3.11209E-03   6.28329E-03   9.21176E-03   6.20736E-03  -7.07897E-03  -7.97435E-03  -2.36848E-03  -1.20148E-04   5.83167E-03   5.70086E-03  -1.97490E-03  -5.33663E-03  -3.43487E-03  -8.23601E-04   3.48955E-03   2.76947E-03  -7.62188E-04  -1.22659E-03  -2.27533E-03  -1.22960E-03   1.80408E-03   1.41439E-03   6.41113E-04   6.57530E-05  -1.74390E-03  -8.57027E-04   5.43133E-04   3.12829E-04   1.09412E-03   2.51581E-04  -1.10753E-03  -1.58779E-04   1.22654E-04
 1.56800E+02  -1.23129E-02  -3.22981E-02  -1.61942E-02   1.61000E-02   1.83201E-02   7.75533E-03   1.38159E-03  -1.61812E-02  -1.35900E-02   3.54317E-03   6.63079E-03   9.05787E-03   5.96186E-03  -7.40214E-03  -8.12177E-03  -1.98542E-03   1.92895E-04   5.87415E-03   5.59176E-03  -2.33261E-03  -5.60120E-03  -3.09201E-03  -5.39378E-04   3.55253E-03   2.70573E-03  -9.79040E-04  -1.44542E-03  -2.17082E-03  -1.03954E-03   1.90775E-03   1.48313E-03   5.08679E-04  -1.43828E-04  -1.74155E-03  -7.84329E-04   6.24256E-04   4.57074E-04   1.05484E-03   9.81215E-05  -1.12465E-03  -1.40490E-04   1.38005E-04
 1.57900E+02  -1.24910E-02  -3.24798E-02  -1.62305E-02   1.64595E-02   1.86026E-02   7.54046E-03   1.05457E-03  -1.63679E-02  -1.35945E-02   3.98688E-03   6.98075E-03   8.88583E-03   5.69468E-03  -7.71977E-03  -8.25168E-03  -1.58802E-03   5.13583E-04   5.89759E-03   5.45961E-03  -2.68683E-03  -5.84592E-03  -2.72303E-03  -2.49225E-04   3.59018E-03   2.62563E-03  -1.19181E-03  -1.65637E-03  -2.04239E-03  -8.41161E-04   1.99073E-03   1.54040E-03   3.67165E-04  -3.52208E-04  -1.71274E-03  -7.04781E-04   6.96196E-04   5.96593E-04   9.95675E-04  -5.56132E-05  -1.12042E-03  -1.20934E-04   1.50810E-04
 1.59100E+02  -1.27075E-02  -3.26677E-02  -1.62466E-02   1.68662E-02   1.89110E-02   7.28368E-03   6.75571E-04  -1.65639E-02  -1.35772E-02   4.48393E-03   7.36333E-03   8.67671E-03   5.37855E-03  -8.05797E-03  -8.37128E-03  -1.13910E-03   8.70097E-04   5.90037E-03   5.28890E-03  -3.06746E-03  -6.08625E-03  -2.29190E-03   7.08118E-05   3.60170E-03   2.51967E-03  -1.41791E-03  -1.87384E-03  -1.87563E-03  -6.18124E-04   2.05702E-03   1.58807E-03   2.03491E-04  -5.73902E-04  -1.65144E-03  -6.11512E-04   7.63663E-04   7.39971E-04   9.09123E-04  -2.20041E-04  -1.09170E-03  -9.85588E-05   1.61791E-04
 1.60200E+02  -1.29252E-02  -3.28298E-02  -1.62393E-02   1.72508E-02   1.91923E-02   7.02796E-03   3.08364E-04  -1.67351E-02  -1.35396E-02   4.95008E-03   7.71288E-03   8.46495E-03   5.06635E-03  -8.35861E-03  -8.45868E-03  -7.14659E-04   1.20108E-03   5.88133E-03   5.10796E-03  -3.40935E-03  -6.27853E-03  -1.87215E-03   3.64384E-04   3.58499E-03   2.40567E-03  -1.61839E-03  -2.05824E-03  -1.69945E-03  -4.10252E-04   2.09530E-03   1.61672E-03   4.61929E-05  -7.68129E-04  -1.56876E-03  -5.21292E-04   8.15077E-04   8.60248E-04   8.10739E-04  -3.64532E-04  -1.04402E-03  -7.74597E-05   1.69093E-04
 1.61400E+02  -1.31829E-02  -3.29949E-02  -1.62066E-02   1.76816E-02   1.94958E-02   6.72719E-03  -1.13104E-04  -1.69109E-02  -1.34734E-02   5.46831E-03   8.09087E-03   8.21186E-03   4.70159E-03  -8.67439E-03  -8.52770E-03  -2.39156E-04   1.56454E-03   5.83652E-03   4.88383E-03  -3.77265E-03  -6.45385E-03  -1.39000E-03   6.81551E-04   3.53729E-03   2.26314E-03  -1.82821E-03  -2.23953E-03  -1.48366E-03  -1.82657E-04   2.11267E-03   1.62998E-03  -1.31595E-04  -9.66096E-04  -1.45134E-03  -4.19072E-04   8.59582E-04   9.76052E-04   6.84471E-04  -5.11915E-04  -9.70098E-04  -5.41999E-05   1.74071E-04
 1.62500E+02  -1.34367E-02  -3.31348E-02  -1.61536E-02   1.80850E-02   1.97696E-02   6.43199E-03  -5.17917E-04  -1.70606E-02  -1.33884E-02   5.95055E-03   8.43248E-03   7.95968E-03   4.34542E-03  -8.95093E-03  -8.56513E-03   2.06395E-04   1.89798E-03   5.77321E-03   4.65394E-03  -4.09493E-03  -6.57980E-03  -9.28605E-04   9.66621E-04   3.46717E-03   2.11616E-03  -2.01103E-03  -2.38458E-03  -1.26638E-03   2.42524E-05   2.10669E-03   1.62446E-03  -2.98424E-04  -1.13143E-03  -1.32080E-03  -3.23057E-04   8.89718E-04   1.06547E-03   5.53471E-04  -6.34808E-04  -8.83979E-04  -3.29931E-05   1.75967E-04
 1.63700E+02  -1.37318E-02  -3.32744E-02  -1.60700E-02   1.85327E-02   2.00616E-02   6.08943E-03  -9.78884E-04  -1.72098E-02  -1.32681E-02   6.48233E-03   8.79789E-03   7.66290E-03   3.93359E-03  -9.23653E-03  -8.57609E-03   7.00722E-04   2.25997E-03   5.67993E-03   4.37673E-03  -4.43258E-03  -6.67616E-03  -4.07827E-04   1.26845E-03   3.36300E-03   1.93847E-03  -2.19850E-03  -2.51683E-03  -1.01103E-03   2.45493E-04   2.07710E-03   1.59809E-03  -4.82314E-04  -1.29082E-03  -1.15627E-03  -2.17044E-04   9.11056E-04   1.14222E-03   3.96756E-04  -7.52755E-04  -7.72397E-04  -1.03342E-05   1.75253E-04
 1.64900E+02  -1.40449E-02  -3.33998E-02  -1.59594E-02   1.89863E-02   2.03453E-02   5.72636E-03  -1.45917E-03  -1.73430E-02  -1.31180E-02   7.01771E-03   9.15385E-03   7.34405E-03   3.49812E-03  -9.50327E-03  -8.55438E-03   1.20101E-03   2.61806E-03   5.56161E-03   4.07241E-03  -4.75330E-03  -6.72692E-03   1.26716E-04   1.55788E-03   3.23145E-03   1.74333E-03  -2.37176E-03  -2.61942E-03  -7.40065E-04   4.59574E-04   2.02460E-03   1.54968E-03  -6.65513E-04  -1.42534E-03  -9.72137E-04  -1.10936E-04   9.20577E-04   1.19511E-03   2.29022E-04  -8.51418E-04  -6.45335E-04   1.14979E-05   1.71810E-04
 1.66100E+02  -1.43752E-02  -3.35106E-02  -1.58215E-02   1.94436E-02   2.06192E-02   5.34383E-03  -1.95782E-03  -1.74585E-02  -1.29374E-02   7.55407E-03   9.49860E-03   7.00390E-03   3.03987E-03  -9.74897E-03  -8.49888E-03   1.70427E-03   2.97028E-03   5.41872E-03   3.74170E-03  -5.05453E-03  -6.72992E-03   6.70019E-04   1.83233E-03   3.07439E-03   1.53159E-03  -2.52900E-03  -2.69029E-03  -4.57488E-04   6.64212E-04   1.95067E-03   1.47884E-03  -8.45085E-04  -1.53253E-03  -7.72394E-04  -5.91186E-06   9.18618E-04   1.22252E-03   5.40885E-05  -9.28807E-04  -5.06139E-04   3.22045E-05   1.65853E-04
 1.67300E+02  -1.47216E-02  -3.36060E-02  -1.56565E-02   1.99024E-02   2.08823E-02   4.94301E-03  -2.47381E-03  -1.75547E-02  -1.27259E-02   8.08872E-03   9.83059E-03   6.64334E-03   2.55989E-03  -9.97145E-03  -8.40883E-03   2.20732E-03   3.31481E-03   5.25182E-03   3.38560E-03  -5.33368E-03  -6.68374E-03   1.21675E-03   2.08954E-03   2.89389E-03   1.30433E-03  -2.66841E-03  -2.72804E-03  -1.67562E-04   8.57415E-04   1.85696E-03   1.38562E-03  -1.01796E-03  -1.61064E-03  -5.61338E-04   9.69457E-05   9.05601E-04   1.22348E-03  -1.23987E-04  -9.83524E-04  -3.58397E-04   5.15315E-05   1.57623E-04
 1.68500E+02  -1.50832E-02  -3.36858E-02  -1.54647E-02   2.03607E-02   2.11334E-02   4.52509E-03  -3.00600E-03  -1.76304E-02  -1.24834E-02   8.61891E-03   1.01484E-02   6.26336E-03   2.05946E-03  -1.01685E-02  -8.28395E-03   2.70690E-03   3.64996E-03   5.06160E-03   3.00546E-03  -5.58813E-03  -6.58774E-03   1.76140E-03   2.32764E-03   2.69221E-03   1.06287E-03  -2.78819E-03  -2.73193E-03   1.25290E-04   1.03749E-03   1.74526E-03   1.27054E-03  -1.18103E-03  -1.65864E-03  -3.43428E-04   1.96644E-04   8.82021E-04   1.19770E-03  -3.01031E-04  -1.01479E-03  -2.05831E-04   6.92703E-05   1.47380E-04
 1.69700E+02  -1.54592E-02  -3.37492E-02  -1.52465E-02   2.08164E-02   2.13721E-02   4.09124E-03  -3.55316E-03  -1.76840E-02  -1.22102E-02   9.14189E-03   1.04510E-02   5.86501E-03   1.54010E-03  -1.03382E-02  -8.12441E-03   3.19971E-03   3.97418E-03   4.84884E-03   2.60293E-03  -5.81532E-03  -6.44207E-03   2.29839E-03   2.54510E-03   2.47168E-03   8.08761E-04  -2.88660E-03  -2.70191E-03   4.16613E-04   1.20304E-03   1.61745E-03   1.13462E-03  -1.33119E-03  -1.67623E-03  -1.23164E-04   2.92278E-04   8.48420E-04   1.14560E-03  -4.72877E-04  -1.02246E-03  -5.21865E-05   8.52569E-05   1.35392E-04
 1.70900E+02  -1.58486E-02  -3.37959E-02  -1.50028E-02   2.12674E-02   2.15976E-02   3.64258E-03  -4.11394E-03  -1.77141E-02  -1.19069E-02   9.65502E-03   1.07373E-02   5.44930E-03   1.00359E-03  -1.04782E-02  -7.93081E-03   3.68251E-03   4.28604E-03   4.61433E-03   2.18004E-03  -6.01280E-03  -6.24769E-03   2.82226E-03   2.74072E-03   2.23465E-03   5.43855E-04  -2.96199E-03  -2.63860E-03   7.02038E-04   1.35295E-03   1.47542E-03   9.79380E-04  -1.46551E-03  -1.66379E-03   9.50445E-05   3.83021E-04   8.05379E-04   1.06824E-03  -6.35483E-04  -1.00698E-03   9.88791E-05   9.93698E-05   1.21933E-04
 1.72200E+02  -1.62845E-02  -3.38269E-02  -1.47111E-02   2.17486E-02   2.18267E-02   3.14102E-03  -4.73510E-03  -1.77187E-02  -1.15455E-02   1.01969E-02   1.10280E-02   4.98054E-03   4.05378E-04  -1.05944E-02  -7.68385E-03   4.19070E-03   4.60839E-03   4.33668E-03   1.70168E-03  -6.19055E-03  -5.98410E-03   3.36894E-03   2.92698E-03   1.96194E-03   2.47114E-04  -3.01599E-03  -2.53391E-03   9.99758E-04   1.49669E-03   1.30772E-03   7.91685E-04  -1.58993E-03  -1.61769E-03   3.24242E-04   4.74927E-04   7.48807E-04   9.57942E-04  -7.96809E-04  -9.65282E-04   2.55599E-04   1.12450E-04   1.06003E-04
 1.73400E+02  -1.66988E-02  -3.38370E-02  -1.44176E-02   2.21843E-02   2.20240E-02   2.66466E-03  -5.31934E-03  -1.76959E-02  -1.11831E-02   1.06817E-02   1.12777E-02   4.53183E-03  -1.60070E-04  -1.06671E-02  -7.42302E-03   4.64303E-03   4.89026E-03   4.05950E-03   1.24433E-03  -6.31903E-03  -5.69439E-03   3.84908E-03   3.07456E-03   1.69793E-03  -3.32956E-05  -3.03893E-03  -2.40590E-03   1.25983E-03   1.61146E-03   1.14213E-03   6.02996E-04  -1.68270E-03  -1.54683E-03   5.25004E-04   5.53112E-04   6.88083E-04   8.34163E-04  -9.28348E-04  -9.05453E-04   3.90447E-04   1.22435E-04   9.03288E-05
 1.74700E+02  -1.71594E-02  -3.38274E-02  -1.40749E-02   2.26453E-02   2.22220E-02   2.13499E-03  -5.96197E-03  -1.76406E-02  -1.07609E-02   1.11879E-02   1.15272E-02   4.02941E-03  -7.83996E-04  -1.07064E-02  -7.10694E-03   5.11181E-03   5.17718E-03   3.73760E-03   7.35321E-04  -6.41754E-03  -5.33384E-03   4.33749E-03   3.20760E-03   1.40119E-03  -3.41043E-04  -3.03339E-03  -2.23603E-03   1.52147E-03   1.71585E-03   9.53179E-04   3.85205E-04  -1.75678E-03  -1.44205E-03   7.26642E-04   6.29835E-04   6.13868E-04   6.79660E-04  -1.04846E-03  -8.19930E-04   5.22536E-04   1.30972E-04   7.25926E-05
 1.75900E+02  -1.75942E-02  -3.37991E-02  -1.37372E-02   2.30596E-02   2.23903E-02   1.63409E-03  -6.56212E-03  -1.75603E-02  -1.03457E-02   1.16356E-02   1.17375E-02   3.55140E-03  -1.36751E-03  -1.07051E-02  -6.78636E-03   5.52251E-03   5.42370E-03   3.42140E-03   2.56451E-04  -6.46941E-03  -4.96162E-03   4.75487E-03   3.30538E-03   1.11954E-03  -6.25819E-04  -2.99948E-03  -2.05341E-03   1.74119E-03   1.79348E-03   7.71767E-04   1.75162E-04  -1.79900E-03  -1.32233E-03   8.94921E-04   6.92642E-04   5.38309E-04   5.21715E-04  -1.13601E-03  -7.24448E-04   6.28976E-04   1.36757E-04   5.57690E-05
 1.77200E+02  -1.80745E-02  -3.37469E-02  -1.33501E-02   2.34951E-02   2.25566E-02   1.07899E-03  -7.21750E-03  -1.74407E-02  -9.87054E-03   1.20979E-02   1.19428E-02   3.01899E-03  -2.00444E-03  -1.06618E-02  -6.41043E-03   5.94131E-03   5.66945E-03   3.05926E-03  -2.67990E-04  -6.48207E-03  -4.52024E-03   5.16690E-03   3.38413E-03   8.08335E-04  -9.31604E-04  -2.93109E-03  -1.83128E-03   1.95261E-03   1.85710E-03   5.69601E-04  -5.81257E-05  -1.81501E-03  -1.17130E-03   1.05493E-03   7.51323E-04   4.49658E-04   3.38302E-04  -1.20337E-03  -6.06311E-04   7.25213E-04   1.40794E-04   3.73077E-05
 1.78500E+02  -1.85631E-02  -3.36719E-02  -1.29425E-02   2.39161E-02   2.27062E-02   5.11277E-04  -7.87577E-03  -1.72864E-02  -9.37113E-03   1.25351E-02   1.21238E-02   2.47224E-03  -2.64265E-03  -1.05741E-02  -6.00755E-03   6.33100E-03   5.89151E-03   2.67791E-03  -7.93874E-04  -6.44867E-03  -4.04426E-03   5.53387E-03   3.43461E-03   4.93053E-04  -1.23081E-03  -2.82976E-03  -1.58800E-03   2.13392E-03   1.89930E-03   3.63507E-04  -2.93000E-04  -1.79929E-03  -1.00215E-03   1.18939E-03   7.99599E-04   3.54872E-04   1.46850E-04  -1.24057E-03  -4.76495E-04   7.99858E-04   1.42567E-04   1.88438E-05
 1.79800E+02  -1.90584E-02  -3.35739E-02  -1.25162E-02   2.43221E-02   2.28385E-02  -6.88068E-05  -8.53428E-03  -1.70971E-02  -8.84981E-03   1.29461E-02   1.22797E-02   1.91197E-03  -3.27824E-03  -1.04417E-02  -5.58064E-03   6.69002E-03   6.08826E-03   2.27862E-03  -1.31654E-03  -6.36900E-03  -3.53905E-03   5.85318E-03   3.45692E-03   1.75892E-04  -1.51954E-03  -2.69599E-03  -1.32797E-03   2.28328E-03   1.92008E-03   1.55397E-04  -5.24861E-04  -1.75169E-03  -8.19190E-04   1.29659E-03   8.36829E-04   2.54969E-04  -4.76113E-05  -1.24685E-03  -3.38850E-04   8.51765E-04   1.42152E-04   6.05950E-07
 1.81100E+02  -1.95589E-02  -3.34525E-02  -1.20726E-02   2.47127E-02   2.29530E-02  -6.61082E-04  -9.19033E-03  -1.68725E-02  -8.30878E-03   1.33303E-02   1.24093E-02   1.33906E-03  -3.90730E-03  -1.02647E-02  -5.13260E-03   7.01722E-03   6.25806E-03   1.86285E-03  -1.83131E-03  -6.24340E-03  -3.01001E-03   6.12296E-03   3.45119E-03  -1.41025E-04  -1.79389E-03  -2.53080E-03  -1.05563E-03   2.39955E-03   1.91950E-03  -5.28632E-05  -7.49118E-04  -1.67279E-03  -6.26820E-04   1.37553E-03   8.62421E-04   1.51047E-04  -2.40038E-04  -1.22230E-03  -1.97261E-04   8.80454E-04   1.39635E-04  -1.71959E-05
 1.82400E+02  -2.00632E-02  -3.33078E-02  -1.16131E-02   2.50881E-02   2.30489E-02  -1.26536E-03  -9.84122E-03  -1.66127E-02  -7.75009E-03   1.36871E-02   1.25114E-02   7.54456E-04  -4.52592E-03  -1.00435E-02  -4.66626E-03   7.31179E-03   6.39926E-03   1.43221E-03  -2.33359E-03  -6.07277E-03  -2.46250E-03   6.34205E-03   3.41761E-03  -4.55605E-04  -2.05007E-03  -2.33575E-03  -7.75395E-04   2.48220E-03   1.89769E-03  -2.59424E-04  -9.61302E-04  -1.56387E-03  -4.29369E-04   1.42593E-03   8.75849E-04   4.42914E-05  -4.25512E-04  -1.16780E-03  -5.55423E-05   8.86085E-04   1.35109E-04  -3.43670E-05
 1.83700E+02  -2.05697E-02  -3.31397E-02  -1.11388E-02   2.54481E-02   2.31253E-02  -1.88139E-03  -1.04843E-02  -1.63180E-02  -7.17564E-03   1.40162E-02   1.25848E-02   1.59251E-04  -5.13031E-03  -9.77904E-03  -4.18429E-03   7.57318E-03   6.51021E-03   9.88552E-04  -2.81890E-03  -5.85858E-03  -1.90171E-03   6.50989E-03   3.35639E-03  -7.65748E-04  -2.28447E-03  -2.11290E-03  -4.91510E-04   2.53133E-03   1.85484E-03  -4.62427E-04  -1.15718E-03  -1.42686E-03  -2.31015E-04   1.44813E-03   8.76669E-04  -6.40118E-05  -5.99368E-04  -1.08503E-03   8.26601E-05   8.69416E-04   1.28676E-04  -5.07249E-05
 1.85000E+02  -2.10768E-02  -3.29483E-02  -1.06506E-02   2.57930E-02   2.31811E-02  -2.50878E-03  -1.11169E-02  -1.59889E-02  -6.58710E-03   1.43175E-02   1.26283E-02  -4.45263E-04  -5.71682E-03  -9.47267E-03  -3.68922E-03   7.80109E-03   6.58936E-03   5.33955E-04  -3.28302E-03  -5.60279E-03  -1.33263E-03   6.62646E-03   3.26783E-03  -1.06931E-03  -2.49371E-03  -1.86484E-03  -2.08030E-04   2.54754E-03   1.79124E-03  -6.59979E-04  -1.33283E-03  -1.26433E-03  -3.56901E-05   1.44308E-03   8.64549E-04  -1.72476E-04  -7.57312E-04  -9.76372E-04   2.13957E-04   8.31756E-04   1.20445E-04  -6.60963E-05
 1.86300E+02  -2.15831E-02  -3.27340E-02  -1.01492E-02   2.61229E-02   2.32149E-02  -3.14694E-03  -1.17366E-02  -1.56264E-02  -5.98599E-03   1.45910E-02   1.26403E-02  -1.05757E-03  -6.28197E-03  -9.12609E-03  -3.18341E-03   7.99537E-03   6.63524E-03   7.07756E-05  -3.72198E-03  -5.30783E-03  -7.59981E-04   6.69220E-03   3.15231E-03  -1.36408E-03  -2.67478E-03  -1.59461E-03   7.12649E-05   2.53192E-03   1.70731E-03  -8.50140E-04  -1.48480E-03  -1.07941E-03   1.52987E-04   1.41220E-03   8.39289E-04  -2.79616E-04  -8.95524E-04  -8.44860E-04   3.35287E-04   7.74897E-04   1.10531E-04  -8.03149E-05
 1.87700E+02  -2.21257E-02  -3.24781E-02  -9.59505E-03   2.64615E-02   2.32254E-02  -3.84533E-03  -1.23868E-02  -1.51999E-02  -5.32614E-03   1.48542E-02   1.26167E-02  -1.72367E-03  -6.86304E-03  -8.71019E-03  -2.62923E-03   8.16695E-03   6.64598E-03  -4.34629E-04  -4.16245E-03  -4.94966E-03  -1.44390E-04   6.70711E-03   2.99836E-03  -1.66906E-03  -2.83528E-03  -1.28275E-03   3.63388E-04   2.48120E-03   1.59483E-03  -1.04438E-03  -1.61857E-03  -8.59383E-04   3.45024E-04   1.35224E-03   7.97355E-04  -3.91708E-04  -1.01858E-03  -6.81784E-04   4.51753E-04   6.94735E-04   9.81165E-05  -9.41538E-05
 1.89000E+02  -2.26257E-02  -3.22176E-02  -9.06775E-03   2.67603E-02   2.32097E-02  -4.50304E-03  -1.29723E-02  -1.47715E-02  -4.70311E-03   1.50695E-02   1.25597E-02  -2.34623E-03  -7.37387E-03  -8.28687E-03  -2.10808E-03   8.29137E-03   6.61895E-03  -9.07002E-04  -4.53810E-03  -4.58288E-03   4.21774E-04   6.67026E-03   2.82872E-03  -1.93814E-03  -2.95002E-03  -9.77893E-04   6.23287E-04   2.40457E-03   1.47067E-03  -1.21278E-03  -1.71251E-03  -6.40000E-04   5.09986E-04   1.27418E-03   7.44917E-04  -4.90988E-04  -1.10615E-03  -5.14744E-04   5.44366E-04   6.05451E-04   8.51239E-05  -1.05471E-04
 1.90400E+02  -2.31584E-02  -3.19132E-02  -8.48653E-03   2.70652E-02   2.31638E-02  -5.21975E-03  -1.35808E-02  -1.42772E-02  -4.02240E-03   1.52699E-02   1.24591E-02  -3.01838E-03  -7.88998E-03  -7.79404E-03  -1.54209E-03   8.38784E-03   6.54913E-03  -1.41537E-03  -4.90348E-03  -4.15523E-03   1.02106E-03   6.57761E-03   2.61842E-03  -2.20987E-03  -3.03479E-03  -6.37949E-04   8.87714E-04   2.29270E-03   1.31690E-03  -1.37882E-03  -1.77909E-03  -3.92631E-04   6.70477E-04   1.16901E-03   6.74372E-04  -5.90742E-04  -1.16952E-03  -3.23195E-04   6.25365E-04   4.96627E-04   6.97355E-05  -1.15831E-04
 1.91800E+02  -2.36838E-02  -3.15850E-02  -7.89176E-03   2.73522E-02   2.30866E-02  -5.94329E-03  -1.41642E-02  -1.37506E-02  -3.33289E-03   1.54374E-02   1.23171E-02  -3.68922E-03  -8.36803E-03  -7.26628E-03  -9.73544E-04   8.44555E-03   6.43665E-03  -1.91941E-03  -5.22549E-03  -3.69831E-03   1.60511E-03   6.43199E-03   2.38100E-03  -2.45986E-03  -3.07816E-03  -2.91185E-04   1.13322E-03   2.15321E-03   1.14384E-03  -1.52650E-03  -1.80862E-03  -1.39306E-04   8.10889E-04   1.04531E-03   5.90030E-04  -6.81005E-04  -1.19952E-03  -1.25161E-04   6.85499E-04   3.78322E-04   5.31095E-05  -1.24126E-04
 1.93200E+02  -2.42005E-02  -3.12340E-02  -7.28378E-03   2.76208E-02   2.29769E-02  -6.67147E-03  -1.47205E-02  -1.31938E-02  -2.63595E-03   1.55716E-02   1.21331E-02  -4.35543E-03  -8.80559E-03  -6.70725E-03  -4.04782E-04   8.46465E-03   6.28156E-03  -2.41486E-03  -5.50191E-03  -3.21702E-03   2.16973E-03   6.23562E-03   2.11844E-03  -2.68506E-03  -3.07970E-03   5.69127E-05   1.35733E-03   1.98916E-03   9.53450E-04  -1.65332E-03  -1.80083E-03   1.14179E-04   9.29495E-04   9.06713E-04   4.93046E-04  -7.59709E-04  -1.19581E-03   7.35229E-05   7.23978E-04   2.54383E-04   3.54874E-05  -1.30194E-04
 1.94600E+02  -2.47073E-02  -3.08612E-02  -6.66299E-03   2.78704E-02   2.28338E-02  -7.40192E-03  -1.52480E-02  -1.26092E-02  -1.93297E-03   1.56723E-02   1.19069E-02  -5.01352E-03  -9.20070E-03  -6.12073E-03   1.61835E-04   8.44532E-03   6.08450E-03  -2.89746E-03  -5.73119E-03  -2.71638E-03   2.71097E-03   5.99090E-03   1.83314E-03  -2.88253E-03  -3.03981E-03   4.00870E-04   1.55802E-03   1.80374E-03   7.48070E-04  -1.75697E-03  -1.75638E-03   3.62093E-04   1.02518E-03   7.56874E-04   3.84927E-04  -8.24909E-04  -1.15910E-03   2.67107E-04   7.40695E-04   1.28643E-04   1.71377E-05  -1.33897E-04
 1.96000E+02  -2.52032E-02  -3.04677E-02  -6.02988E-03   2.81002E-02   2.26568E-02  -8.13212E-03  -1.57452E-02  -1.19988E-02  -1.22546E-03   1.57389E-02   1.16387E-02  -5.65994E-03  -9.55182E-03  -5.51054E-03   7.23913E-04   8.38781E-03   5.84663E-03  -3.36297E-03  -5.91238E-03  -2.20140E-03   3.22512E-03   5.70039E-03   1.52799E-03  -3.04954E-03  -2.95969E-03   7.35369E-04   1.73373E-03   1.60016E-03   5.30437E-04  -1.83535E-03  -1.67688E-03   5.98937E-04   1.09740E-03   5.99429E-04   2.67526E-04  -8.74847E-04  -1.09107E-03   4.50109E-04   7.36199E-04   4.79729E-06  -1.64376E-06  -1.35121E-04
 1.97400E+02  -2.56874E-02  -3.00548E-02  -5.38508E-03   2.83095E-02   2.24456E-02  -8.85953E-03  -1.62110E-02  -1.13652E-02  -5.15017E-04   1.57710E-02   1.13293E-02  -6.29118E-03  -9.85783E-03  -4.88051E-03   1.27901E-03   8.29245E-03   5.56970E-03  -3.80731E-03  -6.04512E-03  -1.67701E-03   3.70868E-03   5.36683E-03   1.20629E-03  -3.18366E-03  -2.84128E-03   1.05538E-03   1.88330E-03   1.38167E-03   3.03663E-04  -1.88668E-03  -1.56478E-03   8.19599E-04   1.14618E-03   4.37889E-04   1.43015E-04  -9.08021E-04  -9.94316E-04   6.17483E-04   7.11640E-04  -1.13700E-04  -2.05361E-05  -1.33789E-04
 1.98800E+02  -2.61589E-02  -2.96233E-02  -4.72936E-03   2.84975E-02   2.22005E-02  -9.58158E-03  -1.66444E-02  -1.07104E-02   1.96632E-04   1.57683E-02   1.09799E-02  -6.90384E-03  -1.01180E-02  -4.23438E-03   1.82461E-03   8.15971E-03   5.25597E-03  -4.22666E-03  -6.12958E-03  -1.14800E-03   4.15833E-03   4.99316E-03   8.71766E-04  -3.28285E-03  -2.68722E-03   1.35627E-03   2.00594E-03   1.15144E-03   7.11920E-05  -1.90961E-03  -1.42331E-03   1.01950E-03   1.17201E-03   2.75565E-04   1.38477E-05  -9.23256E-04  -8.72226E-04   7.64769E-04   6.68710E-04  -2.23733E-04  -3.91975E-05  -1.29863E-04
 2.00200E+02  -2.66173E-02  -2.91745E-02  -4.06362E-03   2.86635E-02   2.19217E-02  -1.02958E-02  -1.70445E-02  -1.00368E-02   9.07634E-04   1.57305E-02   1.05920E-02  -7.49469E-03  -1.03318E-02  -3.57584E-03   2.35815E-03   7.99019E-03   4.90815E-03  -4.61753E-03  -6.16644E-03  -6.18924E-04   4.57094E-03   4.58250E-03   5.28473E-04  -3.34554E-03  -2.50073E-03   1.63393E-03   2.10120E-03   9.12591E-04  -1.63262E-04  -1.90323E-03  -1.25636E-03   1.19470E-03   1.17581E-03   1.15515E-04  -1.17297E-04  -9.19762E-04  -7.28885E-04   8.88228E-04   6.09557E-04  -3.22602E-04  -5.72704E-05  -1.23353E-04
 2.01700E+02  -2.70932E-02  -2.86755E-02  -3.34037E-03   2.88159E-02   2.15864E-02  -1.10498E-02  -1.74356E-02  -9.29673E-03   1.66648E-03   1.56508E-02   1.01357E-02  -8.10016E-03  -1.05093E-02  -2.86052E-03   2.91345E-03   7.76870E-03   4.50121E-03  -5.00121E-03  -6.15432E-03  -5.68724E-05   4.96855E-03   4.10527E-03   1.55835E-04  -3.37107E-03  -2.26917E-03   1.90165E-03   2.17272E-03   6.50533E-04  -4.12223E-04  -1.86350E-03  -1.05421E-03   1.35140E-03   1.15689E-03  -5.03191E-05  -2.56780E-04  -8.94831E-04  -5.56967E-04   9.90758E-04   5.31037E-04  -4.13634E-04  -7.55661E-05  -1.13583E-04
 2.03100E+02  -2.75226E-02  -2.81939E-02  -2.65725E-03   2.89338E-02   2.12404E-02  -1.17406E-02  -1.77651E-02  -8.59101E-03   2.36981E-03   1.55399E-02   9.67428E-03  -8.63666E-03  -1.06270E-02  -2.18744E-03   3.41368E-03   7.52589E-03   4.09303E-03  -5.32376E-03  -6.09637E-03   4.58966E-04   5.29524E-03   3.62891E-03  -1.91703E-04  -3.35563E-03  -2.02775E-03   2.12069E-03   2.21109E-03   4.03288E-04  -6.38253E-04  -1.79596E-03  -8.48901E-04   1.46621E-03   1.11945E-03  -1.97269E-04  -3.82909E-04  -8.51915E-04  -3.84677E-04   1.05656E-03   4.46569E-04  -4.82913E-04  -9.12588E-05  -1.01983E-04
 2.04600E+02  -2.79663E-02  -2.76620E-02  -1.91808E-03   2.90336E-02   2.08353E-02  -1.24646E-02  -1.80796E-02  -7.82128E-03   3.11568E-03   1.53821E-02   9.14450E-03  -9.17808E-03  -1.07022E-02  -1.46427E-03   3.92729E-03   7.22863E-03   3.62954E-03  -5.62881E-03  -5.98631E-03   9.97977E-04   5.59477E-03   3.08987E-03  -5.58509E-04  -3.29732E-03  -1.74705E-03   2.31983E-03   2.22224E-03   1.38772E-04  -8.68999E-04  -1.69201E-03  -6.16917E-04   1.55383E-03   1.06024E-03  -3.43940E-04  -5.10321E-04  -7.85601E-04  -1.93420E-04   1.09383E-03   3.47513E-04  -5.39042E-04  -1.06180E-04  -8.71032E-05
 2.06100E+02  -2.83928E-02  -2.71147E-02  -1.17293E-03   2.91054E-02   2.03963E-02  -1.31698E-02  -1.83540E-02  -7.03991E-03   3.85103E-03   1.51846E-02   8.58116E-03  -9.68245E-03  -1.07251E-02  -7.42859E-04   4.41473E-03   6.89489E-03   3.14355E-03  -5.88997E-03  -5.82901E-03   1.51876E-03   5.83940E-03   2.52621E-03  -9.14182E-04  -3.19693E-03  -1.44892E-03   2.48047E-03   2.20310E-03  -1.22136E-04  -1.08328E-03  -1.55719E-03  -3.78599E-04   1.60412E-03   9.83618E-04  -4.77439E-04  -6.26367E-04  -6.99604E-04  -1.50737E-06   1.09662E-03   2.43211E-04  -5.75797E-04  -1.18747E-04  -6.99769E-05
 2.07600E+02  -2.88016E-02  -2.65532E-02  -4.23360E-04   2.91488E-02   1.99247E-02  -1.38541E-02  -1.85880E-02  -6.24933E-03   4.57329E-03   1.49481E-02   7.98749E-03  -1.01476E-02  -1.06968E-02  -2.69753E-05   4.87307E-03   6.52701E-03   2.63976E-03  -6.10587E-03  -5.62712E-03   2.01751E-03   6.02686E-03   1.94338E-03  -1.25343E-03  -3.05641E-03  -1.13886E-03   2.60166E-03   2.15465E-03  -3.76301E-04  -1.27664E-03  -1.39415E-03  -1.40040E-04   1.61742E-03   8.92105E-04  -5.96134E-04  -7.27846E-04  -5.95903E-04   1.84902E-04   1.06600E-03   1.37279E-04  -5.93198E-04  -1.28598E-04  -5.09696E-05
 2.09100E+02  -2.91924E-02  -2.59784E-02   3.29044E-04   2.91638E-02   1.94224E-02  -1.45158E-02  -1.87817E-02  -5.45198E-03   5.27997E-03   1.46735E-02   7.36677E-03  -1.05719E-02  -1.06183E-02   6.79721E-04   5.29958E-03   6.12765E-03   2.12284E-03  -6.27573E-03  -5.38351E-03   2.49075E-03   6.15536E-03   1.34718E-03  -1.57135E-03  -2.87847E-03  -8.22227E-04   2.68330E-03   2.07813E-03  -6.20735E-04  -1.44509E-03  -1.20622E-03   9.29855E-05   1.59507E-03   7.88255E-04  -6.98813E-04  -8.11921E-04  -4.77035E-04   3.60077E-04   1.00410E-03   3.31466E-05  -5.91902E-04  -1.35426E-04  -3.05121E-05
 2.10600E+02  -2.95649E-02  -2.53916E-02   1.08274E-03   2.91503E-02   1.88909E-02  -1.51532E-02  -1.89350E-02  -4.65026E-03   5.96872E-03   1.43622E-02   6.72233E-03  -1.09537E-02  -1.04909E-02   1.37368E-03   5.69181E-03   5.69979E-03   1.59733E-03  -6.39928E-03  -5.10118E-03   2.93535E-03   6.22374E-03   7.43692E-04  -1.86352E-03  -2.66651E-03  -5.04119E-04   2.72600E-03   1.97500E-03  -8.52591E-04  -1.58520E-03  -9.97373E-04   3.15186E-04   1.53932E-03   6.74609E-04  -7.84652E-04  -8.76219E-04  -3.46016E-04   5.18900E-04   9.14044E-04  -6.60592E-05  -5.73140E-04  -1.38999E-04  -9.08998E-06
 2.12100E+02  -2.99188E-02  -2.47937E-02   1.83625E-03   2.91084E-02   1.83321E-02  -1.57648E-02  -1.90482E-02  -3.84655E-03   6.63732E-03   1.40155E-02   6.05743E-03  -1.12919E-02  -1.03161E-02   2.05146E-03   6.04769E-03   5.24665E-03   1.06761E-03  -6.47674E-03  -4.78330E-03   3.34844E-03   6.23149E-03   1.39206E-04  -2.12612E-03  -2.42448E-03  -1.89278E-04   2.73101E-03   1.84698E-03  -1.06918E-03  -1.69426E-03  -7.72095E-04   5.21884E-04   1.45314E-03   5.53642E-04  -8.53174E-04  -9.18926E-04  -2.06251E-04   6.57019E-04   7.99719E-04  -1.57594E-04  -5.38628E-04  -1.39163E-04   1.27684E-05
 2.13600E+02  -3.02540E-02  -2.41858E-02   2.58811E-03   2.90383E-02   1.77476E-02  -1.63493E-02  -1.91217E-02  -3.04322E-03   7.28376E-03   1.36351E-02   5.37535E-03  -1.15857E-02  -1.00956E-02   2.70972E-03   6.36549E-03   4.77165E-03   5.37836E-04  -6.50874E-03  -4.43318E-03   3.72746E-03   6.17883E-03  -4.59867E-04  -2.35602E-03  -2.15681E-03   1.17976E-04   2.70012E-03   1.69603E-03  -1.26796E-03  -1.77029E-03  -5.35241E-04   7.09116E-04   1.34016E-03   4.27735E-04  -9.04207E-04  -9.38841E-04  -6.14251E-05   7.70962E-04   6.65655E-04  -2.39165E-04  -4.90467E-04  -1.35856E-04   3.45074E-05
 2.15200E+02  -3.05908E-02  -2.35275E-02   3.38676E-03   2.89327E-02   1.70980E-02  -1.69415E-02  -1.91570E-02  -2.18936E-03   7.94682E-03   1.31940E-02   4.63250E-03  -1.18492E-02  -9.81232E-03   3.38675E-03   6.66106E-03   4.24493E-03  -2.29328E-05  -6.49384E-03  -4.02806E-03   4.09161E-03   6.05724E-03  -1.08568E-03  -2.56250E-03  -1.84836E-03   4.33023E-04   2.63013E-03   1.51223E-03  -1.45774E-03  -1.81371E-03  -2.75579E-04   8.83799E-04   1.19467E-03   2.90535E-04  -9.39474E-04  -9.34369E-04   9.43021E-05   8.63035E-04   5.06484E-04  -3.13171E-04  -4.26740E-04  -1.28541E-04   5.69256E-05
 2.16700E+02  -3.08871E-02  -2.29020E-02   4.13095E-03   2.88052E-02   1.64665E-02  -1.74662E-02  -1.91503E-02  -1.39407E-03   8.54192E-03   1.27495E-02   3.92510E-03  -1.20491E-02  -9.50403E-03   3.99471E-03   6.89653E-03   3.73614E-03  -5.40740E-04  -6.43522E-03  -3.62238E-03   4.39326E-03   5.88382E-03  -1.65334E-03  -2.71803E-03  -1.54287E-03   7.12947E-04   2.53249E-03   1.32117E-03  -1.61256E-03  -1.81881E-03  -3.10281E-05   1.02161E-03   1.03946E-03   1.61436E-04  -9.54915E-04  -9.06238E-04   2.37371E-04   9.20148E-04   3.47592E-04  -3.69021E-04  -3.58122E-04  -1.18273E-04   7.66300E-05
 2.18300E+02  -3.11826E-02  -2.22272E-02   4.91847E-03   2.86391E-02   1.57710E-02  -1.79922E-02  -1.91019E-02  -5.53773E-04   9.14677E-03   1.22442E-02   3.16247E-03  -1.22118E-02  -9.13252E-03   4.61140E-03   7.10279E-03   3.18160E-03  -1.08072E-03  -6.32676E-03  -3.16632E-03   4.67066E-03   5.63849E-03  -2.23158E-03  -2.84238E-03  -1.20532E-03   9.91801E-04   2.39739E-03   1.10047E-03  -1.75092E-03  -1.78695E-03   2.25157E-04   1.13919E-03   8.58999E-04   2.55060E-05  -9.53194E-04  -8.51679E-04   3.82512E-04   9.49364E-04   1.73814E-04  -4.13308E-04  -2.78499E-04  -1.03949E-04   9.56341E-05
 2.19900E+02  -3.14569E-02  -2.15453E-02   5.69804E-03   2.84426E-02   1.50553E-02  -1.84826E-02  -1.90122E-02   2.75876E-04   9.71929E-03   1.17091E-02   2.39527E-03  -1.23221E-02  -8.72024E-03   5.19221E-03   7.26266E-03   2.61905E-03  -1.60420E-03  -6.17289E-03  -2.69078E-03   4.90065E-03   5.33490E-03  -2.77495E-03  -2.92370E-03  -8.61461E-04   1.24750E-03   2.23387E-03   8.65834E-04  -1.85981E-03  -1.71826E-03   4.70758E-04   1.22555E-03   6.68458E-04  -1.06407E-04  -9.33533E-04  -7.73578E-04   5.15737E-04   9.46451E-04   1.63164E-06  -4.41550E-04  -1.95335E-04  -8.65314E-05   1.11980E-04
 2.21500E+02  -3.17103E-02  -2.08574E-02   6.46822E-03   2.82161E-02   1.43218E-02  -1.89365E-02  -1.88826E-02   1.09266E-03   1.02582E-02   1.11464E-02   1.62728E-03  -1.23803E-02  -8.27083E-03   5.73435E-03   7.37656E-03   2.05260E-03  -2.10765E-03  -5.97585E-03  -2.20057E-03   5.08198E-03   4.97805E-03  -3.27723E-03  -2.96270E-03  -5.16939E-04   1.47775E-03   2.04559E-03   6.21063E-04  -1.93777E-03  -1.61540E-03   7.00349E-04   1.28075E-03   4.73061E-04  -2.32249E-04  -8.96967E-04  -6.74507E-04   6.33176E-04   9.13113E-04  -1.63207E-04  -4.54050E-04  -1.11643E-04  -6.65187E-05   1.25152E-04
 2.23100E+02  -3.19431E-02  -2.01641E-02   7.22759E-03   2.79601E-02   1.35730E-02  -1.93534E-02  -1.87148E-02   1.89458E-03   1.07623E-02   1.05584E-02   8.62279E-04  -1.23867E-02  -7.78813E-03   6.23544E-03   7.44529E-03   1.48613E-03  -2.58777E-03  -5.73804E-03  -1.70064E-03   5.21387E-03   4.57367E-03  -3.73297E-03  -2.96084E-03  -1.77007E-04   1.68080E-03   1.83622E-03   3.70170E-04  -1.98382E-03  -1.48182E-03   9.09125E-04   1.30566E-03   2.77690E-04  -3.50137E-04  -8.44700E-04  -5.57676E-04   7.31522E-04   8.52028E-04  -3.15555E-04  -4.51631E-04  -3.01913E-05  -4.44970E-05   1.34731E-04
 2.24700E+02  -3.21555E-02  -1.94662E-02   7.97475E-03   2.76755E-02   1.28115E-02  -1.97328E-02  -1.85104E-02   2.67989E-03   1.12306E-02   9.94709E-03   1.03997E-04  -1.23422E-02  -7.27617E-03   6.69355E-03   7.46999E-03   9.23235E-04  -3.04150E-03  -5.46203E-03  -1.19598E-03   5.29608E-03   4.12811E-03  -4.13759E-03  -2.92020E-03   1.53558E-04   1.85533E-03   1.60941E-03   1.17296E-04  -1.99754E-03  -1.32165E-03   1.09302E-03   1.30185E-03   8.67748E-05  -4.58359E-04  -7.78086E-04  -4.26810E-04   8.08132E-04   7.66681E-04  -4.51012E-04  -4.35551E-04   4.65783E-05  -2.11210E-05   1.40410E-04
 2.26300E+02  -3.23476E-02  -1.87642E-02   8.70832E-03   2.73627E-02   1.20396E-02  -2.00746E-02  -1.82712E-02   3.44710E-03   1.16622E-02   9.31476E-03  -6.43885E-04  -1.22476E-02  -6.73908E-03   7.10720E-03   7.45205E-03   3.67237E-04  -3.46601E-03  -5.15057E-03  -6.91614E-04   5.32884E-03   3.64817E-03  -4.48750E-03  -2.84338E-03   4.70519E-04   2.00044E-03   1.36874E-03  -1.33357E-04  -1.97901E-03  -1.13952E-03   1.24881E-03   1.27146E-03  -9.57866E-05  -5.55373E-04  -6.98622E-04  -2.86006E-04   8.61101E-04   6.61177E-04  -5.66030E-04  -4.07411E-04   1.16602E-04   2.90788E-06   1.42002E-04
 2.27900E+02  -3.25195E-02  -1.80587E-02   9.42692E-03   2.70227E-02   1.12598E-02  -2.03790E-02  -1.79988E-02   4.19490E-03   1.20562E-02   8.66350E-03  -1.37777E-03  -1.21042E-02  -6.18098E-03   7.47536E-03   7.39303E-03  -1.78839E-04  -3.85866E-03  -4.80655E-03  -1.92473E-04   5.31294E-03   3.14092E-03  -4.78007E-03  -2.73335E-03   7.70210E-04   2.11559E-03   1.11766E-03  -3.77612E-04  -1.92892E-03  -9.40418E-04   1.37411E-03   1.21707E-03  -2.66676E-04  -6.39814E-04  -6.07937E-04  -1.39584E-04   8.89310E-04   5.40049E-04  -6.57985E-04  -3.69070E-04   1.78230E-04   2.68652E-05   1.39451E-04
 2.29600E+02  -3.26802E-02  -1.73056E-02   1.01725E-02   2.66325E-02   1.04251E-02  -2.06617E-02  -1.76749E-02   4.96696E-03   1.24328E-02   7.95319E-03  -2.13829E-03  -1.19002E-02  -5.56961E-03   7.81605E-03   7.28721E-03  -7.45099E-04  -4.23826E-03  -4.40881E-03   3.26747E-04   5.24423E-03   2.58006E-03  -5.02631E-03  -2.58372E-03   1.06627E-03   2.20485E-03   8.43268E-04  -6.25578E-04  -1.84252E-03  -7.16019E-04   1.47222E-03   1.13620E-03  -4.32425E-04  -7.14435E-04  -5.01261E-04   1.72281E-05   8.91803E-04   3.99571E-04  -7.28549E-04  -3.19414E-04   2.33151E-04   5.14331E-05   1.32287E-04
 2.31200E+02  -3.28106E-02  -1.65940E-02   1.08560E-02   2.62390E-02   9.63615E-03  -2.08900E-02  -1.73393E-02   5.67144E-03   1.27469E-02   7.26970E-03  -2.83248E-03  -1.16615E-02  -4.98111E-03   8.08902E-03   7.14893E-03  -1.26229E-03  -4.55788E-03  -4.00758E-03   8.00109E-04   5.13274E-03   2.03909E-03  -5.19658E-03  -2.41567E-03   1.32123E-03   2.25778E-03   5.81271E-04  -8.44022E-04  -1.73192E-03  -4.98155E-04   1.53099E-03   1.04160E-03  -5.71315E-04  -7.69428E-04  -3.93126E-04   1.61440E-04   8.68797E-04   2.61347E-04  -7.68662E-04  -2.66488E-04   2.74077E-04   7.29878E-05   1.21571E-04
 2.32900E+02  -3.29269E-02  -1.58356E-02   1.15614E-02   2.57942E-02   8.79650E-03  -2.10931E-02  -1.69517E-02   6.39546E-03   1.30368E-02   6.53016E-03  -3.54352E-03  -1.13609E-02  -4.34632E-03   8.32866E-03   6.96300E-03  -1.79245E-03  -4.85530E-03  -3.55664E-03   1.28185E-03   4.96725E-03   1.45828E-03  -5.31254E-03  -2.21220E-03   1.56473E-03   2.28135E-03   3.02539E-04  -1.05619E-03  -1.58598E-03  -2.65313E-04   1.55809E-03   9.25038E-04  -6.98965E-04  -8.10804E-04  -2.72293E-04   3.06410E-04   8.18837E-04   1.13459E-04  -7.83555E-04  -2.06059E-04   3.05705E-04   9.34865E-05   1.06339E-04
 2.34600E+02  -3.30198E-02  -1.50754E-02   1.22440E-02   2.53233E-02   7.95767E-03  -2.12563E-02  -1.65336E-02   7.09333E-03   1.32811E-02   5.77965E-03  -4.22384E-03  -1.10146E-02  -3.70602E-03   8.51706E-03   6.73909E-03  -2.30019E-03  -5.10737E-03  -3.08461E-03   1.73706E-03   4.75662E-03   8.79025E-04  -5.36293E-03  -1.98715E-03   1.77829E-03   2.27196E-03   2.70500E-05  -1.24412E-03  -1.41415E-03  -3.66260E-05   1.55003E-03   7.95622E-04  -8.04942E-04  -8.34012E-04  -1.47801E-04   4.38490E-04   7.44883E-04  -3.03054E-05  -7.71106E-04  -1.43666E-04   3.25144E-04   1.10837E-04   8.76668E-05
 2.36300E+02  -3.30891E-02  -1.43142E-02   1.29023E-02   2.48278E-02   7.12171E-03  -2.13809E-02  -1.60867E-02   7.76413E-03   1.34790E-02   5.02111E-03  -4.87027E-03  -1.06258E-02  -3.06435E-03   8.65528E-03   6.47949E-03  -2.78317E-03  -5.31260E-03  -2.59605E-03   2.16151E-03   4.50477E-03   3.08704E-04  -5.35011E-03  -1.74464E-03   1.96073E-03   2.23061E-03  -2.41625E-04  -1.40459E-03  -1.22039E-03   1.82722E-04   1.50894E-03   6.56998E-04  -8.88666E-04  -8.38766E-04  -2.22436E-05   5.53782E-04   6.50006E-04  -1.65177E-04  -7.33453E-04  -8.15408E-05   3.32838E-04   1.24466E-04   6.62048E-05
 2.38000E+02  -3.31344E-02  -1.35529E-02   1.35352E-02   2.43094E-02   6.29048E-03  -2.14677E-02  -1.56123E-02   8.40695E-03   1.36302E-02   4.25759E-03  -5.48007E-03  -1.01981E-02  -2.42512E-03   8.74465E-03   6.18656E-03  -3.23918E-03  -5.46994E-03  -2.09569E-03   2.55150E-03   4.21601E-03  -2.45932E-04  -5.27718E-03  -1.48868E-03   2.11133E-03   2.15865E-03  -5.00040E-04  -1.53505E-03  -1.00909E-03   3.88153E-04   1.43768E-03   5.12628E-04  -9.50080E-04  -8.25136E-04   1.01736E-04   6.49091E-04   5.37883E-04  -2.87043E-04  -6.73494E-04  -2.16798E-05   3.29587E-04   1.33934E-04   4.26959E-05
 2.39700E+02  -3.31553E-02  -1.27925E-02   1.41418E-02   2.37699E-02   5.46566E-03  -2.15180E-02  -1.51119E-02   9.02084E-03   1.37346E-02   3.49229E-03  -6.05087E-03  -9.73520E-03  -1.79185E-03   8.78673E-03   5.86274E-03  -3.66615E-03  -5.57885E-03  -1.58838E-03   2.90399E-03   3.89500E-03  -7.78836E-04  -5.14792E-03  -1.22309E-03   2.22981E-03   2.05774E-03  -7.44891E-04  -1.63366E-03  -7.84951E-04   5.75779E-04   1.33965E-03   3.65735E-04  -9.89577E-04  -7.93564E-04   2.21498E-04   7.22006E-04   4.12646E-04  -3.92550E-04  -5.94715E-04   3.42004E-05   3.16478E-04   1.38954E-04   1.79497E-05
 2.41400E+02  -3.31517E-02  -1.20344E-02   1.47210E-02   2.32109E-02   4.64878E-03  -2.15328E-02  -1.45870E-02   9.60480E-03   1.37921E-02   2.72844E-03  -6.58074E-03  -9.24081E-03  -1.16778E-03   8.78329E-03   5.51057E-03  -4.06215E-03  -5.63932E-03  -1.07901E-03   3.21658E-03   3.54660E-03  -1.28469E-03  -4.96662E-03  -9.51546E-04   2.31625E-03   1.92990E-03  -9.73056E-04  -1.69936E-03  -5.52855E-04   7.42453E-04   1.21871E-03   2.19274E-04  -1.00792E-03  -7.44882E-04   3.34462E-04   7.70956E-04   2.78715E-04  -4.79162E-04  -5.01020E-04   8.46926E-05   2.94818E-04   1.39392E-04  -7.18818E-06
 2.43200E+02  -3.31210E-02  -1.12354E-02   1.53039E-02   2.26000E-02   3.79408E-03  -2.15110E-02  -1.40062E-02   1.01894E-02   1.38027E-02   1.92491E-03  -7.09549E-03  -8.68739E-03  -5.20297E-04   8.73211E-03   5.10974E-03  -4.44567E-03  -5.65117E-03  -5.42828E-04   3.50215E-03   3.15342E-03  -1.78577E-03  -4.72312E-03  -6.61417E-04   2.37330E-03   1.76781E-03  -1.19323E-03  -1.73274E-03  -3.03903E-04   8.93462E-04   1.07024E-03   6.76254E-05  -1.00548E-03  -6.76044E-04   4.43931E-04   7.95889E-04   1.32478E-04  -5.48417E-04  -3.90166E-04   1.31082E-04   2.64180E-04   1.34900E-04  -3.32869E-05
 2.44900E+02  -3.30666E-02  -1.04860E-02   1.58250E-02   2.20070E-02   2.99786E-03  -2.14562E-02  -1.34357E-02   1.07086E-02   1.37657E-02   1.17441E-03  -7.53679E-03  -8.14052E-03   7.58252E-05   8.64097E-03   4.70777E-03  -4.77239E-03  -5.61427E-03  -4.43948E-05   3.72786E-03   2.76440E-03  -2.22240E-03  -4.44963E-03  -3.88414E-04   2.39535E-03   1.59232E-03  -1.37821E-03  -1.73063E-03  -7.08257E-05   1.01035E-03   9.15214E-04  -6.98787E-05  -9.83907E-04  -5.96383E-04   5.35367E-04   7.94207E-04  -5.09839E-06  -5.91758E-04  -2.78894E-04   1.67425E-04   2.29576E-04   1.26180E-04  -5.65828E-05
 2.46700E+02  -3.29826E-02  -9.69939E-03   1.63455E-02   2.13642E-02   2.16785E-03  -2.13632E-02  -1.28105E-02   1.12223E-02   1.36782E-02   3.92243E-04  -7.95582E-03  -7.54023E-03   6.87933E-04   8.50146E-03   4.26071E-03  -5.07911E-03  -5.52616E-03   4.69799E-04   3.91977E-03   2.33937E-03  -2.64246E-03  -4.11973E-03  -1.03968E-04   2.38606E-03   1.38624E-03  -1.54717E-03  -1.69420E-03   1.68585E-04   1.10590E-03   7.40186E-04  -2.07075E-04  -9.42371E-04  -4.98747E-04   6.17267E-04   7.66837E-04  -1.45348E-04  -6.14295E-04  -1.58785E-04   1.97509E-04   1.88692E-04   1.12599E-04  -7.89511E-05
 2.48500E+02  -3.28718E-02  -8.92160E-03   1.68335E-02   2.07082E-02   1.35260E-03  -2.12354E-02  -1.21655E-02   1.16979E-02   1.35426E-02  -3.73531E-04  -8.32492E-03  -6.92246E-03   1.27780E-03   8.32020E-03   3.79526E-03  -5.34409E-03  -5.39018E-03   9.65110E-04   4.06350E-03   1.90640E-03  -3.01628E-03  -3.75431E-03   1.72288E-04   2.34462E-03   1.16316E-03  -1.68627E-03  -1.62485E-03   3.95464E-04   1.17227E-03   5.58758E-04  -3.33569E-04  -8.83534E-04  -3.90097E-04   6.81891E-04   7.15189E-04  -2.75461E-04  -6.13714E-04  -4.08309E-05   2.18802E-04   1.45196E-04   9.51107E-05  -9.81688E-05
 2.50300E+02  -3.27349E-02  -8.15417E-03   1.72891E-02   2.00409E-02   5.53412E-04  -2.10739E-02  -1.15032E-02   1.21346E-02   1.33609E-02  -1.11954E-03  -8.64417E-03  -6.29150E-03   1.84300E-03   8.09976E-03   3.31527E-03  -5.56627E-03  -5.20946E-03   1.43696E-03   4.15989E-03   1.47086E-03  -3.34178E-03  -3.35944E-03   4.37060E-04   2.27273E-03   9.27310E-04  -1.79384E-03  -1.52562E-03   6.05328E-04   1.21005E-03   3.75530E-04  -4.47584E-04  -8.09487E-04  -2.73442E-04   7.27737E-04   6.42125E-04  -3.91375E-04  -5.91736E-04   7.08175E-05   2.31469E-04   1.00768E-04   7.44313E-05  -1.13569E-04
 2.52100E+02  -3.25729E-02  -7.39855E-03   1.77125E-02   1.93644E-02  -2.28426E-04  -2.08801E-02  -1.08262E-02   1.25315E-02   1.31355E-02  -1.84270E-03  -8.91402E-03  -5.65140E-03   2.38130E-03   7.84279E-03   2.82475E-03  -5.74492E-03  -4.98765E-03   1.88127E-03   4.21038E-03   1.03774E-03  -3.61757E-03  -2.94105E-03   6.87281E-04   2.17238E-03   6.83118E-04  -1.86880E-03  -1.40015E-03   7.94358E-04   1.22046E-03   1.94714E-04  -5.47666E-04  -7.22415E-04  -1.52017E-04   7.53837E-04   5.51146E-04  -4.89751E-04  -5.50751E-04   1.72588E-04   2.35951E-04   5.69288E-05   5.13861E-05  -1.24645E-04
 2.53900E+02  -3.23867E-02  -6.65605E-03   1.81039E-02   1.86803E-02  -9.91681E-04  -2.06551E-02  -1.01369E-02   1.28880E-02   1.28690E-02  -2.54025E-03  -9.13523E-03  -5.00603E-03   2.89068E-03   7.55199E-03   2.32774E-03  -5.87976E-03  -4.72871E-03   2.29458E-03   4.21688E-03   6.11648E-04  -3.84288E-03  -2.50495E-03   9.20123E-04   2.04583E-03   4.35106E-04  -1.91071E-03  -1.25250E-03   9.59481E-04   1.20528E-03   2.00649E-05  -6.32659E-04  -6.24564E-04  -2.91762E-05   7.59792E-04   4.46218E-04  -5.68062E-04  -4.93668E-04   2.61578E-04   2.32911E-04   1.50037E-05   2.68739E-05  -1.31068E-04
 2.55700E+02  -3.21775E-02  -5.92782E-03   1.84638E-02   1.79905E-02  -1.73516E-03  -2.04004E-02  -9.43819E-03   1.32039E-02   1.25641E-02  -3.20977E-03  -9.30879E-03  -4.35897E-03   3.36932E-03   7.23014E-03   1.82831E-03  -5.97092E-03  -4.43690E-03   2.67398E-03   4.18169E-03   1.96716E-04  -4.01750E-03  -2.05676E-03   1.13302E-03   1.89558E-03   1.87795E-04  -1.91981E-03  -1.08707E-03   1.09840E-03   1.16672E-03  -1.45172E-04  -7.01696E-04  -5.18223E-04   9.17086E-05   7.45790E-04   3.31600E-04  -6.24638E-04  -4.23752E-04   3.35604E-04   2.23189E-04  -2.38970E-05   1.82952E-06  -1.32695E-04
 2.57600E+02  -3.19330E-02  -5.17568E-03   1.88099E-02   1.72578E-02  -2.49721E-03  -2.01006E-02  -8.69323E-03   1.34933E-02   1.22038E-02  -3.88380E-03  -9.44164E-03  -3.67784E-03   3.83939E-03   6.85988E-03   1.30292E-03  -6.02041E-03  -4.09809E-03   3.03518E-03   4.10218E-03  -2.25078E-04  -4.14717E-03  -1.57653E-03   1.33361E-03   1.71435E-03  -6.76310E-05  -1.89480E-03  -8.98166E-04   1.21497E-03   1.10343E-03  -3.06384E-04  -7.56618E-04  -3.99315E-04   2.13570E-04   7.10224E-04   2.04923E-04  -6.59913E-04  -3.39855E-04   3.95928E-04   2.06732E-04  -6.07054E-05  -2.41539E-05  -1.29260E-04
 2.59500E+02  -3.16656E-02  -4.44150E-03   1.91219E-02   1.65222E-02  -3.23466E-03  -1.97707E-02  -7.94376E-03   1.37374E-02   1.18074E-02  -4.52227E-03  -9.52438E-03  -3.00226E-03   4.27173E-03   6.46165E-03   7.83852E-04  -6.02305E-03  -3.73284E-03   3.35413E-03   3.98243E-03  -6.26510E-04  -4.22159E-03  -1.09496E-03   1.50719E-03   1.51331E-03  -3.12462E-04  -1.83601E-03  -6.99844E-04   1.29987E-03   1.02008E-03  -4.51530E-04  -7.92753E-04  -2.76236E-04   3.25999E-04   6.54866E-04   7.73615E-05  -6.70181E-04  -2.49635E-04   4.37164E-04   1.85101E-04  -9.23983E-05  -4.86442E-05  -1.20800E-04
 2.61300E+02  -3.13923E-02  -3.76325E-03   1.93866E-02   1.58240E-02  -3.90953E-03  -1.94320E-02  -7.23232E-03   1.39276E-02   1.14018E-02  -5.09285E-03  -9.55815E-03  -2.37044E-03   4.64525E-03   6.06180E-03   3.01846E-04  -5.98387E-03  -3.36715E-03   3.61615E-03   3.83506E-03  -9.85051E-04  -4.24243E-03  -6.42807E-04   1.64505E-03   1.30801E-03  -5.30550E-04  -1.75143E-03  -5.07967E-04   1.35113E-03   9.25653E-04  -5.72466E-04  -8.09634E-04  -1.58232E-04   4.20879E-04   5.86155E-04  -3.99755E-05  -6.57795E-04  -1.61952E-04   4.58640E-04   1.60955E-04  -1.17254E-04  -6.96016E-05  -1.08573E-04
 2.63200E+02  -3.10842E-02  -3.06621E-03   1.96340E-02   1.50872E-02  -4.59575E-03  -1.90485E-02  -6.48266E-03   1.40855E-02   1.09452E-02  -5.65768E-03  -9.54857E-03  -1.71524E-03   5.00039E-03   5.61933E-03  -1.92799E-04  -5.90053E-03  -2.96528E-03   3.84975E-03   3.64717E-03  -1.33786E-03  -4.21383E-03  -1.75131E-04   1.76122E-03   1.07938E-03  -7.42307E-04  -1.63464E-03  -3.05884E-04   1.37530E-03   8.12858E-04  -6.81342E-04  -8.09428E-04  -3.47190E-05   5.06123E-04   4.99064E-04  -1.55994E-04  -6.23202E-04  -7.06221E-05   4.63480E-04   1.32775E-04  -1.37795E-04  -8.85636E-05  -9.18375E-05
 2.65100E+02  -3.07572E-02  -2.38911E-03   1.98492E-02   1.43521E-02  -5.25419E-03  -1.86402E-02  -5.73704E-03   1.42005E-02   1.04627E-02  -6.18310E-03  -9.49457E-03  -1.07499E-03   5.31457E-03   5.15953E-03  -6.69314E-04  -5.77651E-03  -2.55196E-03   4.03915E-03   3.42975E-03  -1.66204E-03  -4.13564E-03   2.77526E-04   1.84645E-03   8.42516E-04  -9.31792E-04  -1.49315E-03  -1.08651E-04   1.37025E-03   6.89845E-04  -7.70133E-04  -7.91331E-04   8.52013E-05   5.73922E-04   4.00108E-04  -2.60304E-04  -5.69087E-04   1.61882E-05   4.51401E-04   1.02964E-04  -1.52456E-04  -1.03625E-04  -7.19397E-05
 2.67000E+02  -3.04127E-02  -1.73240E-03   2.00329E-02   1.36201E-02  -5.88401E-03  -1.82089E-02  -4.99807E-03   1.42737E-02   9.95752E-03  -6.66837E-03  -9.39834E-03  -4.52425E-04   5.58734E-03   4.68605E-03  -1.12442E-03  -5.61462E-03  -2.13188E-03   4.18476E-03   3.18656E-03  -1.95567E-03  -4.01070E-03   7.10247E-04   1.90045E-03   6.01527E-04  -1.09629E-03  -1.33099E-03   7.97718E-05   1.33816E-03   5.59806E-04  -8.38503E-04  -7.56303E-04   1.99089E-04   6.22738E-04   2.92736E-04  -3.49878E-04  -4.98634E-04   9.56524E-05   4.24336E-04   7.25854E-05  -1.61394E-04  -1.14299E-04  -4.97667E-05
 2.69000E+02  -3.00323E-02  -1.06359E-03   2.01931E-02   1.28544E-02  -6.51530E-03  -1.77322E-02  -4.23004E-03   1.43070E-02   9.40494E-03  -7.13529E-03  -9.25399E-03   1.80998E-04   5.82960E-03   4.17692E-03  -1.57721E-03  -5.40665E-03  -1.68721E-03   4.29169E-03   2.90688E-03  -2.23010E-03  -3.83234E-03   1.13922E-03   1.92387E-03   3.47883E-04  -1.24028E-03  -1.14266E-03   2.64881E-04   1.27805E-03   4.18660E-04  -8.88510E-04  -7.02549E-04   3.09955E-04   6.52686E-04   1.74595E-04  -4.25787E-04  -4.10760E-04   1.68883E-04   3.82222E-04   4.10370E-05  -1.64967E-04  -1.20482E-04  -2.50132E-05
 2.70900E+02  -2.96556E-02  -4.49873E-04   2.03147E-02   1.21329E-02  -7.08437E-03  -1.72598E-02  -3.51212E-03   1.42986E-02   8.86349E-03  -7.53693E-03  -9.07851E-03   7.59517E-04   6.01736E-03   3.68679E-03  -1.97987E-03  -5.17677E-03  -1.26671E-03   4.35052E-03   2.62265E-03  -2.45673E-03  -3.62231E-03   1.51725E-03   1.91525E-03   1.11081E-04  -1.34808E-03  -9.51600E-04   4.25274E-04   1.19901E-03   2.83467E-04  -9.15634E-04  -6.37104E-04   4.04562E-04   6.60624E-04   6.13075E-05  -4.78955E-04  -3.18222E-04   2.26830E-04   3.31971E-04   1.23267E-05  -1.63276E-04  -1.21470E-04  -1.16643E-06
 2.72900E+02  -2.92441E-02   1.73077E-04   2.04113E-02   1.13811E-02  -7.65066E-03  -1.67440E-02  -2.77103E-03   1.42493E-02   8.27960E-03  -7.91552E-03  -8.85630E-03   1.34169E-03   6.17104E-03   3.16797E-03  -2.37259E-03  -4.90449E-03  -8.30355E-04   4.36919E-03   2.30814E-03  -2.65858E-03  -3.36314E-03   1.88008E-03   1.87524E-03  -1.29625E-04  -1.43047E-03  -7.42597E-04   5.75434E-04   1.09627E-03   1.42896E-04  -9.23594E-04  -5.55170E-04   4.90864E-04   6.47998E-04  -5.51004E-05  -5.14300E-04  -2.15581E-04   2.74432E-04   2.71321E-04  -1.58091E-05  -1.56736E-04  -1.17502E-04   2.32279E-05
 2.74800E+02  -2.88402E-02   7.42783E-04   2.04744E-02   1.06753E-02  -8.15726E-03  -1.62385E-02  -2.08287E-03   1.41657E-02   7.71477E-03  -8.23337E-03  -8.61238E-03   1.86738E-03   6.27620E-03   2.67580E-03  -2.71446E-03  -4.62058E-03  -4.25419E-04   4.34774E-03   1.99869E-03  -2.81507E-03  -3.08544E-03   2.18823E-03   1.80981E-03  -3.46573E-04  -1.47943E-03  -5.40994E-04   6.98735E-04   9.83522E-04   1.34626E-05  -9.12681E-04  -4.67146E-04   5.58681E-04   6.17307E-04  -1.59550E-04  -5.28465E-04  -1.16993E-04   3.06454E-04   2.09157E-04  -3.99938E-05  -1.46617E-04  -1.09294E-04   4.48122E-05
 2.76800E+02  -2.84028E-02   1.31909E-03   2.05115E-02   9.94252E-03  -8.65734E-03  -1.56920E-02  -1.37717E-03   1.40410E-02   7.11281E-03  -8.52435E-03  -8.32415E-03   2.39015E-03   6.34521E-03   2.16198E-03  -3.04014E-03  -4.29891E-03  -1.28290E-05   4.28622E-03   1.66581E-03  -2.94268E-03  -2.76532E-03   2.47133E-03   1.71467E-03  -5.59176E-04  -1.50105E-03  -3.30044E-04   8.07067E-04   8.52548E-04  -1.16102E-04  -8.83154E-04  -3.66350E-04   6.13887E-04   5.67278E-04  -2.59755E-04  -5.23911E-04  -1.59545E-05   3.26363E-04   1.41823E-04  -6.23196E-05  -1.32550E-04  -9.65107E-05   6.49877E-05
 2.78800E+02  -2.79541E-02   1.87139E-03   2.05197E-02   9.22120E-03  -9.12334E-03  -1.51329E-02  -6.92440E-04   1.38805E-02   6.50646E-03  -8.77124E-03  -8.00688E-03   2.88003E-03   6.37313E-03   1.65584E-03  -3.32984E-03  -3.95766E-03   3.82455E-04   4.18731E-03   1.32967E-03  -3.03259E-03  -2.42240E-03   2.71001E-03   1.59568E-03  -7.52608E-04  -1.49358E-03  -1.24583E-04   8.92868E-04   7.12604E-04  -2.36687E-04  -8.36782E-04  -2.60008E-04   6.51642E-04   5.01618E-04  -3.47128E-04  -5.01082E-04   7.87468E-05   3.32762E-04   7.52527E-05  -8.11128E-05  -1.15703E-04  -8.01754E-05   8.18108E-05
 2.80800E+02  -2.74954E-02   2.39970E-03   2.05003E-02   8.51241E-03  -9.55530E-03  -1.45630E-02  -3.03893E-05   1.36864E-02   5.89886E-03  -8.97490E-03  -7.66392E-03   3.33582E-03   6.36185E-03   1.16047E-03  -3.58299E-03  -3.60060E-03   7.57427E-04   4.05386E-03   9.94309E-04  -3.08563E-03  -2.06264E-03   2.90290E-03   1.45629E-03  -9.24385E-04  -1.45920E-03   7.16101E-05   9.56145E-04   5.67206E-04  -3.46419E-04  -7.75431E-04  -1.51055E-04   6.71556E-04   4.23341E-04  -4.19393E-04  -4.62267E-04   1.64081E-04   3.26769E-04   1.18702E-05  -9.61802E-05  -9.67981E-05  -6.11197E-05   9.47057E-05
 2.82900E+02  -2.70043E-02   2.92875E-03   2.04514E-02   7.78267E-03  -9.97241E-03  -1.39554E-02   6.38681E-04   1.34486E-02   5.26283E-03  -9.14341E-03  -7.27977E-03   3.77675E-03   6.31014E-03   6.54985E-04  -3.80924E-03  -3.21268E-03   1.12638E-03   3.87982E-03   6.47189E-04  -3.10296E-03  -1.67327E-03   3.05552E-03   1.29201E-03  -1.07940E-03  -1.39697E-03   2.64111E-04   9.98867E-04   4.12241E-04  -4.48240E-04  -6.97091E-04  -3.70512E-05   6.73382E-04   3.31182E-04  -4.77273E-04  -4.07280E-04   2.40993E-04   3.08761E-04  -4.90448E-05  -1.07911E-04  -7.54928E-05  -3.91798E-05   1.03606E-04
 2.84900E+02  -2.65288E-02   3.40834E-03   2.03788E-02   7.10236E-03  -1.03352E-02  -1.33698E-02   1.24962E-03   1.31922E-02   4.66191E-03  -9.26205E-03  -6.89444E-03   4.16026E-03   6.22526E-03   1.90097E-04  -3.98713E-03  -2.83451E-03   1.45177E-03   3.68506E-03   3.25120E-04  -3.08461E-03  -1.29750E-03   3.15359E-03   1.12244E-03  -1.20161E-03  -1.31586E-03   4.31831E-04   1.01787E-03   2.65571E-04  -5.31133E-04  -6.11441E-04   6.81859E-05   6.57571E-04   2.37495E-04  -5.14331E-04  -3.44474E-04   3.00385E-04   2.82263E-04  -1.00049E-04  -1.15221E-04  -5.44932E-05  -1.74293E-05   1.07485E-04
 2.87000E+02  -2.60227E-02   3.88670E-03   2.02767E-02   6.40432E-03  -1.06802E-02  -1.27497E-02   1.86220E-03   1.28940E-02   4.03897E-03  -9.34433E-03  -6.47296E-03   4.52441E-03   6.10134E-03  -2.78263E-04  -4.13489E-03  -2.43203E-03   1.76399E-03   3.45374E-03  -4.18639E-07  -3.03092E-03  -9.03991E-04   3.20805E-03   9.34841E-04  -1.30252E-03  -1.21120E-03   5.89261E-04   1.01639E-03   1.15494E-04  -6.02319E-04  -5.12383E-04   1.72224E-04   6.23730E-04   1.36718E-04  -5.34065E-04  -2.71020E-04   3.47079E-04   2.46727E-04  -1.44996E-04  -1.18973E-04  -3.23636E-05   5.26965E-06   1.06770E-04
 2.89000E+02  -2.55350E-02   4.31855E-03   2.01557E-02   5.75575E-03  -1.09751E-02  -1.21560E-02   2.41700E-03   1.25848E-02   3.45588E-03  -9.38415E-03  -6.05867E-03   4.83456E-03   5.95271E-03  -7.03521E-04  -4.23909E-03  -2.04695E-03   2.03165E-03   3.21141E-03  -2.95304E-04  -2.94940E-03  -5.35744E-04   3.21549E-03   7.50912E-04  -1.37248E-03  -1.09629E-03   7.19870E-04   9.96050E-04  -2.12592E-05  -6.54346E-04  -4.11718E-04   2.62658E-04   5.76644E-04   4.18636E-05  -5.35089E-04  -1.97122E-04   3.76271E-04   2.07558E-04  -1.78902E-04  -1.19010E-04  -1.17731E-05   2.58389E-05   1.01763E-04
 2.91100E+02  -2.50183E-02   4.74742E-03   2.00052E-02   5.09253E-03  -1.12499E-02  -1.15313E-02   2.96856E-03   1.22362E-02   2.85685E-03  -9.38748E-03  -5.61343E-03   5.12203E-03   5.76725E-03  -1.12640E-03  -4.31115E-03  -1.64417E-03   2.28020E-03   2.93767E-03  -5.86099E-04  -2.83475E-03  -1.61324E-04   3.17929E-03   5.56152E-04  -1.41902E-03  -9.63160E-04   8.35672E-04   9.56650E-04  -1.56116E-04  -6.92048E-04  -3.01928E-04   3.46241E-04   5.13676E-04  -5.32122E-05  -5.18683E-04  -1.18641E-04   3.91173E-04   1.62952E-04  -2.04862E-04  -1.15618E-04   8.80597E-06   4.54581E-05   9.24013E-05
 2.93200E+02  -2.44977E-02   5.15144E-03   1.98318E-02   4.44824E-03  -1.14895E-02  -1.09073E-02   3.48764E-03   1.18657E-02   2.27364E-03  -9.35358E-03  -5.16087E-03   5.37095E-03   5.55448E-03  -1.52349E-03  -4.34621E-03  -1.24630E-03   2.49453E-03   2.64814E-03  -8.55053E-04  -2.69352E-03   1.95631E-04   3.10129E-03   3.63395E-04  -1.43909E-03  -8.20780E-04   9.29109E-04   9.00788E-04  -2.80083E-04  -7.12397E-04  -1.90541E-04   4.16284E-04   4.39313E-04  -1.40655E-04  -4.86158E-04  -4.22772E-05   3.90856E-04   1.16818E-04  -2.21068E-04  -1.09056E-04   2.78471E-05   6.22909E-05   7.94472E-05
 2.95300E+02  -2.39743E-02   5.53098E-03   1.96367E-02   3.82355E-03  -1.16948E-02  -1.02860E-02   3.97371E-03   1.14761E-02   1.70832E-03  -9.28478E-03  -4.70402E-03   5.58213E-03   5.31727E-03  -1.89347E-03  -4.34581E-03  -8.56522E-04   2.67416E-03   2.34681E-03  -1.10006E-03  -2.52914E-03   5.30786E-04   2.98537E-03   1.76007E-04  -1.43424E-03  -6.72549E-04   1.00017E-03   8.30639E-04  -3.91541E-04  -7.15746E-04  -8.01284E-05   4.71372E-04   3.56305E-04  -2.17936E-04  -4.39795E-04   2.92950E-05   3.76756E-04   7.10251E-05  -2.28008E-04  -9.97156E-05   4.49449E-05   7.57339E-05   6.36492E-05
 2.97500E+02  -2.34239E-02   5.90271E-03   1.94104E-02   3.19086E-03  -1.18740E-02  -9.63983E-03   4.44719E-03   1.10503E-02   1.13720E-03  -9.17787E-03  -4.22390E-03   5.76395E-03   5.04570E-03  -2.25082E-03  -4.30930E-03  -4.60084E-04   2.82511E-03   2.02281E-03  -1.32932E-03  -2.33596E-03   8.54598E-04   2.82789E-03  -1.13457E-05  -1.40455E-03  -5.14435E-04   1.05109E-03   7.44276E-04  -4.93499E-04  -7.01803E-04   3.18271E-05   5.12109E-04   2.63224E-04  -2.85885E-04  -3.79243E-04   9.67453E-05   3.49204E-04   2.51750E-05  -2.26200E-04  -8.74195E-05   6.04130E-05   8.57300E-05   4.49580E-05
 2.99600E+02  -2.28975E-02   6.23319E-03   1.91750E-02   2.60832E-03  -1.20118E-02  -9.02960E-03   4.86495E-03   1.06298E-02   6.13788E-04  -9.04512E-03  -3.76691E-03   5.90108E-03   4.76740E-03  -2.56221E-03  -4.24211E-03  -9.58525E-05   2.93408E-03   1.70955E-03  -1.52084E-03  -2.13526E-03   1.13466E-03   2.64784E-03  -1.79044E-04  -1.35502E-03  -3.63826E-04   1.07809E-03   6.51936E-04  -5.75701E-04  -6.72941E-04   1.32777E-04   5.34474E-04   1.71575E-04  -3.36951E-04  -3.12947E-04   1.52199E-04   3.12900E-04  -1.51843E-05  -2.16860E-04  -7.37574E-05   7.25803E-05   9.11443E-05   2.59835E-05
 3.01800E+02  -2.23461E-02   6.55428E-03   1.89094E-02   2.02106E-03  -1.21226E-02  -8.39906E-03   5.26693E-03   1.01773E-02   8.96332E-05  -8.87658E-03  -3.29221E-03   6.00798E-03   4.45901E-03  -2.85663E-03  -4.14031E-03   2.68144E-04   3.01241E-03   1.38123E-03  -1.69219E-03  -1.91187E-03   1.39533E-03   2.43319E-03  -3.40818E-04  -1.28359E-03  -2.09255E-04   1.08496E-03   5.47371E-04  -6.45283E-04  -6.27941E-04   2.30063E-04   5.40866E-04   7.57827E-05  -3.75227E-04  -2.37797E-04   1.99673E-04   2.66891E-04  -5.27635E-05  -2.00381E-04  -5.79486E-05   8.24071E-05   9.24690E-05   5.88434E-06
 3.04000E+02  -2.17956E-02   6.85007E-03   1.86260E-02   1.45790E-03  -1.22004E-02  -7.77930E-03   5.63280E-03   9.71540E-03  -4.08628E-04  -8.68063E-03  -2.82421E-03   6.07884E-03   4.13657E-03  -3.11812E-03  -4.00912E-03   6.11703E-04   3.05547E-03   1.05662E-03  -1.83343E-03  -1.67892E-03   1.62092E-03   2.19714E-03  -4.86581E-04  -1.19504E-03  -6.05664E-05   1.07147E-03   4.37380E-04  -6.97583E-04  -5.69719E-04   3.16672E-04   5.30676E-04  -1.67593E-05  -3.97818E-04  -1.60029E-04   2.35579E-04   2.15317E-04  -8.47160E-05  -1.78455E-04  -4.11493E-05   8.91285E-05   8.95312E-05  -1.35038E-05
 3.06200E+02  -2.12472E-02   7.12099E-03   1.83264E-02   9.19307E-04  -1.22469E-02  -7.17201E-03   5.96316E-03   9.24667E-03  -8.80082E-04  -8.46001E-03  -2.36529E-03   6.11539E-03   3.80325E-03  -3.34657E-03  -3.85150E-03   9.32700E-04   3.06509E-03   7.39304E-04  -1.94489E-03  -1.44019E-03   1.81063E-03   1.94491E-03  -6.15026E-04  -1.09227E-03   7.99598E-05   1.03941E-03   3.24529E-04  -7.32577E-04  -5.00454E-04   3.90934E-04   5.05288E-04  -1.03293E-04  -4.05237E-04  -8.26983E-05   2.59759E-04   1.60738E-04  -1.10544E-04  -1.52523E-04  -2.39059E-05   9.27109E-05   8.27091E-05  -3.13236E-05
 3.08400E+02  -2.07019E-02   7.36753E-03   1.80122E-02   4.05621E-04  -1.22637E-02  -6.57873E-03   6.25880E-03   8.77366E-03  -1.32405E-03  -8.21740E-03  -1.91764E-03   6.11942E-03   3.46216E-03  -3.54210E-03  -3.67056E-03   1.22939E-03   3.04345E-03   4.32471E-04  -2.02732E-03  -1.19919E-03   1.96432E-03   1.68147E-03  -7.25306E-04  -9.78213E-04   2.10393E-04   9.90704E-04   2.11293E-04  -7.50572E-04  -4.22522E-04   4.51589E-04   4.66520E-04  -1.81458E-04  -3.98541E-04  -8.55137E-06   2.72553E-04   1.05524E-04  -1.30052E-04  -1.23978E-04  -6.75116E-06   9.32054E-05   7.25403E-05  -4.68477E-05
 3.10600E+02  -2.01606E-02   7.59023E-03   1.76851E-02  -8.29303E-05  -1.22524E-02  -6.00081E-03   6.52066E-03   8.29869E-03  -1.74007E-03  -7.95539E-03  -1.48322E-03   6.09285E-03   3.11631E-03  -3.70515E-03  -3.46947E-03   1.50044E-03   2.99297E-03   1.38917E-04  -2.08185E-03  -9.59141E-04   2.08249E-03   1.41150E-03  -8.16991E-04  -8.55662E-04   3.29143E-04   9.27426E-04   1.00019E-04  -7.52187E-04  -3.38424E-04   4.97814E-04   4.16522E-04  -2.49356E-04  -3.79230E-04   6.00623E-05   2.74712E-04   5.17868E-05  -1.43308E-04  -9.41188E-05   9.80739E-06   9.07445E-05   5.96840E-05  -5.95045E-05
 3.12800E+02  -1.96243E-02   7.78966E-03   1.73468E-02  -5.46251E-04  -1.22148E-02  -5.43943E-03   6.74981E-03   7.82393E-03  -2.12785E-03  -7.67651E-03  -1.06382E-03   6.03765E-03   2.76859E-03  -3.83640E-03  -3.25145E-03   1.74489E-03   2.91630E-03  -1.38990E-04  -2.10992E-03  -7.22944E-04   2.16615E-03   1.13935E-03  -8.90014E-04  -7.27299E-04   4.34941E-04   8.51703E-04  -7.11047E-06  -7.38337E-04  -2.50700E-04   5.29230E-04   3.57672E-04  -3.05587E-04  -3.49133E-04   1.21244E-04   2.67316E-04   1.31660E-06  -1.50595E-04  -6.41101E-05   2.52989E-05   8.55373E-05   4.48802E-05  -6.88943E-05
 3.15100E+02  -1.90701E-02   7.97400E-03   1.69828E-02  -1.00369E-03  -1.21495E-02  -4.87129E-03   6.95568E-03   7.32997E-03  -2.50297E-03  -7.36956E-03  -6.43147E-04   5.95159E-03   2.40605E-03  -3.94062E-03  -3.00888E-03   1.97142E-03   2.81114E-03  -4.10695E-04  -2.11278E-03  -4.82912E-04   2.21828E-03   8.56752E-04  -9.46681E-04  -5.89614E-04   5.30665E-04   7.61588E-04  -1.12525E-04  -7.08607E-04  -1.57823E-04   5.46309E-04   2.89385E-04  -3.50939E-04  -3.08357E-04   1.75722E-04   2.50793E-04  -4.63944E-05  -1.52326E-04  -3.36700E-05   3.98953E-05   7.74608E-05   2.81672E-05  -7.49790E-05
 3.17400E+02  -1.85236E-02   8.13444E-03   1.66101E-02  -1.43375E-03  -1.20594E-02  -4.32325E-03   7.12850E-03   6.84048E-03  -2.84720E-03  -7.04950E-03  -2.42197E-04   5.83892E-03   2.04740E-03  -4.01245E-03  -2.75482E-03   2.16805E-03   2.68359E-03  -6.61441E-04  -2.09064E-03  -2.52436E-04   2.23631E-03   5.80104E-04  -9.83834E-04  -4.50978E-04   6.10444E-04   6.62729E-04  -2.09245E-04  -6.64893E-04  -6.64365E-05   5.47817E-04   2.17002E-04  -3.82140E-04  -2.60487E-04   2.19466E-04   2.26932E-04  -8.77373E-05  -1.48698E-04  -5.12125E-06   5.24489E-05   6.70789E-05   1.10665E-05  -7.72023E-05
 3.19700E+02  -1.79856E-02   8.27183E-03   1.62304E-02  -1.83673E-03  -1.19467E-02  -3.79607E-03   7.26976E-03   6.35735E-03  -3.16077E-03  -6.71891E-03   1.37697E-04   5.70211E-03   1.69532E-03  -4.05347E-03  -2.49266E-03   2.33499E-03   2.53689E-03  -8.89958E-04  -2.04575E-03  -3.36682E-05   2.22262E-03   3.12953E-04  -1.00235E-03  -3.13812E-04   6.73866E-04   5.57591E-04  -2.95585E-04  -6.09057E-04   2.09640E-05   5.34749E-04   1.43275E-04  -3.99317E-04  -2.07989E-04   2.51962E-04   1.97477E-04  -1.21909E-04  -1.40472E-04   2.07881E-05   6.26264E-05   5.48427E-05  -5.57866E-06  -7.57086E-05
 3.22000E+02  -1.74570E-02   8.38708E-03   1.58455E-02  -2.21305E-03  -1.18132E-02  -3.29034E-03   7.38102E-03   5.88231E-03  -3.44410E-03  -6.38026E-03   4.95456E-04   5.54369E-03   1.35226E-03  -4.06548E-03  -2.22562E-03   2.47279E-03   2.37419E-03  -1.09540E-03  -1.98044E-03   1.71610E-04   2.17982E-03   5.83730E-05  -1.00332E-03  -1.80294E-04   7.20843E-04   4.48578E-04  -3.70205E-04  -5.43144E-04   1.02178E-04   5.08486E-04   7.07490E-05  -4.03096E-04  -1.53221E-04   2.73200E-04   1.64160E-04  -1.48499E-04  -1.28462E-04   4.35089E-05   7.01847E-05   4.12480E-05  -2.10098E-05  -7.08136E-05
 3.24300E+02  -1.69388E-02   8.48114E-03   1.54568E-02  -2.56320E-03  -1.16610E-02  -2.80650E-03   7.46387E-03   5.41689E-03  -3.69775E-03  -6.03591E-03   8.30253E-04   5.36617E-03   1.02034E-03  -4.05045E-03  -1.95665E-03   2.58232E-03   2.19857E-03  -1.27733E-03  -1.89710E-03   3.61966E-04   2.11071E-03  -1.81025E-04  -9.88044E-04  -5.23536E-05   7.51593E-04   3.38006E-04  -4.32128E-04  -4.69325E-04   1.75360E-04   4.70715E-04   1.68009E-06  -3.94526E-04  -9.83540E-05   2.83606E-04   1.28627E-04  -1.67450E-04  -1.13495E-04   6.26775E-05   7.49778E-05   2.68183E-05  -3.45840E-05  -6.29737E-05
 3.26600E+02  -1.64315E-02   8.55499E-03   1.50658E-02  -2.88776E-03  -1.14919E-02  -2.34487E-03   7.51995E-03   4.96249E-03  -3.92246E-03  -5.68809E-03   1.14151E-03   5.17206E-03   7.01413E-04  -4.01046E-03  -1.68845E-03   2.66469E-03   2.01295E-03  -1.43562E-03  -1.79810E-03   5.36289E-04   2.01820E-03  -4.03069E-04  -9.57953E-04   6.83249E-05   7.66619E-04   2.28068E-04  -4.80750E-04  -3.89831E-04   2.39053E-04   4.23352E-04  -6.20226E-05  -3.74992E-04  -4.52978E-05   2.83967E-04   9.23816E-05  -1.79000E-04  -9.63764E-05   7.80961E-05   7.69594E-05   1.20862E-05  -4.57963E-05  -5.27522E-05
 3.29000E+02  -1.59147E-02   8.61154E-03   1.46569E-02  -3.19985E-03  -1.12994E-02  -1.88703E-03   7.55171E-03   4.50143E-03  -4.12701E-03  -5.32374E-03   1.44086E-03   4.95450E-03   3.84158E-04  -3.94449E-03  -1.41207E-03   2.72317E-03   1.81156E-03  -1.57581E-03  -1.68064E-03   7.00219E-04   1.89995E-03  -6.14378E-04  -9.12443E-04   1.84958E-04   7.66370E-04   1.16232E-04  -5.17058E-04  -3.03240E-04   2.94277E-04   3.65930E-04  -1.21130E-04  -3.44683E-04   6.39839E-06   2.74791E-04   5.52278E-05  -1.83685E-04  -7.70433E-05   9.01310E-05   7.60877E-05  -3.04354E-06  -5.45969E-05  -4.02319E-05
 3.31400E+02  -1.54113E-02   8.64828E-03   1.42486E-02  -3.48560E-03  -1.10926E-02  -1.45364E-03   7.55805E-03   4.05496E-03  -4.30213E-03  -4.96014E-03   1.71411E-03   4.72427E-03   8.41700E-05  -3.85625E-03  -1.14164E-03   2.75525E-03   1.60520E-03  -1.69098E-03  -1.55130E-03   8.45199E-04   1.76290E-03  -8.03366E-04  -8.54373E-04   2.90776E-04   7.50993E-04   9.41256E-06  -5.38784E-04  -2.15355E-04   3.37330E-04   3.02709E-04  -1.71472E-04  -3.06234E-04   5.29255E-05   2.57279E-04   1.99977E-05  -1.81597E-04  -5.69925E-05   9.81057E-05   7.23822E-05  -1.73722E-05  -6.02195E-05  -2.65640E-05
 3.33800E+02  -1.49218E-02   8.66633E-03   1.38422E-02  -3.74584E-03  -1.08734E-02  -1.04465E-03   7.54091E-03   3.62413E-03  -4.44909E-03  -4.59936E-03   1.96144E-03   4.48400E-03  -1.97453E-04  -3.74827E-03  -8.79286E-04   2.76281E-03   1.39654E-03  -1.78192E-03  -1.41263E-03   9.70916E-04   1.61046E-03  -9.68963E-04  -7.85689E-04   3.84726E-04   7.21885E-04  -9.05371E-05  -5.46471E-04  -1.28486E-04   3.67978E-04   2.36063E-04  -2.12251E-04  -2.61745E-04   9.32285E-05   2.33005E-04  -1.23050E-05  -1.73642E-04  -3.69327E-05   1.02217E-04   6.61138E-05  -3.03932E-05  -6.26210E-05  -1.25006E-05
 3.36200E+02  -1.44469E-02   8.66682E-03   1.34391E-02  -3.98148E-03  -1.06436E-02  -6.59903E-04   7.50224E-03   3.20983E-03  -4.56930E-03  -4.24328E-03   2.18323E-03   4.23614E-03  -4.59920E-04  -3.62303E-03  -6.26838E-04   2.74778E-03   1.18803E-03  -1.84959E-03  -1.26705E-03   1.07733E-03   1.44602E-03  -1.11053E-03  -7.08378E-04   4.66038E-04   6.80649E-04  -1.82044E-04  -5.41011E-04  -4.47345E-05   3.86416E-04   1.68250E-04  -2.43114E-04  -2.13288E-04   1.26632E-04   2.03589E-04  -4.09321E-05  -1.60814E-04  -1.74796E-05   1.02751E-04   5.76408E-05  -4.16727E-05  -6.19227E-05   1.24876E-06
 3.38600E+02  -1.39869E-02   8.65086E-03   1.30404E-02  -4.19349E-03  -1.04051E-02  -2.99109E-04   7.44398E-03   2.81277E-03  -4.66426E-03  -3.89355E-03   2.38008E-03   3.98301E-03  -7.02723E-04  -3.48296E-03  -3.85816E-04   2.71217E-03   9.81897E-04  -1.89515E-03  -1.11689E-03   1.16465E-03   1.27286E-03  -1.22783E-03  -6.24433E-04   5.34230E-04   6.29037E-04  -2.63836E-04  -5.23588E-04   3.40598E-05   3.93219E-04   1.01341E-04  -2.64103E-04  -1.62833E-04   1.52811E-04   1.70624E-04  -6.53783E-05  -1.44134E-04   8.47938E-07   1.00061E-04   4.73907E-05  -5.08648E-05  -5.83890E-05   1.40500E-05
 3.41000E+02  -1.35421E-02   8.61958E-03   1.26473E-02  -4.38286E-03  -1.01596E-02   3.81268E-05   7.36807E-03   2.43347E-03  -4.73556E-03  -3.55166E-03   2.55277E-03   3.72673E-03  -9.25607E-04  -3.33039E-03  -1.57468E-04   2.65800E-03   7.80120E-04  -1.91993E-03  -9.64313E-04   1.23332E-03   1.09413E-03  -1.32103E-03  -5.35816E-04   5.89092E-04   5.68908E-04  -3.34959E-04  -4.95617E-04   1.06354E-04   3.89280E-04   3.71593E-05  -2.75607E-04  -1.12179E-04   1.71749E-04   1.35613E-04  -8.53583E-05  -1.24610E-04   1.76259E-05   9.45492E-05   3.58399E-05  -5.77211E-05  -5.24006E-05   2.53692E-05
 3.43500E+02  -1.30955E-02   8.57189E-03   1.22449E-02  -4.55715E-03  -9.89834E-03   3.64906E-04   7.27226E-03   2.05765E-03  -4.78641E-03  -3.20523E-03   2.70795E-03   3.45854E-03  -1.13656E-03  -3.16056E-03   6.58528E-05   2.58401E-03   5.76454E-04  -1.92517E-03  -8.05009E-04   1.28572E-03   9.05266E-04  -1.39303E-03  -4.40586E-04   6.32125E-04   4.99268E-04  -3.97015E-04  -4.56969E-04   1.73435E-04   3.74982E-04  -2.51379E-05  -2.78227E-04  -6.09030E-05   1.84040E-04   9.84369E-05  -1.01324E-04  -1.02278E-04   3.30981E-05   8.62689E-05   2.29677E-05  -6.22248E-05  -4.40558E-05   3.51368E-05
 3.46000E+02  -1.26662E-02   8.51002E-03   1.18507E-02  -4.70921E-03  -9.63303E-03   6.67349E-04   7.16143E-03   1.70171E-03  -4.81521E-03  -2.86988E-03   2.83909E-03   3.19103E-03  -1.32606E-03  -2.98192E-03   2.73500E-04   2.49432E-03   3.81131E-04  -1.91111E-03  -6.47396E-04   1.31951E-03   7.16769E-04  -1.44038E-03  -3.44385E-04   6.61094E-04   4.24597E-04  -4.46444E-04  -4.10487E-04   2.31139E-04   3.51749E-04  -8.14173E-05  -2.72278E-04  -1.26227E-05   1.89252E-04   6.18690E-05  -1.12426E-04  -7.88857E-05   4.62534E-05   7.58941E-05   9.80526E-06  -6.39953E-05  -3.41429E-05   4.25216E-05
 3.48500E+02  -1.22543E-02   8.43519E-03   1.14657E-02  -4.84028E-03  -9.36538E-03   9.46240E-04   7.03758E-03   1.36570E-03  -4.82383E-03  -2.54660E-03   2.94746E-03   2.92598E-03  -1.49448E-03  -2.79667E-03   4.64883E-04   2.39112E-03   1.95604E-04  -1.87954E-03  -4.93364E-04   1.33583E-03   5.31514E-04  -1.46439E-03  -2.49096E-04   6.76604E-04   3.46973E-04  -4.83234E-04  -3.58104E-04   2.78849E-04   3.21187E-04  -1.30658E-04  -2.58933E-04   3.14731E-05   1.88083E-04   2.70367E-05  -1.18898E-04  -5.53105E-05   5.69103E-05   6.39294E-05  -3.09294E-06  -6.31077E-05  -2.32773E-05   4.73508E-05
 3.51000E+02  -1.18600E-02   8.34861E-03   1.10908E-02  -4.95162E-03  -9.09692E-03   1.20245E-03   6.90262E-03   1.04951E-03  -4.81411E-03  -2.23617E-03   3.03441E-03   2.66495E-03  -1.64237E-03  -2.60684E-03   6.39647E-04   2.27654E-03   2.10674E-05  -1.83233E-03  -3.44578E-04   1.33595E-03   3.52070E-04  -1.46664E-03  -1.56424E-04   6.79486E-04   2.68354E-04  -5.07689E-04  -3.01717E-04   3.16304E-04   2.84945E-04  -1.72194E-04  -2.39458E-04   7.05050E-05   1.81347E-04  -5.16109E-06  -1.21091E-04  -3.23061E-05   6.49742E-05   5.08704E-05  -1.52156E-05  -5.97448E-05  -1.20653E-05   4.95963E-05
 3.53500E+02  -1.14834E-02   8.25148E-03   1.07267E-02  -5.04452E-03  -8.82906E-03   1.43694E-03   6.75837E-03   7.52882E-04  -4.78787E-03  -1.93917E-03   3.10134E-03   2.40928E-03  -1.77044E-03  -2.41431E-03   7.97651E-04   2.15263E-03  -1.41539E-04  -1.77134E-03  -2.02467E-04   1.32129E-03   1.80665E-04  -1.44896E-03  -6.78624E-05   6.70763E-04   1.90526E-04  -5.20391E-04  -2.43129E-04   3.43573E-04   2.44646E-04  -2.05693E-04  -2.15151E-04   1.03888E-04   1.69931E-04  -3.40487E-05  -1.19438E-04  -1.04978E-05   7.04288E-05   3.71929E-05  -2.61149E-05  -5.41825E-05  -1.07402E-06   4.93611E-05
 3.56100E+02  -1.11105E-02   8.14052E-03   1.03601E-02  -5.12295E-03  -8.55247E-03   1.65884E-03   6.60031E-03   4.64720E-04  -4.74494E-03  -1.64498E-03   3.15126E-03   2.15032E-03  -1.88347E-03  -2.21305E-03   9.44262E-04   2.01594E-03  -2.97249E-04  -1.69530E-03  -6.30270E-05   1.29195E-03   1.29409E-05  -1.41159E-03   1.85219E-05   6.50640E-04   1.12128E-04  -5.22013E-04  -1.81641E-04   3.61505E-04   2.00085E-04  -2.31966E-04  -1.86116E-04   1.32279E-04   1.54067E-04  -6.00816E-05  -1.14161E-04   1.03772E-05   7.33926E-05   2.27935E-05  -3.57567E-05  -4.64422E-05   9.58294E-06   4.67169E-05
 3.58700E+02  -1.07566E-02   8.02068E-03   1.00064E-02  -5.18428E-03  -8.27920E-03   1.85953E-03   6.43580E-03   1.96745E-04  -4.68792E-03  -1.36604E-03   3.18270E-03   1.89954E-03  -1.97697E-03  -2.01242E-03   1.07308E-03   1.87332E-03  -4.38794E-04  -1.60845E-03   6.68484E-05   1.24997E-03  -1.42375E-04  -1.35725E-03   9.79403E-05   6.20672E-04   3.78195E-05  -5.12931E-04  -1.21213E-04   3.69461E-04   1.54387E-04  -2.49752E-04  -1.54586E-04   1.54135E-04   1.35124E-04  -8.17233E-05  -1.05828E-04   2.89909E-05   7.37259E-05   8.67342E-06  -4.33653E-05  -3.71587E-05   1.89873E-05   4.19661E-05
 3.61300E+02  -1.04216E-02   7.89321E-03   9.66621E-03  -5.22993E-03  -8.01038E-03   2.04022E-03   6.26648E-03  -5.16984E-05  -4.61864E-03  -1.10248E-03   3.19727E-03   1.65781E-03  -2.05208E-03  -1.81399E-03   1.18458E-03   1.72667E-03  -5.65917E-04  -1.51279E-03   1.86373E-04   1.19709E-03  -2.84014E-04  -1.28838E-03   1.69523E-04   5.82369E-04  -3.11624E-05  -4.94419E-04  -6.32562E-05   3.68312E-04   1.08950E-04  -2.59533E-04  -1.21796E-04   1.69602E-04   1.14048E-04  -9.88566E-05  -9.50275E-05   4.50430E-05   7.16244E-05  -4.75141E-06  -4.87407E-05  -2.68253E-05   2.67795E-05   3.55262E-05
 3.63900E+02  -1.01054E-02   7.75929E-03   9.33976E-03  -5.26130E-03  -7.74702E-03   2.20218E-03   6.09387E-03  -2.81356E-04  -4.53880E-03  -8.54257E-04   3.19659E-03   1.42587E-03  -2.11000E-03  -1.61908E-03   1.27937E-03   1.57775E-03  -6.78603E-04  -1.41022E-03   2.95021E-04   1.13505E-03  -4.11117E-04  -1.20746E-03   2.32677E-04   5.37262E-04  -9.38682E-05  -4.67844E-04  -8.92125E-06   3.59079E-04   6.49677E-05  -2.61970E-04  -8.88325E-05   1.79008E-04   9.17111E-05  -1.11523E-04  -8.23366E-05   5.83467E-05   6.73370E-05  -1.71192E-05  -5.17954E-05  -1.59468E-05   3.27178E-05   2.78583E-05
 3.66500E+02  -9.80755E-03   7.62007E-03   9.02732E-03  -5.27978E-03  -7.48999E-03   2.34666E-03   5.91934E-03  -4.93045E-04  -4.45004E-03  -6.21213E-04   3.18223E-03   1.20426E-03  -2.15198E-03  -1.42885E-03   1.35823E-03   1.42814E-03  -7.77046E-04  -1.30253E-03   3.92509E-04   1.06551E-03  -5.23200E-04  -1.11690E-03   2.87064E-04   4.86859E-04  -1.49627E-04  -4.34605E-04   4.08971E-05   3.42871E-04   2.34161E-05  -2.57853E-04  -5.66259E-05   1.82819E-04   6.88910E-05  -1.19893E-04  -6.83089E-05   6.88140E-05   6.11553E-05  -2.81267E-05  -5.25496E-05  -5.01500E-06   3.66767E-05   1.94383E-05
 3.69100E+02  -9.52783E-03   7.47666E-03   8.72907E-03  -5.28670E-03  -7.24005E-03   2.47492E-03   5.74414E-03  -6.87643E-04  -4.35388E-03  -4.03063E-04   3.15572E-03   9.93351E-04  -2.17932E-03  -1.24429E-03   1.42204E-03   1.27926E-03  -8.61625E-04  -1.19137E-03   4.78769E-04   9.90075E-04  -6.20126E-04  -1.01898E-03   3.32584E-04   4.32600E-04  -1.98026E-04  -3.96087E-04   8.55518E-05   3.20835E-04  -1.49422E-05  -2.48043E-04  -2.59423E-05   1.81595E-04   4.62637E-05  -1.24232E-04  -5.34627E-05   7.64423E-05   5.34031E-05  -3.75331E-05  -5.11209E-05   5.51259E-06   3.86404E-05   1.07305E-05
 3.71800E+02  -9.25611E-03   7.32441E-03   8.43444E-03  -5.28303E-03  -6.98867E-03   2.59231E-03   5.56268E-03  -8.72626E-04  -4.24770E-03  -1.91868E-04   3.11691E-03   7.85888E-04  -2.19362E-03  -1.05945E-03   1.47341E-03   1.12671E-03  -9.35357E-04  -1.07384E-03   5.56595E-04   9.07073E-04  -7.04910E-04  -9.11809E-04   3.70585E-04   3.73616E-04  -2.40307E-04  -3.51924E-04   1.26011E-04   2.93003E-04  -5.07965E-05  -2.32789E-04   3.65968E-06   1.75657E-04   2.35833E-05  -1.24834E-04  -3.76901E-05   8.14333E-05   4.40605E-05  -4.54173E-05  -4.75434E-05   1.55830E-05   3.86562E-05   1.84451E-06
 3.74500E+02  -9.00302E-03   7.16986E-03   8.15516E-03  -5.26970E-03  -6.74617E-03   2.69496E-03   5.38281E-03  -1.04125E-03  -4.13654E-03   4.23065E-06   3.06817E-03   5.90285E-04  -2.19501E-03  -8.82241E-04   1.51075E-03   9.77427E-04  -9.95451E-04  -9.55635E-04   6.22759E-04   8.20806E-04  -7.73986E-04  -8.01186E-04   3.99453E-04   3.13292E-04  -2.74489E-04  -3.04887E-04   1.60211E-04   2.61337E-04  -8.21838E-05  -2.13352E-04   3.04531E-05   1.65677E-04   2.25425E-06  -1.21886E-04  -2.20300E-05   8.35821E-05   3.37947E-05  -5.12592E-05  -4.21318E-05   2.44008E-05   3.67933E-05  -6.46337E-06
 3.77200E+02  -8.76806E-03   7.01407E-03   7.89114E-03  -5.24805E-03  -6.51303E-03   2.78427E-03   5.20550E-03  -1.19464E-03  -4.02173E-03   1.85874E-04   3.01099E-03   4.06471E-04  -2.18491E-03  -7.13151E-04   1.53523E-03   8.32351E-04  -1.04275E-03  -8.38034E-04   6.77724E-04   7.32621E-04  -8.28051E-04  -6.89050E-04   4.19664E-04   2.52836E-04  -3.00796E-04  -2.56232E-04   1.88112E-04   2.26979E-04  -1.08871E-04  -1.90690E-04   5.40814E-05   1.52376E-04  -1.73073E-05  -1.15850E-04  -6.90635E-06   8.30891E-05   2.30036E-05  -5.50067E-05  -3.52451E-05   3.16729E-05   3.33100E-05  -1.38426E-05
 3.79900E+02  -8.55066E-03   6.85803E-03   7.64219E-03  -5.21937E-03  -6.28955E-03   2.86156E-03   5.03159E-03  -1.33392E-03  -3.90447E-03   3.53785E-04   2.94676E-03   2.34238E-04  -2.16468E-03  -5.52491E-04   1.54807E-03   6.92238E-04  -1.07816E-03  -7.22112E-04   7.22060E-04   6.43695E-04  -8.67976E-04  -5.77082E-04   4.31811E-04   1.93287E-04  -3.19600E-04  -2.07067E-04   2.09838E-04   1.90963E-04  -1.30783E-04  -1.65692E-04   7.43232E-05   1.36453E-04  -3.47865E-05  -1.07204E-04   7.31526E-06   8.01990E-05   1.20726E-05  -5.66766E-05  -2.72770E-05   3.71975E-05   2.85159E-05  -2.00252E-05
 3.82700E+02  -8.34313E-03   6.69693E-03   7.39966E-03  -5.18352E-03  -6.06827E-03   2.93045E-03   4.85557E-03  -1.46469E-03  -3.78143E-03   5.14252E-04   2.87405E-03   6.75088E-05  -2.13441E-03  -3.94941E-04   1.55035E-03   5.52785E-04  -1.10333E-03  -6.04620E-04   7.57504E-04   5.51772E-04  -8.95502E-04  -4.62669E-04   4.36611E-04   1.33414E-04  -3.31697E-04  -1.56559E-04   2.26116E-04   1.52840E-04  -1.48520E-04  -1.38170E-04   9.16249E-05   1.17876E-04  -5.04744E-05  -9.59886E-05   2.07834E-05   7.49669E-05   9.76282E-07  -5.63007E-05  -1.83070E-05   4.09642E-05   2.25225E-05  -2.49782E-05
 3.85400E+02  -8.15962E-03   6.54317E-03   7.18055E-03  -5.14428E-03  -5.86509E-03   2.98731E-03   4.69060E-03  -1.57877E-03  -3.66235E-03   6.56677E-04   2.79924E-03  -8.22510E-05  -2.09750E-03  -2.51760E-04   1.54306E-03   4.24361E-04  -1.11745E-03  -4.94680E-04   7.82237E-04   4.64296E-04  -9.09756E-04  -3.55198E-04   4.34462E-04   7.82150E-05  -3.36802E-04  -1.09138E-04   2.36140E-04   1.16148E-04  -1.60972E-04  -1.10837E-04   1.04740E-04   9.86001E-05  -6.31028E-05  -8.34837E-05   3.22806E-05   6.80777E-05  -9.15324E-06  -5.40477E-05  -9.38933E-06   4.26815E-05   1.61174E-05  -2.82469E-05
 3.88200E+02  -7.98585E-03   6.38624E-03   6.96819E-03  -5.09992E-03  -5.66498E-03   3.03769E-03   4.52494E-03  -1.68586E-03  -3.53927E-03   7.92554E-04   2.71791E-03  -2.26687E-04  -2.05242E-03  -1.12213E-04   1.52682E-03   2.97720E-04  -1.12258E-03  -3.84739E-04   7.98864E-04   3.75541E-04  -9.12970E-04  -2.47734E-04   4.26002E-04   2.41894E-05  -3.35947E-04  -6.19923E-05   2.41097E-04   7.88926E-05  -1.69311E-04  -8.23513E-05   1.14713E-04   7.77951E-05  -7.35283E-05  -6.92425E-05   4.24525E-05   5.93642E-05  -1.87541E-05  -4.99521E-05  -2.72541E-07   4.25402E-05   9.19368E-06  -3.00528E-05
 3.91000E+02  -7.82815E-03   6.23269E-03   6.77047E-03  -5.05300E-03  -5.47557E-03   3.08061E-03   4.36513E-03  -1.78274E-03  -3.41732E-03   9.17375E-04   2.63371E-03  -3.60687E-04  -2.00152E-03   1.84785E-05   1.50286E-03   1.77864E-04  -1.11900E-03  -2.79384E-04   8.07086E-04   2.89401E-04  -9.05593E-04  -1.45145E-04   4.11994E-04  -2.61155E-05  -3.29516E-04  -1.74762E-05   2.41012E-04   4.30526E-05  -1.73305E-04  -5.43202E-05   1.21133E-04   5.67045E-05  -8.12216E-05  -5.41651E-05   5.06929E-05   4.94105E-05  -2.71688E-05  -4.43135E-05   8.33553E-06   4.05832E-05   2.33133E-06  -3.03022E-05
 3.93800E+02  -7.68574E-03   6.08330E-03   6.58683E-03  -5.00458E-03  -5.29667E-03   3.11733E-03   4.21139E-03  -1.87061E-03  -3.29708E-03   1.03213E-03   2.54751E-03  -4.84937E-04  -1.94577E-03   1.40647E-04   1.47216E-03   6.48031E-05  -1.10766E-03  -1.78925E-04   8.07672E-04   2.06366E-04  -8.88788E-04  -4.80526E-05   3.93216E-04  -7.23852E-05  -3.18195E-04   2.39775E-05   2.36408E-04   9.12402E-06  -1.73310E-04  -2.72540E-05   1.24195E-04   3.58145E-05  -8.62274E-05  -3.86844E-05   5.69107E-05   3.85786E-05  -3.41849E-05  -3.74156E-05   1.61086E-05   3.70174E-05  -4.15744E-06  -2.91174E-05
 3.96700E+02  -7.55351E-03   5.93369E-03   6.41082E-03  -4.95394E-03  -5.12215E-03   3.15006E-03   4.05867E-03  -1.95336E-03  -3.17482E-03   1.14143E-03   2.45685E-03  -6.04104E-04  -1.88384E-03   2.58620E-04   1.43424E-03  -4.52263E-05  -1.08864E-03  -8.02420E-05   8.01012E-04   1.24037E-04  -8.62618E-04   4.62363E-05   3.69516E-04  -1.15840E-04  -3.02023E-04   6.33479E-05   2.27433E-04  -2.35864E-05  -1.69513E-04  -6.89492E-07   1.24075E-04   1.48408E-05  -8.86793E-05  -2.26495E-05   6.11810E-05   2.68126E-05  -3.98144E-05  -2.92686E-05   2.29974E-05   3.19008E-05  -1.02040E-05  -2.65644E-05
 3.99500E+02  -7.43971E-03   5.79482E-03   6.25388E-03  -4.90552E-03  -4.96366E-03   3.17765E-03   3.91747E-03  -2.02638E-03  -3.05929E-03   1.23870E-03   2.36856E-03  -7.10711E-04  -1.82074E-03   3.64716E-04   1.39253E-03  -1.44800E-04  -1.06407E-03   9.75797E-06   7.88270E-04   4.83723E-05  -8.29943E-04   1.30906E-04   3.43220E-04  -1.53374E-04  -2.82760E-04   9.76977E-05   2.15236E-04  -5.25161E-05  -1.62578E-04   2.31857E-05   1.21050E-04  -4.39538E-06  -8.85486E-05  -7.53723E-06   6.32270E-05   1.52758E-05  -4.35733E-05  -2.07586E-05   2.83235E-05   2.58837E-05  -1.51778E-05  -2.30380E-05
 4.02400E+02  -7.33533E-03   5.65739E-03   6.10405E-03  -4.85676E-03  -4.80941E-03   3.20318E-03   3.77757E-03  -2.09599E-03  -2.94242E-03   1.33187E-03   2.27680E-03  -8.13134E-04  -1.75260E-03   4.67012E-04   1.34479E-03  -2.41258E-04  -1.03296E-03   9.74774E-05   7.69219E-04  -2.58226E-05  -7.89442E-04   2.11800E-04   3.13111E-04  -1.87628E-04  -2.59661E-04   1.29333E-04   1.99478E-04  -7.94931E-05  -1.52431E-04   4.57781E-05   1.15209E-04  -2.29343E-05  -8.60110E-05   7.38395E-06   6.32650E-05   3.49183E-06  -4.56928E-05  -1.16170E-05   3.23270E-05   1.88678E-05  -1.92723E-05  -1.85411E-05
 4.05300E+02  -7.24374E-03   5.52699E-03   5.96633E-03  -4.81025E-03  -4.66469E-03   3.22659E-03   3.64390E-03  -2.16052E-03  -2.82847E-03   1.41827E-03   2.18507E-03  -9.08173E-04  -1.68217E-03   5.62099E-04   1.29307E-03  -3.31193E-04  -9.96768E-04   1.79638E-04   7.44844E-04  -9.56302E-05  -7.43106E-04   2.85661E-04   2.80683E-04  -2.17203E-04  -2.33951E-04   1.56879E-04   1.81057E-04  -1.03260E-04  -1.39694E-04   6.59584E-05   1.06936E-04  -3.97805E-05  -8.12500E-05   2.12495E-05   6.13047E-05  -7.79737E-06  -4.60300E-05  -2.47624E-06   3.47215E-05   1.13967E-05  -2.21897E-05  -1.34564E-05
 4.08300E+02  -7.16146E-03   5.39999E-03   5.83572E-03  -4.76530E-03  -4.52433E-03   3.24956E-03   3.51182E-03  -2.22292E-03  -2.71363E-03   1.50144E-03   2.09043E-03  -9.99472E-04  -1.60735E-03   6.53413E-04   1.23597E-03  -4.17665E-04  -9.54622E-04   2.58859E-04   7.14643E-04  -1.63131E-04  -6.89941E-04   3.54624E-04   2.45281E-04  -2.42939E-04  -2.05193E-04   1.81043E-04   1.59723E-04  -1.24344E-04  -1.24239E-04   8.40997E-05   9.61799E-05  -5.51752E-05  -7.42525E-05   3.41922E-05   5.73479E-05  -1.86371E-05  -4.45878E-05   6.64032E-06   3.55041E-05   3.54829E-06  -2.39239E-05  -7.86957E-06
 4.11200E+02  -7.09301E-03   5.28528E-03   5.72002E-03  -4.72556E-03  -4.39702E-03   3.27140E-03   3.38973E-03  -2.27992E-03  -2.60544E-03   1.57666E-03   1.99932E-03  -1.08162E-03  -1.53345E-03   7.35357E-04   1.17775E-03  -4.95203E-04  -9.09871E-04   3.29958E-04   6.81163E-04  -2.23773E-04  -6.34288E-04   4.14099E-04   2.09770E-04  -2.63216E-04  -1.75823E-04   2.00227E-04   1.37379E-04  -1.41270E-04  -1.07521E-04   9.88539E-05   8.40127E-05  -6.78987E-05  -6.57668E-05   4.51128E-05   5.18652E-05  -2.80346E-05  -4.15958E-05   1.48269E-05   3.46865E-05  -3.82737E-06  -2.43735E-05  -2.42318E-06
 4.14200E+02  -7.03268E-03   5.17528E-03   5.61030E-03  -4.68890E-03  -4.27320E-03   3.29437E-03   3.26871E-03  -2.33626E-03  -2.49621E-03   1.64987E-03   1.90550E-03  -1.16091E-03  -1.45560E-03   8.14051E-04   1.11478E-03  -5.69442E-04  -8.59913E-04   3.97952E-04   6.42596E-04  -2.81707E-04  -5.73059E-04   4.68229E-04   1.72179E-04  -2.79550E-04  -1.44316E-04   2.15802E-04   1.12957E-04  -1.55175E-04  -8.88173E-05   1.11141E-04   6.99720E-05  -7.86749E-05  -5.55224E-05   5.45642E-05   4.47290E-05  -3.63981E-05  -3.70347E-05   2.23742E-05   3.23390E-05  -1.09295E-05  -2.36371E-05   2.99807E-06
 4.17200E+02  -6.98200E-03   5.07438E-03   5.50978E-03  -4.65727E-03  -4.15663E-03   3.31839E-03   3.15251E-03  -2.39064E-03  -2.38942E-03   1.71906E-03   1.81207E-03  -1.23498E-03  -1.37650E-03   8.86988E-04   1.04935E-03  -6.37874E-04  -8.06653E-04   4.60409E-04   6.00485E-04  -3.34750E-04  -5.08808E-04   5.14902E-04   1.34161E-04  -2.91295E-04  -1.12136E-04   2.27111E-04   8.76633E-05  -1.65418E-04  -6.91091E-05   1.20346E-04   5.48380E-05  -8.69160E-05  -4.41231E-05   6.19833E-05   3.63865E-05  -4.31840E-05  -3.12135E-05   2.87499E-05   2.86451E-05  -1.72217E-05  -2.17941E-05   7.96876E-06
 4.20200E+02  -6.94000E-03   4.98278E-03   5.41746E-03  -4.63110E-03  -4.04646E-03   3.34403E-03   3.04053E-03  -2.44366E-03  -2.28474E-03   1.78481E-03   1.71891E-03  -1.30432E-03  -1.29624E-03   9.54534E-04   9.81703E-04  -7.00732E-04  -7.50460E-04   5.17430E-04   5.55248E-04  -3.82894E-04  -4.42182E-04   5.54197E-04   9.61260E-05  -2.98592E-04  -7.97315E-05   2.34250E-04   6.19412E-05  -1.72039E-04  -4.88182E-05   1.26455E-04   3.90006E-05  -9.25592E-05  -3.19194E-05   6.72626E-05   2.71459E-05  -4.82434E-05  -2.43968E-05   3.37667E-05   2.38295E-05  -2.24759E-05  -1.89991E-05   1.22892E-05
 4.23200E+02  -6.90571E-03   4.90062E-03   5.33240E-03  -4.61072E-03  -3.94188E-03   3.37173E-03   2.93216E-03  -2.49583E-03  -2.18177E-03   1.84760E-03   1.62587E-03  -1.36933E-03  -1.21485E-03   1.01699E-03   9.12042E-04  -7.58204E-04  -6.91657E-04   5.69097E-04   5.07262E-04  -4.26133E-04  -3.73785E-04   5.86194E-04   5.84624E-05  -3.01592E-04  -4.75257E-05   2.37338E-04   3.62153E-05  -1.75111E-04  -2.83561E-05   1.29496E-04   2.28474E-05  -9.55887E-05  -1.92683E-05   7.03451E-05   1.73301E-05  -5.14801E-05  -1.68731E-05   3.72901E-05   1.81485E-05  -2.65174E-05  -1.54355E-05   1.58010E-05
 4.26300E+02  -6.87738E-03   4.82573E-03   5.25113E-03  -4.59599E-03  -3.83881E-03   3.40290E-03   2.82329E-03  -2.54925E-03  -2.07673E-03   1.90977E-03   1.52965E-03  -1.43229E-03  -1.12958E-03   1.07642E-03   8.38117E-04  -8.12090E-04  -6.28456E-04   6.16924E-04   4.55162E-04  -4.65648E-04  -3.01862E-04   6.11686E-04   2.03243E-05  -3.00343E-04  -1.48848E-05   2.36424E-04   1.00623E-05  -1.74667E-04  -7.45717E-06   1.29488E-04   6.22958E-06  -9.60071E-05  -6.10535E-06   7.12174E-05   6.93390E-06  -5.28654E-05  -8.67702E-06   3.92785E-05   1.16644E-05  -2.92939E-05  -1.11628E-05   1.84593E-05
 4.29400E+02  -6.85530E-03   4.76103E-03   5.17559E-03  -4.58787E-03  -3.73993E-03   3.43695E-03   2.71689E-03  -2.60251E-03  -1.97261E-03   1.96947E-03   1.43311E-03  -1.49120E-03  -1.04308E-03   1.13085E-03   7.62367E-04  -8.60486E-04  -5.63064E-04   6.59133E-04   4.00871E-04  -4.99892E-04  -2.29277E-04   6.29584E-04  -1.66333E-05  -2.94861E-04   1.66831E-05   2.31516E-04  -1.52239E-05  -1.70698E-04   1.27702E-05   1.26398E-04  -9.90709E-06  -9.37572E-05   6.76487E-06   6.97910E-05  -3.35970E-06  -5.22741E-05  -3.88079E-07   3.95635E-05   4.87140E-06  -3.05823E-05  -6.52543E-06   2.00565E-05
 4.32500E+02  -6.83850E-03   4.70648E-03   5.10481E-03  -4.58647E-03  -3.64438E-03   3.47406E-03   2.61228E-03  -2.65581E-03  -1.86895E-03   2.02691E-03   1.33601E-03  -1.54625E-03  -9.55325E-04   1.18039E-03   6.84932E-04  -9.03450E-04  -4.95758E-04   6.95728E-04   3.44741E-04  -5.28835E-04  -1.56632E-04   6.40002E-04  -5.20314E-05  -2.85352E-04   4.67662E-05   2.22827E-04  -3.92276E-05  -1.63399E-04   3.19177E-05   1.20400E-04  -2.51693E-05  -8.89823E-05   1.89680E-05   6.61777E-05  -1.31967E-05  -4.97829E-05   7.65979E-06   3.81842E-05  -1.91175E-06  -3.03807E-05  -1.76469E-06   2.05683E-05
 4.35600E+02  -6.82607E-03   4.66198E-03   5.03784E-03  -4.59181E-03  -3.55131E-03   3.51433E-03   2.50880E-03  -2.70928E-03  -1.76529E-03   2.08221E-03   1.23812E-03  -1.59750E-03  -8.66280E-04   1.22507E-03   6.05948E-04  -9.40988E-04  -4.26813E-04   7.26688E-04   2.87127E-04  -5.52439E-04  -8.45228E-05   6.43070E-04  -8.55027E-05  -2.72043E-04   7.49712E-05   2.10601E-04  -6.15558E-05  -1.53006E-04   4.96016E-05   1.11713E-04  -3.91881E-05  -8.18807E-05   3.01527E-05   6.05472E-05  -2.22435E-05  -4.55288E-05   1.51489E-05   3.52415E-05  -8.37797E-06  -2.87504E-05   2.88441E-06   2.00198E-05
 4.38700E+02  -6.81713E-03   4.62740E-03   4.97379E-03  -4.60382E-03  -3.45992E-03   3.55775E-03   2.40581E-03  -2.76294E-03  -1.66122E-03   2.13537E-03   1.13922E-03  -1.64495E-03  -7.75925E-04   1.26489E-03   5.25563E-04  -9.73064E-04  -3.56507E-04   7.51968E-04   2.28383E-04  -5.70659E-04  -1.35427E-05   6.38943E-04  -1.16693E-04  -2.55194E-04   1.00927E-04   1.95124E-04  -8.18430E-05  -1.39802E-04   6.54692E-05   1.00608E-04  -5.16273E-05  -7.27034E-05   3.99998E-05   5.31247E-05  -3.01965E-05  -3.97060E-05   2.17888E-05   3.08944E-05  -1.42432E-05  -2.58118E-05   7.20211E-06   1.84827E-05
 4.41900E+02  -6.81067E-03   4.60190E-03   4.90982E-03  -4.62309E-03  -3.36652E-03   3.60581E-03   2.29937E-03  -2.81846E-03  -1.55292E-03   2.18795E-03   1.03588E-03  -1.68987E-03  -6.81286E-04   1.30079E-03   4.41294E-04  -1.00037E-03  -2.82823E-04   7.72038E-04   1.66950E-04  -5.83775E-04   5.79132E-05   6.27331E-04  -1.46141E-04  -2.34393E-04   1.24995E-04   1.76078E-04  -1.00293E-04  -1.23568E-04   7.96111E-05   8.69461E-05  -6.24987E-05  -6.13720E-05   4.84681E-05   4.38761E-05  -3.69805E-05  -3.23108E-05   2.74843E-05   2.51581E-05  -1.94019E-05  -2.15905E-05   1.11039E-05   1.59800E-05
 4.45100E+02  -6.80617E-03   4.58650E-03   4.84714E-03  -4.64916E-03  -3.27331E-03   3.65700E-03   2.19222E-03  -2.87397E-03  -1.44337E-03   2.23804E-03   9.31097E-04  -1.73053E-03  -5.85302E-04   1.33129E-03   3.55932E-04  -1.02166E-03  -2.08360E-04   7.85905E-04   1.05128E-04  -5.91063E-04   1.26882E-04   6.08495E-04  -1.72455E-04  -2.10485E-04   1.45959E-04   1.54308E-04  -1.15898E-04  -1.05090E-04   9.11914E-05   7.14444E-05  -7.11051E-05  -4.85290E-05   5.49682E-05   3.33655E-05  -4.20861E-05  -2.38262E-05   3.17805E-05   1.84329E-05  -2.34265E-05  -1.64023E-05   1.42631E-05   1.27107E-05
 4.48300E+02  -6.80281E-03   4.58092E-03   4.78492E-03  -4.68176E-03  -3.17955E-03   3.71109E-03   2.08378E-03  -2.92925E-03  -1.33222E-03   2.28542E-03   8.24773E-04  -1.76673E-03  -4.88067E-04   1.35620E-03   2.69735E-04  -1.03681E-03  -1.33502E-04   7.93485E-04   4.33615E-05  -5.92494E-04   1.92718E-04   5.82727E-04  -1.95322E-04  -1.83865E-04   1.63524E-04   1.30256E-04  -1.28396E-04  -8.48143E-05   9.99807E-05   5.45423E-05  -7.72449E-05  -3.45948E-05   5.93203E-05   2.19857E-05  -4.53466E-05  -1.46115E-05   3.45152E-05   1.10401E-05  -2.61488E-05  -1.05295E-05   1.65417E-05   8.87273E-06
 4.51500E+02  -6.79979E-03   4.58481E-03   4.72237E-03  -4.72058E-03  -3.08456E-03   3.76777E-03   1.97359E-03  -2.98399E-03  -1.21922E-03   2.32982E-03   7.16857E-04  -1.79820E-03  -3.89728E-04   1.37534E-03   1.83011E-04  -1.04567E-03  -5.86717E-05   7.94699E-04  -1.78804E-05  -5.88057E-04   2.54784E-04   5.50377E-04  -2.14473E-04  -1.54967E-04   1.77453E-04   1.04398E-04  -1.37592E-04  -6.32232E-05   1.05821E-04   3.67115E-05  -8.07917E-05  -2.00194E-05   6.14199E-05   1.01570E-05  -4.66694E-05  -5.05218E-06   3.55971E-05   3.32735E-06  -2.74664E-05  -4.28163E-06   1.78501E-05   4.68641E-06
 4.54800E+02  -6.79627E-03   4.59836E-03   4.65675E-03  -4.76675E-03  -2.98468E-03   3.82856E-03   1.85766E-03  -3.03952E-03  -1.10053E-03   2.37213E-03   6.03919E-04  -1.82542E-03  -2.87380E-04   1.38877E-03   9.34025E-05  -1.04807E-03   1.79796E-05   7.89218E-04  -7.99633E-05  -5.77356E-04   3.14187E-04   5.10557E-04  -2.30093E-04  -1.23275E-04   1.87821E-04   7.63807E-05  -1.43485E-04  -4.01167E-05   1.08671E-04   1.78713E-05  -8.16855E-05  -4.80976E-06   6.12017E-05  -2.05370E-06  -4.59905E-05   4.74768E-06   3.49652E-05  -4.58253E-06  -2.73208E-05   2.21313E-06   1.81436E-05   2.49913E-07
 4.58100E+02  -6.79159E-03   4.62116E-03   4.58927E-03  -4.81870E-03  -2.88225E-03   3.89129E-03   1.73903E-03  -3.09369E-03  -9.79509E-04   2.41053E-03   4.89400E-04  -1.84698E-03  -1.84376E-04   1.39558E-03   4.06370E-06  -1.04348E-03   9.35619E-05   7.76869E-04  -1.40394E-04  -5.60500E-04   3.68274E-04   4.64690E-04  -2.41339E-04  -9.02027E-05   1.94017E-04   4.75661E-05  -1.45682E-04  -1.67224E-05   1.08303E-04  -8.87006E-07  -7.98161E-05   1.00757E-05   5.86304E-05  -1.38115E-05  -4.33117E-05   1.40650E-05   3.26262E-05  -1.20654E-05  -2.56925E-05   8.41408E-06   1.73828E-05  -4.05637E-06
 4.61400E+02  -6.78506E-03   4.65274E-03   4.51926E-03  -4.87595E-03  -2.77675E-03   3.95547E-03   1.61738E-03  -3.14601E-03  -8.56095E-04   2.44458E-03   3.73471E-04  -1.86255E-03  -8.10819E-05   1.39553E-03  -8.44995E-05  -1.03181E-03   1.67486E-04   7.57662E-04  -1.98582E-04  -5.37606E-04   4.16431E-04   4.13368E-04  -2.48097E-04  -5.63174E-05   1.96007E-04   1.85479E-05  -1.44223E-04   6.38755E-06   1.04813E-04  -1.90269E-05  -7.53202E-05   2.41442E-05   5.38648E-05  -2.46701E-05  -3.87962E-05   2.24983E-05   2.87308E-05  -1.87603E-05  -2.27047E-05   1.39930E-05   1.56430E-05  -7.99222E-06
 4.64700E+02  -6.77602E-03   4.69261E-03   4.44612E-03  -4.93798E-03  -2.66772E-03   4.02058E-03   1.49251E-03  -3.19599E-03  -7.30311E-04   2.47385E-03   2.56383E-04  -1.87179E-03   2.20691E-05   1.38840E-03  -1.71728E-04  -1.01297E-03   2.39127E-04   7.31668E-04  -2.53922E-04  -5.08854E-04   4.58098E-04   3.57254E-04  -2.50322E-04  -2.22004E-05   1.93842E-04  -1.00810E-05  -1.39235E-04   2.86564E-05   9.83900E-05  -3.60393E-05  -6.84243E-05   3.69395E-05   4.71498E-05  -3.42256E-05  -3.26885E-05   2.96908E-05   2.35059E-05  -2.43501E-05  -1.85515E-05   1.86610E-05   1.30524E-05  -1.13442E-05
 4.68100E+02  -6.76346E-03   4.74180E-03   4.36691E-03  -5.00630E-03  -2.55132E-03   4.08803E-03   1.36031E-03  -3.24449E-03  -5.98346E-04   2.49854E-03   1.34876E-04  -1.87435E-03   1.27673E-04   1.37349E-03  -2.59567E-04  -9.86070E-04   3.09866E-04   6.97936E-04  -3.07312E-04  -4.73370E-04   4.93708E-04   2.95201E-04  -2.47911E-04   1.25754E-05   1.87409E-04  -3.85598E-05  -1.30634E-04   5.01647E-05   8.89918E-05  -5.18971E-05  -5.91339E-05   4.83669E-05   3.85312E-05  -4.23456E-05  -2.50628E-05   3.54935E-05   1.70402E-05  -2.86827E-05  -1.33228E-05   2.22708E-05   9.67685E-06  -1.40023E-05
 4.71500E+02  -6.74701E-03   4.79865E-03   4.28328E-03  -5.07848E-03  -2.43045E-03   4.15525E-03   1.22446E-03  -3.28936E-03  -4.64169E-04   2.51722E-03   1.29097E-05  -1.86956E-03   2.32001E-04   1.35078E-03  -3.44649E-04  -9.51631E-04   3.76764E-04   6.57386E-04  -3.56367E-04  -4.32296E-04   5.21427E-04   2.29716E-04  -2.40843E-04   4.63464E-05   1.76946E-04  -6.54105E-05  -1.18840E-04   6.96965E-05   7.71490E-05  -6.56220E-05  -4.80328E-05   5.76543E-05   2.86008E-05  -4.84262E-05  -1.64842E-05   3.94306E-05   9.84493E-06  -3.13709E-05  -7.45593E-06   2.44838E-05   5.80978E-06  -1.57163E-05
 4.74900E+02  -6.72612E-03   4.86254E-03   4.19476E-03  -5.15387E-03  -2.30488E-03   4.22159E-03   1.08496E-03  -3.33005E-03  -3.28055E-04   2.52945E-03  -1.09021E-04  -1.85713E-03   3.34403E-04   1.32021E-03  -4.26251E-04  -9.09810E-04   4.39095E-04   6.10355E-04  -4.00443E-04  -3.86085E-04   5.40882E-04   1.61741E-04  -2.29325E-04   7.85028E-05   1.62778E-04  -9.00772E-05  -1.04253E-04   8.67922E-05   6.33111E-05  -7.68527E-05  -3.55902E-05   6.45312E-05   1.78242E-05  -5.22728E-05  -7.39570E-06   4.13633E-05   2.32634E-06  -3.23095E-05  -1.31089E-06   2.52046E-05   1.70297E-06  -1.64088E-05
 4.78300E+02  -6.70031E-03   4.93285E-03   4.10099E-03  -5.23179E-03  -2.17443E-03   4.28640E-03   9.41909E-04  -3.36597E-03  -1.90350E-04   2.53482E-03  -2.30364E-04  -1.83688E-03   4.34198E-04   1.28182E-03  -5.03640E-04  -8.60856E-04   4.96149E-04   5.57279E-04  -4.38937E-04  -3.35281E-04   5.51807E-04   9.22774E-05  -2.13639E-04   1.08468E-04   1.45304E-04  -1.12062E-04  -8.73412E-05   1.01070E-04   4.79785E-05  -8.53199E-05  -2.23122E-05   6.88283E-05   6.69153E-06  -5.37959E-05   1.74412E-06   4.12567E-05  -5.09924E-06  -3.14921E-05   4.74325E-06   2.44280E-05  -2.38356E-06  -1.60671E-05
 4.81700E+02  -6.66913E-03   5.00891E-03   4.00163E-03  -5.31155E-03  -2.03900E-03   4.34901E-03   7.95473E-04  -3.39659E-03  -5.14662E-05   2.53295E-03  -3.50523E-04  -1.80867E-03   5.30682E-04   1.23572E-03  -5.76091E-04  -8.05122E-04   5.47251E-04   4.98698E-04  -4.71300E-04  -2.80520E-04   5.54060E-04   2.23736E-05  -1.94147E-04   1.35708E-04   1.24991E-04  -1.30935E-04  -6.86207E-05   1.12233E-04   3.16838E-05  -9.08531E-05  -8.72039E-06   7.04821E-05  -4.30597E-06  -5.30128E-05   1.04857E-05   3.91805E-05  -1.20294E-05  -2.90101E-05   1.03507E-05   2.22388E-05  -6.19783E-06  -1.47429E-05
 4.85200E+02  -6.63103E-03   5.09254E-03   3.89327E-03  -5.39485E-03  -1.89437E-03   4.41048E-03   6.41442E-04  -3.42200E-03   9.22419E-05   2.52313E-03  -4.72313E-04  -1.77124E-03   6.25801E-04   1.18043E-03  -6.44780E-04  -7.41139E-04   5.92984E-04   4.33314E-04  -4.97709E-04  -2.20778E-04   5.47309E-04  -4.89100E-05  -1.70559E-04   1.60397E-04   1.01665E-04  -1.46743E-04  -4.80408E-05   1.20258E-04   1.44796E-05  -9.34123E-05   5.05702E-06   6.94672E-05  -1.49922E-05  -4.99260E-05   1.86295E-05   3.51637E-05  -1.82609E-05  -2.49101E-05   1.53184E-05   1.86868E-05  -9.59943E-06  -1.24716E-05
 4.88700E+02  -6.58648E-03   5.18083E-03   3.77853E-03  -5.47860E-03  -1.74450E-03   4.46824E-03   4.84400E-04  -3.44068E-03   2.36143E-04   2.50501E-03  -5.91469E-04  -1.72532E-03   7.15903E-04   1.11751E-03  -7.06784E-04  -6.71043E-04   6.31155E-04   3.63566E-04  -5.16699E-04  -1.58476E-04   5.31498E-04  -1.18331E-04  -1.43930E-04   1.81238E-04   7.64963E-05  -1.58588E-04  -2.67462E-05   1.24652E-04  -2.58077E-06  -9.28239E-05   1.80936E-05   6.58484E-05  -2.45782E-05  -4.47594E-05   2.55169E-05   2.95176E-05  -2.32463E-05  -1.95271E-05   1.91830E-05   1.40769E-05  -1.22637E-05  -9.45590E-06
 4.92300E+02  -6.53364E-03   5.27572E-03   3.65373E-03  -5.56440E-03  -1.58502E-03   4.52304E-03   3.20149E-04  -3.45235E-03   3.83720E-04   2.47748E-03  -7.10522E-04  -1.66933E-03   8.02579E-04   1.04529E-03  -7.62907E-04  -5.93298E-04   6.62005E-04   2.88204E-04  -5.28170E-04  -9.27104E-05   5.06108E-04  -1.86553E-04  -1.13998E-04   1.98268E-04   4.93684E-05  -1.66438E-04  -4.75012E-06   1.25370E-04  -1.93920E-05  -8.90830E-05   3.02298E-05   5.96765E-05  -3.28814E-05  -3.76183E-05   3.09633E-05   2.23878E-05  -2.68115E-05  -1.30265E-05   2.17853E-05   8.57150E-06  -1.40753E-05  -5.81188E-06
 4.95800E+02  -6.47522E-03   5.37117E-03   3.52578E-03  -5.64670E-03  -1.42500E-03   4.57116E-03   1.58281E-04  -3.45589E-03   5.26117E-04   2.44191E-03  -8.22122E-04  -1.60658E-03   8.80310E-04   9.68289E-04  -8.09456E-04  -5.13026E-04   6.83434E-04   2.12398E-04  -5.31312E-04  -2.81446E-05   4.73039E-04  -2.48620E-04  -8.30873E-05   2.10251E-04   2.24679E-05  -1.69764E-04   1.61083E-05   1.22470E-04  -3.44987E-05  -8.26390E-05   4.03794E-05   5.16391E-05  -3.91343E-05  -2.93036E-05   3.44486E-05   1.45946E-05  -2.86038E-05  -6.17949E-06   2.28583E-05   2.84591E-06  -1.48442E-05  -1.99862E-06
 4.99400E+02  -6.40771E-03   5.47183E-03   3.38739E-03  -5.72941E-03  -1.25561E-03   4.61467E-03  -9.90308E-06  -3.45107E-03   6.70761E-04   2.39616E-03  -9.31896E-04  -1.53375E-03   9.52871E-04   8.82758E-04  -8.48601E-04  -4.26552E-04   6.96400E-04   1.32891E-04  -5.26270E-04   3.78334E-05   4.31082E-04  -3.06940E-04  -5.01552E-05   2.17677E-04  -5.03542E-06  -1.68773E-04   3.64162E-05   1.15986E-04  -4.82902E-05  -7.34630E-05   4.87866E-05   4.17033E-05  -4.34839E-05  -1.98083E-05   3.60605E-05   6.16427E-06  -2.86778E-05   9.60070E-07   2.24400E-05  -3.02941E-06  -1.45952E-05   1.92481E-06
 5.03000E+02  -6.33259E-03   5.57421E-03   3.24225E-03  -5.80934E-03  -1.08172E-03   4.65146E-03  -1.79191E-04  -3.43728E-03   8.12817E-04   2.34111E-03  -1.03585E-03  -1.45289E-03   1.01734E-03   7.91528E-04  -8.78514E-04  -3.37101E-04   7.00048E-04   5.29563E-05  -5.12964E-04   1.02277E-04   3.81936E-04  -3.58610E-04  -1.68271E-05   2.20048E-04  -3.16701E-05  -1.63438E-04   5.50007E-05   1.06253E-04  -5.99120E-05  -6.21201E-05   5.48955E-05   3.05547E-05  -4.56243E-05  -9.85329E-06   3.56774E-05  -2.20626E-06  -2.70235E-05   7.75697E-06   2.05592E-05  -8.50146E-06  -1.33463E-05   5.57808E-06
 5.06600E+02  -6.24985E-03   5.67751E-03   3.09055E-03  -5.88574E-03  -9.03808E-04   4.68092E-03  -3.48915E-04  -3.41420E-03   9.51527E-04   2.27681E-03  -1.13328E-03  -1.36447E-03   1.07319E-03   6.95400E-04  -8.98941E-04  -2.45711E-04   6.94417E-04  -2.62592E-05  -4.91681E-04   1.64104E-04   3.26624E-04  -4.02705E-04   1.61264E-05   2.17394E-04  -5.67625E-05  -1.53999E-04   7.13628E-05   9.36621E-05  -6.90543E-05  -4.90863E-05   5.85744E-05   1.87000E-05  -4.55711E-05   6.57620E-08   3.34185E-05  -1.00595E-05  -2.38143E-05   1.38055E-05   1.73941E-05  -1.32183E-05  -1.12209E-05   8.71600E-06
 5.10300E+02  -6.15694E-03   5.78384E-03   2.92810E-03  -5.95980E-03  -7.17307E-04   4.70299E-03  -5.23060E-04  -3.38056E-03   1.08980E-03   2.20124E-03  -1.22593E-03  -1.26626E-03   1.12117E-03   5.92395E-04  -9.09926E-04  -1.50881E-04   6.79166E-04  -1.05735E-04  -4.61960E-04   2.23837E-04   2.64572E-04  -4.39330E-04   4.88089E-05   2.09590E-04  -8.02903E-05  -1.40382E-04   8.54235E-05   7.82287E-05  -7.56454E-05  -3.44677E-05   5.97985E-05   6.31352E-06  -4.33607E-05   9.73472E-06   2.93751E-05  -1.71676E-05  -1.91757E-05   1.88845E-05   1.30765E-05  -1.69776E-05  -8.31374E-06   1.11945E-05
 5.14000E+02  -6.05616E-03   5.88954E-03   2.75940E-03  -6.02862E-03  -5.27745E-04   4.71621E-03  -6.96104E-04  -3.33668E-03   1.22291E-03   2.11628E-03  -1.31032E-03  -1.16127E-03   1.15924E-03   4.86092E-04  -9.10783E-04  -5.62824E-05   6.54699E-04  -1.82069E-04  -4.24918E-04   2.78679E-04   1.98603E-04  -4.66524E-04   7.95107E-05   1.96929E-04  -1.00930E-04  -1.23272E-04   9.63384E-05   6.08295E-05  -7.92760E-05  -1.91791E-05   5.85148E-05  -5.75685E-06  -3.91998E-05   1.84301E-05   2.39139E-05  -2.29476E-05  -1.35407E-05   2.25370E-05   8.02480E-06  -1.94146E-05  -4.91482E-06   1.27655E-05
 5.17700E+02  -5.94773E-03   5.99385E-03   2.58491E-03  -6.09150E-03  -3.35821E-04   4.72012E-03  -8.67209E-04  -3.28245E-03   1.35006E-03   2.02228E-03  -1.38588E-03  -1.05021E-03   1.18716E-03   3.77495E-04  -9.01675E-04   3.69476E-05   6.21555E-04  -2.54146E-04  -3.81338E-04   3.27703E-04   1.30169E-04  -4.83886E-04   1.07506E-04   1.79829E-04  -1.18171E-04  -1.03236E-04   1.03860E-04   4.20758E-05  -7.99375E-05  -3.79370E-06   5.49080E-05  -1.70299E-05  -3.34086E-05   2.57860E-05   1.74301E-05  -2.71452E-05  -7.32404E-06   2.45960E-05   2.62525E-06  -2.04129E-05  -1.29369E-06   1.33508E-05
 5.21400E+02  -5.83191E-03   6.09607E-03   2.40513E-03  -6.14783E-03  -1.42281E-04   4.71437E-03  -1.03552E-03  -3.21788E-03   1.47045E-03   1.91963E-03  -1.45208E-03  -9.33858E-04   1.20480E-03   2.67622E-04  -8.82906E-04   1.27709E-04   5.80417E-04  -3.20942E-04  -3.32125E-04   3.70111E-04   6.07542E-05  -4.91252E-04   1.32149E-04   1.58820E-04  -1.31612E-04  -8.09213E-05   1.07853E-04   2.26056E-05  -7.77262E-05   1.11369E-05   4.92480E-05  -2.70870E-05  -2.63671E-05   3.15295E-05   1.03550E-05  -2.96168E-05  -9.57584E-07   2.50100E-05  -2.72748E-06  -1.99645E-05   2.27505E-06   1.29486E-05
 5.25200E+02  -5.70558E-03   6.19820E-03   2.21559E-03  -6.19831E-03   5.73521E-05   4.69810E-03  -1.20457E-03  -3.14091E-03   1.58630E-03   1.80574E-03  -1.50987E-03  -8.09729E-04   1.21221E-03   1.54524E-04  -8.54028E-04   2.17259E-04   5.30695E-04  -3.83089E-04  -2.76776E-04   4.06094E-04  -1.00000E-05  -4.88486E-04   1.53398E-04   1.33833E-04  -1.41164E-04  -5.63660E-05   1.08265E-04   2.53963E-06  -7.26685E-05   2.54596E-05   4.16524E-05  -3.57902E-05  -1.82702E-05   3.55689E-05   2.93251E-06  -3.03260E-05   5.29751E-06   2.37883E-05  -7.78443E-06  -1.81001E-05   5.61435E-06   1.15838E-05
 5.29000E+02  -5.57216E-03   6.29678E-03   2.02172E-03  -6.24080E-03   2.56992E-04   4.67113E-03  -1.36883E-03  -3.05333E-03   1.69348E-03   1.68387E-03  -1.55694E-03  -6.81839E-04   1.20886E-03   4.22516E-05  -8.16017E-04   3.02055E-04   4.74389E-04  -4.37856E-04  -2.17717E-04   4.33879E-04  -7.86696E-05  -4.75576E-04   1.70076E-04   1.06150E-04  -1.46245E-04  -3.09399E-05   1.05045E-04  -1.69212E-05  -6.50886E-05   3.82671E-05   3.26659E-05  -4.25692E-05  -9.75393E-06   3.76481E-05  -4.20218E-06  -2.92636E-05   1.08622E-05   2.10750E-05  -1.20472E-05  -1.50177E-05   8.38434E-06   9.40268E-06
 5.32800E+02  -5.43206E-03   6.39125E-03   1.82421E-03  -6.27488E-03   4.55750E-04   4.63336E-03  -1.52740E-03  -2.95545E-03   1.79130E-03   1.55474E-03  -1.59299E-03  -5.51168E-04   1.19499E-03  -6.81307E-05  -7.69590E-04   3.81143E-04   4.12589E-04  -4.84549E-04  -1.56172E-04   4.53116E-04  -1.43792E-04  -4.53088E-04   1.81865E-04   7.65970E-05  -1.46836E-04  -5.44736E-06   9.84207E-05  -3.51346E-05  -5.53715E-05   4.91404E-05   2.27400E-05  -4.72418E-05  -1.26518E-06   3.77956E-05  -1.06503E-05  -2.66140E-05   1.54029E-05   1.71418E-05  -1.52422E-05  -1.10040E-05   1.03997E-05   6.61044E-06
 5.36600E+02  -5.28573E-03   6.48109E-03   1.62377E-03  -6.30021E-03   6.52736E-04   4.58478E-03  -1.67940E-03  -2.84768E-03   1.87913E-03   1.41912E-03  -1.61784E-03  -4.18723E-04   1.17092E-03  -1.75598E-04  -7.15569E-04   4.53680E-04   3.46454E-04  -5.22641E-04  -9.33892E-05   4.63644E-04  -2.04034E-04  -4.21799E-04   1.88600E-04   4.60328E-05  -1.43064E-04   1.93257E-05   8.87348E-05  -5.15194E-05  -4.39667E-05   5.77483E-05   1.23378E-05  -4.97242E-05   6.78540E-06   3.61345E-05  -1.60860E-05  -2.26443E-05   1.86785E-05   1.23278E-05  -1.71906E-05  -6.40066E-06   1.15432E-05   3.44955E-06
 5.40500E+02  -5.12955E-03   6.56797E-03   1.41576E-03  -6.31685E-03   8.52142E-04   4.52377E-03  -1.82769E-03  -2.72732E-03   1.95830E-03   1.27408E-03  -1.63160E-03  -2.82016E-04   1.13608E-03  -2.81843E-04  -6.53180E-04   5.20555E-04   2.75336E-04  -5.52418E-04  -2.89692E-05   4.65418E-04  -2.59557E-04  -3.81544E-04   1.90244E-04   1.45167E-05  -1.34936E-04   4.32273E-05   7.60716E-05  -6.59101E-05  -3.10267E-05   6.39826E-05   1.64452E-06  -5.00067E-05   1.42187E-05   3.27616E-05  -2.03620E-05  -1.75386E-05   2.05817E-05   6.86721E-06  -1.78155E-05  -1.44780E-06   1.17650E-05   9.31561E-08
 5.44400E+02  -4.96781E-03   6.64905E-03   1.20620E-03  -6.32380E-03   1.04783E-03   4.45169E-03  -1.96734E-03  -2.59771E-03   2.02586E-03   1.12408E-03  -1.63347E-03  -1.45622E-04   1.09155E-03  -3.83014E-04  -5.84797E-04   5.79124E-04   2.02245E-04  -5.72561E-04   3.41403E-05   4.58263E-04  -3.07642E-04  -3.34236E-04   1.86701E-04  -1.62532E-05  -1.22919E-04   6.48716E-05   6.12088E-05  -7.74159E-05  -1.73953E-05   6.74445E-05  -8.60560E-06  -4.81022E-05   2.05030E-05   2.79831E-05  -2.31658E-05  -1.17715E-05   2.09761E-05   1.29299E-06  -1.70789E-05   3.34863E-06   1.10555E-05  -3.10625E-06
 5.48400E+02  -4.79669E-03   6.72576E-03   9.90476E-04  -6.32076E-03   1.24373E-03   4.36655E-03  -2.10079E-03  -2.45593E-03   2.08266E-03   9.66161E-04  -1.62319E-03  -7.20523E-06   1.03651E-03  -4.80565E-04  -5.09590E-04   6.30050E-04   1.26607E-04  -5.83205E-04   9.62066E-05   4.42080E-04  -3.48350E-04  -2.79783E-04   1.77999E-04  -4.61528E-05  -1.07127E-04   8.40820E-05   4.43375E-05  -8.58972E-05  -3.29413E-06   6.80901E-05  -1.82186E-05  -4.40821E-05   2.55156E-05   2.19708E-05  -2.44605E-05  -5.58156E-06   1.98965E-05  -4.12974E-06  -1.50510E-05   7.73375E-06   9.47181E-06  -5.96820E-06
 5.52300E+02  -4.62528E-03   6.79394E-03   7.80144E-04  -6.30785E-03   1.42919E-03   4.27301E-03  -2.22065E-03  -2.30988E-03   2.12557E-03   8.09314E-04  -1.60150E-03   1.25211E-04   9.74493E-04  -5.68796E-04  -4.32479E-04   6.70436E-04   5.35145E-05  -5.83998E-04   1.52954E-04   4.18274E-04  -3.79029E-04  -2.22355E-04   1.65023E-04  -7.29129E-05  -8.90050E-05   9.93985E-05   2.69806E-05  -9.07521E-05   1.00062E-05   6.59794E-05  -2.63464E-05  -3.84227E-05   2.88607E-05   1.53918E-05  -2.42310E-05   3.39642E-07   1.75765E-05  -8.77968E-06  -1.20608E-05   1.11898E-05   7.26367E-06  -8.14764E-06
 5.56300E+02  -4.44536E-03   6.85678E-03   5.65197E-04  -6.28443E-03   1.61289E-03   4.16677E-03  -2.33244E-03  -2.15301E-03   2.15659E-03   6.46661E-04  -1.56765E-03   2.57312E-04   9.03202E-04  -6.51480E-04  -3.50719E-04   7.02152E-04  -1.94954E-05  -5.75353E-04   2.06206E-04   3.86407E-04  -4.00869E-04  -1.60550E-04   1.47696E-04  -9.72196E-05  -6.83700E-05   1.11239E-04   8.96003E-06  -9.21919E-05   2.26446E-05   6.12135E-05  -3.31016E-05  -3.11815E-05   3.06509E-05   8.29326E-06  -2.26069E-05   5.94478E-06   1.41629E-05  -1.26099E-05  -8.25703E-06   1.36724E-05   4.53941E-06  -9.61165E-06
 5.60300E+02  -4.26183E-03   6.91220E-03   3.51802E-04  -6.25083E-03   1.78921E-03   4.05068E-03  -2.43242E-03  -1.98998E-03   2.17438E-03   4.83400E-04  -1.52255E-03   3.84581E-04   8.25081E-04  -7.25609E-04  -2.67466E-04   7.23994E-04  -8.93127E-05  -5.57679E-04   2.53492E-04   3.47932E-04  -4.12828E-04  -9.73752E-05   1.26994E-04  -1.17787E-04  -4.64560E-05   1.18947E-04  -8.58231E-06  -9.01540E-05   3.37821E-05   5.41289E-05  -3.80337E-05  -2.28830E-05   3.08061E-05   1.21498E-06  -1.97923E-05   1.07839E-05   1.00249E-05  -1.52938E-05  -4.05148E-06   1.49556E-05   1.59859E-06  -1.02216E-05
 5.64400E+02  -4.07054E-03   6.96109E-03   1.35448E-04  -6.20599E-03   1.96153E-03   3.92215E-03  -2.52218E-03  -1.81758E-03   2.17896E-03   3.16692E-04  -1.46525E-03   5.08946E-04   7.38974E-04  -7.92153E-04  -1.81824E-04   7.36247E-04  -1.56409E-04  -5.30934E-04   2.94945E-04   3.02747E-04  -4.14953E-04  -3.28173E-05   1.03071E-04  -1.34550E-04  -2.35098E-05   1.22505E-04  -2.53833E-05  -8.47119E-05   4.32180E-05   4.48852E-05  -4.10599E-05  -1.37277E-05   2.93777E-05  -5.65551E-06  -1.59530E-05   1.47199E-05   5.39835E-06  -1.67544E-05   3.04813E-07   1.50055E-05  -1.37626E-06  -9.96252E-06
 5.68400E+02  -3.88142E-03   7.00087E-03  -7.26017E-05  -6.15234E-03   2.12082E-03   3.78818E-03  -2.59704E-03  -1.64532E-03   2.17029E-03   1.55889E-04  -1.39926E-03   6.23367E-04   6.50151E-04  -8.47441E-04  -9.91289E-05   7.38568E-04  -2.16527E-04  -4.97282E-04   3.27928E-04   2.54233E-04  -4.07501E-04   2.84688E-05   7.79152E-05  -1.46420E-04  -1.44393E-06   1.21841E-04  -4.00372E-05  -7.65041E-05   5.01837E-05   3.44151E-05  -4.19954E-05  -4.60636E-06   2.66100E-05  -1.16742E-05  -1.15804E-05   1.74210E-05   8.62323E-07  -1.69240E-05   4.25976E-06   1.39002E-05  -4.00244E-06  -8.92127E-06
 5.72500E+02  -3.68558E-03   7.03342E-03  -2.82060E-04  -6.08750E-03   2.27447E-03   3.64285E-03  -2.66055E-03  -1.46577E-03   2.14827E-03  -5.81894E-06  -1.32213E-03   7.32647E-04   5.55295E-04  -8.93927E-04  -1.63677E-05   7.31477E-04  -2.71819E-04  -4.56041E-04   3.53661E-04   2.01238E-04  -3.90703E-04   8.81055E-05   5.11235E-05  -1.53871E-04   2.00859E-05   1.17178E-04  -5.27778E-05  -6.56094E-05   5.48273E-05   2.27379E-05  -4.09465E-05   4.49131E-06   2.26003E-05  -1.68813E-05  -6.77684E-06   1.89632E-05  -3.47676E-06  -1.59092E-05   7.71108E-06   1.17581E-05  -6.20631E-06  -7.18546E-06
 5.76700E+02  -3.48350E-03   7.05801E-03  -4.91965E-04  -6.01110E-03   2.42126E-03   3.48646E-03  -2.71165E-03  -1.27993E-03   2.11242E-03  -1.66953E-04  -1.23411E-03   8.35326E-04   4.55325E-04  -9.30661E-04   6.52211E-05   7.14826E-04  -3.21103E-04  -4.07860E-04   3.71320E-04   1.44890E-04  -3.64734E-04   1.44487E-04   2.35052E-05  -1.56590E-04   4.02893E-05   1.08630E-04  -6.30408E-05  -5.24432E-05   5.68844E-05   1.03762E-05  -3.79247E-05   1.31107E-05   1.75538E-05  -2.10003E-05  -1.84364E-06   1.92780E-05  -7.30144E-06  -1.38096E-05   1.03734E-05   8.76092E-06  -7.79388E-06  -4.90302E-06
 5.80800E+02  -3.28541E-03   7.07342E-03  -6.91696E-04  -5.92717E-03   2.55380E-03   3.32734E-03  -2.74799E-03  -1.09786E-03   2.06508E-03  -3.18681E-04  -1.14046E-03   9.25774E-04   3.56178E-04  -9.55834E-04   1.40786E-04   6.90065E-04  -3.61514E-04  -3.56217E-04   3.80055E-04   8.92130E-05  -3.31854E-04   1.93764E-04  -2.80405E-06  -1.54630E-04   5.76187E-05   9.71156E-05  -7.00888E-05  -3.82701E-05   5.63068E-05  -1.51016E-06  -3.33164E-05   2.04664E-05   1.20232E-05  -2.37063E-05   2.69707E-06   1.84446E-05  -1.02134E-05  -1.09687E-05   1.19723E-05   5.34858E-06  -8.60138E-06  -2.40523E-06
 5.85000E+02  -3.08225E-03   7.08039E-03  -8.90403E-04  -5.83207E-03   2.67825E-03   3.15866E-03  -2.77152E-03  -9.11855E-04   2.00469E-03  -4.67300E-04  -1.03775E-03   1.00777E-03   2.54213E-04  -9.70744E-04   2.13136E-04   6.56758E-04  -3.94693E-04  -2.99841E-04   3.80504E-04   3.28206E-05  -2.91670E-04   2.37349E-04  -2.83144E-05  -1.48220E-04   7.24470E-05   8.26848E-05  -7.41573E-05  -2.30729E-05   5.32424E-05  -1.29522E-05  -2.72191E-05   2.66035E-05   6.07014E-06  -2.50756E-05   6.81841E-06   1.65797E-05  -1.22175E-05  -7.53498E-06   1.25314E-05   1.67795E-06  -8.64983E-06   1.92791E-07
 5.89300E+02  -2.87465E-03   7.07831E-03  -1.08708E-03  -5.72565E-03   2.79356E-03   2.98097E-03  -2.78160E-03  -7.23175E-04   1.93133E-03  -6.11264E-04  -9.26775E-04   1.08002E-03   1.50631E-04  -9.74819E-04   2.81113E-04   6.15225E-04  -4.19896E-04  -2.39791E-04   3.72487E-04  -2.29239E-05  -2.45108E-04   2.73946E-04  -5.22050E-05  -1.37510E-04   8.42138E-05   6.58513E-05  -7.50571E-05  -7.49714E-06   4.78151E-05  -2.33889E-05  -1.99303E-05   3.11812E-05   1.55803E-08  -2.50269E-05   1.02810E-05   1.38225E-05  -1.31909E-05  -3.78402E-06   1.20157E-05  -1.93531E-06  -7.93680E-06   2.65878E-06
 5.93500E+02  -2.67290E-03   7.06737E-03  -1.27207E-03  -5.61339E-03   2.89423E-03   2.80350E-03  -2.77821E-03  -5.41712E-04   1.84941E-03  -7.42964E-04  -8.13990E-04   1.13881E-03   5.14080E-05  -9.68204E-04   3.40912E-04   5.68337E-04  -4.35997E-04  -1.80112E-04   3.56991E-04  -7.42523E-05  -1.95784E-04   3.01319E-04  -7.27727E-05  -1.23555E-04   9.21767E-05   4.81147E-05  -7.29212E-05   7.09771E-06   4.06673E-05  -3.19277E-05  -1.22123E-05   3.38499E-05  -5.54632E-06  -2.36546E-05   1.27906E-05   1.05375E-05  -1.31226E-05  -1.83234E-07   1.05780E-05  -5.03980E-06  -6.60994E-06   4.68108E-06
 5.97800E+02  -2.46800E-03   7.04716E-03  -1.45369E-03  -5.49052E-03   2.98499E-03   2.61874E-03  -2.76175E-03  -3.59893E-04   1.75615E-03  -8.67874E-04  -6.95380E-04   1.18672E-03  -4.70477E-05  -9.51060E-04   3.94858E-04   5.14869E-04  -4.43990E-04  -1.19184E-04   3.34079E-04  -1.22549E-04  -1.42871E-04   3.20492E-04  -9.05160E-05  -1.06344E-04   9.66625E-05   2.93645E-05  -6.79506E-05   2.08288E-05   3.19295E-05  -3.86682E-05  -4.14309E-06   3.47015E-05  -1.05976E-05  -2.10535E-05   1.43971E-05   6.82217E-06  -1.21202E-05   3.17464E-06   8.35287E-06  -7.55424E-06  -4.77242E-06   6.20404E-06
 6.02100E+02  -2.26540E-03   7.01802E-03  -1.62701E-03  -5.36022E-03   3.06334E-03   2.43184E-03  -2.73280E-03  -1.83072E-04   1.65459E-03  -9.82084E-04  -5.74966E-04   1.22215E-03  -1.41271E-04  -9.24022E-04   4.41055E-04   4.56917E-04  -4.43786E-04  -5.95747E-05   3.04977E-04  -1.65643E-04  -8.90387E-05   3.30687E-04  -1.04558E-04  -8.68839E-05   9.75266E-05   1.07243E-05  -6.05694E-05   3.28494E-05   2.22712E-05  -4.31968E-05   3.66156E-06   3.37196E-05  -1.47647E-05  -1.74589E-05   1.50235E-05   3.00176E-06  -1.03455E-05   5.98791E-06   5.61757E-06  -9.24355E-06  -2.64814E-06   7.08095E-06
 6.06500E+02  -2.06107E-03   6.97920E-03  -1.79537E-03  -5.21986E-03   3.13076E-03   2.23931E-03  -2.69102E-03  -8.24182E-06   1.54337E-03  -1.08735E-03  -4.51297E-04   1.24561E-03  -2.32283E-04  -8.86857E-04   4.80043E-04   3.94075E-04  -4.35654E-04  -1.02832E-06   2.69883E-04  -2.03611E-04  -3.45356E-05   3.32072E-04  -1.14875E-04  -6.54180E-05   9.48860E-05  -7.55150E-06  -5.10229E-05   4.29886E-05   1.19860E-05  -4.54764E-05   1.09603E-05   3.09898E-05  -1.79332E-05  -1.30219E-05   1.47039E-05  -7.73364E-07  -7.95045E-06   8.14871E-06   2.57651E-06  -1.00459E-05  -3.95278E-07   7.28100E-06
 6.10900E+02  -1.86038E-03   6.93157E-03  -1.95426E-03  -5.07306E-03   3.18547E-03   2.04642E-03  -2.63779E-03   1.59579E-04   1.42611E-03  -1.18050E-03  -3.28561E-04   1.25642E-03  -3.16899E-04  -8.40946E-04   5.10528E-04   3.28759E-04  -4.20206E-04   5.40731E-05   2.30592E-04  -2.34834E-04   1.79308E-05   3.24804E-04  -1.21022E-04  -4.31683E-05   8.90242E-05  -2.44072E-05  -4.00177E-05   5.06747E-05   1.83282E-06  -4.54376E-05   1.72085E-05   2.67788E-05  -1.98835E-05  -8.11859E-06   1.35194E-05  -4.19853E-06  -5.21264E-06   9.50065E-06  -4.24545E-07  -9.92718E-06   1.72723E-06   6.81360E-06
 6.15300E+02  -1.66389E-03   6.87548E-03  -2.10339E-03  -4.92055E-03   3.22769E-03   1.85408E-03  -2.57400E-03   3.19661E-04   1.30415E-03  -1.26133E-03  -2.08087E-04   1.25503E-03  -3.94308E-04  -7.87247E-04   5.32524E-04   2.62057E-04  -3.98248E-04   1.04903E-04   1.88323E-04  -2.58974E-04   6.70541E-05   3.09603E-04  -1.23067E-04  -2.09012E-05   8.03817E-05  -3.93259E-05  -2.81319E-05   5.57698E-05  -7.69691E-06  -4.32594E-05   2.21322E-05   2.14195E-05  -2.05810E-05  -3.06004E-06   1.16179E-05  -7.10012E-06  -2.37379E-06   1.00326E-05  -3.13013E-06  -8.98273E-06   3.53756E-06   5.77483E-06
 6.19700E+02  -1.47213E-03   6.81129E-03  -2.24250E-03  -4.76305E-03   3.25774E-03   1.66312E-03  -2.50058E-03   4.71386E-04   1.17881E-03  -1.32980E-03  -9.11115E-05   1.24204E-03  -4.63834E-04  -7.26789E-04   5.46172E-04   1.95012E-04  -3.70654E-04   1.50792E-04   1.44284E-04  -2.75903E-04   1.11713E-04   2.87375E-04  -1.21211E-04   6.68343E-07   6.94683E-05  -5.19026E-05  -1.59315E-05   5.82613E-05  -1.61859E-05  -3.92164E-05   2.55531E-05   1.52875E-05  -2.00659E-05   1.85285E-06   9.17419E-06  -9.35209E-06   3.46345E-07   9.79747E-06  -5.33627E-06  -7.37118E-06   4.89841E-06   4.30479E-06
 6.24200E+02  -1.28140E-03   6.73774E-03  -2.37422E-03  -4.59757E-03   3.27625E-03   1.47012E-03  -2.41650E-03   6.17382E-04   1.04844E-03  -1.38711E-03   2.37293E-05   1.21751E-03  -5.26229E-04  -6.59095E-04   5.51765E-04   1.27117E-04  -3.37567E-04   1.92078E-04   9.86329E-05  -2.85829E-04   1.51818E-04   2.58460E-04  -1.15609E-04   2.13373E-05   5.65365E-05  -6.20443E-05  -3.67989E-06   5.82220E-05  -2.34511E-05  -3.35137E-05   2.74161E-05   8.62579E-06  -1.83981E-05   6.44200E-06   6.31196E-06  -1.09038E-05   2.81455E-06   8.87199E-06  -6.93076E-06  -5.24231E-06   5.73781E-06   2.52932E-06
 6.28700E+02  -1.09658E-03   6.65665E-03  -2.49513E-03  -4.42843E-03   3.28283E-03   1.28024E-03  -2.32434E-03   7.53662E-04   9.17154E-04  -1.43181E-03   1.32660E-04   1.18251E-03  -5.79403E-04  -5.86660E-04   5.49290E-04   6.08763E-05  -3.00560E-04   2.27274E-04   5.35281E-05  -2.88546E-04   1.85556E-04   2.24507E-04  -1.06703E-04   4.00147E-05   4.24250E-05  -6.92580E-05   7.84187E-06   5.57778E-05  -2.90436E-05  -2.66420E-05   2.76461E-05   1.97670E-06  -1.57538E-05   1.03461E-05   3.28674E-06  -1.16669E-05   4.81984E-06   7.40293E-06  -7.78299E-06  -2.86143E-06   5.98942E-06   6.65358E-07
 6.33200E+02  -9.18083E-04   6.56855E-03  -2.60515E-03  -4.25643E-03   3.27795E-03   1.09425E-03  -2.22511E-03   8.79889E-04   7.86149E-04  -1.46427E-03   2.34756E-04   1.13803E-03  -6.23099E-04  -5.10694E-04   5.39240E-04  -2.81400E-06  -2.60641E-04   2.56157E-04   1.00420E-05  -2.84487E-04   2.12431E-04   1.86793E-04  -9.50201E-05   5.62232E-05   2.77460E-05  -7.34910E-05   1.82062E-05   5.12268E-05  -3.28312E-05  -1.90413E-05   2.63597E-05  -4.28382E-06  -1.23594E-05   1.33768E-05   2.94968E-07  -1.16615E-05   6.26962E-06   5.56217E-06  -7.89346E-06  -4.61684E-07   5.68126E-06  -1.10832E-06
 6.37800E+02  -7.42523E-04   6.47179E-03  -2.70637E-03  -4.07847E-03   3.26169E-03   9.08910E-04  -2.11740E-03   9.98280E-04   6.53692E-04  -1.48528E-03   3.31253E-04   1.08386E-03  -6.57865E-04  -4.30645E-04   5.21748E-04  -6.44512E-05  -2.17848E-04   2.79085E-04  -3.17518E-05  -2.73937E-04   2.32543E-04   1.45695E-04  -8.08156E-05   6.98710E-05   1.27638E-05  -7.48059E-05   2.72524E-05   4.47741E-05  -3.48108E-05  -1.09704E-05   2.36825E-05  -9.94844E-06  -8.38221E-06   1.54465E-05  -2.54455E-06  -1.09282E-05   7.13732E-06   3.48075E-06  -7.30913E-06   1.79303E-06   4.86848E-06  -2.66846E-06
 6.42400E+02  -5.74258E-04   6.36885E-03  -2.79629E-03  -3.89918E-03   3.23462E-03   7.29102E-04  -2.00439E-03   1.10575E-03   5.23786E-04  -1.49461E-03   4.19147E-04   1.02210E-03  -6.82679E-04  -3.49425E-04   4.97654E-04  -1.21843E-04  -1.74041E-04   2.95416E-04  -7.00045E-05  -2.57657E-04   2.45183E-04   1.03361E-04  -6.49760E-05   8.03244E-05  -1.62538E-06  -7.32585E-05   3.44753E-05   3.69286E-05  -3.49521E-05  -3.02446E-06   1.99017E-05  -1.46061E-05  -4.17781E-06   1.64236E-05  -5.00512E-06  -9.56529E-06   7.39552E-06   1.37521E-06  -6.14636E-06   3.66826E-06   3.67428E-06  -3.85024E-06
 6.47000E+02  -4.13546E-04   6.26032E-03  -2.87504E-03  -3.71936E-03   3.19742E-03   5.55476E-04  -1.88709E-03   1.20224E-03   3.97404E-04  -1.49293E-03   4.97955E-04   9.53966E-04  -6.97753E-04  -2.68241E-04   4.67723E-04  -1.74360E-04  -1.30150E-04   3.05360E-04  -1.04021E-04  -2.36484E-04   2.50544E-04   6.10601E-05  -4.81632E-05   8.74749E-05  -1.49177E-05  -6.91313E-05   3.97190E-05   2.81421E-05  -3.34176E-05   4.41485E-06   1.53336E-05  -1.80775E-05  -2.71195E-08   1.63293E-05  -6.96451E-06  -7.70896E-06   7.10005E-06  -5.97884E-07  -4.57041E-06   5.03877E-06   2.24540E-06  -4.57819E-06
 6.51700E+02  -2.57349E-04   6.14427E-03  -2.94420E-03  -3.53589E-03   3.14968E-03   3.85067E-04  -1.76385E-03   1.28950E-03   2.72801E-04  -1.48065E-03   5.68767E-04   8.79044E-04  -7.03468E-04  -1.86515E-04   4.31956E-04  -2.22456E-04  -8.61036E-05   3.09262E-04  -1.33858E-04  -2.10737E-04   2.48913E-04   1.90881E-05  -3.06464E-05   9.13904E-05  -2.69312E-05  -6.26257E-05   4.29744E-05   1.86618E-05  -3.03592E-05   1.11648E-05   1.01994E-05  -2.03060E-05   3.89267E-06   1.52192E-05  -8.36454E-06  -5.46391E-06   6.31924E-06  -2.34694E-06  -2.72424E-06   5.85034E-06   7.03479E-07  -4.82750E-06
 6.56400E+02  -1.09399E-04   6.02363E-03  -3.00223E-03  -3.35349E-03   3.09286E-03   2.22267E-04  -1.63818E-03   1.36541E-03   1.53553E-04  -1.45853E-03   6.29604E-04   8.00041E-04  -6.99912E-04  -1.07136E-04   3.91838E-04  -2.64518E-04  -4.36605E-05   3.07287E-04  -1.58351E-04  -1.81819E-04   2.40690E-04  -2.05299E-05  -1.34186E-05   9.20232E-05  -3.70194E-05  -5.42505E-05   4.41450E-05   9.12892E-06  -2.60900E-05   1.68007E-05   4.93878E-06  -2.11986E-05   7.26110E-06   1.32395E-05  -9.11571E-06  -3.03932E-06   5.17185E-06  -3.73233E-06  -8.32429E-07   6.06088E-06  -7.66862E-07  -4.60148E-06
 6.61200E+02   3.30853E-05   5.89634E-03  -3.05037E-03  -3.16907E-03   3.02634E-03   6.43423E-05  -1.50836E-03   1.43141E-03   3.79808E-05  -1.42671E-03   6.81442E-04   7.16444E-04  -6.87382E-04  -2.95404E-05   3.47323E-04  -3.00952E-04  -2.68727E-06   2.99762E-04  -1.77650E-04  -1.50051E-04   2.26263E-04  -5.75895E-05   3.28814E-06   8.95443E-05  -4.50923E-05  -4.42707E-05   4.33231E-05  -2.26152E-07  -2.08202E-05   2.12294E-05  -2.33518E-07  -2.08136E-05   9.95374E-06   1.05293E-05  -9.21752E-06  -5.55404E-07   3.75560E-06  -4.71553E-06   9.65195E-07   5.70771E-06  -2.05717E-06  -3.95068E-06
 6.65900E+02   1.64120E-04   5.76830E-03  -3.08705E-03  -2.99102E-03   2.95372E-03  -8.17374E-05  -1.38072E-03   1.48501E-03  -6.85525E-05  -1.38745E-03   7.22278E-04   6.32941E-04  -6.67163E-04   4.21392E-05   3.01186E-04  -3.30080E-04   3.45252E-05   2.87608E-04  -1.90930E-04  -1.17741E-04   2.07103E-04  -8.97780E-05   1.82870E-05   8.44029E-05  -5.06879E-05  -3.36082E-05   4.07503E-05  -8.64425E-06  -1.51115E-05   2.41777E-05  -4.82590E-06  -1.93170E-05   1.17491E-05   7.43398E-06  -8.71197E-06   1.72433E-06   2.25963E-06  -5.23939E-06   2.45022E-06   4.90167E-06  -3.01351E-06  -3.00395E-06
 6.70800E+02   2.91798E-04   5.63186E-03  -3.11479E-03  -2.80875E-03   2.87107E-03  -2.24697E-04  -1.24805E-03   1.52963E-03  -1.72174E-04  -1.33897E-03   7.54708E-04   5.45348E-04  -6.38615E-04   1.11526E-04   2.51367E-04  -3.53509E-04   6.97645E-05   2.70587E-04  -1.99004E-04  -8.37801E-05   1.82830E-04  -1.18401E-04   3.20719E-05   7.66234E-05  -5.40699E-05  -2.20833E-05   3.64908E-05  -1.63170E-05  -8.93603E-06   2.57798E-05  -8.88594E-06  -1.67919E-05   1.26902E-05   3.99908E-06  -7.63510E-06   3.79447E-06   7.12609E-07  -5.34252E-06   3.60193E-06   3.71147E-06  -3.62353E-06  -1.81972E-06
 6.75600E+02   4.08075E-04   5.49590E-03  -3.13210E-03  -2.63412E-03   2.78416E-03  -3.55274E-04  -1.11938E-03   1.56262E-03  -2.65973E-04  -1.28499E-03   7.76871E-04   4.60100E-04  -6.04218E-04   1.73556E-04   2.01781E-04  -3.69676E-04   1.00401E-04   2.50319E-04  -2.01496E-04  -5.11348E-05   1.55836E-04  -1.41148E-04   4.34358E-05   6.70885E-05  -5.50418E-05  -1.08798E-05   3.10840E-05  -2.25025E-05  -2.98825E-06   2.59582E-05  -1.19857E-05  -1.36096E-05   1.27153E-05   6.72964E-07  -6.15228E-06   5.40677E-06  -6.82994E-07  -5.05330E-06   4.28232E-06   2.34787E-06  -3.81961E-06  -5.97010E-07
 6.80500E+02   5.17886E-04   5.35533E-03  -3.14032E-03  -2.46041E-03   2.69031E-03  -4.78773E-04  -9.90179E-04   1.58585E-03  -3.53624E-04  -1.22425E-03   7.90245E-04   3.74650E-04  -5.63576E-04   2.30302E-04   1.51259E-04  -3.79459E-04   1.27459E-04   2.26693E-04  -1.98943E-04  -1.92634E-05   1.26070E-04  -1.58748E-04   5.26486E-05   5.59197E-05  -5.38258E-05   1.55952E-08   2.46683E-05  -2.72983E-05   2.68746E-06   2.48523E-05  -1.41664E-05  -9.90605E-06   1.19121E-05  -2.45832E-06  -4.34189E-06   6.55126E-06  -1.89892E-06  -4.43131E-06   4.51289E-06   9.06505E-07  -3.63350E-06   5.87050E-07
 6.85400E+02   6.18846E-04   5.21355E-03  -3.13960E-03  -2.29178E-03   2.59223E-03  -5.92330E-04  -8.63931E-04   1.59908E-03  -4.32955E-04  -1.15878E-03   7.94921E-04   2.91681E-04  -5.18412E-04   2.80050E-04   1.01675E-04  -3.82764E-04   1.50122E-04   2.00831E-04  -1.91783E-04   1.04376E-05   9.51248E-05  -1.70645E-04   5.93532E-05   4.38240E-05  -5.06389E-05   9.97592E-06   1.77212E-05  -3.04852E-05   7.72064E-06   2.26298E-05  -1.53356E-05  -6.00879E-06   1.04090E-05  -5.13831E-06  -2.38213E-06   7.15310E-06  -2.84416E-06  -3.56493E-06   4.31261E-06  -4.46694E-07  -3.11675E-06   1.59810E-06
 6.90300E+02   7.11116E-04   5.07109E-03  -3.13060E-03  -2.12865E-03   2.49082E-03  -6.95995E-04  -7.41344E-04   1.60295E-03  -5.03926E-04  -1.08952E-03   7.91613E-04   2.11960E-04  -4.69789E-04   3.22603E-04   5.37935E-05  -3.80002E-04   1.68357E-04   1.73435E-04  -1.80638E-04   3.73969E-05   6.39974E-05  -1.76991E-04   6.35552E-05   3.13061E-05  -4.57995E-05   1.86915E-05   1.06065E-05  -3.20708E-05   1.19261E-05   1.95120E-05  -1.55388E-05  -2.16381E-06   8.37866E-06  -7.23312E-06  -4.21752E-07   7.21707E-06  -3.48613E-06  -2.54552E-06   3.75468E-06  -1.59985E-06  -2.35498E-06   2.35677E-06
 6.95300E+02   7.96507E-04   4.92555E-03  -3.11355E-03  -1.96821E-03   2.38484E-03  -7.91720E-04  -6.20678E-04   1.59791E-03  -5.67780E-04  -1.01587E-03   7.80794E-04   1.34621E-04  -4.17679E-04   3.58559E-04   7.39235E-06  -3.71439E-04   1.82468E-04   1.44581E-04  -1.65853E-04   6.16313E-05   3.29869E-05  -1.78064E-04   6.53621E-05   1.85815E-05  -3.95253E-05   2.60700E-05   3.52146E-06  -3.21231E-05   1.52361E-05   1.56587E-05  -1.48510E-05   1.48612E-06   5.96091E-06  -8.68675E-06   1.43850E-06   6.77197E-06  -3.82142E-06  -1.44018E-06   2.91672E-06  -2.48965E-06  -1.42855E-06   2.82382E-06
 7.00300E+02   8.73275E-04   4.78036E-03  -3.08924E-03  -1.81413E-03   2.27718E-03  -8.77508E-04  -5.05050E-04   1.58455E-03  -6.23112E-04  -9.40098E-04   7.63281E-04   6.18713E-05  -3.64085E-04   3.87072E-04  -3.59154E-05  -3.57660E-04   1.92193E-04   1.15458E-04  -1.48350E-04   8.22459E-05   3.57456E-06  -1.74143E-04   6.48442E-05   6.34295E-06  -3.22915E-05   3.17741E-05  -3.07851E-06  -3.07469E-05   1.74888E-05   1.13885E-05  -1.34021E-05   4.68154E-06   3.39600E-06  -9.42596E-06   3.03723E-06   5.88925E-06  -3.84996E-06  -3.54779E-07   1.92020E-06  -3.04631E-06  -4.59081E-07   2.96938E-06
 7.05400E+02   9.42956E-04   4.63313E-03  -3.05766E-03  -1.66377E-03   2.16651E-03  -9.55086E-04  -3.92802E-04   1.56314E-03  -6.70989E-04  -8.61498E-04   7.39388E-04  -7.17669E-06  -3.08892E-04   4.08724E-04  -7.63769E-05  -3.38899E-04   1.97832E-04   8.60761E-05  -1.28455E-04   9.93629E-05  -2.40449E-05  -1.65596E-04   6.21769E-05  -5.25184E-06  -2.43278E-05   3.58081E-05  -9.04743E-06  -2.80857E-05   1.86917E-05   6.86859E-06  -1.13165E-05   7.33868E-06   8.24862E-07  -9.47504E-06   4.30482E-06   4.64505E-06  -3.59975E-06   6.56028E-07   8.56749E-07  -3.26467E-06   4.70985E-07   2.80949E-06
 7.10500E+02   1.00422E-03   4.48724E-03  -3.01993E-03  -1.52044E-03   2.05575E-03  -1.02302E-03  -2.86712E-04   1.53469E-03  -7.10508E-04  -7.82392E-04   7.10273E-04  -7.07057E-05  -2.54095E-04   4.23233E-04  -1.12673E-04  -3.16099E-04   1.99455E-04   5.75569E-05  -1.07242E-04   1.12484E-04  -4.86670E-05  -1.53147E-04   5.76600E-05  -1.56318E-05  -1.61606E-05   3.80649E-05  -1.40452E-05  -2.44104E-05   1.88410E-05   2.43151E-06  -8.80925E-06   9.30545E-06  -1.52895E-06  -8.89111E-06   5.14708E-06   3.17791E-06  -3.11938E-06   1.50977E-06  -1.48710E-07  -3.15831E-06   1.25576E-06   2.38996E-06
 7.15600E+02   1.05738E-03   4.34314E-03  -2.97671E-03  -1.38425E-03   1.94563E-03  -1.08174E-03  -1.87094E-04   1.50006E-03  -7.42022E-04  -7.03543E-04   6.76788E-04  -1.28519E-04  -2.00520E-04   4.31062E-04  -1.44504E-04  -2.90000E-04   1.97420E-04   3.03623E-05  -8.54100E-05   1.21682E-04  -6.98540E-05  -1.37541E-04   5.16391E-05  -2.45577E-05  -8.14281E-06   3.86426E-05  -1.79406E-05  -1.99998E-05   1.80385E-05  -1.70441E-06  -6.07308E-06   1.05505E-05  -3.53019E-06  -7.78891E-06   5.54294E-06   1.61745E-06  -2.47017E-06   2.16518E-06  -1.01127E-06  -2.78222E-06   1.83420E-06   1.78263E-06
 7.20800E+02   1.10359E-03   4.19850E-03  -2.92769E-03  -1.25282E-03   1.83467E-03  -1.13262E-03  -9.24119E-05   1.45922E-03  -7.66332E-04  -6.24126E-04   6.38986E-04  -1.81485E-04  -1.47890E-04   4.32729E-04  -1.72172E-04  -2.60756E-04   1.91986E-04   4.39546E-06  -6.31698E-05   1.27207E-04  -8.76294E-05  -1.19171E-04   4.43263E-05  -3.19968E-05  -4.36213E-07   3.76663E-05  -2.07135E-05  -1.50382E-05   1.63852E-05  -5.42657E-06  -3.23440E-06   1.10923E-05  -5.11212E-06  -6.27310E-06   5.50252E-06   5.82625E-08  -1.70167E-06   2.60624E-06  -1.68294E-06  -2.19591E-06   2.17787E-06   1.05459E-06
 7.26000E+02   1.14210E-03   4.05656E-03  -2.87433E-03  -1.12890E-03   1.72564E-03  -1.17496E-03  -4.81437E-06   1.41368E-03  -7.83221E-04  -5.46350E-04   5.98295E-04  -2.28412E-04  -9.78997E-05   4.28649E-04  -1.94928E-04  -2.29615E-04   1.83599E-04  -1.94721E-05  -4.15366E-05   1.29121E-04  -1.01402E-04  -9.91144E-05   3.62090E-05  -3.76717E-05   6.53698E-06   3.53228E-05  -2.22788E-05  -9.89280E-06   1.40643E-05  -8.50895E-06  -5.13993E-07   1.09554E-05  -6.18023E-06  -4.51428E-06   5.06244E-06  -1.35488E-06  -8.92586E-07   2.81348E-06  -2.11257E-06  -1.48865E-06   2.26839E-06   3.02738E-07
 7.31200E+02   1.17330E-03   3.91770E-03  -2.81727E-03  -1.01247E-03   1.61907E-03  -1.20933E-03   7.56616E-05   1.36427E-03  -7.93206E-04  -4.70793E-04   5.55470E-04  -2.69384E-04  -5.10526E-05   4.19493E-04  -2.12804E-04  -1.97307E-04   1.72710E-04  -4.09973E-05  -2.10110E-05   1.27774E-04  -1.11178E-04  -7.81345E-05   2.76561E-05  -4.15706E-05   1.25783E-05   3.18578E-05  -2.26989E-05  -4.82452E-06   1.12681E-05  -1.08607E-05   1.94864E-06   1.02278E-05  -6.72709E-06  -2.66225E-06   4.29736E-06  -2.53111E-06  -1.04689E-07   2.79920E-06  -2.29575E-06  -7.43228E-07   2.12734E-06  -3.95190E-07
 7.36500E+02   1.19802E-03   3.77969E-03  -2.75594E-03  -9.01434E-04   1.51344E-03  -1.23675E-03   1.50409E-04   1.31076E-03  -7.96849E-04  -3.96584E-04   5.10343E-04  -3.05178E-04  -6.93355E-06   4.05650E-04  -2.26135E-04  -1.63886E-04   1.59508E-04  -6.03531E-05  -1.65039E-06   1.23460E-04  -1.17165E-04  -5.65284E-05   1.88436E-05  -4.37742E-05   1.76377E-05   2.74434E-05  -2.20639E-05   2.96780E-08   8.13127E-06  -1.24634E-05   4.08325E-06   8.99233E-06  -6.77963E-06  -8.18553E-07   3.27794E-06  -3.42167E-06   6.22089E-07   2.58374E-06  -2.24911E-06  -2.00762E-08   1.78888E-06  -9.86837E-07
 7.41800E+02   1.21602E-03   3.64552E-03  -2.69202E-03  -7.97980E-04   1.41122E-03  -1.25710E-03   2.17946E-04   1.25484E-03  -7.94497E-04  -3.25644E-04   4.64384E-04  -3.35177E-04   3.32438E-05   3.87976E-04  -2.34757E-04  -1.30624E-04   1.44645E-04  -7.70002E-05   1.58089E-05   1.16633E-04  -1.19388E-04  -3.53555E-05   1.02550E-05  -4.43083E-05   2.15117E-05   2.24159E-05  -2.05105E-05   4.37957E-06   4.90157E-06  -1.32696E-05   5.76342E-06   7.38711E-06  -6.38585E-06   8.62449E-07   2.12080E-06  -3.96747E-06   1.22868E-06   2.20374E-06  -2.00649E-06   6.04925E-07   1.31218E-06  -1.41340E-06
 7.47200E+02   1.22795E-03   3.51306E-03  -2.62484E-03  -7.00216E-04   1.31089E-03  -1.27120E-03   2.79558E-04   1.19615E-03  -7.86572E-04  -2.57102E-04   4.17318E-04  -3.60070E-04   6.99532E-05   3.66762E-04  -2.39011E-04  -9.75056E-05   1.28256E-04  -9.11410E-05   3.14036E-05   1.07578E-04  -1.18134E-04  -1.48159E-05   2.01786E-06  -4.33075E-05   2.42214E-05   1.69418E-05  -1.81700E-05   8.14724E-06   1.70069E-06  -1.33219E-05   6.96648E-06   5.50961E-06  -5.61414E-06   2.31477E-06   9.06958E-07  -4.16643E-06   1.69233E-06   1.69437E-06  -1.61142E-06   1.09709E-06   7.51306E-07  -1.65579E-06
 7.52600E+02   1.23387E-03   3.38511E-03  -2.55617E-03  -6.09962E-04   1.21469E-03  -1.27923E-03   3.34188E-04   1.13645E-03  -7.73723E-04  -1.92622E-04   3.70560E-04  -3.79577E-04   1.02331E-04   3.43017E-04  -2.39074E-04  -6.56972E-05   1.11051E-04  -1.02464E-04   4.46386E-05   9.68969E-05  -1.13755E-04   4.19316E-06  -5.46853E-06  -4.09589E-05   2.57184E-05   1.13736E-05  -1.52665E-05   1.11498E-05  -1.25000E-06  -1.26853E-05   7.64885E-06   3.52376E-06  -4.57097E-06   3.44253E-06  -2.44205E-07  -4.03140E-06   1.98375E-06   1.11247E-06  -1.12679E-06   1.42021E-06   1.80962E-07  -1.70442E-06
 7.58000E+02   1.23430E-03   3.26186E-03  -2.48655E-03  -5.26982E-04   1.12281E-03  -1.28181E-03   3.82178E-04   1.07635E-03  -7.56600E-04  -1.32414E-04   3.24590E-04  -3.94065E-04   1.30404E-04   3.17407E-04  -2.35377E-04  -3.56460E-05   9.34328E-05  -1.11052E-04   5.54567E-05   8.50634E-05  -1.06725E-04   2.12912E-05  -1.20286E-05  -3.74993E-05   2.60851E-05   5.94375E-06  -1.20024E-05   1.33426E-05  -3.82428E-06  -1.14747E-05   7.83406E-06   1.55451E-06  -3.36237E-06   4.21567E-06  -1.25167E-06  -3.61238E-06   2.10075E-06   5.08338E-07  -6.11017E-07   1.57098E-06  -3.40373E-07  -1.57929E-06
 7.63500E+02   1.22959E-03   3.14129E-03  -2.41519E-03  -4.49664E-04   1.03380E-03  -1.27945E-03   4.24626E-04   1.01533E-03  -7.35423E-04  -7.56172E-05   2.79001E-04  -4.04067E-04   1.54685E-04   2.90030E-04  -2.28223E-04  -7.21324E-06   7.54420E-05  -1.17123E-04   6.40124E-05   7.22834E-05  -9.73540E-05   3.64608E-05  -1.76358E-05  -3.30893E-05   2.54191E-05   7.57924E-07  -8.50519E-06   1.47444E-05  -5.96743E-06  -9.78776E-06   7.56198E-06  -3.22885E-07  -2.06555E-06   4.63739E-06  -2.06906E-06  -2.96198E-06   2.05160E-06  -8.22838E-08  -1.06798E-07   1.56130E-06  -7.74197E-07  -1.30926E-06
 7.69000E+02   1.22019E-03   3.02585E-03  -2.34388E-03  -3.79296E-04   9.49503E-04  -1.27268E-03   4.61017E-04   9.54981E-04  -7.11117E-04  -2.34439E-05   2.35014E-04  -4.09694E-04   1.74796E-04   2.61917E-04  -2.18151E-04   1.87431E-05   5.77395E-05  -1.20669E-04   7.01737E-05   5.91895E-05  -8.62723E-05   4.91878E-05  -2.20921E-05  -2.80437E-05   2.38550E-05  -3.91646E-06  -5.01442E-06   1.53480E-05  -7.57340E-06  -7.78786E-06   6.89591E-06  -1.97999E-06  -7.95810E-07   4.71394E-06  -2.63894E-06  -2.16404E-06   1.85475E-06  -6.07145E-07   3.33511E-07   1.41404E-06  -1.07921E-06  -9.41320E-07
 7.74600E+02   1.20632E-03   2.91362E-03  -2.27176E-03  -3.14441E-04   8.68533E-04  -1.26183E-03   4.92315E-04   8.94688E-04  -6.83785E-04   2.49425E-05   1.92173E-04  -4.11372E-04   1.91236E-04   2.33053E-04  -2.05419E-04   4.24267E-05   4.03099E-05  -1.21896E-04   7.41397E-05   4.59178E-05  -7.37575E-05   5.95555E-05  -2.54315E-05  -2.25101E-05   2.15141E-05  -8.02494E-06  -1.62725E-06   1.52179E-05  -8.63904E-06  -5.57795E-06   5.90028E-06  -3.37194E-06   3.89316E-07   4.48196E-06  -2.95227E-06  -1.28227E-06   1.53415E-06  -1.04145E-06   6.85806E-07   1.15931E-06  -1.24360E-06  -5.17312E-07
 7.80200E+02   1.18861E-03   2.80677E-03  -2.20056E-03  -2.56059E-04   7.92450E-04  -1.24756E-03   5.18294E-04   8.35925E-04  -6.54442E-04   6.86338E-05   1.51534E-04  -4.09411E-04   2.03891E-04   2.04393E-04  -1.90705E-04   6.32249E-05   2.37324E-05  -1.20955E-04   7.59775E-05   3.30364E-05  -6.04997E-05   6.73188E-05  -2.75937E-05  -1.68161E-05   1.86020E-05  -1.13940E-05   1.46016E-06   1.44373E-05  -9.14659E-06  -3.33157E-06   4.67978E-06  -4.42233E-06   1.40497E-06   3.99606E-06  -3.00690E-06  -4.07880E-07   1.12962E-06  -1.35310E-06   9.24947E-07   8.39268E-07  -1.26358E-06  -9.29656E-08
 7.85800E+02   1.16753E-03   2.70528E-03  -2.13066E-03  -2.03756E-04   7.21194E-04  -1.23041E-03   5.39442E-04   7.78990E-04  -6.23639E-04   1.07772E-04   1.13274E-04  -4.04249E-04   2.13079E-04   1.76310E-04  -1.74501E-04   8.10998E-05   8.21059E-06  -1.18097E-04   7.59190E-05   2.08154E-05  -4.69558E-05   7.25656E-05  -2.86495E-05  -1.11744E-05   1.53019E-05  -1.39823E-05   4.14900E-06   1.31231E-05  -9.14107E-06  -1.17024E-06   3.33073E-06  -5.11281E-06   2.21087E-06   3.32240E-06  -2.83265E-06   3.93074E-07   6.80653E-07  -1.53198E-06   1.04800E-06   4.93347E-07  -1.15646E-06   2.89199E-07
 7.91500E+02   1.14308E-03   2.60741E-03  -2.06116E-03  -1.56338E-04   6.53517E-04  -1.21052E-03   5.56501E-04   7.23153E-04  -5.91298E-04   1.43131E-04   7.69004E-05  -3.96148E-04   2.19216E-04   1.48630E-04  -1.56953E-04   9.63243E-05  -6.34331E-06  -1.13485E-04   7.41702E-05   9.27144E-06  -3.32919E-05   7.54786E-05  -2.86921E-05  -5.67171E-06   1.17236E-05  -1.58113E-05   6.40819E-06   1.13656E-05  -8.67705E-06   8.40012E-07   1.91947E-06  -5.45086E-06   2.79465E-06   2.51355E-06  -2.46520E-06   1.08071E-06   2.17494E-07  -1.57876E-06   1.06252E-06   1.50484E-07  -9.45351E-07   6.01819E-07
 7.97200E+02   1.11607E-03   2.51493E-03  -1.99362E-03  -1.14360E-04   5.90595E-04  -1.18864E-03   5.69538E-04   6.69622E-04  -5.58420E-04   1.74213E-04   4.31918E-05  -3.85599E-04   2.22460E-04   1.22108E-04  -1.38778E-04   1.08647E-04  -1.95240E-05  -1.07421E-04   7.09866E-05  -1.20913E-06  -2.01102E-05   7.61529E-05  -2.78212E-05  -5.63715E-07   8.08924E-06  -1.68572E-05   8.14799E-06   9.31458E-06  -7.83470E-06   2.58085E-06   5.54583E-07  -5.44644E-06   3.13684E-06   1.64760E-06  -1.95996E-06   1.60470E-06  -2.16019E-07  -1.50028E-06   9.82573E-07  -1.54199E-07  -6.66237E-07   8.16583E-07
 8.02900E+02   1.08690E-03   2.42773E-03  -1.92827E-03  -7.73862E-05   5.32258E-04  -1.16524E-03   5.79017E-04   6.18515E-04  -5.25406E-04   2.01291E-04   1.21750E-05  -3.73001E-04   2.23156E-04   9.69271E-05  -1.20366E-04   1.18210E-04  -3.12560E-05  -1.00166E-04   6.66355E-05  -1.05200E-05  -7.70710E-06   7.48361E-05  -2.61785E-05   4.03250E-06   4.54384E-06  -1.71772E-05   9.35915E-06   7.09474E-06  -6.70601E-06   3.99990E-06  -6.92704E-07  -5.14147E-06   3.24978E-06   7.84888E-07  -1.37375E-06   1.94804E-06  -5.90233E-07  -1.31600E-06   8.30824E-07  -4.00425E-07  -3.55858E-07   9.25443E-07
 8.08700E+02   1.05541E-03   2.34426E-03  -1.86421E-03  -4.44564E-05   4.77400E-04  -1.14026E-03   5.85459E-04   5.69067E-04  -4.92022E-04   2.25038E-04  -1.66378E-05  -3.58464E-04   2.21593E-04   7.28112E-05  -1.01733E-04   1.25298E-04  -4.16677E-05  -9.18183E-05   6.12742E-05  -1.87344E-05   3.87547E-06   7.17312E-05  -2.38669E-05   8.09924E-06   1.15204E-06  -1.68380E-05   1.00645E-05   4.78035E-06  -5.35950E-06   5.08503E-06  -1.78449E-06  -4.57783E-06   3.15438E-06  -3.73892E-08  -7.50240E-07   2.11155E-06  -8.87734E-07  -1.04592E-06   6.28372E-07  -5.79251E-07  -4.34181E-08   9.31261E-07
 8.14600E+02   1.02188E-03   2.26462E-03  -1.80171E-03  -1.53618E-05   4.26022E-04  -1.11405E-03   5.89136E-04   5.21434E-04  -4.58583E-04   2.45586E-04  -4.31574E-05  -3.42266E-04   2.17988E-04   4.99232E-05  -8.31922E-05   1.29997E-04  -5.06742E-05  -8.25777E-05   5.51116E-05  -2.57696E-05   1.44002E-05   6.70488E-05  -2.10111E-05   1.15508E-05  -1.97237E-06  -1.59041E-05   1.02743E-05   2.47629E-06  -3.88041E-06   5.81156E-06  -2.67091E-06  -3.80737E-06   2.87481E-06  -7.73606E-07  -1.39694E-07   2.10006E-06  -1.09009E-06  -7.16329E-07   3.98998E-07  -6.83555E-07   2.39683E-07   8.42734E-07
 8.20500E+02   9.87204E-04   2.19010E-03  -1.74201E-03   9.73887E-06   3.78852E-04  -1.08739E-03   5.90322E-04   4.76474E-04  -4.25914E-04   2.62833E-04  -6.69508E-05  -3.24986E-04   2.12668E-04   2.87337E-05  -6.53214E-05   1.32411E-04  -5.81078E-05  -7.28169E-05   4.84723E-05  -3.14941E-05   2.35335E-05   6.11369E-05  -1.78011E-05   1.42878E-05  -4.69191E-06  -1.44862E-05   1.00269E-05   3.14790E-07  -2.37904E-06   6.17195E-06  -3.30864E-06  -2.90688E-06   2.45240E-06  -1.37786E-06   4.04432E-07   1.93556E-06  -1.18650E-06  -3.63258E-07   1.69880E-07  -7.13707E-07   4.64191E-07   6.80756E-07
 8.26400E+02   9.51703E-04   2.12050E-03  -1.68517E-03   3.12749E-05   3.35618E-04  -1.06058E-03   5.89393E-04   4.34133E-04  -3.94204E-04   2.77116E-04  -8.81319E-05  -3.06928E-04   2.05922E-04   9.24655E-06  -4.83207E-05   1.32798E-04  -6.40189E-05  -6.27489E-05   4.15681E-05  -3.59594E-05   3.12086E-05   5.42938E-05  -1.43802E-05   1.63138E-05  -6.95705E-06  -1.26973E-05   9.38933E-06  -1.63111E-06  -9.31273E-07   6.19689E-06  -3.69256E-06  -1.94345E-06   1.93074E-06  -1.83150E-06   8.51347E-07   1.65200E-06  -1.18092E-06  -1.67712E-08  -3.94820E-08  -6.79557E-07   6.15778E-07   4.71272E-07
 8.32400E+02   9.15057E-04   2.05452E-03  -1.63033E-03   4.99385E-05   2.95402E-04  -1.03344E-03   5.86627E-04   3.93681E-04  -3.63081E-04   2.88937E-04  -1.07131E-04  -2.88040E-04   1.97864E-04  -8.85109E-06  -3.20776E-05   1.31378E-04  -6.85415E-05  -5.23894E-05   3.44636E-05  -3.92863E-05   3.75008E-05   4.66679E-05  -1.08178E-05   1.76716E-05  -8.76896E-06  -1.06112E-05   8.41675E-06  -3.33365E-06   4.22670E-07   5.92190E-06  -3.83312E-06  -9.62324E-07   1.34264E-06  -2.13093E-06   1.18707E-06   1.28013E-06  -1.08244E-06   3.02019E-07  -2.17549E-07  -5.92832E-07   6.89984E-07   2.37100E-07
 8.38400E+02   8.78139E-04   1.99316E-03  -1.57846E-03   6.57346E-05   2.58671E-04  -1.00667E-03   5.82340E-04   3.55751E-04  -3.33184E-04   2.98352E-04  -1.23723E-04  -2.68865E-04   1.88834E-04  -2.52638E-05  -1.69973E-05   1.28387E-04  -7.16522E-05  -4.20799E-05   2.74360E-05  -4.14835E-05   4.22925E-05   3.86362E-05  -7.28859E-06   1.83659E-05  -1.00816E-05  -8.36424E-06   7.19709E-06  -4.72101E-06   1.60859E-06   5.39607E-06  -3.74523E-06  -3.49774E-08   7.38119E-07  -2.26989E-06   1.39577E-06   8.63082E-07  -9.08186E-07   5.65610E-07  -3.51443E-07  -4.69618E-07   6.87014E-07   7.52091E-09
 8.44400E+02   8.41193E-04   1.93618E-03  -1.52952E-03   7.90335E-05   2.25130E-04  -9.80455E-04   5.76811E-04   3.20220E-04  -3.04567E-04   3.05659E-04  -1.38072E-04  -2.49606E-04   1.79040E-04  -4.00575E-05  -3.14693E-06   1.24075E-04  -7.34513E-05  -3.19681E-05   2.06178E-05  -4.26571E-05   4.56440E-05   3.04378E-05  -3.89208E-06   1.84556E-05  -1.09101E-05  -6.05491E-06   5.80952E-06  -5.77453E-06   2.59281E-06   4.67552E-06  -3.46208E-06   7.94002E-07   1.54148E-07  -2.25981E-06   1.48063E-06   4.37042E-07  -6.79875E-07   7.59347E-07  -4.37448E-07  -3.26009E-07   6.17333E-07  -1.95686E-07
 8.50500E+02   8.03825E-04   1.88248E-03  -1.48269E-03   9.03445E-05   1.94000E-04  -9.54539E-04   5.70165E-04   2.86418E-04  -2.76801E-04   3.11208E-04  -1.50533E-04  -2.30117E-04   1.68480E-04  -5.35165E-05   9.64010E-06   1.18574E-04  -7.40459E-05  -2.20183E-05   1.40091E-05  -4.29155E-05   4.76646E-05   2.21463E-05  -6.58820E-07   1.79971E-05  -1.12871E-05  -3.73197E-06   4.30399E-06  -6.50065E-06   3.36661E-06   3.80168E-06  -3.01461E-06   1.50214E-06  -3.86720E-07  -2.11547E-06   1.45185E-06   2.65705E-08  -4.16406E-07   8.76933E-07  -4.76707E-07  -1.74333E-07   4.93934E-07  -3.58684E-07
 8.56700E+02   7.66246E-04   1.83200E-03  -1.43804E-03   9.98907E-05   1.65127E-04  -9.29081E-04   5.62578E-04   2.54308E-04  -2.49940E-04   3.15172E-04  -1.61181E-04  -2.10550E-04   1.57287E-04  -6.56505E-05   2.12956E-05   1.12051E-04  -7.34934E-05  -1.23572E-05   7.71307E-06  -4.23333E-05   4.83996E-05   1.39539E-05   2.33183E-06   1.70425E-05  -1.12338E-05  -1.47493E-06   2.74937E-06  -6.89416E-06   3.91133E-06   2.82612E-06  -2.44046E-06   2.06021E-06  -8.56085E-07  -1.85486E-06   1.32266E-06  -3.41007E-07  -1.40963E-07   9.13686E-07  -4.71649E-07  -2.77610E-08   3.33615E-07  -4.68877E-07
 8.62900E+02   7.29245E-04   1.78540E-03  -1.39622E-03   1.07776E-04   1.38746E-04  -9.04604E-04   5.54345E-04   2.24303E-04  -2.24412E-04   3.17680E-04  -1.69974E-04  -1.91345E-04   1.45766E-04  -7.63176E-05   3.16196E-05   1.04797E-04  -7.18955E-05  -3.24252E-06   1.90623E-06  -4.10197E-05   4.79358E-05   6.15911E-06   4.97286E-06   1.56786E-05  -1.07940E-05   6.12591E-07   1.23596E-06  -6.96467E-06   4.21663E-06   1.81750E-06  -1.79246E-06   2.44457E-06  -1.22601E-06  -1.50774E-06   1.11598E-06  -6.39726E-07   1.19310E-07   8.72904E-07  -4.28919E-07   1.00563E-07   1.58472E-07  -5.19452E-07
 8.69100E+02   6.92968E-04   1.74240E-03  -1.35712E-03   1.14274E-04   1.14580E-04  -8.81166E-04   5.45630E-04   1.96244E-04  -2.00164E-04   3.18940E-04  -1.77084E-04  -1.72595E-04   1.34032E-04  -8.56080E-05   4.06516E-05   9.69928E-05  -6.93718E-05   5.25348E-06  -3.36689E-06  -3.90908E-05   4.64123E-05  -1.10802E-06   7.22913E-06   1.39889E-05  -1.00267E-05   2.48029E-06  -1.80547E-07  -6.74614E-06   4.29658E-06   8.24976E-07  -1.11481E-06   2.65546E-06  -1.48581E-06  -1.10388E-06   8.56822E-07  -8.58491E-07   3.45240E-07   7.65953E-07  -3.57803E-07   2.03349E-07  -1.24711E-08  -5.12980E-07
 8.75400E+02   6.56972E-04   1.70213E-03  -1.32002E-03   1.19704E-04   9.20248E-05  -8.58443E-04   5.36419E-04   1.69566E-04  -1.76766E-04   3.19123E-04  -1.82748E-04  -1.54078E-04   1.21988E-04  -9.37265E-05   4.85604E-05   8.86622E-05  -6.59788E-05   1.31954E-05  -8.15045E-06  -3.66125E-05   4.39257E-05  -7.84753E-06   9.10686E-06   1.20220E-05  -8.97465E-06   4.11546E-06  -1.47469E-06  -6.26987E-06   4.16935E-06  -1.23909E-07  -4.36612E-07   2.70183E-06  -1.63357E-06  -6.65678E-07   5.65083E-07  -9.94883E-07   5.24918E-07   6.05229E-07  -2.66587E-07   2.77485E-07  -1.65404E-07  -4.55884E-07
 8.81700E+02   6.21943E-04   1.66506E-03  -1.28542E-03   1.24172E-04   7.12371E-05  -8.36825E-04   5.26962E-04   1.44580E-04  -1.54542E-04   3.18351E-04  -1.86994E-04  -1.36149E-04   1.09905E-04  -1.00596E-04   5.52546E-05   8.00702E-05  -6.18667E-05   2.03974E-05  -1.23415E-05  -3.37169E-05   4.06417E-05  -1.38581E-05   1.05588E-05   9.88334E-06  -7.71215E-06   5.46112E-06  -2.58748E-06  -5.58414E-06   3.86057E-06  -9.77009E-07   1.96057E-07   2.59648E-06  -1.66764E-06  -2.28149E-07   2.68296E-07  -1.04706E-06   6.45025E-07   4.10334E-07  -1.66200E-07   3.19922E-07  -2.84983E-07  -3.59677E-07
 8.88100E+02   5.87425E-04   1.63040E-03  -1.25267E-03   1.27920E-04   5.16965E-05  -8.15976E-04   5.17196E-04   1.20776E-04  -1.33087E-04   3.16722E-04  -1.90003E-04  -1.18573E-04   9.76608E-05  -1.06376E-04   6.08835E-05   7.11996E-05  -5.70684E-05   2.69241E-05  -1.59910E-05  -3.04472E-05   3.66393E-05  -1.91607E-05   1.16024E-05   7.61224E-06  -6.27845E-06   6.51833E-06  -3.50768E-06  -4.72354E-06   3.39469E-06  -1.71726E-06   7.63243E-07   2.35790E-06  -1.59561E-06   1.89214E-07  -1.73719E-08  -1.02163E-06   7.02362E-07   1.96975E-07  -6.40671E-08   3.32024E-07  -3.64449E-07  -2.36349E-07
 8.94500E+02   5.54032E-04   1.59853E-03  -1.22219E-03   1.31043E-04   3.35346E-05  -7.96213E-04   5.07342E-04   9.84177E-05  -1.12681E-04   3.14348E-04  -1.91830E-04  -1.01657E-04   8.55089E-05  -1.11020E-04   6.54076E-05   6.22928E-05  -5.17552E-05   3.26343E-05  -1.90367E-05  -2.69379E-05   3.21126E-05  -2.36178E-05   1.22258E-05   5.31332E-06  -4.75430E-06   7.26072E-06  -4.20208E-06  -3.74873E-06   2.81193E-06  -2.31007E-06   1.23287E-06   2.01453E-06  -1.43108E-06   5.56905E-07  -2.70045E-07  -9.29020E-07   6.96398E-07  -1.29300E-08   3.03930E-08   3.16415E-07  -3.98723E-07  -1.02451E-07
 9.00900E+02   5.21793E-04   1.56919E-03  -1.19380E-03   1.33683E-04   1.65646E-05  -7.77483E-04   4.97453E-04   7.73715E-05  -9.32462E-05   3.11314E-04  -1.92595E-04  -8.54107E-05   7.35026E-05  -1.14594E-04   6.89030E-05   5.34404E-05  -4.60334E-05   3.75167E-05  -2.14954E-05  -2.32710E-05   2.72027E-05  -2.72127E-05   1.24529E-05   3.05083E-06  -3.19739E-06   7.69523E-06  -4.66678E-06  -2.70916E-06   2.14979E-06  -2.74362E-06   1.59115E-06   1.59603E-06  -1.19285E-06   8.57625E-07  -4.77204E-07  -7.83714E-07   6.33894E-07  -2.02655E-07   1.11129E-07   2.78098E-07  -3.89648E-07   2.76360E-08
 9.07400E+02   4.90242E-04   1.54177E-03  -1.16697E-03   1.35994E-04   3.82473E-07  -7.59457E-04   4.87414E-04   5.72128E-05  -7.44304E-05   3.07628E-04  -1.92393E-04  -6.95964E-05   6.15072E-05  -1.17191E-04   7.14773E-05   4.45831E-05  -3.99080E-05   4.16260E-05  -2.34154E-05  -1.94608E-05   2.19606E-05  -2.99818E-05   1.23093E-05   8.48209E-07  -1.63649E-06   7.83695E-06  -4.90872E-06  -1.63453E-06   1.43393E-06  -3.01684E-06   1.83444E-06   1.12462E-06  -8.97263E-07   1.08247E-06  -6.32901E-07  -5.98416E-07   5.23418E-07  -3.60963E-07   1.74824E-07   2.21958E-07  -3.41997E-07   1.43267E-07
 9.14000E+02   4.59426E-04   1.51615E-03  -1.14163E-03   1.38064E-04  -1.51118E-05  -7.42111E-04   4.77254E-04   3.78794E-05  -5.62095E-05   3.03318E-04  -1.91281E-04  -5.42400E-05   4.95790E-05  -1.18821E-04   7.31625E-05   3.57946E-05  -3.34673E-05   4.49285E-05  -2.47996E-05  -1.55727E-05   1.65081E-05  -3.19007E-05   1.18164E-05  -1.23852E-06  -1.22250E-07   7.69550E-06  -4.93063E-06  -5.68556E-07   6.99668E-07  -3.12543E-06   1.95731E-06   6.28466E-07  -5.65580E-07   1.22131E-06  -7.30842E-07  -3.88388E-07   3.76879E-07  -4.76341E-07   2.18199E-07   1.53795E-07  -2.63270E-07   2.33806E-07
 9.20600E+02   4.29816E-04   1.49256E-03  -1.11805E-03   1.39942E-04  -2.97905E-05  -7.25655E-04   4.67146E-04   1.95818E-05  -3.88216E-05   2.98482E-04  -1.89344E-04  -3.95803E-05   3.79499E-05  -1.19492E-04   7.39874E-05   2.72696E-05  -2.69036E-05   4.73689E-05  -2.56483E-05  -1.17276E-05   1.10505E-05  -3.29515E-05   1.10178E-05  -3.13079E-06   1.27730E-06   7.29670E-06  -4.74756E-06   4.32483E-07  -7.41576E-09  -3.07440E-06   1.96150E-06   1.42751E-07  -2.25886E-07   1.26958E-06  -7.68653E-07  -1.72725E-07   2.11428E-07  -5.40733E-07   2.39518E-07   8.09420E-08  -1.65298E-07   2.91079E-07
 9.27200E+02   4.01373E-04   1.47082E-03  -1.09610E-03   1.41698E-04  -4.37612E-05  -7.10013E-04   4.57098E-04   2.22340E-06  -2.22174E-05   2.93157E-04  -1.86661E-04  -2.56051E-05   2.66639E-05  -1.19257E-04   7.40239E-05   1.90560E-05  -2.03118E-05   4.89695E-05  -2.59989E-05  -7.98003E-06   5.70334E-06  -3.31791E-05   9.96117E-06  -4.79386E-06   2.52599E-06   6.67573E-06  -4.38548E-06   1.33537E-06  -6.57016E-07  -2.88028E-06   1.85869E-06  -3.08070E-07   9.96917E-08   1.23245E-06  -7.50493E-07   3.38198E-08   4.28136E-08  -5.53620E-07   2.39824E-07   9.41535E-09  -6.00500E-08   3.12873E-07
 9.33900E+02   3.73644E-04   1.45047E-03  -1.07536E-03   1.43412E-04  -5.73104E-05  -6.94895E-04   4.46965E-04  -1.45248E-05  -6.12237E-06   2.87281E-04  -1.83247E-04  -1.21044E-05   1.56012E-05  -1.18144E-04   7.33249E-05   1.10767E-05  -1.36834E-05   4.97659E-05  -2.58862E-05  -4.32439E-06   4.94923E-07  -3.26258E-05   8.67533E-06  -6.22105E-06   3.61020E-06   5.85794E-06  -3.86556E-06   2.12454E-06  -1.23199E-06  -2.55881E-06   1.66098E-06  -7.09449E-07   3.96051E-07   1.11765E-06  -6.82110E-07   2.21423E-07  -1.16780E-07  -5.17963E-07   2.21081E-07  -5.65565E-08   4.25953E-08   3.00302E-07
 9.40700E+02   3.46621E-04   1.43142E-03  -1.05576E-03   1.45125E-04  -7.04870E-05  -6.80263E-04   4.36748E-04  -3.07034E-05   9.46327E-06   2.80862E-04  -1.79135E-04   9.05550E-07   4.82349E-06  -1.16169E-04   7.19260E-05   3.38290E-06  -7.11065E-06   4.97606E-05  -2.53330E-05  -8.10862E-07  -4.46668E-06  -3.13268E-05   7.20434E-06  -7.38203E-06   4.49989E-06   4.87870E-06  -3.21561E-06   2.77373E-06  -1.70817E-06  -2.13096E-06   1.38394E-06  -1.04261E-06   6.45284E-07   9.36385E-07  -5.71160E-07   3.78783E-07  -2.53999E-07  -4.39509E-07   1.86038E-07  -1.12344E-07   1.32132E-07   2.56866E-07
 9.47500E+02   3.20660E-04   1.41385E-03  -1.03751E-03   1.46846E-04  -8.31488E-05  -6.66282E-04   4.26594E-04  -4.61272E-05   2.43208E-05   2.74009E-04  -1.74432E-04   1.32326E-05  -5.45837E-06  -1.13399E-04   6.98991E-05  -3.87417E-06  -7.77848E-07   4.89835E-05  -2.43841E-05   2.46726E-06  -9.01542E-06  -2.93659E-05   5.62033E-06  -8.24347E-06   5.16383E-06   3.79469E-06  -2.47908E-06   3.25688E-06  -2.06235E-06  -1.63014E-06   1.05192E-06  -1.28996E-06   8.30840E-07   7.07644E-07  -4.29933E-07   4.95617E-07  -3.56698E-07  -3.29406E-07   1.39237E-07  -1.53790E-07   1.99086E-07   1.90257E-07
 9.54300E+02   2.95689E-04   1.39764E-03  -1.02052E-03   1.48601E-04  -9.53480E-05  -6.52893E-04   4.16497E-04  -6.08586E-05   3.84714E-05   2.66750E-04  -1.69190E-04   2.48905E-05  -1.52043E-05  -1.09892E-04   6.73077E-05  -1.06706E-05   5.23802E-06   4.74899E-05  -2.30863E-05   5.47916E-06  -1.30796E-05  -2.68313E-05   3.97613E-06  -8.80394E-06   5.59695E-06   2.65131E-06  -1.69270E-06   3.56821E-06  -2.28759E-06  -1.08666E-06   6.87591E-07  -1.44581E-06   9.46170E-07   4.50680E-07  -2.70735E-07   5.67961E-07  -4.19219E-07  -2.00265E-07   8.54274E-08  -1.79159E-07   2.38756E-07   1.09775E-07
 9.61200E+02   2.71293E-04   1.38248E-03  -1.00446E-03   1.50436E-04  -1.07298E-04  -6.39862E-04   4.06302E-04  -7.51544E-05   5.21249E-05   2.58995E-04  -1.63370E-04   3.60490E-05  -2.45081E-05  -1.05642E-04   6.41630E-05  -1.70766E-05   1.09478E-05   4.53053E-05  -2.14616E-05   8.23811E-06  -1.66498E-05  -2.37692E-05   2.29772E-06  -9.07169E-06   5.80347E-06   1.47515E-06  -8.80127E-07   3.70978E-06  -2.38412E-06  -5.22069E-07   3.07666E-07  -1.50993E-06   9.90043E-07   1.80899E-07  -1.03354E-07   5.95100E-07  -4.39955E-07  -6.31009E-08   2.85430E-08  -1.88047E-07   2.49688E-07   2.39212E-08
 9.68100E+02   2.47773E-04   1.36852E-03  -9.89508E-04   1.52339E-04  -1.18856E-04  -6.27344E-04   3.96149E-04  -8.88428E-05   6.50826E-05   2.50876E-04  -1.57091E-04   4.65441E-05  -3.31885E-05  -1.00759E-04   6.05588E-05  -2.29731E-05   1.61979E-05   4.25163E-05  -1.95756E-05   1.06785E-05  -1.96187E-05  -2.03137E-05   6.57514E-07  -9.05046E-06   5.78588E-06   3.25033E-07  -8.70457E-08   3.68367E-06  -2.35382E-06   2.70091E-08  -6.10786E-08  -1.48372E-06   9.63837E-07  -7.92370E-08   5.80657E-08   5.77864E-07  -4.19959E-07   6.75693E-08  -2.60240E-08  -1.80798E-07   2.32849E-07  -5.66714E-08
 9.75100E+02   2.24737E-04   1.35552E-03  -9.75405E-04   1.54352E-04  -1.30214E-04  -6.15132E-04   3.85885E-04  -1.02154E-04   7.75309E-05   2.42300E-04  -1.50293E-04   5.65249E-05  -4.13282E-05  -9.52284E-05   5.64915E-05  -2.84224E-05   2.10004E-05   3.91461E-05  -1.74450E-05   1.28152E-05  -2.19876E-05  -1.65109E-05  -9.22451E-07  -8.75506E-06   5.55680E-06  -7.76136E-07   6.66001E-07   3.49998E-06  -2.20555E-06   5.41932E-07  -4.04096E-07  -1.37375E-06   8.73788E-07  -3.16462E-07   2.05015E-07   5.20042E-07  -3.63842E-07   1.82362E-07  -7.48650E-08  -1.58942E-07   1.91987E-07  -1.24864E-07
 9.82200E+02   2.02154E-04   1.34347E-03  -9.62127E-04   1.56488E-04  -1.41391E-04  -6.03215E-04   3.75503E-04  -1.15104E-04   8.94539E-05   2.33284E-04  -1.42999E-04   6.59737E-05  -4.88743E-05  -8.90961E-05   5.20010E-05  -3.33929E-05   2.52875E-05   3.52547E-05  -1.51106E-05   1.46254E-05  -2.37146E-05  -1.24557E-05  -2.39774E-06  -8.20196E-06   5.13146E-06  -1.79065E-06   1.34872E-06   3.17188E-06  -1.95160E-06   9.98174E-07  -7.03062E-07  -1.18944E-06   7.29201E-07  -5.15701E-07   3.27736E-07   4.27367E-07  -2.78755E-07   2.71783E-07  -1.14267E-07  -1.24853E-07   1.32952E-07  -1.73932E-07
 9.89300E+02   1.80295E-04   1.33251E-03  -9.49826E-04   1.58729E-04  -1.52256E-04  -5.91743E-04   3.65141E-04  -1.27537E-04   1.00684E-04   2.23980E-04  -1.35343E-04   7.47534E-05  -5.56874E-05  -8.25115E-05   4.71989E-05  -3.77974E-05   2.89523E-05   3.09735E-05  -1.26504E-05   1.60738E-05  -2.47630E-05  -8.30738E-06  -3.71005E-06  -7.42725E-06   4.54125E-06  -2.67305E-06   1.92680E-06   2.72538E-06  -1.61458E-06   1.37018E-06  -9.39537E-07  -9.47958E-07   5.45670E-07  -6.63343E-07   4.17291E-07   3.09678E-07  -1.75774E-07   3.28510E-07  -1.41032E-07  -8.24658E-08   6.43682E-08  -1.99335E-07
 9.96400E+02   1.59107E-04   1.32261E-03  -9.38453E-04   1.61085E-04  -1.62843E-04  -5.80695E-04   3.54793E-04  -1.39488E-04   1.11239E-04   2.14423E-04  -1.27359E-04   8.28737E-05  -6.17567E-05  -7.55476E-05   4.21386E-05  -4.16337E-05   3.19719E-05   2.63907E-05  -1.01113E-05   1.71631E-05  -2.51487E-05  -4.16739E-06  -4.83156E-06  -6.46847E-06   3.81908E-06  -3.40115E-06   2.38321E-06   2.18788E-06  -1.21799E-06   1.64590E-06  -1.10472E-06  -6.67296E-07   3.39137E-07  -7.53903E-07   4.69766E-07   1.77233E-07  -6.59403E-08   3.50569E-07  -1.53881E-07  -3.58594E-08  -5.36954E-09  -2.00533E-07
 1.00360E+03   1.38260E-04   1.31362E-03  -9.27827E-04   1.63605E-04  -1.73331E-04  -5.69905E-04   3.44305E-04  -1.51149E-04   1.21273E-04   2.04505E-04  -1.18963E-04   9.04438E-05  -6.71479E-05  -6.81717E-05   3.67955E-05  -4.49441E-05   3.43630E-05   2.15245E-05  -7.50080E-06   1.79087E-05  -2.48935E-05  -7.45779E-08  -5.75302E-06  -5.34919E-06   2.98768E-06  -3.96643E-06   2.71075E-06   1.57968E-06  -7.79978E-07   1.82076E-06  -1.19510E-06  -3.61908E-07   1.22525E-07  -7.86332E-07   4.83996E-07   3.86188E-08   4.16726E-08   3.38930E-07  -1.52595E-07   1.14923E-08  -6.93987E-08  -1.79206E-07
 1.01090E+03   1.17744E-04   1.30558E-03  -9.17948E-04   1.66311E-04  -1.83751E-04  -5.59371E-04   3.33669E-04  -1.62531E-04   1.30780E-04   1.94245E-04  -1.10175E-04   9.74446E-05  -7.18318E-05  -6.04437E-05   3.12121E-05  -4.77073E-05   3.60967E-05   1.64562E-05  -4.86056E-06   1.83079E-05  -2.40138E-05   3.87510E-06  -6.45148E-06  -4.10696E-06   2.08054E-06  -4.35301E-06   2.89892E-06   9.29364E-07  -3.24471E-07   1.88960E-06  -1.20775E-06  -5.05666E-08  -8.87183E-08  -7.61242E-07   4.60072E-07  -9.56753E-08   1.37278E-07   2.96648E-07  -1.37643E-07   5.55031E-08  -1.20844E-07  -1.38972E-07
 1.01820E+03   9.78238E-05   1.29859E-03  -9.08936E-04   1.69190E-04  -1.93999E-04  -5.49225E-04   3.23022E-04  -1.73502E-04   1.39643E-04   1.83809E-04  -1.01142E-04   1.03774E-04  -7.57373E-05  -5.25347E-05   2.55110E-05  -4.98782E-05   3.71446E-05   1.13402E-05  -2.26712E-06   1.83639E-05  -2.25643E-05   7.54084E-06  -6.90619E-06  -2.80089E-06   1.14626E-06  -4.55014E-06   2.94371E-06   2.75957E-07   1.18353E-07   1.85393E-06  -1.14564E-06   2.43917E-07  -2.77692E-07  -6.84577E-07   4.01912E-07  -2.14037E-07   2.11791E-07   2.30549E-07  -1.11088E-07   9.19221E-08  -1.54179E-07  -8.62332E-08
 1.02550E+03   7.84814E-05   1.29266E-03  -9.00762E-04   1.72269E-04  -2.04120E-04  -5.39447E-04   3.12353E-04  -1.84090E-04   1.47886E-04   1.73217E-04  -9.18926E-05   1.09439E-04  -7.88793E-05  -4.45105E-05   1.97400E-05  -5.14638E-05   3.75266E-05   6.25971E-06   2.42932E-07   1.80963E-05  -2.06090E-05   1.08511E-05  -7.11817E-06  -1.47420E-06   2.20578E-07  -4.56289E-06   2.85259E-06  -3.51734E-07   5.26904E-07   1.72317E-06  -1.01754E-06   5.05194E-07  -4.33366E-07  -5.65970E-07   3.16100E-07  -3.08572E-07   2.60412E-07   1.48981E-07  -7.59122E-08   1.18007E-07  -1.67286E-07  -2.80253E-08
 1.03290E+03   5.94551E-05   1.28771E-03  -8.93302E-04   1.75623E-04  -2.14297E-04  -5.29885E-04   3.01504E-04  -1.94461E-04   1.55637E-04   1.62339E-04  -8.23257E-05   1.14509E-04  -8.13049E-05  -3.63210E-05   1.38651E-05  -5.24824E-05   3.72630E-05   1.22513E-06   2.66865E-06   1.75171E-05  -1.81840E-05   1.37830E-05  -7.09333E-06  -1.50119E-07  -6.75325E-07  -4.39886E-06   2.63449E-06  -9.35480E-07   8.87466E-07   1.50717E-06  -8.32559E-07   7.22548E-07  -5.49252E-07  -4.14708E-07   2.09279E-07  -3.74291E-07   2.81291E-07   5.95965E-08  -3.50892E-08   1.32133E-07  -1.60248E-07   2.94231E-08
 1.04040E+03   4.07693E-05   1.28378E-03  -8.86562E-04   1.79299E-04  -2.24577E-04  -5.20523E-04   2.90457E-04  -2.04628E-04   1.62898E-04   1.51181E-04  -7.24614E-05   1.18960E-04  -8.30069E-05  -2.80226E-05   7.93213E-06  -5.29203E-05   3.63654E-05  -3.68385E-06   4.97427E-06   1.66390E-05  -1.53521E-05   1.62690E-05  -6.83660E-06   1.13066E-06  -1.50875E-06  -4.06790E-06   2.30225E-06  -1.45010E-06   1.18279E-06   1.21965E-06  -6.03593E-07   8.83779E-07  -6.19070E-07  -2.42694E-07   9.03226E-08  -4.06641E-07   2.74100E-07  -2.88280E-08   7.56316E-09   1.33146E-07  -1.34871E-07   7.95269E-08
 1.04790E+03   2.26943E-05   1.28094E-03  -8.80614E-04   1.83295E-04  -2.34872E-04  -5.11455E-04   2.79340E-04  -2.14473E-04   1.69585E-04   1.39898E-04  -6.24559E-05   1.22724E-04  -8.39741E-05  -1.97794E-05   2.06679E-06  -5.27716E-05   3.48784E-05  -8.32939E-06   7.09837E-06   1.54955E-05  -1.22294E-05   1.82287E-05  -6.36737E-06   2.31370E-06  -2.24032E-06  -3.59301E-06   1.87988E-06  -1.86873E-06   1.39682E-06   8.82543E-07  -3.49667E-07   9.79381E-07  -6.39917E-07  -6.52321E-08  -2.93257E-08  -4.03954E-07   2.41743E-07  -1.07051E-07   4.74909E-08   1.21315E-07  -9.56239E-08   1.16366E-07
 1.05540E+03   5.24705E-06   1.27918E-03  -8.75425E-04   1.87656E-04  -2.45229E-04  -5.02640E-04   2.68131E-04  -2.24020E-04   1.75720E-04   1.28489E-04  -5.23367E-05   1.25801E-04  -8.42343E-05  -1.16400E-05  -3.68540E-06  -5.20495E-05   3.28530E-05  -1.26505E-05   9.01684E-06   1.41152E-05  -8.90399E-06   1.96375E-05  -5.71103E-06   3.36769E-06  -2.84832E-06  -2.99976E-06   1.39168E-06  -2.17816E-06   1.52355E-06   5.16397E-07  -8.80362E-08   1.00750E-06  -6.14096E-07   1.05074E-07  -1.40073E-07  -3.68422E-07   1.89557E-07  -1.68795E-07   8.10861E-08   9.83186E-08  -4.81847E-08   1.36791E-07
 1.06310E+03  -1.19876E-05   1.27849E-03  -8.70846E-04   1.92562E-04  -2.55975E-04  -4.93801E-04   2.56502E-04  -2.33529E-04   1.81459E-04   1.16643E-04  -4.18584E-05   1.28245E-04  -8.37951E-05  -3.43723E-06  -9.42590E-06  -5.07272E-05   3.02719E-05  -1.66939E-05   1.07508E-05   1.24832E-05  -5.37134E-06   2.04985E-05  -4.87319E-06   4.28836E-06  -3.32700E-06  -2.29707E-06   8.48788E-07  -2.37421E-06   1.56141E-06   1.31879E-07   1.71171E-07   9.68638E-07  -5.44463E-07   2.60883E-07  -2.35734E-07  -3.02645E-07   1.22272E-07  -2.10714E-07   1.05962E-07   6.58490E-08   2.63592E-09   1.39627E-07
 1.07070E+03  -2.82945E-05   1.27889E-03  -8.67025E-04   1.97883E-04  -2.66732E-04  -4.85232E-04   2.44875E-04  -2.42640E-04   1.86580E-04   1.04811E-04  -3.14574E-05   1.29945E-04  -8.26888E-05   4.46492E-06  -1.48806E-05  -4.88624E-05   2.72876E-05  -2.02470E-05   1.22096E-05   1.06911E-05  -1.85759E-06   2.07677E-05  -3.91681E-06   5.01554E-06  -3.64391E-06  -1.54163E-06   2.98453E-07  -2.44457E-06   1.51032E-06  -2.35571E-07   4.01974E-07   8.69405E-07  -4.40685E-07   3.86370E-07  -3.05373E-07  -2.15549E-07   4.96897E-08  -2.28834E-07   1.18947E-07   2.84684E-08   4.88144E-08   1.25513E-07
 1.07850E+03  -4.42672E-05   1.28040E-03  -8.63770E-04   2.03892E-04  -2.77966E-04  -4.76532E-04   2.32754E-04  -2.51717E-04   1.91275E-04   9.25140E-05  -2.07547E-05   1.30948E-04  -8.08871E-05   1.23344E-05  -2.02110E-05  -4.63916E-05   2.38414E-05  -2.34005E-05   1.34302E-05   8.69928E-06   1.68452E-06   2.04579E-05  -2.83880E-06   5.55867E-06  -3.80327E-06  -7.35597E-07  -2.54183E-07  -2.39286E-06   1.37423E-06  -5.80510E-07   5.99197E-07   7.14914E-07  -3.07910E-07   4.78807E-07  -3.46549E-07  -1.12016E-07  -2.35821E-08  -2.23820E-07   1.19438E-07  -1.13702E-08   8.67425E-08   9.66560E-08
 1.08630E+03  -5.94264E-05   1.28298E-03  -8.61127E-04   2.10509E-04  -2.89425E-04  -4.67857E-04   2.20407E-04  -2.60520E-04   1.95399E-04   8.00518E-05  -1.00596E-05   1.31195E-04  -7.84388E-05   1.99217E-05  -2.52192E-05  -4.33815E-05   2.00780E-05  -2.60214E-05   1.43577E-05   6.58894E-06   5.07265E-06   1.95813E-05  -1.70209E-06   5.88665E-06  -3.79569E-06   6.81707E-08  -7.68930E-07  -2.22438E-06   1.16518E-06  -8.75540E-07   7.45613E-07   5.20238E-07  -1.59695E-07   5.30166E-07  -3.55067E-07  -3.81921E-09  -8.87695E-08  -1.97485E-07   1.07333E-07  -4.85818E-08   1.11213E-07   5.78551E-08
 1.09410E+03  -7.37294E-05   1.28661E-03  -8.59028E-04   2.17785E-04  -3.01128E-04  -4.59134E-04   2.07799E-04  -2.69043E-04   1.98937E-04   6.74159E-05   5.88901E-07   1.30681E-04  -7.53713E-05   2.71890E-05  -2.98537E-05  -3.98616E-05   1.60707E-05  -2.80849E-05   1.49828E-05   4.39741E-06   8.22296E-06   1.81770E-05  -5.46233E-07   5.99680E-06  -3.62836E-06   8.37518E-07  -1.22304E-06  -1.95266E-06   8.98254E-07  -1.10665E-06   8.34368E-07   3.00422E-07  -7.59954E-09   5.39205E-07  -3.31823E-07   9.93804E-08  -1.40385E-07  -1.54170E-07   8.42943E-08  -7.93966E-08   1.20237E-07   1.45811E-08
 1.10200E+03  -8.72988E-05   1.29130E-03  -8.57376E-04   2.25871E-04  -3.13241E-04  -4.50171E-04   1.94723E-04  -2.77379E-04   2.01903E-04   5.44354E-05   1.12825E-05   1.29377E-04  -7.16606E-05   3.41852E-05  -3.41140E-05  -3.58125E-05   1.18397E-05  -2.95899E-05   1.53018E-05   2.13407E-06   1.10929E-05   1.62681E-05   6.04253E-07   5.89031E-06  -3.30930E-06   1.55131E-06  -1.60177E-06  -1.59022E-06   5.86807E-07  -1.26531E-06   8.62665E-07   6.83312E-08   1.39018E-07   5.06978E-07  -2.79586E-07   1.89837E-07  -1.75032E-07  -9.86285E-08   5.26173E-08  -1.01002E-07   1.13647E-07  -2.80860E-08
 1.11000E+03  -1.00054E-04   1.29704E-03  -8.56104E-04   2.34837E-04  -3.25774E-04  -4.40879E-04   1.81131E-04  -2.85495E-04   2.04243E-04   4.11035E-05   2.19683E-05   1.27251E-04  -6.73121E-05   4.08562E-05  -3.79303E-05  -3.12585E-05   7.45777E-06  -3.05056E-05   1.53009E-05  -1.61657E-07   1.35986E-05   1.39003E-05   1.70937E-06   5.56973E-06  -2.85193E-06   2.17936E-06  -1.88668E-06  -1.15560E-06   2.49295E-07  -1.34270E-06   8.29524E-07  -1.59966E-07   2.69283E-07   4.36560E-07  -2.03488E-07   2.59455E-07  -1.90163E-07  -3.68223E-08   1.57059E-08  -1.10956E-07   9.28295E-08  -6.47728E-08
 1.11800E+03  -1.11774E-04   1.30371E-03  -8.55138E-04   2.44620E-04  -3.38563E-04  -4.31290E-04   1.67150E-04  -2.93253E-04   2.05879E-04   2.75909E-05   3.24554E-05   1.24309E-04  -6.23989E-05   4.70688E-05  -4.11933E-05  -2.62993E-05   3.05793E-06  -3.08102E-05   1.49766E-05  -2.41887E-06   1.56391E-05   1.11702E-05   2.71729E-06   5.05266E-06  -2.28362E-06   2.68863E-06  -2.06207E-06  -6.77462E-07  -8.96843E-08  -1.33514E-06   7.39642E-07  -3.66167E-07   3.72317E-07   3.35302E-07  -1.12170E-07   3.01637E-07  -1.85376E-07   2.41371E-08  -2.18577E-08  -1.08149E-07   6.14107E-08  -9.06960E-08
 1.12610E+03  -1.22543E-04   1.31135E-03  -8.54372E-04   2.55381E-04  -3.51749E-04  -4.21194E-04   1.52566E-04  -3.00703E-04   2.06774E-04   1.37422E-05   4.28106E-05   1.20503E-04  -5.68821E-05   5.28479E-05  -4.38832E-05  -2.09254E-05  -1.33392E-06  -3.05067E-05   1.43265E-05  -4.62146E-06   1.71806E-05   8.12303E-06   3.60493E-06   4.35319E-06  -1.62391E-06   3.06486E-06  -2.12323E-06  -1.75382E-07  -4.13709E-07  -1.24480E-06   6.00026E-07  -5.39030E-07   4.42177E-07   2.10682E-07  -1.35881E-08   3.13775E-07  -1.62313E-07   7.90391E-08  -5.62528E-08  -9.29785E-08   2.36281E-08  -1.03349E-07
 1.13420E+03  -1.32169E-04   1.31980E-03  -8.53711E-04   2.67017E-04  -3.65141E-04  -4.10628E-04   1.37525E-04  -3.07696E-04   2.06859E-04  -2.47185E-07   5.28359E-05   1.15870E-04  -5.08567E-05   5.80666E-05  -4.59101E-05  -1.52659E-05  -5.58256E-06  -2.96080E-05   1.33661E-05  -6.69705E-06   1.81575E-05   4.88529E-06   4.32984E-06   3.50682E-06  -9.11169E-07   3.28862E-06  -2.06827E-06   3.18123E-07  -6.99361E-07  -1.07994E-06   4.23657E-07  -6.65358E-07   4.73427E-07   7.45073E-08   8.15464E-08   2.95506E-07  -1.24590E-07   1.22227E-07  -8.31462E-08  -6.74642E-08  -1.48532E-08  -1.01595E-07
 1.14240E+03  -1.40718E-04   1.32909E-03  -8.53040E-04   2.79692E-04  -3.78859E-04  -3.99379E-04   1.21813E-04  -3.14251E-04   2.06071E-04  -1.45128E-05   6.25785E-05   1.10352E-04  -4.42820E-05   6.27307E-05  -4.72473E-05  -9.32542E-06  -9.65932E-06  -2.81236E-05   1.20976E-05  -8.62518E-06   1.85497E-05   1.51542E-06   4.87448E-06   2.53606E-06  -1.69781E-07   3.35430E-06  -1.90134E-06   7.82885E-07  -9.32878E-07  -8.50323E-07   2.22143E-07  -7.38965E-07   4.64843E-07  -6.36668E-08   1.65284E-07   2.49336E-07  -7.63593E-08   1.50589E-07  -9.97496E-08  -3.43866E-08  -4.93463E-08  -8.63464E-08
 1.15060E+03  -1.48037E-04   1.33904E-03  -8.52254E-04   2.93255E-04  -3.92682E-04  -3.87503E-04   1.05605E-04  -3.20214E-04   2.04357E-04  -2.88302E-05   7.18386E-05   1.04021E-04  -3.72791E-05   6.67236E-05  -4.78351E-05  -3.26055E-06  -1.34361E-05  -2.61030E-05   1.05575E-05  -1.03371E-05   1.83376E-05  -1.84155E-06   5.21226E-06   1.49043E-06   5.57010E-07   3.25982E-06  -1.63503E-06   1.18877E-06  -1.09764E-06  -5.74432E-07   1.30718E-08  -7.55157E-07   4.18077E-07  -1.90971E-07   2.28888E-07   1.81180E-07  -2.35452E-08   1.61805E-07  -1.03971E-07   1.87622E-09  -7.50561E-08  -6.04528E-08
 1.15890E+03  -1.54174E-04   1.34967E-03  -8.51230E-04   3.07865E-04  -4.06712E-04  -3.74782E-04   8.86929E-05  -3.25575E-04   2.01637E-04  -4.33096E-05   8.06433E-05   9.68170E-05  -2.98131E-05   7.00333E-05  -4.76475E-05   2.90760E-06  -1.68836E-05  -2.35646E-05   8.75570E-06  -1.18099E-05   1.75218E-05  -5.11828E-06   5.33478E-06   3.98956E-07   1.24378E-06   3.01018E-06  -1.28225E-06   1.51900E-06  -1.18615E-06  -2.67756E-07  -1.90462E-07  -7.14489E-07   3.37246E-07  -2.98534E-07   2.67473E-07   9.77131E-08   2.88954E-08   1.55789E-07  -9.54439E-08   3.73085E-08  -8.92074E-08  -2.76343E-08
 1.16730E+03  -1.59072E-04   1.36091E-03  -8.49849E-04   3.23516E-04  -4.20871E-04  -3.61136E-04   7.10735E-05  -3.30229E-04   1.97838E-04  -5.78713E-05   8.88925E-05   8.87515E-05  -2.19388E-05   7.25864E-05  -4.66498E-05   9.07443E-06  -1.99246E-05  -2.05545E-05   6.72490E-06  -1.29975E-05   1.61153E-05  -8.20270E-06   5.23400E-06  -6.94237E-07   1.85673E-06   2.61629E-06  -8.62721E-07   1.75436E-06  -1.19255E-06   4.91758E-08  -3.73185E-07  -6.20518E-07   2.29356E-07  -3.77158E-07   2.77561E-07   7.64105E-09   7.55980E-08   1.33755E-07  -7.51186E-08   6.74630E-08  -9.01903E-08   7.34977E-09
 1.17570E+03  -1.62650E-04   1.37251E-03  -8.48014E-04   3.39988E-04  -4.34903E-04  -3.46669E-04   5.29749E-05  -3.34028E-04   1.92960E-04  -7.22500E-05   9.63977E-05   7.99592E-05  -1.38223E-05   7.42960E-05  -4.48492E-05   1.50551E-05  -2.24605E-05  -1.71742E-05   4.53387E-06  -1.38495E-05   1.41790E-05  -1.09525E-05   4.91616E-06  -1.73103E-06   2.35929E-06   2.10352E-06  -4.06373E-07   1.87978E-06  -1.11788E-06   3.51156E-07  -5.19695E-07  -4.82799E-07   1.05534E-07  -4.19671E-07   2.59030E-07  -7.86287E-08   1.11519E-07   9.90124E-08  -4.59041E-08   8.82368E-08  -7.84825E-08   3.91317E-08
 1.18420E+03  -1.64940E-04   1.38452E-03  -8.45595E-04   3.57425E-04  -4.48878E-04  -3.31163E-04   3.42160E-05  -3.36918E-04   1.86910E-04  -8.65122E-05   1.03158E-04   7.03870E-05  -5.45192E-06   7.51313E-05  -4.22369E-05   2.08047E-05  -2.44684E-05  -1.34594E-05   2.20878E-06  -1.43460E-05   1.17548E-05  -1.33022E-05   4.39201E-06  -2.67971E-06   2.73309E-06   1.49290E-06   6.46546E-08   1.89074E-06  -9.67985E-07   6.21183E-07  -6.21268E-07  -3.11482E-07  -2.43102E-08  -4.23481E-07   2.14650E-07  -1.53305E-07   1.33826E-07   5.54063E-08  -1.13306E-08   9.72850E-08  -5.62218E-08   6.37109E-08
 1.19280E+03  -1.65917E-04   1.39682E-03  -8.42478E-04   3.75780E-04  -4.62687E-04  -3.14567E-04   1.48401E-05  -3.38787E-04   1.79645E-04  -1.00537E-04   1.09070E-04   6.00882E-05   3.07775E-06   7.50332E-05  -3.88314E-05   2.61991E-05  -2.58965E-05  -9.49026E-06  -1.92812E-07  -1.44586E-05   8.92007E-06  -1.51573E-05   3.68204E-06  -3.49743E-06   2.95775E-06   8.15460E-07   5.21728E-07   1.78614E-06  -7.53692E-07   8.40288E-07  -6.70201E-07  -1.20386E-07  -1.48262E-07  -3.88355E-07   1.49666E-07  -2.08782E-07   1.40545E-07   7.84013E-09   2.40519E-08   9.33474E-08  -2.69683E-08   7.77588E-08
 1.20140E+03  -1.65586E-04   1.40917E-03  -8.38606E-04   3.94764E-04  -4.76057E-04  -2.97053E-04  -4.86014E-06  -3.39519E-04   1.71247E-04  -1.14039E-04   1.13981E-04   4.92605E-05   1.15598E-05   7.39710E-05  -3.47243E-05   3.10604E-05  -2.66997E-05  -5.40463E-06  -2.57868E-06  -1.41740E-05   5.80982E-06  -1.64266E-05   2.82697E-06  -4.13934E-06   3.02056E-06   1.15103E-07   9.31808E-07   1.57526E-06  -4.93989E-07   9.91540E-07  -6.63339E-07   7.26393E-08  -2.53602E-07  -3.18759E-07   7.24890E-08  -2.39374E-07   1.31572E-07  -3.79025E-08   5.51259E-08   7.71682E-08   4.36250E-09   7.95981E-08
 1.21010E+03  -1.63968E-04   1.42160E-03  -8.33850E-04   4.14511E-04  -4.89028E-04  -2.78411E-04  -2.50295E-05  -3.39034E-04   1.61629E-04  -1.27046E-04   1.17871E-04   3.78694E-05   1.99749E-05   7.19144E-05  -2.99405E-05   3.53360E-05  -2.68737E-05  -1.25156E-06  -4.90848E-06  -1.34882E-05   2.50451E-06  -1.70756E-05   1.85683E-06  -4.58489E-06   2.92075E-06  -5.78365E-07   1.27454E-06   1.27058E-06  -2.05740E-07   1.06723E-06  -6.02534E-07   2.54030E-07  -3.31979E-07  -2.21270E-07  -8.96049E-09  -2.43205E-07   1.08454E-07  -7.74322E-08   7.80829E-08   5.09538E-08   3.33756E-08   6.95895E-08
 1.21880E+03  -1.61122E-04   1.43386E-03  -8.28192E-04   4.34702E-04  -5.01335E-04  -2.58862E-04  -4.53375E-05  -3.37262E-04   1.50932E-04  -1.39280E-04   1.20629E-04   2.61486E-05   2.81024E-05   6.88854E-05  -2.46257E-05   3.88792E-05  -2.64180E-05   2.82371E-06  -7.08675E-06  -1.24206E-05  -8.32925E-07  -1.70716E-05   8.27918E-07  -4.81026E-06   2.66687E-06  -1.21980E-06   1.52557E-06   8.96331E-07   8.62702E-08   1.06279E-06  -4.94759E-07   4.07238E-07  -3.75726E-07  -1.06912E-07  -8.49027E-08  -2.21003E-07   7.45388E-08  -1.06261E-07   8.96789E-08   1.87409E-08   5.55808E-08   4.99264E-08
 1.22760E+03  -1.57069E-04   1.44600E-03  -8.21506E-04   4.55466E-04  -5.13003E-04  -2.38206E-04  -6.59045E-05  -3.34117E-04   1.39082E-04  -1.50753E-04   1.22230E-04   1.40778E-05   3.59065E-05   6.48662E-05  -1.88276E-05   4.16473E-05  -2.53453E-05   6.77079E-06  -9.07069E-06  -1.09835E-05  -4.11074E-06  -1.64152E-05  -2.22736E-07  -4.80958E-06   2.27218E-06  -1.78178E-06   1.67321E-06   4.73713E-07   3.63654E-07   9.80464E-07  -3.48980E-07   5.21907E-07  -3.81996E-07   1.40464E-08  -1.48204E-07  -1.76119E-07   3.36449E-08  -1.21925E-07   8.86514E-08  -1.52327E-08   6.82322E-08   2.38595E-08
 1.23650E+03  -1.51853E-04   1.45791E-03  -8.13731E-04   4.76702E-04  -5.23901E-04  -2.16467E-04  -8.66050E-05  -3.29526E-04   1.26130E-04  -1.61326E-04   1.22610E-04   1.77884E-06   4.32481E-05   5.98779E-05  -1.26637E-05   4.35602E-05  -2.36788E-05   1.04921E-05  -1.07919E-05  -9.20881E-06  -7.19694E-06  -1.51228E-05  -1.24487E-06  -4.58159E-06   1.75877E-06  -2.23243E-06   1.70807E-06   3.07342E-08   6.05668E-07   8.27173E-07  -1.77979E-07   5.88626E-07  -3.50622E-07   1.29542E-07  -1.92320E-07  -1.14191E-07  -9.44314E-09  -1.22940E-07   7.52135E-08  -4.61410E-08   6.97548E-08  -4.38081E-09
 1.24540E+03  -1.45610E-04   1.46937E-03  -8.04920E-04   4.98059E-04  -5.33798E-04  -1.93944E-04  -1.07072E-04  -3.23505E-04   1.12307E-04  -1.70763E-04   1.21735E-04  -1.04770E-05   4.99161E-05   5.40348E-05  -6.33838E-06   4.45516E-05  -2.14861E-05   1.38584E-05  -1.21733E-05  -7.16660E-06  -9.93440E-06  -1.32634E-05  -2.17844E-06  -4.14267E-06   1.16339E-06  -2.54315E-06   1.62993E-06  -3.98065E-07   7.92398E-07   6.18057E-07   1.07170E-09   6.02245E-07  -2.86227E-07   2.27022E-07  -2.12897E-07  -4.34949E-08  -4.92794E-08  -1.09718E-07   5.17183E-08  -6.93350E-08   6.05122E-08  -3.00503E-08
 1.25440E+03  -1.38357E-04   1.48044E-03  -7.94957E-04   5.19664E-04  -5.42701E-04  -1.70454E-04  -1.27393E-04  -3.15974E-04   9.75590E-05  -1.79063E-04   1.19585E-04  -2.26876E-05   5.58625E-05   4.73510E-05   7.63486E-08   4.46112E-05  -1.88053E-05   1.68287E-05  -1.31817E-05  -4.89564E-06  -1.22438E-05  -1.08956E-05  -2.98934E-06  -3.51253E-06   5.15368E-07  -2.70202E-06   1.44585E-06  -7.88922E-07   9.13149E-07   3.68429E-07   1.74278E-07   5.63217E-07  -1.95723E-07   2.98306E-07  -2.09077E-07   2.84612E-08  -8.17902E-08  -8.41628E-08   2.15750E-08  -8.19203E-08   4.24538E-08  -4.95740E-08
 1.26350E+03  -1.30174E-04   1.49106E-03  -7.83821E-04   5.41404E-04  -5.50496E-04  -1.46070E-04  -1.47418E-04  -3.06911E-04   8.19906E-05  -1.86111E-04   1.16145E-04  -3.47050E-05   6.09609E-05   3.99151E-05   6.43351E-06   4.37262E-05  -1.57046E-05   1.93277E-05  -1.37736E-05  -2.46450E-06  -1.40251E-05  -8.11409E-06  -3.63701E-06  -2.72268E-06  -1.46909E-07  -2.70034E-06   1.16940E-06  -1.11548E-06   9.59412E-07   9.82709E-08   3.26313E-07   4.75716E-07  -8.89274E-08   3.36608E-07  -1.82176E-07   9.35889E-08  -1.03270E-07  -4.95367E-08  -1.06997E-08  -8.21898E-08   1.88060E-08  -6.01358E-08
 1.27260E+03  -1.21251E-04   1.50105E-03  -7.71646E-04   5.62928E-04  -5.57014E-04  -1.21154E-04  -1.66782E-04  -2.96442E-04   6.59017E-05  -1.91750E-04   1.11476E-04  -4.62519E-05   6.50572E-05   3.19282E-05   1.25190E-05   4.19342E-05  -1.23032E-05   2.12742E-05  -1.39192E-05   2.14186E-08  -1.51899E-05  -5.06933E-06  -4.08510E-06  -1.82399E-06  -7.77034E-07  -2.54180E-06   8.24932E-07  -1.35373E-06   9.29391E-07  -1.67880E-07   4.42669E-07   3.49974E-07   2.14543E-08   3.38880E-07  -1.36700E-07   1.44323E-07  -1.11323E-07  -1.06328E-08  -3.99586E-08  -7.04933E-08  -6.12334E-09  -6.04980E-08
 1.28180E+03  -1.11599E-04   1.51049E-03  -7.58323E-04   5.84366E-04  -5.62259E-04  -9.55419E-05  -1.85557E-04  -2.84495E-04   4.92546E-05  -1.95980E-04   1.05571E-04  -5.73109E-05   6.81164E-05   2.34389E-05   1.82615E-05   3.92677E-05  -8.65675E-06   2.26503E-05  -1.36123E-05   2.50608E-06  -1.57090E-05  -1.86058E-06  -4.31971E-06  -8.54568E-07  -1.34489E-06  -2.23802E-06   4.34583E-07  -1.49228E-06   8.27590E-07  -4.11964E-07   5.15209E-07   1.97304E-07   1.24977E-07   3.06403E-07  -7.82956E-08   1.76275E-07  -1.05518E-07   2.81011E-08  -6.22522E-08  -4.88639E-08  -2.85289E-08  -5.12347E-08
 1.29100E+03  -1.01430E-04   1.51925E-03  -7.44035E-04   6.05385E-04  -5.66118E-04  -6.96239E-05  -2.03406E-04  -2.71260E-04   3.23749E-05  -1.98707E-04   9.85582E-05  -6.76238E-05   7.00472E-05   1.46872E-05   2.34729E-05   3.58295E-05  -4.90161E-06   2.34182E-05  -1.28645E-05   4.87887E-06  -1.55639E-05   1.33975E-06  -4.33111E-06   1.24642E-07  -1.81226E-06  -1.81410E-06   3.07966E-08  -1.52318E-06   6.65480E-07  -6.12920E-07   5.38115E-07   3.40501E-08   2.10168E-07   2.44388E-07  -1.47880E-08   1.86581E-07  -8.70904E-08   6.15657E-08  -7.42935E-08  -2.11055E-08  -4.47746E-08  -3.45201E-08
 1.30040E+03  -9.06259E-05   1.52752E-03  -7.28509E-04   6.26343E-04  -5.68617E-04  -4.29537E-05  -2.20576E-04  -2.56509E-04   1.50443E-05  -1.99940E-04   9.03501E-05  -7.72689E-05   7.08379E-05   5.63898E-06   2.81446E-05   3.16281E-05  -1.05514E-06   2.35783E-05  -1.16778E-05   7.10628E-06  -1.47581E-05   4.46075E-06  -4.12076E-06   1.08338E-06  -2.16165E-06  -1.28853E-06  -3.66112E-07  -1.44671E-06   4.53956E-07  -7.59509E-07   5.10783E-07  -1.27764E-07   2.70343E-07   1.59037E-07   4.76744E-08   1.75157E-07  -5.82074E-08   8.63545E-08  -7.47408E-08   8.96008E-09  -5.28428E-08  -1.31215E-08
 1.30970E+03  -7.96410E-05   1.53504E-03  -7.12302E-04   6.46489E-04  -5.69654E-04  -1.65037E-05  -2.36409E-04  -2.40804E-04  -2.03280E-06  -1.99630E-04   8.13079E-05  -8.58184E-05   7.04536E-05  -3.25555E-06   3.20345E-05   2.69075E-05   2.66234E-06   2.31351E-05  -1.01306E-05   9.04128E-06  -1.33632E-05   7.27244E-06  -3.71164E-06   1.94318E-06  -2.36468E-06  -7.12320E-07  -7.16467E-07  -1.27418E-06   2.18182E-07  -8.37463E-07   4.38489E-07  -2.68374E-07   2.98622E-07   6.29481E-08   1.00263E-07   1.44839E-07  -2.36947E-08   9.89288E-08  -6.39995E-08   3.58062E-08  -5.17366E-08   8.57321E-09
 1.31920E+03  -6.82272E-05   1.54207E-03  -6.94964E-04   6.66402E-04  -5.69259E-04   1.04566E-05  -2.51317E-04  -2.23743E-04  -1.92544E-05  -1.97775E-04   7.12573E-05  -9.34392E-05   6.88983E-05  -1.21191E-05   3.51949E-05   2.16401E-05   6.27535E-06   2.21003E-05  -8.22902E-06   1.06781E-05  -1.14083E-05   9.74643E-06  -3.11789E-06   2.68859E-06  -2.41982E-06  -1.04635E-07  -1.00780E-06  -1.01593E-06  -2.89200E-08  -8.45376E-07   3.27646E-07  -3.79728E-07   2.94481E-07  -3.60566E-08   1.39108E-07   9.92400E-08   1.28868E-08   9.84891E-08  -4.39021E-08   5.62485E-08  -4.22301E-08   2.76140E-08
 1.32870E+03  -5.67232E-05   1.54850E-03  -6.76928E-04   6.85596E-04  -5.67432E-04   3.72404E-05  -2.64883E-04  -2.05784E-04  -3.61056E-05  -1.94417E-04   6.05276E-05  -9.98614E-05   6.62276E-05  -2.06032E-05   3.74955E-05   1.60620E-05   9.61648E-06   2.05272E-05  -6.07622E-06   1.19210E-05  -9.02288E-06   1.17250E-05  -2.38536E-06   3.26669E-06  -2.32514E-06   4.84074E-07  -1.21467E-06  -6.97454E-07  -2.61829E-07  -7.84065E-07   1.91976E-07  -4.49895E-07   2.59646E-07  -1.25414E-07   1.59566E-07   4.50977E-08   4.60507E-08   8.53619E-08  -1.82419E-08   6.69371E-08  -2.65315E-08   4.06433E-08
 1.33830E+03  -4.51021E-05   1.55446E-03  -6.58092E-04   7.04231E-04  -5.64181E-04   6.40176E-05  -2.77183E-04  -1.86858E-04  -5.26194E-05  -1.89564E-04   4.91489E-05  -1.05078E-04   6.24790E-05  -2.86470E-05   3.89327E-05   1.02520E-05   1.26406E-05   1.84534E-05  -3.72828E-06   1.27411E-05  -6.29796E-06   1.31529E-05  -1.54954E-06   3.65800E-06  -2.09076E-06   1.02390E-06  -1.32749E-06  -3.40689E-07  -4.64189E-07  -6.60757E-07   4.41163E-08  -4.74750E-07   1.99137E-07  -1.97019E-07   1.60511E-07  -1.14160E-08   7.19151E-08   6.15920E-08   8.96518E-09   6.67964E-08  -7.53644E-09   4.60492E-08
 1.34800E+03  -3.34498E-05   1.56000E-03  -6.38536E-04   7.22269E-04  -5.59528E-04   9.06800E-05  -2.88144E-04  -1.67076E-04  -6.86504E-05  -1.83251E-04   3.72649E-05  -1.09015E-04   5.77243E-05  -3.61043E-05   3.94874E-05   4.34552E-06   1.52723E-05   1.59376E-05  -1.26875E-06   1.31057E-05  -3.35819E-06   1.39719E-05  -6.56786E-07   3.84484E-06  -1.73430E-06   1.48205E-06  -1.34032E-06   2.75458E-08  -6.19875E-07  -4.87407E-07  -1.01367E-07  -4.53340E-07   1.20482E-07  -2.43917E-07   1.42628E-07  -6.36391E-08   8.72035E-08   3.05762E-08   3.33834E-08   5.62504E-08   1.13774E-08   4.33675E-08
 1.35770E+03  -2.19603E-05   1.56515E-03  -6.18552E-04   7.39515E-04  -5.53574E-04   1.16861E-04  -2.97617E-04  -1.46767E-04  -8.39060E-05  -1.75616E-04   2.51544E-05  -1.11597E-04   5.21180E-05  -4.27780E-05   3.91703E-05  -1.46329E-06   1.74269E-05   1.30810E-05   1.18805E-06   1.30027E-05  -3.68730E-07   1.41536E-05   2.34800E-07   3.82227E-06  -1.28601E-06   1.82845E-06  -1.25610E-06   3.76538E-07  -7.16356E-07  -2.82304E-07  -2.29275E-07  -3.90141E-07   3.38402E-08  -2.62046E-07   1.09194E-07  -1.05252E-07   9.01323E-08  -2.97783E-09   5.11012E-08   3.76120E-08   2.68735E-08   3.36658E-08
 1.36750E+03  -1.05756E-05   1.57006E-03  -5.98021E-04   7.56153E-04  -5.46321E-04   1.42754E-04  -3.05680E-04  -1.25843E-04  -9.84272E-05  -1.66665E-04   1.28505E-05  -1.12839E-04   4.57232E-05  -4.86355E-05   3.80146E-05  -7.10830E-06   1.90826E-05   9.93660E-06   3.57845E-06   1.24401E-05   2.56644E-06   1.37092E-05   1.08670E-06   3.59848E-06  -7.73005E-07   2.04909E-06  -1.08407E-06   6.85138E-07  -7.49065E-07  -6.20380E-08  -3.29451E-07  -2.92663E-07  -5.19164E-08  -2.51276E-07   6.46238E-08  -1.32373E-07   8.08166E-08  -3.47723E-08   5.98640E-08   1.40956E-08   3.67422E-08   1.90095E-08
 1.37740E+03   6.54896E-07   1.57482E-03  -5.77019E-04   7.72195E-04  -5.37819E-04   1.68283E-04  -3.12303E-04  -1.04417E-04  -1.12096E-04  -1.56474E-04   5.09273E-07  -1.12727E-04   3.86614E-05  -5.35822E-05   3.60620E-05  -1.24695E-05   2.02012E-05   6.58847E-06   5.81516E-06   1.14372E-05   5.31694E-06   1.26671E-05   1.85409E-06   3.18958E-06  -2.29174E-07   2.13305E-06  -8.39191E-07   9.31792E-07  -7.17151E-07   1.54278E-07  -3.93218E-07  -1.71564E-07  -1.27608E-07  -2.14000E-07   1.46062E-08  -1.42366E-07   6.08433E-08  -6.05004E-08   5.86631E-08  -1.03417E-08   3.96526E-08   2.19338E-09
 1.38740E+03   1.16978E-05   1.57955E-03  -5.55618E-04   7.87668E-04  -5.28123E-04   1.93390E-04  -3.17467E-04  -8.25981E-05  -1.24803E-04  -1.45130E-04  -1.17141E-05  -1.11268E-04   3.10649E-05  -5.75432E-05   3.33706E-05  -1.74366E-05   2.07584E-05   3.12547E-06   7.81583E-06   1.00304E-05   7.76179E-06   1.10828E-05   2.49738E-06   2.62158E-06   3.10141E-07   2.07838E-06  -5.41600E-07   1.09995E-06  -6.25366E-07   3.48275E-07  -4.15727E-07  -3.95194E-08  -1.85474E-07  -1.55392E-07  -3.46800E-08  -1.34690E-07   3.32740E-08  -7.67508E-08   4.81432E-08  -3.17256E-08   3.55415E-08  -1.37607E-08
 1.39740E+03   2.24320E-05   1.58431E-03  -5.34094E-04   8.02468E-04  -5.17401E-04   2.17789E-04  -3.21136E-04  -6.07095E-05  -1.36344E-04  -1.32854E-04  -2.35527E-05  -1.08523E-04   2.31527E-05  -6.04410E-05   3.00493E-05  -2.18700E-05   2.07470E-05  -3.26843E-07   9.49151E-06   8.29045E-06   9.77737E-06   9.05800E-06   2.98041E-06   1.93616E-06   8.05866E-07   1.89452E-06  -2.18292E-07   1.17895E-06  -4.85158E-07   5.02643E-07  -3.96738E-07   8.88781E-08  -2.19752E-07  -8.35209E-08  -7.69335E-08  -1.11237E-07   2.51742E-09  -8.15124E-08   3.06522E-08  -4.66168E-08   2.56894E-08  -2.60445E-08
 1.40750E+03   3.29731E-05   1.58928E-03  -5.12279E-04   8.16806E-04  -5.05614E-04   2.41703E-04  -3.23369E-04  -3.86288E-05  -1.46768E-04  -1.19638E-04  -3.49899E-05  -1.04525E-04   1.49886E-05  -6.22869E-05   2.61559E-05  -2.57386E-05   2.01795E-05  -3.71377E-06   1.08024E-05   6.26875E-06   1.13060E-05   6.67647E-06   3.28775E-06   1.16770E-06   1.23306E-06   1.59645E-06   1.08823E-07   1.16750E-06  -3.09426E-07   6.07519E-07  -3.40085E-07   2.02574E-07  -2.28383E-07  -6.21463E-09  -1.07821E-07  -7.53966E-08  -2.72618E-08  -7.46560E-08   9.27892E-09  -5.31541E-08   1.21449E-08  -3.29397E-08
 1.41760E+03   4.32448E-05   1.59452E-03  -4.90423E-04   8.30610E-04  -4.92940E-04   2.64885E-04  -3.24170E-04  -1.66611E-05  -1.55919E-04  -1.05724E-04  -4.57908E-05  -9.93879E-05   6.79160E-06  -6.30643E-05   2.18258E-05  -2.89447E-05   1.90867E-05  -6.91737E-06   1.16939E-05   4.06213E-06   1.22797E-05   4.07663E-06   3.40638E-06   3.67397E-07   1.56344E-06   1.21019E-06   4.12457E-07   1.07035E-06  -1.16371E-07   6.55323E-07  -2.53701E-07   2.90324E-07  -2.11758E-07   6.72163E-08  -1.23898E-07  -3.24068E-08  -5.16578E-08  -5.77120E-08  -1.21135E-08  -5.07523E-08  -2.36674E-09  -3.36187E-08
 1.42790E+03   5.34957E-05   1.60026E-03  -4.68107E-04   8.44223E-04  -4.79171E-04   2.87786E-04  -3.23567E-04   5.54797E-06  -1.63920E-04  -9.09401E-05  -5.60483E-05  -9.30783E-05  -1.46649E-06  -6.27916E-05   1.70695E-05  -3.14966E-05   1.74775E-05  -9.91788E-06   1.21507E-05   1.70871E-06   1.26815E-05   1.32793E-06   3.33618E-06  -4.36217E-07   1.78457E-06   7.55238E-07   6.76353E-07   8.95328E-07   8.04509E-08   6.44698E-07  -1.45532E-07   3.46171E-07  -1.72387E-07   1.30279E-07  -1.23989E-07   1.30126E-08  -6.77927E-08  -3.31040E-08  -3.04227E-08  -4.02074E-08  -1.55155E-08  -2.83733E-08
 1.43820E+03   6.35925E-05   1.60650E-03  -4.45761E-04   8.57453E-04  -4.64604E-04   3.09962E-04  -3.21581E-04   2.74946E-05  -1.70563E-04  -7.56775E-05  -6.54542E-05  -8.57970E-05  -9.49713E-06  -6.14924E-05   1.20791E-05  -3.33036E-05   1.54251E-05  -1.25800E-05   1.21471E-05  -6.59992E-07   1.24936E-05  -1.39248E-06   3.08608E-06  -1.18459E-06   1.88075E-06   2.70837E-07   8.76977E-07   6.60905E-07   2.60331E-07   5.78626E-07  -2.89304E-08   3.64807E-07  -1.16157E-07   1.75323E-07  -1.08602E-07   5.43470E-08  -7.33114E-08  -5.05813E-09  -4.24898E-08  -2.38412E-08  -2.48626E-08  -1.85888E-08
 1.44860E+03   7.37221E-05   1.61341E-03  -4.23146E-04   8.70508E-04  -4.49130E-04   3.31645E-04  -3.18225E-04   4.93298E-05  -1.75892E-04  -5.98970E-05  -7.40140E-05  -7.75732E-05  -1.72597E-05  -5.92012E-05   6.91178E-06  -3.43664E-05   1.29694E-05  -1.48647E-05   1.16895E-05  -2.97930E-06   1.17384E-05  -3.98916E-06   2.67332E-06  -1.84611E-06   1.85135E-06  -2.15356E-07   1.00373E-06   3.84916E-07   4.10148E-07   4.64725E-07   8.53194E-08   3.46421E-07  -4.95896E-08   1.98711E-07  -8.02165E-08   8.70036E-08  -6.79499E-08   2.24526E-08  -4.68451E-08  -4.57272E-09  -2.91408E-08  -6.24679E-09
 1.45900E+03   8.38933E-05   1.62102E-03  -4.00441E-04   8.83337E-04  -4.32916E-04   3.52645E-04  -3.13558E-04   7.07888E-05  -1.79841E-04  -4.38548E-05  -8.15725E-05  -6.85884E-05  -2.45717E-05  -5.59970E-05   1.72059E-06  -3.46706E-05   1.02016E-05  -1.66951E-05   1.08046E-05  -5.14321E-06   1.04709E-05  -6.32540E-06   2.12912E-06  -2.38185E-06   1.70300E-06  -6.67755E-07   1.04892E-06   9.21288E-08   5.16980E-07   3.15926E-07   1.85148E-07   2.94740E-07   1.89133E-08   1.98707E-07  -4.31982E-08   1.06995E-07  -5.30328E-08   4.52219E-08  -4.32372E-08   1.40917E-08  -2.79494E-08   6.19193E-09
 1.46960E+03   9.44275E-05   1.62955E-03  -3.77146E-04   8.96249E-04  -4.15645E-04   3.73378E-04  -3.07496E-04   9.22280E-05  -1.82456E-04  -2.73411E-05  -8.81973E-05  -5.87654E-05  -3.14662E-05  -5.18721E-05  -3.49108E-06  -3.42197E-05   7.14063E-06  -1.80547E-05   9.50719E-06  -7.11166E-06   8.72974E-06  -8.34189E-06   1.47529E-06  -2.77462E-06   1.44502E-06  -1.06607E-06   1.01197E-06  -2.00222E-07   5.74702E-07   1.43526E-07   2.62936E-07   2.15042E-07   8.28611E-08   1.76079E-07  -1.85843E-09   1.12502E-07  -3.08152E-08   6.04465E-08  -3.26160E-08   2.94073E-08  -2.18219E-08   1.67220E-08
 1.48020E+03   1.05268E-04   1.63892E-03  -3.53624E-04   9.09055E-04  -3.97621E-04   3.93459E-04  -3.00152E-04   1.13189E-04  -1.83662E-04  -1.07641E-05  -9.36944E-05  -4.83880E-05  -3.77141E-05  -4.69669E-05  -8.52324E-06  -3.30310E-05   3.92344E-06  -1.88774E-05   7.86810E-06  -8.77342E-06   6.62975E-06  -9.91238E-06   7.61320E-07  -2.99781E-06   1.10101E-06  -1.37814E-06   8.98265E-07  -4.64610E-07   5.78568E-07  -3.36216E-08   3.10221E-07   1.17548E-07   1.34058E-07   1.34472E-07   3.76329E-08   1.03128E-07  -5.23011E-09   6.58486E-08  -1.72978E-08   3.87311E-08  -1.22617E-08   2.34004E-08
 1.49090E+03   1.16671E-04   1.64926E-03  -3.29560E-04   9.21918E-04  -3.78653E-04   4.13090E-04  -2.91467E-04   1.33823E-04  -1.83466E-04   5.93540E-06  -9.80701E-05  -3.74675E-05  -4.32907E-05  -4.13168E-05  -1.33256E-05  -3.11247E-05   6.07459E-07  -1.91498E-05   5.93638E-06  -1.00839E-05   4.25457E-06  -1.09885E-05   2.17012E-08  -3.04573E-06   6.93062E-07  -1.58902E-06   7.18195E-07  -6.84175E-07   5.30395E-07  -2.01304E-07   3.23970E-07   1.19194E-08   1.67678E-07   7.90480E-08   7.05673E-08   8.06168E-08   1.99559E-08   6.11272E-08  -2.44727E-11   4.09682E-08  -1.16139E-09   2.53663E-08
 1.50160E+03   1.28689E-04   1.66048E-03  -3.05076E-04   9.34743E-04  -3.58883E-04   4.32088E-04  -2.81527E-04   1.53886E-04  -1.81868E-04   2.25063E-05  -1.01245E-04  -2.62152E-05  -4.80696E-05  -3.50616E-05  -1.77603E-05  -2.85602E-05  -2.68623E-06  -1.88616E-05   3.80411E-06  -1.09837E-05   1.73889E-06  -1.15202E-05  -6.95491E-07  -2.91964E-06   2.53381E-07  -1.68596E-06   4.89332E-07  -8.41665E-07   4.36781E-07  -3.43625E-07   3.04019E-07  -8.99951E-08   1.80304E-07   1.71577E-08   9.26271E-08   4.86184E-08   4.07742E-08   4.75026E-08   1.60426E-08   3.61807E-08   9.27983E-09   2.25909E-08
 1.51250E+03   1.41729E-04   1.67281E-03  -2.79591E-04   9.47775E-04  -3.37885E-04   4.50791E-04  -2.70127E-04   1.73693E-04  -1.78816E-04   3.91588E-05  -1.03229E-04  -1.45295E-05  -5.20604E-05  -2.81707E-05  -2.18150E-05  -2.53338E-05  -5.92544E-06  -1.80056E-05   1.51218E-06  -1.14508E-05  -8.45836E-07  -1.14932E-05  -1.36312E-06  -2.62597E-06  -1.96162E-07  -1.66579E-06   2.26294E-07  -9.28740E-07   3.05463E-07  -4.50891E-07   2.52885E-07  -1.79651E-07   1.71216E-07  -4.49163E-08   1.01538E-07   1.10847E-08   5.45531E-08   2.71226E-08   2.85028E-08   2.54632E-08   1.73650E-08   1.58150E-08
 1.52340E+03   1.55737E-04   1.68600E-03  -2.53442E-04   9.60759E-04  -3.15978E-04   4.68820E-04  -2.57452E-04   1.92808E-04  -1.74344E-04   5.54836E-05  -1.03942E-04  -2.73787E-06  -5.51178E-05  -2.08649E-05  -2.53245E-05  -2.15610E-05  -8.95620E-06  -1.66107E-05  -8.10204E-07  -1.14532E-05  -3.33140E-06  -1.09089E-05  -1.93169E-06  -2.18781E-06  -6.17197E-07  -1.53158E-06  -4.50684E-08  -9.38140E-07   1.51372E-07  -5.12205E-07   1.77439E-07  -2.46500E-07   1.42148E-07  -9.87952E-08   9.62785E-08  -2.61519E-08   5.91808E-08   3.69334E-09   3.52012E-08   1.11294E-08   2.16081E-08   6.62889E-09
 1.53440E+03   1.71016E-04   1.70012E-03  -2.26262E-04   9.73775E-04  -2.92902E-04   4.86299E-04  -2.43375E-04   2.11336E-04  -1.68413E-04   7.15246E-05  -1.03370E-04   9.14710E-06  -5.72174E-05  -1.31861E-05  -2.82426E-05  -1.72835E-05  -1.17153E-05  -1.47000E-05  -3.09242E-06  -1.09908E-05  -5.62296E-06  -9.79600E-06  -2.37548E-06  -1.62907E-06  -9.85477E-07  -1.29389E-06  -3.05385E-07  -8.71328E-07  -1.20426E-08  -5.23928E-07   8.57258E-08  -2.84911E-07   9.70116E-08  -1.38821E-07   7.80548E-08  -5.83572E-08   5.44110E-08  -1.92098E-08   3.54059E-08  -4.24140E-09   2.15232E-08  -3.17037E-09
 1.54550E+03   1.87758E-04   1.71511E-03  -1.97910E-04   9.86760E-04  -2.68583E-04   5.03156E-04  -2.27868E-04   2.29181E-04  -1.61005E-04   8.71628E-05  -1.01481E-04   2.09981E-05  -5.83024E-05  -5.24753E-06  -3.04904E-05  -1.25838E-05  -1.41120E-05  -1.23188E-05  -5.24162E-06  -1.00753E-05  -7.60828E-06  -8.20587E-06  -2.66894E-06  -9.82776E-07  -1.27593E-06  -9.69988E-07  -5.33794E-07  -7.34619E-07  -1.69446E-07  -4.85761E-07  -1.22070E-08  -2.91339E-07   4.16070E-08  -1.60439E-07   4.97020E-08  -8.12048E-08   4.13160E-08  -3.80111E-08   2.94101E-08  -1.79196E-08   1.73683E-08  -1.17063E-08
 1.55660E+03   2.05977E-04   1.73072E-03  -1.68518E-04   9.99507E-04  -2.43179E-04   5.19158E-04  -2.11060E-04   2.46085E-04  -1.52195E-04   1.02136E-04  -9.82881E-05   3.25756E-05  -5.83305E-05   2.75452E-06  -3.19880E-05  -7.60395E-06  -1.60461E-05  -9.55534E-06  -7.15082E-06  -8.75035E-06  -9.17491E-06  -6.23334E-06  -2.79446E-06  -2.93797E-07  -1.46734E-06  -5.86831E-07  -7.10571E-07  -5.41903E-07  -3.04960E-07  -4.02953E-07  -1.04886E-07  -2.66010E-07  -1.65218E-08  -1.61438E-07   1.57643E-08  -9.16823E-08   2.24552E-08  -4.97954E-08   1.86968E-08  -2.75165E-08   1.02334E-08  -1.73872E-08
 1.56790E+03   2.26184E-04   1.74710E-03  -1.37422E-04   1.01213E-03  -2.16163E-04   5.34479E-04  -1.92630E-04   2.62226E-04  -1.41823E-04   1.16574E-04  -9.37217E-05   4.39424E-05  -5.72681E-05   1.08299E-05  -3.27042E-05  -2.36336E-06  -1.74767E-05  -6.43767E-06  -8.76948E-06  -7.04057E-06  -1.02682E-05  -3.93953E-06  -2.74659E-06   4.08397E-07  -1.54983E-06  -1.65337E-07  -8.24552E-07  -3.06353E-07  -4.08227E-07  -2.82578E-07  -1.83837E-07  -2.11777E-07  -7.10609E-08  -1.42110E-07  -1.93776E-08  -8.87825E-08   7.42035E-10  -5.31170E-08   5.23221E-09  -3.16914E-08   1.53702E-09  -1.93686E-08
 1.57920E+03   2.48188E-04   1.76383E-03  -1.05050E-04   1.02426E-03  -1.87953E-04   5.48709E-04  -1.72891E-04   2.77176E-04  -1.30080E-04   1.30068E-04  -8.78651E-05   5.47429E-05  -5.51149E-05   1.86924E-05  -3.25832E-05   2.92444E-06  -1.83161E-05  -3.11352E-06  -9.99419E-06  -5.04172E-06  -1.08083E-05  -1.47851E-06  -2.52874E-06   1.06869E-06  -1.51633E-06   2.56678E-07  -8.64668E-07  -5.21134E-08  -4.67864E-07  -1.38765E-07  -2.39198E-07  -1.35990E-07  -1.14294E-07  -1.05593E-07  -5.00842E-08  -7.32970E-08  -1.98656E-08  -4.76869E-08  -8.22397E-09  -2.99059E-08  -6.81470E-09  -1.74342E-08
 1.59060E+03   2.72314E-04   1.78087E-03  -7.10246E-05   1.03584E-03  -1.58270E-04   5.61829E-04  -1.51690E-04   2.90924E-04  -1.16906E-04   1.42587E-04  -8.07032E-05   6.49171E-05  -5.18657E-05   2.62620E-05  -3.16095E-05   8.17403E-06  -1.85328E-05   3.37772E-07  -1.07797E-05  -2.82131E-06  -1.07731E-05   1.04291E-06  -2.15428E-06   1.65216E-06  -1.37073E-06   6.51888E-07  -8.29267E-07   2.00941E-07  -4.79545E-07   1.50382E-08  -2.65869E-07  -4.71006E-08  -1.41422E-07  -5.67830E-08  -7.23348E-08  -4.78120E-08  -3.62365E-08  -3.47710E-08  -1.93571E-08  -2.28435E-08  -1.32774E-08  -1.22038E-08
 1.60210E+03   2.98701E-04   1.79801E-03  -3.52556E-05   1.04668E-03  -1.27085E-04   5.73660E-04  -1.29049E-04   3.03295E-04  -1.02343E-04   1.53956E-04  -7.22764E-05   7.42945E-05  -4.75410E-05   3.33796E-05  -2.97789E-05   1.32452E-05  -1.80998E-05   3.79910E-06  -1.10819E-05  -4.74102E-07  -1.01573E-05   3.49111E-06  -1.64636E-06   2.12143E-06  -1.12403E-06   9.90739E-07  -7.21847E-07   4.30811E-07  -4.42575E-07   1.63347E-07  -2.61207E-07   4.45558E-08  -1.49225E-07  -2.24179E-09  -8.30808E-08  -1.63247E-08  -4.58310E-08  -1.67741E-08  -2.62582E-08  -1.20616E-08  -1.66705E-08  -4.88988E-09
 1.61370E+03   3.27463E-04   1.81505E-03   2.32405E-06   1.05657E-03  -9.43947E-05   5.84001E-04  -1.05013E-04   3.14103E-04  -8.64615E-05   1.63995E-04  -6.26493E-05   8.26997E-05  -4.21861E-05   3.98816E-05  -2.71109E-05   1.79920E-05  -1.70123E-05   7.14545E-06  -1.08769E-05   1.89488E-06  -8.98708E-06   5.73164E-06  -1.03734E-06   2.44548E-06  -7.95117E-07   1.24737E-06  -5.52302E-07   6.17234E-07  -3.61192E-07   2.91099E-07  -2.26195E-07   1.28284E-07  -1.37047E-07   5.07260E-08  -8.10277E-08   1.63162E-08  -4.73067E-08   3.10818E-09  -2.78749E-08   2.57009E-10  -1.64757E-08   2.92562E-09
 1.62530E+03   3.58416E-04   1.83159E-03   4.14110E-05   1.06519E-03  -6.05190E-05   5.92571E-04  -7.98749E-05   3.23079E-04  -6.95054E-05   1.72450E-04  -5.20099E-05   8.98998E-05  -3.59311E-05   4.55592E-05  -2.36843E-05   2.22334E-05  -1.53080E-05   1.02233E-05  -1.01721E-05   4.15607E-06  -7.33671E-06   7.62228E-06  -3.72969E-07   2.60152E-06  -4.13069E-07   1.40095E-06  -3.38249E-07   7.42792E-07  -2.45383E-07   3.84604E-07  -1.66020E-07   1.93830E-07  -1.07238E-07   9.47291E-08  -6.70051E-08   4.49321E-08  -4.08198E-08   2.13037E-08  -2.42374E-08   1.16432E-08  -1.29680E-08   9.57347E-09
 1.63710E+03   3.92156E-04   1.84767E-03   8.26886E-05   1.07244E-03  -2.49285E-05   5.99293E-04  -5.33059E-05   3.30178E-04  -5.13077E-05   1.79284E-04  -4.02961E-05   9.58471E-05  -2.87693E-05   5.03526E-05  -1.95139E-05   2.59003E-05  -1.30042E-05   1.29601E-05  -8.97941E-06   6.23773E-06  -5.26567E-06   9.08319E-06   3.13414E-07   2.58082E-06  -1.73439E-09   1.44192E-06  -9.59776E-08   7.98368E-07  -1.05759E-07   4.35905E-07  -8.72745E-08   2.34685E-07  -6.37179E-08   1.24704E-07  -4.32674E-08   6.57361E-08  -2.76917E-08   3.50730E-08  -1.62565E-08   2.01835E-08  -6.99469E-09   1.38513E-08
 1.64890E+03   4.28147E-04   1.86274E-03   1.25433E-04   1.07795E-03   1.16851E-05   6.03822E-04  -2.58917E-05   3.35077E-04  -3.23326E-05   1.84201E-04  -2.78572E-05   1.00280E-04  -2.09514E-05   5.40346E-05  -1.47713E-05   2.87994E-05  -1.02125E-05   1.51925E-05  -7.36751E-06   8.00016E-06  -2.92269E-06   1.00002E-05   9.63626E-07   2.38431E-06   3.99156E-07   1.36635E-06   1.47943E-07   7.78271E-07   4.03355E-08   4.39148E-07  -1.02667E-09   2.45633E-07  -1.34147E-08   1.36379E-07  -1.41155E-08   7.54424E-08  -1.06443E-08   4.20325E-08  -5.80034E-09   2.42899E-08  -1.91635E-11   1.49368E-08
 1.66080E+03   4.66664E-04   1.87666E-03   1.69929E-04   1.08150E-03   4.94943E-05   6.05992E-04   2.41861E-06   3.37653E-04  -1.26175E-05   1.87103E-04  -1.47780E-05   1.03111E-04  -1.25777E-05   5.65223E-05  -9.55144E-06   3.08504E-05  -7.01342E-06   1.68434E-05  -5.40038E-06   9.36939E-06  -4.25711E-07   1.03276E-05   1.53823E-06   2.02545E-06   7.60463E-07   1.18133E-06   3.72553E-07   6.85610E-07   1.78211E-07   3.95125E-07   8.26574E-08   2.26275E-07   3.68977E-08   1.28872E-07   1.59398E-08   7.31022E-08   7.30655E-09   4.14093E-08   5.05273E-09   2.35129E-08   6.48420E-09   1.28253E-08
 1.67280E+03   5.07677E-04   1.88915E-03   2.16079E-04   1.08284E-03   8.83362E-05   6.05579E-04   3.14185E-05   3.37724E-04   7.61678E-06   1.87842E-04  -1.26923E-06   1.04218E-04  -3.83253E-06   5.77108E-05  -4.00679E-06   3.19614E-05  -3.52761E-06   1.78302E-05  -3.17172E-06   1.02696E-05   2.07736E-06   1.00392E-05   1.99628E-06   1.52911E-06   1.05234E-06   9.02363E-07   5.56504E-07   5.29738E-07   2.92881E-07   3.09213E-07   1.53436E-07   1.79536E-07   8.01847E-08   1.03685E-07   4.21675E-08   5.94695E-08   2.30005E-08   3.36461E-08   1.41935E-08   1.82834E-08   1.11640E-08   8.14519E-09
 1.68490E+03   5.51116E-04   1.89992E-03   2.63745E-04   1.08170E-03   1.28009E-04   6.02368E-04   6.08659E-05   3.35128E-04   2.81180E-05   1.86299E-04   1.24317E-05   1.03508E-04   5.07575E-06   5.75253E-05   1.68942E-06   3.20684E-05   1.05397E-07   1.80961E-05  -7.92758E-07   1.06475E-05   4.43350E-06   9.14639E-06   2.30446E-06   9.30810E-07   1.25039E-06   5.53234E-07   6.82228E-07   3.26313E-07   3.71905E-07   1.91505E-07   2.02633E-07   1.11809E-07   1.10489E-07   6.48301E-08   6.05453E-08   3.70819E-08   3.37840E-08   2.04322E-08   1.99481E-08   9.88133E-09   1.31214E-08   2.05000E-09
 1.69700E+03   5.96497E-04   1.90863E-03   3.12349E-04   1.07786E-03   1.67943E-04   5.96226E-04   9.02432E-05   3.29785E-04   4.84395E-05   1.82426E-04   2.59540E-05   1.00952E-04   1.38493E-05   5.59451E-05   7.30317E-06   3.11532E-05   3.70370E-06   1.76216E-05   1.59372E-06   1.04799E-05   6.47930E-06   7.71359E-06   2.43961E-06   2.79872E-07   1.33778E-06   1.67415E-07   7.37685E-07   9.78053E-08   4.06783E-07   5.68780E-08   2.24335E-07   3.28349E-08   1.23771E-07   1.86369E-08   6.83894E-08   1.00601E-08   3.79708E-08   4.50284E-09   2.14011E-08   2.28130E-10   1.21129E-08  -4.00512E-09
 1.70930E+03   6.44431E-04   1.91514E-03   3.62482E-04   1.07103E-03   2.08524E-04   5.86881E-04   1.19732E-04   3.21506E-04   6.86155E-05   1.76109E-04   3.92461E-05   9.64913E-05   2.23964E-05   5.29449E-05   1.27318E-05   2.92078E-05   7.16883E-06   1.64059E-05   3.89923E-06   9.76724E-06   8.11638E-06   5.80436E-06   2.39394E-06  -3.85685E-07   1.30894E-06  -2.27574E-07   7.18952E-07  -1.36304E-07   3.94778E-07  -8.11717E-08   2.16665E-07  -4.81985E-08   1.18786E-07  -2.87225E-08   6.49392E-08  -1.74874E-08   3.51977E-08  -1.14111E-08   1.85579E-08  -8.83803E-09   8.52581E-09  -8.78558E-09
 1.72160E+03   6.93970E-04   1.91910E-03   4.13083E-04   1.06110E-03   2.48790E-04   5.74348E-04   1.48526E-04   3.10361E-04   8.80027E-05   1.67446E-04   5.18100E-05   9.02266E-05   3.03402E-05   4.86169E-05   1.76936E-05   2.63102E-05   1.02898E-05   1.45107E-05   5.96168E-06   8.55463E-06   9.21185E-06   3.56856E-06   2.17196E-06  -1.00529E-06   1.16765E-06  -5.90900E-07   6.29094E-07  -3.48720E-07   3.38250E-07  -2.04604E-07   1.81396E-07  -1.19493E-07   9.68637E-08  -6.96118E-08   5.12278E-08  -4.06750E-08   2.63469E-08  -2.42326E-08   1.22979E-08  -1.54322E-08   3.36271E-09  -1.12501E-08
 1.73410E+03   7.45714E-04   1.92032E-03   4.64694E-04   1.04772E-03   2.89060E-04   5.58318E-04   1.76746E-04   2.96150E-04   1.06588E-04   1.56336E-04   6.35641E-05   8.21326E-05   3.75745E-05   4.29799E-05   2.20823E-05   2.25007E-05   1.29713E-05   1.19825E-05   7.69861E-06   6.88670E-06   9.70968E-06   1.11592E-06   1.78796E-06  -1.54127E-06   9.25356E-07  -8.96029E-07   4.76951E-07  -5.21190E-07   2.43795E-07  -3.01133E-07   1.23323E-07  -1.72943E-07   6.14362E-08  -9.87936E-08   2.97059E-08  -5.62085E-08   1.32057E-08  -3.19849E-08   4.01335E-09  -1.84932E-08  -2.19153E-09  -1.10325E-08
 1.74660E+03   7.98601E-04   1.91856E-03   5.16181E-04   1.03095E-03   3.28336E-04   5.38988E-04   2.03580E-04   2.79130E-04   1.23748E-04   1.43050E-04   7.40456E-05   7.24629E-05   4.37648E-05   3.62564E-05   2.56602E-05   1.79646E-05   1.50441E-05   8.97082E-06   8.98474E-06   4.88094E-06   9.56843E-06  -1.35354E-06   1.27861E-06  -1.94425E-06   6.08714E-07  -1.11138E-06   2.81576E-07  -6.33828E-07   1.24758E-07  -3.58463E-07   5.16298E-08  -2.01094E-07   1.87309E-08  -1.11867E-07   4.55355E-09  -6.16053E-08  -1.42290E-09  -3.34136E-08  -4.37634E-09  -1.76043E-08  -6.78267E-09  -8.36400E-09
 1.75920E+03   8.52780E-04   1.91365E-03   5.67627E-04   1.01056E-03   3.66574E-04   5.16226E-04   2.28900E-04   2.59279E-04   1.39319E-04   1.27651E-04   8.30966E-05   6.13308E-05   4.87785E-05   2.85790E-05   2.83248E-05   1.28329E-05   1.64319E-05   5.59343E-06   9.76270E-06   2.63823E-06   8.80459E-06  -3.69405E-06   6.82317E-07  -2.18839E-06   2.45922E-07  -1.22119E-06   6.31647E-08  -6.77451E-07  -4.77315E-09  -3.71529E-07  -2.40803E-08  -2.01363E-07  -2.48467E-08  -1.07688E-07  -2.00500E-08  -5.65428E-08  -1.48794E-08  -2.86779E-08  -1.12317E-08  -1.32585E-08  -9.47992E-09  -4.02571E-09
 1.77190E+03   9.07968E-04   1.90543E-03   6.18679E-04   9.86488E-04   4.03396E-04   4.90066E-04   2.52349E-04   2.36727E-04   1.53001E-04   1.10332E-04   9.04874E-05   4.89525E-05   5.24536E-05   2.01576E-05   2.99691E-05   7.29222E-06   1.70674E-05   2.00739E-06   9.98899E-06   2.86956E-07   7.47186E-06  -5.74755E-06   4.72823E-08  -2.25593E-06  -1.28893E-07  -1.21689E-06  -1.54716E-07  -6.48780E-07  -1.28955E-07  -3.39823E-07  -9.34252E-08  -1.74519E-07  -6.26704E-08  -8.74877E-08  -4.00099E-08  -4.23128E-08  -2.47560E-08  -1.89854E-08  -1.52740E-08  -6.58560E-09  -9.80163E-09   8.72069E-10
 1.78470E+03   9.63858E-04   1.89376E-03   6.68973E-04   9.58686E-04   4.38420E-04   4.60589E-04   2.73581E-04   2.11658E-04   1.64519E-04   9.13341E-05   9.60234E-05   3.55847E-05   5.46673E-05   1.12324E-05   3.05261E-05   1.55011E-06   1.69202E-05  -1.61709E-06   9.65311E-06  -2.03650E-06   5.66494E-06  -7.37474E-06  -5.74955E-07  -2.14361E-06  -4.80538E-07  -1.10082E-06  -3.48735E-07  -5.52444E-07  -2.32804E-07  -2.68374E-07  -1.47091E-07  -1.25080E-07  -8.91625E-08  -5.49363E-08  -5.21563E-08  -2.17202E-08  -2.94242E-08  -6.40710E-09  -1.58866E-08   8.81734E-10  -7.84845E-09   5.15829E-09
 1.79760E+03   1.02013E-03   1.87854E-03   7.18132E-04   9.27161E-04   4.71270E-04   4.27930E-04   2.92273E-04   1.84308E-04   1.73634E-04   7.09453E-05   9.95527E-05   2.15185E-05   5.53430E-05   2.06654E-06   2.99726E-05  -4.17394E-06   1.59999E-05  -5.10579E-06   8.77893E-06  -4.19651E-06   3.51327E-06  -8.46602E-06  -1.13394E-06  -1.86323E-06  -7.76245E-07  -8.86098E-07  -4.98431E-07  -4.00491E-07  -3.04106E-07  -1.67101E-07  -1.78150E-07  -6.06365E-08  -1.00656E-07  -1.55318E-08  -5.47677E-08   1.43739E-09  -2.83094E-08   6.54730E-09  -1.32037E-08   7.55162E-09  -4.24817E-09   7.88190E-09
 1.81060E+03   1.07644E-03   1.85972E-03   7.65779E-04   8.91966E-04   5.01581E-04   3.92272E-04   3.08128E-04   1.54960E-04   1.80145E-04   4.94906E-05   1.00973E-04   7.07075E-06   5.44540E-05  -7.06435E-06   2.83322E-05  -9.65854E-06   1.43561E-05  -8.29021E-06   7.42378E-06  -6.06718E-06   1.17187E-06  -8.95043E-06  -1.58476E-06  -1.44076E-06  -9.88985E-07  -5.95371E-07  -5.88560E-07  -2.11021E-07  -3.34971E-07  -4.95161E-08  -1.83034E-07   9.26097E-09  -9.59453E-08   2.43021E-08  -4.78327E-08   2.30552E-08  -2.19544E-08   1.74221E-08  -8.03351E-09   1.21103E-08   2.45449E-11   8.52661E-09
 1.82360E+03   1.13204E-03   1.83745E-03   8.11200E-04   8.53509E-04   5.28811E-04   3.54152E-04   3.20803E-04   1.24182E-04   1.83888E-04   2.74981E-05   1.00249E-04  -7.31478E-06   5.20503E-05  -1.58166E-05   2.56985E-05  -1.46547E-05   1.20958E-05  -1.09986E-05   5.68954E-06  -7.53129E-06  -1.17265E-06  -8.80517E-06  -1.89031E-06  -9.18419E-07  -1.09979E-06  -2.61180E-07  -6.10933E-07  -7.63300E-09  -3.23091E-07   6.81940E-08  -1.62262E-07   7.40636E-08  -7.66361E-08   5.80420E-08  -3.31419E-08   3.93516E-08  -1.19538E-08   2.42468E-08  -1.69358E-09   1.37785E-08   3.87854E-09   7.12649E-09
 1.83680E+03   1.18742E-03   1.81142E-03   8.54733E-04   8.11341E-04   5.53064E-04   3.13261E-04   3.30280E-04   9.18637E-05   1.84824E-04   5.00828E-06   9.73786E-05  -2.15205E-05   4.81726E-05  -2.40558E-05   2.21430E-05  -1.90461E-05   9.30442E-06  -1.31444E-05   3.66052E-06  -8.52958E-06  -3.38743E-06  -8.04850E-06  -2.03273E-06  -3.34433E-07  -1.10224E-06   8.77851E-08  -5.65470E-07   1.89563E-07  -2.71284E-07   1.72837E-07  -1.19486E-07   1.25670E-07  -4.61402E-08   8.10734E-08  -1.34279E-08   4.79647E-08  -2.82484E-10   2.60581E-08   4.49397E-09   1.24647E-08   6.48561E-09   4.16630E-09
 1.85010E+03   1.24182E-03   1.78184E-03   8.95672E-04   7.65936E-04   5.73836E-04   2.70205E-04   3.36283E-04   5.86328E-05   1.82877E-04  -1.74155E-05   9.24249E-05  -3.50976E-05   4.29617E-05  -3.14609E-05   1.78340E-05  -2.26256E-05   6.14447E-06  -1.46075E-05   1.47739E-06  -8.99785E-06  -5.29640E-06  -6.74547E-06  -2.00112E-06   2.56550E-07  -9.98017E-07   4.14405E-07  -4.59139E-07   3.57046E-07  -1.87613E-07   2.50601E-07  -6.18445E-08   1.56668E-07  -9.95363E-09   8.98935E-08   7.48864E-09   4.76076E-08   1.06558E-08   2.27413E-08   9.20526E-09   8.66446E-09   7.29824E-09   4.94850E-10
 1.86340E+03   1.29452E-03   1.74906E-03   9.33422E-04   7.17898E-04   5.90772E-04   2.25684E-04   3.38698E-04   2.51614E-05   1.78117E-04  -3.92121E-05   8.55693E-05  -4.76331E-05   3.66428E-05  -3.77650E-05   1.29923E-05  -2.52464E-05   2.80687E-06  -1.53254E-05  -7.06803E-07  -8.92196E-06  -6.75748E-06  -5.01734E-06  -1.80501E-06   8.00003E-07  -8.02599E-07   6.85237E-07  -3.07484E-07   4.76154E-07  -8.49705E-08   2.92345E-07   1.15614E-09   1.63482E-07   2.55351E-08   8.38323E-08   2.56916E-08   3.88926E-08   1.87412E-08   1.53144E-08   1.15652E-08   3.42328E-09   6.29396E-09  -2.91461E-09
 1.87690E+03   1.34598E-03   1.71273E-03   9.68259E-04   6.66775E-04   6.03932E-04   1.79416E-04   3.37509E-04  -8.62136E-06   1.70557E-04  -6.03169E-05   7.68840E-05  -5.90182E-05   2.93324E-05  -4.28768E-05   7.74952E-06  -2.68595E-05  -5.85537E-07  -1.52893E-05  -2.78987E-06  -8.31923E-06  -7.69527E-06  -2.97622E-06  -1.46333E-06   1.25848E-06  -5.35763E-07   8.79085E-07  -1.27409E-07   5.36828E-07   2.39644E-08   2.94757E-07   6.09372E-08   1.46315E-07   5.50610E-08   6.45179E-08   3.83027E-08   2.36999E-08   2.26846E-08   5.36884E-09   1.13057E-08  -2.10773E-09   3.86966E-09  -5.30485E-09
 1.89040E+03   1.39514E-03   1.67356E-03   9.99409E-04   6.13625E-04   6.12976E-04   1.32495E-04   3.32741E-04  -4.17810E-05   1.60451E-04  -8.00437E-05   6.67188E-05  -6.88224E-05   2.13788E-05  -4.65791E-05   2.39857E-06  -2.73978E-05  -3.81263E-06  -1.45207E-05  -4.61730E-06  -7.24996E-06  -8.04136E-06  -8.09436E-07  -1.01495E-06   1.58886E-06  -2.30426E-07   9.76725E-07   5.68593E-08   5.33664E-07   1.23263E-07   2.59243E-07   1.08084E-07   1.09065E-07   7.36989E-08   3.60386E-08   4.31795E-08   5.31402E-09   2.19171E-08  -4.87403E-09   8.70363E-09  -6.67336E-09   7.76981E-10  -6.16251E-09
 1.90410E+03   1.44246E-03   1.63117E-03   1.02711E-03   5.57994E-04   6.17947E-04   8.46539E-05   3.24393E-04  -7.43742E-05   1.47849E-04  -9.83333E-05   5.51878E-05  -7.69689E-05   1.29280E-05  -4.88328E-05  -2.91993E-06  -2.68726E-05  -6.76199E-06  -1.30687E-05  -6.10989E-06  -5.77968E-06  -7.79224E-06   1.34875E-06  -4.96302E-07   1.77152E-06   8.53650E-08   9.73436E-07   2.26372E-07   4.69750E-07   2.01683E-07   1.91781E-07   1.36884E-07   5.77688E-08   7.91889E-08   3.21728E-09   3.99229E-08  -1.29761E-08   1.68700E-08  -1.35098E-08   4.47380E-09  -9.44882E-09  -2.20131E-09  -5.43744E-09
 1.91780E+03   1.48700E-03   1.58643E-03   1.05079E-03   5.01048E-04   6.18735E-04   3.70252E-05   3.12713E-04  -1.05508E-04   1.33184E-04  -1.14604E-04   4.27545E-05  -8.31661E-05   4.37621E-06  -4.95630E-05  -7.91813E-06  -2.53402E-05  -9.25191E-06  -1.10483E-05  -7.16570E-06  -4.03344E-06  -6.98887E-06   3.30780E-06   3.76626E-08   1.79352E-06   3.74977E-07   8.73771E-07   3.59875E-07   3.56122E-07   2.48883E-07   1.03743E-07   1.43650E-07   1.47265E-09   7.12725E-08  -2.78207E-08   2.96331E-08  -2.75842E-08   8.87236E-09  -1.88166E-08  -2.98853E-10  -9.96387E-09  -4.31061E-09  -3.47356E-09
 1.93170E+03   1.52918E-03   1.53895E-03   1.07066E-03   4.42330E-04   6.15373E-04  -1.06501E-05   2.97716E-04  -1.35238E-04   1.16537E-04  -1.28820E-04   2.95591E-05  -8.73842E-05  -4.12516E-06  -4.87905E-05  -1.24741E-05  -2.28697E-05  -1.12065E-05  -8.55358E-06  -7.74965E-06  -2.10596E-06  -5.69969E-06   4.95438E-06   5.46715E-07   1.65966E-06   6.13985E-07   6.90777E-07   4.45303E-07   2.06927E-07   2.60851E-07   6.73298E-09   1.28684E-07  -5.18405E-08   5.19531E-08  -5.23708E-08   1.44994E-08  -3.62056E-08  -3.90483E-10  -2.00078E-08  -4.61197E-09  -8.30748E-09  -5.14497E-09  -8.58662E-10
 1.94560E+03   1.56822E-03   1.48968E-03   1.08635E-03   3.83067E-04   6.07982E-04  -5.72616E-05   2.79852E-04  -1.62773E-04   9.84773E-05  -1.40553E-04   1.61238E-05  -8.94992E-05  -1.21894E-05  -4.65873E-05  -1.63549E-05  -1.96242E-05  -1.25195E-05  -5.76309E-06  -7.83585E-06  -1.50852E-07  -4.05730E-06   6.15360E-06   9.80215E-07   1.39009E-06   7.77133E-07   4.49428E-07   4.73942E-07   4.33983E-08   2.37758E-07  -8.45750E-08   9.56940E-08  -9.36383E-08   2.54201E-08  -6.63731E-08  -2.17233E-09  -3.74867E-08  -8.85695E-09  -1.70890E-08  -7.53209E-09  -5.03684E-09  -4.62170E-09   1.66159E-09
 1.95970E+03   1.60453E-03   1.43824E-03   1.09805E-03   3.22792E-04   5.96585E-04  -1.03068E-04   2.59149E-04  -1.88179E-04   7.91059E-05  -1.49803E-04   2.59395E-06  -8.95359E-05  -1.96847E-05  -4.30314E-05  -1.94802E-05  -1.57158E-05  -1.31675E-05  -2.79232E-06  -7.44099E-06   1.73496E-06  -2.17797E-06   6.84851E-06   1.30893E-06   1.01118E-06   8.53518E-07   1.74168E-07   4.45799E-07  -1.16581E-07   1.84400E-07  -1.59453E-07   5.03478E-08  -1.18830E-07  -3.70179E-09  -6.82923E-08  -1.73577E-08  -3.16643E-08  -1.49610E-08  -1.08823E-08  -8.58659E-09  -9.50297E-10  -3.01078E-09   3.50051E-09
 1.97380E+03   1.63748E-03   1.38566E-03   1.10560E-03   2.62743E-04   5.81516E-04  -1.47037E-04   2.36219E-04  -2.10815E-04   5.90726E-05  -1.56325E-04  -1.05102E-05  -8.75442E-05  -2.62870E-05  -3.83239E-05  -2.17084E-05  -1.13792E-05  -1.31370E-05   1.60034E-07  -6.61640E-06   3.41122E-06  -2.39370E-07   6.99817E-06   1.50422E-06   5.66692E-07   8.38675E-07  -1.01337E-07   3.67674E-07  -2.52239E-07   1.10415E-07  -2.07857E-07   8.78399E-10  -1.24320E-07  -2.99178E-08  -5.85673E-08  -2.80938E-08  -2.03727E-08  -1.75322E-08  -2.94794E-09  -7.69281E-09   2.95564E-09  -8.51393E-10   4.25354E-09
 1.98810E+03   1.66749E-03   1.33152E-03   1.10918E-03   2.02439E-04   5.62784E-04  -1.89434E-04   2.11091E-04  -2.30769E-04   3.84801E-05  -1.60162E-04  -2.30607E-05  -8.36016E-05  -3.19052E-05  -3.25863E-05  -2.30141E-05  -6.74646E-06  -1.24592E-05   2.98444E-06  -5.42293E-06   4.80505E-06   1.63376E-06   6.61736E-06   1.55782E-06   9.36667E-08   7.38793E-07  -3.52150E-07   2.50693E-07  -3.50612E-07   2.61141E-08  -2.25495E-07  -4.55212E-08  -1.10632E-07  -4.92583E-08  -3.95380E-08  -3.27670E-08  -5.99387E-09  -1.63052E-08   5.05668E-09  -5.19680E-09   5.89784E-09   1.27953E-09   3.86312E-09
 2.00250E+03   1.69427E-03   1.27652E-03   1.10880E-03   1.42668E-04   5.40745E-04  -2.29621E-04   1.84300E-04  -2.47690E-04   1.78552E-05  -1.61265E-04  -3.46737E-05  -7.78709E-05  -3.63447E-05  -2.60653E-05  -2.33631E-05  -2.04563E-06  -1.11973E-05   5.52239E-06  -3.95833E-06   5.83031E-06   3.28735E-06   5.75735E-06   1.47041E-06  -3.61027E-07   5.68809E-07  -5.51568E-07   1.11546E-07  -4.01124E-07  -5.59269E-08  -2.11508E-07  -8.15965E-08  -8.10748E-08  -5.86758E-08  -1.51848E-08  -3.08131E-08   8.42453E-09  -1.17650E-08   1.14021E-08  -1.77790E-09   7.28634E-09   2.83523E-09   2.55099E-09
 2.01690E+03   1.71770E-03   1.22137E-03   1.10467E-03   8.41642E-05   5.15872E-04  -2.67067E-04   1.56434E-04  -2.61370E-04  -2.29048E-06  -1.59718E-04  -4.50283E-05  -7.06066E-05  -3.94893E-05  -1.90472E-05  -2.27887E-05   2.49969E-06  -9.45770E-06   7.64543E-06  -2.34045E-06   6.43858E-06   4.59704E-06   4.51753E-06   1.25929E-06  -7.54916E-07   3.52145E-07  -6.81035E-07  -3.07384E-08  -4.00816E-07  -1.24246E-07  -1.70243E-07  -1.02419E-07  -4.16112E-08  -5.73077E-08   9.71033E-09  -2.31600E-08   2.00204E-08  -5.14781E-09   1.48525E-08   1.71340E-09   6.95256E-09   3.48875E-09   7.69814E-10
 2.03150E+03   1.73815E-03   1.16561E-03   1.09689E-03   2.64218E-05   4.88136E-04  -3.02061E-04   1.27499E-04  -2.71932E-04  -2.18860E-05  -1.55617E-04  -5.40568E-05  -6.19412E-05  -4.13305E-05  -1.16787E-05  -2.13464E-05   6.77441E-06  -7.32973E-06   9.29524E-06  -6.57640E-07   6.62196E-06   5.49692E-06   2.99615E-06   9.47538E-07  -1.06106E-06   1.11390E-07  -7.32829E-07  -1.60726E-07  -3.52917E-07  -1.71318E-07  -1.08631E-07  -1.06137E-07   1.46853E-09  -4.61862E-08   3.11015E-08  -1.16224E-08   2.69000E-08   2.08240E-09   1.49241E-08   4.54520E-09   5.10676E-09   3.19033E-09  -9.96060E-10
 2.04620E+03   1.75554E-03   1.10992E-03   1.08570E-03  -2.98745E-05   4.58034E-04  -3.34144E-04   9.80773E-05  -2.79254E-04  -4.04661E-05  -1.49131E-04  -6.15160E-05  -5.21815E-05  -4.18366E-05  -4.25323E-06  -1.91344E-05   1.05880E-05  -4.95168E-06   1.03977E-05   9.70452E-07   6.38705E-06   5.92934E-06   1.33250E-06   5.70110E-07  -1.25399E-06  -1.25415E-07  -7.05158E-07  -2.62602E-07  -2.66126E-07  -1.91651E-07  -3.67093E-08  -9.32453E-08   4.09980E-08  -2.79815E-08   4.53683E-08   1.21362E-09   2.79979E-08   8.29898E-09   1.18123E-08   6.11895E-09   2.27853E-09   2.12432E-09  -2.29062E-09
 2.06090E+03   1.76990E-03   1.05496E-03   1.07142E-03  -8.41249E-05   4.26131E-04  -3.62990E-04   6.87452E-05  -2.83355E-04  -5.76319E-05  -1.40531E-04  -6.72553E-05  -4.16798E-05  -4.10567E-05   2.94462E-06  -1.62984E-05   1.37898E-05  -2.47406E-06   1.09251E-05   2.43561E-06   5.77770E-06   5.88830E-06  -3.26311E-07   1.67754E-07  -1.32288E-06  -3.32360E-07  -6.06782E-07  -3.25643E-07  -1.54314E-07  -1.84472E-07   3.44581E-08  -6.71997E-08   7.09518E-08  -6.58228E-09   5.05827E-08   1.26615E-08   2.36051E-08   1.22230E-08   6.46114E-09   6.18869E-09  -8.01008E-10   6.66323E-10  -2.84223E-09
 2.07580E+03   1.78160E-03   1.00022E-03   1.05413E-03  -1.36869E-04   3.92335E-04  -3.88900E-04   3.94598E-05  -2.84374E-04  -7.33717E-05  -1.29939E-04  -7.12850E-05  -3.05788E-05  -3.90605E-05   9.79379E-06  -1.29437E-05   1.63236E-05   5.68893E-09   1.08896E-05   3.67491E-06   4.84581E-06   5.40291E-06  -1.87439E-06  -2.26890E-07  -1.26986E-06  -4.92277E-07  -4.51280E-07  -3.45667E-07  -3.12411E-08  -1.52637E-07   9.60544E-08  -3.27089E-08   8.77927E-08   1.42877E-08   4.66329E-08   2.07319E-08   1.49762E-08   1.32281E-08   1.26557E-10   4.85889E-09  -3.45902E-09  -7.82316E-10  -2.61014E-09
 2.09080E+03   1.79071E-03   9.46311E-04   1.03416E-03  -1.87572E-04   3.57197E-04  -4.11616E-04   1.07537E-05  -2.82397E-04  -8.73610E-05  -1.17671E-04  -7.35409E-05  -1.92339E-05  -3.59655E-05   1.60479E-05  -9.24541E-06   1.80986E-05   2.34766E-06   1.03197E-05   4.61461E-06   3.67147E-06   4.53490E-06  -3.18803E-06  -5.76073E-07  -1.10641E-06  -5.89971E-07  -2.59161E-07  -3.22685E-07   8.67763E-08  -1.02286E-07   1.39827E-07   4.08597E-09   8.96931E-08   3.08945E-08   3.49042E-08   2.40414E-08   4.17598E-09   1.12868E-08  -5.71161E-09   2.53526E-09  -5.10821E-09  -1.84646E-09  -1.74690E-09
 2.10590E+03   1.79744E-03   8.93422E-04   1.01179E-03  -2.36113E-04   3.21043E-04  -4.31129E-04  -1.70714E-05  -2.77581E-04  -9.94428E-05  -1.04007E-04  -7.40498E-05  -7.92213E-06  -3.19185E-05   2.15399E-05  -5.36665E-06   1.90825E-05   4.44320E-06   9.27434E-06   5.21451E-06   2.34228E-06   3.37352E-06  -4.17987E-06  -8.51085E-07  -8.54237E-07  -6.19291E-07  -5.30727E-08  -2.62494E-07   1.85799E-07  -4.17290E-08   1.61053E-07   3.72789E-08   7.75246E-08   4.06895E-08   1.81000E-08   2.23456E-08  -6.48009E-09   7.05359E-09  -9.81734E-09  -1.75989E-10  -5.45179E-09  -2.30457E-09  -5.52855E-10
 2.12110E+03   1.80202E-03   8.41711E-04   9.87280E-04  -2.82414E-04   2.84182E-04  -4.47468E-04  -4.37477E-05  -2.70113E-04  -1.09505E-04  -8.92381E-05  -7.28809E-05   3.09596E-06  -2.70888E-05   2.61362E-05  -1.46887E-06   1.92764E-05   6.20289E-06   7.83277E-06   5.45838E-06   9.49935E-07   2.02552E-06  -4.79289E-06  -1.03181E-06  -5.41760E-07  -5.81751E-07   1.44361E-07  -1.75026E-07   2.55177E-07   1.99129E-08   1.58482E-07   6.19829E-08   5.42914E-08   4.25345E-08  -4.09806E-10   1.64172E-08  -1.49018E-08   1.63987E-09  -1.14284E-08  -2.62398E-09  -4.51165E-09  -2.11834E-09   6.25488E-10
 2.13640E+03   1.80469E-03   7.91299E-04   9.60898E-04  -3.26432E-04   2.46902E-04  -4.60694E-04  -6.90428E-05  -2.60202E-04  -1.17480E-04  -7.36536E-05  -7.01398E-05   1.35824E-05  -2.16614E-05   2.97390E-05   2.29480E-06   1.87128E-05   7.55970E-06   6.08904E-06   5.35322E-06  -4.15940E-07   6.05592E-07  -5.00295E-06  -1.10800E-06  -2.01050E-07  -4.85841E-07   3.12964E-07  -7.28333E-08   2.88626E-07   7.40405E-08   1.34259E-07   7.50184E-08   2.44933E-08   3.67835E-08  -1.72398E-08   7.80297E-09  -1.96248E-08  -3.66609E-09  -1.03928E-08  -4.26442E-09  -2.60241E-09  -1.41897E-09   1.49038E-09
 2.15190E+03   1.80569E-03   7.41957E-04   9.32702E-04  -3.68424E-04   2.09224E-04  -4.70949E-04  -9.29081E-05  -2.47983E-04  -1.23371E-04  -5.74333E-05  -6.59319E-05   2.33865E-05  -1.57912E-05   3.22997E-05   5.80653E-06   1.74418E-05   8.47516E-06   4.13308E-06   4.92343E-06  -1.68090E-06  -7.81730E-07  -4.81610E-06  -1.07906E-06   1.37454E-07  -3.44619E-07   4.37616E-07   3.12817E-08   2.84543E-07   1.13935E-07   9.30666E-08   7.52387E-08  -6.89081E-09   2.50027E-08  -2.96472E-08  -1.61195E-09  -2.00384E-08  -7.72031E-09  -7.13217E-09  -4.77698E-09  -2.24770E-10  -4.45023E-10   1.86353E-09
 2.16740E+03   1.80527E-03   6.94366E-04   9.03287E-04  -4.07871E-04   1.71868E-04  -4.78208E-04  -1.14873E-04  -2.33846E-04  -1.27113E-04  -4.10621E-05  -6.04741E-05   3.22005E-05  -9.74954E-06   3.37598E-05   8.89968E-06   1.55642E-05   8.91905E-06   2.09677E-06   4.22077E-06  -2.75833E-06  -2.01520E-06  -4.27328E-06  -9.54787E-07   4.39236E-07  -1.77781E-07   5.06708E-07   1.23282E-07   2.46196E-07   1.34671E-07   4.24030E-08   6.36296E-08  -3.44451E-08   9.91526E-09  -3.56867E-08  -9.78091E-09  -1.64494E-08  -9.68004E-09  -2.59668E-09  -4.12018E-09   2.00189E-09   5.08240E-10   1.71048E-09
 2.18300E+03   1.80368E-03   6.48209E-04   8.72682E-04  -4.45106E-04   1.34798E-04  -4.82671E-04  -1.34970E-04  -2.17953E-04  -1.28792E-04  -2.46951E-05  -5.39234E-05   3.99420E-05  -3.68945E-06   3.41480E-05   1.14993E-05   1.31767E-05   8.90407E-06   7.18068E-08   3.30306E-06  -3.60242E-06  -3.01880E-06  -3.43773E-06  -7.52690E-07   6.81636E-07  -3.87093E-09   5.17693E-07   1.93529E-07   1.80802E-07   1.35121E-07  -1.01967E-08   4.29883E-08  -5.43483E-08  -5.60633E-09  -3.49307E-08  -1.52596E-08  -9.94889E-09  -9.31663E-09   2.10923E-09  -2.54158E-09   3.57853E-09   1.20623E-09   1.14312E-09
 2.19880E+03   1.80113E-03   6.03179E-04   8.40865E-04  -4.80415E-04   9.79606E-05  -4.84470E-04  -1.53209E-04  -2.00419E-04  -1.28470E-04  -8.47177E-06  -4.64222E-05   4.65327E-05   2.24611E-06   3.34967E-05   1.35416E-05   1.03770E-05   8.45289E-06  -1.85668E-06   2.23189E-06  -4.17906E-06  -3.73362E-06  -2.38380E-06  -4.94206E-07   8.47487E-07   1.59323E-07   4.72942E-07   2.35239E-07   9.76874E-08   1.16593E-07  -5.75607E-08   1.70979E-08  -6.41122E-08  -1.88723E-08  -2.80274E-08  -1.72137E-08  -2.03814E-09  -6.89136E-09   5.94006E-09  -4.68953E-10   4.17976E-09   1.50580E-09   3.55112E-10
 2.21470E+03   1.79786E-03   5.59514E-04   8.08187E-04  -5.13644E-04   6.17490E-05  -4.83704E-04  -1.69383E-04  -1.81572E-04  -1.26228E-04   7.27755E-06  -3.82126E-05   5.18341E-05   7.85020E-06   3.18690E-05   1.49582E-05   7.30581E-06   7.61069E-06  -3.58821E-06   1.08693E-06  -4.46343E-06  -4.11539E-06  -1.21021E-06  -2.07491E-07   9.25005E-07   2.94145E-07   3.80790E-07   2.44866E-07   8.66122E-09   8.30749E-08  -9.31197E-08  -9.40713E-09  -6.28464E-08  -2.76197E-08  -1.67096E-08  -1.55382E-08   5.53957E-09  -3.13047E-09   8.07687E-09   1.55436E-09   3.71999E-09   1.37811E-09  -4.19508E-10
 2.23070E+03   1.79407E-03   5.17117E-04   7.74772E-04  -5.44892E-04   2.62917E-05  -4.80507E-04  -1.83442E-04  -1.61633E-04  -1.22179E-04   2.23497E-05  -2.94998E-05   5.57923E-05   1.29738E-05   2.93577E-05   1.57247E-05   4.09355E-06   6.43968E-06  -5.04999E-06  -5.77371E-08  -4.45561E-06  -4.15485E-06  -1.44895E-08   7.95842E-08   9.12798E-07   3.88177E-07   2.54250E-07   2.23530E-07  -7.49102E-08   4.04179E-08  -1.12766E-07  -3.22533E-08  -5.16243E-08  -3.06667E-08  -3.36482E-09  -1.09034E-08   1.12995E-08   9.93164E-10   8.18489E-09   3.04020E-09   2.38773E-09   9.12611E-10  -9.83482E-10

