#
#--------------------------------------------------------------------------------
### 
## 
## Courbe 0
## resp__3
## Courbe 1
## resp__2
## Courbe 2
## resp__1
## Courbe 3
## resp_0
## Courbe 4
## resp_1
## Courbe 5
## resp_2
## Courbe 6
## resp_3
## Courbe 7
## resp_4
## Courbe 8
## resp_5
## Courbe 9
## resp_6
## Courbe 10
## resp_7
## Courbe 11
## resp_8
## Courbe 12
## resp_9
## Courbe 13
## resp_10
## Courbe 14
## resp_11
## Courbe 15
## resp_12
## Courbe 16
## resp_13
## Courbe 17
## resp_14
## Courbe 18
## resp_15
## Courbe 19
## resp_16
## Courbe 20
## resp_17
FREQ          DZ_0_R        DZ_0_I        DZ_1_R        DZ_1_I        DZ_2_R        DZ_2_I        DZ_3_R        DZ_3_I        DZ_4_R        DZ_4_I        DZ_5_R        DZ_5_I        DZ_6_R        DZ_6_I        DZ_7_R        DZ_7_I        DZ_8_R        DZ_8_I        DZ_9_R        DZ_9_I        DZ_10_R       DZ_10_I       DZ_11_R       DZ_11_I       DZ_12_R       DZ_12_I       DZ_13_R       DZ_13_I       DZ_14_R       DZ_14_I       DZ_15_R       DZ_15_I       DZ_16_R       DZ_16_I       DZ_17_R       DZ_17_I       DZ_18_R       DZ_18_I       DZ_19_R       DZ_19_I       DZ_20_R       DZ_20_I     
 3.54000E+01   1.04756E-02   1.16189E-02   1.30132E-02   1.24330E-02   1.44126E-02   1.16013E-02   1.45391E-02   9.42587E-03   1.33788E-02   6.24532E-03   1.11642E-02   2.47540E-03   8.35963E-03  -1.46249E-03   4.97723E-03  -5.31465E-03   1.26977E-03  -8.77275E-03  -2.39196E-03  -1.15634E-02  -5.65123E-03  -1.34724E-02  -8.19560E-03  -1.43525E-02  -9.78240E-03  -1.41281E-02  -1.02571E-02  -1.27940E-02  -9.56250E-03  -1.04098E-02  -7.73882E-03  -7.09042E-03  -4.91271E-03  -2.99252E-03  -1.27745E-03   1.70188E-03   2.93555E-03   6.80448E-03   7.49183E-03   1.21414E-02   1.21938E-02   1.75750E-02
 3.56000E+01   1.06694E-02   1.17009E-02   1.32691E-02   1.25274E-02   1.47101E-02   1.16995E-02   1.48509E-02   9.52086E-03   1.36740E-02   6.33192E-03   1.14155E-02   2.55069E-03   8.55062E-03  -1.39930E-03   5.09021E-03  -5.26335E-03   1.29294E-03  -8.73214E-03  -2.46057E-03  -1.15318E-02  -5.80365E-03  -1.34478E-02  -8.41477E-03  -1.43335E-02  -1.00439E-02  -1.41137E-02  -1.05314E-02  -1.27838E-02  -9.81794E-03  -1.04040E-02  -7.94410E-03  -7.08987E-03  -5.03971E-03  -2.99827E-03  -1.30321E-03   1.68874E-03   3.02756E-03   6.78303E-03   7.71150E-03   1.21110E-02   1.25453E-02   1.75354E-02
 3.59000E+01   1.09686E-02   1.18174E-02   1.36646E-02   1.26601E-02   1.51705E-02   1.18360E-02   1.53339E-02   9.65135E-03   1.41317E-02   6.44974E-03   1.18058E-02   2.65251E-03   8.84791E-03  -1.31402E-03   5.26700E-03  -5.19348E-03   1.33081E-03  -8.67523E-03  -2.56480E-03  -1.14849E-02  -6.03778E-03  -1.34082E-02  -8.75253E-03  -1.42993E-02  -1.04475E-02  -1.40842E-02  -1.09553E-02  -1.27595E-02  -1.02130E-02  -1.03865E-02  -8.26196E-03  -7.08136E-03  -5.23678E-03  -3.00151E-03  -1.34394E-03   1.67120E-03   3.16878E-03   6.74913E-03   8.05000E-03   1.20594E-02   1.30876E-02   1.74656E-02
 3.61000E+01   1.11739E-02   1.18904E-02   1.39362E-02   1.27422E-02   1.54870E-02   1.19192E-02   1.56661E-02   9.72971E-03   1.44470E-02   6.51962E-03   1.20749E-02   2.71242E-03   9.05334E-03  -1.26395E-03   5.38976E-03  -5.15189E-03   1.35813E-03  -8.64003E-03  -2.63521E-03  -1.14539E-02  -6.19761E-03  -1.33797E-02  -8.98378E-03  -1.42723E-02  -1.07243E-02  -1.40588E-02  -1.12463E-02  -1.27367E-02  -1.04845E-02  -1.03682E-02  -8.48056E-03  -7.07011E-03  -5.37259E-03  -2.99979E-03  -1.37249E-03   1.66103E-03   3.26512E-03   6.72520E-03   8.28176E-03   1.20206E-02   1.34593E-02   1.74112E-02
 3.64000E+01   1.14906E-02   1.19924E-02   1.43557E-02   1.28548E-02   1.59761E-02   1.20311E-02   1.61801E-02   9.83312E-03   1.49351E-02   6.61029E-03   1.24921E-02   2.78934E-03   9.37243E-03  -1.19980E-03   5.58128E-03  -5.09752E-03   1.40220E-03  -8.59150E-03  -2.74226E-03  -1.14076E-02  -6.44307E-03  -1.33331E-02  -9.33992E-03  -1.42246E-02  -1.11511E-02  -1.40110E-02  -1.16955E-02  -1.26916E-02  -1.09038E-02  -1.03301E-02  -8.81860E-03  -7.04397E-03  -5.58299E-03  -2.99083E-03  -1.41740E-03   1.64817E-03   3.41296E-03   6.68694E-03   8.63869E-03   1.19546E-02   1.40323E-02   1.73166E-02
 3.66000E+01   1.17077E-02   1.20549E-02   1.46434E-02   1.29223E-02   1.63118E-02   1.20965E-02   1.65332E-02   9.89190E-03   1.52706E-02   6.66059E-03   1.27793E-02   2.83135E-03   9.59245E-03  -1.16483E-03   5.71386E-03  -5.06693E-03   1.43362E-03  -8.56211E-03  -2.81462E-03  -1.13767E-02  -6.61056E-03  -1.32992E-02  -9.58356E-03  -1.41875E-02  -1.14435E-02  -1.39720E-02  -1.20035E-02  -1.26536E-02  -1.11915E-02  -1.02968E-02  -9.05074E-03  -7.01985E-03  -5.72773E-03  -2.98026E-03  -1.44873E-03   1.64129E-03   3.51378E-03   6.65964E-03   8.88287E-03   1.19051E-02   1.44246E-02   1.72440E-02
 3.69000E+01   1.20420E-02   1.21397E-02   1.50870E-02   1.30111E-02   1.68299E-02   1.21794E-02   1.70783E-02   9.96352E-03   1.57892E-02   6.71952E-03   1.32235E-02   2.87933E-03   9.93337E-03  -1.12500E-03   5.92005E-03  -5.03010E-03   1.48377E-03  -8.52263E-03  -2.92469E-03  -1.13302E-02  -6.86760E-03  -1.32434E-02  -9.95837E-03  -1.41229E-02  -1.18939E-02  -1.39017E-02  -1.24783E-02  -1.25833E-02  -1.16353E-02  -1.02339E-02  -9.40914E-03  -6.97263E-03  -5.95153E-03  -2.95690E-03  -1.49779E-03   1.63365E-03   3.66842E-03   6.61561E-03   9.25854E-03   1.18213E-02   1.50287E-02   1.71189E-02
 3.72000E+01   1.23869E-02   1.22128E-02   1.55449E-02   1.30838E-02   1.73651E-02   1.22427E-02   1.76421E-02   1.00136E-02   1.63259E-02   6.75697E-03   1.36838E-02   2.90780E-03   1.02873E-02  -1.10147E-03   6.13493E-03  -5.00489E-03   1.53746E-03  -8.48893E-03  -3.03662E-03  -1.12832E-02  -7.13160E-03  -1.31809E-02  -1.03444E-02  -1.40463E-02  -1.23583E-02  -1.38158E-02  -1.29683E-02  -1.24955E-02  -1.20938E-02  -1.01539E-02  -9.77966E-03  -6.91093E-03  -6.18330E-03  -2.92373E-03  -1.54927E-03   1.62945E-03   3.82716E-03   6.56738E-03   9.64542E-03   1.17249E-02   1.56514E-02   1.69726E-02
 3.74000E+01   1.26226E-02   1.22545E-02   1.58581E-02   1.31224E-02   1.77314E-02   1.22730E-02   1.80280E-02   1.00339E-02   1.66936E-02   6.76902E-03   1.39995E-02   2.91508E-03   1.05303E-02  -1.09552E-03   6.28293E-03  -4.99498E-03   1.57518E-03  -8.46983E-03  -3.11228E-03  -1.12513E-02  -7.31144E-03  -1.31351E-02  -1.06079E-02  -1.39879E-02  -1.26757E-02  -1.37489E-02  -1.33033E-02  -1.24263E-02  -1.24074E-02  -1.00902E-02  -1.00333E-02  -6.86103E-03  -6.34217E-03  -2.89570E-03  -1.58492E-03   1.62868E-03   3.93523E-03   6.53261E-03   9.90951E-03   1.16529E-02   1.60767E-02   1.68620E-02
 3.77000E+01   1.29845E-02   1.23055E-02   1.63394E-02   1.31645E-02   1.82947E-02   1.22992E-02   1.86220E-02   1.00434E-02   1.72598E-02   6.76617E-03   1.44858E-02   2.90710E-03   1.09052E-02  -1.10230E-03   6.51184E-03  -4.99118E-03   1.63456E-03  -8.44646E-03  -3.22734E-03  -1.12025E-02  -7.58685E-03  -1.30594E-02  -1.10121E-02  -1.38883E-02  -1.31630E-02  -1.36328E-02  -1.38182E-02  -1.23051E-02  -1.28896E-02  -9.97766E-03  -1.04235E-02  -6.77187E-03  -6.58686E-03  -2.84405E-03  -1.64033E-03   1.63074E-03   4.10068E-03   6.47607E-03   1.03147E-02   1.15322E-02   1.67297E-02   1.66747E-02
 3.80000E+01   1.33564E-02   1.23416E-02   1.68342E-02   1.31860E-02   1.88740E-02   1.23004E-02   1.92332E-02   1.00256E-02   1.78428E-02   6.73629E-03   1.49872E-02   2.87470E-03   1.12921E-02  -1.12929E-03   6.74878E-03  -5.00153E-03   1.69715E-03  -8.42973E-03  -3.34424E-03  -1.11523E-02  -7.86885E-03  -1.29744E-02  -1.14269E-02  -1.37727E-02  -1.36635E-02  -1.34962E-02  -1.43473E-02  -1.21612E-02  -1.33855E-02  -9.84299E-03  -1.08250E-02  -6.66410E-03  -6.83895E-03  -2.77995E-03  -1.69796E-03   1.63692E-03   4.26999E-03   6.41370E-03   1.07304E-02   1.13948E-02   1.74001E-02   1.64594E-02
 3.83000E+01   1.37376E-02   1.23614E-02   1.73418E-02   1.31850E-02   1.94687E-02   1.22745E-02   1.98610E-02   9.97818E-03   1.84420E-02   6.67707E-03   1.55027E-02   2.81587E-03   1.16904E-02  -1.17809E-03   6.99331E-03  -5.02707E-03   1.76276E-03  -8.42001E-03  -3.46292E-03  -1.11003E-02  -8.15714E-03  -1.28790E-02  -1.18516E-02  -1.36396E-02  -1.41766E-02  -1.33369E-02  -1.48900E-02  -1.19923E-02  -1.38942E-02  -9.68415E-03  -1.12373E-02  -6.53605E-03  -7.09804E-03  -2.70230E-03  -1.75768E-03   1.64750E-03   4.44297E-03   6.34484E-03   1.11561E-02   1.12389E-02   1.80870E-02   1.62132E-02
 3.85000E+01   1.39966E-02   1.23650E-02   1.76869E-02   1.31711E-02   1.98732E-02   1.22411E-02   2.02882E-02   9.92892E-03   1.88498E-02   6.62013E-03   1.58538E-02   2.76095E-03   1.19619E-02  -1.22357E-03   7.16027E-03  -5.05308E-03   1.80807E-03  -8.41761E-03  -3.54298E-03  -1.10644E-02  -8.35261E-03  -1.28092E-02  -1.21400E-02  -1.35402E-02  -1.45251E-02  -1.32171E-02  -1.52588E-02  -1.18647E-02  -1.42401E-02  -9.56379E-03  -1.15176E-02  -6.43854E-03  -7.27440E-03  -2.64246E-03  -1.79859E-03   1.65715E-03   4.56022E-03   6.29500E-03   1.14450E-02   1.11239E-02   1.85535E-02   1.60306E-02
 3.88000E+01   1.43920E-02   1.23548E-02   1.82138E-02   1.31287E-02   2.04910E-02   1.21650E-02   2.09408E-02   9.82673E-03   1.94732E-02   6.50673E-03   1.63907E-02   2.65340E-03   1.23774E-02  -1.31248E-03   7.41616E-03  -5.10639E-03   1.87816E-03  -8.42042E-03  -3.66438E-03  -1.10084E-02  -8.65037E-03  -1.26942E-02  -1.25798E-02  -1.33742E-02  -1.50569E-02  -1.30156E-02  -1.58217E-02  -1.16493E-02  -1.47682E-02  -9.35992E-03  -1.19458E-02  -6.27276E-03  -7.54394E-03  -2.53973E-03  -1.86143E-03   1.67572E-03   4.73872E-03   6.21382E-03   1.18856E-02   1.09334E-02   1.92651E-02   1.57267E-02
 3.91000E+01   1.47948E-02   1.23247E-02   1.87508E-02   1.30588E-02   2.11208E-02   1.20556E-02   2.16063E-02   9.68833E-03   2.01091E-02   6.35756E-03   1.69386E-02   2.51375E-03   1.28016E-02  -1.42776E-03   7.67786E-03  -5.17786E-03   1.95054E-03  -8.43128E-03  -3.78720E-03  -1.09497E-02  -8.95299E-03  -1.25659E-02  -1.30273E-02  -1.31860E-02  -1.55982E-02  -1.27858E-02  -1.63949E-02  -1.14029E-02  -1.53062E-02  -9.12611E-03  -1.23821E-02  -6.08193E-03  -7.81879E-03  -2.42041E-03  -1.92586E-03   1.69951E-03   4.92002E-03   6.12432E-03   1.23338E-02   1.07198E-02   1.99891E-02   1.53843E-02
 3.94000E+01   1.52038E-02   1.22732E-02   1.92963E-02   1.29596E-02   2.17608E-02   1.19107E-02   2.22827E-02   9.51119E-03   2.07555E-02   6.17016E-03   1.74957E-02   2.33980E-03   1.32333E-02  -1.57114E-03   7.94443E-03  -5.26864E-03   2.02480E-03  -8.45060E-03  -3.91123E-03  -1.08877E-02  -9.25970E-03  -1.24233E-02  -1.34812E-02  -1.29741E-02  -1.61476E-02  -1.25256E-02  -1.69768E-02  -1.11232E-02  -1.58523E-02  -8.86016E-03  -1.28252E-02  -5.86426E-03  -8.09805E-03  -2.28333E-03  -1.99160E-03   1.72881E-03   5.10363E-03   6.02580E-03   1.27882E-02   1.04812E-02   2.07236E-02   1.50004E-02
 3.97000E+01   1.56179E-02   1.21990E-02   1.98486E-02   1.28290E-02   2.24088E-02   1.17280E-02   2.29677E-02   9.29284E-03   2.14102E-02   5.94209E-03   1.80601E-02   2.12941E-03   1.36707E-02  -1.74437E-03   8.21477E-03  -5.37984E-03   2.10051E-03  -8.47877E-03  -4.03621E-03  -1.08221E-02  -9.56955E-03  -1.22651E-02  -1.39400E-02  -1.27366E-02  -1.67030E-02  -1.22330E-02  -1.75652E-02  -1.08079E-02  -1.64047E-02  -8.55990E-03  -1.32734E-02  -5.61795E-03  -8.38064E-03  -2.12734E-03  -2.05833E-03   1.76394E-03   5.28897E-03   5.91756E-03   1.32474E-02   1.02159E-02   2.14657E-02   1.45720E-02
 4.00000E+01   1.60354E-02   1.21007E-02   2.04055E-02   1.26652E-02   2.30623E-02   1.15051E-02   2.36585E-02   9.03084E-03   2.20705E-02   5.67098E-03   1.86294E-02   1.88049E-03   1.41119E-02  -1.94909E-03   8.48756E-03  -5.51255E-03   2.17715E-03  -8.51618E-03  -4.16181E-03  -1.07526E-02  -9.88144E-03  -1.20905E-02  -1.44020E-02  -1.24720E-02  -1.72623E-02  -1.19058E-02  -1.81577E-02  -1.04548E-02  -1.69609E-02  -8.22322E-03  -1.37248E-02  -5.34126E-03  -8.66529E-03  -1.95131E-03  -2.12570E-03   1.80519E-03   5.47535E-03   5.79894E-03   1.37093E-02   9.92216E-03   2.22126E-02   1.40965E-02
 4.02000E+01   1.63148E-02   1.20212E-02   2.07782E-02   1.25367E-02   2.34996E-02   1.13332E-02   2.41208E-02   8.83081E-03   2.25123E-02   5.46523E-03   1.90102E-02   1.69216E-03   1.44070E-02  -2.10386E-03   8.67007E-03  -5.61349E-03   2.22847E-03  -8.54644E-03  -4.24571E-03  -1.07039E-02  -1.00899E-02  -1.19643E-02  -1.47107E-02  -1.22798E-02  -1.76361E-02  -1.16675E-02  -1.85536E-02  -1.01974E-02  -1.73326E-02  -7.97754E-03  -1.40264E-02  -5.13912E-03  -8.85549E-03  -1.82231E-03  -2.17076E-03   1.83624E-03   5.59979E-03   5.71379E-03   1.40178E-02   9.70971E-03   2.27114E-02   1.37520E-02
 4.05000E+01   1.67340E-02   1.18800E-02   2.13374E-02   1.23139E-02   2.41556E-02   1.10389E-02   2.48141E-02   8.49114E-03   2.31749E-02   5.11757E-03   1.95812E-02   1.37475E-03   1.48495E-02  -2.36451E-03   8.94356E-03  -5.78430E-03   2.30530E-03  -8.60005E-03  -4.37151E-03  -1.06271E-02  -1.04022E-02  -1.17599E-02  -1.51733E-02  -1.19666E-02  -1.81960E-02  -1.12786E-02  -1.91466E-02  -9.77683E-03  -1.78891E-02  -7.57585E-03  -1.44780E-02  -4.80825E-03  -9.14026E-03  -1.61061E-03  -2.23821E-03   1.88832E-03   5.78606E-03   5.57650E-03   1.44796E-02   9.36499E-03   2.34580E-02   1.31920E-02
 4.08000E+01   1.71515E-02   1.17116E-02   2.18941E-02   1.20536E-02   2.48085E-02   1.06994E-02   2.55039E-02   8.10228E-03   2.38338E-02   4.72144E-03   2.01489E-02   1.01401E-03   1.52891E-02  -2.66052E-03   9.21511E-03  -5.97914E-03   2.38132E-03  -8.66380E-03  -4.49682E-03  -1.05456E-02  -1.07127E-02  -1.15365E-02  -1.56328E-02  -1.16223E-02  -1.87520E-02  -1.08504E-02  -1.97354E-02  -9.31334E-03  -1.84416E-02  -7.13288E-03  -1.49261E-02  -4.44302E-03  -9.42279E-03  -1.37630E-03  -2.30506E-03   1.94721E-03   5.97098E-03   5.42730E-03   1.49379E-02   8.98784E-03   2.41988E-02   1.25784E-02
 4.11000E+01   1.75649E-02   1.15151E-02   2.24450E-02   1.17546E-02   2.54543E-02   1.03132E-02   2.61859E-02   7.66266E-03   2.44850E-02   4.27532E-03   2.07096E-02   6.08597E-04   1.57230E-02  -2.99294E-03   9.48271E-03  -6.19870E-03   2.45574E-03  -8.73792E-03  -4.62112E-03  -1.04590E-02  -1.10197E-02  -1.12933E-02  -1.60867E-02  -1.12461E-02  -1.93008E-02  -1.03815E-02  -2.03161E-02  -8.80553E-03  -1.89863E-02  -6.64726E-03  -1.53678E-02  -4.04229E-03  -9.70110E-03  -1.11866E-03  -2.37072E-03   2.01310E-03   6.15345E-03   5.26573E-03   1.53897E-02   8.57713E-03   2.49291E-02   1.19091E-02
 4.14000E+01   1.79715E-02   1.12899E-02   2.29866E-02   1.14161E-02   2.60888E-02   9.87929E-03   2.68555E-02   7.17114E-03   2.51238E-02   3.77810E-03   2.12592E-02   1.57526E-04   1.61477E-02  -3.36257E-03   9.74415E-03  -6.44349E-03   2.52771E-03  -8.82259E-03  -4.74385E-03  -1.03672E-02  -1.13212E-02  -1.10300E-02  -1.65317E-02  -1.08370E-02  -1.98384E-02  -9.87112E-03  -2.08847E-02  -8.25233E-03  -1.95193E-02  -6.11799E-03  -1.57997E-02  -3.60524E-03  -9.97305E-03  -8.37167E-04  -2.43459E-03   2.08613E-03   6.33227E-03   5.09148E-03   1.58320E-02   8.13203E-03   2.56435E-02   1.11830E-02
 4.17000E+01   1.83686E-02   1.10356E-02   2.35150E-02   1.10376E-02   2.67073E-02   9.39703E-03   2.75075E-02   6.62708E-03   2.57453E-02   3.22915E-03   2.17932E-02  -3.39751E-04   1.65598E-02  -3.76983E-03   9.99707E-03  -6.71379E-03   2.59630E-03  -8.91789E-03  -4.86439E-03  -1.02702E-02  -1.16152E-02  -1.07461E-02  -1.69646E-02  -1.03946E-02  -2.03607E-02  -9.31853E-03  -2.14366E-02  -7.65312E-03  -2.00362E-02  -5.54449E-03  -1.62183E-02  -3.13138E-03  -1.02363E-02  -5.31503E-04  -2.49601E-03   2.16637E-03   6.50614E-03   4.90434E-03   1.62611E-02   7.65205E-03   2.63365E-02   1.03992E-02
 4.20000E+01   1.87532E-02   1.07522E-02   2.40261E-02   1.06190E-02   2.73047E-02   8.86637E-03   2.81367E-02   6.03042E-03   2.63443E-02   2.62842E-03   2.23071E-02  -8.83281E-04   1.69555E-02  -4.21477E-03   1.02390E-02  -7.00960E-03   2.66054E-03  -9.02381E-03  -4.98207E-03  -1.01677E-02  -1.18993E-02  -1.04416E-02  -1.73819E-02  -9.91876E-03  -2.08634E-02  -8.72368E-03  -2.19670E-02  -7.00780E-03  -2.05326E-02  -4.92665E-03  -1.66198E-02  -2.62065E-03  -1.04884E-02  -2.01637E-04  -2.55427E-03   2.25383E-03   6.67367E-03   4.70428E-03   1.66735E-02   7.13710E-03   2.70019E-02   9.55760E-03
 4.23000E+01   1.91221E-02   1.04401E-02   2.45156E-02   1.01608E-02   2.78761E-02   8.28787E-03   2.87375E-02   5.38175E-03   2.69152E-02   1.97648E-03   2.27960E-02  -1.47254E-03   1.73309E-02  -4.69695E-03   1.04672E-02  -7.33063E-03   2.71941E-03  -9.14020E-03  -5.09621E-03  -1.00600E-02  -1.21714E-02  -1.01167E-02  -1.77799E-02  -9.40989E-03  -2.13417E-02  -8.08701E-03  -2.24710E-02  -6.31687E-03  -2.10036E-02  -4.26497E-03  -1.70003E-02  -2.07345E-03  -1.07268E-02   1.52168E-04  -2.60864E-03   2.34841E-03   6.83343E-03   4.49141E-03   1.70654E-02   6.58753E-03   2.76335E-02   8.65872E-03
 4.26000E+01   1.94722E-02   1.00998E-02   2.49792E-02   9.66394E-03   2.84161E-02   7.66274E-03   2.93041E-02   4.68239E-03   2.74525E-02   1.27464E-03   2.32548E-02  -2.10637E-03   1.76819E-02  -5.21543E-03   1.06792E-02  -7.67624E-03   2.77188E-03  -9.26682E-03  -5.20610E-03  -9.94703E-03  -1.24290E-02  -9.77190E-03  -1.81549E-02  -8.86880E-03  -2.17911E-02  -7.40957E-03  -2.29435E-02  -5.58147E-03  -2.14443E-02  -3.56053E-03  -1.73557E-02  -1.49069E-03  -1.09488E-02   5.29314E-04  -2.65837E-03   2.44995E-03   6.98394E-03   4.26606E-03   1.74328E-02   6.00421E-03   2.82249E-02   7.70403E-03
 4.29000E+01   1.98003E-02   9.73273E-03   2.54124E-02   9.13011E-03   2.89195E-02   6.99292E-03   2.98308E-02   3.93445E-03   2.79506E-02   5.24950E-04   2.36787E-02  -2.78294E-03   1.80046E-02  -5.76872E-03   1.08722E-02  -8.04545E-03   2.81689E-03  -9.40326E-03  -5.31103E-03  -9.82916E-03  -1.26698E-02  -9.40809E-03  -1.85030E-02  -8.29683E-03  -2.22068E-02  -6.69306E-03  -2.33794E-02  -4.80343E-03  -2.18499E-02  -2.81510E-03  -1.76819E-02  -8.73820E-04  -1.11519E-02   9.28846E-04  -2.70272E-03   2.55815E-03   7.12372E-03   4.02875E-03   1.77718E-02   5.38853E-03   2.87696E-02   6.69583E-03
 4.32000E+01   2.01033E-02   9.34038E-03   2.58110E-02   8.56150E-03   2.93809E-02   6.28110E-03   3.03121E-02   3.14083E-03   2.84039E-02  -2.69724E-04   2.40627E-02  -3.49972E-03   1.82949E-02  -6.35479E-03   1.10435E-02  -8.43688E-03   2.85344E-03  -9.54898E-03  -5.41030E-03  -9.70670E-03  -1.28914E-02  -9.02641E-03  -1.88207E-02  -7.69588E-03  -2.25841E-02  -5.93983E-03  -2.37736E-02  -3.98533E-03  -2.22155E-02  -2.03113E-03  -1.79750E-02  -2.24890E-04  -1.13333E-02   1.34944E-03  -2.74094E-03   2.67265E-03   7.25130E-03   3.78022E-03   1.80786E-02   4.74247E-03   2.92613E-02   5.63736E-03
 4.36000E+01   2.04628E-02   8.78164E-03   2.62814E-02   7.75432E-03   2.99225E-02   5.27274E-03   3.08736E-02   2.01820E-03   2.89295E-02  -1.39282E-03   2.45045E-02  -4.51223E-03   1.86251E-02  -7.18255E-03   1.12340E-02  -8.99027E-03   2.88730E-03  -9.75652E-03  -5.53270E-03  -9.53706E-03  -1.31532E-02  -8.49244E-03  -1.91907E-02  -6.85378E-03  -2.30199E-02  -4.88378E-03  -2.42260E-02  -2.83801E-03  -2.26329E-02  -9.31469E-04  -1.83077E-02   6.85620E-04  -1.15374E-02   1.93998E-03  -2.78114E-03   2.83424E-03   7.40004E-03   3.43306E-03   1.84311E-02   3.83821E-03   2.98238E-02   4.15517E-03
 4.39000E+01   2.06957E-02   8.33926E-03   2.65835E-02   7.11680E-03   3.02675E-02   4.47762E-03   3.12283E-02   1.13392E-03   2.92584E-02  -2.27686E-03   2.47776E-02  -5.30895E-03   1.88256E-02  -7.83388E-03   1.13453E-02  -9.42610E-03   2.90038E-03  -9.92099E-03  -5.61625E-03  -9.40581E-03  -1.33217E-02  -8.07564E-03  -1.94238E-02  -6.19554E-03  -2.32911E-02  -4.05788E-03  -2.45047E-02  -1.94051E-03  -2.28879E-02  -7.10734E-05  -1.85091E-02   1.39821E-03  -1.16591E-02   2.40244E-03  -2.80239E-03   2.96133E-03   7.49390E-03   3.16241E-03   1.86487E-02   3.13200E-03   3.01688E-02   2.99711E-03
 4.42000E+01   2.08943E-02   7.88029E-03   2.68385E-02   6.45640E-03   3.05557E-02   3.65481E-03   3.15213E-02   2.19484E-04   2.95265E-02  -3.19069E-03   2.49967E-02  -6.13239E-03   1.89823E-02  -8.50710E-03   1.14274E-02  -9.87691E-03   2.90202E-03  -1.00919E-02  -5.69213E-03  -9.27186E-03  -1.34642E-02  -7.64736E-03  -1.96157E-02  -5.51843E-03  -2.35104E-02  -3.20795E-03  -2.47273E-02  -1.01668E-03  -2.30890E-02   8.14711E-04  -1.86659E-02   2.13198E-03  -1.17518E-02   2.87887E-03  -2.81538E-03   3.09270E-03   7.57136E-03   2.88450E-03   1.88229E-02   2.40591E-03   3.04423E-02   1.80608E-03
 4.45000E+01   2.10567E-02   7.40820E-03   2.70437E-02   5.77787E-03   3.07836E-02   2.81003E-03   3.17488E-02  -7.18941E-04   2.97305E-02  -4.12825E-03   2.51586E-02  -6.97716E-03   1.90926E-02  -9.19785E-03   1.14785E-02  -1.03398E-02   2.89156E-03  -1.02682E-02  -5.75991E-03  -9.13598E-03  -1.35794E-02  -7.21017E-03  -1.97640E-02  -4.82649E-03  -2.36751E-02  -2.33904E-03  -2.48904E-02  -7.20154E-05  -2.32332E-02   1.72063E-03  -1.87754E-02   2.88258E-03  -1.18136E-02   3.36645E-03  -2.81962E-03   3.22754E-03   7.63149E-03   2.60094E-03   1.89512E-02   1.66415E-03   3.06405E-02   5.88989E-04
 4.48000E+01   2.11814E-02   6.92672E-03   2.71969E-02   5.08636E-03   3.09489E-02   1.94947E-03   3.19083E-02  -1.67463E-03   2.98674E-02  -5.08296E-03   2.52609E-02  -7.83742E-03   1.91548E-02  -9.90142E-03   1.14974E-02  -1.08117E-02   2.86849E-03  -1.04487E-02  -5.81925E-03  -8.99902E-03  -1.36660E-02  -6.76684E-03  -1.98670E-02  -4.12412E-03  -2.37828E-02  -1.45667E-03  -2.49916E-02   8.87510E-04  -2.33180E-02   2.64097E-03  -1.88358E-02   3.64530E-03  -1.18435E-02   3.86210E-03  -2.81477E-03   3.36497E-03   7.67358E-03   2.31344E-03   1.90318E-02   9.11300E-04   3.07600E-02  -6.46629E-04
 4.52000E+01   2.12872E-02   6.27705E-03   2.73180E-02   4.15360E-03   3.10689E-02   7.88912E-04   3.20120E-02  -2.96343E-03   2.99430E-02  -6.37050E-03   2.53019E-02  -8.99782E-03   1.91604E-02  -1.08508E-02   1.14710E-02  -1.14490E-02   2.81755E-03  -1.06934E-02  -5.88490E-03  -8.81624E-03  -1.37360E-02  -6.17129E-03  -1.99318E-02  -3.17948E-03  -2.38353E-02  -2.69357E-04  -2.50276E-02   2.17904E-03  -2.33363E-02   3.88005E-03  -1.88377E-02   4.67244E-03  -1.18320E-02   4.52990E-03  -2.79371E-03   3.55067E-03   7.70087E-03   1.92718E-03   1.90630E-02  -1.01355E-04   3.07939E-02  -2.30913E-03
 4.55000E+01   2.13208E-02   5.78935E-03   2.73459E-02   3.45329E-03   3.10829E-02  -8.25778E-05   3.20072E-02  -3.93140E-03   2.99185E-02  -7.33778E-03   2.52604E-02  -9.86988E-03   1.91060E-02  -1.15647E-02   1.14120E-02  -1.19287E-02   2.76401E-03  -1.08785E-02  -5.92396E-03  -8.68024E-03  -1.37539E-02  -5.72525E-03  -1.99255E-02  -2.47115E-03  -2.38057E-02   6.21430E-04  -2.49796E-02   3.14834E-03  -2.32781E-02   4.81023E-03  -1.87795E-02   5.44372E-03  -1.17846E-02   5.03158E-03  -2.76686E-03   3.69054E-03   7.69949E-03   1.63775E-03   1.90285E-02  -8.60985E-04   3.07241E-02  -3.55659E-03
 4.58000E+01   2.13154E-02   5.30584E-03   2.73201E-02   2.75863E-03   3.10321E-02  -9.47413E-04   3.19320E-02  -4.89235E-03   2.98248E-02  -8.29841E-03   2.51573E-02  -1.07363E-02   1.90018E-02  -1.22744E-02   1.13197E-02  -1.24061E-02   2.69739E-03  -1.10633E-02  -5.95437E-03  -8.54619E-03  -1.37424E-02  -5.28315E-03  -1.98723E-02  -1.76832E-03  -2.37172E-02   1.50574E-03  -2.48677E-02   4.11090E-03  -2.31587E-02   5.73417E-03  -1.86706E-02   6.21002E-03  -1.17041E-02   5.53022E-03  -2.73058E-03   3.82987E-03   7.67952E-03   1.35067E-03   1.89447E-02  -1.61514E-03   3.05732E-02  -4.79533E-03
 4.61000E+01   2.12718E-02   4.83055E-03   2.72419E-02   2.07515E-03   3.09180E-02  -1.79894E-03   3.17881E-02  -5.83909E-03   2.96635E-02  -9.24533E-03   2.49939E-02  -1.15909E-02   1.88487E-02  -1.29748E-02   1.11948E-02  -1.28777E-02   2.61792E-03  -1.12466E-02  -5.97636E-03  -8.41500E-03  -1.37022E-02  -4.84796E-03  -1.97734E-02  -1.07571E-03  -2.35713E-02   2.37766E-03  -2.46933E-02   5.06031E-03  -2.29793E-02   6.64575E-03  -1.85119E-02   6.96628E-03  -1.15912E-02   6.02253E-03  -2.68503E-03   3.96772E-03   7.64135E-03   1.06779E-03   1.88127E-02  -2.35891E-03   3.03430E-02  -6.01729E-03
 4.65000E+01   2.11570E-02   4.21621E-03   2.70593E-02   1.19028E-03   3.06714E-02  -2.90272E-03   3.14934E-02  -7.06748E-03   2.93474E-02  -1.04750E-02   2.46861E-02  -1.27015E-02   1.85716E-02  -1.38860E-02   1.09793E-02  -1.34922E-02   2.49271E-03  -1.14866E-02  -5.99316E-03  -8.24600E-03  -1.36057E-02  -4.28338E-03  -1.95732E-02  -1.75882E-04  -2.32907E-02   3.51126E-03  -2.43672E-02   6.29524E-03  -2.26505E-02   7.83192E-03  -1.82260E-02   7.95070E-03  -1.13921E-02   6.66369E-03  -2.61045E-03   4.14769E-03   7.56329E-03   7.00213E-04   1.85646E-02  -3.32639E-03   2.99173E-02  -7.60723E-03
 4.68000E+01   2.10307E-02   3.77454E-03   2.68671E-02   5.52704E-04   3.04197E-02  -3.69933E-03   3.11999E-02  -7.95518E-03   2.90390E-02  -1.13646E-02   2.43916E-02  -1.35059E-02   1.83121E-02  -1.45467E-02   1.07831E-02  -1.39385E-02   2.38512E-03  -1.16617E-02  -5.99698E-03  -8.12471E-03  -1.35031E-02  -3.87507E-03  -1.93747E-02   4.75909E-04  -2.30195E-02   4.33305E-03  -2.40566E-02   7.19098E-03  -2.23404E-02   8.69267E-03  -1.79590E-02   8.66533E-03  -1.12085E-02   7.12939E-03  -2.54468E-03   4.27874E-03   7.48554E-03   4.33830E-04   1.83276E-02  -4.02827E-03   2.95141E-02  -8.76103E-03
 4.71000E+01   2.08727E-02   3.35272E-03   2.66312E-02  -5.77462E-05   3.01151E-02  -4.46345E-03   3.08489E-02  -8.80787E-03   2.86740E-02  -1.22202E-02   2.40466E-02  -1.42803E-02   1.80117E-02  -1.51836E-02   1.05594E-02  -1.43694E-02   2.26660E-03  -1.18316E-02  -5.99389E-03  -8.00888E-03  -1.33765E-02  -3.48230E-03  -1.91379E-02   1.10384E-03  -2.27000E-02   5.12538E-03  -2.36935E-02   8.05509E-03  -2.19800E-02   9.52336E-03  -1.76501E-02   9.35529E-03  -1.09976E-02   7.57925E-03  -2.47106E-03   4.40563E-03   7.39256E-03   1.77023E-04   1.80501E-02  -4.70559E-03   2.90442E-02  -9.87472E-03
 4.75000E+01   2.06173E-02   2.82572E-03   2.62551E-02  -8.23199E-04   2.96346E-02  -5.42413E-03   3.02999E-02  -9.88214E-03   2.81075E-02  -1.32999E-02   2.35154E-02  -1.52591E-02   1.75532E-02  -1.59900E-02   1.02222E-02  -1.49162E-02   2.09305E-03  -1.20485E-02  -5.98017E-03  -7.86396E-03  -1.31740E-02  -2.98617E-03  -1.87683E-02   1.89860E-03  -2.22061E-02   6.12927E-03  -2.31352E-02   9.15072E-03  -2.14282E-02   1.05773E-02  -1.71792E-02   1.02311E-02  -1.06777E-02   8.15065E-03  -2.36176E-03   4.56725E-03   7.24711E-03  -1.48375E-04   1.76228E-02  -5.56487E-03   2.83234E-02  -1.12881E-02
 4.78000E+01   2.03962E-02   2.45986E-03   2.59322E-02  -1.35707E-03   2.92248E-02  -6.09641E-03   2.98344E-02  -1.06358E-02   2.76297E-02  -1.40589E-02   2.30696E-02  -1.59485E-02   1.71708E-02  -1.65591E-02   9.94327E-03  -1.53031E-02   1.95242E-03  -1.22030E-02  -5.96360E-03  -7.76302E-03  -1.29998E-02  -2.63683E-03  -1.84551E-02   2.45951E-03  -2.17903E-02   6.83867E-03  -2.26671E-02   9.92560E-03  -2.09669E-02   1.13231E-02  -1.67865E-02   1.08513E-02  -1.04120E-02   8.55561E-03  -2.27231E-03   4.68216E-03   7.12373E-03  -3.78372E-04   1.72642E-02  -6.17305E-03   2.77199E-02  -1.22888E-02
 4.82000E+01   2.00679E-02   2.01432E-03   2.54555E-02  -2.01103E-03   2.86226E-02  -6.92335E-03   2.91527E-02  -1.15658E-02   2.69323E-02  -1.49980E-02   2.24213E-02  -1.68033E-02   1.66169E-02  -1.72665E-02   9.54168E-03  -1.57854E-02   1.75283E-03  -1.23971E-02  -5.93454E-03  -7.63947E-03  -1.27422E-02  -2.20366E-03  -1.79968E-02   3.15691E-03  -2.11843E-02   7.72196E-03  -2.19866E-02   1.08914E-02  -2.02977E-02   1.22535E-02  -1.62179E-02   1.16255E-02  -1.00281E-02   9.06154E-03  -2.14443E-03   4.82622E-03   6.94297E-03  -6.64877E-04   1.67426E-02  -6.93183E-03   2.68435E-02  -1.35378E-02
 4.85000E+01   1.98008E-02   1.71331E-03   2.50690E-02  -2.45614E-03   2.81358E-02  -7.48912E-03   2.86032E-02  -1.22046E-02   2.63714E-02  -1.56450E-02   2.19011E-02  -1.73939E-02   1.61737E-02  -1.77567E-02   9.22162E-03  -1.61209E-02   1.59535E-03  -1.25334E-02  -5.90851E-03  -7.55537E-03  -1.25332E-02  -1.90429E-03  -1.76274E-02   3.64043E-03  -2.06973E-02   8.33541E-03  -2.14407E-02   1.15630E-02  -1.97614E-02   1.29010E-02  -1.57628E-02   1.21647E-02  -9.72149E-03   9.41432E-03  -2.04300E-03   4.92707E-03   6.79715E-03  -8.63988E-04   1.63239E-02  -7.46008E-03   2.61406E-02  -1.44078E-02
 4.89000E+01   1.94229E-02   1.35727E-03   2.45236E-02  -2.98756E-03   2.74501E-02  -8.16902E-03   2.78303E-02  -1.29760E-02   2.55837E-02  -1.64293E-02   2.11717E-02  -1.81123E-02   1.55532E-02  -1.83551E-02   8.77467E-03  -1.65322E-02   1.37686E-03  -1.27022E-02  -5.86959E-03  -7.45490E-03  -1.22380E-02  -1.53995E-03  -1.71079E-02   4.23111E-03  -2.00135E-02   9.08636E-03  -2.06749E-02   1.23862E-02  -1.90098E-02   1.36957E-02  -1.51255E-02   1.28272E-02  -9.29250E-03   9.84820E-03  -1.90176E-03   5.05168E-03   6.59190E-03  -1.10793E-03   1.57362E-02  -8.10860E-03   2.51550E-02  -1.54765E-02
 4.92000E+01   1.91271E-02   1.12442E-03   2.40974E-02  -3.33935E-03   2.69149E-02  -8.62280E-03   2.72276E-02  -1.34939E-02   2.49700E-02  -1.69584E-02   2.06038E-02  -1.85989E-02   1.50707E-02  -1.87622E-02   8.42758E-03  -1.68134E-02   1.20782E-03  -1.28190E-02  -5.83818E-03  -7.38831E-03  -1.20071E-02  -1.29293E-03  -1.67026E-02   4.63342E-03  -1.94806E-02   9.59907E-03  -2.00785E-02   1.29492E-02  -1.84247E-02   1.42399E-02  -1.46295E-02   1.32814E-02  -8.95889E-03   1.01461E-02  -1.79222E-03   5.13768E-03   6.43169E-03  -1.27467E-03   1.52784E-02  -8.55294E-03   2.43874E-02  -1.62092E-02
 4.96000E+01   1.87216E-02   8.59020E-04   2.35137E-02  -3.74669E-03   2.61823E-02  -9.15379E-03   2.64030E-02  -1.41046E-02   2.41306E-02  -1.75859E-02   1.98273E-02  -1.91790E-02   1.44112E-02  -1.92500E-02   7.95343E-03  -1.71525E-02   9.77243E-04  -1.29619E-02  -5.79465E-03  -7.31107E-03  -1.16909E-02  -9.98160E-04  -1.61478E-02   5.11618E-03  -1.87514E-02   1.02161E-02  -1.92626E-02   1.36282E-02  -1.76244E-02   1.48972E-02  -1.39513E-02   1.38308E-02  -8.50271E-03   1.05070E-02  -1.64260E-03   5.24254E-03   6.21228E-03  -1.47561E-03   1.46518E-02  -9.08995E-03   2.33371E-02  -1.70953E-02
 4.99000E+01   1.84128E-02   6.92990E-04   2.30691E-02  -4.00699E-03   2.56245E-02  -9.49778E-03   2.57751E-02  -1.45040E-02   2.34913E-02  -1.79994E-02   1.92359E-02  -1.95637E-02   1.39087E-02  -1.95756E-02   7.59214E-03  -1.73805E-02   8.01462E-04  -1.30597E-02  -5.76159E-03  -7.26160E-03  -1.14500E-02  -8.02410E-04  -1.57251E-02   5.43895E-03  -1.81957E-02   1.06301E-02  -1.86407E-02   1.40849E-02  -1.70142E-02   1.53401E-02  -1.34341E-02   1.42016E-02  -8.15484E-03   1.07511E-02  -1.52848E-03   5.31398E-03   6.04499E-03  -1.61065E-03   1.41739E-02  -9.45209E-03   2.25361E-02  -1.76935E-02
 5.03000E+01   1.79992E-02   5.13978E-04   2.24736E-02  -4.29606E-03   2.48769E-02  -9.88685E-03   2.49333E-02  -1.49615E-02   2.26340E-02  -1.84776E-02   1.84424E-02  -2.00120E-02   1.32341E-02  -1.99581E-02   7.10657E-03  -1.76508E-02   5.64683E-04  -1.31780E-02  -5.71804E-03  -7.20651E-03  -1.11273E-02  -5.73909E-04  -1.51580E-02   5.81889E-03  -1.74496E-02   1.11196E-02  -1.78053E-02   1.46264E-02  -1.61943E-02   1.58666E-02  -1.27389E-02   1.46432E-02  -7.68706E-03   1.10425E-02  -1.37479E-03   5.40003E-03   5.82041E-03  -1.77062E-03   1.35319E-02  -9.88288E-03   2.14595E-02  -1.84058E-02
 5.07000E+01   1.75883E-02   3.80979E-04   2.18813E-02  -4.52216E-03   2.41327E-02  -1.02004E-02   2.40946E-02  -1.53376E-02   2.17790E-02  -1.88763E-02   1.76501E-02  -2.03902E-02   1.25598E-02  -2.02846E-02   6.62034E-03  -1.78846E-02   3.26542E-04  -1.32833E-02  -5.67621E-03  -7.16325E-03  -1.08063E-02  -3.80721E-04  -1.45923E-02   6.14408E-03  -1.67044E-02   1.15412E-02  -1.69702E-02   1.50948E-02  -1.53742E-02   1.63234E-02  -1.20431E-02   1.50275E-02  -7.21846E-03   1.12968E-02  -1.22039E-03   5.47607E-03   5.59625E-03  -1.90877E-03   1.28898E-02  -1.02571E-02   2.03824E-02  -1.90257E-02
 5.10000E+01   1.72843E-02   3.09635E-04   2.14428E-02  -4.65286E-03   2.35811E-02  -1.03889E-02   2.34722E-02  -1.55693E-02   2.11438E-02  -1.91262E-02   1.70608E-02  -2.06306E-02   1.20575E-02  -2.04949E-02   6.25735E-03  -1.80375E-02   1.47827E-04  -1.33543E-02  -5.64661E-03  -7.13814E-03  -1.05687E-02  -2.57645E-04  -1.41720E-02   6.35417E-03  -1.61498E-02   1.18155E-02  -1.63481E-02   1.54009E-02  -1.47628E-02   1.66230E-02  -1.15240E-02   1.52804E-02  -6.86856E-03   1.14648E-02  -1.10468E-03   5.52694E-03   5.42960E-03  -1.99892E-03   1.24113E-02  -1.05029E-02   1.95793E-02  -1.94334E-02
 5.14000E+01   1.68878E-02   2.49791E-04   2.08697E-02  -4.77885E-03   2.28592E-02  -1.05823E-02   2.26565E-02  -1.58158E-02   2.03100E-02  -1.93986E-02   1.62861E-02  -2.08976E-02   1.13958E-02  -2.07325E-02   5.77798E-03  -1.82134E-02  -8.97392E-05  -1.34390E-02  -5.61020E-03  -7.11381E-03  -1.02582E-02  -1.20665E-04  -1.36204E-02   6.59232E-03  -1.54206E-02   1.21292E-02  -1.55291E-02   1.57531E-02  -1.39571E-02   1.69692E-02  -1.08393E-02   1.55736E-02  -6.40646E-03   1.16605E-02  -9.51189E-04   5.58716E-03   5.21076E-03  -2.10237E-03   1.17811E-02  -1.07873E-02   1.85209E-02  -1.99063E-02
 5.18000E+01   1.65040E-02   2.27190E-04   2.03137E-02  -4.85390E-03   2.21572E-02  -1.07147E-02   2.18618E-02  -1.59965E-02   1.94962E-02  -1.96068E-02   1.55283E-02  -2.11080E-02   1.07469E-02  -2.09250E-02   5.30609E-03  -1.83599E-02  -3.25682E-04  -1.35134E-02  -5.57799E-03  -7.09921E-03  -9.95698E-03  -1.23469E-05  -1.30820E-02   6.78613E-03  -1.47070E-02   1.23879E-02  -1.47262E-02   1.60461E-02  -1.31661E-02   1.72592E-02  -1.01663E-02   1.58206E-02  -5.95158E-03   1.18264E-02  -7.99173E-04   5.63935E-03   4.99701E-03  -2.18814E-03   1.11631E-02  -1.10260E-02   1.74818E-02  -2.03043E-02
 5.21000E+01   1.62260E-02   2.32639E-04   1.99099E-02  -4.87955E-03   2.16463E-02  -1.07772E-02   2.12822E-02  -1.60924E-02   1.89013E-02  -1.97245E-02   1.49732E-02  -2.12318E-02   1.02704E-02  -2.10424E-02   4.95826E-03  -1.84523E-02  -5.01158E-04  -1.35630E-02  -5.55696E-03  -7.09416E-03  -9.73834E-03   5.16265E-05  -1.26887E-02   6.90483E-03  -1.41842E-02   1.25490E-02  -1.41370E-02   1.62304E-02  -1.25849E-02   1.74429E-02  -9.67113E-03   1.59781E-02  -5.61632E-03   1.19329E-02  -6.86441E-04   5.67369E-03   4.84073E-03  -2.24183E-03   1.07093E-02  -1.11775E-02   1.67182E-02  -2.05579E-02
 5.25000E+01   1.58699E-02   2.67086E-04   1.93912E-02  -4.87659E-03   2.09884E-02  -1.08161E-02   2.05340E-02  -1.61724E-02   1.81317E-02  -1.98346E-02   1.42531E-02  -2.13559E-02   9.65030E-03  -2.11660E-02   4.50376E-03  -1.85541E-02  -7.32734E-04  -1.36217E-02  -5.53348E-03  -7.09462E-03  -9.45764E-03   1.15938E-04  -1.21800E-02   7.03072E-03  -1.35059E-02   1.27237E-02  -1.33709E-02   1.64330E-02  -1.18280E-02   1.76469E-02  -9.02544E-03   1.61543E-02  -5.17835E-03   1.20532E-02  -5.38150E-04   5.71368E-03   4.63844E-03  -2.30049E-03   1.01191E-02  -1.13461E-02   1.57238E-02  -2.08415E-02
 5.29000E+01   1.55318E-02   3.29624E-04   1.88969E-02  -4.83524E-03   2.03592E-02  -1.08090E-02   1.98161E-02  -1.62028E-02   1.73910E-02  -1.98966E-02   1.35578E-02  -2.14376E-02   9.04930E-03  -2.12560E-02   4.06087E-03  -1.86342E-02  -9.61244E-04  -1.36728E-02  -5.51557E-03  -7.10262E-03  -9.19029E-03   1.58516E-04  -1.16907E-02   7.12314E-03  -1.28508E-02   1.28570E-02  -1.26291E-02   1.65911E-02  -1.10937E-02   1.78085E-02  -8.39790E-03   1.62958E-02  -4.75168E-03   1.21512E-02  -3.92418E-04   5.74772E-03   4.44369E-03  -2.34577E-03   9.54731E-03  -1.14803E-02   1.47591E-02  -2.10688E-02
 5.33000E+01   1.52128E-02   4.17160E-04   1.84283E-02  -4.75975E-03   1.97604E-02  -1.07610E-02   1.91305E-02  -1.61893E-02   1.66810E-02  -1.99157E-02   1.28889E-02  -2.14816E-02   8.46855E-03  -2.13160E-02   3.63033E-03  -1.86949E-02  -1.18646E-03  -1.37174E-02  -5.50353E-03  -7.11739E-03  -8.93707E-03   1.81703E-04  -1.12221E-02   7.18577E-03  -1.22203E-02   1.29536E-02  -1.19132E-02   1.67097E-02  -1.03835E-02   1.79326E-02  -7.78966E-03   1.64064E-02  -4.33706E-03   1.22293E-02  -2.49425E-04   5.77649E-03   4.25694E-03  -2.37914E-03   8.99513E-03  -1.15838E-02   1.38259E-02  -2.12461E-02
 5.37000E+01   1.49135E-02   5.26791E-04   1.79863E-02  -4.65410E-03   1.91930E-02  -1.06770E-02   1.84781E-02  -1.61369E-02   1.60028E-02  -1.98972E-02   1.22472E-02  -2.14926E-02   7.90872E-03  -2.13498E-02   3.21254E-03  -1.87386E-02  -1.40827E-03  -1.37562E-02  -5.49756E-03  -7.13824E-03  -8.69847E-03   1.87699E-04  -1.07748E-02   7.22204E-03  -1.16154E-02   1.30176E-02  -1.12240E-02   1.67934E-02  -9.69809E-03   1.80236E-02  -7.20139E-03   1.64898E-02  -3.93489E-03   1.22899E-02  -1.09260E-04   5.80065E-03   4.07848E-03  -2.40196E-03   8.46322E-03  -1.16603E-02   1.29254E-02  -2.13790E-02
 5.41000E+01   1.46342E-02   6.55827E-04   1.75713E-02  -4.52197E-03   1.86575E-02  -1.05613E-02   1.78596E-02  -1.60506E-02   1.53568E-02  -1.98456E-02   1.16332E-02  -2.14746E-02   7.37012E-03  -2.13606E-02   2.80767E-03  -1.87676E-02  -1.62667E-03  -1.37900E-02  -5.49780E-03  -7.16452E-03  -8.47475E-03   1.78543E-04  -1.03492E-02   7.23514E-03  -1.10364E-02   1.30530E-02  -1.05620E-02   1.68464E-02  -9.03789E-03   1.80855E-02  -6.63335E-03   1.65494E-02  -3.54533E-03   1.23351E-02   2.80586E-05   5.82079E-03   3.90845E-03  -2.41549E-03   7.95190E-03  -1.17129E-02   1.20580E-02  -2.14732E-02
 5.44000E+01   1.44380E-02   7.63845E-04   1.72779E-02  -4.40754E-03   1.82769E-02  -1.04562E-02   1.74179E-02  -1.59661E-02   1.48935E-02  -1.97879E-02   1.11908E-02  -2.14444E-02   6.98009E-03  -2.13555E-02   2.51247E-03  -1.87809E-02  -1.78828E-03  -1.38126E-02  -5.50210E-03  -7.18742E-03  -8.31677E-03   1.62866E-04  -1.00442E-02   7.23154E-03  -1.06192E-02   1.30631E-02  -1.00833E-02   1.68684E-02  -8.55926E-03   1.81150E-02  -6.22058E-03   1.65802E-02  -3.26140E-03   1.23603E-02   1.29203E-04   5.83359E-03   3.78646E-03  -2.42024E-03   7.58192E-03  -1.17386E-02   1.14292E-02  -2.15213E-02
 5.48000E+01   1.41938E-02   9.21032E-04   1.69103E-02  -4.23705E-03   1.77973E-02  -1.02947E-02   1.68584E-02  -1.58306E-02   1.43038E-02  -1.96886E-02   1.06249E-02  -2.13846E-02   6.47841E-03  -2.13332E-02   2.12997E-03  -1.87888E-02  -2.00094E-03  -1.38396E-02  -5.51337E-03  -7.22175E-03  -8.11917E-03   1.31603E-04  -9.65652E-03   7.21097E-03  -1.00854E-02   1.30571E-02  -9.46851E-03   1.68771E-02  -7.94287E-03   1.81348E-02  -5.68766E-03   1.66052E-02  -2.89366E-03   1.23834E-02   2.61673E-04   5.84799E-03   3.63115E-03  -2.42024E-03   7.10642E-03  -1.17567E-02   1.06193E-02  -2.15591E-02
 5.52000E+01   1.39694E-02   1.09136E-03   1.65694E-02  -4.04866E-03   1.73492E-02  -1.01118E-02   1.63322E-02  -1.56722E-02   1.37457E-02  -1.95672E-02   1.00860E-02  -2.13055E-02   5.99731E-03  -2.12958E-02   1.75984E-03  -1.87869E-02  -2.21055E-03  -1.38635E-02  -5.53097E-03  -7.25997E-03  -7.93630E-03   8.99429E-05  -9.29008E-03   7.17466E-03  -9.57688E-03   1.30318E-02  -8.88008E-03   1.68650E-02  -7.35087E-03   1.81350E-02  -5.17425E-03   1.66141E-02  -2.53799E-03   1.23963E-02   3.91523E-04   5.85974E-03   3.48410E-03  -2.41390E-03   6.65090E-03  -1.17586E-02   9.84153E-03  -2.15707E-02
 5.56000E+01   1.37644E-02   1.27296E-03   1.62547E-02  -3.84496E-03   1.69318E-02  -9.91071E-03   1.58384E-02  -1.54942E-02   1.32185E-02  -1.94269E-02   9.57339E-03  -2.12099E-02   5.53619E-03  -2.12453E-02   1.40166E-03  -1.87769E-02  -2.41733E-03  -1.38848E-02  -5.55489E-03  -7.30159E-03  -7.76790E-03   3.93162E-05  -8.94443E-03   7.12481E-03  -9.09298E-03   1.29900E-02  -8.31727E-03   1.68352E-02  -6.78250E-03   1.81184E-02  -4.67970E-03   1.66093E-02  -2.19397E-03   1.24004E-02   5.18903E-04   5.86925E-03   3.34511E-03  -2.40208E-03   6.21477E-03  -1.17466E-02   9.09479E-03  -2.15596E-02
 5.60000E+01   1.35784E-02   1.46415E-03   1.59654E-02  -3.62824E-03   1.65444E-02  -9.69413E-03   1.53763E-02  -1.52998E-02   1.27211E-02  -1.92707E-02   9.08619E-03  -2.11004E-02   5.09434E-03  -2.11840E-02   1.05490E-03  -1.87600E-02  -2.62155E-03  -1.39041E-02  -5.58508E-03  -7.34619E-03  -7.61364E-03  -1.89955E-05  -8.61897E-03   7.06342E-03  -8.63292E-03   1.29340E-02  -7.77917E-03   1.67903E-02  -6.23690E-03   1.80875E-02  -4.20326E-03   1.65928E-02  -1.86106E-03   1.23970E-02   6.43987E-04   5.87689E-03   3.21395E-03  -2.38559E-03   5.79735E-03  -1.17229E-02   8.37796E-03  -2.15293E-02
 5.64000E+01   1.34109E-02   1.66342E-03   1.57009E-02  -3.40056E-03   1.61862E-02  -9.46453E-03   1.49447E-02  -1.50914E-02   1.22527E-02  -1.91010E-02   8.62348E-03  -2.09794E-02   4.67097E-03  -2.11136E-02   7.18983E-04  -1.87375E-02  -2.82349E-03  -1.39218E-02  -5.62150E-03  -7.39337E-03  -7.47313E-03  -8.38466E-05  -8.31302E-03   6.99224E-03  -8.19580E-03   1.28660E-02  -7.26479E-03   1.67327E-02  -5.71307E-03   1.80445E-02  -3.74410E-03   1.65665E-02  -1.53872E-03   1.23873E-02   7.66967E-04   5.88296E-03   3.09034E-03  -2.36512E-03   5.39785E-03  -1.16891E-02   7.68971E-03  -2.14828E-02
 5.68000E+01   1.32612E-02   1.86945E-03   1.54604E-02  -3.16373E-03   1.58560E-02  -9.22409E-03   1.45426E-02  -1.48715E-02   1.18121E-02  -1.89203E-02   8.18425E-03  -2.08487E-02   4.26522E-03  -2.10357E-02   3.93304E-04  -1.87103E-02  -3.02344E-03  -1.39382E-02  -5.66409E-03  -7.44279E-03  -7.34596E-03  -1.54217E-04  -8.02586E-03   6.91286E-03  -7.78066E-03   1.27881E-02  -6.77306E-03   1.66644E-02  -5.20995E-03   1.79915E-02  -3.30130E-03   1.65319E-02  -1.22632E-03   1.23725E-02   8.88044E-04   5.88773E-03   2.97401E-03  -2.34129E-03   5.01545E-03  -1.16468E-02   7.02866E-03  -2.14225E-02
 5.73000E+01   1.30982E-02   2.13471E-03   1.51923E-02  -2.85729E-03   1.54812E-02  -8.91124E-03   1.40797E-02  -1.45835E-02   1.12987E-02  -1.86819E-02   7.66663E-03  -2.06745E-02   3.78145E-03  -2.09299E-02  -3.72777E-07  -1.86711E-02  -3.27106E-03  -1.39573E-02  -5.72591E-03  -7.50723E-03  -7.20511E-03  -2.48570E-04  -7.69218E-03   6.80418E-03  -7.29114E-03   1.26792E-02  -6.18852E-03   1.65668E-02  -4.60850E-03   1.79136E-02  -2.76939E-03   1.64792E-02  -8.48850E-04   1.23478E-02   1.03704E-03   5.89223E-03   2.83836E-03  -2.30762E-03   4.56018E-03  -1.15843E-02   6.23836E-03  -2.13314E-02
 5.77000E+01   1.29866E-02   2.35184E-03   1.50027E-02  -2.60551E-03   1.52105E-02  -8.65315E-03   1.37398E-02  -1.43449E-02   1.09165E-02  -1.84832E-02   7.27638E-03  -2.05283E-02   3.41207E-03  -2.08400E-02  -3.05369E-04  -1.86366E-02  -3.46768E-03  -1.39719E-02  -5.78216E-03  -7.56056E-03  -7.10637E-03  -3.28199E-04  -7.44452E-03   6.71114E-03  -6.92181E-03   1.25847E-02  -5.74361E-03   1.64809E-02  -4.14793E-03   1.78439E-02  -2.35997E-03   1.64310E-02  -5.56507E-04   1.23242E-02   1.15460E-03   5.89489E-03   2.73728E-03  -2.27816E-03   4.21305E-03  -1.15280E-02   5.63314E-03  -2.12483E-02
 5.81000E+01   1.28908E-02   2.57237E-03   1.48343E-02  -2.34917E-03   1.49646E-02  -8.38971E-03   1.34257E-02  -1.41006E-02   1.05583E-02  -1.82792E-02   6.90616E-03  -2.03775E-02   3.05740E-03  -2.07467E-02  -6.02228E-04  -1.86000E-02  -3.66333E-03  -1.39860E-02  -5.84438E-03  -7.61519E-03  -7.01957E-03  -4.10759E-04  -7.21317E-03   6.61383E-03  -6.57119E-03   1.24850E-02  -5.31767E-03   1.63894E-02  -3.70445E-03   1.77690E-02  -1.96384E-03   1.63785E-02  -2.72029E-04   1.22979E-02   1.27097E-03   5.89690E-03   2.64248E-03  -2.24690E-03   3.88018E-03  -1.14672E-02   5.05032E-03  -2.11579E-02
 5.85000E+01   1.28104E-02   2.79552E-03   1.46865E-02  -2.08934E-03   1.47425E-02  -8.12220E-03   1.31363E-02  -1.38521E-02   1.02231E-02  -1.80711E-02   6.55493E-03  -2.02233E-02   2.71653E-03  -2.06507E-02  -8.91593E-04  -1.85619E-02  -3.85834E-03  -1.39999E-02  -5.91253E-03  -7.67087E-03  -6.94428E-03  -4.95638E-04  -6.99737E-03   6.51315E-03  -6.23828E-03   1.23812E-02  -4.90956E-03   1.62936E-02  -3.27696E-03   1.76899E-02  -1.58005E-03   1.63226E-02   5.22563E-06   1.22695E-02   1.38633E-03   5.89839E-03   2.55366E-03  -2.21420E-03   3.56068E-03  -1.14028E-02   4.48844E-03  -2.10617E-02
 5.89000E+01   1.27448E-02   3.02059E-03   1.45583E-02  -1.82698E-03   1.45431E-02  -7.85174E-03   1.28704E-02  -1.36004E-02   9.90969E-03  -1.78602E-02   6.22167E-03  -2.00667E-02   2.38860E-03  -2.05528E-02  -1.17410E-03  -1.85227E-02  -4.05301E-03  -1.40136E-02  -5.98656E-03  -7.72740E-03  -6.88009E-03  -5.82294E-04  -6.79640E-03   6.40990E-03  -5.92212E-03   1.22744E-02  -4.51821E-03   1.61944E-02  -2.86437E-03   1.76076E-02  -1.20768E-03   1.62640E-02   2.75884E-04   1.22393E-02   1.50092E-03   5.89947E-03   2.47053E-03  -2.18039E-03   3.25371E-03  -1.13356E-02   3.94606E-03  -2.09609E-02
 5.94000E+01   1.26828E-02   3.30371E-03   1.44245E-02  -1.49669E-03   1.43245E-02  -7.51101E-03   1.25697E-02  -1.32832E-02   9.54704E-03  -1.75939E-02   5.82885E-03  -1.98687E-02   1.99559E-03  -2.04289E-02  -1.51851E-03  -1.84728E-02  -4.29636E-03  -1.40307E-02  -6.08731E-03  -7.79894E-03  -6.81487E-03  -6.92384E-04  -6.56496E-03   6.27828E-03  -5.54903E-03   1.21376E-02  -4.05094E-03   1.60671E-02  -2.36798E-03   1.75015E-02  -7.56894E-04   1.61881E-02   6.05863E-04   1.21999E-02   1.64337E-03   5.90038E-03   2.37419E-03  -2.13697E-03   2.88636E-03  -1.12487E-02   3.29341E-03  -2.08302E-02
 5.98000E+01   1.26485E-02   3.53098E-03   1.43379E-02  -1.23148E-03   1.41731E-02  -7.23733E-03   1.23531E-02  -1.30282E-02   9.27895E-03  -1.73799E-02   5.53246E-03  -1.97095E-02   1.69372E-03  -2.03292E-02  -1.78780E-03  -1.84326E-02  -4.49142E-03  -1.40445E-02  -6.17444E-03  -7.85663E-03  -6.77426E-03  -7.81358E-04  -6.39482E-03   6.17168E-03  -5.26716E-03   1.20266E-02  -3.69342E-03   1.59634E-02  -1.98511E-03   1.74148E-02  -4.06954E-04   1.61259E-02   8.63896E-04   1.21673E-02   1.75695E-03   5.90082E-03   2.30285E-03  -2.10160E-03   2.60459E-03  -1.11775E-02   2.78991E-03  -2.07229E-02
 6.02000E+01   1.26274E-02   3.75843E-03   1.42685E-02  -9.66074E-04   1.40415E-02  -6.96348E-03   1.21569E-02  -1.27732E-02   9.02940E-03  -1.71658E-02   5.25096E-03  -1.95502E-02   1.40216E-03  -2.02294E-02  -2.05216E-03  -1.83924E-02  -4.68713E-03  -1.40583E-02  -6.26735E-03  -7.91455E-03  -6.74356E-03  -8.70729E-04  -6.23732E-03   6.06448E-03  -4.99911E-03   1.19148E-02  -3.34934E-03   1.58588E-02  -1.61384E-03   1.73272E-02  -6.56056E-05   1.60628E-02   1.11726E-03   1.21341E-02   1.87042E-03   5.90106E-03   2.23633E-03  -2.06589E-03   2.33278E-03  -1.11053E-02   2.30155E-03  -2.06139E-02
 6.06000E+01   1.26189E-02   3.98566E-03   1.42159E-02  -7.01032E-04   1.39291E-02  -6.69012E-03   1.19801E-02  -1.25187E-02   8.79748E-03  -1.69522E-02   4.98351E-03  -1.93914E-02   1.12015E-03  -2.01300E-02  -2.31214E-03  -1.83524E-02  -4.88379E-03  -1.40722E-02  -6.36604E-03  -7.97251E-03  -6.72244E-03  -9.60164E-04  -6.09187E-03   5.95712E-03  -4.74407E-03   1.18027E-02  -3.01775E-03   1.57537E-02  -1.25326E-03   1.72390E-02   2.67952E-04   1.59991E-02   1.36651E-03   1.21005E-02   1.98396E-03   5.90112E-03   2.17439E-03  -2.03001E-03   2.07018E-03  -1.10326E-02   1.82711E-03  -2.05039E-02
 6.11000E+01   1.26256E-02   4.26882E-03   1.41727E-02  -3.70980E-04   1.38144E-02  -6.34995E-03   1.17853E-02  -1.22022E-02   8.53107E-03  -1.66869E-02   4.66771E-03  -1.91942E-02   7.80014E-04  -2.00067E-02  -2.63177E-03  -1.83029E-02  -5.13139E-03  -1.40898E-02  -6.49752E-03  -8.04478E-03  -6.70908E-03  -1.07159E-03  -5.92614E-03   5.82331E-03  -4.44238E-03   1.16628E-02  -2.61949E-03   1.56225E-02  -8.16183E-04   1.71286E-02   6.75115E-04   1.59193E-02   1.67308E-03   1.20582E-02   2.12629E-03   5.90096E-03   2.10306E-03  -1.98517E-03   1.75386E-03  -1.09413E-02   1.25185E-03  -2.03657E-02
 6.15000E+01   1.26443E-02   4.49425E-03   1.41556E-02  -1.08466E-04   1.37424E-02  -6.07965E-03   1.16494E-02  -1.19510E-02   8.33575E-03  -1.64764E-02   4.42896E-03  -1.90380E-02   5.16981E-04  -1.99091E-02  -2.88382E-03  -1.82640E-02  -5.33123E-03  -1.41039E-02  -6.60922E-03  -8.10225E-03  -6.70848E-03  -1.16011E-03  -5.80577E-03   5.71698E-03  -4.21384E-03   1.15516E-02  -2.31284E-03   1.55179E-02  -4.76422E-04   1.70406E-02   9.93910E-04   1.58554E-02   1.91497E-03   1.20241E-02   2.24070E-03   5.90064E-03   2.05060E-03  -1.94947E-03   1.50953E-03  -1.08684E-02   8.04496E-04  -2.02551E-02
 6.20000E+01   1.26837E-02   4.77419E-03   1.41552E-02   2.17137E-04   1.36761E-02  -5.74480E-03   1.15032E-02  -1.16402E-02   8.11263E-03  -1.62163E-02   4.14670E-03  -1.88451E-02   1.98500E-04  -1.97889E-02  -3.19509E-03  -1.82161E-02  -5.58366E-03  -1.41216E-02  -6.75700E-03  -8.17338E-03  -6.71994E-03  -1.26959E-03  -5.66978E-03   5.58545E-03  -3.94306E-03   1.14138E-02  -1.94316E-03   1.53883E-02  -6.27817E-05   1.69312E-02   1.38488E-03   1.57758E-02   2.21392E-03   1.19816E-02   2.38469E-03   5.89996E-03   1.99048E-03  -1.90523E-03   1.21403E-03  -1.07777E-02   2.59642E-04  -2.01173E-02
 6.24000E+01   1.27276E-02   4.99635E-03   1.41711E-02   4.75169E-04   1.36413E-02  -5.47981E-03   1.14045E-02  -1.13945E-02   7.95012E-03  -1.60110E-02   3.93302E-03  -1.86931E-02  -4.87630E-05  -1.96942E-02  -3.44165E-03  -1.81786E-02  -5.78805E-03  -1.41356E-02  -6.88180E-03  -8.22954E-03  -6.73862E-03  -1.35596E-03  -5.57202E-03   5.48163E-03  -3.73756E-03   1.13050E-02  -1.65743E-03   1.52857E-02   2.60204E-04   1.68444E-02   1.69244E-03   1.57126E-02   2.45091E-03   1.19475E-02   2.50086E-03   5.89915E-03   1.94650E-03  -1.87027E-03   9.84832E-04  -1.07056E-02  -1.65996E-04  -2.00076E-02
 6.29000E+01   1.27978E-02   5.27139E-03   1.42106E-02   7.94132E-04   1.36198E-02  -5.15276E-03   1.13028E-02  -1.10918E-02   7.76590E-03  -1.57583E-02   3.68008E-03  -1.85062E-02  -3.49361E-04  -1.95780E-02  -3.74749E-03  -1.81326E-02  -6.04700E-03  -1.41530E-02  -7.04606E-03  -8.29852E-03  -6.77351E-03  -1.46205E-03  -5.46289E-03   5.35400E-03  -3.49363E-03   1.11710E-02  -1.31163E-03   1.51591E-02   6.55202E-04   1.67371E-02   2.07140E-03   1.56340E-02   2.74517E-03   1.19049E-02   2.64760E-03   5.89773E-03   1.89642E-03  -1.82725E-03   7.06446E-04  -1.06164E-02  -6.86790E-04  -1.98714E-02
 6.33000E+01   1.28657E-02   5.48904E-03   1.42574E-02   1.04609E-03   1.36196E-02  -4.89485E-03   1.12382E-02  -1.08535E-02   7.63294E-03  -1.55597E-02   3.48832E-03  -1.83594E-02  -5.83698E-04  -1.94869E-02  -3.99078E-03  -1.80965E-02  -6.25724E-03  -1.41665E-02  -7.18414E-03  -8.35252E-03  -6.81044E-03  -1.54519E-03  -5.38559E-03   5.25382E-03  -3.30815E-03   1.10656E-02  -1.04326E-03   1.50593E-02   9.65035E-04   1.66521E-02   2.37090E-03   1.55715E-02   2.97949E-03   1.18708E-02   2.76639E-03   5.89620E-03   1.86007E-03  -1.79347E-03   4.89592E-04  -1.05458E-02  -1.09552E-03  -1.97634E-02
 6.38000E+01   1.29649E-02   5.75776E-03   1.43344E-02   1.35658E-03   1.36398E-02  -4.57762E-03   1.11774E-02  -1.05608E-02   7.48385E-03  -1.53160E-02   3.26100E-03  -1.81795E-02  -8.69756E-04  -1.93752E-02  -4.29382E-03  -1.80522E-02  -6.52429E-03  -1.41828E-02  -7.36517E-03  -8.41827E-03  -6.86763E-03  -1.64665E-03  -5.30088E-03   5.13131E-03  -3.08754E-03   1.09364E-02  -7.17146E-04   1.49365E-02   1.34566E-03   1.65472E-02   2.74162E-03   1.54939E-02   3.27171E-03   1.18280E-02   2.91691E-03   5.89366E-03   1.81903E-03  -1.75214E-03   2.25043E-04  -1.04585E-02  -1.59792E-03  -1.96295E-02
 6.42000E+01   1.30556E-02   5.96981E-03   1.44104E-02   1.60110E-03   1.36720E-02  -4.32828E-03   1.11443E-02  -1.03311E-02   7.37766E-03  -1.51251E-02   3.08843E-03  -1.80386E-02  -1.09368E-03  -1.92877E-02  -4.53587E-03  -1.80173E-02  -6.74163E-03  -1.41952E-02  -7.51680E-03  -8.46924E-03  -6.92203E-03  -1.72562E-03  -5.24224E-03   5.03566E-03  -2.91946E-03   1.08351E-02  -4.63017E-04   1.48399E-02   1.64557E-03   1.64642E-02   3.03593E-03   1.54322E-02   3.50540E-03   1.17936E-02   3.03912E-03   5.89104E-03   1.78955E-03  -1.71986E-03   1.80617E-05  -1.03896E-02  -1.99402E-03  -1.95232E-02
 6.47000E+01   1.31826E-02   6.23091E-03   1.45231E-02   1.90149E-03   1.37315E-02  -4.02259E-03   1.11216E-02  -1.00500E-02   7.26050E-03  -1.48917E-02   2.88356E-03  -1.78663E-02  -1.36816E-03  -1.91806E-02  -4.83852E-03  -1.79742E-02  -7.01831E-03  -1.42096E-02  -7.71497E-03  -8.53061E-03  -7.00065E-03  -1.82127E-03  -5.17987E-03   4.91926E-03  -2.71911E-03   1.07113E-02  -1.52914E-04   1.47211E-02   2.01564E-03   1.63616E-02   3.40180E-03   1.53552E-02   3.79801E-03   1.17500E-02   3.19439E-03   5.88686E-03   1.75671E-03  -1.68058E-03  -2.35551E-04  -1.03045E-02  -2.48310E-03  -1.93912E-02
 6.52000E+01   1.33247E-02   6.48724E-03   1.46548E-02   2.19561E-03   1.38120E-02  -3.72402E-03   1.11189E-02  -9.77605E-03   7.15989E-03  -1.46644E-02   2.68994E-03  -1.76986E-02  -1.63735E-03  -1.90759E-02  -5.14191E-03  -1.79314E-02  -7.30094E-03  -1.42224E-02  -7.92285E-03  -8.58899E-03  -7.09087E-03  -1.91319E-03  -5.12912E-03   4.80663E-03  -2.52886E-03   1.05907E-02   1.49718E-04   1.46046E-02   2.38134E-03   1.62600E-02   3.76631E-03   1.52782E-02   4.09180E-03   1.17057E-02   3.35270E-03   5.88149E-03   1.72809E-03  -1.64257E-03  -4.84217E-04  -1.02205E-02  -2.96676E-03  -1.92601E-02
 6.56000E+01   1.34491E-02   6.68860E-03   1.47737E-02   2.42605E-03   1.38910E-02  -3.49061E-03   1.11306E-02  -9.56222E-03   7.09080E-03  -1.44871E-02   2.54262E-03  -1.75676E-02  -1.84940E-03  -1.89939E-02  -5.38558E-03  -1.78973E-02  -7.53164E-03  -1.42312E-02  -8.09625E-03  -8.63328E-03  -7.17129E-03  -1.98381E-03  -5.09658E-03   4.71939E-03  -2.38341E-03   1.04966E-02   3.87072E-04   1.45128E-02   2.67140E-03   1.61793E-02   4.05754E-03   1.52164E-02   4.32811E-03   1.16695E-02   3.48171E-03   5.87618E-03   1.70812E-03  -1.61313E-03  -6.80087E-04  -1.01540E-02  -3.35065E-03  -1.91555E-02
 6.61000E+01   1.36176E-02   6.93534E-03   1.49389E-02   2.70766E-03   1.40078E-02  -3.20608E-03   1.11623E-02  -9.30199E-03   7.01809E-03  -1.42714E-02   2.36732E-03  -1.74080E-02  -2.11093E-03  -1.88934E-02  -5.69186E-03  -1.78544E-02  -7.82608E-03  -1.42402E-02  -8.32198E-03  -8.68523E-03  -7.28200E-03  -2.06811E-03  -5.06558E-03   4.61412E-03  -2.20945E-03   1.03819E-02   6.78557E-04   1.43999E-02   3.03164E-03   1.60790E-02   4.42180E-03   1.51386E-02   4.62561E-03   1.16230E-02   3.64616E-03   5.86806E-03   1.68663E-03  -1.57761E-03  -9.21676E-04  -1.00716E-02  -3.82777E-03  -1.90249E-02
 6.66000E+01   1.38005E-02   7.17617E-03   1.51222E-02   2.98162E-03   1.41441E-02  -2.93003E-03   1.12122E-02  -9.04998E-03   6.95996E-03  -1.40626E-02   2.20124E-03  -1.72530E-02  -2.36916E-03  -1.87949E-02  -6.00058E-03  -1.78110E-02  -8.12764E-03  -1.42465E-02  -8.55786E-03  -8.73296E-03  -7.40389E-03  -2.14763E-03  -5.04497E-03   4.51326E-03  -2.04361E-03   1.02704E-02   9.65016E-04   1.42888E-02   3.39009E-03   1.59790E-02   4.78705E-03   1.50598E-02   4.92600E-03   1.15746E-02   3.81437E-03   5.85802E-03   1.66885E-03  -1.54357E-03  -1.16026E-03  -9.98989E-03  -4.30290E-03  -1.88939E-02
 6.71000E+01   1.39976E-02   7.41068E-03   1.53233E-02   3.24743E-03   1.42995E-02  -2.66299E-03   1.12799E-02  -8.80659E-03   6.91582E-03  -1.38608E-02   2.04375E-03  -1.71025E-02  -2.62469E-03  -1.86982E-02  -6.31226E-03  -1.77667E-02  -8.43671E-03  -1.42494E-02  -8.80403E-03  -8.77595E-03  -7.53688E-03  -2.22197E-03  -5.03436E-03   4.41703E-03  -1.88528E-03   1.01623E-02   1.24721E-03   1.41793E-02   3.74756E-03   1.58787E-02   5.15402E-03   1.49795E-02   5.22983E-03   1.15241E-02   3.98659E-03   5.84577E-03   1.65462E-03  -1.51108E-03  -1.39645E-03  -9.90862E-03  -4.77713E-03  -1.87621E-02
 6.76000E+01   1.42087E-02   7.63839E-03   1.55421E-02   3.50452E-03   1.44738E-02  -2.40549E-03   1.13649E-02  -8.57227E-03   6.88514E-03  -1.36663E-02   1.89428E-03  -1.69567E-02  -2.87810E-03  -1.86031E-02  -6.62740E-03  -1.77209E-02  -8.75364E-03  -1.42486E-02  -9.06065E-03  -8.81365E-03  -7.68085E-03  -2.29071E-03  -5.03342E-03   4.32565E-03  -1.73391E-03   1.00575E-02   1.52584E-03   1.40711E-02   4.10481E-03   1.57779E-02   5.52341E-03   1.48971E-02   5.53760E-03   1.14709E-02   4.16303E-03   5.83098E-03   1.64380E-03  -1.48022E-03  -1.63081E-03  -9.82754E-03  -5.25146E-03  -1.86288E-02
 6.80000E+01   1.43877E-02   7.81535E-03   1.57296E-02   3.70354E-03   1.46264E-02  -2.20674E-03   1.14452E-02  -8.39163E-03   6.86995E-03  -1.35161E-02   1.78012E-03  -1.68433E-02  -3.07967E-03  -1.85279E-02  -6.88234E-03  -1.76829E-02  -9.01307E-03  -1.42447E-02  -9.27356E-03  -8.83962E-03  -7.80390E-03  -2.34135E-03  -5.03942E-03   4.25620E-03  -1.61748E-03   9.97600E-03   1.74662E-03   1.39853E-02   4.39092E-03   1.56965E-02   5.82109E-03   1.48294E-02   5.78698E-03   1.14259E-02   4.30737E-03   5.81707E-03   1.63752E-03  -1.45675E-03  -1.81733E-03  -9.76262E-03  -5.63163E-03  -1.85205E-02
 6.85000E+01   1.46238E-02   8.02959E-03   1.59794E-02   3.94348E-03   1.48337E-02  -1.96789E-03   1.15603E-02  -8.17477E-03   6.86228E-03  -1.33354E-02   1.64377E-03  -1.67057E-02  -3.33059E-03  -1.84349E-02  -7.20489E-03  -1.76334E-02  -9.34499E-03  -1.42355E-02  -9.54936E-03  -8.86631E-03  -7.96748E-03  -2.39881E-03  -5.05511E-03   4.17416E-03  -1.47736E-03   9.87698E-03   2.02046E-03   1.38786E-02   4.74951E-03   1.55933E-02   6.19643E-03   1.47418E-02   6.10303E-03   1.13664E-02   4.49195E-03   5.79676E-03   1.63252E-03  -1.42901E-03  -2.04967E-03  -9.68111E-03  -6.10845E-03  -1.83827E-02
 6.90000E+01   1.48737E-02   8.23559E-03   1.62463E-02   4.17298E-03   1.50589E-02  -1.74027E-03   1.16918E-02  -7.96829E-03   6.86678E-03  -1.31626E-02   1.51405E-03  -1.65726E-02  -3.58078E-03  -1.83426E-02  -7.53215E-03  -1.75809E-02  -9.68566E-03  -1.42206E-02  -9.83598E-03  -8.88595E-03  -8.14183E-03  -2.44929E-03  -5.07965E-03   4.09766E-03  -1.34285E-03   9.78112E-03   2.29244E-03   1.37724E-02   5.10970E-03   1.54880E-02   6.57585E-03   1.46505E-02   6.42426E-03   1.13025E-02   4.68129E-03   5.77282E-03   1.63058E-03  -1.40309E-03  -2.28155E-03  -9.59889E-03  -6.58780E-03  -1.82412E-02
 6.95000E+01   1.51371E-02   8.43276E-03   1.65301E-02   4.39135E-03   1.53018E-02  -1.52457E-03   1.18391E-02  -7.77274E-03   6.88304E-03  -1.29980E-02   1.39053E-03  -1.64439E-02  -3.83066E-03  -1.82506E-02  -7.86447E-03  -1.75250E-02  -1.00353E-02  -1.41994E-02  -1.01335E-02  -8.89784E-03  -8.32690E-03  -2.49226E-03  -5.11278E-03   4.02696E-03  -1.21354E-03   9.68834E-03   2.56309E-03   1.36661E-02   5.47204E-03   1.53799E-02   6.95987E-03   1.45546E-02   6.75104E-03   1.12337E-02   4.87557E-03   5.74480E-03   1.63160E-03  -1.37909E-03  -2.51336E-03  -9.51559E-03  -7.07041E-03  -1.80953E-02
 7.00000E+01   1.54141E-02   8.62046E-03   1.68304E-02   4.59783E-03   1.55621E-02  -1.32153E-03   1.20020E-02  -7.58869E-03   6.91070E-03  -1.28420E-02   1.27281E-03  -1.63196E-02  -4.08063E-03  -1.81586E-02  -8.20218E-03  -1.74649E-02  -1.03942E-02  -1.41710E-02  -1.04421E-02  -8.90120E-03  -8.52260E-03  -2.52713E-03  -5.15426E-03   3.96235E-03  -1.08905E-03   9.59856E-03   2.83287E-03   1.35595E-02   5.83704E-03   1.52685E-02   7.34893E-03   1.44534E-02   7.08370E-03   1.11590E-02   5.07492E-03   5.71223E-03   1.63547E-03  -1.35708E-03  -2.74547E-03  -9.43080E-03  -7.55695E-03  -1.79440E-02
 7.05000E+01   1.57044E-02   8.79801E-03   1.71472E-02   4.79162E-03   1.58395E-02  -1.13193E-03   1.21801E-02  -7.41675E-03   6.94938E-03  -1.26949E-02   1.16054E-03  -1.61997E-02  -4.33102E-03  -1.80662E-02  -8.54557E-03  -1.74000E-02  -1.07625E-02  -1.41346E-02  -1.07618E-02  -8.89522E-03  -8.72882E-03  -2.55325E-03  -5.20385E-03   3.90415E-03  -9.69024E-04   9.51171E-03   3.10220E-03   1.34519E-02   6.20513E-03   1.51529E-02   7.74342E-03   1.43460E-02   7.42250E-03   1.10779E-02   5.27944E-03   5.67460E-03   1.64211E-03  -1.33717E-03  -2.97823E-03  -9.34407E-03  -8.04797E-03  -1.77862E-02
 7.10000E+01   1.60079E-02   8.96470E-03   1.74803E-02   4.97186E-03   1.61338E-02  -9.56615E-04   1.23731E-02  -7.25758E-03   6.99873E-03  -1.25569E-02   1.05335E-03  -1.60842E-02  -4.58214E-03  -1.79729E-02  -8.89487E-03  -1.73296E-02  -1.11404E-02  -1.40893E-02  -1.10925E-02  -8.87902E-03  -8.94544E-03  -2.56998E-03  -5.26130E-03   3.85267E-03  -8.53131E-04   9.42770E-03   3.37147E-03   1.33430E-02   6.57669E-03   1.50323E-02   8.14366E-03   1.42315E-02   7.76767E-03   1.09894E-02   5.48921E-03   5.63135E-03   1.65140E-03  -1.31944E-03  -3.21192E-03  -9.25496E-03  -8.54398E-03  -1.76209E-02
 7.16000E+01   1.63893E-02   9.14929E-03   1.79010E-02   5.16897E-03   1.65088E-02  -7.66363E-04   1.26238E-02  -7.08443E-03   7.07153E-03  -1.24040E-02   9.31009E-04  -1.59511E-02  -4.88482E-03  -1.78591E-02  -9.32210E-03  -1.72365E-02  -1.16065E-02  -1.40220E-02  -1.15039E-02  -8.84479E-03  -9.21891E-03  -2.57662E-03  -5.34029E-03   3.80027E-03  -7.19092E-04   9.33053E-03   3.69497E-03   1.32099E-02   7.02757E-03   1.48800E-02   8.63189E-03   1.40835E-02   8.19052E-03   1.08724E-02   5.74793E-03   5.57125E-03   1.66592E-03  -1.30119E-03  -3.49392E-03  -9.14419E-03  -9.14632E-03  -1.74111E-02
 7.21000E+01   1.67212E-02   9.28928E-03   1.82687E-02   5.31609E-03   1.68390E-02  -6.25721E-04   1.28483E-02  -6.95591E-03   7.14309E-03  -1.22877E-02   8.33932E-04  -1.58449E-02  -5.13843E-03  -1.77622E-02  -9.68497E-03  -1.71510E-02  -1.20055E-02  -1.39537E-02  -1.18587E-02  -8.80277E-03  -9.45784E-03  -2.57009E-03  -5.41420E-03   3.76485E-03  -6.11259E-04   9.25246E-03   3.96517E-03   1.30962E-02   7.40775E-03   1.47457E-02   9.04558E-03   1.39501E-02   8.55019E-03   1.07647E-02   5.96937E-03   5.51359E-03   1.68073E-03  -1.28864E-03  -3.73046E-03  -9.04806E-03  -9.65457E-03  -1.72252E-02
 7.26000E+01   1.70655E-02   9.41575E-03   1.86517E-02   5.44651E-03   1.71849E-02  -5.02444E-04   1.30864E-02  -6.84257E-03   7.22417E-03  -1.21818E-02   7.40991E-04  -1.57428E-02  -5.39347E-03  -1.76629E-02  -1.00541E-02  -1.70572E-02  -1.24141E-02  -1.38734E-02  -1.22243E-02  -8.74737E-03  -9.70656E-03  -2.55171E-03  -5.49516E-03   3.73736E-03  -5.06668E-04   9.17696E-03   4.23619E-03   1.29794E-02   7.79215E-03   1.46037E-02   9.46556E-03   1.38063E-02   8.91652E-03   1.06466E-02   6.19605E-03   5.44837E-03   1.69788E-03  -1.27863E-03  -3.96856E-03  -8.94788E-03  -1.01688E-02  -1.70280E-02
 7.31000E+01   1.74220E-02   9.52779E-03   1.90495E-02   5.55913E-03   1.75460E-02  -3.97615E-04   1.33378E-02  -6.74528E-03   7.31438E-03  -1.20868E-02   6.51919E-04  -1.56449E-02  -5.65006E-03  -1.75606E-02  -1.04295E-02  -1.69542E-02  -1.28320E-02  -1.37798E-02  -1.26004E-02  -8.67749E-03  -9.96478E-03  -2.52066E-03  -5.58290E-03   3.71821E-03  -4.05082E-04   9.10391E-03   4.50816E-03   1.28590E-02   8.18083E-03   1.44531E-02   9.89183E-03   1.36512E-02   9.28945E-03   1.05173E-02   6.42788E-03   5.37489E-03   1.71728E-03  -1.27127E-03  -4.20830E-03  -8.84308E-03  -1.06889E-02  -1.68181E-02
 7.37000E+01   1.78653E-02   9.64180E-03   1.95457E-02   5.66916E-03   1.79987E-02  -2.97775E-04   1.36561E-02  -6.65098E-03   7.43410E-03  -1.19879E-02   5.49789E-04  -1.55328E-02  -5.96011E-03  -1.74332E-02  -1.08881E-02  -1.68172E-02  -1.33456E-02  -1.36483E-02  -1.30650E-02  -8.57290E-03  -1.02867E-02  -2.46539E-03  -5.69669E-03   3.70687E-03  -2.86838E-04   9.01937E-03   4.83594E-03   1.27088E-02   8.65287E-03   1.42595E-02   1.04115E-02   1.34482E-02   9.74543E-03   1.03456E-02   6.71266E-03   5.27483E-03   1.74336E-03  -1.26615E-03  -4.49822E-03  -8.71037E-03  -1.13210E-02  -1.65474E-02
 7.42000E+01   1.82469E-02   9.71859E-03   1.99741E-02   5.73848E-03   1.83912E-02  -2.37601E-04   1.39345E-02  -6.59220E-03   7.54289E-03  -1.19187E-02   4.68362E-04  -1.54439E-02  -6.22029E-03  -1.73225E-02  -1.12768E-02  -1.66907E-02  -1.37832E-02  -1.35213E-02  -1.34629E-02  -8.46706E-03  -1.05644E-02  -2.40325E-03  -5.79818E-03   3.70767E-03  -1.91115E-04   8.95141E-03   5.11029E-03   1.25782E-02   9.05078E-03   1.40862E-02   1.08511E-02   1.32637E-02   1.01322E-02   1.01875E-02   6.95520E-03   5.18066E-03   1.76729E-03  -1.26512E-03  -4.74164E-03  -8.59327E-03  -1.18540E-02  -1.63046E-02
 7.47000E+01   1.86392E-02   9.77769E-03   2.04154E-02   5.78614E-03   1.87968E-02  -1.99678E-04   1.42242E-02  -6.55247E-03   7.65936E-03  -1.18620E-02   3.90039E-04  -1.53590E-02  -6.48205E-03  -1.72070E-02  -1.16711E-02  -1.65518E-02  -1.42290E-02  -1.33772E-02  -1.38698E-02  -8.34291E-03  -1.08503E-02  -2.32546E-03  -5.90534E-03   3.71830E-03  -9.77543E-05   8.88561E-03   5.38571E-03   1.24419E-02   9.45257E-03   1.39010E-02   1.12962E-02   1.30639E-02   1.05246E-02   1.00146E-02   7.20216E-03   5.07588E-03   1.79308E-03  -1.26719E-03  -4.98661E-03  -8.46957E-03  -1.23923E-02  -1.60445E-02
 7.53000E+01   1.91228E-02   9.82373E-03   2.09606E-02   5.81292E-03   1.92996E-02  -1.85332E-04   1.45857E-02  -6.53137E-03   7.80851E-03  -1.18112E-02   2.99836E-04  -1.52623E-02  -6.79809E-03  -1.70613E-02  -1.21510E-02  -1.63674E-02  -1.47739E-02  -1.31798E-02  -1.43690E-02  -8.16796E-03  -1.12031E-02  -2.21006E-03  -6.04077E-03   3.74473E-03   1.13964E-05   8.80937E-03   5.71744E-03   1.22699E-02   9.93935E-03   1.36615E-02   1.18370E-02   1.28022E-02   1.10025E-02   9.78572E-03   7.50381E-03   4.93503E-03   1.82627E-03  -1.27398E-03  -5.28239E-03  -8.31151E-03  -1.30447E-02  -1.57073E-02
 7.58000E+01   1.95357E-02   9.84008E-03   2.14268E-02   5.80834E-03   1.97307E-02  -2.00865E-04   1.48973E-02  -6.53712E-03   7.93991E-03  -1.17840E-02   2.27568E-04  -1.51862E-02  -7.06284E-03  -1.69332E-02  -1.25560E-02  -1.61976E-02  -1.52355E-02  -1.29933E-02  -1.47932E-02  -7.99903E-03  -1.15044E-02  -2.09435E-03  -6.15877E-03   3.77876E-03   1.00134E-04   8.74799E-03   5.99467E-03   1.21188E-02   1.03483E-02   1.34461E-02   1.22924E-02   1.25642E-02   1.14056E-02   9.57586E-03   7.75904E-03   4.80412E-03   1.85561E-03  -1.28340E-03  -5.53008E-03  -8.17100E-03  -1.35927E-02  -1.54037E-02
 7.64000E+01   2.00415E-02   9.83161E-03   2.19989E-02   5.76860E-03   2.02608E-02  -2.54438E-04   1.52822E-02  -6.57359E-03   8.10511E-03  -1.17702E-02   1.44015E-04  -1.51000E-02  -7.38181E-03  -1.67706E-02  -1.30470E-02  -1.59730E-02  -1.57968E-02  -1.27412E-02  -1.53105E-02  -7.76660E-03  -1.18734E-02  -1.93054E-03  -6.30571E-03   3.83474E-03   2.04159E-04   8.67680E-03   6.32789E-03   1.19270E-02   1.08420E-02   1.31671E-02   1.28434E-02   1.22529E-02   1.18942E-02   9.29925E-03   8.06909E-03   4.62960E-03   1.89256E-03  -1.29943E-03  -5.82827E-03  -7.99085E-03  -1.42544E-02  -1.50099E-02
 7.69000E+01   2.04704E-02   9.79985E-03   2.24845E-02   5.70540E-03   2.07116E-02  -3.29708E-04   1.56108E-02  -6.62982E-03   8.24817E-03  -1.17752E-02   7.67844E-05  -1.50325E-02  -7.64826E-03  -1.66270E-02  -1.34595E-02  -1.57672E-02  -1.62695E-02  -1.25061E-02  -1.57471E-02  -7.54663E-03  -1.21859E-02  -1.77205E-03  -6.43189E-03   3.89462E-03   2.88945E-04   8.61941E-03   6.60556E-03   1.17578E-02   1.12551E-02   1.29162E-02   1.33051E-02   1.19705E-02   1.23041E-02   9.04671E-03   8.32981E-03   4.46873E-03   1.92458E-03  -1.31692E-03  -6.07706E-03  -7.83035E-03  -1.48077E-02  -1.46554E-02
 7.75000E+01   2.09919E-02   9.73051E-03   2.30755E-02   5.59156E-03   2.12610E-02  -4.58662E-04   1.60125E-02  -6.72979E-03   8.42509E-03  -1.18016E-02  -1.32433E-06  -1.49567E-02  -7.96813E-03  -1.64441E-02  -1.39568E-02  -1.54963E-02  -1.68407E-02  -1.21919E-02  -1.62756E-02  -7.24929E-03  -1.25654E-02  -1.55404E-03  -6.58672E-03   3.98308E-03   3.88573E-04   8.55275E-03   6.93806E-03   1.15425E-02   1.17512E-02   1.25914E-02   1.38605E-02   1.16021E-02   1.27977E-02   8.71551E-03   8.64427E-03   4.25599E-03   1.96415E-03  -1.34307E-03  -6.37517E-03  -7.62434E-03  -1.54722E-02  -1.41962E-02
 7.80000E+01   2.14306E-02   9.64551E-03   2.35730E-02   5.46361E-03   2.17239E-02  -5.99715E-04   1.63516E-02  -6.84129E-03   8.57580E-03  -1.18414E-02  -6.45158E-05  -1.48977E-02  -8.23418E-03  -1.62821E-02  -1.43719E-02  -1.52495E-02  -1.73182E-02  -1.19019E-02  -1.67181E-02  -6.97229E-03  -1.28837E-02  -1.34810E-03  -6.71770E-03   4.07119E-03   4.69951E-04   8.49894E-03   7.21386E-03   1.13521E-02   1.21638E-02   1.22998E-02   1.43229E-02   1.12692E-02   1.32090E-02   8.41475E-03   8.90659E-03   4.06145E-03   1.99778E-03  -1.36933E-03  -6.62252E-03  -7.44080E-03  -1.60244E-02  -1.37836E-02
 7.86000E+01   2.19595E-02   9.50944E-03   2.41728E-02   5.26870E-03   2.22824E-02  -8.10931E-04   1.67614E-02  -7.01023E-03   8.75908E-03  -1.19110E-02  -1.38375E-04  -1.48321E-02  -8.55190E-03  -1.60757E-02  -1.48689E-02  -1.49267E-02  -1.78905E-02  -1.15186E-02  -1.72487E-02  -6.60319E-03  -1.32659E-02  -1.07058E-03  -6.87594E-03   4.19482E-03   5.65761E-04   8.43632E-03   7.54229E-03   1.11097E-02   1.26559E-02   1.19235E-02   1.48747E-02   1.08369E-02   1.37001E-02   8.02263E-03   9.22011E-03   3.80628E-03   2.03853E-03  -1.40640E-03  -6.91694E-03  -7.20546E-03  -1.66824E-02  -1.32507E-02
 7.91000E+01   2.24002E-02   9.36669E-03   2.46726E-02   5.07063E-03   2.27478E-02  -1.02304E-03   1.71031E-02  -7.18118E-03   8.91255E-03  -1.19879E-02  -1.98526E-04  -1.47816E-02  -8.81457E-03  -1.58930E-02  -1.52804E-02  -1.46346E-02  -1.83646E-02  -1.11685E-02  -1.76884E-02  -6.26388E-03  -1.35829E-02  -8.13102E-04  -7.00759E-03   4.31322E-03   6.44158E-04   8.38570E-03   7.81294E-03   1.08953E-02   1.30618E-02   1.15867E-02   1.53301E-02   1.04482E-02   1.41053E-02   7.66879E-03   9.47895E-03   3.57484E-03   2.07248E-03  -1.44204E-03  -7.15933E-03  -6.99618E-03  -1.72246E-02  -1.27738E-02
 7.97000E+01   2.29260E-02   9.15913E-03   2.52686E-02   4.78896E-03   2.33026E-02  -1.32211E-03   1.75104E-02  -7.42350E-03   9.09579E-03  -1.21030E-02  -2.69343E-04  -1.47260E-02  -9.12607E-03  -1.56604E-02  -1.57686E-02  -1.42552E-02  -1.89268E-02  -1.07103E-02  -1.82097E-02  -5.81741E-03  -1.39586E-02  -4.71735E-04  -7.16377E-03   4.47421E-03   7.36598E-04   8.32670E-03   8.13277E-03   1.06228E-02   1.35414E-02   1.11539E-02   1.58680E-02   9.94636E-03   1.45840E-02   7.21055E-03   9.78472E-03   3.27378E-03   2.11272E-03  -1.49066E-03  -7.44527E-03  -6.72862E-03  -1.78644E-02  -1.21605E-02
 8.03000E+01   2.34450E-02   8.91118E-03   2.58564E-02   4.45832E-03   2.38493E-02  -1.67070E-03   1.79114E-02  -7.70711E-03   9.27592E-03  -1.22437E-02  -3.39019E-04  -1.46759E-02  -9.43208E-03  -1.54127E-02  -1.62478E-02  -1.38435E-02  -1.94781E-02  -1.02095E-02  -1.87203E-02  -5.32709E-03  -1.43262E-02  -9.42668E-05  -7.31621E-03   4.65619E-03   8.27348E-04   8.26950E-03   8.44558E-03   1.03329E-02   1.40100E-02   1.06888E-02   1.63932E-02   9.40486E-03   1.50511E-02   6.71468E-03   1.00829E-02   2.94667E-03   2.15186E-03  -1.54576E-03  -7.72414E-03  -6.44260E-03  -1.84881E-02  -1.15014E-02
 8.09000E+01   2.39531E-02   8.62234E-03   2.64312E-02   4.07811E-03   2.43829E-02  -2.06940E-03   1.83019E-02  -8.03245E-03   9.45057E-03  -1.24101E-02  -4.07923E-04  -1.46310E-02  -9.73095E-03  -1.51496E-02  -1.67145E-02  -1.33990E-02  -2.00141E-02  -9.66561E-03  -1.92158E-02  -4.79228E-03  -1.46820E-02   3.19770E-04  -7.46286E-03   4.85937E-03   9.16487E-04   8.21401E-03   8.74952E-03   1.00253E-02   1.44643E-02   1.01909E-02   1.69015E-02   8.82303E-03   1.55027E-02   6.18056E-03   1.03708E-02   2.59309E-03   2.18927E-03  -1.60740E-03  -7.99402E-03  -6.13775E-03  -1.90912E-02  -1.07955E-02
 8.15000E+01   2.44463E-02   8.29257E-03   2.69877E-02   3.64830E-03   2.48983E-02  -2.51821E-03   1.86779E-02  -8.39949E-03   9.61722E-03  -1.26022E-02  -4.76429E-04  -1.45914E-02  -1.00209E-02  -1.48708E-02  -1.71652E-02  -1.29214E-02  -2.05301E-02  -9.07834E-03  -1.96914E-02  -4.21286E-03  -1.50222E-02   7.70430E-04  -7.60158E-03   5.08373E-03   1.00408E-03   8.16014E-03   9.04261E-03   9.69985E-03   1.49005E-02   9.65992E-03   1.73886E-02   8.20067E-03   1.59347E-02   5.60804E-03   1.06457E-02   2.21297E-03   2.22429E-03  -1.67558E-03  -8.25285E-03  -5.81396E-03  -1.96684E-02  -1.00427E-02
 8.20000E+01   2.48427E-02   7.98683E-03   2.74339E-02   3.25264E-03   2.53102E-02  -2.93009E-03   1.89768E-02  -8.73687E-03   9.74813E-03  -1.27815E-02  -5.33483E-04  -1.45623E-02  -1.02543E-02  -1.46267E-02  -1.75258E-02  -1.24985E-02  -2.09413E-02  -8.55613E-03  -2.00691E-02  -3.69626E-03  -1.52910E-02   1.17367E-03  -7.70950E-03   5.28669E-03   1.07594E-03   8.11642E-03   9.27703E-03   9.41505E-03   1.52476E-02   9.19238E-03   1.77751E-02   7.65133E-03   1.62766E-02   5.10186E-03   1.08626E-02   1.87610E-03   2.25115E-03  -1.73731E-03  -8.45852E-03  -5.52975E-03  -2.01259E-02  -9.37976E-03
 8.26000E+01   2.52968E-02   7.58370E-03   2.79433E-02   2.73394E-03   2.57785E-02  -3.46872E-03   1.93146E-02  -9.17862E-03   9.89333E-03  -1.30194E-02  -6.02228E-04  -1.45319E-02  -1.05229E-02  -1.43199E-02  -1.79374E-02  -1.19617E-02  -2.14081E-02  -7.89101E-03  -2.04955E-02  -3.03679E-03  -1.55922E-02   1.69002E-03  -7.82782E-03   5.54898E-03   1.16085E-03   8.06533E-03   9.54470E-03   9.05737E-03   1.56411E-02   8.60193E-03   1.82114E-02   6.95610E-03   1.66615E-02   4.46034E-03   1.11058E-02   1.44830E-03   2.27999E-03  -1.81717E-03  -8.69137E-03  -5.17184E-03  -2.06419E-02  -8.54249E-03
 8.32000E+01   2.57231E-02   7.14257E-03   2.84192E-02   2.16917E-03   2.62133E-02  -4.05389E-03   1.96251E-02  -9.65911E-03   1.00231E-02  -1.32811E-02  -6.71623E-04  -1.45063E-02  -1.07771E-02  -1.39986E-02  -1.83221E-02  -1.13941E-02  -2.18410E-02  -7.18553E-03  -2.08879E-02  -2.33580E-03  -1.58664E-02   2.24043E-03  -7.93178E-03   5.83095E-03   1.24434E-03   8.01568E-03   9.79542E-03   8.68299E-03   1.60057E-02   7.98066E-03   1.86133E-02   6.22309E-03   1.70143E-02   3.78303E-03   1.13275E-02   9.95771E-04   2.30445E-03  -1.90309E-03  -8.90686E-03  -4.79623E-03  -2.11167E-02  -7.66141E-03
 8.38000E+01   2.61173E-02   6.66567E-03   2.88563E-02   1.56104E-03   2.66092E-02  -4.68291E-03   1.99040E-02  -1.01761E-02   1.01347E-02  -1.35653E-02  -7.42024E-04  -1.44854E-02  -1.10150E-02  -1.36636E-02  -1.86762E-02  -1.07977E-02  -2.22351E-02  -6.44212E-03  -2.12413E-02  -1.59576E-03  -1.61096E-02   2.82291E-03  -8.01911E-03   6.13147E-03   1.32645E-03   7.96745E-03   1.00270E-02   8.29295E-03   1.63375E-02   7.33042E-03   1.89761E-02   5.45456E-03   1.73307E-02   3.07207E-03   1.15245E-02   5.19983E-04   2.32384E-03  -1.99472E-03  -9.10276E-03  -4.40400E-03  -2.15448E-02  -6.73916E-03
 8.44000E+01   2.64749E-02   6.15591E-03   2.92493E-02   9.13034E-04   2.69610E-02  -5.35228E-03   2.01470E-02  -1.07268E-02   1.02258E-02  -1.38703E-02  -8.13772E-04  -1.44688E-02  -1.12347E-02  -1.33163E-02  -1.89959E-02  -1.01748E-02  -2.25856E-02  -5.66392E-03  -2.15509E-02  -8.19865E-04  -1.63177E-02   3.43489E-03  -8.08766E-03   6.44910E-03   1.40722E-03   7.92061E-03   1.02374E-02   7.88864E-03   1.66329E-02   6.65369E-03   1.92953E-02   4.65350E-03   1.76065E-02   2.33026E-03   1.16941E-02   2.28488E-05   2.33751E-03  -2.09163E-03  -9.27691E-03  -3.99659E-03  -2.19211E-02  -5.77923E-03
 8.51000E+01   2.68408E-02   5.52444E-03   2.96459E-02   1.12374E-04   2.73095E-02  -6.17848E-03   2.03800E-02  -1.14070E-02   1.03029E-02  -1.42496E-02  -8.99603E-04  -1.44546E-02  -1.14657E-02  -1.28975E-02  -1.93210E-02  -9.41889E-03  -2.29337E-02  -4.71728E-03  -2.18508E-02   1.25389E-04  -1.65117E-02   4.18190E-03  -8.14120E-03   6.83895E-03   1.49978E-03   7.86775E-03   1.04535E-02   7.40123E-03   1.69270E-02   5.83480E-03   1.96072E-02   3.68276E-03   1.78717E-02   1.43047E-03   1.18537E-02  -5.80952E-04   2.34537E-03  -2.21065E-03  -9.44997E-03  -3.50446E-03  -2.22881E-02  -4.61747E-03
 8.57000E+01   2.71063E-02   4.95649E-03   2.99278E-02  -6.06386E-04   2.75501E-02  -6.91966E-03   2.05324E-02  -1.20179E-02   1.03416E-02  -1.45920E-02  -9.75326E-04  -1.44466E-02  -1.16403E-02  -1.25291E-02  -1.95551E-02  -8.74999E-03  -2.31755E-02  -3.87795E-03  -2.20509E-02   9.64586E-04  -1.66323E-02   4.84621E-03  -8.16240E-03   7.18727E-03   1.57774E-03   7.82397E-03   1.06117E-02   6.97236E-03   1.71322E-02   5.11188E-03   1.98183E-02   2.82473E-03   1.80466E-02   6.34481E-04   1.19550E-02  -1.11570E-03   2.34456E-03  -2.31704E-03  -9.57046E-03  -3.07065E-03  -2.25360E-02  -3.59167E-03
 8.63000E+01   2.73244E-02   4.36896E-03   3.01524E-02  -1.34907E-03   2.77333E-02  -7.68526E-03   2.06380E-02  -1.26493E-02   1.03532E-02  -1.49477E-02  -1.05331E-03  -1.44420E-02  -1.17920E-02  -1.21541E-02  -1.97455E-02  -8.06607E-03  -2.33617E-02  -3.01841E-03  -2.21949E-02   1.82494E-03  -1.67079E-02   5.52819E-03  -8.15921E-03   7.54618E-03   1.65447E-03   7.78165E-03   1.07434E-02   6.53574E-03   1.72914E-02   4.37396E-03   1.99744E-02   1.94800E-03   1.81701E-02  -1.79395E-04   1.20213E-02  -1.66296E-03   2.33629E-03  -2.42671E-03  -9.66371E-03  -2.62832E-03  -2.27185E-02  -2.54436E-03
 8.69000E+01   2.74927E-02   3.76708E-03   3.03171E-02  -2.10938E-03   2.78565E-02  -8.46900E-03   2.06946E-02  -1.32963E-02   1.03365E-02  -1.53134E-02  -1.13376E-03  -1.44405E-02  -1.19199E-02  -1.17750E-02  -1.98902E-02  -7.37169E-03  -2.34897E-02  -2.14442E-03  -2.22802E-02   2.70061E-03  -1.67366E-02   6.22318E-03  -8.13046E-03   7.91312E-03   1.73002E-03   7.74084E-03   1.08474E-02   6.09398E-03   1.74028E-02   3.62560E-03   2.00730E-02   1.05808E-03   1.82398E-02  -1.00601E-03   1.20513E-02  -2.21922E-03   2.32019E-03  -2.53890E-03  -9.72859E-03  -2.18014E-03  -2.28330E-02  -1.48196E-03
 8.75000E+01   2.76097E-02   3.15642E-03   3.04199E-02  -2.88062E-03   2.79177E-02  -9.26421E-03   2.07006E-02  -1.39534E-02   1.02903E-02  -1.56862E-02  -1.21687E-03  -1.44418E-02  -1.20232E-02  -1.13942E-02  -1.99880E-02  -6.67166E-03  -2.35579E-02  -1.26214E-03  -2.23052E-02   3.58543E-03  -1.67169E-02   6.92621E-03  -8.07531E-03   8.28535E-03   1.80446E-03   7.70157E-03   1.09233E-02   5.64986E-03   1.74650E-02   2.87168E-03   2.01126E-02   1.60815E-04   1.82544E-02  -1.83990E-03   1.20437E-02  -2.78077E-03   2.29600E-03  -2.65276E-03  -9.76436E-03  -1.72893E-03  -2.28775E-02  -4.11341E-04
 8.82000E+01   2.76805E-02   2.44058E-03   3.04605E-02  -3.78498E-03   2.79097E-02  -1.01972E-02   2.06427E-02  -1.47253E-02   1.01987E-02  -1.61255E-02  -1.31735E-03  -1.44463E-02  -1.21126E-02  -1.09512E-02  -2.00420E-02  -5.85450E-03  -2.35609E-02  -2.30825E-04  -2.22570E-02   4.62069E-03  -1.66318E-02   7.74971E-03  -7.97705E-03   8.72256E-03   1.89000E-03   7.65780E-03   1.09757E-02   5.13258E-03   1.74748E-02   1.99182E-03   2.00832E-02  -8.87170E-04   1.82007E-02  -2.81437E-03   1.19869E-02  -3.43744E-03   2.25738E-03  -2.78657E-03  -9.76888E-03  -1.20263E-03  -2.28400E-02   8.38637E-04
 8.88000E+01   2.76851E-02   1.83074E-03   3.04276E-02  -4.55609E-03   2.78349E-02  -1.09935E-02   2.05375E-02  -1.53848E-02   1.00878E-02  -1.65021E-02  -1.40660E-03  -1.44523E-02  -1.21626E-02  -1.05756E-02  -2.00371E-02  -5.15944E-03  -2.34981E-02   6.47513E-04  -2.21496E-02   5.50320E-03  -1.65057E-02   8.45245E-03  -7.86376E-03   9.09656E-03   1.96232E-03   7.62210E-03   1.09898E-02   4.69328E-03   1.74295E-02   1.24323E-03   1.99935E-02  -1.77944E-03   1.80943E-02  -3.64446E-03   1.18972E-02  -3.99713E-03   2.21534E-03  -2.90110E-03  -9.74099E-03  -7.54990E-04  -2.27314E-02   1.90263E-03
 8.94000E+01   2.76390E-02   1.23036E-03   3.03335E-02  -5.31622E-03   2.76987E-02  -1.17793E-02   2.03821E-02  -1.60367E-02   9.94746E-03  -1.68752E-02  -1.49877E-03  -1.44600E-02  -1.21886E-02  -1.02064E-02  -1.99859E-02  -4.47458E-03  -2.33761E-02   1.51398E-03  -2.19823E-02   6.37454E-03  -1.63315E-02   9.14695E-03  -7.72405E-03   9.46693E-03   2.03381E-03   7.58813E-03   1.09762E-02   4.26075E-03   1.73356E-02   5.05069E-04   1.98454E-02  -2.65983E-03   1.79332E-02  -4.46383E-03   1.17702E-02  -4.54988E-03   2.16517E-03  -3.01460E-03  -9.68437E-03  -3.13647E-04  -2.25537E-02   2.95234E-03
 9.01000E+01   2.75235E-02   5.49130E-04   3.01491E-02  -6.18047E-03   2.74649E-02  -1.26744E-02   2.01395E-02  -1.67804E-02   9.74793E-03  -1.73021E-02  -1.60997E-03  -1.44705E-02  -1.21899E-02  -9.78724E-03  -1.98699E-02  -3.69473E-03  -2.31617E-02   2.50185E-03  -2.17141E-02   7.36889E-03  -1.60695E-02   9.94030E-03  -7.52875E-03   9.89090E-03   2.11636E-03   7.55078E-03   1.09267E-02   3.76834E-03   1.71670E-02  -3.36571E-04   1.96014E-02  -3.66428E-03   1.76785E-02  -5.39907E-03   1.15767E-02  -5.18110E-03   2.09669E-03  -3.14462E-03  -9.58334E-03   1.89599E-04  -2.22620E-02   4.15001E-03
 9.07000E+01   2.73746E-02  -1.25731E-05   2.99307E-02  -6.89499E-03   2.72040E-02  -1.34159E-02   1.98817E-02  -1.73978E-02   9.54773E-03  -1.76575E-02  -1.70840E-03  -1.44805E-02  -1.21675E-02  -9.44033E-03  -1.97248E-02  -3.04771E-03  -2.29195E-02   3.32251E-03  -2.14251E-02   8.19575E-03  -1.57971E-02   1.06007E-02  -7.33500E-03   1.02445E-02   2.18653E-03   7.52077E-03   1.08569E-02   3.35961E-03   1.69745E-02  -1.03618E-03   1.93343E-02  -4.49974E-03   1.74060E-02  -6.17729E-03   1.13738E-02  -5.70658E-03   2.02985E-03  -3.25314E-03  -9.46830E-03   6.08025E-04  -2.19433E-02   5.14635E-03
 9.14000E+01   2.71472E-02  -6.35682E-04   2.96110E-02  -7.69041E-03   2.68342E-02  -1.42437E-02   1.95274E-02  -1.80886E-02   9.28256E-03  -1.80563E-02  -1.82673E-03  -1.44929E-02  -1.21163E-02  -9.05287E-03  -1.95066E-02  -2.32329E-03  -2.25739E-02   4.24256E-03  -2.10237E-02   9.12372E-03  -1.54276E-02   1.13426E-02  -7.08027E-03   1.06425E-02   2.26792E-03   7.48814E-03   1.07460E-02   2.90147E-03   1.66981E-02  -1.82144E-03   1.89601E-02  -5.43806E-03   1.70291E-02  -7.05168E-03   1.10971E-02  -6.29726E-03   1.94298E-03  -3.37541E-03  -9.30333E-03   1.07789E-03  -2.14973E-02   6.26567E-03
 9.21000E+01   2.68678E-02  -1.21831E-03   2.92282E-02  -8.43772E-03   2.64007E-02  -1.50241E-02   1.91207E-02  -1.87419E-02   8.98643E-03  -1.84346E-02  -1.94867E-03  -1.45058E-02  -1.20407E-02  -8.68659E-03  -1.92405E-02  -1.63667E-03  -2.21668E-02   5.11595E-03  -2.05597E-02   1.00057E-02  -1.50072E-02   1.20487E-02  -6.79731E-03   1.10220E-02   2.34904E-03   7.45813E-03   1.06064E-02   2.46635E-03   1.63709E-02  -2.56829E-03   1.85245E-02  -6.33109E-03   1.65945E-02  -7.88424E-03   1.07808E-02  -6.85992E-03   1.84733E-03  -3.49213E-03  -9.10821E-03   1.52509E-03  -2.09783E-02   7.33146E-03
 9.27000E+01   2.65919E-02  -1.68172E-03   2.88559E-02  -9.03546E-03   2.59846E-02  -1.56510E-02   1.87352E-02  -1.92683E-02   8.71070E-03  -1.87405E-02  -2.05590E-03  -1.45169E-02  -1.19590E-02  -8.39115E-03  -1.89788E-02  -1.08148E-03  -2.17744E-02   5.82327E-03  -2.01176E-02   1.07209E-02  -1.46109E-02   1.26219E-02  -6.53462E-03   1.13307E-02   2.41854E-03   7.43449E-03   1.04666E-02   2.11359E-03   1.60545E-02  -3.17459E-03   1.81075E-02  -7.05651E-03   1.61810E-02  -8.56085E-03   1.04818E-02  -7.31737E-03   1.75905E-03  -3.58718E-03  -8.91959E-03   1.88846E-03  -2.04816E-02   8.19775E-03
 9.34000E+01   2.62338E-02  -2.17703E-03   2.83773E-02  -9.67884E-03   2.54543E-02  -1.63291E-02   1.82483E-02  -1.98401E-02   8.36680E-03  -1.90739E-02  -2.18397E-03  -1.45297E-02  -1.18468E-02  -8.06955E-03  -1.86400E-02  -4.75518E-04  -2.12729E-02   6.59660E-03  -1.95570E-02   1.15039E-02  -1.41118E-02   1.32503E-02  -6.20752E-03   1.16697E-02   2.49985E-03   7.40935E-03   1.02833E-02   1.72725E-03   1.56491E-02  -3.83952E-03   1.75769E-02  -7.85263E-03   1.56569E-02  -9.30372E-03   1.01042E-02  -7.81983E-03   1.64956E-03  -3.69174E-03  -8.67786E-03   2.28741E-03  -1.98496E-02   9.14916E-03
 9.41000E+01   2.58435E-02  -2.62104E-03   2.78595E-02  -1.02611E-02   2.48840E-02  -1.69470E-02   1.77280E-02  -2.03637E-02   8.00270E-03  -1.93806E-02  -2.31500E-03  -1.45422E-02  -1.17196E-02  -7.77384E-03  -1.82709E-02   8.33526E-05  -2.07319E-02   7.31136E-03  -1.89557E-02   1.22289E-02  -1.35794E-02   1.38331E-02  -5.86137E-03   1.19849E-02   2.58165E-03   7.38679E-03   1.00816E-02   1.36925E-03   1.52106E-02  -4.45663E-03   1.70059E-02  -8.59206E-03   1.50946E-02  -9.99408E-03   9.70040E-03  -8.28698E-03   1.53403E-03  -3.78908E-03  -8.41633E-03   2.65822E-03  -1.91692E-02   1.00337E-02
 9.47000E+01   2.54888E-02  -2.95963E-03   2.73907E-02  -1.07101E-02   2.43697E-02  -1.74272E-02   1.72606E-02  -2.07731E-02   7.67748E-03  -1.96215E-02  -2.42948E-03  -1.45524E-02  -1.16014E-02  -7.54146E-03  -1.79354E-02   5.23948E-04  -2.02428E-02   7.87613E-03  -1.84140E-02   1.28028E-02  -1.31011E-02   1.42953E-02  -5.55203E-03   1.22354E-02   2.65235E-03   7.36948E-03   9.89712E-03   1.08548E-03   1.48133E-02  -4.94654E-03   1.64900E-02  -9.17955E-03   1.45875E-02  -1.05429E-02   9.33695E-03  -8.65849E-03   1.43095E-03  -3.86658E-03  -8.17922E-03   2.95309E-03  -1.85544E-02   1.07373E-02
 9.54000E+01   2.50575E-02  -3.30525E-03   2.68222E-02  -1.11751E-02   2.37472E-02  -1.79293E-02   1.66961E-02  -2.12041E-02   7.28605E-03  -1.98767E-02  -2.56538E-03  -1.45637E-02  -1.14555E-02  -7.29505E-03  -1.75270E-02   9.92820E-04  -1.96494E-02   8.47872E-03  -1.77578E-02   1.34165E-02  -1.25230E-02   1.47904E-02  -5.17921E-03   1.25044E-02   2.73576E-03   7.35157E-03   9.67141E-03   7.81494E-04   1.43302E-02  -5.47222E-03   1.58638E-02  -9.81049E-03   1.39726E-02  -1.11326E-02   8.89673E-03  -9.05791E-03   1.30678E-03  -3.94997E-03  -7.89068E-03   3.27012E-03  -1.78078E-02   1.14939E-02
 9.61000E+01   2.46137E-02  -3.59807E-03   2.62379E-02  -1.15771E-02   2.31080E-02  -1.83692E-02   1.61169E-02  -2.15854E-02   6.88506E-03  -2.01041E-02  -2.70360E-03  -1.45744E-02  -1.13041E-02  -7.07497E-03  -1.71059E-02   1.41349E-03  -1.90384E-02   9.02117E-03  -1.70827E-02   1.39704E-02  -1.19285E-02   1.52384E-02  -4.79642E-03   1.27485E-02   2.82041E-03   7.33604E-03   9.43772E-03   5.06398E-04   1.38315E-02  -5.94891E-03   1.52181E-02  -1.03832E-02   1.33387E-02  -1.16683E-02   8.44320E-03  -9.42095E-03   1.17928E-03  -4.02584E-03  -7.59254E-03   3.55833E-03  -1.70372E-02   1.21819E-02
 9.68000E+01   2.41635E-02  -3.83931E-03   2.56450E-02  -1.19176E-02   2.24592E-02  -1.87484E-02   1.55289E-02  -2.19180E-02   6.47778E-03  -2.03043E-02  -2.84394E-03  -1.45842E-02  -1.11500E-02  -6.88057E-03  -1.66774E-02   1.78709E-03  -1.84164E-02   9.50486E-03  -1.63952E-02   1.44660E-02  -1.13230E-02   1.56404E-02  -4.40645E-03   1.29683E-02   2.90653E-03   7.32278E-03   9.19923E-03   2.59490E-04   1.33227E-02  -6.37773E-03   1.45591E-02  -1.08991E-02   1.26918E-02  -1.21512E-02   7.98033E-03  -9.74839E-03   1.04926E-03  -4.09432E-03  -7.28795E-03   3.81838E-03  -1.62501E-02   1.28028E-02
 9.75000E+01   2.37123E-02  -4.03084E-03   2.50501E-02  -1.21989E-02   2.18072E-02  -1.90690E-02   1.49371E-02  -2.22037E-02   6.06717E-03  -2.04783E-02  -2.98624E-03  -1.45933E-02  -1.09959E-02  -6.71090E-03  -1.62464E-02   2.11535E-03  -1.77897E-02   9.93190E-03  -1.57015E-02   1.49052E-02  -1.07112E-02   1.59978E-02  -4.01179E-03   1.31646E-02   2.99437E-03   7.31165E-03   8.95882E-03   3.97361E-05   1.28086E-02  -6.76039E-03   1.38926E-02  -1.13601E-02   1.20372E-02  -1.25832E-02   7.51172E-03  -1.00415E-02   9.17464E-04  -4.15566E-03  -6.97973E-03   4.05127E-03  -1.54534E-02   1.33590E-02
 9.82000E+01   2.32650E-02  -4.17508E-03   2.44589E-02  -1.24237E-02   2.11580E-02  -1.93339E-02   1.43464E-02  -2.24448E-02   5.65583E-03  -2.06273E-02  -3.13039E-03  -1.46017E-02  -1.08441E-02  -6.56477E-03  -1.58172E-02   2.40042E-03  -1.71634E-02   1.03050E-02  -1.50069E-02   1.52907E-02  -1.00973E-02   1.63129E-02  -3.61466E-03   1.33384E-02   3.08414E-03   7.30251E-03   8.71902E-03  -1.54164E-04   1.22934E-02  -7.09906E-03   1.32237E-02  -1.17687E-02   1.13796E-02  -1.29665E-02   7.04052E-03  -1.03017E-02   7.84545E-04  -4.21015E-03  -6.67039E-03   4.25827E-03  -1.46529E-02   1.38533E-02
 9.89000E+01   2.28260E-02  -4.27478E-03   2.38767E-02  -1.25954E-02   2.05164E-02  -1.95464E-02   1.37605E-02  -2.26439E-02   5.24600E-03  -2.07528E-02  -3.27628E-03  -1.46095E-02  -1.06967E-02  -6.44080E-03  -1.53936E-02   2.64481E-03  -1.65425E-02   1.06272E-02  -1.43159E-02   1.56256E-02  -9.48491E-03   1.65879E-02  -3.21693E-03   1.34909E-02   3.17606E-03   7.29522E-03   8.48208E-03  -3.23701E-04   1.17810E-02  -7.39623E-03   1.25569E-02  -1.21279E-02   1.07230E-02  -1.33039E-02   6.56946E-03  -1.05310E-02   6.51053E-04  -4.25818E-03  -6.36212E-03   4.44081E-03  -1.38538E-02   1.42894E-02
 9.96000E+01   2.23988E-02  -4.33298E-03   2.33076E-02  -1.27176E-02   1.98867E-02  -1.97099E-02   1.31830E-02  -2.28037E-02   4.83957E-03  -2.08564E-02  -3.42387E-03  -1.46166E-02  -1.05554E-02  -6.33752E-03  -1.49788E-02   2.85123E-03  -1.59307E-02   1.09020E-02  -1.36325E-02   1.59132E-02  -8.87710E-03   1.68255E-02  -2.82019E-03   1.36236E-02   3.27030E-03   7.28961E-03   8.24987E-03  -4.70493E-04   1.12745E-02  -7.65461E-03   1.18958E-02  -1.24410E-02   1.00710E-02  -1.35983E-02   6.10084E-03  -1.07313E-02   5.17451E-04  -4.30012E-03  -6.05674E-03   4.60049E-03  -1.30605E-02   1.46709E-02
 1.00400E+02   2.19288E-02  -4.35276E-03   2.26780E-02  -1.28015E-02   1.91862E-02  -1.98417E-02   1.25367E-02  -2.29424E-02   4.38123E-03  -2.09502E-02  -3.59455E-03  -1.46240E-02  -1.04032E-02  -6.24282E-03  -1.45189E-02   3.04431E-03  -1.52470E-02   1.11624E-02  -1.28649E-02   1.61885E-02  -8.19126E-03   1.70548E-02  -2.36962E-03   1.37528E-02   3.38110E-03   7.28506E-03   7.99233E-03  -6.12573E-04   1.07062E-02  -7.90603E-03   1.11513E-02  -1.27464E-02   9.33489E-03  -1.38861E-02   5.57067E-03  -1.09273E-02   3.65099E-04  -4.34115E-03  -5.71322E-03   4.75710E-03  -1.21655E-02   1.50450E-02
 1.01100E+02   2.15364E-02  -4.33280E-03   2.21485E-02  -1.28305E-02   1.85930E-02  -1.99132E-02   1.19858E-02  -2.30285E-02   3.98693E-03  -2.10125E-02  -3.74568E-03  -1.46300E-02  -1.02796E-02  -6.17860E-03  -1.41312E-02   3.17901E-03  -1.46653E-02   1.13474E-02  -1.22079E-02   1.63867E-02  -7.60108E-03   1.72216E-02  -1.97897E-03   1.38477E-02   3.48094E-03   7.28250E-03   7.77527E-03  -7.16348E-04   1.02206E-02  -8.09087E-03   1.05122E-02  -1.29718E-02   8.70133E-03  -1.40988E-02   5.11317E-03  -1.10723E-02   2.32406E-04  -4.37147E-03  -5.41882E-03   4.87336E-03  -1.13957E-02   1.53227E-02
 1.01800E+02   2.11634E-02  -4.28140E-03   2.16412E-02  -1.28221E-02   1.80208E-02  -1.99477E-02   1.14504E-02  -2.30849E-02   3.59992E-03  -2.10583E-02  -3.89848E-03  -1.46355E-02  -1.01659E-02  -6.13014E-03  -1.37592E-02   3.28476E-03  -1.41011E-02   1.14961E-02  -1.15667E-02   1.65486E-02  -7.02175E-03   1.73595E-02  -1.59249E-03   1.39272E-02   3.58366E-03   7.28110E-03   7.56701E-03  -8.02730E-04   9.74753E-03  -8.24588E-03   9.88662E-03  -1.31614E-02   8.07938E-03  -1.42784E-02   4.66282E-03  -1.11949E-02   1.00502E-04  -4.39703E-03  -5.13117E-03   4.97196E-03  -1.06407E-02   1.55581E-02
 1.02600E+02   2.07630E-02  -4.18819E-03   2.10911E-02  -1.27713E-02   1.73945E-02  -1.99464E-02   1.08589E-02  -2.31169E-02   3.16739E-03  -2.10924E-02  -4.07524E-03  -1.46414E-02  -1.00491E-02  -6.09209E-03  -1.33548E-02   3.37373E-03  -1.34798E-02   1.16261E-02  -1.08550E-02   1.66936E-02  -6.37437E-03   1.74854E-02  -1.15653E-03   1.40010E-02   3.70476E-03   7.28069E-03   7.34076E-03  -8.82275E-04   9.22378E-03  -8.39003E-03   9.18999E-03  -1.33387E-02   7.38438E-03  -1.44466E-02   4.15794E-03  -1.13099E-02  -4.91020E-05  -4.42090E-03  -4.81158E-03   5.06507E-03  -9.79810E-03   1.57803E-02
 1.03300E+02   2.04363E-02  -4.07980E-03   2.06369E-02  -1.26948E-02   1.68719E-02  -1.99137E-02   1.03603E-02  -2.31195E-02   2.79798E-03  -2.11080E-02  -4.23184E-03  -1.46461E-02  -9.95901E-03  -6.07233E-03  -1.30201E-02   3.42668E-03  -1.29580E-02   1.17085E-02  -1.02519E-02   1.67892E-02  -5.82160E-03   1.75705E-02  -7.80463E-04   1.40521E-02   3.81413E-03   7.28116E-03   7.15372E-03  -9.36878E-04   8.78126E-03  -8.49023E-03   8.59755E-03  -1.34627E-02   6.79104E-03  -1.45648E-02   3.72535E-03  -1.13909E-02  -1.78918E-04  -4.43754E-03  -4.54050E-03   5.13113E-03  -9.07967E-03   1.59377E-02
 1.04000E+02   2.01326E-02  -3.94936E-03   2.02089E-02  -1.25921E-02   1.63740E-02  -1.98549E-02   9.88006E-03  -2.31011E-02   2.43728E-03  -2.11119E-02  -4.39034E-03  -1.46505E-02  -9.88062E-03  -6.06371E-03  -1.27040E-02   3.45904E-03  -1.24571E-02   1.17649E-02  -9.66777E-03   1.68586E-02  -5.28206E-03   1.76347E-02  -4.09581E-04   1.40918E-02   3.92683E-03   7.28222E-03   6.97727E-03  -9.79055E-04   8.35402E-03  -8.56884E-03   8.02168E-03  -1.35607E-02   6.21202E-03  -1.46586E-02   3.30166E-03  -1.14552E-02  -3.07692E-04  -4.45057E-03  -4.27772E-03   5.18431E-03  -8.37955E-03   1.60640E-02
 1.04800E+02   1.98140E-02  -3.77667E-03   1.97526E-02  -1.24465E-02   1.58357E-02  -1.97598E-02   9.35392E-03  -2.30578E-02   2.03585E-03  -2.11038E-02  -4.57396E-03  -1.46551E-02  -9.80575E-03  -6.06582E-03  -1.23659E-02   3.47383E-03  -1.19110E-02   1.18014E-02  -9.02390E-03   1.69097E-02  -4.68185E-03   1.76854E-02   7.91732E-06   1.41247E-02   4.05988E-03   7.28392E-03   6.78891E-03  -1.01385E-03   7.88481E-03  -8.63519E-03   7.38419E-03  -1.36443E-02   5.56809E-03  -1.47391E-02   2.82846E-03  -1.15105E-02  -4.53606E-04  -4.46145E-03  -3.98777E-03   5.23102E-03  -7.60221E-03   1.61745E-02
 1.05500E+02   1.95604E-02  -3.60768E-03   1.93822E-02  -1.22977E-02   1.53917E-02  -1.96555E-02   8.91352E-03  -2.30027E-02   1.69399E-03  -2.10870E-02  -4.73691E-03  -1.46588E-02  -9.75329E-03  -6.07675E-03  -1.20906E-02   3.46984E-03  -1.14563E-02   1.18118E-02  -8.48124E-03   1.69326E-02  -4.17097E-03   1.77120E-02   3.67775E-04   1.41438E-02   4.18015E-03   7.28561E-03   6.63584E-03  -1.03403E-03   7.49102E-03  -8.67508E-03   6.84447E-03  -1.36954E-02   5.02020E-03  -1.47887E-02   2.42400E-03  -1.15446E-02  -5.80241E-04  -4.46777E-03  -3.74317E-03   5.26096E-03  -6.94198E-03   1.62447E-02
 1.06300E+02   1.92995E-02  -3.39716E-03   1.89918E-02  -1.21068E-02   1.49150E-02  -1.95155E-02   8.43285E-03  -2.29231E-02   1.31382E-03  -2.10583E-02  -4.92594E-03  -1.46626E-02  -9.70836E-03  -6.09808E-03  -1.17995E-02   3.44863E-03  -1.09628E-02   1.18024E-02  -7.88452E-03   1.69371E-02  -3.60317E-03   1.77248E-02   7.73078E-04   1.41555E-02   4.32219E-03   7.28753E-03   6.47435E-03  -1.04699E-03   7.06000E-03  -8.70252E-03   6.24805E-03  -1.37317E-02   4.41150E-03  -1.48244E-02   1.97247E-03  -1.15691E-02  -7.23887E-04  -4.47167E-03  -3.47393E-03   5.28420E-03  -6.20988E-03   1.62982E-02
 1.07100E+02   1.90690E-02  -3.17105E-03   1.86363E-02  -1.18973E-02   1.44706E-02  -1.93569E-02   7.97591E-03  -2.28282E-02   9.44549E-04  -2.10208E-02  -5.11814E-03  -1.46659E-02  -9.67946E-03  -6.12730E-03  -1.15330E-02   3.41233E-03  -1.04970E-02   1.17735E-02  -7.31230E-03   1.69214E-02  -3.05197E-03   1.77209E-02   1.17242E-03   1.41577E-02   4.46929E-03   7.28915E-03   6.32711E-03  -1.05075E-03   6.64892E-03  -8.71314E-03   5.67287E-03  -1.37472E-02   3.82087E-03  -1.48402E-02   1.53193E-03  -1.15799E-02  -8.66531E-04  -4.47231E-03  -3.21545E-03   5.29717E-03  -5.50105E-03   1.63264E-02
 1.07800E+02   1.88921E-02  -2.96267E-03   1.83533E-02  -1.17012E-02   1.41080E-02  -1.92053E-02   7.59509E-03  -2.27348E-02   6.30012E-04  -2.09819E-02  -5.28908E-03  -1.46682E-02  -9.66727E-03  -6.15818E-03  -1.13200E-02   3.37017E-03  -1.01116E-02   1.17346E-02  -6.83112E-03   1.68935E-02  -2.58275E-03   1.77056E-02   1.51736E-03   1.41526E-02   4.60230E-03   7.29008E-03   6.20980E-03  -1.04769E-03   6.30515E-03  -8.71048E-03   5.18643E-03  -1.37458E-02   3.31829E-03  -1.48398E-02   1.15503E-03  -1.15793E-02  -9.90668E-04  -4.47041E-03  -2.99785E-03   5.30115E-03  -4.89922E-03   1.63328E-02
 1.08600E+02   1.87177E-02  -2.71479E-03   1.80614E-02  -1.14654E-02   1.37226E-02  -1.90202E-02   7.18093E-03  -2.26181E-02   2.79865E-04  -2.09316E-02  -5.48781E-03  -1.46702E-02  -9.66817E-03  -6.19834E-03  -1.10989E-02   3.31217E-03  -9.69571E-03   1.16770E-02  -6.30271E-03   1.68476E-02  -2.06068E-03   1.76762E-02   1.90694E-03   1.41395E-02   4.75937E-03   7.29030E-03   6.08868E-03  -1.03818E-03   5.92989E-03  -8.69570E-03   4.64894E-03  -1.37293E-02   2.75937E-03  -1.48247E-02   7.33489E-04  -1.15683E-02  -1.13195E-03  -4.46562E-03  -2.75858E-03   5.29836E-03  -4.23144E-03   1.63218E-02
 1.09400E+02   1.85723E-02  -2.45877E-03   1.78023E-02  -1.12196E-02   1.33674E-02  -1.88249E-02   6.78844E-03  -2.24928E-02  -6.09002E-05  -2.08758E-02  -5.69034E-03  -1.46713E-02  -9.68473E-03  -6.24247E-03  -1.09012E-02   3.24569E-03  -9.30531E-03   1.16077E-02  -5.79626E-03   1.67890E-02  -1.55288E-03   1.76357E-02   2.29219E-03   1.41193E-02   4.92201E-03   7.28932E-03   5.98105E-03  -1.02344E-03   5.57271E-03  -8.67019E-03   4.13018E-03  -1.36990E-02   2.21597E-03  -1.47960E-02   3.21070E-04  -1.15475E-02  -1.27280E-03  -4.45818E-03  -2.52894E-03   5.28877E-03  -3.58387E-03   1.62934E-02
 1.10200E+02   1.84551E-02  -2.19674E-03   1.75752E-02  -1.09663E-02   1.30414E-02  -1.86218E-02   6.41673E-03  -2.23606E-02  -3.92904E-04  -2.08156E-02  -5.89689E-03  -1.46713E-02  -9.71671E-03  -6.28940E-03  -1.07262E-02   3.17261E-03  -8.93939E-03   1.15289E-02  -5.31072E-03   1.67197E-02  -1.05837E-03   1.75854E-02   2.67374E-03   1.40927E-02   5.09039E-03   7.28678E-03   5.88655E-03  -1.00462E-03   5.23281E-03  -8.63562E-03   3.62908E-03  -1.36566E-02   1.68705E-03  -1.47552E-02  -8.29935E-05  -1.15180E-02  -1.41346E-03  -4.44822E-03  -2.30841E-03   5.27331E-03  -2.95523E-03   1.62497E-02
 1.11000E+02   1.83655E-02  -1.93063E-03   1.73789E-02  -1.07078E-02   1.27436E-02  -1.84130E-02   6.06488E-03  -2.22231E-02  -7.16786E-04  -2.07516E-02  -6.10770E-03  -1.46701E-02  -9.76389E-03  -6.33806E-03  -1.05734E-02   3.09465E-03  -8.59697E-03   1.14426E-02  -4.84495E-03   1.66415E-02  -5.76154E-04   1.75266E-02   3.05227E-03   1.40599E-02   5.26467E-03   7.28234E-03   5.80482E-03  -9.82760E-04   4.90935E-03  -8.59346E-03   3.14453E-03  -1.36037E-02   1.17149E-03  -1.47037E-02  -4.79496E-04  -1.14804E-02  -1.55415E-03  -4.43581E-03  -2.09650E-03   5.25277E-03  -2.34416E-03   1.61925E-02
 1.11800E+02   1.83026E-02  -1.66220E-03   1.72127E-02  -1.04461E-02   1.24729E-02  -1.82003E-02   5.73195E-03  -2.20818E-02  -1.03320E-03  -2.06845E-02  -6.32299E-03  -1.46674E-02  -9.82601E-03  -6.38742E-03  -1.04418E-02   3.01335E-03  -8.27702E-03   1.13504E-02  -4.39782E-03   1.65558E-02  -1.05216E-04   1.74603E-02   3.42842E-03   1.40215E-02   5.44502E-03   7.27562E-03   5.73546E-03  -9.58792E-04   4.60147E-03  -8.54499E-03   2.67542E-03  -1.35417E-02   6.68197E-04  -1.46425E-02  -8.69238E-04  -1.14355E-02  -1.69510E-03  -4.42098E-03  -1.89269E-03   5.22787E-03  -1.74933E-03   1.61232E-02
 1.12600E+02   1.82658E-02  -1.39303E-03   1.70755E-02  -1.01830E-02   1.22283E-02  -1.79854E-02   5.41699E-03  -2.19377E-02  -1.34278E-03  -2.06148E-02  -6.54296E-03  -1.46629E-02  -9.90283E-03  -6.43653E-03  -1.03310E-02   2.93011E-03  -7.97851E-03   1.12539E-02  -3.96819E-03   1.64639E-02   3.55457E-04   1.73872E-02   3.80287E-03   1.39775E-02   5.63158E-03   7.26621E-03   5.67807E-03  -9.33580E-04   4.30831E-03  -8.49130E-03   2.22062E-03  -1.34717E-02   1.76055E-04  -1.45725E-02  -1.25302E-03  -1.13838E-02  -1.83654E-03  -4.40372E-03  -1.69644E-03   5.19919E-03  -1.16936E-03   1.60431E-02
 1.13400E+02   1.82542E-02  -1.12460E-03   1.69663E-02  -9.92017E-03   1.20087E-02  -1.77699E-02   5.11909E-03  -2.17920E-02  -1.64617E-03  -2.05428E-02  -6.76784E-03  -1.46564E-02  -9.99406E-03  -6.48449E-03  -1.02401E-02   2.84622E-03  -7.70045E-03   1.11544E-02  -3.55494E-03   1.63669E-02   8.06857E-04   1.73081E-02   4.17626E-03   1.39280E-02   5.82450E-03   7.25370E-03   5.63227E-03  -9.07915E-04   4.02902E-03  -8.43338E-03   1.77902E-03  -1.33945E-02  -3.06022E-04  -1.44946E-02  -1.63161E-03  -1.13256E-02  -1.97869E-03  -4.38398E-03  -1.50724E-03   5.16724E-03  -6.02922E-04   1.59530E-02
 1.14200E+02   1.82671E-02  -8.58250E-04   1.68841E-02  -9.65908E-03   1.18132E-02  -1.75552E-02   4.83732E-03  -2.16456E-02  -1.94399E-03  -2.04689E-02  -6.99781E-03  -1.46476E-02  -1.00995E-02  -6.53043E-03  -1.01686E-02   2.76285E-03  -7.44184E-03   1.10531E-02  -3.15697E-03   1.62657E-02   1.24995E-03   1.72234E-02   4.54921E-03   1.38731E-02   6.02392E-03   7.23764E-03   5.59766E-03  -8.82529E-04   3.76278E-03  -8.37205E-03   1.34956E-03  -1.33110E-02  -7.79092E-04  -1.44092E-02  -2.00579E-03  -1.12613E-02  -2.12176E-03  -4.36168E-03  -1.32460E-03   5.13244E-03  -4.87304E-05   1.58538E-02
 1.15100E+02   1.83099E-02  -5.62676E-04   1.68229E-02  -9.36922E-03   1.16206E-02  -1.73159E-02   4.53854E-03  -2.14810E-02  -2.27312E-03  -2.03838E-02  -7.26287E-03  -1.46343E-02  -1.02347E-02  -6.57865E-03  -1.01103E-02   2.67106E-03  -7.17296E-03   1.09383E-02  -2.72622E-03   1.61480E-02   1.73966E-03   1.71218E-02   4.96900E-03   1.38047E-02   6.25619E-03   7.21476E-03   5.57163E-03  -8.55149E-04   3.47786E-03  -8.29986E-03   8.79623E-04  -1.32102E-02  -1.30179E-03  -1.43046E-02  -2.42234E-03  -1.11816E-02  -2.28407E-03  -4.33339E-03  -1.12636E-03   5.09031E-03   5.61653E-04   1.57320E-02
 1.15900E+02   1.83724E-02  -3.04861E-04   1.67952E-02  -9.11641E-03   1.14729E-02  -1.71066E-02   4.28819E-03  -2.13356E-02  -2.56104E-03  -2.03065E-02  -7.50429E-03  -1.46192E-02  -1.03694E-02  -6.61753E-03  -1.00774E-02   2.59235E-03  -6.95252E-03   1.08365E-02  -2.35727E-03   1.60404E-02   2.16814E-03   1.70261E-02   5.34295E-03   1.37377E-02   6.46982E-03   7.18958E-03   5.55956E-03  -8.32565E-04   3.23672E-03  -8.23353E-03   4.72556E-04  -1.31151E-02  -1.75904E-03  -1.42044E-02  -2.78948E-03  -1.11043E-02  -2.42975E-03  -4.30522E-03  -9.56054E-04   5.05052E-03   1.09390E-03   1.56150E-02
 1.16700E+02   1.84572E-02  -5.28397E-05   1.67918E-02  -8.86942E-03   1.13461E-02  -1.69015E-02   4.05135E-03  -2.11917E-02  -2.84515E-03  -2.02278E-02  -7.75135E-03  -1.46005E-02  -1.05174E-02  -6.65183E-03  -1.00619E-02   2.51736E-03  -6.74865E-03   1.07358E-02  -2.00045E-03   1.59307E-02   2.59107E-03   1.69256E-02   5.71822E-03   1.36647E-02   6.69028E-03   7.15928E-03   5.55752E-03  -8.12260E-04   3.00622E-03  -8.16569E-03   7.45398E-05  -1.30150E-02  -2.21028E-03  -1.40975E-02  -3.15433E-03  -1.10210E-02  -2.57693E-03  -4.27402E-03  -7.90860E-04   5.00876E-03   1.61759E-03   1.54901E-02
 1.17600E+02   1.85783E-02   2.22430E-04   1.68159E-02  -8.59994E-03   1.12276E-02  -1.66770E-02   3.80009E-03  -2.10322E-02  -3.16086E-03  -2.01375E-02  -8.03621E-03  -1.45747E-02  -1.06996E-02  -6.68394E-03  -1.00643E-02   2.43856E-03  -6.53803E-03   1.06249E-02  -1.61239E-03   1.58052E-02   3.06120E-03   1.68066E-02   6.14255E-03   1.35748E-02   6.94655E-03   7.11839E-03   5.56677E-03  -7.92857E-04   2.75877E-03  -8.08812E-03  -3.63502E-04  -1.28967E-02  -2.71182E-03  -1.39691E-02  -3.56279E-03  -1.09196E-02  -2.74450E-03  -4.23502E-03  -6.10607E-04   4.95963E-03   2.19783E-03   1.53401E-02
 1.18400E+02   1.87081E-02   4.58635E-04   1.68613E-02  -8.36905E-03   1.11427E-02  -1.64839E-02   3.58943E-03  -2.08930E-02  -3.43853E-03  -2.00556E-02  -8.29567E-03  -1.45469E-02  -1.08752E-02  -6.70585E-03  -1.00833E-02   2.37441E-03  -6.36656E-03   1.05291E-02  -1.27837E-03   1.56922E-02   3.47486E-03   1.66955E-02   6.52212E-03   1.34876E-02   7.18173E-03   7.07533E-03   5.58488E-03  -7.79283E-04   2.54863E-03  -8.01844E-03  -7.45128E-04  -1.27867E-02  -3.15305E-03  -1.38476E-02  -3.92469E-03  -1.08225E-02  -2.89536E-03  -4.19662E-03  -4.54923E-04   4.91416E-03   2.70672E-03   1.51984E-02
 1.19300E+02   1.88783E-02   7.13520E-04   1.69382E-02  -8.12037E-03   1.10690E-02  -1.62751E-02   3.36581E-03  -2.07399E-02  -3.74812E-03  -1.99617E-02  -8.59472E-03  -1.45095E-02  -1.10876E-02  -6.72200E-03  -1.01231E-02   2.30998E-03  -6.19037E-03   1.04252E-02  -9.13849E-04   1.55636E-02   3.93630E-03   1.65642E-02   6.95230E-03   1.33806E-02   7.45464E-03   7.01852E-03   5.61593E-03  -7.68845E-04   2.32245E-03  -7.93962E-03  -1.16672E-03  -1.26574E-02  -3.64519E-03  -1.37024E-02  -4.33113E-03  -1.07050E-02  -3.06738E-03  -4.14886E-03  -2.84422E-04   4.86109E-03   3.27262E-03   1.50291E-02
 1.20100E+02   1.90503E-02   9.29347E-04   1.70287E-02  -7.91029E-03   1.10222E-02  -1.60977E-02   3.17819E-03  -2.06073E-02  -4.02127E-03  -1.98763E-02  -8.86695E-03  -1.44702E-02  -1.12895E-02  -6.72788E-03  -1.01742E-02   2.26049E-03  -6.04779E-03   1.03369E-02  -5.99017E-04   1.54482E-02   4.34363E-03   1.64416E-02   7.33784E-03   1.32769E-02   7.70459E-03   6.95983E-03   5.65263E-03  -7.64450E-04   2.12986E-03  -7.86943E-03  -1.53533E-03  -1.25375E-02  -4.07957E-03  -1.35653E-02  -4.69225E-03  -1.05927E-02  -3.22241E-03  -4.10201E-03  -1.36628E-04   4.81225E-03   3.77064E-03   1.48696E-02
 1.21000E+02   1.92662E-02   1.15880E-03   1.71543E-02  -7.68759E-03   1.09893E-02  -1.59084E-02   2.97886E-03  -2.04624E-02  -4.32672E-03  -1.97779E-02  -9.18043E-03  -1.44184E-02  -1.15307E-02  -6.72390E-03  -1.02484E-02   2.21459E-03  -5.90226E-03   1.02429E-02  -2.54275E-04   1.53172E-02   4.79935E-03   1.62966E-02   7.77543E-03   1.31497E-02   7.99398E-03   6.88370E-03   5.70370E-03  -7.65678E-04   1.92200E-03  -7.79057E-03  -1.94393E-03  -1.23966E-02  -4.56548E-03  -1.34016E-02  -5.09876E-03  -1.04568E-02  -3.39929E-03  -4.04394E-03   2.57950E-05   4.75542E-03   4.32616E-03   1.46794E-02
 1.21900E+02   1.95050E-02   1.37276E-03   1.73042E-02  -7.48068E-03   1.09765E-02  -1.57310E-02   2.79115E-03  -2.03224E-02  -4.63064E-03  -1.96767E-02  -9.50152E-03  -1.43578E-02  -1.17864E-02  -6.70754E-03  -1.03397E-02   2.18016E-03  -5.77153E-03   1.01551E-02   8.13253E-05   1.51850E-02   5.25299E-03   1.61434E-02   8.21734E-03   1.30105E-02   8.29189E-03   6.79583E-03   5.76465E-03  -7.74160E-04   1.72278E-03  -7.71202E-03  -2.34679E-03  -1.22492E-02  -5.04909E-03  -1.32270E-02  -5.50593E-03  -1.03101E-02  -3.57880E-03  -3.97968E-03   1.84517E-04   4.69655E-03   4.87744E-03   1.44771E-02
 1.22800E+02   1.97656E-02   1.56983E-03   1.74772E-02  -7.29094E-03   1.09827E-02  -1.55664E-02   2.61426E-03  -2.01876E-02  -4.93338E-03  -1.95724E-02  -9.83007E-03  -1.42874E-02  -1.20561E-02  -6.67755E-03  -1.04472E-02   2.15831E-03  -5.65465E-03   1.00742E-02   4.08591E-04   1.50516E-02   5.70504E-03   1.59814E-02   8.66369E-03   1.28580E-02   8.59807E-03   6.69514E-03   5.83494E-03  -7.90638E-04   1.53154E-03  -7.63394E-03  -2.74457E-03  -1.20949E-02  -5.53089E-03  -1.30407E-02  -5.91401E-03  -1.01517E-02  -3.76093E-03  -3.90870E-03   3.39875E-04   4.63555E-03   5.42513E-03   1.42619E-02
 1.23600E+02   2.00148E-02   1.72968E-03   1.76493E-02  -7.13784E-03   1.10032E-02  -1.54317E-02   2.46550E-03  -2.00724E-02  -5.20174E-03  -1.94766E-02  -1.01282E-02  -1.42158E-02  -1.23070E-02  -6.63844E-03  -1.05556E-02   2.15037E-03  -5.56165E-03   1.00086E-02   6.93082E-04   1.49319E-02   6.10586E-03   1.58294E-02   9.06415E-03   1.27105E-02   8.87689E-03   6.59392E-03   5.90482E-03  -8.12602E-04   1.36775E-03  -7.56502E-03  -3.09432E-03  -1.19513E-02  -5.95794E-03  -1.28646E-02  -6.27763E-03  -1.00004E-02  -3.92496E-03  -3.83950E-03   4.75384E-04   4.57944E-03   5.90936E-03   1.40588E-02
 1.24500E+02   2.03138E-02   1.89097E-03   1.78626E-02  -6.98435E-03   1.10422E-02  -1.52941E-02   2.30701E-03  -1.99482E-02  -5.50300E-03  -1.93650E-02  -1.04703E-02  -1.41243E-02  -1.26012E-02  -6.57926E-03  -1.06911E-02   2.15539E-03  -5.46844E-03   9.94231E-03   1.00650E-03   1.47957E-02   6.55584E-03   1.56485E-02   9.51871E-03   1.25299E-02   9.19765E-03   6.46580E-03   5.99122E-03  -8.46224E-04   1.18994E-03  -7.48809E-03  -3.48385E-03  -1.17822E-02  -6.43717E-03  -1.26536E-02  -6.68771E-03  -9.81722E-03  -4.11174E-03  -3.75421E-03   6.25145E-04   4.51405E-03   6.45147E-03   1.38163E-02
 1.25400E+02   2.06315E-02   2.03126E-03   1.80953E-02  -6.85207E-03   1.10969E-02  -1.51721E-02   2.15723E-03  -1.98300E-02  -5.80372E-03  -1.92489E-02  -1.08189E-02  -1.40200E-02  -1.29072E-02  -6.50273E-03  -1.08400E-02   2.17627E-03  -5.38647E-03   9.88455E-03   1.31343E-03   1.46577E-02   7.00496E-03   1.54563E-02   9.97726E-03   1.23326E-02   9.52536E-03   6.32141E-03   6.08525E-03  -8.90005E-04   1.01848E-03  -7.41183E-03  -3.86949E-03  -1.16043E-02  -6.91519E-03  -1.24281E-02  -7.09870E-03  -9.61942E-03  -4.30072E-03  -3.66045E-03   7.72252E-04   4.44610E-03   6.99089E-03   1.35576E-02
 1.26300E+02   2.09666E-02   2.14910E-03   1.83462E-02  -6.74237E-03   1.11663E-02  -1.50666E-02   2.01550E-03  -1.97179E-02  -6.10397E-03  -1.91277E-02  -1.11737E-02  -1.39020E-02  -1.32241E-02  -6.40754E-03  -1.10013E-02   2.21413E-03  -5.31485E-03   9.83584E-03   1.61433E-03   1.45178E-02   7.45317E-03   1.52519E-02   1.04393E-02   1.21172E-02   9.85932E-03   6.15948E-03   6.18622E-03  -9.44695E-04   8.52884E-04  -7.33627E-03  -4.25140E-03  -1.14171E-02  -7.39186E-03  -1.21868E-02  -7.51033E-03  -9.40584E-03  -4.49159E-03  -3.55756E-03   9.16854E-04   4.37537E-03   7.52756E-03   1.32817E-02
 1.27300E+02   2.13575E-02   2.25198E-03   1.86443E-02  -6.64865E-03   1.12590E-02  -1.49700E-02   1.86665E-03  -1.96009E-02  -6.43698E-03  -1.89864E-02  -1.15743E-02  -1.37533E-02  -1.35876E-02  -6.27826E-03  -1.11935E-02   2.27749E-03  -5.24630E-03   9.79294E-03   1.94207E-03   1.43595E-02   7.94986E-03   1.50091E-02   1.09561E-02   1.18549E-02   1.02367E-02   5.95747E-03   6.30565E-03  -1.01916E-03   6.75259E-04  -7.25309E-03  -4.67138E-03  -1.11970E-02  -7.91952E-03  -1.18989E-02  -7.96787E-03  -9.14859E-03  -4.70543E-03  -3.43174E-03   1.07470E-03   4.29327E-03   8.12028E-03   1.29531E-02
 1.28200E+02   2.17245E-02   2.31777E-03   1.89283E-02  -6.59114E-03   1.13551E-02  -1.49025E-02   1.73977E-03  -1.95025E-02  -6.73602E-03  -1.88526E-02  -1.19397E-02  -1.36027E-02  -1.39238E-02  -6.13931E-03  -1.13769E-02   2.35487E-03  -5.19354E-03   9.76495E-03   2.23141E-03   1.42141E-02   8.39529E-03   1.47753E-02   1.14232E-02   1.15968E-02   1.05809E-02   5.75438E-03   6.41874E-03  -1.09932E-03   5.20710E-04  -7.17890E-03  -5.04530E-03  -1.09874E-02  -8.39207E-03  -1.16205E-02  -8.37909E-03  -8.89783E-03  -4.89896E-03  -3.30743E-03   1.21428E-03   4.21597E-03   8.64995E-03   1.26363E-02
 1.29100E+02   2.21040E-02   2.35676E-03   1.92253E-02  -6.56041E-03   1.14618E-02  -1.48543E-02   1.61894E-03  -1.94108E-02  -7.03421E-03  -1.87121E-02  -1.23088E-02  -1.34349E-02  -1.42670E-02  -5.97762E-03  -1.15686E-02   2.45266E-03  -5.14828E-03   9.74750E-03   2.51564E-03   1.40658E-02   8.83866E-03   1.45262E-02   1.18912E-02   1.13163E-02   1.09282E-02   5.52984E-03   6.53621E-03  -1.19265E-03   3.70840E-04  -7.10528E-03  -5.41507E-03  -1.07659E-02  -8.86164E-03  -1.13226E-02  -8.78891E-03  -8.62764E-03  -5.09290E-03  -3.17193E-03   1.35149E-03   4.13519E-03   9.17526E-03   1.22981E-02
 1.30000E+02   2.24941E-02   2.36761E-03   1.95335E-02  -6.55772E-03   1.15777E-02  -1.48263E-02   1.50354E-03  -1.93258E-02  -7.33122E-03  -1.85641E-02  -1.26805E-02  -1.32490E-02  -1.46158E-02  -5.79193E-03  -1.17672E-02   2.57187E-03  -5.10955E-03   9.74099E-03   2.79485E-03   1.39140E-02   9.27921E-03   1.42605E-02   1.23587E-02   1.10121E-02   1.12772E-02   5.28264E-03   6.65705E-03  -1.29985E-03   2.25352E-04  -7.03219E-03  -5.78025E-03  -1.05319E-02  -9.32726E-03  -1.10041E-02  -9.19628E-03  -8.33686E-03  -5.28659E-03  -3.02463E-03   1.48626E-03   4.05069E-03   9.69521E-03   1.19372E-02
 1.31000E+02   2.29376E-02   2.34518E-03   1.98864E-02  -6.58904E-03   1.17152E-02  -1.48196E-02   1.38096E-03  -1.92396E-02  -7.65934E-03  -1.83905E-02  -1.30950E-02  -1.30199E-02  -1.50076E-02  -5.55605E-03  -1.19938E-02   2.73060E-03  -5.07296E-03   9.74705E-03   3.09925E-03   1.37410E-02   9.76429E-03   1.39449E-02   1.28758E-02   1.06448E-02   1.16650E-02   4.98002E-03   6.79397E-03  -1.43598E-03   6.85191E-05  -6.95149E-03  -6.17990E-03  -1.02562E-02  -9.83856E-03  -1.06246E-02  -9.64450E-03  -7.98832E-03  -5.50055E-03  -2.84637E-03   1.63300E-03   3.95217E-03   1.02651E-02   1.15081E-02
 1.31900E+02   2.33432E-02   2.29274E-03   2.02110E-02  -6.64926E-03   1.18452E-02  -1.48364E-02   1.27503E-03  -1.91695E-02  -7.95238E-03  -1.82252E-02  -1.34679E-02  -1.27926E-02  -1.53621E-02  -5.31599E-03  -1.22012E-02   2.89807E-03  -5.04470E-03   9.76484E-03   3.36787E-03   1.35809E-02   1.01957E-02   1.36414E-02   1.33372E-02   1.02866E-02   1.20123E-02   4.68137E-03   6.91829E-03  -1.57446E-03  -6.85376E-05  -6.87925E-03  -6.53325E-03  -9.99331E-03  -1.02918E-02  -1.02589E-02  -1.00423E-02  -7.65063E-03  -5.69100E-03  -2.67221E-03   1.76216E-03   3.85911E-03   1.07693E-02   1.10954E-02
 1.32900E+02   2.37981E-02   2.19741E-03   2.05764E-02  -6.75291E-03   1.19941E-02  -1.48812E-02   1.16144E-03  -1.90998E-02  -8.27465E-03  -1.80312E-02  -1.38801E-02  -1.25154E-02  -1.57552E-02  -5.01723E-03  -1.24331E-02   3.11241E-03  -5.01713E-03   9.79867E-03   3.66022E-03   1.33979E-02   1.06676E-02   1.32817E-02   1.38428E-02   9.85659E-03   1.23936E-02   4.31917E-03   7.05599E-03  -1.74668E-03  -2.16513E-04  -6.79931E-03  -6.91767E-03  -9.68393E-03  -1.07855E-02  -9.82459E-03  -1.04760E-02  -7.24763E-03  -5.89900E-03  -2.46284E-03   1.90217E-03   3.75056E-03   1.13177E-02   1.06061E-02
 1.33800E+02   2.42083E-02   2.07742E-03   2.09065E-02  -6.88005E-03   1.21303E-02  -1.49454E-02   1.06223E-03  -1.90447E-02  -8.56092E-03  -1.78467E-02  -1.42472E-02  -1.22432E-02  -1.61059E-02  -4.71872E-03  -1.26406E-02   3.33141E-03  -4.99454E-03   9.84199E-03   3.91756E-03   1.32282E-02   1.10840E-02   1.29369E-02   1.42892E-02   9.43985E-03   1.27303E-02   3.96506E-03   7.17803E-03  -1.91863E-03  -3.45982E-04  -6.72759E-03  -7.25510E-03  -9.38942E-03  -1.12189E-02  -9.40767E-03  -1.08568E-02  -6.85915E-03  -6.08172E-03  -2.25971E-03   2.02469E-03   3.64807E-03   1.17984E-02   1.01371E-02
 1.34800E+02   2.46615E-02   1.90543E-03   2.12713E-02  -7.05956E-03   1.22814E-02  -1.50438E-02   9.54570E-04  -1.89917E-02  -8.87376E-03  -1.76304E-02  -1.46483E-02  -1.19147E-02  -1.64888E-02  -4.35343E-03  -1.28672E-02   3.60426E-03  -4.97043E-03   9.90460E-03   4.19669E-03   1.30339E-02   1.15353E-02   1.25298E-02   1.47724E-02   8.94303E-03   1.30943E-02   3.53968E-03   7.30965E-03  -2.12887E-03  -4.85873E-04  -6.64806E-03  -7.61897E-03  -9.04386E-03  -1.16859E-02  -8.91481E-03  -1.12666E-02  -6.39819E-03  -6.27822E-03  -2.01731E-03   2.15654E-03   3.52871E-03   1.23152E-02   9.58346E-03
 1.35800E+02   2.51080E-02   1.69239E-03   2.16300E-02  -7.27962E-03   1.24295E-02  -1.51707E-02   8.48800E-04  -1.89476E-02  -9.17987E-03  -1.74021E-02  -1.50396E-02  -1.15587E-02  -1.68611E-02  -3.95241E-03  -1.30865E-02   3.90843E-03  -4.94579E-03   9.98251E-03   4.46814E-03   1.28334E-02   1.19722E-02   1.20972E-02   1.52386E-02   8.41021E-03   1.34442E-02   3.08034E-03   7.43501E-03  -2.35946E-03  -6.21719E-04  -6.56864E-03  -7.96941E-03  -8.67871E-03  -1.21343E-02  -8.39038E-03  -1.16595E-02  -5.90600E-03  -6.46611E-03  -1.75716E-03   2.28337E-03   3.40348E-03   1.28108E-02   8.99520E-03
 1.36800E+02   2.55434E-02   1.43842E-03   2.19783E-02  -7.54012E-03   1.25718E-02  -1.53261E-02   7.44059E-04  -1.89120E-02  -9.47791E-03  -1.71615E-02  -1.54181E-02  -1.11750E-02  -1.72191E-02  -3.51569E-03  -1.32949E-02   4.24385E-03  -4.91892E-03   1.00756E-02   4.73130E-03   1.26266E-02   1.23921E-02   1.16389E-02   1.56841E-02   7.84139E-03   1.37764E-02   2.58707E-03   7.55186E-03  -2.61037E-03  -7.53616E-04  -6.48926E-03  -8.30442E-03  -8.29395E-03  -1.25610E-02  -7.83437E-03  -1.20321E-02  -5.38260E-03  -6.64347E-03  -1.47927E-03   2.40459E-03   3.27237E-03   1.32814E-02   8.37225E-03
 1.37700E+02   2.59222E-02   1.17534E-03   2.22795E-02  -7.80862E-03   1.26922E-02  -1.54898E-02   6.49968E-04  -1.88873E-02  -9.73808E-03  -1.69348E-02  -1.57452E-02  -1.08063E-02  -1.75256E-02  -3.09255E-03  -1.34705E-02   4.57205E-03  -4.89143E-03   1.01722E-02   4.96049E-03   1.24350E-02   1.27530E-02   1.12048E-02   1.60639E-02   7.29908E-03   1.40571E-02   2.11452E-03   7.64782E-03  -2.85329E-03  -8.69004E-04  -6.41783E-03  -8.59095E-03  -7.93109E-03  -1.29235E-02  -7.30730E-03  -1.23472E-02  -4.88520E-03  -6.79243E-03  -1.21420E-03   2.50839E-03   3.14940E-03   1.36804E-02   7.78234E-03
 1.38700E+02   2.63244E-02   8.45753E-04   2.25962E-02  -8.14376E-03   1.28149E-02  -1.56976E-02   5.44846E-04  -1.88677E-02  -1.00168E-02  -1.66717E-02  -1.60907E-02  -1.03714E-02  -1.78450E-02  -2.58987E-03  -1.36489E-02   4.96515E-03  -4.85562E-03   1.02933E-02   5.20596E-03   1.22163E-02   1.31325E-02   1.06991E-02   1.64587E-02   6.66371E-03   1.43450E-02   1.55857E-03   7.74206E-03  -3.14167E-03  -9.93564E-04  -6.33848E-03  -8.89064E-03  -7.51003E-03  -1.32990E-02  -6.69292E-03  -1.26715E-02  -4.30413E-03  -6.94422E-03  -9.03550E-04   2.61723E-03   3.00740E-03   1.40928E-02   7.09533E-03
 1.39700E+02   2.67026E-02   4.78619E-04   2.28899E-02  -8.51599E-03   1.29229E-02  -1.59315E-02   4.38322E-04  -1.88560E-02  -1.02833E-02  -1.63974E-02  -1.64143E-02  -9.91126E-03  -1.81384E-02  -2.05448E-03  -1.38063E-02   5.38689E-03  -4.81264E-03   1.04283E-02   5.44105E-03   1.19919E-02   1.34865E-02   1.01699E-02   1.68209E-02   5.99539E-03   1.46040E-02   9.71588E-04   7.82099E-03  -3.44862E-03  -1.11431E-03  -6.25917E-03  -9.16853E-03  -7.07104E-03  -1.36423E-02  -6.04967E-03  -1.29652E-02  -3.69455E-03  -7.07959E-03  -5.76693E-04   2.71860E-03   2.86003E-03   1.44690E-02   6.37666E-03
 1.40700E+02   2.70525E-02   7.62905E-05   2.31564E-02  -8.92303E-03   1.30132E-02  -1.61900E-02   3.29603E-04  -1.88518E-02  -1.05360E-02  -1.61128E-02  -1.67128E-02  -9.42743E-03  -1.84016E-02  -1.48848E-03  -1.39394E-02   5.83545E-03  -4.76084E-03   1.05764E-02   5.66501E-03   1.17621E-02   1.38122E-02   9.61887E-03   1.71464E-02   5.29635E-03   1.48302E-02   3.55628E-04   7.88233E-03  -3.77293E-03  -1.23126E-03  -6.17995E-03  -9.42240E-03  -6.61539E-03  -1.39500E-02  -5.37957E-03  -1.32249E-02  -3.05840E-03  -7.19651E-03  -2.34732E-04   2.81184E-03   2.70768E-03   1.48049E-02   5.62853E-03
 1.41800E+02   2.73997E-02  -4.03347E-04   2.34132E-02  -9.40749E-03   1.30889E-02  -1.65003E-02   2.06579E-04  -1.88554E-02  -1.07964E-02  -1.57891E-02  -1.70086E-02  -8.87051E-03  -1.86520E-02  -8.33796E-04  -1.40537E-02   6.35709E-03  -4.69182E-03   1.07532E-02   5.89765E-03   1.15039E-02   1.41343E-02   8.99001E-03   1.74575E-02   4.49535E-03   1.50369E-02  -3.52226E-04   7.92687E-03  -4.14790E-03  -1.35553E-03  -6.09303E-03  -9.67143E-03  -6.09689E-03  -1.42431E-02  -4.61452E-03  -1.34671E-02  -2.33098E-03  -7.30154E-03   1.57182E-04   2.90429E-03   2.53496E-03   1.51235E-02   4.77499E-03
 1.42800E+02   2.76770E-02  -8.69162E-04   2.36096E-02  -9.87751E-03   1.31334E-02  -1.68034E-02   9.08641E-05  -1.88656E-02  -1.10159E-02  -1.54866E-02  -1.72452E-02  -8.34464E-03  -1.88403E-02  -2.13018E-04  -1.41253E-02   6.85396E-03  -4.61658E-03   1.09253E-02   6.09599E-03   1.12652E-02   1.43916E-02   8.40048E-03   1.76937E-02   3.74182E-03   1.51828E-02  -1.01978E-03   7.94436E-03  -4.50334E-03  -1.46455E-03  -6.01434E-03  -9.86826E-03  -5.61202E-03  -1.44650E-02  -3.89703E-03  -1.36444E-02  -1.64788E-03  -7.37369E-03   5.25931E-04   2.97851E-03   2.37395E-03   1.53632E-02   3.97499E-03
 1.43800E+02   2.79144E-02  -1.35901E-03   2.37674E-02  -1.03715E-02   1.31524E-02  -1.71239E-02  -2.91908E-05  -1.88816E-02  -1.12178E-02  -1.51779E-02  -1.74484E-02  -7.80332E-03  -1.89880E-02   4.28199E-04  -1.41633E-02   7.36906E-03  -4.52810E-03   1.11066E-02   6.28124E-03   1.10237E-02   1.46128E-02   7.79707E-03   1.78825E-02   2.96834E-03   1.52858E-02  -1.70638E-03   7.93810E-03  -4.87042E-03  -1.56984E-03  -5.93612E-03  -1.00352E-02  -5.11671E-03  -1.46418E-02  -3.16241E-03  -1.37783E-02  -9.47707E-04  -7.42200E-03   9.04489E-04   3.04288E-03   2.20990E-03   1.55522E-02   3.15627E-03
 1.44900E+02   2.81262E-02  -1.92001E-03   2.38931E-02  -1.09372E-02   1.31417E-02  -1.74926E-02  -1.66916E-04  -1.89052E-02  -1.14185E-02  -1.48331E-02  -1.76311E-02  -7.19416E-03  -1.91006E-02   1.15202E-03  -1.41638E-02   7.95243E-03  -4.41420E-03   1.13151E-02   6.46942E-03   1.07560E-02   1.48124E-02   7.12136E-03   1.80324E-02   2.09994E-03   1.53466E-02  -2.47861E-03   7.90205E-03  -5.28477E-03  -1.68142E-03  -5.85085E-03  -1.01828E-02  -4.56299E-03  -1.47813E-02  -2.33946E-03  -1.38726E-02  -1.62592E-04  -7.44612E-03   1.32956E-03   3.10182E-03   2.02694E-03   1.56987E-02   2.23951E-03
 1.45900E+02   2.82718E-02  -2.44461E-03   2.39619E-02  -1.14665E-02   1.31016E-02  -1.78392E-02  -2.97766E-04  -1.89314E-02  -1.15810E-02  -1.45171E-02  -1.77587E-02  -6.63203E-03  -1.91557E-02   1.82177E-03  -1.41248E-02   8.49374E-03  -4.29465E-03   1.15108E-02   6.62604E-03   1.05121E-02   1.49527E-02   6.50020E-03   1.81140E-02   1.29992E-03   1.53522E-02  -3.19112E-03   7.84151E-03  -5.66823E-03  -1.77908E-03  -5.77425E-03  -1.02830E-02  -4.05468E-03  -1.48565E-02  -1.58269E-03  -1.39084E-02   5.59963E-04  -7.44060E-03   1.72120E-03   3.14432E-03   1.85931E-03   1.57741E-02   1.39678E-03
 1.47000E+02   2.83786E-02  -3.03112E-03   2.39857E-02  -1.20586E-02   1.30229E-02  -1.82284E-02  -4.48350E-04  -1.89644E-02  -1.17373E-02  -1.41691E-02  -1.78555E-02  -6.00942E-03  -1.91627E-02   2.56533E-03  -1.40373E-02   9.09615E-03  -4.14477E-03   1.17307E-02   6.78233E-03   1.02448E-02   1.50607E-02   5.81422E-03   1.81422E-02   4.14764E-04   1.53023E-02  -3.98043E-03   7.74347E-03  -6.09408E-03  -1.88249E-03  -5.69126E-03  -1.03554E-02  -3.49390E-03  -1.48812E-02  -7.46609E-04  -1.38917E-02   1.35876E-03  -7.40361E-03   2.15457E-03   3.17871E-03   1.67467E-03   1.57922E-02   4.66011E-04
 1.48000E+02   2.84267E-02  -3.56691E-03   2.39597E-02  -1.26003E-02   1.29195E-02  -1.85858E-02  -5.91562E-04  -1.89974E-02  -1.18590E-02  -1.38546E-02  -1.79037E-02  -5.44400E-03  -1.91201E-02   3.24202E-03  -1.39166E-02   9.64551E-03  -3.99144E-03   1.19329E-02   6.91003E-03   1.00041E-02   1.51168E-02   5.19249E-03   1.81117E-02  -3.88714E-04   1.52055E-02  -4.69765E-03   7.62537E-03  -6.48180E-03  -1.97302E-03  -5.61722E-03  -1.03865E-02  -2.98603E-03  -1.48506E-02   1.14512E-05  -1.38251E-02   2.08339E-03  -7.34163E-03   2.54799E-03   3.19873E-03   1.50766E-03   1.57493E-02  -3.77697E-04
 1.49100E+02   2.84263E-02  -4.15236E-03   2.38792E-02  -1.31933E-02   1.27708E-02  -1.89784E-02  -7.56222E-04  -1.90360E-02  -1.19709E-02  -1.35134E-02  -1.79134E-02  -4.82774E-03  -1.90196E-02   3.98091E-03  -1.37388E-02   1.02464E-02  -3.80386E-03   1.21555E-02   7.03506E-03   9.74335E-03   1.51327E-02   4.51564E-03   1.80168E-02  -1.26453E-03   1.50428E-02  -5.48010E-03   7.46368E-03  -6.90542E-03  -2.06899E-03  -5.53759E-03  -1.03833E-02  -2.43339E-03  -1.47593E-02   8.37066E-04  -1.36958E-02   2.87291E-03  -7.24247E-03   2.97688E-03   3.20856E-03   1.32610E-03   1.56376E-02  -1.29641E-03
 1.50200E+02   2.83716E-02  -4.72678E-03   2.37455E-02  -1.37765E-02   1.25862E-02  -1.93660E-02  -9.28401E-04  -1.90761E-02  -1.20605E-02  -1.31797E-02  -1.78791E-02  -4.22261E-03  -1.88644E-02   4.70775E-03  -1.35148E-02   1.08385E-02  -3.59670E-03   1.23760E-02   7.14462E-03   9.48854E-03   1.51020E-02   3.85122E-03   1.78592E-02  -2.12517E-03   1.48227E-02  -6.24949E-03   7.26932E-03  -7.32247E-03  -2.16149E-03  -5.46013E-03  -1.03417E-02  -1.89100E-03  -1.46089E-02   1.64789E-03  -1.35093E-02   3.64849E-03  -7.11156E-03   3.39836E-03   3.20601E-03   1.14803E-03   1.54598E-02  -2.19853E-03
 1.51200E+02   2.82768E-02  -5.23376E-03   2.35799E-02  -1.42929E-02   1.23886E-02  -1.97103E-02  -1.09139E-03  -1.91131E-02  -1.21238E-02  -1.28850E-02  -1.78114E-02  -3.68634E-03  -1.86779E-02   5.35285E-03  -1.32727E-02   1.13647E-02  -3.39185E-03   1.25727E-02   7.23157E-03   9.26333E-03   1.50355E-02   3.26213E-03   1.76639E-02  -2.88882E-03   1.45745E-02  -6.93250E-03   7.06525E-03  -7.69296E-03  -2.24284E-03  -5.39181E-03  -1.02722E-02  -1.41006E-03  -1.44230E-02   2.36712E-03  -1.32918E-02   4.33656E-03  -6.96602E-03   3.77236E-03   3.19341E-03   9.90189E-04   1.52433E-02  -2.99864E-03
 1.52300E+02   2.81264E-02  -5.76903E-03   2.33524E-02  -1.48401E-02   1.21403E-02  -2.00765E-02  -1.27760E-03  -1.91534E-02  -1.21748E-02  -1.25723E-02  -1.76993E-02  -3.11591E-03  -1.84256E-02   6.03998E-03  -1.29663E-02   1.19258E-02  -3.14911E-03   1.27831E-02   7.31442E-03   9.02397E-03   1.49224E-02   2.63470E-03   1.73951E-02  -3.70261E-03   1.42517E-02  -7.66054E-03   6.81214E-03  -8.08800E-03  -2.32969E-03  -5.31918E-03  -1.01629E-02  -8.97642E-04  -1.41676E-02   3.13351E-03  -1.30029E-02   5.06978E-03  -6.77826E-03   4.17091E-03   3.16892E-03   8.22036E-04   1.49478E-02  -3.85117E-03
 1.53400E+02   2.79317E-02  -6.27557E-03   2.30813E-02  -1.53605E-02   1.18621E-02  -2.04262E-02  -1.47079E-03  -1.91926E-02  -1.22081E-02  -1.22737E-02  -1.75512E-02  -2.56978E-03  -1.81279E-02   6.69873E-03  -1.26210E-02   1.24643E-02  -2.88921E-03   1.29853E-02   7.38516E-03   8.79458E-03   1.47709E-02   2.03263E-03   1.70739E-02  -4.48373E-03   1.38802E-02  -8.35941E-03   6.53099E-03  -8.46719E-03  -2.41418E-03  -5.24937E-03  -1.00217E-02  -4.05636E-04  -1.38624E-02   3.86927E-03  -1.26654E-02   5.77361E-03  -6.56347E-03   4.55342E-03   3.13415E-03   6.60552E-04   1.45967E-02  -4.66956E-03
 1.54500E+02   2.76978E-02  -6.74881E-03   2.27713E-02  -1.58496E-02   1.15569E-02  -2.07563E-02  -1.67058E-03  -1.92300E-02  -1.22261E-02  -1.19909E-02  -1.73708E-02  -2.05134E-03  -1.77892E-02   7.32486E-03  -1.22403E-02   1.29765E-02  -2.61345E-03   1.31777E-02   7.44531E-03   8.57615E-03   1.45848E-02   1.45927E-03   1.67051E-02  -5.22763E-03   1.34644E-02  -9.02491E-03   6.22412E-03  -8.82806E-03  -2.49678E-03  -5.18250E-03  -9.85159E-03   6.33301E-05  -1.35121E-02   4.57027E-03  -1.22837E-02   6.44400E-03  -6.32394E-03   4.91763E-03   3.09007E-03   5.06554E-04   1.41948E-02  -5.44925E-03
 1.55700E+02   2.74042E-02  -7.22278E-03   2.23946E-02  -1.63433E-02   1.11969E-02  -2.10913E-02  -1.89555E-03  -1.92680E-02  -1.22307E-02  -1.17019E-02  -1.71422E-02  -1.52051E-03  -1.73787E-02   7.96670E-03  -1.17893E-02   1.35019E-02  -2.29623E-03   1.33749E-02   7.50077E-03   8.35126E-03   1.43472E-02   8.69617E-04   1.62551E-02  -5.99244E-03   1.29659E-02  -9.70884E-03   5.86298E-03  -9.19850E-03  -2.58528E-03  -5.11299E-03  -9.63702E-03   5.46201E-04  -1.30841E-02   5.29145E-03  -1.18222E-02   7.13338E-03  -6.03738E-03   5.29191E-03   3.03261E-03   3.47855E-04   1.37047E-02  -6.25137E-03
 1.56800E+02   2.71059E-02  -7.61561E-03   2.20199E-02  -1.67565E-02   1.08459E-02  -2.13734E-02  -2.10771E-03  -1.92998E-02  -1.22239E-02  -1.14558E-02  -1.69081E-02  -1.06789E-03  -1.69705E-02   8.51459E-03  -1.13476E-02   1.39506E-02  -1.99208E-03   1.35429E-02   7.54408E-03   8.15795E-03   1.41025E-02   3.64031E-04   1.58047E-02  -6.64779E-03   1.24731E-02  -1.02945E-02   5.51066E-03  -9.51513E-03  -2.66545E-03  -5.05245E-03  -9.41737E-03   9.60844E-04  -1.26552E-02   5.90995E-03  -1.13632E-02   7.72422E-03  -5.75436E-03   5.61239E-03   2.97252E-03   2.11414E-04   1.32141E-02  -6.93925E-03
 1.57900E+02   2.67856E-02  -7.96680E-03   2.16226E-02  -1.71302E-02   1.04783E-02  -2.16302E-02  -2.32504E-03  -1.93283E-02  -1.22090E-02  -1.12283E-02  -1.66550E-02  -6.49058E-04  -1.65370E-02   9.02205E-03  -1.08832E-02   1.43662E-02  -1.67673E-03   1.36980E-02   7.58196E-03   7.97720E-03   1.38365E-02  -1.06876E-04   1.53239E-02  -7.25755E-03   1.19512E-02  -1.08388E-02   5.14078E-03  -9.80871E-03  -2.74520E-03  -4.99490E-03  -9.17932E-03   1.34769E-03  -1.21967E-02   6.48604E-03  -1.08747E-02   8.27404E-03  -5.45465E-03   5.91026E-03   2.90650E-03   8.39263E-05   1.26898E-02  -7.57992E-03
 1.59100E+02   2.64179E-02  -8.30143E-03   2.11697E-02  -1.74918E-02   1.00625E-02  -2.18808E-02  -2.56747E-03  -1.93551E-02  -1.21864E-02  -1.10015E-02  -1.63626E-02  -2.31380E-04  -1.60415E-02   9.52855E-03  -1.03555E-02   1.47810E-02  -1.32178E-03   1.38517E-02   7.61902E-03   7.79437E-03   1.35273E-02  -5.80380E-04   1.47715E-02  -7.86969E-03   1.13546E-02  -1.13844E-02   4.72039E-03  -1.01019E-02  -2.83229E-03  -4.93543E-03  -8.90263E-03   1.73744E-03  -1.16686E-02   7.06511E-03  -1.03138E-02   8.82602E-03  -5.11173E-03   6.20878E-03   2.82897E-03  -4.47797E-05   1.20860E-02  -8.22382E-03
 1.60200E+02   2.60699E-02  -8.56368E-03   2.07423E-02  -1.77810E-02   9.67115E-03  -2.20833E-02  -2.79409E-03  -1.93757E-02  -1.21625E-02  -1.08131E-02  -1.60839E-02   1.15565E-04  -1.55718E-02   9.94954E-03  -9.85682E-03   1.51255E-02  -9.87965E-04   1.39782E-02   7.65083E-03   7.63975E-03   1.32308E-02  -9.77599E-04   1.42451E-02  -8.38203E-03   1.07876E-02  -1.18401E-02   4.32231E-03  -1.03457E-02  -2.91268E-03  -4.88379E-03  -8.63691E-03   2.06513E-03  -1.11642E-02   7.55048E-03  -9.77914E-03   9.28792E-03  -4.78545E-03   6.45803E-03   2.75400E-03  -1.53262E-04   1.15091E-02  -8.76342E-03
 1.61400E+02   2.56846E-02  -8.80206E-03   2.02686E-02  -1.80509E-02   9.23699E-03  -2.22746E-02  -3.04560E-03  -1.93936E-02  -1.21353E-02  -1.06282E-02  -1.57732E-02   4.55546E-04  -1.50482E-02   1.03622E-02  -9.30089E-03   1.54628E-02  -6.16265E-04   1.41005E-02   7.68499E-03   7.48478E-03   1.28979E-02  -1.37144E-03   1.36553E-02  -8.88843E-03   1.01528E-02  -1.22893E-02   3.87707E-03  -1.05844E-02  -3.00153E-03  -4.83036E-03  -8.33756E-03   2.39082E-03  -1.05973E-02   8.03097E-03  -9.17861E-03   9.74419E-03  -4.41935E-03   6.70352E-03   2.66914E-03  -2.61413E-04   1.08601E-02  -9.29740E-03
 1.62500E+02   2.53312E-02  -8.97823E-03   1.98322E-02  -1.82579E-02   8.83539E-03  -2.24238E-02  -3.27968E-03  -1.94058E-02  -1.21118E-02  -1.04771E-02  -1.54861E-02   7.33011E-04  -1.45625E-02   1.06990E-02  -8.78406E-03   1.57375E-02  -2.69975E-04   1.41983E-02   7.71731E-03   7.35470E-03   1.25880E-02  -1.69736E-03   1.31053E-02  -9.30573E-03   9.56021E-03  -1.26579E-02   3.46122E-03  -1.07787E-02  -3.08445E-03  -4.78378E-03  -8.05749E-03   2.66103E-03  -1.00668E-02   8.42755E-03  -8.61660E-03   1.01197E-02  -4.07675E-03   6.90479E-03   2.58951E-03  -3.51477E-04   1.02523E-02  -9.73789E-03
 1.63700E+02   2.49507E-02  -9.12640E-03   1.93587E-02  -1.84415E-02   8.39638E-03  -2.25589E-02  -3.53849E-03  -1.94145E-02  -1.20897E-02  -1.03310E-02  -1.51744E-02   1.00010E-03  -1.40310E-02   1.10230E-02  -8.21605E-03   1.60009E-02   1.12525E-04   1.42897E-02   7.75521E-03   7.22507E-03   1.22486E-02  -2.01628E-03   1.25000E-02  -9.71175E-03   8.90659E-03  -1.30148E-02   3.00152E-03  -1.09647E-02  -3.17698E-03  -4.73528E-03  -7.74880E-03   2.92613E-03  -9.48082E-03   8.81404E-03  -7.99521E-03   1.04843E-02  -3.69768E-03   7.09924E-03   2.50161E-03  -4.40235E-04   9.57993E-03  -1.01668E-02
 1.64900E+02   2.45801E-02  -9.23137E-03   1.88924E-02  -1.85837E-02   7.95925E-03  -2.26668E-02  -3.80057E-03  -1.94185E-02  -1.20734E-02  -1.02032E-02  -1.48678E-02   1.23218E-03  -1.35021E-02   1.13041E-02  -7.64704E-03   1.62282E-02   4.98754E-04   1.43658E-02   7.79729E-03   7.10726E-03   1.19115E-02  -2.29908E-03   1.18940E-02  -1.00689E-02   8.24950E-03  -1.33264E-02   2.53765E-03  -1.11246E-02  -3.27209E-03  -4.68880E-03  -7.43964E-03   3.16184E-03  -8.89141E-03   9.15455E-03  -7.36912E-03   1.08039E-02  -3.31518E-03   7.26852E-03   2.41353E-03  -5.19601E-04   8.90251E-03  -1.05442E-02
 1.66100E+02   2.42238E-02  -9.29636E-03   1.84372E-02  -1.86873E-02   7.52646E-03  -2.27492E-02  -4.06564E-03  -1.94177E-02  -1.20649E-02  -1.00923E-02  -1.45696E-02   1.43173E-03  -1.29796E-02   1.15449E-02  -7.07999E-03   1.64214E-02   8.87670E-04   1.44270E-02   7.84485E-03   7.00016E-03   1.15799E-02  -2.54819E-03   1.12911E-02  -1.03802E-02   7.59251E-03  -1.35952E-02   2.07149E-03  -1.12594E-02  -3.37019E-03  -4.64393E-03  -7.13249E-03   3.36995E-03  -8.30222E-03   9.45162E-03  -6.74179E-03   1.10809E-02  -2.93111E-03   7.41382E-03   2.32608E-03  -5.90165E-04   8.22402E-03  -1.08728E-02
 1.67300E+02   2.38851E-02  -9.32482E-03   1.79964E-02  -1.87556E-02   7.10008E-03  -2.28080E-02  -4.33348E-03  -1.94123E-02  -1.20656E-02  -9.99666E-03  -1.42826E-02   1.60140E-03  -1.24665E-02   1.17486E-02  -6.51737E-03   1.65829E-02   1.27843E-03   1.44740E-02   7.89900E-03   6.90259E-03   1.12564E-02  -2.76619E-03   1.06948E-02  -1.06486E-02   6.93856E-03  -1.38239E-02   1.60458E-03  -1.13706E-02  -3.47162E-03  -4.60021E-03  -6.82942E-03   3.55242E-03  -7.71630E-03   9.70796E-03  -6.11609E-03   1.13176E-02  -2.54703E-03   7.53644E-03   2.23994E-03  -6.52560E-04   7.54781E-03  -1.11556E-02
 1.68500E+02   2.35671E-02  -9.32033E-03   1.75727E-02  -1.87918E-02   6.68177E-03  -2.28453E-02  -4.60397E-03  -1.94023E-02  -1.20769E-02  -9.91449E-03  -1.40089E-02   1.74395E-03  -1.19656E-02   1.19182E-02  -5.96118E-03   1.67148E-02   1.67038E-03   1.45075E-02   7.96068E-03   6.81329E-03   1.09435E-02  -2.95580E-03   1.01080E-02  -1.08774E-02   6.29009E-03  -1.40150E-02   1.13817E-03  -1.14594E-02  -3.57670E-03  -4.55719E-03  -6.53218E-03   3.71125E-03  -7.13615E-03   9.92637E-03  -5.49439E-03   1.15167E-02  -2.16418E-03   7.63772E-03   2.15567E-03  -7.07437E-04   6.87662E-03  -1.13954E-02
 1.69700E+02   2.32722E-02  -9.28654E-03   1.71684E-02  -1.87994E-02   6.27287E-03  -2.28629E-02  -4.87701E-03  -1.93879E-02  -1.20999E-02  -9.84414E-03  -1.37505E-02   1.86218E-03  -1.14788E-02   1.20567E-02  -5.41298E-03   1.68195E-02   2.06303E-03   1.45281E-02   8.03067E-03   6.73102E-03   1.06427E-02  -3.11971E-03   9.53274E-03  -1.10699E-02   5.64897E-03  -1.41714E-02   6.73221E-04  -1.15270E-02  -3.68569E-03  -4.51438E-03  -6.24213E-03   3.84844E-03  -6.56376E-03   1.01096E-02  -4.87855E-03   1.16808E-02  -1.78357E-03   7.71898E-03   2.07372E-03  -7.55453E-04   6.21263E-03  -1.15954E-02
 1.70900E+02   2.30021E-02  -9.22707E-03   1.67850E-02  -1.87815E-02   5.87437E-03  -2.28628E-02  -5.15260E-03  -1.93690E-02  -1.21354E-02  -9.78387E-03  -1.35086E-02   1.95886E-03  -1.10076E-02   1.21672E-02  -4.87398E-03   1.68993E-02   2.45604E-03   1.45363E-02   8.10961E-03   6.65449E-03   1.03556E-02  -3.26062E-03   8.97082E-03  -1.12293E-02   5.01666E-03  -1.42955E-02   2.10454E-04  -1.15748E-02  -3.79882E-03  -4.47126E-03  -5.96034E-03   3.96599E-03  -6.00066E-03   1.02605E-02  -4.26999E-03   1.18123E-02  -1.40593E-03   7.78149E-03   1.99443E-03  -7.97255E-04   5.55751E-03  -1.17585E-02
 1.72200E+02   2.27392E-02  -9.13779E-03   1.63949E-02  -1.87372E-02   5.45522E-03  -2.28451E-02  -5.45402E-03  -1.93435E-02  -1.21888E-02  -9.72798E-03  -1.32666E-02   2.04243E-03  -1.05164E-02   1.22589E-02  -4.30140E-03   1.69601E-02   2.88195E-03   1.45319E-02   8.20582E-03   6.57657E-03   1.00612E-02  -3.39035E-03   8.37855E-03  -1.13680E-02   4.34280E-03  -1.43966E-02  -2.87839E-04  -1.16054E-02  -3.92628E-03  -4.42362E-03  -5.66533E-03   4.07337E-03  -5.40241E-03   1.03904E-02  -3.62012E-03   1.19207E-02  -1.00080E-03   7.82944E-03   1.91187E-03  -8.36255E-04   4.85920E-03  -1.18966E-02
 1.73400E+02   2.25249E-02  -9.03611E-03   1.60589E-02  -1.86767E-02   5.08041E-03  -2.28142E-02  -5.73496E-03  -1.93153E-02  -1.22524E-02  -9.68327E-03  -1.30624E-02   2.10282E-03  -1.00813E-02   1.23206E-02  -3.78393E-03   1.69947E-02   3.27513E-03   1.45161E-02   8.30488E-03   6.50792E-03   9.80552E-03  -3.49164E-03   7.84797E-03  -1.14678E-02   3.73180E-03  -1.44614E-02  -7.44661E-04  -1.16152E-02  -4.04862E-03  -4.37823E-03  -5.40308E-03   4.15603E-03  -4.86186E-03   1.04820E-02  -3.02968E-03   1.19917E-02  -6.30893E-04   7.85662E-03   1.83892E-03  -8.67094E-04   4.22603E-03  -1.19914E-02
 1.74700E+02   2.23242E-02  -8.90899E-03   1.57216E-02  -1.85933E-02   4.68777E-03  -2.27671E-02  -6.04233E-03  -1.92796E-02  -1.23373E-02  -9.64035E-03  -1.28625E-02   2.15308E-03  -9.63058E-03   1.23658E-02  -3.23567E-03   1.70111E-02   3.70109E-03   1.44867E-02   8.42364E-03   6.43561E-03   9.54656E-03  -3.58422E-03   7.29124E-03  -1.15487E-02   3.08230E-03  -1.45035E-02  -1.23596E-03  -1.16069E-02  -4.18637E-03  -4.32686E-03  -5.13029E-03   4.22978E-03  -4.28949E-03   1.05531E-02  -2.40074E-03   1.20396E-02  -2.34799E-04   7.86875E-03   1.76358E-03  -8.95586E-04   3.55309E-03  -1.20614E-02
 1.75900E+02   2.21684E-02  -8.77936E-03   1.54352E-02  -1.85029E-02   4.33780E-03  -2.27127E-02  -6.32893E-03  -1.92418E-02  -1.24305E-02  -9.60412E-03  -1.26981E-02   2.18802E-03  -9.23368E-03   1.23902E-02  -2.74108E-03   1.70086E-02   4.09434E-03   1.44484E-02   8.54401E-03   6.36944E-03   9.32441E-03  -3.65626E-03   6.79428E-03  -1.16009E-02   2.49439E-03  -1.45183E-02  -1.68610E-03  -1.15827E-02  -4.31842E-03  -4.27684E-03  -4.88911E-03   4.28499E-03  -3.77357E-03   1.05952E-02  -1.83026E-03   1.20588E-02   1.26456E-04   7.86489E-03   1.69750E-03  -9.17915E-04   2.94415E-03  -1.20982E-02
 1.77200E+02   2.20314E-02  -8.62911E-03   1.51518E-02  -1.83935E-02   3.97207E-03  -2.26435E-02  -6.64266E-03  -1.91954E-02  -1.25478E-02  -9.56671E-03  -1.25416E-02   2.21614E-03  -8.82446E-03   1.24006E-02  -2.21762E-03   1.69886E-02   4.52054E-03   1.43951E-02   8.68614E-03   6.29697E-03   9.10208E-03  -3.72228E-03   6.27423E-03  -1.16357E-02   1.87004E-03  -1.45104E-02  -2.17017E-03  -1.15393E-02  -4.46683E-03  -4.21917E-03  -4.63941E-03   4.33262E-03  -3.22814E-03   1.06173E-02  -1.22317E-03   1.20545E-02   5.13090E-04   7.84525E-03   1.62969E-03  -9.38387E-04   2.29774E-03  -1.21101E-02
 1.78500E+02   2.19273E-02  -8.47213E-03   1.48963E-02  -1.82752E-02   3.62006E-03  -2.25655E-02  -6.95986E-03  -1.91430E-02  -1.26819E-02  -9.52938E-03  -1.24076E-02   2.23675E-03  -8.43654E-03   1.23969E-02  -1.70675E-03   1.69523E-02   4.94708E-03   1.43297E-02   8.84046E-03   6.22222E-03   8.89866E-03  -3.77825E-03   5.77302E-03  -1.16505E-02   1.25852E-03  -1.44794E-02  -2.65065E-03  -1.14785E-02  -4.62084E-03  -4.15715E-03  -4.40162E-03   4.36925E-03  -2.69655E-03   1.06170E-02  -6.27273E-04   1.20257E-02   8.94903E-04   7.81032E-03   1.56578E-03  -9.55554E-04   1.66499E-03  -1.20951E-02
 1.79800E+02   2.18556E-02  -8.31176E-03   1.46680E-02  -1.81510E-02   3.28141E-03  -2.24799E-02  -7.28066E-03  -1.90843E-02  -1.28327E-02  -9.49028E-03  -1.22956E-02   2.25235E-03  -8.06949E-03   1.23817E-02  -1.20811E-03   1.69012E-02   5.37412E-03   1.42521E-02   9.00687E-03   6.14371E-03   8.71384E-03  -3.82650E-03   5.29022E-03  -1.16476E-02   6.59472E-04  -1.44270E-02  -3.12774E-03  -1.14008E-02  -4.78039E-03  -4.09006E-03  -4.17552E-03   4.39645E-03  -2.17850E-03   1.05962E-02  -4.22782E-05   1.19740E-02   1.27205E-03   7.76069E-03   1.50571E-03  -9.69946E-04   1.04556E-03  -1.20549E-02
 1.81100E+02   2.18156E-02  -8.15114E-03   1.44664E-02  -1.80235E-02   2.95569E-03  -2.23881E-02  -7.60512E-03  -1.90188E-02  -1.30000E-02  -9.44765E-03  -1.22051E-02   2.26531E-03  -7.72270E-03   1.23571E-02  -7.21205E-04   1.68365E-02   5.80182E-03   1.41621E-02   9.18516E-03   6.05999E-03   8.54713E-03  -3.86919E-03   4.82528E-03  -1.16293E-02   7.24334E-05  -1.43544E-02  -3.60163E-03  -1.13065E-02  -4.94541E-03  -4.01711E-03  -3.96080E-03   4.41562E-03  -1.67355E-03   1.05565E-02   5.32184E-04   1.19003E-02   1.64471E-03   7.69682E-03   1.44938E-03  -9.82044E-04   4.39039E-04  -1.19910E-02
 1.82400E+02   2.18064E-02  -7.99321E-03   1.42905E-02  -1.78951E-02   2.64239E-03  -2.22913E-02  -7.93329E-03  -1.89462E-02  -1.31833E-02  -9.39977E-03  -1.21355E-02   2.27781E-03  -7.39547E-03   1.23253E-02  -2.45536E-04   1.67594E-02   6.23030E-03   1.40596E-02   9.37505E-03   5.96963E-03   8.39794E-03  -3.90831E-03   4.37753E-03  -1.15971E-02  -5.03090E-04  -1.42627E-02  -4.07251E-03  -1.11956E-02  -5.11575E-03  -3.93754E-03  -3.75705E-03   4.42805E-03  -1.18122E-03   1.04990E-02   1.09652E-03   1.18058E-02   2.01306E-03   7.61901E-03   1.39666E-03  -9.92288E-04  -1.55050E-04  -1.19047E-02
 1.83700E+02   2.18270E-02  -7.84075E-03   1.41395E-02  -1.77682E-02   2.34096E-03  -2.21906E-02  -8.26518E-03  -1.88659E-02  -1.33822E-02  -9.34496E-03  -1.20861E-02   2.29193E-03  -7.08699E-03   1.22879E-02   2.19442E-04   1.66707E-02   6.65964E-03   1.39440E-02   9.57613E-03   5.87123E-03   8.26560E-03  -3.94572E-03   3.94626E-03  -1.15529E-02  -1.06761E-03  -1.41529E-02  -4.54054E-03  -1.10682E-02  -5.29121E-03  -3.85055E-03  -3.56384E-03   4.43487E-03  -7.01003E-04   1.04249E-02   1.65113E-03   1.16911E-02   2.37727E-03   7.52743E-03   1.34741E-03  -1.00108E-03  -7.37185E-04  -1.17969E-02
 1.85000E+02   2.18762E-02  -7.69639E-03   1.40123E-02  -1.76450E-02   2.05083E-03  -2.20867E-02  -8.60072E-03  -1.87773E-02  -1.35960E-02  -9.28158E-03  -1.20559E-02   2.30961E-03  -6.79640E-03   1.22466E-02   6.74267E-04   1.65711E-02   7.08985E-03   1.38151E-02   9.78792E-03   5.76339E-03   8.14933E-03  -3.98312E-03   3.53071E-03  -1.14980E-02  -1.62160E-03  -1.40255E-02  -5.00580E-03  -1.09240E-02  -5.47151E-03  -3.75533E-03  -3.38067E-03   4.43709E-03  -2.32390E-04   1.03350E-02   2.19638E-03   1.15566E-02   2.73747E-03   7.42212E-03   1.30146E-03  -1.00877E-03  -1.30782E-03  -1.16683E-02
 1.86300E+02   2.19528E-02  -7.56261E-03   1.39078E-02  -1.75273E-02   1.77142E-03  -2.19805E-02  -8.93981E-03  -1.86798E-02  -1.38242E-02  -9.20806E-03  -1.20441E-02   2.33267E-03  -6.52280E-03   1.22030E-02   1.11945E-03   1.64612E-02   7.52087E-03   1.36721E-02   1.00098E-02   5.64473E-03   8.04829E-03  -4.02212E-03   3.13011E-03  -1.14335E-02  -2.16551E-03  -1.38810E-02  -5.46832E-03  -1.07626E-02  -5.65631E-03  -3.65106E-03  -3.20705E-03   4.43564E-03   2.25096E-04   1.02300E-02   2.73257E-03   1.14027E-02   3.09373E-03   7.30299E-03   1.25865E-03  -1.01571E-03  -1.86736E-03  -1.15193E-02
 1.87700E+02   2.20641E-02  -7.43303E-03   1.38192E-02  -1.74088E-02   1.48181E-03  -2.18643E-02  -9.30872E-03  -1.85642E-02  -1.40849E-02  -9.11575E-03  -1.20507E-02   2.36547E-03  -6.24607E-03   1.21548E-02   1.58865E-03   1.63318E-02   7.98574E-03   1.35016E-02   1.02593E-02   5.50330E-03   7.95546E-03  -4.06758E-03   2.71454E-03  -1.13545E-02  -2.74039E-03  -1.37065E-02  -5.96322E-03  -1.05691E-02  -5.85989E-03  -3.52769E-03  -3.03014E-03   4.43089E-03   7.05815E-04   1.01007E-02   3.30012E-03   1.12153E-02   3.47296E-03   7.15903E-03   1.21585E-03  -1.02266E-03  -2.45788E-03  -1.13366E-02
 1.89000E+02   2.21927E-02  -7.32853E-03   1.37579E-02  -1.73084E-02   1.22278E-03  -2.17553E-02  -9.65445E-03  -1.84461E-02  -1.43400E-02  -9.01623E-03  -1.20736E-02   2.40506E-03  -6.00472E-03   1.21103E-02   2.01528E-03   1.62017E-02   8.41778E-03   1.33274E-02   1.04999E-02   5.35787E-03   7.88307E-03  -4.11447E-03   2.34259E-03  -1.12733E-02  -3.26439E-03  -1.35271E-02  -6.41959E-03  -1.03706E-02  -6.05261E-03  -3.40196E-03  -2.87464E-03   4.42428E-03   1.14147E-03   9.96578E-03   3.81807E-03   1.10212E-02   3.82090E-03   7.01054E-03   1.17896E-03  -1.02892E-03  -2.99526E-03  -1.11463E-02
 1.90400E+02   2.23563E-02  -7.23547E-03   1.37127E-02  -1.72125E-02   9.53788E-04  -2.16373E-02  -1.00297E-02  -1.83067E-02  -1.46275E-02  -8.89249E-03  -1.21148E-02   2.45929E-03  -5.76047E-03   1.20638E-02   2.46538E-03   1.60510E-02   8.88295E-03   1.31217E-02   1.07675E-02   5.18454E-03   7.81878E-03  -4.17147E-03   1.95622E-03  -1.11781E-02  -3.81832E-03  -1.33151E-02  -6.90720E-03  -1.01357E-02  -6.26342E-03  -3.25356E-03  -2.71601E-03   4.41555E-03   1.59940E-03   9.80484E-03   4.36605E-03   1.07902E-02   4.19084E-03   6.83424E-03   1.14209E-03  -1.03574E-03  -3.56224E-03  -1.09191E-02
 1.91800E+02   2.25438E-02  -7.16499E-03   1.36874E-02  -1.71309E-02   6.94473E-04  -2.15192E-02  -1.04076E-02  -1.81536E-02  -1.49267E-02  -8.74985E-03  -1.21717E-02   2.52727E-03  -5.53126E-03   1.20199E-02   2.90611E-03   1.58895E-02   9.34736E-03   1.28962E-02   1.10426E-02   4.99233E-03   7.76733E-03  -4.23664E-03   1.58375E-03  -1.10758E-02  -4.36149E-03  -1.30835E-02  -7.39020E-03  -9.87827E-03  -6.47676E-03  -3.09067E-03  -2.56588E-03   4.40582E-03   2.04587E-03   9.62778E-03   4.90365E-03   1.05362E-02   4.55544E-03   6.64049E-03   1.10793E-03  -1.04292E-03  -4.11697E-03  -1.06686E-02
 1.93200E+02   2.27528E-02  -7.11936E-03   1.36801E-02  -1.70654E-02   4.44178E-04  -2.14014E-02  -1.07871E-02  -1.79860E-02  -1.52362E-02  -8.58664E-03  -1.22425E-02   2.61062E-03  -5.31583E-03   1.19798E-02   3.33769E-03   1.57171E-02   9.81013E-03   1.26499E-02   1.13237E-02   4.77975E-03   7.72729E-03  -4.31131E-03   1.22444E-03  -1.09667E-02  -4.89373E-03  -1.28319E-02  -7.86773E-03  -9.59727E-03  -6.69160E-03  -2.91231E-03  -2.42357E-03   4.39569E-03   2.48094E-03   9.43460E-03   5.43041E-03   1.02587E-02   4.91416E-03   6.42874E-03   1.07624E-03  -1.05068E-03  -4.65913E-03  -1.03946E-02
 1.94600E+02   2.29806E-02  -7.10066E-03   1.36888E-02  -1.70174E-02   2.02281E-04  -2.12842E-02  -1.11676E-02  -1.78029E-02  -1.55540E-02  -8.40130E-03  -1.23253E-02   2.71085E-03  -5.11295E-03   1.19442E-02   3.76021E-03   1.55338E-02   1.02702E-02   1.23819E-02   1.16091E-02   4.54535E-03   7.69714E-03  -4.39668E-03   8.77622E-04  -1.08516E-02  -5.41468E-03  -1.25601E-02  -8.33870E-03  -9.29185E-03  -6.90679E-03  -2.71755E-03  -2.28844E-03   4.38570E-03   2.90451E-03   9.22526E-03   5.94567E-03   9.95718E-03   5.26625E-03   6.19842E-03   1.04674E-03  -1.05925E-03  -5.18822E-03  -1.00967E-02
 1.96000E+02   2.32243E-02  -7.11079E-03   1.37114E-02  -1.69883E-02  -3.18041E-05  -2.11679E-02  -1.15478E-02  -1.76037E-02  -1.58780E-02  -8.19239E-03  -1.24181E-02   2.82929E-03  -4.92134E-03   1.19141E-02   4.17363E-03   1.53395E-02   1.07262E-02   1.20912E-02   1.18969E-02   4.28783E-03   7.67529E-03  -4.49381E-03   5.42709E-04  -1.07306E-02  -5.92377E-03  -1.22677E-02  -8.80180E-03  -8.96115E-03  -7.12100E-03  -2.50551E-03  -2.15983E-03   4.37632E-03   3.31632E-03   8.99964E-03   6.44854E-03   9.63116E-03   5.61081E-03   5.94900E-03   1.01917E-03  -1.06881E-03  -5.70344E-03  -9.77449E-03
 1.97400E+02   2.34810E-02  -7.15140E-03   1.37457E-02  -1.69793E-02  -2.58629E-04  -2.10528E-02  -1.19267E-02  -1.73874E-02  -1.62062E-02  -7.95863E-03  -1.25189E-02   2.96715E-03  -4.73975E-03   1.18900E-02   4.57779E-03   1.51341E-02   1.11766E-02   1.17770E-02   1.21849E-02   4.00602E-03   7.66007E-03  -4.60366E-03   2.19194E-04  -1.06043E-02  -6.42020E-03  -1.19543E-02  -9.25547E-03  -8.60439E-03  -7.33276E-03  -2.27542E-03  -2.03709E-03   4.36792E-03   3.71593E-03   8.75762E-03   6.93786E-03   9.28015E-03   5.94674E-03   5.67998E-03   9.93257E-04  -1.07953E-03  -6.20381E-03  -9.42760E-03
 1.98800E+02   2.37475E-02  -7.22391E-03   1.37894E-02  -1.69915E-02  -4.78708E-04  -2.09390E-02  -1.23029E-02  -1.71536E-02  -1.65361E-02  -7.69893E-03  -1.26253E-02   3.12543E-03  -4.56689E-03   1.18726E-02   4.97237E-03   1.49174E-02   1.16198E-02   1.14385E-02   1.24709E-02   3.69893E-03   7.64971E-03  -4.72702E-03  -9.33462E-05  -1.04727E-02  -6.90298E-03  -1.16195E-02  -9.69790E-03  -8.22090E-03  -7.54044E-03  -2.02663E-03  -1.91961E-03   4.36084E-03   4.10274E-03   8.49910E-03   7.41225E-03   8.90374E-03   6.27277E-03   5.39093E-03   9.68727E-04  -1.09155E-03  -6.68808E-03  -9.05572E-03
 2.00200E+02   2.40205E-02  -7.32944E-03   1.38401E-02  -1.70255E-02  -6.92519E-04  -2.08267E-02  -1.26748E-02  -1.69016E-02  -1.68650E-02  -7.41240E-03  -1.27351E-02   3.30493E-03  -4.40150E-03   1.18622E-02   5.35696E-03   1.46894E-02   1.20538E-02   1.10751E-02   1.27524E-02   3.36577E-03   7.64239E-03  -4.86451E-03  -3.95250E-04  -1.03363E-02  -7.37091E-03  -1.12633E-02  -1.01271E-02  -7.81017E-03  -7.74228E-03  -1.75862E-03  -1.80675E-03   4.35534E-03   4.47598E-03   8.22401E-03   7.87009E-03   8.50165E-03   6.58744E-03   5.08155E-03   9.45297E-04  -1.10498E-03  -7.15476E-03  -8.65864E-03
 2.01700E+02   2.43159E-02  -7.48007E-03   1.38993E-02  -1.70868E-02  -9.15153E-04  -2.07082E-02  -1.30667E-02  -1.66110E-02  -1.72133E-02  -7.07494E-03  -1.28535E-02   3.52146E-03  -4.23114E-03   1.18595E-02   5.75728E-03   1.44324E-02   1.25061E-02   1.06577E-02   1.30460E-02   2.97926E-03   7.63577E-03  -5.02804E-03  -7.07212E-04  -1.01848E-02  -7.85418E-03  -1.08576E-02  -1.05696E-02  -7.33954E-03  -7.94987E-03  -1.44978E-03  -1.69027E-03   4.35147E-03   4.85980E-03   7.91094E-03   8.34018E-03   8.04219E-03   6.91014E-03   4.72733E-03   9.21088E-04  -1.12103E-03  -7.63334E-03  -8.20515E-03
 2.03100E+02   2.45906E-02  -7.65617E-03   1.39563E-02  -1.71677E-02  -1.11736E-03  -2.05993E-02  -1.34244E-02  -1.63205E-02  -1.75314E-02  -6.73121E-03  -1.29621E-02   3.74650E-03  -4.07716E-03   1.18648E-02   6.11927E-03   1.41809E-02   1.29140E-02   1.02419E-02   1.33096E-02   2.59069E-03   7.62866E-03  -5.19609E-03  -9.87833E-04  -1.00387E-02  -8.28669E-03  -1.04566E-02  -1.09639E-02  -6.87174E-03  -8.13339E-03  -1.14114E-03  -1.58506E-03   4.34990E-03   5.20188E-03   7.60177E-03   8.75769E-03   7.58675E-03   7.19597E-03   4.37552E-03   8.99025E-04  -1.13763E-03  -8.05799E-03  -7.75589E-03
 2.04600E+02   2.48794E-02  -7.88292E-03   1.40163E-02  -1.72797E-02  -1.32847E-03  -2.04845E-02  -1.37969E-02  -1.59886E-02  -1.78612E-02  -6.33213E-03  -1.30733E-02   4.01225E-03  -3.91611E-03   1.18792E-02   6.49374E-03   1.38991E-02   1.33329E-02   9.76838E-03   1.35773E-02   2.14463E-03   7.61773E-03  -5.39273E-03  -1.27734E-03  -9.87743E-03  -8.72823E-03  -1.00035E-02  -1.13633E-02  -6.34024E-03  -8.31656E-03  -7.88760E-04  -1.47541E-03   4.35054E-03   5.54973E-03   7.25271E-03   9.17969E-03   7.07068E-03   7.48355E-03   3.97617E-03   8.75619E-04  -1.15717E-03  -8.48698E-03  -7.24715E-03
 2.06100E+02   2.51578E-02  -8.14854E-03   1.40720E-02  -1.74176E-02  -1.53427E-03  -2.03718E-02  -1.41558E-02  -1.56357E-02  -1.81758E-02  -5.90168E-03  -1.31759E-02   4.30314E-03  -3.75761E-03   1.19027E-02   6.85339E-03   1.36048E-02   1.37300E-02   9.26655E-03   1.38263E-02   1.66837E-03   7.60094E-03  -5.60635E-03  -1.55539E-03  -9.71152E-03  -9.14495E-03  -9.52665E-03  -1.17355E-02  -5.77817E-03  -8.48318E-03  -4.14405E-04  -1.36827E-03   4.35364E-03   5.87674E-03   6.88580E-03   9.57270E-03   6.52637E-03   7.74945E-03   3.55424E-03   8.52108E-04  -1.17853E-03  -8.88644E-03  -6.71091E-03
 2.07600E+02   2.54211E-02  -8.45191E-03   1.41201E-02  -1.75807E-02  -1.73515E-03  -2.02613E-02  -1.44987E-02  -1.52626E-02  -1.84715E-02  -5.44088E-03  -1.32668E-02   4.61845E-03  -3.60018E-03   1.19349E-02   7.19714E-03   1.32988E-02   1.41020E-02   8.73746E-03   1.40527E-02   1.16295E-03   7.57583E-03  -5.83644E-03  -1.82199E-03  -9.54131E-03  -9.53450E-03  -9.02721E-03  -1.20771E-02  -5.18680E-03  -8.63052E-03  -1.89150E-05  -1.26294E-03   4.35920E-03   6.18128E-03   6.50190E-03   9.93377E-03   5.95509E-03   7.99117E-03   3.11072E-03   8.28145E-04  -1.20168E-03  -9.25359E-03  -6.14844E-03
 2.09100E+02   2.56646E-02  -8.79129E-03   1.41575E-02  -1.77680E-02  -1.93149E-03  -2.01529E-02  -1.48233E-02  -1.48704E-02  -1.87445E-02  -4.95126E-03  -1.33425E-02   4.95699E-03  -3.44235E-03   1.19756E-02   7.52387E-03   1.29816E-02   1.44458E-02   8.18265E-03   1.42529E-02   6.29962E-04   7.53997E-03  -6.08219E-03  -2.07713E-03  -9.36719E-03  -9.89454E-03  -8.50658E-03  -1.23847E-02  -4.56791E-03  -8.75585E-03   3.96476E-04  -1.15879E-03   4.36716E-03   6.46170E-03   6.10214E-03   1.02599E-02   5.35857E-03   8.20620E-03   2.64697E-03   8.03390E-04  -1.22653E-03  -9.58563E-03  -5.56148E-03
 2.10600E+02   2.58839E-02  -9.16427E-03   1.41811E-02  -1.79778E-02  -2.12364E-03  -2.00467E-02  -1.51271E-02  -1.44605E-02  -1.89910E-02  -4.43493E-03  -1.34000E-02   5.31718E-03  -3.28274E-03   1.20243E-02   7.83253E-03   1.26544E-02   1.47584E-02   7.60419E-03   1.44233E-02   7.15203E-05   7.49106E-03  -6.34248E-03  -2.32078E-03  -9.18963E-03  -1.02228E-02  -7.96661E-03  -1.26549E-02  -3.92380E-03  -8.85656E-03   8.30140E-04  -1.05520E-03   4.37740E-03   6.71636E-03   5.68797E-03   1.05483E-02   4.73904E-03   8.39211E-03   2.16476E-03   7.77519E-04  -1.25295E-03  -9.87982E-03  -4.95220E-03
 2.12100E+02   2.60747E-02  -9.56786E-03   1.41880E-02  -1.82084E-02  -2.31192E-03  -1.99428E-02  -1.54080E-02  -1.40349E-02  -1.92077E-02  -3.89454E-03  -1.34364E-02   5.69696E-03  -3.12007E-03   1.20805E-02   8.12209E-03   1.23183E-02   1.50367E-02   7.00462E-03   1.45605E-02  -5.09721E-04   7.42689E-03  -6.61589E-03  -2.55290E-03  -9.00917E-03  -1.05171E-02  -7.40954E-03  -1.28847E-02  -3.25732E-03  -8.93019E-03   1.28005E-03  -9.51576E-04   4.38974E-03   6.94377E-03   5.26111E-03   1.07962E-02   4.09920E-03   8.54663E-03   1.66622E-03   7.50227E-04  -1.28080E-03  -1.01336E-02  -4.32327E-03
 2.13600E+02   2.62334E-02  -9.99844E-03   1.41757E-02  -1.84574E-02  -2.49664E-03  -1.98410E-02  -1.56641E-02  -1.35957E-02  -1.93914E-02  -3.33322E-03  -1.34491E-02   6.09390E-03  -2.95312E-03   1.21434E-02   8.39169E-03   1.19748E-02   1.52783E-02   6.38697E-03   1.46615E-02  -1.11061E-03   7.34550E-03  -6.90070E-03  -2.77350E-03  -8.82640E-03  -1.07755E-02  -6.83801E-03  -1.30713E-02  -2.57184E-03  -8.97450E-03   1.74381E-03  -8.47392E-04   4.40393E-03   7.14255E-03   4.82358E-03   1.10012E-02   3.44222E-03   8.66770E-03   1.15391E-03   7.21236E-04  -1.30988E-03  -1.03447E-02  -3.67779E-03
 2.15200E+02   2.63634E-02  -1.04828E-02   1.41389E-02  -1.87402E-02  -2.69010E-03  -1.97351E-02  -1.59080E-02  -1.31152E-02  -1.95481E-02  -2.71550E-03  -1.34339E-02   6.53305E-03  -2.76915E-03   1.22168E-02   8.65645E-03   1.16021E-02   1.54930E-02   5.71212E-03   1.47264E-02  -1.76912E-03   7.23774E-03  -7.21483E-03  -2.99615E-03  -8.62965E-03  -1.10098E-02  -6.21581E-03  -1.32199E-02  -1.82403E-03  -8.98728E-03   2.25067E-03  -7.35092E-04   4.42080E-03   7.32174E-03   4.34769E-03   1.11703E-02   2.72662E-03   8.75799E-03   5.95483E-04   6.88159E-04  -1.34199E-03  -1.05205E-02  -2.97501E-03
 2.16700E+02   2.64459E-02  -1.09556E-02   1.40802E-02  -1.90185E-02  -2.86843E-03  -1.96381E-02  -1.61078E-02  -1.26564E-02  -1.96560E-02  -2.12285E-03  -1.33907E-02   6.95621E-03  -2.59016E-03   1.22905E-02   8.88273E-03   1.12486E-02   1.56522E-02   5.06845E-03   1.47448E-02  -2.39871E-03   7.11555E-03  -7.51668E-03  -3.19312E-03  -8.44427E-03  -1.11893E-02  -5.62419E-03  -1.33101E-02  -1.11183E-03  -8.96530E-03   2.73406E-03  -6.28255E-04   4.43789E-03   7.45805E-03   3.89557E-03   1.12805E-02   2.04601E-03   8.80473E-03   6.41058E-05   6.54905E-04  -1.37285E-03  -1.06375E-02  -2.30687E-03
 2.18300E+02   2.64896E-02  -1.14740E-02   1.39903E-02  -1.93258E-02  -3.05575E-03  -1.95372E-02  -1.62892E-02  -1.21617E-02  -1.97278E-02  -1.48123E-03  -1.33122E-02   7.41592E-03  -2.39142E-03   1.23732E-02   9.10043E-03   1.08694E-02   1.57756E-02   4.37488E-03   1.47175E-02  -3.07834E-03   6.96135E-03  -7.84374E-03  -3.39090E-03  -8.24640E-03  -1.13372E-02  -4.98834E-03  -1.33522E-02  -3.45498E-04  -8.90432E-03   3.25465E-03  -5.12207E-04   4.45705E-03   7.56904E-03   3.41002E-03   1.13454E-02   1.31455E-03   8.81307E-03  -5.07153E-04   6.16843E-04  -1.40625E-03  -1.07102E-02  -1.58905E-03
 2.19900E+02   2.64861E-02  -1.20010E-02   1.38709E-02  -1.96397E-02  -3.24041E-03  -1.94390E-02  -1.64375E-02  -1.16652E-02  -1.97537E-02  -8.35241E-04  -1.31992E-02   7.88004E-03  -2.18390E-03   1.24587E-02   9.29371E-03   1.04903E-02   1.58506E-02   3.67920E-03   1.46407E-02  -3.76091E-03   6.78163E-03  -8.17307E-03  -3.57629E-03  -8.04933E-03  -1.14397E-02  -4.35191E-03  -1.33379E-02   4.22051E-04  -8.80382E-03   3.77633E-03  -3.93631E-04   4.47670E-03   7.64433E-03   2.92438E-03   1.13553E-02   5.82712E-04   8.77796E-03  -1.07878E-03   5.75952E-04  -1.43981E-03  -1.07286E-02  -8.71066E-04
 2.21500E+02   2.64351E-02  -1.25300E-02   1.37218E-02  -1.99563E-02  -3.42280E-03  -1.93435E-02  -1.65528E-02  -1.11710E-02  -1.97337E-02  -1.90467E-04  -1.30512E-02   8.34419E-03  -1.96711E-03   1.25456E-02   9.46298E-03   1.01139E-02   1.58773E-02   2.98671E-03   1.45142E-02  -4.44084E-03   6.57595E-03  -8.50156E-03  -3.74976E-03  -7.85398E-03  -1.14971E-02  -3.71943E-03  -1.32671E-02   1.18496E-03  -8.66364E-03   4.29485E-03  -2.72227E-04   4.49636E-03   7.68420E-03   2.44209E-03   1.13104E-02  -1.44050E-04   8.69946E-03  -1.64639E-03   5.32131E-04  -1.47314E-03  -1.06928E-02  -1.58261E-04
 2.23100E+02   2.63372E-02  -1.30548E-02   1.35431E-02  -2.02715E-02  -3.60327E-03  -1.92507E-02  -1.66357E-02  -1.06827E-02  -1.96686E-02   4.47567E-04  -1.28686E-02   8.80406E-03  -1.74077E-03   1.26325E-02   9.60900E-03   9.74242E-03   1.58565E-02   2.30263E-03   1.43386E-02  -5.11258E-03   6.34434E-03  -8.82611E-03  -3.91192E-03  -7.66125E-03  -1.15104E-02  -3.09537E-03  -1.31407E-02   1.93746E-03  -8.48420E-03   4.80602E-03  -1.47774E-04   4.51551E-03   7.68943E-03   1.96653E-03   1.12117E-02  -8.60327E-04   8.57822E-03  -2.20564E-03   4.85336E-04  -1.50587E-03  -1.06038E-02   5.44099E-04
 2.24700E+02   2.61939E-02  -1.35693E-02   1.33356E-02  -2.05814E-02  -3.78220E-03  -1.91606E-02  -1.66876E-02  -1.02042E-02  -1.95597E-02   1.07357E-03  -1.26523E-02   9.25546E-03  -1.50480E-03   1.27179E-02   9.73290E-03   9.37823E-03   1.57899E-02   1.63197E-03   1.41153E-02  -5.77081E-03   6.08727E-03  -9.14371E-03  -4.06350E-03  -7.47200E-03  -1.14812E-02  -2.48401E-03  -1.29606E-02   2.67396E-03  -8.26655E-03   5.30577E-03  -2.01221E-05   4.53365E-03   7.66127E-03   1.50094E-03   1.10609E-02  -1.56092E-03   8.41551E-03  -2.75233E-03   4.35574E-04  -1.53765E-03  -1.04634E-02   1.23095E-03
 2.26300E+02   2.60078E-02  -1.40678E-02   1.31006E-02  -2.08823E-02  -3.95996E-03  -1.90730E-02  -1.67105E-02  -9.73881E-03  -1.94095E-02   1.68261E-03  -1.24038E-02   9.69450E-03  -1.25932E-03   1.28006E-02   9.83611E-03   9.02339E-03   1.56800E-02   9.79378E-04   1.38466E-02  -6.41054E-03   5.80563E-03  -9.45155E-03  -4.20533E-03  -7.28696E-03  -1.14118E-02  -1.88931E-03  -1.27291E-02   3.38927E-03  -8.01226E-03   5.79032E-03   1.10806E-04   4.55028E-03   7.60139E-03   1.04833E-03   1.08603E-02  -2.24099E-03   8.21317E-03  -3.28254E-03   3.82903E-04  -1.56812E-03  -1.02739E-02   1.89755E-03
 2.27900E+02   2.57820E-02  -1.45454E-02   1.28401E-02  -2.11710E-02  -4.13693E-03  -1.89880E-02  -1.67066E-02  -9.28958E-03  -1.92209E-02   2.27028E-03  -1.21253E-02   1.01177E-02  -1.00464E-03   1.28794E-02   9.92038E-03   8.67974E-03   1.55298E-02   3.49029E-04   1.35351E-02  -7.02729E-03   5.50069E-03  -9.74703E-03  -4.33837E-03  -7.10679E-03  -1.13047E-02  -1.31485E-03  -1.24495E-02   4.07869E-03  -7.72341E-03   6.25621E-03   2.45028E-04   4.56494E-03   7.51186E-03   6.11419E-04   1.06131E-02  -2.89612E-03   7.97350E-03  -3.79273E-03   3.27424E-04  -1.59697E-03  -1.00384E-02   2.53962E-03
 2.29600E+02   2.55029E-02  -1.50248E-02   1.25378E-02  -2.14610E-02  -4.32453E-03  -1.89004E-02  -1.66762E-02  -8.83288E-03  -1.89824E-02   2.86700E-03  -1.17991E-02   1.05465E-02  -7.24430E-04   1.29575E-02   9.99135E-03   8.32862E-03   1.53298E-02  -2.92314E-04   1.31613E-02  -7.65302E-03   5.15292E-03  -1.00449E-02  -4.47124E-03  -6.92128E-03  -1.11532E-02  -7.30098E-04  -1.21037E-02   4.77826E-03  -7.38138E-03   6.72735E-03   3.91208E-04   4.57786E-03   7.38688E-03   1.67023E-04   1.03032E-02  -3.56061E-03   7.68099E-03  -4.30936E-03   2.65557E-04  -1.62551E-03  -9.74142E-03   3.19075E-03
 2.31200E+02   2.52081E-02  -1.54460E-02   1.22320E-02  -2.17159E-02  -4.50108E-03  -1.88204E-02  -1.66260E-02  -8.42465E-03  -1.87263E-02   3.39926E-03  -1.14666E-02   1.09278E-02  -4.52241E-04   1.30247E-02   1.00429E-02   8.01262E-03   1.51078E-02  -8.66080E-04   1.27730E-02  -8.21065E-03   4.80511E-03  -1.03080E-02  -4.58943E-03  -6.75263E-03  -1.09787E-02  -2.06531E-04  -1.17368E-02   5.40205E-03  -7.02933E-03   7.14563E-03   5.32065E-04   4.58709E-03   7.24391E-03  -2.30525E-04   9.97114E-03  -4.15287E-03   7.37325E-03  -4.76890E-03   2.04755E-04  -1.65012E-03  -9.42203E-03   3.77103E-03
 2.32900E+02   2.48659E-02  -1.58584E-02   1.18876E-02  -2.19652E-02  -4.68908E-03  -1.87377E-02  -1.65535E-02  -8.01565E-03  -1.84253E-02   3.93084E-03  -1.10898E-02   1.13069E-02  -1.54771E-04   1.30886E-02   1.00841E-02   7.69324E-03   1.48407E-02  -1.44139E-03   1.23263E-02  -8.76693E-03   4.41604E-03  -1.05675E-02  -4.70900E-03  -6.58002E-03  -1.07637E-02   3.19063E-04  -1.13079E-02   6.02494E-03  -6.62664E-03   7.56094E-03   6.85077E-04   4.59336E-03   7.06820E-03  -6.29186E-04   9.58018E-03  -4.74404E-03   7.01549E-03  -5.22638E-03   1.37633E-04  -1.67361E-03  -9.04492E-03   4.35016E-03
 2.34600E+02   2.44997E-02  -1.62323E-02   1.15268E-02  -2.21909E-02  -4.87793E-03  -1.86572E-02  -1.64652E-02  -7.63334E-03  -1.80998E-02   4.42548E-03  -1.06924E-02   1.16575E-02   1.50415E-04   1.31438E-02   1.01140E-02   7.39137E-03   1.45465E-02  -1.97947E-03   1.18494E-02  -9.28370E-03   4.00927E-03  -1.08048E-02  -4.82369E-03  -6.41428E-03  -1.05224E-02   8.11417E-04  -1.08442E-02   6.60440E-03  -6.19808E-03   7.94441E-03   8.41380E-04   4.59561E-03   6.87130E-03  -1.00213E-03   9.15493E-03  -5.29374E-03   6.62993E-03  -5.65029E-03   6.81526E-05  -1.69416E-03  -8.63382E-03   4.88856E-03
 2.36300E+02   2.41152E-02  -1.65663E-02   1.11528E-02  -2.23918E-02  -5.06804E-03  -1.85787E-02  -1.63649E-02  -7.27834E-03  -1.77551E-02   4.88203E-03  -1.02784E-02   1.19785E-02   4.62469E-04   1.31897E-02   1.01353E-02   7.10723E-03   1.42304E-02  -2.47925E-03   1.13474E-02  -9.75950E-03   3.58729E-03  -1.10188E-02  -4.93481E-03  -6.25530E-03  -1.02595E-02   1.26957E-03  -1.03510E-02   7.13889E-03  -5.74737E-03   8.29476E-03   1.00080E-03   4.59348E-03   6.65658E-03  -1.34856E-03   8.70049E-03  -5.80048E-03   6.22059E-03  -6.03936E-03  -3.43931E-06  -1.71158E-03  -8.19371E-03   5.38477E-03
 2.38000E+02   2.37184E-02  -1.68601E-02   1.07693E-02  -2.25676E-02  -5.25981E-03  -1.85018E-02  -1.62566E-02  -6.95065E-03  -1.73962E-02   5.30014E-03  -9.85129E-03   1.22693E-02   7.80551E-04   1.32259E-02   1.01506E-02   6.84064E-03   1.38973E-02  -2.94037E-03   1.08252E-02  -1.01936E-02   3.15255E-03  -1.12090E-02  -5.04362E-03  -6.10283E-03  -9.97918E-03   1.69320E-03  -9.83358E-03   7.62767E-03  -5.27812E-03   8.61122E-03   1.16313E-03   4.58666E-03   6.42732E-03  -1.66817E-03   8.22185E-03  -6.26351E-03   5.79136E-03  -6.39289E-03  -7.68967E-05  -1.72574E-03  -7.72947E-03   5.83806E-03
 2.39700E+02   2.33145E-02  -1.71140E-02   1.03795E-02  -2.27182E-02  -5.45359E-03  -1.84263E-02  -1.61439E-02  -6.64973E-03  -1.70281E-02   5.68020E-03  -9.41480E-03   1.25299E-02   1.10385E-03   1.32519E-02   1.01626E-02   6.59112E-03   1.35520E-02  -3.36321E-03   1.02875E-02  -1.05861E-02   2.70739E-03  -1.13749E-02  -5.15130E-03  -5.95643E-03  -9.68563E-03   2.08255E-03  -9.29707E-03   8.07069E-03  -4.79379E-03   8.89352E-03   1.32820E-03   4.57485E-03   6.18663E-03  -1.96108E-03   7.72373E-03  -6.68274E-03   5.34595E-03  -6.71067E-03  -1.51982E-04  -1.73653E-03  -7.24574E-03   6.24830E-03
 2.41400E+02   2.29087E-02  -1.73292E-02   9.98640E-03  -2.28441E-02  -5.64974E-03  -1.83516E-02  -1.60303E-02  -6.37461E-03  -1.66553E-02   6.02322E-03  -8.97220E-03   1.27609E-02   1.43161E-03   1.32675E-02   1.01734E-02   6.35783E-03   1.31989E-02  -3.74867E-03   9.73862E-03  -1.09375E-02   2.25398E-03  -1.15165E-02  -5.25896E-03  -5.81556E-03  -9.38269E-03   2.43838E-03  -8.74611E-03   8.46849E-03  -4.29762E-03   9.14181E-03   1.49581E-03   4.55781E-03   5.93739E-03  -2.22775E-03   7.21056E-03  -7.05861E-03   4.88783E-03  -6.99294E-03  -2.28471E-04  -1.74388E-03  -6.74682E-03   6.61592E-03
 2.43200E+02   2.24819E-02  -1.75166E-02   9.56970E-03  -2.29516E-02  -5.86032E-03  -1.82731E-02  -1.59123E-02  -6.10988E-03  -1.62600E-02   6.34774E-03  -8.50023E-03   1.29741E-02   1.78273E-03   1.32726E-02   1.01859E-02   6.12733E-03   1.28209E-02  -4.11768E-03   9.14978E-03  -1.12660E-02   1.76713E-03  -1.16402E-02  -5.37401E-03  -5.67166E-03  -9.05554E-03   2.77987E-03  -8.15174E-03   8.84159E-03  -3.76261E-03   9.36818E-03   1.67586E-03   4.53378E-03   5.66712E-03  -2.48239E-03   6.65525E-03  -7.41035E-03   4.39244E-03  -7.25379E-03  -3.10759E-04  -1.74786E-03  -6.20637E-03   6.95967E-03
 2.44900E+02   2.20859E-02  -1.76579E-02   9.17826E-03  -2.30298E-02  -6.06224E-03  -1.81990E-02  -1.58060E-02  -5.88316E-03  -1.58900E-02   6.61975E-03  -8.05414E-03   1.31470E-02   2.11754E-03   1.32664E-02   1.02008E-02   5.92387E-03   1.24639E-02  -4.43115E-03   8.59009E-03  -1.15365E-02   1.30280E-03  -1.17327E-02  -5.48458E-03  -5.53990E-03  -8.74382E-03   3.07066E-03  -7.58400E-03   9.15005E-03  -3.25099E-03   9.54825E-03   1.84817E-03   4.50520E-03   5.40830E-03  -2.69776E-03   6.12329E-03  -7.70021E-03   3.91778E-03  -7.46514E-03  -3.89503E-04  -1.74798E-03  -5.68816E-03   7.24262E-03
 2.46700E+02   2.16780E-02  -1.77725E-02   8.76843E-03  -2.30895E-02  -6.27949E-03  -1.81201E-02  -1.57015E-02  -5.66557E-03  -1.55053E-02   6.87386E-03  -7.58409E-03   1.33015E-02   2.47482E-03   1.32482E-02   1.02215E-02   5.72187E-03   1.20892E-02  -4.72834E-03   7.99719E-03  -1.17829E-02   8.08141E-04  -1.18054E-02  -5.60452E-03  -5.40382E-03  -8.41390E-03   3.34692E-03  -6.97989E-03   9.43212E-03  -2.70520E-03   9.70425E-03   2.03282E-03   4.46843E-03   5.13282E-03  -2.90056E-03   5.55568E-03  -7.96401E-03   3.41085E-03  -7.65307E-03  -4.73773E-04  -1.74422E-03  -5.13472E-03   7.49972E-03
 2.48500E+02   2.12854E-02  -1.78544E-02   8.36546E-03  -2.31272E-02  -6.50052E-03  -1.80401E-02  -1.56077E-02  -5.46861E-03  -1.51311E-02   7.09600E-03  -7.11867E-03   1.34285E-02   2.83437E-03   1.32181E-02   1.02489E-02   5.53184E-03   1.17210E-02  -4.99255E-03   7.40708E-03  -1.19903E-02   3.11970E-04  -1.18528E-02  -5.72813E-03  -5.27018E-03  -8.08682E-03   3.59284E-03  -6.37606E-03   9.67063E-03  -2.15757E-03   9.82584E-03   2.21957E-03   4.42470E-03   4.85792E-03  -3.07895E-03   4.98676E-03  -8.18546E-03   2.90197E-03  -7.80552E-03  -5.58784E-04  -1.73645E-03  -4.57952E-03   7.71500E-03
 2.50300E+02   2.09108E-02  -1.79072E-02   7.97110E-03  -2.31448E-02  -6.72549E-03  -1.79584E-02  -1.55264E-02  -5.28961E-03  -1.47698E-02   7.28932E-03  -6.65981E-03   1.35299E-02   3.19572E-03   1.31759E-02   1.02844E-02   5.35180E-03   1.13619E-02  -5.22670E-03   6.82239E-03  -1.21611E-02  -1.84338E-04  -1.18757E-02  -5.85597E-03  -5.13783E-03  -7.76486E-03   3.81083E-03  -5.77540E-03   9.86798E-03  -1.61013E-03   9.91434E-03   2.40822E-03   4.37371E-03   4.58533E-03  -3.23456E-03   4.41930E-03  -8.36669E-03   2.39333E-03  -7.92400E-03  -6.44369E-04  -1.72462E-03  -4.02528E-03   7.89051E-03
 2.52100E+02   2.05566E-02  -1.79346E-02   7.58672E-03  -2.31443E-02  -6.95452E-03  -1.78744E-02  -1.54592E-02  -5.12581E-03  -1.44236E-02   7.45705E-03  -6.20908E-03   1.36077E-02   3.55841E-03   1.31217E-02   1.03289E-02   5.17973E-03   1.10140E-02  -5.43377E-03   6.24524E-03  -1.22978E-02  -6.79622E-04  -1.18749E-02  -5.98849E-03  -5.00557E-03  -7.44986E-03   4.00330E-03  -5.18027E-03   1.00266E-02  -1.06460E-03   9.97106E-03   2.59859E-03   4.31514E-03   4.31652E-03  -3.36909E-03   3.85558E-03  -8.50985E-03   1.88679E-03  -8.01003E-03  -7.30379E-04  -1.70872E-03  -3.47425E-03   8.02830E-03
 2.53900E+02   2.02243E-02  -1.79402E-02   7.21338E-03  -2.31277E-02  -7.18766E-03  -1.77875E-02  -1.54071E-02  -4.97445E-03  -1.40940E-02   7.60244E-03  -5.76768E-03   1.36638E-02   3.92207E-03   1.30554E-02   1.03831E-02   5.01356E-03   1.06788E-02  -5.61676E-03   5.67734E-03  -1.24028E-02  -1.17290E-03  -1.18510E-02  -6.12594E-03  -4.87218E-03  -7.14327E-03   4.17271E-03  -4.59261E-03   1.01490E-02  -5.22434E-04   9.99729E-03   2.79048E-03   4.24865E-03   4.05262E-03  -3.48421E-03   3.29749E-03  -8.61705E-03   1.38387E-03  -8.06509E-03  -8.16670E-04  -1.68869E-03  -2.92830E-03   8.13041E-03
 2.55700E+02   1.99152E-02  -1.79278E-02   6.85183E-03  -2.30968E-02  -7.42491E-03  -1.76969E-02  -1.53709E-02  -4.83277E-03  -1.37821E-02   7.72868E-03  -5.33654E-03   1.37002E-02   4.28635E-03   1.29768E-02   1.04475E-02   4.85123E-03   1.03575E-02  -5.77861E-03   5.12003E-03  -1.24785E-02  -1.66334E-03  -1.18047E-02  -6.26847E-03  -4.73644E-03  -6.84620E-03   4.32141E-03  -4.01396E-03   1.02373E-02   1.51682E-05   9.99424E-03   2.98366E-03   4.17388E-03   3.79454E-03  -3.58154E-03   2.74656E-03  -8.69033E-03   8.85870E-04  -8.09057E-03  -9.03106E-04  -1.66448E-03  -2.38897E-03   8.19876E-03
 2.57600E+02   1.96149E-02  -1.78989E-02   6.48354E-03  -2.30509E-02  -7.67972E-03  -1.75965E-02  -1.53504E-02  -4.69072E-03  -1.34728E-02   7.84457E-03  -4.89328E-03   1.37192E-02   4.67114E-03   1.28805E-02   1.05268E-02   4.68182E-03   1.00342E-02  -5.92966E-03   4.54433E-03  -1.25289E-02  -2.17716E-03  -1.17322E-02  -6.42441E-03  -4.58923E-03  -6.54378E-03   4.45845E-03  -3.41426E-03   1.02962E-02   5.76565E-04   9.96045E-03   3.18870E-03   4.08554E-03   3.52917E-03  -3.66669E-03   2.17418E-03  -8.73298E-03   3.66716E-04  -8.08679E-03  -9.94349E-04  -1.63430E-03  -1.82823E-03   8.23628E-03
 2.59500E+02   1.93414E-02  -1.78579E-02   6.12926E-03  -2.29932E-02  -7.93885E-03  -1.74905E-02  -1.53481E-02  -4.55336E-03  -1.31845E-02   7.94607E-03  -4.46265E-03   1.37204E-02   5.05583E-03   1.27702E-02   1.06176E-02   4.51209E-03   9.72782E-03  -6.06352E-03   3.98237E-03  -1.25515E-02  -2.68628E-03  -1.16359E-02  -6.58582E-03  -4.43659E-03  -6.25340E-03   4.57755E-03  -2.82705E-03   1.03220E-02   1.13072E-03   9.89639E-03   3.39453E-03   3.98705E-03   3.27160E-03  -3.73549E-03   1.61234E-03  -8.74199E-03  -1.44710E-04  -8.05287E-03  -1.08543E-03  -1.59929E-03  -1.27745E-03   8.24015E-03
 2.61300E+02   1.91071E-02  -1.78113E-02   5.80661E-03  -2.29296E-02  -8.18811E-03  -1.73841E-02  -1.53626E-02  -4.42486E-03  -1.29305E-02   8.03196E-03  -4.06658E-03   1.37066E-02   5.41979E-03   1.26525E-02   1.07141E-02   4.34896E-03   9.45317E-03  -6.17720E-03   3.46319E-03  -1.25493E-02  -3.16363E-03  -1.15231E-02  -6.74345E-03  -4.28568E-03  -5.98967E-03   4.67601E-03  -2.28300E-03   1.03180E-02   1.64822E-03   9.80867E-03   3.58991E-03   3.88392E-03   3.03510E-03  -3.78702E-03   1.09065E-03  -8.72120E-03  -6.21264E-04  -7.99401E-03  -1.17140E-03  -1.56156E-03  -7.65725E-04   8.21437E-03
 2.63200E+02   1.88852E-02  -1.77572E-02   5.47964E-03  -2.28545E-02  -8.45486E-03  -1.72648E-02  -1.53949E-02  -4.28825E-03  -1.26824E-02   8.11475E-03  -3.66115E-03   1.36781E-02   5.80298E-03   1.25140E-02   1.08265E-02   4.17222E-03   9.17962E-03  -6.28605E-03   2.92945E-03  -1.25239E-02  -3.66163E-03  -1.13816E-02  -6.91435E-03  -4.11842E-03  -5.72334E-03   4.76690E-03  -1.72229E-03   1.02855E-02   2.18576E-03   9.68834E-03   3.79607E-03   3.76418E-03   2.79362E-03  -3.82843E-03   5.51907E-04  -8.66986E-03  -1.11511E-03  -7.90468E-03  -1.26163E-03  -1.51679E-03  -2.36998E-04   8.15758E-03
 2.65100E+02   1.86888E-02  -1.77016E-02   5.16637E-03  -2.27730E-02  -8.72490E-03  -1.71373E-02  -1.54439E-02  -4.14802E-03  -1.24542E-02   8.19231E-03  -3.26863E-03   1.36367E-02   6.18464E-03   1.23605E-02   1.09489E-02   3.98878E-03   8.92244E-03  -6.38601E-03   2.41057E-03  -1.24767E-02  -4.15291E-03  -1.12172E-02  -7.08921E-03  -3.94168E-03  -5.46922E-03   4.84642E-03  -1.17597E-03   1.02258E-02   2.71356E-03   9.54017E-03   4.00161E-03   3.63273E-03   2.56058E-03  -3.85783E-03   2.60697E-05  -8.58977E-03  -1.59878E-03  -7.78827E-03  -1.35108E-03  -1.46680E-03   2.79279E-04   8.07173E-03
 2.67000E+02   1.85166E-02  -1.76474E-02   4.86638E-03  -2.26866E-02  -8.99769E-03  -1.70010E-02  -1.55084E-02  -4.00167E-03  -1.22449E-02   8.26731E-03  -2.88888E-03   1.35838E-02   6.56413E-03   1.21916E-02   1.10803E-02   3.79670E-03   8.68100E-03  -6.47950E-03   1.90666E-03  -1.24093E-02  -4.63674E-03  -1.10302E-02  -7.26721E-03  -3.75418E-03  -5.22699E-03   4.91648E-03  -6.44448E-04   1.01404E-02   3.23080E-03   9.36472E-03   4.20587E-03   3.48905E-03   2.33598E-03  -3.87643E-03  -4.86242E-04  -8.48221E-03  -2.07150E-03  -7.64554E-03  -1.43952E-03  -1.41147E-03   7.82428E-04   7.95803E-03
 2.69000E+02   1.83598E-02  -1.75951E-02   4.56440E-03  -2.25917E-02  -9.28709E-03  -1.68470E-02  -1.55916E-02  -3.83849E-03  -1.20438E-02   8.34619E-03  -2.50265E-03   1.35171E-02   6.96045E-03   1.19967E-02   1.12271E-02   3.58319E-03   8.44289E-03  -6.57332E-03   1.39242E-03  -1.23181E-02  -5.13708E-03  -1.08088E-02  -7.45688E-03  -3.54387E-03  -4.98435E-03   4.98186E-03  -1.01331E-04   1.00241E-02   3.76289E-03   9.15105E-03   4.41867E-03   3.32402E-03   2.10857E-03  -3.88555E-03  -1.01024E-03  -8.34051E-03  -2.55640E-03  -7.46756E-03  -1.53117E-03  -1.34728E-03   1.29713E-03   7.80938E-03
 2.70900E+02   1.82325E-02  -1.75526E-02   4.28998E-03  -2.24991E-02  -9.56335E-03  -1.66902E-02  -1.56837E-02  -3.67258E-03  -1.18697E-02   8.42335E-03  -2.14827E-03   1.34445E-02   7.33309E-03   1.17949E-02   1.13731E-02   3.36785E-03   8.23088E-03  -6.66015E-03   9.19260E-04  -1.22135E-02  -5.60294E-03  -1.05752E-02  -7.63804E-03  -3.33065E-03  -4.76495E-03   5.03764E-03   3.98711E-04   9.89000E-03   4.25559E-03   8.92090E-03   4.61784E-03   3.15362E-03   1.90094E-03  -3.88531E-03  -1.49288E-03  -8.17987E-03  -3.00409E-03  -7.27269E-03  -1.61654E-03  -1.28050E-03   1.77119E-03   7.64160E-03
 2.72900E+02   1.81190E-02  -1.75179E-02   4.01351E-03  -2.24003E-02  -9.85457E-03  -1.65131E-02  -1.57921E-02  -3.48438E-03  -1.17025E-02   8.50913E-03  -1.78805E-03   1.33593E-02   7.72021E-03   1.15644E-02   1.15320E-02   3.12637E-03   8.02133E-03  -6.75111E-03   4.37355E-04  -1.20859E-02  -6.08220E-03  -1.03049E-02  -7.82830E-03  -3.09096E-03  -4.54492E-03   5.09122E-03   9.07902E-04   9.72502E-03   4.75958E-03   8.65040E-03   4.82325E-03   2.95944E-03   1.69102E-03  -3.87664E-03  -1.98421E-03  -7.98434E-03  -3.46064E-03  -7.04094E-03  -1.70419E-03  -1.20399E-03   2.25364E-03   7.43792E-03
 2.74800E+02   1.80285E-02  -1.74965E-02   3.76188E-03  -2.23062E-02  -1.01306E-02  -1.63330E-02  -1.59041E-02  -3.29099E-03  -1.15571E-02   8.59674E-03  -1.45766E-03   1.32710E-02   8.08196E-03   1.13280E-02   1.16859E-02   2.88152E-03   7.83388E-03  -6.83870E-03  -5.10955E-06  -1.19489E-02  -6.52571E-03  -1.00249E-02  -8.00710E-03  -2.84789E-03  -4.34550E-03   5.13848E-03   1.37489E-03   9.54666E-03   5.22320E-03   8.36692E-03   5.01322E-03   2.76051E-03   1.49960E-03  -3.86123E-03  -2.43431E-03  -7.77429E-03  -3.87932E-03  -6.79596E-03  -1.78491E-03  -1.12528E-03   2.69537E-03   7.21948E-03
 2.76800E+02   1.79490E-02  -1.74883E-02   3.50776E-03  -2.22076E-02  -1.04193E-02  -1.61303E-02  -1.60290E-02  -3.07049E-03  -1.14164E-02   8.69706E-03  -1.12195E-03   1.31712E-02   8.45508E-03   1.10606E-02   1.18490E-02   2.60635E-03   7.64724E-03  -6.93364E-03  -4.54678E-04  -1.17892E-02  -6.97871E-03  -9.70576E-03  -8.19145E-03  -2.57507E-03  -4.14477E-03   5.18559E-03   1.84829E-03   9.33716E-03   5.69376E-03   8.04101E-03   5.20643E-03   2.53558E-03   1.30628E-03  -3.83822E-03  -2.88963E-03  -7.52845E-03  -4.30287E-03  -6.51250E-03  -1.86670E-03  -1.03601E-03   3.14181E-03   6.96408E-03
 2.78800E+02   1.78829E-02  -1.74962E-02   3.26378E-03  -2.21103E-02  -1.07046E-02  -1.59139E-02  -1.61584E-02  -2.83135E-03  -1.12861E-02   8.80709E-03  -7.98219E-04   1.30651E-02   8.81880E-03   1.07739E-02   1.20107E-02   2.31230E-03   7.46988E-03  -7.03266E-03  -8.87565E-04  -1.16146E-02  -7.41584E-03  -9.36185E-03  -8.36985E-03  -2.28429E-03  -3.95250E-03   5.23102E-03   2.30244E-03   9.10631E-03   6.14471E-03   7.68737E-03   5.39120E-03   2.29456E-03   1.12110E-03  -3.80894E-03  -3.32493E-03  -7.25811E-03  -4.70737E-03  -6.20338E-03  -1.94463E-03  -9.40139E-04   3.56806E-03   6.68341E-03
 2.80800E+02   1.78274E-02  -1.75215E-02   3.02904E-03  -2.20151E-02  -1.09852E-02  -1.56834E-02  -1.62896E-02  -2.57261E-03  -1.11639E-02   8.92795E-03  -4.86113E-04   1.29533E-02   9.17146E-03   1.04680E-02   1.21686E-02   1.99871E-03   7.30004E-03  -7.13682E-03  -1.30363E-03  -1.14260E-02  -7.83528E-03  -8.99353E-03  -8.54012E-03  -1.97519E-03  -3.76765E-03   5.27564E-03   2.73659E-03   8.85509E-03   6.57420E-03   7.30662E-03   5.56591E-03   2.03743E-03   9.43796E-04  -3.77405E-03  -3.73904E-03  -6.96421E-03  -5.09120E-03  -5.86932E-03  -2.01810E-03  -8.37694E-04   3.97279E-03   6.37837E-03
 2.82900E+02   1.77771E-02  -1.75677E-02   2.79150E-03  -2.19179E-02  -1.12728E-02  -1.54262E-02  -1.64260E-02  -2.27922E-03  -1.10417E-02   9.06739E-03  -1.70533E-04   1.28306E-02   9.52791E-03   1.01263E-02   1.23271E-02   1.64804E-03   7.12781E-03  -7.25259E-03  -1.72219E-03  -1.12139E-02  -8.25454E-03  -8.58113E-03  -8.70769E-03  -1.63085E-03  -3.58040E-03   5.32240E-03   3.17005E-03   8.57051E-03   6.99989E-03   6.87857E-03   5.73668E-03   1.75029E-03   7.65844E-04  -3.73198E-03  -4.14962E-03  -6.63136E-03  -5.47007E-03  -5.49265E-03  -2.08970E-03  -7.23168E-04   4.37304E-03   6.03297E-03
 2.84900E+02   1.77337E-02  -1.76309E-02   2.57281E-03  -2.18283E-02  -1.15385E-02  -1.51671E-02  -1.65513E-02  -1.97893E-03  -1.09287E-02   9.21262E-03   1.18797E-04   1.27093E-02   9.85227E-03   9.78198E-03   1.24684E-02   1.29370E-03   6.96768E-03  -7.36951E-03  -2.10312E-03  -1.09993E-02  -8.63156E-03  -8.16477E-03  -8.85413E-03  -1.28431E-03  -3.40748E-03   5.36742E-03   3.56063E-03   8.28083E-03   7.37905E-03   6.44508E-03   5.88538E-03   1.46091E-03   6.03951E-04  -3.68730E-03  -4.51614E-03  -6.29246E-03  -5.80601E-03  -5.11037E-03  -2.15190E-03  -6.07667E-04   4.72911E-03   5.68133E-03
 2.87000E+02   1.76896E-02  -1.77175E-02   2.35012E-03  -2.17378E-02  -1.18070E-02  -1.48806E-02  -1.66750E-02  -1.64200E-03  -1.08109E-02   9.37837E-03   4.11137E-04   1.25778E-02   1.01749E-02   9.40127E-03   1.26034E-02   9.00733E-04   6.80159E-03  -7.49957E-03  -2.48420E-03  -1.07620E-02  -9.00174E-03  -7.70404E-03  -8.99146E-03  -9.01524E-04  -3.23044E-03   5.41565E-03   3.94634E-03   7.95841E-03   7.74723E-03   5.96428E-03   6.02488E-03   1.14108E-03   4.41686E-04  -3.63607E-03  -4.87368E-03  -5.91512E-03  -6.13054E-03  -4.68569E-03  -2.21014E-03  -4.79955E-04   5.07489E-03   5.28978E-03
 2.89000E+02   1.76457E-02  -1.78190E-02   2.14372E-03  -2.16552E-02  -1.20509E-02  -1.45946E-02  -1.67819E-02  -1.30122E-03  -1.06970E-02   9.54864E-03   6.78931E-04   1.24493E-02   1.04631E-02   9.02152E-03   1.27165E-02   5.07413E-04   6.64349E-03  -7.63042E-03  -2.82884E-03  -1.05255E-02  -9.32765E-03  -7.24427E-03  -9.10413E-03  -5.19900E-04  -3.06506E-03   5.46275E-03   4.28950E-03   7.63537E-03   8.06713E-03   5.48370E-03   6.14004E-03   8.22182E-04   2.94288E-04  -3.58363E-03  -5.18672E-03  -5.53684E-03  -6.41081E-03  -4.26070E-03  -2.25816E-03  -3.52594E-04   5.37581E-03   4.89726E-03
 2.91100E+02   1.75946E-02  -1.79444E-02   1.93205E-03  -2.15723E-02  -1.22930E-02  -1.42816E-02  -1.68796E-02  -9.23742E-04  -1.05733E-02   9.73994E-03   9.49249E-04   1.23114E-02   1.07437E-02   8.60619E-03   1.28159E-02   7.57657E-05   6.47565E-03  -7.77491E-03  -3.17117E-03  -1.02674E-02  -9.63966E-03  -6.74139E-03  -9.20088E-03  -1.02668E-04  -2.89372E-03   5.51357E-03   4.62340E-03   7.28106E-03   8.36844E-03   4.95745E-03   6.24045E-03   4.73634E-04   1.46798E-04  -3.52522E-03  -5.48502E-03  -5.12175E-03  -6.67282E-03  -3.79494E-03  -2.30001E-03  -2.13389E-04   5.66031E-03   4.46653E-03
 2.93200E+02   1.75352E-02  -1.80881E-02   1.72463E-03  -2.14934E-02  -1.25190E-02  -1.39569E-02  -1.69594E-02  -5.27884E-04  -1.04428E-02   9.94313E-03   1.20873E-03   1.21711E-02   1.09998E-02   8.17570E-03   1.28927E-02  -3.73147E-04   6.30404E-03  -7.92614E-03  -3.49318E-03  -1.00005E-02  -9.91860E-03  -6.22024E-03  -9.27311E-03   3.29672E-04  -2.72366E-03   5.56574E-03   4.92930E-03   6.91317E-03   8.63212E-03   4.41166E-03   6.31798E-03   1.12677E-04   6.54249E-06  -3.46382E-03  -5.75073E-03  -4.69057E-03  -6.89986E-03  -3.31162E-03  -2.33235E-03  -6.92471E-05   5.91094E-03   4.01912E-03
 2.95300E+02   1.74648E-02  -1.82480E-02   1.52060E-03  -2.14183E-02  -1.27273E-02  -1.36221E-02  -1.70184E-02  -1.15885E-04  -1.03032E-02   1.01569E-02   1.45768E-03   1.20290E-02   1.12297E-02   7.73221E-03   1.29442E-02  -8.37008E-04   6.12692E-03  -8.08334E-03  -3.79465E-03  -9.72629E-03  -1.01625E-02  -5.68356E-03  -9.31857E-03   7.74885E-04  -2.55387E-03   5.61911E-03   5.20634E-03   6.53379E-03   8.85615E-03   3.84938E-03   6.37094E-03  -2.58730E-04  -1.26702E-04  -3.39991E-03  -5.98253E-03  -4.24583E-03  -7.09017E-03  -2.81355E-03  -2.35452E-03   7.90335E-05   6.12625E-03   3.55768E-03
 2.97500E+02   1.73763E-02  -1.84308E-02   1.30963E-03  -2.13436E-02  -1.29253E-02  -1.32627E-02  -1.70551E-02   3.30140E-04  -1.01451E-02   1.03906E-02   1.70753E-03   1.18788E-02   1.14408E-02   7.25635E-03   1.29686E-02  -1.33602E-03   5.93374E-03  -8.25333E-03  -4.08831E-03  -9.43278E-03  -1.03787E-02  -5.10801E-03  -9.33535E-03   1.25228E-03  -2.37527E-03   5.67597E-03   5.46491E-03   6.12653E-03   9.04648E-03   3.24633E-03   6.39846E-03  -6.56603E-04  -2.59023E-04  -3.33071E-03  -6.18782E-03  -3.76842E-03  -7.24855E-03  -2.27931E-03  -2.36623E-03   2.37826E-04   6.31263E-03   3.06241E-03
 2.99600E+02   1.72758E-02  -1.86171E-02   1.11014E-03  -2.12757E-02  -1.30938E-02  -1.29135E-02  -1.70642E-02   7.66492E-04  -9.98111E-03   1.06210E-02   1.93593E-03   1.17347E-02   1.16127E-02   6.79423E-03   1.29618E-02  -1.82163E-03   5.74066E-03  -8.41937E-03  -4.34746E-03  -9.14828E-03  -1.05462E-02  -4.54942E-03  -9.32029E-03   1.71546E-03  -2.20324E-03   5.73074E-03   5.68105E-03   5.73093E-03   9.18449E-03   2.66116E-03   6.39681E-03  -1.04220E-03  -3.78642E-04  -3.26297E-03  -6.34712E-03  -3.30484E-03  -7.35943E-03  -1.76097E-03  -2.36592E-03   3.91655E-04   6.45222E-03   2.58159E-03
 3.01800E+02   1.71517E-02  -1.88218E-02   9.02442E-04  -2.12079E-02  -1.32481E-02  -1.25438E-02  -1.70447E-02   1.23106E-03  -9.79405E-03   1.08677E-02   2.16507E-03   1.15837E-02   1.17610E-02   6.30506E-03   1.29214E-02  -2.33640E-03   5.52806E-03  -8.59575E-03  -4.59697E-03  -8.84747E-03  -1.06801E-02  -3.95855E-03  -9.27068E-03   2.20506E-03  -2.02062E-03   5.78808E-03   5.87518E-03   5.31213E-03   9.28240E-03   2.04249E-03   6.36492E-03  -1.44932E-03  -4.97240E-04  -3.19068E-03  -6.47512E-03  -2.81443E-03  -7.43260E-03  -1.21311E-03  -2.35323E-03   5.53986E-04   6.55772E-03   2.07311E-03
 3.04000E+02   1.70071E-02  -1.90326E-02   6.95430E-04  -2.11430E-02  -1.33794E-02  -1.21728E-02  -1.69947E-02   1.69928E-03  -9.59027E-03   1.11175E-02   2.38431E-03   1.14333E-02   1.18764E-02   5.81420E-03   1.28462E-02  -2.85333E-03   5.30393E-03  -8.77293E-03  -4.82438E-03  -8.54571E-03  -1.07711E-02  -3.36609E-03  -9.18570E-03   2.69541E-03  -1.83487E-03   5.84471E-03   6.03643E-03   4.89181E-03   9.33222E-03   1.42263E-03   6.30163E-03  -1.85652E-03  -6.09283E-04  -3.11748E-03  -6.56328E-03  -2.32280E-03  -7.46150E-03  -6.64475E-04  -2.32768E-03   7.16252E-04   6.62143E-03   1.56362E-03
 3.06200E+02   1.68414E-02  -1.92463E-02   4.88578E-04  -2.10806E-02  -1.34877E-02  -1.18033E-02  -1.69135E-02   2.16701E-03  -9.36910E-03   1.13676E-02   2.59421E-03   1.12841E-02   1.19592E-02   5.32518E-03   1.27358E-02  -3.36831E-03   5.06761E-03  -8.94910E-03  -5.03035E-03  -8.24483E-03  -1.08196E-02  -2.77637E-03  -9.06512E-03   3.18263E-03  -1.64547E-03   5.89993E-03   6.16535E-03   4.47296E-03   9.33425E-03   8.06305E-04   6.20689E-03  -2.26056E-03  -7.15124E-04  -3.04379E-03  -6.61203E-03  -1.83370E-03  -7.44642E-03  -1.19348E-04  -2.28925E-03   8.77142E-04   6.64374E-03   1.05706E-03
 3.08400E+02   1.66543E-02  -1.94592E-02   2.81459E-04  -2.10200E-02  -1.35735E-02  -1.14381E-02  -1.68014E-02   2.63018E-03  -9.13030E-03   1.16156E-02   2.79539E-03   1.11366E-02   1.20099E-02   4.84150E-03   1.25906E-02  -3.87721E-03   4.81877E-03  -9.12241E-03  -5.21571E-03  -7.94664E-03  -1.08263E-02  -2.19364E-03  -8.90933E-03   3.66289E-03  -1.45201E-03   5.95297E-03   6.26288E-03   4.05848E-03   9.28943E-03   1.98163E-04   6.08107E-03  -2.65820E-03  -8.15144E-04  -2.96999E-03  -6.62227E-03  -1.35081E-03  -7.38819E-03   4.18049E-04  -2.23811E-03   1.03536E-03   6.62553E-03   5.57337E-04
 3.10600E+02   1.64464E-02  -1.96681E-02   7.37438E-05  -2.09609E-02  -1.36378E-02  -1.10797E-02  -1.66595E-02   3.08482E-03  -8.87409E-03   1.18587E-02   2.98851E-03   1.09914E-02   1.20298E-02   4.36650E-03   1.24115E-02  -4.37606E-03   4.55737E-03  -9.29106E-03  -5.38156E-03  -7.65279E-03  -1.07927E-02  -1.62199E-03  -8.71926E-03   4.13248E-03  -1.25427E-03   6.00306E-03   6.33031E-03   3.65114E-03   9.19930E-03  -3.97340E-04   5.92501E-03  -3.04633E-03  -9.09754E-04  -2.89643E-03  -6.59538E-03  -8.77640E-04  -7.28822E-03   9.43664E-04  -2.17460E-03   1.18964E-03   6.56821E-03   6.81607E-05
 3.12800E+02   1.62186E-02  -1.98697E-02  -1.34805E-04  -2.09027E-02  -1.36819E-02  -1.07307E-02  -1.64891E-02   3.52726E-03  -8.60107E-03   1.20947E-02   3.17430E-03   1.08488E-02   1.20207E-02   3.90326E-03   1.22000E-02  -4.86116E-03   4.28368E-03  -9.45334E-03  -5.52919E-03  -7.36482E-03  -1.07210E-02  -1.06519E-03  -8.49634E-03   4.58791E-03  -1.05212E-03   6.04945E-03   6.36928E-03   3.25350E-03   9.06601E-03  -9.76046E-04   5.73997E-03  -3.42201E-03  -9.99390E-04  -2.82342E-03  -6.53318E-03  -4.17451E-04  -7.14843E-03   1.45371E-03  -2.09923E-03   1.33880E-03   6.47360E-03  -4.06991E-04
 3.15100E+02   1.59609E-02  -2.00697E-02  -3.53893E-04  -2.08423E-02  -1.37083E-02  -1.03780E-02  -1.62828E-02   3.97318E-03  -8.29873E-03   1.23312E-02   3.36153E-03   1.07031E-02   1.19824E-02   3.43455E-03   1.19466E-02  -5.34998E-03   3.98494E-03  -9.61445E-03  -5.66563E-03  -7.07149E-03  -1.06078E-02  -5.02674E-04  -8.23024E-03   5.04548E-03  -8.36070E-04   6.09322E-03   6.38170E-03   2.85063E-03   8.88336E-03  -1.55901E-03   5.51727E-03  -3.79856E-03  -1.08828E-03  -2.74793E-03  -6.43275E-03   4.65697E-05  -6.96224E-03   1.96655E-03  -2.00845E-03   1.48810E-03   6.33728E-03  -8.85331E-04
 3.17400E+02   1.56851E-02  -2.02558E-02  -5.74158E-04  -2.07818E-02  -1.37168E-02  -1.00399E-02  -1.60504E-02   4.39890E-03  -7.98052E-03   1.25553E-02   3.54250E-03   1.05610E-02   1.19174E-02   2.98440E-03   1.16629E-02  -5.81676E-03   3.67413E-03  -9.76521E-03  -5.78557E-03  -6.78728E-03  -1.04590E-02   3.65121E-05  -7.93292E-03   5.48094E-03  -6.15334E-04   6.13138E-03   6.36762E-03   2.46308E-03   8.65989E-03  -2.11575E-03   5.26684E-03  -4.15588E-03  -1.17276E-03  -2.67352E-03  -6.29897E-03   4.90227E-04  -6.73819E-03   2.45515E-03  -1.90630E-03   1.62952E-03   6.16562E-03  -1.34175E-03
 3.19700E+02   1.53939E-02  -2.04257E-02  -7.95623E-04  -2.07208E-02  -1.37098E-02  -9.71800E-03  -1.57954E-02   4.80172E-03  -7.64817E-03   1.27651E-02   3.71813E-03   1.04228E-02   1.18289E-02   2.55501E-03   1.13521E-02  -6.25875E-03   3.35227E-03  -9.90420E-03  -5.89098E-03  -6.51320E-03  -1.02781E-02   5.49598E-04  -7.60732E-03   5.89161E-03  -3.90130E-04   6.16325E-03   6.32974E-03   2.09268E-03   8.39945E-03  -2.64312E-03   4.99115E-03  -4.49168E-03  -1.25339E-03  -2.60033E-03  -6.13494E-03   9.11066E-04  -6.47973E-03   2.91661E-03  -1.79375E-03   1.76213E-03   5.96184E-03  -1.77361E-03
 3.22000E+02   1.50899E-02  -2.05776E-02  -1.01826E-03  -2.06589E-02  -1.36899E-02  -9.41359E-03  -1.55210E-02   5.17963E-03  -7.30359E-03   1.29590E-02   3.88936E-03   1.02885E-02   1.17202E-02   2.14800E-03   1.10178E-02  -6.67378E-03   3.02054E-03  -1.00303E-02  -5.98385E-03  -6.24992E-03  -1.00691E-02   1.03444E-03  -7.25662E-03   6.27536E-03  -1.60754E-04   6.18819E-03   6.27087E-03   1.74082E-03   8.10612E-03  -3.13862E-03   4.69282E-03  -4.80408E-03  -1.33071E-03  -2.52845E-03  -5.94398E-03   1.30714E-03  -6.19049E-03   3.34858E-03  -1.67188E-03   1.88518E-03   5.72938E-03  -2.17878E-03
 3.24300E+02   1.47759E-02  -2.07103E-02  -1.24200E-03  -2.05956E-02  -1.36600E-02  -9.12738E-03  -1.52311E-02   5.53120E-03  -6.94881E-03   1.31359E-02   4.05712E-03   1.01580E-02   1.15947E-02   1.76446E-03   1.06634E-02  -7.06032E-03   2.68018E-03  -1.01424E-02  -6.06622E-03  -5.99782E-03  -9.83596E-03   1.48954E-03  -6.88411E-03   6.63057E-03   7.24419E-05   6.20566E-03   6.19388E-03   1.40848E-03   7.78410E-03  -3.60042E-03   4.37462E-03  -5.09167E-03  -1.40524E-03  -2.45787E-03  -5.72944E-03   1.67701E-03  -5.87424E-03   3.74931E-03  -1.54177E-03   1.99805E-03   5.47174E-03  -2.55569E-03
 3.26600E+02   1.44550E-02  -2.08229E-02  -1.46674E-03  -2.05307E-02  -1.36228E-02  -8.85970E-03  -1.49292E-02   5.85566E-03  -6.58589E-03   1.32952E-02   4.22230E-03   1.00313E-02   1.14556E-02   1.40495E-03   1.02927E-02  -7.41739E-03   2.33249E-03  -1.02401E-02  -6.14006E-03  -5.75701E-03  -9.58263E-03   1.91399E-03  -6.49309E-03   6.95617E-03   3.09070E-04   6.21519E-03   6.10162E-03   1.09618E-03   7.43760E-03  -4.02730E-03   4.03929E-03  -5.35341E-03  -1.47749E-03  -2.38854E-03  -5.49470E-03   2.01973E-03  -5.53471E-03   4.11756E-03  -1.40454E-03   2.10032E-03   5.19242E-03  -2.90325E-03
 3.29000E+02   1.41157E-02  -2.09188E-02  -1.70219E-03  -2.04608E-02  -1.35790E-02  -8.60004E-03  -1.46052E-02   6.16508E-03  -6.20070E-03   1.34422E-02   4.39281E-03   9.90272E-03   1.12998E-02   1.05549E-03   9.89214E-03  -7.75815E-03   1.96327E-03  -1.03259E-02  -6.21008E-03  -5.51759E-03  -9.30096E-03   2.32386E-03  -6.06884E-03   7.26370E-03   5.59209E-04   6.21625E-03   5.99201E-03   7.91858E-04   7.05433E-03  -4.43482E-03   3.67404E-03  -5.59830E-03  -1.55097E-03  -2.31738E-03  -5.23175E-03   2.34788E-03  -5.15957E-03   4.46645E-03  -1.25491E-03   2.19544E-03   4.88151E-03  -3.23397E-03
 3.31400E+02   1.37749E-02  -2.09927E-02  -1.93848E-03  -2.03886E-02  -1.35330E-02  -8.35993E-03  -1.42760E-02   6.44510E-03  -5.81105E-03   1.35695E-02   4.56232E-03   9.77751E-03   1.11364E-02   7.31811E-04   9.48146E-03  -8.06648E-03   1.58889E-03  -1.03950E-02  -6.27493E-03  -5.28983E-03  -9.00573E-03   2.70020E-03  -5.63149E-03   7.53814E-03   8.12180E-04   6.20785E-03   5.87171E-03   5.09327E-04   6.65328E-03  -4.80350E-03   3.29603E-03  -5.81404E-03  -1.62299E-03  -2.24723E-03  -4.95388E-03   2.64583E-03  -4.76705E-03   4.77893E-03  -1.09988E-03   2.27854E-03   4.55440E-03  -3.53186E-03
 3.33800E+02   1.34355E-02  -2.10454E-02  -2.17546E-03  -2.03138E-02  -1.34873E-02  -8.13846E-03  -1.39451E-02   6.69661E-03  -5.41899E-03   1.36772E-02   4.73163E-03   9.65515E-03   1.09686E-02   4.33009E-04   9.06416E-03  -8.34300E-03   1.21069E-03  -1.04472E-02  -6.33648E-03  -5.07301E-03  -8.70078E-03   3.04373E-03  -5.18431E-03   7.77971E-03   1.06753E-03   6.18966E-03   5.74343E-03   2.48021E-04   6.23855E-03  -5.13373E-03   2.90802E-03  -6.00064E-03  -1.69400E-03  -2.17782E-03  -4.66439E-03   2.91391E-03  -4.36085E-03   5.05517E-03  -9.40568E-04   2.34961E-03   4.21453E-03  -3.79714E-03
 3.36200E+02   1.31000E-02  -2.10779E-02  -2.41301E-03  -2.02362E-02  -1.34444E-02  -7.93442E-03  -1.36156E-02   6.92092E-03  -5.02639E-03   1.37660E-02   4.90147E-03   9.53505E-03   1.07996E-02   1.57807E-04   8.64347E-03  -8.58872E-03   8.29897E-04  -1.04826E-02  -6.39638E-03  -4.86621E-03  -8.38964E-03   3.35561E-03  -4.73032E-03   7.98901E-03   1.32480E-03   6.16142E-03   5.60965E-03   7.07963E-06   5.81391E-03  -5.42633E-03   2.51254E-03  -6.15840E-03  -1.76438E-03  -2.10882E-03  -4.36629E-03   3.15275E-03  -3.94438E-03   5.29572E-03  -7.77994E-04   2.40872E-03   3.86506E-03  -4.03035E-03
 3.38600E+02   1.27706E-02  -2.10914E-02  -2.65101E-03  -2.01555E-02  -1.34063E-02  -7.74631E-03  -1.32905E-02   7.11971E-03  -4.63490E-03   1.38364E-02   5.07245E-03   9.41654E-03   1.06317E-02  -9.53781E-05   8.22224E-03  -8.80497E-03   4.47641E-04  -1.05013E-02  -6.45610E-03  -4.66836E-03  -8.07543E-03   3.63731E-03  -4.27221E-03   8.16691E-03   1.58358E-03   6.12285E-03   5.47257E-03  -2.14589E-04   5.38276E-03  -5.68246E-03   2.11190E-03  -6.28783E-03  -1.83448E-03  -2.03988E-03  -4.06228E-03   3.36329E-03  -3.52072E-03   5.50140E-03  -6.13096E-04   2.45604E-03   3.50883E-03  -4.23232E-03
 3.41000E+02   1.24494E-02  -2.10875E-02  -2.88935E-03  -2.00717E-02  -1.33747E-02  -7.57246E-03  -1.29722E-02   7.29492E-03  -4.24595E-03   1.38894E-02   5.24509E-03   9.29888E-03   1.04674E-02  -3.28357E-04   7.80296E-03  -8.99334E-03   6.49201E-05  -1.05035E-02  -6.51688E-03  -4.47822E-03  -7.76085E-03   3.89057E-03  -3.81237E-03   8.31447E-03   1.84344E-03   6.07373E-03   5.33409E-03  -4.18251E-04   4.94807E-03  -5.90353E-03   1.70817E-03  -6.38959E-03  -1.90456E-03  -1.97059E-03  -3.75475E-03   3.54661E-03  -3.09261E-03   5.67326E-03  -4.46716E-04   2.49177E-03   3.14839E-03  -4.40408E-03
 3.43500E+02   1.21251E-02  -2.10668E-02  -3.13788E-03  -1.99809E-02  -1.33505E-02  -7.40457E-03  -1.26500E-02   7.45464E-03  -3.84481E-03   1.39270E-02   5.42714E-03   9.17640E-03   1.03018E-02  -5.51685E-04   7.37057E-03  -9.16178E-03  -3.33285E-04  -1.04886E-02  -6.58242E-03  -4.28696E-03  -7.43529E-03   4.12618E-03  -3.33377E-03   8.43720E-03   2.11486E-03   6.01109E-03   5.19009E-03  -6.12749E-04   4.49431E-03  -6.09820E-03   1.28628E-03  -6.46699E-03  -1.97776E-03  -1.89757E-03  -3.43290E-03   3.70996E-03  -2.64454E-03   5.81757E-03  -2.72638E-04   2.51697E-03   2.77085E-03  -4.55209E-03
 3.46000E+02   1.18128E-02  -2.10311E-02  -3.38655E-03  -1.98864E-02  -1.33362E-02  -7.24803E-03  -1.23393E-02   7.59359E-03  -3.44888E-03   1.39478E-02   5.61179E-03   9.05310E-03   1.01438E-02  -7.57576E-04   6.94456E-03  -9.30394E-03  -7.30148E-04  -1.04564E-02  -6.65111E-03  -4.10109E-03  -7.11402E-03   4.33528E-03  -2.85757E-03   8.52974E-03   2.38657E-03   5.93647E-03   5.04784E-03  -7.90868E-04   4.04205E-03  -6.25839E-03   8.64837E-04  -6.51610E-03  -2.05132E-03  -1.82321E-03  -3.11151E-03   3.84661E-03  -2.19664E-03   5.92787E-03  -9.85241E-05   2.53021E-03   2.39332E-03  -4.66995E-03
 3.48500E+02   1.15136E-02  -2.09824E-02  -3.63527E-03  -1.97878E-02  -1.33329E-02  -7.10062E-03  -1.20413E-02   7.71438E-03  -3.05907E-03   1.39529E-02   5.79926E-03   8.92805E-03   9.99449E-03  -9.48435E-04   6.52653E-03  -9.42193E-03  -1.12489E-03  -1.04073E-02  -6.72360E-03  -3.91901E-03  -6.79880E-03   4.52018E-03  -2.38547E-03   8.59355E-03   2.65812E-03   5.84959E-03   4.90854E-03  -9.54305E-04   3.59342E-03  -6.38602E-03   4.45420E-04  -6.53786E-03  -2.12530E-03  -1.74696E-03  -2.79228E-03   3.95807E-03  -1.75096E-03   6.00561E-03   7.49527E-05   2.53180E-03   2.01769E-03  -4.75907E-03
 3.51000E+02   1.12282E-02  -2.09228E-02  -3.88393E-03  -1.96851E-02  -1.33413E-02  -6.96011E-03  -1.17572E-02   7.81958E-03  -2.67610E-03   1.39435E-02   5.98963E-03   8.80028E-03   9.85489E-03  -1.12667E-03   6.11771E-03  -9.51787E-03  -1.51681E-03  -1.03415E-02  -6.80030E-03  -3.73911E-03  -6.49098E-03   4.68320E-03  -1.91891E-03   8.63006E-03   2.92903E-03   5.75015E-03   4.77312E-03  -1.10476E-03   3.15018E-03  -6.48298E-03   2.94261E-05  -6.53318E-03  -2.19972E-03  -1.66832E-03  -2.47663E-03   4.04583E-03  -1.30927E-03   6.05221E-03   2.47192E-04   2.52205E-03   1.64556E-03  -4.82083E-03
 3.53500E+02   1.09570E-02  -2.08543E-02  -4.13239E-03  -1.95781E-02  -1.33616E-02  -6.82429E-03  -1.14875E-02   7.91175E-03  -2.30048E-03   1.39206E-02   6.18289E-03   8.66884E-03   9.72555E-03  -1.29465E-03   5.71900E-03  -9.59381E-03  -1.90529E-03  -1.02593E-02  -6.88140E-03  -3.55979E-03  -6.19157E-03   4.82661E-03  -1.45909E-03   8.64065E-03   3.19879E-03   5.63782E-03   4.64223E-03  -1.24389E-03   2.71381E-03  -6.55112E-03  -3.81905E-04  -6.50292E-03  -2.27449E-03  -1.58673E-03  -2.16575E-03   4.11136E-03  -8.73107E-04   6.06903E-03   4.17648E-04   2.50127E-03   1.27828E-03  -4.85659E-03
 3.56100E+02   1.06904E-02  -2.07759E-02  -4.39043E-03  -1.94618E-02  -1.33955E-02  -6.68573E-03  -1.12227E-02   7.99642E-03  -1.91804E-03   1.38838E-02   6.38677E-03   8.52724E-03   9.60221E-03  -1.46095E-03   5.31575E-03  -9.65370E-03  -2.30500E-03  -1.01568E-02  -6.97036E-03  -3.37222E-03  -5.88985E-03   4.95728E-03  -9.89110E-04   8.62558E-03   3.47753E-03   5.50696E-03   4.51139E-03  -1.37830E-03   2.26854E-03  -6.59327E-03  -8.03543E-04  -6.44518E-03  -2.35247E-03  -1.49820E-03  -1.84854E-03   4.15741E-03  -4.26789E-04   6.05632E-03   5.92488E-04   2.46822E-03   9.02733E-04  -4.86757E-03
 3.58700E+02   1.04393E-02  -2.06921E-02  -4.64792E-03  -1.93404E-02  -1.34421E-02  -6.54759E-03  -1.09739E-02   8.07228E-03  -1.54427E-03   1.38346E-02   6.59330E-03   8.37962E-03   9.49022E-03  -1.62112E-03   4.92455E-03  -9.69619E-03  -2.69970E-03  -1.00370E-02  -7.06375E-03  -3.18188E-03  -5.59844E-03   5.07143E-03  -5.28473E-04   8.58524E-03   3.75373E-03   5.36140E-03   4.38616E-03  -1.50393E-03   1.83311E-03  -6.60797E-03  -1.21777E-03  -6.36146E-03  -2.43040E-03  -1.40534E-03  -1.53842E-03   4.18237E-03   1.07814E-05   6.01415E-03   7.64314E-04   2.42379E-03   5.34859E-04  -4.85313E-03
 3.61300E+02   1.02034E-02  -2.06050E-02  -4.90463E-03  -1.92134E-02  -1.35009E-02  -6.40769E-03  -1.07406E-02   8.14180E-03  -1.17931E-03   1.37741E-02   6.80202E-03   8.22496E-03   9.38924E-03  -1.77749E-03   4.54562E-03  -9.72322E-03  -3.08872E-03  -9.90016E-03  -7.16108E-03  -2.98716E-03  -5.31756E-03   5.17120E-03  -7.80146E-05   8.52088E-03   4.02664E-03   5.20073E-03   4.26657E-03  -1.62240E-03   1.40844E-03  -6.59690E-03  -1.62348E-03  -6.25249E-03  -2.50793E-03  -1.30762E-03  -1.23616E-03   4.18760E-03   4.38394E-04   5.94374E-03   9.32601E-04   2.36820E-03   1.75677E-04  -4.81452E-03
 3.63900E+02   9.98225E-03  -2.05163E-02  -5.16027E-03  -1.90807E-02  -1.35711E-02  -6.26397E-03  -1.05225E-02   8.20729E-03  -8.23262E-04   1.37032E-02   7.01236E-03   8.06232E-03   9.29869E-03  -1.93223E-03   4.17897E-03  -9.73657E-03  -3.47139E-03  -9.74635E-03  -7.26163E-03  -2.78653E-03  -5.04715E-03   5.25862E-03   3.61518E-04   8.43362E-03   4.29537E-03   5.02457E-03   4.15247E-03  -1.73519E-03   9.95301E-04  -6.56163E-03  -2.01959E-03  -6.11894E-03  -2.58464E-03  -1.20450E-03  -9.42355E-04   4.17434E-03   8.54920E-04   5.84622E-03   1.09682E-03   2.30169E-03  -1.73888E-04  -4.75285E-03
 3.66500E+02   9.77513E-03  -2.04278E-02  -5.41454E-03  -1.89420E-02  -1.36518E-02  -6.11450E-03  -1.03185E-02   8.27083E-03  -4.76144E-04   1.36228E-02   7.22359E-03   7.89081E-03   9.21773E-03  -2.08733E-03   3.82446E-03  -9.73788E-03  -3.84698E-03  -9.57569E-03  -7.36448E-03  -2.57861E-03  -4.78701E-03   5.33550E-03   7.89429E-04   8.32450E-03   4.55896E-03   4.83257E-03   4.04353E-03  -1.84369E-03   5.94368E-04  -6.50358E-03  -2.40500E-03  -5.96142E-03  -2.66000E-03  -1.09553E-03  -6.57555E-04   4.14374E-03   1.25927E-03   5.72262E-03   1.25643E-03   2.22443E-03  -5.12965E-04  -4.66917E-03
 3.69100E+02   9.58117E-03  -2.03409E-02  -5.66706E-03  -1.87971E-02  -1.37417E-02  -5.95759E-03  -1.01278E-02   8.33434E-03  -1.37936E-04   1.35336E-02   7.43486E-03   7.70964E-03   9.14530E-03  -2.24459E-03   3.48181E-03  -9.72862E-03  -4.21470E-03  -9.38827E-03  -7.46856E-03  -2.36214E-03  -4.53675E-03   5.40352E-03   1.20504E-03   8.19445E-03   4.81633E-03   4.62441E-03   3.93930E-03  -1.94913E-03   2.06252E-04  -6.42405E-03  -2.77860E-03  -5.78051E-03  -2.73340E-03  -9.80294E-04  -3.82231E-04   4.09683E-03   1.65035E-03   5.57391E-03   1.41085E-03   2.13664E-03  -8.40710E-04  -4.56442E-03
 3.71800E+02   9.39261E-03  -2.02538E-02  -5.92696E-03  -1.86397E-02  -1.38433E-02  -5.78511E-03  -9.94250E-03   8.40204E-03   2.03898E-04   1.34323E-02   7.65325E-03   7.51053E-03   9.07780E-03  -2.41188E-03   3.13818E-03  -9.70923E-03  -4.58731E-03  -9.17604E-03  -7.57656E-03  -2.12713E-03  -4.28677E-03   5.46635E-03   1.62290E-03   8.03820E-03   5.07572E-03   4.39089E-03   3.83541E-03  -2.05656E-03  -1.82612E-04  -6.32002E-03  -3.15280E-03  -5.56849E-03  -2.80683E-03  -8.53611E-04  -1.06820E-04   4.03190E-03   2.04125E-03   5.39389E-03   1.56510E-03   2.03453E-03  -1.16816E-03  -4.43434E-03
 3.74500E+02   9.21593E-03  -2.01713E-02  -6.18396E-03  -1.84752E-02  -1.39515E-02  -5.60149E-03  -9.76868E-03   8.47315E-03   5.36236E-04   1.33228E-02   7.86943E-03   7.29959E-03   9.01663E-03  -2.58475E-03   2.80648E-03  -9.68118E-03  -4.94946E-03  -8.94605E-03  -7.68291E-03  -1.88071E-03  -4.04621E-03   5.52267E-03   2.02599E-03   7.86125E-03   5.32565E-03   4.13954E-03   3.73520E-03  -2.16294E-03  -5.56411E-04  -6.19539E-03  -3.51157E-03  -5.33252E-03  -2.87656E-03  -7.19488E-04   1.57424E-04   3.95145E-03   2.41538E-03   5.18878E-03   1.71239E-03   1.92151E-03  -1.48152E-03  -4.28349E-03
 3.77200E+02   9.04980E-03  -2.00943E-02  -6.43744E-03  -1.83034E-02  -1.40643E-02  -5.40552E-03  -9.60473E-03   8.54905E-03   8.59140E-04   1.32058E-02   8.08205E-03   7.07634E-03   8.96007E-03  -2.76446E-03   2.48618E-03  -9.64562E-03  -5.30001E-03  -8.69854E-03  -7.78588E-03  -1.62207E-03  -3.81428E-03   5.57377E-03   2.41349E-03   7.66454E-03   5.56452E-03   3.87034E-03   3.63781E-03  -2.26917E-03  -9.14515E-04  -6.05135E-03  -3.85345E-03  -5.07331E-03  -2.94167E-03  -5.77732E-04   4.10032E-04   3.85642E-03   2.77140E-03   4.95961E-03   1.85198E-03   1.79787E-03  -1.77979E-03  -4.11286E-03
 3.79900E+02   8.89280E-03  -2.00237E-02  -6.68677E-03  -1.81242E-02  -1.41798E-02  -5.19629E-03  -9.44894E-03   8.63084E-03   1.17267E-03   1.30819E-02   8.28968E-03   6.84047E-03   8.90629E-03  -2.95202E-03   2.17672E-03  -9.60358E-03  -5.63774E-03  -8.43386E-03  -7.88357E-03  -1.35069E-03  -3.59012E-03   5.62073E-03   2.78453E-03   7.44899E-03   5.79064E-03   3.58347E-03   3.54231E-03  -2.37599E-03  -1.25628E-03  -5.88905E-03  -4.17687E-03  -4.79170E-03  -3.00118E-03  -4.28266E-04   6.50531E-04   3.74773E-03   3.10793E-03   4.70748E-03   1.98307E-03   1.66396E-03  -2.06195E-03  -3.92344E-03
 3.82700E+02   8.73809E-03  -1.99581E-02  -6.94017E-03  -1.79307E-02  -1.43000E-02  -4.96466E-03  -9.29406E-03   8.72279E-03   1.48795E-03   1.29466E-02   8.49811E-03   6.58242E-03   8.85141E-03  -3.15555E-03   1.86661E-03  -9.55407E-03  -5.97307E-03  -8.14177E-03  -7.97722E-03  -1.05550E-03  -3.36492E-03   5.66601E-03   3.15098E-03   7.20660E-03   6.00978E-03   3.26769E-03   3.44419E-03  -2.48797E-03  -1.59274E-03  -5.70271E-03  -4.49104E-03  -4.47701E-03  -3.05586E-03  -2.65185E-04   8.86636E-04   3.62158E-03   3.43479E-03   4.42299E-03   2.10915E-03   1.51470E-03  -2.33640E-03  -3.70827E-03
 3.85400E+02   8.59517E-03  -1.99026E-02  -7.17882E-03  -1.77368E-02  -1.44141E-02  -4.72688E-03  -9.14926E-03   8.81892E-03   1.78251E-03   1.28101E-02   8.69084E-03   6.32072E-03   8.79731E-03  -3.36095E-03   1.57737E-03  -9.50143E-03  -6.28068E-03  -7.84379E-03  -8.05803E-03  -7.57614E-04  -3.15381E-03   5.70715E-03   3.48571E-03   6.95577E-03   6.20439E-03   2.94618E-03   3.34942E-03  -2.59750E-03  -1.89917E-03  -5.50684E-03  -4.77180E-03  -4.15291E-03  -3.10070E-03  -1.00347E-04   1.10098E-03   3.48790E-03   3.72711E-03   4.12784E-03   2.22034E-03   1.36128E-03  -2.58243E-03  -3.48389E-03
 3.88200E+02   8.45185E-03  -1.98533E-02  -7.41958E-03  -1.75285E-02  -1.45280E-02  -4.46540E-03  -9.00183E-03   8.92667E-03   2.07818E-03   1.26629E-02   8.88043E-03   6.03638E-03   8.73783E-03  -3.58354E-03   1.28692E-03  -9.44246E-03  -6.58189E-03  -7.51874E-03  -8.12977E-03  -4.35324E-04  -2.94014E-03   5.74779E-03   3.81249E-03   6.67916E-03   6.38689E-03   2.59606E-03   3.24986E-03  -2.71293E-03  -2.19754E-03  -5.28826E-03  -5.03815E-03  -3.79682E-03  -3.13786E-03   7.80672E-05   1.30892E-03   3.33784E-03   4.00497E-03   3.80174E-03   2.32394E-03   1.19299E-03  -2.81710E-03  -3.23501E-03
 3.91000E+02   8.31190E-03  -1.98125E-02  -7.65269E-03  -1.73131E-02  -1.46351E-02  -4.18917E-03  -8.85518E-03   9.04264E-03   2.36392E-03   1.25105E-02   9.05784E-03   5.73948E-03   8.67275E-03  -3.81568E-03   1.00549E-03  -9.37966E-03  -6.86353E-03  -7.17851E-03  -8.18699E-03  -1.00131E-04  -2.73080E-03   5.78682E-03   4.11756E-03   6.38715E-03   6.54772E-03   2.23015E-03   3.14785E-03  -2.83027E-03  -2.47543E-03  -5.05538E-03  -5.27741E-03  -3.42210E-03  -3.16433E-03   2.63508E-04   1.50174E-03   3.17721E-03   4.25548E-03   3.45709E-03   2.41470E-03   1.01619E-03  -3.02976E-03  -2.97117E-03
 3.93800E+02   8.17376E-03  -1.97800E-02  -7.87739E-03  -1.70913E-02  -1.47329E-02  -3.89900E-03  -8.70735E-03   9.16657E-03   2.63976E-03   1.23534E-02   9.22141E-03   5.43097E-03   8.59997E-03  -4.05680E-03   7.32421E-04  -9.31354E-03  -7.12418E-03  -6.82447E-03  -8.22751E-03   2.46890E-04  -2.52478E-03   5.82452E-03   4.39996E-03   6.08130E-03   6.68494E-03   1.85004E-03   3.04228E-03  -2.94934E-03  -2.73216E-03  -4.80972E-03  -5.48783E-03  -3.03078E-03  -3.17897E-03   4.55206E-04   1.67896E-03   3.00718E-03   4.47711E-03   3.09596E-03   2.49172E-03   8.31818E-04  -3.21928E-03  -2.69405E-03
 3.96700E+02   8.03101E-03  -1.97547E-02  -8.10046E-03  -1.68555E-02  -1.48221E-02  -3.58503E-03  -8.55104E-03   9.30273E-03   2.91506E-03   1.21864E-02   9.37457E-03   5.10047E-03   8.51436E-03  -4.31508E-03   4.57746E-04  -9.24203E-03  -7.37063E-03  -6.44495E-03  -8.24972E-03   6.17256E-04  -2.31388E-03   5.86229E-03   4.66759E-03   5.75178E-03   6.80022E-03   1.44338E-03   2.92808E-03  -3.07416E-03  -2.97509E-03  -4.54356E-03  -5.67366E-03  -2.61039E-03  -3.18053E-03   6.59327E-04   1.84559E-03   2.82250E-03   4.67471E-03   2.70700E-03   2.55614E-03   6.34060E-04  -3.39011E-03  -2.39499E-03
 3.99500E+02   7.89210E-03  -1.97375E-02  -8.30591E-03  -1.66228E-02  -1.48945E-02  -3.27047E-03  -8.39530E-03   9.44088E-03   3.17094E-03   1.20216E-02   9.50535E-03   4.77228E-03   8.41996E-03  -4.57146E-03   1.99771E-04  -9.17044E-03  -7.58472E-03  -6.06800E-03  -8.25019E-03   9.83626E-04  -2.11171E-03   5.89752E-03   4.90126E-03   5.42323E-03   6.88399E-03   1.04046E-03   2.81211E-03  -3.19558E-03  -3.18696E-03  -4.27704E-03  -5.82063E-03  -2.19257E-03  -3.16790E-03   8.60631E-04   1.98979E-03   2.63722E-03   4.83342E-03   2.31966E-03   2.60275E-03   4.37824E-04  -3.52956E-03  -2.09670E-03
 4.02400E+02   7.74581E-03  -1.97266E-02  -8.50787E-03  -1.63776E-02  -1.49534E-02  -2.93480E-03  -8.22739E-03   9.58976E-03   3.42581E-03   1.18481E-02   9.62182E-03   4.42476E-03   8.30833E-03  -4.84271E-03  -6.05715E-05  -9.09397E-03  -7.78076E-03  -5.66890E-03  -8.22728E-03   1.36997E-03  -1.90295E-03   5.93254E-03   5.11703E-03   5.07434E-03   6.94077E-03   6.15117E-04   2.68519E-03  -3.32157E-03  -3.38252E-03  -3.99310E-03  -5.93800E-03  -1.75044E-03  -3.13933E-03   1.07211E-03   2.12157E-03   2.43958E-03   4.96353E-03   1.90920E-03   2.63425E-03   2.30553E-04  -3.64684E-03  -1.78020E-03
 4.05300E+02   7.59591E-03  -1.97217E-02  -8.69844E-03  -1.61293E-02  -1.49945E-02  -2.59136E-03  -8.05138E-03   9.74316E-03   3.67056E-03   1.16722E-02   9.71802E-03   4.07157E-03   8.18118E-03  -5.11792E-03  -3.14574E-04  -9.01537E-03  -7.94993E-03  -5.26337E-03  -8.17918E-03   1.76080E-03  -1.69401E-03   5.96578E-03   5.30572E-03   4.71901E-03   6.96594E-03   1.84538E-04   2.55054E-03  -3.44693E-03  -3.55358E-03  -3.70319E-03  -6.01902E-03  -1.30205E-03  -3.09430E-03   1.28507E-03   2.23534E-03   2.23764E-03   5.05801E-03   1.49247E-03   2.64820E-03   2.07850E-05  -3.73599E-03  -1.45850E-03
 4.08300E+02   7.43607E-03  -1.97215E-02  -8.88337E-03  -1.58705E-02  -1.50170E-02  -2.23057E-03  -7.85957E-03   9.90496E-03   3.91341E-03   1.14886E-02   9.79548E-03   3.70258E-03   8.03213E-03  -5.40459E-03  -5.71310E-04  -8.93201E-03  -8.09623E-03  -4.83983E-03  -8.10187E-03   2.16692E-03  -1.47692E-03   5.99787E-03   5.47230E-03   4.34723E-03   6.95793E-03  -2.63057E-04   2.40243E-03  -3.57489E-03  -3.70477E-03  -3.39931E-03  -6.06402E-03  -8.35292E-04  -3.02985E-03   1.50512E-03   2.33411E-03   2.02591E-03   5.11786E-03   1.05836E-03   2.64385E-03  -1.97035E-04  -3.79836E-03  -1.12305E-03
 4.11200E+02   7.27623E-03  -1.97248E-02  -9.05034E-03  -1.56196E-02  -1.50187E-02  -1.87918E-03  -7.66391E-03   1.00626E-02   4.13855E-03   1.13103E-02   9.84874E-03   3.34480E-03   7.87035E-03  -5.68133E-03  -8.14259E-04  -8.84957E-03  -8.20989E-03  -4.42921E-03  -7.99993E-03   2.55828E-03  -1.26554E-03   6.02615E-03   5.60587E-03   3.98631E-03   6.91698E-03  -6.94478E-04   2.25027E-03  -3.69579E-03  -3.82628E-03  -3.10393E-03  -6.06994E-03  -3.84937E-04  -2.95005E-03   1.71577E-03   2.41147E-03   1.82016E-03   5.13912E-03   6.39322E-04   2.62141E-03  -4.06583E-04  -3.82988E-03  -7.98939E-04
 4.14200E+02   7.10488E-03  -1.97305E-02  -9.21111E-03  -1.53608E-02  -1.49997E-02  -1.51585E-03  -7.45038E-03   1.02252E-02   4.36198E-03   1.11255E-02   9.88156E-03   2.97606E-03   7.68430E-03  -5.96479E-03  -1.06077E-03  -8.76243E-03  -8.29913E-03  -4.00603E-03  -7.86623E-03   2.95869E-03  -1.04479E-03   6.05197E-03   5.71615E-03   3.61398E-03   6.84045E-03  -1.13594E-03   2.08328E-03  -3.81674E-03  -3.92703E-03  -2.79897E-03  -6.03760E-03   7.62382E-05  -2.84939E-03   1.92962E-03   2.47317E-03   1.60789E-03   5.12374E-03   2.10141E-04   2.57951E-03  -6.20416E-04  -3.83313E-03  -4.66692E-04
 4.17200E+02   6.92720E-03  -1.97371E-02  -9.36017E-03  -1.51040E-02  -1.49597E-02  -1.15558E-03  -7.22533E-03   1.03852E-02   4.57637E-03   1.09412E-02   9.89222E-03   2.61124E-03   7.47929E-03  -6.24290E-03  -1.30296E-03  -8.67341E-03  -8.36034E-03  -3.58729E-03  -7.70420E-03   3.35140E-03  -8.21543E-04   6.07364E-03   5.79897E-03   3.24526E-03   6.72988E-03  -1.56894E-03   1.90647E-03  -3.93223E-03  -4.00325E-03  -2.49688E-03  -5.96709E-03   5.28811E-04  -2.73060E-03   2.13738E-03   2.51683E-03   1.39787E-03   5.07133E-03  -2.11005E-04   2.51903E-03  -8.29366E-04  -3.80734E-03  -1.40373E-04
 4.20200E+02   6.74321E-03  -1.97430E-02  -9.49822E-03  -1.48504E-02  -1.48995E-02  -8.01134E-04  -6.98891E-03   1.05409E-02   4.78241E-03   1.07578E-02   9.88161E-03   2.25273E-03   7.25576E-03  -6.51326E-03  -1.54137E-03  -8.58244E-03  -8.39474E-03  -3.17563E-03  -7.51470E-03   3.73332E-03  -5.95549E-04   6.09045E-03   5.85556E-03   2.88259E-03   6.58646E-03  -1.99007E-03   1.71995E-03  -4.04099E-03  -4.05605E-03  -2.19978E-03  -5.85985E-03   9.69104E-04  -2.59424E-03   2.33712E-03   2.54325E-03   1.19168E-03   4.98333E-03  -6.20594E-04   2.44062E-03  -1.03159E-03  -3.75365E-03   1.77290E-04
 4.23200E+02   6.55317E-03  -1.97472E-02  -9.62615E-03  -1.46011E-02  -1.48205E-02  -4.55047E-04  -6.74156E-03   1.06904E-02   4.98085E-03   1.05760E-02   9.85101E-03   1.90271E-03   7.01451E-03  -6.77358E-03  -1.77651E-03  -8.48940E-03  -8.40389E-03  -2.77349E-03  -7.29906E-03   4.10156E-03  -3.66689E-04   6.10172E-03   5.88744E-03   2.52818E-03   6.41184E-03  -2.39613E-03   1.52404E-03  -4.14178E-03  -4.08677E-03  -1.90962E-03  -5.71776E-03   1.39370E-03  -2.44112E-03   2.52705E-03   2.55341E-03   9.90753E-04   4.86157E-03  -1.01535E-03   2.34519E-03  -1.22539E-03  -3.67354E-03   4.83763E-04
 4.26300E+02   6.35091E-03  -1.97482E-02  -9.74881E-03  -1.43490E-02  -1.47207E-02  -1.08553E-04  -6.47523E-03   1.08368E-02   5.17879E-03   1.03900E-02   9.80004E-03   1.55200E-03   6.74783E-03  -7.02988E-03  -2.01655E-03  -8.39093E-03  -8.38881E-03  -2.37020E-03  -7.05058E-03   4.46494E-03  -1.27188E-04   6.10679E-03   5.89630E-03   2.17272E-03   6.20077E-03  -2.79685E-03   1.31226E-03  -4.23635E-03  -4.09697E-03  -1.61887E-03  -5.53676E-03   1.81268E-03  -2.26636E-03   2.71124E-03   2.54801E-03   7.90028E-04   4.70264E-03  -1.40456E-03   2.22985E-03  -1.41512E-03  -3.56484E-03   7.86274E-04
 4.29400E+02   6.14339E-03  -1.97449E-02  -9.86309E-03  -1.41032E-02  -1.46046E-02   2.24620E-04  -6.19903E-03   1.09733E-02   5.37043E-03   1.02062E-02   9.73138E-03   1.21416E-03   6.46501E-03  -7.27131E-03  -2.25407E-03  -8.28983E-03  -8.35112E-03  -1.98130E-03  -6.77821E-03   4.80843E-03   1.15259E-04   6.10446E-03   5.88285E-03   1.82996E-03   5.96116E-03  -3.17566E-03   1.09167E-03  -4.32002E-03  -4.08715E-03  -1.33894E-03  -5.32386E-03   2.20865E-03  -2.07614E-03   2.88154E-03   2.52780E-03   5.97507E-04   4.51280E-03  -1.77192E-03   2.09887E-03  -1.59266E-03  -3.43195E-03   1.07220E-03
 4.32500E+02   5.93142E-03  -1.97362E-02  -9.97035E-03  -1.38643E-02  -1.44746E-02   5.42899E-04  -5.91418E-03   1.10988E-02   5.55671E-03   1.00247E-02   9.64721E-03   8.90592E-04   6.16783E-03  -7.49623E-03  -2.48949E-03  -8.18580E-03  -8.29332E-03  -1.60833E-03  -6.48446E-03   5.12995E-03   3.60432E-04   6.09404E-03   5.84942E-03   1.50135E-03   5.69585E-03  -3.53023E-03   8.63099E-04  -4.39176E-03  -4.05931E-03  -1.07113E-03  -5.08220E-03   2.57910E-03  -1.87194E-03   3.03655E-03   2.49425E-03   4.14178E-04   4.29506E-03  -2.11504E-03   1.95377E-03  -1.75671E-03  -3.27721E-03   1.33969E-03
 4.35600E+02   5.71595E-03  -1.97215E-02  -1.00720E-02  -1.36325E-02  -1.43332E-02   8.45192E-04  -5.62204E-03   1.12121E-02   5.73860E-03   9.84554E-03   9.54986E-03   5.82245E-04   5.85824E-03  -7.70335E-03  -2.72319E-03  -8.07848E-03  -8.21807E-03  -1.25239E-03  -6.17199E-03   5.42787E-03   6.08024E-04   6.07489E-03   5.79841E-03   1.18793E-03   5.40790E-03  -3.85874E-03   6.27498E-04  -4.45068E-03  -4.01553E-03  -8.16380E-04  -4.81509E-03   2.92204E-03  -1.65538E-03   3.17510E-03   2.44886E-03   2.40800E-04   4.05258E-03  -2.43198E-03   1.79616E-03  -1.90620E-03  -3.10310E-03   1.58725E-03
 4.38700E+02   5.49797E-03  -1.97001E-02  -1.01696E-02  -1.34080E-02  -1.41829E-02   1.13088E-03  -5.32404E-03   1.13126E-02   5.91698E-03   9.66840E-03   9.44164E-03   2.89685E-04   5.53827E-03  -7.89174E-03  -2.95545E-03  -7.96748E-03  -8.12800E-03  -9.14148E-04  -5.84356E-03   5.70096E-03   8.57654E-04   6.04642E-03   5.73225E-03   8.90387E-04   5.10042E-03  -4.15982E-03   3.85876E-04  -4.49601E-03  -3.95789E-03  -5.75357E-04  -4.52590E-03   3.23596E-03  -1.42815E-03   3.29624E-03   2.39315E-03   7.79108E-05   3.78862E-03  -2.72127E-03   1.62770E-03  -2.04030E-03  -2.91214E-03   1.81375E-03
 4.41900E+02   5.27139E-03  -1.96708E-02  -1.02673E-02  -1.31834E-02  -1.40212E-02   1.40822E-03  -5.01184E-03   1.14024E-02   6.09835E-03   9.48736E-03   9.32096E-03   4.43358E-06   5.19924E-03  -8.06588E-03  -3.19395E-03  -7.84856E-03  -8.02224E-03  -5.83829E-04  -5.49071E-03   5.95602E-03   1.11700E-03   6.00669E-03   5.65056E-03   6.00215E-04   4.76584E-03  -4.44087E-03   1.31268E-04  -4.52792E-03  -3.88602E-03  -3.41327E-04  -4.20783E-03   3.52849E-03  -1.18420E-03   3.40228E-03   2.32638E-03  -7.88890E-05   3.49704E-03  -2.98979E-03   1.44419E-03  -2.16195E-03  -2.70001E-03   2.02464E-03
 4.45100E+02   5.04429E-03  -1.96341E-02  -1.03635E-02  -1.29657E-02  -1.38555E-02   1.66798E-03  -4.69653E-03   1.14776E-02   6.27772E-03   9.30762E-03   9.19357E-03  -2.64004E-04   4.85352E-03  -8.21907E-03  -3.43135E-03  -7.72470E-03  -7.90618E-03  -2.72501E-04  -5.12676E-03   6.18336E-03   1.37751E-03   5.95592E-03   5.55773E-03   3.27266E-04   4.41714E-03  -4.69115E-03  -1.27435E-04  -4.54416E-03  -3.80369E-03  -1.22379E-04  -3.87347E-03   3.78833E-03  -9.32562E-04   3.48844E-03   2.25178E-03  -2.24026E-04   3.18949E-03  -3.22705E-03   1.25271E-03  -2.26610E-03  -2.47532E-03   2.21172E-03
 4.48300E+02   4.81770E-03  -1.95898E-02  -1.04594E-02  -1.27542E-02  -1.36882E-02   1.91090E-03  -4.37961E-03   1.15384E-02   6.45580E-03   9.12855E-03   9.06167E-03  -5.16176E-04   4.50321E-03  -8.35128E-03  -3.66775E-03  -7.59533E-03  -7.78235E-03   2.03505E-05  -4.75455E-03   6.38295E-03   1.63860E-03   5.89364E-03   5.45606E-03   7.11949E-05   4.05753E-03  -4.91053E-03  -3.89029E-04  -4.54432E-03  -3.71291E-03   8.16708E-05  -3.52633E-03   4.01526E-03  -6.75083E-04   3.55439E-03   2.17082E-03  -3.57550E-04   2.86934E-03  -3.43275E-03   1.05503E-03  -2.35252E-03  -2.24065E-03   2.37478E-03
 4.51500E+02   4.59255E-03  -1.95382E-02  -1.05560E-02  -1.25479E-02  -1.35215E-02   2.13803E-03  -4.06249E-03   1.15849E-02   6.63317E-03   8.94938E-03   8.92727E-03  -7.52930E-04   4.15029E-03  -8.46275E-03  -3.90315E-03  -7.45985E-03  -7.65301E-03   2.95556E-04  -4.37673E-03   6.55508E-03   1.89962E-03   5.81942E-03   5.34764E-03  -1.68620E-04   3.69003E-03  -5.09922E-03  -6.52321E-04  -4.52811E-03  -3.61551E-03   2.71240E-04  -3.16968E-03   4.20941E-03  -4.13535E-04   3.59995E-03   2.08487E-03  -4.79677E-04   2.53975E-03  -3.60697E-03   8.52814E-04  -2.42115E-03  -1.99845E-03   2.51389E-03
 4.54800E+02   4.36276E-03  -1.94777E-02  -1.06574E-02  -1.23397E-02  -1.33522E-02   2.35715E-03  -3.73660E-03   1.16183E-02   6.81580E-03   8.76363E-03   8.78790E-03  -9.82082E-04   3.78550E-03  -8.55647E-03  -4.14475E-03  -7.31310E-03  -7.51598E-03   5.62030E-04  -3.98383E-03   6.70441E-03   2.16802E-03   5.72997E-03   5.23072E-03  -3.99797E-04   3.30575E-03  -5.26219E-03  -9.24367E-04  -4.49405E-03  -3.50985E-03   4.52204E-04  -2.79518E-03   4.37578E-03  -1.41354E-04   3.62558E-03   1.99231E-03  -5.94054E-04   2.19311E-03  -3.75402E-03   6.41224E-04  -2.47337E-03  -1.74324E-03   2.63255E-03
 4.58100E+02   4.13618E-03  -1.94103E-02  -1.07612E-02  -1.21346E-02  -1.31872E-02   2.56263E-03  -3.41310E-03   1.16374E-02   6.99842E-03   8.57591E-03   8.64932E-03  -1.19738E-03   3.42164E-03  -8.62929E-03  -4.38495E-03  -7.15852E-03  -7.37707E-03   8.12300E-04  -3.59001E-03   6.82597E-03   2.43486E-03   5.62705E-03   5.11033E-03  -6.15696E-04   2.91887E-03  -5.39388E-03  -1.19568E-03  -4.44224E-03  -3.40046E-03   6.19227E-04  -2.41692E-03   4.50852E-03   1.31563E-04   3.62963E-03   1.89698E-03  -6.97179E-04   1.84259E-03  -3.86859E-03   4.28153E-04  -2.50699E-03  -1.48477E-03   2.72654E-03
 4.61400E+02   3.91349E-03  -1.93365E-02  -1.08680E-02  -1.19315E-02  -1.30279E-02   2.75636E-03  -3.09307E-03   1.16429E-02   7.18114E-03   8.38522E-03   8.51281E-03  -1.40036E-03   3.06027E-03  -8.68206E-03  -4.62343E-03  -6.99544E-03  -7.23779E-03   1.04792E-03  -3.19743E-03   6.92078E-03   2.69932E-03   5.51032E-03   4.98794E-03  -8.17564E-04   2.53193E-03  -5.49528E-03  -1.46501E-03  -4.37265E-03  -3.28866E-03   7.73243E-04  -2.03772E-03   4.60861E-03   4.03521E-04   3.61235E-03   1.79991E-03  -7.89638E-04   1.49095E-03  -3.95152E-03   2.15134E-04  -2.52234E-03  -1.22518E-03   2.79652E-03
 4.64700E+02   3.69522E-03  -1.92569E-02  -1.09779E-02  -1.17289E-02  -1.28752E-02   2.94031E-03  -2.77745E-03   1.16354E-02   7.36390E-03   8.19054E-03   8.37934E-03  -1.59262E-03   2.70278E-03  -8.71570E-03  -4.85972E-03  -6.82321E-03  -7.09933E-03   1.27054E-03  -2.80803E-03   6.99000E-03   2.96051E-03   5.37952E-03   4.86470E-03  -1.00673E-03   2.14721E-03  -5.56755E-03  -1.73108E-03  -4.28530E-03  -3.17555E-03   9.15259E-04  -1.66013E-03   4.67718E-03   6.72908E-04   3.57408E-03   1.70202E-03  -8.72071E-04   1.14072E-03  -4.00382E-03   3.60038E-06  -2.51983E-03  -9.66405E-04   2.84328E-03
 4.68100E+02   3.47538E-03  -1.91694E-02  -1.10945E-02  -1.15192E-02  -1.27253E-02   3.12171E-03  -2.45771E-03   1.16151E-02   7.55193E-03   7.98473E-03   8.24566E-03  -1.78124E-03   2.33978E-03  -8.73139E-03  -5.10027E-03  -6.63555E-03  -6.95839E-03   1.48807E-03  -2.41193E-03   7.03586E-03   3.22522E-03   5.22979E-03   4.73776E-03  -1.18978E-03   1.75529E-03  -5.61285E-03  -2.00052E-03  -4.17682E-03  -3.05857E-03   1.05013E-03  -1.27521E-03   4.71614E-03   9.46141E-04   3.51312E-03   1.60109E-03  -9.47227E-04   7.83771E-04  -4.02681E-03  -2.11375E-04  -2.49909E-03  -7.02490E-04   2.86808E-03
 4.71500E+02   3.26097E-03  -1.90772E-02  -1.12141E-02  -1.13073E-02  -1.25833E-02   3.29700E-03  -2.14418E-03   1.15827E-02   7.73924E-03   7.77259E-03   8.11627E-03  -1.96198E-03   1.98326E-03  -8.72893E-03  -5.33710E-03  -6.43691E-03  -6.81978E-03   1.69538E-03  -2.02258E-03   7.05724E-03   3.48437E-03   5.06469E-03   4.61153E-03  -1.36226E-03   1.36986E-03  -5.62996E-03  -2.26382E-03  -4.04977E-03  -2.94188E-03   1.17450E-03  -8.96730E-04   4.72437E-03   1.21338E-03   3.43082E-03   1.50077E-03  -1.01320E-03   4.33053E-04  -4.01973E-03  -4.21972E-04  -2.46050E-03  -4.43056E-04   2.87013E-03
 4.74900E+02   3.05220E-03  -1.89808E-02  -1.13363E-02  -1.10917E-02  -1.24489E-02   3.46824E-03  -1.83742E-03   1.15392E-02   7.92513E-03   7.55318E-03   7.99124E-03  -2.13654E-03   1.63417E-03  -8.70943E-03  -5.56932E-03  -6.22677E-03  -6.68374E-03   1.89422E-03  -1.64136E-03   7.05558E-03   3.73682E-03   4.88413E-03   4.48642E-03  -1.52561E-03   9.92678E-04  -5.62036E-03  -2.51960E-03  -3.90439E-03  -2.82599E-03   1.28950E-03  -5.26741E-04   4.70334E-03   1.47307E-03   3.32779E-03   1.40159E-03  -1.07074E-03   9.06697E-05  -3.98393E-03  -6.26890E-04  -2.40469E-03  -1.89701E-04   2.85051E-03
 4.78300E+02   2.84916E-03  -1.88809E-02  -1.14602E-02  -1.08711E-02  -1.23218E-02   3.63734E-03  -1.53790E-03   1.14854E-02   8.10876E-03   7.32565E-03   7.87037E-03  -2.30650E-03   1.29330E-03  -8.67401E-03  -5.79591E-03  -6.00471E-03  -6.55024E-03   2.08620E-03  -1.26948E-03   7.03227E-03   3.98133E-03   4.68811E-03   4.36258E-03  -1.68116E-03   6.25319E-04  -5.58550E-03  -2.76647E-03  -3.74102E-03  -2.71124E-03   1.39617E-03  -1.67115E-04   4.65458E-03   1.72366E-03   3.20468E-03   1.30398E-03  -1.12055E-03  -2.41437E-04  -3.92081E-03  -8.24887E-04  -2.33236E-03   5.61078E-05   2.81030E-03
 4.81700E+02   2.65185E-03  -1.87782E-02  -1.15849E-02  -1.06446E-02  -1.22011E-02   3.80603E-03  -1.24595E-03   1.14222E-02   8.28913E-03   7.08934E-03   7.75325E-03  -2.47328E-03   9.61313E-04  -8.62375E-03  -6.01571E-03  -5.77044E-03  -6.41900E-03   2.27282E-03  -9.07974E-04   6.98870E-03   4.21661E-03   4.47674E-03   4.23997E-03  -1.83015E-03   2.69187E-04  -5.52689E-03  -3.00300E-03  -3.56009E-03  -2.59779E-03   1.49550E-03   1.80434E-04   4.57961E-03   1.96366E-03   3.06225E-03   1.20827E-03  -1.16333E-03  -5.61467E-04  -3.83181E-03  -1.01478E-03  -2.24424E-03   2.93017E-04   2.75060E-03
 4.85200E+02   2.45466E-03  -1.86701E-02  -1.17130E-02  -1.04044E-02  -1.20825E-02   3.98082E-03  -9.53601E-04   1.13480E-02   8.47018E-03   6.83633E-03   7.63590E-03  -2.64300E-03   6.29416E-04  -8.55763E-03  -6.23359E-03  -5.51638E-03  -6.28572E-03   2.46069E-03  -5.47610E-04   6.92414E-03   4.44775E-03   4.24337E-03   4.11479E-03  -1.97782E-03  -8.43552E-05  -5.44329E-03  -3.23419E-03  -3.35609E-03  -2.48241E-03   1.59104E-03   5.23934E-04   4.47673E-03   2.19811E-03   2.89632E-03   1.11195E-03  -1.20071E-03  -8.76526E-04  -3.71475E-03  -1.20058E-03  -2.13786E-03   5.26273E-04   2.67002E-03
 4.88700E+02   2.26331E-03  -1.85601E-02  -1.18394E-02  -1.01561E-02  -1.19683E-02   4.15814E-03  -6.69754E-04   1.12655E-02   8.64519E-03   6.57308E-03   7.52096E-03  -2.81184E-03   3.08014E-04  -8.47803E-03  -6.44154E-03  -5.24926E-03  -6.15355E-03   2.64548E-03  -2.00035E-04   6.84103E-03   4.66617E-03   3.99443E-03   3.99024E-03  -2.12074E-03  -4.23405E-04  -5.33770E-03  -3.45133E-03  -3.13482E-03  -2.36834E-03   1.68062E-03   8.51389E-04   4.34949E-03   2.41819E-03   2.71184E-03   1.01805E-03  -1.23196E-03  -1.17530E-03  -3.57353E-03  -1.37538E-03  -2.01653E-03   7.47492E-04   2.57131E-03
 4.92300E+02   2.07239E-03  -1.84455E-02  -1.19660E-02  -9.89196E-03  -1.18540E-02   4.34427E-03  -3.86810E-04   1.11727E-02   8.81736E-03   6.29150E-03   7.40414E-03  -2.98559E-03  -1.11883E-05  -8.38324E-03  -6.64349E-03  -4.96115E-03  -6.01779E-03   2.83335E-03   1.43355E-04   6.73772E-03   4.87592E-03   3.72277E-03   3.86221E-03  -2.26368E-03  -7.55833E-04  -5.20788E-03  -3.65837E-03  -2.89017E-03  -2.25216E-03   1.76732E-03   1.16993E-03   4.19509E-03   2.62795E-03   2.50393E-03   9.24072E-04  -1.25835E-03  -1.46394E-03  -3.40492E-03  -1.54248E-03  -1.87718E-03   9.61224E-04   2.45226E-03
 4.95800E+02   1.89225E-03  -1.83332E-02  -1.20842E-02  -9.62641E-03  -1.17441E-02   4.52963E-03  -1.20567E-04   1.10755E-02   8.97560E-03   6.00735E-03   7.29080E-03  -3.15527E-03  -3.10117E-04  -8.27963E-03  -6.82669E-03  -4.66854E-03  -5.88497E-03   3.01462E-03   4.62836E-04   6.62140E-03   5.06379E-03   3.44435E-03   3.73715E-03  -2.39937E-03  -1.06213E-03  -5.06275E-03  -3.84222E-03  -2.63686E-03  -2.14004E-03   1.84698E-03   1.46048E-03   4.02399E-03   2.81423E-03   2.28551E-03   8.35286E-04  -1.27897E-03  -1.72488E-03  -3.22018E-03  -1.69148E-03  -1.72870E-03   1.15447E-03   2.32093E-03
 4.99400E+02   1.71230E-03  -1.82171E-02  -1.21990E-02  -9.34441E-03  -1.16307E-02   4.72525E-03   1.44162E-04   1.09693E-02   9.12734E-03   5.70481E-03   7.17318E-03  -3.33103E-03  -6.05575E-04  -8.16237E-03  -6.99999E-03  -4.35548E-03  -5.74632E-03   3.20015E-03   7.76098E-04   6.48694E-03   5.23892E-03   3.14436E-03   3.60714E-03  -2.53607E-03  -1.35884E-03  -4.89580E-03  -4.01182E-03  -2.36178E-03  -2.02519E-03   1.92466E-03   1.73837E-03   3.82846E-03   2.98618E-03   2.04563E-03   7.46604E-04  -1.29551E-03  -1.97160E-03  -3.01080E-03  -1.82981E-03  -1.56389E-03   1.33722E-03   2.17136E-03
 5.03000E+02   1.53743E-03  -1.81008E-02  -1.23054E-02  -9.05382E-03  -1.15150E-02   4.92600E-03   3.99664E-04   1.08574E-02   9.26632E-03   5.39255E-03   7.05321E-03  -3.50822E-03  -8.88647E-04  -8.03539E-03  -7.15640E-03  -4.03120E-03  -5.60442E-03   3.38497E-03   1.07333E-03   6.33898E-03   5.39414E-03   2.83194E-03   3.47494E-03  -2.67016E-03  -1.63612E-03  -4.71280E-03  -4.16014E-03  -2.07355E-03  -1.91040E-03   1.99842E-03   1.99384E-03   3.61526E-03   3.13678E-03   1.79209E-03   6.60549E-04  -1.30778E-03  -2.19502E-03  -2.78399E-03  -1.95199E-03  -1.38822E-03   1.50275E-03   2.00875E-03
 5.06600E+02   1.36730E-03  -1.79846E-02  -1.24017E-02  -8.75539E-03  -1.13953E-02   5.13163E-03   6.46009E-04   1.07405E-02   9.39105E-03   5.07156E-03   6.92961E-03  -3.68676E-03  -1.15920E-03  -7.89980E-03  -7.29445E-03  -3.69701E-03  -5.45809E-03   3.56908E-03   1.35416E-03   6.17905E-03   5.52803E-03   2.50870E-03   3.33972E-03  -2.80174E-03  -1.89324E-03  -4.51566E-03  -4.28579E-03  -1.77403E-03  -1.79524E-03   2.06853E-03   2.22588E-03   3.38662E-03   3.26477E-03   1.52683E-03   5.77042E-04  -1.31619E-03  -2.39399E-03  -2.54207E-03  -2.05710E-03  -1.20324E-03   1.65022E-03   1.83485E-03
 5.10300E+02   1.19703E-03  -1.78654E-02  -1.24886E-02  -8.44158E-03  -1.12664E-02   5.34745E-03   8.89779E-04   1.06160E-02   9.50299E-03   4.73386E-03   6.79754E-03  -3.87130E-03  -1.42417E-03  -7.75259E-03  -7.41587E-03  -3.34485E-03  -5.30189E-03   3.75724E-03   1.62544E-03   6.00382E-03   5.64210E-03   2.16716E-03   3.19679E-03  -2.93424E-03  -2.13592E-03  -4.30038E-03  -4.39006E-03  -1.45656E-03  -1.67605E-03   2.13693E-03   2.43912E-03   3.13801E-03   3.37162E-03   1.24424E-03   4.93760E-04  -1.32120E-03  -2.57200E-03  -2.28026E-03  -2.14655E-03  -1.00515E-03   1.78224E-03   1.64627E-03
 5.14000E+02   1.03105E-03  -1.77467E-02  -1.25619E-02  -8.12195E-03  -1.11300E-02   5.56686E-03   1.12418E-03   1.04876E-02   9.59723E-03   4.38989E-03   6.65919E-03  -4.05630E-03  -1.67590E-03  -7.59857E-03  -7.51536E-03  -2.98581E-03  -5.13872E-03   3.94379E-03   1.87900E-03   5.81924E-03   5.73122E-03   1.81838E-03   3.04910E-03  -3.06368E-03  -2.35632E-03  -4.07441E-03  -4.46808E-03  -1.13172E-03  -1.55558E-03   2.20163E-03   2.62610E-03   2.87816E-03   3.45249E-03   9.53992E-04   4.12934E-04  -1.32284E-03  -2.72238E-03  -2.00783E-03  -2.21651E-03  -8.00878E-04   1.89388E-03   1.44973E-03
 5.17700E+02   8.68974E-04  -1.76285E-02  -1.26206E-02  -7.79813E-03  -1.09845E-02   5.78865E-03   1.34945E-03   1.03562E-02   9.67278E-03   4.04145E-03   6.51357E-03  -4.24091E-03  -1.91451E-03  -7.43889E-03  -7.59206E-03  -2.62202E-03  -4.96763E-03   4.12795E-03   2.11485E-03   5.62694E-03   5.79456E-03   1.46478E-03   2.89597E-03  -3.18959E-03  -2.55421E-03  -3.83994E-03  -4.51909E-03  -8.02086E-04  -1.43343E-03   2.26256E-03   2.78644E-03   2.60973E-03   3.50673E-03   6.58691E-04   3.34426E-04  -1.32141E-03  -2.84464E-03  -1.72761E-03  -2.26654E-03  -5.92395E-04   1.98477E-03   1.24735E-03
 5.21400E+02   7.10476E-04  -1.75111E-02  -1.26637E-02  -7.47193E-03  -1.08291E-02   6.01137E-03   1.56587E-03   1.02223E-02   9.72901E-03   3.69056E-03   6.35988E-03  -4.42413E-03  -2.14025E-03  -7.27463E-03  -7.64538E-03  -2.25576E-03  -4.78789E-03   4.30876E-03   2.33316E-03   5.42854E-03   5.83164E-03   1.10889E-03   2.73687E-03  -3.31134E-03  -2.72962E-03  -3.59915E-03  -4.54267E-03  -4.70357E-04  -1.30926E-03   2.31952E-03   2.92003E-03   2.33540E-03   3.53398E-03   3.61038E-04   2.58094E-04  -1.31713E-03  -2.93856E-03  -1.44247E-03  -2.29642E-03  -3.81743E-04   2.05479E-03   1.04124E-03
 5.25200E+02   5.51073E-04  -1.73911E-02  -1.26915E-02  -7.13644E-03  -1.06583E-02   6.23940E-03   1.77928E-03   1.00829E-02   9.76630E-03   3.32981E-03   6.19302E-03  -4.60966E-03  -2.35905E-03  -7.10227E-03  -7.67558E-03  -1.87951E-03  -4.59371E-03   4.48981E-03   2.53945E-03   5.22006E-03   5.84222E-03   7.43755E-04   2.56685E-03  -3.43131E-03  -2.88662E-03  -3.34753E-03  -4.53822E-03  -1.30376E-04  -1.17938E-03   2.37360E-03   3.02956E-03   2.05030E-03   3.53386E-03   5.57719E-05   1.81819E-04  -1.30997E-03  -3.00567E-03  -1.14753E-03  -2.30614E-03  -1.65304E-04   2.10506E-03   8.27917E-04
 5.29000E+02   3.94770E-04  -1.72719E-02  -1.27023E-02  -6.80258E-03  -1.04756E-02   6.46490E-03   1.98416E-03   9.94212E-03   9.78290E-03   2.97096E-03   6.01670E-03  -4.79120E-03  -2.56509E-03  -6.92725E-03  -7.68105E-03  -1.50575E-03  -4.38950E-03   4.66489E-03   2.72810E-03   5.00839E-03   5.82519E-03   3.81816E-04   2.38987E-03  -3.54526E-03  -3.02066E-03  -3.09374E-03  -4.50505E-03   2.05922E-04  -1.04691E-03   2.42284E-03   3.11157E-03   1.76457E-03   3.50559E-03  -2.46125E-04   1.07544E-04  -1.30018E-03  -3.04350E-03  -8.53476E-04  -2.29491E-03   4.90353E-05   2.13376E-03   6.15175E-04
 5.32800E+02   2.41271E-04  -1.71533E-02  -1.26966E-02  -6.47246E-03  -1.02810E-02   6.68602E-03   2.18096E-03   9.80053E-03   9.77922E-03   2.61627E-03   5.83082E-03  -4.96741E-03  -2.75897E-03  -6.75054E-03  -7.66235E-03  -1.13699E-03  -4.17519E-03   4.83267E-03   2.89979E-03   4.79503E-03   5.78119E-03   2.58550E-05   2.20587E-03  -3.65227E-03  -3.13250E-03  -2.83992E-03  -4.44383E-03   5.35619E-04  -9.11759E-04   2.46684E-03   3.16688E-03   1.48092E-03   3.44991E-03  -5.41772E-04   3.51302E-05  -1.28788E-03  -3.05290E-03  -5.63270E-04  -2.26329E-03   2.59124E-04   2.14152E-03   4.05188E-04
 5.36600E+02   9.03072E-05  -1.70353E-02  -1.26748E-02  -6.14805E-03  -1.00748E-02   6.90096E-03   2.37022E-03   9.65857E-03   9.75606E-03   2.26787E-03   5.63555E-03  -5.13694E-03  -2.94136E-03  -6.57300E-03  -7.62037E-03  -7.75627E-04  -3.95095E-03   4.99183E-03   3.05535E-03   4.58135E-03   5.71123E-03  -3.21484E-04   2.01496E-03  -3.75141E-03  -3.22312E-03  -2.58804E-03  -4.35565E-03   8.55934E-04  -7.73926E-04   2.50515E-03   3.19661E-03   1.20185E-03   3.36787E-03  -8.28423E-04  -3.55495E-05  -1.27317E-03  -3.03503E-03  -2.79687E-04  -2.21208E-03   4.62918E-04   2.12920E-03   2.00010E-04
 5.40500E+02  -6.22391E-05  -1.69147E-02  -1.26369E-02  -5.82296E-03  -9.85168E-03   7.11338E-03   2.55720E-03   9.51288E-03   9.71318E-03   1.91888E-03   5.42581E-03  -5.30269E-03  -3.11738E-03  -6.39072E-03  -7.55443E-03  -4.14765E-04  -3.71092E-03   5.14488E-03   3.19924E-03   4.36295E-03   5.61388E-03  -6.66436E-04   1.81213E-03  -3.84401E-03  -3.29530E-03  -2.33341E-03  -4.23860E-03   1.17222E-03  -6.29773E-04   2.53810E-03   3.20198E-03   9.22637E-04   3.25774E-03  -1.11059E-03  -1.06406E-04  -1.25562E-03  -2.98988E-03   1.78503E-06  -2.14026E-03   6.63538E-04   2.09682E-03  -3.58111E-06
 5.44400E+02  -2.12584E-04  -1.67945E-02  -1.25846E-02  -5.50750E-03  -9.61781E-03   7.31589E-03   2.73744E-03   9.36750E-03   9.65244E-03   1.58041E-03   5.20730E-03  -5.45884E-03  -3.28297E-03  -6.20901E-03  -7.46697E-03  -6.61239E-05  -3.46155E-03   5.28623E-03   3.32831E-03   4.14658E-03   5.49243E-03  -9.97368E-04   1.60278E-03  -3.92642E-03  -3.34784E-03  -2.08440E-03  -4.09648E-03   1.47338E-03  -4.83087E-04   2.56411E-03   3.18361E-03   6.52909E-04   3.12314E-03  -1.37809E-03  -1.75662E-04  -1.23562E-03  -2.91942E-03   2.71093E-04  -2.05027E-03   8.53669E-04   2.04579E-03  -1.98270E-04
 5.48400E+02  -3.64695E-04  -1.66715E-02  -1.25176E-02  -5.19542E-03  -9.36807E-03   7.51186E-03   2.91597E-03   9.21892E-03   9.57341E-03   1.24579E-03   4.97499E-03  -5.60790E-03  -3.44292E-03  -6.02377E-03  -7.35694E-03   2.76898E-04  -3.19698E-03   5.41786E-03   3.44657E-03   3.92770E-03   5.34499E-03  -1.32009E-03   1.38194E-03  -3.99945E-03  -3.38298E-03  -1.83633E-03  -3.92690E-03   1.76426E-03  -3.30303E-04   2.58312E-03   3.14215E-03   3.88125E-04   2.96183E-03  -1.63493E-03  -2.45121E-04  -1.21257E-03  -2.82306E-03   5.32397E-04  -1.94069E-03   1.03607E-03   1.97572E-03  -3.87023E-04
 5.52300E+02  -5.11123E-04  -1.65516E-02  -1.24411E-02  -4.90342E-03  -9.11633E-03   7.69036E-03   3.08450E-03   9.07468E-03   9.48199E-03   9.32963E-04   4.74153E-03  -5.74151E-03  -3.59018E-03  -5.84459E-03  -7.23199E-03   5.95700E-04  -2.93149E-03   5.53219E-03   3.54940E-03   3.71794E-03   5.18123E-03  -1.61676E-03   1.16142E-03  -4.05869E-03  -3.40071E-03  -1.60276E-03  -3.74071E-03   2.02844E-03  -1.79429E-04   2.59374E-03   3.08180E-03   1.43143E-04   2.78419E-03  -1.86636E-03  -3.11375E-04  -1.18760E-03  -2.70794E-03   7.70767E-04  -1.81872E-03   1.20020E-03   1.89181E-03  -5.59018E-04
 5.56300E+02  -6.59508E-04  -1.64285E-02  -1.23532E-02  -4.61726E-03  -8.85130E-03   7.85968E-03   3.25231E-03   8.92737E-03   9.37563E-03   6.26755E-04   4.49614E-03  -5.86577E-03  -3.73327E-03  -5.66249E-03  -7.08805E-03   9.05522E-04  -2.65269E-03   5.63426E-03   3.64341E-03   3.50703E-03   4.99527E-03  -1.90120E-03   9.30774E-04  -4.10647E-03  -3.40375E-03  -1.37263E-03  -3.53096E-03   2.27789E-03  -2.31769E-05   2.59612E-03   3.00175E-03  -9.32747E-05   2.58364E-03  -2.08266E-03  -3.77865E-04  -1.15940E-03  -2.57066E-03   9.96867E-04  -1.67997E-03   1.35328E-03   1.79160E-03  -7.21918E-04
 5.60300E+02  -8.06170E-04  -1.63051E-02  -1.22577E-02  -4.34496E-03  -8.58100E-03   8.01451E-03   3.41562E-03   8.78060E-03   9.25866E-03   3.35870E-04   4.24600E-03  -5.97659E-03  -3.86923E-03  -5.48210E-03  -6.93051E-03   1.19725E-03  -2.36861E-03   5.72027E-03   3.72714E-03   3.30068E-03   4.79366E-03  -2.16458E-03   6.96596E-04  -4.14056E-03  -3.39330E-03  -1.15268E-03  -3.30489E-03   2.50438E-03   1.34089E-04   2.58953E-03   2.90565E-03  -3.13668E-04   2.36715E-03  -2.27638E-03  -4.42888E-04  -1.12851E-03  -2.41653E-03   1.20315E-03  -1.52935E-03   1.48997E-03   1.67899E-03  -8.70240E-04
 5.64400E+02  -9.54781E-04  -1.61782E-02  -1.21541E-02  -4.08026E-03  -8.30026E-03   8.15790E-03   3.57890E-03   8.63050E-03   9.13001E-03   5.37552E-05   3.98605E-03  -6.07588E-03  -4.00211E-03  -5.29885E-03  -6.75741E-03   1.47712E-03  -2.07337E-03   5.79128E-03   3.80360E-03   3.09395E-03   4.57351E-03  -2.41202E-03   4.53981E-04  -4.16081E-03  -3.37047E-03  -9.38174E-04  -3.05906E-03   2.71184E-03   2.95744E-04   2.57314E-03   2.79293E-03  -5.22248E-04   2.13150E-03  -2.45055E-03  -5.08001E-04  -1.09399E-03  -2.24381E-03   1.39312E-03  -1.36471E-03   1.61233E-03   1.55271E-03  -1.00647E-03
 5.68400E+02  -1.09813E-03  -1.60537E-02  -1.20492E-02  -3.83575E-03  -8.02442E-03   8.28291E-03   3.73468E-03   8.48413E-03   8.99801E-03  -2.06034E-04   3.73027E-03  -6.15870E-03  -4.12619E-03  -5.12142E-03  -6.57952E-03   1.73149E-03  -1.78278E-03   5.84354E-03   3.87025E-03   2.89679E-03   4.34811E-03  -2.63120E-03   2.15863E-04  -4.16592E-03  -3.33813E-03  -7.39668E-04  -2.80822E-03   2.88969E-03   4.53280E-04   2.54753E-03   2.67141E-03  -7.08479E-04   1.89088E-03  -2.59611E-03  -5.69982E-04  -1.05743E-03  -2.06352E-03   1.55698E-03  -1.19609E-03   1.71395E-03   1.42085E-03  -1.12355E-03
 5.72500E+02  -1.24338E-03  -1.59252E-02  -1.19398E-02  -3.59856E-03  -7.74132E-03   8.39607E-03   3.89113E-03   8.33378E-03   8.85802E-03  -4.57011E-04   3.46719E-03  -6.22924E-03  -4.24837E-03  -4.94054E-03  -6.39018E-03   1.97339E-03  -1.48376E-03   5.87956E-03   3.93148E-03   2.69904E-03   4.10875E-03  -2.83313E-03  -2.85124E-05  -4.15591E-03  -3.29631E-03  -5.47117E-04  -2.54254E-03   3.04664E-03   6.13897E-04   2.51120E-03   2.53725E-03  -8.81589E-04   1.63598E-03  -2.72006E-03  -6.31851E-04  -1.01693E-03  -1.86927E-03   1.70269E-03  -1.01705E-03   1.79968E-03   1.27874E-03  -1.22714E-03
 5.76700E+02  -1.39038E-03  -1.57924E-02  -1.18272E-02  -3.36873E-03  -7.45247E-03   8.49684E-03   4.04835E-03   8.17900E-03   8.71154E-03  -6.98870E-04   3.19803E-03  -6.28670E-03  -4.36886E-03  -4.75578E-03  -6.19103E-03   2.20206E-03  -1.17768E-03   5.89808E-03   3.98775E-03   2.50055E-03   3.85729E-03  -3.01650E-03  -2.77946E-04  -4.12957E-03  -3.24597E-03  -3.60988E-04  -2.26413E-03   3.18096E-03   7.76785E-04   2.46326E-03   2.39199E-03  -1.04044E-03   1.36893E-03  -2.82053E-03  -6.93362E-04  -9.72155E-04  -1.66296E-03   1.82865E-03  -8.29180E-04   1.86811E-03   1.12779E-03  -1.31606E-03
 5.80800E+02  -1.53207E-03  -1.56616E-02  -1.17182E-02  -3.15608E-03  -7.17297E-03   8.58116E-03   4.19904E-03   8.02668E-03   8.56709E-03  -9.21122E-04   2.93677E-03  -6.32873E-03  -4.48234E-03  -4.57537E-03  -5.99343E-03   2.40748E-03  -8.80529E-04   5.89842E-03   4.03714E-03   2.31020E-03   3.60796E-03  -3.17318E-03  -5.19362E-04  -4.08814E-03  -3.19088E-03  -1.89645E-04  -1.98876E-03   3.28667E-03   9.33426E-04   2.40592E-03   2.24454E-03  -1.17786E-03   1.10502E-03  -2.89300E-03  -7.51429E-04  -9.25152E-04  -1.45683E-03   1.92915E-03  -6.43339E-04   1.91617E-03   9.76984E-04  -1.38625E-03
 5.85000E+02  -1.67526E-03  -1.55260E-02  -1.16087E-02  -2.94891E-03  -6.89038E-03   8.65404E-03   4.35064E-03   7.86889E-03   8.41893E-03  -1.13582E-03   2.67179E-03  -6.35790E-03  -4.59459E-03  -4.38988E-03  -5.78941E-03   2.60071E-03  -5.79172E-04   5.88092E-03   4.08266E-03   2.11804E-03   3.35069E-03  -3.31165E-03  -7.63314E-04  -4.02971E-03  -3.12956E-03  -2.40877E-05  -1.70541E-03   3.36955E-03   1.09065E-03   2.33637E-03   2.08959E-03  -1.30114E-03   8.33855E-04  -2.94152E-03  -8.08684E-04  -8.73546E-04  -1.24314E-03   2.00960E-03  -4.52317E-04   1.94652E-03   8.20682E-04  -1.44152E-03
 5.89300E+02  -1.81968E-03  -1.53856E-02  -1.14995E-02  -2.74651E-03  -6.60598E-03   8.71560E-03   4.50292E-03   7.70498E-03   8.26813E-03  -1.34343E-03   2.40429E-03  -6.37385E-03  -4.70542E-03  -4.19859E-03  -5.58032E-03   2.78178E-03  -2.75196E-04   5.84476E-03   4.12437E-03   1.92355E-03   3.08729E-03  -3.43136E-03  -1.00829E-03  -3.95335E-03  -3.06271E-03   1.35729E-04  -1.41633E-03   3.42864E-03   1.24734E-03   2.25386E-03   1.92862E-03  -1.40978E-03   5.57837E-04  -2.96495E-03  -8.64714E-04  -8.17020E-04  -1.02394E-03   2.06911E-03  -2.57911E-04   1.95830E-03   6.60426E-04  -1.48117E-03
 5.93500E+02  -1.95843E-03  -1.52465E-02  -1.13964E-02  -2.55680E-03  -6.33379E-03   8.76407E-03   4.64862E-03   7.54208E-03   8.12247E-03  -1.53568E-03   2.14761E-03  -6.37654E-03  -4.80961E-03  -4.00975E-03  -5.37704E-03   2.94356E-03   1.59914E-05   5.79217E-03   4.16054E-03   1.73503E-03   2.83169E-03  -3.52790E-03  -1.24164E-03  -3.86294E-03  -2.99428E-03   2.83175E-04  -1.13708E-03   3.46219E-03   1.39533E-03   2.16236E-03   1.77066E-03  -1.49958E-03   2.92049E-04  -2.96307E-03  -9.16628E-04  -7.58165E-04  -8.11461E-04   2.10578E-03  -7.08531E-05   1.95161E-03   5.05181E-04  -1.50399E-03
 5.97800E+02  -2.09793E-03  -1.51022E-02  -1.12947E-02  -2.36924E-03  -6.06144E-03   8.80293E-03   4.79440E-03   7.37199E-03   7.97548E-03  -1.72319E-03   1.89031E-03  -6.36687E-03  -4.91188E-03  -3.81377E-03  -5.17081E-03   3.09511E-03   3.07032E-04   5.72133E-03   4.19292E-03   1.54282E-03   2.57322E-03  -3.60711E-03  -1.47325E-03  -3.75458E-03  -2.92164E-03   4.26110E-04  -8.56302E-04   3.47297E-03   1.54073E-03   2.05771E-03   1.60955E-03  -1.57578E-03   2.59792E-05  -2.93687E-03  -9.66565E-04  -6.94172E-04  -5.97470E-04   2.12236E-03   1.16138E-04   1.92686E-03   3.48977E-04  -1.51180E-03
 6.02100E+02  -2.23460E-03  -1.49558E-02  -1.11968E-02  -2.18699E-03  -5.79588E-03   8.83207E-03   4.93636E-03   7.19815E-03   7.83087E-03  -1.90265E-03   1.63926E-03  -6.34544E-03  -5.00928E-03  -3.61460E-03  -4.96717E-03   3.23380E-03   5.89749E-04   5.63404E-03   4.22044E-03   1.35075E-03   2.31927E-03  -3.66778E-03  -1.69622E-03  -3.63078E-03  -2.84686E-03   5.61755E-04  -5.82512E-04   3.46116E-03   1.67898E-03   1.94227E-03   1.45025E-03  -1.63706E-03  -2.31967E-04  -2.88728E-03  -1.01289E-03  -6.26436E-04  -3.88810E-04   2.11886E-03   2.97028E-04   1.88488E-03   1.96853E-04  -1.50470E-03
 6.06500E+02  -2.37126E-03  -1.48038E-02  -1.11004E-02  -2.00461E-03  -5.53140E-03   8.85300E-03   5.07715E-03   7.01609E-03   7.68534E-03  -2.07932E-03   1.38943E-03  -6.31221E-03  -5.10335E-03  -3.40705E-03  -4.76192E-03   3.36375E-03   8.69285E-04   5.52855E-03   4.24324E-03   1.15381E-03   2.06522E-03  -3.71206E-03  -1.91414E-03  -3.48879E-03  -2.76841E-03   6.93825E-04  -3.11278E-04   3.42711E-03   1.81204E-03   1.81338E-03   1.29019E-03  -1.68542E-03  -4.85560E-04  -2.81371E-03  -1.05613E-03  -5.53341E-04  -1.82460E-04   2.09575E-03   4.74323E-04   1.82509E-03   4.66618E-05  -1.48292E-03
 6.10900E+02  -2.50439E-03  -1.46496E-02  -1.10071E-02  -1.82514E-03  -5.27432E-03   8.86607E-03   5.21281E-03   6.82961E-03   7.54201E-03  -2.25018E-03   1.14724E-03  -6.26844E-03  -5.19108E-03  -3.19541E-03  -4.56007E-03   3.48291E-03   1.13788E-03   5.40767E-03   4.26012E-03   9.56003E-04   1.81797E-03  -3.73975E-03  -2.12047E-03  -3.33213E-03  -2.68814E-03   8.19838E-04  -5.06091E-05   3.37235E-03   1.93557E-03   1.67415E-03   1.13401E-03  -1.72038E-03  -7.26865E-04  -2.71855E-03  -1.09472E-03  -4.76575E-04   1.51348E-05   2.05425E-03   6.42329E-04   1.74938E-03  -9.68495E-05  -1.44746E-03
 6.15300E+02  -2.63370E-03  -1.44933E-02  -1.09164E-02  -1.64756E-03  -5.02455E-03   8.87232E-03   5.34266E-03   6.63863E-03   7.40043E-03  -2.41628E-03   9.13112E-04  -6.21502E-03  -5.27169E-03  -2.97954E-03  -4.36167E-03   3.59248E-03   1.39452E-03   5.27247E-03   4.27050E-03   7.57043E-04   1.57829E-03  -3.75222E-03  -2.31397E-03  -3.16173E-03  -2.60605E-03   9.40451E-04   1.98115E-04   3.29847E-03   2.04856E-03   1.52524E-03   9.82470E-04  -1.74302E-03  -9.54216E-04  -2.60344E-03  -1.12821E-03  -3.96364E-04   2.02622E-04   1.99579E-03   7.99754E-04   1.65896E-03  -2.32645E-04  -1.39940E-03
 6.19700E+02  -2.75887E-03  -1.43349E-02  -1.08272E-02  -1.47106E-03  -4.78188E-03   8.87269E-03   5.46600E-03   6.44324E-03   7.25999E-03  -2.57850E-03   6.87356E-04  -6.15283E-03  -5.34433E-03  -2.75949E-03  -4.16663E-03   3.69350E-03   1.63830E-03   5.12406E-03   4.27369E-03   5.56815E-04   1.34678E-03  -3.75083E-03  -2.49349E-03  -2.97866E-03  -2.52203E-03   1.05621E-03   4.33687E-04   3.20709E-03   2.15001E-03   1.36744E-03   8.36187E-04  -1.75444E-03  -1.16611E-03  -2.47010E-03  -1.15615E-03  -3.13005E-04   3.78806E-04   1.92185E-03   9.45429E-04   1.55512E-03  -3.59807E-04  -1.33983E-03
 6.24200E+02  -2.88231E-03  -1.41710E-02  -1.07367E-02  -1.29107E-03  -4.54071E-03   8.86783E-03   5.58468E-03   6.23909E-03   7.11682E-03  -2.74106E-03   4.65373E-04  -6.08105E-03  -5.40950E-03  -2.53036E-03  -3.97039E-03   3.78893E-03   1.87348E-03   4.95986E-03   4.26878E-03   3.50799E-04   1.11891E-03  -3.73644E-03  -2.66151E-03  -2.77960E-03  -2.43390E-03   1.17001E-03   6.59920E-04   3.09729E-03   2.24088E-03   1.19783E-03   6.92525E-04  -1.75559E-03  -1.36543E-03  -2.31678E-03  -1.17852E-03  -2.24889E-04   5.46219E-04   1.83183E-03   1.08117E-03   1.43649E-03  -4.80092E-04  -1.26822E-03
 6.28700E+02  -3.00083E-03  -1.40055E-02  -1.06459E-02  -1.11130E-03  -4.30624E-03   8.85841E-03   5.69508E-03   6.03097E-03   6.97332E-03  -2.90071E-03   2.52562E-04  -6.00190E-03  -5.46457E-03  -2.29754E-03  -3.77708E-03   3.87718E-03   2.09361E-03   4.78447E-03   4.25482E-03   1.43802E-04   9.00406E-04  -3.71024E-03  -2.81277E-03  -2.56998E-03  -2.34328E-03   1.27949E-03   8.70363E-04   2.97278E-03   2.31783E-03   1.02103E-03   5.55276E-04  -1.74717E-03  -1.54596E-03  -2.14837E-03  -1.19419E-03  -1.34355E-04   6.99778E-04   1.72892E-03   1.20256E-03   1.30683E-03  -5.89773E-04  -1.18707E-03
 6.33200E+02  -3.11418E-03  -1.38386E-02  -1.05536E-02  -9.31639E-04  -4.07803E-03   8.84505E-03   5.79654E-03   5.81944E-03   6.82868E-03  -3.05769E-03   4.90115E-05  -5.91628E-03  -5.50871E-03  -2.06167E-03  -3.58633E-03   3.95890E-03   2.29808E-03   4.59932E-03   4.23110E-03  -6.37087E-05   6.91472E-04  -3.67352E-03  -2.94637E-03  -2.35136E-03  -2.24987E-03   1.38483E-03   1.06426E-03   2.83543E-03   2.38006E-03   8.38290E-04   4.24734E-04  -1.73021E-03  -1.70665E-03  -1.96700E-03  -1.20276E-03  -4.19647E-05   8.38710E-04   1.61486E-03   1.30878E-03   1.16778E-03  -6.88248E-04  -1.09769E-03
 6.37800E+02  -3.22448E-03  -1.36670E-02  -1.04569E-02  -7.48285E-04  -3.85073E-03   8.82783E-03   5.89040E-03   5.60040E-03   6.67883E-03  -3.21541E-03  -1.49479E-04  -5.82294E-03  -5.54177E-03  -1.81827E-03  -3.39353E-03   4.03619E-03   2.49041E-03   4.40152E-03   4.19607E-03  -2.75686E-04   4.87901E-04  -3.62635E-03  -3.06395E-03  -2.12034E-03  -2.15121E-03   1.48827E-03   1.24477E-03   2.68373E-03   2.42778E-03   6.46800E-04   2.98423E-04  -1.70509E-03  -1.84958E-03  -1.77052E-03  -1.20385E-03   5.37386E-05   9.64994E-04   1.48857E-03   1.40102E-03   1.01769E-03  -7.76845E-04  -9.99206E-04
 6.42400E+02  -3.32901E-03  -1.34948E-02  -1.03567E-02  -5.65624E-04  -3.62896E-03   8.80741E-03   5.97383E-03   5.37940E-03   6.52622E-03  -3.37020E-03  -3.38350E-04  -5.72462E-03  -5.56203E-03  -1.57358E-03  -3.20251E-03   4.10752E-03   2.66556E-03   4.19672E-03   4.14957E-03  -4.86661E-04   2.94447E-04  -3.57066E-03  -3.16179E-03  -1.88357E-03  -2.04903E-03   1.58737E-03   1.40700E-03   2.52261E-03   2.45893E-03   4.52142E-04   1.79431E-04  -1.67309E-03  -1.97034E-03  -1.56524E-03  -1.19692E-03   1.49979E-04   1.07494E-03   1.35436E-03   1.47625E-03   8.61447E-04  -8.52898E-04  -8.94980E-04
 6.47000E+02  -3.42769E-03  -1.33225E-02  -1.02525E-02  -3.84247E-04  -3.41225E-03   8.78409E-03   6.04650E-03   5.15740E-03   6.37020E-03  -3.52169E-03  -5.17745E-04  -5.62215E-03  -5.56902E-03  -1.32879E-03  -3.01285E-03   4.17311E-03   2.82338E-03   3.98658E-03   4.09118E-03  -6.95629E-04   1.11016E-04  -3.50758E-03  -3.23955E-03  -1.64300E-03  -1.94311E-03   1.68194E-03   1.55076E-03   2.35410E-03   2.47318E-03   2.55985E-04   6.77773E-05  -1.63517E-03  -2.06860E-03  -1.35363E-03  -1.18179E-03   2.45962E-04   1.16831E-03   1.21412E-03   1.53418E-03   7.00931E-04  -9.16218E-04  -7.86461E-04
 6.51700E+02  -3.52248E-03  -1.31469E-02  -1.01410E-02  -2.01023E-04  -3.19556E-03   8.75746E-03   6.10945E-03   4.93063E-03   6.20674E-03  -3.67255E-03  -6.91484E-04  -5.51400E-03  -5.56223E-03  -1.07987E-03  -2.82008E-03   4.23432E-03   2.96681E-03   3.76807E-03   4.01897E-03  -9.05914E-04  -6.62473E-05  -3.43661E-03  -3.29818E-03  -1.39538E-03  -1.83084E-03   1.77360E-03   1.67860E-03   2.17634E-03   2.47017E-03   5.57993E-05  -3.87886E-05  -1.59121E-03  -2.14569E-03  -1.13341E-03  -1.15780E-03   3.42902E-04   1.24657E-03   1.06656E-03   1.57546E-03   5.34495E-04  -9.67734E-04  -6.72646E-04
 6.56400E+02  -3.61126E-03  -1.29722E-02  -1.00242E-02  -2.08084E-05  -2.98321E-03   8.72810E-03   6.16102E-03   4.70505E-03   6.03884E-03  -3.81882E-03  -8.55875E-04  -5.40315E-03  -5.54132E-03  -8.33576E-04  -2.62801E-03   4.28964E-03   3.09248E-03   3.54743E-03   3.93402E-03  -1.11169E-03  -2.33529E-04  -3.36005E-03  -3.33598E-03  -1.14801E-03  -1.71437E-03   1.85987E-03   1.78744E-03   1.99498E-03   2.44953E-03  -1.42319E-04  -1.37904E-04  -1.54287E-03  -2.19946E-03  -9.11698E-04  -1.12524E-03   4.37803E-04   1.30768E-03   9.16601E-04   1.59880E-03   3.67588E-04  -1.00607E-03  -5.57348E-04
 6.61200E+02  -3.69592E-03  -1.27953E-02  -9.89931E-03   1.59148E-04  -2.77043E-03   8.69536E-03   6.20217E-03   4.47707E-03   5.86258E-03  -3.96272E-03  -1.01451E-03  -5.28791E-03  -5.50562E-03  -5.86201E-04  -2.43231E-03   4.33998E-03   3.20301E-03   3.32162E-03   3.83429E-03  -1.31587E-03  -3.94446E-04  -3.27709E-03  -3.35354E-03  -8.97788E-04  -1.59109E-03   1.94198E-03   1.87950E-03   1.80805E-03   2.41064E-03  -3.40635E-04  -2.31663E-04  -1.48981E-03  -2.23088E-03  -6.86290E-04  -1.08331E-03   5.31687E-04   1.35282E-03   7.62906E-04   1.60453E-03   1.98653E-04  -1.03192E-03  -4.39561E-04
 6.65900E+02  -3.77323E-03  -1.26241E-02  -9.77152E-03   3.30382E-04  -2.56574E-03   8.66058E-03   6.23161E-03   4.25728E-03   5.68532E-03  -4.09752E-03  -1.16124E-03  -5.17374E-03  -5.45706E-03  -3.49441E-04  -2.24097E-03   4.38309E-03   3.29447E-03   3.10161E-03   3.72431E-03  -1.50867E-03  -5.42726E-04  -3.19202E-03  -3.35087E-03  -6.57135E-04  -1.46624E-03   2.01604E-03   1.95164E-03   1.62518E-03   2.35572E-03  -5.29112E-04  -3.16442E-04  -1.43497E-03  -2.23945E-03  -4.68959E-04  -1.03408E-03   6.19752E-04   1.38073E-03   6.13654E-04   1.59307E-03   3.65982E-05  -1.04470E-03  -3.25569E-04
 6.70800E+02  -3.84832E-03  -1.24480E-02  -9.63284E-03   5.02689E-04  -2.35591E-03   8.62139E-03   6.25153E-03   4.03283E-03   5.49578E-03  -4.23084E-03  -1.30568E-03  -5.05393E-03  -5.39285E-03  -1.09739E-04  -2.04169E-03   4.42133E-03   3.37309E-03   2.87490E-03   3.59729E-03  -1.70086E-03  -6.88054E-04  -3.10009E-03  -3.32822E-03  -4.12808E-04  -1.33193E-03   2.08608E-03   2.00881E-03   1.43652E-03   2.28163E-03  -7.17823E-04  -3.97782E-04  -1.37546E-03  -2.22617E-03  -2.48292E-04  -9.74562E-04   7.06598E-04   1.39349E-03   4.61102E-04   1.56403E-03  -1.26959E-04  -1.04546E-03  -2.09497E-04
 6.75600E+02  -3.91689E-03  -1.22785E-02  -9.49213E-03   6.64467E-04  -2.15367E-03   8.58000E-03   6.26118E-03   3.81853E-03   5.30580E-03  -4.35361E-03  -1.43930E-03  -4.93630E-03  -5.31741E-03   1.16793E-04  -1.84670E-03   4.45191E-03   3.43462E-03   2.65679E-03   3.46145E-03  -1.87922E-03  -8.21802E-04  -3.00748E-03  -3.28762E-03  -1.81725E-04  -1.19655E-03   2.14711E-03   2.04809E-03   1.25525E-03   2.19346E-03  -8.93377E-04  -4.70881E-04  -1.31545E-03  -2.19259E-03  -4.00801E-05  -9.08715E-04   7.85935E-04   1.39085E-03   3.16238E-04   1.51975E-03  -2.80175E-04  -1.03456E-03  -9.97501E-05
 6.80500E+02  -3.98230E-03  -1.21086E-02  -9.34425E-03   8.21715E-04  -1.95043E-03   8.53460E-03   6.26193E-03   3.60624E-03   5.10797E-03  -4.47028E-03  -1.56830E-03  -4.81636E-03  -5.22874E-03   3.38517E-04  -1.64796E-03   4.47590E-03   3.48286E-03   2.43932E-03   3.31215E-03  -2.05013E-03  -9.50137E-04  -2.91090E-03  -3.22887E-03   4.41615E-05  -1.05490E-03   2.20121E-03   2.07237E-03   1.07524E-03   2.08886E-03  -1.06162E-03  -5.39220E-04  -1.25295E-03  -2.13892E-03   1.62444E-04  -8.34457E-04   8.60310E-04   1.37388E-03   1.74435E-04   1.45968E-03  -4.27914E-04  -1.01246E-03   7.14197E-06
 6.85400E+02  -4.04366E-03  -1.19423E-02  -9.19295E-03   9.70407E-04  -1.75033E-03   8.48589E-03   6.25456E-03   3.40109E-03   4.90688E-03  -4.57770E-03  -1.69044E-03  -4.69688E-03  -5.12954E-03   5.49742E-04  -1.44972E-03   4.49236E-03   3.51773E-03   2.22804E-03   3.15325E-03  -2.20885E-03  -1.07080E-03  -2.81269E-03  -3.15429E-03   2.58602E-04  -9.10244E-04   2.24661E-03   2.08207E-03   9.01497E-04   1.97097E-03  -1.21752E-03  -6.01667E-04  -1.18963E-03  -2.06751E-03   3.53199E-04  -7.53842E-04   9.27334E-04   1.34379E-03   3.99833E-05   1.38602E-03  -5.65578E-04  -9.80304E-04   1.07889E-04
 6.90300E+02  -4.10155E-03  -1.17795E-02  -9.03918E-03   1.11016E-03  -1.55332E-03   8.43375E-03   6.24021E-03   3.20347E-03   4.70327E-03  -4.67546E-03  -1.80637E-03  -4.57805E-03  -5.02118E-03   7.49815E-04  -1.25221E-03   4.50111E-03   3.54060E-03   2.02365E-03   2.98603E-03  -2.35464E-03  -1.18437E-03  -2.71319E-03  -3.06564E-03   4.60528E-04  -7.63166E-04   2.28295E-03   2.07864E-03   7.34987E-04   1.84138E-03  -1.36004E-03  -6.58681E-04  -1.12584E-03  -1.98029E-03   5.30831E-04  -6.67692E-04   9.86448E-04   1.30196E-03  -8.61177E-05   1.30031E-03  -6.92068E-04  -9.39170E-04   2.01702E-04
 6.95300E+02  -4.15763E-03  -1.16170E-02  -8.88079E-03   1.24338E-03  -1.35546E-03   8.37694E-03   6.21956E-03   3.00979E-03   4.49374E-03  -4.76501E-03  -1.91887E-03  -4.45760E-03  -4.90262E-03   9.42041E-04  -1.05174E-03   4.50192E-03   3.55303E-03   1.82267E-03   2.80819E-03  -2.48954E-03  -1.29356E-03  -2.61055E-03  -2.96253E-03   6.52856E-04  -6.11231E-04   2.31040E-03   2.06314E-03   5.73275E-04   1.69878E-03  -1.49081E-03  -7.11720E-04  -1.06049E-03  -1.87705E-03   6.97467E-04  -5.74972E-04   1.03815E-03   1.24865E-03  -2.05373E-04   1.20207E-03  -8.08724E-04  -8.89102E-04   2.89639E-04
 7.00300E+02  -4.21129E-03  -1.14581E-02  -8.72193E-03   1.36713E-03  -1.16083E-03   8.31637E-03   6.19401E-03   2.82416E-03   4.28331E-03  -4.84413E-03  -2.02612E-03  -4.33794E-03  -4.77745E-03   1.12201E-03  -8.52710E-04   4.49442E-03   3.55587E-03   1.62962E-03   2.62448E-03  -2.61007E-03  -1.39653E-03  -2.50690E-03  -2.84855E-03   8.30771E-04  -4.58121E-04   2.32788E-03   2.03704E-03   4.20360E-04   1.54746E-03  -1.60617E-03  -7.60011E-04  -9.95078E-04  -1.76155E-03   8.48521E-04  -4.78326E-04   1.08078E-03   1.18611E-03  -3.14510E-04   1.09465E-03  -9.12155E-04  -8.32041E-04   3.69219E-04
 7.05400E+02  -4.26406E-03  -1.12995E-02  -8.56049E-03   1.48383E-03  -9.65689E-04   8.25067E-03   6.16406E-03   2.64291E-03   4.06861E-03  -4.91413E-03  -2.13067E-03  -4.21664E-03  -4.64443E-03   1.29297E-03  -6.51582E-04   4.47814E-03   3.55029E-03   1.44093E-03   2.43251E-03  -2.71804E-03  -1.49565E-03  -2.40018E-03  -2.72299E-03   9.97093E-04  -3.01494E-04   2.33528E-03   2.00104E-03   2.73758E-04   1.38595E-03  -1.70755E-03  -8.04798E-04  -9.28387E-04  -1.63328E-03   9.85994E-04  -3.76687E-04   1.11467E-03   1.11435E-03  -4.14986E-04   9.77361E-04  -1.00355E-03  -7.67853E-04   4.41442E-04
 7.10500E+02  -4.31534E-03  -1.11442E-02  -8.40061E-03   1.59133E-03  -7.74067E-04   8.18095E-03   6.13124E-03   2.46945E-03   3.85475E-03  -4.97349E-03  -2.23082E-03  -4.09591E-03  -4.50740E-03   1.45142E-03  -4.52801E-04   4.45311E-03   3.53748E-03   1.26040E-03   2.23735E-03  -2.81090E-03  -1.58924E-03  -2.29238E-03  -2.58992E-03   1.14805E-03  -1.45190E-04   2.33208E-03   1.95705E-03   1.36726E-04   1.21902E-03  -1.79228E-03  -8.45449E-04  -8.61759E-04  -1.49659E-03   1.10641E-03  -2.72948E-04   1.13873E-03   1.03604E-03  -5.04286E-04   8.54031E-04  -1.08044E-03  -6.98819E-04   5.04437E-04
 7.15600E+02  -4.36556E-03  -1.09917E-02  -8.24316E-03   1.69021E-03  -5.86071E-04   8.10719E-03   6.09649E-03   2.30324E-03   3.64252E-03  -5.02251E-03  -2.32696E-03  -3.97554E-03  -4.36765E-03   1.59776E-03  -2.56826E-04   4.41935E-03   3.51861E-03   1.08771E-03   2.04036E-03  -2.88883E-03  -1.67767E-03  -2.18339E-03  -2.45107E-03   1.28381E-03   9.99526E-06   2.31826E-03   1.90642E-03   9.19177E-06   1.04840E-03  -1.86036E-03  -8.82285E-04  -7.95173E-04  -1.35351E-03   1.20974E-03  -1.68091E-04   1.15290E-03   9.52612E-04  -5.82357E-04   7.26341E-04  -1.14273E-03  -6.26090E-04   5.58148E-04
 7.20800E+02  -4.41599E-03  -1.08386E-02  -8.08589E-03   1.78286E-03  -3.98259E-04   8.02782E-03   6.05988E-03   2.14058E-03   3.42857E-03  -5.06223E-03  -2.42121E-03  -3.85286E-03  -4.22353E-03   1.73507E-03  -6.03850E-05   4.37601E-03   3.49420E-03   9.19250E-04   1.83897E-03  -2.95323E-03  -1.76278E-03  -2.07085E-03  -2.30524E-03   1.40694E-03   1.66250E-04   2.29330E-03   1.84926E-03  -1.11294E-04   8.72363E-04  -1.91280E-03  -9.16179E-04  -7.27258E-04  -1.20305E-03   1.29766E-03  -6.10114E-05   1.15724E-03   8.63683E-04  -6.50497E-04   5.93319E-04  -1.19132E-03  -5.49256E-04   6.03419E-04
 7.26000E+02  -4.46587E-03  -1.06876E-02  -7.93250E-03   1.86809E-03  -2.14507E-04   7.94427E-03   6.02271E-03   1.98403E-03   3.21778E-03  -5.09211E-03  -2.51185E-03  -3.72993E-03  -4.07878E-03   1.86106E-03   1.32145E-04   4.32378E-03   3.46546E-03   7.57905E-04   1.63826E-03  -3.00290E-03  -1.84295E-03  -1.95669E-03  -2.15661E-03   1.51513E-03   3.19684E-04   2.25752E-03   1.78763E-03  -2.22493E-04   6.95875E-04  -1.94847E-03  -9.46573E-04  -6.59222E-04  -1.04985E-03   1.36835E-03   4.52694E-05   1.15150E-03   7.72150E-04  -7.07300E-04   4.59032E-04  -1.22508E-03  -4.70779E-04   6.39280E-04
 7.31200E+02  -4.51534E-03  -1.05381E-02  -7.78342E-03   1.94678E-03  -3.49784E-05   7.85658E-03   5.98546E-03   1.83278E-03   3.01072E-03  -5.11268E-03  -2.59902E-03  -3.60641E-03  -3.93427E-03   1.97650E-03   3.20256E-04   4.26283E-03   3.43313E-03   6.03040E-04   1.43939E-03  -3.03838E-03  -1.91825E-03  -1.84067E-03  -2.00656E-03   1.60903E-03   4.69473E-04   2.21110E-03   1.72255E-03  -3.24853E-04   5.20480E-04  -1.96781E-03  -9.73596E-04  -5.90951E-04  -8.95639E-04   1.42232E-03   1.49818E-04   1.13591E-03   6.79217E-04  -7.53109E-04   3.24974E-04  -1.24441E-03  -3.91649E-04   6.65995E-04
 7.36500E+02  -4.56535E-03  -1.03868E-02  -7.63619E-03   2.02118E-03   1.43473E-04   7.76302E-03   5.94769E-03   1.68323E-03   2.80404E-03  -5.12470E-03  -2.68433E-03  -3.47956E-03  -3.78792E-03   2.08414E-03   5.06913E-04   4.19195E-03   3.39701E-03   4.51179E-04   1.23964E-03  -3.06060E-03  -1.98994E-03  -1.72032E-03  -1.85340E-03   1.69077E-03   6.17553E-04   2.15315E-03   1.65355E-03  -4.20611E-04   3.44318E-04  -1.97136E-03  -9.97732E-04  -5.21008E-04  -7.39067E-04   1.46079E-03   2.53670E-04   1.11019E-03   5.84184E-04  -7.88935E-04   1.90015E-04  -1.24977E-03  -3.11263E-04   6.84162E-04
 7.41800E+02  -4.61487E-03  -1.02360E-02  -7.49380E-03   2.09064E-03   3.17160E-04   7.66532E-03   5.91026E-03   1.53749E-03   2.60215E-03  -5.12832E-03  -2.76598E-03  -3.35145E-03  -3.64307E-03   2.18253E-03   6.87919E-04   4.11248E-03   3.35810E-03   3.04661E-04   1.04381E-03  -3.06948E-03  -2.05639E-03  -1.59765E-03  -1.70108E-03   1.75924E-03   7.60163E-04   2.08481E-03   1.58258E-03  -5.08285E-04   1.72174E-04  -1.95930E-03  -1.01842E-03  -4.50597E-04  -5.84616E-04   1.48336E-03   3.53895E-04   1.07494E-03   4.89864E-04  -8.14318E-04   5.81000E-05  -1.24129E-03  -2.32013E-04   6.93598E-04
 7.47200E+02  -4.66465E-03  -1.00826E-02  -7.35366E-03   2.15725E-03   4.89015E-04   7.56166E-03   5.87242E-03   1.39210E-03   2.40172E-03  -5.12405E-03  -2.84526E-03  -3.21933E-03  -3.49741E-03   2.27416E-03   8.65982E-04   4.02302E-03   3.31581E-03   1.60188E-04   8.49219E-04  -3.06560E-03  -2.11847E-03  -1.47014E-03  -1.54772E-03   1.81624E-03   8.98990E-04   2.00494E-03   1.50886E-03  -5.89903E-04   2.24148E-06  -1.93179E-03  -1.03589E-03  -3.78294E-04  -4.30846E-04   1.49091E-03   4.51398E-04   1.02970E-03   3.95454E-04  -8.30046E-04  -7.18781E-05  -1.21916E-03  -1.53254E-04   6.94724E-04
 7.52600E+02  -4.71348E-03  -9.92882E-03  -7.21829E-03   2.22051E-03   6.55500E-04   7.45400E-03   5.83468E-03   1.24910E-03   2.20684E-03  -5.11242E-03  -2.92033E-03  -3.08540E-03  -3.35394E-03   2.35794E-03   1.03708E-03   3.92536E-03   3.27092E-03   1.99372E-05   6.60377E-04  -3.04951E-03  -2.17454E-03  -1.34003E-03  -1.39701E-03   1.86127E-03   1.03045E-03   1.91527E-03   1.43423E-03  -6.64338E-04  -1.60951E-04  -1.88987E-03  -1.04959E-03  -3.05379E-04  -2.81988E-04   1.48384E-03   5.43398E-04   9.75583E-04   3.03609E-04  -8.36202E-04  -1.96185E-04  -1.18425E-03  -7.72472E-05   6.87824E-04
 7.58000E+02  -4.76102E-03  -9.77447E-03  -7.08735E-03   2.28119E-03   8.16401E-04   7.34254E-03   5.79673E-03   1.10786E-03   2.01767E-03  -5.09407E-03  -2.99087E-03  -2.94952E-03  -3.21278E-03   2.43467E-03   1.20069E-03   3.81997E-03   3.22338E-03  -1.16638E-04   4.77973E-04  -3.02208E-03  -2.22422E-03  -1.20733E-03  -1.24962E-03   1.89524E-03   1.15372E-03   1.81643E-03   1.35904E-03  -7.32166E-04  -3.16280E-04  -1.83453E-03  -1.05934E-03  -2.31858E-04  -1.39188E-04   1.46323E-03   6.29097E-04   9.13231E-04   2.15092E-04  -8.33485E-04  -3.13719E-04  -1.13750E-03  -4.66306E-06   6.73481E-04
 7.63500E+02  -4.80772E-03  -9.61641E-03  -6.95809E-03   2.34100E-03   9.74325E-04   7.22534E-03   5.75740E-03   9.65280E-04   1.83095E-03  -5.06914E-03  -3.05768E-03  -2.80907E-03  -3.07137E-03   2.50631E-03   1.35910E-03   3.70518E-03   3.17206E-03  -2.52419E-04   2.99410E-04  -2.98340E-03  -2.26782E-03  -1.06964E-03  -1.10347E-03   1.91939E-03   1.27009E-03   1.70705E-03   1.28217E-03  -7.95007E-04  -4.65363E-04  -1.76550E-03  -1.06501E-03  -1.56421E-04  -1.01209E-06   1.42943E-03   7.09142E-04   8.41975E-04   1.29039E-04  -8.22343E-04  -4.25442E-04  -1.07872E-03   6.51323E-05   6.51860E-04
 7.69000E+02  -4.85222E-03  -9.45733E-03  -6.83244E-03   2.39933E-03   1.12603E-03   7.10473E-03   5.71688E-03   8.23609E-04   1.65026E-03  -5.03851E-03  -3.11900E-03  -2.66659E-03  -2.93225E-03   2.57204E-03   1.50871E-03   3.58349E-03   3.11755E-03  -3.85186E-04   1.28649E-04  -2.93482E-03  -2.30386E-03  -9.29624E-04  -9.61765E-04   1.93390E-03   1.37642E-03   1.58971E-03   1.20519E-03  -8.52049E-04  -6.04303E-04  -1.68488E-03  -1.06614E-03  -8.05628E-05   1.28913E-04   1.38393E-03   7.81175E-04   7.63703E-04   4.77249E-05  -8.03528E-04  -5.28182E-04  -1.00979E-03   1.30213E-04   6.23838E-04
 7.74600E+02  -4.89480E-03  -9.29428E-03  -6.70761E-03   2.45762E-03   1.27392E-03   6.97873E-03   5.67382E-03   6.80052E-04   1.47246E-03  -5.00207E-03  -3.17535E-03  -2.51962E-03  -2.79279E-03   2.63347E-03   1.65153E-03   3.45319E-03   3.05846E-03  -5.17484E-04  -3.67631E-05  -2.87615E-03  -2.33231E-03  -7.85055E-04  -8.22407E-04   1.93968E-03   1.47369E-03   1.46301E-03   1.12681E-03  -9.04627E-04  -7.34506E-04  -1.59219E-03  -1.06237E-03  -3.10720E-06   2.51913E-04   1.32683E-03   8.45635E-04   6.77708E-04  -2.96773E-05  -7.77310E-04  -6.22726E-04  -9.30406E-04   1.91148E-04   5.89458E-04
 7.80200E+02  -4.93416E-03  -9.13022E-03  -6.58529E-03   2.51508E-03   1.41499E-03   6.84990E-03   5.62832E-03   5.37110E-04   1.30081E-03  -4.96088E-03  -3.22515E-03  -2.37100E-03  -2.65529E-03   2.68982E-03   1.78435E-03   3.31719E-03   2.99539E-03  -6.46953E-04  -1.93299E-04  -2.80919E-03  -2.35198E-03  -6.38956E-04  -6.88268E-04   1.93724E-03   1.55925E-03   1.33008E-03   1.04849E-03  -9.52046E-04  -8.52630E-04  -1.49016E-03  -1.05342E-03   7.42742E-05   3.64868E-04   1.26021E-03   9.00565E-04   5.86349E-04  -1.01207E-04  -7.44814E-04  -7.06406E-04  -8.43027E-04   2.46299E-04   5.49940E-04
 7.85800E+02  -4.96985E-03  -8.96531E-03  -6.46485E-03   2.57184E-03   1.54914E-03   6.71864E-03   5.57981E-03   3.94854E-04   1.13517E-03  -4.91545E-03  -3.26800E-03  -2.22113E-03  -2.51950E-03   2.74146E-03   1.90683E-03   3.17632E-03   2.92800E-03  -7.73533E-04  -3.40705E-04  -2.73491E-03  -2.36244E-03  -4.91945E-04  -5.59520E-04   1.92740E-03   1.63258E-03   1.19207E-03   9.70262E-04  -9.94630E-04  -9.58103E-04  -1.38024E-03  -1.03906E-03   1.51214E-04   4.67242E-04   1.18541E-03   9.45505E-04   4.90686E-04  -1.66522E-04  -7.06895E-04  -7.78649E-04  -7.49008E-04   2.95342E-04   5.06065E-04
 7.91500E+02  -5.00201E-03  -8.79688E-03  -6.34358E-03   2.62888E-03   1.67847E-03   6.58299E-03   5.52679E-03   2.50985E-04   9.72593E-04  -4.86534E-03  -3.30414E-03  -2.06779E-03  -2.38278E-03   2.78945E-03   2.02063E-03   3.02883E-03   2.85464E-03  -8.99218E-04  -4.81204E-04  -2.65280E-03  -2.36329E-03  -3.42120E-04  -4.34105E-04   1.91057E-03   1.69427E-03   1.04763E-03   8.90708E-04  -1.03327E-03  -1.05204E-03  -1.26176E-03  -1.01873E-03   2.28628E-04   5.60180E-04   1.10228E-03   9.80636E-04   3.90043E-04  -2.26369E-04  -6.63607E-04  -8.40006E-04  -6.47928E-04   3.38744E-04   4.57753E-04
 7.97200E+02  -5.02963E-03  -8.62823E-03  -6.22311E-03   2.68507E-03   1.80051E-03   6.44576E-03   5.46964E-03   1.08408E-04   8.15910E-04  -4.81174E-03  -3.33250E-03  -1.91423E-03  -2.24729E-03   2.83300E-03   2.12331E-03   2.87816E-03   2.77619E-03  -1.02141E-03  -6.12010E-04  -2.56512E-03  -2.35403E-03  -1.92953E-04  -3.14406E-04   1.88762E-03   1.74265E-03   9.00497E-04   8.11209E-04  -1.06737E-03  -1.13217E-03  -1.13816E-03  -9.92527E-04   3.04623E-04   6.41506E-04   1.01350E-03   1.00484E-03   2.87301E-04  -2.79359E-04  -6.16470E-04  -8.88806E-04  -5.42898E-04   3.75416E-04   4.06586E-04
 8.02900E+02  -5.05246E-03  -8.45979E-03  -6.10295E-03   2.74018E-03   1.91528E-03   6.30744E-03   5.40797E-03  -3.24167E-05   6.64911E-04  -4.75506E-03  -3.35291E-03  -1.76112E-03  -2.11279E-03   2.87220E-03   2.21484E-03   2.72529E-03   2.69248E-03  -1.13969E-03  -7.33152E-04  -2.47285E-03  -2.33452E-03  -4.53671E-05  -2.00395E-04   1.85922E-03   1.77763E-03   7.52048E-04   7.31748E-04  -1.09705E-03  -1.19840E-03  -1.01101E-03  -9.60409E-04   3.78642E-04   7.11125E-04   9.20483E-04   1.01804E-03   1.83689E-04  -3.25428E-04  -5.66351E-04  -9.24948E-04  -4.35408E-04   4.05297E-04   3.53394E-04
 8.08700E+02  -5.07062E-03  -8.28911E-03  -5.98062E-03   2.79483E-03   2.02472E-03   6.16608E-03   5.34036E-03  -1.73359E-04   5.16872E-04  -4.69454E-03  -3.36550E-03  -1.60648E-03  -1.97676E-03   2.90764E-03   2.29663E-03   2.56848E-03   2.60181E-03  -1.25556E-03  -8.46625E-04  -2.37518E-03  -2.30418E-03   1.02191E-04  -9.01426E-05   1.82540E-03   1.79956E-03   6.01048E-04   6.50925E-04  -1.12282E-03  -1.25162E-03  -8.79540E-04  -9.21707E-04   4.51324E-04   7.70011E-04   8.22894E-04   1.02025E-03   7.86345E-05  -3.65229E-04  -5.13158E-04  -9.48807E-04  -3.25026E-04   4.28766E-04   2.98029E-04
 8.14600E+02  -5.08382E-03  -8.11674E-03  -5.85585E-03   2.84857E-03   2.12861E-03   6.02215E-03   5.26643E-03  -3.13669E-04   3.71841E-04  -4.63036E-03  -3.36993E-03  -1.45115E-03  -1.83909E-03   2.93902E-03   2.36831E-03   2.40869E-03   2.50391E-03  -1.36819E-03  -9.52145E-04  -2.27287E-03  -2.26265E-03   2.48528E-04   1.61777E-05   1.78650E-03   1.80800E-03   4.48946E-04   5.68754E-04  -1.14448E-03  -1.29137E-03  -7.45251E-04  -8.76257E-04   5.21885E-04   8.17766E-04   7.21992E-04   1.01113E-03  -2.65424E-05  -3.98521E-04  -4.57642E-04  -9.59978E-04  -2.13243E-04   4.45597E-04   2.41270E-04
 8.20500E+02  -5.09176E-03  -7.94618E-03  -5.73057E-03   2.90001E-03   2.22527E-03   5.87857E-03   5.18733E-03  -4.50236E-04   2.32167E-04  -4.56379E-03  -3.36612E-03  -1.29856E-03  -1.70203E-03   2.96560E-03   2.42875E-03   2.24960E-03   2.40046E-03  -1.47494E-03  -1.04799E-03  -2.16845E-03  -2.21072E-03   3.90011E-04   1.16781E-04   1.74361E-03   1.80292E-03   2.99776E-04   4.86676E-04  -1.16156E-03  -1.31709E-03  -6.11940E-04  -8.24925E-04   5.88389E-04   8.53660E-04   6.20802E-04   9.90966E-04  -1.28743E-04  -4.24776E-04  -4.01535E-04  -9.58396E-04  -1.03467E-04   4.55557E-04   1.84884E-04
 8.26400E+02  -5.09463E-03  -7.77794E-03  -5.60474E-03   2.94873E-03   2.31499E-03   5.73578E-03   5.10326E-03  -5.82424E-04   9.76054E-05  -4.49506E-03  -3.35443E-03  -1.14942E-03  -1.56557E-03   2.98724E-03   2.47842E-03   2.09214E-03   2.29173E-03  -1.57522E-03  -1.13456E-03  -2.06275E-03  -2.14889E-03   5.25629E-04   2.11862E-04   1.69724E-03   1.78497E-03   1.54873E-04   4.04770E-04  -1.17402E-03  -1.32941E-03  -4.81047E-04  -7.68062E-04   6.50204E-04   8.78221E-04   5.20586E-04   9.60327E-04  -2.26765E-04  -4.44302E-04  -3.45604E-04  -9.44692E-04   2.89752E-06   4.58971E-04   1.29630E-04
 8.32400E+02  -5.09262E-03  -7.60966E-03  -5.47627E-03   2.99508E-03   2.39950E-03   5.59176E-03   5.01297E-03  -7.11758E-04  -3.42385E-05  -4.42313E-03  -3.33493E-03  -1.00198E-03  -1.42745E-03   3.00404E-03   2.51851E-03   1.93453E-03   2.17616E-03  -1.66998E-03  -1.21357E-03  -1.95465E-03  -2.07655E-03   6.56569E-04   3.03107E-04   1.64694E-03   1.75433E-03   1.31419E-05   3.21772E-04  -1.18192E-03  -1.32904E-03  -3.51758E-04  -7.05021E-04   7.07652E-04   8.92252E-04   4.20844E-04   9.19161E-04  -3.21030E-04  -4.57649E-04  -2.89618E-04  -9.19138E-04   1.06244E-04   4.56146E-04   7.53120E-05
 8.38400E+02  -5.08601E-03  -7.44462E-03  -5.34746E-03   3.03783E-03   2.47764E-03   5.44926E-03   4.91829E-03  -8.35421E-04  -1.61271E-04  -4.34927E-03  -3.30833E-03  -8.59379E-04  -1.29011E-03   3.01544E-03   2.54879E-03   1.78019E-03   2.05608E-03  -1.75692E-03  -1.28399E-03  -1.84659E-03  -1.99547E-03   7.79610E-04   3.89086E-04   1.59384E-03   1.71219E-03  -1.21791E-04   2.39235E-04  -1.18497E-03  -1.31662E-03  -2.27526E-04  -6.37272E-04   7.59086E-04   8.96037E-04   3.24344E-04   8.68776E-04  -4.08808E-04  -4.64892E-04  -2.35169E-04  -8.82830E-04   2.03538E-04   4.47462E-04   2.35221E-05
 8.44400E+02  -5.07522E-03  -7.28311E-03  -5.21856E-03   3.07668E-03   2.54984E-03   5.30853E-03   4.81977E-03  -9.52981E-04  -2.83702E-04  -4.27357E-03  -3.27528E-03  -7.22096E-04  -1.15373E-03   3.02130E-03   2.57002E-03   1.62973E-03   1.93210E-03  -1.83560E-03  -1.34640E-03  -1.73910E-03  -1.90659E-03   8.94015E-04   4.70027E-04   1.53825E-03   1.65964E-03  -2.48965E-04   1.57358E-04  -1.18310E-03  -1.29323E-03  -1.09384E-04  -5.65439E-04   8.04026E-04   8.90456E-04   2.31991E-04   8.10156E-04  -4.89212E-04  -4.66541E-04  -1.82807E-04  -8.36847E-04   2.93752E-04   4.33468E-04  -2.51876E-05
 8.50500E+02  -5.06044E-03  -7.12274E-03  -5.08774E-03   3.11196E-03   2.61763E-03   5.16743E-03   4.71628E-03  -1.06591E-03  -4.03641E-04  -4.19481E-03  -3.23580E-03  -5.88351E-04  -1.01629E-03   3.02146E-03   2.58316E-03   1.48124E-03   1.80278E-03  -1.90674E-03  -1.40223E-03  -1.63084E-03  -1.80926E-03   1.00086E-03   5.47373E-04   1.47946E-03   1.59674E-03  -3.69494E-04   7.50357E-05  -1.17612E-03  -1.25938E-03   3.60715E-06  -4.88930E-04   8.42649E-04   8.76146E-04   1.43121E-04   7.43208E-04  -5.62642E-04  -4.63043E-04  -1.32182E-04  -7.81377E-04   3.77330E-04   4.14404E-04  -7.10787E-05
 8.56700E+02  -5.04198E-03  -6.96378E-03  -4.95538E-03   3.14329E-03   2.68117E-03   5.02614E-03   4.60833E-03  -1.17367E-03  -5.21025E-04  -4.11291E-03  -3.19035E-03  -4.58693E-04  -8.78142E-04   3.01556E-03   2.58866E-03   1.33529E-03   1.66875E-03  -1.96964E-03  -1.45172E-03  -1.52219E-03  -1.70426E-03   1.09920E-03   6.21088E-04   1.41755E-03   1.52434E-03  -4.82296E-04  -7.39963E-06  -1.16375E-03  -1.21585E-03   1.10380E-04  -4.08354E-04   8.74277E-04   8.53723E-04   5.86199E-05   6.68768E-04  -6.28066E-04  -4.54746E-04  -8.38136E-05  -7.17296E-04   4.53144E-04   3.90692E-04  -1.13579E-04
 8.62900E+02  -5.02054E-03  -6.80892E-03  -4.82402E-03   3.17000E-03   2.73975E-03   4.88702E-03   4.49832E-03  -1.27427E-03  -6.33974E-04  -4.02917E-03  -3.14032E-03  -3.35500E-04  -7.41896E-04   3.00350E-03   2.58712E-03   1.19460E-03   1.53297E-03  -2.02287E-03  -1.49448E-03  -1.41520E-03  -1.59432E-03   1.18687E-03   6.90049E-04   1.35364E-03   1.44475E-03  -5.84852E-04  -8.82648E-05  -1.14607E-03  -1.16444E-03   2.08486E-04  -3.25772E-04   8.97987E-04   8.24431E-04  -1.95254E-05   5.89137E-04  -6.83749E-04  -4.42291E-04  -3.88560E-05  -6.46817E-04   5.19205E-04   3.63296E-04  -1.51607E-04
 8.69100E+02  -4.99658E-03  -6.65804E-03  -4.69406E-03   3.19211E-03   2.79378E-03   4.74999E-03   4.38693E-03  -1.36772E-03  -7.42572E-04  -3.94359E-03  -3.08647E-03  -2.18786E-04  -6.07915E-04   2.98529E-03   2.57934E-03   1.05925E-03   1.39629E-03  -2.06640E-03  -1.53108E-03  -1.31002E-03  -1.48062E-03   1.26371E-03   7.54404E-04   1.28788E-03   1.35932E-03  -6.76886E-04  -1.67209E-04  -1.12311E-03  -1.10646E-03   2.97580E-04  -2.42033E-04   9.13653E-04   7.89331E-04  -9.09880E-05   5.05580E-04  -7.29405E-04  -4.26292E-04   2.48301E-06  -5.71312E-04   5.75158E-04   3.32901E-04  -1.84963E-04
 8.75400E+02  -4.97005E-03  -6.50865E-03  -4.56382E-03   3.20998E-03   2.84434E-03   4.61280E-03   4.27299E-03  -1.45551E-03  -8.48506E-04  -3.85473E-03  -3.02856E-03  -1.06734E-04  -4.74489E-04   2.96056E-03   2.56585E-03   9.27176E-04   1.25737E-03  -2.10075E-03  -1.56246E-03  -1.20506E-03  -1.36243E-03   1.33070E-03   8.15191E-04   1.21925E-03   1.26786E-03  -7.59522E-04  -2.45078E-04  -1.09443E-03  -1.04210E-03   3.78707E-04  -1.56631E-04   9.21311E-04   7.48775E-04  -1.56570E-04   4.17942E-04  -7.65398E-04  -4.07016E-04   4.06562E-05  -4.90831E-04   6.21480E-04   2.99636E-04  -2.13959E-04
 8.81700E+02  -4.94165E-03  -6.36297E-03  -4.43576E-03   3.22340E-03   2.89081E-03   4.47752E-03   4.15891E-03  -1.53632E-03  -9.49987E-04  -3.76395E-03  -2.96809E-03  -1.09183E-06  -3.44210E-04   2.92966E-03   2.54744E-03   8.00500E-04   1.11927E-03  -2.12530E-03  -1.58845E-03  -1.10205E-03  -1.24270E-03   1.38664E-03   8.71402E-04   1.14889E-03   1.17302E-03  -8.31246E-04  -3.20177E-04  -1.06048E-03  -9.73511E-04   4.50338E-04  -7.17833E-05   9.20724E-04   7.04307E-04  -2.15009E-04   3.28814E-04  -7.90936E-04  -3.85285E-04   7.49176E-05  -4.07922E-04   6.57175E-04   2.64645E-04  -2.37995E-04
 8.88100E+02  -4.91114E-03  -6.21847E-03  -4.30821E-03   3.23271E-03   2.93404E-03   4.34185E-03   4.04342E-03  -1.61158E-03  -1.04847E-03  -3.66977E-03  -2.90464E-03   9.99301E-05  -2.15508E-04   2.89212E-03   2.52433E-03   6.77149E-04   9.80664E-04  -2.14051E-03  -1.60971E-03  -9.99360E-04  -1.12061E-03   1.43241E-03   9.23846E-04   1.07574E-03   1.07447E-03  -8.93146E-04  -3.93208E-04  -1.02074E-03  -9.00714E-04   5.13516E-04   1.29689E-05   9.11872E-04   6.56108E-04  -2.67124E-04   2.37998E-04  -8.06353E-04  -3.61261E-04   1.05738E-04  -3.22554E-04   6.82708E-04   2.27992E-04  -2.57389E-04
 8.94500E+02  -4.87913E-03  -6.07721E-03  -4.18348E-03   3.23795E-03   2.97340E-03   4.20779E-03   3.92880E-03  -1.68036E-03  -1.14224E-03  -3.57364E-03  -2.83967E-03   1.94927E-04  -9.08996E-05   2.84863E-03   2.49732E-03   5.58931E-04   8.44558E-04  -2.14626E-03  -1.62612E-03  -8.98590E-04  -9.99119E-04   1.46744E-03   9.71573E-04   1.00099E-03   9.74855E-04  -9.44339E-04  -4.62521E-04  -9.75943E-04  -8.25899E-04   5.67286E-04   9.54212E-05   8.94984E-04   6.05776E-04  -3.12100E-04   1.48105E-04  -8.11482E-04  -3.35800E-04   1.32624E-04  -2.37311E-04   6.97732E-04   1.90844E-04  -2.71849E-04
 9.00900E+02  -4.84570E-03  -5.93886E-03  -4.06176E-03   3.23943E-03   3.00894E-03   4.07516E-03   3.81543E-03  -1.74307E-03  -1.23115E-03  -3.47563E-03  -2.77361E-03   2.84253E-04   2.92088E-05   2.79946E-03   2.46686E-03   4.45575E-04   7.11694E-04  -2.14302E-03  -1.63792E-03  -7.99663E-04  -8.79174E-04   1.49221E-03   1.01453E-03   9.24760E-04   8.75250E-04  -9.85276E-04  -5.27687E-04  -9.26344E-04  -7.50090E-04   6.12013E-04   1.74771E-04   8.70437E-04   5.54141E-04  -3.50193E-04   6.02541E-05  -8.06766E-04  -3.09382E-04   1.55706E-04  -1.53381E-04   7.02682E-04   1.53779E-04  -2.81566E-04
 9.07400E+02  -4.81028E-03  -5.80106E-03  -3.94135E-03   3.23743E-03   3.04113E-03   3.94178E-03   3.70187E-03  -1.80099E-03  -1.31635E-03  -3.37426E-03  -2.70573E-03   3.69544E-04   1.46195E-04   2.74407E-03   2.43274E-03   3.35142E-04   5.80759E-04  -2.13107E-03  -1.64536E-03  -7.01012E-04  -7.59823E-04   1.50745E-03   1.05318E-03   8.45966E-04   7.75079E-04  -1.01691E-03  -5.89200E-04  -8.71392E-04  -6.73020E-04   6.48642E-04   2.51420E-04   8.38142E-04   5.01130E-04  -3.82168E-04  -2.58238E-05  -7.92470E-04  -2.82009E-04   1.75434E-04  -7.06002E-05   6.97963E-04   1.16758E-04  -2.86833E-04
 9.14000E+02  -4.77274E-03  -5.66368E-03  -3.82248E-03   3.23212E-03   3.06972E-03   3.80761E-03   3.58841E-03  -1.85432E-03  -1.39743E-03  -3.26959E-03  -2.63626E-03   4.50929E-04   2.59451E-04   2.68261E-03   2.39510E-03   2.27568E-04   4.52572E-04  -2.11061E-03  -1.64836E-03  -6.02676E-04  -6.41988E-04   1.51338E-03   1.08718E-03   7.64737E-04   6.75282E-04  -1.03941E-03  -6.46422E-04  -8.11277E-04  -5.95545E-04   6.77314E-04   3.24455E-04   7.98331E-04   4.47413E-04  -4.08118E-04  -1.08991E-04  -7.68847E-04  -2.54059E-04   1.91849E-04   9.87216E-06   6.83816E-04   8.03073E-05  -2.87745E-04
 9.20600E+02  -4.73347E-03  -5.52867E-03  -3.70706E-03   3.22384E-03   3.09409E-03   3.67467E-03   3.47694E-03  -1.90257E-03  -1.47285E-03  -3.16340E-03  -2.56645E-03   5.27422E-04   3.66793E-04   2.61636E-03   2.35462E-03   1.24334E-04   3.29740E-04  -2.08244E-03  -1.64685E-03  -5.06178E-04  -5.28242E-04   1.51042E-03   1.11575E-03   6.82514E-04   5.78203E-04  -1.05295E-03  -6.97974E-04  -7.47284E-04  -5.19612E-04   6.98008E-04   3.92000E-04   7.52104E-04   3.94420E-04  -4.27953E-04  -1.86999E-04  -7.36843E-04  -2.26303E-04   2.04865E-04   8.57980E-05   6.61038E-04   4.54527E-05  -2.84545E-04
 9.27200E+02  -4.69229E-03  -5.39590E-03  -3.59505E-03   3.21290E-03   3.11410E-03   3.54299E-03   3.36755E-03  -1.94615E-03  -1.54246E-03  -3.05593E-03  -2.49641E-03   5.99353E-04   4.67929E-04   2.54583E-03   2.31146E-03   2.52305E-05   2.12731E-04  -2.04729E-03  -1.64086E-03  -4.11553E-04  -4.19181E-04   1.49935E-03   1.13879E-03   5.99587E-04   4.84505E-04  -1.05827E-03  -7.43508E-04  -6.79940E-04  -4.45864E-04   7.11370E-04   4.53479E-04   7.00190E-04   3.42675E-04  -4.42155E-04  -2.59075E-04  -6.97333E-04  -1.99043E-04   2.14743E-04   1.56367E-04   6.30500E-04   1.25783E-05  -2.77619E-04
 9.33900E+02  -4.64834E-03  -5.26338E-03  -3.48478E-03   3.19935E-03   3.12981E-03   3.41070E-03   3.25862E-03  -1.98599E-03  -1.60701E-03  -2.94586E-03  -2.42515E-03   6.68000E-04   5.64004E-04   2.47042E-03   2.26499E-03  -7.13121E-05   1.00294E-04  -2.00522E-03  -1.63022E-03  -3.17500E-04  -3.13761E-04   1.48065E-03   1.15638E-03   5.15030E-04   3.93409E-04  -1.05606E-03  -7.83276E-04  -6.08744E-04  -3.73777E-04   7.18119E-04   5.09191E-04   6.42474E-04   2.91869E-04  -4.51325E-04  -3.25514E-04  -6.50503E-04  -1.72134E-04   2.21838E-04   2.21831E-04   5.92518E-04  -1.84392E-05  -2.67199E-04
 9.40700E+02  -4.60130E-03  -5.13125E-03  -3.37631E-03   3.18335E-03   3.14090E-03   3.27803E-03   3.15025E-03  -2.02223E-03  -1.66612E-03  -2.83353E-03  -2.35271E-03   7.33421E-04   6.54537E-04   2.39058E-03   2.21514E-03  -1.65217E-04  -6.98187E-06  -1.95675E-03  -1.61475E-03  -2.24253E-04  -2.12623E-04   1.45485E-03   1.16818E-03   4.29237E-04   3.05558E-04  -1.04681E-03  -8.16745E-04  -5.34232E-04  -3.03933E-04   7.18667E-04   5.58431E-04   5.79609E-04   2.42453E-04  -4.55765E-04  -3.85465E-04  -5.97096E-04  -1.45828E-04   2.26309E-04   2.81335E-04   5.47815E-04  -4.72189E-05  -2.53589E-04
 9.47500E+02  -4.55164E-03  -5.00162E-03  -3.27120E-03   3.16529E-03   3.14699E-03   3.14723E-03   3.04401E-03  -2.05454E-03  -1.71870E-03  -2.72103E-03  -2.28017E-03   7.94763E-04   7.37925E-04   2.30804E-03   2.16265E-03  -2.55063E-04  -1.07161E-04  -1.90330E-03  -1.59460E-03  -1.33432E-04  -1.17680E-04   1.42304E-03   1.17383E-03   3.43929E-04   2.22697E-04  -1.03133E-03  -8.43109E-04  -4.58162E-04  -2.37783E-04   7.13590E-04   6.00020E-04   5.13350E-04   1.95497E-04  -4.55847E-04  -4.37473E-04  -5.38854E-04  -1.20708E-04   2.28326E-04   3.33414E-04   4.97992E-04  -7.30666E-05  -2.37394E-04
 9.54300E+02  -4.49922E-03  -4.87468E-03  -3.16931E-03   3.14535E-03   3.14804E-03   3.01858E-03   2.93984E-03  -2.08314E-03  -1.76475E-03  -2.60881E-03  -2.20754E-03   8.52178E-04   8.14133E-04   2.22346E-03   2.10757E-03  -3.40843E-04  -2.00131E-04  -1.84569E-03  -1.56983E-03  -4.52801E-05  -2.91193E-05   1.38609E-03   1.17335E-03   2.59601E-04   1.45068E-04  -1.01047E-03  -8.62291E-04  -3.81272E-04  -1.75584E-04   7.03602E-04   6.33785E-04   4.44644E-04   1.51219E-04  -4.52105E-04  -4.81274E-04  -4.76884E-04  -9.69016E-05   2.28177E-04   3.77780E-04   4.44144E-04  -9.58366E-05  -2.19088E-04
 9.61200E+02  -4.44310E-03  -4.74887E-03  -3.06911E-03   3.12336E-03   3.14395E-03   2.89060E-03   2.83618E-03  -2.10857E-03  -1.80484E-03  -2.49575E-03  -2.13375E-03   9.06534E-04   8.84165E-04   2.13623E-03   2.04911E-03  -4.23675E-04  -2.87087E-04  -1.78379E-03  -1.54007E-03   4.11555E-05   5.41346E-05   1.34420E-03   1.16668E-03   1.75563E-04   7.17876E-05  -9.84607E-04  -8.74438E-04  -3.03177E-04  -1.16673E-04   6.89150E-04   6.59998E-04   3.73393E-04   1.09177E-04  -4.44930E-04  -5.17211E-04  -4.11317E-04  -7.41814E-05   2.26097E-04   4.14768E-04   3.86499E-04  -1.15712E-04  -1.98834E-04
 9.68100E+02  -4.38403E-03  -4.62636E-03  -2.97198E-03   3.09969E-03   3.13475E-03   2.76557E-03   2.73452E-03  -2.13053E-03  -1.83840E-03  -2.38401E-03  -2.05989E-03   9.57030E-04   9.46976E-04   2.04824E-03   1.98817E-03  -5.02174E-04  -3.66685E-04  -1.71922E-03  -1.50580E-03   1.24247E-04   1.30742E-04   1.29872E-03   1.15391E-03   9.36066E-05   4.08525E-06  -9.54804E-04  -8.79336E-04  -2.25773E-04  -6.20776E-05   6.71026E-04   6.78178E-04   3.01555E-04   7.01277E-05  -4.34858E-04  -5.44603E-04  -3.44151E-04  -5.29638E-05   2.22348E-04   4.43664E-04   3.26920E-04  -1.32314E-04  -1.77359E-04
 9.75100E+02  -4.32115E-03  -4.50577E-03  -2.87649E-03   3.07407E-03   3.12038E-03   2.64214E-03   2.63338E-03  -2.14938E-03  -1.86598E-03  -2.27250E-03  -1.98496E-03   1.00436E-03   1.00353E-03   1.95884E-03   1.92397E-03  -5.77266E-04  -4.40087E-04  -1.65176E-03  -1.46665E-03   2.04799E-04   2.01774E-04   1.24970E-03   1.13498E-03   1.31370E-05  -5.89396E-05  -9.21302E-04  -8.77123E-04  -1.48718E-04  -1.11059E-05   6.49536E-04   6.88613E-04   2.29025E-04   3.35957E-05  -4.22171E-04  -5.63830E-04  -2.75472E-04  -3.29990E-05   2.17101E-04   4.64851E-04   2.65577E-04  -1.45848E-04  -1.54784E-04
 9.82200E+02  -4.25445E-03  -4.38756E-03  -2.78266E-03   3.04649E-03   3.10085E-03   2.52086E-03   2.53283E-03  -2.16506E-03  -1.88760E-03  -2.16182E-03  -1.90901E-03   1.04837E-03   1.05381E-03   1.86865E-03   1.85660E-03  -6.48619E-04  -5.07234E-04  -1.58206E-03  -1.42269E-03   2.82320E-04   2.67132E-04   1.19778E-03   1.10995E-03  -6.51886E-05  -1.17166E-04  -8.84683E-04  -8.67827E-04  -7.28200E-05   3.61185E-05   6.25170E-04   6.91285E-04   1.56742E-04  -3.13967E-07  -4.07228E-04  -5.74835E-04  -2.06317E-04  -1.43499E-05   2.10547E-04   4.78257E-04   2.03475E-04  -1.56269E-04  -1.31521E-04
 9.89300E+02  -4.18505E-03  -4.27379E-03  -2.69181E-03   3.01736E-03   3.07667E-03   2.40388E-03   2.43431E-03  -2.17735E-03  -1.90320E-03  -2.05403E-03  -1.83322E-03   1.08838E-03   1.09733E-03   1.77952E-03   1.78721E-03  -7.14997E-04  -5.67358E-04  -1.51175E-03  -1.37481E-03   3.55315E-04   3.26024E-04   1.14434E-03   1.07945E-03  -1.39690E-04  -1.69850E-04  -8.46073E-04  -8.51861E-04   1.05900E-07   7.89644E-05   5.98789E-04   6.86431E-04   8.66113E-05  -3.11329E-05  -3.90628E-04  -5.77725E-04  -1.38659E-04   2.71699E-06   2.02982E-04   4.83927E-04   1.42464E-04  -1.63510E-04  -1.08303E-04
 9.96400E+02  -4.11323E-03  -4.16472E-03  -2.60388E-03   2.98673E-03   3.04823E-03   2.29151E-03   2.33788E-03  -2.18633E-03  -1.91321E-03  -1.94954E-03  -1.75774E-03   1.12441E-03   1.13451E-03   1.69195E-03   1.71611E-03  -7.76283E-04  -6.20850E-04  -1.44141E-03  -1.32340E-03   4.23507E-04   3.78775E-04   1.09000E-03   1.04394E-03  -2.09917E-04  -2.17243E-04  -8.06064E-04  -8.29741E-04   6.94374E-05   1.17611E-04   5.70902E-04   6.74590E-04   1.94037E-05  -5.89753E-05  -3.72754E-04  -5.73048E-04  -7.33839E-05   1.82522E-05   1.94614E-04   4.82371E-04   8.34137E-05  -1.67761E-04  -8.55016E-05
 1.00360E+03  -4.03828E-03  -4.05912E-03  -2.51766E-03   2.95417E-03   3.01549E-03   2.18254E-03   2.24225E-03  -2.19210E-03  -1.91814E-03  -1.84727E-03  -1.68167E-03   1.15689E-03   1.16623E-03   1.60517E-03   1.64259E-03  -8.33145E-04  -6.68765E-04  -1.37059E-03  -1.26810E-03   4.87521E-04   4.26378E-04   1.03454E-03   1.00336E-03  -2.76372E-04  -2.60200E-04  -7.64591E-04  -8.01618E-04   1.35526E-04   1.52734E-04   5.41542E-04   6.56074E-04  -4.50814E-05  -8.43170E-05  -3.53673E-04  -5.61228E-04  -1.04130E-05   3.25101E-05   1.85493E-04   4.74022E-04   2.63141E-05  -1.69253E-04  -6.31361E-05
 1.01090E+03  -3.96051E-03  -3.95735E-03  -2.43326E-03   2.91967E-03   2.97880E-03   2.07735E-03   2.14762E-03  -2.19462E-03  -1.91831E-03  -1.74766E-03  -1.60523E-03   1.18570E-03   1.19276E-03   1.51963E-03   1.56698E-03  -8.85308E-04  -7.11326E-04  -1.29975E-03  -1.20930E-03   5.46956E-04   4.69008E-04   9.78404E-04   9.58120E-04  -3.38530E-04  -2.98852E-04  -7.22078E-04  -7.67921E-04   1.97725E-04   1.84420E-04   5.11066E-04   6.31324E-04  -1.06098E-04  -1.07211E-04  -3.33651E-04  -5.42711E-04   4.94307E-05   4.55100E-05   1.75759E-04   4.59295E-04  -2.80379E-05  -1.68134E-04  -4.15295E-05
 1.01820E+03  -3.88138E-03  -3.86100E-03  -2.35190E-03   2.88374E-03   2.93912E-03   1.97762E-03   2.05541E-03  -2.19386E-03  -1.91418E-03  -1.65234E-03  -1.52968E-03   1.21042E-03   1.21415E-03   1.43683E-03   1.49068E-03  -9.31936E-04  -7.48332E-04  -1.23025E-03  -1.14827E-03   6.00764E-04   5.06411E-04   9.22771E-04   9.09378E-04  -3.95186E-04  -3.32932E-04  -6.79490E-04  -7.29713E-04   2.54714E-04   2.12431E-04   4.80221E-04   6.01318E-04  -1.62242E-04  -1.27474E-04  -3.13209E-04  -5.18414E-04   1.04681E-04   5.71346E-05   1.65676E-04   4.39016E-04  -7.82641E-05  -1.64657E-04  -2.12419E-05
 1.02550E+03  -3.80133E-03  -3.77004E-03  -2.27358E-03   2.84642E-03   2.89698E-03   1.88338E-03   1.96574E-03  -2.18993E-03  -1.90630E-03  -1.56141E-03  -1.45524E-03   1.23115E-03   1.23095E-03   1.35696E-03   1.41412E-03  -9.73073E-04  -7.80290E-04  -1.16237E-03  -1.08554E-03   6.48893E-04   5.39032E-04   8.67951E-04   8.57784E-04  -4.46181E-04  -3.62809E-04  -6.37139E-04  -6.87724E-04   3.06228E-04   2.37051E-04   4.49286E-04   5.66843E-04  -2.13153E-04  -1.45304E-04  -2.92564E-04  -4.89164E-04   1.54906E-04   6.74780E-05   1.55364E-04   4.13968E-04  -1.23931E-04  -1.59123E-04  -2.46315E-06
 1.03290E+03  -3.71965E-03  -3.68329E-03  -2.19731E-03   2.80725E-03   2.85227E-03   1.79339E-03   1.87756E-03  -2.18285E-03  -1.89504E-03  -1.47376E-03  -1.38114E-03   1.24820E-03   1.24382E-03   1.27912E-03   1.33666E-03  -1.00926E-03  -8.08032E-04  -1.09540E-03  -1.02078E-03   6.91900E-04   5.67665E-04   8.13451E-04   8.03231E-04  -4.92021E-04  -3.89176E-04  -5.94700E-04  -6.42043E-04   3.52692E-04   2.58833E-04   4.18060E-04   5.28141E-04  -2.59174E-04  -1.61093E-04  -2.71602E-04  -4.55308E-04   2.00378E-04   7.67515E-05   1.44772E-04   3.84514E-04  -1.65254E-04  -1.51725E-04   1.48901E-05
 1.04040E+03  -3.63676E-03  -3.60082E-03  -2.12325E-03   2.76628E-03   2.80542E-03   1.70778E-03   1.79109E-03  -2.17264E-03  -1.88078E-03  -1.38952E-03  -1.30767E-03   1.26157E-03   1.25312E-03   1.20346E-03   1.25874E-03  -1.04043E-03  -8.31860E-04  -1.02956E-03  -9.54488E-04   7.29631E-04   5.92565E-04   7.59490E-04   7.46291E-04  -5.32475E-04  -4.12238E-04  -5.52385E-04  -5.93298E-04   3.93800E-04   2.77930E-04   3.86729E-04   4.85875E-04  -2.99936E-04  -1.74945E-04  -2.50465E-04  -4.17541E-04   2.40681E-04   8.50012E-05   1.33975E-04   3.51310E-04  -2.01823E-04  -1.42707E-04   3.06508E-05
 1.04790E+03  -3.55412E-03  -3.52363E-03  -2.05247E-03   2.72413E-03   2.75750E-03   1.62761E-03   1.70767E-03  -2.15955E-03  -1.86417E-03  -1.30979E-03  -1.23606E-03   1.27118E-03   1.25912E-03   1.13106E-03   1.18181E-03  -1.06624E-03  -8.51826E-04  -9.65838E-04  -8.88073E-04   7.61614E-04   6.13728E-04   7.06930E-04   6.88336E-04  -5.66972E-04  -4.31960E-04  -5.10909E-04  -5.42821E-04   4.28910E-04   2.94299E-04   3.55849E-04   4.41350E-04  -3.34745E-04  -1.86822E-04  -2.29544E-04  -3.77143E-04   2.75083E-04   9.21849E-05   1.23180E-04   3.15536E-04  -2.32952E-04  -1.32468E-04   4.45185E-05
 1.05540E+03  -3.47205E-03  -3.45149E-03  -1.98499E-03   2.68090E-03   2.70891E-03   1.55264E-03   1.62741E-03  -2.14377E-03  -1.84564E-03  -1.23443E-03  -1.16652E-03   1.27723E-03   1.26226E-03   1.06185E-03   1.10626E-03  -1.08694E-03  -8.68344E-04  -9.04250E-04  -8.22037E-04   7.88054E-04   6.31528E-04   6.55833E-04   6.29972E-04  -5.95669E-04  -4.48658E-04  -4.70362E-04  -4.91307E-04   4.58128E-04   3.08185E-04   3.25516E-04   3.95322E-04  -3.63662E-04  -1.96896E-04  -2.08917E-04  -3.34921E-04   3.03609E-04   9.83859E-05   1.12433E-04   2.77960E-04  -2.58648E-04  -1.21301E-04   5.64796E-05
 1.06310E+03  -3.38869E-03  -3.38238E-03  -1.91918E-03   2.63555E-03   2.65872E-03   1.48082E-03   1.54840E-03  -2.12498E-03  -1.82503E-03  -1.16140E-03  -1.09746E-03   1.27999E-03   1.26291E-03   9.94005E-04   1.03049E-03  -1.10316E-03  -8.82101E-04  -8.43218E-04  -7.55115E-04   8.09696E-04   6.46652E-04   6.04922E-04   5.70215E-04  -6.19330E-04  -4.62948E-04  -4.29755E-04  -4.38013E-04   4.82189E-04   3.20091E-04   2.95007E-04   3.47242E-04  -3.87375E-04  -2.05528E-04  -1.88106E-04  -2.90461E-04   3.26910E-04   1.03808E-04   1.01487E-04   2.38257E-04  -2.79480E-04  -1.09159E-04   6.67996E-05
 1.07070E+03  -3.30751E-03  -3.31879E-03  -1.85766E-03   2.58994E-03   2.60916E-03   1.41474E-03   1.47388E-03  -2.10412E-03  -1.80345E-03  -1.09340E-03  -1.03180E-03   1.27952E-03   1.26135E-03   9.30096E-04   9.57812E-04  -1.11449E-03  -8.92827E-04  -7.85110E-04  -6.90365E-04   8.25897E-04   6.58751E-04   5.56205E-04   5.11925E-04  -6.37204E-04  -4.74477E-04  -3.90718E-04  -3.85620E-04   5.00297E-04   3.29708E-04   2.65564E-04   2.99643E-04  -4.05075E-04  -2.12490E-04  -1.67966E-04  -2.46194E-04   3.44168E-04   1.08289E-04   9.07989E-05   1.98638E-04  -2.94711E-04  -9.67630E-05   7.50923E-05
 1.07850E+03  -3.22550E-03  -3.25798E-03  -1.79809E-03   2.54243E-03   2.55855E-03   1.35158E-03   1.40103E-03  -2.08054E-03  -1.78031E-03  -1.02759E-03  -9.67126E-04   1.27603E-03   1.25775E-03   8.67508E-04   8.85688E-04  -1.12165E-03  -9.01186E-04  -7.27603E-04  -6.25655E-04   8.37550E-04   6.68516E-04   5.07763E-04   4.53310E-04  -6.50234E-04  -4.83879E-04  -3.51736E-04  -3.32637E-04   5.13379E-04   3.37557E-04   2.36062E-04   2.51276E-04  -4.17651E-04  -2.18155E-04  -1.47737E-04  -2.01044E-04   3.56241E-04   1.12050E-04   7.99702E-05   1.58182E-04  -3.05100E-04  -8.38625E-05   8.17317E-05
 1.08630E+03  -3.14492E-03  -3.20137E-03  -1.74212E-03   2.49436E-03   2.50839E-03   1.29282E-03   1.33194E-03  -2.05505E-03  -1.75642E-03  -9.65560E-04  -9.05339E-04   1.26979E-03   1.25240E-03   8.07803E-04   8.16315E-04  -1.12467E-03  -9.07111E-04  -6.72172E-04  -5.63060E-04   8.44555E-04   6.75828E-04   4.60862E-04   3.96357E-04  -6.58265E-04  -4.91019E-04  -3.13846E-04  -2.80964E-04   5.21264E-04   3.43516E-04   2.07297E-04   2.03970E-04  -4.24931E-04  -2.22433E-04  -1.27973E-04  -1.56791E-04   3.62958E-04   1.15015E-04   6.93025E-05   1.18520E-04  -3.10502E-04  -7.10036E-05   8.65828E-05
 1.09410E+03  -3.06584E-03  -3.14866E-03  -1.68974E-03   2.44591E-03   2.45881E-03   1.23816E-03   1.26661E-03  -2.02791E-03  -1.73196E-03  -9.07071E-04  -8.46525E-04   1.26108E-03   1.24550E-03   7.50825E-04   7.49898E-04  -1.12394E-03  -9.10815E-04  -6.18735E-04  -5.02875E-04   8.47322E-04   6.80883E-04   4.15460E-04   3.41441E-04  -6.61716E-04  -4.96066E-04  -2.77037E-04  -2.31047E-04   5.24367E-04   3.47721E-04   1.79279E-04   1.58223E-04  -4.27324E-04  -2.25420E-04  -1.08687E-04  -1.13973E-04   3.64723E-04   1.17229E-04   5.88117E-05   8.01679E-05  -3.11291E-04  -5.83813E-05   8.97711E-05
 1.10200E+03  -2.98730E-03  -3.09898E-03  -1.64030E-03   2.39661E-03   2.40931E-03   1.18670E-03   1.20430E-03  -1.99901E-03  -1.70677E-03  -8.51215E-04  -7.90053E-04   1.25008E-03   1.23710E-03   6.95750E-04   6.85802E-04  -1.11979E-03  -9.12480E-04  -5.66571E-04  -4.44617E-04   8.46238E-04   6.83871E-04   3.70965E-04   2.88215E-04  -6.60987E-04  -4.99192E-04  -2.40849E-04  -1.82659E-04   5.23086E-04   3.50307E-04   1.51667E-04   1.13908E-04  -4.25216E-04  -2.27212E-04  -8.96533E-05  -7.25345E-05   3.61914E-04   1.18745E-04   4.83827E-05   4.31079E-05  -3.07809E-04  -4.60083E-05   9.14472E-05
 1.11000E+03  -2.90936E-03  -3.05222E-03  -1.59391E-03   2.34664E-03   2.35998E-03   1.13831E-03   1.14514E-03  -1.96860E-03  -1.68095E-03  -7.97910E-04  -7.36075E-04   1.23700E-03   1.22731E-03   6.42545E-04   6.24265E-04  -1.11253E-03  -9.12184E-04  -5.15690E-04  -3.88581E-04   8.41608E-04   6.84859E-04   3.27405E-04   2.37030E-04  -6.56389E-04  -5.00449E-04  -2.05317E-04  -1.36202E-04   5.17733E-04   3.51314E-04   1.24502E-04   7.14670E-05  -4.18921E-04  -2.27835E-04  -7.09044E-05  -3.29476E-05   3.54846E-04   1.19568E-04   3.80400E-05   7.79323E-06  -3.00350E-04  -3.40464E-05   9.17070E-05
 1.11800E+03  -2.83298E-03  -3.00882E-03  -1.55114E-03   2.29680E-03   2.31148E-03   1.09345E-03   1.08989E-03  -1.93732E-03  -1.65491E-03  -7.47699E-04  -6.85331E-04   1.22230E-03   1.21634E-03   5.91809E-04   5.66191E-04  -1.10262E-03  -9.10030E-04  -4.66714E-04  -3.35659E-04   8.33880E-04   6.83926E-04   2.85329E-04   1.88774E-04  -6.48386E-04  -4.99900E-04  -1.70907E-04  -9.25539E-05   5.08793E-04   3.50790E-04   9.81491E-05   3.17664E-05  -4.08944E-04  -2.27324E-04  -5.27006E-05   3.92772E-06   3.44042E-04   1.19707E-04   2.79357E-05  -2.49819E-05  -2.89413E-04  -2.27749E-05   9.06828E-05
 1.12610E+03  -2.75720E-03  -2.96810E-03  -1.51146E-03   2.24664E-03   2.26326E-03   1.05141E-03   1.03788E-03  -1.90505E-03  -1.62841E-03  -6.99850E-04  -6.37222E-04   1.20607E-03   1.20415E-03   5.42860E-04   5.10942E-04  -1.09030E-03  -9.06084E-04  -4.19032E-04  -2.85331E-04   8.23359E-04   6.81146E-04   2.44229E-04   1.43035E-04  -6.37302E-04  -4.97608E-04  -1.37220E-04  -5.14045E-05   4.96594E-04   3.48782E-04   7.23151E-05  -5.41839E-06  -3.95612E-04  -2.25710E-04  -3.48443E-05   3.82542E-05   3.29825E-04   1.19179E-04   1.79690E-05  -5.53379E-05  -2.75294E-04  -1.21602E-05   8.85061E-05
 1.13420E+03  -2.68294E-03  -2.93050E-03  -1.47533E-03   2.19698E-03   2.21595E-03   1.01261E-03   9.89728E-04  -1.87245E-03  -1.60183E-03  -6.54872E-04  -5.92347E-04   1.18881E-03   1.19096E-03   4.96270E-04   4.59249E-04  -1.07611E-03  -9.00482E-04  -3.73245E-04  -2.38309E-04   8.10574E-04   6.76631E-04   2.04641E-04   1.00512E-04  -6.23695E-04  -4.93668E-04  -1.04709E-04  -1.34338E-05   4.81727E-04   3.45369E-04   4.73586E-05  -3.94252E-05  -3.79543E-04  -2.23051E-04  -1.75898E-05   6.93817E-05   3.12839E-04   1.18008E-04   8.29049E-06  -8.26789E-05  -2.58610E-04  -2.41635E-06   8.53508E-05
 1.14240E+03  -2.60926E-03  -2.89548E-03  -1.44226E-03   2.14737E-03   2.16900E-03   9.76487E-04   9.44796E-04  -1.83939E-03  -1.57493E-03  -6.12146E-04  -5.50128E-04   1.17057E-03   1.17671E-03   4.51447E-04   4.10477E-04  -1.06024E-03  -8.93247E-04  -3.28815E-04  -1.94054E-04   7.95764E-04   6.70410E-04   1.66114E-04   6.07561E-05  -6.07823E-04  -4.88102E-04  -7.30177E-05   2.17159E-05   4.64454E-04   3.40560E-04   2.30168E-05  -7.05352E-05  -3.61003E-04  -2.19349E-04  -7.61355E-07   9.75352E-05   2.93349E-04   1.16195E-04  -1.18943E-06  -1.07185E-04  -2.39603E-04   6.51591E-06   8.13270E-05
 1.15060E+03  -2.53705E-03  -2.86343E-03  -1.41261E-03   2.09860E-03   2.12302E-03   9.43411E-04   9.03563E-04  -1.80653E-03  -1.54810E-03  -5.72147E-04  -5.11028E-04   1.15184E-03   1.16166E-03   4.08933E-04   3.65183E-04  -1.04325E-03  -8.84566E-04  -2.86316E-04  -1.53098E-04   7.79494E-04   6.62645E-04   1.29160E-04   2.42765E-05  -5.90286E-04  -4.81047E-04  -4.25826E-05   5.35642E-05   4.45416E-04   3.34468E-04  -3.64941E-07  -9.82937E-05  -3.40665E-04  -2.14688E-04   1.53961E-05   1.22279E-04   2.72058E-04   1.13783E-04  -1.03243E-05  -1.28464E-04  -2.18948E-04   1.44885E-05   7.66299E-05
 1.15890E+03  -2.46546E-03  -2.83394E-03  -1.38593E-03   2.05025E-03   2.07750E-03   9.12933E-04   8.65434E-04  -1.77371E-03  -1.52109E-03  -5.34349E-04  -4.74492E-04   1.13266E-03   1.14573E-03   3.68208E-04   3.22741E-04  -1.02525E-03  -8.74442E-04  -2.45267E-04  -1.14891E-04   7.61932E-04   6.53335E-04   9.33746E-05  -9.39994E-06  -5.71266E-04  -4.72497E-04  -1.30837E-05   8.25036E-05   4.24798E-04   3.27080E-04  -2.30214E-05  -1.23023E-04  -3.18720E-04  -2.09052E-04   3.10386E-05   1.43883E-04   2.49160E-04   1.10764E-04  -1.91940E-05  -1.46739E-04  -1.96822E-04   2.15793E-05   7.13445E-05
 1.16730E+03  -2.39452E-03  -2.80705E-03  -1.36221E-03   2.00250E-03   2.03253E-03   8.85065E-04   8.30356E-04  -1.74118E-03  -1.49402E-03  -4.98768E-04  -4.40470E-04   1.11327E-03   1.12902E-03   3.29318E-04   2.83098E-04  -1.00658E-03  -8.62974E-04  -2.05740E-04  -7.93939E-05   7.43408E-04   6.42562E-04   5.88312E-05  -4.02904E-05  -5.51116E-04  -4.62511E-04   1.54047E-05   1.08531E-04   4.02976E-04   3.18438E-04  -4.48844E-05  -1.44702E-04  -2.95562E-04  -2.02469E-04   4.61123E-05   1.62313E-04   2.25067E-04   1.07152E-04  -2.77602E-05  -1.61971E-04  -1.73621E-04   2.77698E-05   6.55985E-05
 1.17570E+03  -2.32513E-03  -2.78308E-03  -1.34163E-03   1.95607E-03   1.98872E-03   8.60103E-04   7.98609E-04  -1.70955E-03  -1.46730E-03  -4.65796E-04  -4.09240E-04   1.09413E-03   1.11186E-03   2.92724E-04   2.46582E-04  -9.87740E-04  -8.50433E-04  -1.68235E-04  -4.68993E-05   7.24463E-04   6.30567E-04   2.59801E-05  -6.81448E-05  -5.30419E-04  -4.51302E-04   4.24972E-05   1.31438E-04   3.80575E-04   3.08718E-04  -6.56469E-05  -1.63161E-04  -2.71853E-04  -1.95069E-04   6.03989E-05   1.77427E-04   2.00471E-04   1.03018E-04  -3.58911E-05  -1.74049E-04  -1.50005E-04   3.30020E-05   5.95874E-05
 1.18420E+03  -2.25652E-03  -2.76174E-03  -1.32383E-03   1.91056E-03   1.94566E-03   8.37711E-04   7.69660E-04  -1.67866E-03  -1.44075E-03  -4.35002E-04  -3.80283E-04   1.07521E-03   1.09419E-03   2.57979E-04   2.12586E-04  -9.68786E-04  -8.36816E-04  -1.32325E-04  -1.68546E-05   7.05159E-04   6.17331E-04  -5.53968E-06  -9.34497E-05  -5.09239E-04  -4.38837E-04   6.84772E-05   1.51639E-04   3.57662E-04   2.97878E-04  -8.55143E-05  -1.78749E-04  -2.47665E-04  -1.86813E-04   7.40326E-05   1.89527E-04   1.75448E-04   9.83435E-05  -4.36555E-05  -1.83226E-04  -1.26049E-04   3.73680E-05   5.33567E-05
 1.19280E+03  -2.18880E-03  -2.74308E-03  -1.30873E-03   1.86612E-03   1.90348E-03   8.17892E-04   7.43393E-04  -1.64870E-03  -1.41451E-03  -4.06386E-04  -3.53480E-04   1.05672E-03   1.07615E-03   2.25101E-04   1.80962E-04  -9.49960E-04  -8.22263E-04  -9.80508E-05   1.08845E-05   6.85752E-04   6.02967E-04  -3.56798E-05  -1.16341E-04  -4.87848E-04  -4.25200E-04   9.32892E-05   1.69260E-04   3.34527E-04   2.85981E-04  -1.04431E-04  -1.91581E-04  -2.23310E-04  -1.77745E-04   8.69669E-05   1.98719E-04   1.50331E-04   9.31517E-05  -5.10198E-05  -1.89597E-04  -1.02074E-04   4.08938E-05   4.70096E-05
 1.20140E+03  -2.12286E-03  -2.72728E-03  -1.29640E-03   1.82341E-03   1.86279E-03   8.00821E-04   7.19928E-04  -1.62019E-03  -1.38902E-03  -3.80219E-04  -3.28966E-04   1.03903E-03   1.05811E-03   1.94435E-04   1.51862E-04  -9.31690E-04  -8.07104E-04  -6.57986E-05   3.62095E-05   6.66685E-04   5.87774E-04  -6.40860E-05  -1.36762E-04  -4.66728E-04  -4.10656E-04   1.16625E-04   1.84296E-04   3.11693E-04   2.73246E-04  -1.22149E-04  -2.01700E-04  -1.99344E-04  -1.68025E-04   9.90244E-05   2.05084E-04   1.25702E-04   8.75365E-05  -5.78760E-05  -1.93261E-04  -7.86389E-05   4.35892E-05   4.07124E-05
 1.21010E+03  -2.05802E-03  -2.71414E-03  -1.28654E-03   1.78201E-03   1.82324E-03   7.86228E-04   6.98799E-04  -1.59294E-03  -1.36413E-03  -3.56121E-04  -3.06267E-04   1.02207E-03   1.04003E-03   1.65564E-04   1.24718E-04  -9.13937E-04  -7.91324E-04  -3.51616E-05   5.96447E-05   6.47914E-04   5.71709E-04  -9.11005E-05  -1.55176E-04  -4.45824E-04  -3.95144E-04   1.38750E-04   1.97141E-04   2.89102E-04   2.59607E-04  -1.38855E-04  -2.09437E-04  -1.75715E-04  -1.57596E-04   1.10323E-04   2.08903E-04   1.01521E-04   8.14661E-05  -6.42847E-05  -1.94454E-04  -5.57108E-05   4.55434E-05   3.44710E-05
 1.21880E+03  -1.99516E-03  -2.70375E-03  -1.27914E-03   1.74251E-03   1.78543E-03   7.74193E-04   6.80053E-04  -1.56739E-03  -1.34027E-03  -3.34277E-04  -2.85453E-04   1.00616E-03   1.02225E-03   1.38747E-04   9.96061E-05  -8.97043E-04  -7.75262E-04  -6.44137E-06   8.11566E-05   6.29795E-04   5.55085E-04  -1.16440E-04  -1.71604E-04  -4.25526E-04  -3.78943E-04   1.59412E-04   2.07873E-04   2.67179E-04   2.45296E-04  -1.54346E-04  -2.14921E-04  -1.52880E-04  -1.46632E-04   1.20716E-04   2.10351E-04   7.82683E-05   7.50433E-05  -7.01559E-05  -1.93365E-04  -3.37523E-05   4.67951E-05   2.84228E-05
 1.22760E+03  -1.93364E-03  -2.69594E-03  -1.27397E-03   1.70453E-03   1.74906E-03   7.64478E-04   6.63274E-04  -1.54334E-03  -1.31732E-03  -3.14325E-04  -2.66089E-04   9.91203E-04   1.00474E-03   1.13579E-04   7.59965E-05  -8.80920E-04  -7.58887E-04   2.07626E-05   1.01233E-04   6.12220E-04   5.37834E-04  -1.40437E-04  -1.86472E-04  -4.05706E-04  -3.61963E-04   1.78864E-04   2.16846E-04   2.45793E-04   2.30224E-04  -1.68792E-04  -2.18443E-04  -1.30719E-04  -1.35059E-04   1.30308E-04   2.09667E-04   5.58378E-05   6.82257E-05  -7.55429E-05  -1.90187E-04  -1.26730E-05   4.74220E-05   2.25516E-05
 1.23650E+03  -1.87363E-03  -2.69067E-03  -1.27093E-03   1.66818E-03   1.71428E-03   7.57002E-04   6.48296E-04  -1.52091E-03  -1.29543E-03  -2.96172E-04  -2.48008E-04   9.77282E-04   9.87654E-04   8.99787E-05   5.36774E-05  -8.65658E-04  -7.42338E-04   4.65080E-05   1.20086E-04   5.95268E-04   5.20063E-04  -1.63121E-04  -1.99985E-04  -3.86448E-04  -3.44285E-04   1.97105E-04   2.24257E-04   2.25044E-04   2.14448E-04  -1.82175E-04  -2.20191E-04  -1.09351E-04  -1.22916E-04   1.39074E-04   2.07035E-04   3.43734E-05   6.10384E-05  -8.04239E-05  -1.85093E-04   7.37900E-06   4.74772E-05   1.69039E-05
 1.24540E+03  -1.81590E-03  -2.68791E-03  -1.26991E-03   1.63391E-03   1.68161E-03   7.51715E-04   6.35090E-04  -1.50040E-03  -1.27497E-03  -2.79879E-04  -2.31218E-04   9.64605E-04   9.71305E-04   6.80808E-05   3.26633E-05  -8.51470E-04  -7.25930E-04   7.06101E-05   1.37737E-04   5.79160E-04   5.02070E-04  -1.84303E-04  -2.12219E-04  -3.68000E-04  -3.26186E-04   2.13959E-04   2.30241E-04   2.05211E-04   1.98208E-04  -1.94346E-04  -2.20359E-04  -8.90880E-05  -1.10384E-04   1.46904E-04   2.02699E-04   1.42073E-05   5.35902E-05  -8.47323E-05  -1.78340E-04   2.60804E-05   4.70217E-05   1.15749E-05
 1.25440E+03  -1.75991E-03  -2.68752E-03  -1.27077E-03   1.60140E-03   1.65079E-03   7.48410E-04   6.23310E-04  -1.48164E-03  -1.25582E-03  -2.65105E-04  -2.15342E-04   9.53055E-04   9.55633E-04   4.74926E-05   1.24883E-05  -8.38213E-04  -7.09591E-04   9.34584E-05   1.54607E-04   5.63713E-04   4.83743E-04  -2.04297E-04  -2.23524E-04  -3.50154E-04  -3.07532E-04   2.29651E-04   2.35073E-04   1.86088E-04   1.81375E-04  -2.05447E-04  -2.19152E-04  -6.97398E-05  -9.73629E-05   1.53877E-04   1.96813E-04  -4.82460E-06   4.58239E-05  -8.85045E-05  -1.70043E-04   4.35689E-05   4.61095E-05   6.52760E-06
 1.26350E+03  -1.70578E-03  -2.68942E-03  -1.27342E-03   1.57072E-03   1.62197E-03   7.46958E-04   6.12791E-04  -1.46468E-03  -1.23813E-03  -2.51704E-04  -2.00214E-04   9.42663E-04   9.40752E-04   2.80799E-05  -7.05114E-06  -8.25891E-04  -6.93422E-04   1.15158E-04   1.70892E-04   5.48911E-04   4.65150E-04  -2.23163E-04  -2.34086E-04  -3.32894E-04  -2.88376E-04   2.44196E-04   2.38923E-04   1.67676E-04   1.63992E-04  -2.15463E-04  -2.16735E-04  -5.13389E-05  -8.38840E-05   1.59965E-04   1.89541E-04  -2.26608E-05   3.77607E-05  -9.17177E-05  -1.60356E-04   5.97685E-05   4.47889E-05   1.78315E-06
 1.27260E+03  -1.65418E-03  -2.69347E-03  -1.27768E-03   1.54224E-03   1.59554E-03   7.47204E-04   6.03465E-04  -1.44972E-03  -1.22215E-03  -2.39644E-04  -1.85826E-04   9.33533E-04   9.26910E-04   9.88702E-06  -2.59472E-05  -8.14604E-04  -6.77678E-04   1.35608E-04   1.86608E-04   5.34861E-04   4.46555E-04  -2.40778E-04  -2.43967E-04  -3.16353E-04  -2.68976E-04   2.57470E-04   2.41921E-04   1.50142E-04   1.46291E-04  -2.24285E-04  -2.13304E-04  -3.40794E-05  -7.01296E-05   1.65087E-04   1.81136E-04  -3.90853E-05   2.95130E-05  -9.43214E-05  -1.49551E-04   7.44653E-05   4.31255E-05  -2.59701E-06
 1.28180E+03  -1.60463E-03  -2.69958E-03  -1.28349E-03   1.51567E-03   1.57129E-03   7.48973E-04   5.95053E-04  -1.43661E-03  -1.20778E-03  -2.28601E-04  -1.71852E-04   9.25544E-04   9.14018E-04  -7.46281E-06  -4.46007E-05  -8.04172E-04  -6.62241E-04   1.55177E-04   2.02101E-04   5.21328E-04   4.27794E-04  -2.57422E-04  -2.53436E-04  -3.00272E-04  -2.49156E-04   2.69653E-04   2.44249E-04   1.33236E-04   1.28115E-04  -2.32006E-04  -2.08972E-04  -1.77466E-05  -5.59817E-05   1.69278E-04   1.71663E-04  -5.42732E-05   2.10143E-05  -9.63263E-05  -1.37662E-04   8.77965E-05   4.11476E-05  -6.65635E-06
 1.29100E+03  -1.55770E-03  -2.70754E-03  -1.29067E-03   1.49132E-03   1.54954E-03   7.52063E-04   5.87479E-04  -1.42548E-03  -1.19523E-03  -2.18502E-04  -1.58291E-04   9.18746E-04   9.02260E-04  -2.39605E-05  -6.29838E-05  -7.94631E-04  -6.47319E-04   1.73794E-04   2.17359E-04   5.08363E-04   4.09099E-04  -2.72997E-04  -2.62527E-04  -2.84729E-04  -2.29161E-04   2.80639E-04   2.46011E-04   1.17069E-04   1.09695E-04  -2.38533E-04  -2.03915E-04  -2.48089E-06  -4.16271E-05   1.72469E-04   1.61363E-04  -6.80630E-05   1.23816E-05  -9.76896E-05  -1.24956E-04   9.96003E-05   3.89185E-05  -1.03495E-05
 1.30040E+03  -1.51246E-03  -2.71743E-03  -1.29927E-03   1.46872E-03   1.52990E-03   7.56374E-04   5.80431E-04  -1.41610E-03  -1.18429E-03  -2.08943E-04  -1.44707E-04   9.12964E-04   8.91422E-04  -4.01372E-05  -8.16532E-05  -7.85696E-04  -6.32614E-04   1.91996E-04   2.32843E-04   4.95573E-04   3.90079E-04  -2.87905E-04  -2.71545E-04  -2.69282E-04  -2.08578E-04   2.90671E-04   2.47341E-04   1.01217E-04   9.06608E-05  -2.43972E-04  -1.98126E-04   1.20789E-05  -2.67866E-05   1.74681E-04   1.50128E-04  -8.07422E-05   3.45264E-06  -9.84056E-05  -1.11275E-04   1.10095E-04   3.64242E-05  -1.37520E-05
 1.30970E+03  -1.47039E-03  -2.72878E-03  -1.30892E-03   1.44860E-03   1.51302E-03   7.61582E-04   5.73983E-04  -1.40875E-03  -1.17531E-03  -2.00031E-04  -1.31400E-04   9.08327E-04   8.81855E-04  -5.56592E-05  -1.00153E-04  -7.77547E-04  -6.18596E-04   2.09344E-04   2.48169E-04   4.83241E-04   3.71344E-04  -3.01743E-04  -2.80290E-04  -2.54302E-04  -1.88081E-04   2.99442E-04   2.48280E-04   8.60944E-05   7.16552E-05  -2.48126E-04  -1.91883E-04   2.55191E-05  -1.19736E-05   1.75808E-04   1.38429E-04  -9.19191E-05  -5.45682E-06  -9.84235E-05  -9.71759E-05   1.18936E-04   3.37784E-05  -1.67577E-05
 1.31920E+03  -1.43015E-03  -2.74184E-03  -1.31982E-03   1.43033E-03   1.49838E-03   7.67665E-04   5.67781E-04  -1.40317E-03  -1.16801E-03  -1.91277E-04  -1.17818E-04   9.04619E-04   8.73236E-04  -7.12117E-05  -1.19204E-04  -7.69803E-04  -6.04796E-04   2.26536E-04   2.63920E-04   4.70825E-04   3.52283E-04  -3.15026E-04  -2.89108E-04  -2.39171E-04  -1.67027E-04   3.07242E-04   2.48919E-04   7.11136E-05   5.21043E-05  -2.51097E-04  -1.85062E-04   3.83276E-05   3.24240E-06   1.75843E-04   1.25993E-04  -1.01969E-04  -1.45976E-05  -9.77127E-05  -8.23205E-05   1.26395E-04   3.09270E-05  -1.94669E-05
 1.32870E+03  -1.39264E-03  -2.75621E-03  -1.33165E-03   1.41434E-03   1.48631E-03   7.74321E-04   5.61825E-04  -1.39946E-03  -1.16253E-03  -1.82671E-04  -1.04133E-04   9.01867E-04   8.65729E-04  -8.66423E-05  -1.38510E-04  -7.62511E-04  -5.91480E-04   2.43335E-04   2.79827E-04   4.58443E-04   3.33281E-04  -3.27520E-04  -2.97849E-04  -2.24075E-04  -1.45873E-04   3.13887E-04   2.49279E-04   5.64973E-05   3.24637E-05  -2.52764E-04  -1.77863E-04   5.02747E-05   1.84865E-05   1.74721E-04   1.13168E-04  -1.10671E-04  -2.37348E-05  -9.62433E-05  -6.71279E-05   1.32280E-04   2.79566E-05  -2.18204E-05
 1.33830E+03  -1.35745E-03  -2.77191E-03  -1.34443E-03   1.40049E-03   1.47668E-03   7.81435E-04   5.55921E-04  -1.39756E-03  -1.15879E-03  -1.73929E-04  -9.00994E-05   8.99965E-04   8.59204E-04  -1.02290E-04  -1.58361E-04  -7.55460E-04  -5.78458E-04   2.60045E-04   2.96096E-04   4.45809E-04   3.14117E-04  -3.39408E-04  -3.06618E-04  -2.08715E-04  -1.24417E-04   3.19436E-04   2.49380E-04   4.19909E-05   1.25817E-05  -2.53103E-04  -1.70257E-04   6.15390E-05   3.38518E-05   1.72382E-04   9.99105E-05  -1.18130E-04  -3.29134E-05  -9.39653E-05  -5.15526E-05   1.36638E-04   2.48629E-05  -2.38467E-05
 1.34800E+03  -1.32462E-03  -2.78885E-03  -1.35809E-03   1.38883E-03   1.46949E-03   7.88835E-04   5.49942E-04  -1.39745E-03  -1.15675E-03  -1.64855E-04  -7.56206E-05   8.98848E-04   8.53605E-04  -1.18327E-04  -1.78826E-04  -7.48517E-04  -5.65673E-04   2.76782E-04   3.12744E-04   4.32765E-04   2.94761E-04  -3.50721E-04  -3.15400E-04  -1.92948E-04  -1.02681E-04   3.23856E-04   2.49215E-04   2.75006E-05  -7.47514E-06  -2.52045E-04  -1.62278E-04   7.21584E-05   4.92570E-05   1.68755E-04   8.63032E-05  -1.24335E-04  -4.20713E-05  -9.08322E-05  -3.57092E-05   1.39433E-04   2.16706E-05  -2.55439E-05
 1.35770E+03  -1.29448E-03  -2.80674E-03  -1.37236E-03   1.37949E-03   1.46477E-03   7.96268E-04   5.43829E-04  -1.39911E-03  -1.15636E-03  -1.55359E-04  -6.07628E-05   8.98449E-04   8.48900E-04  -1.34751E-04  -1.99743E-04  -7.41616E-04  -5.53178E-04   2.93481E-04   3.29588E-04   4.19291E-04   2.75380E-04  -3.61377E-04  -3.24065E-04  -1.76804E-04  -8.09178E-05   3.27081E-04   2.48762E-04   1.30840E-05  -2.74211E-05  -2.49553E-04  -1.54032E-04   8.20690E-05   6.44487E-05   1.63830E-04   7.25719E-05  -1.29231E-04  -5.10433E-05  -8.68445E-05  -1.98836E-05   1.40623E-04   1.84375E-05  -2.68977E-05
 1.36750E+03  -1.26669E-03  -2.82564E-03  -1.38731E-03   1.37240E-03   1.46244E-03   8.03644E-04   5.37397E-04  -1.40251E-03  -1.15752E-03  -1.45164E-04  -4.52979E-05   8.98680E-04   8.44935E-04  -1.51883E-04  -2.21355E-04  -7.34545E-04  -5.40752E-04   3.10414E-04   3.46765E-04   4.05098E-04   2.55736E-04  -3.71513E-04  -3.32640E-04  -1.59989E-04  -5.89394E-05   3.29118E-04   2.47974E-04  -1.49148E-06  -4.73687E-05  -2.45555E-04  -1.45452E-04   9.14137E-05   7.94738E-05   1.57512E-04   5.86609E-05  -1.32879E-04  -5.98403E-05  -8.19339E-05  -4.04221E-06   1.40213E-04   1.51554E-05  -2.79258E-05
 1.37740E+03  -1.24126E-03  -2.84548E-03  -1.40281E-03   1.36761E-03   1.46244E-03   8.10800E-04   5.30521E-04  -1.40764E-03  -1.16016E-03  -1.34091E-04  -2.91505E-05   8.99471E-04   8.41595E-04  -1.69876E-04  -2.43682E-04  -7.27167E-04  -5.28291E-04   3.27669E-04   3.64219E-04   3.90032E-04   2.35790E-04  -3.81136E-04  -3.41033E-04  -1.42378E-04  -3.67900E-05   3.29924E-04   2.46784E-04  -1.62997E-05  -6.72060E-05  -2.39987E-04  -1.36539E-04   1.00217E-04   9.42006E-05   1.49745E-04   4.46579E-05  -1.35268E-04  -6.83647E-05  -7.60664E-05   1.16742E-05   1.38176E-04   1.18490E-05  -2.86269E-05
 1.38740E+03  -1.21822E-03  -2.86616E-03  -1.41876E-03   1.36519E-03   1.46476E-03   8.17577E-04   5.23071E-04  -1.41448E-03  -1.16416E-03  -1.21968E-04  -1.22496E-05   9.00746E-04   8.38747E-04  -1.88871E-04  -2.66728E-04  -7.19343E-04  -5.15676E-04   3.45324E-04   3.81867E-04   3.73947E-04   2.15495E-04  -3.90247E-04  -3.49128E-04  -1.23859E-04  -1.45230E-05   3.29450E-04   2.45107E-04  -3.14034E-05  -8.68038E-05  -2.32793E-04  -1.27293E-04   1.08499E-04   1.08479E-04   1.40484E-04   3.06553E-05  -1.36391E-04  -7.65058E-05  -6.92172E-05   2.71122E-05   1.34494E-04   8.54437E-06  -2.90008E-05
 1.39740E+03  -1.19777E-03  -2.88741E-03  -1.43488E-03   1.36518E-03   1.46928E-03   8.23763E-04   5.14996E-04  -1.42293E-03  -1.16935E-03  -1.08767E-04   5.29365E-06   9.02411E-04   8.36260E-04  -2.08792E-04  -2.90244E-04  -7.11024E-04  -5.02901E-04   3.63260E-04   3.99429E-04   3.56882E-04   1.95011E-04  -3.98755E-04  -3.56710E-04  -1.04531E-04   7.57872E-06   3.27679E-04   2.42866E-04  -4.66964E-05  -1.05828E-04  -2.24023E-04  -1.17799E-04   1.16197E-04   1.22009E-04   1.29814E-04   1.68870E-05  -1.36253E-04  -8.40676E-05  -6.14559E-05   4.19614E-05   1.29222E-04   5.30066E-06  -2.90497E-05
 1.40750E+03  -1.17968E-03  -2.90933E-03  -1.45119E-03   1.36759E-03   1.47596E-03   8.29283E-04   5.06086E-04  -1.43302E-03  -1.17563E-03  -9.42245E-05   2.37093E-05   9.04399E-04   8.33936E-04  -2.29937E-04  -3.14432E-04  -7.02005E-04  -4.89696E-04   3.81698E-04   4.16959E-04   3.38563E-04   1.74085E-04  -4.06736E-04  -3.63703E-04  -8.41386E-05   2.96684E-05   3.24569E-04   2.39931E-04  -6.23584E-05  -1.24319E-04  -2.13580E-04  -1.07951E-04   1.23402E-04   1.34755E-04   1.17639E-04   3.31197E-06  -1.34874E-04  -9.10021E-05  -5.27212E-05   5.62060E-05   1.22342E-04   2.11201E-06  -2.87817E-05
 1.41760E+03  -1.16411E-03  -2.93165E-03  -1.46739E-03   1.37242E-03   1.48463E-03   8.33959E-04   4.96293E-04  -1.44460E-03  -1.18277E-03  -7.83664E-05   4.28665E-05   9.06607E-04   8.31611E-04  -2.52172E-04  -3.39013E-04  -6.92262E-04  -4.76041E-04   4.00478E-04   4.34144E-04   3.19084E-04   1.52877E-04  -4.14094E-04  -3.69872E-04  -6.28435E-05   5.14533E-05   3.20136E-04   2.36214E-04  -7.82400E-05  -1.41933E-04  -2.01580E-04  -9.78324E-05   1.30047E-04   1.46412E-04   1.04114E-04  -9.83716E-06  -1.32297E-04  -9.71114E-05  -4.31329E-05   6.95367E-05   1.13972E-04  -9.63282E-07  -2.82088E-05
 1.42790E+03  -1.15078E-03  -2.95474E-03  -1.48364E-03   1.37978E-03   1.49540E-03   8.37753E-04   4.85270E-04  -1.45786E-03  -1.19075E-03  -6.07591E-05   6.32059E-05   9.08995E-04   8.29037E-04  -2.76010E-04  -3.64424E-04  -6.81484E-04  -4.61495E-04   4.19976E-04   4.51164E-04   2.97977E-04   1.30915E-04  -4.20934E-04  -3.75141E-04  -4.01992E-05   7.32794E-05   3.14260E-04   2.31502E-04  -9.46413E-05  -1.58834E-04  -1.87792E-04  -8.72214E-05   1.36250E-04   1.57005E-04   8.90104E-05  -2.27129E-05  -1.28490E-04  -1.02368E-04  -3.25427E-05   8.20286E-05   1.04000E-04  -3.95707E-06  -2.73271E-05
 1.43820E+03  -1.13996E-03  -2.97807E-03  -1.49946E-03   1.38957E-03   1.50799E-03   8.40472E-04   4.73070E-04  -1.47249E-03  -1.19924E-03  -4.16421E-05   8.43925E-05   9.11428E-04   8.26050E-04  -3.01032E-04  -3.90116E-04  -6.69771E-04  -4.46164E-04   4.39794E-04   4.67516E-04   2.75590E-04   1.08572E-04  -4.27073E-04  -3.79202E-04  -1.66508E-05   9.46312E-05   3.07033E-04   2.25739E-04  -1.11203E-04  -1.74501E-04  -1.72517E-04  -7.63007E-05   1.41868E-04   1.66115E-04   7.26937E-05  -3.49560E-05  -1.23558E-04  -1.06518E-04  -2.12210E-05   9.32480E-05   9.26933E-05  -6.78205E-06  -2.61642E-05
 1.44860E+03  -1.13156E-03  -3.00179E-03  -1.51485E-03   1.40186E-03   1.52240E-03   8.42044E-04   4.59424E-04  -1.48855E-03  -1.20813E-03  -2.07695E-05   1.06679E-04   9.13832E-04   8.22403E-04  -3.27485E-04  -4.16270E-04  -6.56916E-04  -4.29731E-04   4.60073E-04   4.83182E-04   2.51686E-04   8.55867E-05  -4.32517E-04  -3.81897E-04   7.97845E-06   1.15626E-04   2.98389E-04   2.18735E-04  -1.28015E-04  -1.88910E-04  -1.55686E-04  -6.49458E-05   1.46929E-04   1.73639E-04   5.51277E-05  -4.65844E-05  -1.17511E-04  -1.09467E-04  -9.15910E-06   1.03131E-04   8.00672E-05  -9.43900E-06  -2.47264E-05
 1.45900E+03  -1.12563E-03  -3.02561E-03  -1.52947E-03   1.41647E-03   1.53838E-03   8.42365E-04   4.44315E-04  -1.50577E-03  -1.21713E-03   1.69661E-06   1.29893E-04   9.16084E-04   8.17914E-04  -3.55088E-04  -4.42561E-04  -6.42963E-04  -4.12184E-04   4.80540E-04   4.97837E-04   2.26503E-04   6.21379E-05  -4.37147E-04  -3.83003E-04   3.33663E-05   1.35972E-04   2.88421E-04   2.10429E-04  -1.44814E-04  -2.01745E-04  -1.37568E-04  -5.32500E-05   1.51349E-04   1.79321E-04   3.66354E-05  -5.73895E-05  -1.10475E-04  -1.11058E-04   3.40188E-06   1.11421E-04   6.63910E-05  -1.18771E-05  -2.30483E-05
 1.46960E+03  -1.12212E-03  -3.04989E-03  -1.54343E-03   1.43367E-03   1.55617E-03   8.41346E-04   4.27282E-04  -1.52439E-03  -1.22623E-03   2.62277E-05   1.54535E-04   9.18112E-04   8.12263E-04  -3.84330E-04  -4.69416E-04  -6.27548E-04  -3.93007E-04   5.01481E-04   5.11566E-04   1.99569E-04   3.77330E-05  -4.40955E-04  -3.82328E-04   5.98889E-05   1.55956E-04   2.76940E-04   2.00521E-04  -1.61793E-04  -2.13063E-04  -1.17931E-04  -4.09716E-05   1.55155E-04   1.83070E-04   1.70395E-05  -6.74736E-05  -1.02384E-04  -1.11185E-04   1.65570E-05   1.18099E-04   5.15658E-05  -1.41160E-05  -2.11182E-05
 1.48020E+03  -1.12110E-03  -3.07409E-03  -1.55627E-03   1.45307E-03   1.57533E-03   8.38914E-04   4.08479E-04  -1.54391E-03  -1.23506E-03   5.23781E-05   1.80187E-04   9.19755E-04   8.05330E-04  -4.14587E-04  -4.96245E-04  -6.10877E-04  -3.72390E-04   5.22362E-04   5.23918E-04   1.71435E-04   1.27997E-05  -4.43761E-04  -3.79679E-04   8.68971E-05   1.75098E-04   2.64171E-04   1.89068E-04  -1.78469E-04  -2.22468E-04  -9.72913E-05  -2.83327E-05   1.58205E-04   1.84631E-04  -3.07624E-06  -7.65472E-05  -9.34713E-05  -1.09721E-04   2.98844E-05   1.22882E-04   3.60645E-05  -1.60882E-05  -1.89968E-05
 1.49090E+03  -1.12258E-03  -3.09834E-03  -1.56796E-03   1.47475E-03   1.59594E-03   8.34983E-04   3.87597E-04  -1.56436E-03  -1.24350E-03   8.03671E-05   2.07117E-04   9.20899E-04   7.96849E-04  -4.46025E-04  -5.23214E-04  -5.92727E-04  -3.50002E-04   5.43211E-04   5.34841E-04   1.41918E-04  -1.29105E-05  -4.45480E-04  -3.74870E-04   1.14453E-04   1.93484E-04   2.50031E-04   1.75877E-04  -1.94807E-04  -2.29908E-04  -7.56428E-05  -1.52190E-05   1.60457E-04   1.83894E-04  -2.36437E-05  -8.46184E-05  -8.37563E-05  -1.06575E-04   4.33064E-05   1.25704E-04   1.99732E-05  -1.77933E-05  -1.66946E-05
 1.50160E+03  -1.12653E-03  -3.12230E-03  -1.57823E-03   1.49839E-03   1.61769E-03   8.29530E-04   3.64712E-04  -1.58536E-03  -1.25131E-03   1.09886E-04   2.35088E-04   9.21395E-04   7.86716E-04  -4.78207E-04  -5.49979E-04  -5.73210E-04  -3.25938E-04   5.63638E-04   5.44079E-04   1.11400E-04  -3.91550E-05  -4.45972E-04  -3.67813E-04   1.42078E-04   2.10855E-04   2.34694E-04   1.61011E-04  -2.10442E-04  -2.35198E-04  -5.33978E-05  -1.77014E-06   1.61812E-04   1.80771E-04  -4.41876E-05  -9.15465E-05  -7.34436E-05  -1.01722E-04   5.64753E-05   1.26459E-04   3.69428E-06  -1.92001E-05  -1.42658E-05
 1.51250E+03  -1.13305E-03  -3.14631E-03  -1.58712E-03   1.52431E-03   1.64092E-03   8.22379E-04   3.39269E-04  -1.60710E-03  -1.25844E-03   1.41444E-04   2.64640E-04   9.21096E-04   7.74555E-04  -5.11571E-04  -5.76941E-04  -5.51885E-04  -2.99639E-04   5.83798E-04   5.51639E-04   7.94222E-05  -6.64102E-05  -4.45090E-04  -3.58240E-04   1.70037E-04   2.27430E-04   2.17907E-04   1.44140E-04  -2.25418E-04  -2.38316E-04  -3.03662E-05   1.22377E-05   1.62193E-04   1.75116E-04  -6.47789E-05  -9.73914E-05  -6.24557E-05  -9.50297E-05   6.93897E-05   1.25083E-04  -1.28037E-05  -2.03190E-05  -1.16987E-05
 1.52340E+03  -1.14203E-03  -3.16981E-03  -1.59434E-03   1.55191E-03   1.66510E-03   8.13589E-04   3.11628E-04  -1.62897E-03  -1.26461E-03   1.74403E-04   2.95233E-04   9.19842E-04   7.60428E-04  -5.45320E-04  -6.03501E-04  -5.29072E-04  -2.71505E-04   6.03069E-04   5.57233E-04   4.67040E-05  -9.41389E-05  -4.42688E-04  -3.46226E-04   1.97540E-04   2.42806E-04   2.00017E-04   1.25560E-04  -2.39190E-04  -2.39113E-04  -7.21401E-06   2.65020E-05   1.61486E-04   1.66989E-04  -8.47062E-05  -1.01991E-04  -5.11171E-05  -8.66130E-05   8.15503E-05   1.21566E-04  -2.89291E-05  -2.11181E-05  -9.07629E-06
 1.53440E+03  -1.15352E-03  -3.19290E-03  -1.59984E-03   1.58127E-03   1.69035E-03   8.03031E-04   2.81484E-04  -1.65093E-03  -1.26973E-03   2.08976E-04   3.27116E-04   9.17460E-04   7.44097E-04  -5.79557E-04  -6.29795E-04  -5.04512E-04  -2.41260E-04   6.21371E-04   5.60810E-04   1.31018E-05  -1.22526E-04  -4.38590E-04  -3.31634E-04   2.24549E-04   2.57040E-04   1.80918E-04   1.05152E-04  -2.51618E-04  -2.37572E-04   1.60111E-05   4.10843E-05   1.59589E-04   1.56357E-04  -1.03812E-04  -1.05364E-04  -3.94580E-05  -7.64530E-05   9.28058E-05   1.15911E-04  -4.45338E-05  -2.16024E-05  -6.41248E-06
 1.54550E+03  -1.16753E-03  -3.21543E-03  -1.60355E-03   1.61224E-03   1.71660E-03   7.90633E-04   2.48783E-04  -1.67275E-03  -1.27367E-03   2.45083E-04   3.60253E-04   9.13770E-04   7.25455E-04  -6.14062E-04  -6.55704E-04  -4.78140E-04  -2.08899E-04   6.38422E-04   5.62258E-04  -2.12260E-05  -1.51480E-04  -4.32619E-04  -3.14446E-04   2.50755E-04   2.70033E-04   1.60662E-04   8.29913E-05  -2.62411E-04  -2.33668E-04   3.90414E-05   5.58959E-05   1.56390E-04   1.43282E-04  -1.21738E-04  -1.07487E-04  -2.76115E-05  -6.46294E-05   1.02879E-04   1.08171E-04  -5.93114E-05  -2.17702E-05  -3.74546E-06
 1.55660E+03  -1.18387E-03  -3.23709E-03  -1.60539E-03   1.64438E-03   1.74350E-03   7.76459E-04   2.13827E-04  -1.69400E-03  -1.27628E-03   2.82301E-04   3.94275E-04   9.08644E-04   7.04623E-04  -6.48303E-04  -6.80872E-04  -4.50149E-04  -1.74772E-04   6.53802E-04   5.61504E-04  -5.58008E-05  -1.80613E-04  -4.24678E-04  -2.94879E-04   2.75624E-04   2.81590E-04   1.39498E-04   5.94193E-05  -2.71206E-04  -2.27485E-04   6.14074E-05   7.06906E-05   1.51825E-04   1.28029E-04  -1.37991E-04  -1.08352E-04  -1.58183E-05  -5.13941E-05   1.11426E-04   9.85408E-05  -7.28422E-05  -2.16279E-05  -1.13667E-06
 1.56790E+03  -1.20280E-03  -3.25812E-03  -1.60532E-03   1.67812E-03   1.77146E-03   7.60179E-04   1.75991E-04  -1.71479E-03  -1.27751E-03   3.21217E-04   4.29713E-04   9.01808E-04   6.81180E-04  -6.82669E-04  -7.05610E-04  -4.19975E-04  -1.38344E-04   6.67500E-04   5.58461E-04  -9.10762E-05  -2.10293E-04  -4.14453E-04  -2.72654E-04   2.99290E-04   2.91819E-04   1.17103E-04   3.41855E-05  -2.77879E-04  -2.18962E-04   8.32450E-05   8.55969E-05   1.45714E-04   1.10500E-04  -1.52518E-04  -1.07981E-04  -3.99867E-06  -3.66827E-05   1.18340E-04   8.69974E-05  -8.50778E-05  -2.11814E-05   1.42365E-06
 1.57920E+03  -1.22394E-03  -3.27803E-03  -1.60334E-03   1.71273E-03   1.79987E-03   7.42006E-04   1.35977E-04  -1.73454E-03  -1.27723E-03   3.61060E-04   4.65837E-04   8.93205E-04   6.55522E-04  -7.16330E-04  -7.29326E-04  -3.88097E-04  -1.00378E-04   6.78996E-04   5.53128E-04  -1.26260E-04  -2.39807E-04  -4.01967E-04  -2.48283E-04   3.21034E-04   3.00438E-04   9.39376E-05   7.95779E-06  -2.82049E-04  -2.08337E-04   1.03912E-04   1.00189E-04   1.38075E-04   9.12337E-05  -1.64743E-04  -1.06407E-04   7.51022E-06  -2.09742E-05   1.23260E-04   7.39397E-05  -9.55319E-05  -2.04523E-05   3.85487E-06
 1.59060E+03  -1.24739E-03  -3.29688E-03  -1.59943E-03   1.74837E-03   1.82889E-03   7.21727E-04   9.35186E-05  -1.75319E-03  -1.27537E-03   4.02095E-04   5.02829E-04   8.82615E-04   6.27458E-04  -7.49377E-04  -7.52072E-04  -3.54207E-04  -6.07169E-05   6.88159E-04   5.45448E-04  -1.61498E-04  -2.69197E-04  -3.86996E-04  -2.21739E-04   3.40792E-04   3.07442E-04   6.98761E-05  -1.92145E-05  -2.83549E-04  -1.95662E-04   1.23366E-04   1.14413E-04   1.28791E-04   7.03654E-05  -1.74518E-04  -1.03668E-04   1.86928E-05  -4.40491E-06   1.26046E-04   5.95109E-05  -1.04079E-04  -1.94556E-05   6.14745E-06
 1.60210E+03  -1.27309E-03  -3.31456E-03  -1.59358E-03   1.78494E-03   1.85840E-03   6.99264E-04   4.86958E-05  -1.77053E-03  -1.27184E-03   4.44248E-04   5.40541E-04   8.69882E-04   5.97013E-04  -7.81607E-04  -7.73664E-04  -3.18269E-04  -1.95546E-05   6.94747E-04   5.35391E-04  -1.96630E-04  -2.98209E-04  -3.69422E-04  -1.93219E-04   3.58305E-04   3.12723E-04   4.49961E-05  -4.70197E-05  -2.82178E-04  -1.81087E-04   1.41388E-04   1.28059E-04   1.17816E-04   4.82247E-05  -1.81595E-04  -9.98168E-05   2.94352E-05   1.27234E-05   1.26528E-04   4.39894E-05  -1.10513E-04  -1.82133E-05   8.27170E-06
 1.61370E+03  -1.30096E-03  -3.33095E-03  -1.58579E-03   1.82234E-03   1.88828E-03   6.74538E-04   1.60834E-06  -1.78637E-03  -1.26654E-03   4.87453E-04   5.78799E-04   8.54862E-04   5.64230E-04  -8.12829E-04  -7.93896E-04  -2.80259E-04   2.28814E-05   6.98546E-04   5.22935E-04  -2.31496E-04  -3.26562E-04  -3.49157E-04  -1.62952E-04   3.73343E-04   3.16167E-04   1.93857E-05  -7.51070E-05  -2.77776E-04  -1.64784E-04   1.57779E-04   1.40899E-04   1.05130E-04   2.51832E-05  -1.85776E-04  -9.49128E-05   3.96325E-05   3.00738E-05   1.24579E-04   2.76885E-05  -1.14671E-04  -1.67510E-05   1.02015E-05
 1.62530E+03  -1.33065E-03  -3.34582E-03  -1.57615E-03   1.86016E-03   1.91814E-03   6.47718E-04  -4.72022E-05  -1.80041E-03  -1.25946E-03   5.31263E-04   6.17084E-04   8.37591E-04   5.29472E-04  -8.42614E-04  -8.12396E-04  -2.40522E-04   6.59633E-05   6.99374E-04   5.08200E-04  -2.65649E-04  -3.53717E-04  -3.26354E-04  -1.31474E-04   3.85615E-04   3.17652E-04  -6.62785E-06  -1.02857E-04  -2.70311E-04  -1.47106E-04   1.72253E-04   1.52588E-04   9.08788E-05   1.84803E-06  -1.86921E-04  -8.90800E-05   4.91111E-05   4.71364E-05   1.20172E-04   1.10928E-05  -1.16432E-04  -1.51116E-05   1.19012E-05
 1.63710E+03  -1.36258E-03  -3.35935E-03  -1.56450E-03   1.89900E-03   1.94833E-03   6.18274E-04  -9.84546E-05  -1.81272E-03  -1.25037E-03   5.76368E-04   6.55851E-04   8.17666E-04   4.92198E-04  -8.71311E-04  -8.29246E-04  -1.98390E-04   1.10159E-04   6.97096E-04   4.90918E-04  -2.99522E-04  -3.79815E-04  -3.00607E-04  -9.85162E-05   3.95173E-04   3.17081E-04  -3.33754E-05  -1.30342E-04  -2.59599E-04  -1.27956E-04   1.84917E-04   1.63070E-04   7.48673E-05  -2.17555E-05  -1.84970E-04  -8.22932E-05   5.79491E-05   6.38232E-05   1.13213E-04  -5.72536E-06  -1.15767E-04  -1.32970E-05   1.33823E-05
 1.64890E+03  -1.39614E-03  -3.37122E-03  -1.55100E-03   1.93812E-03   1.97820E-03   5.86646E-04  -1.51154E-04  -1.82296E-03  -1.23931E-03   6.21933E-04   6.94222E-04   7.95347E-04   4.53105E-04  -8.98281E-04  -8.43913E-04  -1.54623E-04   1.54432E-04   6.91634E-04   4.71367E-04  -3.32386E-04  -4.04074E-04  -2.72382E-04  -6.49260E-05   4.01731E-04   3.14342E-04  -6.02669E-05  -1.56679E-04  -2.45826E-04  -1.07876E-04   1.95441E-04   1.71906E-04   5.74605E-05  -4.47896E-05  -1.79940E-04  -7.47464E-05   6.59218E-05   7.94625E-05   1.03864E-04  -2.21152E-05  -1.12680E-04  -1.13689E-05   1.46065E-05
 1.66080E+03  -1.43148E-03  -3.38149E-03  -1.53554E-03   1.97781E-03   2.00782E-03   5.52552E-04  -2.05599E-04  -1.83110E-03  -1.22609E-03   6.68258E-04   7.32303E-04   7.70418E-04   4.11947E-04  -9.23628E-04  -8.56290E-04  -1.08945E-04   1.98861E-04   6.82903E-04   4.49396E-04  -3.64369E-04  -4.26375E-04  -2.41552E-04  -3.07213E-05   4.05296E-04   3.09315E-04  -8.73682E-05  -1.81686E-04  -2.28981E-04  -8.69272E-05   2.03856E-04   1.78930E-04   3.86656E-05  -6.70170E-05  -1.71879E-04  -6.64673E-05   7.30413E-05   9.38127E-05   9.21806E-05  -3.78549E-05  -1.07230E-04  -9.34401E-06   1.55784E-05
 1.67280E+03  -1.46852E-03  -3.39008E-03  -1.51808E-03   2.01801E-03   2.03701E-03   5.15961E-04  -2.61663E-04  -1.83704E-03  -1.21058E-03   7.15251E-04   7.69860E-04   7.42852E-04   3.68787E-04  -9.47210E-04  -8.66114E-04  -6.14699E-05   2.43144E-04   6.70857E-04   4.24994E-04  -3.95300E-04  -4.46370E-04  -2.08248E-04   3.80143E-06   4.05817E-04   3.01882E-04  -1.14493E-04  -2.04946E-04  -2.09195E-04  -6.53328E-05   2.10102E-04   1.83889E-04   1.86665E-05  -8.80055E-05  -1.60905E-04  -5.75396E-05   7.92492E-05   1.06497E-04   7.83350E-05  -5.25872E-05  -9.95256E-05  -7.25371E-06   1.62931E-05
 1.68490E+03  -1.50717E-03  -3.39694E-03  -1.49857E-03   2.05866E-03   2.06559E-03   4.76865E-04  -3.19220E-04  -1.84066E-03  -1.19266E-03   7.62798E-04   8.06659E-04   7.12645E-04   3.23688E-04  -9.68885E-04  -8.73124E-04  -1.23472E-05   2.86982E-04   6.55487E-04   3.98152E-04  -4.24991E-04  -4.63721E-04  -1.72654E-04   3.83473E-05   4.03277E-04   2.91938E-04  -1.41424E-04  -2.26057E-04  -1.86659E-04  -4.33139E-05   2.14143E-04   1.86549E-04  -2.30509E-06  -1.07341E-04  -1.47205E-04  -4.80489E-05   8.44931E-05   1.17162E-04   6.25623E-05  -6.59719E-05  -8.97361E-05  -5.12894E-06   1.67497E-05
 1.69700E+03  -1.54701E-03  -3.40198E-03  -1.47713E-03   2.09936E-03   2.09314E-03   4.35623E-04  -3.77661E-04  -1.84188E-03  -1.17235E-03   8.10372E-04   8.42178E-04   6.80099E-04   2.77104E-04  -9.88355E-04  -8.77044E-04   3.78125E-05   3.29732E-04   6.36978E-04   3.69119E-04  -4.53017E-04  -4.78001E-04  -1.35320E-04   7.23497E-05   3.97746E-04   2.79504E-04  -1.67702E-04  -2.44500E-04  -1.61843E-04  -2.12699E-05   2.15957E-04   1.86709E-04  -2.37915E-05  -1.24506E-04  -1.31170E-04  -3.81657E-05   8.86958E-05   1.25427E-04   4.53077E-05  -7.76075E-05  -7.81860E-05  -3.01690E-06   1.69501E-05
 1.70930E+03  -1.58863E-03  -3.40524E-03  -1.45334E-03   2.14067E-03   2.11992E-03   3.91585E-04  -4.37831E-04  -1.84061E-03  -1.14920E-03   8.58600E-04   8.76777E-04   6.44723E-04   2.28331E-04  -1.00579E-03  -8.77701E-04   8.96067E-05   3.71816E-04   6.15075E-04   3.37430E-04  -4.79621E-04  -4.89150E-04  -9.59153E-05   1.06093E-04   3.89173E-04   2.64310E-04  -1.93484E-04  -2.60241E-04  -1.34647E-04   9.53112E-07   2.15580E-04   1.84197E-04  -4.58266E-05  -1.39441E-04  -1.12841E-04  -2.78150E-05   9.18847E-05   1.31153E-04   2.66390E-05  -8.74112E-05  -6.49554E-05  -9.10989E-07   1.69034E-05
 1.72160E+03  -1.63125E-03  -3.40661E-03  -1.42753E-03   2.18185E-03   2.14531E-03   3.45517E-04  -4.98637E-04  -1.83678E-03  -1.12346E-03   9.06514E-04   9.09679E-04   6.07161E-04   1.78236E-04  -1.02074E-03  -8.74871E-04   1.41926E-04   4.12280E-04   5.90207E-04   3.03629E-04  -5.04134E-04  -4.96730E-04  -5.54093E-05   1.38765E-04   3.77760E-04   2.46566E-04  -2.18051E-04  -2.72730E-04  -1.05873E-04   2.27917E-05   2.13038E-04   1.78926E-04  -6.76948E-05  -1.51611E-04  -9.28700E-05  -1.72557E-05   9.39697E-05   1.34027E-04   7.25857E-06  -9.49949E-05  -5.05710E-05   1.12819E-06   1.66187E-05
 1.73410E+03  -1.67551E-03  -3.40608E-03  -1.39921E-03   2.22342E-03   2.16954E-03   2.96743E-04  -5.60947E-04  -1.83025E-03  -1.09460E-03   9.54685E-04   9.41215E-04   5.66892E-04   1.26089E-04  -1.03329E-03  -8.68323E-04   1.95313E-04   4.51523E-04   5.62069E-04   2.67226E-04  -5.26699E-04  -5.00649E-04  -1.35172E-05   1.70645E-04   3.63406E-04   2.25990E-04  -2.41473E-04  -2.81929E-04  -7.54604E-05   4.44036E-05   2.08325E-04   1.70734E-04  -8.93571E-05  -1.60975E-04  -7.13366E-05  -6.41118E-06   9.49499E-05   1.33941E-04  -1.27033E-05  -1.00304E-04  -3.51512E-05   3.10905E-06   1.61023E-05
 1.74660E+03  -1.72061E-03  -3.40360E-03  -1.36878E-03   2.26460E-03   2.19207E-03   2.46127E-04  -6.23646E-04  -1.82101E-03  -1.06300E-03   1.00211E-03   9.70689E-04   5.24665E-04   7.28245E-05  -1.04305E-03  -8.58015E-04   2.48580E-04   4.88676E-04   5.31225E-04   2.28889E-04  -5.46687E-04  -5.00680E-04   2.86876E-05   2.00984E-04   3.46443E-04   2.02961E-04  -2.63032E-04  -2.87509E-04  -4.43332E-05   6.52541E-05   2.01565E-04   1.59736E-04  -1.10051E-04  -1.67214E-04  -4.90171E-05   4.44585E-06   9.47787E-05   1.30813E-04  -3.24555E-05  -1.03133E-04  -1.93185E-05   4.97732E-06   1.53752E-05
 1.75920E+03  -1.76684E-03  -3.39913E-03  -1.33599E-03   2.30558E-03   2.21295E-03   1.93386E-04  -6.87106E-04  -1.80894E-03  -1.02839E-03   1.04894E-03   9.98191E-04   4.80285E-04   1.81495E-05  -1.04995E-03  -8.43807E-04   3.01798E-04   5.23837E-04   4.97590E-04   1.88459E-04  -5.64013E-04  -4.96761E-04   7.11125E-05   2.29820E-04   3.26879E-04   1.77425E-04  -2.82567E-04  -2.89445E-04  -1.27124E-05   8.53366E-05   1.92786E-04   1.45931E-04  -1.29527E-04  -1.70312E-04  -2.61956E-05   1.52972E-05   9.34423E-05   1.24651E-04  -5.16706E-05  -1.03481E-04  -3.34290E-06   6.72881E-06   1.44485E-05
 1.77190E+03  -1.81412E-03  -3.39262E-03  -1.30083E-03   2.34619E-03   2.23203E-03   1.38623E-04  -7.51195E-04  -1.79393E-03  -9.90731E-04   1.09490E-03   1.02356E-03   4.33876E-04  -3.77926E-05  -1.05381E-03  -8.25644E-04   3.54597E-04   5.56794E-04   4.61302E-04   1.46100E-04  -5.78397E-04  -4.88844E-04   1.13317E-04   2.56941E-04   3.04842E-04   1.49539E-04  -2.99723E-04  -2.87692E-04   1.89287E-05   1.04473E-04   1.82056E-04   1.29439E-04  -1.47354E-04  -1.70240E-04  -3.33487E-06   2.60310E-05   9.09200E-05   1.15534E-04  -6.98572E-05  -1.01356E-04   1.23784E-05   8.34497E-06   1.33378E-05
 1.78470E+03  -1.86236E-03  -3.38402E-03  -1.26328E-03   2.38628E-03   2.24922E-03   8.19463E-05  -8.15769E-04  -1.77588E-03  -9.50036E-04   1.13974E-03   1.04666E-03   3.85570E-04  -9.48312E-05  -1.05443E-03  -8.03518E-04   4.06599E-04   5.87353E-04   4.22510E-04   1.02020E-04  -5.89564E-04  -4.76941E-04   1.54857E-04   2.82148E-04   2.80468E-04   1.19519E-04  -3.14153E-04  -2.82274E-04   5.01155E-05   1.22490E-04   1.69454E-04   1.10455E-04  -1.63112E-04  -1.67041E-04   1.91042E-05   3.65272E-05   8.71987E-05   1.03624E-04  -8.65344E-05  -9.68340E-05   2.74532E-05   9.80909E-06   1.20598E-05
 1.79760E+03  -1.91150E-03  -3.37326E-03  -1.22337E-03   2.42570E-03   2.26439E-03   2.34640E-05  -8.80674E-04  -1.75470E-03  -9.06342E-04   1.18319E-03   1.06736E-03   3.35502E-04  -1.52767E-04  -1.05163E-03  -7.77469E-04   4.57430E-04   6.15325E-04   3.81370E-04   5.64729E-05  -5.97252E-04  -4.61124E-04   1.95294E-04   3.05248E-04   2.53904E-04   8.76414E-05  -3.25527E-04  -2.73285E-04   8.03840E-05   1.39214E-04   1.55067E-04   8.92457E-05  -1.76406E-04  -1.60831E-04   4.06751E-05   4.66573E-05   8.22749E-05   8.91680E-05  -1.01247E-04  -9.00560E-05   4.15061E-05   1.11062E-05   1.06320E-05
 1.81060E+03  -1.96145E-03  -3.36031E-03  -1.18114E-03   2.46428E-03   2.27745E-03  -3.67213E-05  -9.45737E-04  -1.73029E-03  -8.59717E-04   1.22499E-03   1.08553E-03   2.83804E-04  -2.11369E-04  -1.04523E-03  -7.47582E-04   5.06724E-04   6.40533E-04   3.38040E-04   9.75794E-06  -6.01220E-04  -4.41522E-04   2.34204E-04   3.26055E-04   2.25304E-04   5.42386E-05  -3.33547E-04  -2.60883E-04   1.09291E-04   1.54474E-04   1.38997E-04   6.61483E-05  -1.86875E-04  -1.51791E-04   6.09575E-05   5.62841E-05   7.61572E-05   7.24898E-05  -1.13579E-04  -8.12239E-05   5.41897E-05   1.22227E-05   9.07276E-06
 1.82360E+03  -2.01171E-03  -3.34521E-03  -1.13697E-03   2.50160E-03   2.28826E-03  -9.80372E-05  -1.01028E-03  -1.70278E-03  -8.10645E-04   1.26461E-03   1.10097E-03   2.31020E-04  -2.69928E-04  -1.03519E-03  -7.14254E-04   5.53782E-04   6.62645E-04   2.93041E-04  -3.74185E-05  -6.01269E-04  -4.18505E-04   2.70918E-04   3.44258E-04   1.95072E-04   1.99639E-05  -3.37937E-04  -2.45417E-04   1.36229E-04   1.68003E-04   1.21495E-04   4.17539E-05  -1.94168E-04  -1.40265E-04   7.94340E-05   6.51972E-05   6.89288E-05   5.41325E-05  -1.23111E-04  -7.06826E-05   6.51185E-05   1.31402E-05   7.41419E-06
 1.83680E+03  -2.06296E-03  -3.32768E-03  -1.09027E-03   2.53811E-03   2.29688E-03  -1.61338E-04  -1.07509E-03  -1.67167E-03  -7.58494E-04   1.30242E-03   1.11379E-03   1.76469E-04  -3.29060E-04  -1.02120E-03  -6.77133E-04   5.99006E-04   6.81833E-04   2.45852E-04  -8.54030E-05  -5.97230E-04  -3.91946E-04   3.05636E-04   3.59961E-04   1.62922E-04  -1.52781E-05  -3.38558E-04  -2.26916E-04   1.61241E-04   1.79837E-04   1.02423E-04   1.61395E-05  -1.98148E-04  -1.26370E-04   9.60543E-05   7.33829E-05   6.05198E-05   3.42688E-05  -1.29697E-04  -5.85739E-05   7.42009E-05   1.38622E-05   5.65049E-06
 1.85010E+03  -2.11471E-03  -3.30779E-03  -1.04143E-03   2.57339E-03   2.30314E-03  -2.26073E-04  -1.13944E-03  -1.63709E-03  -7.03770E-04   1.33791E-03   1.12376E-03   1.20685E-04  -3.87999E-04  -1.00324E-03  -6.36654E-04   6.41728E-04   6.97745E-04   1.96999E-04  -1.33418E-04  -5.88958E-04  -3.62272E-04   3.37738E-04   3.72838E-04   1.29272E-04  -5.07525E-05  -3.35217E-04  -2.05800E-04   1.83791E-04   1.89698E-04   8.20566E-05  -1.00115E-05  -1.98573E-04  -1.10527E-04   1.10386E-04   8.06135E-05   5.10438E-05   1.35418E-05  -1.33041E-04  -4.53179E-05   8.11403E-05   1.43709E-05   3.81481E-06
 1.86340E+03  -2.16645E-03  -3.28565E-03  -9.90914E-04   2.60709E-03   2.30693E-03  -2.91665E-04  -1.20264E-03  -1.59929E-03  -6.47064E-04   1.37064E-03   1.13073E-03   6.42330E-05  -4.45981E-04  -9.81401E-04  -5.93365E-04   6.81395E-04   7.10129E-04   1.47058E-04  -1.80672E-04  -5.76486E-04  -3.30030E-04   3.66730E-04   3.82656E-04   9.45999E-05  -8.56960E-05  -3.27908E-04  -1.82600E-04   2.03469E-04   1.97367E-04   6.07307E-05  -3.59733E-05  -1.95382E-04  -9.32470E-05   1.22130E-04   8.66903E-05   4.06678E-05  -7.34845E-06  -1.33029E-04  -3.13951E-05   8.57668E-05   1.46568E-05   1.94312E-06
 1.87690E+03  -2.21882E-03  -3.26090E-03  -9.38039E-04   2.63962E-03   2.30820E-03  -3.59019E-04  -1.26538E-03  -1.55767E-03  -5.87684E-04   1.40096E-03   1.13468E-03   6.40576E-06  -5.03528E-04  -9.55328E-04  -5.46842E-04   7.18364E-04   7.19005E-04   9.54935E-05  -2.27417E-04  -5.59610E-04  -2.95049E-04   3.92802E-04   3.89397E-04   5.86169E-05  -1.20115E-04  -3.16515E-04  -1.57336E-04   2.20355E-04   2.02802E-04   3.83184E-05  -6.15881E-05  -1.88519E-04  -7.46668E-05   1.31304E-04   9.15499E-05   2.93471E-05  -2.81558E-05  -1.29629E-04  -1.69855E-05   8.80721E-05   1.47169E-05   3.02654E-08
 1.89040E+03  -2.27091E-03  -3.23386E-03  -8.83658E-04   2.67042E-03   2.30682E-03  -4.27052E-04  -1.32647E-03  -1.51284E-03  -5.26674E-04   1.42825E-03   1.13545E-03  -5.17868E-05  -5.59433E-04  -9.25410E-04  -4.98012E-04   7.51878E-04   7.24074E-04   4.33048E-05  -2.72499E-04  -5.38618E-04  -2.58173E-04   4.15364E-04   3.92803E-04   2.21133E-05  -1.52981E-04  -3.01280E-04  -1.30761E-04   2.34038E-04   2.05772E-04   1.53714E-05  -8.59299E-05  -1.78162E-04  -5.54652E-05   1.37678E-04   9.49736E-05   1.73866E-05  -4.80136E-05  -1.22956E-04  -2.69422E-06   8.80110E-05   1.45448E-05  -1.87121E-06
 1.90410E+03  -2.32335E-03  -3.20413E-03  -8.27034E-04   2.69987E-03   2.30265E-03  -4.96672E-04  -1.38655E-03  -1.46417E-03  -4.63300E-04   1.45280E-03   1.13292E-03  -1.11036E-04  -6.14160E-04  -8.91253E-04  -4.46392E-04   7.82246E-04   7.25252E-04  -1.00167E-05  -3.16120E-04  -5.13303E-04  -2.19193E-04   4.34586E-04   3.92781E-04  -1.51628E-05  -1.84262E-04  -2.82129E-04  -1.02874E-04   2.44610E-04   2.06186E-04  -8.19914E-06  -1.08819E-04  -1.64329E-04  -3.57669E-05   1.41318E-04   9.68761E-05   4.77662E-06  -6.66657E-05  -1.13072E-04   1.13006E-05   8.56391E-05   1.41343E-05  -3.76337E-06
 1.91780E+03  -2.37522E-03  -3.17213E-03  -7.69053E-04   2.72746E-03   2.29562E-03  -5.66750E-04  -1.44449E-03  -1.41240E-03  -3.98651E-04   1.47412E-03   1.12701E-03  -1.70290E-04  -6.66553E-04  -8.53442E-04  -3.92982E-04   8.08857E-04   7.22371E-04  -6.34009E-05  -3.57194E-04  -4.84197E-04  -1.79016E-04   4.50057E-04   3.89208E-04  -5.23502E-05  -2.13008E-04  -2.59566E-04  -7.44668E-05   2.51860E-04   2.03927E-04  -3.17699E-05  -1.29414E-04  -1.47477E-04  -1.62553E-05   1.42201E-04   9.71124E-05  -8.10464E-06  -8.33252E-05  -1.00376E-04   2.44257E-05   8.11106E-05   1.34900E-05  -5.59108E-06
 1.93170E+03  -2.42714E-03  -3.13740E-03  -7.08925E-04   2.75352E-03   2.28549E-03  -6.38173E-04  -1.50084E-03  -1.35686E-03  -3.31951E-04   1.49241E-03   1.11752E-03  -2.30198E-04  -7.17026E-04  -8.11558E-04  -3.37249E-04   8.31949E-04   7.15260E-04  -1.17300E-04  -3.95885E-04  -4.51098E-04  -1.37395E-04   4.61907E-04   3.81932E-04  -8.96393E-05  -2.39176E-04  -2.33567E-04  -4.55064E-05   2.55881E-04   1.98875E-04  -5.53733E-05  -1.47545E-04  -1.27700E-04   2.97335E-06   1.40430E-04   9.55921E-05  -2.12220E-05  -9.77635E-05  -8.50265E-05   3.65284E-05   7.45419E-05   1.26041E-05  -7.35156E-06
 1.94560E+03  -2.47821E-03  -3.10046E-03  -6.47565E-04   2.77760E-03   2.27229E-03  -7.09755E-04  -1.55456E-03  -1.29846E-03  -2.64322E-04   1.50731E-03   1.10449E-03  -2.89665E-04  -7.64518E-04  -7.66370E-04  -2.80246E-04   8.51051E-04   7.03915E-04  -1.70582E-04  -4.31237E-04  -4.14760E-04  -9.52649E-05   4.69897E-04   3.70995E-04  -1.26114E-04  -2.61973E-04  -2.04872E-04  -1.67744E-05   2.56648E-04   1.91058E-04  -7.83336E-05  -1.62543E-04  -1.05697E-04   2.12914E-05   1.36169E-04   9.22740E-05  -3.41412E-05  -1.09368E-04  -6.76666E-05   4.71314E-05   6.62622E-05   1.14943E-05  -8.98886E-06
 1.95970E+03  -2.52902E-03  -3.06083E-03  -5.84142E-04   2.79995E-03   2.25569E-03  -7.82341E-04  -1.60617E-03  -1.23649E-03  -1.94959E-04   1.51892E-03   1.08765E-03  -3.49282E-04  -8.09399E-04  -7.17435E-04  -2.21406E-04   8.66309E-04   6.88104E-04  -2.23624E-04  -4.63392E-04  -3.74990E-04  -5.23527E-05   4.74098E-04   3.56220E-04  -1.61889E-04  -2.81366E-04  -1.73500E-04   1.17916E-05   2.54239E-04   1.80357E-04  -1.00619E-04  -1.74282E-04  -8.16342E-05   3.86420E-05   1.29546E-04   8.70837E-05  -4.67801E-05  -1.17975E-04  -4.85401E-05   5.61291E-05   5.64366E-05   1.01540E-05  -1.04946E-05
 1.97380E+03  -2.57872E-03  -3.01911E-03  -5.19608E-04   2.82017E-03   2.23583E-03  -8.54696E-04  -1.65469E-03  -1.17199E-03  -1.25014E-04   1.52698E-03   1.06717E-03  -4.07922E-04  -8.50744E-04  -6.65684E-04  -1.61825E-04   8.77386E-04   6.68021E-04  -2.75261E-04  -4.91577E-04  -3.32720E-04  -9.59555E-06   4.74429E-04   3.37847E-04  -1.96028E-04  -2.96785E-04  -1.40372E-04   3.94581E-05   2.48790E-04   1.66974E-04  -1.21536E-04  -1.82338E-04  -5.63851E-05   5.45003E-05   1.20876E-04   8.01104E-05  -5.86794E-05  -1.23223E-04  -2.84608E-05   6.31920E-05   4.55238E-05   8.61584E-06  -1.18151E-05
 1.98810E+03  -2.62788E-03  -2.97478E-03  -4.53109E-04   2.83845E-03   2.21233E-03  -9.27616E-04  -1.70061E-03  -1.10421E-03  -5.36738E-05   1.53150E-03   1.04273E-03  -4.66113E-04  -8.88880E-04  -6.10645E-04  -1.00930E-04   8.84326E-04   6.43404E-04  -3.25789E-04  -5.15921E-04  -2.87759E-04   3.32842E-05   4.70896E-04   3.15707E-04  -2.28570E-04  -3.08229E-04  -1.05539E-04   6.63076E-05   2.40354E-04   1.50823E-04  -1.40994E-04  -1.86658E-04  -3.01655E-05   6.88534E-05   1.10294E-04   7.13178E-05  -6.97180E-05  -1.25045E-04  -7.72926E-06   6.82774E-05   3.37188E-05   6.87732E-06  -1.29371E-05
 2.00250E+03  -2.67603E-03  -2.92819E-03  -3.85166E-04   2.85452E-03   2.18527E-03  -1.00034E-03  -1.74339E-03  -1.03381E-03   1.83797E-05   1.53231E-03   1.01448E-03  -5.23116E-04  -9.23273E-04  -5.52962E-04  -3.94271E-05   8.86932E-04   6.14458E-04  -3.74385E-04  -5.35996E-04  -2.40833E-04   7.56522E-05   4.63502E-04   2.90073E-04  -2.58814E-04  -3.15431E-04  -6.97762E-05   9.18507E-05   2.29117E-04   1.32160E-04  -1.58451E-04  -1.87100E-04  -3.75064E-06   8.13900E-05   9.81331E-05   6.08631E-05  -7.95185E-05  -1.23357E-04   1.29073E-05   7.12494E-05   2.14633E-05   4.97365E-06  -1.38194E-05
 2.01690E+03  -2.72274E-03  -2.87975E-03  -3.16342E-04   2.86819E-03   2.15484E-03  -1.07212E-03  -1.78260E-03  -9.61486E-04   9.04438E-05   1.52935E-03   9.82685E-04  -5.78229E-04  -9.53531E-04  -4.93359E-04   2.19531E-05   8.85138E-04   5.81564E-04  -4.20288E-04  -5.51550E-04  -1.92732E-04   1.16896E-04   4.52377E-04   2.61378E-04  -2.86137E-04  -3.18325E-04  -3.38924E-05   1.15661E-04   2.15357E-04   1.11369E-04  -1.73436E-04  -1.83730E-04   2.20805E-05   9.18981E-05   8.47847E-05   4.89993E-05  -8.77506E-05  -1.18277E-04   3.27091E-05   7.20971E-05   9.21360E-06   2.95005E-06  -1.44298E-05
 2.03150E+03  -2.76856E-03  -2.82887E-03  -2.45775E-04   2.87954E-03   2.12061E-03  -1.14369E-03  -1.81863E-03  -8.86457E-04   1.63303E-04   1.52248E-03   9.46991E-04  -6.31895E-04  -9.79912E-04  -4.31313E-04   8.37428E-05   8.78841E-04   5.44463E-04  -4.63698E-04  -5.62699E-04  -1.43242E-04   1.57256E-04   4.37426E-04   2.29516E-04  -3.10497E-04  -3.16972E-04   2.05845E-06   1.37825E-04   1.99079E-04   8.84611E-05  -1.85810E-04  -1.76628E-04   4.71014E-05   1.00424E-04   7.03621E-05   3.57783E-05  -9.42722E-05  -1.09916E-04   5.13693E-05   7.08846E-05  -2.83870E-06   8.14826E-07  -1.47518E-05
 2.04620E+03  -2.81308E-03  -2.77595E-03  -1.74053E-04   2.88836E-03   2.08282E-03  -1.21428E-03  -1.85108E-03  -8.09427E-04   2.36222E-04   1.51164E-03   9.07732E-04  -6.83407E-04  -1.00206E-03  -3.67549E-04   1.45172E-04   8.67981E-04   5.03630E-04  -5.03861E-04  -5.69270E-04  -9.31515E-05   1.96106E-04   4.18798E-04   1.95036E-04  -3.31304E-04  -3.11438E-04   3.72879E-05   1.57943E-04   1.80580E-04   6.39347E-05  -1.95149E-04  -1.66031E-04   7.05731E-05   1.06832E-04   5.52541E-05   2.15450E-05  -9.87942E-05  -9.85795E-05   6.82024E-05   6.77139E-05  -1.42641E-05  -1.37627E-06  -1.47599E-05
 2.06090E+03  -2.85593E-03  -2.72144E-03  -1.01792E-04   2.89451E-03   2.04180E-03  -1.28320E-03  -1.87965E-03  -7.31144E-04   3.08460E-04   1.49686E-03   8.65365E-04  -7.32141E-04  -1.01976E-03  -3.02823E-04   2.05473E-04   8.52645E-04   4.59691E-04  -5.40156E-04  -5.71268E-04  -4.32443E-05   2.32864E-04   3.96766E-04   1.58614E-04  -3.48114E-04  -3.01973E-04   7.10619E-05   1.75695E-04   1.60230E-04   3.83858E-05  -2.01163E-04  -1.52351E-04   9.18517E-05   1.11086E-04   3.98587E-05   6.71326E-06  -1.01124E-04  -8.47469E-05   8.26354E-05   6.27960E-05  -2.46824E-05  -3.56157E-06  -1.44429E-05
 2.07580E+03  -2.89761E-03  -2.66466E-03  -2.81509E-05   2.89798E-03   1.99710E-03  -1.35114E-03  -1.90465E-03  -6.50751E-04   3.80733E-04   1.47789E-03   8.19507E-04  -7.78482E-04  -1.03317E-03  -2.36565E-04   2.65088E-04   8.32621E-04   4.12413E-04  -5.72727E-04  -5.68765E-04   6.72915E-06   2.67688E-04   3.71170E-04   1.20228E-04  -3.60872E-04  -2.88684E-04   1.03372E-04   1.91135E-04   1.37993E-04   1.19329E-05  -2.03739E-04  -1.35791E-04   1.10784E-04   1.13265E-04   2.42458E-05  -8.57167E-06  -1.01161E-04  -6.86846E-05   9.44588E-05   5.62846E-05  -3.39637E-05  -5.72025E-06  -1.37896E-05
 2.09080E+03  -2.93775E-03  -2.60606E-03   4.62296E-05   2.89863E-03   1.94907E-03  -1.41740E-03  -1.92577E-03  -5.68984E-04   4.52262E-04   1.45480E-03   7.70659E-04  -8.21833E-04  -1.04209E-03  -1.69523E-04   3.23206E-04   8.08035E-04   3.62496E-04  -6.01014E-04  -5.61819E-04   5.60156E-05   2.99979E-04   3.42325E-04   8.06444E-05  -3.69231E-04  -2.71916E-04   1.33560E-04   2.03963E-04   1.14259E-04  -1.47465E-05  -2.02701E-04  -1.16885E-04   1.26847E-04   1.13388E-04   8.78412E-06  -2.38330E-05  -9.88061E-05  -5.10013E-05   1.03248E-04   4.84699E-05  -4.18081E-05  -7.78378E-06  -1.28024E-05
 2.10590E+03  -2.97626E-03  -2.54569E-03   1.21187E-04   2.89641E-03   1.89783E-03  -1.48180E-03  -1.94294E-03  -4.86045E-04   5.22752E-04   1.42759E-03   7.19064E-04  -8.61970E-04  -1.04648E-03  -1.02006E-04   3.79420E-04   7.78963E-04   3.10384E-04  -6.24769E-04  -5.50548E-04   1.04224E-04   3.29400E-04   3.10445E-04   4.04167E-05  -3.73051E-04  -2.52008E-04   1.61257E-04   2.14025E-04   8.93007E-05  -4.11202E-05  -1.98005E-04  -9.61329E-05   1.39756E-04   1.11539E-04  -6.28021E-06  -3.86755E-05  -9.40520E-05  -3.22670E-05   1.08787E-04   3.96455E-05  -4.80445E-05  -9.69728E-06  -1.14915E-05
 2.12110E+03  -3.01308E-03  -2.48363E-03   1.96553E-04   2.89126E-03   1.84350E-03  -1.54415E-03  -1.95609E-03  -4.02143E-04   5.91899E-04   1.39628E-03   6.64982E-04  -8.98698E-04  -1.04630E-03  -3.43186E-05   4.33321E-04   7.45528E-04   2.56544E-04  -6.43805E-04  -5.35101E-04   1.50985E-04   3.55621E-04   2.75788E-04   1.20040E-07  -3.72271E-04  -2.29332E-04   1.86151E-04   2.21190E-04   6.34107E-05  -6.66448E-05  -1.89696E-04  -7.40685E-05   1.49316E-04   1.07824E-04  -2.07215E-05  -5.26983E-05  -8.69593E-05  -1.30789E-05   1.10965E-04   3.01247E-05  -5.25595E-05  -1.14063E-05  -9.87709E-06
 2.13640E+03  -3.04810E-03  -2.41993E-03   2.72154E-04   2.88314E-03   1.78623E-03  -1.60427E-03  -1.96515E-03  -3.17485E-04   6.59396E-04   1.36093E-03   6.08684E-04  -9.31850E-04  -1.04154E-03   3.32280E-05   4.84501E-04   7.07901E-04   2.01458E-04  -6.57995E-04  -5.15648E-04   1.95952E-04   3.78329E-04   2.38655E-04  -3.96655E-05  -3.66915E-04  -2.04286E-04   2.07991E-04   2.25349E-04   3.68995E-05  -9.07821E-05  -1.77909E-04  -5.12393E-05   1.55423E-04   1.02369E-04  -3.43348E-05  -6.55081E-05  -7.76606E-05   5.95901E-06   1.09787E-04   2.02294E-05  -5.52993E-05  -1.28585E-05  -7.98931E-06
 2.15190E+03  -3.08147E-03  -2.35426E-03   3.48308E-04   2.87196E-03   1.72573E-03  -1.66239E-03  -1.97006E-03  -2.31738E-04   7.25355E-04   1.32137E-03   5.50063E-04  -9.61470E-04  -1.03210E-03   1.00752E-04   5.32863E-04   6.66022E-04   1.45249E-04  -6.67313E-04  -4.92217E-04   2.39064E-04   3.97346E-04   1.99131E-04  -7.86148E-05  -3.57013E-04  -1.77099E-04   2.26692E-04   2.26417E-04   9.92375E-06  -1.13151E-04  -1.62757E-04  -2.80428E-05   1.58073E-04   9.52675E-05  -4.70141E-05  -7.67995E-05  -6.62807E-05   2.43719E-05   1.05324E-04   1.02151E-05  -5.62695E-05  -1.40121E-05  -5.85358E-06
 2.16740E+03  -3.11265E-03  -2.28755E-03   4.23860E-04   2.85786E-03   1.66292E-03  -1.71762E-03  -1.97071E-03  -1.46235E-04   7.88627E-04   1.27823E-03   4.90154E-04  -9.87064E-04  -1.01814E-03   1.67060E-04   5.77406E-04   6.20703E-04   8.91225E-05  -6.71627E-04  -4.65322E-04   2.79454E-04   4.12169E-04   1.58121E-04  -1.15674E-04  -3.42885E-04  -1.48542E-04   2.41872E-04   2.24331E-04  -1.68180E-05  -1.32982E-04  -1.44745E-04  -5.30953E-06   1.57310E-04   8.67666E-05  -5.84310E-05  -8.60880E-05  -5.32392E-05   4.13643E-05   9.78520E-05   5.19079E-07  -5.55196E-05  -1.48102E-05  -3.54690E-06
 2.18300E+03  -3.14179E-03  -2.21947E-03   4.99138E-04   2.84079E-03   1.59755E-03  -1.77019E-03  -1.96709E-03  -6.06641E-05   8.49361E-04   1.23143E-03   4.28860E-04  -1.00875E-03  -9.99624E-04   2.32260E-04   6.18105E-04   5.72007E-04   3.31857E-05  -6.71055E-04  -4.35052E-04   3.17113E-04   4.22720E-04   1.15810E-04  -1.50589E-04  -3.24743E-04  -1.18857E-04   2.53577E-04   2.19097E-04  -4.31343E-05  -1.49998E-04  -1.24174E-04   1.66139E-05   1.53322E-04   7.69930E-05  -6.85265E-05  -9.31632E-05  -3.88014E-05   5.65569E-05   8.76660E-05  -8.64054E-06  -5.31748E-05  -1.52275E-05  -1.11365E-06
 2.19880E+03  -3.16898E-03  -2.14968E-03   5.74454E-04   2.82063E-03   1.52932E-03  -1.82029E-03  -1.95910E-03   2.52618E-05   9.07648E-04   1.18083E-03   3.66054E-04  -1.02656E-03  -9.76450E-04   2.96413E-04   6.54866E-04   5.19955E-04  -2.24616E-05  -6.65635E-04  -4.01435E-04   3.51969E-04   4.28860E-04   7.23931E-05  -1.83092E-04  -3.02772E-04  -8.82577E-05   2.61808E-04   2.10682E-04  -6.88054E-05  -1.63918E-04  -1.01346E-04   3.74017E-05   1.46288E-04   6.60520E-05  -7.72249E-05  -9.78170E-05  -2.32519E-05   6.95929E-05   7.50762E-05  -1.70622E-05  -4.93659E-05  -1.52387E-05   1.39767E-06
 2.21470E+03  -3.19393E-03  -2.07874E-03   6.49170E-04   2.79753E-03   1.45876E-03  -1.86744E-03  -1.94673E-03   1.10721E-04   9.62841E-04   1.12693E-03   3.02402E-04  -1.04028E-03  -9.48804E-04   3.58743E-04   6.87141E-04   4.65259E-04  -7.70256E-05  -6.55486E-04  -3.64928E-04   3.83499E-04   4.30403E-04   2.86481E-05  -2.12536E-04  -2.77471E-04  -5.73335E-05   2.66481E-04   1.99193E-04  -9.32675E-05  -1.74336E-04  -7.69076E-05   5.65057E-05   1.36523E-04   5.41932E-05  -8.43476E-05  -9.98349E-05  -7.11374E-06   8.00151E-05   6.06137E-05  -2.44679E-05  -4.43039E-05  -1.48271E-05   3.90083E-06
 2.23070E+03  -3.21661E-03  -2.00677E-03   7.23138E-04   2.77152E-03   1.38604E-03  -1.91149E-03  -1.92998E-03   1.95432E-04   1.01472E-03   1.06996E-03   2.38177E-04  -1.04990E-03  -9.16802E-04   4.18892E-04   7.14711E-04   4.08353E-04  -1.30101E-04  -6.40780E-04  -3.25832E-04   4.11449E-04   4.27311E-04  -1.48936E-05  -2.38575E-04  -2.49284E-04  -2.64721E-05   2.67641E-04   1.84766E-04  -1.16127E-04  -1.81057E-04  -5.14194E-05   7.35858E-05   1.24377E-04   4.16164E-05  -8.98042E-05  -9.91350E-05   9.15046E-06   8.75680E-05   4.48042E-05  -3.06859E-05  -3.82197E-05  -1.39930E-05   6.32183E-06

