#
#--------------------------------------------------------------------------------
### 
## 
## Courbe 0
## resp__3
## Courbe 1
## resp__2
## Courbe 2
## resp__1
## Courbe 3
## resp_0
## Courbe 4
## resp_1
## Courbe 5
## resp_2
## Courbe 6
## resp_3
## Courbe 7
## resp_4
## Courbe 8
## resp_5
## Courbe 9
## resp_6
## Courbe 10
## resp_7
## Courbe 11
## resp_8
## Courbe 12
## resp_9
## Courbe 13
## resp_10
## Courbe 14
## resp_11
## Courbe 15
## resp_12
## Courbe 16
## resp_13
## Courbe 17
## resp_14
## Courbe 18
## resp_15
## Courbe 19
## resp_16
## Courbe 20
## resp_17
FREQ          DZ_0_R        DZ_0_I        DZ_1_R        DZ_1_I        DZ_2_R        DZ_2_I        DZ_3_R        DZ_3_I        DZ_4_R        DZ_4_I        DZ_5_R        DZ_5_I        DZ_6_R        DZ_6_I        DZ_7_R        DZ_7_I        DZ_8_R        DZ_8_I        DZ_9_R        DZ_9_I        DZ_10_R       DZ_10_I       DZ_11_R       DZ_11_I       DZ_12_R       DZ_12_I       DZ_13_R       DZ_13_I       DZ_14_R       DZ_14_I       DZ_15_R       DZ_15_I       DZ_16_R       DZ_16_I       DZ_17_R       DZ_17_I       DZ_18_R       DZ_18_I       DZ_19_R       DZ_19_I       DZ_20_R       DZ_20_I     
 3.54000E+01   1.07068E-03   4.73176E-03   1.31488E-03   4.39370E-03   1.46172E-03   3.14448E-03   1.51060E-03   1.20484E-03   1.46705E-03  -1.19436E-03   1.34227E-03  -3.81879E-03   1.15212E-03  -6.43898E-03   9.15804E-04  -8.83933E-03   6.54311E-04  -1.08272E-02   3.88737E-04  -1.22410E-02   1.38708E-04  -1.29572E-02  -7.90378E-05  -1.28951E-02  -2.51764E-04  -1.20188E-02  -3.71471E-04  -1.03377E-02  -4.35194E-04  -7.90264E-03  -4.44828E-04  -4.80017E-03  -4.06508E-04  -1.14424E-03  -3.29558E-04   2.93488E-03  -2.25087E-04   7.30327E-03  -1.04298E-04   1.18376E-02   2.34039E-05   1.64405E-02
 3.56000E+01   1.07597E-03   4.82453E-03   1.32030E-03   4.51530E-03   1.46600E-03   3.28908E-03   1.51247E-03   1.36535E-03   1.46537E-03  -1.02566E-03   1.33617E-03  -3.64964E-03   1.14108E-03  -6.27662E-03   8.99768E-04  -8.69004E-03   6.33683E-04  -1.06960E-02   3.64405E-04  -1.21314E-02   1.11992E-04  -1.28714E-02  -1.06461E-04  -1.28336E-02  -2.77974E-04  -1.19812E-02  -3.94431E-04  -1.03224E-02  -4.52882E-04  -7.90755E-03  -4.55373E-04  -4.82300E-03  -4.08297E-04  -1.18271E-03  -3.21320E-04   2.88273E-03  -2.05929E-04   7.23891E-03  -7.36969E-05   1.17619E-02   6.56668E-05   1.63538E-02
 3.59000E+01   1.08470E-03   4.96291E-03   1.32957E-03   4.69637E-03   1.47390E-03   3.50397E-03   1.51704E-03   1.60330E-03   1.46484E-03  -7.76281E-04   1.32913E-03  -3.40049E-03   1.12667E-03  -6.03850E-03   8.77790E-04  -8.47228E-03   6.04667E-04  -1.05059E-02   3.29608E-04  -1.19741E-02   7.33411E-05  -1.27496E-02  -1.46492E-04  -1.27480E-02  -3.16524E-04  -1.19306E-02  -4.28449E-04  -1.03043E-02  -4.79334E-04  -7.91837E-03  -4.71437E-04  -4.85892E-03  -4.11539E-04  -1.24001E-03  -3.09815E-04   2.80719E-03  -1.78326E-04   7.14746E-03  -2.92018E-05   1.16560E-02   1.27387E-04   1.62341E-02
 3.61000E+01   1.09103E-03   5.05471E-03   1.33650E-03   4.81631E-03   1.48013E-03   3.64603E-03   1.52123E-03   1.76025E-03   1.46576E-03  -6.12280E-04   1.32578E-03  -3.23721E-03   1.11842E-03  -5.88314E-03   8.64445E-04  -8.33098E-03   5.86524E-04  -1.03834E-02   3.07462E-04  -1.18737E-02   4.84406E-05  -1.26730E-02  -1.72518E-04  -1.26953E-02  -3.41780E-04  -1.19008E-02  -4.50901E-04  -1.02954E-02  -4.96951E-04  -7.92783E-03  -4.82327E-04  -4.88397E-03  -4.14064E-04  -1.27800E-03  -3.02679E-04   2.75851E-03  -1.60617E-04   7.08975E-03  -3.85166E-07   1.15903E-02   1.67537E-04   1.61608E-02
 3.64000E+01   1.10127E-03   5.19186E-03   1.34796E-03   4.99523E-03   1.49086E-03   3.85755E-03   1.52917E-03   1.99340E-03   1.46897E-03  -3.69323E-04   1.32269E-03  -2.99617E-03   1.10798E-03  -5.65479E-03   8.46268E-04  -8.12445E-03   5.60986E-04  -1.02057E-02   2.75688E-04  -1.17295E-02   1.22609E-05  -1.25644E-02  -2.10689E-04  -1.26224E-02  -3.79105E-04  -1.18617E-02  -4.84324E-04  -1.02867E-02  -5.23408E-04  -7.94534E-03  -4.98955E-04  -4.92321E-03  -4.18383E-04  -1.33474E-03  -2.92721E-04   2.68786E-03  -1.34996E-04   7.00782E-03   4.17131E-05   1.14987E-02   2.26455E-04   1.60602E-02
 3.66000E+01   1.10859E-03   5.28299E-03   1.35631E-03   5.11394E-03   1.49892E-03   3.99766E-03   1.53552E-03   2.14749E-03   1.47229E-03  -2.09198E-04   1.32186E-03  -2.83787E-03   1.10224E-03  -5.50547E-03   8.35315E-04  -7.99016E-03   5.45009E-04  -1.00911E-02   2.55399E-04  -1.16374E-02  -1.11476E-05  -1.24962E-02  -2.35621E-04  -1.25778E-02  -4.03674E-04  -1.18392E-02  -5.06482E-04  -1.02839E-02  -5.41099E-04  -7.95917E-03  -5.10252E-04  -4.95049E-03  -4.21611E-04  -1.37245E-03  -2.86552E-04   2.64224E-03  -1.18492E-04   6.95616E-03   6.91049E-05   1.14421E-02   2.64966E-04   1.59992E-02
 3.69000E+01   1.12028E-03   5.41935E-03   1.36987E-03   5.29134E-03   1.51233E-03   4.20666E-03   1.54662E-03   2.37686E-03   1.47899E-03   2.85153E-05   1.32240E-03  -2.60365E-03   1.09540E-03  -5.28553E-03   8.20536E-04  -7.79350E-03   5.22514E-04  -9.92443E-03   2.26198E-04  -1.15050E-02  -4.53031E-05  -1.23998E-02  -2.72353E-04  -1.25167E-02  -4.40147E-04  -1.18108E-02  -5.39612E-04  -1.02840E-02  -5.67770E-04  -7.98312E-03  -5.27539E-04  -4.99308E-03  -4.26970E-04  -1.42891E-03  -2.77957E-04   2.57591E-03  -9.45147E-05   6.88289E-03   1.09306E-04   1.13637E-02   3.21746E-04   1.59163E-02
 3.72000E+01   1.13283E-03   5.55541E-03   1.38466E-03   5.46810E-03   1.52729E-03   4.41452E-03   1.55953E-03   2.60442E-03   1.48768E-03   2.63596E-04   1.32501E-03  -2.37297E-03   1.09058E-03  -5.07005E-03   8.07635E-04  -7.60218E-03   5.01668E-04  -9.76386E-03   1.98354E-04  -1.13792E-02  -7.84317E-05  -1.23101E-02  -3.08402E-04  -1.24622E-02  -4.76272E-04  -1.17884E-02  -5.72697E-04  -1.02894E-02  -5.94662E-04  -8.01083E-03  -5.45266E-04  -5.03770E-03  -4.32940E-04  -1.48534E-03  -2.70105E-04   2.51193E-03  -7.13826E-05   6.81447E-03   1.48579E-04   1.12927E-02   3.77524E-04   1.58436E-02
 3.74000E+01   1.14167E-03   5.64602E-03   1.39518E-03   5.58568E-03   1.53812E-03   4.55258E-03   1.56914E-03   2.75526E-03   1.49456E-03   4.19032E-04   1.32785E-03  -2.22096E-03   1.08844E-03  -4.92868E-03   8.00026E-04  -7.47739E-03   4.88629E-04  -9.65999E-03   1.80484E-04  -1.12988E-02  -1.00010E-04  -1.22540E-02  -3.32116E-04  -1.24294E-02  -5.00216E-04  -1.17768E-02  -5.94777E-04  -1.02957E-02  -6.12746E-04  -8.03138E-03  -5.57345E-04  -5.06859E-03  -4.37257E-04  -1.52299E-03  -2.65260E-04   2.47050E-03  -5.63833E-05   6.77143E-03   1.74318E-04   1.12493E-02   4.14249E-04   1.58005E-02
 3.77000E+01   1.15562E-03   5.78189E-03   1.41196E-03   5.76182E-03   1.55563E-03   4.75910E-03   1.58501E-03   2.98047E-03   1.50646E-03   6.50514E-04   1.33375E-03  -1.99531E-03   1.08680E-03  -4.71975E-03   7.90033E-04  -7.29407E-03   4.70282E-04  -9.50869E-03   1.54634E-04  -1.11832E-02  -1.31702E-04  -1.21750E-02  -3.67294E-04  -1.23854E-02  -5.36003E-04  -1.17642E-02  -6.27995E-04  -1.03093E-02  -6.40156E-04  -8.06527E-03  -5.75882E-04  -5.11664E-03  -4.44239E-04  -1.57956E-03  -2.58544E-04   2.41009E-03  -3.44519E-05   6.71057E-03   2.12360E-04   1.11901E-02   4.68781E-04   1.57437E-02
 3.80000E+01   1.17041E-03   5.91782E-03   1.42993E-03   5.93782E-03   1.57463E-03   4.96514E-03   1.60262E-03   3.20467E-03   1.52024E-03   8.80280E-04   1.34154E-03  -1.77221E-03   1.08697E-03  -4.51425E-03   7.81671E-04  -7.11506E-03   4.53304E-04  -9.36250E-03   1.29836E-04  -1.10733E-02  -1.62683E-04  -1.21020E-02  -4.02098E-04  -1.23475E-02  -5.71725E-04  -1.17572E-02  -6.61410E-04  -1.03278E-02  -6.67964E-04  -8.10281E-03  -5.94952E-04  -5.16678E-03  -4.51826E-04  -1.63633E-03  -2.52454E-04   2.35161E-03  -1.31286E-05   6.65396E-03   2.49838E-04   1.11375E-02   5.22801E-04   1.56961E-02
 3.83000E+01   1.18603E-03   6.05392E-03   1.44908E-03   6.11388E-03   1.59513E-03   5.17092E-03   1.62194E-03   3.42813E-03   1.53586E-03   1.10864E-03   1.35119E-03  -1.55132E-03   1.08890E-03  -4.31185E-03   7.74869E-04  -6.94004E-03   4.37609E-04  -9.22108E-03   1.05995E-04  -1.09688E-02  -1.93055E-04  -1.20348E-02  -4.36631E-04  -1.23154E-02  -6.07480E-04  -1.17557E-02  -6.95105E-04  -1.03510E-02  -6.96231E-04  -8.14399E-03  -6.14590E-04  -5.21904E-03  -4.60023E-04  -1.69339E-03  -2.46956E-04   2.29493E-03   7.66304E-06   6.60143E-03   2.86869E-04   1.10914E-02   5.76473E-04   1.56574E-02
 3.85000E+01   1.19691E-03   6.14482E-03   1.46251E-03   6.23136E-03   1.60962E-03   5.30809E-03   1.63578E-03   3.57682E-03   1.54729E-03   1.26025E-03   1.35863E-03  -1.40512E-03   1.09115E-03  -4.17847E-03   7.71170E-04  -6.82541E-03   4.27821E-04  -9.12932E-03   9.05885E-05  -1.09020E-02  -2.13012E-04  -1.19931E-02  -4.59552E-04  -1.22971E-02  -6.31381E-04  -1.17578E-02  -7.17765E-04  -1.03691E-02  -7.15364E-04  -8.17345E-03  -6.28017E-04  -5.25507E-03  -4.65828E-04  -1.73163E-03  -2.43604E-04   2.25808E-03   2.12641E-05   6.56859E-03   3.11365E-04   1.10641E-02   6.12137E-04   1.56363E-02
 3.88000E+01   1.21394E-03   6.28147E-03   1.48365E-03   6.40788E-03   1.63261E-03   5.51395E-03   1.65796E-03   3.79963E-03   1.56595E-03   1.48694E-03   1.37131E-03  -1.18721E-03   1.09591E-03  -3.98051E-03   7.66834E-04  -6.65633E-03   4.14099E-04  -8.99523E-03   6.81489E-05  -1.08060E-02  -2.42579E-04  -1.19351E-02  -4.93850E-04  -1.22743E-02  -6.67397E-04  -1.17652E-02  -7.52109E-04  -1.04002E-02  -7.44540E-04  -8.22064E-03  -6.48687E-04  -5.31094E-03  -4.75053E-04  -1.78935E-03  -2.39025E-04   2.20413E-03   4.13253E-05   6.52247E-03   3.47903E-04   1.10283E-02   6.65572E-04   1.56118E-02
 3.91000E+01   1.23182E-03   6.41862E-03   1.50600E-03   6.58490E-03   1.65709E-03   5.72014E-03   1.68185E-03   4.02240E-03   1.58643E-03   1.71300E-03   1.38578E-03  -9.70673E-04   1.10233E-03  -3.78480E-03   7.63912E-04  -6.49042E-03   4.01475E-04  -8.86519E-03   4.64459E-05  -1.07147E-02  -2.71780E-04  -1.18823E-02  -5.28129E-04  -1.22570E-02  -7.03689E-04  -1.17779E-02  -7.86950E-04  -1.04358E-02  -7.74345E-04  -8.27145E-03  -6.70029E-04  -5.36903E-03  -4.84908E-04  -1.84757E-03  -2.34963E-04   2.15166E-03   6.10345E-05   6.48001E-03   3.84284E-04   1.09984E-02   7.19060E-04   1.55956E-02
 3.94000E+01   1.25057E-03   6.55636E-03   1.52956E-03   6.76257E-03   1.68310E-03   5.92686E-03   1.70747E-03   4.24537E-03   1.60872E-03   1.93870E-03   1.40204E-03  -7.55238E-04   1.11037E-03  -3.59107E-03   7.62364E-04  -6.32741E-03   3.89892E-04  -8.73894E-03   2.54087E-05  -1.06280E-02  -3.00697E-04  -1.18346E-02  -5.62477E-04  -1.22449E-02  -7.40343E-04  -1.17957E-02  -8.22366E-04  -1.04761E-02  -8.04843E-04  -8.32587E-03  -6.92084E-04  -5.42939E-03  -4.95405E-04  -1.90637E-03  -2.31396E-04   2.10057E-03   8.04516E-05   6.44107E-03   4.20610E-04   1.09743E-02   7.72744E-04   1.55874E-02
 3.97000E+01   1.27021E-03   6.69480E-03   1.55437E-03   6.94106E-03   1.71065E-03   6.13433E-03   1.73483E-03   4.46878E-03   1.63284E-03   2.16431E-03   1.42008E-03  -5.40625E-04   1.12004E-03  -3.39904E-03   7.62158E-04  -6.16705E-03   3.79300E-04  -8.61625E-03   4.97129E-06  -1.05456E-02  -3.29408E-04  -1.17919E-02  -5.96980E-04  -1.22381E-02  -7.77447E-04  -1.18185E-02  -8.58437E-04  -1.05209E-02  -8.36099E-04  -8.38392E-03  -7.14894E-04  -5.49206E-03  -5.06558E-04  -1.96582E-03  -2.28303E-04   2.05076E-03   9.96335E-05   6.40554E-03   4.56977E-04   1.09558E-02   8.26760E-04   1.55872E-02
 4.00000E+01   1.29074E-03   6.83405E-03   1.58044E-03   7.12051E-03   1.73976E-03   6.34273E-03   1.76397E-03   4.69285E-03   1.65881E-03   2.39009E-03   1.43991E-03  -3.26567E-04   1.13131E-03  -3.20844E-03   7.63267E-04  -6.00909E-03   3.69655E-04  -8.49691E-03  -1.49275E-05  -1.04674E-02  -3.57989E-04  -1.17539E-02  -6.31721E-04  -1.22363E-02  -8.15086E-04  -1.18464E-02  -8.95242E-04  -1.05702E-02  -8.68179E-04  -8.44563E-03  -7.38505E-04  -5.55710E-03  -5.18383E-04  -2.02601E-03  -2.25670E-04   2.00212E-03   1.18635E-04   6.37329E-03   4.93479E-04   1.09428E-02   8.81244E-04   1.55947E-02
 4.02000E+01   1.30495E-03   6.92740E-03   1.59854E-03   7.24077E-03   1.76006E-03   6.48228E-03   1.78439E-03   4.84273E-03   1.67716E-03   2.54083E-03   1.45413E-03  -1.84040E-04   1.13971E-03  -3.08205E-03   7.64727E-04  -5.90500E-03   3.63731E-04  -8.41911E-03  -2.79226E-05  -1.04175E-02  -3.77006E-04  -1.17311E-02  -6.55054E-04  -1.22379E-02  -8.40518E-04  -1.18678E-02  -9.20228E-04  -1.06056E-02  -8.90057E-04  -8.48883E-03  -7.54714E-04  -5.60181E-03  -5.26651E-04  -2.06658E-03  -2.24162E-04   1.97031E-03   1.31227E-04   6.35358E-03   5.17934E-04   1.09372E-02   9.17892E-04   1.56040E-02
 4.05000E+01   1.32705E-03   7.06824E-03   1.62679E-03   7.42218E-03   1.79186E-03   6.69268E-03   1.81655E-03   5.06844E-03   1.70627E-03   2.76744E-03   1.47698E-03   2.96704E-05   1.15366E-03  -2.89329E-03   7.67988E-04  -5.75052E-03   3.55580E-04  -8.30489E-03  -4.70492E-05  -1.03459E-02  -4.05528E-04  -1.17009E-02  -6.90375E-04  -1.22444E-02  -8.79238E-04  -1.19040E-02  -9.58438E-04  -1.06626E-02  -9.23664E-04  -8.55671E-03  -7.79767E-04  -5.67094E-03  -5.39643E-04  -2.12817E-03  -2.22263E-04   1.92345E-03   1.50041E-04   6.32661E-03   5.54866E-04   1.09332E-02   9.73452E-04   1.56244E-02
 4.08000E+01   1.35011E-03   7.21019E-03   1.65639E-03   7.60498E-03   1.82533E-03   6.90454E-03   1.85057E-03   5.29543E-03   1.73730E-03   2.99489E-03   1.50168E-03   2.43509E-04   1.16923E-03  -2.70530E-03   7.72525E-04  -5.59782E-03   3.48283E-04  -8.19349E-03  -6.57824E-05  -1.02780E-02  -4.34108E-04  -1.16751E-02  -7.26151E-04  -1.22558E-02  -9.18723E-04  -1.19452E-02  -9.97603E-04  -1.07241E-02  -9.58281E-04  -8.62837E-03  -8.05751E-04  -5.74260E-03  -5.53366E-04  -2.19069E-03  -2.20789E-04   1.87754E-03   1.68809E-04   6.30269E-03   5.92176E-04   1.09345E-02   1.02983E-03   1.56523E-02
 4.11000E+01   1.37418E-03   7.35335E-03   1.68739E-03   7.78931E-03   1.86052E-03   7.11805E-03   1.88652E-03   5.52393E-03   1.77032E-03   3.22341E-03   1.52825E-03   4.57723E-04   1.18643E-03  -2.51785E-03   7.78334E-04  -5.44671E-03   3.41812E-04  -8.08474E-03  -8.41710E-05  -1.02138E-02  -4.62814E-04  -1.16537E-02  -7.62465E-04  -1.22721E-02  -9.59059E-04  -1.19913E-02  -1.03781E-03  -1.07902E-02  -9.93983E-04  -8.70384E-03  -8.32723E-04  -5.81687E-03  -5.67845E-04  -2.25423E-03  -2.19733E-04   1.83250E-03   1.87579E-04   6.28175E-03   6.29955E-04   1.09410E-02   1.08717E-03   1.56876E-02
 4.14000E+01   1.39929E-03   7.49782E-03   1.71984E-03   7.97533E-03   1.89748E-03   7.33341E-03   1.92444E-03   5.75416E-03   1.80536E-03   3.45325E-03   1.55674E-03   6.72556E-04   1.20529E-03  -2.33070E-03   7.85417E-04  -5.29697E-03   3.36145E-04  -7.97847E-03  -1.02261E-04  -1.01530E-02  -4.91713E-04  -1.16366E-02  -7.99399E-04  -1.22932E-02  -1.00034E-03  -1.20423E-02  -1.07914E-03  -1.08610E-02  -1.03085E-03  -8.78319E-03  -8.60739E-04  -5.89381E-03  -5.83110E-04  -2.31887E-03  -2.19087E-04   1.78826E-03   2.06397E-04   6.26373E-03   6.68293E-04   1.09527E-02   1.14560E-03   1.57305E-02
 4.17000E+01   1.42548E-03   7.64371E-03   1.75377E-03   8.16319E-03   1.93628E-03   7.55082E-03   1.96440E-03   5.98635E-03   1.84249E-03   3.68465E-03   1.58720E-03   8.88250E-04   1.22584E-03  -2.14363E-03   7.93780E-04  -5.14841E-03   3.31264E-04  -7.87451E-03  -1.20098E-04  -1.00956E-02  -5.20871E-04  -1.16237E-02  -8.37036E-04  -1.23192E-02  -1.04265E-03  -1.20983E-02  -1.12169E-03  -1.09365E-02  -1.06896E-03  -8.86650E-03  -8.89861E-04  -5.97352E-03  -5.99193E-04  -2.38468E-03  -2.18848E-04   1.74475E-03   2.25310E-04   6.24857E-03   7.07281E-04   1.09695E-02   1.20526E-03   1.57808E-02
 4.20000E+01   1.45278E-03   7.79114E-03   1.78927E-03   8.35305E-03   1.97697E-03   7.77047E-03   2.00647E-03   6.22072E-03   1.88177E-03   3.91785E-03   1.61968E-03   1.10505E-03   1.24812E-03  -1.95642E-03   8.03434E-04  -5.00082E-03   3.27152E-04  -7.77271E-03  -1.37722E-04  -1.00416E-02  -5.50354E-04  -1.16150E-02  -8.75461E-04  -1.23499E-02  -1.08609E-03  -1.21594E-02  -1.16556E-03  -1.10167E-02  -1.10839E-03  -8.95383E-03  -9.20153E-04  -6.05608E-03  -6.16128E-04  -2.45175E-03  -2.19012E-04   1.70189E-03   2.44364E-04   6.23621E-03   7.47012E-04   1.09914E-02   1.26629E-03   1.58386E-02
 4.23000E+01   1.48124E-03   7.94022E-03   1.82637E-03   8.54508E-03   2.01964E-03   7.99256E-03   2.05074E-03   6.45751E-03   1.92329E-03   4.15309E-03   1.65425E-03   1.32318E-03   1.27216E-03  -1.76884E-03   8.14398E-04  -4.85403E-03   3.23798E-04  -7.67293E-03  -1.55177E-04  -9.99064E-03  -5.80231E-04  -1.16105E-02  -9.14761E-04  -1.23854E-02  -1.13076E-03  -1.22254E-02  -1.21084E-03  -1.11017E-02  -1.14925E-03  -9.04527E-03  -9.51683E-04  -6.14158E-03  -6.33953E-04  -2.52017E-03  -2.19578E-04   1.65962E-03   2.63605E-04   6.22662E-03   7.87579E-04   1.10184E-02   1.32883E-03   1.59038E-02
 4.26000E+01   1.51092E-03   8.09106E-03   1.86516E-03   8.73942E-03   2.06436E-03   8.21729E-03   2.09728E-03   6.69694E-03   1.96711E-03   4.39061E-03   1.69097E-03   1.54291E-03   1.29801E-03  -1.58067E-03   8.26693E-04  -4.70783E-03   3.21194E-04  -7.57501E-03  -1.72500E-04  -9.94280E-03  -6.10568E-04  -1.16101E-02  -9.55026E-04  -1.24257E-02  -1.17676E-03  -1.22966E-02  -1.25764E-03  -1.11916E-02  -1.19162E-03  -9.14093E-03  -9.84526E-04  -6.23011E-03  -6.52709E-04  -2.59002E-03  -2.20547E-04   1.61788E-03   2.83079E-04   6.21976E-03   8.29080E-04   1.10504E-02   1.39303E-03   1.59765E-02
 4.29000E+01   1.54187E-03   8.24379E-03   1.90571E-03   8.93626E-03   2.11123E-03   8.44488E-03   2.14619E-03   6.93926E-03   2.01335E-03   4.63068E-03   1.72992E-03   1.76445E-03   1.32574E-03  -1.39169E-03   8.40348E-04  -4.56206E-03   3.19334E-04  -7.47884E-03  -1.89731E-04  -9.89796E-03  -6.41434E-04  -1.16137E-02  -9.96347E-04  -1.24708E-02  -1.22419E-03  -1.23729E-02  -1.30607E-03  -1.12866E-02  -1.23561E-03  -9.24090E-03  -1.01876E-03  -6.32178E-03  -6.72441E-04  -2.66138E-03  -2.21920E-04   1.57660E-03   3.02833E-04   6.21560E-03   8.71615E-04   1.10876E-02   1.45905E-03   1.60568E-02
 4.32000E+01   1.57415E-03   8.39852E-03   1.94810E-03   9.13576E-03   2.16035E-03   8.67553E-03   2.19758E-03   7.18469E-03   2.06209E-03   4.87352E-03   1.77120E-03   1.98807E-03   1.35541E-03  -1.20169E-03   8.55395E-04  -4.41653E-03   3.18216E-04  -7.38427E-03  -2.06907E-04  -9.85605E-03  -6.72901E-04  -1.16214E-02  -1.03882E-03  -1.25208E-02  -1.27317E-03  -1.24544E-02  -1.35625E-03  -1.13866E-02  -1.28131E-03  -9.34529E-03  -1.05446E-03  -6.41669E-03  -6.93197E-04  -2.73436E-03  -2.23703E-04   1.53572E-03   3.22915E-04   6.21411E-03   9.15287E-04   1.11299E-02   1.52705E-03   1.61447E-02
 4.36000E+01   1.61937E-03   8.60817E-03   2.00763E-03   9.40620E-03   2.22950E-03   8.98820E-03   2.27015E-03   7.51721E-03   2.13117E-03   5.20210E-03   1.83001E-03   2.28987E-03   1.39811E-03  -9.46363E-04   8.77691E-04  -4.22255E-03   3.17883E-04  -7.26046E-03  -2.29789E-04  -9.80460E-03  -7.15916E-04  -1.16380E-02  -1.09742E-03  -1.25951E-02  -1.34110E-03  -1.25714E-02  -1.42607E-03  -1.15280E-02  -1.34512E-03  -9.49158E-03  -1.10452E-03  -6.54850E-03  -7.22557E-04  -2.83432E-03  -2.26727E-04   1.48174E-03   3.50284E-04   6.21628E-03   9.75471E-04   1.11943E-02   1.62108E-03   1.62739E-02
 4.39000E+01   1.65501E-03   8.76807E-03   2.05466E-03   9.61260E-03   2.28427E-03   9.22686E-03   2.32778E-03   7.77089E-03   2.18620E-03   5.45246E-03   1.87710E-03   2.51929E-03   1.43259E-03  -7.53093E-04   8.96149E-04  -4.07688E-03   3.18507E-04  -7.16914E-03  -2.46984E-04  -9.76926E-03  -7.49069E-04  -1.16551E-02  -1.14299E-03  -1.26566E-02  -1.39416E-03  -1.26655E-02  -1.48081E-03  -1.16404E-02  -1.39529E-03  -9.60679E-03  -1.14401E-03  -6.65145E-03  -7.45916E-04  -2.91142E-03  -2.29489E-04   1.44157E-03   3.71321E-04   6.22099E-03   1.02222E-03   1.12486E-02   1.69436E-03   1.63799E-02
 4.42000E+01   1.69222E-03   8.93041E-03   2.10386E-03   9.82226E-03   2.34168E-03   9.46933E-03   2.38831E-03   8.02854E-03   2.24416E-03   5.70647E-03   1.92687E-03   2.75162E-03   1.46928E-03  -5.58046E-04   9.16151E-04  -3.93085E-03   3.19889E-04  -7.07903E-03  -2.64248E-04  -9.73664E-03  -7.83075E-04  -1.16763E-02  -1.19007E-03  -1.27231E-02  -1.44920E-03  -1.27650E-02  -1.53772E-03  -1.17582E-02  -1.44758E-03  -9.72687E-03  -1.18531E-03  -6.75807E-03  -7.70491E-04  -2.99046E-03  -2.32686E-04   1.40160E-03   3.92853E-04   6.22836E-03   1.07049E-03   1.13083E-02   1.77022E-03   1.64939E-02
 4.45000E+01   1.73107E-03   9.09532E-03   2.15534E-03   1.00354E-02   2.40185E-03   9.71585E-03   2.45189E-03   8.29041E-03   2.30518E-03   5.96443E-03   1.97945E-03   2.98713E-03   1.50828E-03  -3.60994E-04   9.37758E-04  -3.78428E-03   3.22042E-04  -6.98999E-03  -2.81620E-04  -9.70669E-03  -8.18017E-04  -1.17015E-02  -1.23877E-03  -1.27947E-02  -1.50634E-03  -1.28703E-02  -1.59697E-03  -1.18817E-02  -1.50213E-03  -9.85197E-03  -1.22851E-03  -6.86848E-03  -7.96351E-04  -3.07154E-03  -2.36330E-04   1.36178E-03   4.14936E-04   6.23838E-03   1.12040E-03   1.13732E-02   1.84884E-03   1.66160E-02
 4.48000E+01   1.77167E-03   9.26295E-03   2.20923E-03   1.02522E-02   2.46495E-03   9.96666E-03   2.51867E-03   8.55679E-03   2.36944E-03   6.22661E-03   2.03499E-03   3.22609E-03   1.54970E-03  -1.61700E-04   9.61036E-04  -3.63700E-03   3.24980E-04  -6.90191E-03  -2.99136E-04  -9.67936E-03  -8.53979E-04  -1.17309E-02  -1.28922E-03  -1.28716E-02  -1.56575E-03  -1.29814E-02  -1.65871E-03  -1.20110E-02  -1.55910E-03  -9.98226E-03  -1.27373E-03  -6.98284E-03  -8.23571E-04  -3.15478E-03  -2.40434E-04   1.32205E-03   4.37625E-04   6.25106E-03   1.17208E-03   1.14436E-02   1.93046E-03   1.67464E-02
 4.52000E+01   1.82868E-03   9.49095E-03   2.28505E-03   1.05473E-02   2.55391E-03   1.03082E-02   2.61303E-03   8.91948E-03   2.46043E-03   6.58327E-03   2.11392E-03   3.55054E-03   1.60891E-03   1.07929E-04   9.94801E-04  -3.43918E-03   3.30151E-04  -6.78578E-03  -3.22782E-04  -9.64695E-03  -9.03677E-04  -1.17764E-02  -1.35946E-03  -1.29823E-02  -1.64876E-03  -1.31387E-02  -1.74520E-03  -1.21927E-02  -1.63908E-03  -1.01644E-02  -1.33741E-03  -7.14174E-03  -8.62117E-04  -3.26931E-03  -2.46650E-04   1.26913E-03   4.68925E-04   6.27214E-03   1.24399E-03   1.15461E-02   2.04431E-03   1.69335E-02
 4.55000E+01   1.87373E-03   9.66552E-03   2.34509E-03   1.07734E-02   2.62448E-03   1.05701E-02   2.68803E-03   9.19753E-03   2.53293E-03   6.85648E-03   2.17699E-03   3.79865E-03   1.65647E-03   3.13398E-04   1.02228E-03  -3.28950E-03   3.34999E-04  -6.69951E-03  -3.40786E-04  -9.62562E-03  -9.42387E-04  -1.18155E-02  -1.41454E-03  -1.30716E-02  -1.71409E-03  -1.32639E-02  -1.81344E-03  -1.23363E-02  -1.70233E-03  -1.03075E-02  -1.38789E-03  -7.26595E-03  -8.92830E-04  -3.35803E-03  -2.51892E-04   1.22940E-03   4.93267E-04   6.29110E-03   1.30038E-03   1.16296E-02   2.13380E-03   1.70839E-02
 4.58000E+01   1.92089E-03   9.84334E-03   2.40803E-03   1.10040E-02   2.69857E-03   1.08372E-02   2.76690E-03   9.48108E-03   2.60929E-03   7.13494E-03   2.24359E-03   4.05116E-03   1.70690E-03   5.21935E-04   1.05170E-03  -3.13847E-03   3.40709E-04  -6.61383E-03  -3.59068E-04  -9.60682E-03  -9.82444E-04  -1.18588E-02  -1.47185E-03  -1.31666E-02  -1.78227E-03  -1.33955E-02  -1.88479E-03  -1.24863E-02  -1.76856E-03  -1.04564E-02  -1.44086E-03  -7.39467E-03  -9.25196E-04  -3.44932E-03  -2.57656E-04   1.18957E-03   5.18428E-04   6.31281E-03   1.35906E-03   1.17189E-02   2.22709E-03   1.72433E-02
 4.61000E+01   1.97028E-03   1.00246E-02   2.47405E-03   1.12392E-02   2.77641E-03   1.11097E-02   2.84987E-03   9.77047E-03   2.68977E-03   7.41898E-03   2.31394E-03   4.30841E-03   1.76036E-03   7.33804E-04   1.08318E-03  -2.98591E-03   3.47311E-04  -6.52863E-03  -3.77668E-04  -9.59051E-03  -1.02396E-03  -1.19064E-02  -1.53157E-03  -1.32672E-02  -1.85350E-03  -1.35335E-02  -1.95947E-03  -1.26429E-02  -1.83800E-03  -1.06114E-02  -1.49649E-03  -7.52809E-03  -9.59319E-04  -3.54330E-03  -2.63964E-04   1.14958E-03   5.44479E-04   6.33730E-03   1.42019E-03   1.18141E-02   2.32446E-03   1.74119E-02
 4.65000E+01   2.03984E-03   1.02719E-02   2.56720E-03   1.15604E-02   2.88640E-03   1.14822E-02   2.96731E-03   1.01660E-02   2.80389E-03   7.80700E-03   2.41394E-03   4.65931E-03   1.83667E-03   1.02195E-03   1.12853E-03  -2.77977E-03   3.57563E-04  -6.41559E-03  -4.03043E-04  -9.57264E-03  -1.08178E-03  -1.19767E-02  -1.61525E-03  -1.34106E-02  -1.95360E-03  -1.37282E-02  -2.06462E-03  -1.28626E-02  -1.93594E-03  -1.08279E-02  -1.57513E-03  -7.71365E-03  -1.00775E-03  -3.67305E-03  -2.73266E-04   1.09593E-03   5.80732E-04   6.37434E-03   1.50585E-03   1.19505E-02   2.46117E-03   1.76515E-02
 4.68000E+01   2.09500E-03   1.04618E-02   2.64118E-03   1.18074E-02   2.97388E-03   1.17688E-02   3.06086E-03   1.04704E-02   2.89497E-03   8.10545E-03   2.49393E-03   4.92887E-03   1.89793E-03   1.24267E-03   1.16524E-03  -2.62284E-03   3.66393E-04  -6.33108E-03  -4.22564E-04  -9.56213E-03  -1.12718E-03  -1.20347E-02  -1.68129E-03  -1.35252E-02  -2.03282E-03  -1.38823E-02  -2.14801E-03  -1.30357E-02  -2.01373E-03  -1.09979E-02  -1.63771E-03  -7.85885E-03  -1.04643E-03  -3.77390E-03  -2.80949E-04   1.05536E-03   6.09167E-04   6.40548E-03   1.57347E-03   1.20602E-02   2.56930E-03   1.78426E-02
 4.71000E+01   2.15291E-03   1.06558E-02   2.71894E-03   1.20599E-02   3.06596E-03   1.20620E-02   3.15945E-03   1.07818E-02   2.99108E-03   8.41072E-03   2.57850E-03   5.20429E-03   1.96288E-03   1.46768E-03   1.20442E-03  -2.46370E-03   3.76251E-04  -6.24669E-03  -4.42561E-04  -9.55408E-03  -1.17445E-03  -1.20973E-02  -1.75039E-03  -1.36461E-02  -2.11590E-03  -1.40438E-02  -2.23558E-03  -1.32164E-02  -2.09553E-03  -1.11748E-02  -1.70360E-03  -8.00948E-03  -1.08728E-03  -3.87794E-03  -2.89275E-04   1.01443E-03   6.38769E-04   6.43956E-03   1.64424E-03   1.21764E-02   2.68261E-03   1.80440E-02
 4.75000E+01   2.23470E-03   1.09211E-02   2.82896E-03   1.24057E-02   3.19642E-03   1.24638E-02   3.29932E-03   1.12087E-02   3.12764E-03   8.82902E-03   2.69890E-03   5.58127E-03   2.05564E-03   1.77488E-03   1.26076E-03  -2.24766E-03   3.91087E-04  -6.13414E-03  -4.70055E-04  -9.54720E-03  -1.24069E-03  -1.21881E-02  -1.84767E-03  -1.38173E-02  -2.23315E-03  -1.42709E-02  -2.35937E-03  -1.34695E-02  -2.21133E-03  -1.14220E-02  -1.79705E-03  -8.21920E-03  -1.14539E-03  -4.02193E-03  -3.01439E-04   9.59212E-04   6.80221E-04   6.48970E-03   1.74390E-03   1.23418E-02   2.84245E-03   1.83289E-02
 4.78000E+01   2.29975E-03   1.11255E-02   2.91659E-03   1.26723E-02   3.30046E-03   1.27738E-02   3.41102E-03   1.15381E-02   3.23685E-03   9.15177E-03   2.79536E-03   5.87185E-03   2.13017E-03   2.01110E-03   1.30632E-03  -2.08246E-03   4.03558E-04  -6.04956E-03  -4.91372E-04  -9.54494E-03  -1.29297E-03  -1.22619E-02  -1.92482E-03  -1.39537E-02  -2.32636E-03  -1.44504E-02  -2.45793E-03  -1.36690E-02  -2.30364E-03  -1.16162E-02  -1.87165E-03  -8.38347E-03  -1.19192E-03  -4.13411E-03  -3.11412E-04   9.17223E-04   7.12933E-04   6.53092E-03   1.82297E-03   1.24741E-02   2.96945E-03   1.85554E-02
 4.82000E+01   2.39186E-03   1.14054E-02   3.04084E-03   1.30380E-02   3.44816E-03   1.31994E-02   3.56979E-03   1.19906E-02   3.39230E-03   9.59499E-03   2.93289E-03   6.27052E-03   2.23672E-03   2.33448E-03   1.37182E-03  -1.85751E-03   4.22106E-04  -5.93635E-03  -5.20838E-04  -9.54580E-03  -1.36650E-03  -1.23681E-02  -2.03380E-03  -1.41464E-02  -2.45830E-03  -1.47027E-02  -2.59766E-03  -1.39483E-02  -2.43467E-03  -1.18875E-02  -1.97769E-03  -8.61238E-03  -1.25824E-03  -4.28962E-03  -3.25930E-04   8.60349E-04   7.58935E-04   6.59086E-03   1.93473E-03   1.26617E-02   3.14919E-03   1.88754E-02
 4.85000E+01   2.46529E-03   1.16214E-02   3.14002E-03   1.33205E-02   3.56622E-03   1.35284E-02   3.69684E-03   1.23405E-02   3.51685E-03   9.93770E-03   3.04327E-03   6.57853E-03   2.32243E-03   2.58380E-03   1.42478E-03  -1.68495E-03   4.37555E-04  -5.85095E-03  -5.43807E-04  -9.54938E-03  -1.42478E-03  -1.24538E-02  -2.12052E-03  -1.42995E-02  -2.56351E-03  -1.49020E-02  -2.70922E-03  -1.41683E-02  -2.53941E-03  -1.21008E-02  -2.06256E-03  -8.79184E-03  -1.31144E-03  -4.41098E-03  -3.37801E-04   8.16936E-04   7.95388E-04   6.63967E-03   2.02370E-03   1.28112E-02   3.29247E-03   1.91293E-02
 4.89000E+01   2.56953E-03   1.19178E-02   3.28100E-03   1.37088E-02   3.73421E-03   1.39810E-02   3.87784E-03   1.28221E-02   3.69450E-03   1.04093E-02   3.20093E-03   7.00209E-03   2.44514E-03   2.92599E-03   1.50097E-03  -1.44924E-03   4.60363E-04  -5.73620E-03  -5.75728E-04  -9.55811E-03  -1.50706E-03  -1.25765E-02  -2.24344E-03  -1.45156E-02  -2.71292E-03  -1.51819E-02  -2.86785E-03  -1.44765E-02  -2.68849E-03  -1.23989E-02  -2.18351E-03  -9.04214E-03  -1.38744E-03  -4.57950E-03  -3.55048E-04   7.57908E-04   8.46861E-04   6.71008E-03   2.14987E-03   1.30230E-02   3.49591E-03   1.94876E-02
 4.92000E+01   2.65286E-03   1.21469E-02   3.39383E-03   1.40092E-02   3.86880E-03   1.43315E-02   4.02301E-03   1.31952E-02   3.83715E-03   1.07748E-02   3.32771E-03   7.33007E-03   2.54402E-03   3.19049E-03   1.56263E-03  -1.26788E-03   4.79251E-04  -5.64931E-03  -6.00742E-04  -9.56768E-03  -1.57251E-03  -1.26750E-02  -2.34159E-03  -1.46870E-02  -2.83242E-03  -1.54030E-02  -2.99488E-03  -1.47194E-02  -2.80799E-03  -1.26333E-02  -2.28057E-03  -9.23858E-03  -1.44855E-03  -4.71121E-03  -3.69131E-04   7.12682E-04   8.87817E-04   6.76703E-03   2.25068E-03   1.31915E-02   3.65862E-03   1.97716E-02
 4.96000E+01   2.77148E-03   1.24620E-02   3.55464E-03   1.44229E-02   4.06083E-03   1.48146E-02   4.23033E-03   1.37098E-02   4.04110E-03   1.12787E-02   3.50920E-03   7.78214E-03   2.68584E-03   3.55444E-03   1.65141E-03  -1.01939E-03   5.07015E-04  -5.53210E-03  -6.35690E-04  -9.58452E-03  -1.66530E-03  -1.28155E-02  -2.48118E-03  -1.49286E-02  -3.00267E-03  -1.57135E-02  -3.17605E-03  -1.50596E-02  -2.97859E-03  -1.29613E-02  -2.41928E-03  -9.51281E-03  -1.53605E-03  -4.89442E-03  -3.89576E-04   6.50959E-04   9.45887E-04   6.84872E-03   2.39414E-03   1.34297E-02   3.89042E-03   2.01720E-02
 4.99000E+01   2.86657E-03   1.27059E-02   3.68371E-03   1.47436E-02   4.21511E-03   1.51895E-02   4.39706E-03   1.41093E-02   4.20527E-03   1.16701E-02   3.65547E-03   8.13298E-03   2.80035E-03   3.83646E-03   1.72337E-03  -8.27629E-04   5.29930E-04  -5.44300E-03  -6.63223E-04  -9.60027E-03  -1.73940E-03  -1.29279E-02  -2.59303E-03  -1.51201E-02  -3.13930E-03  -1.59586E-02  -3.32159E-03  -1.53278E-02  -3.11575E-03  -1.32194E-02  -2.53091E-03  -9.72824E-03  -1.60659E-03  -5.03784E-03  -4.06266E-04   6.03493E-04   9.92281E-04   6.91448E-03   2.50917E-03   1.36191E-02   4.07645E-03   2.04893E-02
 5.03000E+01   3.00236E-03   1.30419E-02   3.86820E-03   1.51861E-02   4.43586E-03   1.57072E-02   4.63583E-03   1.46613E-02   4.44062E-03   1.22109E-02   3.86540E-03   8.61763E-03   2.96496E-03   4.22550E-03   1.82714E-03  -5.64111E-04   5.63530E-04  -5.32233E-03  -7.01895E-04  -9.62554E-03  -1.84486E-03  -1.30878E-02  -2.75268E-03  -1.53898E-02  -3.33461E-03  -1.63029E-02  -3.52985E-03  -1.57037E-02  -3.31217E-03  -1.35807E-02  -2.69090E-03  -1.00293E-02  -1.70786E-03  -5.23766E-03  -4.30500E-04   5.38478E-04   1.05833E-03   7.00842E-03   2.67346E-03   1.38864E-02   4.34240E-03   2.09362E-02
 5.07000E+01   3.14948E-03   1.33912E-02   4.06832E-03   1.56467E-02   4.67555E-03   1.62467E-02   4.89535E-03   1.52369E-02   4.69668E-03   1.27749E-02   4.09409E-03   9.12294E-03   3.14459E-03   4.63052E-03   1.94080E-03  -2.90887E-04   6.00950E-04  -5.19920E-03  -7.43068E-04  -9.65580E-03  -1.95874E-03  -1.32595E-02  -2.92563E-03  -1.56771E-02  -3.54653E-03  -1.66682E-02  -3.75604E-03  -1.61019E-02  -3.52569E-03  -1.39628E-02  -2.86499E-03  -1.03472E-02  -1.81824E-03  -5.44793E-03  -4.57225E-04   4.71290E-04   1.12970E-03   7.10988E-03   2.85158E-03   1.41718E-02   4.63099E-03   2.14121E-02
 5.10000E+01   3.26803E-03   1.36624E-02   4.22974E-03   1.60048E-02   4.86905E-03   1.66666E-02   5.10504E-03   1.56852E-02   4.90374E-03   1.32143E-02   4.27920E-03   9.51645E-03   3.29021E-03   4.94556E-03   2.03318E-03  -7.90691E-05   6.31772E-04  -5.10501E-03  -7.75776E-04  -9.68188E-03  -2.05028E-03  -1.33964E-02  -3.06501E-03  -1.59045E-02  -3.71752E-03  -1.69568E-02  -3.93870E-03  -1.64159E-02  -3.69825E-03  -1.42638E-02  -3.00579E-03  -1.05974E-02  -1.90762E-03  -5.61296E-03  -4.79069E-04   4.19335E-04   1.18708E-03   7.19114E-03   2.99523E-03   1.43984E-02   4.86389E-03   2.17891E-02
 5.14000E+01   3.43823E-03   1.40371E-02   4.46169E-03   1.65003E-02   5.14734E-03   1.72482E-02   5.40683E-03   1.63066E-02   5.20200E-03   1.38235E-02   4.54609E-03   1.00619E-02   3.50044E-03   5.38177E-03   2.16691E-03   2.13303E-04   6.76924E-04  -4.97666E-03  -8.22110E-04  -9.72128E-03  -2.18139E-03  -1.35906E-02  -3.26515E-03  -1.62249E-02  -3.96335E-03  -1.73622E-02  -4.20152E-03  -1.68566E-02  -3.94668E-03  -1.46858E-02  -3.20864E-03  -1.09476E-02  -2.03658E-03  -5.84343E-03  -5.10848E-04   3.47782E-04   1.26933E-03   7.30676E-03   3.20164E-03   1.47181E-02   5.19879E-03   2.23201E-02
 5.18000E+01   3.62381E-03   1.44279E-02   4.71488E-03   1.70179E-02   5.45138E-03   1.78563E-02   5.73682E-03   1.69567E-02   5.52841E-03   1.44612E-02   4.83847E-03   1.06327E-02   3.73106E-03   5.83782E-03   2.31402E-03   5.17956E-04   7.27207E-04  -4.84477E-03  -8.71923E-04  -9.76618E-03  -2.32405E-03  -1.37985E-02  -3.48348E-03  -1.65658E-02  -4.23186E-03  -1.77927E-02  -4.48883E-03  -1.73239E-02  -4.21845E-03  -1.51329E-02  -3.43072E-03  -1.13181E-02  -2.17794E-03  -6.08663E-03  -5.45990E-04   2.73390E-04   1.35888E-03   7.43112E-03   3.42698E-03   1.50591E-02   5.56469E-03   2.28855E-02
 5.21000E+01   3.77424E-03   1.47322E-02   4.92027E-03   1.74215E-02   5.69820E-03   1.83310E-02   6.00490E-03   1.74646E-02   5.79377E-03   1.49594E-02   5.07636E-03   1.10787E-02   3.91892E-03   6.19381E-03   2.43411E-03   7.55140E-04   7.68657E-04  -4.74327E-03  -9.11837E-04  -9.80358E-03  -2.43949E-03  -1.39641E-02  -3.66054E-03  -1.68359E-02  -4.44984E-03  -1.81330E-02  -4.72223E-03  -1.76929E-02  -4.43934E-03  -1.54856E-02  -3.61133E-03  -1.16101E-02  -2.29303E-03  -6.27795E-03  -5.74799E-04   2.15570E-04   1.43139E-03   7.53045E-03   3.60985E-03   1.53298E-02   5.86179E-03   2.33335E-02
 5.25000E+01   3.99154E-03   1.51539E-02   5.21720E-03   1.79815E-02   6.05528E-03   1.89903E-02   6.39298E-03   1.81705E-02   6.17817E-03   1.56522E-02   5.42123E-03   1.16989E-02   4.19156E-03   6.68843E-03   2.60875E-03   1.08387E-03   8.29475E-04  -4.60413E-03  -9.68875E-04  -9.85861E-03  -2.60601E-03  -1.41983E-02  -3.91644E-03  -1.72161E-02  -4.76519E-03  -1.86114E-02  -5.06010E-03  -1.82111E-02  -4.75929E-03  -1.59806E-02  -3.87308E-03  -1.20197E-02  -2.45998E-03  -6.54574E-03  -6.16857E-04   1.35546E-04   1.53605E-03   7.67139E-03   3.87434E-03   1.57116E-02   6.29173E-03   2.39647E-02
 5.29000E+01   4.23022E-03   1.55951E-02   5.54365E-03   1.85683E-02   6.44814E-03   1.96820E-02   6.82027E-03   1.89116E-02   6.60171E-03   1.63798E-02   5.80153E-03   1.23501E-02   4.49254E-03   7.20749E-03   2.80197E-03   1.42795E-03   8.97383E-04  -4.46020E-03  -1.03082E-03  -9.91978E-03  -2.78867E-03  -1.44487E-02  -4.19774E-03  -1.76209E-02  -5.11220E-03  -1.91197E-02  -5.43215E-03  -1.87613E-02  -5.11180E-03  -1.65058E-02  -4.16165E-03  -1.24537E-02  -2.64423E-03  -6.82901E-03  -6.63577E-04   5.18964E-05   1.65093E-03   7.82261E-03   4.16531E-03   1.61188E-02   6.76498E-03   2.46369E-02
 5.33000E+01   4.49318E-03   1.60572E-02   5.90357E-03   1.91838E-02   6.88161E-03   2.04082E-02   7.29202E-03   1.96904E-02   7.06964E-03   1.71448E-02   6.22202E-03   1.30348E-02   4.82568E-03   7.75285E-03   3.01625E-03   1.78861E-03   9.73322E-04  -4.31098E-03  -1.09834E-03  -9.98736E-03  -2.98966E-03  -1.47165E-02  -4.50789E-03  -1.80519E-02  -5.49517E-03  -1.96601E-02  -5.84301E-03  -1.93457E-02  -5.50128E-03  -1.70632E-02  -4.48065E-03  -1.29140E-02  -2.84811E-03  -7.12888E-03  -7.15582E-04  -3.56943E-05   1.77744E-03   7.98474E-03   4.48636E-03   1.65531E-02   7.28743E-03   2.53529E-02
 5.37000E+01   4.78374E-03   1.65415E-02   6.30159E-03   1.98299E-02   7.36128E-03   2.11715E-02   7.81438E-03   2.05095E-02   7.58810E-03   1.79498E-02   6.68824E-03   1.37554E-02   5.19542E-03   8.32646E-03   3.25449E-03   2.16716E-03   1.05839E-03  -4.15596E-03  -1.17224E-03  -1.00616E-02  -3.21155E-03  -1.50026E-02  -4.85091E-03  -1.85106E-02  -5.91910E-03  -2.02345E-02  -6.29807E-03  -1.99664E-02  -5.93287E-03  -1.76549E-02  -4.83433E-03  -1.34024E-02  -3.07434E-03  -7.44653E-03  -7.73599E-04  -1.27555E-04   1.91721E-03   8.15845E-03   4.84169E-03   1.70162E-02   7.86595E-03   2.61157E-02
 5.41000E+01   5.10584E-03   1.70497E-02   6.74314E-03   2.05088E-02   7.89372E-03   2.19743E-02   8.39456E-03   2.13717E-02   8.16428E-03   1.87975E-02   7.20672E-03   1.45144E-02   5.60696E-03   8.93034E-03   3.52011E-03   2.56491E-03   1.15388E-03  -3.99459E-03  -1.25344E-03  -1.01429E-02  -3.45733E-03  -1.53081E-02  -5.23151E-03  -1.89989E-02  -6.38984E-03  -2.08452E-02  -6.80367E-03  -2.06259E-02  -6.41260E-03  -1.82833E-02  -5.22765E-03  -1.39206E-02  -3.32612E-03  -7.78316E-03  -8.38481E-04  -2.24025E-04   2.07213E-03   8.34444E-03   5.23622E-03   1.75100E-02   8.50858E-03   2.69282E-02
 5.44000E+01   5.37086E-03   1.74473E-02   7.10664E-03   2.10407E-02   8.33229E-03   2.26040E-02   8.87266E-03   2.20484E-02   8.63932E-03   1.94631E-02   7.63441E-03   1.51104E-02   5.94669E-03   9.40435E-03   3.73967E-03   2.87665E-03   1.23323E-03  -3.86909E-03  -1.31976E-03  -1.02087E-02  -3.65944E-03  -1.55506E-02  -5.54490E-03  -1.93856E-02  -6.77773E-03  -2.13283E-02  -7.22046E-03  -2.11474E-02  -6.80820E-03  -1.87801E-02  -5.55211E-03  -1.43301E-02  -3.53396E-03  -8.04884E-03  -8.92246E-04  -2.99607E-04   2.19961E-03   8.49240E-03   5.56129E-03   1.79016E-02   9.03825E-03   2.75719E-02
 5.48000E+01   5.75975E-03   1.80008E-02   7.64033E-03   2.17819E-02   8.97650E-03   2.34822E-02   9.57527E-03   2.29928E-02   9.33774E-03   2.03925E-02   8.26355E-03   1.59426E-02   6.44677E-03   1.00661E-02   4.06326E-03   3.31127E-03   1.35077E-03  -3.69535E-03  -1.41644E-03  -1.03031E-02  -3.95587E-03  -1.58928E-02  -6.00515E-03  -1.99299E-02  -7.34773E-03  -2.20078E-02  -7.83317E-03  -2.18806E-02  -7.38998E-03  -1.94781E-02  -6.02943E-03  -1.49052E-02  -3.83990E-03  -8.42165E-03  -9.71666E-04  -4.04963E-04   2.38671E-03   8.70155E-03   6.03897E-03   1.84535E-02   9.81682E-03   2.84786E-02
 5.52000E+01   6.19495E-03   1.85821E-02   8.23794E-03   2.25615E-02   9.69824E-03   2.44067E-02   1.03628E-02   2.39878E-02   1.01210E-02   2.13721E-02   8.96945E-03   1.68200E-02   7.00826E-03   1.07636E-02   4.42706E-03   3.76871E-03   1.48359E-03  -3.51385E-03  -1.52389E-03  -1.04053E-02  -4.28747E-03  -1.62574E-02  -6.52069E-03  -2.05085E-02  -7.98662E-03  -2.27296E-02  -8.52025E-03  -2.26589E-02  -8.04258E-03  -2.02190E-02  -6.56507E-03  -1.55154E-02  -4.18342E-03  -8.81675E-03  -1.06117E-03  -5.15845E-04   2.59614E-03   8.92487E-03   6.57438E-03   1.90410E-02   1.06898E-02   2.94431E-02
 5.56000E+01   6.68379E-03   1.91927E-02   8.90958E-03   2.33813E-02   1.05098E-02   2.53798E-02   1.12487E-02   2.50358E-02   1.10024E-02   2.24043E-02   9.76427E-03   1.77448E-02   7.64090E-03   1.14985E-02   4.83743E-03   4.25010E-03   1.63411E-03  -3.32412E-03  -1.64380E-03  -1.05156E-02  -4.65982E-03  -1.66454E-02  -7.10030E-03  -2.11228E-02  -8.70535E-03  -2.34954E-02  -9.29348E-03  -2.34845E-02  -8.77727E-03  -2.10045E-02  -7.16828E-03  -1.61621E-02  -4.57049E-03  -9.23515E-03  -1.16235E-03  -6.32537E-04   2.83147E-03   9.16293E-03   7.17669E-03   1.96656E-02   1.16721E-02   3.04679E-02
 5.60000E+01   7.23498E-03   1.98333E-02   9.66726E-03   2.42425E-02   1.14257E-02   2.64031E-02   1.22490E-02   2.61385E-02   1.19980E-02   2.34909E-02   1.06625E-02   1.87184E-02   8.35625E-03   1.22722E-02   5.30196E-03   4.75629E-03   1.80521E-03  -3.12584E-03  -1.77823E-03  -1.06342E-02  -5.07957E-03  -1.70573E-02  -7.75442E-03  -2.17741E-02  -9.51692E-03  -2.43066E-02  -1.01669E-02  -2.43588E-02  -9.60741E-03  -2.18363E-02  -7.85007E-03  -1.68466E-02  -5.00821E-03  -9.67761E-03  -1.27712E-03  -7.55253E-04   3.09692E-03   9.41616E-03   7.85683E-03   2.03285E-02   1.27818E-02   3.15550E-02
 5.64000E+01   7.85892E-03   2.05045E-02   1.05253E-02   2.51457E-02   1.24633E-02   2.74771E-02   1.33826E-02   2.72967E-02   1.31269E-02   2.46327E-02   1.16813E-02   1.97417E-02   9.16810E-03   1.30851E-02   5.82966E-03   5.28765E-03   2.00032E-03  -2.91885E-03  -1.92961E-03  -1.07612E-02  -5.55464E-03  -1.74936E-02  -8.49551E-03  -2.24627E-02  -1.04368E-02  -2.51639E-02  -1.11573E-02  -2.52824E-02  -1.05490E-02  -2.27147E-02  -8.62358E-03  -1.75694E-02  -5.50504E-03  -1.01445E-02  -1.40773E-03  -8.84092E-04   3.39753E-03   9.68476E-03   8.62781E-03   2.10302E-02   1.40399E-02   3.27050E-02
 5.68000E+01   8.56801E-03   2.12058E-02   1.15009E-02   2.60904E-02   1.36436E-02   2.86013E-02   1.46725E-02   2.85096E-02   1.44117E-02   2.58288E-02   1.28413E-02   2.08138E-02   1.00930E-02   1.39367E-02   6.43134E-03   5.84385E-03   2.22353E-03  -2.70325E-03  -2.10082E-03  -1.08965E-02  -6.09448E-03  -1.79538E-02  -9.33843E-03  -2.31881E-02  -1.14837E-02  -2.60666E-02  -1.22847E-02  -2.62547E-02  -1.16210E-02  -2.36392E-02  -9.50450E-03  -1.83298E-02  -6.07110E-03  -1.06354E-02  -1.55690E-03  -1.01897E-03   3.73934E-03   9.96848E-03   9.50519E-03   2.17701E-02   1.54720E-02   3.39171E-02
 5.73000E+01   9.59699E-03   2.21220E-02   1.29173E-02   2.73258E-02   1.53576E-02   3.00725E-02   1.65465E-02   3.00976E-02   1.62790E-02   2.73954E-02   1.45279E-02   2.22182E-02   1.14383E-02   1.50522E-02   7.30736E-03   6.57165E-03   2.54962E-03  -2.42253E-03  -2.34807E-03  -1.10765E-02  -6.87780E-03  -1.85607E-02  -1.05627E-02  -2.41433E-02  -1.30048E-02  -2.72546E-02  -1.39233E-02  -2.75339E-02  -1.31796E-02  -2.48554E-02  -1.07856E-02  -1.93299E-02  -6.89465E-03  -1.12806E-02  -1.77443E-03  -1.19547E-03   4.23561E-03   1.03430E-02   1.07802E-02   2.27452E-02   1.75535E-02   3.55138E-02
 5.77000E+01   1.05563E-02   2.28819E-02   1.42383E-02   2.83510E-02   1.69569E-02   3.12940E-02   1.82954E-02   3.14167E-02   1.80223E-02   2.86970E-02   1.61030E-02   2.33851E-02   1.26953E-02   1.59788E-02   8.12649E-03   7.17574E-03   2.85545E-03  -2.19055E-03  -2.57762E-03  -1.12281E-02  -7.60809E-03  -1.90676E-02  -1.17050E-02  -2.49403E-02  -1.44247E-02  -2.82454E-02  -1.54533E-02  -2.86006E-02  -1.46352E-02  -2.58693E-02  -1.19824E-02  -2.01634E-02  -7.66425E-03  -1.18180E-02  -1.97815E-03  -1.34193E-03   4.69854E-03   1.06562E-02   1.19705E-02   2.35593E-02   1.94971E-02   3.68464E-02
 5.81000E+01   1.16603E-02   2.36578E-02   1.57589E-02   2.93983E-02   1.87982E-02   3.25421E-02   2.03097E-02   3.27646E-02   2.00305E-02   3.00271E-02   1.79180E-02   2.45776E-02   1.41442E-02   1.69254E-02   9.07130E-03   7.79245E-03   3.20903E-03  -1.95458E-03  -2.84089E-03  -1.13847E-02  -8.44846E-03  -1.95878E-02  -1.30205E-02  -2.57571E-02  -1.60603E-02  -2.92605E-02  -1.72161E-02  -2.96931E-02  -1.63126E-02  -2.69076E-02  -1.33617E-02  -2.10167E-02  -8.55151E-03  -1.23680E-02  -2.21340E-03  -1.49137E-03   5.23149E-03   1.09776E-02   1.33416E-02   2.43937E-02   2.17365E-02   3.82120E-02
 5.85000E+01   1.29347E-02   2.44376E-02   1.75147E-02   3.04509E-02   2.09250E-02   3.37965E-02   2.26367E-02   3.41193E-02   2.23511E-02   3.13637E-02   2.00158E-02   2.57755E-02   1.58195E-02   1.78760E-02   1.01643E-02   8.41126E-03   3.61892E-03  -1.71858E-03  -3.14391E-03  -1.15432E-02  -9.41862E-03  -2.01118E-02  -1.45399E-02  -2.65793E-02  -1.79501E-02  -3.02816E-02  -1.92534E-02  -3.07918E-02  -1.82515E-02  -2.79515E-02  -1.49563E-02  -2.18745E-02  -9.57752E-03  -1.29207E-02  -2.48582E-03  -1.64114E-03   5.84702E-03   1.13014E-02   1.49260E-02   2.52334E-02   2.43245E-02   3.95858E-02
 5.89000E+01   1.44096E-02   2.52026E-02   1.95473E-02   3.14828E-02   2.33875E-02   3.50256E-02   2.53316E-02   3.54459E-02   2.50390E-02   3.26720E-02   2.24462E-02   2.69476E-02   1.77609E-02   1.88056E-02   1.14316E-02   9.01576E-03   4.09502E-03  -1.48880E-03  -3.49368E-03  -1.16994E-02  -1.05414E-02  -2.06252E-02  -1.62994E-02  -2.73841E-02  -2.01391E-02  -3.12807E-02  -2.16135E-02  -3.18664E-02  -2.04979E-02  -2.89722E-02  -1.68041E-02  -2.27129E-02  -1.07667E-02  -1.34605E-02  -2.80197E-03  -1.78713E-03   6.55968E-03   1.16183E-02   1.67613E-02   2.60546E-02   2.73227E-02   4.09290E-02
 5.94000E+01   1.65872E-02   2.60931E-02   2.25490E-02   3.26818E-02   2.70248E-02   3.64515E-02   2.93129E-02   3.69830E-02   2.90108E-02   3.41859E-02   2.60384E-02   2.83022E-02   2.06311E-02   1.98785E-02   1.33060E-02   9.71240E-03   4.80046E-03  -1.22507E-03  -4.00878E-03  -1.18808E-02  -1.21992E-02  -2.12182E-02  -1.88986E-02  -2.83120E-02  -2.33735E-02  -3.24317E-02  -2.51014E-02  -3.31036E-02  -2.38182E-02  -3.01466E-02  -1.95356E-02  -2.36772E-02  -1.25251E-02  -1.40811E-02  -3.27002E-03  -1.95454E-03   7.61230E-03   1.19831E-02   1.94734E-02   2.69991E-02   3.17537E-02   4.24735E-02
 5.98000E+01   1.86412E-02   2.66990E-02   2.53809E-02   3.34939E-02   3.04570E-02   3.74136E-02   3.30704E-02   3.80165E-02   3.27601E-02   3.52009E-02   2.94298E-02   2.92078E-02   2.33415E-02   2.05940E-02   1.50768E-02   1.01756E-02   5.46791E-03  -1.05072E-03  -4.49362E-03  -1.20024E-02  -1.37631E-02  -2.16123E-02  -2.13515E-02  -2.89274E-02  -2.64266E-02  -3.31936E-02  -2.83942E-02  -3.39214E-02  -2.69533E-02  -3.09221E-02  -2.21150E-02  -2.43132E-02  -1.41858E-02  -1.44900E-02  -3.71253E-03  -2.06462E-03   8.60560E-03   1.22237E-02   2.20336E-02   2.76214E-02   3.59371E-02   4.34908E-02
 6.02000E+01   2.10115E-02   2.71400E-02   2.86494E-02   3.40782E-02   3.44189E-02   3.80990E-02   3.74082E-02   3.87467E-02   3.70889E-02   3.59125E-02   3.33461E-02   2.98385E-02   2.64720E-02   2.10890E-02   1.71226E-02   1.04939E-02   6.23986E-03  -9.32189E-04  -5.05222E-03  -1.20865E-02  -1.55678E-02  -2.18816E-02  -2.41832E-02  -2.93454E-02  -2.99516E-02  -3.37093E-02  -3.21966E-02  -3.44731E-02  -3.05737E-02  -3.14437E-02  -2.50940E-02  -2.47401E-02  -1.61040E-02  -1.47639E-02  -4.22406E-03  -2.13814E-03   9.75219E-03   1.23846E-02   2.49898E-02   2.80372E-02   4.07678E-02   4.41700E-02
 6.06000E+01   2.37259E-02   2.73238E-02   3.23929E-02   3.43075E-02   3.89571E-02   3.83536E-02   4.23776E-02   3.90044E-02   4.20484E-02   3.61521E-02   3.78334E-02   3.00414E-02   3.00594E-02   2.12412E-02   1.94676E-02   1.05873E-02   7.12553E-03  -8.99932E-04  -5.69109E-03  -1.21117E-02  -1.76347E-02  -2.19557E-02  -2.74271E-02  -2.94559E-02  -3.39903E-02  -3.38411E-02  -3.65532E-02  -3.46101E-02  -3.47223E-02  -3.15701E-02  -2.85079E-02  -2.48412E-02  -1.83025E-02  -1.48276E-02  -4.81069E-03  -2.15497E-03   1.10656E-02   1.24212E-02   2.83768E-02   2.81308E-02   4.63029E-02   4.43223E-02
 6.11000E+01   2.76117E-02   2.70015E-02   3.77524E-02   3.38317E-02   4.54548E-02   3.77465E-02   4.94933E-02   3.83124E-02   4.91508E-02   3.54381E-02   4.42602E-02   2.93767E-02   3.51980E-02   2.06961E-02   2.28274E-02   1.02216E-02   8.39542E-03  -1.04400E-03  -6.60459E-03  -1.20160E-02  -2.05935E-02  -2.16286E-02  -3.20719E-02  -2.89330E-02  -3.97739E-02  -3.31813E-02  -4.27927E-02  -3.38909E-02  -4.06641E-02  -3.08792E-02  -3.33977E-02  -2.42685E-02  -2.14519E-02  -1.44564E-02  -5.65149E-03  -2.05466E-03   1.29461E-02   1.21995E-02   3.32274E-02   2.75561E-02   5.42302E-02   4.33813E-02
 6.15000E+01   3.10682E-02   2.61086E-02   4.25202E-02   3.25743E-02   5.12357E-02   3.61969E-02   5.58244E-02   3.65925E-02   5.54703E-02   3.37018E-02   4.99790E-02   2.77895E-02   3.97710E-02   1.94148E-02   2.58177E-02   9.37511E-03   9.52628E-03  -1.37072E-03  -7.41657E-03  -1.17925E-02  -2.32256E-02  -2.08840E-02  -3.62044E-02  -2.77541E-02  -4.49200E-02  -3.17052E-02  -4.83448E-02  -3.22915E-02  -4.59515E-02  -2.93506E-02  -3.77492E-02  -2.30066E-02  -2.42547E-02  -1.36410E-02  -6.40005E-03  -1.83508E-03   1.46192E-02   1.17144E-02   3.75435E-02   2.63007E-02   6.12843E-02   4.13271E-02
 6.20000E+01   3.56328E-02   2.39041E-02   4.88166E-02   2.95000E-02   5.88701E-02   3.24366E-02   6.41857E-02   3.24443E-02   6.38164E-02   2.95350E-02   5.75320E-02   2.39972E-02   4.58108E-02   1.63654E-02   2.97675E-02   7.36811E-03   1.10203E-02  -2.14088E-03  -8.48846E-03  -1.12608E-02  -2.67014E-02  -1.91249E-02  -4.16620E-02  -2.49769E-02  -5.17164E-02  -2.82349E-02  -5.56775E-02  -2.85373E-02  -5.29348E-02  -2.57675E-02  -4.34964E-02  -2.00519E-02  -2.79567E-02  -1.17338E-02  -7.38890E-03  -1.32209E-03   1.68287E-02   1.05807E-02   4.32437E-02   2.33677E-02   7.06006E-02   3.65294E-02
 6.24000E+01   3.92032E-02   2.10759E-02   5.37416E-02   2.55709E-02   6.48416E-02   2.76451E-02   7.07255E-02   2.71712E-02   7.03444E-02   2.42491E-02   6.34394E-02   1.91948E-02   5.05346E-02   1.25101E-02   3.28565E-02   4.83476E-03   1.21885E-02  -3.11055E-03  -9.32713E-03  -1.05883E-02  -2.94201E-02  -1.69074E-02  -4.59307E-02  -2.14801E-02  -5.70320E-02  -2.38689E-02  -6.14124E-02  -2.38176E-02  -5.83963E-02  -2.12654E-02  -4.79912E-02  -1.63412E-02  -3.08518E-02  -9.33962E-03  -8.16213E-03  -6.78551E-04   1.85568E-02   9.15761E-03   4.77018E-02   1.96874E-02   7.78868E-02   3.05101E-02
 6.29000E+01   4.30037E-02   1.61112E-02   5.89832E-02   1.86861E-02   7.11961E-02   1.92613E-02   7.76841E-02   1.79555E-02   7.72893E-02   1.50200E-02   6.97234E-02   1.08173E-02   5.55585E-02   5.78987E-03   3.61408E-02   4.22446E-04   1.34293E-02  -4.79721E-03  -1.02211E-02  -9.41592E-03  -3.23137E-02  -1.30473E-02  -5.04723E-02  -1.53967E-02  -6.26868E-02  -1.62767E-02  -6.75125E-02  -1.56132E-02  -6.42051E-02  -1.34416E-02  -5.27713E-02  -9.89431E-03  -3.39303E-02  -5.18087E-03  -8.98377E-03   4.38905E-04   2.03955E-02   6.68585E-03   5.24438E-02   1.32960E-02   8.56364E-02   2.00571E-02
 6.33000E+01   4.50260E-02   1.11495E-02   6.17712E-02   1.18115E-02   7.45746E-02   1.08957E-02   8.13823E-02   8.76513E-03   8.09789E-02   5.82083E-03   7.30602E-02   2.47049E-03   5.82249E-02  -9.03119E-04   3.78822E-02  -3.97032E-03   1.40850E-02  -6.47542E-03  -1.06990E-02  -8.24826E-03  -3.38529E-02  -9.20571E-03  -5.28858E-02  -9.34413E-03  -6.56901E-02  -8.72454E-03  -7.07513E-02  -7.45330E-03  -6.72883E-02  -5.66122E-03  -5.53078E-02  -3.48398E-03  -3.55631E-02  -1.04615E-03  -9.41856E-03   1.54975E-03   2.13726E-02   4.22852E-03   5.49616E-02   6.94222E-03   8.97502E-02   9.66600E-03
 6.38000E+01   4.57518E-02   4.28496E-03   6.27683E-02   2.30393E-03   7.57794E-02  -6.71030E-04   8.26971E-02  -3.93921E-03   8.22867E-02  -6.89347E-03   7.42392E-02  -9.06409E-03   5.91629E-02  -1.01511E-02   3.84905E-02  -1.00394E-02   1.43081E-02  -8.79397E-03  -1.08764E-02  -6.63562E-03  -3.44038E-02  -3.89995E-03  -5.37432E-02  -9.85135E-04  -6.67529E-02   1.70494E-03  -7.18943E-02   3.81488E-03  -6.83740E-02   5.08239E-03  -5.61990E-02   5.36756E-03  -3.61349E-02   4.66309E-03  -9.56817E-03   3.08375E-03   2.17198E-02   8.35910E-04   5.58506E-02  -1.83008E-03   9.12001E-02  -4.68046E-03
 6.42000E+01   4.47669E-02  -1.12760E-03   6.14051E-02  -5.19321E-03   7.41213E-02  -9.79240E-03   8.08758E-02  -1.39583E-02   8.04632E-02  -1.69210E-02   7.25834E-02  -1.81619E-02   5.78332E-02  -1.74459E-02   3.76147E-02  -1.48274E-02   1.39685E-02  -1.06240E-02  -1.06536E-02  -5.36498E-03  -3.36520E-02   2.83810E-04  -5.25534E-02   5.60720E-03  -6.52654E-02   9.93081E-03  -7.02851E-02   1.27027E-02  -6.68381E-02   1.35568E-02  -5.49322E-02   1.23499E-02  -3.53163E-02   9.16695E-03  -9.34574E-03   4.29428E-03   2.12383E-02  -1.83966E-03   5.46001E-02  -8.74921E-03   8.91528E-02  -1.59966E-02
 6.47000E+01   4.18629E-02  -7.02042E-03   5.73917E-02  -1.33599E-02   6.92467E-02  -1.97327E-02   7.55284E-02  -2.48811E-02   7.51165E-02  -2.78567E-02   6.77359E-02  -2.80866E-02   5.39479E-02  -2.54066E-02   3.50640E-02  -2.00547E-02   1.29903E-02  -1.26244E-02  -9.98507E-03  -3.98146E-03  -3.14375E-02   4.84774E-03  -4.90614E-02   1.28017E-02  -6.09075E-02   1.89102E-02  -6.55764E-02   2.24065E-02  -6.23484E-02   2.28106E-02  -5.12327E-02   1.99753E-02  -3.29291E-02   1.40865E-02  -8.70204E-03   5.61751E-03   1.98249E-02  -4.76058E-03   5.09406E-02  -1.63050E-02   8.31660E-02  -2.83549E-02
 6.52000E+01   3.77646E-02  -1.14353E-02   5.17298E-02  -1.94867E-02   6.23720E-02  -2.71984E-02   6.79890E-02  -3.30923E-02   6.75803E-02  -3.60845E-02   6.09056E-02  -3.55598E-02   4.84755E-02  -3.14057E-02   3.14738E-02  -2.39981E-02   1.16166E-02  -1.41378E-02  -9.03836E-03  -2.94390E-03  -2.83132E-02   8.28490E-03  -4.41385E-02   1.82253E-02  -5.47660E-02   2.56833E-02  -5.89422E-02   2.97291E-02  -5.60241E-02   2.97961E-02  -4.60226E-02   2.57335E-02  -2.95682E-02   1.78029E-02  -7.79727E-03   6.61871E-03   1.78322E-02  -6.96454E-03   4.57844E-02  -2.20097E-02   7.47321E-02  -3.76873E-02
 6.56000E+01   3.41391E-02  -1.38287E-02   4.67213E-02  -2.28167E-02   5.62910E-02  -3.12646E-02   6.13204E-02  -3.75725E-02   6.09151E-02  -4.05808E-02   5.48650E-02  -3.96497E-02   4.36362E-02  -3.46939E-02   2.82993E-02  -2.61638E-02   1.04027E-02  -1.49732E-02  -8.20021E-03  -2.38027E-03  -2.55494E-02   1.01667E-02  -3.97842E-02   2.12001E-02  -4.93343E-02   2.94022E-02  -5.30751E-02   3.37528E-02  -5.04312E-02   3.36371E-02  -4.14153E-02   2.89015E-02  -2.65963E-02   1.98490E-02  -6.99750E-03   7.17156E-03   1.60696E-02  -8.17542E-03   4.12242E-02  -2.51475E-02   6.72735E-02  -4.28222E-02
 6.61000E+01   2.96658E-02  -1.55759E-02   4.05416E-02  -2.52616E-02   4.87879E-02  -3.42636E-02   5.30923E-02  -4.08896E-02   5.26908E-02  -4.39211E-02   4.74113E-02  -4.26978E-02   3.76646E-02  -3.71526E-02   2.43820E-02  -2.77899E-02   8.90437E-03  -1.56075E-02  -7.16637E-03  -1.96712E-03  -2.21393E-02   1.15701E-02  -3.44115E-02   2.34275E-02  -4.26320E-02   3.21933E-02  -4.58353E-02   3.67777E-02  -4.35297E-02   3.65286E-02  -3.57299E-02   3.12894E-02  -2.29289E-02   2.13937E-02  -6.01043E-03   7.59153E-03   1.38948E-02  -9.08535E-03   3.55972E-02  -2.75113E-02   5.80696E-02  -4.66932E-02
 6.66000E+01   2.55772E-02  -1.62591E-02   3.48928E-02  -2.62379E-02   4.19288E-02  -3.54813E-02   4.55697E-02  -4.22549E-02   4.51711E-02  -4.53125E-02   4.05956E-02  -4.39815E-02   3.22036E-02  -3.81997E-02   2.07988E-02  -2.84924E-02   7.53292E-03  -1.58916E-02  -6.22237E-03  -1.80341E-03  -1.90221E-02   1.21622E-02  -2.94992E-02   2.43802E-02  -3.65034E-02   3.33962E-02  -3.92148E-02   3.80888E-02  -3.72181E-02   3.77876E-02  -3.05300E-02   3.23336E-02  -1.95744E-02   2.20726E-02  -5.10716E-03   7.77993E-03   1.19063E-02  -9.47911E-03   3.04514E-02  -2.85428E-02   4.96525E-02  -4.83863E-02
 6.71000E+01   2.20176E-02  -1.62137E-02   2.99742E-02  -2.62086E-02   3.59556E-02  -3.54791E-02   3.90179E-02  -4.22839E-02   3.86209E-02  -4.53696E-02   3.46577E-02  -4.40575E-02   2.74449E-02  -3.82808E-02   1.76754E-02  -2.85630E-02   6.33612E-03  -1.59366E-02  -5.40188E-03  -1.81097E-03  -1.63080E-02   1.21984E-02  -2.52205E-02   2.44598E-02  -3.11642E-02   3.35119E-02  -3.34463E-02   3.82267E-02  -3.17183E-02   3.79293E-02  -2.59985E-02   3.24581E-02  -1.66506E-02   2.21590E-02  -4.31925E-03   7.81002E-03   1.01743E-02  -9.51937E-03   2.59679E-02  -2.86622E-02   4.23181E-02  -4.85886E-02
 6.76000E+01   1.90024E-02  -1.57078E-02   2.58071E-02  -2.55441E-02   3.08940E-02  -3.47065E-02   3.34649E-02  -4.14690E-02   3.30683E-02  -4.45843E-02   2.96230E-02  -4.33712E-02   2.34089E-02  -3.77525E-02   1.50253E-02  -2.82352E-02   5.31904E-03  -1.58311E-02  -4.70851E-03  -1.92723E-03  -1.40086E-02   1.18832E-02  -2.15937E-02   2.39880E-02  -2.66374E-02   3.29409E-02  -2.85547E-02   3.76240E-02  -2.70537E-02   3.73657E-02  -2.21546E-02   3.20022E-02  -1.41700E-02   2.18718E-02  -3.65004E-03   7.74044E-03   8.70615E-03  -9.33628E-03   2.21658E-02  -2.82056E-02   3.60978E-02  -4.78498E-02
 6.80000E+01   1.69514E-02  -1.51026E-02   2.29719E-02  -2.47358E-02   2.74494E-02  -3.37531E-02   2.96851E-02  -4.04499E-02   2.92879E-02  -4.35897E-02   2.61944E-02  -4.24907E-02   2.06596E-02  -3.70651E-02   1.32190E-02  -2.78000E-02   4.62455E-03  -1.56818E-02  -4.23814E-03  -2.06800E-03  -1.24441E-02   1.14778E-02  -1.91247E-02   2.33703E-02  -2.35548E-02   3.21854E-02  -2.52229E-02   3.68197E-02  -2.38761E-02   3.66082E-02  -1.95356E-02   3.13853E-02  -1.24794E-02   2.14796E-02  -3.19339E-03   7.64163E-03   7.70665E-03  -9.09252E-03   1.95762E-02  -2.75899E-02   3.18605E-02  -4.68495E-02
 6.85000E+01   1.47812E-02  -1.42069E-02   1.99709E-02  -2.35336E-02   2.38026E-02  -3.23288E-02   2.56824E-02  -3.89216E-02   2.52834E-02  -4.20927E-02   2.25614E-02  -4.11609E-02   1.77452E-02  -3.60229E-02   1.13030E-02  -2.71371E-02   3.88623E-03  -1.54509E-02  -3.74212E-03  -2.27764E-03  -1.07883E-02   1.08644E-02  -1.65097E-02   2.24317E-02  -2.02886E-02   3.10340E-02  -2.16918E-02   3.55913E-02  -2.05076E-02   3.54493E-02  -1.67588E-02   3.04399E-02  -1.06864E-02   2.08775E-02  -2.70832E-03   7.48854E-03   6.64798E-03  -8.72028E-03   1.68315E-02  -2.66467E-02   2.73689E-02  -4.53160E-02
 6.90000E+01   1.29812E-02  -1.32376E-02   1.74810E-02  -2.22300E-02   2.07757E-02  -3.07818E-02   2.23588E-02  -3.72593E-02   2.19571E-02  -4.04624E-02   1.95424E-02  -3.97109E-02   1.53221E-02  -3.48851E-02   9.70863E-03  -2.64122E-02   3.26995E-03  -1.51976E-02  -3.33263E-03  -2.50585E-03  -9.41455E-03   1.01943E-02  -1.43379E-02   2.14050E-02  -1.75747E-02   2.97736E-02  -1.87567E-02   3.42458E-02  -1.77069E-02   3.41792E-02  -1.44493E-02   2.94033E-02  -9.19457E-03   2.02169E-02  -2.30388E-03   7.32031E-03   5.76871E-03  -8.31232E-03   1.45501E-02  -2.56124E-02   2.36345E-02  -4.36339E-02
 6.95000E+01   1.14858E-02  -1.22496E-02   1.54114E-02  -2.09007E-02   1.82586E-02  -2.92041E-02   1.95939E-02  -3.55637E-02   1.91887E-02  -3.87994E-02   1.70284E-02  -3.82319E-02   1.33031E-02  -3.37248E-02   8.37864E-03  -2.56734E-02   2.75397E-03  -1.49401E-02  -2.99439E-03  -2.73982E-03  -8.27276E-03   9.50926E-03  -1.25307E-02   2.03561E-02  -1.53149E-02   2.84863E-02  -1.63117E-02   3.28718E-02  -1.53731E-02   3.28824E-02  -1.25241E-02   2.83451E-02  -7.95031E-03   1.95427E-02  -1.96569E-03   7.14894E-03   5.03697E-03  -7.89527E-03   1.26496E-02  -2.45557E-02   2.05228E-02  -4.19157E-02
 7.00000E+01   1.02388E-02  -1.12754E-02   1.36847E-02  -1.95908E-02   1.61575E-02  -2.76502E-02   1.72846E-02  -3.38947E-02   1.68752E-02  -3.71635E-02   1.49263E-02  -3.67780E-02   1.16134E-02  -3.25852E-02   7.26423E-03  -2.49490E-02   2.31971E-03  -1.46891E-02  -2.71432E-03  -2.97196E-03  -7.32023E-03   8.83416E-03  -1.10208E-02   1.93241E-02  -1.34255E-02   2.72208E-02  -1.42664E-02   3.15218E-02  -1.34199E-02   3.16089E-02  -1.09122E-02   2.73065E-02  -6.90793E-03   1.88815E-02  -1.68151E-03   6.98158E-03   4.42557E-03  -7.48497E-03   1.10597E-02  -2.35176E-02   1.79188E-02  -4.02283E-02
 7.05000E+01   9.19412E-03  -1.03333E-02   1.22372E-02  -1.83257E-02   1.43949E-02  -2.61509E-02   1.53462E-02  -3.22860E-02   1.49320E-02  -3.55883E-02   1.31594E-02  -3.53797E-02   1.01919E-02  -3.14907E-02   6.32516E-03  -2.42549E-02   1.95186E-03  -1.44508E-02  -2.48166E-03  -3.19799E-03  -6.52176E-03   8.18301E-03  -9.75290E-03   1.83309E-02  -1.18375E-02   2.60044E-02  -1.25463E-02   3.02256E-02  -1.17764E-02   3.03871E-02  -9.55523E-03   2.63107E-02  -6.02974E-03   1.82483E-02  -1.44121E-03   6.82223E-03   3.91209E-03  -7.09032E-03   9.72252E-03  -2.25210E-02   1.57278E-02  -3.86095E-02
 7.10000E+01   8.31429E-03  -9.43294E-03   1.10171E-02  -1.71182E-02   1.29082E-02  -2.47221E-02   1.37101E-02  -3.07550E-02   1.32905E-02  -3.40912E-02   1.16654E-02  -3.40527E-02   8.98861E-03  -3.04541E-02   5.52887E-03  -2.35994E-02   1.63802E-03  -1.42283E-02  -2.28772E-03  -3.41573E-03  -5.84886E-03   7.56301E-03  -8.68216E-03   1.73880E-02  -1.04950E-02   2.48515E-02  -1.10910E-02   2.89984E-02  -1.03851E-02   2.92314E-02  -8.40580E-03   2.53698E-02  -5.28523E-03   1.76508E-02  -1.23662E-03   6.67300E-03   3.47839E-03  -6.71595E-03   8.59113E-03  -2.15780E-02   1.38732E-02  -3.70786E-02
 7.16000E+01   7.43429E-03  -8.41285E-03   9.79558E-03  -1.57530E-02   1.14183E-02  -2.31096E-02   1.20688E-02  -2.90303E-02   1.16422E-02  -3.24078E-02   1.01636E-02  -3.25636E-02   7.77729E-03  -2.92936E-02   4.72536E-03  -2.28686E-02   1.31886E-03  -1.39840E-02  -2.09636E-03  -3.66480E-03  -5.17526E-03   6.86428E-03  -7.60739E-03   1.63293E-02  -9.14553E-03   2.35599E-02  -9.62679E-03   2.76256E-02  -8.98415E-03   2.79404E-02  -7.24753E-03   2.43202E-02  -4.53415E-03   1.69855E-02  -1.02909E-03   6.50847E-03   3.04296E-03  -6.29611E-03   7.45269E-03  -2.05239E-02   1.20059E-02  -3.53690E-02
 7.21000E+01   6.81985E-03  -7.61369E-03   8.94167E-03  -1.46859E-02   1.03756E-02  -2.18519E-02   1.09188E-02  -2.76878E-02   1.04859E-02  -3.11003E-02   9.10869E-03  -3.14097E-02   6.92498E-03  -2.83970E-02   4.15842E-03  -2.23067E-02   1.09160E-03  -1.37996E-02  -1.96494E-03  -3.86206E-03  -4.70449E-03   6.32021E-03  -6.85378E-03   1.55086E-02  -8.19775E-03   2.25610E-02  -8.59724E-03   2.65660E-02  -7.99817E-03   2.69455E-02  -6.43157E-03   2.35124E-02  -4.00435E-03   1.64747E-02  -8.81759E-04   6.38365E-03   2.73757E-03  -5.97107E-03   6.65209E-03  -1.97109E-02   1.06919E-02  -3.40518E-02
 7.26000E+01   6.29364E-03  -6.85936E-03   8.20944E-03  -1.36810E-02   9.48042E-03  -2.06700E-02   9.93031E-03  -2.64290E-02   9.49075E-03  -2.98770E-02   8.19948E-03  -3.03325E-02   6.18907E-03  -2.75625E-02   3.66749E-03  -2.17862E-02   8.92930E-04  -1.36321E-02  -1.85442E-03  -4.05030E-03  -4.30090E-03   5.80978E-03  -6.20547E-03   1.47421E-02  -7.38097E-03   2.16305E-02  -7.70891E-03   2.55808E-02  -7.14659E-03   2.60220E-02  -5.72614E-03   2.27639E-02  -3.54569E-03   1.60025E-02  -7.53346E-04   6.26970E-03   2.47477E-03  -5.66792E-03   5.96121E-03  -1.89557E-02   9.55703E-03  -3.28296E-02
 7.31000E+01   5.84084E-03  -6.14750E-03   7.57847E-03  -1.27350E-02   8.70795E-03  -1.95600E-02   9.07616E-03  -2.52494E-02   8.62958E-03  -2.87333E-02   7.41140E-03  -2.93283E-02   5.54989E-03  -2.67871E-02   3.23965E-03  -2.13054E-02   7.17933E-04  -1.34809E-02  -1.76134E-03  -4.23010E-03  -3.95323E-03   5.33120E-03  -5.64472E-03   1.40270E-02  -6.67307E-03   2.07649E-02  -6.93792E-03   2.46663E-02  -6.40665E-03   2.51663E-02  -5.11251E-03   2.20716E-02  -3.14607E-03   1.55668E-02  -6.40608E-04   6.16613E-03   2.24738E-03  -5.38553E-03   5.36147E-03  -1.82553E-02   8.57108E-03  -3.16976E-02
 7.37000E+01   5.37776E-03  -5.34537E-03   6.93198E-03  -1.16721E-02   7.91508E-03  -1.83163E-02   8.19791E-03  -2.39314E-02   7.74247E-03  -2.74591E-02   6.59789E-03  -2.82130E-02   4.88837E-03  -2.59295E-02   2.79501E-03  -2.07771E-02   5.33640E-04  -1.33196E-02  -1.66884E-03  -4.43564E-03  -3.59715E-03   4.79594E-03  -5.06745E-03   1.32321E-02  -5.94241E-03   1.98061E-02  -6.14073E-03   2.36559E-02  -5.64046E-03   2.42230E-02  -4.47622E-03   2.13103E-02  -2.73086E-03   1.50893E-02  -5.22354E-04   6.05472E-03   2.01319E-03  -5.07218E-03   4.74121E-03  -1.74823E-02   7.55026E-03  -3.04503E-02
 7.42000E+01   5.04760E-03  -4.71685E-03   6.47007E-03  -1.08418E-02   7.34743E-03  -1.73476E-02   7.56783E-03  -2.29078E-02   7.10467E-03  -2.64726E-02   6.01160E-03  -2.73526E-02   4.41018E-03  -2.52708E-02   2.47205E-03  -2.03746E-02   3.97763E-04  -1.32008E-02  -1.60515E-03  -4.59924E-03  -3.34288E-03   4.37978E-03  -4.65271E-03   1.26181E-02  -5.41588E-03   1.90685E-02  -5.56507E-03   2.28809E-02  -5.08625E-03   2.35013E-02  -4.01521E-03   2.07293E-02  -2.42934E-03   1.47263E-02  -4.35549E-04   5.97187E-03   1.84483E-03  -4.83065E-03   4.29317E-03  -1.68902E-02   6.81197E-03  -2.94966E-02
 7.47000E+01   4.75995E-03  -4.12149E-03   6.06673E-03  -1.00576E-02   6.85068E-03  -1.64353E-02   7.01527E-03  -2.19466E-02   6.54408E-03  -2.55490E-02   5.49500E-03  -2.65498E-02   3.98752E-03  -2.46590E-02   2.18517E-03  -2.00036E-02   2.75243E-04  -1.30953E-02  -1.55177E-03  -4.75661E-03  -3.12097E-03   3.98843E-03  -4.28843E-03   1.20446E-02  -4.95196E-03   1.83821E-02  -5.05678E-03   2.21619E-02  -4.59605E-03   2.28335E-02  -3.60676E-03   2.01931E-02  -2.16156E-03   1.43926E-02  -3.57612E-04   5.89746E-03   1.69687E-03  -4.60544E-03   3.89743E-03  -1.63416E-02   6.15902E-03  -2.86144E-02
 7.53000E+01   4.46217E-03  -3.44689E-03   5.64802E-03  -9.17201E-03   6.33362E-03  -1.54083E-02   6.43855E-03  -2.08681E-02   5.95733E-03  -2.45165E-02   4.95259E-03  -2.56560E-02   3.54202E-03  -2.39816E-02   1.88094E-03  -1.95969E-02   1.42934E-04  -1.29850E-02  -1.49930E-03  -4.93818E-03  -2.89079E-03   3.54855E-03  -3.90751E-03   1.14050E-02  -4.46491E-03   1.76203E-02  -4.52170E-03   2.13668E-02  -4.07890E-03   2.20973E-02  -3.17495E-03   1.96039E-02  -1.87764E-03   1.40277E-02  -2.73871E-04   5.81846E-03   1.54203E-03  -4.35485E-03   3.48067E-03  -1.57357E-02   5.47026E-03  -2.76424E-02
 7.58000E+01   4.24761E-03  -2.91484E-03   5.34534E-03  -8.47592E-03   5.95865E-03  -1.46039E-02   6.01903E-03  -2.00263E-02   5.52912E-03  -2.37137E-02   4.55532E-03  -2.49642E-02   3.21428E-03  -2.34604E-02   1.65558E-03  -1.92873E-02   4.29449E-05  -1.29057E-02  -1.46388E-03  -5.08416E-03  -2.72456E-03   3.20444E-03  -3.62979E-03   1.09089E-02  -4.10819E-03   1.70325E-02  -4.12860E-03   2.07557E-02  -3.69803E-03   2.15335E-02  -2.85617E-03   1.91543E-02  -1.66735E-03   1.37507E-02  -2.10925E-04   5.76059E-03   1.42903E-03  -4.16094E-03   3.17433E-03  -1.52708E-02   4.96306E-03  -2.68985E-02
 7.64000E+01   4.02430E-03  -2.30893E-03   5.02911E-03  -7.68598E-03   5.56550E-03  -1.36943E-02   5.57756E-03  -1.90780E-02   5.07683E-03  -2.28129E-02   4.13400E-03  -2.41917E-02   2.86496E-03  -2.28822E-02   1.41353E-03  -1.89479E-02  -6.68040E-05  -1.28244E-02  -1.42993E-03  -5.25381E-03  -2.55110E-03   2.81574E-03  -3.33679E-03   1.03537E-02  -3.72988E-03   1.63783E-02  -3.71025E-03   2.00786E-02  -3.29157E-03   2.09112E-02  -2.51506E-03   1.86601E-02  -1.44149E-03   1.34482E-02  -1.42223E-04   5.69995E-03   1.30969E-03  -3.94444E-03   2.84813E-03  -1.47565E-02   4.42185E-03  -2.60778E-02
 7.69000E+01   3.86271E-03  -1.82855E-03   4.79928E-03  -7.06197E-03   5.27856E-03  -1.29783E-02   5.25403E-03  -1.83345E-02   4.74396E-03  -2.21098E-02   3.82247E-03  -2.35918E-02   2.60521E-03  -2.24364E-02   1.23199E-03  -1.86898E-02  -1.51077E-04  -1.27676E-02  -1.40788E-03  -5.39122E-03  -2.42523E-03   2.51005E-03  -3.12144E-03   9.92137E-03  -3.45014E-03   1.58721E-02  -3.39967E-03   1.95571E-02  -2.98886E-03   2.04341E-02  -2.26026E-03   1.82829E-02  -1.27208E-03   1.32189E-02  -8.97764E-05   5.65622E-03   1.22187E-03  -3.77630E-03   2.60579E-03  -1.43612E-02   4.01884E-03  -2.54490E-02
 7.75000E+01   3.69407E-03  -1.27857E-03   4.55818E-03  -6.35018E-03   4.97609E-03  -1.21648E-02   4.91135E-03  -1.74930E-02   4.38967E-03  -2.13176E-02   3.48916E-03  -2.29197E-02   2.32552E-03  -2.19409E-02   1.03465E-03  -1.84072E-02  -2.45013E-04  -1.27115E-02  -1.38796E-03  -5.55208E-03  -2.29342E-03   2.16287E-03  -2.89257E-03   9.43549E-03  -3.15081E-03   1.53069E-02  -3.06586E-03   1.89780E-02  -2.66235E-03   1.99068E-02  -1.98451E-03   1.78682E-02  -1.08791E-03   1.29688E-02  -3.16680E-05   5.61133E-03   1.12839E-03  -3.58785E-03   2.34512E-03  -1.39232E-02   3.58420E-03  -2.47545E-02
 7.80000E+01   3.57187E-03  -8.40227E-04   4.38244E-03  -5.78498E-03   4.75437E-03  -1.15213E-02   4.65878E-03  -1.68303E-02   4.12708E-03  -2.06967E-02   3.24062E-03  -2.23961E-02   2.11549E-03  -2.15580E-02   8.84890E-04  -1.81926E-02  -3.18239E-04  -1.26742E-02  -1.37621E-03  -5.68329E-03  -2.19757E-03   1.88831E-03  -2.72321E-03   9.05556E-03  -2.92759E-03   1.48682E-02  -2.81566E-03   1.85311E-02  -2.41666E-03   1.95020E-02  -1.77624E-03   1.75517E-02  -9.48109E-04   1.27796E-02   1.33504E-05   5.57982E-03   1.05910E-03  -3.44091E-03   2.14955E-03  -1.35858E-02   3.25716E-03  -2.42218E-02
 7.86000E+01   3.44437E-03  -3.35741E-04   4.19778E-03  -5.13696E-03   4.51987E-03  -1.07864E-02   4.38997E-03  -1.60769E-02   3.84583E-03  -1.99944E-02   2.97263E-03  -2.18076E-02   1.88721E-03  -2.11317E-02   7.20233E-04  -1.79581E-02  -4.01053E-04  -1.26402E-02  -1.36730E-03  -5.83795E-03  -2.09714E-03   1.57473E-03  -2.54216E-03   8.62677E-03  -2.68684E-03   1.43769E-02  -2.54428E-03   1.80339E-02  -2.14900E-03   1.90543E-02  -1.54841E-03   1.72039E-02  -7.94344E-04   1.25739E-02   6.39493E-05   5.54862E-03   9.84873E-04  -3.27558E-03   1.93721E-03  -1.32113E-02   2.90091E-03  -2.36330E-02
 7.91000E+01   3.35219E-03   6.84390E-05   4.06316E-03  -4.61976E-03   4.34760E-03  -1.02024E-02   4.19103E-03  -1.54807E-02   3.63616E-03  -1.94417E-02   2.77131E-03  -2.13475E-02   1.71420E-03  -2.08018E-02   5.93865E-04  -1.77804E-02  -4.66524E-04  -1.26202E-02  -1.36379E-03  -5.96495E-03  -2.02419E-03   1.32534E-03  -2.40748E-03   8.29006E-03  -2.50594E-03   1.39944E-02  -2.33907E-03   1.76495E-02  -1.94562E-03   1.87105E-02  -1.37450E-03   1.69387E-02  -6.76273E-04   1.24190E-02   1.03704E-04   5.52779E-03   9.29531E-04  -3.14614E-03   1.77645E-03  -1.29225E-02   2.63022E-03  -2.31812E-02
 7.97000E+01   3.25643E-03   5.35962E-04   3.92192E-03  -4.02379E-03   4.16523E-03  -9.53213E-03   3.97864E-03  -1.47998E-02   3.41045E-03  -1.88140E-02   2.55272E-03  -2.08288E-02   1.52449E-03  -2.04338E-02   4.53398E-04  -1.75870E-02  -5.41576E-04  -1.26058E-02  -1.36385E-03  -6.11560E-03  -1.94798E-03   1.03890E-03  -2.26285E-03   7.90844E-03  -2.30945E-03   1.35648E-02  -2.11459E-03   1.72211E-02  -1.72193E-03   1.83301E-02  -1.18230E-03   1.66477E-02  -5.44937E-04   1.22513E-02   1.48999E-04   5.50864E-03   8.69940E-04  -2.99993E-03   1.60035E-03  -1.26016E-02   2.33253E-03  -2.26817E-02
 8.03000E+01   3.17503E-03   9.86344E-04   3.80027E-03  -3.45207E-03   4.00631E-03  -8.89213E-03   3.79155E-03  -1.41531E-02   3.20953E-03  -1.82215E-02   2.35605E-03  -2.03434E-02   1.35177E-03  -2.00940E-02   3.23421E-04  -1.74136E-02  -6.13485E-04  -1.26012E-02  -1.36818E-03  -6.26484E-03  -1.88276E-03   7.64973E-04  -2.13449E-03   7.54905E-03  -2.13257E-03   1.31646E-02  -1.91077E-03   1.68256E-02  -1.51751E-03   1.79820E-02  -1.00562E-03   1.63842E-02  -4.23293E-04   1.21020E-02   1.92113E-04   5.49551E-03   8.16874E-04  -2.86273E-03   1.44018E-03  -1.23063E-02   2.06049E-03  -2.22252E-02
 8.09000E+01   3.10634E-03   1.42144E-03   3.69593E-03  -2.90206E-03   3.86806E-03  -8.27931E-03   3.62667E-03  -1.35372E-02   3.03030E-03  -1.76611E-02   2.17848E-03  -1.98884E-02   1.19373E-03  -1.97799E-02   2.02396E-04  -1.72587E-02  -6.82880E-04  -1.26059E-02  -1.37644E-03  -6.41319E-03  -1.82726E-03   5.02161E-04  -2.02038E-03   7.20977E-03  -1.97277E-03   1.27911E-02  -1.72483E-03   1.64603E-02  -1.32970E-03   1.76638E-02  -8.42245E-04   1.61461E-02  -3.09891E-04   1.19700E-02   2.33460E-04   5.48808E-03   7.69513E-04  -2.73371E-03   1.29378E-03  -1.20345E-02   1.81053E-03  -2.18082E-02
 8.15000E+01   3.04899E-03   1.84292E-03   3.60699E-03  -2.37148E-03   3.74814E-03  -7.69092E-03   3.48143E-03  -1.29491E-02   2.87016E-03  -1.71298E-02   2.01760E-03  -1.94611E-02   1.04843E-03  -1.94895E-02   8.90115E-05  -1.71212E-02  -7.50310E-04  -1.26196E-02  -1.38838E-03  -6.56111E-03  -1.78045E-03   2.49197E-04  -1.91884E-03   6.88868E-03  -1.82788E-03   1.24421E-02  -1.55442E-03   1.61227E-02  -1.15620E-03   1.73730E-02  -6.90285E-04   1.59315E-02  -2.03495E-04   1.18539E-02   2.73395E-04   5.48606E-03   7.27169E-04  -2.61210E-03   1.15932E-03  -1.17843E-02   1.57962E-03  -2.14276E-02
 8.20000E+01   3.00901E-03   2.18484E-03   3.54347E-03  -1.94266E-03   3.66077E-03  -7.21747E-03   3.37382E-03  -1.24785E-02   2.74969E-03  -1.67074E-02   1.89483E-03  -1.91245E-02   9.35883E-04  -1.92644E-02  -4.56128E-07  -1.70189E-02  -8.05350E-04  -1.26376E-02  -1.40099E-03  -6.68435E-03  -1.74744E-03   4.50872E-05  -1.84278E-03   6.63377E-03  -1.71720E-03   1.21684E-02  -1.42281E-03   1.58609E-02  -1.02117E-03   1.71502E-02  -5.71196E-04   1.57694E-02  -1.19412E-04   1.17686E-02   3.05823E-04   5.48835E-03   6.95291E-04  -2.51592E-03   1.05524E-03  -1.15911E-02   1.39986E-03  -2.11364E-02
 8.26000E+01   2.96958E-03   2.58518E-03   3.47877E-03  -1.44246E-03   3.56955E-03  -6.66763E-03   3.25915E-03  -1.19348E-02   2.61905E-03  -1.62228E-02   1.75952E-03  -1.87422E-02   8.09806E-04  -1.90129E-02  -1.02647E-04  -1.69102E-02  -8.70389E-04  -1.26668E-02  -1.41916E-03  -6.83256E-03  -1.71439E-03  -1.92718E-04  -1.76069E-03   6.34172E-03  -1.59510E-03   1.18590E-02  -1.27585E-03   1.55687E-02  -8.69102E-04   1.69047E-02  -4.36119E-04   1.55937E-02  -2.32001E-05   1.16792E-02   3.43956E-04   5.49567E-03   6.60692E-04  -2.40617E-03   9.38741E-04  -1.13764E-02   1.19742E-03  -2.08159E-02
 8.32000E+01   2.93866E-03   2.97582E-03   3.42553E-03  -9.56333E-04   3.49184E-03  -6.13581E-03   3.15876E-03  -1.14120E-02   2.50206E-03  -1.57606E-02   1.63590E-03  -1.83816E-02   6.92351E-04  -1.87806E-02  -2.00013E-04  -1.68159E-02  -9.34692E-04  -1.27041E-02  -1.44052E-03  -6.98149E-03  -1.68790E-03  -4.23649E-04  -1.68764E-03   6.06345E-03  -1.48339E-03   1.15686E-02  -1.13944E-03   1.52985E-02  -7.26540E-04   1.66814E-02  -3.08416E-04   1.54374E-02   6.86711E-05   1.16032E-02   3.81474E-04   5.50782E-03   6.29671E-04  -2.30205E-03   8.30279E-04  -1.11790E-02   1.00757E-03  -2.05249E-02
 8.38000E+01   2.91555E-03   3.35791E-03   3.38277E-03  -4.82701E-04   3.42640E-03  -5.62015E-03   3.07128E-03  -1.09083E-02   2.39731E-03  -1.53187E-02   1.52266E-03  -1.80411E-02   5.82428E-04  -1.85661E-02  -2.93315E-04  -1.67352E-02  -9.98614E-04  -1.27493E-02  -1.46499E-03  -7.13150E-03  -1.66744E-03  -6.48585E-04  -1.62272E-03   5.79770E-03  -1.38089E-03   1.12959E-02  -1.01225E-03   1.50489E-02  -5.92193E-04   1.64789E-02  -1.87002E-04   1.52991E-02   1.56926E-04   1.15398E-02   4.18605E-04   5.52465E-03   6.01859E-04  -2.20308E-03   7.28823E-04  -1.09977E-02   8.28616E-04  -2.02614E-02
 8.44000E+01   2.89965E-03   3.73253E-03   3.34964E-03  -2.01329E-05   3.37220E-03  -5.11893E-03   2.99553E-03  -1.04216E-02   2.30361E-03  -1.48954E-02   1.41866E-03  -1.77191E-02   4.79086E-04  -1.83681E-02  -3.83227E-04  -1.66674E-02  -1.06248E-03  -1.28022E-02  -1.49251E-03  -7.28293E-03  -1.65258E-03  -8.68329E-04  -1.56514E-03   5.54329E-03  -1.28658E-03   1.10394E-02  -8.93146E-04   1.48184E-02  -4.64933E-04   1.62960E-02  -7.09204E-05   1.51780E-02   2.42208E-04   1.14884E-02   4.55555E-04   5.54603E-03   5.76935E-04  -2.10879E-03   6.33473E-04  -1.08314E-02   6.59037E-04  -2.00239E-02
 8.51000E+01   2.88956E-03   4.16142E-03   3.32223E-03   5.07301E-04   3.32200E-03  -4.55035E-03   2.92067E-03  -9.87323E-03   2.20688E-03  -1.44230E-02   1.30771E-03  -1.73650E-02   3.65732E-04  -1.81567E-02  -4.84635E-04  -1.66038E-02  -1.13732E-03  -1.28734E-02  -1.52841E-03  -7.46184E-03  -1.64180E-03  -1.11912E-03  -1.50637E-03   5.25943E-03  -1.18572E-03   1.07591E-02  -7.63071E-04   1.45720E-02  -3.24104E-04   1.61056E-02   5.88960E-05   1.50571E-02   3.38711E-04   1.14429E-02   4.98691E-04   5.57662E-03   5.51145E-04  -2.00414E-03   5.28897E-04  -1.06551E-02   4.71284E-04  -1.97774E-02
 8.57000E+01   2.88769E-03   4.52307E-03   3.30771E-03   9.50287E-04   3.28930E-03  -4.07524E-03   2.86712E-03  -9.41812E-03   2.13374E-03  -1.40346E-02   1.22055E-03  -1.70784E-02   2.73923E-04  -1.79913E-02  -5.69177E-04  -1.65619E-02  -1.20207E-03  -1.29425E-02  -1.56243E-03  -7.61748E-03  -1.63787E-03  -1.33009E-03  -1.46255E-03   5.02614E-03  -1.10625E-03   1.05337E-02  -6.58189E-04   1.43788E-02  -2.08942E-04   1.59611E-02   1.66217E-04   1.49701E-02   4.19451E-04   1.14158E-02   5.35893E-04   5.60758E-03   5.31591E-04  -1.91860E-03   4.44185E-04  -1.05182E-02   3.17662E-04  -1.95909E-02
 8.63000E+01   2.89172E-03   4.88008E-03   3.30097E-03   1.38605E-03   3.26550E-03  -3.61004E-03   2.82263E-03  -8.97532E-03   2.06883E-03  -1.36603E-02   1.13993E-03  -1.68064E-02   1.86376E-04  -1.78395E-02  -6.52033E-04  -1.65313E-02  -1.26766E-03  -1.30189E-02  -1.59947E-03  -7.77557E-03  -1.63856E-03  -1.53804E-03  -1.42427E-03   4.80117E-03  -1.03252E-03   1.03211E-02  -5.58596E-04   1.42012E-02  -9.80807E-05   1.58328E-02   2.70606E-04   1.48976E-02   4.98863E-04   1.13992E-02   5.73484E-04   5.64286E-03   5.14182E-04  -1.83656E-03   3.63373E-04  -1.03936E-02   1.69685E-04  -1.94260E-02
 8.69000E+01   2.90140E-03   5.23323E-03   3.30161E-03   1.81563E-03   3.25008E-03  -3.15353E-03   2.78660E-03  -8.54354E-03   2.01151E-03  -1.32987E-02   1.06523E-03  -1.65479E-02   1.02520E-04  -1.77006E-02  -7.33645E-04  -1.65116E-02  -1.33435E-03  -1.31027E-02  -1.63958E-03  -7.93642E-03  -1.64369E-03  -1.74356E-03  -1.39114E-03   4.58374E-03  -9.63962E-04   1.01203E-02  -4.63607E-04   1.40382E-02   9.17827E-06   1.57201E-02   3.72676E-04   1.48392E-02   5.77376E-04   1.13927E-02   6.11627E-04   5.68244E-03   4.98747E-04  -1.75768E-03   2.85914E-04  -1.02807E-02   2.64158E-05  -1.92816E-02
 8.75000E+01   2.91650E-03   5.58324E-03   3.30930E-03   2.24001E-03   3.24262E-03  -2.70458E-03   2.75852E-03  -8.12160E-03   1.96123E-03  -1.29488E-02   9.95878E-04  -1.63019E-02   2.18425E-05  -1.75739E-02  -8.14422E-04  -1.65023E-02  -1.40240E-03  -1.31939E-02  -1.68281E-03  -8.10032E-03  -1.65311E-03  -1.94721E-03  -1.36280E-03   4.37311E-03  -9.00052E-04   9.93055E-03  -3.72607E-04   1.38891E-02   1.13470E-04   1.56221E-02   4.72993E-04   1.47942E-02   6.55393E-04   1.13961E-02   6.50482E-04   5.72630E-03   4.85139E-04  -1.68169E-03   2.11318E-04  -1.01788E-02  -1.12999E-04  -1.91569E-02
 8.82000E+01   2.94076E-03   5.98854E-03   3.32688E-03   2.72974E-03   3.24354E-03  -2.18894E-03   2.73526E-03  -7.64031E-03   1.91082E-03  -1.25539E-02   9.21080E-04  -1.60297E-02  -6.88811E-05  -1.74408E-02  -9.08116E-04  -1.65043E-02  -1.48384E-03  -1.33095E-02  -1.73731E-03  -8.29583E-03  -1.66939E-03  -2.18316E-03  -1.33539E-03   4.13507E-03  -8.30769E-04   9.72211E-03  -2.70745E-04   1.37316E-02   2.32170E-04   1.55256E-02   5.88510E-04   1.47581E-02   7.46291E-04   1.14123E-02   6.96920E-04   5.78289E-03   4.71406E-04  -1.59634E-03   1.27313E-04  -1.00731E-02  -2.71822E-04  -1.90351E-02
 8.88000E+01   2.96712E-03   6.33408E-03   3.34911E-03   3.14589E-03   3.25227E-03  -1.75280E-03   2.72307E-03  -7.23601E-03   1.87423E-03  -1.22257E-02   8.61710E-04  -1.58081E-02  -1.44211E-04  -1.73386E-02  -9.88370E-04  -1.65168E-02  -1.55569E-03  -1.34167E-02  -1.78762E-03  -8.46742E-03  -1.68779E-03  -2.38456E-03  -1.31648E-03   3.93691E-03  -7.75453E-04   9.55378E-03  -1.86552E-04   1.36102E-02   3.31975E-04   1.54576E-02   6.86783E-04   1.47408E-02   8.24512E-04   1.14364E-02   7.37852E-04   5.83606E-03   4.61349E-04  -1.52572E-03   5.74367E-05  -9.99342E-03  -4.05502E-04  -1.89503E-02
 8.94000E+01   2.99854E-03   6.67854E-03   3.37780E-03   3.55958E-03   3.26812E-03  -1.32105E-03   2.71775E-03  -6.83829E-03   1.84340E-03  -1.19063E-02   8.06318E-04  -1.55967E-02  -2.17701E-04  -1.72471E-02  -1.06894E-03  -1.65390E-02  -1.62969E-03  -1.35314E-02  -1.84138E-03  -8.64304E-03  -1.71026E-03  -2.58569E-03  -1.30157E-03   3.74356E-03  -7.23521E-04   9.39436E-03  -1.04751E-04   1.35006E-02   4.30521E-04   1.54027E-02   7.84861E-04   1.47358E-02   9.03386E-04   1.14698E-02   7.79992E-04   5.89357E-03   4.52780E-04  -1.45723E-03  -1.08718E-05  -9.92326E-03  -5.37629E-04  -1.88830E-02
 9.01000E+01   3.04154E-03   7.07986E-03   3.41936E-03   4.04014E-03   3.29543E-03  -8.21708E-04   2.71995E-03  -6.38139E-03   1.81433E-03  -1.15433E-02   7.46277E-04  -1.53619E-02  -3.01590E-04  -1.71531E-02  -1.16378E-03  -1.65771E-02  -1.71912E-03  -1.36748E-02  -1.90866E-03  -8.85345E-03  -1.74162E-03  -2.82063E-03  -1.28903E-03   3.52333E-03  -6.66796E-04   9.21888E-03  -1.17799E-05   1.33871E-02   5.44526E-04   1.53547E-02   8.99635E-04   1.47451E-02   9.96681E-04   1.15203E-02   8.30897E-04   5.96625E-03   4.44564E-04  -1.37971E-03  -8.90465E-05  -9.85301E-03  -6.90665E-04  -1.88257E-02
 9.07000E+01   3.08386E-03   7.42403E-03   3.46188E-03   4.45112E-03   3.32631E-03  -3.96466E-04   2.72887E-03  -5.99488E-03   1.79507E-03  -1.12398E-02   6.98403E-04  -1.51701E-02  -3.72289E-04  -1.70831E-02  -1.24616E-03  -1.66199E-02  -1.79872E-03  -1.38061E-02  -1.97043E-03  -9.03891E-03  -1.77293E-03  -3.02278E-03  -1.28228E-03   3.33856E-03  -6.21167E-04   9.07690E-03   6.62478E-05   1.33016E-02   6.41932E-04   1.53269E-02   9.98804E-04   1.47659E-02   1.07813E-03   1.15735E-02   8.76214E-04   6.03339E-03   4.38978E-04  -1.31511E-03  -1.55125E-04  -9.80238E-03  -8.21582E-04  -1.87945E-02
 9.14000E+01   3.13966E-03   7.82657E-03   3.51957E-03   4.93055E-03   3.37101E-03   9.75782E-05   2.74734E-03  -5.54877E-03   1.77895E-03  -1.08935E-02   6.46375E-04  -1.49568E-02  -4.53803E-04  -1.70133E-02  -1.34401E-03  -1.66817E-02  -1.89543E-03  -1.39693E-02  -2.04756E-03  -9.26169E-03  -1.81473E-03  -3.26012E-03  -1.27896E-03   3.12699E-03  -5.71078E-04   8.92046E-03   1.55858E-04   1.32150E-02   7.55815E-04   1.53097E-02   1.11602E-03   1.48047E-02   1.17535E-03   1.16470E-02   9.31293E-04   6.11750E-03   4.34091E-04  -1.24161E-03  -2.31569E-04  -9.75411E-03  -9.74845E-04  -1.87783E-02
 9.21000E+01   3.20251E-03   8.23101E-03   3.58608E-03   5.41100E-03   3.42512E-03   5.90588E-04   2.77444E-03  -5.10668E-03   1.76944E-03  -1.05546E-02   5.98121E-04  -1.47540E-02  -5.34726E-04  -1.69560E-02  -1.44422E-03  -1.67563E-02  -1.99673E-03  -1.41435E-02  -2.13046E-03  -9.49189E-03  -1.86233E-03  -3.49976E-03  -1.28043E-03   2.91902E-03  -5.24042E-04   8.77329E-03   2.44463E-04   1.31421E-02   8.70596E-04   1.53086E-02   1.23552E-03   1.48593E-02   1.27545E-03   1.17329E-02   9.89026E-04   6.20800E-03   4.30905E-04  -1.16988E-03  -3.07765E-04  -9.71715E-03  -1.12955E-03  -1.87836E-02
 9.27000E+01   3.26215E-03   8.57984E-03   3.65026E-03   5.82447E-03   3.47908E-03   1.01327E-03   2.80453E-03  -4.73002E-03   1.76646E-03  -1.02692E-02   5.59523E-04  -1.45878E-02  -6.03964E-04  -1.69164E-02  -1.53240E-03  -1.68303E-02  -2.08760E-03  -1.43019E-02  -2.20641E-03  -9.69555E-03  -1.90790E-03  -3.70750E-03  -1.28546E-03   2.74311E-03  -4.85918E-04   8.65408E-03   3.20013E-04   1.30902E-02   9.70199E-04   1.53201E-02   1.34026E-03   1.49185E-02   1.36397E-03   1.18164E-02   1.04086E-03   6.29079E-03   4.29497E-04  -1.10961E-03  -3.73226E-04  -9.69424E-03  -1.26398E-03  -1.88050E-02
 9.34000E+01   3.33867E-03   8.99009E-03   3.73374E-03   6.30973E-03   3.55107E-03   1.50759E-03   2.84774E-03  -4.29224E-03   1.76891E-03  -9.94133E-03   5.17466E-04  -1.44025E-02  -6.84988E-04  -1.68812E-02  -1.63841E-03  -1.69286E-02  -2.19881E-03  -1.44975E-02  -2.30113E-03  -9.94106E-03  -1.96686E-03  -3.95321E-03  -1.29573E-03   2.54001E-03  -4.43749E-04   8.52259E-03   4.08148E-04   1.30417E-02   1.08841E-03   1.53482E-02   1.46579E-03   1.50020E-02   1.47091E-03   1.19256E-02   1.10436E-03   6.39366E-03   4.29373E-04  -1.04049E-03  -4.50171E-04  -9.67754E-03  -1.42376E-03  -1.88495E-02
 9.41000E+01   3.42297E-03   9.40469E-03   3.82683E-03   6.79913E-03   3.63307E-03   2.00431E-03   2.89982E-03  -3.85516E-03   1.77774E-03  -9.61807E-03   4.78379E-04  -1.42256E-02  -7.66697E-04  -1.68575E-02  -1.74833E-03  -1.70398E-02  -2.31618E-03  -1.47053E-02  -2.40290E-03  -1.01957E-02  -2.03232E-03  -4.20316E-03  -1.31077E-03   2.33862E-03  -4.03826E-04   8.39881E-03   4.96758E-04   1.30058E-02   1.20943E-03   1.53917E-02   1.59557E-03   1.51012E-02   1.58240E-03   1.20475E-02   1.17146E-03   6.50354E-03   4.30878E-04  -9.72441E-04  -5.28164E-04  -9.67147E-03  -1.58759E-03  -1.89148E-02
 9.47000E+01   3.50172E-03   9.76417E-03   3.91459E-03   7.22274E-03   3.71164E-03   2.43286E-03   2.95172E-03  -3.48024E-03   1.79040E-03  -9.34399E-03   4.47076E-04  -1.40804E-02  -8.37611E-04  -1.68462E-02  -1.84612E-03  -1.71455E-02  -2.42216E-03  -1.48934E-02  -2.49616E-03  -1.04217E-02  -2.09389E-03  -4.42132E-03  -1.32752E-03   2.16687E-03  -3.71219E-04   8.29849E-03   5.73471E-04   1.29850E-02   1.31591E-03   1.54414E-02   1.71076E-03   1.51988E-02   1.68205E-03   1.21623E-02   1.23214E-03   6.60350E-03   4.33468E-04  -9.14791E-04  -5.96192E-04  -9.67463E-03  -1.73196E-03  -1.89873E-02
 9.54000E+01   3.60157E-03   1.01891E-02   4.02675E-03   7.72271E-03   3.81336E-03   2.93716E-03   3.02102E-03  -3.04154E-03   1.81119E-03  -9.02696E-03   4.12956E-04  -1.39179E-02  -9.21763E-04  -1.68436E-02  -1.96492E-03  -1.72811E-02  -2.55270E-03  -1.51250E-02  -2.61255E-03  -1.06949E-02  -2.17246E-03  -4.68102E-03  -1.35166E-03   1.96699E-03  -3.34874E-04   8.18782E-03   6.64310E-04   1.29720E-02   1.44399E-03   1.55138E-02   1.85045E-03   1.53276E-02   1.80370E-03   1.23087E-02   1.30698E-03   6.72712E-03   4.38025E-04  -8.48133E-04  -6.77344E-04  -9.68799E-03  -1.90586E-03  -1.90914E-02
 9.61000E+01   3.71050E-03   1.06209E-02   4.15000E-03   8.22994E-03   3.92649E-03   3.44722E-03   3.10013E-03  -2.60040E-03   1.83861E-03  -8.71207E-03   3.81267E-04  -1.37625E-02  -1.00788E-03  -1.68520E-02  -2.08944E-03  -1.74303E-02  -2.69138E-03  -1.53701E-02  -2.73776E-03  -1.09793E-02  -2.25874E-03  -4.94701E-03  -1.38091E-03   1.76705E-03  -3.00176E-04   8.08366E-03   7.57088E-04   1.29711E-02   1.57694E-03   1.56019E-02   1.99664E-03   1.54727E-02   1.93184E-03   1.24687E-02   1.38663E-03   6.85861E-03   4.44271E-04  -7.81920E-04  -7.60876E-04  -9.71177E-03  -2.08666E-03  -1.92167E-02
 9.68000E+01   3.82914E-03   1.10604E-02   4.28507E-03   8.74557E-03   4.05169E-03   3.96423E-03   3.18957E-03  -2.15574E-03   1.87287E-03  -8.39849E-03   3.51869E-04  -1.36136E-02  -1.09644E-03  -1.68716E-02  -2.22041E-03  -1.75934E-02  -2.83905E-03  -1.56295E-02  -2.87257E-03  -1.12754E-02  -2.35329E-03  -5.22002E-03  -1.41551E-03   1.56647E-03  -2.66948E-04   7.98564E-03   8.52346E-04   1.29823E-02   1.71555E-03   1.57058E-02   2.15023E-03   1.56343E-02   2.06727E-03   1.26427E-02   1.47158E-03   6.99833E-03   4.52258E-04  -7.15942E-04  -8.47293E-04  -9.74597E-03  -2.27547E-03  -1.93633E-02
 9.75000E+01   3.95819E-03   1.15085E-02   4.43279E-03   9.27074E-03   4.18977E-03   4.48942E-03   3.28993E-03  -1.70646E-03   1.91424E-03  -8.08540E-03   3.24643E-04  -1.34708E-02  -1.18793E-03  -1.69022E-02  -2.35861E-03  -1.77708E-02  -2.99661E-03  -1.59037E-02  -3.01785E-03  -1.15842E-02  -2.45675E-03  -5.50083E-03  -1.45571E-03   1.36464E-03  -2.35031E-04   7.89345E-03   9.50649E-04   1.30056E-02   1.86068E-03   1.58258E-02   2.31219E-03   1.58131E-02   2.21086E-03   1.28313E-02   1.56240E-03   7.14668E-03   4.62056E-04  -6.49997E-04  -9.37128E-04  -9.79067E-03  -2.47346E-03  -1.95317E-02
 9.82000E+01   4.09847E-03   1.19663E-02   4.59413E-03   9.80663E-03   4.34166E-03   5.02404E-03   3.40194E-03  -1.25144E-03   1.96308E-03  -7.77200E-03   2.99493E-04  -1.33338E-02  -1.28290E-03  -1.69441E-02  -2.50492E-03  -1.79629E-02  -3.16511E-03  -1.61936E-02  -3.17459E-03  -1.19065E-02  -2.56985E-03  -5.79024E-03  -1.50185E-03   1.16098E-03  -2.04274E-04   7.80679E-03   1.05260E-03   1.30408E-02   2.01326E-03   1.59622E-02   2.48358E-03   1.60095E-02   2.36357E-03   1.30350E-02   1.65970E-03   7.30410E-03   4.73753E-04  -5.83879E-04  -1.03095E-03  -9.84598E-03  -2.68194E-03  -1.97224E-02
 9.89000E+01   4.25090E-03   1.24347E-02   4.77017E-03   1.03545E-02   4.50844E-03   5.56936E-03   3.52642E-03  -7.89554E-04   2.01980E-03  -7.45748E-03   2.76341E-04  -1.32022E-02  -1.38191E-03  -1.69972E-02  -2.66028E-03  -1.81703E-02  -3.34568E-03  -1.64999E-02  -3.34389E-03  -1.22432E-02  -2.69342E-03  -6.08908E-03  -1.55431E-03   9.54875E-04  -1.74539E-04   7.72540E-03   1.15883E-03   1.30883E-02   2.17430E-03   1.61154E-02   2.66557E-03   1.62240E-02   2.52646E-03   1.32544E-02   1.76417E-03   7.47107E-03   4.87458E-04  -5.17386E-04  -1.12939E-03  -9.91207E-03  -2.90231E-03  -1.99359E-02
 9.96000E+01   4.41655E-03   1.29147E-02   4.96220E-03   1.09156E-02   4.69134E-03   6.12670E-03   3.66434E-03  -3.19639E-04   2.08492E-03  -7.14101E-03   2.55127E-04  -1.30756E-02  -1.48559E-03  -1.70617E-02  -2.82576E-03  -1.83935E-02  -3.53962E-03  -1.68236E-02  -3.52699E-03  -1.25952E-02  -2.82842E-03  -6.39825E-03  -1.61355E-03   7.45718E-04  -1.45694E-04   7.64904E-03   1.27005E-03   1.31481E-02   2.34493E-03   1.62859E-02   2.85944E-03   1.64573E-02   2.70070E-03   1.34902E-02   1.87660E-03   7.64811E-03   5.03300E-04  -4.50314E-04  -1.23310E-03  -9.98914E-03  -3.13613E-03  -2.01729E-02
 1.00400E+02   4.62363E-03   1.34789E-02   5.20308E-03   1.15747E-02   4.92193E-03   6.78016E-03   3.83989E-03   2.28776E-04   2.17041E-03  -6.77590E-03   2.33207E-04  -1.29366E-02  -1.61067E-03  -1.71497E-02  -3.02879E-03  -1.86689E-02  -3.77949E-03  -1.72158E-02  -3.75498E-03  -1.30177E-02  -2.99810E-03  -6.76540E-03  -1.69025E-03   5.02143E-04  -1.13658E-04   7.56763E-03   1.40424E-03   1.32317E-02   2.55324E-03   1.65027E-02   3.09742E-03   1.67480E-02   2.91544E-03   1.37807E-02   2.01594E-03   7.86348E-03   5.24222E-04  -3.72684E-04  -1.35906E-03  -1.00910E-02  -3.42203E-03  -2.04736E-02
 1.01100E+02   4.82192E-03   1.39876E-02   5.43448E-03   1.21688E-02   5.14443E-03   7.36798E-03   4.01064E-03   7.19972E-04   2.25570E-03  -6.45249E-03   2.16036E-04  -1.28197E-02  -1.72672E-03  -1.72394E-02  -3.22011E-03  -1.89284E-02  -4.00715E-03  -1.75798E-02  -3.97266E-03  -1.34063E-02  -3.16144E-03  -7.09982E-03  -1.76594E-03   2.84321E-04  -8.63066E-05   7.50131E-03   1.52879E-03   1.33186E-02   2.74872E-03   1.67122E-02   3.32183E-03   1.70243E-02   3.11865E-03   1.40542E-02   2.14847E-03   8.06404E-03   5.45198E-04  -3.03669E-04  -1.47669E-03  -1.01926E-02  -3.69070E-03  -2.07637E-02
 1.01800E+02   5.03787E-03   1.45115E-02   5.68713E-03   1.27804E-02   5.38825E-03   7.97232E-03   4.19898E-03   1.22309E-03   2.35165E-03  -6.12450E-03   2.00738E-04  -1.27068E-02  -1.84982E-03  -1.73413E-02  -3.42576E-03  -1.92059E-02  -4.25338E-03  -1.79643E-02  -4.20923E-03  -1.38137E-02  -3.34015E-03  -7.44762E-03  -1.85041E-03   6.14287E-05  -5.94682E-05   7.43937E-03   1.66098E-03   1.34185E-02   2.95814E-03   1.69409E-02   3.56325E-03   1.73221E-02   3.33792E-03   1.43466E-02   2.29208E-03   8.27657E-03   5.68892E-04  -2.33412E-04  -1.60222E-03  -1.03061E-02  -3.97893E-03  -2.10802E-02
 1.02600E+02   5.30866E-03   1.51305E-02   6.00475E-03   1.35029E-02   5.69583E-03   8.68525E-03   4.43802E-03   1.81438E-03   2.47563E-03  -5.74293E-03   1.85576E-04  -1.25824E-02  -2.00035E-03  -1.74731E-02  -3.68055E-03  -1.95464E-02  -4.56023E-03  -1.84304E-02  -4.50546E-03  -1.43040E-02  -3.56535E-03  -7.86284E-03  -1.95879E-03  -2.00390E-04  -2.92774E-05   7.37375E-03   1.82278E-03   1.35493E-02   3.21682E-03   1.72269E-02   3.86265E-03   1.76899E-02   3.61066E-03   1.47054E-02   2.47142E-03   8.53505E-03   5.99623E-04  -1.51316E-04  -1.75670E-03  -1.04511E-02  -4.33543E-03  -2.14755E-02
 1.03300E+02   5.56898E-03   1.56913E-02   6.31080E-03   1.41575E-02   5.99311E-03   9.33036E-03   4.67029E-03   2.34757E-03   2.59794E-03  -5.40217E-03   1.74384E-04  -1.24773E-02  -2.14188E-03  -1.76022E-02  -3.92297E-03  -1.98657E-02  -4.85373E-03  -1.88629E-02  -4.78999E-03  -1.47562E-02  -3.78286E-03  -8.24297E-03  -2.06509E-03  -4.36470E-04  -3.15400E-06   7.32068E-03   1.97506E-03   1.36786E-02   3.46234E-03   1.74996E-02   4.14785E-03   1.80370E-02   3.87113E-03   1.50420E-02   2.64330E-03   8.77570E-03   6.30039E-04  -7.76528E-05  -1.90282E-03  -1.05917E-02  -4.67423E-03  -2.18521E-02
 1.04000E+02   5.85372E-03   1.62715E-02   6.64619E-03   1.48347E-02   6.31973E-03   9.99711E-03   4.92659E-03   2.89701E-03   2.73455E-03  -5.05403E-03   1.65198E-04  -1.23754E-02  -2.29384E-03  -1.77448E-02  -4.18592E-03  -2.02060E-02  -5.17350E-03  -1.93200E-02  -5.10108E-03  -1.52314E-02  -4.02177E-03  -8.64001E-03  -2.18332E-03  -6.79834E-04   2.28163E-05   7.27153E-03   2.13874E-03   1.38223E-02   3.72814E-03   1.77942E-02   4.45756E-03   1.84091E-02   4.15460E-03   1.54009E-02   2.83092E-03   9.03072E-03   6.64106E-04  -2.03965E-06  -2.06059E-03  -1.07457E-02  -5.04144E-03  -2.22589E-02
 1.04800E+02   6.21267E-03   1.69601E-02   7.06980E-03   1.56386E-02   6.73330E-03   1.07879E-02   5.25246E-03   3.54675E-03   2.91021E-03  -4.64589E-03   1.57272E-04  -1.22626E-02  -2.48207E-03  -1.79247E-02  -4.51487E-03  -2.06221E-02  -5.57527E-03  -1.98742E-02  -5.49326E-03  -1.58047E-02  -4.32428E-03  -9.11608E-03  -2.33477E-03  -9.67840E-04   5.24617E-05   7.22000E-03   2.34176E-03   1.40048E-02   4.06012E-03   1.81590E-02   4.84552E-03   1.88663E-02   4.51044E-03   1.58399E-02   3.06711E-03   9.34083E-03   7.08029E-04   8.70659E-05  -2.25713E-03  -1.09388E-02  -5.50063E-03  -2.27625E-02
 1.05500E+02   6.55983E-03   1.75866E-02   7.48019E-03   1.63702E-02   7.13483E-03   1.15070E-02   5.57001E-03   4.13604E-03   3.08305E-03  -4.27872E-03   1.52722E-04  -1.21667E-02  -2.66129E-03  -1.80975E-02  -4.83093E-03  -2.10111E-02  -5.96279E-03  -2.03886E-02  -5.87267E-03  -1.63344E-02  -4.61806E-03  -9.55358E-03  -2.48333E-03  -1.22934E-03   7.85103E-05   7.17885E-03   2.53535E-03   1.41811E-02   4.37867E-03   1.85041E-02   5.21879E-03   1.92959E-02   4.85345E-03   1.62507E-02   3.29535E-03   9.62951E-03   7.51355E-04   1.67657E-04  -2.44530E-03  -1.11234E-02  -5.94174E-03  -2.32387E-02
 1.06300E+02   6.99957E-03   1.83321E-02   8.00083E-03   1.72410E-02   7.64525E-03   1.23623E-02   5.97497E-03   4.83532E-03   3.30532E-03  -3.84634E-03   1.50455E-04  -1.20602E-02  -2.88521E-03  -1.83134E-02  -5.22903E-03  -2.14857E-02  -6.45260E-03  -2.10123E-02  -6.35352E-03  -1.69740E-02  -4.99167E-03  -1.00793E-02  -2.67392E-03  -1.54009E-03   1.08582E-04   7.13619E-03   2.77758E-03   1.44023E-02   4.77953E-03   1.89295E-02   5.68962E-03   1.98225E-02   5.28685E-03   1.67524E-02   3.58437E-03   9.98045E-03   8.07201E-04   2.63085E-04  -2.68162E-03  -1.13531E-02  -6.49741E-03  -2.38255E-02
 1.07100E+02   7.49165E-03   1.91111E-02   8.58432E-03   1.81514E-02   8.21838E-03   1.32561E-02   6.43107E-03   5.56429E-03   3.55762E-03  -3.39898E-03   1.51594E-04  -1.19565E-02  -3.13256E-03  -1.85496E-02  -5.67228E-03  -2.19941E-02  -6.99979E-03  -2.16763E-02  -6.89208E-03  -1.76523E-02  -5.41145E-03  -1.06342E-02  -2.88980E-03  -1.86462E-03   1.39180E-04   7.09806E-03   3.04560E-03   1.46454E-02   5.22551E-03   1.93894E-02   6.21464E-03   2.03889E-02   5.77090E-03   1.72904E-02   3.90785E-03   1.03551E-02   8.70734E-04   3.62401E-04  -2.94409E-03  -1.16036E-02  -7.11631E-03  -2.44601E-02
 1.07800E+02   7.97143E-03   1.98220E-02   9.15395E-03   1.89826E-02   8.77879E-03   1.40717E-02   6.87817E-03   6.22824E-03   3.80652E-03  -2.99417E-03   1.55667E-04  -1.18680E-02  -3.37120E-03  -1.87736E-02  -6.10274E-03  -2.24679E-02  -7.53266E-03  -2.22921E-02  -7.41767E-03  -1.82794E-02  -5.82222E-03  -1.11453E-02  -3.10243E-03  -2.16075E-03   1.66570E-04   7.06833E-03   3.30459E-03   1.48768E-02   5.65841E-03   1.98216E-02   6.72524E-03   2.09189E-02   6.24228E-03   1.77924E-02   4.22341E-03   1.07035E-02   9.33533E-04   4.52761E-04  -3.19850E-03  -1.18406E-02  -7.71763E-03  -2.50564E-02
 1.08600E+02   8.58446E-03   2.06696E-02   9.88264E-03   1.99740E-02   9.49671E-03   1.50444E-02   7.45223E-03   7.01868E-03   4.12788E-03  -2.51514E-03   1.64234E-04  -1.17690E-02  -3.67327E-03  -1.90499E-02  -6.65091E-03  -2.30439E-02  -8.21296E-03  -2.30375E-02  -8.08995E-03  -1.90363E-02  -6.34888E-03  -1.17600E-02  -3.37663E-03  -2.51400E-03   1.98812E-04   7.03840E-03   3.63294E-03   1.51632E-02   6.20954E-03   2.03508E-02   7.37640E-03   2.15655E-02   6.84412E-03   1.84033E-02   4.62692E-03   1.11261E-02   1.01476E-03   5.60267E-04  -3.52200E-03  -1.21325E-02  -8.48385E-03  -2.57865E-02
 1.09400E+02   9.27725E-03   2.15563E-02   1.07071E-02   2.10118E-02   1.03101E-02   1.60623E-02   8.10399E-03   7.84448E-03   4.49464E-03  -2.01760E-03   1.77490E-04  -1.16721E-02  -4.01170E-03  -1.93486E-02  -7.26857E-03  -2.36579E-02  -8.98132E-03  -2.38289E-02  -8.85063E-03  -1.98379E-02  -6.94611E-03  -1.24088E-02  -3.68925E-03  -2.88385E-03   2.32340E-04   7.01268E-03   4.00142E-03   1.54737E-02   6.83043E-03   2.09187E-02   8.11116E-03   2.22570E-02   7.52402E-03   1.90553E-02   5.08342E-03   1.15759E-02   1.10764E-03   6.72544E-04  -3.88604E-03  -1.24475E-02  -9.34783E-03  -2.65701E-02
 1.10200E+02   1.00631E-02   2.24832E-02   1.16432E-02   2.20971E-02   1.12348E-02   1.71266E-02   8.84639E-03   8.70672E-03   4.91429E-03  -1.50086E-03   1.96093E-04  -1.15772E-02  -4.39270E-03  -1.96699E-02  -7.96750E-03  -2.43107E-02  -9.85262E-03  -2.46673E-02  -9.71463E-03  -2.06850E-02  -7.62580E-03  -1.30926E-02  -4.04668E-03  -3.27085E-03   2.67492E-04   6.99107E-03   4.41693E-03   1.58085E-02   7.53301E-03   2.15260E-02   8.94381E-03   2.29944E-02   8.29524E-03   1.97493E-02   5.60190E-03   1.20533E-02   1.21409E-03   7.89764E-04  -4.29762E-03  -1.27860E-02  -1.03263E-02  -2.74083E-02
 1.11000E+02   1.09580E-02   2.34503E-02   1.27102E-02   2.32302E-02   1.22900E-02   1.82376E-02   9.69493E-03   9.60555E-03   5.39583E-03  -9.64774E-04   2.20846E-04  -1.14839E-02  -4.82375E-03  -2.00137E-02  -8.76182E-03  -2.50022E-02  -1.08447E-02  -2.55526E-02  -1.06998E-02  -2.15777E-02  -8.40216E-03  -1.38113E-02  -4.45661E-03  -3.67506E-03   3.04660E-04   6.97344E-03   4.88777E-03   1.61676E-02   8.33159E-03   2.21725E-02   9.89140E-03   2.37775E-02   9.17371E-03   2.04850E-02   6.19313E-03   1.25584E-02   1.33644E-03   9.11955E-04  -4.76508E-03  -1.31478E-02  -1.14393E-02  -2.83006E-02
 1.11800E+02   1.19812E-02   2.44563E-02   1.39311E-02   2.44091E-02   1.34986E-02   1.93934E-02   1.06682E-02   1.05396E-02   5.95009E-03  -4.10071E-04   2.52722E-04  -1.13924E-02  -5.31378E-03  -2.03792E-02  -9.66848E-03  -2.57308E-02  -1.19790E-02  -2.64830E-02  -1.18276E-02  -2.25143E-02  -9.29226E-03  -1.45636E-02  -4.92826E-03  -4.09581E-03   3.44304E-04   6.95966E-03   5.42385E-03   1.65500E-02   9.24328E-03   2.28568E-02   1.09744E-02   2.46044E-02   1.01785E-02   2.12608E-02   6.87004E-03   1.30900E-02   1.47747E-03   1.03892E-03  -5.29842E-03  -1.35320E-02  -1.27109E-02  -2.92450E-02
 1.12600E+02   1.31556E-02   2.54972E-02   1.53335E-02   2.56295E-02   1.48880E-02   2.05896E-02   1.17887E-02   1.15052E-02   6.59003E-03   1.61169E-04   2.92904E-04  -1.13027E-02  -5.87349E-03  -2.07644E-02  -1.07078E-02  -2.64931E-02  -1.32812E-02  -2.74541E-02  -1.31238E-02  -2.34903E-02  -1.03166E-02  -1.53461E-02  -5.47268E-03  -4.53129E-03   3.86962E-04   6.94953E-03   6.03704E-03   1.69536E-02   1.02886E-02   2.35752E-02   1.22174E-02   2.54709E-02   1.13325E-02   2.20728E-02   7.64811E-03   1.36455E-02   1.64052E-03   1.17011E-03  -5.90963E-03  -1.39365E-02  -1.41699E-02  -3.02364E-02
 1.13400E+02   1.45086E-02   2.65657E-02   1.69504E-02   2.68823E-02   1.64911E-02   2.18173E-02   1.30829E-02   1.24953E-02   7.33117E-03   7.44852E-04   3.42816E-04  -1.12151E-02  -6.51569E-03  -2.11659E-02  -1.19040E-02  -2.72824E-02  -1.47818E-02  -2.84577E-02  -1.46190E-02  -2.44975E-02  -1.14996E-02  -1.61521E-02  -6.10312E-03  -4.97794E-03   4.33269E-04   6.94280E-03   6.74154E-03   1.73743E-02   1.14921E-02   2.43208E-02   1.36497E-02   2.63690E-02   1.26631E-02   2.29135E-02   8.54588E-03   1.42197E-02   1.82960E-03   1.30446E-03  -6.61303E-03  -1.43572E-02  -1.58506E-02  -3.12653E-02
 1.14200E+02   1.60730E-02   2.76491E-02   1.88209E-02   2.81526E-02   1.83470E-02   2.30615E-02   1.45827E-02   1.34975E-02   8.19199E-03   1.33389E-03   4.04161E-04  -1.11302E-02  -7.25555E-03  -2.15775E-02  -1.32858E-02  -2.80875E-02  -1.65175E-02  -2.94793E-02  -1.63498E-02  -2.55215E-02  -1.28704E-02  -1.69703E-02  -6.83531E-03  -5.42969E-03   4.83968E-04   6.93911E-03   7.55421E-03   1.78056E-02   1.28829E-02   2.50824E-02   1.53062E-02   2.72849E-02   1.42026E-02   2.37700E-02   9.58536E-03   1.48041E-02   2.04946E-03   1.44014E-03  -7.42565E-03  -1.47876E-02  -1.77939E-02  -3.23156E-02
 1.15100E+02   1.81336E-02   2.88601E-02   2.12860E-02   2.95714E-02   2.07946E-02   2.44500E-02   1.65625E-02   1.46146E-02   9.33060E-03   1.98844E-03   4.89356E-04  -1.10390E-02  -8.22696E-03  -2.20408E-02  -1.51048E-02  -2.89892E-02  -1.88045E-02  -3.06214E-02  -1.86324E-02  -2.66647E-02  -1.46799E-02  -1.78823E-02  -7.80379E-03  -5.93157E-03   5.47339E-04   6.93794E-03   8.62253E-03   1.82900E-02   1.47143E-02   2.59348E-02   1.74890E-02   2.83089E-02   1.62323E-02   2.47268E-02   1.09565E-02   1.54563E-02   2.34061E-03   1.59061E-03  -8.49541E-03  -1.52695E-02  -2.03542E-02  -3.34902E-02
 1.15900E+02   2.02818E-02   2.98935E-02   2.38572E-02   3.07803E-02   2.33488E-02   2.56312E-02   1.86301E-02   1.55632E-02   1.05219E-02   2.54271E-03   5.82058E-04  -1.09638E-02  -9.23696E-03  -2.24358E-02  -1.70002E-02  -2.97552E-02  -2.11897E-02  -3.15899E-02  -2.10145E-02  -2.76327E-02  -1.65698E-02  -1.86533E-02  -8.81711E-03  -6.35466E-03   6.10405E-04   6.93868E-03   9.73451E-03   1.87010E-02   1.66232E-02   2.66565E-02   1.97655E-02   2.91747E-02   1.83500E-02   2.55352E-02   1.23879E-02   1.60068E-02   2.64553E-03   1.71716E-03  -9.61024E-03  -1.56772E-02  -2.30242E-02  -3.44828E-02
 1.16700E+02   2.27796E-02   3.08347E-02   2.68480E-02   3.18779E-02   2.63211E-02   2.67007E-02   2.10378E-02   1.64198E-02   1.19110E-02   3.04183E-03   6.93455E-04  -1.08967E-02  -1.04089E-02  -2.27910E-02  -1.92032E-02  -3.04421E-02  -2.39641E-02  -3.24566E-02  -2.37867E-02  -2.84974E-02  -1.87707E-02  -1.93409E-02  -9.99881E-03  -6.73114E-03   6.80963E-04   6.93991E-03   1.10259E-02   1.90671E-02   1.88428E-02   2.72980E-02   2.24136E-02   2.99435E-02   2.08143E-02   2.62525E-02   1.40541E-02   1.64951E-02   3.00138E-03   1.82941E-03  -1.09063E-02  -1.60383E-02  -2.61297E-02  -3.53619E-02
 1.17600E+02   2.60716E-02   3.16906E-02   3.07910E-02   3.28685E-02   3.02414E-02   2.76594E-02   2.42152E-02   1.71833E-02   1.37464E-02   3.48496E-03   8.44499E-04  -1.08358E-02  -1.19505E-02  -2.30998E-02  -2.21058E-02  -3.10384E-02  -2.76218E-02  -3.32065E-02  -2.74436E-02  -2.92429E-02  -2.16754E-02  -1.99318E-02  -1.15604E-02  -7.05420E-03   7.70720E-04   6.93978E-03   1.27263E-02   1.93771E-02   2.17680E-02   2.78410E-02   2.59053E-02   3.05934E-02   2.40644E-02   2.68581E-02   1.62525E-02   1.69072E-02   3.47194E-03   1.92503E-03  -1.26142E-02  -1.63404E-02  -3.02241E-02  -3.60991E-02
 1.18400E+02   2.94770E-02   3.21521E-02   3.48711E-02   3.33890E-02   3.42994E-02   2.81520E-02   2.75057E-02   1.75683E-02   1.56491E-02   3.70636E-03   1.00430E-03  -1.08008E-02  -1.35429E-02  -2.32384E-02  -2.51078E-02  -3.13068E-02  -3.14069E-02  -3.35402E-02  -3.12292E-02  -2.95705E-02  -2.46839E-02  -2.01888E-02  -1.31793E-02  -7.19467E-03   8.60868E-04   6.93570E-03   1.44839E-02   1.95008E-02   2.47944E-02   2.80587E-02   2.95189E-02   3.08529E-02   2.74287E-02   2.70990E-02   1.85288E-02   1.70714E-02   3.96006E-03   1.96542E-03  -1.43810E-02  -1.64546E-02  -3.44613E-02  -3.63817E-02
 1.19300E+02   3.38808E-02   3.21396E-02   4.01485E-02   3.33358E-02   3.95494E-02   2.80685E-02   3.17643E-02   1.74815E-02   1.81136E-02   3.65103E-03   1.21456E-03  -1.07935E-02  -1.55998E-02  -2.31509E-02  -2.89893E-02  -3.11422E-02  -3.63029E-02  -3.33235E-02  -3.61274E-02  -2.93440E-02  -2.85779E-02  -2.00023E-02  -1.52765E-02  -7.09355E-03   9.74701E-04   6.92235E-03   1.67555E-02   1.93688E-02   2.87082E-02   2.78316E-02   3.41933E-02   3.05788E-02   3.17817E-02   2.68416E-02   2.14745E-02   1.68973E-02   4.59263E-03   1.93220E-03  -1.66657E-02  -1.63077E-02  -3.99422E-02  -3.60363E-02
 1.20100E+02   3.82826E-02   3.14356E-02   4.54245E-02   3.24561E-02   4.47992E-02   2.71636E-02   3.60239E-02   1.67277E-02   2.05801E-02   3.20653E-03   1.42737E-03  -1.08270E-02  -1.76542E-02  -2.27544E-02  -3.28687E-02  -3.03870E-02  -4.11978E-02  -3.23588E-02  -4.10257E-02  -2.83671E-02  -3.24730E-02  -1.92171E-02  -1.73754E-02  -6.66694E-03   1.08649E-03   6.89786E-03   1.90252E-02   1.88967E-02   3.26206E-02   2.70136E-02   3.88670E-02   2.95969E-02   3.61344E-02   2.59236E-02   2.44207E-02   1.62749E-02   5.22594E-03   1.80056E-03  -1.89495E-02  -1.58176E-02  -4.54220E-02  -3.48638E-02
 1.21000E+02   4.36501E-02   2.95530E-02   5.18585E-02   3.01566E-02   5.12018E-02   2.48393E-02   4.12197E-02   1.48159E-02   2.35896E-02   2.08570E-03   1.68879E-03  -1.09264E-02  -2.01578E-02  -2.18055E-02  -3.75986E-02  -2.85780E-02  -4.71669E-02  -3.00580E-02  -4.69997E-02  -2.60478E-02  -3.72243E-02  -1.73599E-02  -1.99365E-02  -5.65811E-03   1.22133E-03   6.84934E-03   2.17919E-02   1.78064E-02   3.73911E-02   2.51232E-02   4.45664E-02   2.73300E-02   4.14429E-02   2.38064E-02   2.80140E-02   1.48391E-02   5.99884E-03   1.49219E-03  -2.17340E-02  -1.47000E-02  -5.21043E-02  -3.21821E-02
 1.21900E+02   4.91344E-02   2.61796E-02   5.84327E-02   2.60669E-02   5.77441E-02   2.07295E-02   4.65289E-02   1.14507E-02   2.66651E-02   1.17273E-04   1.95626E-03  -1.11089E-02  -2.27155E-02  -2.01681E-02  -4.24312E-02  -2.54569E-02  -5.32656E-02  -2.60951E-02  -5.31034E-02  -2.20604E-02  -4.20788E-02  -1.41718E-02  -2.25534E-02  -3.92700E-03   1.35882E-03   6.77126E-03   2.46183E-02   1.59507E-02   4.22647E-02   2.19056E-02   5.03890E-02   2.34738E-02   4.68662E-02   2.02065E-02   3.16852E-02   1.23977E-02   6.78858E-03   9.64985E-04  -2.45786E-02  -1.28079E-02  -5.89310E-02  -2.76370E-02
 1.22800E+02   5.41676E-02   2.10778E-02   6.44651E-02   1.99017E-02   6.37461E-02   1.45500E-02   5.13986E-02   6.40084E-03   2.94846E-02  -2.83322E-03   2.19941E-03  -1.13872E-02  -2.50638E-02  -1.77320E-02  -4.68654E-02  -2.08142E-02  -5.88601E-02  -2.02051E-02  -5.87014E-02  -1.61392E-02  -4.65301E-02  -9.44085E-03  -2.49519E-02  -1.35892E-03   1.48669E-03   6.65844E-03   2.72119E-02   1.32072E-02   4.67351E-02   1.71490E-02   5.57291E-02   1.77748E-02   5.18394E-02   1.48875E-02   3.50512E-02   8.79054E-03   7.51214E-03   1.84262E-04  -2.71878E-02  -1.00175E-02  -6.51915E-02  -2.09312E-02
 1.23600E+02   5.76496E-02   1.51272E-02   6.86365E-02   1.27216E-02   6.78943E-02   7.36187E-03   5.47617E-02   5.32206E-04   3.14288E-02  -6.26034E-03   2.36240E-03  -1.17130E-02  -2.66911E-02  -1.49124E-02  -4.99323E-02  -1.54409E-02  -6.27262E-02  -1.33910E-02  -6.25674E-02  -9.29169E-03  -4.96019E-02  -3.97178E-03  -2.66045E-02   1.60944E-03   1.57901E-03   6.52972E-03   2.90063E-02   1.00414E-02   4.98241E-02   1.16602E-02   5.94169E-02   1.11994E-02   5.52727E-02   8.75121E-03   3.73740E-02   4.62915E-03   8.01022E-03  -7.17406E-04  -2.89904E-02  -6.80136E-03  -6.95146E-02  -1.32005E-02
 1.24500E+02   5.97617E-02   7.26738E-03   7.11623E-02   3.24438E-03   7.04009E-02  -2.12069E-03   5.67881E-02  -7.20655E-03   3.25935E-02  -1.07789E-02   2.44915E-03  -1.21450E-02  -2.76844E-02  -1.12024E-02  -5.17909E-02  -8.37034E-03  -6.50616E-02  -4.42572E-03  -6.48969E-02  -2.83896E-04  -5.14475E-02   3.22189E-03  -2.75917E-02   5.51398E-03   1.64396E-03   6.36216E-03   3.00950E-02   5.88156E-03   5.16896E-02   4.44774E-03   6.16396E-02   2.55922E-03   5.73389E-02   6.88315E-04   3.87696E-02  -8.38940E-04   8.30664E-03  -1.90304E-03  -3.00786E-02  -2.57754E-03  -7.21192E-02  -3.04630E-03
 1.25400E+02   5.95207E-02  -9.88899E-04   7.08632E-02  -6.70952E-03   7.00917E-02  -1.20794E-02   5.65242E-02  -1.53339E-02   3.24253E-02  -1.55254E-02   2.41000E-03  -1.26017E-02  -2.75861E-02  -7.31127E-03  -5.15748E-02  -9.51814E-04  -6.47720E-02   4.98171E-03  -6.45938E-02   9.16873E-03  -5.11946E-02   1.07715E-02  -2.74424E-02   9.61279E-03   1.65816E-03   6.18862E-03   2.99719E-02   1.51939E-03   5.14573E-02  -3.11740E-03   6.13516E-02  -6.50413E-03   5.70640E-02  -7.76998E-03   3.85784E-02  -6.57564E-03   8.25907E-03  -3.14772E-03  -2.99421E-02   1.85208E-03  -7.17797E-02   7.60408E-03
 1.26300E+02   5.69884E-02  -8.63529E-03   6.78136E-02  -1.59321E-02   6.70406E-02  -2.13102E-02   5.40302E-02  -2.28705E-02   3.09592E-02  -1.99299E-02   2.24821E-03  -1.30291E-02  -2.64250E-02  -3.70580E-03  -4.93386E-02   5.92763E-03  -6.19261E-02   1.37091E-02  -6.17272E-02   1.79409E-02  -4.88981E-02   1.77800E-02  -2.61863E-02   1.34202E-02   1.62300E-03   6.03091E-03   2.86685E-02  -2.52709E-03   4.91821E-02  -1.01386E-02   5.86189E-02  -1.49178E-02   5.45094E-02  -1.56233E-02   3.68419E-02  -1.19029E-02   7.87652E-03  -4.30448E-03  -2.86129E-02   5.96408E-03  -6.85733E-02   1.74926E-02
 1.27300E+02   5.21771E-02  -1.54782E-02   6.20271E-02  -2.41958E-02   6.12601E-02  -2.95908E-02   4.93146E-02  -2.96392E-02   2.81983E-02  -2.38918E-02   1.96136E-03  -1.34199E-02  -2.42084E-02  -4.69678E-04  -4.50926E-02   1.21127E-02  -5.65354E-02   2.15628E-02  -5.63069E-02   2.58411E-02  -4.45646E-02   2.40970E-02  -2.38255E-02   1.68563E-02   1.54103E-03   5.89454E-03   2.61915E-02  -6.17019E-03   4.48728E-02  -1.64665E-02   5.34509E-02  -2.25046E-02   4.96830E-02  -2.27073E-02   3.35651E-02  -1.67100E-02   7.15932E-03  -5.34972E-03  -2.60960E-02   9.67280E-03  -6.25106E-02   2.64139E-02
 1.28200E+02   4.69053E-02  -1.98003E-02   5.56885E-02  -2.94296E-02   5.49304E-02  -3.48480E-02   4.41534E-02  -3.39469E-02   2.51797E-02  -2.64212E-02   1.65244E-03  -1.36772E-02  -2.17767E-02   1.58817E-03  -4.04406E-02   1.60591E-02  -5.06324E-02   2.65835E-02  -5.03741E-02   3.08995E-02  -3.98236E-02   2.81483E-02  -2.12452E-02   1.90657E-02   1.44724E-03   5.81432E-03   2.34768E-02  -8.50186E-03   4.01542E-02  -2.05249E-02   4.77937E-02  -2.73755E-02   4.44012E-02  -2.72589E-02   2.99800E-02  -1.98008E-02   6.37589E-03  -6.02349E-03  -2.33401E-02   1.20552E-02  -5.58744E-02   3.21482E-02
 1.29100E+02   4.14617E-02  -2.24724E-02   4.91437E-02  -3.26834E-02   4.83949E-02  -3.81329E-02   3.88246E-02  -3.66519E-02   2.20631E-02  -2.80198E-02   1.33384E-03  -1.38498E-02  -1.92655E-02   2.87805E-03  -3.56368E-02   1.85498E-02  -4.45372E-02   2.97645E-02  -4.42481E-02   3.41146E-02  -3.49283E-02   3.07317E-02  -1.85811E-02   2.04819E-02   1.35014E-03   5.77243E-03   2.06734E-02  -9.98259E-03   3.52814E-02  -2.31131E-02   4.19519E-02  -3.04883E-02   3.89470E-02  -3.01718E-02   2.62779E-02  -2.17815E-02   5.56699E-03  -6.45751E-03  -2.04941E-02   1.35793E-02  -4.90215E-02   3.58209E-02
 1.30000E+02   3.63081E-02  -2.38010E-02   4.29466E-02  -3.43254E-02   4.22057E-02  -3.98121E-02   3.37771E-02  -3.80524E-02   1.91098E-02  -2.88612E-02   1.03013E-03  -1.39541E-02  -1.68889E-02   3.54218E-03  -3.10882E-02   1.98552E-02  -3.87641E-02   3.14478E-02  -3.84449E-02   3.58295E-02  -3.02899E-02   3.21208E-02  -1.60557E-02   2.12529E-02   1.25977E-03   5.76223E-03   1.80189E-02  -1.07703E-02   3.06657E-02  -2.45042E-02   3.64175E-02  -3.21699E-02   3.37792E-02  -3.17511E-02   2.27699E-02  -2.28590E-02   4.80000E-03  -6.69657E-03  -1.77980E-02   1.44046E-02  -4.25288E-02   3.78154E-02
 1.31000E+02   3.12040E-02  -2.41325E-02   3.68076E-02  -3.47765E-02   3.60727E-02  -4.03105E-02   2.87735E-02  -3.84979E-02   1.61799E-02  -2.91519E-02   7.25158E-04  -1.40129E-02  -1.45371E-02   3.74615E-03  -2.65822E-02   2.02953E-02  -3.30424E-02   3.20424E-02  -3.26911E-02   3.64574E-02  -2.56890E-02   3.26475E-02  -1.35487E-02   2.15609E-02   1.17343E-03   5.77872E-03   1.53893E-02  -1.10546E-02   2.60904E-02  -2.50302E-02   3.09297E-02  -3.28195E-02   2.86538E-02  -3.23703E-02   1.92897E-02  -2.32873E-02   4.03814E-03  -6.79650E-03  -1.51252E-02   1.47264E-02  -3.60900E-02   3.86026E-02
 1.31900E+02   2.72486E-02  -2.37401E-02   3.20484E-02  -3.43543E-02   3.13160E-02  -3.99347E-02   2.48904E-02  -3.82299E-02   1.39034E-02  -2.90262E-02   4.84029E-04  -1.40325E-02  -1.27167E-02   3.60673E-03  -2.30889E-02   2.00815E-02  -2.86035E-02   3.18080E-02  -2.82248E-02   3.62526E-02  -2.21155E-02   3.25094E-02  -1.15991E-02   2.15083E-02   1.11012E-03   5.81125E-03   1.33509E-02  -1.09537E-02   2.25399E-02  -2.48886E-02   2.66692E-02  -3.26696E-02   2.46735E-02  -3.22435E-02   1.65862E-02  -2.32098E-02   3.44517E-03  -6.78695E-03  -1.30507E-02   1.46571E-02  -3.10906E-02   3.84498E-02
 1.32900E+02   2.35368E-02  -2.28327E-02   2.75801E-02  -3.33203E-02   2.68475E-02  -3.89554E-02   2.12396E-02  -3.74768E-02   1.17597E-02  -2.86237E-02   2.51716E-04  -1.40332E-02  -1.10113E-02   3.23025E-03  -1.98092E-02   1.94274E-02  -2.44321E-02   3.10230E-02  -2.40244E-02   3.55007E-02  -1.87519E-02   3.19397E-02  -9.76113E-03   2.12264E-02   1.05526E-03   5.86066E-03   1.14374E-02  -1.05975E-02   1.92023E-02  -2.43118E-02   2.26617E-02  -3.20027E-02   2.09278E-02  -3.16371E-02   1.40408E-02  -2.28089E-02   2.88549E-03  -6.70907E-03  -1.11000E-02   1.43352E-02  -2.63870E-02   3.76934E-02
 1.33800E+02   2.07438E-02  -2.17708E-02   2.42156E-02  -3.20961E-02   2.34804E-02  -3.77825E-02   1.84858E-02  -3.65635E-02   1.01393E-02  -2.81264E-02   7.10376E-05  -1.40243E-02  -9.73062E-03   2.77506E-03  -1.73396E-02   1.86217E-02  -2.12872E-02   3.00440E-02  -2.08547E-02   3.45525E-02  -1.62109E-02   3.12121E-02  -8.36976E-03   2.08580E-02   1.01841E-03   5.91321E-03   9.99678E-03  -1.01496E-02   1.66850E-02  -2.35750E-02   1.96367E-02  -3.11432E-02   1.80990E-02  -3.08504E-02   1.21173E-02  -2.22855E-02   2.46119E-03  -6.60462E-03  -9.62827E-03   1.39185E-02  -2.28357E-02   3.67089E-02
 1.34800E+02   1.81571E-02  -2.04544E-02   2.10973E-02  -3.05731E-02   2.03566E-02  -3.63185E-02   1.59277E-02  -3.54196E-02   8.63032E-03  -2.75008E-02  -1.03111E-04  -1.40111E-02  -8.54777E-03   2.20319E-03  -1.50507E-02   1.76053E-02  -1.83678E-02   2.88054E-02  -1.79087E-02   3.33497E-02  -1.38461E-02   3.02864E-02  -7.07152E-03   2.03871E-02   9.89461E-04   5.97765E-03   8.66174E-03  -9.58053E-03   1.43469E-02  -2.26357E-02   1.68244E-02  -3.00456E-02   1.54671E-02  -2.98443E-02   1.03264E-02  -2.16152E-02   2.06454E-03  -6.47031E-03  -8.26073E-03   1.33853E-02  -1.95329E-02   3.54480E-02
 1.35800E+02   1.60220E-02  -1.90843E-02   1.85206E-02  -2.89867E-02   1.77722E-02  -3.47927E-02   1.38078E-02  -3.42272E-02   7.37566E-03  -2.68494E-02  -2.54255E-04  -1.39994E-02  -7.57479E-03   1.60345E-03  -1.31594E-02   1.65407E-02  -1.59506E-02   2.75086E-02  -1.54655E-02   3.20905E-02  -1.18815E-02   2.93176E-02  -5.98932E-03   1.98950E-02   9.71197E-04   6.04655E-03   7.55879E-03  -8.98270E-03   1.24095E-02  -2.16499E-02   1.44909E-02  -2.88939E-02   1.32814E-02  -2.87889E-02   8.83767E-03  -2.09123E-02   1.73310E-03  -6.32998E-03  -7.12691E-03   1.28250E-02  -1.67913E-02   3.41241E-02
 1.36800E+02   1.42550E-02  -1.77169E-02   1.63854E-02  -2.74046E-02   1.56273E-02  -3.32726E-02   1.20448E-02  -3.30414E-02   6.32795E-03  -2.62041E-02  -3.86928E-04  -1.39922E-02  -6.77301E-03   1.00196E-03  -1.15919E-02   1.54777E-02  -1.39423E-02   2.62164E-02  -1.34317E-02   3.08381E-02  -1.02425E-02   2.83561E-02  -5.08276E-03   1.94089E-02   9.61877E-04   6.11874E-03   6.64494E-03  -8.38519E-03   1.07983E-02  -2.06678E-02   1.25472E-02  -2.77485E-02   1.14588E-02  -2.77404E-02   7.59472E-03  -2.02150E-02   1.45463E-03  -6.19190E-03  -6.18331E-03   1.22672E-02  -1.45063E-02   3.28078E-02
 1.37700E+02   1.29217E-02  -1.65153E-02   1.47719E-02  -2.60165E-02   1.40038E-02  -3.19416E-02   1.07070E-02  -3.20058E-02   5.52929E-03  -2.56439E-02  -4.93681E-04  -1.39910E-02  -6.17111E-03   4.71574E-04  -1.04074E-02   1.45460E-02  -1.24202E-02   2.50875E-02  -1.18868E-02   2.97468E-02  -8.99431E-03   2.75212E-02  -4.38914E-03   1.89897E-02   9.59949E-04   6.18599E-03   5.95450E-03  -7.86157E-03   9.57579E-03  -1.98114E-02   1.10697E-02  -2.67518E-02   1.00715E-02  -2.68297E-02   6.64730E-03  -1.96105E-02   1.24083E-03  -6.07352E-03  -5.46672E-03   1.17812E-02  -1.27682E-02   3.16636E-02
 1.38700E+02   1.16738E-02  -1.52284E-02   1.32591E-02  -2.45334E-02   1.24783E-02  -3.05230E-02   9.44653E-03  -3.09061E-02   4.77257E-03  -2.50533E-02  -6.01097E-04  -1.39966E-02  -5.61120E-03  -9.81323E-05  -9.29661E-03   1.35529E-02  -1.09878E-02   2.38890E-02  -1.04290E-02   2.85925E-02  -7.81306E-03   2.66416E-02  -3.72903E-03   1.85521E-02   9.63924E-04   6.26294E-03   5.30721E-03  -7.30382E-03   8.42375E-03  -1.89046E-02   9.67419E-03  -2.56997E-02   8.75928E-03  -2.58704E-02   5.74966E-03  -1.89753E-02   1.03655E-03  -5.95095E-03  -4.79072E-03   1.12677E-02  -1.11253E-02   3.04576E-02
 1.39700E+02   1.06276E-02  -1.40004E-02   1.19879E-02  -2.31219E-02   1.11930E-02  -2.91776E-02   8.38069E-03  -2.98678E-02   4.12831E-03  -2.45010E-02  -6.99171E-04  -1.40098E-02  -5.14543E-03  -6.43530E-04  -8.36304E-03   1.26111E-02  -9.77864E-03   2.27583E-02  -9.19409E-03   2.75084E-02  -6.80867E-03   2.58201E-02  -3.16387E-03   1.81481E-02   9.73462E-04   6.34215E-03   4.76334E-03  -6.77552E-03   7.44943E-03  -1.80523E-02   8.49066E-03  -2.47147E-02   7.64418E-03  -2.49748E-02   4.98529E-03  -1.83842E-02   8.60775E-04  -5.83904E-03  -4.21824E-03   1.07861E-02  -9.73045E-03   2.93307E-02
 1.40700E+02   9.74634E-03  -1.28337E-02   1.09142E-02  -2.17854E-02   1.01040E-02  -2.79084E-02   7.47377E-03  -2.88936E-02   3.57564E-03  -2.39884E-02  -7.89955E-04  -1.40309E-02  -4.75687E-03  -1.16344E-03  -7.57436E-03   1.17230E-02  -8.75164E-03   2.16984E-02  -8.14096E-03   2.64976E-02  -5.94833E-03   2.50592E-02  -2.67584E-03   1.77793E-02   9.87852E-04   6.42362E-03   4.30404E-03  -6.27807E-03   6.62008E-03  -1.72569E-02   7.47985E-03  -2.37997E-02   6.68962E-03  -2.41458E-02   4.32937E-03  -1.78391E-02   7.08097E-04  -5.73823E-03  -3.73013E-03   1.03381E-02  -8.53769E-03   2.82864E-02
 1.41800E+02   8.93288E-03  -1.16202E-02   9.91979E-03  -2.04004E-02   9.09135E-03  -2.65992E-02   6.62589E-03  -2.78949E-02   3.05375E-03  -2.34701E-02  -8.83369E-04  -1.40632E-02  -4.40263E-03  -1.70643E-03  -6.84364E-03   1.08071E-02  -7.79367E-03   2.06134E-02  -7.15357E-03   2.54696E-02  -5.13725E-03   2.42915E-02  -2.21116E-03   1.74138E-02   1.00865E-03   6.51598E-03   3.87863E-03  -5.76604E-03   5.84427E-03  -1.64471E-02   6.53032E-03  -2.28733E-02   5.79038E-03  -2.33100E-02   3.70959E-03  -1.72922E-02   5.61695E-04  -5.64012E-03  -3.27258E-03   9.88368E-03  -7.41546E-03   2.72323E-02
 1.42800E+02   8.31015E-03  -1.05774E-02   9.15538E-03  -1.92152E-02   8.30918E-03  -2.54844E-02   5.96679E-03  -2.70506E-02   2.64324E-03  -2.30387E-02  -9.63880E-04  -1.41010E-02  -4.13559E-03  -2.17522E-03  -6.28169E-03   1.00276E-02  -7.05093E-03   1.96973E-02  -6.38334E-03   2.46081E-02  -4.50042E-03   2.36542E-02  -1.84211E-03   1.71169E-02   1.03163E-03   6.60261E-03   3.55161E-03  -5.33102E-03   5.24068E-03  -1.57676E-02   5.78789E-03  -2.21010E-02   5.08489E-03  -2.26168E-02   3.22162E-03  -1.68412E-02   4.44463E-04  -5.56217E-03  -2.91570E-03   9.50397E-03  -6.53633E-03   2.63568E-02
 1.43800E+02   7.77969E-03  -9.58817E-03   8.50117E-03  -1.80957E-02   7.63610E-03  -2.44368E-02   5.39552E-03  -2.62632E-02   2.28278E-03  -2.26432E-02  -1.04132E-03  -1.41465E-02  -3.91222E-03  -2.62221E-03  -5.80050E-03   9.29505E-03  -6.40901E-03   1.88440E-02  -5.71306E-03   2.38121E-02  -3.94224E-03   2.30713E-02  -1.51455E-03   1.68520E-02   1.05820E-03   6.69196E-03   3.27170E-03  -4.92305E-03   4.71695E-03  -1.51389E-02   5.14008E-03  -2.13916E-02   4.46700E-03  -2.19835E-02   2.79257E-03  -1.64318E-02   3.39496E-04  -5.49447E-03  -2.60514E-03   9.15421E-03  -5.76759E-03   2.55555E-02
 1.44900E+02   7.28536E-03  -8.55690E-03   7.88790E-03  -1.69341E-02   7.00081E-03  -2.33563E-02   4.85151E-03  -2.54579E-02   1.93404E-03  -2.22467E-02  -1.12404E-03  -1.42055E-02  -3.70896E-03  -3.09111E-03  -5.34913E-03   8.53930E-03  -5.79982E-03   1.79724E-02  -5.07154E-03   2.30068E-02  -3.40331E-03   2.24890E-02  -1.19356E-03   1.65955E-02   1.09132E-03   6.79365E-03   3.00926E-03  -4.50302E-03   4.21742E-03  -1.45016E-02   4.51798E-03  -2.06787E-02   3.87093E-03  -2.13514E-02   2.37672E-03  -1.60265E-02   2.35562E-04  -5.43120E-03  -2.30787E-03   8.80167E-03  -5.02741E-03   2.47541E-02
 1.45900E+02   6.90433E-03  -7.66644E-03   7.41177E-03  -1.59361E-02   6.50350E-03  -2.24337E-02   4.42113E-03  -2.47769E-02   1.65308E-03  -2.19191E-02  -1.19782E-03  -1.42671E-02  -3.55695E-03  -3.49886E-03  -4.99840E-03   7.89371E-03  -5.31979E-03   1.72362E-02  -4.56098E-03   2.23338E-02  -2.97002E-03   2.20094E-02  -9.31109E-04   1.63920E-02   1.12483E-03   6.88940E-03   2.80546E-03  -4.14496E-03   3.82145E-03  -1.39678E-02   4.02087E-03  -2.00875E-02   3.39212E-03  -2.08314E-02   2.04086E-03  -1.56961E-02   1.49608E-04  -5.38331E-03  -2.07122E-03   8.50819E-03  -4.43412E-03   2.40931E-02
 1.47000E+02   6.54879E-03  -6.73356E-03   6.96356E-03  -1.48959E-02   6.03073E-03  -2.14786E-02   4.00687E-03  -2.40791E-02   1.37691E-03  -2.15920E-02  -1.27823E-03  -1.43436E-02  -3.42051E-03  -3.92947E-03  -4.66793E-03   7.22474E-03  -4.85983E-03   1.64824E-02  -4.06600E-03   2.16530E-02  -2.54506E-03   2.15322E-02  -6.68844E-04   1.61987E-02   1.16535E-03   6.99865E-03   2.61354E-03  -3.77470E-03   3.43932E-03  -1.34265E-02   3.53667E-03  -1.94946E-02   2.92291E-03  -2.03146E-02   1.70974E-03  -1.53716E-02   6.26316E-05  -5.34061E-03  -1.84170E-03   8.21264E-03  -3.85414E-03   2.34344E-02
 1.48000E+02   6.27512E-03  -5.92359E-03   6.61483E-03  -1.39976E-02   5.65846E-03  -2.06597E-02   3.67582E-03  -2.34875E-02   1.15089E-03  -2.13227E-02  -1.35124E-03  -1.44210E-02  -3.32070E-03  -4.30670E-03  -4.41048E-03   6.65031E-03  -4.49421E-03   1.58438E-02  -3.66713E-03   2.10840E-02  -2.19802E-03   2.11410E-02  -4.50196E-04   1.60490E-02   1.20547E-03   7.10179E-03   2.46415E-03  -3.45741E-03   3.13297E-03  -1.29725E-02   3.14429E-03  -1.90038E-02   2.54008E-03  -1.98915E-02   1.43771E-03  -1.51093E-02  -1.08671E-05  -5.31036E-03  -1.65661E-03   7.96672E-03  -3.38221E-03   2.28930E-02
 1.49100E+02   6.02098E-03  -5.07001E-03   6.28663E-03  -1.30563E-02   5.30300E-03  -1.98078E-02   3.35419E-03  -2.28795E-02   9.25269E-04  -2.10551E-02  -1.43209E-03  -1.45147E-02  -3.23416E-03  -4.70819E-03  -4.16785E-03   6.05166E-03  -4.14111E-03   1.51876E-02  -3.27574E-03   2.05081E-02  -1.85236E-03   2.07537E-02  -2.27432E-04   1.59111E-02   1.25326E-03   7.21971E-03   2.32347E-03  -3.12738E-03   2.83415E-03  -1.25114E-02   2.75679E-03  -1.85126E-02   2.15906E-03  -1.94732E-02   1.16490E-03  -1.48542E-02  -8.68344E-05  -5.28600E-03  -1.47482E-03   7.71913E-03  -2.91393E-03   2.23557E-02
 1.50200E+02   5.80952E-03  -4.25121E-03   6.00865E-03  -1.21586E-02   4.99627E-03  -1.90022E-02   3.07058E-03  -2.23124E-02   7.19810E-04  -2.08153E-02  -1.51408E-03  -1.46174E-02  -3.16910E-03  -5.09769E-03  -3.96197E-03   5.48403E-03  -3.83202E-03   1.45756E-02  -2.92641E-03   1.99802E-02  -1.53830E-03   2.04082E-02  -1.97714E-05   1.57996E-02   1.30494E-03   7.34265E-03   2.20424E-03  -2.81505E-03   2.56928E-03  -1.20868E-02   2.40820E-03  -1.80682E-02   1.81316E-03  -1.91007E-02   9.15046E-04  -1.46317E-02  -1.58786E-04  -5.27052E-03  -1.31234E-03   7.49352E-03  -2.49028E-03   2.18746E-02
 1.51200E+02   5.64973E-03  -3.53353E-03   5.79398E-03  -1.13764E-02   4.75409E-03  -1.83060E-02   2.84107E-03  -2.18291E-02   5.47680E-04  -2.06196E-02  -1.59007E-03  -1.47187E-02  -3.12659E-03  -5.44311E-03  -3.80263E-03   4.99194E-03  -3.58390E-03   1.40538E-02  -2.63985E-03   1.95386E-02  -1.27573E-03   2.01278E-02   1.58471E-04   1.57199E-02   1.35542E-03   7.45903E-03   2.11210E-03  -2.54475E-03   2.35366E-03  -1.17297E-02   2.11978E-03  -1.77017E-02   1.52417E-03  -1.87989E-02   7.04363E-04  -1.44557E-02  -2.21526E-04  -5.26381E-03  -1.17884E-03   7.30591E-03  -2.13762E-03   2.14823E-02
 1.52300E+02   5.50557E-03  -2.76992E-03   5.59467E-03  -1.05491E-02   4.52295E-03  -1.75758E-02   2.61550E-03  -2.13298E-02   3.71821E-04  -2.04274E-02  -1.67575E-03  -1.48388E-02  -3.09638E-03  -5.81529E-03  -3.65431E-03   4.47396E-03  -3.34230E-03   1.35143E-02  -2.35376E-03   1.90914E-02  -1.00799E-03   1.98538E-02   3.45350E-04   1.56548E-02   1.41493E-03   7.59245E-03   2.02647E-03  -2.26065E-03   2.14021E-03  -1.13660E-02   1.82897E-03  -1.73365E-02   1.22967E-03  -1.85045E-02   4.87513E-04  -1.42893E-02  -2.88377E-04  -5.26418E-03  -1.04528E-03   7.11721E-03  -1.77963E-03   2.10968E-02
 1.53400E+02   5.39100E-03  -2.02999E-03   5.42966E-03  -9.75239E-03   4.32435E-03  -1.68792E-02   2.41439E-03  -2.08614E-02   2.07757E-04  -2.02576E-02  -1.76412E-03  -1.49682E-02  -3.08206E-03  -6.18100E-03  -3.53107E-03   3.97753E-03  -3.12934E-03   1.30075E-02  -2.09377E-03   1.86813E-02  -7.58679E-04   1.96134E-02   5.24782E-04   1.56122E-02   1.47884E-03   7.73187E-03   1.95550E-03  -1.98877E-03   1.94817E-03  -1.10300E-02   1.56160E-03  -1.70083E-02   9.55555E-04  -1.82468E-02   2.83408E-04  -1.41496E-02  -3.53676E-04  -5.27241E-03  -9.23573E-04   6.94557E-03  -1.44789E-03   2.07562E-02
 1.54500E+02   5.30310E-03  -1.31056E-03   5.29534E-03  -8.98266E-03   4.15456E-03  -1.62125E-02   2.23456E-03  -2.04213E-02   5.34291E-05  -2.01089E-02  -1.85569E-03  -1.51070E-02  -3.08244E-03  -6.54190E-03  -3.43028E-03   3.49995E-03  -2.94141E-03   1.25302E-02  -1.85607E-03   1.83056E-02  -5.24534E-04   1.94045E-02   6.98738E-04   1.55911E-02   1.54738E-03   7.87766E-03   1.89767E-03  -1.72752E-03   1.77456E-03  -1.07195E-02   1.31391E-03  -1.67142E-02   6.98202E-04  -1.80236E-02   8.94963E-05  -1.40350E-02  -4.18079E-04  -5.28826E-03  -8.11933E-04   6.78964E-03  -1.13789E-03   2.04573E-02
 1.55700E+02   5.23484E-03  -5.45645E-04   5.18035E-03  -8.16967E-03   3.99859E-03  -1.55156E-02   2.05949E-03  -1.99703E-02  -1.05904E-04  -1.99693E-02  -1.95982E-03  -1.52694E-02  -3.09858E-03  -6.93190E-03  -3.34342E-03   2.99755E-03  -2.76144E-03   1.20399E-02  -1.61839E-03   1.79316E-02  -2.83124E-04   1.92103E-02   8.84315E-04   1.55918E-02   1.62780E-03   8.04442E-03   1.84810E-03  -1.45297E-03   1.60324E-03  -1.04072E-02   1.06237E-03  -1.64296E-02   4.32897E-04  -1.78169E-02  -1.13024E-04  -1.39372E-02  -4.88014E-04  -5.31402E-03  -6.99836E-04   6.63607E-03  -8.19952E-04   2.01758E-02
 1.56800E+02   5.19561E-03   1.40167E-04   5.10133E-03  -7.44556E-03   3.87974E-03  -1.49014E-02   1.91598E-03  -1.95812E-02  -2.45342E-04  -1.98608E-02  -2.05972E-03  -1.54287E-02  -3.12712E-03  -7.28756E-03  -3.28311E-03   2.55163E-03  -2.61676E-03   1.16154E-02  -1.41738E-03   1.76192E-02  -7.20653E-05   1.90615E-02   1.05228E-03   1.56133E-02   1.70706E-03   8.20480E-03   1.81399E-03  -1.20945E-03   1.46047E-03  -1.01431E-02   8.45946E-04  -1.61998E-02   2.00924E-04  -1.76591E-02  -2.92509E-04  -1.38713E-02  -5.52418E-04  -5.34527E-03  -6.04565E-04   6.50931E-03  -5.43457E-04   1.99561E-02
 1.57900E+02   5.17719E-03   8.13861E-04   5.04562E-03  -6.73869E-03   3.78187E-03  -1.43079E-02   1.78677E-03  -1.92135E-02  -3.79846E-04  -1.97702E-02  -2.16444E-03  -1.55981E-02  -3.16837E-03  -7.64286E-03  -3.23989E-03   2.11753E-03  -2.48935E-03   1.12126E-02  -1.23007E-03   1.73338E-02   1.31415E-04   1.89391E-02   1.21968E-03   1.56544E-02   1.79204E-03   8.37282E-03   1.78992E-03  -9.72491E-04   1.32952E-03  -9.89859E-03   6.40575E-04  -1.59977E-02  -2.27917E-05  -1.75303E-02  -4.67909E-04  -1.38270E-02  -6.17641E-04  -5.38374E-03  -5.15299E-04   6.39503E-03  -2.78214E-04   1.97711E-02
 1.59100E+02   5.17956E-03   1.53771E-03   5.00973E-03  -5.98411E-03   3.69710E-03  -1.36813E-02   1.66026E-03  -1.88344E-02  -5.22370E-04  -1.96905E-02  -2.28487E-03  -1.57949E-02  -3.22758E-03  -8.03156E-03  -3.21098E-03   1.65519E-03  -2.36806E-03   1.07952E-02  -1.03897E-03   1.70511E-02   3.47003E-04   1.88342E-02   1.40324E-03   1.57211E-02   1.89178E-03   8.56536E-03   1.77439E-03  -7.20150E-04   1.19833E-03  -9.65232E-03   4.26664E-04  -1.58071E-02  -2.59962E-04  -1.74210E-02  -6.56475E-04  -1.38026E-02  -6.90318E-04  -5.43390E-03  -4.23623E-04   6.28363E-03   1.40020E-06   1.96067E-02
 1.60200E+02   5.20148E-03   2.19341E-03   4.99845E-03  -5.30491E-03   3.63815E-03  -1.31236E-02   1.55613E-03  -1.85055E-02  -6.50345E-04  -1.96346E-02  -2.40158E-03  -1.59868E-02  -3.29485E-03  -8.39024E-03  -3.20035E-03   1.23975E-03  -2.27158E-03   1.04308E-02  -8.74024E-04   1.68165E-02   5.40651E-04   1.87634E-02   1.57378E-03   1.58020E-02   1.99021E-03   8.75085E-03   1.76954E-03  -4.93360E-04   1.08733E-03  -9.44391E-03   2.37829E-04  -1.56583E-02  -4.73177E-04  -1.73485E-02  -8.28380E-04  -1.38015E-02  -7.58868E-04  -5.48742E-03  -3.43892E-04   6.19293E-03   2.51352E-04   1.94890E-02
 1.61400E+02   5.24633E-03   2.90267E-03   5.00880E-03  -4.57480E-03   3.59308E-03  -1.25306E-02   1.45408E-03  -1.81651E-02  -7.88263E-04  -1.95914E-02  -2.53662E-03  -1.62090E-02  -3.38254E-03  -8.78557E-03  -3.20542E-03   7.93629E-04  -2.18096E-03   1.00510E-02  -7.03337E-04   1.65856E-02   7.49525E-04   1.87128E-02   1.76383E-03   1.59117E-02   2.10594E-03   8.96365E-03   1.77410E-03  -2.49704E-04   9.74986E-04  -9.23403E-03   3.76664E-05  -1.55228E-02  -7.03413E-04  -1.72984E-02  -1.01658E-03  -1.38229E-02  -8.36359E-04  -5.55407E-03  -2.60684E-04   6.10568E-03   5.19746E-04   1.93949E-02
 1.62500E+02   5.30637E-03   3.54939E-03   5.03854E-03  -3.91313E-03   3.56860E-03  -1.19993E-02   1.37012E-03  -1.78686E-02  -9.14167E-04  -1.95677E-02  -2.66827E-03  -1.64251E-02  -3.47633E-03  -9.15295E-03  -3.22498E-03   3.89488E-04  -2.11027E-03   9.71754E-03  -5.53857E-04   1.63955E-02   9.40457E-04   1.86900E-02   1.94309E-03   1.60318E-02   2.22037E-03   9.16888E-03   1.78713E-03  -2.87953E-05   8.78931E-04  -9.05652E-03  -1.42161E-04  -1.54223E-02  -9.14159E-04  -1.72783E-02  -1.19118E-03  -1.38629E-02  -9.10424E-04  -5.62286E-03  -1.87124E-04   6.03588E-03   7.64071E-04   1.93393E-02
 1.63700E+02   5.39252E-03   4.25339E-03   5.09279E-03  -3.19707E-03   3.55964E-03  -1.14307E-02   1.28803E-03  -1.75606E-02  -1.05205E-03  -1.95587E-02  -2.82144E-03  -1.66749E-02  -3.59380E-03  -9.56059E-03  -3.26241E-03  -4.79763E-05  -2.04575E-03   9.36789E-03  -3.96878E-04   1.62105E-02   1.14994E-03   1.86903E-02   2.14571E-03   1.61843E-02   2.35521E-03   9.40456E-03   1.81093E-03   2.10598E-04   7.80649E-04  -8.87795E-03  -3.36138E-04  -1.53373E-02  -1.14575E-03  -1.72840E-02  -1.38556E-03  -1.39285E-02  -9.95176E-04  -5.70645E-03  -1.09070E-04   5.97027E-03   1.03114E-03   1.93109E-02
 1.64900E+02   5.50052E-03   4.95812E-03   5.16987E-03  -2.48452E-03   3.56882E-03  -1.08714E-02   1.21502E-03  -1.72673E-02  -1.19163E-03  -1.95671E-02  -2.98570E-03  -1.69401E-02  -3.72784E-03  -9.97686E-03  -3.31673E-03  -4.83692E-04  -1.99361E-03   9.03133E-03  -2.44794E-04   1.60476E-02   1.36249E-03   1.87164E-02   2.35739E-03   1.63596E-02   2.50154E-03   9.65335E-03   1.84482E-03   4.49389E-04   6.88177E-04  -8.71407E-03  -5.29605E-04  -1.52774E-02  -1.38118E-03  -1.73179E-02  -1.58571E-03  -1.40169E-02  -1.08477E-03  -5.79918E-03  -3.25611E-05   5.91517E-03   1.30119E-03   1.93156E-02
 1.66100E+02   5.63098E-03   5.66584E-03   5.27015E-03  -1.77302E-03   3.59604E-03  -1.03193E-02   1.15041E-03  -1.69874E-02  -1.33406E-03  -1.95926E-02  -3.16236E-03  -1.72215E-02  -3.87946E-03  -1.04033E-02  -3.38824E-03  -9.19463E-04  -1.95330E-03   8.70625E-03  -9.62068E-05   1.59057E-02   1.58000E-03   1.87680E-02   2.57997E-03   1.65579E-02   2.66060E-03   9.91613E-03   1.88901E-03   6.88640E-04   6.00617E-04  -8.56392E-03  -7.24352E-04  -1.52419E-02  -1.62260E-03  -1.73799E-02  -1.79346E-03  -1.41282E-02  -1.18000E-03  -5.90133E-03   4.31323E-05   5.87016E-03   1.57674E-03   1.93529E-02
 1.67300E+02   5.78484E-03   6.37880E-03   5.39435E-03  -1.06014E-03   3.64144E-03  -9.77246E-03   1.09362E-03  -1.67197E-02  -1.48053E-03  -1.96350E-02  -3.35288E-03  -1.75200E-02  -4.04991E-03  -1.08414E-02  -3.47752E-03  -1.35704E-03  -1.92442E-03   8.39115E-03   5.02066E-05   1.57840E-02   1.80438E-03   1.88450E-02   2.81541E-03   1.67799E-02   2.83380E-03   1.01938E-02   1.94389E-03   9.29385E-04   5.17160E-04  -8.42663E-03  -9.22162E-04  -1.52302E-02  -1.87221E-03  -1.74697E-02  -2.01069E-03  -1.42626E-02  -1.28173E-03  -6.01322E-03   1.18715E-04   5.83490E-03   1.86031E-03   1.94225E-02
 1.68500E+02   5.96338E-03   7.09919E-03   5.54352E-03  -3.43531E-04   3.70545E-03  -9.22883E-03   1.04421E-03  -1.64631E-02  -1.63227E-03  -1.96943E-02  -3.55890E-03  -1.78365E-02  -4.24070E-03  -1.12928E-02  -3.58540E-03  -1.79815E-03  -1.90675E-03   8.08463E-03   1.95726E-04   1.56817E-02   2.03765E-03   1.89473E-02   3.06588E-03   1.70260E-02   3.02274E-03   1.04874E-02   2.00999E-03   1.17264E-03   4.37062E-04  -8.30147E-03  -1.12485E-03  -1.52421E-02  -2.13232E-03  -1.75874E-02  -2.23945E-03  -1.44203E-02  -1.39091E-03  -6.13523E-03   1.94885E-04   5.80911E-03   2.15457E-03   1.95243E-02
 1.69700E+02   6.16820E-03   7.82921E-03   5.71908E-03   3.79120E-04   3.78876E-03  -8.68655E-03   1.00186E-03  -1.62167E-02  -1.79059E-03  -1.97705E-02  -3.78231E-03  -1.81719E-02  -4.45365E-03  -1.17591E-02  -3.71298E-03  -2.24449E-03  -1.90027E-03   7.78537E-03   3.41615E-04   1.55981E-02   2.28196E-03   1.90751E-02   3.33373E-03   1.72972E-02   3.22928E-03   1.07980E-02   2.08802E-03   1.41941E-03   3.59635E-04  -8.18777E-03  -1.33430E-03  -1.52773E-02  -2.40542E-03  -1.77333E-02  -2.48192E-03  -1.46017E-02  -1.50863E-03  -6.26780E-03   2.72347E-04   5.79258E-03   2.46230E-03   1.96584E-02
 1.70900E+02   6.40133E-03   8.57104E-03   5.92286E-03   1.11011E-03   3.89236E-03  -8.14378E-03   9.66326E-04  -1.59794E-02  -1.95690E-03  -1.98638E-02  -4.02525E-03  -1.85275E-02  -4.69091E-03  -1.22419E-02  -3.86167E-03  -2.69772E-03  -1.90508E-03   7.49213E-03   4.89144E-04   1.55328E-02   2.53961E-03   1.92288E-02   3.62161E-03   1.75943E-02   3.45551E-03   1.11267E-02   2.17886E-03   1.67070E-03   2.84228E-04  -8.08494E-03  -1.55250E-03  -1.53357E-02  -2.69416E-03  -1.79077E-02  -2.74053E-03  -1.48076E-02  -1.63608E-03  -6.41139E-03   3.51829E-04   5.78516E-03   2.78653E-03   1.98251E-02
 1.72200E+02   6.68869E-03   9.39058E-03   6.17806E-03   1.91407E-03   4.02900E-03  -7.55315E-03   9.35389E-04  -1.57316E-02  -2.14787E-03  -1.99844E-02  -4.31333E-03  -1.89367E-02  -4.97833E-03  -1.27854E-02  -4.04859E-03  -3.19845E-03  -1.92339E-03   7.17987E-03   6.52339E-04   1.54821E-02   2.83674E-03   1.94247E-02   3.95952E-03   1.79465E-02   3.72565E-03   1.15046E-02   2.29300E-03   1.94917E-03   2.04090E-04  -7.98522E-03  -1.80126E-03  -1.54253E-02  -3.02804E-03  -1.81293E-02  -3.04200E-03  -1.50589E-02  -1.78671E-03  -6.57998E-03   4.41102E-04   5.78728E-03   3.16023E-03   2.00430E-02
 1.73400E+02   6.98925E-03   1.01641E-02   6.44840E-03   2.66973E-03   4.17941E-03  -7.00363E-03   9.13778E-04  -1.55107E-02  -2.33595E-03  -2.01141E-02  -4.60525E-03  -1.93378E-02  -5.27490E-03  -1.33080E-02  -4.24726E-03  -3.67142E-03  -1.95290E-03   6.89543E-03   8.07565E-04   1.54537E-02   3.13067E-03   1.96335E-02   4.29910E-03   1.83007E-02   4.00116E-03   1.18749E-02   2.41430E-03   2.21305E-03   1.30891E-04  -7.90347E-03  -2.04482E-03  -1.55325E-02  -3.35920E-03  -1.83649E-02  -3.34321E-03  -1.53177E-02  -1.93902E-03  -6.74825E-03   5.27313E-04   5.79854E-03   3.52984E-03   2.02791E-02
 1.74700E+02   7.35734E-03   1.10231E-02   6.78288E-03   3.50573E-03   4.37111E-03  -6.40160E-03   8.97986E-04  -1.52788E-02  -2.55479E-03  -2.02748E-02  -4.95361E-03  -1.97992E-02  -5.63425E-03  -1.38987E-02  -4.49383E-03  -4.19743E-03  -1.99933E-03   6.59010E-03   9.82454E-04   1.54423E-02   3.47420E-03   1.98905E-02   4.70157E-03   1.87175E-02   4.33188E-03   1.23008E-02   2.56488E-03   2.50750E-03   5.16954E-05  -7.82561E-03  -2.32690E-03  -1.56755E-02  -3.74726E-03  -1.86544E-02  -3.69846E-03  -1.56284E-02  -2.12055E-03  -6.94494E-03   6.25902E-04   5.82082E-03   3.96187E-03   2.05739E-02
 1.75900E+02   7.74089E-03   1.18377E-02   7.13437E-03   4.29582E-03   4.57730E-03  -5.83787E-03   8.90644E-04  -1.50709E-02  -2.77308E-03  -2.04423E-02  -5.30890E-03  -2.02514E-02  -6.00558E-03  -1.44685E-02  -4.75367E-03  -4.69731E-03  -2.05653E-03   6.30978E-03   1.15183E-03   1.54497E-02   3.81836E-03   2.01571E-02   5.10980E-03   1.91341E-02   4.67104E-03   1.27184E-02   2.72363E-03   2.78826E-03  -2.19896E-05  -7.76325E-03  -2.60728E-03  -1.58326E-02  -4.13704E-03  -1.89543E-02  -4.05733E-03  -1.59440E-02  -2.30561E-03  -7.14046E-03   7.22773E-04   5.85071E-03   4.39490E-03   2.08827E-02
 1.77200E+02   8.20987E-03   1.27463E-02   7.56716E-03   5.17424E-03   4.83597E-03  -5.21657E-03   8.90893E-04  -1.48515E-02  -3.03018E-03  -2.06450E-02  -5.73570E-03  -2.07712E-02  -6.45664E-03  -1.51146E-02  -5.07447E-03  -5.25625E-03  -2.13540E-03   6.00657E-03   1.34605E-03   1.54769E-02   4.22550E-03   2.04784E-02   5.59803E-03   1.96213E-02   5.08052E-03   1.31986E-02   2.91976E-03   3.10326E-03  -1.03236E-04  -7.70566E-03  -2.93668E-03  -1.60306E-02  -4.59932E-03  -1.93156E-02  -4.48511E-03  -1.63184E-02  -2.52793E-03  -7.36814E-03   8.35412E-04   5.89324E-03   4.90753E-03   2.12582E-02
 1.78500E+02   8.74194E-03   1.36845E-02   8.06117E-03   6.07859E-03   5.13590E-03  -4.58234E-03   9.00217E-04  -1.46374E-02  -3.31236E-03  -2.08702E-02  -6.21260E-03  -2.13238E-02  -6.96567E-03  -1.57925E-02  -5.44162E-03  -5.83516E-03  -2.23366E-03   5.70275E-03   1.55394E-03   1.55240E-02   4.67434E-03   2.08344E-02   6.14163E-03   2.01474E-02   5.54030E-03   1.37095E-02   3.14439E-03   3.43066E-03  -1.86843E-04  -7.65810E-03  -3.29760E-03  -1.62579E-02  -5.11023E-03  -1.97157E-02  -4.96006E-03  -1.67277E-02  -2.77651E-03  -7.61306E-03   9.57649E-04   5.94640E-03   5.47319E-03   2.16772E-02
 1.79800E+02   9.34628E-03   1.46547E-02   8.62517E-03   7.01123E-03   5.48276E-03  -3.93345E-03   9.19365E-04  -1.44280E-02  -3.62396E-03  -2.11185E-02  -6.74755E-03  -2.19104E-02  -7.54150E-03  -1.65042E-02  -5.86183E-03  -6.43577E-03  -2.35361E-03   5.39727E-03   1.77844E-03   1.55909E-02   5.17210E-03   2.12261E-02   6.74973E-03   2.07138E-02   6.05837E-03   1.42525E-02   3.40171E-03   3.77148E-03  -2.73801E-04  -7.62028E-03  -3.69579E-03  -1.65149E-02  -5.67820E-03  -2.01558E-02  -5.49016E-03  -1.71729E-02  -3.05564E-03  -7.87593E-03   1.09137E-03   6.01025E-03   6.10118E-03   2.21409E-02
 1.81100E+02   1.00339E-02   1.56587E-02   9.26968E-03   7.97409E-03   5.88333E-03  -3.26840E-03   9.49307E-04  -1.42226E-02  -3.97008E-03  -2.13902E-02  -7.34998E-03  -2.25324E-02  -8.19467E-03  -1.72512E-02  -6.34314E-03  -7.05949E-03  -2.49807E-03   5.08924E-03   2.02296E-03   1.56775E-02   5.72732E-03   2.16540E-02   7.43312E-03   2.13215E-02   6.64422E-03   1.48287E-02   3.69672E-03   4.12657E-03  -3.65217E-04  -7.59190E-03  -4.13800E-03  -1.68021E-02  -6.31319E-03  -2.06364E-02  -6.08487E-03  -1.76549E-02  -3.37040E-03  -8.15726E-03   1.23879E-03   6.08480E-03   6.80250E-03   2.26499E-02
 1.82400E+02   1.08180E-02   1.66979E-02   1.00073E-02   8.96848E-03   6.34585E-03  -2.58619E-03   9.91274E-04  -1.40207E-02  -4.35680E-03  -2.16854E-02  -8.03113E-03  -2.31902E-02  -8.93777E-03  -1.80343E-02  -6.89523E-03  -7.70724E-03  -2.67047E-03   4.77800E-03   2.29147E-03   1.57835E-02   6.35010E-03   2.21182E-02   8.20469E-03   2.19710E-02   7.30918E-03   1.54387E-02   4.03543E-03   4.49644E-03  -4.62346E-04  -7.57266E-03  -4.63221E-03  -1.71193E-02  -7.02701E-03  -2.11578E-02  -6.75540E-03  -1.81739E-02  -3.72686E-03  -8.45730E-03   1.40250E-03   6.16998E-03   7.59017E-03   2.32044E-02
 1.83700E+02   1.17144E-02   1.77723E-02   1.08533E-02   9.99467E-03   6.88019E-03  -1.88647E-03   1.04680E-03  -1.38219E-02  -4.79131E-03  -2.20038E-02  -8.80443E-03  -2.38837E-02  -9.78589E-03  -1.88536E-02  -7.52972E-03  -8.37914E-03  -2.87501E-03   4.46321E-03   2.58867E-03   1.59085E-02   7.05245E-03   2.26182E-02   9.07977E-03   2.26619E-02   8.06677E-03   1.60823E-02   4.42509E-03   4.88116E-03  -5.66627E-04  -7.56222E-03  -5.18791E-03  -1.74660E-02  -7.83368E-03  -2.17194E-02  -7.51510E-03  -1.87295E-02  -4.13224E-03  -8.77585E-03   1.58556E-03   6.26554E-03   8.47964E-03   2.38036E-02
 1.85000E+02   1.27421E-02   1.88806E-02   1.18257E-02   1.10514E-02   7.49825E-03  -1.16995E-03   1.11778E-03  -1.36260E-02  -5.28218E-03  -2.23443E-02  -9.68594E-03  -2.46112E-02  -1.07571E-02  -1.97075E-02  -8.26053E-03  -9.07417E-03  -3.11677E-03   4.14498E-03   2.92008E-03   1.60515E-02   7.84869E-03   2.31523E-02   1.00767E-02   2.33923E-02   8.93319E-03   1.67578E-02   4.87434E-03   5.28001E-03  -6.79733E-04  -7.56013E-03  -5.81636E-03  -1.78408E-02  -8.74994E-03  -2.23191E-02  -8.37993E-03  -1.93198E-02  -4.59520E-03  -9.11201E-03   1.79161E-03   6.37095E-03   9.48937E-03   2.44452E-02
 1.86300E+02   1.39238E-02   2.00189E-02   1.29465E-02   1.21350E-02   8.21431E-03  -4.38861E-04   1.20652E-03  -1.34333E-02  -5.83964E-03  -2.27050E-02  -1.06948E-02  -2.53694E-02  -1.18730E-02  -2.05920E-02  -9.10438E-03  -9.78947E-03  -3.40187E-03   3.82415E-03   3.29227E-03   1.62110E-02   8.75589E-03   2.37172E-02   1.12173E-02   2.41578E-02   9.92778E-03   1.74618E-02   5.39358E-03   5.69120E-03  -8.03615E-04  -7.56578E-03  -6.53097E-03  -1.82408E-02  -9.79574E-03  -2.29530E-02  -9.36889E-03  -1.99411E-02  -5.12606E-03  -9.46379E-03   2.02497E-03   6.48526E-03   1.06413E-02   2.51249E-02
 1.87700E+02   1.53998E-02   2.12698E-02   1.43494E-02   1.33238E-02   9.11468E-03   3.59490E-04   1.32518E-03  -1.32299E-02  -6.52840E-03  -2.31116E-02  -1.19501E-02  -2.62124E-02  -1.32662E-02  -2.15706E-02  -1.01625E-02  -1.05761E-02  -3.76583E-03   3.47786E-03   3.74760E-03   1.63984E-02   9.88030E-03   2.43529E-02   1.26362E-02   2.50128E-02   1.11688E-02   1.82440E-02   6.04530E-03   6.14381E-03  -9.51703E-04  -7.57953E-03  -7.41524E-03  -1.86941E-02  -1.10942E-02  -2.36656E-02  -1.05988E-02  -2.06371E-02  -5.78783E-03  -9.85595E-03   2.31273E-03   6.61646E-03   1.20710E-02   2.58902E-02
 1.89000E+02   1.69938E-02   2.24408E-02   1.58670E-02   1.44349E-02   1.00924E-02   1.10248E-03   1.46040E-03  -1.30461E-02  -7.26546E-03  -2.34999E-02  -1.33013E-02  -2.70080E-02  -1.47703E-02  -2.24900E-02  -1.13090E-02  -1.13115E-02  -4.16603E-03   3.15918E-03   4.23083E-03   1.65825E-02   1.10870E-02   2.49577E-02   1.41639E-02   2.58214E-02   1.25081E-02   1.89806E-02   6.75216E-03   6.56680E-03  -1.10570E-03  -7.59806E-03  -8.36301E-03  -1.91276E-02  -1.24898E-02  -2.43426E-02  -1.19227E-02  -2.12964E-02  -6.50156E-03  -1.02260E-02   2.62025E-03   6.74304E-03   1.36072E-02   2.66180E-02
 1.90400E+02   1.89958E-02   2.36871E-02   1.77759E-02   1.56152E-02   1.13262E-02   1.88883E-03   1.63771E-03  -1.28560E-02  -8.18414E-03  -2.39180E-02  -1.49941E-02  -2.78575E-02  -1.66593E-02  -2.34679E-02  -1.27534E-02  -1.20904E-02  -4.67624E-03   2.82577E-03   4.82895E-03   1.67845E-02   1.25950E-02   2.56060E-02   1.60780E-02   2.66838E-02   1.41898E-02   1.97635E-02   7.64338E-03   7.01376E-03  -1.29297E-03  -7.62199E-03  -9.54622E-03  -1.95929E-02  -1.42362E-02  -2.50659E-02  -1.35813E-02  -2.19992E-02  -7.39730E-03  -1.06194E-02   3.00323E-03   6.87963E-03   1.55293E-02   2.73958E-02
 1.91800E+02   2.13470E-02   2.48774E-02   2.00208E-02   1.67396E-02   1.27812E-02   2.63532E-03   1.85352E-03  -1.26782E-02  -9.25615E-03  -2.43180E-02  -1.69782E-02  -2.86651E-02  -1.88782E-02  -2.43945E-02  -1.44543E-02  -1.28258E-02  -5.28326E-03   2.51353E-03   5.52275E-03   1.69786E-02   1.43588E-02   2.62203E-02   1.83223E-02   2.74983E-02   1.61650E-02   2.05009E-02   8.69387E-03   7.43314E-03  -1.50681E-03  -7.64657E-03  -1.09292E-02  -2.00325E-02  -1.62817E-02  -2.57473E-02  -1.55260E-02  -2.26604E-02  -8.44902E-03  -1.09889E-02   3.44995E-03   7.00874E-03   1.77801E-02   2.81277E-02
 1.93200E+02   2.41082E-02   2.59482E-02   2.26600E-02   1.77471E-02   1.44956E-02   3.30180E-03   2.11429E-03  -1.25195E-02  -1.05084E-02  -2.46714E-02  -1.93043E-02  -2.93770E-02  -2.14843E-02  -2.52090E-02  -1.64565E-02  -1.34707E-02  -6.00365E-03   2.23989E-03   6.32927E-03   1.71466E-02   1.64236E-02   2.67531E-02   2.09544E-02   2.82035E-02   1.84852E-02   2.11385E-02   9.93132E-03   7.79565E-03  -1.75212E-03  -7.66655E-03  -1.25471E-02  -2.04090E-02  -1.86789E-02  -2.63311E-02  -1.78070E-02  -2.32266E-02  -9.68404E-03  -1.13055E-02   3.97170E-03   7.11835E-03   2.04176E-02   2.87524E-02
 1.94600E+02   2.73410E-02   2.68041E-02   2.57528E-02   1.85460E-02   1.65084E-02   3.82819E-03   2.42658E-03  -1.23899E-02  -1.19683E-02  -2.49358E-02  -2.20244E-02  -2.99133E-02  -2.45362E-02  -2.58212E-02  -1.88053E-02  -1.39550E-02  -6.85436E-03   2.03097E-03   7.26588E-03   1.72617E-02   1.88351E-02   2.71334E-02   2.40335E-02   2.87084E-02   2.12025E-02   2.15953E-02   1.13840E-02   8.05759E-03  -2.03390E-03  -7.67419E-03  -1.44359E-02  -2.06669E-02  -2.14814E-02  -2.67342E-02  -2.04755E-02  -2.36187E-02  -1.11303E-02  -1.15261E-02   4.58001E-03   7.19063E-03   2.35008E-02   2.91785E-02
 1.96000E+02   3.10984E-02   2.73074E-02   2.93500E-02   1.90037E-02   1.88530E-02   4.12740E-03   2.79601E-03  -1.23042E-02  -1.36593E-02  -2.50501E-02  -2.51829E-02  -3.01581E-02  -2.80842E-02  -2.61001E-02  -2.15397E-02  -1.41770E-02  -7.84985E-03   1.92472E-03   8.34744E-03   1.72852E-02   2.16326E-02   2.72588E-02   2.76099E-02   2.88810E-02   2.43619E-02   2.17543E-02   1.30762E-02   8.15564E-03  -2.35643E-03  -7.65842E-03  -1.66264E-02  -2.07257E-02  -2.47351E-02  -2.68366E-02  -2.35754E-02  -2.37218E-02  -1.28116E-02  -1.15883E-02   5.28475E-03   7.19981E-03   2.70803E-02   2.92738E-02
 1.97400E+02   3.54049E-02   2.72665E-02   3.34752E-02   1.89363E-02   2.15449E-02   4.07842E-03   3.22514E-03  -1.22830E-02  -1.55924E-02  -2.49293E-02  -2.88003E-02  -2.99510E-02  -3.21514E-02  -2.58640E-02  -2.46778E-02  -1.39956E-02  -8.99680E-03   1.97390E-03   9.58094E-03   1.71636E-02   2.48345E-02   2.69873E-02   3.17072E-02   2.85383E-02   2.79842E-02   2.14529E-02   1.50189E-02   8.00194E-03  -2.72174E-03  -7.60396E-03  -1.91330E-02  -2.04741E-02  -2.84615E-02  -2.64719E-02  -2.71271E-02  -2.33771E-02  -1.47390E-02  -1.14054E-02   6.09054E-03   7.11020E-03   3.11796E-02   2.88552E-02
 1.98800E+02   4.02238E-02   2.64314E-02   3.80932E-02   1.81033E-02   2.45607E-02   3.52322E-03   3.70989E-03  -1.23533E-02  -1.77516E-02  -2.44629E-02  -3.28460E-02  -2.90821E-02  -3.67031E-02  -2.48758E-02  -2.81923E-02  -1.32264E-02  -1.02850E-02   2.24744E-03   1.09563E-02   1.68269E-02   2.84136E-02   2.61334E-02   3.62905E-02   2.74418E-02   3.20382E-02   2.04792E-02   1.71954E-02   7.48177E-03  -3.12704E-03  -7.49091E-03  -2.19345E-02  -1.97669E-02  -3.26287E-02  -2.54231E-02  -3.11002E-02  -2.23769E-02  -1.68961E-02  -1.08645E-02   6.99060E-03   6.87528E-03   3.57638E-02   2.76837E-02
 2.00200E+02   4.54096E-02   2.45068E-02   4.30639E-02   1.62204E-02   2.78084E-02   2.27501E-03   4.23442E-03  -1.25468E-02  -2.00725E-02  -2.35199E-02  -3.71982E-02  -2.73037E-02  -4.16015E-02  -2.28551E-02  -3.19761E-02  -1.16519E-02  -1.16741E-02   2.82683E-03   1.24331E-02   1.61926E-02   3.22625E-02   2.44781E-02   4.12211E-02   2.53094E-02   3.64007E-02   1.85825E-02   1.95390E-02   6.45957E-03  -3.56093E-03  -7.29581E-03  -2.49466E-02  -1.84325E-02  -3.71110E-02  -2.34336E-02  -3.53743E-02  -2.04764E-02  -1.92171E-02  -9.83221E-03   7.95800E-03   6.44007E-03   4.06944E-02   2.54772E-02
 2.01700E+02   5.10193E-02   2.09053E-02   4.84408E-02   1.27207E-02   3.13216E-02  -4.01409E-05   4.80211E-03  -1.29266E-02  -2.25823E-02  -2.18346E-02  -4.19049E-02  -2.41123E-02  -4.68989E-02  -1.92313E-02  -3.60682E-02  -8.82772E-03  -1.31766E-02   3.87809E-03   1.40296E-02   1.50906E-02   3.64238E-02   2.15706E-02   4.65522E-02   2.15599E-02   4.11175E-02   1.52461E-02   2.20729E-02   4.65578E-03  -4.02971E-03  -6.96954E-03  -2.82027E-02  -1.61150E-02  -4.19563E-02  -1.99717E-02  -3.99948E-02  -1.71669E-02  -2.17263E-02  -8.03161E-03   9.00360E-03   5.69013E-03   4.60240E-02   2.16491E-02
 2.03100E+02   5.57665E-02   1.59156E-02   5.29893E-02   7.88633E-03   3.42913E-02  -3.23475E-03   5.27888E-03  -1.34628E-02  -2.47087E-02  -1.95467E-02  -4.58878E-02  -1.97725E-02  -5.13788E-02  -1.43056E-02  -3.95265E-02  -4.98916E-03  -1.44435E-02   5.31395E-03   1.53831E-02   1.36142E-02   3.99446E-02   1.76563E-02   5.10597E-02   1.65101E-02   4.51038E-02   1.07523E-02   2.42126E-02   2.22289E-03  -4.42848E-03  -6.54033E-03  -3.09568E-02  -1.30120E-02  -4.60526E-02  -1.53324E-02  -4.38998E-02  -1.27307E-02  -2.38462E-02  -5.61613E-03   9.88818E-03   4.68973E-03   5.05292E-02   1.65265E-02
 2.04600E+02   5.95681E-02   8.91714E-03   5.66269E-02   1.11560E-03   3.66603E-02  -7.70665E-03   5.65026E-03  -1.42217E-02  -2.64187E-02  -1.63703E-02  -4.90780E-02  -1.37416E-02  -5.49596E-02  -7.46181E-03  -4.22838E-02   3.44131E-04  -1.54455E-02   7.31396E-03   1.64751E-02   1.15781E-02   4.27645E-02   1.22442E-02   5.46621E-02   9.52657E-03   4.82841E-02   4.53702E-03   2.59145E-02  -1.14441E-03  -4.75422E-03  -5.95405E-03  -3.31612E-02  -8.73354E-03  -4.93252E-02  -8.93248E-03  -4.70168E-02  -6.61010E-03  -2.55363E-02  -2.28220E-03   1.05969E-02   3.31299E-03   5.41275E-02   9.46516E-03
 2.06100E+02   6.12952E-02   7.57747E-04   5.82689E-02  -6.77371E-03   3.77167E-02  -1.29171E-02   5.79650E-03  -1.51121E-02  -2.72115E-02  -1.26859E-02  -5.05293E-02  -6.74113E-03  -5.65723E-02   4.82746E-04  -4.35112E-02   6.53625E-03  -1.58739E-02   9.64010E-03   1.69891E-02   9.22455E-03   4.40475E-02   5.97725E-03   5.62842E-02   1.43780E-03   4.97044E-02  -2.66298E-03   2.66636E-02  -5.04735E-03  -4.91618E-03  -5.28018E-03  -3.41614E-02  -3.78561E-03  -5.07973E-02  -1.52868E-03  -4.84125E-02   4.71591E-04  -2.62888E-02   1.57630E-03   1.09200E-02   1.72242E-03   5.57441E-02   1.29893E-03
 2.07600E+02   6.05527E-02  -7.60803E-03   5.75355E-02  -1.48636E-02   3.72106E-02  -1.82623E-02   5.67472E-03  -1.60303E-02  -2.69125E-02  -8.91534E-03  -4.99107E-02   4.29316E-04  -5.58425E-02   8.62336E-03  -4.29175E-02   1.28841E-02  -1.56194E-02   1.20288E-02   1.68151E-02   6.81920E-03   4.35013E-02  -4.38536E-04   5.55495E-02  -6.84663E-03   4.90302E-02  -1.00395E-02   2.62786E-02  -9.04847E-03  -4.88329E-03  -4.59394E-03  -3.37285E-02   1.27890E-03  -5.01265E-02   6.05250E-03  -4.77597E-02   7.72432E-03  -2.59253E-02   5.52900E-03   1.07842E-02   9.50186E-05   5.50022E-02  -7.06269E-03
 2.09100E+02   5.75224E-02  -1.51473E-02   5.46014E-02  -2.21605E-02   3.52570E-02  -2.30890E-02   5.30450E-03  -1.68646E-02  -2.56022E-02  -5.51524E-03  -4.73745E-02   6.90453E-03  -5.29424E-02   1.59810E-02  -4.06365E-02   1.86267E-02  -1.47321E-02   1.41950E-02   1.60039E-02   4.64954E-03   4.12605E-02  -6.23907E-03   5.26312E-02  -1.43425E-02   4.64153E-02  -1.67180E-02   2.48428E-02  -1.26744E-02  -4.66997E-03  -3.97679E-03  -3.19680E-02   5.86174E-03  -4.74703E-02   1.29166E-02  -4.52090E-02   1.42931E-02  -2.45279E-02   9.11022E-03   1.02233E-02  -1.37771E-03   5.20752E-02  -1.46355E-02
 2.10600E+02   5.28647E-02  -2.11287E-02   5.01018E-02  -2.79613E-02   3.22734E-02  -2.69347E-02   4.75728E-03  -1.75355E-02  -2.35726E-02  -2.80873E-03  -4.34742E-02   1.20720E-02  -4.84980E-02   2.18628E-02  -3.71547E-02   2.32256E-02  -1.33943E-02   1.59368E-02   1.47396E-02   2.91909E-03   3.78139E-02  -1.08835E-02   4.81589E-02  -2.03530E-02   4.24190E-02  -2.20795E-02   2.26588E-02  -1.55899E-02  -4.32844E-03  -3.48636E-03  -2.92626E-02   9.53945E-03  -4.34009E-02   1.84306E-02  -4.13071E-02   1.95729E-02  -2.23943E-02   1.19903E-02   9.35979E-03  -2.56021E-03   4.75926E-02  -2.07227E-02
 2.12100E+02   4.74025E-02  -2.52961E-02   4.48279E-02  -3.20196E-02   2.87801E-02  -2.96375E-02   4.12209E-03  -1.80154E-02  -2.11875E-02  -9.08992E-04  -3.88991E-02   1.57173E-02  -4.32894E-02   2.60259E-02  -3.30782E-02   2.64921E-02  -1.18328E-02   1.71835E-02   1.32513E-02   1.69907E-03   3.37704E-02  -1.41826E-02   4.29169E-02  -2.46345E-02   3.77381E-02  -2.59073E-02   2.01037E-02  -1.76780E-02  -3.92374E-03  -3.14282E-03  -2.60890E-02   1.21639E-02  -3.86311E-02   2.23730E-02  -3.67354E-02   2.33519E-02  -1.98957E-02   1.40540E-02   8.34640E-03  -3.40506E-03   4.23389E-02  -2.50808E-02
 2.13600E+02   4.18334E-02  -2.77852E-02   3.94507E-02  -3.44657E-02   2.52183E-02  -3.12831E-02   3.47438E-03  -1.83188E-02  -1.87555E-02   2.44020E-04  -3.42337E-02   1.79543E-02  -3.79777E-02   2.85993E-02  -2.89208E-02   2.85263E-02  -1.02403E-02   1.79725E-02   1.17336E-02   9.51598E-04   2.96462E-02  -1.62369E-02   3.75700E-02  -2.73166E-02   3.29634E-02  -2.83166E-02   1.74972E-02  -1.90008E-02  -3.51099E-03  -2.93543E-03  -2.28517E-02   1.38139E-02  -3.37651E-02   2.48616E-02  -3.20715E-02   2.57429E-02  -1.73467E-02   1.53626E-02   7.31255E-03  -3.93753E-03   3.69790E-02  -2.78396E-02
 2.15200E+02   3.62787E-02  -2.89672E-02   3.40853E-02  -3.56606E-02   2.16619E-02  -3.21115E-02   2.82413E-03  -1.84889E-02  -1.63323E-02   8.17500E-04  -2.95797E-02   1.91038E-02  -3.26756E-02   2.99492E-02  -2.47680E-02   2.96158E-02  -8.64608E-03   1.84140E-02   1.02224E-02   5.70133E-04   2.55310E-02  -1.73353E-02   3.22311E-02  -2.87741E-02   2.81933E-02  -2.96426E-02   1.48911E-02  -1.97415E-02  -3.10172E-03  -2.83449E-03  -1.96200E-02   1.47185E-02  -2.89051E-02   2.62408E-02  -2.74119E-02   2.70759E-02  -1.47991E-02   1.60966E-02   6.28067E-03  -4.23121E-03   3.16248E-02  -2.93792E-02
 2.16700E+02   3.16605E-02  -2.90823E-02   2.96214E-02  -3.58280E-02   1.86992E-02  -3.22646E-02   2.27715E-03  -1.85465E-02  -1.43216E-02   9.11406E-04  -2.57096E-02   1.93475E-02  -2.82616E-02   3.02752E-02  -2.13064E-02   2.99104E-02  -7.31223E-03   1.85599E-02   8.97025E-03   4.94192E-04   2.21074E-02  -1.76280E-02   2.77844E-02  -2.91952E-02   2.42167E-02  -3.00487E-02   1.27152E-02  -1.99855E-02  -2.76514E-03  -2.82199E-03  -1.69299E-02   1.49900E-02  -2.48554E-02   2.66749E-02  -2.35273E-02   2.75062E-02  -1.26740E-02   1.63394E-02   5.42197E-03  -4.32151E-03   2.71623E-02  -2.98779E-02
 2.18300E+02   2.74281E-02  -2.85069E-02   2.55264E-02  -3.53374E-02   1.59764E-02  -3.19912E-02   1.76744E-03  -1.85382E-02  -1.24842E-02   6.97781E-04  -2.21620E-02   1.90204E-02  -2.42089E-02   2.99629E-02  -1.81223E-02   2.97155E-02  -6.07867E-03   1.85294E-02   7.82847E-03   6.13133E-04   1.89674E-02  -1.74212E-02   2.36990E-02  -2.89804E-02   2.05584E-02  -2.98950E-02   1.07092E-02  -1.99310E-02  -2.46164E-03  -2.86776E-03  -1.44603E-02   1.48738E-02  -2.11327E-02   2.65348E-02  -1.99537E-02   2.73903E-02  -1.07174E-02   1.62864E-02   4.63407E-03  -4.28750E-03   2.30587E-02  -2.97466E-02
 2.19900E+02   2.38757E-02  -2.74881E-02   2.20844E-02  -3.44229E-02   1.36820E-02  -3.14425E-02   1.32975E-03  -1.84882E-02  -1.09482E-02   2.82960E-04  -1.91833E-02   1.83199E-02  -2.07983E-02   2.92326E-02  -1.54359E-02   2.91997E-02  -5.03019E-03   1.83836E-02   6.87681E-03   8.61140E-04   1.63288E-02  -1.68843E-02   2.02580E-02  -2.83452E-02   1.74714E-02  -2.93710E-02   9.01137E-03  -1.96792E-02  -2.21270E-03  -2.95265E-03  -1.23825E-02   1.44998E-02  -1.79945E-02   2.60130E-02  -1.69382E-02   2.69115E-02  -9.06428E-03   1.60370E-02   3.97161E-03  -4.17055E-03   1.95976E-02  -2.91960E-02
 2.21500E+02   2.09215E-02  -2.62214E-02   1.92170E-02  -3.32725E-02   1.17643E-02  -3.07421E-02   9.55089E-04  -1.84177E-02  -9.67761E-03  -2.46658E-04  -1.67052E-02   1.74099E-02  -1.79526E-02   2.82697E-02  -1.31871E-02   2.85072E-02  -4.14406E-03   1.81765E-02   6.09273E-03   1.18377E-03   1.41313E-02  -1.61621E-02   1.73833E-02  -2.74762E-02   1.48864E-02  -2.86427E-02   7.58413E-03  -1.93200E-02  -2.01201E-03  -3.06126E-03  -1.06492E-02   1.39817E-02  -1.53699E-02   2.52793E-02  -1.44129E-02   2.62319E-02  -7.67782E-03   1.56795E-02   3.41945E-03  -4.00702E-03   1.67013E-02  -2.84128E-02
 2.23100E+02   1.84734E-02  -2.48338E-02   1.68354E-02  -3.20084E-02   1.01649E-02  -2.99705E-02   6.33293E-04  -1.83405E-02  -8.63180E-03  -8.34891E-04  -1.46503E-02   1.63968E-02  -1.55840E-02   2.71950E-02  -1.13076E-02   2.77320E-02  -3.39456E-03   1.79435E-02   5.45067E-03   1.54563E-03   1.23066E-02  -1.53490E-02   1.49869E-02  -2.64950E-02   1.27250E-02  -2.78181E-02   6.38491E-03  -1.89118E-02  -1.85242E-03  -3.18360E-03  -9.20686E-03   1.33933E-02  -1.31788E-02   2.44445E-02  -1.23012E-02   2.54575E-02  -6.51614E-03   1.52716E-02   2.96048E-03  -3.82058E-03   1.42814E-02  -2.75190E-02
 2.24700E+02   1.64447E-02  -2.34048E-02   1.48560E-02  -3.07072E-02   8.82876E-03  -2.91781E-02   3.54777E-04  -1.82654E-02  -7.77255E-03  -1.44664E-03  -1.29461E-02   1.53475E-02  -1.36102E-02   2.60840E-02  -9.73315E-03   2.69329E-02  -2.75747E-03   1.77067E-02   4.92666E-03   1.92461E-03   1.07905E-02  -1.45039E-02   1.29858E-02  -2.54778E-02   1.09133E-02  -2.69650E-02   5.37364E-03  -1.84916E-02  -1.72723E-03  -3.31344E-03  -8.00513E-03   1.27809E-02  -1.13458E-02   2.35777E-02  -1.05310E-02   2.46546E-02  -5.53991E-03   1.48494E-02   2.57858E-03  -3.62608E-03   1.22548E-02  -2.65909E-02
 2.26300E+02   1.47602E-02  -2.19822E-02   1.32065E-02  -2.94148E-02   7.70812E-03  -2.83952E-02   1.11205E-04  -1.81976E-02  -7.06679E-03  -2.06080E-03  -1.15295E-02   1.43020E-02  -1.19598E-02   2.49823E-02  -8.40821E-03   2.61453E-02  -2.21177E-03   1.74795E-02   4.49992E-03   2.30742E-03   9.52736E-03  -1.36626E-02   1.13083E-02  -2.44706E-02   9.38741E-03  -2.61245E-02   4.51555E-03  -1.80816E-02  -1.63065E-03  -3.44707E-03  -7.00037E-03   1.21726E-02  -9.80555E-03   2.27210E-02  -9.03956E-03   2.38633E-02  -4.71498E-03   1.44349E-02   2.25980E-03  -3.43249E-03   1.05497E-02  -2.56747E-02
 2.27900E+02   1.33574E-02  -2.05933E-02   1.18268E-02  -2.81577E-02   6.76334E-03  -2.76392E-02  -1.04401E-04  -1.81402E-02  -6.48705E-03  -2.66532E-03  -1.03484E-02   1.32835E-02  -1.05735E-02   2.39160E-02  -7.28645E-03   2.53899E-02  -1.73988E-03   1.72697E-02   4.15326E-03   2.68648E-03   8.47088E-03  -1.28454E-02   9.89446E-03  -2.34999E-02   8.09397E-03  -2.53202E-02   3.78167E-03  -1.76946E-02  -1.55793E-03  -3.58240E-03  -6.15631E-03   1.15845E-02  -8.50355E-03   2.18987E-02  -7.77491E-03   2.31068E-02  -4.01292E-03   1.40408E-02   1.99253E-03  -3.24496E-03   9.10599E-03  -2.47972E-02
 2.29600E+02   1.21190E-02  -1.91706E-02   1.06019E-02  -2.68762E-02   5.91616E-03  -2.68759E-02  -3.09232E-04  -1.80926E-02  -5.98430E-03  -3.29000E-03  -9.30378E-03   1.22444E-02  -9.33600E-03   2.28377E-02  -6.27509E-03   2.46347E-02  -1.30339E-03   1.70707E-02   3.85711E-03   3.08072E-03   7.53288E-03  -1.20158E-02   8.62689E-03  -2.25245E-02   6.92596E-03  -2.45197E-02   3.11161E-03  -1.73167E-02  -1.50251E-03  -3.72690E-03  -5.40262E-03   1.09914E-02  -7.33178E-03   2.10772E-02  -6.63226E-03   2.23554E-02  -3.37572E-03   1.36521E-02   1.75446E-03  -3.05547E-03   7.80403E-03  -2.39234E-02
 2.31200E+02   1.11479E-02  -1.78882E-02   9.63456E-03  -2.57276E-02   5.23901E-03  -2.61994E-02  -4.84083E-04  -1.80612E-02  -5.59898E-03  -3.85849E-03  -8.48288E-03   1.13128E-02  -8.35208E-03   2.18806E-02  -5.46124E-03   2.39738E-02  -9.41439E-04   1.69080E-02   3.63464E-03   3.44199E-03   6.79200E-03  -1.12765E-02   7.61361E-03  -2.16660E-02   5.98410E-03  -2.38233E-02   2.56416E-03  -1.69957E-02  -1.46775E-03  -3.86314E-03  -4.80304E-03   1.04674E-02  -6.39065E-03   2.03596E-02  -5.71015E-03   2.17036E-02  -2.85872E-03   1.33179E-02   1.56563E-03  -2.88764E-03   6.75568E-03  -2.31633E-02
 2.32900E+02   1.02860E-02  -1.65874E-02   8.76843E-03  -2.45699E-02   4.62365E-03  -2.55264E-02  -6.55111E-04  -1.80426E-02  -5.26684E-03  -4.44122E-03  -7.75217E-03   1.03735E-02  -7.46357E-03   2.09272E-02  -4.71556E-03   2.33265E-02  -5.98160E-04   1.67622E-02   3.44801E-03   3.81510E-03   6.12829E-03  -1.05367E-02   6.69241E-03  -2.08192E-02   5.11883E-03  -2.31461E-02   2.05347E-03  -1.66929E-02  -1.44662E-03  -4.00816E-03  -4.26110E-03   9.94807E-03  -5.53007E-03   1.96584E-02  -4.86216E-03   2.10720E-02  -2.38024E-03   1.29978E-02   1.39557E-03  -2.72091E-03   5.79414E-03  -2.24242E-02
 2.34600E+02   9.56895E-03  -1.53486E-02   8.03976E-03  -2.34755E-02   4.09627E-03  -2.48997E-02  -8.14546E-04  -1.80392E-02  -5.00126E-03  -5.00291E-03  -7.14204E-03   9.48514E-03  -6.70791E-03   2.00379E-02  -4.06986E-03   2.27348E-02  -2.88603E-04   1.66443E-02   3.30456E-03   4.17776E-03   5.56943E-03  -9.84295E-03   5.90219E-03  -2.00389E-02   4.36697E-03  -2.25329E-02   1.60151E-03  -1.64293E-02  -1.43966E-03  -4.15376E-03  -3.79953E-03   9.46680E-03  -4.78645E-03   1.90194E-02  -4.12432E-03   2.05026E-02  -1.96071E-03   1.27133E-02   1.25137E-03  -2.56591E-03   4.96013E-03  -2.17550E-02
 2.36300E+02   8.97251E-03  -1.41679E-02   7.42502E-03  -2.24408E-02   3.64116E-03  -2.43174E-02  -9.65412E-04  -1.80509E-02  -4.79176E-03  -5.54532E-03  -6.63211E-03   8.64467E-03  -6.06171E-03   1.92096E-02  -3.50564E-03   2.21967E-02  -5.47241E-06   1.65536E-02   3.19785E-03   4.53118E-03   5.09733E-03  -9.19275E-03   5.21924E-03  -1.93220E-02   3.70718E-03  -2.19813E-02   1.19646E-03  -1.62038E-02  -1.44524E-03  -4.30042E-03  -3.40401E-03   9.02179E-03  -4.13807E-03   1.84402E-02  -3.47570E-03   1.99934E-02  -1.58861E-03   1.24635E-02   1.12847E-03  -2.42206E-03   4.22964E-03  -2.11532E-02
 2.38000E+02   8.47744E-03  -1.30408E-02   6.90553E-03  -2.14615E-02   3.24579E-03  -2.37766E-02  -1.11022E-03  -1.80776E-02  -4.63013E-03  -6.07070E-03  -6.20625E-03   7.84832E-03  -5.50635E-03   1.84383E-02  -3.00808E-03   2.17092E-02   2.57190E-04   1.64894E-02   3.12288E-03   4.87685E-03   4.69762E-03  -8.58296E-03   4.62460E-03  -1.86649E-02   3.12228E-03  -2.14882E-02   8.28739E-04  -1.60150E-02  -1.46217E-03  -4.44871E-03  -3.06313E-03   8.61075E-03  -3.56750E-03   1.79178E-02  -2.89948E-03   1.95413E-02  -1.25468E-03   1.22468E-02   1.02323E-03  -2.28864E-03   3.58339E-03  -2.06154E-02
 2.39700E+02   8.06850E-03  -1.19622E-02   6.46642E-03  -2.05328E-02   2.90010E-03  -2.32745E-02  -1.25110E-03  -1.81190E-02  -4.50996E-03  -6.58148E-03  -5.85165E-03   7.09196E-03  -5.02692E-03   1.77196E-02  -2.56524E-03   2.12694E-02   5.04314E-04   1.64509E-02   3.07577E-03   5.21639E-03   4.35886E-03  -8.01010E-03   4.10306E-03  -1.80635E-02   2.59840E-03  -2.10504E-02   4.90513E-04  -1.58612E-02  -1.48961E-03  -4.59927E-03  -2.76774E-03   8.23112E-03  -3.06071E-03   1.74486E-02  -2.38201E-03   1.91433E-02  -9.51346E-04   1.20615E-02   9.32760E-04  -2.16480E-03   3.00579E-03  -2.01378E-02
 2.41400E+02   7.73357E-03  -1.09269E-02   6.09582E-03  -1.96502E-02   2.59599E-03  -2.28083E-02  -1.38989E-03  -1.81749E-02  -4.42624E-03  -7.08015E-03  -5.55814E-03   6.37138E-03  -4.61146E-03   1.70493E-02  -2.16736E-03   2.08740E-02   7.40045E-04   1.64373E-02   3.05359E-03   5.55151E-03   4.07190E-03  -7.47066E-03   3.64229E-03  -1.75137E-02   2.12419E-03  -2.06644E-02   1.75282E-04  -1.57411E-02  -1.52699E-03  -4.75277E-03  -2.51048E-03   7.88035E-03  -2.60624E-03   1.70291E-02  -1.91214E-03   1.87960E-02  -6.72388E-04   1.19060E-02   8.54716E-04  -2.04973E-03   2.48409E-03  -1.97167E-02
 2.43200E+02   7.44895E-03  -9.87229E-03   5.76755E-03  -1.87604E-02   2.31201E-03  -2.23506E-02  -1.53638E-03  -1.82498E-02  -4.37307E-03  -7.59768E-03  -5.30497E-03   5.64289E-03  -4.23056E-03   1.63873E-02  -1.78624E-03   2.05007E-02   9.81161E-04   1.64493E-02   3.05484E-03   5.90336E-03   3.81640E-03  -6.93213E-03   3.20952E-03  -1.69833E-02   1.66586E-03  -2.03087E-02  -1.39494E-04  -1.56488E-02  -1.57705E-03  -4.91924E-03  -2.27305E-03   7.53764E-03  -2.17164E-03   1.66353E-02  -1.45628E-03   1.84802E-02  -3.97835E-04   1.17722E-02   7.83543E-04  -1.93655E-03   1.98100E-03  -1.93285E-02
 2.44900E+02   7.23833E-03  -8.91057E-03   5.51014E-03  -1.79579E-02   2.07408E-03  -2.19494E-02  -1.67584E-03  -1.83354E-02  -4.35331E-03  -8.07907E-03  -5.11356E-03   4.98333E-03  -3.91836E-03   1.58032E-02  -1.45730E-03   2.01879E-02   1.20412E-03   1.64848E-02   3.07772E-03   6.23459E-03   3.61463E-03  -6.45094E-03   2.84424E-03  -1.65274E-02   1.26615E-03  -2.00196E-02  -4.23732E-04  -1.55933E-02  -1.63413E-03  -5.08093E-03  -2.07676E-03   7.23863E-03  -1.79707E-03   1.63078E-02  -1.05698E-03   1.82282E-02  -1.53598E-04   1.16735E-02   7.25557E-04  -1.83703E-03   1.54324E-03  -1.90128E-02
 2.46700E+02   7.07020E-03  -7.92345E-03   5.28650E-03  -1.71435E-02   1.84925E-03  -2.15549E-02  -1.82625E-03  -1.84415E-02  -4.36222E-03  -8.58356E-03  -4.95571E-03   4.31094E-03  -3.63096E-03   1.52239E-02  -1.13560E-03   1.98961E-02   1.43828E-03   1.65476E-02   3.12373E-03   6.58598E-03   3.43756E-03  -5.96704E-03   2.49581E-03  -1.60886E-02   8.70618E-04  -1.97602E-02  -7.15470E-04  -1.55668E-02  -1.70503E-03  -5.25764E-03  -1.89405E-03   6.94571E-03  -1.43109E-03   1.60047E-02  -6.59899E-04   1.80075E-02   9.33132E-05   1.15969E-02   6.72549E-04  -1.73867E-03   1.11098E-03  -1.87292E-02
 2.48500E+02   6.95322E-03  -6.96343E-03   5.10764E-03  -1.63610E-02   1.64809E-03  -2.11890E-02  -1.98102E-03  -1.85639E-02  -4.40012E-03  -9.08524E-03  -4.83944E-03   3.66126E-03  -3.38200E-03   1.46810E-02  -8.35839E-04   1.96422E-02   1.67343E-03   1.66359E-02   3.19146E-03   6.93988E-03   3.29384E-03  -5.50619E-03   2.18028E-03  -1.56912E-02   4.97022E-04  -1.95461E-02  -1.00193E-03  -1.55726E-02  -1.78702E-03  -5.44084E-03  -1.73345E-03   6.67486E-03  -1.09021E-03   1.57438E-02  -2.82709E-04   1.78317E-02   3.32025E-04   1.15477E-02   6.27015E-04  -1.64678E-03   7.03553E-04  -1.84948E-02
 2.50300E+02   6.88333E-03  -6.02582E-03   4.96916E-03  -1.56061E-02   1.46708E-03  -2.08492E-02  -2.14172E-03  -1.87026E-02  -4.46597E-03  -9.58661E-03  -4.76125E-03   3.03048E-03  -3.16656E-03   1.41708E-02  -5.53265E-04   1.94239E-02   1.91241E-03   1.67494E-02   3.28068E-03   7.29809E-03   3.18004E-03  -5.06531E-03   1.89208E-03  -1.53322E-02   1.39563E-04  -1.93749E-02  -1.28703E-03  -1.56096E-02  -1.88060E-03  -5.63139E-03  -1.59183E-03   6.42396E-03  -7.68830E-04   1.55224E-02   8.04271E-05   1.76985E-02   5.66032E-04   1.15250E-02   5.88005E-04  -1.56065E-03   3.14454E-04  -1.83067E-02
 2.52100E+02   6.85762E-03  -5.10618E-03   4.86772E-03  -1.48750E-02   1.30327E-03  -2.05334E-02  -2.30993E-03  -1.88579E-02  -4.55934E-03  -1.00901E-02  -4.71860E-03   2.41505E-03  -2.98065E-03   1.36899E-02  -2.83756E-04   1.92392E-02   2.15796E-03   1.68882E-02   3.39160E-03   7.66238E-03   3.09352E-03  -4.64156E-03   1.62651E-03  -1.50085E-02  -2.06916E-04  -1.92447E-02  -1.57443E-03  -1.56774E-02  -1.98653E-03  -5.83015E-03  -1.46664E-03   6.19111E-03  -4.62041E-04   1.53383E-02   4.34746E-04   1.76063E-02   7.98540E-04   1.15279E-02   5.54754E-04  -1.47965E-03  -6.20772E-05  -1.81629E-02
 2.53900E+02   6.87417E-03  -4.20040E-03   4.80084E-03  -1.41639E-02   1.15420E-03  -2.02398E-02  -2.48733E-03  -1.90302E-02  -4.68036E-03  -1.05980E-02  -4.70978E-03   1.81166E-03  -2.82107E-03   1.32352E-02  -2.36377E-05   1.90864E-02   2.41287E-03   1.70523E-02   3.52488E-03   8.03447E-03   3.03232E-03  -4.23231E-03   1.37950E-03  -1.47176E-02  -5.47108E-04  -1.91537E-02  -1.86769E-03  -1.57756E-02  -2.10573E-03  -6.03802E-03  -1.35574E-03   5.97460E-03  -1.65467E-04   1.51896E-02   7.85062E-04   1.75534E-02   1.03258E-03   1.15559E-02   5.26650E-04  -1.40319E-03  -4.31283E-04  -1.80613E-02
 2.55700E+02   6.93199E-03  -3.30456E-03   4.76683E-03  -1.34696E-02   1.01780E-03  -1.99666E-02  -2.67568E-03  -1.92198E-02  -4.82970E-03  -1.11125E-02  -4.73382E-03   1.21719E-03  -2.68526E-03   1.28040E-02   2.30433E-04   1.89640E-02   2.67995E-03   1.72419E-02   3.68156E-03   8.41608E-03   2.99506E-03  -3.83513E-03   1.14757E-03  -1.44572E-02  -8.85402E-04  -1.91005E-02  -2.17034E-03  -1.59041E-02  -2.23940E-03  -6.25590E-03  -1.25740E-03   5.77288E-03   1.24899E-04   1.50746E-02   1.13593E-03   1.75387E-02   1.27109E-03   1.16086E-02   5.03209E-04  -1.33076E-03  -7.98057E-04  -1.80006E-02
 2.57600E+02   7.03761E-03  -2.36569E-03   4.76551E-03  -1.27515E-02   8.85626E-04  -1.96986E-02  -2.88851E-03  -1.94394E-02  -5.01940E-03  -1.16653E-02  -4.79450E-03   5.96130E-04  -2.56548E-03   1.23715E-02   4.95502E-04   1.88664E-02   2.97840E-03   1.74702E-02   3.87402E-03   8.83107E-03   2.98078E-03  -3.42649E-03   9.15679E-04  -1.42134E-02  -1.24509E-03  -1.90843E-02  -2.50397E-03  -1.60724E-02  -2.39777E-03  -6.49777E-03  -1.16564E-03   5.57447E-03   4.28814E-04   1.49884E-02   1.51176E-03   1.75636E-02   1.53097E-03   1.16906E-02   4.83111E-04  -1.25814E-03  -1.18776E-03  -1.79794E-02
 2.59500E+02   7.18977E-03  -1.42971E-03   4.79931E-03  -1.20451E-02   7.63852E-04  -1.94501E-02  -3.11822E-03  -1.96795E-02  -5.24408E-03  -1.22304E-02  -4.89188E-03  -2.15070E-05  -2.46815E-03   1.19596E-02   7.60824E-04   1.88001E-02   3.29756E-03   1.77280E-02   4.09656E-03   9.26051E-03   2.99179E-03  -3.02632E-03   6.93843E-04  -1.39993E-02  -1.61226E-03  -1.91081E-02  -2.85654E-03  -1.62747E-02  -2.57589E-03  -6.75295E-03  -1.08488E-03   5.38953E-03   7.34264E-04   1.49370E-02   1.89835E-03   1.76293E-02   1.80269E-03   1.17998E-02   4.67462E-04  -1.18896E-03  -1.58544E-03  -1.80013E-02
 2.61300E+02   7.37842E-03  -5.42147E-04   4.86405E-03  -1.13837E-02   6.56707E-04  -1.92312E-02  -3.35400E-03  -1.99266E-02  -5.49173E-03  -1.27794E-02  -5.01907E-03  -6.06263E-04  -2.39549E-03   1.15863E-02   1.01555E-03   1.87653E-02   3.62283E-03   1.80000E-02   4.33778E-03   9.68244E-03   3.02567E-03  -2.65294E-03   4.90233E-04  -1.38224E-02  -1.97153E-03  -1.91668E-02  -3.21239E-03  -1.64980E-02  -2.76505E-03  -7.00799E-03  -1.01750E-03   5.22556E-03   1.02889E-03   1.49195E-02   2.27937E-03   1.77287E-02   2.07444E-03   1.19282E-02   4.56536E-04  -1.12617E-03  -1.97459E-03  -1.80609E-02
 2.63200E+02   7.62715E-03   3.99140E-04   4.96798E-03  -1.06911E-02   5.51029E-04  -1.90165E-02  -3.62512E-03  -2.02090E-02  -5.79330E-03  -1.33756E-02  -5.19213E-03  -1.22588E-03  -2.33865E-03   1.12077E-02   1.29136E-03   1.87574E-02   3.99482E-03   1.83174E-02   4.62796E-03   1.01456E-02   3.08682E-03  -2.26283E-03   2.79515E-04  -1.36614E-02  -2.36782E-03  -1.92667E-02  -3.61613E-03  -1.67676E-02  -2.98906E-03  -7.29232E-03  -9.55153E-04   5.06322E-03   1.34957E-03   1.49332E-02   2.70259E-03   1.78726E-02   2.38035E-03   1.20902E-02   4.48996E-04  -1.06239E-03  -2.40400E-03  -1.81645E-02
 2.65100E+02   7.93058E-03   1.34834E-03   5.11030E-03  -1.00014E-02   4.51843E-04  -1.88174E-02  -3.92277E-03  -2.05142E-02  -6.14050E-03  -1.39911E-02  -5.40783E-03  -1.85060E-03  -2.30183E-03   1.08432E-02   1.57789E-03   1.87784E-02   4.40150E-03   1.86666E-02   4.95900E-03   1.06287E-02   3.17527E-03  -1.87491E-03   7.04186E-05  -1.35258E-02  -2.78715E-03  -1.94051E-02  -4.05456E-03  -1.70726E-02  -3.24145E-03  -7.59327E-03  -9.01130E-04   4.91086E-03   1.68468E-03   1.49793E-02   3.15346E-03   1.80565E-02   2.71026E-03   1.22799E-02   4.45515E-04  -1.00079E-03  -2.85869E-03  -1.83094E-02
 2.67000E+02   8.29370E-03   2.30866E-03   5.29373E-03  -9.31194E-03   3.58129E-04  -1.86328E-02  -4.25125E-03  -2.08430E-02  -6.53880E-03  -1.46281E-02  -5.66999E-03  -2.48291E-03  -2.28508E-03   1.04909E-02   1.87909E-03   1.88279E-02   4.84898E-03   1.90485E-02   5.33625E-03   1.11336E-02   3.29286E-03  -1.48737E-03  -1.39788E-04  -1.34142E-02  -3.23568E-03  -1.95818E-02  -4.53444E-03  -1.74137E-02  -3.52632E-03  -7.91188E-03  -8.54902E-04   4.76754E-03   2.03911E-03   1.50573E-02   3.63882E-03   1.82802E-02   3.06928E-03   1.24973E-02   4.46141E-04  -9.41031E-04  -3.34549E-03  -1.84954E-02
 2.69000E+02   8.74747E-03   3.33464E-03   5.53525E-03  -8.58405E-03   2.64384E-04  -1.84533E-02  -4.63592E-03  -2.12154E-02  -7.02062E-03  -1.53238E-02  -6.00151E-03  -3.15915E-03  -2.28966E-03   1.01314E-02   2.21673E-03   1.89101E-02   5.37195E-03   1.94867E-02   5.79036E-03   1.16903E-02   3.45089E-03  -1.07809E-03  -3.65338E-04  -1.33215E-02  -3.74698E-03  -1.98090E-02  -5.09289E-03  -1.78123E-02  -3.86667E-03  -8.26734E-03  -8.14263E-04   4.62550E-03   2.43905E-03   1.51734E-02   4.19545E-03   1.85587E-02   3.48505E-03   1.27564E-02   4.51391E-04  -8.79776E-04  -3.90107E-03  -1.87354E-02
 2.70900E+02   9.25485E-03   4.32618E-03   5.81562E-03  -7.88846E-03   1.79106E-04  -1.82958E-02  -5.04456E-03  -2.15947E-02  -7.54628E-03  -1.60103E-02  -6.37564E-03  -3.81362E-03  -2.31612E-03   9.79911E-03   2.56212E-03   1.90164E-02   5.92685E-03   1.99378E-02   6.28405E-03   1.22443E-02   3.63700E-03  -6.86583E-04  -5.86766E-04  -1.32560E-02  -4.27816E-03  -2.00635E-02  -5.68355E-03  -1.82289E-02  -4.23457E-03  -8.62483E-03  -7.83066E-04   4.49818E-03   2.85088E-03   1.53153E-02   4.77692E-03   1.88640E-02   3.92306E-03   1.30315E-02   4.60991E-04  -8.22869E-04  -4.47902E-03  -1.90049E-02
 2.72900E+02   9.88030E-03   5.38957E-03   6.17104E-03  -7.15030E-03   9.24444E-05  -1.81431E-02  -5.52812E-03  -2.20209E-02  -8.18211E-03  -1.67610E-02  -6.84028E-03  -4.51670E-03  -2.36889E-03   9.45780E-03   2.95781E-03   1.91573E-02   6.58317E-03   2.04494E-02   6.87980E-03   1.28547E-02   3.87545E-03  -2.70520E-04  -8.30966E-04  -1.32098E-02  -4.89535E-03  -2.03716E-02  -6.38053E-03  -1.87072E-02  -4.67660E-03  -9.02236E-03  -7.57974E-04   4.37144E-03   3.32579E-03   1.54973E-02   5.45597E-03   1.92275E-02   4.43825E-03   1.33512E-02   4.76341E-04  -7.64080E-04  -5.15153E-03  -1.93314E-02
 2.74800E+02   1.05739E-02   6.41922E-03   6.57370E-03  -6.44254E-03   1.22833E-05  -1.80096E-02  -6.04708E-03  -2.24511E-02  -8.87695E-03  -1.75007E-02  -7.35873E-03  -5.19866E-03  -2.44481E-03   9.14065E-03   3.37093E-03   1.93175E-02   7.28756E-03   2.09697E-02   7.52984E-03   1.34603E-02   4.14784E-03   1.29048E-04  -1.07723E-03  -1.31863E-02  -5.54801E-03  -2.07010E-02  -7.12733E-03  -1.91984E-02  -5.15735E-03  -9.41990E-03  -7.41615E-04   4.25740E-03   3.82479E-03   1.56998E-02   6.17727E-03   1.96115E-02   4.98888E-03   1.36826E-02   4.96399E-04  -7.09126E-04  -5.86374E-03  -1.96810E-02
 2.76800E+02   1.14252E-02   7.52272E-03   7.07619E-03  -5.69084E-03  -7.06334E-05  -1.78806E-02  -6.66735E-03  -2.29292E-02  -9.72001E-03  -1.83061E-02  -7.99830E-03  -5.93062E-03  -2.55488E-03   8.81372E-03   3.85332E-03   1.95124E-02   8.12981E-03   2.15512E-02   8.31781E-03   1.41234E-02   4.49004E-03   5.54013E-04  -1.35597E-03  -1.31816E-02  -6.31889E-03  -2.10841E-02  -8.01935E-03  -1.97517E-02  -5.73873E-03  -9.85801E-03  -7.32584E-04   4.14358E-03   4.41103E-03   1.59423E-02   7.03267E-03   2.00539E-02   5.64530E-03   1.40589E-02   5.23959E-04  -6.52145E-04  -6.70624E-03  -2.00876E-02
 2.78800E+02   1.24213E-02   8.64311E-03   7.67211E-03  -4.93404E-03  -1.52892E-04  -1.77627E-02  -7.37734E-03  -2.34303E-02  -1.06974E-02  -1.91352E-02  -8.74999E-03  -6.67449E-03  -2.69979E-03   8.49392E-03   4.39454E-03   1.97315E-02   9.09460E-03   2.21634E-02   9.23093E-03   1.48091E-02   4.89816E-03   9.82142E-04  -1.66000E-03  -1.31958E-02  -7.19285E-03  -2.15002E-02  -9.04051E-03  -2.03375E-02  -6.41127E-03  -1.03134E-02  -7.32485E-04   4.03582E-03   5.07268E-03   1.62113E-02   8.00605E-03   2.05307E-02   6.39559E-03   1.44596E-02   5.59017E-04  -5.96102E-04  -7.66288E-03  -2.05292E-02
 2.80800E+02   1.35872E-02   9.77336E-03   8.37716E-03  -4.17631E-03  -2.35373E-04  -1.76551E-02  -8.19381E-03  -2.39490E-02  -1.18333E-02  -1.99806E-02  -9.63326E-03  -7.42476E-03  -2.88452E-03   8.18217E-03   5.00667E-03   1.99705E-02   1.02052E-02   2.27987E-02   1.02920E-02   1.55103E-02   5.38331E-03   1.41040E-03  -1.99552E-03  -1.32261E-02  -8.19044E-03  -2.19423E-02  -1.02156E-02  -2.09478E-02  -7.19186E-03  -1.07807E-02  -7.42094E-04   3.93401E-03   5.82517E-03   1.65016E-02   9.12072E-03   2.10338E-02   7.25800E-03   1.48787E-02   6.02690E-04  -5.41242E-04  -8.75649E-03  -2.09978E-02
 2.82900E+02   1.50271E-02   1.09569E-02   9.25556E-03  -3.38816E-03  -3.23229E-04  -1.75524E-02  -9.18748E-03  -2.45030E-02  -1.32281E-02  -2.08724E-02  -1.07278E-02  -8.20865E-03  -3.12800E-03   7.86590E-03   5.74128E-03   2.02356E-02   1.15582E-02   2.34772E-02   1.15952E-02   1.62502E-02   5.99025E-03   1.85410E-03  -2.38955E-03  -1.32715E-02  -9.39751E-03  -2.24221E-02  -1.16473E-02  -2.16002E-02  -8.14977E-03  -1.12745E-02  -7.63760E-04   3.83372E-03   6.73294E-03   1.68197E-02   1.04734E-02   2.15766E-02   8.30785E-03   1.53277E-02   6.59310E-04  -4.85486E-04  -1.00817E-02  -2.15052E-02
 2.84900E+02   1.66407E-02   1.20594E-02   1.02468E-02  -2.65817E-03  -4.09116E-04  -1.74635E-02  -1.02880E-02  -2.50248E-02  -1.47842E-02  -2.17045E-02  -1.19578E-02  -8.93459E-03  -3.41464E-03   7.57944E-03   6.54564E-03   2.04908E-02   1.30585E-02   2.41137E-02   1.30497E-02   1.69382E-02   6.67760E-03   2.26128E-03  -2.81320E-03  -1.33218E-02  -1.07286E-02  -2.28757E-02  -1.32352E-02  -2.22107E-02  -9.21833E-03  -1.17327E-02  -7.96772E-04   3.74511E-03   7.73159E-03   1.71217E-02   1.19687E-02   2.20866E-02   9.47148E-03   1.57477E-02   7.25177E-04  -4.35109E-04  -1.15450E-02  -2.19827E-02
 2.87000E+02   1.86343E-02   1.31545E-02   1.14785E-02  -1.93631E-03  -5.02785E-04  -1.73783E-02  -1.16349E-02  -2.55423E-02  -1.67002E-02  -2.25249E-02  -1.34814E-02  -9.64669E-03  -3.78248E-03   7.30161E-03   7.52108E-03   2.07442E-02   1.48969E-02   2.47381E-02   1.48414E-02   1.76097E-02   7.53423E-03   2.65623E-03  -3.31920E-03  -1.33734E-02  -1.23525E-02  -2.33186E-02  -1.51815E-02  -2.28039E-02  -1.05344E-02  -1.21764E-02  -8.46155E-04   3.66062E-03   8.94777E-03   1.74153E-02   1.37971E-02   2.25806E-02   1.08973E-02   1.61538E-02   8.08967E-04  -3.86765E-04  -1.33325E-02  -2.24448E-02
 2.89000E+02   2.08642E-02   1.40856E-02   1.28623E-02  -1.32430E-03  -5.96440E-04  -1.73037E-02  -1.31302E-02  -2.59718E-02  -1.88375E-02  -2.32053E-02  -1.51891E-02  -1.02364E-02  -4.20616E-03   7.06979E-03   8.59600E-03   2.09472E-02   1.69401E-02   2.52432E-02   1.68412E-02   1.81534E-02   8.49916E-03   2.97780E-03  -3.86986E-03  -1.34093E-02  -1.41513E-02  -2.36667E-02  -1.73454E-02  -2.32725E-02  -1.20031E-02  -1.25282E-02  -9.09021E-04   3.59033E-03   1.02929E-02   1.76413E-02   1.58260E-02   2.29639E-02   1.24821E-02   1.64700E-02   9.04849E-04  -3.47512E-04  -1.53147E-02  -2.28009E-02
 2.91100E+02   2.36020E-02   1.48633E-02   1.45675E-02  -8.13095E-04  -7.00621E-04  -1.72301E-02  -1.49554E-02  -2.63022E-02  -2.14567E-02  -2.37349E-02  -1.72896E-02  -1.06986E-02  -4.73833E-03   6.87835E-03   9.90042E-03   2.10822E-02   1.94365E-02   2.56047E-02   1.92930E-02   1.85490E-02   9.69079E-03   3.22091E-03  -4.53137E-03  -1.34142E-02  -1.63433E-02  -2.38893E-02  -1.99906E-02  -2.35831E-02  -1.38039E-02  -1.27682E-02  -9.93599E-04   3.53063E-03   1.19304E-02   1.77732E-02   1.83023E-02   2.32001E-02   1.44191E-02   1.66690E-02   1.02470E-03  -3.17340E-04  -1.77326E-02  -2.30136E-02
 2.93200E+02   2.67864E-02   1.53148E-02   1.65565E-02  -5.13396E-04  -8.11783E-04  -1.71589E-02  -1.70684E-02  -2.64299E-02  -2.44983E-02  -2.39595E-02  -1.97363E-02  -1.09053E-02  -5.36837E-03   6.76614E-03   1.14035E-02   2.10815E-02   2.23292E-02   2.56835E-02   2.21418E-02   1.86557E-02   1.10832E-02   3.31237E-03  -5.28743E-03  -1.33585E-02  -1.88781E-02  -2.38698E-02  -2.30568E-02  -2.35908E-02  -1.58964E-02  -1.27948E-02  -1.09878E-03   3.49050E-03   1.38223E-02   1.77257E-02   2.11693E-02   2.31566E-02   1.66641E-02   1.66457E-02   1.16606E-03  -3.04273E-04  -2.05308E-02  -2.29546E-02
 2.95300E+02   3.04303E-02   1.52706E-02   1.88373E-02  -5.32556E-04  -9.30403E-04  -1.70866E-02  -1.94777E-02  -2.62444E-02  -2.79748E-02  -2.37176E-02  -2.25393E-02  -1.07247E-02  -6.09883E-03   6.76964E-03   1.31115E-02   2.08678E-02   2.56300E-02   2.53269E-02   2.53993E-02   1.83209E-02   1.26822E-02   3.17568E-03  -6.14123E-03  -1.32047E-02  -2.17661E-02  -2.34749E-02  -2.65567E-02  -2.31325E-02  -1.82891E-02  -1.24954E-02  -1.22493E-03   3.47726E-03   1.59766E-02   1.73995E-02   2.44390E-02   2.26813E-02   1.92266E-02   1.62805E-02   1.32951E-03  -3.16418E-04  -2.37211E-02  -2.24756E-02
 2.97500E+02   3.46899E-02   1.44544E-02   2.15076E-02  -1.04560E-03  -1.06197E-03  -1.70051E-02  -2.22871E-02  -2.55593E-02  -3.20353E-02  -2.27371E-02  -2.58182E-02  -9.93500E-03  -6.96047E-03   6.94878E-03   1.50981E-02   2.03073E-02   2.94805E-02   2.42719E-02   2.92047E-02   1.72827E-02   1.45557E-02   2.68022E-03  -7.12983E-03  -1.28857E-02  -2.51313E-02  -2.24717E-02  -3.06401E-02  -2.19238E-02  -2.10843E-02  -1.16742E-02  -1.37715E-03   3.50257E-03   1.84857E-02   1.66194E-02   2.82514E-02   2.15069E-02   2.22161E-02   1.53632E-02   1.52192E-03  -3.67594E-04  -2.74400E-02  -2.13153E-02
 2.99600E+02   3.90226E-02   1.26793E-02   2.42258E-02  -2.17153E-03  -1.19189E-03  -1.69165E-02  -2.51406E-02  -2.42670E-02  -3.61632E-02  -2.08584E-02  -2.91542E-02  -8.40461E-03  -7.84104E-03   7.34372E-03   1.71128E-02   1.93323E-02   3.33918E-02   2.23794E-02   3.30729E-02   1.54006E-02   1.64632E-02   1.75306E-03  -8.12978E-03  -1.23730E-02  -2.85469E-02  -2.07467E-02  -3.47877E-02  -1.98236E-02  -2.39253E-02  -1.02324E-02  -1.53455E-03   3.57556E-03   2.10315E-02   1.53038E-02   3.21220E-02   1.95065E-02   2.52522E-02   1.37931E-02   1.71830E-03  -4.65680E-04  -3.12150E-02  -1.93513E-02
 3.01800E+02   4.35107E-02   9.52039E-03   2.70412E-02  -4.17972E-03  -1.32664E-03  -1.68076E-02  -2.80958E-02  -2.20782E-02  -4.04376E-02  -1.76592E-02  -3.26082E-02  -5.78890E-03  -8.75248E-03   8.04733E-03   1.91984E-02   1.77337E-02   3.74401E-02   1.92393E-02   3.70763E-02   1.22655E-02   1.84370E-02   1.90374E-04  -9.16451E-03  -1.15614E-02  -3.20808E-02  -1.79352E-02  -3.90784E-02  -1.63865E-02  -2.68641E-02  -7.86318E-03  -1.69731E-03   3.71434E-03   2.36647E-02   1.31779E-02   3.61253E-02   1.62606E-02   2.83922E-02   1.12405E-02   1.92142E-03  -6.32288E-04  -3.51191E-02  -1.61736E-02
 3.04000E+02   4.74214E-02   4.90897E-03   2.94902E-02  -7.11379E-03  -1.45054E-03  -1.66797E-02  -3.06754E-02  -1.89550E-02  -4.41616E-02  -1.30830E-02  -3.56118E-02  -2.04143E-03  -9.53842E-03   9.07408E-03   2.10214E-02   1.54886E-02   4.09671E-02   1.48037E-02   4.05583E-02   7.82928E-03   2.01484E-02  -2.03306E-03  -1.00717E-02  -1.04418E-02  -3.51596E-02  -1.39992E-02  -4.28110E-02  -1.15652E-02  -2.94171E-02  -4.53331E-03  -1.83444E-03   3.92223E-03   2.59581E-02   1.02148E-02   3.96078E-02   1.17273E-02   3.11221E-02   7.67209E-03   2.09657E-03  -8.70133E-04  -3.85154E-02  -1.17419E-02
 3.06200E+02   5.01111E-02  -9.93290E-04   3.11642E-02  -1.08711E-02  -1.55193E-03  -1.65356E-02  -3.24622E-02  -1.50017E-02  -4.67232E-02  -7.28339E-03  -3.76644E-02   2.71227E-03  -1.00590E-02   1.03888E-02   2.22909E-02   1.26696E-02   4.33957E-02   9.21701E-03   4.29416E-02   2.23629E-03   2.13066E-02  -4.84440E-03  -1.07112E-02  -9.04912E-03  -3.72812E-02  -9.06406E-03  -4.53699E-02  -5.51336E-03  -3.11585E-02  -3.49209E-04  -1.91729E-03   4.19197E-03   2.75377E-02   6.50769E-03   4.19963E-02   6.04954E-03   3.29901E-02   3.20052E-03   2.21277E-03  -1.17145E-03  -4.08453E-02  -6.19536E-03
 3.08400E+02   5.10304E-02  -7.65703E-03   3.17146E-02  -1.51157E-02  -1.62088E-03  -1.63849E-02  -3.30997E-02  -1.05618E-02  -4.76005E-02  -7.63162E-04  -3.83389E-02   8.06079E-03  -1.01947E-02   1.18764E-02   2.27590E-02   9.51561E-03   4.42333E-02   2.95352E-03   4.37337E-02  -4.03917E-03   2.16634E-02  -8.00480E-03  -1.09633E-02  -7.49850E-03  -3.80171E-02  -3.54217E-03  -4.62296E-02   1.26322E-03  -3.17249E-02   4.33951E-03  -1.92134E-03   4.50006E-03   2.80843E-02   2.36382E-03   4.28014E-02  -3.01828E-04   3.36109E-02  -1.80336E-03   2.24356E-03  -1.51080E-03  -4.16317E-02   7.14184E-06
 3.10600E+02   4.99718E-02  -1.42894E-02   3.10098E-02  -1.93446E-02  -1.65375E-03  -1.62421E-02  -3.24537E-02  -6.14922E-03  -4.65962E-02   5.72428E-03  -3.74739E-02   1.33879E-02  -9.90049E-03   1.33651E-02   2.23322E-02   6.38462E-03   4.32939E-02  -3.27619E-03   4.27484E-02  -1.02866E-02   2.11250E-02  -1.11566E-02  -1.07830E-02  -5.96275E-03  -3.72055E-02   1.94841E-03  -4.51915E-02   8.00685E-03  -3.09790E-02   9.00900E-03  -1.83726E-03   4.81134E-03   2.74773E-02  -1.75652E-03   4.18384E-02  -6.62134E-03   3.28389E-02  -6.78388E-03   2.17892E-03  -1.85012E-03  -4.06947E-02   6.17818E-03
 3.12800E+02   4.71777E-02  -2.01104E-02   2.92032E-02  -2.30627E-02  -1.65521E-03  -1.61214E-02  -3.06815E-02  -2.26999E-03  -4.39407E-02   1.14375E-02  -3.52576E-02   1.80873E-02  -9.22851E-03   1.46855E-02   2.11201E-02   3.62901E-03   4.07950E-02  -8.77285E-03   4.02028E-02  -1.58069E-02   1.98005E-02  -1.39477E-02  -1.02233E-02  -4.61194E-03  -3.50358E-02   6.79947E-03  -4.24875E-02   1.39719E-02  -2.90810E-02   1.31438E-02  -1.67559E-03   5.09125E-03   2.58578E-02  -5.40033E-03   3.93230E-02  -1.22147E-02   3.08439E-02  -1.11942E-02   2.03044E-03  -2.15194E-03  -3.82448E-02   1.16412E-02
 3.15100E+02   4.30175E-02  -2.47898E-02   2.65276E-02  -2.60621E-02  -1.63473E-03  -1.60287E-02  -2.80249E-02   8.66181E-04  -3.99853E-02   1.60712E-02  -3.19750E-02   2.19107E-02  -8.25559E-03   1.57693E-02   1.92925E-02   1.39261E-03   3.70682E-02  -1.32532E-02   3.64263E-02  -2.03182E-02   1.78535E-02  -1.62372E-02  -9.36762E-03  -3.51476E-03  -3.17965E-02   1.07677E-02  -3.84692E-02   1.88612E-02  -2.62723E-02   1.65393E-02  -1.45073E-03   5.32648E-03   2.34407E-02  -8.38780E-03   3.55830E-02  -1.68072E-02   2.78833E-02  -1.48181E-02   1.81510E-03  -2.40154E-03  -3.46010E-02   1.61290E-02
 3.17400E+02   3.83087E-02  -2.78940E-02   2.35031E-02  -2.80664E-02  -1.60519E-03  -1.59727E-02  -2.50124E-02   2.97317E-03  -3.55068E-02   1.92048E-02  -2.82634E-02   2.45132E-02  -7.16165E-03   1.65198E-02   1.72166E-02  -1.22889E-04   3.28464E-02  -1.63158E-02   3.21533E-02  -2.34185E-02   1.56552E-02  -1.78222E-02  -8.39222E-03  -2.76955E-03  -2.81252E-02   1.35010E-02  -3.39198E-02   2.22425E-02  -2.30955E-02   1.88962E-02  -1.20037E-03   5.49694E-03   2.07008E-02  -1.04554E-02   3.13474E-02  -1.99944E-02   2.45319E-02  -1.73371E-02   1.57275E-03  -2.57714E-03  -3.04741E-02   1.92471E-02
 3.19700E+02   3.36267E-02  -2.96006E-02   2.04947E-02  -2.91886E-02  -1.57745E-03  -1.59501E-02  -2.20177E-02   4.16647E-03  -3.10525E-02   2.10075E-02  -2.45699E-02   2.60333E-02  -6.07123E-03   1.69757E-02   1.51529E-02  -9.98067E-04   2.86458E-02  -1.81207E-02   2.78997E-02  -2.52676E-02   1.34654E-02  -1.87833E-02  -7.42306E-03  -2.33730E-03  -2.44709E-02   1.51387E-02  -2.93897E-02   2.42867E-02  -1.99311E-02   2.03326E-02  -9.49773E-04   5.61054E-03   1.79729E-02  -1.17070E-02   2.71289E-02  -2.19358E-02   2.11935E-02  -1.88766E-02   1.33095E-03  -2.68732E-03  -2.63635E-02   2.11507E-02
 3.22000E+02   2.93168E-02  -3.02265E-02   1.77211E-02  -2.96295E-02  -1.55810E-03  -1.59551E-02  -1.92649E-02   4.65179E-03  -2.69503E-02   2.17810E-02  -2.11627E-02   2.67174E-02  -5.05884E-03   1.72059E-02   1.32577E-02  -1.37637E-03   2.47759E-02  -1.89527E-02   2.39748E-02  -2.61502E-02   1.14393E-02  -1.92638E-02  -6.53575E-03  -2.14870E-03  -2.11032E-02   1.59288E-02  -2.52090E-02   2.52977E-02  -1.70068E-02   2.10588E-02  -7.14000E-04   5.68134E-03   1.54575E-02  -1.23273E-02   2.32348E-02  -2.29143E-02   1.81099E-02  -1.96597E-02   1.10619E-03  -2.74735E-03  -2.25687E-02   2.21159E-02
 3.24300E+02   2.55296E-02  -3.00930E-02   1.52778E-02  -2.95932E-02  -1.55017E-03  -1.59818E-02  -1.68519E-02   4.63761E-03  -2.33437E-02   2.18306E-02  -1.81587E-02   2.68158E-02  -4.15683E-03   1.72800E-02   1.15994E-02  -1.40315E-03   2.13721E-02  -1.91001E-02   2.05135E-02  -2.63549E-02   9.64460E-03  -1.94090E-02  -5.76347E-03  -2.13352E-03  -1.81396E-02   1.61224E-02  -2.15214E-02   2.55836E-02  -1.44220E-02   2.12877E-02  -4.99489E-04   5.72367E-03   1.32423E-02  -1.25037E-02   1.97990E-02  -2.32172E-02   1.53867E-02  -1.99124E-02   9.05633E-04  -2.77273E-03  -1.92203E-02   2.24223E-02
 3.26600E+02   2.22918E-02  -2.94637E-02   1.31817E-02  -2.92469E-02  -1.55439E-03  -1.60252E-02  -1.47963E-02   4.29509E-03  -2.02579E-02   2.14074E-02  -1.55785E-02   2.65335E-02  -3.37062E-03   1.72555E-02   1.01903E-02  -1.19774E-03   1.84582E-02  -1.88000E-02   1.75395E-02  -2.61188E-02   8.09303E-03  -1.93384E-02  -5.11234E-03  -2.23413E-03  -1.56009E-02   1.59260E-02  -1.83524E-02   2.53975E-02  -1.21940E-02   2.11943E-02  -3.07172E-04   5.74927E-03   1.13428E-02  -1.23900E-02   1.68452E-02  -2.30801E-02   1.30423E-02  -1.98206E-02   7.30449E-04  -2.77618E-03  -1.63412E-02   2.22999E-02
 3.29000E+02   1.94581E-02  -2.84873E-02   1.13385E-02  -2.86876E-02  -1.57132E-03  -1.60847E-02  -1.30061E-02   3.72305E-03  -1.75544E-02   2.06602E-02  -1.33058E-02   2.59957E-02  -2.66440E-03   1.71703E-02   8.96742E-03  -8.30276E-04   1.59032E-02  -1.81973E-02   1.49187E-02  -2.55901E-02   6.71420E-03  -1.91291E-02  -4.55346E-03  -2.41695E-03  -1.33730E-02   1.54684E-02  -1.55589E-02   2.49005E-02  -1.02220E-02   2.08920E-02  -1.28054E-04   5.76754E-03   9.67334E-03  -1.20838E-02   1.42399E-02  -2.26548E-02   1.09707E-02  -1.95046E-02   5.72621E-04  -2.76652E-03  -1.38014E-02   2.18970E-02
 3.31400E+02   1.71099E-02  -2.73311E-02   9.80125E-03  -2.80194E-02  -1.60004E-03  -1.61560E-02  -1.15323E-02   3.02724E-03  -1.53108E-02   1.97409E-02  -1.14062E-02   2.53242E-02  -2.05888E-03   1.70562E-02   7.96557E-03  -3.72958E-04   1.37805E-02  -1.74312E-02   1.27265E-02  -2.49055E-02   5.54808E-03  -1.88483E-02  -4.10254E-03  -2.64716E-03  -1.15197E-02   1.48684E-02  -1.32211E-02   2.42358E-02  -8.56284E-03   2.04784E-02   3.25153E-05   5.78385E-03   8.28178E-03  -1.16721E-02   1.20579E-02  -2.20732E-02   9.23139E-03  -1.90678E-02   4.36752E-04  -2.75046E-03  -1.16738E-02   2.13417E-02
 3.33800E+02   1.51703E-02  -2.60916E-02   8.52105E-03  -2.73035E-02  -1.63951E-03  -1.62376E-02  -1.03253E-02   2.27011E-03  -1.34539E-02   1.87412E-02  -9.81940E-03   2.45941E-02  -1.53686E-03   1.69345E-02   7.15031E-03   1.30655E-04   1.20209E-02  -1.65884E-02   1.08934E-02  -2.41521E-02   4.55931E-03  -1.85399E-02  -3.74319E-03  -2.90376E-03  -9.98074E-03   1.42014E-02  -1.12649E-02   2.34964E-02  -7.16492E-03   2.00180E-02   1.78300E-04   5.80265E-03   7.12326E-03  -1.12114E-02   1.02301E-02  -2.14221E-02   7.76988E-03  -1.85784E-02   3.18999E-04  -2.73272E-03  -9.89102E-03   2.07186E-02
 3.36200E+02   1.35688E-02  -2.48282E-02   7.45288E-03  -2.65779E-02  -1.68881E-03  -1.63284E-02  -9.33962E-03   1.49023E-03  -1.19167E-02   1.77179E-02  -8.49025E-03   2.38521E-02  -1.08246E-03   1.68183E-02   6.49013E-03   6.53681E-04   1.05611E-02  -1.57229E-02   9.35566E-03  -2.33839E-02   3.71535E-03  -1.82312E-02  -3.46041E-03  -3.17383E-03  -8.70102E-03   1.35146E-02  -9.62230E-03   2.27402E-02  -5.98086E-03   1.95510E-02   3.12820E-04   5.82679E-03   6.15654E-03  -1.07369E-02   8.69302E-03  -2.07555E-02   6.53596E-03  -1.80792E-02   2.15806E-04  -2.71629E-03  -8.39116E-03   2.00804E-02
 3.38600E+02   1.22450E-02  -2.35762E-02   6.55820E-03  -2.58650E-02  -1.74726E-03  -1.64279E-02  -8.53648E-03   7.10408E-04  -1.06416E-02   1.67047E-02  -7.37134E-03   2.31261E-02  -6.81944E-04   1.67156E-02   5.95816E-03   1.18022E-03   9.34689E-03  -1.48666E-02   8.05852E-03  -2.26332E-02   2.98819E-03  -1.79389E-02  -3.24147E-03  -3.44977E-03  -7.63324E-03   1.28360E-02  -8.23470E-03   2.20019E-02  -4.96994E-03   1.91013E-02   4.39182E-04   5.85808E-03   5.34631E-03  -1.02695E-02   7.39215E-03  -2.01058E-02   5.48655E-03  -1.75958E-02   1.24094E-04  -2.70296E-03  -7.12109E-03   1.94587E-02
 3.41000E+02   1.11492E-02  -2.23552E-02   5.80517E-03  -2.51776E-02  -1.81443E-03  -1.65362E-02  -7.88395E-03  -5.66179E-05  -9.58143E-03   1.57207E-02  -6.42349E-03   2.24317E-02  -3.23835E-04   1.66313E-02   5.53236E-03   1.70142E-03   8.33347E-03  -1.40376E-02   6.95669E-03  -2.19184E-02   2.35453E-03  -1.76724E-02  -3.07600E-03  -3.72741E-03  -6.73839E-03   1.21815E-02  -7.05377E-03   2.13013E-02  -4.09831E-03   1.86832E-02   5.60069E-04   5.89766E-03   4.66339E-03  -9.82130E-03   6.28234E-03  -1.94916E-02   4.58588E-03  -1.71430E-02   4.12710E-05  -2.69384E-03  -6.03675E-03   1.88717E-02
 3.43500E+02   1.02071E-02  -2.11270E-02   5.14365E-03  -2.44955E-02  -1.89342E-03  -1.66583E-02  -7.33676E-03  -8.35157E-04  -8.66443E-03   1.47370E-02  -5.58382E-03   2.17510E-02   1.43243E-05   1.65657E-02   5.18270E-03   2.23393E-03   7.45240E-03  -1.32132E-02   5.97703E-03  -2.12226E-02   1.77333E-03  -1.74279E-02  -2.95163E-03  -4.01625E-03  -5.95610E-03   1.15343E-02  -6.00099E-03   2.06230E-02  -3.30875E-03   1.82891E-02   6.82667E-04   5.94852E-03   4.06189E-03  -9.38161E-03   5.28984E-03  -1.89003E-02   3.77447E-03  -1.67123E-02  -3.78725E-05  -2.68947E-03  -5.06613E-03   1.83076E-02
 3.46000E+02   9.43288E-03  -1.99479E-02   4.58454E-03  -2.38511E-02  -1.98161E-03  -1.67901E-02  -6.90218E-03  -1.59018E-03  -7.90464E-03   1.37998E-02  -4.86642E-03   2.11177E-02   3.25600E-04   1.65243E-02   4.91335E-03   2.75403E-03   6.71731E-03  -1.24331E-02   5.13592E-03  -2.05811E-02   1.25532E-03  -1.72201E-02  -2.86913E-03  -4.30401E-03  -5.29859E-03   1.09265E-02  -5.09393E-03   2.00025E-02  -2.61509E-03   1.79413E-02   8.04118E-04   6.00976E-03   3.55138E-03  -8.97279E-03   4.43126E-03  -1.83636E-02   3.06618E-03  -1.63276E-02  -1.11735E-04  -2.69073E-03  -4.22547E-03   1.77969E-02
 3.48500E+02   8.79800E-03  -1.88178E-02   4.10932E-03  -2.32447E-02  -2.07922E-03  -1.69319E-02  -6.56227E-03  -2.32173E-03  -7.27488E-03   1.29096E-02  -4.24830E-03   2.05325E-02   6.17285E-04   1.65078E-02   4.71210E-03   3.26180E-03   6.10235E-03  -1.16979E-02   4.40667E-03  -1.99953E-02   7.86257E-04  -1.70497E-02  -2.82301E-03  -4.59091E-03  -4.74319E-03   1.03588E-02  -4.30393E-03   1.94413E-02  -1.99692E-03   1.76412E-02   9.26453E-04   6.08183E-03   3.11478E-03  -8.59559E-03   3.67973E-03  -1.78830E-02   2.43958E-03  -1.59904E-02  -1.82013E-04  -2.69782E-03  -3.48853E-03   1.73412E-02
 3.51000E+02   8.28018E-03  -1.77348E-02   3.70331E-03  -2.26754E-02  -2.18668E-03  -1.70844E-02  -6.30312E-03  -3.03143E-03  -6.75372E-03   1.20646E-02  -3.71111E-03   1.99944E-02   8.95493E-04   1.65164E-02   4.56959E-03   3.75849E-03   5.58714E-03  -1.10062E-02   3.76786E-03  -1.94641E-02   3.54447E-04  -1.69170E-02  -2.80924E-03  -4.87776E-03  -4.27195E-03   9.83004E-03  -3.60796E-03   1.89386E-02  -1.43764E-03   1.73886E-02   1.05153E-03   6.16508E-03   2.73848E-03  -8.24937E-03   3.01363E-03  -1.74580E-02   1.87727E-03  -1.57003E-02  -2.50150E-04  -2.71085E-03  -2.83418E-03   1.69398E-02
 3.53500E+02   7.86198E-03  -1.66951E-02   3.35482E-03  -2.21410E-02  -2.30458E-03  -1.72478E-02  -6.11404E-03  -3.72182E-03  -6.32434E-03   1.12616E-02  -3.24014E-03   1.95013E-02   1.16545E-03   1.65501E-02   4.47875E-03   4.24597E-03   5.15556E-03  -1.03552E-02   3.20225E-03  -1.89855E-02  -4.98173E-05  -1.68213E-02  -2.82493E-03  -5.16567E-03  -3.87061E-03   9.33825E-03  -2.98741E-03   1.84924E-02  -9.23628E-04   1.71824E-02   1.18112E-03   6.25985E-03   2.41158E-03  -7.93275E-03   2.41537E-03  -1.70868E-02   1.36506E-03  -1.54561E-02  -3.17414E-04  -2.72988E-03  -2.24521E-03   1.65913E-02
 3.56100E+02   7.51814E-03  -1.56554E-02   3.04342E-03  -2.16199E-02  -2.43918E-03  -1.74302E-02  -5.98306E-03  -4.42256E-03  -5.96102E-03   1.04671E-02  -2.80783E-03   1.90336E-02   1.44240E-03   1.66117E-02   4.43349E-03   4.74556E-03   4.78181E-03  -9.71800E-03   2.67665E-03  -1.85406E-02  -4.49867E-04  -1.67603E-02  -2.87046E-03  -5.46766E-03  -3.51519E-03   8.86315E-03  -2.40570E-03   1.80855E-02  -4.24837E-04   1.70158E-02   1.32255E-03   6.37102E-03   2.11463E-03  -7.63296E-03   1.84968E-03  -1.67555E-02   8.72844E-04  -1.52493E-02  -3.87664E-04  -2.75608E-03  -1.68688E-03   1.62826E-02
 3.58700E+02   7.25561E-03  -1.46531E-02   2.77585E-03  -2.11315E-02  -2.58714E-03  -1.76258E-02  -5.91244E-03  -5.10922E-03  -5.67122E-03   9.70962E-03  -2.42351E-03   1.86090E-02   1.72006E-03   1.67002E-02   4.43436E-03   5.24024E-03   4.47357E-03  -9.11741E-03   2.20219E-03  -1.81467E-02  -8.37034E-04  -1.67376E-02  -2.94460E-03  -5.77381E-03  -3.21297E-03   8.42203E-03  -1.87501E-03   1.77338E-02   4.82014E-05   1.68963E-02   1.47272E-03   6.49547E-03   1.85371E-03  -7.36115E-03   1.32828E-03  -1.64773E-02   4.10873E-04  -1.50887E-02  -4.59395E-04  -2.78887E-03  -1.17074E-03   1.60262E-02
 3.61300E+02   7.06555E-03  -1.36832E-02   2.54546E-03  -2.06728E-02  -2.74988E-03  -1.78355E-02  -5.89753E-03  -5.78544E-03  -5.44614E-03   8.98461E-03  -2.07834E-03   1.82243E-02   2.00280E-03   1.68157E-02   4.47875E-03   5.73272E-03   4.22211E-03  -8.54955E-03   1.76821E-03  -1.78004E-02  -1.21844E-03  -1.67523E-02  -3.04698E-03  -6.08577E-03  -2.95591E-03   8.01173E-03  -1.38353E-03   1.74343E-02   5.04949E-04   1.68224E-02   1.63372E-03   6.63366E-03   1.62237E-03  -7.11521E-03   8.39801E-04  -1.62497E-02  -3.04640E-05  -1.49724E-02  -5.33761E-04  -2.82831E-03  -6.85561E-04   1.58196E-02
 3.63900E+02   6.94152E-03  -1.27408E-02   2.34700E-03  -2.02414E-02  -2.92912E-03  -1.80599E-02  -5.93538E-03  -6.45478E-03  -5.27918E-03   8.28776E-03  -1.76506E-03   1.78769E-02   2.29488E-03   1.69580E-02   4.56531E-03   6.22569E-03   4.02073E-03  -8.01063E-03   1.36575E-03  -1.74990E-02  -1.60065E-03  -1.68038E-02  -3.17801E-03  -6.40518E-03  -2.73767E-03   7.62923E-03  -9.21209E-04   1.71841E-02   9.53879E-04   1.67926E-02   1.80780E-03   6.78611E-03   1.41533E-03  -6.89312E-03   3.74385E-04  -1.60700E-02  -4.59667E-04  -1.48987E-02  -6.11921E-04  -2.87451E-03  -2.21608E-04   1.56604E-02
 3.66500E+02   6.87908E-03  -1.18212E-02   2.17627E-03  -1.98347E-02  -3.12691E-03  -1.82998E-02  -6.02455E-03  -7.12067E-03  -5.16557E-03   7.61497E-03  -1.47759E-03   1.75640E-02   2.60054E-03   1.71273E-02   4.69388E-03   6.72173E-03   3.86433E-03  -7.49707E-03   9.87106E-04  -1.72396E-02  -1.98990E-03  -1.68914E-02  -3.33883E-03  -6.73367E-03  -2.55320E-03   7.27171E-03  -4.79255E-04   1.69806E-02   1.40284E-03   1.68056E-02   1.99745E-03   6.95335E-03   1.22821E-03  -6.69299E-03  -7.67111E-05  -1.59363E-02  -8.84495E-04  -1.48663E-02  -6.95076E-04  -2.92756E-03   2.29814E-04   1.55465E-02
 3.69100E+02   6.87554E-03  -1.09200E-02   2.02997E-03  -1.94504E-02  -3.34568E-03  -1.85561E-02  -6.16498E-03  -7.78636E-03  -5.10210E-03   6.96238E-03  -1.21075E-03   1.72833E-02   2.92423E-03   1.73239E-02   4.86538E-03   7.22335E-03   3.74923E-03  -7.00554E-03   6.25516E-04  -1.70199E-02  -2.39237E-03  -1.70148E-02  -3.53131E-03  -7.07278E-03  -2.39858E-03   6.93652E-03  -4.97639E-05   1.68213E-02   1.85937E-03   1.68605E-02   2.20546E-03   7.13596E-03   1.05734E-03  -6.51312E-03  -5.21505E-04  -1.58463E-02  -1.31228E-03  -1.48739E-02  -7.84510E-04  -2.98759E-03   6.76722E-04   1.54762E-02
 3.71800E+02   6.93301E-03  -9.99939E-03   1.90113E-03  -1.90728E-02  -3.59819E-03  -1.88404E-02  -6.36639E-03  -8.48071E-03  -5.08732E-03   6.30227E-03  -9.50694E-04   1.70236E-02   3.28458E-03   1.75572E-02   5.09107E-03   7.75264E-03   3.67071E-03  -6.51514E-03   2.61524E-04  -1.68314E-02  -2.83111E-03  -1.71803E-02  -3.76755E-03  -7.43779E-03  -2.26636E-03   6.60953E-03   3.90911E-04   1.67006E-02   2.34949E-03   1.69609E-02   2.44435E-03   7.34243E-03   8.93747E-04  -6.34611E-03  -9.84885E-04  -1.57975E-02  -1.76736E-03  -1.49228E-02  -8.85546E-04  -3.05746E-03   1.14424E-03   1.54474E-02
 3.74500E+02   7.05322E-03  -9.09018E-03   1.79364E-03  -1.87149E-02  -3.88030E-03  -1.91440E-02  -6.62726E-03  -9.18122E-03  -5.12405E-03   5.65651E-03  -7.03636E-04   1.67941E-02   3.67539E-03   1.78203E-02   5.36872E-03   8.29282E-03   3.63237E-03  -6.04211E-03  -9.70346E-05  -1.66810E-02  -3.29843E-03  -1.73836E-02  -4.04467E-03  -7.81736E-03  -2.16051E-03   6.30164E-03   8.33931E-04   1.66234E-02   2.86453E-03   1.71045E-02   2.71063E-03   7.56662E-03   7.41258E-04  -6.19769E-03  -1.45804E-03  -1.57923E-02  -2.24155E-03  -1.50125E-02  -9.96653E-04  -3.13514E-03   1.62361E-03   1.54621E-02
 3.77200E+02   7.23828E-03  -8.18874E-03   1.70592E-03  -1.83750E-02  -4.19660E-03  -1.94676E-02  -6.95205E-03  -9.89060E-03  -5.21309E-03   5.02193E-03  -4.65556E-04   1.65928E-02   4.10329E-03   1.81135E-02   5.70321E-03   8.84592E-03   3.63373E-03  -5.58370E-03  -4.56293E-04  -1.65668E-02  -3.80253E-03  -1.76244E-02  -4.36767E-03  -8.21277E-03  -2.07928E-03   6.01069E-03   1.28713E-03   1.65876E-02   3.41369E-03   1.72905E-02   3.00914E-03   7.80898E-03   5.97182E-04  -6.06645E-03  -1.94949E-03  -1.58292E-02  -2.74344E-03  -1.51419E-02  -1.11986E-03  -3.22072E-03   2.12353E-03   1.55188E-02
 3.79900E+02   7.49201E-03  -7.29200E-03   1.63688E-03  -1.80512E-02  -4.55259E-03  -1.98114E-02  -7.34686E-03  -1.06110E-02  -5.35667E-03   4.39582E-03  -2.32701E-04   1.64178E-02   4.57588E-03   1.84366E-02   6.10091E-03   9.41353E-03   3.67535E-03  -5.13756E-03  -8.22374E-04  -1.64869E-02  -4.35257E-03  -1.79020E-02  -4.74275E-03  -8.62494E-03  -2.02158E-03   5.73480E-03   1.75859E-03   1.65914E-02   4.00713E-03   1.75178E-02   3.34560E-03   8.06970E-03   4.59073E-04  -5.95111E-03  -2.46824E-03  -1.59064E-02  -3.28237E-03  -1.53099E-02  -1.25753E-03  -3.31420E-03   2.65321E-03   1.56158E-02
 3.82700E+02   7.83374E-03  -6.36454E-03   1.58445E-03  -1.77310E-02  -4.97070E-03  -2.01896E-02  -7.83885E-03  -1.13713E-02  -5.56709E-03   3.75324E-03   7.13458E-06   1.62625E-02   5.12263E-03   1.88028E-02   6.58883E-03   1.00185E-02   3.76284E-03  -4.68585E-03  -1.21599E-03  -1.64381E-02  -4.98268E-03  -1.82277E-02  -5.19493E-03  -9.07047E-03  -1.98613E-03   5.46290E-03   2.27601E-03   1.66349E-02   4.68148E-03   1.77956E-02   3.74186E-03   8.35928E-03   3.19708E-04  -5.84703E-03  -3.04549E-03  -1.60270E-02  -3.89147E-03  -1.55230E-02  -1.41854E-03  -3.41935E-03   3.24472E-03   1.57570E-02
 3.85400E+02   8.24700E-03  -5.47124E-03   1.55226E-03  -1.74360E-02  -5.42920E-03  -2.05745E-02  -8.40341E-03  -1.21176E-02  -5.83480E-03   3.13875E-03   2.40555E-04   1.61361E-02   5.71519E-03   1.91847E-02   7.14258E-03   1.06175E-02   3.89289E-03  -4.25950E-03  -1.61599E-03  -1.64218E-02  -5.66032E-03  -1.85764E-02  -5.70158E-03  -9.51707E-03  -1.97566E-03   5.21309E-03   2.81214E-03   1.67127E-02   5.40201E-03   1.81018E-02   4.17794E-03   8.65622E-03   1.86759E-04  -5.76047E-03  -3.65125E-03  -1.61799E-02  -4.53939E-03  -1.57640E-02  -1.59475E-03  -3.52827E-03   3.86743E-03   1.59298E-02
 3.88200E+02   8.77323E-03  -4.54603E-03   1.53836E-03  -1.71434E-02  -5.97225E-03  -2.09929E-02  -9.09612E-03  -1.29040E-02  -6.18726E-03   2.50661E-03   4.88898E-04   1.60275E-02   6.41072E-03   1.96080E-02   7.81669E-03   1.12534E-02   4.07953E-03  -3.82632E-03  -2.06001E-03  -1.64340E-02  -6.45099E-03  -1.89706E-02  -6.31256E-03  -9.99603E-03  -1.99027E-03   4.96594E-03   3.41817E-03   1.68271E-02   6.23846E-03   1.84552E-02   4.69659E-03   8.98063E-03   4.79895E-05  -5.68380E-03  -4.34380E-03  -1.63730E-02  -5.28886E-03  -1.60469E-02  -1.80342E-03  -3.64822E-03   4.58139E-03   1.61435E-02
 3.91000E+02   9.41279E-03  -3.62428E-03   1.54525E-03  -1.68637E-02  -6.59658E-03  -2.14277E-02  -9.91523E-03  -1.36992E-02  -6.62590E-03   1.88111E-03   7.48010E-04   1.59395E-02   7.20474E-03   2.00545E-02   8.60928E-03   1.19002E-02   4.32492E-03  -3.40284E-03  -2.54292E-03  -1.64726E-02  -7.34953E-03  -1.93925E-02  -7.02585E-03  -1.04872E-02  -2.03244E-03   4.73045E-03   4.08842E-03   1.69711E-02   7.18524E-03   1.88391E-02   5.29556E-03   9.31826E-03  -9.42034E-05  -5.61913E-03  -5.11760E-03  -1.65957E-02  -6.13474E-03  -1.63581E-02  -2.04359E-03  -3.77383E-03   5.38113E-03   1.63867E-02
 3.93800E+02   1.01830E-02  -2.71152E-03   1.57448E-03  -1.65969E-02  -7.31718E-03  -2.18732E-02  -1.08819E-02  -1.44959E-02  -7.16331E-03   1.26615E-03   1.02270E-03   1.58697E-02   8.11642E-03   2.05167E-02   9.54085E-03   1.25506E-02   4.63682E-03  -2.99125E-03  -3.07519E-03  -1.65325E-02  -8.37776E-03  -1.98334E-02  -7.85987E-03  -1.09836E-02  -2.10460E-03   4.50693E-03   4.83836E-03   1.71379E-02   8.26544E-03   1.92439E-02   5.99014E-03   9.66310E-03  -2.42505E-04  -5.56494E-03  -5.99109E-03  -1.68402E-02  -7.09767E-03  -1.66886E-02  -2.32137E-03  -3.90267E-03   6.28588E-03   1.66512E-02
 3.96700E+02   1.11408E-02  -1.78652E-03   1.63055E-03  -1.63349E-02  -8.18389E-03  -2.23360E-02  -1.20655E-02  -1.53090E-02  -7.84038E-03   6.48248E-04   1.32929E-03   1.58129E-02   9.20867E-03   2.09991E-02   1.06783E-02   1.32143E-02   5.04023E-03  -2.58234E-03  -3.69123E-03  -1.66097E-02  -9.60667E-03  -2.02950E-02  -8.87425E-03  -1.14909E-02  -2.21437E-03   4.28939E-03   5.71803E-03   1.73239E-02   9.55361E-03   1.96694E-02   6.82953E-03   1.00175E-02  -4.05628E-04  -5.51787E-03  -7.02363E-03  -1.71036E-02  -8.24402E-03  -1.70373E-02  -2.65637E-03  -4.03534E-03   7.35739E-03   1.69343E-02
 3.99500E+02   1.22453E-02  -9.30582E-04   1.71239E-03  -1.60973E-02  -9.15804E-03  -2.27691E-02  -1.34148E-02  -1.60610E-02  -8.62899E-03   8.29308E-05   1.65263E-03   1.57685E-02   1.04328E-02   2.14492E-02   1.19723E-02   1.38249E-02   5.51911E-03  -2.21246E-03  -4.36242E-03  -1.66885E-02  -1.09817E-02  -2.07236E-02  -1.00251E-02  -1.19554E-02  -2.35833E-03   4.09557E-03   6.68759E-03   1.75010E-02   1.09927E-02   2.00630E-02   7.77726E-03   1.03414E-02  -5.75545E-04  -5.47863E-03  -8.16907E-03  -1.73493E-02  -9.52304E-03  -1.73593E-02  -3.03404E-03  -4.15648E-03   8.54796E-03   1.71971E-02
 4.02400E+02   1.36054E-02  -1.11517E-04   1.82927E-03  -1.58704E-02  -1.03339E-02  -2.31794E-02  -1.50616E-02  -1.67709E-02  -9.60752E-03  -4.48731E-04   2.02260E-03   1.57265E-02   1.19075E-02   2.18686E-02   1.35496E-02   1.43922E-02   6.12170E-03  -1.86894E-03  -5.15264E-03  -1.67590E-02  -1.26364E-02  -2.11152E-02  -1.14253E-02  -1.23801E-02  -2.55184E-03   3.91662E-03   7.84032E-03   1.76580E-02   1.27225E-02   2.04161E-02   8.92608E-03   1.06332E-02  -7.67991E-04  -5.44086E-03  -9.53829E-03  -1.75659E-02  -1.10590E-02  -1.76448E-02  -3.49131E-03  -4.26485E-03   9.97299E-03   1.74284E-02
 4.05300E+02   1.52172E-02   5.94173E-04   1.98261E-03  -1.56686E-02  -1.17057E-02  -2.35141E-02  -1.70002E-02  -1.73574E-02  -1.07742E-02  -8.92334E-04   2.43534E-03   1.56790E-02   1.36257E-02   2.21941E-02   1.54048E-02   1.48419E-02   6.84786E-03  -1.58717E-03  -6.05636E-03  -1.67947E-02  -1.45629E-02  -2.14010E-02  -1.30698E-02  -1.27015E-02  -2.79606E-03   3.76789E-03   9.16956E-03   1.77527E-02   1.47351E-02   2.06586E-02   1.02717E-02   1.08430E-02  -9.80902E-04  -5.40097E-03  -1.11243E-02  -1.77010E-02  -1.28449E-02  -1.78325E-02  -4.02645E-03  -4.34087E-03   1.16254E-02   1.75728E-02
 4.08300E+02   1.71808E-02   1.13405E-03   2.18330E-03  -1.54950E-02  -1.33566E-02  -2.37235E-02  -1.93497E-02  -1.77503E-02  -1.22021E-02  -1.20582E-03   2.91420E-03   1.56093E-02   1.56914E-02   2.23597E-02   1.76520E-02   1.51026E-02   7.74380E-03  -1.39486E-03  -7.12700E-03  -1.67592E-02  -1.68783E-02  -2.15036E-02  -1.50598E-02  -1.28533E-02  -3.10745E-03   3.65895E-03   1.07551E-02   1.77301E-02   1.71527E-02   2.07072E-02   1.18966E-02   1.09149E-02  -1.22630E-03  -5.34992E-03  -1.30229E-02  -1.76880E-02  -1.49892E-02  -1.78474E-02  -4.67229E-03  -4.36209E-03   1.36054E-02   1.75608E-02
 4.11200E+02   1.93829E-02   1.37543E-03   2.41991E-03  -1.53737E-02  -1.51914E-02  -2.37156E-02  -2.19746E-02  -1.78095E-02  -1.38091E-02  -1.29623E-03   3.43142E-03   1.55027E-02   1.79857E-02   2.22564E-02   2.01616E-02   1.50468E-02   8.75803E-03  -1.35166E-03  -8.30279E-03  -1.66065E-02  -1.94492E-02  -2.13056E-02  -1.72808E-02  -1.27276E-02  -3.46817E-03   3.61519E-03   1.25056E-02   1.75176E-02   1.98363E-02   2.04425E-02   1.37075E-02   1.07645E-02  -1.49004E-03  -5.28114E-03  -1.51251E-02  -1.74375E-02  -1.73686E-02  -1.75853E-02  -5.39167E-03  -4.29542E-03   1.57990E-02   1.72984E-02
 4.14200E+02   2.19635E-02   1.19992E-03   2.70680E-03  -1.53140E-02  -1.73276E-02  -2.33815E-02  -2.50424E-02  -1.73798E-02  -1.56969E-02  -1.06910E-03   4.02109E-03   1.53250E-02   2.06557E-02   2.17407E-02   2.30940E-02   1.45178E-02   9.95439E-03  -1.52012E-03  -9.66002E-03  -1.62594E-02  -2.24405E-02  -2.06395E-02  -1.98745E-02  -1.21798E-02  -3.90036E-03   3.65907E-03   1.45340E-02   1.69980E-02   2.29580E-02   1.96850E-02   1.58199E-02   1.02705E-02  -1.78961E-03  -5.17622E-03  -1.75658E-02  -1.68068E-02  -2.01357E-02  -1.68848E-02  -6.23058E-03  -4.09222E-03   1.83473E-02   1.66361E-02
 4.17200E+02   2.47820E-02   4.24647E-04   3.02685E-03  -1.53431E-02  -1.96509E-02  -2.25819E-02  -2.83869E-02  -1.62539E-02  -1.77618E-02  -3.91085E-04   4.65353E-03   1.50458E-02   2.35581E-02   2.06408E-02   2.62897E-02   1.33201E-02   1.12661E-02  -1.98659E-03  -1.11274E-02  -1.56373E-02  -2.56913E-02  -1.93142E-02  -2.26997E-02  -1.10388E-02  -4.37880E-03   3.82537E-03   1.67322E-02   1.60468E-02   2.63495E-02   1.82361E-02   1.81190E-02   9.29550E-03  -2.10999E-03  -5.02019E-03  -2.02141E-02  -1.56435E-02  -2.31413E-02  -1.55706E-02  -7.14338E-03  -3.69808E-03   2.11130E-02   1.54144E-02
 4.20200E+02   2.76763E-02  -1.12520E-03   3.35806E-03  -1.54840E-02  -2.20323E-02  -2.11768E-02  -3.18179E-02  -1.42260E-02  -1.98824E-02   8.68219E-04   5.29809E-03   1.46308E-02   2.65314E-02   1.87807E-02   2.95661E-02   1.12557E-02   1.26139E-02  -2.83601E-03  -1.26268E-02  -1.46545E-02  -2.90194E-02  -1.71312E-02  -2.55946E-02  -9.12883E-03  -4.87203E-03   4.14728E-03   1.89797E-02   1.45316E-02   2.98200E-02   1.58880E-02   2.04732E-02   7.69628E-03  -2.43575E-03  -4.79562E-03  -2.29223E-02  -1.37861E-02  -2.62160E-02  -1.34579E-02  -8.07781E-03  -3.05614E-03   2.39414E-02   1.34637E-02
 4.23200E+02   3.03685E-02  -3.57406E-03   3.66303E-03  -1.57532E-02  -2.42508E-02  -1.90663E-02  -3.50096E-02  -1.11496E-02  -2.18515E-02   2.80165E-03   5.90186E-03   1.40555E-02   2.92980E-02   1.60350E-02   3.26104E-02   8.18375E-03   1.38624E-02  -4.12884E-03  -1.40240E-02  -1.32494E-02  -3.21124E-02  -1.39491E-02  -2.82813E-02  -6.32461E-03  -5.32653E-03   4.64844E-03   2.10691E-02   1.23582E-02   3.30422E-02   1.24920E-02   2.26568E-02   5.37084E-03  -2.74019E-03  -4.49003E-03  -2.54369E-02  -1.11194E-02  -2.90692E-02  -1.04148E-02  -8.94427E-03  -2.12587E-03   2.65666E-02   1.06633E-02
 4.26300E+02   3.25393E-02  -7.03617E-03   3.89698E-03  -1.61639E-02  -2.60543E-02  -1.61543E-02  -3.75878E-02  -6.88375E-03  -2.34291E-02   5.49820E-03   6.40665E-03   1.32946E-02   3.15411E-02   1.22794E-02   3.50624E-02   3.96463E-03   1.48538E-02  -5.92436E-03  -1.51670E-02  -1.13593E-02  -3.46123E-02  -9.62440E-03  -3.04401E-02  -2.49943E-03  -5.67876E-03   5.35201E-03   2.27639E-02   9.42934E-03   3.56403E-02   7.89565E-03   2.44096E-02   2.21449E-03  -2.99386E-03  -4.09003E-03  -2.74671E-02  -7.52377E-03  -3.13672E-02  -6.30480E-03  -9.63940E-03  -8.65423E-04   2.86834E-02   6.88773E-03
 4.29400E+02   3.36726E-02  -1.11997E-02   3.99255E-03  -1.66765E-02  -2.70293E-02  -1.26945E-02  -3.89462E-02  -1.80113E-03  -2.42315E-02   8.72178E-03   6.71078E-03   1.24114E-02   3.27425E-02   7.83535E-03   3.63404E-02  -1.04021E-03   1.53389E-02  -8.06767E-03  -1.58026E-02  -9.14252E-03  -3.59359E-02  -4.52192E-03  -3.15549E-02   2.02371E-03  -5.83163E-03   6.19727E-03   2.36759E-02   5.98891E-03   3.70040E-02   2.48283E-03   2.53124E-02  -1.50886E-03  -3.14542E-03  -3.62804E-03  -2.85396E-02  -3.29785E-03  -3.25683E-02  -1.46950E-03  -9.99670E-03   6.20189E-04   2.97959E-02   2.45010E-03
 4.32500E+02   3.35095E-02  -1.55898E-02   3.91483E-03  -1.72273E-02  -2.69695E-02  -9.06517E-03  -3.87806E-02   3.54127E-03  -2.40653E-02   1.21184E-02   6.76492E-03   1.14968E-02   3.26432E-02   3.17705E-03   3.61523E-02  -6.29618E-03   1.51914E-02  -1.03280E-02  -1.58055E-02  -6.82914E-03  -3.57917E-02   8.24375E-04  -3.13669E-02   6.77085E-03  -5.73519E-03   7.09334E-03   2.36117E-02   2.39141E-03   3.68277E-02  -3.18734E-03   2.51544E-02  -5.41407E-03  -3.16994E-03  -3.15000E-03  -2.84176E-02   1.12515E-03  -3.24014E-02   3.59496E-03  -9.93253E-03   2.17807E-03   2.96559E-02  -2.19549E-03
 4.35600E+02   3.20835E-02  -1.96504E-02   3.66803E-03  -1.77418E-02  -2.59023E-02  -5.70959E-03  -3.71308E-02   8.49075E-03  -2.29552E-02   1.52731E-02   6.57601E-03   1.06576E-02   3.12775E-02  -1.13954E-03   3.45360E-02  -1.11768E-02   1.44272E-02  -1.24350E-02  -1.51926E-02  -4.68894E-03  -3.42179E-02   5.78853E-03  -2.99093E-02   1.11865E-02  -5.39545E-03   7.93381E-03   2.25969E-02  -9.47628E-04   3.51513E-02  -8.45944E-03   2.39629E-02  -9.04977E-03  -3.07098E-03  -2.70985E-03  -2.71321E-02   5.23736E-03  -3.09018E-02   8.30695E-03  -9.45770E-03   3.62899E-03   2.82957E-02  -6.51671E-03
 4.38700E+02   2.97029E-02  -2.29481E-02   3.29304E-03  -1.81620E-02  -2.40737E-02  -2.97312E-03  -3.43587E-02   1.25388E-02  -2.11310E-02   1.78630E-02   6.20387E-03   9.97693E-03   2.89541E-02  -4.68138E-03   3.18390E-02  -1.51941E-02   1.31957E-02  -1.41780E-02  -1.41141E-02  -2.93207E-03  -3.15620E-02   9.88303E-03  -2.74905E-02   1.48380E-02  -4.87095E-03   8.63581E-03   2.08626E-02  -3.70457E-03   3.23389E-02  -1.28230E-02   2.19883E-02  -1.20644E-02  -2.87881E-03  -2.34957E-03  -2.49654E-02   8.64330E-03  -2.83925E-02   1.22135E-02  -8.67162E-03   4.83340E-03   2.60112E-02  -1.00990E-02
 4.41900E+02   2.67017E-02  -2.53517E-02   2.83231E-03  -1.84701E-02  -2.17530E-02  -9.57347E-04  -3.08575E-02   1.55370E-02  -1.88400E-02   1.97945E-02   5.71615E-03   9.47901E-03   2.60095E-02  -7.32488E-03   2.84373E-02  -1.82102E-02   1.16565E-02  -1.54984E-02  -1.27356E-02  -1.61754E-03  -2.82017E-02   1.29725E-02  -2.44427E-02   1.76062E-02  -4.22281E-03   9.17696E-03   1.86607E-02  -5.79067E-03   2.87845E-02  -1.61391E-02   1.95005E-02  -1.43628E-02  -2.62752E-03  -2.08081E-03  -2.22234E-02   1.12360E-02  -2.52228E-02   1.51926E-02  -7.68136E-03   5.75376E-03   2.31226E-02  -1.28307E-02
 4.45100E+02   2.35729E-02  -2.67784E-02   2.35320E-03  -1.86557E-02  -1.93313E-02   2.68387E-04  -2.72053E-02   1.73827E-02  -1.64511E-02   2.10020E-02   5.20552E-03   9.18124E-03   2.29354E-02  -8.97983E-03   2.48871E-02  -2.01226E-02   1.00511E-02  -1.63517E-02  -1.12946E-02  -7.90293E-04  -2.46917E-02   1.49523E-02  -2.12598E-02   1.93978E-02  -3.54704E-03   9.53938E-03   1.63590E-02  -7.13534E-03   2.50701E-02  -1.82960E-02   1.69010E-02  -1.58679E-02  -2.36412E-03  -1.91282E-03  -1.93569E-02   1.29282E-02  -2.19094E-02   1.71441E-02  -6.64645E-03   6.35924E-03   2.01025E-02  -1.46201E-02
 4.48300E+02   2.06070E-02  -2.74077E-02   1.89418E-03  -1.87427E-02  -1.70409E-02   8.47417E-04  -2.37433E-02   1.82870E-02  -1.41807E-02   2.16196E-02   4.72843E-03   9.04894E-03   2.00229E-02  -9.82635E-03   2.15155E-02  -2.11345E-02   8.52021E-03  -1.68254E-02  -9.93292E-03  -3.62693E-04  -2.13596E-02   1.60257E-02  -1.82321E-02   2.03932E-02  -2.89864E-03   9.75758E-03   1.41753E-02  -7.87374E-03   2.15384E-02  -1.95068E-02   1.44257E-02  -1.67264E-02  -2.11718E-03  -1.82802E-03  -1.66317E-02   1.38853E-02  -1.87565E-02   1.82573E-02  -5.66047E-03   6.70818E-03   1.72296E-02  -1.56405E-02
 4.51500E+02   1.79527E-02  -2.74545E-02   1.47477E-03  -1.87599E-02  -1.50008E-02   9.51214E-04  -2.06462E-02   1.85023E-02  -1.21393E-02   2.18079E-02   4.31411E-03   9.04072E-03   1.74211E-02  -1.00799E-02   1.84902E-02  -2.14885E-02   7.13555E-03  -1.70245E-02  -8.72332E-03  -2.30007E-04  -1.83731E-02   1.64356E-02  -1.55077E-02   2.08082E-02  -2.30553E-03   9.87287E-03   1.22212E-02  -8.16741E-03   1.83649E-02  -2.00265E-02   1.21950E-02  -1.71139E-02  -1.90148E-03  -1.80541E-03  -1.41837E-02   1.43048E-02  -1.59196E-02   1.87587E-02  -4.77124E-03   6.87032E-03   1.46462E-02  -1.60991E-02
 4.54800E+02   1.55921E-02  -2.70938E-02   1.09005E-03  -1.87313E-02  -1.31996E-02   7.20963E-04  -1.78937E-02   1.82392E-02  -1.03111E-02   2.17026E-02   3.96288E-03   9.12349E-03   1.51140E-02  -9.92179E-03   1.57894E-02  -2.13921E-02   5.88451E-03  -1.70402E-02  -7.66019E-03  -3.04056E-04  -1.57119E-02   1.63911E-02  -1.30657E-02   2.08301E-02  -1.76072E-03   9.92269E-03   1.04843E-02  -8.15570E-03   1.55262E-02  -2.00772E-02   1.01910E-02  -1.71846E-02  -1.71700E-03  -1.82760E-03  -1.19953E-02   1.43595E-02  -1.33772E-02   1.88469E-02  -3.97149E-03   6.90721E-03   1.23332E-02  -1.61778E-02
 4.58100E+02   1.36027E-02  -2.64751E-02   7.51980E-04  -1.86767E-02  -1.16973E-02   2.73740E-04  -1.55765E-02   1.76683E-02  -8.75547E-03   2.14108E-02   3.68745E-03   9.26868E-03   1.31781E-02  -9.49559E-03   1.35012E-02  -2.10049E-02   4.80694E-03  -1.69404E-02  -6.77942E-03  -5.15558E-04  -1.34631E-02   1.60501E-02  -1.09850E-02   2.05981E-02  -1.28093E-03   9.93280E-03   9.02194E-03  -7.94301E-03   1.31147E-02  -1.98221E-02   8.47820E-03  -1.70503E-02  -1.57032E-03  -1.88067E-03  -1.01378E-02   1.41755E-02  -1.12115E-02   1.86657E-02  -3.28690E-03   6.86299E-03   1.03656E-02  -1.60083E-02
 4.61400E+02   1.19450E-02  -2.57094E-02   4.54772E-04  -1.86112E-02  -1.04630E-02  -3.01924E-04  -1.36480E-02   1.69203E-02  -7.44222E-03   2.10158E-02   3.48092E-03   9.45505E-03   1.15739E-02  -8.91264E-03   1.15805E-02  -2.04529E-02   3.88267E-03  -1.67795E-02  -6.06234E-03  -8.10407E-04  -1.15820E-02   1.55388E-02  -9.22514E-03   2.02241E-02  -8.57729E-04   9.92481E-03   7.80449E-03  -7.61308E-03   1.10829E-02  -1.93936E-02   7.02346E-03  -1.68021E-02  -1.45799E-03  -1.95382E-03  -8.57451E-03   1.38555E-02  -9.38019E-03   1.83329E-02  -2.70426E-03   6.77394E-03   8.70480E-03  -1.56981E-02
 4.64700E+02   1.05707E-02  -2.48698E-02   1.91493E-04  -1.85446E-02  -9.45883E-03  -9.47777E-04  -1.20519E-02   1.60811E-02  -6.33491E-03   2.05724E-02   3.33489E-03   9.66870E-03   1.02538E-02  -8.24639E-03   9.97272E-03  -1.98190E-02   3.08735E-03  -1.65937E-02  -5.48629E-03  -1.15298E-03  -1.00140E-02   1.49403E-02  -7.73710E-03   1.97823E-02  -4.81015E-04   9.91313E-03   6.79609E-03  -7.22121E-03   9.37315E-03  -1.88792E-02   5.78668E-03  -1.65007E-02  -1.37573E-03  -2.03996E-03  -7.26082E-03   1.34672E-02  -7.83188E-03   1.79263E-02  -2.20759E-03   6.66412E-03   7.30379E-03  -1.53186E-02
 4.68100E+02   9.40243E-03  -2.39762E-02  -5.14210E-05  -1.84815E-02  -8.62657E-03  -1.64794E-03  -1.06976E-02   1.51784E-02  -5.37223E-03   2.01015E-02   3.23926E-03   9.90824E-03   9.14216E-03  -7.52174E-03   8.58758E-03  -1.91359E-02   2.37781E-03  -1.64003E-02  -5.01723E-03  -1.53219E-03  -8.67072E-03   1.42880E-02  -6.43812E-03   1.93058E-02  -1.31041E-04   9.90702E-03   5.93920E-03  -6.78964E-03   7.88966E-03  -1.83181E-02   4.69926E-03  -1.61749E-02  -1.31815E-03  -2.13765E-03  -6.12290E-03   1.30414E-02  -6.48009E-03   1.74825E-02  -1.76938E-03   6.54544E-03   6.08414E-03  -1.49030E-02
 4.71500E+02   8.44142E-03  -2.30836E-02  -2.72126E-04  -1.84282E-02  -7.96541E-03  -2.35954E-03  -9.58655E-03   1.42726E-02  -4.55679E-03   1.96394E-02   3.19192E-03   1.01620E-02   8.23919E-03  -6.78860E-03   7.42764E-03  -1.84569E-02   1.75708E-03  -1.62204E-02  -4.65401E-03  -1.92346E-03  -7.55365E-03   1.36343E-02  -5.33143E-03   1.88390E-02   1.89875E-04   9.91324E-03   5.23427E-03  -6.35288E-03   6.63528E-03  -1.77623E-02   3.76426E-03  -1.58595E-02  -1.28442E-03  -2.24159E-03  -5.16270E-03   1.26181E-02  -5.32784E-03   1.70465E-02  -1.39093E-03   6.43136E-03   5.04829E-03  -1.44926E-02
 4.74900E+02   7.65079E-03  -2.22093E-02  -4.76336E-04  -1.83874E-02  -7.44682E-03  -3.06896E-03  -8.67533E-03   1.33841E-02  -3.86014E-03   1.91994E-02   3.18704E-03   1.04271E-02   7.50842E-03  -6.06448E-03   6.45045E-03  -1.78023E-02   1.20565E-03  -1.60630E-02  -4.37966E-03  -2.31846E-03  -6.62074E-03   1.29994E-02  -4.37849E-03   1.84002E-02   4.90247E-04   9.93573E-03   4.65367E-03  -5.92442E-03   5.56496E-03  -1.72336E-02   2.94985E-03  -1.55696E-02  -1.27158E-03  -2.35023E-03  -4.34540E-03   1.22142E-02  -4.33465E-03   1.66378E-02  -1.05951E-03   6.32801E-03   4.15941E-03  -1.41053E-02
 4.78300E+02   7.00068E-03  -2.13625E-02  -6.68923E-04  -1.83605E-02  -7.04798E-03  -3.76921E-03  -7.92906E-03   1.25238E-02  -3.25894E-03   1.87888E-02   3.22029E-03   1.07021E-02   6.92050E-03  -5.35862E-03   5.62138E-03  -1.71831E-02   7.07233E-04  -1.59335E-02  -4.18075E-03  -2.71291E-03  -5.83775E-03   1.23945E-02  -3.54755E-03   1.79998E-02   7.77441E-04   9.97691E-03   4.17508E-03  -5.51153E-03   4.64172E-03  -1.67440E-02   2.22971E-03  -1.53140E-02  -1.27742E-03  -2.46286E-03  -3.64243E-03   1.18391E-02  -3.46717E-03   1.62675E-02  -7.64556E-04   6.23890E-03   3.38717E-03  -1.37510E-02
 4.81700E+02   6.46736E-03  -2.05470E-02  -8.54066E-04  -1.83484E-02  -6.75113E-03  -4.45741E-03  -7.32000E-03   1.16964E-02  -2.73428E-03   1.84111E-02   3.28875E-03   1.09868E-02   6.45229E-03  -4.67509E-03   4.91253E-03  -1.66044E-02   2.48242E-04  -1.58346E-02  -4.04702E-03  -3.10506E-03  -5.17721E-03   1.18247E-02  -2.81267E-03   1.76431E-02   1.05790E-03   1.00382E-02   3.78068E-03  -5.11764E-03   3.83551E-03  -1.62998E-02   1.58213E-03  -1.50971E-02  -1.30044E-03  -2.57927E-03  -3.03060E-03   1.14976E-02  -2.69810E-03   1.59413E-02  -4.97313E-04   6.16588E-03   2.70683E-03  -1.34350E-02
 4.85200E+02   6.02067E-03  -1.97413E-02  -1.04073E-03  -1.83518E-02  -6.53778E-03  -5.15287E-03  -6.81342E-03   1.08803E-02  -2.25798E-03   1.80579E-02   3.39418E-03   1.12903E-02   6.07635E-03  -3.99579E-03   4.28484E-03  -1.60530E-02  -1.95127E-04  -1.57662E-02  -3.96934E-03  -3.50615E-03  -4.60207E-03   1.12768E-02  -2.13413E-03   1.73236E-02   1.34567E-03   1.01234E-02   3.44782E-03  -4.73318E-03   3.10207E-03  -1.58923E-02   9.72312E-04  -1.49165E-02  -1.34114E-03  -2.70321E-03  -2.47615E-03   1.11832E-02  -1.98554E-03   1.56540E-02  -2.43470E-04   6.10842E-03   2.08112E-03  -1.31518E-02
 4.88700E+02   5.66211E-03  -1.89688E-02  -1.22695E-03  -1.83717E-02  -6.40714E-03  -5.83635E-03  -6.41076E-03   1.00992E-02  -1.83295E-03   1.77408E-02   3.53441E-03   1.16053E-02   5.79314E-03  -3.34021E-03   3.74129E-03  -1.55462E-02  -6.19537E-04  -1.57321E-02  -3.94668E-03  -3.90537E-03  -4.11453E-03   1.07677E-02  -1.51574E-03   1.70530E-02   1.63824E-03   1.02316E-02   3.17734E-03  -4.36970E-03   2.44497E-03  -1.55358E-02   4.03834E-04  -1.47799E-02  -1.39870E-03  -2.83164E-03  -1.98160E-03   1.09065E-02  -1.33321E-03   1.54166E-02  -4.53021E-06   6.06925E-03   1.51313E-03  -1.29120E-02
 4.92300E+02   5.37252E-03  -1.82065E-02  -1.42152E-03  -1.84094E-02  -6.35094E-03  -6.52908E-03  -6.09025E-03   9.32990E-03  -1.43756E-03   1.74512E-02   3.71540E-03   1.19423E-02   5.58679E-03  -2.68842E-03   3.25351E-03  -1.50697E-02  -1.04619E-03  -1.57328E-02  -3.97673E-03  -4.31547E-03  -3.68865E-03   1.02827E-02  -9.25626E-04   1.68248E-02   1.95005E-03   1.03673E-02   2.95447E-03  -4.01649E-03   1.82984E-03  -1.52210E-02  -1.52604E-04  -1.46847E-02  -1.47570E-03  -2.96893E-03  -1.52094E-03   1.06606E-02  -7.07127E-04   1.52238E-02   2.31817E-04   6.04798E-03   9.73136E-04  -1.27097E-02
 4.95800E+02   5.15867E-03  -1.74941E-02  -1.61692E-03  -1.84629E-02  -6.36719E-03  -7.19518E-03  -5.85901E-03   8.61187E-03  -1.08434E-03   1.72038E-02   3.92859E-03   1.22838E-02   5.46057E-03  -2.07390E-03   2.83568E-03  -1.46478E-02  -1.46012E-03  -1.57680E-02  -4.05578E-03  -4.71531E-03  -3.33597E-03   9.84666E-03  -3.82572E-04   1.66502E-02   2.26951E-03   1.05234E-02   2.78442E-03  -3.69152E-03   1.27543E-03  -1.49637E-02  -6.78793E-04  -1.46357E-02  -1.56857E-03  -3.10797E-03  -1.10799E-03   1.04577E-02  -1.27037E-04   1.50851E-02   4.57760E-04   6.04551E-03   4.77878E-04  -1.25551E-02
 4.99400E+02   5.00135E-03  -1.67878E-02  -1.82772E-03  -1.85351E-02  -6.45403E-03  -7.87553E-03  -5.69585E-03   7.90061E-03  -7.44810E-04   1.69827E-02   4.18885E-03   1.26504E-02   5.40159E-03  -1.45849E-03   2.45302E-03  -1.42535E-02  -1.89358E-03  -1.58390E-02  -4.18792E-03  -5.12950E-03  -3.02639E-03   9.43177E-03   1.57226E-04   1.65176E-02   2.62101E-03   1.07089E-02   2.65190E-03  -3.37431E-03   7.36297E-04  -1.47470E-02  -1.21684E-03  -1.46286E-02  -1.68391E-03  -3.25723E-03  -7.08712E-04   1.02844E-02   4.54078E-04   1.49907E-02   6.91325E-04   6.06130E-03  -1.30309E-05  -1.24375E-02
 5.03000E+02   4.90270E-03  -1.61053E-02  -2.05212E-03  -1.86249E-02  -6.61151E-03  -8.55375E-03  -5.60307E-03   7.21354E-03  -4.22097E-04   1.67937E-02   4.49457E-03   1.30337E-02   5.41120E-03  -8.57015E-04   2.10908E-03  -1.38969E-02  -2.34343E-03  -1.59447E-02  -4.37285E-03  -5.54833E-03  -2.76280E-03   9.04820E-03   6.89786E-04   1.64304E-02   3.00249E-03   1.09198E-02   2.55837E-03  -3.07249E-03   2.16375E-04  -1.45763E-02  -1.76324E-03  -1.46642E-02  -1.82127E-03  -3.41329E-03  -3.25964E-04   1.01452E-02   1.03239E-03   1.49433E-02   9.31076E-04   6.09515E-03  -4.96312E-04  -1.23601E-02
 5.06600E+02   4.85981E-03  -1.54436E-02  -2.29408E-03  -1.87318E-02  -6.84135E-03  -9.23224E-03  -5.57762E-03   6.54742E-03  -1.09609E-04   1.66349E-02   4.85098E-03   1.34343E-02   5.48839E-03  -2.66752E-04   1.79621E-03  -1.35749E-02  -2.81856E-03  -1.60840E-02  -4.61347E-03  -5.97317E-03  -2.53892E-03   8.69324E-03   1.22639E-03   1.63865E-02   3.42147E-03   1.11559E-02   2.50116E-03  -2.78424E-03  -2.95767E-04  -1.44491E-02  -2.32957E-03  -1.47407E-02  -1.98323E-03  -3.57645E-03   4.88061E-05   1.00380E-02   1.62046E-03   1.49408E-02   1.18210E-03   6.14641E-03  -9.82584E-04  -1.23210E-02
 5.10300E+02   4.87267E-03  -1.47827E-02  -2.56570E-03  -1.88591E-02  -7.15712E-03  -9.93173E-03  -5.62073E-03   5.88176E-03   2.07327E-04   1.65014E-02   5.27716E-03   1.38645E-02   5.63935E-03   3.30510E-04   1.50026E-03  -1.32776E-02  -3.34321E-03  -1.62608E-02  -4.92361E-03  -6.41699E-03  -2.34508E-03   8.35560E-03   1.79382E-03   1.63841E-02   3.90016E-03   1.14239E-02   2.47871E-03  -2.50051E-03  -8.25492E-04  -1.43608E-02  -2.94494E-03  -1.48599E-02  -2.17880E-03  -3.75160E-03   4.34168E-04   9.95901E-03   2.24824E-03   1.49822E-02   1.45744E-03   6.21636E-03  -1.49647E-03  -1.23181E-02
 5.14000E+02   4.94390E-03  -1.41393E-02  -2.86597E-03  -1.90034E-02  -7.56022E-03  -1.06343E-02  -5.73534E-03   5.23312E-03   5.26301E-04   1.63957E-02   5.77305E-03   1.43127E-02   5.86642E-03   9.19748E-04   1.22426E-03  -1.30114E-02  -3.91586E-03  -1.64697E-02  -5.30436E-03  -6.86821E-03  -2.18406E-03   8.04310E-03   2.38969E-03   1.64216E-02   4.43817E-03   1.17162E-02   2.49278E-03  -2.22817E-03  -1.37026E-03  -1.43122E-02  -3.60781E-03  -1.50172E-02  -2.40832E-03  -3.93394E-03   8.28263E-04   9.90916E-03   2.91378E-03   1.50650E-02   1.75658E-03   6.30254E-03  -2.03618E-03  -1.23503E-02
 5.17700E+02   5.07594E-03  -1.35122E-02  -3.20118E-03  -1.91632E-02  -8.06009E-03  -1.13395E-02  -5.92502E-03   4.60038E-03   8.53702E-04   1.63156E-02   6.34985E-03   1.47772E-02   6.17554E-03   1.50126E-03   9.62848E-04  -1.27738E-02  -4.54926E-03  -1.67075E-02  -5.76487E-03  -7.32568E-03  -2.05294E-03   7.75369E-03   3.02719E-03   1.64953E-02   5.04803E-03   1.20300E-02   2.54423E-03  -1.96647E-03  -1.94217E-03  -1.42993E-02  -4.33340E-03  -1.52085E-02  -2.67738E-03  -4.12248E-03   1.23992E-03   9.88552E-03   3.63237E-03   1.51846E-02   2.08647E-03   6.40314E-03  -2.61405E-03  -1.24137E-02
 5.21400E+02   5.27310E-03  -1.29013E-02  -3.57865E-03  -1.93362E-02  -8.66907E-03  -1.20446E-02  -6.19559E-03   3.98392E-03   1.19615E-03   1.62583E-02   7.02123E-03   1.52541E-02   6.57515E-03   2.07359E-03   7.11142E-04  -1.25623E-02  -5.25795E-03  -1.69694E-02  -6.31675E-03  -7.78640E-03  -1.94979E-03   7.48570E-03   3.72077E-03   1.65998E-02   5.74444E-03   1.23606E-02   2.63509E-03  -1.71535E-03  -2.55414E-03  -1.43173E-02  -5.13885E-03  -1.54280E-02  -2.99273E-03  -4.31520E-03   1.67846E-03   9.88445E-03   4.42086E-03   1.53351E-02   2.45504E-03   6.51546E-03  -3.24359E-03  -1.25036E-02
 5.25200E+02   5.54986E-03  -1.22926E-02  -4.01931E-03  -1.95238E-02  -9.42442E-03  -1.27626E-02  -6.56630E-03   3.37038E-03   1.57093E-03   1.62196E-02   7.82645E-03   1.57497E-02   7.09144E-03   2.64768E-03   4.57919E-04  -1.23693E-02  -6.08180E-03  -1.72557E-02  -6.99366E-03  -8.25694E-03  -1.87179E-03   7.23160E-03   4.50837E-03   1.67315E-02   6.56792E-03   1.27100E-02   2.77283E-03  -1.46947E-03  -3.23914E-03  -1.43609E-02  -6.06972E-03  -1.56734E-02  -3.37337E-03  -4.51387E-03   2.16747E-03   9.90180E-03   5.32334E-03   1.55126E-02   2.88334E-03   6.63875E-03  -3.95968E-03  -1.26160E-02
 5.29000E+02   5.91062E-03  -1.17074E-02  -4.52432E-03  -1.97155E-02  -1.03317E-02  -1.34633E-02  -7.04251E-03   2.78265E-03   1.97729E-03   1.61963E-02   8.76983E-03   1.62396E-02   7.72994E-03   3.19974E-03   2.05303E-04  -1.21978E-02  -7.02365E-03  -1.75475E-02  -7.80066E-03  -8.71436E-03  -1.82174E-03   6.99836E-03   5.39163E-03   1.68765E-02   7.52273E-03   1.30567E-02   2.96032E-03  -1.23835E-03  -3.99808E-03  -1.44199E-02  -7.12949E-03  -1.59250E-02  -3.82194E-03  -4.70726E-03   2.70757E-03   9.93069E-03   6.34269E-03   1.56998E-02   3.37322E-03   6.76351E-03  -4.76435E-03  -1.27381E-02
 5.32800E+02   6.36622E-03  -1.11537E-02  -5.10596E-03  -1.99018E-02  -1.14152E-02  -1.41282E-02  -7.63830E-03   2.23143E-03   2.42422E-03   1.61815E-02   9.87572E-03   1.67049E-02   8.50868E-03   3.71589E-03  -5.14183E-05  -1.20442E-02  -8.10715E-03  -1.78267E-02  -8.75953E-03  -9.14174E-03  -1.80001E-03   6.78636E-03   6.39234E-03   1.70178E-02   8.63380E-03   1.33813E-02   3.20358E-03  -1.02675E-03  -4.84949E-03  -1.44800E-02  -8.34529E-03  -1.61617E-02  -4.35054E-03  -4.88588E-03   3.31196E-03   9.96089E-03   7.50482E-03   1.58765E-02   3.93739E-03   6.87984E-03  -5.67791E-03  -1.28541E-02
 5.36600E+02   6.92909E-03  -1.06448E-02  -5.77768E-03  -2.00686E-02  -1.27016E-02  -1.47287E-02  -8.36976E-03   1.73416E-03   2.92125E-03   1.61655E-02   1.11711E-02   1.71171E-02   9.44799E-03   4.17414E-03  -3.16886E-04  -1.19041E-02  -9.35818E-03  -1.80659E-02  -9.89450E-03  -9.51305E-03  -1.80753E-03   6.59714E-03   7.53402E-03   1.71308E-02   9.92854E-03   1.36547E-02   3.50960E-03  -8.42564E-04  -5.81325E-03  -1.45206E-02  -9.74666E-03  -1.63522E-02  -4.97258E-03  -5.03526E-03   3.99479E-03   9.97770E-03   8.83778E-03   1.60132E-02   4.58968E-03   6.97299E-03  -6.72229E-03  -1.29409E-02
 5.40500E+02   7.63192E-03  -1.01910E-02  -6.57508E-03  -2.01977E-02  -1.42623E-02  -1.52327E-02  -9.27913E-03   1.30802E-03   3.49345E-03   1.61332E-02   1.27264E-02   1.74403E-02   1.06011E-02   4.54923E-03  -6.03080E-04  -1.17684E-02  -1.08438E-02  -1.82278E-02  -1.12685E-02  -9.79498E-03  -1.84702E-03   6.42993E-03   8.87722E-03   1.71799E-02   1.14776E-02   1.38366E-02   3.89664E-03  -6.94824E-04  -6.94012E-03  -1.45106E-02  -1.14092E-02  -1.64519E-02  -5.72251E-03  -5.13568E-03   4.79199E-03   9.95887E-03   1.04132E-02   1.60666E-02   5.36550E-03   7.02190E-03  -7.95337E-03  -1.29644E-02
 5.44400E+02   8.47347E-03  -9.83931E-03  -7.49452E-03  -2.02521E-02  -1.60918E-02  -1.55554E-02  -1.03646E-02   1.00947E-03   4.13730E-03   1.60639E-02   1.45359E-02   1.75965E-02   1.19650E-02   4.77560E-03  -9.07273E-04  -1.16328E-02  -1.25580E-02  -1.82436E-02  -1.28773E-02  -9.91601E-03  -1.91985E-03   6.29567E-03   1.04159E-02   1.71067E-02   1.32754E-02   1.38523E-02   4.36433E-03  -6.08229E-04  -8.22486E-03  -1.44031E-02  -1.33264E-02  -1.63844E-02  -6.59799E-03  -5.14936E-03   5.69987E-03   9.87152E-03   1.22246E-02   1.59662E-02   6.26194E-03   6.99045E-03  -9.36605E-03  -1.28705E-02
 5.48400E+02   9.48607E-03  -9.63351E-03  -8.57065E-03  -2.01834E-02  -1.82600E-02  -1.55985E-02  -1.16679E-02   8.98674E-04   4.87687E-03   1.59242E-02   1.66683E-02   1.74865E-02   1.35919E-02   4.77595E-03  -1.24060E-03  -1.14829E-02  -1.45656E-02  -1.80182E-02  -1.47823E-02  -9.78399E-03  -2.02913E-03   6.20106E-03   1.22084E-02   1.68253E-02   1.53904E-02   1.35984E-02   4.93069E-03  -6.11680E-04  -9.71611E-03  -1.41260E-02  -1.55712E-02  -1.60394E-02  -7.63242E-03  -5.02458E-03   6.75283E-03   9.66429E-03   1.43409E-02   1.56075E-02   7.31311E-03   6.82641E-03  -1.10140E-02  -1.25779E-02
 5.52300E+02   1.06088E-02  -9.64671E-03  -9.74111E-03  -1.99349E-02  -2.06388E-02  -1.52325E-02  -1.31107E-02   1.06187E-03   5.67046E-03   1.56828E-02   1.89986E-02   1.69923E-02   1.53848E-02   4.45118E-03  -1.58567E-03  -1.13124E-02  -1.67499E-02  -1.74482E-02  -1.68707E-02  -9.29180E-03  -2.16641E-03   6.16259E-03   1.41513E-02   1.62487E-02   1.76985E-02   1.29634E-02   5.56107E-03  -7.41953E-04  -1.13282E-02  -1.36098E-02  -1.80128E-02  -1.53040E-02  -8.76470E-03  -4.70547E-03   7.89043E-03   9.28871E-03   1.66393E-02   1.48865E-02   8.45764E-03   6.47651E-03  -1.28017E-02  -1.20066E-02
 5.56300E+02   1.18592E-02  -9.95670E-03  -1.10295E-02  -1.94209E-02  -2.32712E-02  -1.42827E-02  -1.47159E-02   1.60648E-03   6.53651E-03   1.52807E-02   2.15706E-02   1.59373E-02   1.73736E-02   3.66321E-03  -1.95350E-03  -1.10963E-02  -1.91537E-02  -1.63646E-02  -1.91795E-02  -8.27503E-03  -2.32991E-03   6.19297E-03   1.62837E-02   1.52243E-02   2.02426E-02   1.17632E-02   6.26415E-03  -1.05110E-03  -1.30945E-02  -1.27264E-02  -2.06979E-02  -1.39819E-02  -1.00147E-02  -4.09967E-03   9.13620E-03   8.65379E-03   1.91642E-02   1.36175E-02   9.71697E-03   5.84777E-03  -1.47643E-02  -1.10121E-02
 5.60300E+02   1.31248E-02  -1.06434E-02  -1.23283E-02  -1.85717E-02  -2.59289E-02  -1.25964E-02  -1.63390E-02   2.63139E-03   7.40642E-03   1.46762E-02   2.41633E-02   1.41775E-02   1.93814E-02   2.29414E-03  -2.31964E-03  -1.08222E-02  -2.15728E-02  -1.46371E-02  -2.15063E-02  -6.60179E-03  -2.49873E-03   6.30874E-03   1.84265E-02   1.36395E-02   2.28022E-02   9.85682E-03   6.97431E-03  -1.58304E-03  -1.48674E-02  -1.13843E-02  -2.33962E-02  -1.19274E-02  -1.12724E-02  -3.13653E-03   1.03860E-02   7.69497E-03   2.16999E-02   1.16648E-02   1.09823E-02   4.87133E-03  -1.67346E-02  -9.48982E-03
 5.64400E+02   1.42922E-02  -1.17868E-02  -1.35349E-02  -1.73073E-02  -2.83882E-02  -1.00054E-02  -1.78350E-02   4.24265E-03   8.21755E-03   1.38170E-02   2.65620E-02   1.15470E-02   2.12319E-02   2.11290E-04  -2.66537E-03  -1.04707E-02  -2.38103E-02  -1.21097E-02  -2.36508E-02  -4.11762E-03  -2.64765E-03   6.52516E-03   2.04078E-02   1.13556E-02   2.51616E-02   7.07407E-03   7.62397E-03  -2.38809E-03  -1.65057E-02  -9.46809E-03  -2.58832E-02  -8.96097E-03  -1.24285E-02  -1.73042E-03   1.15402E-02   6.33060E-03   2.40367E-02   8.85954E-03   1.21472E-02   3.46215E-03  -1.85507E-02  -7.30860E-03
 5.68400E+02   1.51231E-02  -1.33054E-02  -1.44212E-02  -1.57127E-02  -3.01657E-02  -6.68642E-03  -1.88983E-02   6.32924E-03   8.82453E-03   1.27592E-02   2.82992E-02   8.22198E-03   2.25511E-02  -2.44456E-03  -2.93880E-03  -1.00633E-02  -2.54345E-02  -8.94953E-03  -2.51854E-02  -9.87884E-04  -2.73268E-03   6.82625E-03   2.18484E-02   8.52206E-03   2.68552E-02   3.59815E-03   8.07473E-03  -3.41225E-03  -1.76977E-02  -7.10232E-03  -2.76723E-02  -5.27653E-03  -1.32507E-02   2.62402E-05   1.23787E-02   4.64903E-03   2.57188E-02   5.38433E-03   1.29819E-02   1.71219E-03  -1.98595E-02  -4.61026E-03
 5.72500E+02   1.54830E-02  -1.51429E-02  -1.48676E-02  -1.38314E-02  -3.09979E-02  -2.73863E-03  -1.93568E-02   8.82594E-03   9.15509E-03   1.15270E-02   2.91220E-02   4.29173E-03   2.31299E-02  -5.59956E-03  -3.11959E-03  -9.60512E-03  -2.62137E-02  -5.23345E-03  -2.58731E-02   2.70865E-03  -2.72249E-03   7.20047E-03   2.25465E-02   5.20260E-03   2.76279E-02  -4.89968E-04   8.24560E-03  -4.62923E-03  -1.82777E-02  -4.33748E-03  -2.84987E-02  -9.55321E-04  -1.36095E-02   2.09349E-03   1.27846E-02   2.68528E-03   2.64987E-02   1.31375E-03   1.33604E-02  -3.40471E-04  -2.04700E-02  -1.45198E-03
 5.76700E+02   1.52407E-02  -1.70841E-02  -1.47517E-02  -1.18657E-02  -3.06218E-02   1.40570E-03  -1.90420E-02   1.14573E-02   9.13274E-03   1.02477E-02   2.87767E-02   1.73150E-04   2.27627E-02  -8.91749E-03  -3.18247E-03  -9.13944E-03  -2.59143E-02  -1.34552E-03  -2.54794E-02   6.58846E-03  -2.59033E-03   7.60564E-03   2.22972E-02   1.73375E-03   2.72253E-02  -4.77432E-03   8.05902E-03  -5.91338E-03  -1.80772E-02  -1.45013E-03  -2.80969E-02   3.56869E-03  -1.33769E-02   4.26294E-03   1.26388E-02   6.34472E-04   2.61281E-02  -2.94610E-03   1.31571E-02  -2.49069E-03  -2.01900E-02   1.85200E-03
 5.80800E+02   1.44516E-02  -1.87874E-02  -1.41211E-02  -1.01421E-02  -2.91443E-02   5.04933E-03  -1.80252E-02   1.37787E-02   8.78528E-03   9.12826E-03   2.73659E-02  -3.45570E-03   2.15360E-02  -1.18509E-02  -3.13402E-03  -8.73738E-03  -2.46300E-02   2.08545E-03  -2.41019E-02   1.00229E-02  -2.35053E-03   7.97284E-03   2.11823E-02  -1.33076E-03   2.57524E-02  -8.56971E-03   7.54930E-03  -7.05757E-03  -1.71634E-02   1.10290E-03  -2.65757E-02   7.57829E-03  -1.26067E-02   6.18994E-03   1.19890E-02  -1.18040E-03   2.47087E-02  -6.72286E-03   1.24239E-02  -4.39874E-03  -1.90980E-02   4.78105E-03
 5.85000E+02   1.32412E-02  -2.01533E-02  -1.30990E-02  -8.74711E-03  -2.68232E-02   8.00438E-03  -1.64668E-02   1.56700E-02   8.19301E-03   8.22094E-03   2.51390E-02  -6.41947E-03   1.96462E-02  -1.42580E-02  -3.00522E-03  -8.41513E-03  -2.25917E-02   4.90248E-03  -2.19662E-02   1.28550E-02  -2.02320E-03   8.28367E-03   1.94047E-02  -3.85645E-03   2.34550E-02  -1.17096E-02   6.78725E-03  -8.01094E-03  -1.57033E-02   3.21286E-03  -2.41927E-02   1.09024E-02  -1.14205E-02   7.79219E-03   1.09526E-02  -2.68323E-03   2.24815E-02  -9.85772E-03   1.12819E-02  -5.98432E-03  -1.73808E-02   7.21266E-03
 5.89300E+02   1.17962E-02  -2.10875E-02  -1.18614E-02  -7.76990E-03  -2.40340E-02   1.00807E-02  -1.46058E-02   1.70102E-02   7.46674E-03   7.58205E-03   2.24582E-02  -8.53481E-03   1.73852E-02  -1.59916E-02  -2.83406E-03  -8.19213E-03  -2.01330E-02   6.93680E-03  -1.94049E-02   1.49168E-02  -1.64449E-03   8.52008E-03   1.72570E-02  -5.69553E-03   2.06942E-02  -1.40118E-02   5.88160E-03  -8.71877E-03  -1.39374E-02   4.75830E-03  -2.13245E-02   1.33509E-02  -9.99899E-03   8.97860E-03   9.69952E-03  -3.78843E-03   1.97993E-02  -1.21729E-02   9.90909E-03  -7.15768E-03  -1.53115E-02   9.00922E-03
 5.93500E+02   1.03629E-02  -2.15823E-02  -1.06343E-02  -7.22233E-03  -2.12668E-02   1.12536E-02  -1.27584E-02   1.77830E-02   6.74656E-03   7.22005E-03   1.97963E-02  -9.77304E-03   1.51383E-02  -1.70272E-02  -2.66494E-03  -8.07146E-03  -1.76892E-02   8.15833E-03  -1.68573E-02   1.61768E-02  -1.26676E-03   8.67815E-03   1.51201E-02  -6.81928E-03   1.79455E-02  -1.54396E-02   4.97902E-03  -9.16939E-03  -1.21790E-02   5.71426E-03  -1.84670E-02   1.48837E-02  -8.58206E-03   9.72938E-03   8.45103E-03  -4.47775E-03   1.71259E-02  -1.36297E-02   8.54053E-03  -7.89914E-03  -1.32489E-02   1.01406E-02
 5.97800E+02   8.99099E-03  -2.17505E-02  -9.47060E-03  -6.99446E-03  -1.86272E-02   1.17587E-02  -1.09874E-02   1.81398E-02   6.06843E-03   7.06492E-03   1.72554E-02  -1.03668E-02   1.29828E-02  -1.75544E-02  -2.51413E-03  -8.02952E-03  -1.53548E-02   8.78560E-03  -1.44119E-02   1.68556E-02  -8.94544E-04   8.78322E-03   1.30773E-02  -7.42202E-03   1.53061E-02  -1.62352E-02   4.10496E-03  -9.43707E-03  -1.04965E-02   6.24219E-03  -1.57222E-02   1.57558E-02  -7.21627E-03   1.01679E-02   7.25504E-03  -4.86594E-03   1.45569E-02  -1.44682E-02   7.22352E-03  -8.33023E-03  -1.12671E-02   1.07928E-02
 6.02100E+02   7.77211E-03  -2.16750E-02  -8.45430E-03  -7.01067E-03  -1.62975E-02   1.17581E-02  -9.41030E-03   1.81838E-02   5.48444E-03   7.06960E-03   1.50113E-02  -1.04705E-02   1.10621E-02  -1.76974E-02  -2.39815E-03  -8.05051E-03  -1.32917E-02   8.95917E-03  -1.22322E-02   1.70929E-02  -5.47285E-04   8.85058E-03   1.12705E-02  -7.62589E-03   1.29529E-02  -1.65493E-02   3.31391E-03  -9.56715E-03  -9.00645E-03   6.44194E-03  -1.32742E-02   1.61235E-02  -5.99075E-03   1.03690E-02   6.19389E-03  -5.02319E-03   1.22647E-02  -1.48342E-02   6.04541E-03  -8.52459E-03  -9.49952E-03   1.10787E-02
 6.06500E+02   6.69830E-03  -2.14337E-02  -7.58205E-03  -7.19741E-03  -1.42656E-02   1.14112E-02  -8.01645E-03   1.80182E-02   4.99430E-03   7.18792E-03   1.30522E-02  -1.02402E-02   9.36294E-03  -1.75843E-02  -2.31966E-03  -8.11965E-03  -1.14891E-02   8.82507E-03  -1.03033E-02   1.70370E-02  -2.19688E-04   8.89816E-03   9.69001E-03  -7.56028E-03   1.08700E-02  -1.65441E-02   2.59830E-03  -9.60998E-03  -7.70088E-03   6.42077E-03  -1.11069E-02   1.61573E-02  -4.89589E-03   1.04154E-02   5.26156E-03  -5.02571E-03   1.02338E-02  -1.48878E-02   4.99769E-03  -8.56344E-03  -7.93442E-03   1.11220E-02
 6.10900E+02   5.79058E-03  -2.10931E-02  -6.87176E-03  -7.49371E-03  -1.25719E-02   1.08482E-02  -6.83282E-03   1.77252E-02   4.60856E-03   7.38181E-03   1.14171E-02  -9.79969E-03   7.91809E-03  -1.73138E-02  -2.28125E-03  -8.22386E-03  -9.98275E-03   8.49557E-03  -8.66227E-03   1.67990E-02   8.29108E-05   8.93766E-03   8.36718E-03  -7.32259E-03   9.09741E-03  -1.63391E-02   1.97111E-03  -9.60121E-03  -6.60547E-03   6.25821E-03  -9.26153E-03   1.59811E-02  -3.95214E-03   1.03665E-02   4.47627E-03  -4.92934E-03   8.50312E-03  -1.47447E-02   4.10018E-03  -8.50509E-03  -6.60176E-03   1.10123E-02
 6.15300E+02   5.02906E-03  -2.06996E-02  -6.30606E-03  -7.85633E-03  -1.11776E-02   1.01620E-02  -5.83367E-03   1.73645E-02   4.31692E-03   7.62412E-03   1.00686E-02  -9.23875E-03   6.69605E-03  -1.69589E-02  -2.28042E-03  -8.35413E-03  -8.73813E-03   8.05382E-03  -7.27313E-03   1.64624E-02   3.65815E-04   8.97861E-03   7.27167E-03  -6.98592E-03   7.59601E-03  -1.60251E-02   1.41948E-03  -9.56855E-03  -5.69518E-03   6.01452E-03  -7.69750E-03   1.56898E-02  -3.13926E-03   1.02678E-02   3.82021E-03  -4.77669E-03   7.03436E-03  -1.44939E-02   3.33330E-03  -8.39456E-03  -5.47200E-03   1.08185E-02
 6.19700E+02   4.39142E-03  -2.02832E-02  -5.86542E-03  -8.25722E-03  -1.00391E-02   9.41312E-03  -4.99011E-03   1.69748E-02   4.10778E-03   7.89728E-03   8.96450E-03  -8.61605E-03   5.66140E-03  -1.65672E-02  -2.31432E-03  -8.50469E-03  -7.71637E-03   7.55411E-03  -6.09539E-03   1.60820E-02   6.34989E-04   9.02736E-03   6.36933E-03  -6.59805E-03   6.32184E-03  -1.56618E-02   9.28942E-04  -9.53027E-03  -4.94178E-03   5.72913E-03  -6.36882E-03   1.53459E-02  -2.43442E-03   1.01496E-02   3.27327E-03  -4.59570E-03   5.78441E-03  -1.41938E-02   2.67495E-03  -8.26144E-03  -4.51187E-03   1.05858E-02
 6.24200E+02   3.84559E-03  -1.98534E-02  -5.52529E-03  -8.68869E-03  -9.09693E-03   8.62160E-03  -4.25996E-03   1.65717E-02   3.96820E-03   8.19727E-03   8.04711E-03  -7.95345E-03   4.76225E-03  -1.61598E-02  -2.38248E-03  -8.67609E-03  -6.86401E-03   7.01847E-03  -5.06973E-03   1.56832E-02   9.02239E-04   9.08961E-03   5.61295E-03  -6.17963E-03   5.21049E-03  -1.52781E-02   4.75966E-04  -9.49744E-03  -4.30596E-03   5.41994E-03  -5.20811E-03   1.49806E-02  -1.80266E-03   1.00284E-02   2.80710E-03  -4.39959E-03   4.68992E-03  -1.38743E-02   2.09206E-03  -8.12146E-03  -3.67258E-03   1.03373E-02
 6.28700E+02   3.38801E-03  -1.94314E-02  -5.28078E-03  -9.13097E-03  -8.34254E-03   7.82801E-03  -3.63878E-03   1.61796E-02   3.89454E-03   8.51137E-03   7.30809E-03  -7.28807E-03   3.99299E-03  -1.57648E-02  -2.48285E-03  -8.86306E-03  -6.17328E-03   6.47967E-03  -4.18950E-03   1.52970E-02   1.16732E-03   9.16724E-03   4.99569E-03  -5.75843E-03   4.25450E-03  -1.49066E-02   5.89745E-05  -9.47865E-03  -3.78211E-03   5.10919E-03  -4.20747E-03   1.46271E-02  -1.24056E-03   9.91936E-03   2.41778E-03  -4.20370E-03   3.74340E-03  -1.35661E-02   1.58103E-03  -7.98980E-03  -2.94828E-03   1.00967E-02
 6.33200E+02   3.00259E-03  -1.90241E-02  -5.11901E-03  -9.57798E-03  -7.74550E-03   7.04586E-03  -3.10541E-03   1.58072E-02   3.87975E-03   8.83589E-03   6.71792E-03  -6.63319E-03   3.32751E-03  -1.53932E-02  -2.61479E-03  -9.06463E-03  -5.61682E-03   5.95018E-03  -3.42468E-03   1.49362E-02   1.43592E-03   9.26210E-03   4.49334E-03  -5.34557E-03   3.42112E-03  -1.45615E-02  -3.33816E-04  -9.47857E-03  -3.35005E-03   4.80617E-03  -3.33253E-03   1.43005E-02  -7.30403E-04   9.82990E-03   2.09078E-03  -4.01467E-03   2.91251E-03  -1.32834E-02   1.12499E-03  -7.87370E-03  -2.31405E-03   9.87510E-03
 6.37800E+02   2.66962E-03  -1.86265E-02  -5.02909E-03  -1.00367E-02  -7.27290E-03   6.26527E-03  -2.63292E-03   1.54520E-02   3.92043E-03   9.17657E-03   6.24420E-03  -5.98172E-03   2.73209E-03  -1.50439E-02  -2.78266E-03  -9.28543E-03  -5.16411E-03   5.42533E-03  -2.73629E-03   1.46010E-02   1.71986E-03   9.37807E-03   4.07847E-03  -4.93829E-03   2.66767E-03  -1.42441E-02  -7.21157E-04  -9.50059E-03  -2.98635E-03   4.50957E-03  -2.53833E-03   1.40030E-02  -2.46810E-04   9.76306E-03   1.80860E-03  -3.83229E-03   2.15454E-03  -1.30289E-02   7.00853E-04  -7.77533E-03  -1.73718E-03   9.67444E-03
 6.42400E+02   2.38731E-03  -1.82495E-02  -5.00824E-03  -1.04962E-02  -6.92010E-03   5.50678E-03  -2.21902E-03   1.51247E-02   4.01452E-03   9.52569E-03   5.88239E-03  -5.35151E-03   2.20371E-03  -1.47283E-02  -2.98536E-03  -9.52117E-03  -4.81091E-03   4.92012E-03  -2.12061E-03   1.43032E-02   2.01912E-03   9.51401E-03   3.74729E-03  -4.54878E-03   1.98984E-03  -1.39665E-02  -1.10411E-03  -9.54643E-03  -2.68787E-03   4.22876E-03  -1.82020E-03   1.37466E-02   2.12366E-04   9.72333E-03   1.56901E-03  -3.66270E-03   1.46502E-03  -1.28135E-02   3.06395E-04  -7.69962E-03  -1.21417E-03   9.50312E-03
 6.47000E+02   2.14684E-03  -1.78931E-02  -5.05191E-03  -1.09563E-02  -6.67261E-03   4.77083E-03  -1.85147E-03   1.48257E-02   4.16096E-03   9.88327E-03   5.61812E-03  -4.74318E-03   1.72681E-03  -1.44472E-02  -3.22545E-03  -9.77201E-03  -4.54359E-03   4.43533E-03  -1.55942E-03   1.40440E-02   2.33977E-03   9.67026E-03   3.48742E-03  -4.17787E-03   1.36749E-03  -1.37300E-02  -1.49201E-03  -9.61668E-03  -2.44390E-03   3.96452E-03  -1.15673E-03   1.35328E-02   6.59524E-04   9.71156E-03   1.36390E-03  -3.50652E-03   8.23518E-04  -1.26384E-02  -6.95736E-05  -7.64737E-03  -7.29393E-04   9.36227E-03
 6.51700E+02   1.93711E-03  -1.75500E-02  -5.16097E-03  -1.14275E-02  -6.51793E-03   4.04123E-03  -1.51334E-03   1.45490E-02   4.36547E-03   1.02576E-02   5.43815E-03  -4.14351E-03   1.27920E-03  -1.41951E-02  -3.51330E-03  -1.00440E-02  -4.34879E-03   3.96061E-03  -1.02630E-03   1.38186E-02   2.69630E-03   9.85085E-03   3.28590E-03  -3.81779E-03   7.71010E-04  -1.35304E-02  -1.90285E-03  -9.71356E-03  -2.24234E-03   3.71146E-03  -5.16155E-04   1.33579E-02   1.11581E-03   9.72825E-03   1.18321E-03  -3.36067E-03   1.99232E-04  -1.25012E-02  -4.44996E-04  -7.61808E-03  -2.59504E-04   9.24966E-03
 6.56400E+02   1.75796E-03  -1.72270E-02  -5.33526E-03  -1.19004E-02  -6.45567E-03   3.33271E-03  -1.20417E-03   1.43003E-02   4.62819E-03   1.06412E-02   5.34198E-03  -3.56465E-03   8.59920E-04  -1.39772E-02  -3.84945E-03  -1.03315E-02  -4.22587E-03   3.50561E-03  -5.19719E-04   1.36315E-02   3.08968E-03   1.00520E-02   3.14200E-03  -3.47592E-03   1.98363E-04  -1.33717E-02  -2.33804E-03  -9.83500E-03  -2.08241E-03   3.47477E-03   1.03965E-04   1.32256E-02   1.58297E-03   9.77298E-03   1.02619E-03  -3.22816E-03  -4.10356E-04  -1.24043E-02  -8.21387E-04  -7.61229E-03   1.97424E-04   9.16754E-03
 6.61200E+02   1.60185E-03  -1.69168E-02  -5.58307E-03  -1.23852E-02  -6.48394E-03   2.62941E-03  -9.10447E-04   1.40734E-02   4.96147E-03   1.10422E-02   5.32606E-03  -2.99361E-03   4.50156E-04  -1.37878E-02  -4.24975E-03  -1.06405E-02  -4.16985E-03   3.06009E-03  -1.64849E-05   1.34776E-02   3.53857E-03   1.02775E-02   3.04954E-03  -3.14449E-03  -3.77080E-04  -1.32495E-02  -2.81829E-03  -9.98276E-03  -1.95695E-03   3.24900E-03   7.32793E-04   1.31316E-02   2.08328E-03   9.84572E-03   8.85593E-04  -3.10579E-03  -1.03411E-03  -1.23446E-02  -1.21668E-03  -7.62905E-03   6.63041E-04   9.11315E-03
 6.65900E+02   1.47169E-03  -1.66312E-02  -5.89880E-03  -1.28613E-02  -6.60133E-03   1.95987E-03  -6.37702E-04   1.38761E-02   5.35830E-03   1.14424E-02   5.38990E-03  -2.45338E-03   5.73825E-05  -1.36325E-02  -4.70627E-03  -1.09560E-02  -4.18106E-03   2.64181E-03   4.74523E-04   1.33604E-02   4.03453E-03   1.05154E-02   3.00957E-03  -2.83649E-03  -9.45434E-04  -1.31652E-02  -3.33496E-03  -1.01480E-02  -1.86768E-03   3.04265E-03   1.35973E-03   1.30762E-02   2.60805E-03   9.94055E-03   7.63577E-04  -2.99776E-03  -1.66159E-03  -1.23207E-02  -1.62415E-03  -7.66535E-03   1.12961E-03   9.08596E-03
 6.70800E+02   1.35701E-03  -1.63513E-02  -6.31249E-03  -1.33566E-02  -6.82126E-03   1.28253E-03  -3.62560E-04   1.36942E-02   5.85599E-03   1.18648E-02   5.54183E-03  -1.91045E-03  -3.52877E-04  -1.34990E-02  -5.26169E-03  -1.12949E-02  -4.26269E-03   2.22471E-03   9.97091E-04   1.32694E-02   4.62380E-03   1.07774E-02   3.02015E-03  -2.53249E-03  -1.55796E-03  -1.31099E-02  -3.93608E-03  -1.03374E-02  -1.80762E-03   2.84232E-03   2.04177E-03   1.30515E-02   3.20587E-03   1.00597E-02   6.49587E-04  -2.89654E-03  -2.35018E-03  -1.23267E-02  -2.08140E-03  -7.72054E-03   1.63977E-03   9.08102E-03
 6.75600E+02   1.26337E-03  -1.60938E-02  -6.81146E-03  -1.38365E-02  -7.13936E-03   6.42253E-04  -9.62286E-05   1.35370E-02   6.43877E-03   1.22780E-02   5.77964E-03  -1.40082E-03  -7.64900E-04  -1.33922E-02  -5.89817E-03  -1.16306E-02  -4.41453E-03   1.83636E-03   1.53198E-03   1.32056E-02   5.28724E-03   1.10412E-02   3.08299E-03  -2.25228E-03  -2.19275E-03  -1.30814E-02  -4.60196E-03  -1.05331E-02  -1.78030E-03   2.66049E-03   2.75504E-03   1.30527E-02   3.85688E-03   1.01896E-02   5.48305E-04  -2.80765E-03  -3.07614E-03  -1.23557E-02  -2.57303E-03  -7.78663E-03   2.17590E-03   9.09373E-03
 6.80500E+02   1.18529E-03  -1.58473E-02  -7.42961E-03  -1.43129E-02  -7.57828E-03   1.85094E-05   1.78262E-04   1.33947E-02   7.14623E-03   1.26900E-02   6.12059E-03  -9.08321E-04  -1.20562E-03  -1.33023E-02  -6.65901E-03  -1.19667E-02  -4.64793E-03   1.46432E-03   2.11473E-03   1.31589E-02   6.07016E-03   1.13068E-02   3.20321E-03  -1.98638E-03  -2.89247E-03  -1.30693E-02  -5.37814E-03  -1.07324E-02  -1.78444E-03   2.49009E-03   3.54785E-03   1.30691E-02   4.60562E-03   1.03253E-02   4.53136E-04  -2.72633E-03  -3.88886E-03  -1.23978E-02  -3.13267E-03  -7.85858E-03   2.77450E-03   9.11643E-03
 6.85400E+02   1.12388E-03  -1.56169E-02  -8.17349E-03  -1.47622E-02  -8.14496E-03  -5.63919E-04   4.61187E-04   1.32668E-02   7.98543E-03   1.30769E-02   6.57068E-03  -4.53125E-04  -1.67675E-03  -1.32244E-02  -7.55163E-03  -1.22799E-02  -4.96764E-03   1.12390E-03   2.74853E-03   1.31206E-02   6.98003E-03   1.15522E-02   3.38409E-03  -1.74522E-03  -3.66169E-03  -1.30614E-02  -6.27185E-03  -1.09147E-02  -1.82172E-03   2.33658E-03   4.42594E-03   1.30856E-02   5.45880E-03   1.04485E-02   3.64206E-04  -2.65343E-03  -4.79468E-03  -1.24362E-02  -3.76512E-03  -7.92356E-03   3.44016E-03   9.13714E-03
 6.90300E+02   1.07852E-03  -1.54027E-02  -9.06089E-03  -1.51636E-02  -8.85397E-03  -1.08681E-03   7.58246E-04   1.31480E-02   8.97648E-03   1.34154E-02   7.14177E-03  -5.04830E-05  -2.18856E-03  -1.31482E-02  -8.59751E-03  -1.25455E-02  -5.38235E-03   8.26754E-04   3.44777E-03   1.30756E-02   8.03887E-03   1.17521E-02   3.63083E-03  -1.53630E-03  -4.51834E-03  -1.30386E-02  -7.30484E-03  -1.10556E-02  -1.89366E-03   2.20301E-03   5.41018E-03   1.30799E-02   6.43717E-03   1.05360E-02   2.79699E-04  -2.58774E-03  -5.81534E-03  -1.24478E-02  -4.48573E-03  -7.96467E-03   4.18888E-03   9.13873E-03
 6.95300E+02   1.04843E-03  -1.52017E-02  -1.01330E-02  -1.54912E-02  -9.73978E-03  -1.52995E-03   1.08148E-03   1.30286E-02   1.01652E-02   1.36748E-02   7.86202E-03   2.81786E-04  -2.76290E-03  -1.30573E-02  -9.84494E-03  -1.27297E-02  -5.91289E-03   5.86873E-04   4.24312E-03   1.30013E-02   9.29558E-03   1.18710E-02   3.95629E-03  -1.36863E-03  -5.50061E-03  -1.29725E-02  -8.52473E-03  -1.11195E-02  -2.00469E-03   2.09252E-03   6.54489E-03   1.30184E-02   7.58570E-03   1.05537E-02   1.96392E-04  -2.52678E-03  -6.99713E-03  -1.23971E-02  -5.32752E-03  -7.95670E-03   5.05459E-03   9.09525E-03
 7.00300E+02   1.03434E-03  -1.50202E-02  -1.13887E-02  -1.56882E-02  -1.08023E-02  -1.83840E-03   1.42963E-03   1.29010E-02   1.15502E-02   1.37948E-02   8.73155E-03   4.98218E-04  -3.39829E-03  -1.29325E-02  -1.12926E-02  -1.27707E-02  -6.55955E-03   4.39017E-04   5.13300E-03   1.28675E-02   1.07489E-02   1.18483E-02   4.36080E-03  -1.26545E-03  -6.60692E-03  -1.28235E-02  -9.93035E-03  -1.10488E-02  -2.15519E-03   2.01626E-03   7.82852E-03   1.28540E-02   8.90326E-03   1.04490E-02   1.14658E-04  -2.47030E-03  -8.33863E-03  -1.22336E-02  -6.28960E-03  -7.86193E-03   6.03624E-03   8.96989E-03
 7.05400E+02   1.03564E-03  -1.48580E-02  -1.28631E-02  -1.56854E-02  -1.20709E-02  -1.95128E-03   1.81283E-03   1.27485E-02   1.31705E-02   1.36976E-02   9.77438E-03   5.46589E-04  -4.11308E-03  -1.27409E-02  -1.29813E-02  -1.25861E-02  -7.34005E-03   4.23910E-04   6.14307E-03   1.26265E-02   1.24399E-02   1.15998E-02   4.85532E-03  -1.25376E-03  -7.86914E-03  -1.25303E-02  -1.15616E-02  -1.07612E-02  -2.34900E-03   1.98593E-03   9.29802E-03   1.25137E-02   1.04274E-02   1.01445E-02   3.18822E-05  -2.41529E-03  -9.87836E-03  -1.18800E-02  -7.39948E-03  -7.62407E-03   7.16206E-03   8.70617E-03
 7.10500E+02   1.05080E-03  -1.47232E-02  -1.45130E-02  -1.53863E-02  -1.35067E-02  -1.77737E-03   2.22204E-03   1.25554E-02   1.49790E-02   1.32796E-02   1.09579E-02   3.50901E-04  -4.88895E-03  -1.24468E-02  -1.48622E-02  -1.20689E-02  -8.22937E-03   5.99831E-04   7.24651E-03   1.22237E-02   1.43198E-02   1.10195E-02   5.42332E-03  -1.37242E-03  -9.25300E-03  -1.20221E-02  -1.33715E-02  -1.01559E-02  -2.57874E-03   2.01975E-03   1.09129E-02   1.19129E-02   1.21145E-02   9.54721E-03  -5.06845E-05  -2.36050E-03  -1.15734E-02  -1.12462E-02  -8.62568E-03  -7.17620E-03   8.40074E-03   8.23832E-03
 7.15600E+02   1.07562E-03  -1.46207E-02  -1.62754E-02  -1.46861E-02  -1.50502E-02  -1.22034E-03   2.64667E-03   1.23013E-02   1.69069E-02   1.24257E-02   1.22317E-02  -1.70024E-04  -5.70203E-03  -1.20068E-02  -1.68640E-02  -1.10996E-02  -9.18837E-03   1.02945E-03   8.40698E-03   1.15945E-02   1.63175E-02   9.98756E-03   6.03837E-03  -1.66311E-03  -1.07111E-02  -1.12152E-02  -1.52920E-02  -9.11690E-03  -2.83177E-03   2.13670E-03   1.26162E-02   1.09523E-02   1.39018E-02   8.54951E-03  -1.32423E-04  -2.30326E-03  -1.33630E-02  -1.02263E-02  -9.92300E-03  -6.44059E-03   9.70798E-03   7.48924E-03
 7.20800E+02   1.10318E-03  -1.45543E-02  -1.80578E-02  -1.34590E-02  -1.66138E-02  -1.66065E-04   3.07237E-03   1.19600E-02   1.88538E-02   1.09970E-02   1.35212E-02  -1.11347E-03  -6.51848E-03  -1.13668E-02  -1.88822E-02  -9.53144E-03  -1.01585E-02   1.78850E-03   9.57209E-03   1.06583E-02   1.83286E-02   8.35573E-03   6.66065E-03  -2.17643E-03  -1.21742E-02  -1.00057E-02  -1.72226E-02  -7.50077E-03  -3.08877E-03   2.35967E-03   1.43247E-02   9.50784E-03   1.56965E-02   7.01750E-03  -2.12826E-04  -2.23990E-03  -1.51577E-02  -8.68847E-03  -1.12247E-02  -5.32018E-03   1.10186E-02   6.36244E-03
 7.26000E+02   1.12135E-03  -1.45284E-02  -1.96212E-02  -1.16658E-02  -1.79769E-02   1.42328E-03   3.45359E-03   1.15260E-02   2.05588E-02   8.95178E-03   1.46408E-02  -2.51035E-03  -7.24126E-03  -1.05132E-02  -2.06456E-02  -7.32252E-03  -1.09968E-02   2.90036E-03   1.05970E-02   9.39436E-03   2.00817E-02   6.08297E-03   7.19491E-03  -2.92784E-03  -1.34555E-02  -8.36651E-03  -1.89026E-02  -5.26864E-03  -3.30608E-03   2.69596E-03   1.58160E-02   7.54733E-03   1.72568E-02   4.91563E-03  -2.86552E-04  -2.17011E-03  -1.67209E-02  -6.59836E-03  -1.23564E-02  -3.78954E-03   1.21600E-02   4.83304E-03
 7.31200E+02   1.11616E-03  -1.45394E-02  -2.07163E-02  -9.36771E-03  -1.89085E-02   3.49051E-03   3.74483E-03   1.10100E-02   2.17501E-02   6.35669E-03   1.53954E-02  -4.31255E-03  -7.77145E-03  -9.46984E-03  -2.18717E-02  -4.54173E-03  -1.15522E-02   4.32789E-03   1.13329E-02   7.83859E-03   2.12944E-02   3.23788E-03   7.54022E-03  -3.89253E-03  -1.43618E-02  -6.34412E-03  -2.00605E-02  -2.48621E-03  -3.43682E-03   3.13399E-03   1.68597E-02   5.12618E-03   1.83313E-02   2.30459E-03  -3.48910E-04  -2.09488E-03  -1.78071E-02  -4.01501E-03  -1.31368E-02  -1.89234E-03   1.29532E-02   2.94403E-03
 7.36500E+02   1.07437E-03  -1.45767E-02  -2.11292E-02  -6.71597E-03  -1.92084E-02   5.89457E-03   3.90865E-03   1.04385E-02   2.21940E-02   3.37474E-03   1.56156E-02  -6.40253E-03  -8.02566E-03  -8.29471E-03  -2.23172E-02  -1.35666E-03  -1.16930E-02   5.98111E-03   1.16532E-02   6.07802E-03   2.17231E-02  -1.35074E-05   7.60781E-03  -5.01076E-03  -1.47281E-02  -4.05093E-03  -2.04618E-02   6.88063E-04  -3.43919E-03   3.64606E-03   1.72579E-02   2.37799E-03   1.87027E-02  -6.69608E-04  -3.96622E-04  -2.01672E-03  -1.82049E-02  -1.08049E-03  -1.34091E-02   2.66380E-04   1.32440E-02   7.98932E-04
 7.41800E+02   9.90486E-04  -1.46229E-02  -2.07447E-02  -4.07363E-03  -1.87708E-02   8.30060E-03   3.92270E-03   9.88022E-03   2.17651E-02   4.03428E-04   1.52125E-02  -8.49708E-03  -7.95685E-03  -7.13537E-03  -2.18518E-02   1.81815E-03  -1.13508E-02   7.64067E-03   1.14879E-02   4.33370E-03   2.12375E-02  -3.25570E-03   7.35232E-03  -6.13599E-03  -1.44641E-02  -1.77323E-03  -1.99814E-02   3.85409E-03  -3.29252E-03   4.16469E-03   1.69036E-02  -3.56017E-04   1.82551E-02  -3.63576E-03  -4.26969E-04  -1.94355E-03  -1.78007E-02   1.84182E-03  -1.30897E-02   2.41862E-03   1.29494E-02  -1.33714E-03
 7.47200E+02   8.66616E-04  -1.46609E-02  -1.96338E-02  -1.72225E-03  -1.76594E-02   1.04475E-02   3.80262E-03   9.38642E-03   2.05406E-02  -2.25201E-03   1.42387E-02  -1.03777E-02  -7.59597E-03  -6.10277E-03  -2.05552E-02   4.66728E-03  -1.05652E-02   9.13872E-03   1.08818E-02   2.77171E-03   1.99168E-02  -6.17489E-03   6.79929E-03  -7.15670E-03  -1.36263E-02   2.74610E-04  -1.86948E-02   6.71136E-03  -3.00769E-03   4.63849E-03   1.58628E-02  -2.82095E-03   1.70583E-02  -6.31618E-03  -4.42589E-04  -1.88086E-03  -1.66637E-02   4.48089E-03  -1.22291E-02   4.36431E-03   1.21200E-02  -3.26658E-03
 7.52600E+02   7.16567E-04  -1.46780E-02  -1.80416E-02   7.10317E-05  -1.61015E-02   1.20888E-02   3.59317E-03   9.00784E-03   1.87878E-02  -4.29873E-03   1.28859E-02  -1.18355E-02  -7.04059E-03  -5.30562E-03  -1.87054E-02   6.88496E-03  -9.48455E-03   1.03134E-02   9.98165E-03   1.55509E-03   1.80391E-02  -8.46437E-03   6.04788E-03  -7.96460E-03  -1.24053E-02   1.88127E-03  -1.68696E-02   8.96436E-03  -2.63060E-03   5.01753E-03   1.43629E-02  -4.76478E-03   1.53604E-02  -8.43659E-03  -4.48316E-04  -1.83445E-03  -1.50363E-02   6.56824E-03  -1.10063E-02   5.90540E-03   1.09326E-02  -4.79351E-03
 7.58000E+02   5.54648E-04  -1.46712E-02  -1.62444E-02   1.25251E-03  -1.43519E-02   1.31747E-02   3.34668E-03   8.75421E-03   1.68084E-02  -5.67844E-03   1.13686E-02  -1.28288E-02  -6.40259E-03  -4.76506E-03  -1.66159E-02   8.41093E-03  -8.27414E-03   1.11324E-02   8.95463E-03   7.15498E-04   1.59176E-02  -1.00642E-02   5.20797E-03  -8.53829E-03  -1.10167E-02   3.00588E-03  -1.48067E-02   1.05557E-02  -2.21156E-03   5.29191E-03   1.26605E-02  -6.13891E-03   1.34400E-02  -9.94400E-03  -4.50369E-04  -1.80534E-03  -1.31913E-02   8.05218E-03  -9.62225E-03   7.00373E-03   9.58624E-03  -5.88025E-03
 7.63500E+02   3.89118E-04  -1.46431E-02  -1.44298E-02   1.89612E-03  -1.25817E-02   1.37736E-02   3.10056E-03   8.61123E-03   1.48062E-02  -6.47380E-03   9.82950E-03  -1.34169E-02  -5.75965E-03  -4.45010E-03  -1.44978E-02   9.33321E-03  -7.04294E-03   1.16430E-02   7.91516E-03   2.05662E-04   1.37622E-02  -1.10641E-02   4.35122E-03  -8.90988E-03  -9.60703E-03   3.71060E-03  -1.27071E-02   1.15730E-02  -1.78260E-03   5.47672E-03   1.09284E-02  -7.01832E-03   1.14831E-02  -1.09204E-02  -4.53884E-04  -1.79193E-03  -1.13117E-02   9.01308E-03  -8.21131E-03   7.71870E-03   8.21428E-03  -6.58553E-03
 7.69000E+02   2.29826E-04  -1.46004E-02  -1.27702E-02   2.10030E-03  -1.09511E-02   1.39768E-02   2.88619E-03   8.56112E-03   1.29696E-02  -6.79083E-03   8.40389E-03  -1.36756E-02  -5.18035E-03  -4.32224E-03  -1.25468E-02   9.76073E-03  -5.89558E-03   1.19028E-02   6.96660E-03  -3.17785E-05   1.17691E-02  -1.15721E-02   3.54756E-03  -9.11747E-03  -8.31030E-03   4.06922E-03  -1.07594E-02   1.21193E-02  -1.37609E-03   5.58939E-03   9.32656E-03  -7.49046E-03   9.66450E-03  -1.14608E-02  -4.62238E-04  -1.79224E-03  -9.56801E-03   9.54381E-03  -6.89944E-03   8.11878E-03   6.94116E-03  -6.97704E-03
 7.74600E+02   7.68064E-05  -1.45488E-02  -1.13036E-02   1.98926E-03  -9.49239E-03   1.38997E-02   2.71345E-03   8.58074E-03   1.13392E-02  -6.76714E-03   7.11735E-03  -1.37040E-02  -4.68257E-03  -4.33081E-03  -1.08041E-02   9.83877E-03  -4.85032E-03   1.19899E-02   6.13328E-03  -7.39932E-05   9.97771E-03  -1.17352E-02   2.80787E-03  -9.21395E-03  -7.15587E-03   4.18291E-03  -9.00030E-03   1.23375E-02  -9.95857E-04   5.65475E-03   7.88820E-03  -7.67703E-03   8.01768E-03  -1.16986E-02  -4.77602E-04  -1.80383E-03  -7.99422E-03   9.77464E-03  -5.71085E-03   8.30036E-03   5.79158E-03  -7.14991E-03
 7.80200E+02  -6.70456E-05  -1.44951E-02  -1.00746E-02   1.66671E-03  -8.24741E-03   1.36380E-02   2.59001E-03   8.65102E-03   9.96369E-03  -6.51448E-03   6.00528E-03  -1.35816E-02  -4.28366E-03  -4.43491E-03  -9.32014E-03   9.68214E-03  -3.93458E-03   1.19648E-02   5.44167E-03   1.82718E-05   8.43873E-03  -1.16673E-02   2.15050E-03  -9.23923E-03  -6.17825E-03   4.12966E-03  -7.47868E-03   1.23361E-02  -6.50468E-04   5.69097E-03   6.65454E-03  -7.67038E-03   6.58783E-03  -1.17338E-02  -5.00755E-04  -1.82450E-03  -6.63433E-03   9.80355E-03  -4.67810E-03   8.33560E-03   4.79763E-03  -7.17556E-03
 7.85800E+02  -2.03352E-04  -1.44434E-02  -9.06836E-03   1.21360E-03  -7.20131E-03   1.32668E-02   2.51434E-03   8.75688E-03   8.82653E-03  -6.12146E-03   5.05434E-03  -1.33718E-02  -3.97884E-03  -4.60188E-03  -8.07722E-03   9.38335E-03  -3.13724E-03   1.18766E-02   4.88350E-03   1.95868E-04   7.13352E-03  -1.14611E-02   1.56736E-03  -9.22630E-03  -5.36564E-03   3.97332E-03  -6.17589E-03   1.22047E-02  -3.35562E-04   5.71334E-03   5.61053E-03  -7.54680E-03   5.35737E-03  -1.16497E-02  -5.32067E-04  -1.85257E-03  -5.47165E-03   9.71191E-03  -3.78846E-03   8.28457E-03   3.94711E-03  -7.11335E-03
 7.91500E+02  -3.36709E-04  -1.43959E-02  -8.24679E-03   6.74983E-04  -6.31517E-03   1.28291E-02   2.48288E-03   8.89063E-03   7.88481E-03  -5.63942E-03   4.22931E-03  -1.31131E-02  -3.75600E-03  -4.81352E-03  -7.02851E-03   8.99821E-03  -2.42884E-03   1.17567E-02   4.43726E-03   4.29761E-04   6.01300E-03  -1.11747E-02   1.03691E-03  -9.19714E-03  -4.68712E-03   3.75322E-03  -5.04293E-03   1.20006E-02  -3.95674E-05   5.73267E-03   4.71664E-03  -7.35467E-03   4.27993E-03  -1.15002E-02  -5.72565E-04  -1.88758E-03  -4.46220E-03   9.55217E-03  -3.00835E-03   8.18640E-03   3.20785E-03  -7.00168E-03
 7.97200E+02  -4.67254E-04  -1.43557E-02  -7.60157E-03   9.53301E-05  -5.58165E-03   1.23652E-02   2.49375E-03   9.04373E-03   7.12946E-03  -5.11537E-03   3.52400E-03  -1.28379E-02  -3.61158E-03  -5.05226E-03  -6.16451E-03   8.57402E-03  -1.80449E-03   1.16294E-02   4.09778E-03   6.94578E-04   5.06756E-03  -1.08540E-02   5.55763E-04  -9.16722E-03  -4.13596E-03   3.50122E-03  -4.07036E-03   1.17671E-02   2.39150E-04   5.75571E-03   3.96474E-03  -7.13108E-03   3.34660E-03  -1.13249E-02  -6.22098E-04  -1.92834E-03  -3.59725E-03   9.36330E-03  -2.33131E-03   8.06960E-03   2.57344E-03  -6.86889E-03
 8.02900E+02  -5.97635E-04  -1.43240E-02  -7.10732E-03  -5.02303E-04  -4.97534E-03   1.18966E-02   2.54409E-03   9.21192E-03   6.53201E-03  -4.57474E-03   2.91558E-03  -1.25647E-02  -3.53708E-03  -5.30873E-03  -5.45435E-03   8.13755E-03  -1.24518E-03   1.15088E-02   3.85050E-03   9.76101E-04   4.26486E-03  -1.05261E-02   1.10095E-04  -9.14622E-03  -3.69151E-03   3.23592E-03  -3.22590E-03   1.15305E-02   5.07968E-04   5.78698E-03   3.32858E-03  -6.89838E-03   2.52683E-03  -1.11483E-02  -6.81202E-04  -1.97439E-03  -2.84769E-03   9.16920E-03  -1.73517E-03   7.95185E-03   2.02257E-03  -6.73245E-03
 8.08700E+02  -7.32838E-04  -1.43011E-02  -6.73773E-03  -1.11477E-03  -4.46670E-03   1.14281E-02   2.63401E-03   9.39589E-03   6.06162E-03  -4.02323E-03   2.37547E-03  -1.23000E-02  -3.52639E-03  -5.58210E-03  -4.86255E-03   7.69731E-03  -7.25311E-04   1.14019E-02   3.68134E-03   1.27088E-03   3.56576E-03  -1.02017E-02  -3.20080E-04  -9.13997E-03  -3.33081E-03   2.96389E-03  -2.46893E-03   1.13027E-02   7.78597E-04   5.83001E-03   2.77663E-03  -6.66617E-03   1.78137E-03  -1.09825E-02  -7.52004E-04  -2.02637E-03  -2.17707E-03   8.98122E-03  -1.19137E-03   7.84204E-03   1.52849E-03  -6.60073E-03
 8.14600E+02  -8.75824E-04  -1.42879E-02  -6.48230E-03  -1.73394E-03  -4.04238E-03   1.09678E-02   2.76502E-03   9.59463E-03   5.70520E-03  -3.47006E-03   1.88963E-03  -1.20509E-02  -3.57838E-03  -5.86944E-03  -4.37286E-03   7.26335E-03  -2.31329E-04   1.13147E-02   3.58504E-03   1.57394E-03   2.95110E-03  -9.89143E-03  -7.46060E-04  -9.15265E-03  -3.04353E-03   2.69205E-03  -1.77862E-03   1.10941E-02   1.05817E-03   5.88692E-03   2.29336E-03  -6.44304E-03   1.08957E-03  -1.08372E-02  -8.36282E-04  -2.08427E-03  -1.56662E-03   8.80873E-03  -6.84785E-04   7.74720E-03   1.07734E-03  -6.48059E-03
 8.20500E+02  -1.02728E-03  -1.42849E-02  -6.33551E-03  -2.34463E-03  -3.69660E-03   1.05279E-02   2.93679E-03   9.80389E-03   5.45633E-03  -2.92989E-03   1.45238E-03  -1.18255E-02  -3.69158E-03  -6.16385E-03  -3.97785E-03   6.84868E-03   2.42063E-04   1.12515E-02   3.55854E-03   1.87705E-03   2.41246E-03  -9.60616E-03  -1.17219E-03  -9.18601E-03  -2.82464E-03   2.42904E-03  -1.14595E-03   1.09137E-02   1.34934E-03   5.95757E-03   1.87169E-03  -6.23757E-03   4.42508E-04  -1.07199E-02  -9.34571E-04  -2.14693E-03  -1.00802E-03   8.65971E-03  -2.08834E-04   7.67264E-03   6.62973E-04  -6.37776E-03
 8.26400E+02  -1.19038E-03  -1.42918E-02  -6.28889E-03  -2.94435E-03  -3.41741E-03   1.01101E-02   3.15167E-03   1.00226E-02   5.30398E-03  -2.40536E-03   1.05053E-03  -1.16249E-02  -3.86612E-03  -6.46366E-03  -3.66309E-03   6.45577E-03   7.08135E-04   1.12128E-02   3.59805E-03   2.17819E-03   1.93213E-03  -9.34802E-03  -1.60991E-03  -9.23993E-03  -2.66521E-03   2.17691E-03  -5.51145E-04   1.07633E-02   1.65960E-03   6.04157E-03   1.49732E-03  -6.05167E-03  -1.79685E-04  -1.06320E-02  -1.04899E-03  -2.21390E-03  -4.83445E-04   8.53581E-03   2.51081E-04   7.61931E-03   2.72227E-04  -6.29341E-03
 8.32400E+02  -1.37177E-03  -1.43083E-02  -6.33958E-03  -3.54122E-03  -3.19251E-03   9.70831E-03   3.41838E-03   1.02531E-02   5.24079E-03  -1.88956E-03   6.66485E-04  -1.14459E-02  -4.10902E-03  -6.77220E-03  -3.41415E-03   6.07947E-03   1.18744E-03   1.11975E-02   3.70473E-03   2.48071E-03   1.48825E-03  -9.11344E-03  -2.07869E-03  -9.31433E-03  -2.55757E-03   1.93278E-03   3.29537E-05   1.06404E-02   2.00283E-03   6.13927E-03   1.15282E-03  -5.88293E-03  -8.05563E-04  -1.05717E-02  -1.18463E-03  -2.28564E-03   3.13619E-05   8.43503E-03   7.16143E-04   7.58601E-03  -1.12996E-04  -6.22614E-03
 8.38400E+02  -1.57287E-03  -1.43330E-02  -6.48832E-03  -4.12294E-03  -3.02024E-03   9.32978E-03   3.73930E-03   1.04894E-02   5.26646E-03  -1.39301E-03   2.96793E-04  -1.12906E-02  -4.42274E-03  -7.08168E-03  -3.22874E-03   5.72688E-03   1.68482E-03   1.12035E-02   3.87984E-03   2.77729E-03   1.07619E-03  -8.90569E-03  -2.58365E-03  -9.40528E-03  -2.50061E-03   1.70182E-03   6.12866E-04   1.05452E-02   2.38298E-03   6.24672E-03   8.34287E-04  -5.73373E-03  -1.44240E-03  -1.05375E-02  -1.34311E-03  -2.35976E-03   5.42443E-04   8.35734E-03   1.19185E-03   7.57129E-03  -4.97250E-04  -6.17574E-03
 8.44400E+02  -1.79832E-03  -1.43639E-02  -6.73770E-03  -4.68612E-03  -2.89584E-03   8.97433E-03   4.12183E-03   1.07278E-02   5.38063E-03  -9.18119E-04  -6.81446E-05  -1.11564E-02  -4.81455E-03  -7.38775E-03  -3.10124E-03   5.39818E-03   2.21318E-03   1.12265E-02   4.12715E-03   3.06458E-03   6.84437E-04  -8.72227E-03  -3.13803E-03  -9.50755E-03  -2.49210E-03   1.48507E-03   1.20461E-03   1.04728E-02   2.81007E-03   6.35960E-03   5.32493E-04  -5.60222E-03  -2.10782E-03  -1.05236E-02  -1.52854E-03  -2.43419E-03   1.06421E-03   8.29856E-03   1.69143E-03   7.57080E-03  -8.91371E-04  -6.13899E-03
 8.50500E+02  -2.05786E-03  -1.43984E-02  -7.10040E-03  -5.23364E-03  -2.81533E-03   8.63689E-03   4.58330E-03   1.09659E-02   5.59011E-03  -4.61871E-04  -4.43596E-04  -1.10377E-02  -5.30278E-03  -7.68820E-03  -3.02745E-03   5.08923E-03   2.79592E-03   1.12600E-02   4.45887E-03   3.34154E-03   2.96346E-04  -8.55708E-03  -3.76706E-03  -9.61480E-03  -2.53261E-03   1.28114E-03   1.83456E-03   1.04153E-02   3.30391E-03   6.47305E-03   2.34342E-04  -5.48383E-03  -2.83202E-03  -1.05213E-02  -1.74972E-03  -2.50689E-03   1.62018E-03   8.25160E-03   2.23768E-03   7.57802E-03  -1.31319E-03  -6.11058E-03
 8.56700E+02  -2.35930E-03  -1.44316E-02  -7.59116E-03  -5.75373E-03  -2.77937E-03   8.31983E-03   5.13885E-03   1.11933E-02   5.90512E-03  -3.34082E-05  -8.39131E-04  -1.09297E-02  -5.90448E-03  -7.97066E-03  -3.00838E-03   4.80320E-03   3.45039E-03   1.12936E-02   4.88772E-03   3.59813E-03  -9.77582E-05  -8.40596E-03  -4.49067E-03  -9.71413E-03  -2.62566E-03   1.09422E-03   2.52099E-03   1.03625E-02   3.88075E-03   6.57608E-03  -6.78335E-05  -5.37527E-03  -3.63704E-03  -1.05175E-02  -2.01426E-03  -2.57241E-03   2.22681E-03   8.20710E-03   2.84743E-03   7.58270E-03  -1.77531E-03  -6.08322E-03
 8.62900E+02  -2.70554E-03  -1.44552E-02  -8.21677E-03  -6.22002E-03  -2.78921E-03   8.03161E-03   5.79465E-03   1.13901E-02   6.33079E-03   3.46577E-04  -1.25787E-03  -1.08266E-02  -6.62694E-03  -8.21159E-03  -3.04545E-03   4.54920E-03   4.18331E-03   1.13102E-02   5.41950E-03   3.81491E-03  -5.01090E-04  -8.26460E-03  -5.31703E-03  -9.78401E-03  -2.77332E-03   9.33520E-04   3.27103E-03   1.02990E-02   4.54749E-03   6.65020E-03  -3.76734E-04  -5.27302E-03  -4.53180E-03  -1.04917E-02  -2.32550E-03  -2.62142E-03   2.89066E-03   8.15117E-03   3.52757E-03   7.56893E-03  -2.28279E-03  -6.04606E-03
 8.69100E+02  -3.10331E-03  -1.44576E-02  -8.98960E-03  -6.60633E-03  -2.84512E-03   7.77705E-03   6.56373E-03   1.15327E-02   6.87561E-03   6.58041E-04  -1.70831E-03  -1.07172E-02  -7.48475E-03  -8.38344E-03  -3.13922E-03   4.33379E-03   5.00981E-03   1.12861E-02   6.06503E-03   3.96978E-03  -9.22285E-04  -8.12327E-03  -6.26343E-03  -9.79564E-03  -2.97843E-03   8.07991E-04   4.10072E-03   1.02015E-02   5.31819E-03   6.67112E-03  -6.99187E-04  -5.16945E-03  -5.53554E-03  -1.04143E-02  -2.69002E-03  -2.64197E-03   3.62614E-03   8.06281E-03   4.29279E-03   7.51391E-03  -2.84665E-03  -5.98283E-03
 8.75400E+02  -3.56572E-03  -1.44216E-02  -9.93549E-03  -6.87752E-03  -2.94915E-03   7.56077E-03   7.47169E-03   1.15873E-02   7.55788E-03   8.73983E-04  -2.20542E-03  -1.05840E-02  -8.50667E-03  -8.44646E-03  -3.29286E-03   4.16488E-03   5.95771E-03   1.11854E-02   6.84605E-03   4.03079E-03  -1.37566E-03  -7.96620E-03  -7.36194E-03  -9.70580E-03  -3.24786E-03   7.30134E-04   5.03837E-03   1.00343E-02   6.21906E-03   6.60238E-03  -1.04632E-03  -5.05229E-03  -6.68259E-03  -1.02402E-02  -3.12023E-03  -2.61619E-03   4.45849E-03   7.90960E-03   5.16929E-03   7.38276E-03  -3.48626E-03  -5.86847E-03
 8.81700E+02  -4.08825E-03  -1.43238E-02  -1.10438E-02  -6.97111E-03  -3.09907E-03   7.39881E-03   8.50928E-03   1.15025E-02   8.36939E-03   9.45802E-04  -2.74534E-03  -1.04073E-02  -9.68202E-03  -8.34024E-03  -3.50328E-03   4.06158E-03   7.01845E-03   1.09606E-02   7.75396E-03   3.94877E-03  -1.85831E-03  -7.77754E-03  -8.60217E-03  -9.45560E-03  -3.57780E-03   7.21728E-04   6.07617E-03   9.75257E-03   7.24136E-03   6.39389E-03  -1.41597E-03  -4.90900E-03  -7.96292E-03  -9.91135E-03  -3.61177E-03  -2.51910E-03   5.38078E-03   7.65121E-03   6.14932E-03   7.13053E-03  -4.19622E-03  -5.67160E-03
 8.88100E+02  -4.67355E-03  -1.41304E-02  -1.23158E-02  -6.81077E-03  -3.29217E-03   7.30576E-03   9.68038E-03   1.12097E-02   9.30971E-03   8.14170E-04  -3.33305E-03  -1.01556E-02  -1.10141E-02  -7.98396E-03  -3.76739E-03   4.04442E-03   8.19809E-03   1.05428E-02   8.79005E-03   3.65813E-03  -2.37574E-03  -7.53033E-03  -9.98975E-03  -8.96111E-03  -3.96678E-03   8.10173E-04   7.22108E-03   9.28953E-03   8.38893E-03   5.97443E-03  -1.81232E-03  -4.71846E-03  -9.38368E-03  -9.34209E-03  -4.16605E-03  -2.31549E-03   6.39893E-03   7.22706E-03   7.23811E-03   6.69098E-03  -4.98093E-03  -5.34522E-03
 8.94500E+02  -5.29170E-03  -1.38074E-02  -1.36787E-02  -6.30839E-03  -3.51214E-03   7.30320E-03   1.09223E-02   1.06352E-02   1.03222E-02   4.10645E-04  -3.94239E-03  -9.79984E-03  -1.24295E-02  -7.29118E-03  -4.06405E-03   4.13973E-03   9.43680E-03   9.86312E-03   9.89468E-03   3.08862E-03  -2.90654E-03  -7.20081E-03  -1.14513E-02  -8.13724E-03  -4.38900E-03   1.02622E-03   8.41641E-03   8.58005E-03   9.59956E-03   5.27174E-03  -2.21869E-03  -4.46194E-03  -1.08718E-02  -8.44815E-03  -4.75219E-03  -1.96941E-03   7.46185E-03   6.57838E-03   8.37914E-03   5.99886E-03  -5.80071E-03  -4.84365E-03
 9.00900E+02  -5.89943E-03  -1.33232E-02  -1.50241E-02  -5.38807E-03  -3.73306E-03   7.40770E-03   1.21435E-02   9.71347E-03   1.13218E-02  -3.23710E-04  -4.53673E-03  -9.31188E-03  -1.38199E-02  -6.18458E-03  -4.36013E-03   4.36900E-03   1.06479E-02   8.85767E-03   1.09792E-02   2.17749E-03  -3.42121E-03  -6.76540E-03  -1.28796E-02  -6.90577E-03  -4.80518E-03   1.39669E-03   9.58035E-03   7.56297E-03   1.07817E-02   4.21944E-03  -2.61187E-03  -4.12094E-03  -1.23210E-02  -7.15088E-03  -5.32449E-03  -1.44795E-03   8.49547E-03   5.64989E-03   9.48991E-03   4.99329E-03  -6.59789E-03  -4.12396E-03
 9.07400E+02  -6.43833E-03  -1.26533E-02  -1.62043E-02  -3.99364E-03  -3.91898E-03   7.63002E-03   1.32195E-02   8.39369E-03   1.21922E-02  -1.43289E-03  -5.06695E-03  -8.66855E-03  -1.50376E-02  -4.60414E-03  -4.60970E-03   4.74775E-03   1.17137E-02   7.47544E-03   1.19223E-02   8.75733E-04  -3.88013E-03  -6.20419E-03  -1.41281E-02  -5.20403E-03  -5.16115E-03   1.94226E-03   1.06015E-02   6.18835E-03   1.18103E-02   2.76415E-03  -2.96054E-03  -3.67979E-03  -1.35857E-02  -5.38615E-03  -5.82031E-03  -7.24620E-04   9.39869E-03   4.39626E-03   1.04576E-02   3.62461E-03  -7.29377E-03  -3.15095E-03
 9.14000E+02  -6.82147E-03  -1.18135E-02  -1.70043E-02  -2.16467E-03  -4.02003E-03   7.96107E-03   1.39668E-02   6.70955E-03   1.27654E-02  -2.88621E-03  -5.45784E-03  -7.88362E-03  -1.58663E-02  -2.58918E-03  -4.74876E-03   5.26441E-03   1.24591E-02   5.74812E-03   1.25474E-02  -7.84847E-04  -4.22167E-03  -5.52832E-03  -1.49809E-02  -3.07078E-03  -5.37973E-03   2.64915E-03   1.13134E-02   4.48598E-03   1.25012E-02   9.38677E-04  -3.21625E-03  -3.14716E-03  -1.44507E-02  -3.19231E-03  -6.14804E-03   1.84321E-04   1.00209E-02   2.84422E-03   1.11152E-02   1.92245E-03  -7.77124E-03  -1.94541E-03
 9.20600E+02  -6.96944E-03  -1.08859E-02  -1.72294E-02  -9.99150E-05  -3.99224E-03   8.35655E-03   1.42186E-02   4.83254E-03   1.28901E-02  -4.52851E-03  -5.63997E-03  -7.02910E-03  -1.61100E-02  -3.41843E-04  -4.72072E-03   5.86097E-03   1.27244E-02   3.84098E-03   1.26952E-02  -2.63963E-03  -4.38864E-03  -4.79735E-03  -1.52419E-02  -7.09308E-04  -5.39201E-03   3.44611E-03   1.15643E-02   2.61351E-03   1.26880E-02  -1.08421E-03  -3.33421E-03  -2.56978E-03  -1.47200E-02  -7.72837E-04  -6.22505E-03   1.19301E-03   1.02252E-02   1.13631E-03   1.13114E-02   4.43556E-05  -7.92389E-03  -6.18085E-04
 9.27200E+02  -6.85937E-03  -9.97694E-03  -1.68220E-02   1.93851E-03  -3.82159E-03   8.75624E-03   1.39262E-02   2.98644E-03   1.25207E-02  -6.15557E-03  -5.59406E-03  -6.19727E-03  -1.57109E-02   1.87464E-03  -4.50758E-03   6.46043E-03   1.24635E-02   1.96751E-03   1.23182E-02  -4.47453E-03  -4.36554E-03  -4.08704E-03  -1.48537E-02   1.61785E-03  -5.17670E-03   4.24017E-03   1.13106E-02   7.73543E-04   1.23217E-02  -3.08151E-03  -3.30215E-03  -2.00708E-03  -1.43368E-02   1.61062E-03  -6.02666E-03   2.19064E-03   9.97182E-03  -5.44492E-04   1.10017E-02  -1.80713E-03  -7.72078E-03   6.88841E-04
 9.33900E+02  -6.52172E-03  -9.17738E-03  -1.58536E-02   3.72385E-03  -3.52239E-03   9.10729E-03   1.31523E-02   1.36345E-03   1.17115E-02  -7.59152E-03  -5.34808E-03  -5.46656E-03  -1.47411E-02   3.83501E-03  -4.12770E-03   6.99651E-03   1.17368E-02   3.09507E-04   1.14736E-02  -6.10701E-03  -4.17592E-03  -3.46144E-03  -1.38887E-02   3.68768E-03  -4.75715E-03   4.95221E-03   1.06096E-02  -8.62310E-04   1.14626E-02  -4.86426E-03  -3.13821E-03  -1.50920E-03  -1.33734E-02   3.73672E-03  -5.58250E-03   3.08344E-03   9.31192E-03  -2.04359E-03   1.02418E-02  -3.46081E-03  -7.20148E-03   1.85525E-03
 9.40700E+02  -6.02964E-03  -8.55865E-03  -1.45027E-02   5.08075E-03  -3.13452E-03   9.36983E-03   1.20501E-02   1.13571E-04   1.06008E-02  -8.70004E-03  -4.96639E-03  -4.89917E-03  -1.33803E-02   5.36317E-03  -3.63204E-03   7.41820E-03   1.06911E-02  -9.89928E-04   1.03067E-02  -7.39417E-03  -3.87300E-03  -2.97169E-03  -1.25263E-02   5.32461E-03  -4.19553E-03   5.52045E-03   9.60064E-03  -2.15834E-03   1.02626E-02  -6.28354E-03  -2.88399E-03  -1.11615E-03  -1.20087E-02   5.43054E-03  -4.96769E-03   3.79750E-03   8.37090E-03  -3.23859E-03   9.17013E-03  -4.78135E-03  -6.46333E-03   2.78606E-03
 9.47500E+02  -5.47881E-03  -8.14759E-03  -1.30051E-02   5.94559E-03  -2.71207E-03   9.52998E-03   1.08212E-02  -7.07681E-04   9.37259E-03  -9.43102E-03  -4.53238E-03  -4.51870E-03  -1.18657E-02   6.39323E-03  -3.08980E-03   7.70664E-03   9.51928E-03  -1.87662E-03   9.01053E-03  -8.28201E-03  -3.52556E-03  -2.63739E-03  -1.10038E-02   6.46171E-03  -3.57560E-03   5.92139E-03   8.46707E-03  -3.06253E-03   8.92322E-03  -7.28227E-03  -2.59353E-03  -8.43377E-04  -1.04797E-02   6.62474E-03  -4.28237E-03   4.30439E-03   7.31448E-03  -4.08230E-03   7.96996E-03  -5.71656E-03  -5.63511E-03   3.44459E-03
 9.54300E+02  -4.94061E-03  -7.91933E-03  -1.15348E-02   6.37906E-03  -2.29384E-03   9.60136E-03   9.61516E-03  -1.15261E-03   8.16155E-03  -9.83183E-03  -4.10893E-03  -4.30317E-03  -1.03727E-02   6.98691E-03  -2.55058E-03   7.87952E-03   8.36444E-03  -2.40114E-03   7.72676E-03  -8.82087E-03  -3.18566E-03  -2.44023E-03  -9.49631E-03   7.16127E-03  -2.95789E-03   6.17681E-03   7.34485E-03  -3.62329E-03   7.59247E-03  -7.91347E-03  -2.30749E-03  -6.76455E-04  -8.96082E-03   7.38189E-03  -3.59978E-03   4.63049E-03   6.26500E-03  -4.61858E-03   6.77618E-03  -6.31490E-03  -4.81177E-03   3.86493E-03
 9.61200E+02  -4.45091E-03  -7.83282E-03  -1.01763E-02   6.48032E-03  -1.89682E-03   9.60619E-03   8.50544E-03  -1.30730E-03   7.03149E-03  -9.98086E-03  -3.72864E-03  -4.21636E-03  -8.98537E-03   7.24688E-03  -2.03588E-03   7.96672E-03   7.29685E-03  -2.64774E-03   6.52186E-03  -9.09534E-03  -2.88046E-03  -2.34995E-03  -8.08742E-03   7.52803E-03  -2.36938E-03   6.32384E-03   6.29995E-03  -3.92203E-03   6.33990E-03  -8.26688E-03  -2.04664E-03  -5.91361E-04  -7.53514E-03   7.80777E-03  -2.95380E-03   4.82063E-03   5.28095E-03  -4.92159E-03   5.65250E-03  -6.65852E-03  -4.03852E-03   4.10477E-03
 9.68100E+02  -4.03727E-03  -7.85064E-03  -8.99757E-03   6.34314E-03  -1.53669E-03   9.56619E-03   7.55020E-03  -1.25116E-03   6.03546E-03  -9.95039E-03  -3.41551E-03  -4.22565E-03  -7.77225E-03   7.26579E-03  -1.56557E-03   7.99509E-03   6.37202E-03  -2.69141E-03   5.45130E-03  -9.18017E-03  -2.62983E-03  -2.33979E-03  -6.84530E-03   7.65360E-03  -1.83396E-03   6.39460E-03   5.38505E-03  -4.02945E-03   5.22320E-03  -8.41992E-03  -1.82658E-03  -5.67219E-04  -6.27047E-03   7.99329E-03  -2.37303E-03   4.91315E-03   4.40980E-03  -5.05493E-03   4.65134E-03  -6.81767E-03  -3.35222E-03   4.21350E-03
 9.75100E+02  -3.69917E-03  -7.94033E-03  -7.99282E-03   6.04615E-03  -1.20953E-03   9.49922E-03   6.74589E-03  -1.05247E-03   5.16653E-03  -9.80305E-03  -3.17050E-03  -4.30251E-03  -6.72637E-03   7.12559E-03  -1.13409E-03   7.98888E-03   5.58612E-03  -2.59929E-03   4.50674E-03  -9.14331E-03  -2.43482E-03  -2.38589E-03  -5.76185E-03   7.62195E-03  -1.34573E-03   6.41916E-03   4.59526E-03  -4.01071E-03   4.23344E-03  -8.44481E-03  -1.64741E-03  -5.84955E-04  -5.15774E-03   8.02346E-03  -1.85213E-03   4.94425E-03   3.64561E-03  -5.07816E-03   3.76492E-03  -6.85847E-03  -2.74794E-03   4.23749E-03
 9.82200E+02  -3.43569E-03  -8.07862E-03  -7.15700E-03   5.64712E-03  -9.12569E-04   9.41875E-03   6.08897E-03  -7.60639E-04   4.41909E-03  -9.58422E-03  -2.99363E-03  -4.42664E-03  -5.84163E-03   6.88491E-03  -7.37316E-04   7.96550E-03   4.93520E-03  -2.41903E-03   3.68121E-03  -9.03290E-03  -2.29563E-03  -2.47140E-03  -4.82980E-03   7.49216E-03  -8.99996E-04   6.41867E-03   3.92579E-03  -3.91147E-03   3.36287E-03  -8.39205E-03  -1.50879E-03  -6.31223E-04  -4.18875E-03   7.95758E-03  -1.38659E-03   4.93913E-03   2.98289E-03  -5.03278E-03   2.98632E-03  -6.82691E-03  -2.22118E-03   4.20903E-03
 9.89300E+02  -3.24462E-03  -8.24640E-03  -6.48431E-03   5.19398E-03  -6.44230E-04   9.33562E-03   5.57455E-03  -4.16085E-04   3.78823E-03  -9.33017E-03  -2.88316E-03  -4.58123E-03  -5.11173E-03   6.59016E-03  -3.72836E-04   7.93784E-03   4.41433E-03  -2.18825E-03   2.96895E-03  -8.88569E-03  -2.21093E-03  -2.58259E-03  -4.04228E-03   7.30946E-03  -4.93694E-04   6.40848E-03   3.37151E-03  -3.76676E-03   2.60505E-03  -8.29941E-03  -1.40954E-03  -6.95454E-04  -3.35614E-03   7.84014E-03  -9.72947E-04   4.91630E-03   2.41654E-03  -4.94993E-03   2.30960E-03  -6.75722E-03  -1.76789E-03   4.15225E-03
 9.96400E+02  -3.11822E-03  -8.43185E-03  -5.95247E-03   4.71543E-03  -3.97573E-04   9.25615E-03   5.18447E-03  -4.36434E-05   3.25467E-03  -9.06325E-03  -2.83331E-03  -4.75571E-03  -4.51308E-03   6.27059E-03  -3.10941E-05   7.91414E-03   4.00554E-03  -1.93103E-03   2.34847E-03  -8.72544E-03  -2.17615E-03  -2.71061E-03  -3.37438E-03   7.10338E-03  -1.15598E-04   6.39875E-03   2.91412E-03  -3.59959E-03   1.93701E-03  -8.19190E-03  -1.34548E-03  -7.70714E-04  -2.63395E-03   7.70074E-03  -5.99012E-04   4.88817E-03   1.92869E-03  -4.85039E-03   1.71400E-03  -6.67229E-03  -1.37393E-03   4.08326E-03
 1.00360E+03  -3.04939E-03  -8.63026E-03  -5.53672E-03   4.22252E-03  -1.62736E-04   9.18315E-03   4.89963E-03   3.46539E-04   2.79488E-03  -8.79353E-03  -2.83998E-03  -4.94596E-03  -4.01821E-03   5.93983E-03   3.01839E-04   7.89911E-03   3.68913E-03  -1.65867E-03   1.79244E-03  -8.56458E-03  -2.18824E-03  -2.85174E-03  -2.79572E-03   6.88927E-03   2.50257E-04   6.39557E-03   2.53222E-03  -3.42190E-03   1.32903E-03  -8.08344E-03  -1.31293E-03  -8.53710E-04  -1.98950E-03   7.55568E-03  -2.48375E-04   4.86192E-03   1.49707E-03  -4.74559E-03   1.17276E-03  -6.58500E-03  -1.02139E-03   4.01105E-03
 1.01090E+03  -3.03559E-03  -8.83697E-03  -5.22517E-03   3.72644E-03   6.62465E-05   9.11900E-03   4.71137E-03   7.44713E-04   2.39617E-03  -8.52963E-03  -2.90259E-03  -5.14771E-03  -3.61280E-03   5.60922E-03   6.34894E-04   7.89571E-03   3.45548E-03  -1.38064E-03   1.28501E-03  -8.41208E-03  -2.24701E-03  -3.00228E-03  -2.28929E-03   6.67843E-03   6.14204E-04   6.40253E-03   2.21425E-03  -3.24260E-03   7.63301E-04  -7.98334E-03  -1.31061E-03  -9.41594E-04  -1.40358E-03   7.41611E-03   8.92429E-05   4.84207E-03   1.10873E-03  -4.64340E-03   6.69783E-04  -6.50388E-03  -6.99720E-04   3.94168E-03
 1.01820E+03  -3.07512E-03  -9.04575E-03  -5.01123E-03   3.24119E-03   2.92302E-04   9.06548E-03   4.61465E-03   1.13883E-03   2.05170E-03  -8.28010E-03  -3.02041E-03  -5.35471E-03  -3.28893E-03   5.29028E-03   9.72697E-04   7.90489E-03   3.29902E-03  -1.10699E-03   8.17510E-04  -8.27481E-03  -2.35208E-03  -3.15715E-03  -1.84556E-03   6.48030E-03   9.81857E-04   6.42076E-03   1.95361E-03  -3.06966E-03   2.29857E-04  -7.89775E-03  -1.33772E-03  -1.03098E-03  -8.65332E-04   7.29001E-03   4.19601E-04   4.83089E-03   7.56278E-04  -4.54959E-03   1.95935E-04  -6.43443E-03  -4.02906E-04   3.87938E-03
 1.02550E+03  -3.16694E-03  -9.25367E-03  -4.88568E-03   2.77138E-03   5.21404E-04   9.02222E-03   4.60339E-03   1.52415E-03   1.75021E-03  -8.04715E-03  -3.19450E-03  -5.56361E-03  -3.03455E-03   4.98694E-03   1.32443E-03   7.92566E-03   3.21239E-03  -8.41922E-04   3.75131E-04  -8.15419E-03  -2.50466E-03  -3.31331E-03  -1.44928E-03   6.29783E-03   1.36378E-03   6.44932E-03   1.74044E-03  -2.90616E-03  -2.88288E-04  -7.82768E-03  -1.39391E-03  -1.11994E-03  -3.56886E-04   7.17943E-03   7.52853E-04   4.82823E-03   4.27774E-04  -4.46582E-03  -2.64125E-04  -6.37764E-03  -1.21068E-04   3.82521E-03
 1.03290E+03  -3.31427E-03  -9.46042E-03  -4.84277E-03   2.31467E-03   7.62741E-04   8.98734E-03   4.67636E-03   1.90133E-03   1.47895E-03  -7.82851E-03  -3.43150E-03  -5.77327E-03  -2.83838E-03   4.69780E-03   1.70475E-03   7.95577E-03   3.19120E-03  -5.85496E-04  -6.12558E-05  -8.04789E-03  -2.71080E-03  -3.46929E-03  -1.08283E-03   6.12946E-03   1.77639E-03   6.48580E-03   1.56494E-03  -2.75176E-03  -8.13993E-04  -7.77051E-03  -1.48133E-03  -1.20756E-03   1.44498E-04   7.08217E-03   1.10369E-03   4.83218E-03   1.08417E-04  -4.39082E-03  -7.30927E-04  -6.33129E-03   1.58453E-04   3.77795E-03
 1.04040E+03  -3.52211E-03  -9.66150E-03  -4.88316E-03   1.87609E-03   1.02291E-03   8.95850E-03   4.83722E-03   2.26439E-03   1.23117E-03  -7.62437E-03  -3.73913E-03  -5.97786E-03  -2.69606E-03   4.42544E-03   2.12486E-03   7.99063E-03   3.23601E-03  -3.42092E-04  -5.04076E-04  -7.95322E-03  -2.97740E-03  -3.61980E-03  -7.36005E-04   5.97463E-03   2.23237E-03   6.52496E-03   1.42251E-03  -2.60790E-03  -1.36307E-03  -7.72177E-03  -1.60312E-03  -1.29088E-03   6.53817E-04   6.99496E-03   1.48299E-03   4.83876E-03  -2.11326E-04  -4.32284E-03  -1.21875E-03  -6.29131E-03   4.44117E-04   3.73566E-03
 1.04790E+03  -3.79334E-03  -9.84768E-03  -5.00793E-03   1.46790E-03   1.30515E-03   8.93186E-03   5.08844E-03   2.60030E-03   1.00384E-03  -7.43641E-03  -4.12169E-03  -6.16595E-03  -2.60586E-03   4.17591E-03   2.59066E-03   8.02193E-03   3.34762E-03  -1.20530E-04  -9.59709E-04  -7.86578E-03  -3.30846E-03  -3.75500E-03  -4.03654E-04   5.83287E-03   2.73863E-03   6.55741E-03   1.31098E-03  -2.47743E-03  -1.94402E-03  -7.67365E-03  -1.76115E-03  -1.36455E-03   1.17908E-03   6.91218E-03   1.89676E-03   4.84097E-03  -5.36537E-04  -4.25887E-03  -1.73535E-03  -6.25059E-03   7.40483E-04   3.69491E-03
 1.05540E+03  -4.13357E-03  -1.00094E-02  -5.21904E-03   1.09902E-03   1.61589E-03   8.90095E-03   5.43488E-03   2.89742E-03   7.91138E-04  -7.26254E-03  -4.58751E-03  -6.32479E-03  -2.56473E-03   3.95210E-03   3.11316E-03   8.03781E-03   3.52772E-03   7.15024E-05  -1.43968E-03  -7.77657E-03  -3.71139E-03  -3.86346E-03  -7.67823E-05   5.69965E-03   3.30757E-03   6.56977E-03   1.22678E-03  -2.36116E-03  -2.57174E-03  -7.61296E-03  -1.95894E-03  -1.42247E-03   1.73415E-03   6.82299E-03   2.35548E-03   4.82824E-03  -8.75933E-04  -4.19260E-03  -2.29417E-03  -6.19720E-03   1.05540E-03   3.64940E-03
 1.06310E+03  -4.56069E-03  -1.01350E-02  -5.52859E-03   7.75260E-04   1.97076E-03   8.85495E-03   5.89531E-03   3.14399E-03   5.82916E-04  -7.09571E-03  -5.16104E-03  -6.43783E-03  -2.57142E-03   3.75378E-03   3.71934E-03   8.01996E-03   3.78637E-03   2.26003E-04  -1.96853E-03  -7.66951E-03  -4.20758E-03  -3.92946E-03   2.61165E-04   5.56494E-03   3.96901E-03   6.54112E-03   1.16590E-03  -2.25786E-03  -3.27900E-03  -7.51747E-03  -2.20710E-03  -1.45618E-03   2.34796E-03   6.70824E-03   2.88330E-03   4.78353E-03  -1.24721E-03  -4.11249E-03  -2.92456E-03  -6.11104E-03   1.40534E-03   3.58809E-03
 1.07070E+03  -5.06380E-03  -1.01978E-02  -5.92802E-03   5.30750E-04   2.36124E-03   8.78165E-03   6.45759E-03   3.30324E-03   3.83461E-04  -6.93886E-03  -5.82792E-03  -6.47184E-03  -2.62467E-03   3.59632E-03   4.39484E-03   7.94300E-03   4.11637E-03   3.18985E-04  -2.53447E-03  -7.52953E-03  -4.78471E-03  -3.92473E-03   6.03301E-04   5.42474E-03   4.70750E-03   6.44303E-03   1.12883E-03  -2.17392E-03  -4.04993E-03  -7.36217E-03  -2.49940E-03  -1.45065E-03   3.00712E-03   6.54894E-03   3.46816E-03   4.68532E-03  -1.64240E-03  -4.00802E-03  -3.61246E-03  -5.96940E-03   1.78268E-03   3.49966E-03
 1.07850E+03  -5.66322E-03  -1.01688E-02  -6.43164E-03   3.86814E-04   2.80458E-03   8.65832E-03   7.14332E-03   3.34252E-03   1.82194E-04  -6.78096E-03  -6.61550E-03  -6.38709E-03  -2.72401E-03   3.48469E-03   5.16908E-03   7.76687E-03   4.52947E-03   3.28349E-04  -3.16366E-03  -7.32396E-03  -5.46639E-03  -3.81250E-03   9.66783E-04   5.26062E-03   5.55515E-03   6.22978E-03   1.11190E-03  -2.10956E-03  -4.91932E-03  -7.10026E-03  -2.84752E-03  -1.38610E-03   3.74208E-03   6.30567E-03   4.13580E-03   4.49685E-03  -2.08002E-03  -3.85577E-03  -4.38888E-03  -5.72983E-03   2.20474E-03   3.36123E-03
 1.08630E+03  -6.33396E-03  -1.00063E-02  -7.01542E-03   3.89388E-04   3.28458E-03   8.46175E-03   7.92199E-03   3.20810E-03  -1.64438E-05  -6.62016E-03  -7.49135E-03  -6.13050E-03  -2.86121E-03   3.43738E-03   6.01267E-03   7.44674E-03   5.00582E-03   2.18863E-04  -3.83444E-03  -7.02221E-03  -6.22413E-03  -3.54649E-03   1.34116E-03   5.06006E-03   6.47927E-03   5.85096E-03   1.11264E-03  -2.07156E-03  -5.85540E-03  -6.68447E-03  -3.23640E-03  -1.23789E-03   4.52696E-03   5.94080E-03   4.86070E-03   4.17908E-03  -2.54502E-03  -3.63418E-03  -5.22522E-03  -5.34951E-03   2.65644E-03   3.15067E-03
 1.09410E+03  -7.04344E-03  -9.66748E-03  -7.64508E-03   5.80899E-04   3.78244E-03   8.16489E-03   8.75203E-03   2.84674E-03  -2.10379E-04  -6.44998E-03  -8.41352E-03  -5.64600E-03  -3.02177E-03   3.46977E-03   6.88988E-03   6.93221E-03   5.51715E-03  -4.46816E-05  -4.52250E-03  -6.58742E-03  -7.02063E-03  -3.07682E-03   1.71680E-03   4.80560E-03   7.43932E-03   5.24961E-03   1.12512E-03  -2.06480E-03  -6.82033E-03  -6.05954E-03  -3.64587E-03  -9.79390E-04   5.33182E-03   5.40934E-03   5.61137E-03   3.68726E-03  -3.02031E-03  -3.31709E-03  -6.08709E-03  -4.77836E-03   3.12011E-03   2.84165E-03
 1.10200E+03  -7.74060E-03  -9.10794E-03  -8.26700E-03   1.00349E-03   4.26845E-03   7.73893E-03   9.56825E-03   2.20414E-03  -3.96023E-04  -6.26245E-03  -9.31593E-03  -4.87520E-03  -3.18326E-03   3.59685E-03   7.74398E-03   6.16993E-03   6.01913E-03  -4.98593E-04  -5.18884E-03  -5.97992E-03  -7.79687E-03  -2.35103E-03   2.07776E-03   4.47797E-03   8.37066E-03   4.36511E-03   1.14041E-03  -2.09390E-03  -7.75335E-03  -5.16625E-03  -4.04397E-03  -5.82445E-04   6.10827E-03   4.66282E-03   6.33731E-03   2.97354E-03  -3.47818E-03  -2.87623E-03  -6.91913E-03  -3.96261E-03   3.56720E-03   2.40583E-03
 1.11000E+03  -8.33339E-03  -8.30974E-03  -8.78761E-03   1.67500E-03   4.68673E-03   7.17255E-03   1.02551E-02   1.25791E-03  -5.62894E-04  -6.05491E-03  -1.00792E-02  -3.79447E-03  -3.30946E-03   3.82514E-03   8.46994E-03   5.13861E-03   6.43459E-03  -1.15782E-03  -5.75872E-03  -5.18412E-03  -8.44672E-03  -1.34792E-03   2.39072E-03   4.06979E-03   9.15440E-03   3.17320E-03   1.14560E-03  -2.16098E-03  -8.54076E-03  -3.98102E-03  -4.37374E-03  -3.56592E-05   6.76466E-03   3.68201E-03   6.94547E-03   2.01876E-03  -3.86568E-03  -2.30040E-03  -7.61817E-03  -2.88082E-03   3.94392E-03   1.83194E-03
 1.11800E+03  -8.70877E-03  -7.31964E-03  -9.09326E-03   2.54963E-03   4.96781E-03   6.49510E-03   1.06717E-02   6.58587E-05  -6.96680E-04  -5.83410E-03  -1.05567E-02  -2.46469E-03  -3.35741E-03   4.13746E-03   8.93805E-03   3.89270E-03   6.66997E-03  -1.98369E-03  -6.13902E-03  -4.23947E-03  -8.84034E-03  -1.21781E-04   2.61331E-03   3.59931E-03   9.64423E-03   1.73546E-03   1.12599E-03  -2.26020E-03  -9.04210E-03  -2.56326E-03  -4.56581E-03   6.31884E-04   7.18742E-03   2.51509E-03   7.32145E-03   8.71240E-04  -4.11706E-03  -1.61755E-03  -8.05695E-03  -1.58685E-03   4.18371E-03   1.14820E-03
 1.12610E+03  -8.78759E-03  -6.22326E-03  -9.10253E-03   3.53942E-03   5.06430E-03   5.75803E-03   1.07178E-02  -1.26455E-03  -7.89501E-04  -5.60929E-03  -1.06456E-02  -9.96051E-04  -3.29469E-03   4.50028E-03   9.05837E-03   2.52859E-03   6.65783E-03  -2.90550E-03  -6.26630E-03  -3.21438E-03  -8.88580E-03   1.23058E-03   2.71788E-03   3.09707E-03   9.73773E-03   1.60065E-04   1.06956E-03  -2.38005E-03  -9.15978E-03  -1.01625E-03  -4.57057E-03   1.36871E-03   7.29809E-03   1.24525E-03   7.38492E-03  -3.84825E-04  -4.18707E-03  -8.75720E-04  -8.14665E-03  -1.74109E-04   4.24040E-03   4.03331E-04
 1.13420E+03  -8.54791E-03  -5.16908E-03  -8.79340E-03   4.49614E-03   4.96268E-03   5.05313E-03   1.03662E-02  -2.54856E-03  -8.38599E-04  -5.40009E-03  -1.03175E-02   4.18628E-04  -3.11288E-03   4.85778E-03   8.80578E-03   1.21757E-03   6.37994E-03  -3.80040E-03  -6.12260E-03  -2.23229E-03  -8.55786E-03   2.53793E-03   2.69636E-03   2.61971E-03   9.40655E-03  -1.35948E-03   9.73324E-04  -2.50160E-03  -8.86665E-03   4.73808E-04  -4.37449E-03   2.08324E-03   7.07477E-03   2.32813E-05   7.11369E-03  -1.59788E-03  -4.06306E-03  -1.62288E-04  -7.86265E-03   1.18865E-03   4.10114E-03  -3.14317E-04
 1.14240E+03  -8.04072E-03  -4.26911E-03  -8.21546E-03   5.30565E-03   4.69543E-03   4.44831E-03   9.67902E-03  -3.64604E-03  -8.52496E-04  -5.21951E-03  -9.63795E-03   1.63498E-03  -2.82891E-03   5.16685E-03   8.23947E-03   8.65570E-05   5.87631E-03  -4.57617E-03  -5.75154E-03  -1.38376E-03  -7.91371E-03   3.67326E-03   2.56992E-03   2.20811E-03   8.71627E-03  -2.68071E-03   8.41974E-04  -2.61024E-03  -8.22648E-03   1.77052E-03  -4.00751E-03   2.70794E-03   6.56945E-03  -1.04074E-03   6.55876E-03  -2.65691E-03  -3.77531E-03   4.59099E-04  -7.26221E-03   2.37807E-03   3.79618E-03  -9.40305E-04
 1.15060E+03  -7.37335E-03  -3.60595E-03  -7.47668E-03   5.88582E-03   4.32854E-03   3.99477E-03   8.79020E-03  -4.45428E-03  -8.44943E-04  -5.07861E-03  -8.74621E-03   2.54558E-03  -2.48327E-03   5.39645E-03   7.48281E-03  -7.68895E-04   5.23552E-03  -5.16430E-03  -5.24193E-03  -7.37715E-04  -7.07653E-03   4.54094E-03   2.37933E-03   1.89390E-03   7.80599E-03  -3.69551E-03   6.89026E-04  -2.69540E-03  -7.37307E-03   2.76980E-03  -3.53532E-03   3.19161E-03   5.89050E-03  -1.86251E-03   5.82890E-03  -3.47715E-03  -3.38660E-03   9.39585E-04  -6.46651E-03   3.29977E-03   3.38894E-03  -1.42523E-03
 1.15890E+03  -6.64444E-03  -3.18221E-03  -6.67457E-03   6.23279E-03   3.92369E-03   3.69337E-03   7.82127E-03  -4.96981E-03  -8.30503E-04  -4.97678E-03  -7.76943E-03   3.14796E-03  -2.11081E-03   5.54524E-03   6.64935E-03  -1.34746E-03   4.53669E-03  -5.56329E-03  -4.67641E-03  -2.94528E-04  -6.15770E-03   5.13984E-03   2.16359E-03   1.67688E-03   6.80227E-03  -4.40326E-03   5.25183E-04  -2.75668E-03  -6.42871E-03   3.47152E-03  -3.01665E-03   3.53397E-03   5.13721E-03  -2.44219E-03   5.02263E-03  -4.05860E-03  -2.95458E-03   1.27935E-03  -5.58567E-03   3.95392E-03   2.93732E-03  -1.76924E-03
 1.16730E+03  -5.93545E-03  -2.97014E-03  -5.89012E-03   6.37450E-03   3.53151E-03   3.52696E-03   6.87290E-03  -5.22743E-03  -8.20659E-04  -4.91042E-03  -6.81260E-03   3.47849E-03  -1.74086E-03   5.62380E-03   5.83254E-03  -1.68151E-03   3.84547E-03  -5.79647E-03  -4.12266E-03  -3.08030E-05  -5.24920E-03   5.50250E-03   1.95435E-03   1.54629E-03   5.80937E-03  -4.84085E-03   3.59633E-04  -2.79771E-03  -5.49389E-03   3.91126E-03  -2.50005E-03   3.75256E-03   4.39107E-03  -2.80864E-03   4.22106E-03  -4.43030E-03  -2.52652E-03   1.49514E-03  -4.71026E-03   4.37288E-03   2.48886E-03  -1.98927E-03
 1.17570E+03  -5.30316E-03  -2.92316E-03  -5.18027E-03   6.35850E-03   3.18696E-03   3.46718E-03   6.01569E-03  -5.28537E-03  -8.22853E-04  -4.87386E-03  -5.94912E-03   3.59721E-03  -1.39452E-03   5.64972E-03   5.09746E-03  -1.82399E-03   3.20828E-03  -5.90186E-03  -3.62763E-03   9.14275E-05  -4.41566E-03   5.68159E-03   1.77328E-03   1.48475E-03   4.90027E-03  -5.06756E-03   1.99223E-04  -2.82424E-03  -4.63886E-03   4.14593E-03  -2.01979E-03   3.87527E-03   3.70897E-03  -3.00786E-03   3.48107E-03  -4.63842E-03  -2.13540E-03   1.61359E-03  -3.90369E-03   4.60806E-03   2.07680E-03  -2.11224E-03
 1.18420E+03  -4.76110E-03  -2.99223E-03  -4.55666E-03   6.23324E-03   2.89951E-03   3.48335E-03   5.26454E-03  -5.20484E-03  -8.41082E-04  -4.86028E-03  -5.19514E-03   3.56868E-03  -1.07384E-03   5.64158E-03   4.45922E-03  -1.83275E-03   2.63283E-03  -5.92098E-03  -3.20312E-03   1.14175E-04  -3.66922E-03   5.73543E-03   1.62715E-03   1.47287E-03   4.08953E-03  -5.14966E-03   4.32429E-05  -2.84275E-03  -3.87811E-03   4.23958E-03  -1.58118E-03   3.93367E-03   3.10291E-03  -3.09191E-03   2.81307E-03  -4.73531E-03  -1.78828E-03   1.66492E-03  -3.17803E-03   4.71782E-03   1.70777E-03  -2.16871E-03
 1.19280E+03  -4.31479E-03  -3.13948E-03  -4.02348E-03   6.03678E-03   2.67326E-03   3.55212E-03   4.62486E-03  -5.03319E-03  -8.77570E-04  -4.86480E-03  -4.55660E-03   3.44229E-03  -7.78646E-04   5.61376E-03   3.92351E-03  -1.75169E-03   2.12093E-03  -5.88539E-03  -2.85384E-03   6.91053E-05  -3.01326E-03   5.70803E-03   1.51904E-03   1.49609E-03   3.38144E-03  -5.13694E-03  -1.09457E-04  -2.85810E-03  -3.21606E-03   4.24015E-03  -1.18503E-03   3.95132E-03   2.57662E-03  -3.09964E-03   2.21953E-03  -4.76002E-03  -1.48737E-03   1.67165E-03  -2.53641E-03   4.74568E-03   1.38362E-03  -2.18146E-03
 1.20140E+03  -3.96440E-03  -3.33403E-03  -3.58039E-03   5.80055E-03   2.50855E-03   3.65460E-03   4.09621E-03  -4.80874E-03  -9.32927E-04  -4.88336E-03  -4.03307E-03   3.25748E-03  -5.08022E-04   5.57742E-03   3.49007E-03  -1.61560E-03   1.67138E-03  -5.81958E-03  -2.57984E-03  -1.87432E-05  -2.44640E-03   5.63339E-03   1.44943E-03   1.54276E-03   2.77463E-03  -5.06772E-03  -2.59782E-04  -2.87366E-03  -2.65147E-03   4.18447E-03  -8.30031E-04   3.94597E-03   2.12911E-03  -3.06082E-03   1.69882E-03  -4.74214E-03  -1.23213E-03   1.65103E-03  -1.97717E-03   4.72465E-03   1.10360E-03  -2.16782E-03
 1.21010E+03  -3.69763E-03  -3.55782E-03  -3.21221E-03   5.54192E-03   2.39931E-03   3.77924E-03   3.66022E-03  -4.55401E-03  -1.00871E-03  -4.91321E-03  -3.60612E-03   3.03843E-03  -2.52768E-04   5.53938E-03   3.14345E-03  -1.44644E-03   1.26851E-03  -5.73924E-03  -2.37120E-03  -1.33243E-04  -1.94861E-03   5.53382E-03   1.41565E-03   1.60533E-03   2.24741E-03  -4.96755E-03  -4.12972E-04  -2.89185E-03  -2.16404E-03   4.09735E-03  -5.03525E-04   3.92980E-03   1.74426E-03  -2.99569E-03   1.23224E-03  -4.70200E-03  -1.01334E-03   1.61483E-03  -1.48016E-03   4.67742E-03   8.57588E-04  -2.13969E-03
 1.21880E+03  -3.50931E-03  -3.79477E-03  -2.91283E-03   5.27698E-03   2.34280E-03   3.91602E-03   3.30933E-03  -4.28838E-03  -1.10529E-03  -4.95172E-03  -3.26796E-03   2.80501E-03  -9.23507E-06   5.50450E-03   2.87697E-03  -1.26175E-03   9.05754E-04  -5.65572E-03  -2.22352E-03  -2.61593E-04  -1.51130E-03   5.42533E-03   1.41640E-03   1.67748E-03   1.79039E-03  -4.85459E-03  -5.71212E-04  -2.91356E-03  -1.74488E-03   3.99630E-03  -2.00002E-04   3.91062E-03   1.41491E-03  -2.91843E-03   8.11544E-04  -4.65308E-03  -8.26895E-04   1.57128E-03  -1.03644E-03   4.61919E-03   6.41103E-04  -2.10515E-03
 1.22760E+03  -3.39042E-03  -4.03841E-03  -2.66944E-03   5.01115E-03   2.33540E-03   4.06040E-03   3.02813E-03  -4.01948E-03  -1.22566E-03  -4.99727E-03  -3.00334E-03   2.56587E-03   2.32149E-04   5.47460E-03   2.67816E-03  -1.06979E-03   5.67994E-04  -5.57422E-03  -2.12935E-03  -3.97419E-04  -1.11565E-03   5.31577E-03   1.45078E-03   1.75585E-03   1.38350E-03  -4.73810E-03  -7.40690E-04  -2.93915E-03  -1.37532E-03   3.89047E-03   9.33846E-05   3.89247E-03   1.12626E-03  -2.83659E-03   4.18456E-04  -4.60255E-03  -6.64360E-04   1.52481E-03  -6.26579E-04   4.55809E-03   4.44554E-04  -2.06853E-03
 1.23650E+03  -3.33734E-03  -4.28215E-03  -2.47517E-03   4.74990E-03   2.37649E-03   4.20771E-03   2.80842E-03  -3.75429E-03  -1.37288E-03  -5.04768E-03  -2.80424E-03   2.32855E-03   4.78192E-04   5.45021E-03   2.54072E-03  -8.77582E-04   2.45255E-04  -5.49778E-03  -2.08545E-03  -5.35127E-04  -7.49633E-04   5.21008E-03   1.51948E-03   1.83703E-03   1.01410E-03  -4.62404E-03  -9.26419E-04  -2.96773E-03  -1.04369E-03   3.78579E-03   3.85684E-04   3.87698E-03   8.69114E-04  -2.75508E-03   4.06325E-05  -4.55414E-03  -5.20509E-04   1.47830E-03  -2.37600E-04   4.49858E-03   2.61681E-04  -2.03239E-03
 1.24540E+03  -3.34802E-03  -4.51773E-03  -2.32608E-03   4.49973E-03   2.46575E-03   4.35189E-03   2.64539E-03  -3.50049E-03  -1.54884E-03  -5.09948E-03  -2.66587E-03   2.10101E-03   7.33072E-04   5.43039E-03   2.46089E-03  -6.92564E-04  -6.86321E-05  -5.42765E-03  -2.08991E-03  -6.68528E-04  -4.05741E-04   5.11116E-03   1.62306E-03   1.91657E-03   6.74232E-04  -4.51625E-03  -1.13164E-03  -2.99684E-03  -7.42628E-04   3.68626E-03   6.82699E-04   3.86358E-03   6.37617E-04  -2.67724E-03  -3.29837E-04  -4.50884E-03  -3.92027E-04   1.43377E-03   1.38810E-04   4.44235E-03   8.84805E-05  -1.99800E-03
 1.25440E+03  -3.42208E-03  -4.74210E-03  -2.21588E-03   4.26051E-03   2.60590E-03   4.48945E-03   2.53185E-03  -3.25888E-03  -1.75995E-03  -5.14910E-03  -2.58179E-03   1.88504E-03   1.00679E-03   5.41185E-03   2.43444E-03  -5.17366E-04  -3.86538E-04  -5.36112E-03  -2.14202E-03  -7.94435E-04  -6.94296E-05   5.01702E-03   1.76512E-03   1.99103E-03   3.49206E-04  -4.41343E-03  -1.36454E-03  -3.02305E-03  -4.58898E-04   3.59114E-03   9.96850E-04   3.84900E-03   4.21476E-04  -2.60274E-03  -7.08798E-04  -4.46359E-03  -2.73151E-04   1.39113E-03   5.18901E-04   4.38668E-03  -8.26119E-05  -1.96442E-03
 1.26350E+03  -3.56188E-03  -4.94778E-03  -2.14197E-03   4.03497E-03   2.80087E-03   4.61342E-03   2.46499E-03  -3.03331E-03  -2.01201E-03  -5.19025E-03  -2.54979E-03   1.68543E-03   1.30693E-03   5.38923E-03   2.46067E-03  -3.57455E-04  -7.17464E-04  -5.29383E-03  -2.24323E-03  -9.06946E-04   2.69029E-04   4.92430E-03   1.94974E-03   2.05432E-03   2.94395E-05  -4.31314E-03  -1.63195E-03  -3.04024E-03  -1.84004E-04   3.49877E-03   1.33748E-03   3.82726E-03   2.14148E-04  -2.53056E-03  -1.10764E-03  -4.41253E-03  -1.60254E-04   1.34996E-03   9.14158E-04   4.32622E-03  -2.56786E-04  -1.92966E-03
 1.27260E+03  -3.76832E-03  -5.12251E-03  -2.10291E-03   3.82856E-03   3.05233E-03   4.71270E-03   2.44316E-03  -2.83059E-03  -2.30772E-03  -5.21334E-03  -2.56847E-03   1.51000E-03   1.63728E-03   5.35438E-03   2.53886E-03  -2.21393E-04  -1.06607E-03  -5.21910E-03  -2.39400E-03  -9.97030E-04   6.14815E-04   4.82772E-03   2.17883E-03   2.09715E-03  -2.90274E-04  -4.21140E-03  -1.93732E-03  -3.03908E-03   8.67332E-05   3.40633E-03   1.70949E-03   3.78905E-03   1.19891E-05  -2.45884E-03  -1.53246E-03  -4.34640E-03  -5.13038E-05   1.30942E-03   1.33078E-03   4.25248E-03  -4.36873E-04  -1.89055E-03
 1.28180E+03  -4.04595E-03  -5.25378E-03  -2.09649E-03   3.64305E-03   3.36648E-03   4.77432E-03   2.46428E-03  -2.65445E-03  -2.65510E-03  -5.20521E-03  -2.63673E-03   1.36461E-03   2.00750E-03   5.29450E-03   2.66975E-03  -1.17196E-04  -1.44319E-03  -5.12491E-03  -2.59748E-03  -1.05461E-03   9.79186E-04   4.71648E-03   2.45833E-03   2.10762E-03  -6.20717E-04  -4.09900E-03  -2.28947E-03  -3.00608E-03   3.62690E-04   3.30650E-03   2.12429E-03   3.71966E-03  -1.92130E-04  -2.38238E-03  -1.99675E-03  -4.24956E-03   5.76049E-05   1.26685E-03   1.78219E-03   4.15059E-03  -6.28819E-04  -1.84107E-03
 1.29100E+03  -4.39158E-03  -5.32019E-03  -2.12076E-03   3.48608E-03   3.74071E-03   4.77810E-03   2.52575E-03  -2.51496E-03  -3.05236E-03  -5.14735E-03  -2.75166E-03   1.26152E-03   2.41672E-03   5.19289E-03   2.85041E-03  -5.90604E-05  -1.84883E-03  -4.99658E-03  -2.85108E-03  -1.06383E-03   1.36284E-03   4.57807E-03   2.78623E-03   2.06844E-03  -9.63027E-04  -3.96569E-03  -2.68707E-03  -2.92285E-03   6.45136E-04   3.19138E-03   2.58124E-03   3.59987E-03  -3.99314E-04  -2.29566E-03  -2.50043E-03  -4.10214E-03   1.67153E-04   1.21951E-03   2.26861E-03   4.00193E-03  -8.32937E-04  -1.77390E-03
 1.30040E+03  -4.80702E-03  -5.29507E-03  -2.17303E-03   3.36232E-03   4.17840E-03   4.69684E-03   2.62476E-03  -2.42078E-03  -3.50458E-03  -5.01260E-03  -2.91107E-03   1.21361E-03   2.87157E-03   5.02330E-03   3.08001E-03  -6.40928E-05  -2.29071E-03  -4.80960E-03  -3.15583E-03  -1.00354E-03   1.77399E-03   4.39048E-03   3.16574E-03   1.95486E-03  -1.32518E-03  -3.79272E-03  -3.13554E-03  -2.76151E-03   9.41055E-04   3.04604E-03   3.08776E-03   3.39929E-03  -6.14901E-04  -2.18803E-03  -3.05254E-03  -3.87185E-03   2.80285E-04   1.16194E-03   2.79911E-03   3.77582E-03  -1.05335E-03  -1.67667E-03
 1.30970E+03  -5.26021E-03  -5.14786E-03  -2.24466E-03   3.28465E-03   4.64810E-03   4.50259E-03   2.74856E-03  -2.38785E-03  -3.98170E-03  -4.77620E-03  -3.09820E-03   1.23920E-03   3.34398E-03   4.76411E-03   3.33796E-03  -1.52575E-04  -2.74342E-03  -4.54545E-03  -3.48765E-03  -8.51897E-04   2.19042E-03   4.13828E-03   3.56969E-03   1.74374E-03  -1.68859E-03  -3.56765E-03  -3.60517E-03  -2.49795E-03   1.23590E-03   2.86103E-03   3.61215E-03   3.09312E-03  -8.28614E-04  -2.05294E-03  -3.61983E-03  -3.53331E-03   3.91808E-04   1.09095E-03   3.34235E-03   3.44858E-03  -1.27754E-03  -1.54017E-03
 1.31920E+03  -5.72762E-03  -4.84313E-03  -2.32540E-03   3.25926E-03   5.12870E-03   4.15923E-03   2.88356E-03  -2.42769E-03  -4.46564E-03  -4.40213E-03  -3.29708E-03   1.35551E-03   3.81912E-03   4.38052E-03   3.60677E-03  -3.47328E-04  -3.19525E-03  -4.17164E-03  -3.82830E-03  -5.80734E-04   2.60328E-03   3.79233E-03   3.97971E-03   1.40210E-03  -2.04693E-03  -3.26563E-03  -4.07781E-03  -2.09503E-03   1.52537E-03   2.61656E-03   4.13666E-03   2.64092E-03  -1.03778E-03  -1.87625E-03  -4.18493E-03  -3.04355E-03   5.00613E-04   9.99301E-04   3.88243E-03   2.97939E-03  -1.49969E-03  -1.34792E-03
 1.32870E+03  -6.13940E-03  -4.36846E-03  -2.39476E-03   3.29201E-03   5.55261E-03   3.65564E-03   3.00036E-03  -2.54720E-03  -4.89259E-03  -3.88075E-03  -3.46990E-03   1.57014E-03   4.23808E-03   3.86425E-03   3.84088E-03  -6.56541E-04  -3.59331E-03  -3.68119E-03  -4.12525E-03  -1.81409E-04   2.96663E-03   3.34687E-03   4.33720E-03   9.20937E-04  -2.36196E-03  -2.88207E-03  -4.48986E-03  -1.54350E-03   1.77963E-03   2.30917E-03   4.59383E-03   2.03323E-03  -1.22137E-03  -1.65558E-03  -4.67734E-03  -2.39295E-03   5.96121E-04   8.85825E-04   4.35295E-03   2.35929E-03  -1.69341E-03  -1.09647E-03
 1.33830E+03  -6.42450E-03  -3.73401E-03  -2.43012E-03   3.37831E-03   5.85195E-03   3.00089E-03   3.06712E-03  -2.74080E-03  -5.19935E-03  -3.21986E-03  -3.57650E-03   1.87682E-03   4.54340E-03   3.22187E-03   3.99275E-03  -1.07349E-03  -3.88670E-03  -3.07952E-03  -4.32463E-03   3.39068E-04   3.23683E-03   2.80623E-03   4.58301E-03   3.07431E-04  -2.59782E-03  -2.42033E-03  -4.77791E-03  -8.50608E-04   1.97093E-03   1.94132E-03   4.91703E-03   1.27734E-03  -1.35996E-03  -1.39259E-03  -5.02801E-03  -1.58880E-03   6.68672E-04   7.51319E-04   4.68904E-03   1.59503E-03  -1.83318E-03  -7.88385E-04
 1.34800E+03  -6.51251E-03  -2.99629E-03  -2.40979E-03   3.50105E-03   5.95907E-03   2.24932E-03   3.05307E-03  -2.98418E-03  -5.32257E-03  -2.47045E-03  -3.57778E-03   2.24466E-03   4.67707E-03   2.50021E-03   4.01574E-03  -1.56125E-03  -4.02370E-03  -2.40849E-03  -4.37315E-03   9.38399E-04   3.36921E-03   2.20669E-03   4.65821E-03  -3.91506E-04  -2.71755E-03  -1.91050E-03  -4.87841E-03  -6.70840E-05   2.07058E-03   1.53648E-03   5.03919E-03   4.26940E-04  -1.43341E-03  -1.10381E-03  -5.16710E-03  -6.87117E-04   7.08177E-04   6.04081E-04   4.82501E-03   7.39349E-04  -1.89301E-03  -4.44584E-04
 1.35770E+03  -6.37242E-03  -2.25559E-03  -2.32432E-03   3.63094E-03   5.84412E-03   1.49791E-03   2.94475E-03  -3.23508E-03  -5.23422E-03  -1.72410E-03  -3.45655E-03   2.61918E-03   4.61340E-03   1.78375E-03   3.88931E-03  -2.05413E-03  -3.98140E-03  -1.74404E-03  -4.24731E-03   1.54086E-03   3.34401E-03   1.61427E-03   4.53678E-03  -1.09143E-03  -2.70484E-03  -1.40757E-03  -4.76331E-03   7.15382E-04   2.06587E-03   1.13762E-03   4.93069E-03  -4.20657E-04  -1.43280E-03  -8.19540E-04  -5.06382E-03   2.10424E-04   7.10182E-04   4.59363E-04   4.73188E-03  -1.11917E-04  -1.86147E-03  -1.03132E-04
 1.36750E+03  -6.02691E-03  -1.60006E-03  -2.17941E-03   3.74046E-03   5.52941E-03   8.31125E-04   2.75056E-03  -3.45505E-03  -4.95584E-03  -1.05976E-03  -3.22397E-03   2.95195E-03   4.37273E-03   1.14480E-03   3.62732E-03  -2.49457E-03  -3.77850E-03  -1.15068E-03  -3.96357E-03   2.08081E-03   3.17785E-03   1.08477E-03   4.23756E-03  -1.71974E-03  -2.57375E-03  -9.57783E-04  -4.45353E-03   1.41844E-03   1.96801E-03   7.80767E-04   4.61414E-03  -1.18264E-03  -1.36612E-03  -5.65135E-04  -4.74205E-03   1.01754E-03   6.78777E-04   3.29889E-04   4.43232E-03  -8.77556E-04  -1.74770E-03   2.03793E-04
 1.37740E+03  -5.53987E-03  -1.09591E-03  -1.99358E-03   3.80962E-03   5.07677E-03   3.12713E-04   2.49701E-03  -3.61574E-03  -4.54587E-03  -5.37341E-04  -2.91407E-03   3.20682E-03   4.00915E-03   6.38412E-04   3.27085E-03  -2.83933E-03  -3.46377E-03  -6.77749E-04  -3.56945E-03   2.50864E-03   2.91329E-03   6.60963E-04   3.81371E-03  -2.22134E-03  -2.35989E-03  -5.96670E-04  -4.00698E-03   1.98243E-03   1.80487E-03   4.93632E-04   4.15116E-03  -1.79582E-03  -1.25308E-03  -3.60126E-04  -4.26636E-03   1.66831E-03   6.23929E-04   2.25475E-04   3.98721E-03  -1.49548E-03  -1.57598E-03   4.51553E-04
 1.38740E+03  -4.98922E-03  -7.65012E-04  -1.78953E-03   3.83174E-03   4.56152E-03  -3.63644E-05   2.21655E-03  -3.70769E-03  -4.07547E-03  -1.76454E-04  -2.56852E-03   3.37181E-03   3.58845E-03   2.82527E-04   2.87014E-03  -3.07416E-03  -3.09648E-03  -3.41217E-04  -3.12291E-03   2.80812E-03   2.60200E-03   3.56644E-04   3.33001E-03  -2.57829E-03  -2.10635E-03  -3.35651E-04  -3.49412E-03   2.38802E-03   1.61024E-03   2.85103E-04   3.61671E-03  -2.23978E-03  -1.11756E-03  -2.10757E-04  -3.71515E-03   2.14146E-03   5.57679E-04   1.49253E-04   3.47051E-03  -1.94567E-03  -1.37577E-03   6.32221E-04
 1.39740E+03  -4.44577E-03  -5.93917E-04  -1.58821E-03   3.81133E-03   4.05198E-03  -2.28922E-04   1.93904E-03  -3.73686E-03  -3.60905E-03   3.48238E-05  -2.22554E-03   3.45425E-03   3.17004E-03   6.62385E-05   2.47112E-03  -3.20766E-03  -2.73003E-03  -1.31338E-04  -2.67685E-03   2.98900E-03   2.29046E-03   1.63359E-04   2.84541E-03  -2.80136E-03  -1.85189E-03  -1.67695E-04  -2.97900E-03   2.64685E-03   1.41441E-03   1.49685E-04   3.07879E-03  -2.52685E-03  -9.80951E-04  -1.13152E-04  -3.15953E-03   2.44988E-03   4.90820E-04   9.92689E-05   2.94926E-03  -2.24026E-03  -1.17373E-03   7.50622E-04
 1.40750E+03  -3.94526E-03  -5.46863E-04  -1.39931E-03   3.75811E-03   3.58291E-03  -2.99884E-04   1.67847E-03  -3.71782E-03  -3.17964E-03   1.29843E-04  -1.90324E-03   3.47336E-03   2.78465E-03  -4.15474E-05   2.09583E-03  -3.26340E-03  -2.39225E-03  -1.99194E-05  -2.25693E-03   3.07884E-03   2.00306E-03   5.64030E-05   2.38879E-03  -2.92162E-03  -1.61694E-03  -7.21034E-05  -2.49321E-03   2.79291E-03   1.23347E-03   7.11227E-05   2.57114E-03  -2.69331E-03  -8.54633E-04  -5.58039E-05  -2.63491E-03   2.63161E-03   4.29132E-04   6.97120E-05   2.45688E-03  -2.41518E-03  -9.83279E-04   8.21060E-04
 1.41760E+03  -3.51189E-03  -5.88551E-04  -1.22983E-03   3.68303E-03   3.17765E-03  -2.83181E-04   1.44479E-03  -3.66573E-03  -2.80925E-03   1.40427E-04  -1.61434E-03   3.44823E-03   2.45259E-03  -7.00857E-05   1.75955E-03  -3.26415E-03  -2.10143E-03   1.92670E-05  -1.88075E-03   3.10370E-03   1.75572E-03   1.29995E-05   1.97978E-03  -2.96801E-03  -1.41480E-03  -2.99251E-05  -2.05811E-03   2.85758E-03   1.07781E-03   3.46085E-05   2.11645E-03  -2.77243E-03  -7.45964E-04  -2.82672E-05  -2.16502E-03   2.72139E-03   3.76336E-04   5.53207E-05   2.01575E-03  -2.50317E-03  -8.13349E-04   8.56552E-04
 1.42790E+03  -3.14309E-03  -6.90197E-04  -1.07748E-03   3.59325E-03   2.83404E-03  -2.07137E-04   1.23497E-03  -3.59195E-03  -2.49617E-03   9.38828E-05  -1.35524E-03   3.39432E-03   2.17258E-03  -4.50111E-05   1.45827E-03  -3.22918E-03  -1.85666E-03   9.58785E-06  -1.54401E-03   3.08636E-03   1.54785E-03   1.25899E-05   1.61390E-03  -2.96636E-03  -1.24510E-03  -2.38823E-05  -1.66908E-03   2.86922E-03   9.47247E-04   2.65421E-05   1.71007E-03  -2.79458E-03  -6.54845E-04  -2.08990E-05  -1.74518E-03   2.75115E-03   3.32461E-04   5.12214E-05   1.62151E-03  -2.53440E-03  -6.62424E-04   8.69112E-04
 1.43820E+03  -2.84424E-03  -8.27457E-04  -9.43912E-04   3.49692E-03   2.55712E-03  -9.48920E-05   1.05122E-03  -3.50714E-03  -2.24504E-03   1.16131E-05  -1.12865E-03   3.32459E-03   1.94883E-03   1.42105E-05   1.19513E-03  -3.17358E-03  -1.66166E-03  -3.16543E-05  -1.25022E-03   3.04379E-03   1.38266E-03   4.02493E-05   1.29499E-03  -2.93533E-03  -1.11050E-03  -4.16219E-05  -1.33024E-03   2.84790E-03   8.43835E-04   3.73094E-05   1.35631E-03  -2.78093E-03  -5.82730E-04  -2.69372E-05  -1.37985E-03   2.74290E-03   2.98243E-04   5.40060E-05   1.27835E-03  -2.52957E-03  -5.32187E-04   8.66989E-04
 1.44860E+03  -2.60636E-03  -9.85193E-04  -8.25102E-04   3.39763E-03   2.33841E-03   3.86541E-05   8.87951E-04  -3.41702E-03  -2.04805E-03  -9.20112E-05  -9.27566E-04   3.24681E-03   1.77430E-03   9.40768E-05   9.61877E-04  -3.10709E-03  -1.51026E-03  -9.21401E-05  -9.90069E-04   2.98753E-03   1.25488E-03   8.51290E-05   1.01283E-03  -2.88800E-03  -1.00670E-03  -7.40192E-05  -1.03066E-03   2.80804E-03   7.64270E-04   5.97229E-05   1.04369E-03  -2.74690E-03  -5.27308E-04  -4.12833E-05  -1.05716E-03   2.71288E-03   2.72588E-04   6.10873E-05   9.75092E-04  -2.50402E-03  -4.18400E-04   8.56327E-04
 1.45900E+03  -2.42515E-03  -1.15076E-03  -7.19202E-04   3.29913E-03   2.17374E-03   1.81389E-04   7.42498E-04  -3.32652E-03  -1.90128E-03  -2.05696E-04  -7.48555E-04   3.16704E-03   1.64538E-03   1.84243E-04   7.54388E-04  -3.03681E-03  -1.39924E-03  -1.62617E-04  -7.58813E-04   2.92565E-03   1.16174E-03   1.39206E-04   7.62164E-04  -2.83333E-03  -9.31400E-04  -1.14405E-04  -7.64640E-04   2.75929E-03   7.06765E-04   8.85749E-05   7.66203E-04  -2.70274E-03  -4.87325E-04  -6.02664E-05  -7.70818E-04   2.67177E-03   2.54898E-04   7.05939E-05   7.05803E-04  -2.46782E-03  -3.18807E-04   8.41193E-04
 1.46960E+03  -2.29198E-03  -1.31964E-03  -6.21370E-04   3.20108E-03   2.05504E-03   3.28570E-04   6.08091E-04  -3.23621E-03  -1.79733E-03  -3.24506E-04  -5.83136E-04   3.08679E-03   1.55545E-03   2.79813E-04   5.62669E-04  -2.96512E-03  -1.32279E-03  -2.38433E-04  -5.45156E-04   2.86133E-03   1.09830E-03   1.98255E-04   5.30596E-04  -2.77517E-03  -8.80564E-04  -1.59143E-04  -5.18915E-04   2.70611E-03   6.68214E-04   1.20952E-04   5.09898E-04  -2.65337E-03  -4.60609E-04  -8.17961E-05  -5.06375E-04   2.62483E-03   2.44193E-04   8.14375E-05   4.56862E-04  -2.42596E-03  -2.28342E-04   8.23668E-04
 1.48020E+03  -2.20543E-03  -1.48293E-03  -5.30811E-04   3.10598E-03   1.98078E-03   4.71859E-04   4.83528E-04  -3.14877E-03  -1.73468E-03  -4.40897E-04  -4.29682E-04   3.00886E-03   1.50305E-03   3.74039E-04   3.84678E-04  -2.89501E-03  -1.27958E-03  -3.13665E-04  -3.46671E-04   2.79773E-03   1.06337E-03   2.57219E-04   3.15360E-04  -2.71687E-03  -8.53198E-04  -2.04077E-04  -2.90424E-04   2.65197E-03   6.47836E-04   1.53638E-04   2.71494E-04  -2.60236E-03  -4.46604E-04  -1.03622E-04  -2.60372E-04   2.57577E-03   2.40216E-04   9.24325E-05   2.24986E-04  -2.38188E-03  -1.45774E-04   8.05291E-04
 1.49090E+03  -2.16134E-03  -1.63733E-03  -4.44126E-04   3.01275E-03   1.94709E-03   6.07855E-04   3.64036E-04  -3.06319E-03  -1.70983E-03  -5.51416E-04  -2.82179E-04   2.93239E-03   1.48504E-03   4.63548E-04   2.13297E-04  -2.82574E-03  -1.26686E-03  -3.85142E-04  -1.55282E-04   2.73424E-03   1.05465E-03   3.13237E-04   1.07571E-04  -2.65791E-03  -8.47419E-04  -2.46760E-04  -6.96278E-05   2.59648E-03   6.44184E-04   1.84678E-04   4.09465E-05  -2.54942E-03  -4.44301E-04  -1.24347E-04  -2.23855E-05   2.52432E-03   2.42568E-04   1.02797E-04   3.26874E-07  -2.33533E-03  -6.75282E-05   7.86202E-04
 1.50160E+03  -2.15793E-03  -1.77644E-03  -3.59883E-04   2.92137E-03   1.95223E-03   7.30461E-04   2.47560E-04  -2.97910E-03  -1.72110E-03  -6.50414E-04  -1.37979E-04   2.85668E-03   1.49991E-03   5.43190E-04   4.53330E-05  -2.75632E-03  -1.28329E-03  -4.48274E-04   3.26933E-05   2.66963E-03   1.07096E-03   3.62340E-04  -9.68754E-05  -2.59690E-03  -8.62262E-04  -2.83895E-04   1.47928E-04   2.53810E-03   6.56512E-04   2.11502E-04  -1.86465E-04  -2.49287E-03  -4.53175E-04  -1.42165E-04   2.12514E-04   2.46875E-03   2.51031E-04   1.11506E-04  -2.21781E-04  -2.28460E-03   8.09946E-06   7.66093E-04
 1.51250E+03  -2.19408E-03  -1.89656E-03  -2.74611E-04   2.82854E-03   1.99531E-03   8.35845E-04   1.29236E-04  -2.89269E-03  -1.76783E-03  -7.33928E-04   9.02913E-06   2.77750E-03   1.54714E-03   6.09049E-04  -1.26430E-04  -2.68216E-03  -1.32850E-03  -4.99350E-04   2.25424E-04   2.59896E-03   1.11206E-03   4.01162E-04  -3.06950E-04  -2.52857E-03  -8.97563E-04  -3.12592E-04   3.71862E-04   2.47127E-03   6.84716E-04   2.31795E-04  -4.20854E-04  -2.42697E-03  -4.73157E-04  -1.55424E-04   4.54814E-04   2.40315E-03   2.65728E-04   1.17550E-04  -4.51265E-04  -2.22410E-03   8.45638E-05   7.43282E-04
 1.52340E+03  -2.26771E-03  -1.98723E-03  -1.88510E-04   2.73348E-03   2.07420E-03   9.14095E-04   9.30018E-06  -2.80213E-03  -1.84795E-03  -7.92866E-04   1.58608E-04   2.69198E-03   1.62481E-03   6.52911E-04  -3.01771E-04  -2.59946E-03  -1.40073E-03  -5.31103E-04   4.22718E-04   2.51765E-03   1.17639E-03   4.23463E-04  -5.22493E-04  -2.44769E-03  -9.52028E-04  -3.27700E-04   6.02044E-04   2.39023E-03   7.27782E-04   2.41558E-04  -6.62115E-04  -2.34553E-03  -5.03533E-04  -1.61325E-04   7.04431E-04   2.32101E-03   2.86261E-04   1.19291E-04  -6.88038E-04  -2.14754E-03   1.61949E-04   7.16025E-04
 1.53440E+03  -2.37562E-03  -2.03893E-03  -1.00350E-04   2.63202E-03   2.18594E-03   9.55903E-04  -1.13966E-04  -2.70192E-03  -1.95875E-03  -8.18270E-04   3.12902E-04   2.59346E-03   1.73047E-03   6.66375E-04  -4.83201E-04  -2.50048E-03  -1.49784E-03  -5.35885E-04   6.27393E-04   2.41696E-03   1.26215E-03   4.22515E-04  -7.46571E-04  -2.34464E-03  -1.02418E-03  -3.23567E-04   8.41738E-04   2.28465E-03   7.84567E-04   2.36341E-04  -9.13660E-04  -2.23766E-03  -5.43503E-04  -1.56729E-04   9.64889E-04   2.21103E-03   3.12243E-04   1.14818E-04  -9.35406E-04  -2.04414E-03   2.41525E-04   6.81065E-04
 1.54550E+03  -2.51014E-03  -2.03863E-03  -1.12370E-05   2.52001E-03   2.32317E-03   9.48693E-04  -2.38993E-04  -2.58626E-03  -2.09333E-03  -7.98256E-04   4.69890E-04   2.47455E-03   1.85782E-03   6.38454E-04  -6.68277E-04  -2.37638E-03  -1.61420E-03  -5.03799E-04   8.36620E-04   2.28679E-03   1.36444E-03   3.89692E-04  -9.76012E-04  -2.20821E-03  -1.10994E-03  -2.92995E-04   1.08748E-03   2.14240E-03   8.51897E-04   2.10507E-04  -1.17179E-03  -2.09050E-03  -5.90841E-04  -1.37669E-04   1.23232E-03   2.05980E-03   3.42385E-04   1.01739E-04  -1.18963E-03  -1.90106E-03   3.22342E-04   6.34571E-04
 1.55660E+03  -2.65509E-03  -1.97395E-03   7.46071E-05   2.39441E-03   2.47026E-03   8.80553E-04  -3.59797E-04  -2.45048E-03  -2.23697E-03  -7.21679E-04   6.21935E-04   2.32909E-03   1.99327E-03   5.58925E-04  -8.47839E-04  -2.21965E-03  -1.73761E-03  -4.25695E-04   1.03987E-03   2.11843E-03   1.47268E-03   3.17059E-04  -1.19910E-03  -2.02867E-03  -1.20052E-03  -2.29389E-04   1.32656E-03   1.95287E-03   9.22905E-04   1.58907E-04  -1.42303E-03  -1.89280E-03  -6.40721E-04  -1.00534E-04   1.49266E-03   1.85559E-03   3.73813E-04   7.78834E-05  -1.43725E-03  -1.70709E-03   4.00475E-04   5.73203E-04
 1.56790E+03  -2.78923E-03  -1.83498E-03   1.52383E-04   2.25003E-03   2.60693E-03   7.41823E-04  -4.69553E-04  -2.28804E-03  -2.37067E-03  -5.79187E-04   7.60252E-04   2.14927E-03   2.11940E-03   4.18977E-04  -1.01127E-03  -2.02131E-03  -1.85249E-03  -2.93517E-04   1.22486E-03   1.90177E-03   1.57335E-03   1.97507E-04  -1.40208E-03  -1.79495E-03  -1.28468E-03  -1.26759E-04   1.54400E-03   1.70420E-03   9.88808E-04   7.68148E-05  -1.65141E-03  -1.63202E-03  -6.86980E-04  -4.19806E-05   1.72922E-03   1.58537E-03   4.02871E-04   4.12023E-05  -1.66221E-03  -1.44975E-03   4.71314E-04   4.93166E-04
 1.57920E+03  -2.87932E-03  -1.62700E-03   2.12125E-04   2.08997E-03   2.70105E-03   5.37657E-04  -5.54132E-04  -2.10265E-03  -2.46412E-03  -3.75820E-04   8.66803E-04   1.93938E-03   2.20825E-03   2.23383E-04  -1.13694E-03  -1.78620E-03  -1.93371E-03  -1.11639E-04   1.36675E-03   1.64226E-03   1.64462E-03   3.48997E-05  -1.55733E-03  -1.51298E-03  -1.34424E-03   1.16394E-05   1.70985E-03   1.40274E-03   1.03541E-03  -3.32017E-05  -1.82520E-03  -1.31490E-03  -7.19646E-04   3.61752E-05   1.90892E-03   1.25612E-03   4.23556E-04  -7.19338E-06  -1.83287E-03  -1.13575E-03   5.25422E-04   3.96492E-04
 1.59060E+03  -2.89667E-03  -1.36909E-03   2.46129E-04   1.91870E-03   2.72509E-03   2.86377E-04  -6.02603E-04  -1.90107E-03  -2.49144E-03  -1.28714E-04   9.27584E-04   1.70840E-03   2.23603E-03  -1.21656E-05  -1.20801E-03  -1.52534E-03  -1.95996E-03   1.05929E-04   1.44612E-03   1.35267E-03   1.66796E-03  -1.58648E-04  -1.64319E-03  -1.19711E-03  -1.36380E-03   1.75765E-04   1.80058E-03   1.06412E-03   1.05067E-03  -1.63322E-04  -1.91939E-03  -9.58035E-04  -7.30270E-04   1.28455E-04   2.00564E-03   8.85201E-04   4.30809E-04  -6.40218E-05  -1.92419E-03  -7.81693E-04   5.55426E-04   2.88106E-04
 1.60210E+03  -2.82423E-03  -1.09690E-03   2.49722E-04   1.74659E-03   2.66265E-03   2.23058E-05  -6.08341E-04  -1.69808E-03  -2.43723E-03   1.29808E-04   9.34126E-04   1.47527E-03   2.18855E-03  -2.57898E-04  -1.21431E-03  -1.26151E-03  -1.91850E-03   3.32478E-04   1.45129E-03   1.05928E-03   1.63234E-03  -3.59940E-04  -1.64663E-03  -8.76612E-04  -1.33418E-03   3.46324E-04   1.80205E-03   7.20137E-04   1.02742E-03  -2.98476E-04  -1.91896E-03  -5.95182E-04  -7.13811E-04   2.24282E-04   2.00373E-03   5.07819E-04   4.21611E-04  -1.22915E-04  -1.92117E-03  -4.21301E-04   5.56895E-04   1.78063E-04
 1.61370E+03  -2.66649E-03  -8.50429E-04   2.24601E-04   1.58534E-03   2.51809E-03  -2.16008E-04  -5.73773E-04  -1.51033E-03  -2.30562E-03   3.63440E-04   8.89548E-04   1.26135E-03   2.06967E-03  -4.80372E-04  -1.15958E-03  -1.02044E-03  -1.81283E-03   5.38002E-04   1.38656E-03   7.91694E-04   1.54079E-03  -5.42912E-04  -1.57247E-03  -5.84482E-04  -1.25791E-03   5.01637E-04   1.71947E-03   4.06584E-04   9.67642E-04  -4.21731E-04  -1.82945E-03  -2.64332E-04  -6.71664E-04   3.11770E-04   1.90893E-03   1.63609E-04   3.96818E-04  -1.76715E-04  -1.82931E-03  -9.25147E-05   5.31527E-04   7.76871E-05
 1.62530E+03  -2.44916E-03  -6.60815E-04   1.78597E-04   1.44469E-03   2.31618E-03  -3.98589E-04  -5.10017E-04  -1.35137E-03  -2.11995E-03   5.43882E-04   8.08093E-04   1.08381E-03   1.90089E-03  -6.53465E-04  -1.06097E-03  -8.22634E-04  -1.66227E-03   6.99018E-04   1.27167E-03   5.73478E-04   1.41013E-03  -6.87138E-04  -1.44269E-03  -3.46938E-04  -1.14899E-03   6.24690E-04   1.57672E-03   1.51901E-04   8.82281E-04  -5.19783E-04  -1.67620E-03   4.34679E-06  -6.11518E-04   3.81573E-04   1.74770E-03  -1.15962E-04   3.61075E-04  -2.19787E-04  -1.67393E-03   1.74546E-04   4.86911E-04  -4.01858E-06
 1.63710E+03  -2.19964E-03  -5.36529E-04   1.20464E-04   1.32549E-03   2.08347E-03  -5.17272E-04  -4.29550E-04  -1.22314E-03  -1.90537E-03   6.63596E-04   7.05748E-04   9.45618E-04   1.70548E-03  -7.70365E-04  -9.37679E-04  -6.71989E-04  -1.48774E-03   8.09524E-04   1.12872E-03   4.09291E-04   1.25855E-03  -7.87495E-04  -1.28188E-03  -1.69285E-04  -1.02258E-03   7.11286E-04   1.40044E-03  -3.80968E-05   7.83182E-04  -5.89397E-04  -1.48744E-03   2.04653E-04  -5.41687E-04   4.31443E-04   1.54946E-03  -3.24414E-04   3.19414E-04  -2.50801E-04  -1.48316E-03   3.73668E-04   4.31526E-04  -6.52445E-05
 1.64890E+03  -1.94922E-03  -4.75790E-04   5.94592E-05   1.22834E-03   1.85002E-03  -5.73788E-04  -3.45502E-04  -1.12587E-03  -1.69017E-03   7.24088E-04   5.99335E-04   8.46701E-04   1.50951E-03  -8.32364E-04  -8.09957E-04  -5.68183E-04  -1.31267E-03   8.70610E-04   9.81033E-04   2.98638E-04   1.10643E-03  -8.44877E-04  -1.11606E-03  -5.08925E-05  -8.95648E-04   7.62137E-04   1.21890E-03  -1.64133E-04   6.83614E-04  -6.31107E-04  -1.29320E-03   3.37378E-04  -4.71494E-04   4.61746E-04   1.34557E-03  -4.62584E-04   2.77456E-04  -2.69968E-04  -1.28704E-03   5.05659E-04   3.74344E-04  -1.06215E-04
 1.66080E+03  -1.71366E-03  -4.65043E-04   5.75692E-07   1.14827E-03   1.63114E-03  -5.81185E-04  -2.65010E-04  -1.05289E-03  -1.48885E-03   7.37731E-04   4.98025E-04   7.78785E-04   1.32641E-03  -8.50942E-04  -6.88846E-04  -5.01451E-04  -1.14914E-03   8.92654E-04   8.41330E-04   2.30383E-04   9.64290E-04  -8.68364E-04  -9.59403E-04   2.05804E-05  -7.76961E-04   7.84845E-04   1.04749E-03  -2.39574E-04   5.90435E-04  -6.50886E-04  -1.10981E-03   4.16694E-04  -4.05753E-04   4.76690E-04   1.15303E-03  -5.45257E-04   2.38114E-04  -2.79840E-04  -1.10182E-03   5.84670E-04   3.20262E-04  -1.31187E-04
 1.67280E+03  -1.50181E-03  -4.90163E-04  -5.34442E-05   1.08084E-03   1.43543E-03  -5.53067E-04  -1.92004E-04  -9.97956E-04  -1.30959E-03   7.17349E-04   4.06889E-04   7.33938E-04   1.16375E-03  -8.37939E-04  -5.80484E-04  -4.62296E-04  -1.00400E-03   8.86312E-04   7.16714E-04   1.93625E-04   8.38106E-04  -8.67244E-04  -8.19850E-04   5.72719E-05  -6.71497E-04   7.87165E-04   8.94818E-04  -2.77591E-04   5.07537E-04  -6.54812E-04  -9.46421E-04   4.56590E-04  -3.47200E-04   4.80554E-04   9.81408E-04  -5.87034E-04   2.03042E-04  -2.83002E-04  -9.36672E-04   6.24682E-04   2.72034E-04  -1.44348E-04
 1.68490E+03  -1.31621E-03  -5.38711E-04  -1.01800E-04   1.02213E-03   1.26538E-03  -5.01411E-04  -1.27666E-04  -9.55578E-04  -1.15479E-03   6.74242E-04   3.27493E-04   7.05171E-04   1.02382E-03  -8.03791E-04  -4.86806E-04  -4.42356E-04  -8.79337E-04   8.60985E-04   6.09457E-04   1.78755E-04   7.29717E-04  -8.49722E-04  -6.99969E-04   6.98838E-05  -5.80804E-04   7.75952E-04   7.63712E-04  -2.89809E-04   4.36138E-04  -6.48261E-04  -8.06040E-04   4.69416E-04  -2.96690E-04   4.77124E-04   8.33850E-04  -6.00814E-04   1.72761E-04  -2.81745E-04  -7.94600E-04   6.38051E-04   2.30572E-04  -1.49396E-04
 1.69700E+03  -1.15692E-03  -6.00601E-04  -1.44490E-04   9.69543E-04   1.12106E-03  -4.35984E-04  -7.20056E-05  -9.21763E-04  -1.02457E-03   6.17585E-04   2.59882E-04   6.87217E-04   9.06754E-04  -7.56942E-04  -4.07909E-04  -4.35213E-04  -7.75316E-04   8.24251E-04   5.19720E-04   1.78332E-04   6.39296E-04  -8.22384E-04  -5.99987E-04   6.67422E-05  -5.05047E-04   7.56694E-04   6.54459E-04  -2.85291E-04   3.76378E-04  -6.35527E-04  -6.89007E-04   4.64813E-04  -2.54328E-04   4.69419E-04   7.10729E-04  -5.96670E-04   1.47336E-04  -2.77887E-04  -6.75976E-04   6.34428E-04   1.95990E-04  -1.49213E-04
 1.70930E+03  -1.01850E-03  -6.70176E-04  -1.83093E-04   9.20053E-04   9.97493E-04  -3.62139E-04  -2.29270E-05  -8.92961E-04  -9.14407E-04   5.52529E-04   2.01509E-04   6.75992E-04   8.08516E-04  -7.02271E-04  -3.40852E-04  -4.36216E-04  -6.88382E-04   7.80630E-04   4.44214E-04   1.87128E-04   5.63788E-04  -7.89285E-04  -5.16300E-04   5.36355E-05  -4.41696E-04   7.32867E-04   5.63181E-04  -2.70336E-04   3.26279E-04  -6.19397E-04  -5.91221E-04   4.49507E-04  -2.18722E-04   4.59435E-04   6.07772E-04  -5.81665E-04   1.25933E-04  -2.72652E-04  -5.76703E-04   6.20600E-04   1.67082E-04  -1.45841E-04
 1.72160E+03  -8.99885E-04  -7.41933E-04  -2.18041E-04   8.73047E-04   8.93583E-04  -2.85299E-04   2.02054E-05  -8.67669E-04  -8.23282E-04   4.84148E-04   1.51579E-04   6.69190E-04   7.28209E-04  -6.44426E-04  -2.84727E-04  -4.42363E-04  -6.17777E-04   7.34273E-04   3.81952E-04   2.01541E-04   5.02579E-04  -7.54024E-04  -4.47879E-04   3.46751E-05  -3.90271E-04   7.07464E-04   4.88828E-04  -2.49477E-04   2.85488E-04  -6.02209E-04  -5.11620E-04   4.28359E-04  -1.89635E-04   4.48814E-04   5.23911E-04  -5.60902E-04   1.08409E-04  -2.67026E-04  -4.95782E-04   6.01472E-04   1.43539E-04  -1.40730E-04
 1.73410E+03  -7.95846E-04  -8.14294E-04  -2.50999E-04   8.26865E-04   8.04582E-04  -2.06886E-04   5.95662E-05  -8.44253E-04  -7.46954E-04   4.13905E-04   1.07501E-04   6.65153E-04   6.62084E-04  -5.84926E-04  -2.36594E-04  -4.51878E-04  -5.60236E-04   6.86734E-04   3.29697E-04   2.19596E-04   4.52882E-04  -7.18128E-04  -3.91222E-04   1.20945E-05  -3.48473E-04   6.81898E-04   4.27666E-04  -2.25224E-04   2.52211E-04  -5.85169E-04  -4.46280E-04   4.04140E-04  -1.65804E-04   4.38459E-04   4.55066E-04  -5.37366E-04   9.40034E-05  -2.61573E-04  -4.29311E-04   5.79956E-04   1.24204E-04  -1.34747E-04
 1.74660E+03  -7.05081E-04  -8.84571E-04  -2.82465E-04   7.81782E-04   7.29191E-04  -1.29677E-04   9.58887E-05  -8.22456E-04  -6.84213E-04   3.44454E-04   6.83548E-05   6.63135E-04   6.09072E-04  -5.26256E-04  -1.95398E-04  -4.63587E-04  -5.14855E-04   6.40289E-04   2.86303E-04   2.39734E-04   4.13958E-04  -6.83618E-04  -3.45126E-04  -1.22091E-05  -3.15720E-04   6.57892E-04   3.78456E-04  -1.99770E-04   2.26014E-04  -5.69650E-04  -3.93943E-04   3.79282E-04  -1.46936E-04   4.29352E-04   3.99966E-04  -5.13673E-04   8.25393E-05  -2.56882E-04  -3.76094E-04   5.58602E-04   1.08708E-04  -1.28624E-04
 1.75920E+03  -6.24146E-04  -9.52679E-04  -3.13633E-04   7.37296E-04   6.64319E-04  -5.37762E-05   1.30708E-04  -8.01918E-04  -6.32343E-04   2.76063E-04   3.23492E-05   6.62849E-04   5.66816E-04  -4.68889E-04  -1.59155E-04  -4.77168E-04  -4.79607E-04   5.95602E-04   2.49629E-04   2.61498E-04   3.84092E-04  -6.51296E-04  -3.07314E-04  -3.75584E-05  -2.90600E-04   6.36293E-04   3.38797E-04  -1.74051E-04   2.05792E-04  -5.56443E-04  -3.52095E-04   3.54979E-04  -1.32249E-04   4.22120E-04   3.56003E-04  -4.91230E-04   7.35435E-05  -2.53352E-04  -3.33639E-04   5.38851E-04   9.63079E-05  -1.22764E-04
 1.77190E+03  -5.50919E-04  -1.01858E-03  -3.45281E-04   6.93583E-04   6.08054E-04   2.06432E-05   1.65028E-04  -7.82879E-04  -5.89667E-04   2.09108E-04  -1.67502E-06   6.64526E-04   5.33863E-04  -4.13427E-04  -1.26596E-04  -4.92744E-04  -4.53240E-04   5.53487E-04   2.18320E-04   2.84799E-04   3.62212E-04  -6.22122E-04  -2.76345E-04  -6.35814E-05  -2.72215E-04   6.18107E-04   3.07163E-04  -1.48762E-04   1.90830E-04  -5.46477E-04  -3.19126E-04   3.32234E-04  -1.21228E-04   4.17496E-04   3.21494E-04  -4.71293E-04   6.67000E-05  -2.51437E-04  -3.00326E-04   5.22029E-04   8.65244E-05  -1.17511E-04
 1.78470E+03  -4.83745E-04  -1.08273E-03  -3.77979E-04   6.51103E-04   5.58899E-04   9.38204E-05   1.99567E-04  -7.65951E-04  -5.54851E-04   1.43657E-04  -3.45363E-05   6.68818E-04   5.09013E-04  -3.60286E-04  -9.68214E-05  -5.10867E-04  -4.34661E-04   5.14684E-04   1.91383E-04   3.09954E-04   3.47319E-04  -5.97076E-04  -2.51115E-04  -9.02511E-05  -2.59673E-04   6.04423E-04   2.82313E-04  -1.24326E-04   1.80374E-04  -5.40792E-04  -2.93658E-04   3.11860E-04  -1.13310E-04   4.16319E-04   2.94936E-04  -4.54994E-04   6.16593E-05  -2.51664E-04  -2.74676E-04   5.09388E-04   7.89332E-05  -1.13168E-04
 1.79760E+03  -4.21524E-04  -1.14596E-03  -4.11965E-04   6.10566E-04   5.15810E-04   1.66300E-04   2.34606E-04  -7.52069E-04  -5.26872E-04   7.95718E-05  -6.65589E-05   6.76742E-04   4.91224E-04  -3.09789E-04  -6.94277E-05  -5.32451E-04  -4.22783E-04   4.79946E-04   1.68276E-04   3.37599E-04   3.38295E-04  -5.77236E-04  -2.30869E-04  -1.17788E-04  -2.51876E-04   5.96478E-04   2.63237E-04  -1.01008E-04   1.73440E-04  -5.40593E-04  -2.74413E-04   2.94594E-04  -1.07723E-04   4.19568E-04   2.74821E-04  -4.43459E-04   5.79393E-05  -2.54645E-04  -2.55134E-04   5.02215E-04   7.31171E-05  -1.10028E-04
 1.81060E+03  -3.63849E-04  -1.20933E-03  -4.46970E-04   5.72813E-04   4.78264E-04   2.38801E-04   2.69777E-04  -7.42345E-04  -5.05009E-04   1.65949E-05  -9.73531E-05   6.89512E-04   4.79507E-04  -2.62194E-04  -4.46992E-05  -5.58610E-04  -4.16336E-04   4.50017E-04   1.49024E-04   3.68551E-04   3.33648E-04  -5.63716E-04  -2.15241E-04  -1.46562E-04  -2.47246E-04   5.95575E-04   2.49085E-04  -7.89619E-05   1.68544E-04  -5.47160E-04  -2.60049E-04   2.81109E-04  -1.03278E-04   4.28291E-04   2.59386E-04  -4.37787E-04   5.47939E-05  -2.61036E-04  -2.39796E-04   5.01793E-04   6.86033E-05  -1.08372E-04
 1.82360E+03  -3.11518E-04  -1.27329E-03  -4.81800E-04   5.38783E-04   4.46549E-04   3.11448E-04   3.03616E-04  -7.37728E-04  -4.88923E-04  -4.51085E-05  -1.25411E-04   7.08002E-04   4.72855E-04  -2.17959E-04  -2.39238E-05  -5.90060E-04  -4.13701E-04   4.25614E-04   1.34438E-04   4.03270E-04   3.31305E-04  -5.57412E-04  -2.04353E-04  -1.76710E-04  -2.43504E-04   6.02681E-04   2.39175E-04  -5.84048E-05   1.63509E-04  -5.61398E-04  -2.49088E-04   2.71954E-04  -9.82163E-05   4.43208E-04   2.46493E-04  -4.38796E-04   5.11253E-05  -2.71282E-04  -2.26256E-04   5.09051E-04   6.48337E-05  -1.08411E-04
 1.83680E+03  -2.64914E-04  -1.33917E-03  -5.15427E-04   5.08021E-04   4.20789E-04   3.85693E-04   3.34622E-04  -7.38314E-04  -4.78184E-04  -1.06749E-04  -1.48984E-04   7.32754E-04   4.70066E-04  -1.76268E-04  -8.75218E-06  -6.27572E-04  -4.12845E-04   4.06368E-04   1.25666E-04   4.42553E-04   3.28537E-04  -5.58362E-04  -1.98487E-04  -2.08875E-04  -2.37546E-04   6.18125E-04   2.32692E-04  -3.89602E-05   1.55299E-04  -5.83775E-04  -2.39578E-04   2.67056E-04  -9.00469E-05   4.64767E-04   2.33218E-04  -4.46678E-04   4.53617E-05  -2.85681E-04  -2.11182E-04   5.24330E-04   6.10466E-05  -1.10189E-04
 1.85010E+03  -2.25998E-04  -1.40572E-03  -5.45789E-04   4.79741E-04   4.02148E-04   4.60644E-04   3.60195E-04  -7.42937E-04  -4.72934E-04  -1.67984E-04  -1.65297E-04   7.62458E-04   4.70163E-04  -1.36891E-04  -1.70315E-06  -6.69943E-04  -4.11729E-04   3.91546E-04   1.24539E-04   4.85501E-04   3.22486E-04  -5.65471E-04  -1.98430E-04  -2.42605E-04  -2.26087E-04   6.40634E-04   2.29172E-04  -2.05659E-05   1.40697E-04  -6.13050E-04  -2.29797E-04   2.65854E-04  -7.61339E-05   4.91956E-04   2.16788E-04  -4.60463E-04   3.58486E-05  -3.03604E-04  -1.91338E-04   5.46479E-04   5.65342E-05  -1.13466E-04
 1.86340E+03  -1.95986E-04  -1.47043E-03  -5.71543E-04   4.51827E-04   3.91326E-04   5.34643E-04   3.78637E-04  -7.48761E-04  -4.73212E-04  -2.28345E-04  -1.72515E-04   7.94057E-04   4.72441E-04  -9.90480E-05  -4.46324E-06  -7.14411E-04  -4.08922E-04   3.79251E-04   1.32294E-04   5.30095E-04   3.11134E-04  -5.76025E-04  -2.04704E-04  -2.76947E-04  -2.06788E-04   6.67107E-04   2.28256E-04  -2.95666E-06   1.17392E-04  -6.46218E-04  -2.18485E-04   2.66899E-04  -5.45714E-05   5.22337E-04   1.95177E-04  -4.77738E-04   2.13839E-05  -3.23531E-04  -1.64354E-04   5.72653E-04   5.07760E-05  -1.17636E-04
 1.87690E+03  -1.74107E-04  -1.53156E-03  -5.93366E-04   4.20851E-04   3.88050E-04   6.07277E-04   3.90401E-04  -7.52246E-04  -4.79040E-04  -2.88627E-04  -1.70724E-04   8.24340E-04   4.76921E-04  -6.08608E-05  -1.72874E-05  -7.58442E-04  -4.04191E-04   3.66762E-04   1.49337E-04   5.74759E-04   2.93858E-04  -5.86786E-04  -2.17600E-04  -3.11457E-04  -1.78672E-04   6.94173E-04   2.29871E-04   1.46091E-05   8.42358E-05  -6.80180E-04  -2.05064E-04   2.68356E-04  -2.43042E-05   5.53475E-04   1.67308E-04  -4.95793E-04   1.26107E-06  -3.43969E-04  -1.28895E-04   5.99798E-04   4.34850E-05  -1.22015E-04
 1.89040E+03  -1.58863E-04  -1.58588E-03  -6.12829E-04   3.84671E-04   3.91412E-04   6.76174E-04   3.97440E-04  -7.50212E-04  -4.90283E-04  -3.47857E-04  -1.61898E-04   8.49681E-04   4.84242E-04  -2.17576E-05  -3.85116E-05  -7.98628E-04  -3.98791E-04   3.52072E-04   1.74556E-04   6.16894E-04   2.72287E-04  -5.94657E-04  -2.36677E-04  -3.44795E-04  -1.43458E-04   7.18161E-04   2.34247E-04   3.22816E-05   4.27857E-05  -7.11310E-04  -1.90339E-04   2.68598E-04   1.34682E-05   5.82387E-04   1.34414E-04  -5.11781E-04  -2.37987E-05  -3.63047E-04  -8.63596E-05   6.24506E-04   3.49642E-05  -1.25889E-04
 1.90410E+03  -1.47298E-04  -1.63303E-03  -6.33136E-04   3.41333E-04   4.00023E-04   7.41754E-04   4.03196E-04  -7.40958E-04  -5.07079E-04  -4.06951E-04  -1.49045E-04   8.68784E-04   4.95718E-04   1.95095E-05  -6.59958E-05  -8.34123E-04  -3.94708E-04   3.33751E-04   2.06836E-04   6.56115E-04   2.48577E-04  -5.98151E-04  -2.61766E-04  -3.77026E-04  -1.03093E-04   7.37646E-04   2.41937E-04   5.05585E-05  -5.43918E-06  -7.38354E-04  -1.75324E-04   2.66738E-04   5.77261E-05   6.08112E-04   9.77479E-05  -5.24507E-04  -5.32412E-05  -3.80181E-04  -3.80215E-05   6.45473E-04   2.55143E-05  -1.28956E-04
 1.91780E+03  -1.36873E-04  -1.67243E-03  -6.56995E-04   2.91372E-04   4.12415E-04   8.03218E-04   4.10977E-04  -7.24567E-04  -5.29301E-04  -4.65204E-04  -1.35477E-04   8.81359E-04   5.12536E-04   6.24685E-05  -9.69840E-05  -8.64409E-04  -3.94174E-04   3.11956E-04   2.44378E-04   6.91841E-04   2.25580E-04  -5.97098E-04  -2.92219E-04  -4.07675E-04  -6.05795E-05   7.52193E-04   2.53444E-04   6.92001E-05  -5.77203E-05  -7.60744E-04  -1.61515E-04   2.62714E-04   1.06377E-04   6.30107E-04   5.95484E-05  -5.33618E-04  -8.58062E-05  -3.95004E-04   1.36014E-05   6.62180E-04   1.56913E-05  -1.31125E-04
 1.93170E+03  -1.25262E-04  -1.70562E-03  -6.87356E-04   2.34866E-04   4.27849E-04   8.62104E-04   4.23717E-04  -7.01845E-04  -5.57630E-04  -5.23661E-04  -1.23422E-04   8.88676E-04   5.36282E-04   1.07478E-04  -1.30295E-04  -8.90850E-04  -3.99045E-04   2.87011E-04   2.87022E-04   7.25199E-04   2.04883E-04  -5.92339E-04  -3.28595E-04  -4.37408E-04  -1.69341E-05   7.62910E-04   2.69625E-04   8.83291E-05  -1.13633E-04  -7.79591E-04  -1.49704E-04   2.56908E-04   1.59398E-04   6.49274E-04   2.03556E-05  -5.39882E-04  -1.21600E-04  -4.08071E-04   6.82204E-05   6.75566E-04   5.61800E-06  -1.32583E-04
 1.94560E+03  -1.11126E-04  -1.73344E-03  -7.25853E-04   1.73846E-04   4.45699E-04   9.18344E-04   4.43313E-04  -6.74622E-04  -5.92287E-04  -5.81607E-04  -1.14608E-04   8.92132E-04   5.67902E-04   1.53377E-04  -1.64710E-04  -9.14282E-04  -4.10696E-04   2.60269E-04   3.34211E-04   7.56445E-04   1.87956E-04  -5.85179E-04  -3.70960E-04  -4.65989E-04   2.65503E-05   7.70872E-04   2.91009E-04   1.07376E-04  -1.72211E-04  -7.95663E-04  -1.40684E-04   2.50056E-04   2.16179E-04   6.66080E-04  -1.89342E-05  -5.44085E-04  -1.60308E-04  -4.19615E-04   1.24970E-04   6.86368E-04  -4.48666E-06  -1.33526E-04
 1.95970E+03  -9.32258E-05  -1.75759E-03  -7.74810E-04   1.08800E-04   4.66239E-04   9.73456E-04   4.71653E-04  -6.44132E-04  -6.34683E-04  -6.39839E-04  -1.09824E-04   8.93300E-04   6.09192E-04   2.00121E-04  -2.00702E-04  -9.36153E-04  -4.30501E-04   2.32481E-04   3.87342E-04   7.86560E-04   1.75183E-04  -5.76769E-04  -4.20972E-04  -4.93798E-04   7.06159E-05   7.77306E-04   3.18790E-04   1.26162E-04  -2.35005E-04  -8.10007E-04  -1.34678E-04   2.42743E-04   2.78456E-04   6.81264E-04  -5.91800E-05  -5.47045E-04  -2.03189E-04  -4.30046E-04   1.85404E-04   6.95453E-04  -1.48518E-05  -1.34152E-04
 1.97380E+03  -7.10397E-05  -1.77898E-03  -8.35218E-04   4.21079E-05   4.89491E-04   1.02716E-03   5.09723E-04  -6.12427E-04  -6.85403E-04  -6.97229E-04  -1.09687E-04   8.93528E-04   6.61056E-04   2.46109E-04  -2.38223E-04  -9.56943E-04  -4.59319E-04   2.05260E-04   4.46886E-04   8.15237E-04   1.67055E-04  -5.68349E-04  -4.79362E-04  -5.20020E-04   1.15278E-04   7.82867E-04   3.53619E-04   1.43747E-04  -3.02460E-04  -8.22727E-04  -1.31986E-04   2.35709E-04   3.46847E-04   6.94598E-04  -1.00533E-04  -5.49151E-04  -2.50724E-04  -4.39108E-04   2.49989E-04   7.02911E-04  -2.55225E-05  -1.34551E-04
 1.98810E+03  -4.35411E-05  -1.79913E-03  -9.09759E-04  -2.54673E-05   5.16300E-04   1.08050E-03   5.59494E-04  -5.80821E-04  -7.46633E-04  -7.53895E-04  -1.14609E-04   8.94082E-04   7.25976E-04   2.90657E-04  -2.78575E-04  -9.77359E-04  -4.98807E-04   1.79666E-04   5.15313E-04   8.42437E-04   1.63659E-04  -5.60826E-04  -5.48769E-04  -5.44048E-04   1.62140E-04   7.87951E-04   3.97247E-04   1.59360E-04  -3.77324E-04  -8.33646E-04  -1.32749E-04   2.29477E-04   4.24276E-04   7.05577E-04  -1.44585E-04  -5.50461E-04  -3.04990E-04  -4.46338E-04   3.21401E-04   7.08423E-04  -3.69146E-05  -1.34725E-04
 2.00250E+03  -1.01248E-05  -1.81918E-03  -1.00010E-03  -9.12311E-05   5.47162E-04   1.13307E-03   6.22317E-04  -5.51676E-04  -8.19770E-04  -8.08162E-04  -1.25018E-04   8.96242E-04   8.05642E-04   3.31452E-04  -3.22451E-04  -9.97259E-04  -5.50219E-04   1.57775E-04   5.94156E-04   8.66785E-04   1.65267E-04  -5.55298E-04  -6.30934E-04  -5.63928E-04   2.12043E-04   7.92354E-04   4.50916E-04   1.71315E-04  -4.61248E-04  -8.41490E-04  -1.37202E-04   2.24779E-04   5.12568E-04   7.12512E-04  -1.92226E-04  -5.50517E-04  -3.67304E-04  -4.50437E-04   4.01249E-04   7.10693E-04  -4.92625E-05  -1.34543E-04
 2.01690E+03   2.97036E-05  -1.84059E-03  -1.10766E-03  -1.51687E-04   5.82537E-04   1.18422E-03   6.99323E-04  -5.27968E-04  -9.06054E-04  -8.57628E-04  -1.41221E-04   9.01432E-04   9.01528E-04   3.65326E-04  -3.70535E-04  -1.01607E-03  -6.14612E-04   1.42281E-04   6.84827E-04   8.86047E-04   1.72044E-04  -5.52956E-04  -7.27429E-04  -5.76751E-04   2.65831E-04   7.95368E-04   5.15717E-04   1.77251E-04  -5.55784E-04  -8.44037E-04  -1.45506E-04   2.22463E-04   6.13415E-04   7.12679E-04  -2.44321E-04  -5.48341E-04  -4.38881E-04  -4.49357E-04   4.91051E-04   7.07506E-04  -6.27935E-05  -1.33740E-04
 2.03150E+03   7.72508E-05  -1.86572E-03  -1.23608E-03  -2.03255E-04   6.23632E-04   1.23395E-03   7.93223E-04  -5.13299E-04  -1.00851E-03  -8.99784E-04  -1.63846E-04   9.11577E-04   1.01708E-03   3.88388E-04  -4.24502E-04  -1.03308E-03  -6.94351E-04   1.36673E-04   7.90579E-04   8.97129E-04   1.84286E-04  -5.55269E-04  -8.41764E-04  -5.78373E-04   3.25422E-04   7.95718E-04   5.94033E-04   1.73806E-04  -6.64364E-04  -8.37765E-04  -1.57984E-04   2.23609E-04   7.30500E-04   7.01806E-04  -3.02761E-04  -5.42216E-04  -5.22342E-04  -4.39890E-04   5.94086E-04   6.95238E-04  -7.80000E-05  -1.31845E-04
 2.04620E+03   1.32752E-04  -1.89725E-03  -1.38621E-03  -2.39202E-04   6.70795E-04   1.28070E-03   9.04632E-04  -5.13367E-04  -1.12792E-03  -9.29553E-04  -1.92972E-04   9.29117E-04   1.15313E-03   3.94081E-04  -4.84846E-04  -1.04655E-03  -7.89961E-04   1.46335E-04   9.12261E-04   8.94872E-04   2.01975E-04  -5.64273E-04  -9.74791E-04  -5.62370E-04   3.91367E-04   7.91295E-04   6.86390E-04   1.55954E-04  -7.87868E-04  -8.17336E-04  -1.74651E-04   2.29769E-04   8.64720E-04   6.73575E-04  -3.68053E-04  -5.29591E-04  -6.18307E-04  -4.17346E-04   7.11167E-04   6.68590E-04  -9.50119E-05  -1.28174E-04
 2.06090E+03   1.95531E-04  -1.93858E-03  -1.55663E-03  -2.51006E-04   7.23840E-04   1.32250E-03   1.03225E-03  -5.35350E-04  -1.26329E-03  -9.40438E-04  -2.27896E-04   9.57050E-04   1.30826E-03   3.74056E-04  -5.51389E-04  -1.05414E-03  -9.00134E-04   1.78064E-04   1.04888E-03   8.72590E-04   2.24444E-04  -5.82447E-04  -1.12510E-03  -5.20494E-04   4.63419E-04   7.79268E-04   7.91569E-04   1.17295E-04  -9.25249E-04  -7.75807E-04  -1.95004E-04   2.42858E-04   1.01472E-03   6.19823E-04  -4.39764E-04  -5.07109E-04  -7.25728E-04  -3.75679E-04   8.41206E-04   6.20683E-04  -1.13708E-04  -1.21825E-04
 2.07580E+03   2.64789E-04  -1.99484E-03  -1.74604E-03  -2.28209E-04   7.82910E-04   1.35768E-03   1.17449E-03  -5.88737E-04  -1.41380E-03  -9.24441E-04  -2.67415E-04   9.99703E-04   1.48081E-03   3.17332E-04  -6.24328E-04  -1.05298E-03  -1.02301E-03   2.41108E-04   1.19941E-03   8.21313E-04   2.50478E-04  -6.13271E-04  -1.29088E-03  -4.41398E-04   5.41569E-04   7.55749E-04   9.07799E-04   4.89063E-05  -1.07529E-03  -7.03460E-04  -2.18166E-04   2.65558E-04   1.17869E-03   5.29040E-04  -5.17468E-04  -4.70008E-04  -8.43156E-04  -3.06332E-04   9.82794E-04   5.41753E-04  -1.33956E-04  -1.11515E-04
 2.09080E+03   3.36086E-04  -2.07069E-03  -1.94402E-03  -1.59167E-04   8.45804E-04   1.38349E-03   1.32231E-03  -6.83373E-04  -1.57144E-03  -8.72589E-04  -3.07570E-04   1.06116E-03   1.66022E-03   2.12366E-04  -7.00864E-04  -1.03977E-03  -1.14979E-03   3.44858E-04   1.35541E-03   7.31718E-04   2.76707E-04  -6.60130E-04  -1.46147E-03  -3.13601E-04   6.22312E-04   7.16741E-04   1.02666E-03  -5.81056E-05  -1.22904E-03  -5.90580E-04  -2.41514E-04   3.00503E-04   1.34599E-03   3.89821E-04  -5.96862E-04  -4.13569E-04  -9.62647E-04  -2.00864E-04   1.12696E-03   4.22175E-04  -1.54595E-04  -9.59784E-05
 2.10590E+03   4.02227E-04  -2.16992E-03  -2.13362E-03  -3.50764E-05   9.08960E-04   1.39811E-03   1.46097E-03  -8.26902E-04  -1.72321E-03  -7.78114E-04  -3.41884E-04   1.14473E-03   1.82924E-03   5.02330E-05  -7.76432E-04  -1.01203E-03  -1.26610E-03   4.96672E-04   1.50303E-03   5.96559E-04   2.97628E-04  -7.25722E-04  -1.61946E-03  -1.28085E-04   6.99912E-04   6.59118E-04   1.13442E-03  -2.10766E-04  -1.37186E-03  -4.29494E-04  -2.60771E-04   3.49784E-04   1.49918E-03   1.93133E-04  -6.70901E-04  -3.34050E-04  -1.07122E-03  -5.25778E-05   1.25902E-03   2.54304E-04  -1.73723E-04  -7.42096E-05
 2.12110E+03   4.53104E-04  -2.29288E-03  -2.29096E-03   1.44551E-04   9.67269E-04   1.40159E-03   1.56975E-03  -1.01987E-03  -1.85069E-03  -6.40696E-04  -3.61350E-04   1.25073E-03   1.96361E-03  -1.69649E-04  -8.44474E-04  -9.69717E-04  -1.35180E-03   6.97121E-04   1.62271E-03   4.15367E-04   3.05628E-04  -8.10311E-04  -1.74030E-03   1.15825E-04   7.66164E-04   5.82684E-04   1.21179E-03  -4.09642E-04  -1.48305E-03  -2.19613E-04  -2.70005E-04   4.13588E-04   1.61371E-03  -6.17553E-05  -7.29597E-04  -2.31159E-04  -1.15060E-03   1.39080E-04   1.35826E-03   3.75158E-05  -1.88649E-04  -4.61277E-05
 2.13640E+03   4.77983E-04  -2.43418E-03  -2.39071E-03   3.66348E-04   1.01535E-03   1.39714E-03   1.62664E-03  -1.25099E-03  -1.93436E-03  -4.70765E-04  -3.56371E-04   1.37462E-03   2.03755E-03  -4.33955E-04  -8.98064E-04  -9.16788E-04  -1.38544E-03   9.35456E-04   1.69369E-03   1.98979E-04   2.92580E-04  -9.10112E-04  -1.79791E-03   4.04894E-04   8.12363E-04   4.92138E-04   1.23822E-03  -6.44536E-04  -1.54060E-03   2.78317E-05  -2.62881E-04   4.88932E-04   1.66342E-03  -3.61714E-04  -7.62313E-04  -1.10356E-04  -1.18130E-03   3.64407E-04   1.40263E-03  -2.17103E-04  -1.96502E-04  -1.31946E-05
 2.15190E+03   4.69478E-04  -2.58345E-03  -2.41607E-03   6.04106E-04   1.05003E-03   1.39120E-03   1.61663E-03  -1.49833E-03  -1.96143E-03  -2.88731E-04  -3.19941E-04   1.50758E-03   2.03358E-03  -7.16759E-04  -9.33022E-04  -8.61037E-04  -1.35203E-03   1.19084E-03   1.70203E-03  -3.15269E-05   2.52381E-04  -1.01783E-03  -1.77426E-03   7.13442E-04   8.32917E-04   3.96640E-04   1.19918E-03  -8.95691E-04  -1.52938E-03   2.91043E-04  -2.34669E-04   5.70066E-04   1.63002E-03  -6.81291E-04  -7.61817E-04   1.77489E-05  -1.14961E-03   6.04605E-04   1.37672E-03  -4.88054E-04  -1.95316E-04   2.17516E-05
 2.16740E+03   4.27627E-04  -2.72469E-03  -2.36742E-03   8.20459E-04   1.07158E-03   1.39180E-03   1.53991E-03  -1.72953E-03  -1.93231E-03  -1.23606E-04  -2.51891E-04   1.63588E-03   1.95195E-03  -9.80060E-04  -9.49728E-04  -8.13214E-04  -1.25150E-03   1.43207E-03   1.64801E-03  -2.45254E-04   1.84712E-04  -1.12212E-03  -1.66933E-03   1.00319E-03   8.28120E-04   3.09499E-04   1.09443E-03  -1.13333E-03  -1.44946E-03   5.37499E-04  -1.85096E-04   6.48127E-04   1.51332E-03  -9.82222E-04  -7.28176E-04   1.37330E-04  -1.05527E-03   8.31313E-04   1.28036E-03  -7.42998E-04  -1.85093E-04   5.44618E-05
 2.18300E+03   3.59664E-04  -2.84741E-03  -2.26359E-03   9.89006E-04   1.08514E-03   1.40537E-03   1.41168E-03  -1.92244E-03  -1.86192E-03   4.08323E-06  -1.57542E-04   1.75055E-03   1.81079E-03  -1.19769E-03  -9.54581E-04  -7.81082E-04  -1.09758E-03   1.63805E-03   1.54672E-03  -4.20960E-04   9.35215E-05  -1.21549E-03  -1.50048E-03   1.24813E-03   8.05056E-04   2.39895E-04   9.36630E-04  -1.33738E-03  -1.31580E-03   7.45151E-04  -1.17290E-04   7.17212E-04   1.33014E-03  -1.23868E-03  -6.68840E-04   2.37666E-04  -9.10469E-04   1.02543E-03   1.12782E-03  -9.60120E-04  -1.67792E-04   8.20640E-05
 2.19880E+03   2.75890E-04  -2.94669E-03  -2.13122E-03   1.09690E-03   1.09787E-03   1.43522E-03   1.25356E-03  -2.06644E-03  -1.77135E-03   8.43594E-05  -4.45988E-05   1.84740E-03   1.63583E-03  -1.35711E-03  -9.56514E-04  -7.68424E-04  -9.09917E-04   1.79868E-03   1.41948E-03  -5.48477E-04  -1.54024E-05  -1.29438E-03  -1.29245E-03   1.43586E-03   7.73669E-04   1.92192E-04   7.43933E-04  -1.49822E-03  -1.14970E-03   9.03468E-04  -3.58201E-05   7.74454E-04   1.10443E-03  -1.43830E-03  -5.94356E-04   3.13651E-04  -7.32567E-04   1.17777E-03   9.39391E-04  -1.12897E-03  -1.46187E-04   1.03187E-04
 2.21470E+03   1.87104E-04  -3.02219E-03  -1.99762E-03   1.14408E-03   1.11676E-03   1.48100E-03   1.08814E-03  -2.16113E-03  -1.68213E-03   1.17266E-04   7.84979E-05   1.92589E-03   1.45382E-03  -1.45791E-03  -9.64373E-04  -7.74945E-04  -7.09291E-04   1.91326E-03   1.28833E-03  -6.27568E-04  -1.35587E-04  -1.35815E-03  -1.07115E-03   1.56560E-03   7.44035E-04   1.66287E-04   5.35602E-04  -1.61494E-03  -9.73340E-04   1.01186E-03   5.42559E-05   8.19342E-04   8.61435E-04  -1.58006E-03  -5.15670E-04   3.65048E-04  -5.39945E-04   1.28748E-03   7.36423E-04  -1.24869E-03  -1.23167E-04   1.17751E-04
 2.23070E+03   1.00599E-04  -3.07807E-03  -1.88230E-03   1.14082E-03   1.14745E-03   1.54016E-03   9.30897E-04  -2.21508E-03  -1.60990E-03   1.10917E-04   2.06736E-04   1.98925E-03   1.28329E-03  -1.51024E-03  -9.85169E-04  -7.97267E-04  -5.09292E-04   1.98963E-03   1.16878E-03  -6.66636E-04  -2.63589E-04  -1.40916E-03  -8.53887E-04   1.64717E-03   7.23658E-04   1.58261E-04   3.23875E-04  -1.69473E-03  -8.01708E-04   1.07876E-03   1.50230E-04   8.53662E-04   6.17565E-04  -1.67341E-03  -4.40275E-04   3.96031E-04  -3.44321E-04   1.36137E-03   5.32821E-04  -1.32728E-03  -1.00681E-04   1.26851E-04

