#
#--------------------------------------------------------------------------------
### 
## 
## Courbe 0
## resp__3
## Courbe 1
## resp__2
## Courbe 2
## resp__1
## Courbe 3
## resp_0
## Courbe 4
## resp_1
## Courbe 5
## resp_2
## Courbe 6
## resp_3
## Courbe 7
## resp_4
## Courbe 8
## resp_5
## Courbe 9
## resp_6
## Courbe 10
## resp_7
## Courbe 11
## resp_8
## Courbe 12
## resp_9
## Courbe 13
## resp_10
## Courbe 14
## resp_11
## Courbe 15
## resp_12
## Courbe 16
## resp_13
## Courbe 17
## resp_14
## Courbe 18
## resp_15
## Courbe 19
## resp_16
## Courbe 20
## resp_17
FREQ          DZ_0_R        DZ_0_I        DZ_1_R        DZ_1_I        DZ_2_R        DZ_2_I        DZ_3_R        DZ_3_I        DZ_4_R        DZ_4_I        DZ_5_R        DZ_5_I        DZ_6_R        DZ_6_I        DZ_7_R        DZ_7_I        DZ_8_R        DZ_8_I        DZ_9_R        DZ_9_I        DZ_10_R       DZ_10_I       DZ_11_R       DZ_11_I       DZ_12_R       DZ_12_I       DZ_13_R       DZ_13_I       DZ_14_R       DZ_14_I       DZ_15_R       DZ_15_I       DZ_16_R       DZ_16_I       DZ_17_R       DZ_17_I       DZ_18_R       DZ_18_I       DZ_19_R       DZ_19_I       DZ_20_R       DZ_20_I     
 3.54000E+01   1.10782E-05   4.71535E-03   1.36780E-05   4.32468E-03   1.53012E-05   2.99646E-03   1.59336E-05   9.52143E-04   1.56250E-05  -1.57664E-03   1.44842E-05  -4.35515E-03   1.26694E-05  -7.15439E-03   1.03741E-05  -9.76084E-03   7.81155E-06  -1.19863E-02   5.19699E-06  -1.36769E-02   2.73122E-06  -1.47211E-02   5.85399E-07  -1.50557E-02  -1.11130E-06  -1.46689E-02  -2.28038E-06  -1.36024E-02  -2.89865E-06  -1.19494E-02  -2.99866E-06  -9.85090E-03  -2.66509E-06  -7.49032E-03  -2.02786E-06  -5.08577E-03  -1.25271E-06  -2.88194E-03  -5.30705E-07  -1.14171E-03  -6.78809E-08  -1.38474E-04
 3.56000E+01   1.11252E-05   4.81359E-03   1.37224E-05   4.45431E-03   1.53293E-05   3.15170E-03   1.59319E-05   1.12580E-03   1.55814E-05  -1.39248E-03   1.43894E-05  -4.16849E-03   1.25178E-05  -6.97271E-03   1.01646E-05  -9.59063E-03   7.54792E-06  -1.18327E-02   4.88769E-06  -1.35434E-02   2.38887E-06  -1.46097E-02   2.25788E-07  -1.49665E-02  -1.47047E-06  -1.46010E-02  -2.62104E-06  -1.35535E-02  -3.20405E-06  -1.19165E-02  -3.25500E-06  -9.83070E-03  -2.86310E-06  -7.47930E-03  -2.16415E-06  -5.08075E-03  -1.33085E-06  -2.88026E-03  -5.61972E-07  -1.14144E-03  -7.17049E-08  -1.38480E-04
 3.59000E+01   1.12048E-05   4.95995E-03   1.38021E-05   4.64707E-03   1.53886E-05   3.38203E-03   1.59501E-05   1.38278E-03   1.55395E-05  -1.12082E-03   1.42724E-05  -3.89418E-03   1.23163E-05  -6.70696E-03   9.87611E-06  -9.34306E-03   7.17708E-06  -1.16108E-02   4.44644E-06  -1.33523E-02   1.89554E-06  -1.44518E-02  -2.96271E-07  -1.48421E-02  -1.99487E-06  -1.45080E-02  -3.12067E-06  -1.34883E-02  -3.65357E-06  -1.18743E-02  -3.63341E-06  -9.80612E-03  -3.15611E-06  -7.46711E-03  -2.36623E-06  -5.07615E-03  -1.44690E-06  -2.87941E-03  -6.08464E-07  -1.14168E-03  -7.73972E-08  -1.38569E-04
 3.61000E+01   1.12637E-05   5.05695E-03   1.38638E-05   4.77459E-03   1.54392E-05   3.53408E-03   1.59754E-05   1.55199E-03   1.55264E-05  -9.42510E-04   1.42104E-05  -3.71482E-03   1.21984E-05  -6.53400E-03   9.69990E-06  -9.18285E-03   6.94514E-06  -1.14682E-02   4.16624E-06  -1.32306E-02   1.57897E-06  -1.43525E-02  -6.33869E-07  -1.47650E-02  -2.33598E-06  -1.44516E-02  -3.44714E-06  -1.34500E-02  -3.94837E-06  -1.18506E-02  -3.88230E-06  -9.79343E-03  -3.34928E-06  -7.46178E-03  -2.49971E-06  -5.07499E-03  -1.52367E-06  -2.87991E-03  -6.39262E-07  -1.14227E-03  -8.11720E-08  -1.38680E-04
 3.64000E+01   1.13605E-05   5.20172E-03   1.39685E-05   4.96461E-03   1.55310E-05   3.76018E-03   1.60324E-05   1.80296E-03   1.55282E-05  -6.78832E-04   1.41400E-05  -3.45058E-03   1.20446E-05  -6.28038E-03   9.45817E-06  -8.94931E-03   6.61845E-06  -1.12619E-02   3.76512E-06  -1.30562E-02   1.12077E-06  -1.42120E-02  -1.12638E-06  -1.46579E-02  -2.83656E-06  -1.43752E-02  -3.92845E-06  -1.33999E-02  -4.38454E-06  -1.18216E-02  -4.25160E-06  -9.77976E-03  -3.63658E-06  -7.45786E-03  -2.69861E-06  -5.07601E-03  -1.63825E-06  -2.88224E-03  -6.85284E-07  -1.14377E-03  -8.68187E-08  -1.38921E-04
 3.66000E+01   1.14306E-05   5.29783E-03   1.40464E-05   5.09056E-03   1.56026E-05   3.90975E-03   1.60827E-05   1.96859E-03   1.55431E-05  -5.05345E-04   1.41077E-05  -3.27738E-03   1.19568E-05  -6.11491E-03   9.31126E-06  -8.79785E-03   6.41389E-06  -1.11292E-02   3.50952E-06  -1.29451E-02   8.25421E-07  -1.41237E-02  -1.44643E-06  -1.45918E-02  -3.16381E-06  -1.43294E-02  -4.24455E-06  -1.33713E-02  -4.67203E-06  -1.18065E-02  -4.49572E-06  -9.77412E-03  -3.82692E-06  -7.45789E-03  -2.83063E-06  -5.07849E-03  -1.71441E-06  -2.88481E-03  -7.15915E-07  -1.14518E-03  -9.05808E-08  -1.39131E-04
 3.69000E+01   1.15438E-05   5.44153E-03   1.41748E-05   5.27860E-03   1.57249E-05   4.13263E-03   1.61759E-05   2.21483E-03   1.55852E-05  -2.48193E-04   1.40800E-05  -3.02160E-03   1.18460E-05  -5.87171E-03   9.11095E-06  -8.57658E-03   6.12550E-06  -1.09368E-02   3.14237E-06  -1.27858E-02   3.96058E-07  -1.39990E-02  -1.91558E-06  -1.45005E-02  -3.64643E-06  -1.42683E-02  -4.71285E-06  -1.33355E-02  -5.09947E-06  -1.17900E-02  -4.85968E-06  -9.77072E-03  -4.11135E-06  -7.46180E-03  -3.02827E-06  -5.08483E-03  -1.82861E-06  -2.89016E-03  -7.61895E-07  -1.14788E-03  -9.62337E-08  -1.39519E-04
 3.72000E+01   1.16665E-05   5.58481E-03   1.43170E-05   5.46578E-03   1.58648E-05   4.35404E-03   1.62899E-05   2.45876E-03   1.56502E-05   5.67576E-06   1.40763E-05  -2.77019E-03   1.17591E-05  -5.63403E-03   8.93335E-06  -8.36193E-03   5.85773E-06  -1.07520E-02   2.79307E-06  -1.26349E-02  -1.86080E-08  -1.38831E-02  -2.37330E-06  -1.44182E-02  -4.12075E-06  -1.42159E-02  -5.17564E-06  -1.33077E-02  -5.52366E-06  -1.17806E-02  -5.22208E-06  -9.77323E-03  -4.39531E-06  -7.47023E-03  -3.22600E-06  -5.09426E-03  -1.94305E-06  -2.89727E-03  -8.08039E-07  -1.15128E-03  -1.01913E-07  -1.39992E-04
 3.74000E+01   1.17536E-05   5.68019E-03   1.44193E-05   5.59022E-03   1.59677E-05   4.50097E-03   1.63771E-05   2.62029E-03   1.57060E-05   1.73317E-04   1.40867E-05  -2.60479E-03   1.17138E-05  -5.47839E-03   8.82687E-06  -8.22225E-03   5.68990E-06  -1.06327E-02   2.56929E-06  -1.25386E-02  -2.87755E-07  -1.38105E-02  -2.67298E-06  -1.43681E-02  -4.43320E-06  -1.41856E-02  -5.48188E-06  -1.32935E-02  -5.80533E-06  -1.17782E-02  -5.46338E-06  -9.77810E-03  -4.58478E-06  -7.47830E-03  -3.35816E-06  -5.10223E-03  -2.01965E-06  -2.90297E-03  -8.38960E-07  -1.15394E-03  -1.05723E-07  -1.40353E-04
 3.77000E+01   1.18919E-05   5.82313E-03   1.45838E-05   5.77651E-03   1.61361E-05   4.72060E-03   1.65245E-05   2.86123E-03   1.58076E-05   4.22680E-04   1.41209E-05  -2.35962E-03   1.16641E-05  -5.24879E-03   8.68414E-06  -8.01750E-03   5.45314E-06  -1.04595E-02   2.24612E-06  -1.24006E-02  -6.81732E-07  -1.37083E-02  -3.11550E-06  -1.42998E-02  -4.89742E-06  -1.41470E-02  -5.93892E-06  -1.32786E-02  -6.22713E-06  -1.17802E-02  -5.82567E-06  -9.79013E-03  -4.86987E-06  -7.49402E-03  -3.55735E-06  -5.11665E-03  -2.13525E-06  -2.91293E-03  -8.85674E-07  -1.15848E-03  -1.11483E-07  -1.40965E-04
 3.80000E+01   1.20395E-05   5.96608E-03   1.47615E-05   5.96256E-03   1.63213E-05   4.93955E-03   1.66914E-05   3.10085E-03   1.59305E-05   6.69879E-04   1.41768E-05  -2.11762E-03   1.16356E-05  -5.02343E-03   8.56082E-06  -7.81808E-03   5.23323E-06  -1.02926E-02   1.93668E-06  -1.22697E-02  -1.06535E-06  -1.36139E-02  -3.55100E-06  -1.42396E-02  -5.35763E-06  -1.41162E-02  -6.39442E-06  -1.32711E-02  -6.64920E-06  -1.17888E-02  -6.18932E-06  -9.80769E-03  -5.15671E-06  -7.51402E-03  -3.75815E-06  -5.13401E-03  -2.25196E-06  -2.92457E-03  -9.32900E-07  -1.16369E-03  -1.17312E-07  -1.41658E-04
 3.83000E+01   1.21963E-05   6.10917E-03   1.49524E-05   6.14859E-03   1.65230E-05   5.15811E-03   1.68776E-05   3.33947E-03   1.60743E-05   9.15295E-04   1.42540E-05  -1.87837E-03   1.16274E-05  -4.80190E-03   8.45595E-06  -7.62358E-03   5.02905E-06  -1.01316E-02   1.63968E-06  -1.21455E-02  -1.44001E-06  -1.35269E-02  -3.98092E-06  -1.41870E-02  -5.81526E-06  -1.40932E-02  -6.84973E-06  -1.32709E-02  -7.07275E-06  -1.18040E-02  -6.55534E-06  -9.83069E-03  -5.44609E-06  -7.53821E-03  -3.96111E-06  -5.15426E-03  -2.37011E-06  -2.93786E-03  -9.80761E-07  -1.16956E-03  -1.23225E-07  -1.42433E-04
 3.85000E+01   1.23060E-05   6.20472E-03   1.50870E-05   6.27269E-03   1.66668E-05   5.30372E-03   1.70123E-05   3.49817E-03   1.61815E-05   1.07809E-03   1.43170E-05  -1.72020E-03   1.16329E-05  -4.65613E-03   8.39587E-06  -7.49644E-03   4.90115E-06  -1.00274E-02   1.44801E-06  -1.20664E-02  -1.68546E-06  -1.34729E-02  -4.26512E-06  -1.41562E-02  -6.11959E-06  -1.40820E-02  -7.15382E-06  -1.32747E-02  -7.35652E-06  -1.18176E-02  -6.80115E-06  -9.84900E-03  -5.64081E-06  -7.55664E-03  -4.09787E-06  -5.16935E-03  -2.44982E-06  -2.94764E-03  -1.01308E-06  -1.17384E-03  -1.27221E-07  -1.42994E-04
 3.88000E+01   1.24783E-05   6.34836E-03   1.52998E-05   6.45912E-03   1.68961E-05   5.52220E-03   1.72303E-05   3.73586E-03   1.63593E-05   1.32134E-03   1.44285E-05  -1.48466E-03   1.16573E-05  -4.44007E-03   8.31994E-06  -7.30925E-03   4.72094E-06  -9.87546E-03   1.16919E-06  -1.19529E-02  -2.04803E-06  -1.33976E-02  -4.68874E-06  -1.41160E-02  -6.57593E-06  -1.40712E-02  -7.61170E-06  -1.32863E-02  -7.78512E-06  -1.18433E-02  -7.17329E-06  -9.88090E-03  -5.93612E-06  -7.58772E-03  -4.30560E-06  -5.19435E-03  -2.57102E-06  -2.96366E-03  -1.06227E-06  -1.18081E-03  -1.33308E-07  -1.43902E-04
 3.91000E+01   1.26599E-05   6.49252E-03   1.55258E-05   6.64606E-03   1.71421E-05   5.74097E-03   1.74672E-05   3.97339E-03   1.65574E-05   1.56373E-03   1.45601E-05  -1.25088E-03   1.17005E-05  -4.22681E-03   8.26048E-06  -7.12598E-03   4.55397E-06  -9.72854E-03   8.99877E-07  -1.18453E-02  -2.40492E-06  -1.33289E-02  -5.11027E-06  -1.40828E-02  -7.03320E-06  -1.40677E-02  -8.07277E-06  -1.33047E-02  -8.21824E-06  -1.18752E-02  -7.55037E-06  -9.91805E-03  -6.23599E-06  -7.62289E-03  -4.51687E-06  -5.22218E-03  -2.69446E-06  -2.98132E-03  -1.11242E-06  -1.18844E-03  -1.39518E-07  -1.44891E-04
 3.94000E+01   1.28511E-05   6.63731E-03   1.57653E-05   6.83369E-03   1.74048E-05   5.96028E-03   1.77233E-05   4.21106E-03   1.67757E-05   1.80560E-03   1.47119E-05  -1.01850E-03   1.17623E-05  -4.01600E-03   8.21693E-06  -6.94628E-03   4.39946E-06  -9.58631E-03   6.39130E-07  -1.17434E-02  -2.75723E-06  -1.32668E-02  -5.53090E-06  -1.40566E-02  -7.49265E-06  -1.40712E-02  -8.53822E-06  -1.33298E-02  -8.65699E-06  -1.19133E-02  -7.93335E-06  -9.96041E-03  -6.54115E-06  -7.66212E-03  -4.73221E-06  -5.25284E-03  -2.82042E-06  -3.00061E-03  -1.16365E-06  -1.19672E-03  -1.45868E-07  -1.45961E-04
 3.97000E+01   1.30519E-05   6.78289E-03   1.60183E-05   7.02221E-03   1.76845E-05   6.18038E-03   1.79987E-05   4.44916E-03   1.70143E-05   2.04727E-03   1.48835E-05  -7.87184E-04   1.18423E-05  -3.80730E-03   8.18882E-06  -6.76983E-03   4.25675E-06  -9.44847E-03   3.86075E-07  -1.16469E-02  -3.10600E-06  -1.32108E-02  -5.95179E-06  -1.40372E-02  -7.95547E-06  -1.40816E-02  -9.00924E-06  -1.33617E-02  -9.10246E-06  -1.19574E-02  -8.32316E-06  -1.00080E-02  -6.85235E-06  -7.70543E-03  -4.95213E-06  -5.28632E-03  -2.94922E-06  -3.02153E-03  -1.21608E-06  -1.20565E-03  -1.52371E-07  -1.47111E-04
 4.00000E+01   1.32627E-05   6.92936E-03   1.62853E-05   7.21181E-03   1.79813E-05   6.40149E-03   1.82936E-05   4.68795E-03   1.72734E-05   2.28905E-03   1.50752E-05  -5.56616E-04   1.19404E-05  -3.60040E-03   8.17579E-06  -6.59634E-03   4.12524E-06  -9.31476E-03   1.39900E-07  -1.15557E-02  -3.45221E-06  -1.31609E-02  -6.37406E-06  -1.40243E-02  -8.42285E-06  -1.40988E-02  -9.48701E-06  -1.34002E-02  -9.55575E-06  -1.20077E-02  -8.72074E-06  -1.00607E-02  -7.17032E-06  -7.75280E-03  -5.17716E-06  -5.32263E-03  -3.08116E-06  -3.04409E-03  -1.26983E-06  -1.21525E-03  -1.59043E-07  -1.48343E-04
 4.02000E+01   1.34088E-05   7.02758E-03   1.64711E-05   7.33889E-03   1.81890E-05   6.54959E-03   1.85011E-05   4.84768E-03   1.74576E-05   2.45044E-03   1.52141E-05  -4.03161E-04   1.20159E-05  -3.46331E-03   8.17532E-06  -6.48218E-03   4.04351E-06  -9.22778E-03  -2.07723E-08  -1.14976E-02  -3.68207E-06  -1.31309E-02  -6.65687E-06  -1.40194E-02  -8.73754E-06  -1.41140E-02  -9.80985E-06  -1.34295E-02  -9.86282E-06  -1.20446E-02  -8.99058E-06  -1.00988E-02  -7.38645E-06  -7.78664E-03  -5.33029E-06  -5.34843E-03  -3.17101E-06  -3.06005E-03  -1.30647E-06  -1.22202E-03  -1.63593E-07  -1.49210E-04
 4.05000E+01   1.36365E-05   7.17584E-03   1.67619E-05   7.53068E-03   1.85154E-05   6.77294E-03   1.88293E-05   5.08827E-03   1.77514E-05   2.69307E-03   1.54393E-05  -1.73139E-04   1.21440E-05  -3.25872E-03   8.18677E-06  -6.31298E-03   3.92950E-06  -9.10038E-03  -2.57145E-07  -1.14145E-02  -4.02613E-06  -1.30908E-02  -7.08386E-06  -1.40173E-02  -9.21512E-06  -1.41425E-02  -1.03015E-05  -1.34790E-02  -1.03316E-05  -1.21049E-02  -9.40325E-06  -1.01602E-02  -7.71742E-06  -7.84083E-03  -5.56503E-06  -5.38951E-03  -3.30888E-06  -3.08538E-03  -1.36272E-06  -1.23274E-03  -1.70582E-07  -1.50580E-04
 4.08000E+01   1.38749E-05   7.32536E-03   1.70675E-05   7.72403E-03   1.88601E-05   6.99793E-03   1.91780E-05   5.33029E-03   1.80665E-05   2.93661E-03   1.56849E-05   5.69633E-05   1.22902E-05  -3.05512E-03   8.21265E-06  -6.14600E-03   3.82539E-06  -8.97645E-03  -4.88562E-07  -1.13360E-02  -4.37012E-06  -1.30563E-02  -7.51511E-06  -1.40216E-02  -9.70038E-06  -1.41775E-02  -1.08030E-05  -1.35351E-02  -1.08111E-05  -1.21713E-02  -9.82628E-06  -1.02269E-02  -8.05724E-06  -7.89916E-03  -5.80634E-06  -5.43348E-03  -3.45074E-06  -3.11239E-03  -1.42064E-06  -1.24414E-03  -1.77784E-07  -1.52034E-04
 4.11000E+01   1.41243E-05   7.47625E-03   1.73884E-05   7.91914E-03   1.92236E-05   7.22481E-03   1.95477E-05   5.57403E-03   1.84033E-05   3.18135E-03   1.59514E-05   2.87443E-04   1.24547E-05  -2.85222E-03   8.25285E-06  -5.98097E-03   3.73081E-06  -8.85579E-03  -7.15667E-07  -1.12621E-02  -4.71491E-06  -1.30273E-02  -7.95169E-06  -1.40321E-02  -1.01945E-05  -1.42193E-02  -1.13156E-05  -1.35977E-02  -1.13026E-05  -1.22439E-02  -1.02607E-05  -1.02989E-02  -8.40670E-06  -7.96166E-03  -6.05479E-06  -5.48039E-03  -3.59693E-06  -3.14111E-03  -1.48037E-06  -1.25623E-03  -1.85214E-07  -1.53574E-04
 4.14000E+01   1.43850E-05   7.62865E-03   1.77251E-05   8.11618E-03   1.96065E-05   7.45381E-03   1.99392E-05   5.81975E-03   1.87625E-05   3.42759E-03   1.62390E-05   5.18597E-04   1.26375E-05  -2.64975E-03   8.30734E-06  -5.81764E-03   3.64543E-06  -8.73818E-03  -9.39077E-07  -1.11925E-02  -5.06138E-06  -1.30037E-02  -8.39468E-06  -1.40489E-02  -1.06987E-05  -1.42676E-02  -1.18406E-05  -1.36669E-02  -1.18071E-05  -1.23226E-02  -1.07075E-05  -1.03762E-02  -8.76666E-06  -8.02840E-03  -6.31097E-06  -5.53027E-03  -3.74780E-06  -3.17156E-03  -1.54205E-06  -1.26903E-03  -1.92893E-07  -1.55201E-04
 4.17000E+01   1.46574E-05   7.78269E-03   1.80782E-05   8.31535E-03   2.00096E-05   7.68517E-03   2.03531E-05   6.06772E-03   1.91447E-05   3.67562E-03   1.65483E-05   7.50719E-04   1.28391E-05  -2.44742E-03   8.37612E-06  -5.65578E-03   3.56896E-06  -8.62342E-03  -1.15938E-06  -1.11270E-02  -5.41038E-06  -1.29855E-02  -8.84516E-06  -1.40718E-02  -1.12141E-05  -1.43226E-02  -1.23791E-05  -1.37428E-02  -1.23260E-05  -1.24076E-02  -1.11678E-05  -1.04589E-02  -9.13799E-06  -8.09944E-03  -6.57552E-06  -5.58318E-03  -3.90372E-06  -3.20379E-03  -1.60584E-06  -1.28254E-03  -2.00837E-07  -1.56916E-04
 4.20000E+01   1.49421E-05   7.93851E-03   1.84483E-05   8.51683E-03   2.04335E-05   7.91913E-03   2.07902E-05   6.31823E-03   1.95505E-05   3.92573E-03   1.68800E-05   9.84103E-04   1.30598E-05  -2.24497E-03   8.45928E-06  -5.49515E-03   3.50117E-06  -8.51133E-03  -1.37713E-06  -1.10657E-02  -5.76280E-06  -1.29725E-02  -9.30423E-06  -1.41010E-02  -1.17421E-05  -1.43843E-02  -1.29326E-05  -1.38255E-02  -1.28605E-05  -1.24988E-02  -1.16427E-05  -1.05471E-02  -9.52159E-06  -8.17485E-03  -6.84908E-06  -5.63918E-03  -4.06507E-06  -3.23782E-03  -1.67190E-06  -1.29679E-03  -2.09067E-07  -1.58723E-04
 4.23000E+01   1.52396E-05   8.09624E-03   1.88361E-05   8.72084E-03   2.08791E-05   8.15594E-03   2.12514E-05   6.57156E-03   1.99810E-05   4.17822E-03   1.72346E-05   1.21904E-03   1.33000E-05  -2.04212E-03   8.55698E-06  -5.33551E-03   3.44187E-06  -8.40174E-03  -1.59288E-06  -1.10083E-02  -6.11947E-06  -1.29648E-02  -9.77302E-06  -1.41362E-02  -1.22840E-05  -1.44526E-02  -1.35023E-05  -1.39149E-02  -1.34119E-05  -1.25965E-02  -1.21335E-05  -1.06409E-02  -9.91842E-06  -8.25473E-03  -7.13233E-06  -5.69834E-03  -4.23226E-06  -3.27369E-03  -1.74038E-06  -1.31179E-03  -2.17603E-07  -1.60623E-04
 4.26000E+01   1.55505E-05   8.25604E-03   1.92425E-05   8.92756E-03   2.13473E-05   8.39584E-03   2.17376E-05   6.82799E-03   2.04369E-05   4.43340E-03   1.76130E-05   1.45583E-03   1.35603E-05  -1.83861E-03   8.66943E-06  -5.17664E-03   3.39089E-06  -8.29446E-03  -1.80717E-06  -1.09547E-02  -6.48129E-06  -1.29622E-02  -1.02527E-05  -1.41777E-02  -1.28410E-05  -1.45278E-02  -1.40898E-05  -1.40112E-02  -1.39815E-05  -1.27007E-02  -1.26412E-05  -1.07404E-02  -1.03295E-05  -8.33917E-03  -7.42599E-06  -5.76072E-03  -4.40572E-06  -3.31146E-03  -1.81146E-06  -1.32756E-03  -2.26467E-07  -1.62619E-04
 4.29000E+01   1.58753E-05   8.41805E-03   1.96682E-05   9.13721E-03   2.18391E-05   8.63910E-03   2.22500E-05   7.08782E-03   2.09193E-05   4.69156E-03   1.80161E-05   1.69478E-03   1.38412E-05  -1.63416E-03   8.79690E-06  -5.01832E-03   3.34812E-06  -8.18934E-03  -2.02049E-06  -1.09049E-02  -6.84914E-06  -1.29648E-02  -1.07444E-05  -1.42254E-02  -1.34146E-05  -1.46097E-02  -1.46965E-05  -1.41145E-02  -1.45710E-05  -1.28115E-02  -1.31673E-05  -1.08457E-02  -1.07559E-05  -8.42829E-03  -7.73083E-06  -5.82641E-03  -4.58588E-06  -3.35117E-03  -1.88533E-06  -1.34413E-03  -2.35683E-07  -1.64713E-04
 4.32000E+01   1.62147E-05   8.58242E-03   2.01141E-05   9.34999E-03   2.23557E-05   8.88599E-03   2.27898E-05   7.35134E-03   2.14294E-05   4.95304E-03   1.84448E-05   1.93618E-03   1.41436E-05  -1.42850E-03   8.93973E-06  -4.86032E-03   3.31349E-06  -8.08622E-03  -2.23338E-06  -1.08587E-02  -7.22393E-06  -1.29725E-02  -1.12494E-05  -1.42793E-02  -1.40062E-05  -1.46987E-02  -1.53239E-05  -1.42249E-02  -1.51817E-05  -1.29291E-02  -1.37131E-05  -1.09571E-02  -1.11986E-05  -8.52220E-03  -8.04765E-06  -5.89551E-03  -4.77325E-06  -3.39289E-03  -1.96219E-06  -1.36151E-03  -2.45275E-07  -1.66909E-04
 4.36000E+01   1.66914E-05   8.80553E-03   2.07421E-05   9.63898E-03   2.30850E-05   9.22128E-03   2.35542E-05   7.70899E-03   2.21549E-05   5.30737E-03   1.90583E-05   2.26241E-03   1.45815E-05  -1.15192E-03   9.15479E-06  -4.64977E-03   3.27991E-06  -7.95157E-03  -2.51740E-06  -1.08026E-02  -7.73607E-06  -1.29907E-02  -1.19457E-05  -1.43611E-02  -1.48257E-05  -1.48283E-02  -1.61956E-05  -1.43835E-02  -1.60319E-05  -1.30968E-02  -1.44741E-05  -1.11151E-02  -1.18166E-05  -8.65511E-03  -8.49022E-06  -5.99311E-03  -5.03514E-06  -3.45172E-03  -2.06968E-06  -1.38600E-03  -2.58695E-07  -1.70000E-04
 4.39000E+01   1.70680E-05   8.97604E-03   2.12395E-05   9.85998E-03   2.36643E-05   9.47770E-03   2.41630E-05   7.98236E-03   2.27347E-05   5.57783E-03   1.95513E-05   2.51076E-03   1.49371E-05  -9.42355E-04   9.33518E-06  -4.49166E-03   3.26417E-06  -7.85252E-03  -2.73120E-06  -1.07647E-02  -8.13075E-06  -1.30103E-02  -1.24868E-05  -1.44299E-02  -1.54656E-05  -1.49339E-02  -1.68780E-05  -1.45112E-02  -1.66988E-05  -1.32309E-02  -1.50718E-05  -1.12410E-02  -1.23025E-05  -8.76076E-03  -8.83843E-06  -6.07055E-03  -5.24132E-06  -3.49835E-03  -2.15434E-06  -1.40539E-03  -2.69269E-07  -1.72445E-04
 4.42000E+01   1.74620E-05   9.14946E-03   2.17609E-05   1.00849E-02   2.42727E-05   9.73870E-03   2.48040E-05   8.26049E-03   2.33470E-05   5.85270E-03   2.00741E-05   2.76263E-03   1.53171E-05  -7.30643E-04   9.53258E-06  -4.33313E-03   3.25657E-06  -7.75497E-03  -2.94625E-06  -1.07301E-02  -8.53564E-06  -1.30351E-02  -1.30459E-05  -1.45052E-02  -1.61290E-05  -1.50470E-02  -1.75871E-05  -1.46466E-02  -1.73927E-05  -1.33725E-02  -1.56945E-05  -1.13735E-02  -1.28091E-05  -8.87172E-03  -9.20173E-06  -6.15178E-03  -5.45654E-06  -3.54720E-03  -2.24275E-06  -1.42569E-03  -2.80315E-07  -1.75005E-04
 4.45000E+01   1.78744E-05   9.32598E-03   2.23078E-05   1.03140E-02   2.49120E-05   1.00046E-02   2.54789E-05   8.54375E-03   2.39933E-05   6.13235E-03   2.06281E-05   3.01837E-03   1.57228E-05  -5.16490E-04   9.74764E-06  -4.17396E-03   3.25720E-06  -7.65879E-03  -3.16304E-06  -1.06990E-02  -8.95179E-06  -1.30651E-02  -1.36244E-05  -1.45872E-02  -1.68177E-05  -1.51676E-02  -1.83249E-05  -1.47899E-02  -1.81158E-05  -1.35217E-02  -1.63439E-05  -1.15128E-02  -1.33379E-05  -8.98815E-03  -9.58116E-06  -6.23691E-03  -5.68143E-06  -3.59837E-03  -2.33516E-06  -1.44694E-03  -2.91864E-07  -1.77682E-04
 4.48000E+01   1.83062E-05   9.50579E-03   2.28814E-05   1.05475E-02   2.55839E-05   1.02757E-02   2.61897E-05   8.83249E-03   2.46757E-05   6.41716E-03   2.12151E-05   3.27832E-03   1.61553E-05  -2.99593E-04   9.98109E-06  -4.01392E-03   3.26617E-06  -7.56383E-03  -3.38210E-06  -1.06712E-02  -9.38035E-06  -1.31004E-02  -1.42238E-05  -1.46760E-02  -1.75338E-05  -1.52961E-02  -1.90935E-05  -1.49414E-02  -1.88701E-05  -1.36788E-02  -1.70221E-05  -1.16591E-02  -1.38905E-05  -9.11027E-03  -9.97789E-06  -6.32610E-03  -5.91666E-06  -3.65192E-03  -2.43186E-06  -1.46916E-03  -3.03952E-07  -1.80481E-04
 4.52000E+01   1.89142E-05   9.75099E-03   2.36908E-05   1.08662E-02   2.65338E-05   1.06459E-02   2.71968E-05   9.22667E-03   2.56452E-05   6.80558E-03   2.20522E-05   3.63211E-03   1.67763E-05  -5.58916E-06   1.03224E-05  -3.79877E-03   3.29141E-06  -7.43888E-03  -3.67865E-06  -1.06392E-02  -9.97311E-06  -1.31557E-02  -1.50589E-05  -1.48052E-02  -1.85349E-05  -1.54798E-02  -2.01703E-05  -1.51566E-02  -1.99285E-05  -1.39010E-02  -1.79746E-05  -1.18655E-02  -1.46672E-05  -9.28230E-03  -1.05359E-05  -6.45160E-03  -6.24770E-06  -3.72722E-03  -2.56799E-06  -1.50040E-03  -3.20974E-07  -1.84412E-04
 4.55000E+01   1.93960E-05   9.93927E-03   2.43336E-05   1.11112E-02   2.72896E-05   1.09305E-02   2.79997E-05   9.52972E-03   2.64199E-05   7.10395E-03   2.27235E-05   3.90334E-03   1.72773E-05   2.18941E-04   1.06022E-05  -3.63578E-03   3.32056E-06  -7.34625E-03  -3.90513E-06  -1.06191E-02  -1.04353E-05  -1.32035E-02  -1.57145E-05  -1.49104E-02  -1.93234E-05  -1.56273E-02  -2.10202E-05  -1.53282E-02  -2.07650E-05  -1.40776E-02  -1.87282E-05  -1.20292E-02  -1.52822E-05  -9.41853E-03  -1.09780E-05  -6.55089E-03  -6.51006E-06  -3.78675E-03  -2.67592E-06  -1.52507E-03  -3.34473E-07  -1.87517E-04
 4.58000E+01   1.99016E-05   1.01315E-02   2.50090E-05   1.13615E-02   2.80851E-05   1.12216E-02   2.88462E-05   9.83960E-03   2.72383E-05   7.40884E-03   2.34345E-05   4.18007E-03   1.78103E-05   4.47302E-04   1.09036E-05  -3.47112E-03   3.35875E-06  -7.25439E-03  -4.13573E-06  -1.06022E-02  -1.09142E-05  -1.32568E-02  -1.63973E-05  -1.50231E-02  -2.01470E-05  -1.57835E-02  -2.19094E-05  -1.55089E-02  -2.16411E-05  -1.42631E-02  -1.95181E-05  -1.22009E-02  -1.59272E-05  -9.56124E-03  -1.14418E-05  -6.65481E-03  -6.78546E-06  -3.84902E-03  -2.78924E-06  -1.55087E-03  -3.48651E-07  -1.90763E-04
 4.61000E+01   2.04324E-05   1.03281E-02   2.57194E-05   1.16177E-02   2.89230E-05   1.15195E-02   2.97390E-05   1.01568E-02   2.81031E-05   7.72071E-03   2.41876E-05   4.46272E-03   1.83775E-05   6.79847E-04   1.12276E-05  -3.30454E-03   3.40630E-06  -7.16317E-03  -4.37107E-06  -1.05885E-02  -1.14113E-05  -1.33158E-02  -1.71097E-05  -1.51433E-02  -2.10084E-05  -1.59485E-02  -2.28408E-05  -1.56992E-02  -2.25598E-05  -1.44579E-02  -2.03470E-05  -1.23809E-02  -1.66045E-05  -9.71068E-03  -1.19291E-05  -6.76357E-03  -7.07485E-06  -3.91415E-03  -2.90835E-06  -1.57785E-03  -3.63557E-07  -1.94155E-04
 4.65000E+01   2.11825E-05   1.05971E-02   2.67247E-05   1.19688E-02   3.01107E-05   1.19281E-02   3.10069E-05   1.05918E-02   2.93337E-05   8.14824E-03   2.52622E-05   4.84959E-03   1.91903E-05   9.97064E-04   1.16973E-05  -3.07898E-03   3.48487E-06  -7.04230E-03  -4.69333E-06  -1.05754E-02  -1.21049E-05  -1.34035E-02  -1.81096E-05  -1.53159E-02  -2.22208E-05  -1.61831E-02  -2.41541E-05  -1.59682E-02  -2.38566E-05  -1.47327E-02  -2.15181E-05  -1.26344E-02  -1.75619E-05  -9.92096E-03  -1.26182E-05  -6.91648E-03  -7.48430E-06  -4.00568E-03  -3.07693E-06  -1.61575E-03  -3.84656E-07  -1.98919E-04
 4.68000E+01   2.17791E-05   1.08046E-02   2.75258E-05   1.22398E-02   3.10585E-05   1.22437E-02   3.20204E-05   1.09279E-02   3.03190E-05   8.47833E-03   2.61248E-05   5.14785E-03   1.98454E-05   1.24086E-03   1.20797E-05  -2.90685E-03   3.55572E-06  -6.95203E-03  -4.94226E-06  -1.05694E-02  -1.26506E-05  -1.34763E-02  -1.89004E-05  -1.54549E-02  -2.31823E-05  -1.63703E-02  -2.51971E-05  -1.61822E-02  -2.48876E-05  -1.49506E-02  -2.24499E-05  -1.28352E-02  -1.83242E-05  -1.00874E-02  -1.31672E-05  -7.03740E-03  -7.81054E-06  -4.07803E-03  -3.21129E-06  -1.64569E-03  -4.01477E-07  -2.02683E-04
 4.71000E+01   2.24072E-05   1.10171E-02   2.83703E-05   1.25178E-02   3.20591E-05   1.25677E-02   3.30915E-05   1.12729E-02   3.13620E-05   8.81714E-03   2.70397E-05   5.45363E-03   2.05425E-05   1.49015E-03   1.24897E-05  -2.73188E-03   3.63732E-06  -6.86195E-03  -5.19820E-06  -1.05666E-02  -1.32201E-05  -1.35552E-02  -1.97293E-05  -1.56025E-02  -2.41922E-05  -1.65678E-02  -2.62942E-05  -1.64070E-02  -2.59731E-05  -1.51793E-02  -2.34315E-05  -1.30457E-02  -1.91276E-05  -1.02616E-02  -1.37459E-05  -7.16396E-03  -8.15461E-06  -4.15372E-03  -3.35302E-06  -1.67701E-03  -4.19223E-07  -2.06618E-04
 4.75000E+01   2.32976E-05   1.13092E-02   2.95694E-05   1.29002E-02   3.34817E-05   1.30136E-02   3.46167E-05   1.17480E-02   3.28496E-05   9.28346E-03   2.83472E-05   5.87397E-03   2.15422E-05   1.83188E-03   1.30825E-05  -2.49360E-03   3.76379E-06  -6.74187E-03  -5.55172E-06  -1.05682E-02  -1.40202E-05  -1.36704E-02  -2.08994E-05  -1.58131E-02  -2.56211E-05  -1.68476E-02  -2.78486E-05  -1.67246E-02  -2.75124E-05  -1.55017E-02  -2.48246E-05  -1.33420E-02  -2.02682E-05  -1.05068E-02  -1.45680E-05  -7.34198E-03  -8.64348E-06  -4.26015E-03  -3.55445E-06  -1.72104E-03  -4.44450E-07  -2.12148E-04
 4.78000E+01   2.40084E-05   1.15350E-02   3.05280E-05   1.31963E-02   3.46205E-05   1.33593E-02   3.58393E-05   1.21164E-02   3.40438E-05   9.64495E-03   2.93990E-05   6.19946E-03   2.23489E-05   2.09580E-03   1.35644E-05  -2.31075E-03   3.87273E-06  -6.65164E-03  -5.82715E-06  -1.05732E-02  -1.46537E-05  -1.37645E-02  -2.18300E-05  -1.59820E-02  -2.67600E-05  -1.70705E-02  -2.90891E-05  -1.69769E-02  -2.87421E-05  -1.57574E-02  -2.59381E-05  -1.35768E-02  -2.11804E-05  -1.07010E-02  -1.52256E-05  -7.48285E-03  -9.03471E-06  -4.34434E-03  -3.71568E-06  -1.75586E-03  -4.64647E-07  -2.16521E-04
 4.82000E+01   2.50189E-05   1.18461E-02   3.18926E-05   1.36047E-02   3.62437E-05   1.38363E-02   3.75842E-05   1.26250E-02   3.57505E-05   1.01439E-02   3.09049E-05   6.64829E-03   2.35072E-05   2.45881E-03   1.42609E-05  -2.06075E-03   4.03813E-06  -6.53082E-03  -6.20988E-06  -1.05854E-02  -1.55477E-05  -1.39008E-02  -2.31488E-05  -1.62225E-02  -2.83773E-05  -1.73863E-02  -3.08529E-05  -1.73333E-02  -3.04918E-05  -1.61180E-02  -2.75235E-05  -1.39076E-02  -2.24799E-05  -1.09744E-02  -1.61628E-05  -7.68114E-03  -9.59236E-06  -4.46281E-03  -3.94555E-06  -1.80484E-03  -4.93445E-07  -2.22672E-04
 4.85000E+01   2.58279E-05   1.20873E-02   3.29865E-05   1.39218E-02   3.75466E-05   1.42071E-02   3.89864E-05   1.30204E-02   3.71239E-05   1.05319E-02   3.21187E-05   6.99692E-03   2.44433E-05   2.74014E-03   1.48272E-05  -1.86811E-03   4.17836E-06  -6.43962E-03  -6.50986E-06  -1.05985E-02  -1.62588E-05  -1.40115E-02  -2.42018E-05  -1.64150E-02  -2.96712E-05  -1.76377E-02  -3.22655E-05  -1.76164E-02  -3.18944E-05  -1.64041E-02  -2.87950E-05  -1.41699E-02  -2.35225E-05  -1.11910E-02  -1.69150E-05  -7.83818E-03  -1.00401E-05  -4.55661E-03  -4.13014E-06  -1.84362E-03  -5.16575E-07  -2.27541E-04
 4.89000E+01   2.69814E-05   1.24202E-02   3.45483E-05   1.43601E-02   3.94089E-05   1.47202E-02   4.09929E-05   1.35679E-02   3.90916E-05   1.10689E-02   3.38606E-05   7.47919E-03   2.57900E-05   3.12847E-03   1.56462E-05  -1.60367E-03   4.38870E-06  -6.31690E-03  -6.92919E-06  -1.06217E-02  -1.72667E-05  -1.41711E-02  -2.57002E-05  -1.66888E-02  -3.15155E-05  -1.79938E-02  -3.42814E-05  -1.80165E-02  -3.38972E-05  -1.68079E-02  -3.06118E-05  -1.45397E-02  -2.50128E-05  -1.14963E-02  -1.79905E-05  -8.05947E-03  -1.06803E-05  -4.68876E-03  -4.39418E-06  -1.89823E-03  -5.49665E-07  -2.34398E-04
 4.92000E+01   2.79079E-05   1.26791E-02   3.58043E-05   1.47015E-02   4.09080E-05   1.51201E-02   4.26099E-05   1.39948E-02   4.06793E-05   1.14877E-02   3.52680E-05   7.85500E-03   2.68806E-05   3.43048E-03   1.63128E-05  -1.39907E-03   4.56538E-06  -6.22380E-03  -7.25984E-06  -1.06435E-02  -1.80721E-05  -1.43001E-02  -2.69015E-05  -1.69077E-02  -3.29966E-05  -1.82773E-02  -3.59019E-05  -1.83345E-02  -3.55085E-05  -1.71285E-02  -3.20740E-05  -1.48332E-02  -2.62127E-05  -1.17384E-02  -1.88567E-05  -8.23495E-03  -1.11962E-05  -4.79353E-03  -4.60693E-06  -1.94153E-03  -5.76332E-07  -2.39833E-04
 4.96000E+01   2.92335E-05   1.30376E-02   3.76034E-05   1.51747E-02   4.30578E-05   1.56750E-02   4.49311E-05   1.45877E-02   4.29608E-05   1.20693E-02   3.72933E-05   8.37659E-03   2.84532E-05   3.84886E-03   1.72782E-05  -1.11701E-03   4.82851E-06  -6.09790E-03  -7.72484E-06  -1.06785E-02  -1.92192E-05  -1.44854E-02  -2.86181E-05  -1.72189E-02  -3.51163E-05  -1.86790E-02  -3.82233E-05  -1.87841E-02  -3.78179E-05  -1.75815E-02  -3.41710E-05  -1.52476E-02  -2.79341E-05  -1.20802E-02  -2.00997E-05  -8.48256E-03  -1.19365E-05  -4.94134E-03  -4.91235E-06  -2.00260E-03  -6.14618E-07  -2.47499E-04
 4.99000E+01   3.03020E-05   1.33170E-02   3.90551E-05   1.55443E-02   4.47943E-05   1.61088E-02   4.68077E-05   1.50514E-02   4.48073E-05   1.25243E-02   3.89346E-05   8.78440E-03   2.97300E-05   4.17543E-03   1.80653E-05  -8.97872E-04   5.04834E-06  -6.00188E-03  -8.09371E-06  -1.07093E-02  -2.01400E-05  -1.46349E-02  -3.00003E-05  -1.74677E-02  -3.68256E-05  -1.89991E-02  -4.00968E-05  -1.91419E-02  -3.96830E-05  -1.79416E-02  -3.58652E-05  -1.55769E-02  -2.93254E-05  -1.23518E-02  -2.11046E-05  -8.67921E-03  -1.25352E-05  -5.05872E-03  -5.15934E-06  -2.05110E-03  -6.45585E-07  -2.53585E-04
 5.03000E+01   3.18366E-05   1.37051E-02   4.11425E-05   1.60582E-02   4.72933E-05   1.67127E-02   4.95111E-05   1.56973E-02   4.74697E-05   1.31582E-02   4.13039E-05   9.35233E-03   3.15764E-05   4.62952E-03   1.92078E-05  -5.94476E-04   5.37447E-06  -5.87132E-03  -8.61567E-06  -1.07570E-02  -2.14579E-05  -1.48491E-02  -3.19840E-05  -1.78215E-02  -3.92821E-05  -1.94529E-02  -4.27917E-05  -1.96485E-02  -4.23672E-05  -1.84511E-02  -3.83044E-05  -1.60425E-02  -3.13291E-05  -1.27356E-02  -2.25522E-05  -8.95719E-03  -1.33977E-05  -5.22461E-03  -5.51528E-06  -2.11963E-03  -6.90217E-07  -2.62186E-04
 5.07000E+01   3.35112E-05   1.41123E-02   4.34228E-05   1.65984E-02   5.00263E-05   1.73484E-02   5.24704E-05   1.63777E-02   5.03873E-05   1.38261E-02   4.39036E-05   9.95046E-03   3.36062E-05   5.10700E-03   2.04687E-05  -2.76924E-04   5.74237E-06  -5.73735E-03  -9.17637E-06  -1.08124E-02  -2.28908E-05  -1.50817E-02  -3.41475E-05  -1.82024E-02  -4.19651E-05  -1.99401E-02  -4.57376E-05  -2.01916E-02  -4.53034E-05  -1.89968E-02  -4.09738E-05  -1.65411E-02  -3.35226E-05  -1.31465E-02  -2.41373E-05  -9.25468E-03  -1.43424E-05  -5.40213E-03  -5.90519E-06  -2.19296E-03  -7.39114E-07  -2.71388E-04
 5.10000E+01   3.48698E-05   1.44315E-02   4.52746E-05   1.70224E-02   5.22475E-05   1.78478E-02   5.48774E-05   1.69127E-02   5.27626E-05   1.43513E-02   4.60222E-05   1.04208E-02   3.52628E-05   5.48194E-03   2.15009E-05  -2.84942E-05   6.04872E-06  -5.63427E-03  -9.62552E-06  -1.08594E-02  -2.40502E-05  -1.52690E-02  -3.59023E-05  -1.85072E-02  -4.41438E-05  -2.03292E-02  -4.81315E-05  -2.06248E-02  -4.76905E-05  -1.94319E-02  -4.31449E-05  -1.69384E-02  -3.53071E-05  -1.34740E-02  -2.54272E-05  -9.49171E-03  -1.51113E-05  -5.54356E-03  -6.22256E-06  -2.25138E-03  -7.78919E-07  -2.78718E-04
 5.14000E+01   3.68345E-05   1.48769E-02   4.79551E-05   1.76151E-02   5.54653E-05   1.85467E-02   5.83673E-05   1.76619E-02   5.62090E-05   1.50872E-02   4.90991E-05   1.10795E-02   3.76722E-05   6.00655E-03   2.30066E-05   3.17884E-04   6.50246E-06  -5.49282E-03  -1.02675E-05  -1.09296E-02  -2.57230E-05  -1.55373E-02  -3.84400E-05  -1.89414E-02  -4.72980E-05  -2.08822E-02  -5.15996E-05  -2.12400E-02  -5.11503E-05  -2.00495E-02  -4.62926E-05  -1.75022E-02  -3.78951E-05  -1.39384E-02  -2.72982E-05  -9.82791E-03  -1.62267E-05  -5.74415E-03  -6.68307E-06  -2.33423E-03  -8.36681E-07  -2.89114E-04
 5.18000E+01   3.89965E-05   1.53473E-02   5.09075E-05   1.82421E-02   5.90127E-05   1.92870E-02   6.22177E-05   1.84561E-02   6.00148E-05   1.58677E-02   5.25004E-05   1.17780E-02   4.03396E-05   6.56221E-03   2.46783E-05   6.83419E-04   7.01420E-06  -5.34611E-03  -1.09652E-05  -1.10091E-02  -2.75595E-05  -1.58286E-02  -4.12327E-05  -1.94100E-02  -5.07733E-05  -2.14778E-02  -5.54235E-05  -2.19019E-02  -5.49670E-05  -2.07136E-02  -4.97663E-05  -1.81084E-02  -4.07519E-05  -1.44377E-02  -2.93640E-05  -1.01893E-02  -1.74585E-05  -5.95974E-03  -7.19167E-06  -2.42328E-03  -9.00484E-07  -3.00288E-04
 5.21000E+01   4.07640E-05   1.57181E-02   5.33232E-05   1.87370E-02   6.19173E-05   1.98721E-02   6.53726E-05   1.90843E-02   6.31353E-05   1.64852E-02   5.52916E-05   1.23307E-02   4.25310E-05   7.00144E-03   2.60551E-05   9.71503E-04   7.44081E-06  -5.23213E-03  -1.15300E-05  -1.10752E-02  -2.90584E-05  -1.60633E-02  -4.35165E-05  -1.97861E-02  -5.36179E-05  -2.19550E-02  -5.85554E-05  -2.24319E-02  -5.80941E-05  -2.12451E-02  -5.26133E-05  -1.85934E-02  -4.30939E-05  -1.48372E-02  -3.10578E-05  -1.04784E-02  -1.84687E-05  -6.13222E-03  -7.60880E-06  -2.49452E-03  -9.52816E-07  -3.09226E-04
 5.25000E+01   4.33413E-05   1.62388E-02   5.68485E-05   1.94332E-02   6.61590E-05   2.06959E-02   6.99827E-05   1.99696E-02   6.76983E-05   1.73558E-02   5.93762E-05   1.31098E-02   4.57415E-05   7.62019E-03   2.80765E-05   1.37624E-03   8.07416E-06  -5.07416E-03  -1.23459E-05  -1.11727E-02  -3.12408E-05  -1.64001E-02  -4.68480E-05  -2.03234E-02  -5.77712E-05  -2.26359E-02  -6.31305E-05  -2.31875E-02  -6.26642E-05  -2.20027E-02  -5.67752E-05  -1.92846E-02  -4.65182E-05  -1.54065E-02  -3.35348E-05  -1.08904E-02  -1.99461E-05  -6.37798E-03  -8.21895E-06  -2.59602E-03  -1.02937E-06  -3.21962E-04
 5.29000E+01   4.62058E-05   1.67927E-02   6.07699E-05   2.01751E-02   7.08807E-05   2.15750E-02   7.51182E-05   2.09150E-02   7.27848E-05   1.82861E-02   6.39333E-05   1.39424E-02   4.93276E-05   8.28091E-03   3.03396E-05   1.80721E-03   8.79132E-06  -4.90838E-03  -1.32441E-05  -1.12816E-02  -3.36630E-05  -1.67665E-02  -5.05527E-05  -2.09057E-02  -6.23942E-05  -2.33727E-02  -6.82259E-05  -2.40047E-02  -6.77561E-05  -2.28217E-02  -6.14136E-05  -2.00318E-02  -5.03354E-05  -1.60218E-02  -3.62967E-05  -1.13357E-02  -2.15936E-05  -6.64362E-03  -8.89944E-06  -2.70573E-03  -1.11476E-06  -3.35728E-04
 5.33000E+01   4.94027E-05   1.73838E-02   6.51498E-05   2.09680E-02   7.61581E-05   2.25158E-02   8.08617E-05   2.19278E-02   7.84775E-05   1.92832E-02   6.90373E-05   1.48350E-02   5.33483E-05   8.98872E-03   3.28823E-05   2.26773E-03   9.60531E-06  -4.73362E-03  -1.42377E-05  -1.14030E-02  -3.63632E-05  -1.71658E-02  -5.46900E-05  -2.15380E-02  -6.75614E-05  -2.41718E-02  -7.39243E-05  -2.48905E-02  -7.34526E-05  -2.37094E-02  -6.66043E-05  -2.08415E-02  -5.46082E-05  -1.66885E-02  -3.93886E-05  -1.18181E-02  -2.34383E-05  -6.93144E-03  -9.66143E-06  -2.82461E-03  -1.21038E-06  -3.50644E-04
 5.37000E+01   5.29866E-05   1.80164E-02   7.00634E-05   2.18183E-02   8.20825E-05   2.35259E-02   8.73132E-05   2.30162E-02   8.48757E-05   2.03554E-02   7.47780E-05   1.57948E-02   5.78750E-05   9.74955E-03   3.57504E-05   2.76162E-03   1.05319E-05  -4.54851E-03  -1.53428E-05  -1.15383E-02  -3.93873E-05  -1.76018E-02  -5.93314E-05  -2.22262E-02  -7.33629E-05  -2.50406E-02  -8.03252E-05  -2.58531E-02  -7.98538E-05  -2.46737E-02  -7.24385E-05  -2.17210E-02  -5.94116E-05  -1.74128E-02  -4.28650E-05  -1.23423E-02  -2.55127E-05  -7.24412E-03  -1.05184E-05  -2.95376E-03  -1.31794E-06  -3.66848E-04
 5.41000E+01   5.70237E-05   1.86960E-02   7.56021E-05   2.27331E-02   8.87645E-05   2.46141E-02   9.45939E-05   2.41899E-02   9.21005E-05   2.15123E-02   8.12646E-05   1.68308E-02   6.29945E-05   1.05703E-02   3.89997E-05   3.29336E-03   1.15901E-05  -4.35150E-03  -1.65785E-05  -1.16888E-02  -4.27914E-05  -1.80787E-02  -6.45638E-05  -2.29771E-02  -7.99077E-05  -2.59877E-02  -8.75497E-05  -2.69020E-02  -8.70808E-05  -2.57244E-02  -7.90271E-05  -2.26793E-02  -6.48371E-05  -1.82018E-02  -4.67923E-05  -1.29133E-02  -2.78564E-05  -7.58479E-03  -1.14867E-05  -3.09446E-03  -1.43947E-06  -3.84504E-04
 5.44000E+01   6.03971E-05   1.92401E-02   8.02328E-05   2.34667E-02   9.43538E-05   2.54877E-02   1.00687E-04   2.51328E-02   9.81493E-05   2.24423E-02   8.66982E-05   1.76637E-02   6.72861E-05   1.12301E-02   4.17272E-05   3.72013E-03   1.24842E-05  -4.19483E-03  -1.76052E-05  -1.18128E-02  -4.56343E-05  -1.84664E-02  -6.89389E-05  -2.35862E-02  -8.53836E-05  -2.67554E-02  -9.35964E-05  -2.77521E-02  -9.31312E-05  -2.65758E-02  -8.45441E-05  -2.34558E-02  -6.93809E-05  -1.88412E-02  -5.00818E-05  -1.33760E-02  -2.98196E-05  -7.86085E-03  -1.22979E-05  -3.20849E-03  -1.54129E-06  -3.98813E-04
 5.48000E+01   6.54337E-05   2.00173E-02   8.71504E-05   2.45161E-02   1.02707E-04   2.67387E-02   1.09797E-04   2.64842E-02   1.07197E-04   2.37758E-02   9.48299E-05   1.88585E-02   7.37130E-05   1.21762E-02   4.58172E-05   4.33129E-03   1.38327E-05  -3.97235E-03  -1.91299E-05  -1.19944E-02  -4.98772E-05  -1.90281E-02  -7.54759E-05  -2.44671E-02  -9.35698E-05  -2.78650E-02  -1.02639E-04  -2.89804E-02  -1.02182E-04  -2.78060E-02  -9.27982E-05  -2.45777E-02  -7.61799E-05  -1.97650E-02  -5.50044E-05  -1.40446E-02  -3.27578E-05  -8.25975E-03  -1.35120E-05  -3.37326E-03  -1.69369E-06  -4.19489E-04
 5.52000E+01   7.11957E-05   2.08614E-02   9.50686E-05   2.56575E-02   1.12273E-04   2.81011E-02   1.20234E-04   2.79574E-02   1.17569E-04   2.52305E-02   1.04156E-04   2.01621E-02   8.10890E-05   1.32085E-02   5.05172E-05   4.99716E-03   1.53917E-05  -3.73208E-03  -2.08647E-05  -1.21970E-02  -5.47294E-05  -1.96474E-02  -8.29606E-05  -2.54366E-02  -1.02948E-04  -2.90855E-02  -1.13002E-04  -3.03313E-02  -1.12557E-04  -2.91588E-02  -1.02262E-04  -2.58114E-02  -8.39766E-05  -2.07810E-02  -6.06501E-05  -1.47799E-02  -3.61279E-05  -8.69848E-03  -1.49047E-05  -3.55449E-03  -1.86852E-06  -4.42232E-04
 5.56000E+01   7.78314E-05   2.17822E-02   1.04192E-04   2.69048E-02   1.23301E-04   2.95918E-02   1.32270E-04   2.95707E-02   1.29534E-04   2.68246E-02   1.14920E-04   2.15912E-02   8.96080E-05   1.43400E-02   5.59521E-05   5.72619E-03   1.72041E-05  -3.47107E-03  -2.28526E-05  -1.24235E-02  -6.03158E-05  -2.03327E-02  -9.15871E-05  -2.65078E-02  -1.13763E-04  -3.04334E-02  -1.24957E-04  -3.18228E-02  -1.24527E-04  -3.06525E-02  -1.13183E-04  -2.71737E-02  -9.29754E-05  -2.19029E-02  -6.71670E-05  -1.55920E-02  -4.00184E-05  -9.18302E-03  -1.65126E-05  -3.75466E-03  -2.07038E-06  -4.67352E-04
 5.60000E+01   8.55289E-05   2.27921E-02   1.14780E-04   2.82748E-02   1.36104E-04   3.12309E-02   1.46250E-04   3.13463E-02   1.43436E-04   2.85801E-02   1.27433E-04   2.31657E-02   9.95166E-05   1.55866E-02   6.22804E-05   6.52860E-03   1.93246E-05  -3.18577E-03  -2.51484E-05  -1.26772E-02  -6.67951E-05  -2.10942E-02  -1.01602E-04  -2.76966E-02  -1.26324E-04  -3.19286E-02  -1.38846E-04  -3.34772E-02  -1.38438E-04  -3.23093E-02  -1.25877E-04  -2.86848E-02  -1.03436E-04  -2.31475E-02  -7.47433E-05  -1.64928E-02  -4.45417E-05  -9.72058E-03  -1.83821E-05  -3.97674E-03  -2.30509E-06  -4.95223E-04
 5.64000E+01   9.45300E-05   2.39057E-02   1.27167E-04   2.97878E-02   1.51087E-04   3.30433E-02   1.62617E-04   3.33113E-02   1.59718E-04   3.05243E-02   1.42093E-04   2.49101E-02   1.11131E-04   1.69677E-02   6.97054E-05   7.41690E-03   2.18233E-05  -2.87185E-03  -2.78224E-05  -1.29624E-02  -7.43708E-05  -2.19443E-02  -1.13322E-04  -2.90221E-02  -1.41030E-04  -3.35954E-02  -1.55112E-04  -3.53214E-02  -1.54733E-04  -3.41562E-02  -1.40748E-04  -3.03694E-02  -1.15692E-04  -2.45350E-02  -8.36208E-05  -1.74973E-02  -4.98423E-05  -1.03200E-02  -2.05730E-05  -4.22438E-03  -2.58017E-06  -5.26304E-04
 5.68000E+01   1.05150E-04   2.51414E-02   1.41787E-04   3.14690E-02   1.68778E-04   3.50595E-02   1.81946E-04   3.54993E-02   1.78953E-04   3.26904E-02   1.59418E-04   2.68544E-02   1.24865E-04   1.85073E-02   7.84924E-05   8.40649E-03   2.47916E-05  -2.52398E-03  -3.09661E-05  -1.32845E-02  -8.33082E-05  -2.28984E-02  -1.27160E-04  -3.05085E-02  -1.58401E-04  -3.54639E-02  -1.74329E-04  -3.73888E-02  -1.73987E-04  -3.62266E-02  -1.58323E-04  -3.22581E-02  -1.30178E-04  -2.60907E-02  -9.41143E-05  -1.86235E-02  -5.61082E-05  -1.09921E-02  -2.31631E-05  -4.50210E-03  -2.90537E-06  -5.61161E-04
 5.73000E+01   1.21347E-04   2.68930E-02   1.64093E-04   3.38561E-02   1.95779E-04   3.79257E-02   2.11459E-04   3.86124E-02   2.08332E-04   3.57747E-02   1.85889E-04   2.96243E-02   1.45857E-04   2.07010E-02   9.19360E-05   9.81573E-03   2.93500E-05  -2.03109E-03  -3.57442E-05  -1.37492E-02  -9.69397E-05  -2.42668E-02  -1.48282E-04  -3.26386E-02  -1.84926E-04  -3.81414E-02  -2.03682E-04  -4.03511E-02  -2.03402E-04  -3.91937E-02  -1.85175E-04  -3.49649E-02  -1.52313E-04  -2.83206E-02  -1.10150E-04  -2.02380E-02  -6.56844E-05  -1.19558E-02  -2.71217E-05  -4.90026E-03  -3.40243E-06  -6.11138E-04
 5.77000E+01   1.37353E-04   2.84963E-02   1.86145E-04   3.60442E-02   2.22479E-04   4.05561E-02   2.40650E-04   4.14722E-02   2.37399E-04   3.86099E-02   2.12088E-04   3.21718E-02   1.66643E-04   2.27190E-02   1.05257E-04   1.11116E-02   3.38812E-05  -1.57974E-03  -4.04518E-05  -1.41810E-02  -1.10411E-04  -2.55329E-02  -1.69170E-04  -3.46082E-02  -2.11166E-04  -4.06167E-02  -2.32725E-04  -4.30900E-02  -2.32511E-04  -4.19371E-02  -2.11752E-04  -3.74680E-02  -1.74224E-04  -3.03828E-02  -1.26025E-04  -2.17313E-02  -7.51646E-05  -1.28471E-02  -3.10408E-05  -5.26858E-03  -3.89455E-06  -6.57372E-04
 5.81000E+01   1.56953E-04   3.03215E-02   2.13153E-04   3.85385E-02   2.55189E-04   4.35574E-02   2.76421E-04   4.47377E-02   2.73025E-04   4.18494E-02   2.44206E-04   3.50838E-02   1.92132E-04   2.50264E-02   1.21602E-04   1.25929E-02   3.94552E-05  -1.06536E-03  -4.62028E-05  -1.46785E-02  -1.26907E-04  -2.69870E-02  -1.94762E-04  -3.68692E-02  -2.43324E-04  -4.34582E-02  -2.68324E-04  -4.62341E-02  -2.68196E-04  -4.50868E-02  -2.44335E-04  -4.03420E-02  -2.01088E-04  -3.27509E-02  -1.45490E-04  -2.34462E-02  -8.67896E-05  -1.38708E-02  -3.58468E-05  -5.69162E-03  -4.49805E-06  -7.10477E-04
 5.85000E+01   1.81313E-04   3.24207E-02   2.46730E-04   4.14107E-02   2.95863E-04   4.70168E-02   3.20908E-04   4.85044E-02   3.17342E-04   4.55883E-02   2.84168E-04   3.84462E-02   2.23857E-04   2.76913E-02   1.41955E-04   1.43035E-02   4.64112E-05  -4.72817E-04  -5.33365E-05  -1.52569E-02  -1.47411E-04  -2.86727E-02  -2.26588E-04  -3.94898E-02  -2.83324E-04  -4.67515E-02  -3.12612E-04  -4.98785E-02  -3.12596E-04  -4.87380E-02  -2.84879E-04  -4.36740E-02  -2.34518E-04  -3.54967E-02  -1.69713E-04  -2.54347E-02  -1.01257E-04  -1.50579E-02  -4.18281E-05  -6.18223E-03  -5.24916E-06  -7.72069E-04
 5.89000E+01   2.12119E-04   3.48637E-02   2.89200E-04   4.47570E-02   3.47319E-04   5.10509E-02   3.77198E-04   5.29000E-02   3.73425E-04   4.99539E-02   3.34750E-04   4.23739E-02   2.64021E-04   3.08051E-02   1.67735E-04   1.63022E-02   5.52381E-05   2.18187E-04  -6.23421E-05  -1.59364E-02  -1.73342E-04  -3.06490E-02  -2.66854E-04  -4.25613E-02  -3.33943E-04  -5.06117E-02  -3.68664E-04  -5.41506E-02  -3.68795E-04  -5.30186E-02  -3.36201E-04  -4.75807E-02  -2.76837E-04  -3.87163E-02  -2.00379E-04  -2.77666E-02  -1.19573E-04  -1.64501E-02  -4.94008E-05  -6.75765E-03  -6.20014E-06  -8.44310E-04
 5.94000E+01   2.63616E-04   3.85501E-02   3.60211E-04   4.98127E-02   4.33368E-04   5.71514E-02   4.71348E-04   5.95523E-02   4.67244E-04   5.65648E-02   4.19381E-04   4.83246E-02   3.31239E-04   3.55241E-02   2.10897E-04   1.93314E-02   7.00432E-05   1.26376E-03  -7.73719E-05  -1.69711E-02  -2.16695E-04  -3.36534E-02  -3.34199E-04  -4.72301E-02  -4.18619E-04  -5.64798E-02  -4.62441E-04  -6.06457E-02  -4.62826E-04  -5.95274E-02  -4.22079E-04  -5.35219E-02  -3.47655E-04  -4.36131E-02  -2.51699E-04  -3.13136E-02  -1.50226E-04  -1.85680E-02  -6.20745E-05  -7.63303E-03  -7.79173E-06  -9.54216E-04
 5.98000E+01   3.20195E-04   4.21780E-02   4.38241E-04   5.47937E-02   5.27937E-04   6.31670E-02   5.74832E-04   6.61165E-02   5.70379E-04   6.30918E-02   5.12431E-04   5.42024E-02   4.05158E-04   4.01870E-02   2.58379E-04   2.23248E-02   8.63530E-05   2.29583E-03  -9.38629E-05  -1.79974E-02  -2.64329E-04  -3.66296E-02  -4.08218E-04  -5.18549E-02  -5.11702E-04  -6.22931E-02  -5.65540E-04  -6.70809E-02  -5.66212E-04  -6.59771E-02  -5.16507E-04  -5.94097E-02  -4.25527E-04  -4.84666E-02  -3.08132E-04  -3.48296E-02  -1.83935E-04  -2.06675E-02  -7.60118E-05  -8.50086E-03  -9.54205E-06  -1.06318E-03
 6.02000E+01   3.97806E-04   4.66393E-02   5.45288E-04   6.09244E-02   6.57687E-04   7.05763E-02   7.16828E-04   7.42061E-02   7.11910E-04   7.11395E-02   6.40136E-04   6.14524E-02   5.06621E-04   4.59400E-02   3.23570E-04   2.60186E-02   1.08770E-04   3.56859E-03  -1.16462E-04  -1.92668E-02  -3.29673E-04  -4.03084E-02  -5.09781E-04  -5.75718E-02  -6.39440E-04  -6.94798E-02  -7.07033E-04  -7.50375E-02  -7.08107E-04  -7.39524E-02  -6.46112E-04  -6.66912E-02  -5.32413E-04  -5.44692E-02  -3.85594E-04  -3.91784E-02  -2.30205E-04  -2.32645E-02  -9.51433E-05  -9.57440E-03  -1.19447E-05  -1.19798E-03
 6.06000E+01   5.08346E-04   5.22661E-02   6.97770E-04   6.86631E-02   8.42524E-04   7.99350E-02   9.19127E-04   8.44295E-02   9.13563E-04   8.13141E-02   8.22105E-04   7.06218E-02   6.51214E-04   5.32183E-02   4.16492E-04   3.06926E-02   1.40749E-04   5.17851E-03  -1.48625E-04  -2.08759E-02  -4.22750E-04  -4.49697E-02  -6.54476E-04  -6.48157E-02  -8.21441E-04  -7.85873E-02  -9.08645E-04  -8.51218E-02  -9.10301E-04  -8.40616E-02  -8.30801E-04  -7.59217E-02  -6.84730E-04  -6.20795E-02  -4.95983E-04  -4.46923E-02  -2.96146E-04  -2.65574E-02  -1.22408E-04  -1.09357E-02  -1.53689E-05  -1.36891E-03
 6.11000E+01   7.27588E-04   6.17874E-02   1.00022E-03   8.17687E-02   1.20918E-03   9.57945E-02   1.32045E-03   1.01764E-01   1.31363E-03   9.85733E-02   1.18315E-03   8.61816E-02   9.38134E-04   6.55728E-02   6.00911E-04   3.86282E-02   2.04265E-04   7.91157E-03  -2.12373E-04  -2.36113E-02  -6.07364E-04  -5.28924E-02  -9.41521E-04  -7.71296E-02  -1.18253E-03  -9.40713E-02  -1.30866E-03  -1.02269E-01  -1.31149E-03  -1.01253E-01  -1.19727E-03  -9.16207E-02  -9.86970E-04  -7.50238E-02  -7.15031E-04  -5.40716E-02  -4.26995E-04  -3.21591E-02  -1.76512E-04  -1.32516E-02  -2.21638E-05  -1.65973E-03
 6.15000E+01   1.02631E-03   7.26206E-02   1.41234E-03   9.66905E-02   1.70881E-03   1.13862E-01   1.86735E-03   1.21520E-01   1.85885E-03   1.18252E-01   1.67522E-03   1.03928E-01   1.32920E-03   7.96674E-02   8.52305E-04   4.76836E-02   2.90893E-04   1.10306E-02  -2.99189E-04  -2.67349E-02  -8.58914E-04  -6.19400E-02  -1.33269E-03  -9.11938E-02  -1.67462E-03  -1.11759E-01  -1.85383E-03  -1.21858E-01  -1.85827E-03  -1.20895E-01  -1.69674E-03  -1.09559E-01  -1.39892E-03  -8.98160E-02  -1.01359E-03  -6.47907E-02  -6.05343E-04  -3.85614E-02  -2.50257E-04  -1.58986E-02  -3.14255E-05  -1.99214E-03
 6.20000E+01   1.75712E-03   9.36769E-02   2.42063E-03   1.25711E-01   2.93125E-03   1.49017E-01   3.20548E-03   1.59975E-01   3.19293E-03   1.56568E-01   2.87929E-03   1.38493E-01   2.28618E-03   1.07127E-01   1.46754E-03   6.53295E-02   5.02979E-04   1.71100E-02  -5.11512E-04  -3.28234E-02  -1.47435E-03  -7.95792E-02  -2.28979E-03  -1.18617E-01  -2.87872E-03  -1.46251E-01  -3.18785E-03  -1.60064E-01  -3.19626E-03  -1.59208E-01  -2.91898E-03  -1.44552E-01  -2.40698E-03  -1.18674E-01  -1.74420E-03  -8.57034E-02  -1.04179E-03  -5.10528E-02  -4.30723E-04  -2.10633E-02  -5.40903E-05  -2.64074E-03
 6.24000E+01   3.10509E-03   1.22987E-01   4.28043E-03   1.66126E-01   5.18611E-03   1.97993E-01   5.67381E-03   2.13566E-01   5.65382E-03   2.09979E-01   5.10041E-03   1.86686E-01   4.05155E-03   1.45420E-01   2.60256E-03   8.99425E-02   8.94332E-04   2.55924E-02  -9.03057E-04  -4.13156E-02  -2.60953E-03  -1.04189E-01  -4.05527E-03  -1.56884E-01  -5.09988E-03  -1.94387E-01  -5.64869E-03  -2.13387E-01  -5.66447E-03  -2.12685E-01  -5.17367E-03  -1.93399E-01  -4.26661E-03  -1.58958E-01  -3.09201E-03  -1.14898E-01  -1.84692E-03  -6.84919E-02  -7.63640E-04  -2.82739E-02  -9.59021E-05  -3.54631E-03
 6.29000E+01   9.00454E-03   2.05846E-01   1.24201E-02   2.80417E-01   1.50549E-02   3.36532E-01   1.64770E-02   3.65195E-01   1.64246E-02   3.61129E-01   1.48219E-02   3.23092E-01   1.17784E-02   2.53824E-01   7.57060E-03   1.59631E-01   2.60752E-03   4.96170E-02  -2.61648E-03  -6.53560E-02  -7.57777E-03  -1.73877E-01  -1.17823E-02  -2.65257E-01  -1.48214E-02  -3.30723E-01  -1.64194E-02  -3.64428E-01  -1.64675E-02  -3.64171E-01  -1.50422E-02  -3.31775E-01  -1.24060E-02  -2.73084E-01  -8.99125E-03  -1.97611E-01  -5.37095E-03  -1.17901E-01  -2.22081E-03  -4.87038E-02  -2.78910E-04  -6.11209E-03
 6.33000E+01   4.70356E-02   4.61793E-01   6.48930E-02   6.33531E-01   7.86751E-02   7.64636E-01   8.61211E-02   8.33811E-01   8.58601E-02   8.28322E-01   7.74936E-02   7.44758E-01   6.15917E-02   5.88965E-01   3.95986E-02   3.75105E-01   1.36526E-02   1.23917E-01  -1.36617E-02  -1.39672E-01  -3.96059E-02  -3.89352E-01  -6.15957E-02  -6.00375E-01  -7.74931E-02  -7.52336E-01  -8.58548E-02  -8.31534E-01  -8.61115E-02  -8.32674E-01  -7.86623E-02  -7.59749E-01  -6.48788E-02  -6.26066E-01  -4.70222E-02  -4.53441E-01  -2.80895E-02  -2.70725E-01  -1.16148E-02  -1.11895E-01  -1.45872E-03  -1.40484E-02
 6.38000E+01   1.20213E-01  -7.17829E-01   1.65858E-01  -9.94071E-01   2.01089E-01  -1.20876E+00   2.20126E-01  -1.32647E+00   2.19463E-01  -1.32552E+00   1.98082E-01  -1.19929E+00   1.57439E-01  -9.56243E-01   1.01225E-01  -6.18417E-01   3.49048E-02  -2.18718E-01  -3.49142E-02   2.02942E-01  -1.01232E-01   6.04165E-01  -1.57443E-01   9.44859E-01  -1.98082E-01   1.19178E+00  -2.19458E-01   1.32241E+00  -2.20116E-01   1.32775E+00  -2.01076E-01   1.21382E+00  -1.65843E-01   1.00170E+00  -1.20199E-01   7.26328E-01  -7.18031E-02   4.34036E-01  -2.96901E-02   1.79520E-01  -3.72884E-03   2.25511E-02
 6.42000E+01   1.29112E-02  -2.34223E-01   1.78101E-02  -3.26847E-01   2.15899E-02  -3.99821E-01   2.36306E-02  -4.40957E-01   2.35566E-02  -4.42675E-01   2.12591E-02  -4.02467E-01   1.68947E-02  -3.22915E-01   1.08600E-02  -2.11222E-01   3.74166E-03  -7.83020E-02  -3.75128E-03   6.25056E-02  -1.08677E-02   1.96963E-01  -1.68989E-02   3.11551E-01  -2.12586E-02   3.95009E-01  -2.35512E-02   4.39657E-01  -2.36207E-02   4.42353E-01  -2.15766E-02   4.05006E-01  -1.77954E-02   3.34613E-01  -1.28973E-02   2.42840E-01  -7.70432E-03   1.45216E-01  -3.18564E-03   6.00947E-02  -4.00085E-04   7.55226E-03
 6.47000E+01   3.80565E-03  -1.24476E-01   5.24681E-03  -1.75458E-01   6.35754E-03  -2.16304E-01   6.95590E-03  -2.40093E-01   6.93181E-03  -2.42439E-01   6.25366E-03  -2.21759E-01   4.96792E-03  -1.79299E-01   3.19146E-03  -1.18896E-01   1.09701E-03  -4.64755E-02  -1.10688E-03   3.06505E-02  -3.19938E-03   1.04627E-01  -4.97223E-03   1.67958E-01  -6.25326E-03   2.14364E-01  -6.92634E-03   2.39529E-01  -6.94581E-03   2.41633E-01  -6.34407E-03   2.21654E-01  -5.23186E-03   1.83393E-01  -3.79156E-03   1.33243E-01  -2.26479E-03   7.97469E-02  -9.36420E-04   3.30242E-02  -1.17601E-04   4.15248E-03
 6.52000E+01   1.79595E-03  -8.34844E-02   2.47390E-03  -1.18933E-01   2.99550E-03  -1.47804E-01   3.27547E-03  -1.65138E-01   3.26235E-03  -1.67735E-01   2.94158E-03  -1.54354E-01   2.33532E-03  -1.25743E-01   1.49873E-03  -8.44759E-02   5.13161E-04  -3.46192E-02  -5.23296E-04   1.87622E-02  -1.50687E-03   7.01931E-02  -2.33977E-03   1.14421E-01  -2.94121E-03   1.47022E-01  -3.25679E-03   1.64931E-01  -3.26520E-03   1.66822E-01  -2.98180E-03   1.53322E-01  -2.45869E-03   1.27039E-01  -1.78162E-03   9.24019E-02  -1.06411E-03   5.53513E-02  -4.39943E-04   2.29373E-02  -5.52474E-05   2.88570E-03
 6.56000E+01   1.15071E-03  -6.54586E-02   1.58360E-03  -9.40893E-02   1.91603E-03  -1.17708E-01   2.09374E-03  -1.32217E-01   2.08411E-03  -1.34935E-01   1.87807E-03  -1.24768E-01   1.48996E-03  -1.02241E-01   9.55143E-04  -6.93777E-02   3.25623E-04  -2.94245E-02  -3.35970E-04   1.35392E-02  -9.63454E-04   5.50817E-02  -1.49451E-03   9.09335E-02  -1.87772E-03   1.17485E-01  -2.07848E-03   1.32216E-01  -2.08332E-03   1.34017E-01  -1.90212E-03   1.23361E-01  -1.56818E-03   1.02332E-01  -1.13620E-03   7.44976E-02  -6.78545E-04   4.46571E-02  -2.80514E-04   1.85158E-02  -3.52242E-05   2.33043E-03
 6.61000E+01   7.38949E-04  -5.10229E-02   1.01543E-03  -7.42053E-02   1.22709E-03  -9.36335E-02   1.33951E-03  -1.05894E-01   1.33207E-03  -1.08718E-01   1.19923E-03  -1.01129E-01   9.50339E-04  -8.34716E-02   6.08116E-04  -5.73255E-02   2.05851E-04  -2.52843E-02  -2.16468E-04   9.36064E-03  -6.16650E-04   4.30103E-02  -9.55025E-04   7.21794E-02  -1.19891E-03   9.39060E-02  -1.32636E-03   1.06106E-01  -1.32890E-03   1.07839E-01  -1.21293E-03   9.94558E-02  -9.99731E-04   8.26214E-02  -7.24185E-04   6.02150E-02  -4.32417E-04   3.61267E-02  -1.78739E-04   1.49891E-02  -2.24419E-05   1.88756E-03
 6.66000E+01   5.15803E-04  -4.13752E-02   7.07492E-04  -6.09278E-02   8.53686E-04  -7.75691E-02   9.30685E-04  -8.83404E-02   9.24412E-04  -9.12454E-02   8.31220E-04  -8.53819E-02   6.57766E-04  -7.09757E-02   4.19932E-04  -4.93080E-02   1.40855E-04  -2.25368E-02  -1.51747E-04   6.57114E-03  -4.28691E-04   3.49704E-02  -6.62589E-04   5.96969E-02  -8.30916E-04   7.82183E-02  -9.18601E-04   8.87394E-02  -9.19883E-04   9.04314E-02  -8.39263E-04   8.35623E-02  -6.91516E-04   6.95186E-02  -5.00787E-04   5.07219E-02  -2.98960E-04   3.04576E-02  -1.23554E-04   1.26455E-02  -1.55109E-05   1.59328E-03
 6.71000E+01   3.81508E-04  -3.44591E-02   5.22149E-04  -5.14195E-02   6.28911E-04  -6.60749E-02   6.84566E-04  -7.57899E-02   6.78967E-04  -7.87613E-02   6.09620E-04  -7.41387E-02   4.81566E-04  -6.20600E-02   3.06569E-04  -4.35932E-02   1.01659E-04  -2.05845E-02  -1.12833E-04   4.57347E-03  -3.15559E-04   2.92302E-02  -4.86527E-04   5.07923E-02  -6.09337E-04   6.70328E-02  -6.73057E-04   7.63613E-02  -6.73561E-04   7.80279E-02  -6.14219E-04   7.22404E-02  -5.05884E-04   6.01865E-02  -3.66235E-04   4.39618E-02  -2.18577E-04   2.64211E-02  -9.03139E-05   1.09770E-02  -1.13361E-05   1.38379E-03
 6.76000E+01   2.94495E-04  -2.92481E-02   4.02043E-04  -4.42639E-02   4.83232E-04  -5.74336E-02   5.25030E-04  -6.63629E-02   5.19844E-04  -6.93918E-02   4.65932E-04  -6.57072E-02   3.67291E-04  -5.53798E-02   2.33020E-04  -3.93166E-02   7.61923E-05  -1.91295E-02  -8.76524E-05   3.06949E-03  -2.42245E-04   2.49251E-02  -3.72393E-04   4.41211E-02  -4.65670E-04   5.86580E-02  -5.13831E-04   6.70977E-02  -5.13816E-04   6.87486E-02  -4.68261E-04   6.37729E-02  -3.85481E-04   5.32089E-02  -2.78958E-04   3.89083E-02  -1.66435E-04   2.34041E-02  -6.87516E-05   9.73012E-03  -8.62781E-06   1.22725E-03
 6.80000E+01   2.45241E-04  -2.59153E-02   3.34044E-04  -3.96933E-02   4.00739E-04  -5.19198E-02   4.34675E-04  -6.03532E-02   4.29707E-04  -6.34240E-02   3.84522E-04  -6.03415E-02   3.02529E-04  -5.11326E-02   1.91320E-04  -3.66012E-02   6.17276E-05  -1.82098E-02  -7.34213E-05   2.10808E-03  -2.00736E-04   2.21847E-02  -3.07745E-04   3.98794E-02  -3.84276E-04   5.33367E-02  -4.23608E-04   6.12147E-02  -4.23289E-04   6.28579E-02  -3.85541E-04   5.83992E-02  -3.17238E-04   4.87819E-02  -2.29488E-04   3.57028E-02  -1.36878E-04   2.14908E-02  -5.65285E-05   8.93945E-03  -7.09254E-06   1.12800E-03
 6.85000E+01   1.99891E-04  -2.24953E-02   2.71419E-04  -3.50092E-02   3.24751E-04  -4.62757E-02   3.51427E-04  -5.42081E-02   3.46641E-04  -5.73276E-02   3.09479E-04  -5.48654E-02   2.42813E-04  -4.68026E-02   1.52848E-04  -3.38372E-02   4.83527E-05  -1.72787E-02  -6.03440E-05   1.12159E-03  -1.62507E-04   1.93867E-02  -2.48173E-04   3.55543E-02  -3.09251E-04   4.79152E-02  -3.40431E-04   5.52242E-02  -3.39819E-04   5.68623E-02  -3.09260E-04   5.29319E-02  -2.54302E-04   4.42791E-02  -1.83861E-04   3.24433E-02  -1.09616E-04   1.95455E-02  -4.52538E-05   8.13576E-03  -5.67633E-06   1.02713E-03
 6.90000E+01   1.66611E-04  -1.96884E-02   2.25448E-04  -3.11716E-02   2.68952E-04  -4.16582E-02   2.90279E-04  -4.91872E-02   2.85607E-04  -5.23525E-02   2.54321E-04  -5.04021E-02   1.98900E-04  -4.32783E-02   1.24534E-04  -3.15921E-02   3.84788E-05  -1.65278E-02  -5.07744E-05   3.11748E-04  -1.34442E-04   1.71045E-02  -2.04407E-04   3.20328E-02  -2.54111E-04   4.35054E-02  -2.79281E-04   5.03552E-02  -2.78443E-04   5.19920E-02  -2.53160E-04   4.84928E-02  -2.08011E-04   4.06247E-02  -1.50298E-04   2.97987E-02  -8.95604E-05   1.79677E-02  -3.69587E-05   7.48403E-03  -4.63432E-06   9.45345E-04
 6.95000E+01   1.41485E-04  -1.73385E-02   1.90727E-04  -2.79646E-02   2.26792E-04  -3.78058E-02   2.44059E-04  -4.50042E-02   2.39456E-04  -4.82134E-02   2.12594E-04  -4.66939E-02   1.65661E-04  -4.03550E-02   1.03081E-04  -2.97342E-02   3.09685E-05  -1.59116E-02  -4.35752E-05  -3.66880E-04  -1.13243E-04   1.52065E-02  -1.71317E-04   2.91101E-02  -2.12401E-04   3.98497E-02  -2.33010E-04   4.63224E-02  -2.31987E-04   4.79608E-02  -2.10691E-04   4.48206E-02  -1.72961E-04   3.76029E-02  -1.24881E-04   2.76129E-02  -7.43709E-05   1.66640E-02  -3.06759E-05   6.94563E-03  -3.84503E-06   8.77796E-04
 7.00000E+01   1.22066E-04  -1.53379E-02   1.63878E-04  -2.52400E-02   1.94177E-04  -3.45385E-02   2.08287E-04  -4.14623E-02   2.03719E-04  -4.47141E-02   1.80265E-04  -4.35638E-02   1.39890E-04  -3.78918E-02   8.64285E-05  -2.81731E-02   2.51107E-05  -1.53991E-02  -3.80358E-05  -9.45507E-04  -9.68491E-05   1.36021E-02  -1.45698E-04   2.66454E-02  -1.80087E-04   3.67711E-02  -1.97149E-04   4.29296E-02  -1.95972E-04   4.45720E-02  -1.77756E-04   4.17356E-02  -1.45775E-04   3.50656E-02  -1.05164E-04   2.57782E-02  -6.25859E-05   1.55702E-02  -2.58006E-05   6.49405E-03  -3.23252E-06   8.21152E-04
 7.05000E+01   1.06761E-04  -1.36105E-02   1.42705E-04  -2.28924E-02   1.68441E-04  -3.17289E-02   1.80044E-04  -3.84219E-02   1.75488E-04  -4.17153E-02   1.54709E-04  -4.08861E-02   1.19500E-04  -3.57889E-02   7.32335E-05  -2.68444E-02   2.04427E-05  -1.49680E-02  -3.36937E-05  -1.44629E-03  -8.39192E-05   1.22272E-02  -1.25463E-04   2.45388E-02  -1.54546E-04   3.41440E-02  -1.68788E-04   4.00375E-02  -1.67478E-04   4.16860E-02  -1.51692E-04   3.91101E-02  -1.24254E-04   3.29077E-02  -8.95527E-05   2.42187E-02  -5.32534E-05   1.46407E-02  -2.19395E-05   6.11044E-03  -2.74736E-06   7.73048E-04
 7.10000E+01   9.44968E-05  -1.21004E-02   1.25727E-04  -2.08452E-02   1.47790E-04  -2.92837E-02   1.57366E-04  -3.57809E-02   1.52802E-04  -3.91153E-02   1.34156E-04  -3.85690E-02   1.03085E-04  -3.39735E-02   6.25921E-05  -2.57015E-02   1.66523E-05  -1.46023E-02  -3.02373E-05  -1.88541E-03  -7.35492E-05   1.10348E-02  -1.09206E-04   2.27175E-02  -1.34007E-04   3.18766E-02  -1.45968E-04   3.75446E-02  -1.44540E-04   3.92008E-02  -1.30703E-04   3.68512E-02  -1.06918E-04   3.10522E-02  -7.69738E-05   2.28785E-02  -4.57321E-05   1.38424E-02  -1.88271E-05   5.78110E-03  -2.35625E-06   7.31760E-04
 7.16000E+01   8.27609E-05  -1.05176E-02   1.09464E-04  -1.87051E-02   1.27992E-04  -2.67339E-02   1.35606E-04  -3.30332E-02   1.31015E-04  -3.64164E-02   1.14397E-04  -3.61695E-02   8.72826E-05  -3.20987E-02   5.23238E-05  -2.45265E-02   1.29625E-05  -1.42329E-02  -2.69591E-05  -2.34775E-03  -6.36150E-05   9.79621E-03  -9.35964E-05   2.08328E-02  -1.14262E-04   2.95356E-02  -1.24013E-04   3.49748E-02  -1.22459E-04   3.66421E-02  -1.10487E-04   3.45279E-02  -9.02142E-05   2.91455E-02  -6.48494E-05   2.15023E-02  -3.84807E-05   1.30231E-02  -1.58258E-05   5.44324E-03  -1.97902E-06   6.89421E-04
 7.21000E+01   7.48628E-05  -9.35332E-03   9.85083E-05  -1.71355E-02   1.14640E-04  -2.48688E-02   1.20914E-04  -3.10284E-02   1.16288E-04  -3.44520E-02   1.01024E-04  -3.44276E-02   7.65698E-05  -3.07421E-02   4.53435E-05  -2.36805E-02   1.04279E-05  -1.39725E-02  -2.47771E-05  -2.68974E-03  -5.69206E-05   8.89385E-03  -8.30483E-05   1.94656E-02  -1.00901E-04   2.78415E-02  -1.09140E-04   3.31186E-02  -1.07489E-04   3.47966E-02  -9.67737E-05   3.28540E-02  -7.88782E-05   2.77732E-02  -5.66180E-05   2.05125E-02  -3.35561E-05   1.24342E-02  -1.37870E-05   5.20056E-03  -1.72271E-06   6.59023E-04
 7.26000E+01   6.82828E-05  -8.30442E-03   8.93697E-05  -1.57255E-02   1.03490E-04  -2.31975E-02   1.08632E-04  -2.92363E-02   1.03962E-04  -3.27004E-02   8.98147E-05  -3.28785E-02   6.75750E-05  -2.95394E-02   3.94653E-05  -2.29345E-02   8.27002E-06  -1.37479E-02  -2.29809E-05  -2.99973E-03  -5.13356E-05   8.08818E-03  -7.42219E-05   1.82502E-02  -8.97026E-05   2.63393E-02  -9.66628E-05   3.14756E-02  -9.49200E-05   3.31654E-02  -8.52523E-05   3.13764E-02  -6.93489E-05   2.65629E-02  -4.96956E-05   1.96404E-02  -2.94131E-05   1.19157E-02  -1.20713E-05   4.98699E-03  -1.50697E-06   6.32283E-04
 7.31000E+01   6.27518E-05  -7.35244E-03   8.16775E-05  -1.44494E-02   9.40928E-05  -2.16892E-02   9.82660E-05  -2.76232E-02   9.35438E-05  -3.11278E-02   8.03264E-05  -3.14916E-02   5.99455E-05  -2.84666E-02   3.44624E-05  -2.22729E-02   6.41049E-06  -1.35537E-02  -2.14927E-05  -3.28309E-03  -4.66332E-05   7.36367E-03  -6.67645E-05   1.71625E-02  -8.02240E-05   2.49986E-02  -8.60883E-05   3.00123E-02  -8.42580E-05   3.17149E-02  -7.54718E-05   3.00642E-02  -6.12546E-05   2.54894E-02  -4.38127E-05   1.88676E-02  -2.58908E-05   1.14566E-02  -1.06122E-05   4.79799E-03  -1.32345E-06   6.08632E-04
 7.37000E+01   5.72163E-05  -6.31738E-03   7.39655E-05  -1.30667E-02   8.46552E-05  -2.00599E-02   8.78381E-05  -2.58859E-02   8.30449E-05  -2.94394E-02   7.07449E-05  -3.00077E-02   5.22211E-05  -2.73236E-02   2.93755E-05  -2.15731E-02   4.49029E-06  -1.33550E-02  -2.00312E-05  -3.59398E-03  -4.19172E-05   6.58406E-03  -5.92518E-05   1.59988E-02  -7.06529E-05   2.35692E-02  -7.53938E-05   2.84560E-02  -7.34622E-05   3.01754E-02  -6.55590E-05   2.86738E-02  -5.30445E-05   2.43534E-02  -3.78418E-05   1.80507E-02  -2.23141E-05   1.09718E-02  -9.12996E-06   4.59856E-03  -1.13696E-06   5.83692E-04
 7.42000E+01   5.33426E-05  -5.53049E-03   6.85576E-05  -1.20192E-02   7.80241E-05  -1.88297E-02   8.04965E-05  -2.45784E-02   7.56377E-05  -2.81730E-02   6.39689E-05  -2.88989E-02   4.67419E-05  -2.64735E-02   2.57492E-05  -2.10568E-02   3.09724E-06  -1.32141E-02  -1.90320E-05  -3.83278E-03  -3.86091E-05   5.99764E-03  -5.39536E-05   1.51290E-02  -6.38845E-05   2.25049E-02  -6.78170E-05   2.73004E-02  -6.58029E-05   2.90349E-02  -5.85185E-05   2.76456E-02  -4.72080E-05   2.35146E-02  -3.35941E-05   1.74483E-02  -1.97680E-05   1.06147E-02  -8.07431E-06   4.45181E-03  -1.00409E-06   5.65352E-04
 7.47000E+01   5.00160E-05  -4.80221E-03   6.39035E-05  -1.10529E-02   7.23052E-05  -1.76983E-02   7.41517E-05  -2.33798E-02   6.92220E-05  -2.70158E-02   5.80854E-05  -2.78894E-02   4.19695E-05  -2.57032E-02   2.25743E-05  -2.05929E-02   1.85587E-06  -1.30927E-02  -1.81954E-05  -4.05614E-03  -3.57610E-05   5.46018E-03  -4.93665E-05   1.43369E-02  -5.80077E-05   2.15393E-02  -6.12256E-05   2.62550E-02  -5.91300E-05   2.80053E-02  -5.23775E-05   2.67192E-02  -4.21124E-05   2.27602E-02  -2.98828E-05   1.69072E-02  -1.75421E-05   1.02942E-02  -7.15093E-06   4.32024E-03  -8.87821E-07   5.48921E-04
 7.53000E+01   4.66192E-05  -3.99474E-03   5.91381E-05  -9.98555E-03   6.64343E-05  -1.64531E-02   6.76208E-05  -2.20653E-02   6.25997E-05  -2.57516E-02   5.19935E-05  -2.67913E-02   3.70086E-05  -2.48701E-02   1.92529E-05  -2.00962E-02   5.29116E-07  -1.29696E-02  -1.73696E-05  -4.30697E-03  -3.28437E-05   4.87069E-03  -4.46340E-05   1.34747E-02  -5.19225E-05   2.04931E-02  -5.43838E-05   2.51260E-02  -5.21910E-05   2.68966E-02  -4.59824E-05   2.57238E-02  -3.67998E-05   2.19511E-02  -2.60096E-05   1.63279E-02  -1.52173E-05   9.95160E-03  -6.18595E-06   4.17974E-03  -7.66254E-07   5.31391E-04
 7.58000E+01   4.42011E-05  -3.36970E-03   5.57348E-05  -9.16247E-03   6.22284E-05  -1.54966E-02   6.29277E-05  -2.10593E-02   5.78255E-05  -2.47881E-02   4.75857E-05  -2.59584E-02   3.34030E-05  -2.42421E-02   1.68213E-05  -1.97260E-02  -4.65401E-07  -1.28837E-02  -1.68058E-05  -4.50387E-03  -3.07593E-05   4.41934E-03  -4.12241E-05   1.28200E-02  -4.75193E-05   1.97026E-02  -4.94192E-05   2.42762E-02  -4.71453E-05   2.60646E-02  -4.13244E-05   2.49789E-02  -3.29251E-05   2.13469E-02  -2.31817E-05   1.58961E-02  -1.35184E-05   9.69663E-03  -5.48026E-06   4.07530E-03  -6.77303E-07   5.18375E-04
 7.64000E+01   4.17103E-05  -2.66908E-03   5.22163E-05  -8.24348E-03   5.78646E-05  -1.44326E-02   5.80409E-05  -1.99448E-02   5.28358E-05  -2.37253E-02   4.29601E-05  -2.50443E-02   2.95998E-05  -2.35576E-02   1.42355E-05  -1.93276E-02  -1.55039E-06  -1.27985E-02  -1.62544E-05  -4.72797E-03  -2.86033E-05   3.91889E-03  -3.76624E-05   1.21005E-02  -4.28979E-05   1.88386E-02  -4.41919E-05   2.33514E-02  -4.18198E-05   2.51622E-02  -3.63990E-05   2.41732E-02  -2.88217E-05   2.06950E-02  -2.01832E-05   1.54312E-02  -1.17153E-05   9.42262E-03  -4.73065E-06   3.96323E-03  -5.82757E-07   5.04425E-04
 7.69000E+01   3.99247E-05  -2.12121E-03   4.96829E-05  -7.52770E-03   5.47096E-05  -1.36073E-02   5.44931E-05  -1.90840E-02   4.91977E-05  -2.29081E-02   3.95715E-05  -2.43453E-02   2.67975E-05  -2.30381E-02   1.23128E-05  -1.90295E-02  -2.37985E-06  -1.27409E-02  -1.58843E-05  -4.90611E-03  -2.70502E-05   3.53178E-03  -3.50673E-05   1.15492E-02  -3.95118E-05   1.81807E-02  -4.03478E-05   2.26503E-02  -3.78929E-05   2.44807E-02  -3.27594E-05   2.35668E-02  -2.57843E-05   2.02058E-02  -1.79606E-05   1.50831E-02  -1.03771E-05   9.21786E-03  -4.17388E-06   3.87963E-03  -5.12483E-07   4.94032E-04
 7.75000E+01   3.80762E-05  -1.50130E-03   4.70471E-05  -6.72108E-03   5.14111E-05  -1.26810E-02   5.07663E-05  -1.81220E-02   4.53573E-05  -2.19994E-02   3.59753E-05  -2.35725E-02   2.38040E-05  -2.24685E-02   1.02380E-05  -1.87079E-02  -3.30177E-06  -1.26863E-02  -1.55320E-05  -5.11123E-03  -2.54335E-05   3.09844E-03  -3.23298E-05   1.09385E-02  -3.59171E-05   1.74566E-02  -3.62501E-05   2.18826E-02  -3.36941E-05   2.37377E-02  -2.88584E-05   2.29079E-02  -2.25225E-05   1.96759E-02  -1.55701E-05   1.47071E-02  -8.93620E-06   8.99719E-03  -3.57374E-06   3.78970E-03  -4.36674E-07   4.82870E-04
 7.80000E+01   3.67468E-05  -1.01223E-03   4.51402E-05  -6.08732E-03   4.90112E-05  -1.19563E-02   4.80398E-05  -1.73728E-02   4.25318E-05  -2.12954E-02   3.33132E-05  -2.29776E-02   2.15716E-05  -2.20338E-02   8.67332E-06  -1.84669E-02  -4.01925E-06  -1.26520E-02  -1.53054E-05  -5.27608E-03  -2.42634E-05   2.76017E-03  -3.03174E-05   1.04671E-02  -3.32552E-05   1.69016E-02  -3.32013E-05   2.12975E-02  -3.05594E-05   2.31739E-02  -2.59382E-05   2.24101E-02  -2.00757E-05   1.92769E-02  -1.37737E-05   1.44249E-02  -7.85191E-06   8.83200E-03  -3.12163E-06   3.72253E-03  -3.79516E-07   4.74548E-04
 7.86000E+01   3.53691E-05  -4.54285E-04   4.31500E-05  -5.36727E-03   4.64901E-05  -1.11365E-02   4.51572E-05  -1.65293E-02   3.95252E-05  -2.05069E-02   3.04608E-05  -2.23158E-02   1.91599E-05  -2.15550E-02   6.96208E-06  -1.82068E-02  -4.83030E-06  -1.26230E-02  -1.51038E-05  -5.46784E-03  -2.30416E-05   2.37823E-03  -2.81780E-05   9.94101E-03  -3.04018E-05   1.62871E-02  -2.99159E-05   2.06536E-02  -2.71684E-05   2.25569E-02  -2.27699E-05   2.18676E-02  -1.74146E-05   1.88439E-02  -1.18164E-05   1.41197E-02  -6.66865E-06   8.65389E-03  -2.62768E-06   3.65029E-03  -3.17008E-07   4.65616E-04
 7.91000E+01   3.43792E-05  -1.06707E-05   4.17082E-05  -4.79714E-03   4.46495E-05  -1.04902E-02   4.30370E-05  -1.58676E-02   3.72972E-05  -1.98919E-02   2.83304E-05  -2.18033E-02   1.73420E-05  -2.11882E-02   5.65463E-06  -1.80121E-02  -5.47177E-06  -1.26084E-02  -1.49880E-05  -5.62344E-03  -2.21561E-05   2.07762E-03  -2.65942E-05   9.53213E-03  -2.82693E-05   1.58135E-02  -2.74460E-05   2.01607E-02  -2.46082E-05   2.20872E-02  -2.03699E-05   2.14569E-02  -1.53936E-05   1.85176E-02  -1.03268E-05   1.38906E-02  -5.76665E-06   8.52066E-03  -2.25063E-06   3.59641E-03  -2.69245E-07   4.58971E-04
 7.97000E+01   3.33570E-05   4.99128E-04   4.02043E-05  -4.14467E-03   4.27122E-05  -9.75391E-03   4.07860E-05  -1.51174E-02   3.49117E-05  -1.91989E-02   2.60290E-05  -2.12303E-02   1.53579E-05  -2.07828E-02   4.20664E-06  -1.78024E-02  -6.20805E-06  -1.26014E-02  -1.49051E-05  -5.80608E-03  -2.12322E-05   1.73552E-03  -2.49003E-05   9.07298E-03  -2.59640E-05   1.52865E-02  -2.47581E-05   1.96163E-02  -2.18087E-05   2.15719E-02  -1.77362E-05   2.10088E-02  -1.31694E-05   1.81634E-02  -8.68376E-06   1.36431E-02  -4.76995E-06   8.37730E-03  -1.83341E-06   3.53864E-03  -2.16334E-07   4.51866E-04
 8.03000E+01   3.24935E-05   9.87245E-04   3.89170E-05  -3.52276E-03   4.10341E-05  -9.05558E-03   3.88144E-05  -1.44100E-02   3.27995E-05  -1.85499E-02   2.39688E-05  -2.06984E-02   1.35594E-05  -2.04117E-02   2.87111E-06  -1.76166E-02  -6.91498E-06  -1.26054E-02  -1.48775E-05  -5.98516E-03  -2.04413E-05   1.41133E-03  -2.34026E-05   8.64450E-03  -2.38982E-05   1.48000E-02  -2.23298E-05   1.91182E-02  -1.92651E-05   2.11041E-02  -1.53328E-05   2.06050E-02  -1.11329E-05   1.78463E-02  -7.17525E-06   1.34228E-02  -3.85290E-06   8.25037E-03  -1.44889E-06   3.48771E-03  -1.67506E-07   4.45626E-04
 8.09000E+01   3.17696E-05   1.45637E-03   3.78197E-05  -2.92773E-03   3.95825E-05  -8.39079E-03   3.70863E-05  -1.37405E-02   3.09248E-05  -1.79400E-02   2.21169E-05  -2.02033E-02   1.19201E-05  -2.00715E-02   1.63067E-06  -1.74527E-02  -7.59910E-06  -1.26195E-02  -1.49001E-05  -6.16156E-03  -1.97670E-05   1.10279E-03  -2.20754E-05   8.24329E-03  -2.20391E-05   1.43498E-02  -2.01244E-05   1.86618E-02  -1.69403E-05   2.06793E-02  -1.31255E-05   2.02414E-02  -9.25564E-06   1.75630E-02  -5.78071E-06   1.32273E-02  -3.00320E-06   8.13841E-03  -1.09197E-06   3.44303E-03  -1.22118E-07   4.40177E-04
 8.15000E+01   3.11692E-05   1.90886E-03   3.68901E-05  -2.35637E-03   3.83307E-05  -7.75565E-03   3.55719E-05  -1.31047E-02   2.92575E-05  -1.73651E-02   2.04459E-05  -1.97414E-02   1.04178E-05  -1.97594E-02   4.70657E-07  -1.73088E-02  -8.26605E-06  -1.26434E-02  -1.49688E-05  -6.33604E-03  -1.91961E-05   8.07948E-04  -2.08971E-05   7.86642E-03  -2.03592E-05   1.39322E-02  -1.81112E-05   1.82431E-02  -1.48030E-05   2.02936E-02  -1.10858E-05   1.99143E-02  -7.51394E-06   1.73104E-02  -4.48279E-06   1.30545E-02  -2.21042E-06   8.04018E-03  -7.58318E-07   3.40409E-03  -7.96262E-08   4.35455E-04
 8.20000E+01   3.07536E-05   2.27472E-03   3.62303E-05  -1.89624E-03   3.74236E-05  -7.24657E-03   3.44551E-05  -1.25979E-02   2.80082E-05  -1.69101E-02   1.91749E-05  -1.93796E-02   9.25705E-06  -1.95191E-02  -4.43626E-07  -1.72031E-02  -8.81228E-06  -1.26705E-02  -1.50590E-05  -6.48047E-03  -1.87912E-05   5.71455E-04  -2.00159E-05   7.56907E-03  -1.90794E-05   1.36069E-02  -1.65613E-05   1.79206E-02  -1.31461E-05   1.99995E-02  -9.49641E-06   1.96675E-02  -6.15138E-06   1.71216E-02  -3.46430E-06   1.29265E-02  -1.58684E-06   7.96803E-03  -4.95389E-07   3.37570E-03  -4.60931E-08   4.32035E-04
 8.26000E+01   3.03470E-05   2.70191E-03   3.55629E-05  -1.36113E-03   3.64820E-05  -6.65727E-03   3.32708E-05  -1.20147E-02   2.66588E-05  -1.63904E-02   1.77785E-05  -1.89705E-02   7.95949E-06  -1.92523E-02  -1.48726E-06  -1.70923E-02  -9.46009E-06  -1.27112E-02  -1.52046E-05  -6.65318E-03  -1.83822E-05   2.97378E-04  -1.90661E-05   7.23034E-03  -1.76707E-05   1.32413E-02  -1.48357E-05   1.75625E-02  -1.12871E-05   1.96769E-02  -7.70331E-06   1.93998E-02  -4.60780E-06   1.69191E-02  -2.30680E-06   1.27908E-02  -8.76376E-07   7.89231E-03  -1.95243E-07   3.34618E-03  -7.75623E-09   4.28507E-04
 8.32000E+01   3.00321E-05   3.11774E-03   3.50187E-05  -8.42455E-04   3.56854E-05  -6.08900E-03   3.22396E-05  -1.14558E-02   2.54554E-05  -1.58965E-02   1.65065E-05  -1.85866E-02   6.75293E-06  -1.90075E-02  -2.48140E-06  -1.69977E-02  -1.01033E-05  -1.27606E-02  -1.53889E-05  -6.82578E-03  -1.80497E-05   3.25918E-05  -1.82213E-05   6.90942E-03  -1.63845E-05   1.29003E-02  -1.32382E-05   1.72335E-02  -9.55074E-06   1.93849E-02  -6.01764E-06   1.91611E-02  -3.14971E-06   1.67413E-02  -1.20936E-06   1.26732E-02  -2.00860E-07   7.82766E-03   9.07641E-08   3.32131E-03   2.88366E-08   4.25571E-04
 8.38000E+01   2.98008E-05   3.52372E-03   3.45867E-05  -3.38185E-04   3.50202E-05  -5.53931E-03   3.13463E-05  -1.09186E-02   2.43825E-05  -1.54260E-02   1.53446E-05  -1.82256E-02   5.62539E-06  -1.87829E-02  -3.43431E-06  -1.69184E-02  -1.07454E-05  -1.28185E-02  -1.56104E-05  -6.99881E-03  -1.77870E-05  -2.24148E-04  -1.74706E-05   6.60450E-03  -1.52064E-05   1.25819E-02  -1.17523E-05   1.69313E-02  -7.91989E-06   1.91211E-02  -4.42357E-06   1.89492E-02  -1.76385E-06   1.65863E-02  -1.62269E-07   1.25727E-02   4.45572E-07   7.77340E-03   3.65079E-07   3.30081E-03   6.39946E-08   4.23190E-04
 8.44000E+01   2.96468E-05   3.92119E-03   3.42577E-05   1.53516E-04   3.44749E-05  -5.00602E-03   3.05780E-05  -1.04010E-02   2.34268E-05  -1.49766E-02   1.42802E-05  -1.78856E-02   4.56647E-06  -1.85770E-02  -4.35324E-06  -1.68535E-02  -1.13898E-05  -1.28847E-02  -1.58681E-05  -7.17280E-03  -1.75887E-05  -4.73966E-04  -1.68043E-05   6.31399E-03  -1.41237E-05   1.22840E-02  -1.03636E-05   1.66539E-02  -6.37976E-06   1.88836E-02  -2.90728E-06   1.87625E-02  -4.38618E-07   1.64528E-02   8.43019E-07   1.24882E-02   1.06808E-06   7.72892E-03   6.29858E-07   3.28443E-03   9.79907E-08   4.21335E-04
 8.51000E+01   2.95573E-05   4.37580E-03   3.39939E-05   7.13492E-04   3.39776E-05  -4.40198E-03   2.98252E-05  -9.81875E-03   2.24451E-05  -1.44763E-02   1.31476E-05  -1.75130E-02   3.40580E-06  -1.83587E-02  -5.39093E-06  -1.67951E-02  -1.21486E-05  -1.29724E-02  -1.62136E-05  -7.37762E-03  -1.74326E-05  -7.58030E-04  -1.61232E-05   5.99134E-03  -1.29670E-05   1.19603E-02  -8.84981E-06   1.63590E-02  -4.68041E-06   1.86375E-02  -1.22040E-06   1.85743E-02   1.04450E-06   1.63226E-02   1.97308E-06   1.24087E-02   1.77022E-06   7.68873E-03   9.29266E-07   3.27025E-03   1.36508E-07   4.19799E-04
 8.57000E+01   2.95531E-05   4.75893E-03   3.38634E-05   1.18348E-03   3.36613E-05  -3.89773E-03   2.92926E-05  -9.33623E-03   2.17068E-05  -1.40659E-02   1.22599E-05  -1.72126E-02   2.46602E-06  -1.81891E-02  -6.25746E-06  -1.67591E-02  -1.28083E-05  -1.30563E-02  -1.65477E-05  -7.55530E-03  -1.73592E-05  -9.96242E-04  -1.56141E-05   5.72727E-03  -1.20560E-05   1.17015E-02  -7.63097E-06   1.61291E-02  -3.29440E-06   1.84512E-02   1.67321E-07   1.84370E-02   2.27211E-06   1.62315E-02   2.91271E-06   1.23561E-02   2.35603E-06   7.66380E-03   1.17972E-06   3.26212E-03   1.68790E-07   4.18998E-04
 8.63000E+01   2.96120E-05   5.13711E-03   3.38158E-05   1.64569E-03   3.34396E-05  -3.40422E-03   2.88560E-05  -8.86715E-03   2.10553E-05  -1.36709E-02   1.14406E-05  -1.69282E-02   1.56978E-06  -1.80346E-02  -7.10828E-06  -1.67355E-02  -1.34795E-05  -1.31482E-02  -1.69169E-05  -7.73539E-03  -1.73384E-05  -1.23049E-03  -1.51678E-05   5.47352E-03  -1.12111E-05   1.14584E-02  -6.47476E-06   1.59190E-02  -1.96295E-06   1.82864E-02   1.51143E-06   1.83205E-02   3.46805E-06   1.61586E-02   3.83199E-06   1.23171E-02   2.93097E-06   7.64729E-03   1.42611E-06   3.25756E-03   2.00606E-07   4.18654E-04
 8.69000E+01   2.97311E-05   5.51131E-03   3.38470E-05   2.10142E-03   3.33071E-05  -2.91996E-03   2.85090E-05  -8.40995E-03   2.04838E-05  -1.32898E-02   1.06829E-05  -1.66586E-02   7.10980E-07  -1.78944E-02  -7.94813E-06  -1.67239E-02  -1.41651E-05  -1.32483E-02  -1.73214E-05  -7.91833E-03  -1.73678E-05  -1.46156E-03  -1.47796E-05   5.22902E-03  -1.04250E-05   1.12300E-02  -5.37277E-06   1.57273E-02  -6.77089E-07   1.81420E-02   2.82053E-06   1.82240E-02   4.63970E-06   1.61031E-02   4.73645E-06   1.22912E-02   3.49842E-06   7.63888E-03   1.66986E-06   3.25645E-03   2.32137E-07   4.18751E-04
 8.75000E+01   2.99084E-05   5.88241E-03   3.39536E-05   2.55184E-03   3.32594E-05  -2.44358E-03   2.82464E-05  -7.96320E-03   1.99862E-05  -1.29213E-02   9.98072E-06  -1.64028E-02  -1.15888E-07  -1.77676E-02  -8.78139E-06  -1.67239E-02  -1.48676E-05  -1.33565E-02  -1.77620E-05  -8.10457E-03  -1.74457E-05  -1.69021E-03  -1.44453E-05   4.99282E-03  -9.69188E-06   1.10151E-02  -4.31749E-06   1.55531E-02   5.71321E-07   1.80169E-02   4.10250E-06   1.81465E-02   5.79386E-06   1.60642E-02   5.63118E-06   1.22780E-02   4.06154E-06   7.63835E-03   1.91232E-06   3.25868E-03   2.63555E-07   4.19279E-04
 8.82000E+01   3.01865E-05   6.31256E-03   3.41701E-05   3.07212E-03   3.33065E-05  -1.89603E-03   2.80409E-05  -7.45342E-03   1.94928E-05  -1.25055E-02   9.22488E-06  -1.61203E-02  -1.04681E-06  -1.76359E-02  -9.75071E-06  -1.67383E-02  -1.57124E-05  -1.34932E-02  -1.83225E-05  -8.32656E-03  -1.75960E-05  -1.95482E-03  -1.41188E-05   4.72659E-03  -8.89614E-06   1.07802E-02  -3.13636E-06   1.53706E-02   1.99035E-06   1.78943E-02   5.57353E-06   1.80793E-02   7.12672E-06   1.60393E-02   6.66916E-06   1.22782E-02   4.71697E-06   7.64739E-03   2.19522E-06   3.26542E-03   3.00281E-07   4.20426E-04
 8.88000E+01   3.04848E-05   6.67979E-03   3.44326E-05   3.51481E-03   3.34319E-05  -1.43237E-03   2.79473E-05  -7.02484E-03   1.91396E-05  -1.21601E-02   8.62608E-06  -1.58908E-02  -1.82095E-06  -1.75361E-02  -1.05836E-05  -1.67626E-02  -1.64611E-05  -1.36194E-02  -1.88441E-05  -8.52138E-03  -1.77750E-05  -2.18055E-03  -1.38901E-05   4.50545E-03  -8.25977E-06   1.05915E-02  -2.15984E-06   1.52310E-02   3.18238E-06   1.78084E-02   6.82105E-06   1.80409E-02   8.26425E-06   1.60349E-02   7.55898E-06   1.22914E-02   5.28068E-06   7.66327E-03   2.43911E-06   3.27467E-03   3.31999E-07   4.21857E-04
 8.94000E+01   3.08379E-05   7.04646E-03   3.47649E-05   3.95556E-03   3.36337E-05  -9.72742E-04   2.79270E-05  -6.60278E-03   1.88472E-05  -1.18236E-02   8.06837E-06  -1.56721E-02  -2.57750E-06  -1.74480E-02  -1.14223E-05  -1.67978E-02  -1.72356E-05  -1.37541E-02  -1.94052E-05  -8.72085E-03  -1.79997E-05  -2.40596E-03  -1.37061E-05   4.29006E-03  -7.66117E-06   1.04136E-02  -1.21054E-06   1.51062E-02   4.35871E-06   1.77395E-02   8.06299E-06   1.80197E-02   9.40323E-06   1.60458E-02   8.45353E-06   1.23164E-02   5.84903E-06   7.68653E-03   2.68552E-06   3.28708E-03   3.64096E-07   4.23697E-04
 9.01000E+01   3.13188E-05   7.47452E-03   3.52401E-05   4.46858E-03   3.39644E-05  -4.40140E-04   2.79934E-05  -6.11716E-03   1.85791E-05  -1.14411E-02   7.46497E-06  -1.54298E-02  -3.44300E-06  -1.73592E-02  -1.24132E-05  -1.68524E-02  -1.81756E-05  -1.39223E-02  -2.01120E-05  -8.96004E-03  -1.83197E-05  -2.66936E-03  -1.35454E-05   4.04508E-03  -7.00560E-06   1.02188E-02  -1.30557E-07   1.49784E-02   5.71925E-06   1.76800E-02   9.51302E-06   1.80163E-02   1.07412E-05   1.60777E-02   9.50878E-06   1.23602E-02   6.52149E-06   7.72290E-03   2.97773E-06   3.30553E-03   4.02219E-07   4.26358E-04
 9.07000E+01   3.17907E-05   7.84249E-03   3.57226E-05   4.90838E-03   3.43288E-05   1.44611E-05   2.81259E-05  -5.70553E-03   1.84095E-05  -1.11207E-02   6.98479E-06  -1.52321E-02  -4.17427E-06  -1.72948E-02  -1.32771E-05  -1.69109E-02  -1.90162E-05  -1.40762E-02  -2.07647E-05  -9.17112E-03  -1.86439E-05  -2.89617E-03  -1.34522E-05   3.83977E-03  -6.47657E-06   1.00621E-02   7.77028E-07   1.48836E-02   6.88183E-06   1.76464E-02   1.07636E-05   1.80312E-02   1.19019E-05   1.61211E-02   1.04280E-05   1.24103E-02   7.10898E-06   7.76197E-03   3.23354E-06   3.32475E-03   4.35645E-07   4.29079E-04
 9.14000E+01   3.24118E-05   8.27403E-03   3.63741E-05   5.42282E-03   3.48486E-05   5.44022E-04   2.83679E-05  -5.22929E-03   1.82792E-05  -1.07547E-02   6.46397E-06  -1.50125E-02  -5.01984E-06  -1.72327E-02  -1.43073E-05  -1.69926E-02  -2.00419E-05  -1.42674E-02  -2.15841E-05  -9.42513E-03  -1.90814E-05  -3.16283E-03  -1.33939E-05   3.60483E-03  -5.89361E-06   9.89032E-03   1.82110E-06   1.47895E-02   8.24175E-06   1.76270E-02   1.22398E-05   1.80692E-02   1.32799E-05   1.61904E-02   1.15235E-05   1.24833E-02   7.81102E-06   7.81676E-03   3.53984E-06   3.35115E-03   4.75727E-07   4.32771E-04
 9.21000E+01   3.31109E-05   8.70905E-03   3.71228E-05   5.94009E-03   3.54716E-05   1.07422E-03   2.87038E-05  -4.75589E-03   1.82200E-05  -1.03956E-02   5.98205E-06  -1.48039E-02  -5.86217E-06  -1.71845E-02  -1.53671E-05  -1.70889E-02  -2.11217E-05  -1.44718E-02  -2.24698E-05  -9.68824E-03  -1.95846E-05  -3.43258E-03  -1.33889E-05   3.37394E-03  -5.34353E-06   9.72978E-03   2.85577E-06   1.47127E-02   9.61372E-06   1.76287E-02   1.37432E-05   1.81294E-02   1.46916E-05   1.62799E-02   1.26502E-05   1.25722E-02   8.53508E-06   7.88156E-03   3.85638E-06   3.38188E-03   5.17209E-07   4.37027E-04
 9.27000E+01   3.37743E-05   9.08552E-03   3.78441E-05   6.38678E-03   3.60893E-05   1.53036E-03   2.90671E-05  -4.35127E-03   1.82250E-05  -1.00925E-02   5.59744E-06  -1.46331E-02  -6.58542E-06  -1.71538E-02  -1.63035E-05  -1.71833E-02  -2.20946E-05  -1.46578E-02  -2.32854E-05  -9.92162E-03  -2.00699E-05  -3.66697E-03  -1.34266E-05   3.17858E-03  -4.89534E-06   9.60055E-03   3.74017E-06   1.46601E-02   1.08058E-05   1.76468E-02   1.50606E-05   1.81984E-02   1.59350E-05   1.63727E-02   1.36460E-05   1.26609E-02   9.17660E-06   7.94516E-03   4.13732E-06   3.41172E-03   5.54073E-07   4.41130E-04
 9.34000E+01   3.46261E-05   9.52996E-03   3.87820E-05   6.91306E-03   3.69107E-05   2.06585E-03   2.95803E-05  -3.87924E-03   1.82954E-05  -9.74324E-03   5.17944E-06  -1.44427E-02  -7.43505E-06  -1.71303E-02  -1.74344E-05  -1.73073E-02  -2.32908E-05  -1.48880E-02  -2.43074E-05  -1.02039E-02  -2.07020E-05  -3.94497E-03  -1.35194E-05   2.95287E-03  -4.39662E-06   9.45899E-03   4.77481E-06   1.46141E-02   1.22229E-05   1.76871E-02   1.66394E-05   1.82995E-02   1.74326E-05   1.65000E-02   1.48493E-05   1.27796E-02   9.95351E-06   8.02895E-03   4.47811E-06   3.45070E-03   5.98841E-07   4.46462E-04
 9.41000E+01   3.55659E-05   9.98110E-03   3.98280E-05   7.44627E-03   3.78445E-05   2.60644E-03   3.01925E-05  -3.40586E-03   1.84356E-05  -9.39761E-03   4.79214E-06  -1.42612E-02  -8.29572E-06  -1.71199E-02  -1.86128E-05  -1.74466E-02  -2.45595E-05  -1.51331E-02  -2.54112E-05  -1.04977E-02  -2.14085E-05  -4.22878E-03  -1.36655E-05   2.72875E-03  -3.92095E-06   9.32678E-03   5.81865E-06   1.45842E-02   1.36770E-05   1.77481E-02   1.82729E-05   1.84230E-02   1.89896E-05   1.66482E-02   1.61045E-05   1.29147E-02   1.07658E-05   8.12330E-03   4.83498E-06   3.49429E-03   6.45777E-07   4.52397E-04
 9.47000E+01   3.64454E-05   1.03740E-02   4.08153E-05   7.90994E-03   3.87384E-05   3.07504E-03   3.07986E-05  -2.99794E-03   1.86120E-05  -9.10340E-03   4.48298E-06  -1.41121E-02  -9.04604E-06  -1.71213E-02  -1.96662E-05  -1.75786E-02  -2.57105E-05  -1.53556E-02  -2.64276E-05  -1.07595E-02  -2.20767E-05  -4.47743E-03  -1.38337E-05   2.53727E-03  -3.52943E-06   9.22050E-03   6.72561E-06   1.45712E-02   1.49596E-05   1.78171E-02   1.97243E-05   1.85470E-02   2.03791E-05   1.67921E-02   1.72278E-05   1.30440E-02   1.14941E-05   8.21283E-03   5.15541E-06   3.53543E-03   6.87963E-07   4.57979E-04
 9.54000E+01   3.75629E-05   1.08408E-02   4.20789E-05   8.45998E-03   3.98964E-05   3.62930E-03   3.16050E-05  -2.51819E-03   1.88851E-05  -8.76156E-03   4.14727E-06  -1.39452E-02  -9.94070E-06  -1.71349E-02  -2.09524E-05  -1.77475E-02  -2.71353E-05  -1.56306E-02  -2.77022E-05  -1.10777E-02  -2.29341E-05  -4.77474E-03  -1.40818E-05   2.31390E-03  -3.08921E-06   9.10430E-03   7.80388E-06   1.45709E-02   1.65068E-05   1.79171E-02   2.14872E-05   1.87132E-02   2.20736E-05   1.69802E-02   1.86012E-05   1.32111E-02   1.23862E-05   8.32773E-03   5.54841E-06   3.58800E-03   7.39751E-07   4.65091E-04
 9.61000E+01   3.87858E-05   1.13179E-02   4.34709E-05   9.02135E-03   4.11856E-05   4.19331E-03   3.25238E-05  -2.03287E-03   1.92328E-05  -8.42018E-03   3.83695E-06  -1.37855E-02  -1.08613E-05  -1.71616E-02  -2.23081E-05  -1.79333E-02  -2.86571E-05  -1.59230E-02  -2.90808E-05  -1.14104E-02  -2.38812E-05  -5.08085E-03  -1.43876E-05   2.08974E-03  -2.66446E-06   8.99609E-03   8.91041E-06   1.45865E-02   1.81185E-05   1.80388E-02   2.33364E-05   1.89033E-02   2.38582E-05   1.71910E-02   2.00515E-05   1.33963E-02   1.33299E-05   8.45432E-03   5.96466E-06   3.64569E-03   7.94652E-07   4.72875E-04
 9.68000E+01   4.01222E-05   1.18065E-02   4.50008E-05   9.59571E-03   4.26153E-05   4.76880E-03   3.35619E-05  -1.54043E-03   1.96584E-05  -8.07815E-03   3.55071E-06  -1.36324E-02  -1.18136E-05  -1.72014E-02  -2.37423E-05  -1.81365E-02  -3.02866E-05  -1.62340E-02  -3.05734E-05  -1.17592E-02  -2.49252E-05  -5.39693E-03  -1.47540E-05   1.86397E-03  -2.25287E-06   8.89549E-03   1.00524E-05   1.46181E-02   1.98056E-05   1.81825E-02   2.52847E-05   1.91180E-02   2.57455E-05   1.74253E-02   2.15888E-05   1.36004E-02   1.43319E-05   8.59314E-03   6.40713E-06   3.70876E-03   8.53061E-07   4.81367E-04
 9.75000E+01   4.15815E-05   1.23082E-02   4.66799E-05   1.01848E-02   4.41965E-05   5.35764E-03   3.47277E-05  -1.03925E-03   2.01661E-05  -7.73434E-03   3.28747E-06  -1.34855E-02  -1.28036E-05  -1.72546E-02  -2.52650E-05  -1.83580E-02  -3.20357E-05  -1.65647E-02  -3.21912E-05  -1.21252E-02  -2.60743E-05  -5.72420E-03  -1.51846E-05   1.63573E-03  -1.85224E-06   8.80216E-03   1.12376E-05   1.46659E-02   2.15802E-05   1.83489E-02   2.73462E-05   1.93585E-02   2.77492E-05   1.76841E-02   2.32246E-05   1.38244E-02   1.53997E-05   8.74482E-03   6.87914E-06   3.77749E-03   9.15415E-07   4.90602E-04
 9.82000E+01   4.31748E-05   1.28244E-02   4.85212E-05   1.07907E-02   4.59418E-05   5.96177E-03   3.60311E-05  -5.27625E-04   2.07608E-05  -7.38758E-03   3.04640E-06  -1.33442E-02  -1.38382E-05  -1.73215E-02  -2.68875E-05  -1.85988E-02  -3.39178E-05  -1.69166E-02  -3.39472E-05  -1.25100E-02  -2.73382E-05  -6.06399E-03  -1.56835E-05   1.40412E-03  -1.46045E-06   8.71582E-03   1.24744E-05   1.47303E-02   2.34553E-05   1.85390E-02   2.95364E-05   1.96258E-02   2.98847E-05   1.79687E-02   2.49715E-05   1.40693E-02   1.65415E-05   8.91008E-03   7.38439E-06   3.85219E-03   9.82206E-07   5.00626E-04
 9.89000E+01   4.49148E-05   1.33569E-02   5.05397E-05   1.14152E-02   4.78660E-05   6.58331E-03   3.74838E-05  -3.75031E-06   2.14488E-05  -7.03665E-03   2.82689E-06  -1.32082E-02  -1.49244E-05  -1.74024E-02  -2.86222E-05  -1.88599E-02  -3.59481E-05  -1.72912E-02  -3.58559E-05  -1.29154E-02  -2.87281E-05  -6.41774E-03  -1.62560E-05   1.16821E-03  -1.07543E-06   8.63618E-03   1.37717E-05   1.48117E-02   2.54454E-05   1.87538E-02   3.18730E-05   1.99214E-02   3.21694E-05   1.82805E-02   2.68438E-05   1.43363E-02   1.77669E-05   9.08973E-03   7.92703E-06   3.93325E-03   1.05399E-06   5.11488E-04
 9.96000E+01   4.68162E-05   1.39076E-02   5.27531E-05   1.20607E-02   4.99863E-05   7.22451E-03   3.90995E-05   5.34308E-04   2.22374E-05  -6.68029E-03   2.62858E-06  -1.30771E-02  -1.60705E-05  -1.74979E-02  -3.04833E-05  -1.91426E-02  -3.81437E-05  -1.76902E-02  -3.79344E-05  -1.33430E-02  -3.02568E-05  -6.78701E-03  -1.69082E-05   9.27014E-04  -6.95132E-07   8.56305E-03   1.51397E-05   1.49107E-02   2.75669E-05   1.89944E-02   3.43753E-05   2.02467E-02   3.46225E-05   1.86212E-02   2.88575E-05   1.46268E-02   1.90862E-05   9.28474E-03   8.51178E-06   4.02109E-03   1.13138E-06   5.23245E-04
 1.00400E+02   4.92087E-05   1.45616E-02   5.55473E-05   1.28271E-02   5.26755E-05   7.98456E-03   4.11660E-05   1.16928E-03   2.32733E-05  -6.26463E-03   2.42771E-06  -1.29326E-02  -1.74651E-05  -1.76255E-02  -3.27856E-05  -1.94939E-02  -4.08811E-05  -1.81786E-02  -4.05425E-05  -1.38616E-02  -3.21930E-05  -7.23025E-03  -1.77604E-05   6.43546E-04  -2.63658E-07   8.48718E-03   1.68040E-05   1.50463E-02   3.01759E-05   1.93028E-02   3.74665E-05   2.06575E-02   3.76607E-05   1.90485E-02   3.13555E-05   1.49897E-02   2.07246E-05   9.52777E-03   9.23851E-06   4.13039E-03   1.22762E-06   5.37861E-04
 1.01100E+02   5.15166E-05   1.51579E-02   5.82505E-05   1.35259E-02   5.52877E-05   8.67649E-03   4.31880E-05   1.74499E-03   2.43092E-05  -5.89195E-03   2.27463E-06  -1.28106E-02  -1.87712E-05  -1.77543E-02  -3.49744E-05  -1.98279E-02  -4.35015E-05  -1.86367E-02  -4.30534E-05  -1.43442E-02  -3.40722E-05  -7.63878E-03  -1.86094E-05   3.87391E-04   1.13496E-07   8.42738E-03   1.83627E-05   1.51855E-02   3.26436E-05   1.96039E-02   4.04025E-05   2.10534E-02   4.05529E-05   1.94578E-02   3.37368E-05   1.53364E-02   2.22881E-05   9.75946E-03   9.93247E-06   4.23446E-03   1.31956E-06   5.51764E-04
 1.01800E+02   5.40489E-05   1.57793E-02   6.12238E-05   1.42541E-02   5.81706E-05   9.39666E-03   4.54326E-05   2.34209E-03   2.54791E-05  -5.50925E-03   2.14313E-06  -1.26921E-02  -2.01695E-05  -1.78998E-02  -3.73480E-05  -2.01887E-02  -4.63598E-05  -1.91261E-02  -4.58054E-05  -1.48563E-02  -3.61456E-05  -8.06885E-03  -1.95654E-05   1.22362E-04   4.92594E-07   8.37359E-03   2.00323E-05   1.53449E-02   3.53092E-05   1.99361E-02   4.35848E-05   2.14858E-02   4.36939E-05   1.99030E-02   3.63261E-05   1.57125E-02   2.39895E-05   1.00104E-02   1.06881E-05   4.34706E-03   1.41971E-06   5.66795E-04
 1.02600E+02   5.72530E-05   1.65236E-02   6.49949E-05   1.51266E-02   6.18385E-05   1.02586E-02   4.83041E-05   3.05426E-03   2.69993E-05  -5.05737E-03   2.02016E-06  -1.25607E-02  -2.18980E-05  -1.80881E-02  -4.03191E-05  -2.06364E-02  -4.99577E-05  -1.97275E-02  -4.92851E-05  -1.54814E-02  -3.87836E-05  -8.58977E-03  -2.08048E-05  -1.93150E-04   9.31233E-07   8.31939E-03   2.20975E-05   1.55536E-02   3.86336E-05   2.03568E-02   4.75672E-05   2.20285E-02   4.76317E-05   2.04594E-02   3.95763E-05   1.61813E-02   2.61269E-05   1.03228E-02   1.16378E-05   4.48712E-03   1.54565E-06   5.85480E-04
 1.03300E+02   6.03641E-05   1.72083E-02   6.86642E-05   1.59294E-02   6.54175E-05   1.10510E-02   5.11195E-05   3.70695E-03   2.85095E-05  -4.64716E-03   1.93762E-06  -1.24488E-02  -2.35421E-05  -1.82733E-02  -4.31775E-05  -2.10621E-02  -5.34364E-05  -2.02941E-02  -5.26631E-05  -1.60669E-02  -4.13585E-05  -9.07433E-03  -2.20339E-05  -4.81966E-04   1.32260E-06   8.27828E-03   2.40636E-05   1.57608E-02   4.18224E-05   2.07638E-02   5.13986E-05   2.25494E-02   5.14266E-05   2.09916E-02   4.27117E-05   1.66290E-02   2.81903E-05   1.06207E-02   1.25552E-05   4.62055E-03   1.66733E-06   6.03272E-04
 1.04000E+02   6.38021E-05   1.79278E-02   7.27263E-05   1.67733E-02   6.93890E-05   1.18835E-02   5.42559E-05   4.39086E-03   3.02099E-05  -4.22089E-03   1.87992E-06  -1.23394E-02  -2.53282E-05  -1.84790E-02  -4.63131E-05  -2.15223E-02  -5.72685E-05  -2.09022E-02  -5.63968E-05  -1.66924E-02  -4.42171E-05  -9.58889E-03  -2.34160E-05  -7.84448E-04   1.72394E-06   8.24305E-03   2.62018E-05   1.59928E-02   4.53123E-05   2.12101E-02   5.56025E-05   2.31174E-02   5.55965E-05   2.15702E-02   4.61600E-05   1.71148E-02   3.04609E-05   1.09438E-02   1.35652E-05   4.76515E-03   1.80134E-06   6.22543E-04
 1.04800E+02   6.81898E-05   1.87979E-02   7.79197E-05   1.77945E-02   7.44780E-05   1.28901E-02   5.82898E-05   5.21580E-03   3.24185E-05  -3.71098E-03   1.84682E-06  -1.22168E-02  -2.75712E-05  -1.87415E-02  -5.02881E-05  -2.20949E-02  -6.21462E-05  -2.16535E-02  -6.11643E-05  -1.74616E-02  -4.78829E-05  -1.02182E-02  -2.52094E-05  -1.14933E-03   2.19884E-06   8.21005E-03   2.88905E-05   1.62909E-02   4.97276E-05   2.17731E-02   6.09343E-05   2.38297E-02   6.08921E-05   2.22940E-02   5.05432E-05   1.77217E-02   3.33489E-05   1.13469E-02   1.48502E-05   4.94549E-03   1.97190E-06   6.46568E-04
 1.05500E+02   7.24913E-05   1.96060E-02   8.30191E-05   1.87436E-02   7.94851E-05   1.38255E-02   6.22718E-05   5.98061E-03   3.46171E-05  -3.24187E-03   1.84927E-06  -1.21112E-02  -2.97392E-05  -1.89972E-02  -5.41628E-05  -2.26409E-02  -6.69181E-05  -2.23656E-02  -6.58418E-05  -1.81879E-02  -5.14928E-05  -1.08093E-02  -2.69935E-05  -1.48783E-03   2.63259E-06   8.18761E-03   3.14928E-05   1.65832E-02   5.40248E-05   2.23165E-02   6.61349E-05   2.45141E-02   6.60638E-05   2.29878E-02   5.48270E-05   1.83028E-02   3.61729E-05   1.17325E-02   1.61072E-05   5.11793E-03   2.13878E-06   6.69533E-04
 1.06300E+02   7.80239E-05   2.05903E-02   8.95874E-05   1.99005E-02   8.59461E-05   1.49654E-02   6.74249E-05   6.91080E-03   3.74835E-05  -2.67538E-03   1.89210E-06  -1.19920E-02  -3.24932E-05  -1.93221E-02  -5.91226E-05  -2.33223E-02  -7.30461E-05  -2.32496E-02  -7.18637E-05  -1.90864E-02  -5.61556E-05  -1.15373E-02  -2.93184E-05  -1.90001E-03   3.15468E-06   8.16950E-03   3.48033E-05   1.69568E-02   5.95186E-05   2.30022E-02   7.27969E-05   2.53742E-02   7.26960E-05   2.38580E-02   6.03243E-05   1.90307E-02   3.97986E-05   1.22154E-02   1.77217E-05   5.33374E-03   2.35316E-06   6.98265E-04
 1.07100E+02   8.43294E-05   2.16482E-02   9.70837E-05   2.11449E-02   9.33328E-05   1.61915E-02   7.33325E-05   7.90955E-03   4.07919E-05  -2.07131E-03   1.98323E-06  -1.18735E-02  -3.55957E-05  -1.96859E-02  -6.47512E-05  -2.40724E-02  -8.00220E-05  -2.42181E-02  -7.87351E-05  -2.00675E-02  -6.14925E-05  -1.23290E-02  -3.20010E-05  -2.34336E-03   3.71192E-06   8.15972E-03   3.85390E-05   1.73774E-02   6.57472E-05   2.37651E-02   8.03640E-05   2.63274E-02   8.02370E-05   2.48209E-02   6.65792E-05   1.98355E-02   4.39258E-05   1.27488E-02   1.95600E-05   5.57207E-03   2.59733E-06   7.29986E-04
 1.07800E+02   9.05970E-05   2.26427E-02   1.04544E-04   2.23158E-02   1.00694E-04   1.73453E-02   7.92331E-05   8.84805E-03   4.41147E-05  -1.50700E-03   2.10841E-06  -1.17699E-02  -3.86505E-05  -2.00398E-02  -7.03274E-05  -2.47925E-02  -8.69506E-05  -2.51442E-02  -8.55736E-05  -2.10032E-02  -6.68172E-05  -1.30813E-02  -3.46950E-05  -2.76084E-03   4.23524E-06   8.15830E-03   4.22231E-05   1.77885E-02   7.19139E-05   2.45038E-02   8.78676E-05   2.72479E-02   8.77212E-05   2.57494E-02   7.27904E-05   2.06108E-02   4.80256E-05   1.32626E-02   2.13866E-05   5.80153E-03   2.84000E-06   7.60521E-04
 1.08600E+02   9.87828E-05   2.38694E-02   1.14297E-04   2.37618E-02   1.10332E-04   1.87702E-02   8.69736E-05   1.00058E-02   4.84947E-05  -8.14544E-04   2.31189E-06  -1.16507E-02  -4.26075E-05  -2.04901E-02  -7.75901E-05  -2.56982E-02  -9.59956E-05  -2.63050E-02  -9.45167E-05  -2.21735E-02  -7.37962E-05  -1.40195E-02  -3.82461E-05  -3.27713E-03   4.88379E-06   8.16530E-03   4.70026E-05   1.83139E-02   7.99425E-05   2.54405E-02   9.76503E-05   2.84120E-02   9.74861E-05   2.69223E-02   8.08983E-05   2.15897E-02   5.33793E-05   1.39109E-02   2.37724E-05   6.09102E-03   3.15701E-06   7.99037E-04
 1.09400E+02   1.08282E-04   2.52073E-02   1.25628E-04   2.53403E-02   1.21541E-04   2.03264E-02   9.59937E-05   1.12688E-02   5.36217E-05  -6.28741E-05   2.59143E-06  -1.15298E-02  -4.71645E-05  -2.09959E-02  -8.59981E-05  -2.67050E-02  -1.06490E-04  -2.75913E-02  -1.04910E-04  -2.34677E-02  -8.19237E-05  -1.50541E-02  -4.24035E-05  -3.84210E-03   5.59892E-06   8.18216E-03   5.25162E-05   1.89067E-02   8.92347E-05   2.64899E-02   1.08987E-04   2.97132E-02   1.08811E-04   2.82318E-02   9.03059E-05   2.26820E-02   5.95932E-05   1.46341E-02   2.65423E-05   6.41388E-03   3.52509E-06   8.41988E-04
 1.10200E+02   1.19391E-04   2.66749E-02   1.38890E-04   2.70740E-02   1.34677E-04   2.20362E-02   1.06581E-04   1.26555E-02   5.96631E-05   7.58726E-04   2.96267E-06  -1.14059E-02  -5.24588E-05  -2.15657E-02  -9.58116E-05  -2.78290E-02  -1.18761E-04  -2.90238E-02  -1.17082E-04  -2.49065E-02  -9.14594E-05  -1.62016E-02  -4.73033E-05  -4.46442E-03   6.39738E-06   8.20973E-03   5.89323E-05   1.95773E-02   1.00079E-04   2.76698E-02   1.22234E-04   3.11734E-02   1.22052E-04   2.97002E-02   1.01310E-04   2.39062E-02   6.68635E-05   1.54445E-02   2.97836E-05   6.77557E-03   3.95591E-06   8.90098E-04
 1.11000E+02   1.32495E-04   2.82953E-02   1.54546E-04   2.89904E-02   1.50199E-04   2.39273E-02   1.19110E-04   1.41882E-02   6.68368E-05   1.66342E-03   3.44616E-06  -1.12776E-02  -5.86686E-05  -2.22099E-02  -1.07369E-04  -2.90904E-02  -1.33238E-04  -3.06278E-02  -1.31459E-04  -2.65152E-02  -1.02741E-04  -1.74821E-02  -5.31229E-05  -5.15478E-03   7.30072E-06   8.24914E-03   6.64698E-05   2.03385E-02   1.12852E-04   2.90024E-02   1.37851E-04   3.28200E-02   1.37671E-04   3.13548E-02   1.14295E-04   2.52851E-02   7.54450E-05   1.63570E-02   3.36102E-05   7.18283E-03   4.46458E-06   9.44265E-04
 1.11800E+02   1.48101E-04   3.00972E-02   1.73207E-04   3.11242E-02   1.68715E-04   2.60340E-02   1.34076E-04   1.58951E-02   7.54302E-05   2.66759E-03   4.06919E-06  -1.11434E-02  -6.60289E-05  -2.29417E-02  -1.21117E-04  -3.05142E-02  -1.50484E-04  -3.24351E-02  -1.48606E-04  -2.83258E-02  -1.16215E-04  -1.89208E-02  -6.00965E-05  -5.92647E-03   8.33723E-06   8.30183E-03   7.54172E-05   2.12063E-02   1.28048E-04   3.05153E-02   1.56448E-04   3.46870E-02   1.56279E-04   3.32297E-02   1.29770E-04   2.68472E-02   8.56742E-05   1.73906E-02   3.81723E-05   7.64408E-03   5.07108E-06   1.00561E-03
 1.12600E+02   1.66890E-04   3.21170E-02   1.95689E-04   3.35187E-02   1.91040E-04   2.83999E-02   1.52140E-04   1.78114E-02   8.58295E-05   3.79189E-03   4.86857E-06  -1.10009E-02  -7.48548E-05  -2.37777E-02  -1.37654E-04  -3.21321E-02  -1.71256E-04  -3.44857E-02  -1.69279E-04  -3.03782E-02  -1.32478E-04  -2.05494E-02  -6.85384E-05  -6.79629E-03   9.54461E-06   8.36966E-03   8.61615E-05   2.22012E-02   1.46330E-04   3.22437E-02   1.78839E-04   3.68175E-02   1.78694E-04   3.53683E-02   1.48416E-04   2.86285E-02   9.80021E-05   1.85692E-02   4.36711E-05   8.16997E-03   5.80219E-06   1.07555E-03
 1.13400E+02   1.89795E-04   3.44011E-02   2.23110E-04   3.62300E-02   2.18289E-04   3.10804E-02   1.74210E-04   1.99826E-02   9.85620E-05   5.06277E-03   5.89481E-06  -1.08477E-02  -8.55765E-05  -2.47391E-02  -1.57797E-04  -3.39848E-02  -1.96587E-04  -3.68312E-02  -1.94512E-04  -3.27241E-02  -1.52349E-04  -2.24089E-02  -7.88781E-05  -7.78572E-03   1.09742E-05   8.45506E-03   9.92310E-05   2.33493E-02   1.68606E-04   3.42325E-02   2.06139E-04   3.92669E-02   2.06034E-04   3.78262E-02   1.71164E-04   3.06755E-02   1.13045E-04   1.99233E-02   5.03818E-05   8.77419E-03   6.69451E-06   1.15590E-03
 1.14200E+02   2.18113E-04   3.70102E-02   2.57029E-04   3.93308E-02   2.52014E-04   3.41484E-02   2.01548E-04   2.24676E-02   1.14364E-04   6.51470E-03   7.21852E-06  -1.06803E-02  -9.87940E-05  -2.58540E-02  -1.82688E-04  -3.61254E-02  -2.27919E-04  -3.95388E-02  -2.25744E-04  -3.54306E-02  -1.76968E-04  -2.45524E-02  -9.17148E-05  -8.92280E-03   1.26975E-05   8.56126E-03   1.15362E-04   2.46848E-02   1.96140E-04   3.65407E-02   2.39904E-04   4.21076E-02   2.39857E-04   4.06759E-02   1.99314E-04   3.30485E-02   1.31662E-04   2.14931E-02   5.86880E-05   9.47460E-03   7.79906E-06   1.24904E-03
 1.15100E+02   2.58784E-04   4.04353E-02   3.05767E-04   4.34066E-02   3.00500E-04   3.81844E-02   2.40882E-04   2.57374E-02   1.37137E-04   8.42212E-03   9.19086E-06  -1.04692E-02  -1.17728E-04  -2.73382E-02  -2.18422E-04  -3.89667E-02  -2.72938E-04  -4.31299E-02  -2.70652E-04  -3.90190E-02  -2.12394E-04  -2.73922E-02  -1.10222E-04  -1.04254E-02   1.51157E-05   8.71101E-03   1.38499E-04   2.64686E-02   2.35681E-04   3.96174E-02   2.88417E-04   4.58922E-02   2.88471E-04   4.44717E-02   2.39780E-04   3.62090E-02   1.58429E-04   2.35838E-02   7.06313E-05   1.04074E-02   9.38740E-06   1.37309E-03
 1.15900E+02   3.05870E-04   4.40393E-02   3.62215E-04   4.77004E-02   3.56682E-04   4.24398E-02   2.86489E-04   2.91859E-02   1.63579E-04   1.04315E-02   1.15427E-05  -1.02546E-02  -1.39605E-04  -2.89191E-02  -2.59780E-04  -4.19859E-02  -3.25083E-04  -4.69441E-02  -3.22697E-04  -4.28293E-02  -2.53478E-04  -3.04062E-02  -1.31717E-04  -1.20167E-02   1.78616E-05   8.87772E-03   1.65257E-04   2.83744E-02   2.81462E-04   4.28995E-02   3.44610E-04   4.99277E-02   3.44795E-04   4.85186E-02   2.86672E-04   3.95785E-02   1.89450E-04   2.58127E-02   8.44739E-05   1.14020E-02   1.12284E-05   1.50535E-03
 1.16700E+02   3.67747E-04   4.83346E-02   4.36417E-04   5.28234E-02   4.30562E-04   4.75209E-02   3.46492E-04   3.33049E-02   1.98406E-04   1.28298E-02   1.47038E-05  -1.00055E-02  -1.68307E-04  -3.08221E-02  -3.14119E-04  -4.56141E-02  -3.93634E-04  -5.15263E-02  -3.91148E-04  -4.74063E-02  -3.07542E-04  -3.40255E-02  -1.60038E-04  -1.39249E-02   2.14150E-05   9.08498E-03   2.00395E-04   3.06748E-02   3.41631E-04   4.68568E-02   4.18489E-04   5.47919E-02   4.18859E-04   5.33962E-02   3.48342E-04   4.36397E-02   2.30251E-04   2.84993E-02   1.02682E-04   1.26007E-02   1.36501E-05   1.66477E-03
 1.17600E+02   4.63815E-04   5.42841E-02   5.51655E-04   5.99274E-02   5.45335E-04   5.45725E-02   4.39750E-04   3.90238E-02   2.52586E-04   1.61578E-02   1.97068E-05  -9.66805E-03  -2.12809E-04  -3.34824E-02  -3.98476E-04  -5.06795E-02  -5.00109E-04  -5.79224E-02  -4.97509E-04  -5.37950E-02  -3.91587E-04  -3.90765E-02  -2.04111E-04  -1.65846E-02   2.68586E-05   9.38246E-03   2.54920E-04   3.38994E-02   4.35064E-04   5.23989E-02   5.33246E-04   6.16030E-02   5.33926E-04   6.02258E-02   4.44165E-04   4.93263E-02   2.93652E-04   3.22611E-02   1.30977E-04   1.42793E-02   1.74137E-05   1.88801E-03
 1.18400E+02   5.85963E-04   6.09601E-02   6.98208E-04   6.79071E-02   6.91334E-04   6.24994E-02   5.58423E-04   4.54555E-02   3.21583E-04   1.98996E-02   2.61636E-05  -9.29555E-03  -2.69334E-04  -3.64906E-02  -5.05725E-04  -5.64023E-02  -6.35534E-04  -6.51484E-02  -6.32832E-04  -6.10131E-02  -4.98556E-04  -4.47827E-02  -2.60250E-04  -1.95869E-02   3.37068E-05   9.72553E-03   3.24220E-04   3.75549E-02   5.53885E-04   5.86779E-02   6.79220E-04   6.93188E-02   6.80313E-04   6.79628E-02   5.66080E-04   5.57687E-02   3.74323E-04   3.65232E-02   1.66982E-04   1.61812E-02   2.22028E-05   2.14095E-03
 1.19300E+02   7.93315E-04   7.07830E-02   9.47034E-04   7.96595E-02   9.39272E-04   7.41826E-02   7.60011E-04   5.49397E-02   4.38857E-04   2.54168E-02   3.72516E-05  -8.75371E-03  -3.65211E-04  -4.09458E-02  -6.87781E-04  -6.48731E-02  -8.65494E-04  -7.58448E-02  -8.62676E-04  -7.16991E-02  -6.80294E-04  -5.32306E-02  -3.55692E-04  -2.40292E-02   4.52357E-05   1.02410E-02   4.41830E-04   4.29812E-02   7.55629E-04   6.79951E-02   9.27114E-04   8.07676E-02   9.28937E-04   7.94432E-02   7.73158E-04   6.53287E-02   5.11353E-04   4.28482E-02   2.28142E-04   1.90038E-02   3.03382E-05   2.51636E-03
 1.20100E+02   1.08873E-03   8.26870E-02   1.30159E-03   9.39138E-02   1.29261E-03   8.83626E-02   1.04736E-03   6.64560E-02   6.06095E-04   3.21167E-02   5.31830E-05  -8.10182E-03  -5.01730E-04  -4.63735E-02  -9.47157E-04  -7.51900E-02  -1.19320E-03  -8.88741E-02  -1.19028E-03  -8.47177E-02  -9.39384E-04  -6.35235E-02  -4.91820E-04  -2.94402E-02   6.15604E-05   1.08754E-02   6.09364E-04   4.96057E-02   1.04311E-03   7.93669E-02   1.28040E-03   9.47414E-02   1.28330E-03   9.34567E-02   1.06832E-03   7.69988E-02   7.06677E-04   5.05696E-02   3.15323E-04   2.24497E-02   4.19351E-05   2.97469E-03
 1.21000E+02   1.67620E-03   1.02155E-01   2.00672E-03   1.17243E-01   1.99541E-03   1.11584E-01   1.61899E-03   8.53242E-02   9.38892E-04   4.30958E-02   8.50575E-05  -7.03972E-03  -7.73102E-04  -5.52879E-02  -1.46296E-03  -9.21335E-02  -1.84499E-03  -1.10275E-01  -1.84195E-03  -1.06106E-01  -1.45486E-03  -8.04356E-02  -7.62748E-04  -3.83299E-02   9.38795E-05   1.19242E-02   9.42492E-04   6.05058E-02   1.61488E-03   9.80769E-02   1.98314E-03   1.17733E-01   1.98820E-03   1.16516E-01   1.65548E-03   9.62031E-02   1.09525E-03   6.32768E-02   4.88763E-04   2.81209E-02   6.50065E-05   3.72903E-03
 1.21900E+02   2.91777E-03   1.34025E-01   3.49707E-03   1.55460E-01   3.48095E-03   1.49645E-01   2.82739E-03   1.16263E-01   1.64257E-03   6.11034E-02   1.52705E-04  -5.30306E-03  -1.34647E-03  -6.99316E-02  -2.55307E-03  -1.19968E-01  -3.22269E-03  -1.45441E-01  -3.21953E-03  -1.41256E-01  -2.54464E-03  -1.08235E-01  -1.33566E-03  -5.29425E-02   1.61974E-04   1.36545E-02   1.64650E-03   7.84404E-02   2.82341E-03   1.28862E-01   3.46859E-03   1.55567E-01   3.47830E-03   1.54462E-01   2.89673E-03   1.27809E-01   1.91670E-03   8.41912E-02   8.55422E-04   3.74555E-02   1.13781E-04   4.97068E-03
 1.22800E+02   6.32154E-03   1.95887E-01   7.58304E-03   2.29680E-01   7.55389E-03   2.23595E-01   6.14071E-03   1.76397E-01   3.57223E-03   9.61133E-02   3.38606E-04  -1.92974E-03  -2.91811E-03  -9.84256E-02  -5.54165E-03  -1.74139E-01  -6.99997E-03  -2.13892E-01  -6.99669E-03  -2.09691E-01  -5.53288E-03  -1.62365E-01  -2.90685E-03  -8.13993E-02   3.48328E-04   1.70280E-02   3.57648E-03   1.13383E-01   6.13686E-03   1.88846E-01   7.54144E-03   2.29291E-01   7.56399E-03   2.28413E-01   6.30016E-03   1.89406E-01   4.16909E-03   1.24954E-01   1.86080E-03   5.56495E-02   2.47522E-04   7.39085E-03
 1.23600E+02   1.88186E-02   3.35226E-01   2.25850E-02   3.96911E-01   2.25084E-02   3.90264E-01   1.83065E-02   3.11963E-01   1.06579E-02   1.75057E-01   1.02187E-03   5.67904E-03  -8.68805E-03  -1.62700E-01  -1.65144E-02  -2.96354E-01  -2.08689E-02  -3.68348E-01  -2.08655E-02  -3.64131E-01  -1.65053E-02  -2.84541E-01  -8.67637E-03  -1.45635E-01   1.03200E-03   2.46425E-02   1.06624E-02   1.92273E-01   1.83027E-02   3.24282E-01   2.24958E-02   3.95762E-01   2.25657E-02   3.95404E-01   1.87969E-02   3.28508E-01   1.24395E-02   2.17009E-01   5.55239E-03   9.67389E-02   7.38596E-04   1.28567E-02
 1.24500E+02   5.26770E-01   1.67926E+00   6.32355E-01   2.01032E+00   6.30352E-01   1.99854E+00   5.12803E-01   1.62030E+00   2.98671E-01   9.37066E-01   2.88030E-02   7.91716E-02  -2.43206E-01  -7.83172E-01  -4.62510E-01  -1.47631E+00  -5.84588E-01  -1.85975E+00  -5.84585E-01  -1.85551E+00  -4.62501E-01  -1.46445E+00  -2.43194E-01  -7.66059E-01   2.88136E-02   9.81477E-02   2.98676E-01   9.54225E-01   5.12799E-01   1.63248E+00   6.30340E-01   2.00381E+00   6.32336E-01   2.00854E+00   5.26748E-01   1.67228E+00   3.48603E-01   1.10632E+00   1.55604E-01   4.93693E-01   2.06992E-02   6.56616E-02
 1.25400E+02   4.58645E-02  -5.11725E-01   5.50521E-02  -6.19901E-01   5.48727E-02  -6.23414E-01   4.46354E-02  -5.12749E-01   2.59926E-02  -3.05323E-01   2.50056E-03  -4.06811E-02  -2.11753E-02   2.28454E-01  -4.02614E-02   4.47578E-01  -5.08838E-02   5.71997E-01  -5.08801E-02   5.76256E-01  -4.02516E-02   4.59492E-01  -2.11627E-02   2.45622E-01   2.51162E-03  -2.16858E-02   2.59978E-02  -2.88215E-01   4.46319E-02  -5.00711E-01   5.48599E-02  -6.18359E-01   5.50322E-02  -6.21950E-01   4.58421E-02  -5.18980E-01   3.03380E-02  -3.43868E-01   1.35417E-02  -1.53619E-01   1.80137E-03  -2.04474E-02
 1.26300E+02   8.87066E-03  -2.23037E-01   1.06427E-02  -2.73391E-01   1.06035E-02  -2.78038E-01   8.62115E-03  -2.31808E-01   5.01634E-03  -1.41715E-01   4.76977E-04  -2.49161E-02  -4.09557E-03   9.52240E-02  -7.77971E-03   1.94242E-01  -9.82813E-03   2.51817E-01  -9.82434E-03   2.56098E-01  -7.76957E-03   2.06212E-01  -4.08245E-03   1.12453E-01   4.88508E-04  -5.89519E-03   5.02186E-03  -1.24652E-01   8.61770E-03  -2.19906E-01   1.05905E-02  -2.73203E-01   1.06225E-02  -2.75711E-01   8.84782E-03  -2.30563E-01   5.85506E-03  -1.52996E-01   2.61334E-03  -6.84212E-02   3.47626E-04  -9.11412E-03
 1.27300E+02   3.37434E-03  -1.35529E-01   4.04456E-03  -1.68394E-01   4.02603E-03  -1.73419E-01   3.27006E-03  -1.46735E-01   1.89949E-03  -9.21908E-02   1.76054E-04  -2.01612E-02  -1.55810E-03   5.48814E-02  -2.95373E-03   1.17561E-01  -3.72810E-03   1.54929E-01  -3.72415E-03   1.59237E-01  -2.94317E-03   1.29601E-01  -1.54443E-03   7.21857E-02   1.88121E-04  -1.10435E-03   1.90538E-03  -7.51727E-02   3.26671E-03  -1.34979E-01   4.01287E-03  -1.68827E-01   4.02392E-03  -1.71017E-01   3.35103E-03  -1.43359E-01   2.21725E-03  -9.52877E-02   9.89543E-04  -4.26639E-02   1.31619E-04  -5.68787E-03
 1.28200E+02   1.86994E-03  -9.93496E-02   2.23850E-03  -1.25009E-01   2.22555E-03  -1.30214E-01   1.80519E-03  -1.11621E-01   1.04613E-03  -7.17650E-02   9.34873E-05  -1.82142E-02  -8.63673E-04   3.82279E-02  -1.63277E-03   8.59321E-02  -2.05829E-03   1.14982E-01  -2.05420E-03   1.19316E-01  -1.62183E-03   9.80378E-02  -8.49490E-04   5.56062E-02   1.06048E-04   8.81683E-04   1.05236E-03  -5.47814E-02   1.80192E-03  -9.99949E-02   2.21221E-03  -1.25841E-01   2.21749E-03  -1.27906E-01   1.84619E-03  -1.07455E-01   1.22132E-03  -7.15301E-02   5.44991E-04  -3.20607E-02   7.24818E-05  -4.27751E-03
 1.29100E+02   1.18926E-03  -7.78815E-02   1.42127E-03  -9.92859E-02   1.41077E-03  -1.04616E-01   1.14221E-03  -9.08322E-02   6.59824E-04  -5.96845E-02   5.59664E-05  -1.70755E-02  -5.49549E-04   2.83638E-02  -1.03506E-03   6.72187E-02  -1.30262E-03   9.13618E-02  -1.29838E-03   9.57241E-02  -1.02372E-03   7.93953E-02  -5.34842E-04   4.58224E-02   6.90291E-05   2.06590E-03   6.66382E-04  -4.27302E-02   1.13901E-03  -7.93323E-02   1.39723E-03  -1.00460E-01   1.39986E-03  -1.02458E-01   1.16505E-03  -8.62643E-02   7.70518E-04  -5.75105E-02   3.43762E-04  -2.58042E-02   4.57126E-05  -3.44538E-03
 1.30000E+02   8.24763E-04  -6.36380E-02   9.83596E-04  -8.22363E-02   9.74350E-04  -8.76653E-02   7.87025E-04  -7.70797E-02   4.52785E-04  -5.17040E-02   3.57322E-05  -1.63355E-02  -3.81407E-04   2.18327E-02  -7.14957E-04   5.48476E-02  -8.97831E-04   7.57605E-02  -8.93447E-04   8.01523E-02  -7.03219E-04   6.70996E-02  -3.66161E-04   3.93778E-02   4.93081E-05   2.85778E-03   4.59681E-04  -3.47740E-02   7.83895E-04  -6.57032E-02   9.60603E-04  -8.37272E-02   9.61767E-04  -8.56862E-02   8.00067E-04  -7.23014E-02   5.28952E-04  -4.82741E-02   2.35929E-04  -2.16829E-02   3.13674E-05  -2.89728E-03
 1.31000E+02   5.88594E-04  -5.25213E-02   6.99961E-04  -6.89468E-02   6.91465E-04  -7.44692E-02   5.56728E-04  -6.63876E-02   3.18459E-04  -4.55116E-02   2.24757E-05  -1.57751E-02  -2.72533E-04   1.67471E-02  -5.07521E-04   4.52359E-02  -6.35424E-04   6.36534E-02  -6.30868E-04   6.80799E-02  -4.95321E-04   5.75771E-02  -2.56673E-04   3.43957E-02   3.66354E-05   3.48337E-03   3.25736E-04  -2.86026E-02   5.53668E-04  -5.51452E-02   6.77465E-04  -7.07729E-02   6.77648E-04  -7.27073E-02   5.63340E-04  -6.14998E-02   3.72261E-04  -4.11307E-02   1.65980E-04  -1.84961E-02   2.20617E-05  -2.47352E-03
 1.31900E+02   4.54652E-04  -4.51068E-02   5.39054E-04  -6.00969E-02   5.30930E-04  -6.56948E-02   4.25978E-04  -5.92899E-02   2.42129E-04  -4.14113E-02   1.48365E-05  -1.54163E-02  -2.10843E-04   1.33634E-02  -3.89846E-04   3.88589E-02  -4.86486E-04   5.56330E-02  -4.81771E-04   6.00926E-02  -3.77217E-04   5.12853E-02  -1.94413E-04   3.11118E-02   2.95350E-05   3.90769E-03   2.49753E-04  -2.45160E-02   4.22974E-04  -4.81656E-02   5.16687E-04  -6.22164E-02   5.16281E-04  -6.41394E-02   4.28873E-04  -5.43723E-02   2.83248E-04  -3.64185E-02   1.26240E-04  -1.63943E-02   1.67746E-05  -2.19410E-03
 1.32900E+02   3.54552E-04  -3.87285E-02   4.18757E-04  -5.24976E-02   4.10860E-04  -5.81737E-02   3.28125E-04  -5.32181E-02   1.84934E-04  -3.79146E-02   9.00426E-06  -1.51236E-02  -1.64798E-04   1.04594E-02  -3.01874E-04   3.34055E-02  -3.75061E-04   4.87871E-02  -3.70164E-04   5.32854E-02  -2.88753E-04   4.59321E-02  -1.47716E-04   2.83264E-02   2.43174E-05   4.28076E-03   1.92950E-04  -2.10287E-02   3.25177E-04  -4.22223E-02   3.96327E-04  -5.49380E-02   3.95448E-04  -5.68564E-02   3.28163E-04  -4.83167E-02   2.16572E-04  -3.24166E-02   9.64702E-05  -1.46099E-02   1.28136E-05  -1.95691E-03
 1.33800E+02   2.91298E-04  -3.41464E-02   3.42702E-04  -4.70498E-02   3.34902E-04  -5.27933E-02   2.66172E-04  -4.88848E-02   1.48663E-04  -3.54285E-02   5.21404E-06  -1.49275E-02  -1.35751E-04   8.37788E-03  -2.46257E-04   2.95137E-02  -3.04549E-04   4.39128E-02  -2.99481E-04   4.84479E-02  -2.32678E-04   4.21357E-02  -1.18064E-04   2.63586E-02   2.10959E-05   4.55618E-03   1.57039E-04  -1.85460E-02   2.63269E-04  -3.80022E-02   3.20091E-04  -4.97767E-02   3.18886E-04  -5.16962E-02   2.64336E-04  -4.40290E-02   1.74307E-04  -2.95844E-02   7.75966E-05  -1.33475E-02   1.03022E-05  -1.78915E-03
 1.34800E+02   2.39994E-04  -2.99721E-02   2.80975E-04  -4.20985E-02   2.73207E-04  -4.79147E-02   2.15799E-04  -4.49664E-02   1.19110E-04  -3.31907E-02   2.03002E-06  -1.47641E-02  -1.12243E-04   6.48541E-03  -2.01118E-04   2.59938E-02  -2.47249E-04   3.95161E-02  -2.41986E-04   4.40942E-02  -1.87014E-04   3.87275E-02  -9.38602E-05   2.46003E-02   1.85624E-05   4.81546E-03   1.27894E-04  -1.63062E-02   2.12939E-04  -3.42073E-02   2.58068E-04  -4.51427E-02   2.56567E-04  -4.70681E-02   2.12366E-04  -4.01863E-02   1.39885E-04  -2.70475E-02   6.22228E-05  -1.22173E-02   8.25617E-06  -1.63900E-03
 1.35800E+02   2.02034E-04  -2.65099E-02   2.35263E-04  -3.80033E-02   2.27471E-04  -4.38912E-02   1.78403E-04  -4.17457E-02   9.71077E-05  -3.13618E-02  -4.36168E-07  -1.46444E-02  -9.48998E-05   4.91857E-03  -1.67691E-04   2.30985E-02  -2.04743E-04   3.59118E-02  -1.99277E-04   4.05351E-02  -1.53041E-04   3.59501E-02  -7.57976E-05   2.31760E-02   1.67679E-05   5.03941E-03   1.06309E-04  -1.44692E-02   1.75579E-04  -3.11077E-02   2.11981E-04  -4.13651E-02   2.10232E-04  -4.33004E-02   1.73708E-04  -3.70609E-02   1.14272E-04  -2.49857E-02   5.07805E-05  -1.12992E-02   6.73312E-06  -1.51709E-03
 1.36800E+02   1.73201E-04  -2.35826E-02   2.00504E-04  -3.45513E-02   1.92648E-04  -4.05106E-02   1.49879E-04  -3.90499E-02   8.02655E-05  -2.98413E-02  -2.41597E-06  -1.45587E-02  -8.17766E-05   3.59546E-03  -1.42273E-04   2.06721E-02  -1.72350E-04   3.29032E-02  -1.66674E-04   3.75741E-02  -1.27056E-04   3.36480E-02  -6.19281E-05   2.20042E-02   1.54824E-05   5.23780E-03   8.98939E-05  -1.29345E-02   1.47085E-04  -2.85307E-02   1.76785E-04  -3.82321E-02   1.74818E-04  -4.01804E-02   1.44144E-04  -3.44759E-02   9.46764E-05  -2.32819E-02   4.20237E-05  -1.05409E-02   5.56728E-06  -1.41645E-03
 1.37700E+02   1.52828E-04  -2.13026E-02   1.75911E-04  -3.18713E-02   1.67972E-04  -3.78948E-02   1.29623E-04  -3.69727E-02   6.82548E-05  -2.86783E-02  -3.90458E-06  -1.45051E-02  -7.25452E-05   2.56563E-03  -1.24288E-04   1.87991E-02  -1.49371E-04   3.05909E-02  -1.43498E-04   3.53068E-02  -1.08542E-04   3.18926E-02  -5.20006E-05   2.11180E-02   1.46395E-05   5.40015E-03   7.82774E-05  -1.17536E-02   1.26849E-04  -2.65587E-02   1.51752E-04  -3.58409E-02   1.49606E-04  -3.78033E-02   1.23083E-04  -3.25089E-02   8.07096E-05  -2.19867E-02   3.57801E-05  -9.96497E-03   4.73580E-06  -1.34005E-03
 1.38700E+02   1.34741E-04  -1.90807E-02   1.54044E-04  -2.92686E-02   1.45989E-04  -3.53640E-02   1.11531E-04  -3.49724E-02   5.74730E-05  -2.75680E-02  -5.32364E-06  -1.44673E-02  -6.43951E-05   1.56217E-03  -1.08296E-04   1.69911E-02  -1.28872E-04   2.83698E-02  -1.22772E-04   3.31381E-02  -9.19392E-05   3.02216E-02  -4.30483E-05   2.02828E-02   1.39627E-05   5.56714E-03   6.79452E-05  -1.06175E-02   1.08774E-04  -2.46733E-02   1.29349E-04  -3.35618E-02   1.27016E-04  -3.55424E-02   1.04198E-04  -3.06409E-02   6.81781E-05  -2.07580E-02   3.01755E-05  -9.41908E-03   3.98919E-06  -1.26768E-03
 1.39700E+02   1.20257E-04  -1.71226E-02   1.36496E-04  -2.69839E-02   1.28306E-04  -3.31519E-02   9.69294E-05  -3.32335E-02   4.87151E-05  -2.66126E-02  -6.56133E-06  -1.44490E-02  -5.79153E-05   6.77217E-04  -9.54608E-05   1.54143E-02  -1.12353E-04   2.64442E-02  -1.06016E-04   3.12673E-02  -7.84685E-05   2.87888E-02  -3.57340E-05   1.95754E-02   1.34952E-05   5.72362E-03   5.96503E-05  -9.63027E-03   9.41828E-05  -2.30475E-02   1.11221E-04  -3.16040E-02   1.08710E-04  -3.36051E-02   8.88768E-05  -2.90432E-02   5.80037E-05  -1.97087E-02   2.56226E-05  -8.95334E-03   3.38242E-06  -1.20598E-03
 1.40700E+02   1.08510E-04  -1.53778E-02   1.22229E-04  -2.49567E-02   1.13886E-04  -3.11984E-02   8.49746E-05  -3.17072E-02   4.14889E-05  -2.57840E-02  -7.66611E-06  -1.44476E-02  -5.27069E-05  -1.12484E-04  -8.50235E-05   1.40245E-02  -9.88516E-05   2.47583E-02  -9.22677E-05   2.96390E-02  -6.73682E-05   2.75501E-02  -2.96563E-05   1.89728E-02   1.31906E-05   5.87243E-03   5.29016E-05  -8.76351E-03   8.22311E-05  -2.16327E-02   9.63287E-05  -2.99076E-02   9.36435E-05  -3.19314E-02   7.62517E-05  -2.76660E-02   4.96119E-05  -1.88056E-02   2.18648E-05  -8.55304E-03   2.88137E-06  -1.15300E-03
 1.41800E+02   9.80171E-05  -1.36594E-02   1.09444E-04  -2.29695E-02   1.00915E-04  -2.92936E-02   7.41662E-05  -3.02296E-02   3.48923E-05  -2.49931E-02  -8.76932E-06  -1.44631E-02  -4.81083E-05  -8.92309E-04  -7.56682E-05   1.26717E-02  -8.66719E-05   2.31303E-02  -7.98035E-05   2.80774E-02  -5.72499E-05   2.63722E-02  -2.40586E-05   1.84102E-02   1.30049E-05   6.02990E-03   4.68483E-05  -7.92338E-03   7.14182E-05  -2.02757E-02   8.28055E-05  -2.82895E-02   7.99310E-05  -3.03407E-02   6.47424E-05  -2.63605E-02   4.19529E-05  -1.79513E-02   1.84321E-05  -8.17493E-03   2.42338E-06  -1.10302E-03
 1.42800E+02   9.02026E-05  -1.22474E-02   9.98859E-05  -2.13448E-02   9.11734E-05  -2.77453E-02   6.59983E-05  -2.90380E-02   2.98492E-05  -2.43656E-02  -9.69815E-06  -1.44912E-02  -4.47337E-05  -1.53541E-03  -6.86717E-05   1.15737E-02  -7.74911E-05   2.18206E-02  -7.03519E-05   2.68312E-02  -4.95270E-05   2.54413E-02  -1.97338E-05   1.79754E-02   1.29465E-05   6.16929E-03   4.23173E-05  -7.24445E-03   6.32386E-05  -1.91924E-02   7.25298E-05  -2.70056E-02   6.94828E-05  -2.90839E-02   5.59561E-05  -2.53324E-02   3.60976E-05  -1.72801E-02   1.58052E-05  -7.87841E-03   2.07263E-06  -1.06387E-03
 1.43800E+02   8.36915E-05  -1.09543E-02   9.18861E-05  -1.98644E-02   8.29770E-05  -2.63429E-02   5.90777E-05  -2.79676E-02   2.55207E-05  -2.38119E-02  -1.05764E-05  -1.45315E-02  -4.19707E-05  -2.12703E-03  -6.28136E-05   1.05800E-02  -6.97342E-05   2.06466E-02  -6.23115E-05   2.57235E-02  -4.29092E-05   2.46227E-02  -1.59779E-05   1.76026E-02   1.29761E-05   6.30656E-03   3.85194E-05  -6.63270E-03   5.62990E-05  -1.82290E-02   6.37675E-05  -2.58715E-02   6.05457E-05  -2.79790E-02   4.84243E-05  -2.44317E-02   3.10706E-05  -1.66937E-02   1.35473E-05  -7.61989E-03   1.77090E-06  -1.02980E-03
 1.44900E+02   7.77426E-05  -9.64709E-03   8.45352E-05  -1.83761E-02   7.53951E-05  -2.49424E-02   5.26194E-05  -2.69087E-02   2.14170E-05  -2.32756E-02  -1.15017E-05  -1.45888E-02  -3.95038E-05  -2.72870E-03  -5.74278E-05   9.58818E-03  -6.25203E-05   1.94874E-02  -5.47703E-05   2.46410E-02  -3.66463E-05   2.38330E-02  -1.23658E-05   1.72544E-02   1.30956E-05   6.45650E-03   3.50225E-05  -6.02488E-03   4.98112E-05  -1.72864E-02   5.55240E-05  -2.47712E-02   5.21056E-05  -2.69131E-02   4.12926E-05  -2.35665E-02   2.63014E-05  -1.61324E-02   1.14022E-05  -7.37305E-03   1.48396E-06  -9.97326E-04
 1.45900E+02   7.32350E-05  -8.54706E-03   7.89261E-05  -1.71308E-02   6.95628E-05  -2.37790E-02   4.75990E-05  -2.60382E-02   1.81675E-05  -2.28452E-02  -1.23187E-05  -1.46521E-02  -3.76891E-05  -3.23865E-03  -5.33156E-05   8.76421E-03  -5.69348E-05   1.85361E-02  -4.88720E-05   2.37627E-02  -3.16963E-05   2.32020E-02  -9.45819E-06   1.69870E-02   1.32737E-05   6.59291E-03   3.23476E-05  -5.52234E-03   4.47558E-05  -1.65206E-02   4.90526E-05  -2.38857E-02   4.54502E-05  -2.60610E-02   3.56516E-05  -2.28784E-02   2.25208E-05  -1.56877E-02   9.69891E-06  -7.17813E-03   1.25585E-06  -9.71744E-04
 1.47000E+02   6.90907E-05  -7.41907E-03   7.37246E-05  -1.58615E-02   6.41011E-05  -2.26020E-02   4.28384E-05  -2.51676E-02   1.50198E-05  -2.24264E-02  -1.32025E-05  -1.47335E-02  -3.60832E-05  -3.76598E-03  -4.94992E-05   7.93012E-03  -5.16629E-05   1.75858E-02  -4.32380E-05   2.28966E-02  -2.69105E-05   2.25906E-02  -6.58886E-06   1.67402E-02   1.35383E-05   6.74412E-03   2.98593E-05  -5.01607E-03   3.99474E-05  -1.57641E-02   4.28436E-05  -2.30204E-02   3.90316E-05  -2.52349E-02   3.01921E-05  -2.22154E-02   1.88524E-05  -1.52613E-02   8.04322E-06  -6.99191E-03   1.03382E-06  -9.47374E-04
 1.48000E+02   6.59427E-05  -6.45717E-03   6.97312E-05  -1.47858E-02   5.98575E-05  -2.16124E-02   3.90840E-05  -2.44445E-02   1.24756E-05  -2.20894E-02  -1.40011E-05  -1.48177E-02  -3.49237E-05  -4.22000E-03  -4.65664E-05   7.22798E-03  -4.75275E-05   1.67974E-02  -3.87558E-05   2.21885E-02  -2.30497E-05   2.21009E-02  -4.22074E-06   1.65543E-02   1.38363E-05   6.88346E-03   2.79414E-05  -4.59197E-03   3.61407E-05  -1.51440E-02   3.78778E-05  -2.23201E-02   3.38675E-05  -2.45725E-02   2.57819E-05  -2.16876E-02   1.58806E-05  -1.49239E-02   6.69909E-06  -6.84522E-03   8.53301E-07  -9.28243E-04
 1.49100E+02   6.30540E-05  -5.45854E-03   6.60177E-05  -1.36760E-02   5.58533E-05  -2.06001E-02   3.54780E-05  -2.37147E-02   9.96242E-06  -2.17613E-02  -1.48824E-05  -1.49215E-02  -3.39304E-05  -4.69651E-03  -4.38359E-05   6.50830E-03  -4.35800E-05   1.60020E-02  -3.44061E-05   2.14858E-02  -1.92430E-05   2.16263E-02  -1.82679E-06   1.63878E-02   1.42237E-05   7.03961E-03   2.61492E-05  -4.15942E-03   3.24669E-05  -1.45267E-02   3.30287E-05  -2.16330E-02   2.87905E-05  -2.39296E-02   2.14262E-05  -2.11799E-02   1.29360E-05  -1.46016E-02   5.36420E-06  -6.70589E-03   6.73724E-07  -9.10151E-04
 1.50200E+02   6.06784E-05  -4.51299E-03   6.29089E-05  -1.26323E-02   5.24368E-05  -1.96568E-02   3.23318E-05  -2.30450E-02   7.69485E-06  -2.14729E-02  -1.57746E-05  -1.50367E-02  -3.31935E-05  -5.15340E-03  -4.15468E-05   5.83583E-03  -4.01621E-05   1.52722E-02  -3.05623E-05   2.08532E-02  -1.58148E-05   2.12116E-02   3.91368E-07   1.62574E-02   1.46711E-05   7.19960E-03   2.46391E-05  -3.75733E-03   2.92417E-05  -1.39689E-02   2.87106E-05  -2.10230E-02   2.42329E-05  -2.33666E-02   1.74951E-05  -2.07403E-02   1.02684E-05  -1.43250E-02   4.15163E-06  -6.58722E-03   5.10288E-07  -8.94832E-04
 1.51200E+02   5.89030E-05  -3.69264E-03   6.05334E-05  -1.17328E-02   4.97662E-05  -1.88513E-02   2.98086E-05  -2.24819E-02   5.80890E-06  -2.12417E-02  -1.66010E-05  -1.51514E-02  -3.27192E-05  -5.55505E-03  -3.97946E-05   5.25959E-03  -3.74440E-05   1.46583E-02  -2.74350E-05   2.03321E-02  -1.29683E-05   2.08812E-02   2.28770E-06   1.61677E-02   1.51290E-05   7.34902E-03   2.34762E-05  -3.41446E-03   2.66364E-05  -1.35073E-02   2.51675E-05  -2.05280E-02   2.04606E-05  -2.29169E-02   1.42230E-05  -2.03936E-02   8.03921E-06  -1.41094E-02   3.13544E-06  -6.49554E-03   3.73048E-07  -8.83083E-04
 1.52300E+02   5.73192E-05  -2.82699E-03   5.83512E-05  -1.07899E-02   4.72413E-05  -1.80150E-02   2.73487E-05  -2.19071E-02   3.89341E-06  -2.10184E-02  -1.75332E-05  -1.52884E-02  -3.23901E-05  -5.98495E-03  -3.81816E-05   4.65879E-03  -3.48200E-05   1.40309E-02  -2.43345E-05   1.98117E-02  -1.00815E-05   2.05642E-02   4.27120E-06   1.60984E-02   1.56886E-05   7.51845E-03   2.23970E-05  -3.05872E-03   2.40742E-05  -1.30438E-02   2.16202E-05  -2.00423E-02   1.66476E-05  -2.24837E-02   1.08949E-05  -2.00652E-02   5.76208E-06  -1.39080E-02   2.09427E-06  -6.41095E-03   2.32133E-07  -8.72345E-04
 1.53400E+02   5.60778E-05  -1.99396E-03   5.65658E-05  -9.88897E-03   4.50932E-05  -1.72241E-02   2.51723E-05  -2.13737E-02   2.11500E-06  -2.08247E-02  -1.84959E-05  -1.54371E-02  -3.22440E-05  -6.40530E-03  -3.68582E-05   4.08762E-03  -3.25264E-05   1.34477E-02  -2.15345E-05   1.93410E-02  -7.40485E-06   2.02916E-02   6.17379E-06   1.60580E-02   1.63079E-05   7.69390E-03   2.15017E-05  -2.72220E-03   2.17822E-05  -1.26218E-02   1.83791E-05  -1.96120E-02   1.31246E-05  -2.21093E-02   7.79816E-06  -1.97875E-02   3.63297E-06  -1.37410E-02   1.11747E-06  -6.34201E-03   9.96133E-08  -8.63720E-04
 1.54500E+02   5.51420E-05  -1.18826E-03   5.51322E-05  -9.02370E-03   4.32753E-05  -1.64727E-02   2.32396E-05  -2.08771E-02   4.48059E-07  -2.06583E-02  -1.94953E-05  -1.55977E-02  -3.22664E-05  -6.81879E-03  -3.57917E-05   3.54156E-03  -3.05186E-05   1.29034E-02  -1.89878E-05   1.89151E-02  -4.89847E-06   2.00597E-02   8.01906E-06   1.60448E-02   1.69884E-05   7.87611E-03   2.07690E-05  -2.40205E-03   1.97196E-05  -1.22367E-02   1.53916E-05  -1.92322E-02   9.83758E-06  -2.17887E-02   4.88674E-06  -1.95565E-02   1.62097E-06  -1.36059E-02   1.91091E-07  -6.28760E-03  -2.63799E-08  -8.57056E-04
 1.55700E+02   5.44360E-05  -3.34982E-04   5.39274E-05  -8.11409E-03   4.16248E-05  -1.56919E-02   2.13709E-05  -2.03727E-02  -1.26877E-06  -2.05056E-02  -2.06349E-05  -1.57867E-02  -3.24705E-05  -7.26494E-03  -3.48906E-05   2.96985E-03  -2.86114E-05   1.23486E-02  -1.64523E-05   1.84965E-02  -2.31882E-06   1.98497E-02   9.99102E-06   1.60599E-02   1.78036E-05   8.08345E-03   2.01351E-05  -2.06850E-03   1.76916E-05  -1.18543E-02   1.23701E-05  -1.88704E-02   6.46697E-06  -2.14953E-02   1.87602E-06  -1.93539E-02  -4.71434E-07  -1.34923E-02  -7.76065E-07  -6.24369E-03  -1.58275E-07  -8.51880E-04
 1.56800E+02   5.40535E-05   4.28166E-04   5.31218E-05  -7.30651E-03   4.03846E-05  -1.50067E-02   1.98487E-05  -1.99408E-02  -2.76942E-06  -2.03901E-02  -2.17317E-05  -1.59731E-02  -3.28144E-05  -7.67179E-03  -3.42831E-05   2.46398E-03  -2.70910E-05   1.18715E-02  -1.43151E-05   1.81511E-02  -6.45407E-08   1.96938E-02   1.17810E-05   1.61000E-02   1.86214E-05   8.28219E-03   1.96912E-05  -1.77474E-03   1.60061E-05  -1.15350E-02   9.77802E-06  -1.85828E-02   3.53220E-06  -2.12745E-02  -7.68789E-07  -1.92104E-02  -2.32031E-06  -1.34173E-02  -1.63408E-06  -6.21683E-03  -2.75609E-07  -8.48950E-04
 1.57900E+02   5.39068E-05   1.17701E-03   5.25797E-05  -6.51954E-03   3.93804E-05  -1.43468E-02   1.84861E-05  -1.95350E-02  -4.21691E-06  -2.02968E-02  -2.28856E-05  -1.61725E-02  -3.33034E-05  -8.07878E-03  -3.38685E-05   1.97226E-03  -2.57633E-05   1.14208E-02  -1.23282E-05   1.78392E-02   2.11037E-06   1.95710E-02   1.35717E-05   1.61645E-02   1.95108E-05   8.49005E-03   1.93679E-05  -1.49041E-03   1.44623E-05  -1.12425E-02   7.32268E-06  -1.83343E-02   7.10197E-07  -2.10969E-02  -3.33441E-06  -1.91053E-02  -4.12411E-06  -1.33688E-02  -2.47442E-06  -6.20215E-03  -3.90832E-07  -8.47681E-04
 1.59100E+02   5.40014E-05   1.98169E-03   5.22694E-05  -5.67992E-03   3.85320E-05  -1.36513E-02   1.71601E-05  -1.91190E-02  -5.75233E-06  -2.02189E-02  -2.42180E-05  -1.64057E-02  -3.40000E-05  -8.52526E-03  -3.36223E-05   1.44861E-03  -2.45117E-05   1.09557E-02  -1.03040E-05   1.75341E-02   4.41912E-06   1.94727E-02   1.55448E-05   1.62621E-02   2.05689E-05   8.72819E-03   1.91436E-05  -1.18887E-03   1.29164E-05  -1.09514E-02   4.76710E-06  -1.81050E-02  -2.27563E-06  -2.09497E-02  -6.07455E-06  -1.90322E-02  -6.06224E-06  -1.33448E-02  -3.38099E-06  -6.19955E-03  -5.15478E-07  -8.48123E-04
 1.60200E+02   5.43125E-05   2.71156E-03   5.22297E-05  -4.92365E-03   3.79652E-05  -1.30325E-02   1.60753E-05  -1.87597E-02  -7.13392E-06  -2.01686E-02  -2.55154E-05  -1.66345E-02  -3.47885E-05  -8.93889E-03  -3.35763E-05   9.77443E-04  -2.35274E-05   1.05508E-02  -8.55753E-06   1.72843E-02   6.49916E-06   1.94139E-02   1.73881E-05   1.63765E-02   2.16257E-05   8.95788E-03   1.90493E-05  -9.18579E-04   1.16078E-05  -1.07079E-02   2.51027E-06  -1.79308E-02  -4.95754E-06  -2.08555E-02  -8.55919E-06  -1.90020E-02  -7.83018E-06  -1.33486E-02  -4.21125E-06  -6.20910E-03  -6.29939E-07  -8.50164E-04
 1.61400E+02   5.48912E-05   3.50301E-03   5.24441E-05  -4.10913E-03   3.75636E-05  -1.23743E-02   1.50191E-05  -1.83892E-02  -8.62757E-06  -2.01359E-02  -2.70241E-05  -1.69013E-02  -3.58150E-05  -9.39714E-03  -3.37158E-05   4.70109E-04  -2.26157E-05   1.01295E-02  -6.74933E-06   1.70421E-02   8.75192E-06   1.93830E-02   1.94554E-05   1.65286E-02   2.28819E-05   9.22205E-03   1.90634E-05  -6.28536E-04   1.02807E-05  -1.04657E-02   1.14506E-07  -1.77780E-02  -7.85427E-06  -2.07958E-02  -1.12682E-05  -1.90081E-02  -9.76912E-06  -1.33801E-02  -5.12534E-06  -6.23234E-03  -7.56284E-07  -8.54147E-04
 1.62500E+02   5.56397E-05   4.22727E-03   5.28724E-05  -3.36866E-03   3.73861E-05  -1.17834E-02   1.41561E-05  -1.80673E-02  -9.99675E-06  -2.01256E-02  -2.85030E-05  -1.71626E-02  -3.69134E-05  -9.82566E-03  -3.40146E-05   8.63188E-06  -2.19174E-05   9.75959E-03  -5.16331E-06   1.68462E-02   1.08216E-05   1.93843E-02   2.14189E-05   1.66933E-02   2.41370E-05   9.47779E-03   1.91812E-05  -3.65510E-04   9.14272E-06  -1.02634E-02  -2.04343E-06  -1.76708E-02  -1.05094E-05  -2.07793E-02  -1.37743E-05  -1.90489E-02  -1.15730E-05  -1.34340E-02  -5.97891E-06  -6.26530E-03  -8.74558E-07  -8.59401E-04
 1.63700E+02   5.66964E-05   5.01944E-03   5.35918E-05  -2.56386E-03   3.73949E-05  -1.11491E-02   1.33191E-05  -1.77336E-02  -1.15039E-05  -2.01357E-02  -3.02340E-05  -1.74672E-02  -3.82917E-05  -1.03047E-02  -3.45270E-05  -4.93631E-04  -2.12960E-05   9.37145E-03  -3.49337E-06   1.66593E-02   1.31062E-05   1.94175E-02   2.36550E-05   1.69012E-02   2.56308E-05   9.77296E-03   1.94236E-05  -7.99875E-05   7.97332E-06  -1.00628E-02  -4.37979E-06  -1.75883E-02  -1.34342E-05  -2.08024E-02  -1.65599E-05  -1.91316E-02  -1.35890E-05  -1.35199E-02  -6.93619E-06  -6.31400E-03  -1.00751E-06  -8.66892E-04
 1.64900E+02   5.80101E-05   5.81733E-03   5.45778E-05  -1.75837E-03   3.76127E-05  -1.05224E-02   1.25821E-05  -1.74162E-02  -1.30392E-05  -2.01677E-02  -3.21031E-05  -1.77936E-02  -3.98693E-05  -1.07982E-02  -3.52370E-05  -9.97473E-04  -2.08135E-05   8.99698E-03  -1.86920E-06   1.64991E-02   1.54412E-05   1.94839E-02   2.60109E-05   1.71395E-02   2.72684E-05   1.00866E-02   1.97864E-05   2.05781E-04   6.86651E-06  -9.88164E-03  -6.72176E-06  -1.75411E-02  -1.64186E-05  -2.08682E-02  -1.94277E-05  -1.92541E-02  -1.56756E-05  -1.36344E-02  -7.93043E-06  -6.37619E-03  -1.14591E-06  -8.76246E-04
 1.66100E+02   5.95919E-05   6.62459E-03   5.58387E-05  -9.48303E-04   3.80409E-05  -9.90007E-03   1.19377E-05  -1.71133E-02  -1.46174E-05  -2.02217E-02  -3.41280E-05  -1.81433E-02  -4.16611E-05  -1.13090E-02  -3.61514E-05  -1.50576E-03  -2.04649E-05   8.63393E-03  -2.74269E-07   1.63644E-02   1.78503E-05   1.95835E-02   2.85106E-05   1.74094E-02   2.90666E-05   1.04205E-02   2.02730E-05   4.93550E-04   5.81059E-06  -9.71871E-03  -9.09394E-06  -1.75286E-02  -1.94939E-05  -2.09767E-02  -2.24079E-05  -1.94171E-02  -1.78548E-05  -1.37780E-02  -8.97211E-06  -6.45217E-03  -1.29122E-06  -8.87513E-04
 1.67300E+02   6.14572E-05   7.44497E-03   5.73872E-05  -1.29722E-04   3.86844E-05  -9.27899E-03   1.13804E-05  -1.68234E-02  -1.62538E-05  -2.02980E-02  -3.63293E-05  -1.85183E-02  -4.36860E-05  -1.18397E-02  -3.72801E-05  -2.02140E-03  -2.02472E-05   8.28014E-03   1.30740E-06   1.62545E-02   2.03585E-05   1.97170E-02   3.11807E-05   1.77124E-02   3.10448E-05   1.07767E-02   2.08891E-05   7.85092E-04   4.79480E-06  -9.57298E-03  -1.15214E-05  -1.75506E-02  -2.26930E-05  -2.11287E-02  -2.55327E-05  -1.96215E-02  -2.01503E-05  -1.39516E-02  -1.00725E-05  -6.54242E-03  -1.44502E-06  -9.00762E-04
 1.68500E+02   6.36264E-05   8.28236E-03   5.92413E-05   7.01406E-04   3.95520E-05  -8.65602E-03   1.09059E-05  -1.65450E-02  -1.79649E-05  -2.03971E-02  -3.87307E-05  -1.89207E-02  -4.59669E-05  -1.23936E-02  -3.86374E-05  -2.54737E-03  -2.01602E-05   7.93356E-03   2.89157E-06   1.61686E-02   2.29926E-05   1.98851E-02   3.40505E-05   1.80506E-02   3.32258E-05   1.11574E-02   2.16429E-05   1.08223E-03   3.80908E-06  -9.44356E-03  -1.40302E-05  -1.76075E-02  -2.60511E-05  -2.13252E-02  -2.88367E-05  -1.98687E-02  -2.25877E-05  -1.41564E-02  -1.12441E-05  -6.64754E-03  -1.60904E-06  -9.16084E-04
 1.69700E+02   6.61257E-05   9.14090E-03   6.14245E-05   1.54930E-03   4.06567E-05  -8.02792E-03   1.05115E-05  -1.62766E-02  -1.97687E-05  -2.05196E-02  -4.13595E-05  -1.93530E-02  -4.85315E-05  -1.29738E-02  -4.02413E-05  -3.08682E-03  -2.02056E-05   7.59218E-03   4.49424E-06   1.61065E-02   2.57819E-05   2.00892E-02   3.71536E-05   1.84261E-02   3.56362E-05   1.15652E-02   2.25450E-05   1.38685E-03   2.84380E-06  -9.32975E-03  -1.66483E-05  -1.76998E-02  -2.96066E-05  -2.15677E-02  -3.23585E-05  -2.01607E-02  -2.51957E-05  -1.43940E-02  -1.25007E-05  -6.76833E-03  -1.78524E-06  -9.33592E-04
 1.70900E+02   6.89875E-05   1.00250E-02   6.39668E-05   2.41842E-03   4.20157E-05  -7.39137E-03   1.01960E-05  -1.60170E-02  -2.16851E-05  -2.06664E-02  -4.42481E-05  -1.98179E-02  -5.14132E-05  -1.35841E-02  -4.21149E-05  -3.64309E-03  -2.03878E-05   7.25401E-03   6.13208E-06   1.60679E-02   2.87593E-05   2.03309E-02   4.05285E-05   1.88419E-02   3.83074E-05   1.20028E-02   2.36090E-05   1.70099E-03   1.88947E-06  -9.23101E-03  -1.94062E-05  -1.78285E-02  -3.34026E-05  -2.18583E-02  -3.61413E-05  -2.04997E-02  -2.80066E-05  -1.46662E-02  -1.38579E-05  -6.90575E-03  -1.97582E-06  -9.53427E-04
 1.72200E+02   7.25434E-05   1.10171E-02   6.71694E-05   3.38953E-03   4.38012E-05  -6.68815E-03   9.94324E-06  -1.57442E-02  -2.39146E-05  -2.08544E-02  -4.77143E-05  -2.03620E-02  -5.49396E-05  -1.42838E-02  -4.44826E-05  -4.26886E-03  -2.07477E-05   6.88892E-03   7.96674E-06   1.60530E-02   3.22402E-05   2.06375E-02   4.45432E-05   1.93413E-02   4.15386E-05   1.25145E-02   2.49640E-05   2.05456E-03   8.56911E-07  -9.14059E-03  -2.25912E-05  -1.80106E-02  -3.78428E-05  -2.22307E-02  -4.05913E-05  -2.09238E-02  -3.13239E-05  -1.50030E-02  -1.54629E-05  -7.07478E-03  -2.20147E-06  -9.77737E-04
 1.73400E+02   7.62992E-05   1.19704E-02   7.05893E-05   4.31886E-03   4.57692E-05  -6.02238E-03   9.79383E-06  -1.54987E-02  -2.61420E-05  -2.10563E-02  -5.12732E-05  -2.09057E-02  -5.86205E-05  -1.49703E-02  -4.70181E-05  -4.87212E-03  -2.12407E-05   6.55086E-03   9.73687E-06   1.60643E-02   3.57352E-05   2.09648E-02   4.86363E-05   1.98519E-02   4.48805E-05   1.30255E-02   2.64244E-05   2.39572E-03  -1.05621E-07  -9.07211E-03  -2.57547E-05  -1.82203E-02  -4.23044E-05  -2.26311E-02  -4.50854E-05  -2.13714E-02  -3.46836E-05  -1.53556E-02  -1.70912E-05  -7.25092E-03  -2.43066E-06  -1.00300E-03
 1.74700E+02   8.09529E-05   1.30506E-02   7.48648E-05   5.36829E-03   4.82908E-05  -5.27818E-03   9.72678E-06  -1.52383E-02  -2.87752E-05  -2.13079E-02  -5.55824E-05  -2.15447E-02  -6.31397E-05  -1.57643E-02  -5.01965E-05  -5.55867E-03  -2.19651E-05   6.18086E-03   1.17636E-05   1.61046E-02   3.98871E-05   2.13710E-02   5.35643E-05   2.04639E-02   4.89535E-05   1.36262E-02   2.82646E-05   2.78449E-03  -1.17114E-06  -9.01407E-03  -2.94776E-05  -1.84953E-02  -4.76096E-05  -2.31311E-02  -5.04533E-05  -2.19226E-02  -3.87066E-05  -1.57869E-02  -1.90439E-05  -7.46559E-03  -2.70579E-06  -1.03372E-03
 1.75900E+02   8.58685E-05   1.40989E-02   7.94142E-05   6.38345E-03   5.10266E-05  -4.56511E-03   9.75793E-06  -1.50015E-02  -3.14479E-05  -2.15731E-02  -6.00489E-05  -2.21859E-02  -6.78794E-05  -1.65498E-02  -5.35870E-05  -6.22821E-03  -2.28286E-05   5.83334E-03   1.37622E-05   1.61687E-02   4.41217E-05   2.17978E-02   5.86498E-05   2.10892E-02   5.32007E-05   1.42296E-02   3.02364E-05   3.16426E-03  -2.18814E-06  -8.97544E-03  -3.32438E-05  -1.87966E-02  -5.30264E-05  -2.36592E-02  -5.59557E-05  -2.24983E-02  -4.28393E-05  -1.62350E-02  -2.10527E-05  -7.68795E-03  -2.98906E-06  -1.06548E-03
 1.77200E+02   9.19751E-05   1.52991E-02   8.51002E-05   7.54249E-03   5.44999E-05  -3.75815E-03   9.90130E-06  -1.47474E-02  -3.46576E-05  -2.18994E-02  -6.55122E-05  -2.29435E-02  -7.37351E-05  -1.74663E-02  -5.78352E-05  -6.99915E-03  -2.40024E-05   5.44731E-03   1.61009E-05   1.62689E-02   4.92309E-05   2.23220E-02   6.48488E-05   2.18396E-02   5.84243E-05   1.49432E-02   3.27162E-05   3.60241E-03  -3.34174E-06  -8.95009E-03  -3.77566E-05  -1.91790E-02  -5.95701E-05  -2.43107E-02  -6.26260E-05  -2.32022E-02  -4.78589E-05  -1.67805E-02  -2.34953E-05  -7.95799E-03  -3.33377E-06  -1.10400E-03
 1.78500E+02   9.90365E-05   1.65775E-02   9.17101E-05   8.77401E-03   5.85911E-05  -2.90798E-03   1.01712E-05  -1.44939E-02  -3.82603E-05  -2.22704E-02  -7.17470E-05  -2.37750E-02  -8.04771E-05  -1.84611E-02  -6.27856E-05  -7.82570E-03  -2.54609E-05   5.04778E-03   1.86640E-05   1.64033E-02   5.49928E-05   2.29176E-02   7.19045E-05   2.26753E-02   6.44167E-05   1.57280E-02   3.56159E-05   4.07326E-03  -4.56809E-06  -8.94241E-03  -4.28151E-05  -1.96253E-02  -6.69598E-05  -2.50540E-02  -7.01821E-05  -2.39992E-02  -5.35549E-05  -1.73960E-02  -2.62701E-05  -8.26202E-03  -3.72561E-06  -1.14731E-03
 1.79800E+02   1.07236E-04   1.79475E-02   9.94195E-05   1.00910E-02   6.34146E-05  -2.00581E-03   1.05850E-05  -1.42393E-02  -4.23401E-05  -2.26915E-02  -7.89096E-05  -2.46911E-02  -8.82804E-05  -1.95463E-02  -6.85729E-05  -8.71774E-03  -2.72523E-05   4.63060E-03   2.15061E-05   1.65748E-02   6.15470E-05   2.35935E-02   7.99945E-05   2.36082E-02   7.13335E-05   1.65945E-02   3.90161E-05   4.58275E-03  -5.89017E-06  -8.95323E-03  -4.85401E-05  -2.01431E-02  -7.53778E-05  -2.59006E-02  -7.88130E-05  -2.49015E-02  -6.00706E-05  -1.80906E-02  -2.94470E-05  -8.60458E-03  -4.17453E-06  -1.19606E-03
 1.81100E+02   1.16807E-04   1.94251E-02   1.08452E-04   1.15090E-02   6.91162E-05  -1.04123E-03   1.11654E-05  -1.39811E-02  -4.70027E-05  -2.31692E-02  -8.71977E-05  -2.57047E-02  -9.73674E-05  -2.07369E-02  -7.53685E-05  -9.68707E-03  -2.94387E-05   4.19094E-03   2.46956E-05   1.67870E-02   6.90696E-05   2.43604E-02   8.93433E-05   2.46526E-02   7.93719E-05   1.75557E-02   4.30192E-05   5.13792E-03  -7.33603E-06  -8.98373E-03  -5.50838E-05  -2.07412E-02  -8.50533E-05  -2.68646E-02  -8.87563E-05  -2.59239E-02  -6.75869E-05  -1.88758E-02  -3.31148E-05  -8.99124E-03  -4.69304E-06  -1.25103E-03
 1.82400E+02   1.28049E-04   2.10296E-02   1.19096E-04   1.30466E-02   7.58841E-05  -1.79436E-06   1.19430E-05  -1.37171E-02  -5.23831E-05  -2.37114E-02  -9.68645E-05  -2.68315E-02  -1.08023E-04  -2.20509E-02  -8.33929E-05  -1.07479E-02  -3.21013E-05   3.72309E-03   2.83186E-05   1.70446E-02   7.77849E-05   2.52318E-02   1.00238E-04   2.58260E-02   8.87846E-05   1.86272E-02   4.77574E-05   5.74729E-03  -8.94061E-06  -9.03549E-03  -6.26396E-05  -2.14311E-02  -9.62793E-05  -2.79634E-02  -1.00316E-04  -2.70845E-02  -7.63346E-05  -1.97654E-02  -3.73863E-05  -9.42882E-03  -5.29718E-06  -1.31320E-03
 1.83700E+02   1.41353E-04   2.27845E-02   1.31725E-04   1.47266E-02   8.39637E-05   1.12767E-03   1.29580E-05  -1.34441E-02  -5.86559E-05  -2.43282E-02  -1.08238E-04  -2.80908E-02  -1.20619E-04  -2.35103E-02  -9.29329E-05  -1.19176E-02  -3.53461E-05   3.22022E-03   3.24861E-05   1.73535E-02   8.79838E-05   2.62244E-02   1.13051E-04   2.71501E-02   9.98996E-05   1.98284E-02   5.34025E-05   6.42129E-03  -1.07484E-05  -9.11061E-03  -7.14576E-05  -2.22267E-02  -1.09435E-04  -2.92187E-02  -1.13886E-04  -2.84060E-02  -8.66130E-05  -2.07766E-02  -4.24081E-05  -9.92577E-03  -6.00770E-06  -1.38377E-03
 1.85000E+02   1.57231E-04   2.47191E-02   1.46833E-04   1.65772E-02   9.36790E-05   2.36585E-03   1.42643E-05  -1.31587E-02  -6.60503E-05  -2.50321E-02  -1.21752E-04  -2.95067E-02  -1.35642E-04  -2.51426E-02  -1.04367E-04  -1.32178E-02  -3.93137E-05   2.67392E-03   3.73430E-05   1.77213E-02   1.00048E-04   2.73589E-02   1.28273E-04   2.86518E-02   1.13149E-04   2.11833E-02   6.01816E-05   7.17281E-03  -1.28170E-05  -9.21183E-03  -8.18662E-05  -2.31457E-02  -1.25018E-04  -3.06576E-02  -1.29983E-04  -2.99166E-02  -9.88155E-05  -2.19310E-02  -4.83730E-05  -1.04927E-02  -6.85191E-06  -1.46423E-03
 1.86300E+02   1.76375E-04   2.68701E-02   1.65083E-04   1.86338E-02   1.05465E-04   3.73619E-03   1.59351E-05  -1.28566E-02  -7.48727E-05  -2.58388E-02  -1.37984E-04  -3.11096E-02  -1.53747E-04  -2.69823E-02  -1.18203E-04  -1.46754E-02  -4.41935E-05   2.07377E-03   4.30823E-05   1.81577E-02   1.14488E-04   2.86618E-02   1.46557E-04   3.03656E-02   1.29111E-04   2.27223E-02   6.83987E-05   8.01806E-03  -1.52228E-05  -9.34276E-03  -9.43037E-05  -2.42108E-02  -1.43694E-04  -3.23146E-02  -1.49299E-04  -3.16524E-02  -1.13468E-04  -2.32560E-02  -5.55385E-05  -1.11429E-02  -7.86634E-06  -1.55649E-03
 1.87700E+02   2.01726E-04   2.94827E-02   1.89292E-04   2.11312E-02   1.21157E-04   5.39414E-03   1.82578E-05  -1.25065E-02  -8.64523E-05  -2.68463E-02  -1.59416E-04  -3.30898E-02  -1.77720E-04  -2.92467E-02  -1.36589E-04  -1.64612E-02  -5.07674E-05   1.35199E-03   5.05531E-05   1.87187E-02   1.33498E-04   3.02925E-02   1.70706E-04   3.24988E-02   1.50244E-04   2.46305E-02   7.93352E-05   9.05703E-03  -1.83103E-05  -9.52244E-03  -1.10656E-04  -2.55545E-02  -1.68313E-04  -3.43940E-02  -1.74788E-04  -3.38265E-02  -1.32816E-04  -2.49141E-02  -6.50035E-05  -1.19563E-02  -9.20661E-06  -1.67185E-03
 1.89000E+02   2.31076E-04   3.22493E-02   2.17362E-04   2.37757E-02   1.39407E-04   7.14449E-03   2.10520E-05  -1.21509E-02  -9.97609E-05  -2.79391E-02  -1.84169E-04  -3.52192E-02  -2.05476E-04  -3.16741E-02  -1.57939E-04  -1.83682E-02  -5.84861E-05   5.93311E-04   5.90811E-05   1.93420E-02   1.55406E-04   3.20658E-02   1.98608E-04   3.48083E-02   1.74713E-04   2.66900E-02   9.20529E-05   1.01703E-02  -2.17929E-05  -9.73197E-03  -1.29483E-04  -2.70258E-02  -1.96717E-04  -3.66610E-02  -2.04224E-04  -3.61933E-02  -1.55170E-04  -2.67179E-02  -7.59428E-05  -1.28407E-02  -1.07560E-05  -1.79726E-03
 1.90400E+02   2.71197E-04   3.56925E-02   2.55779E-04   2.70675E-02   1.64449E-04   9.31806E-03   2.49908E-05  -1.17244E-02  -1.17845E-04  -2.93280E-02  -2.17946E-04  -3.79062E-02  -2.43426E-04  -3.47298E-02  -1.87199E-04  -2.07615E-02  -6.91604E-05  -3.46068E-04   7.06053E-05   2.01498E-02   1.85248E-04   3.43254E-02   2.36699E-04   3.77410E-02   2.08175E-04   2.92983E-02   1.09505E-04   1.15718E-02  -2.64522E-05  -1.00138E-02  -1.55109E-04  -2.89115E-02  -2.35451E-04  -3.95568E-02  -2.44395E-04  -3.92130E-02  -1.85688E-04  -2.90180E-02  -9.08813E-05  -1.39682E-02  -1.28721E-05  -1.95710E-03
 1.91800E+02   3.23661E-04   3.97558E-02   3.06067E-04   3.09535E-02   1.97298E-04   1.18790E-02   3.02726E-05  -1.12374E-02  -1.41376E-04  -3.09981E-02  -2.62051E-04  -4.11179E-02  -2.93067E-04  -3.83750E-02  -2.25552E-04  -2.36093E-02  -8.32562E-05  -1.45103E-03   8.55318E-05   2.11374E-02   2.24163E-04   3.70498E-02   2.86464E-04   4.12670E-02   2.51957E-04   3.24279E-02   1.32407E-04   1.32451E-02  -3.24362E-05  -1.03686E-02  -1.88511E-04  -3.11972E-02  -2.86013E-04  -4.30569E-02  -2.96865E-04  -4.28594E-02  -2.25566E-04  -3.17942E-02  -1.10405E-04  -1.53287E-02  -1.56382E-05  -2.14996E-03
 1.93200E+02   3.94083E-04   4.46420E-02   3.73626E-04   3.56287E-02   2.41507E-04   1.49558E-02   3.75042E-05  -1.06678E-02  -1.72837E-04  -3.30385E-02  -3.21191E-04  -4.50239E-02  -3.59722E-04  -4.28020E-02  -2.77135E-04  -2.70612E-02  -1.02327E-04  -2.77791E-03   1.05417E-04   2.23605E-02   2.76292E-04   4.03881E-02   3.53228E-04   4.55781E-02   3.10762E-04   3.62482E-02   1.63240E-04   1.52797E-02  -4.03542E-05  -1.08180E-02  -2.33240E-04  -3.40104E-02  -3.53805E-04  -4.73556E-02  -3.67251E-04  -4.73346E-02  -2.79075E-04  -3.52004E-02  -1.36608E-04  -1.69976E-02  -1.93509E-05  -2.38652E-03
 1.94600E+02   4.91681E-04   5.06523E-02   4.67321E-04   4.13830E-02   3.02903E-04   1.87389E-02   4.76826E-05  -9.98260E-03  -2.16307E-04  -3.55823E-02  -4.03090E-04  -4.98763E-02  -4.52132E-04  -4.82959E-02  -3.48744E-04  -3.13390E-02  -1.28924E-04  -4.41024E-03   1.32816E-04   2.39022E-02   3.48432E-04   4.45618E-02   4.45733E-04   5.09593E-02   3.92317E-04   4.10112E-02   2.06080E-04   1.78086E-02  -5.12057E-05  -1.13945E-02  -2.95127E-04  -3.75411E-02  -4.47694E-04  -5.27417E-02  -4.64774E-04  -5.29389E-02  -3.53231E-04  -3.94649E-02  -1.72927E-04  -1.90869E-02  -2.44975E-05  -2.68264E-03
 1.96000E+02   6.32460E-04   5.82538E-02   6.02545E-04   4.86655E-02   3.91607E-04   2.35239E-02   6.25396E-05  -9.13118E-03  -2.78862E-04  -3.88358E-02  -5.21162E-04  -5.60663E-02  -5.85474E-04  -5.52995E-02  -4.52177E-04  -3.67872E-02  -1.67478E-04  -6.47754E-03   1.72162E-04   2.58916E-02   4.52385E-04   4.99148E-02   5.79156E-04   5.78531E-02   5.10033E-04   4.71081E-02   2.68003E-04   2.10385E-02  -6.67251E-05  -1.21483E-02  -3.84297E-04  -4.20840E-02  -5.83074E-04  -5.96639E-02  -6.05438E-04  -6.01389E-02  -4.60211E-04  -4.49429E-02  -2.25328E-04  -2.17706E-02  -3.19236E-05  -3.06299E-03
 1.97400E+02   8.46219E-04   6.82129E-02   8.07955E-04   5.82135E-02   5.26464E-04   2.97956E-02   8.53010E-05  -8.03033E-03  -3.73681E-04  -4.31376E-02  -7.00377E-04  -6.42359E-02  -7.88004E-04  -6.45395E-02  -6.09402E-04  -4.39706E-02  -2.26241E-04  -9.19214E-03   2.31709E-04   2.85405E-02   6.10119E-04   5.70116E-02   7.81754E-04   6.69858E-02   6.88879E-04   5.51807E-02   3.62184E-04   2.53079E-02  -9.01401E-05  -1.31622E-02  -5.19596E-04  -4.81236E-02  -7.88605E-04  -6.88586E-02  -8.19044E-04  -6.97003E-02  -6.22690E-04  -5.22170E-02  -3.04920E-04  -2.53340E-02  -4.32038E-05  -3.56802E-03
 1.98800E+02   1.19373E-03   8.18807E-02   1.14200E-03   7.13264E-02   7.45908E-04   3.84085E-02   1.22547E-04  -6.53364E-03  -5.27637E-04  -4.90848E-02  -9.91663E-04  -7.55170E-02  -1.11735E-03  -7.72966E-02  -8.65224E-04  -5.38852E-02  -3.22042E-04  -1.29283E-02   3.28290E-04   3.22229E-02   8.66442E-04   6.68480E-02   1.11116E-03   7.96381E-02   9.79785E-04   6.63610E-02   5.15496E-04   3.12143E-02  -1.28033E-04  -1.45824E-02  -7.39460E-04  -5.65137E-02  -1.12274E-03  -8.16246E-02  -1.16637E-03  -8.29737E-02  -8.86909E-04  -6.23147E-02  -4.34359E-04  -3.02807E-02  -6.15494E-05  -4.26909E-03
 2.00200E+02   1.81528E-03   1.01882E-01   1.73959E-03   9.05283E-02   1.13865E-03   5.10225E-02   1.89464E-04  -4.35675E-03  -8.02755E-04  -5.78380E-02  -1.51256E-03  -9.21086E-02  -1.70652E-03  -9.60594E-02  -1.32305E-03  -6.84658E-02  -4.93726E-04  -1.84129E-02   5.00751E-04   3.76654E-02   1.32476E-03   8.13585E-02   1.70037E-03   9.82982E-02   1.50029E-03   8.28477E-02   7.89962E-04   3.99181E-02  -1.95593E-04  -1.66928E-02  -1.13260E-03  -6.89137E-02  -1.72038E-03  -1.00485E-01  -1.78768E-03  -1.02583E-01  -1.35959E-03  -7.72325E-02  -6.65935E-04  -3.75888E-02  -9.43721E-05  -5.30486E-03
 2.01700E+02   3.23858E-03   1.37149E-01   3.10825E-03   1.24407E-01   2.03841E-03   7.32837E-02   3.43170E-04  -5.32162E-04  -1.43240E-03  -7.33406E-02  -2.70530E-03  -1.21484E-01  -3.05591E-03  -1.29283E-01  -2.37191E-03  -9.42854E-02  -8.87407E-04  -2.81152E-02   8.95265E-04   4.73352E-02   2.37415E-03   1.07112E-01   3.04979E-03   1.31414E-01   2.69259E-03   1.12106E-01   1.41890E-03   5.53584E-02  -3.49985E-04  -2.04571E-02  -2.03276E-03  -9.09549E-02  -3.08906E-03  -1.34005E-01  -3.21070E-03  -1.37432E-01  -2.44226E-03  -1.03745E-01  -1.19637E-03  -5.05773E-02  -1.69555E-04  -7.14577E-03
 2.03100E+02   6.89666E-03   2.01238E-01   6.62619E-03   1.86006E-01   4.35148E-03   1.13771E-01   7.38889E-04   6.40739E-03  -3.05018E-03  -1.01599E-01  -5.77067E-03  -1.75026E-01  -6.52434E-03  -1.89851E-01  -5.06831E-03  -1.41362E-01  -1.90000E-03  -4.57980E-02   1.90863E-03   6.49992E-02   5.07103E-03   1.54134E-01   6.51824E-03   1.91883E-01   5.75753E-03   1.65535E-01   3.03600E-03   8.35498E-02  -7.46343E-04  -2.73504E-02  -4.34620E-03  -1.31245E-01  -6.60699E-03  -1.95273E-01  -6.86847E-03  -2.01133E-01  -5.22525E-03  -1.52209E-01  -2.55987E-03  -7.43208E-02  -3.62819E-04  -1.05111E-02
 2.04600E+02   2.68651E-02   3.98284E-01   2.58305E-02   3.75470E-01   1.69794E-02   2.38334E-01   2.90071E-03   2.77379E-02  -1.18799E-02  -1.88646E-01  -2.25034E-02  -3.39972E-01  -2.54585E-02  -3.76476E-01  -1.97890E-02  -2.86441E-01  -7.42944E-03  -1.00290E-01   7.43892E-03   1.19484E-01   1.97922E-02   2.99163E-01   2.54524E-02   3.78404E-01   2.24898E-02   3.30354E-01   1.18650E-02   1.70516E-01  -2.90885E-03  -4.86417E-02  -1.69745E-02  -2.55605E-01  -2.58112E-02  -3.84387E-01  -2.68365E-02  -3.97764E-01  -2.04180E-02  -3.01812E-01  -1.00035E-02  -1.47617E-01  -1.41789E-03  -2.09001E-02
 2.06100E+02   5.42065E+00   1.71513E+00   5.21325E+00   1.64188E+00   3.42808E+00   1.07107E+00   5.86955E-01   1.70317E-01  -2.39685E+00  -7.70840E-01  -4.54227E+00  -1.44326E+00  -5.13993E+00  -1.62491E+00  -3.99619E+00  -1.25705E+00  -1.50115E+00  -4.64886E-01   1.50116E+00   4.84084E-01   3.99619E+00   1.26973E+00   5.13993E+00   1.62674E+00   4.54225E+00   1.43351E+00   2.39683E+00   7.52619E-01  -5.86964E-01  -1.91192E-01  -3.42807E+00  -1.08814E+00  -5.21323E+00  -1.65046E+00  -5.42062E+00  -1.71419E+00  -4.12431E+00  -1.30342E+00  -2.02069E+00  -6.38350E-01  -2.86417E-01  -9.04572E-02
 2.07600E+02   2.92944E-02  -4.17296E-01   2.81665E-02  -4.08998E-01   1.85150E-02  -2.77565E-01   3.16291E-03  -6.06057E-02  -1.29547E-02   1.72122E-01  -2.45392E-02   3.43781E-01  -2.77615E-02   3.97307E-01  -2.15790E-02   3.15207E-01  -8.10119E-03   1.25742E-01   8.11237E-03  -1.06528E-01   2.15833E-02  -3.02561E-01   2.77554E-02  -3.95583E-01   2.45246E-02  -3.53668E-01   1.29383E-02  -1.90443E-01  -3.17244E-03   3.97489E-02  -1.85108E-02   2.60675E-01  -2.81470E-02   4.00769E-01  -2.92650E-02   4.18646E-01  -2.22656E-02   3.19368E-01  -1.09087E-02   1.56732E-01  -1.54619E-03   2.22393E-02
 2.09100E+02   7.20322E-03  -2.07108E-01   6.92023E-03  -2.06901E-01   4.54385E-03  -1.44705E-01   7.70373E-04  -3.78702E-02  -3.18695E-03   7.92471E-02  -6.02771E-03   1.67814E-01  -6.81396E-03   1.98223E-01  -5.29238E-03   1.60453E-01  -1.98284E-03   6.76292E-02   1.99490E-03  -4.83861E-02   5.29717E-03  -1.47832E-01   6.80782E-03  -1.96599E-01   6.01254E-03  -1.77843E-01   3.16971E-03  -9.76783E-02  -7.80601E-04   1.70212E-02  -4.53995E-03   1.27994E-01  -6.90061E-03   1.99012E-01  -7.17331E-03   2.08874E-01  -5.45697E-03   1.59768E-01  -2.67333E-03   7.85391E-02  -3.78895E-04   1.11563E-02
 2.10600E+02   3.19019E-03  -1.37484E-01   3.06053E-03  -1.39993E-01   2.00556E-03  -1.00743E-01   3.35385E-04  -3.03612E-02  -1.41281E-03   4.85200E-02  -2.66497E-03   1.09630E-01  -3.00843E-03   1.32424E-01  -2.33336E-03   1.09329E-01  -8.70951E-04   4.84491E-02   8.83892E-04  -2.91651E-02   2.33868E-03  -9.67260E-02   3.00224E-03  -1.30900E-01   2.64924E-03  -1.19809E-01   1.39475E-03  -6.70713E-02  -3.46326E-04   9.50993E-03  -2.00197E-03   8.42053E-02  -3.04072E-03   1.32440E-01  -3.15973E-03   1.39667E-01  -2.40315E-03   1.07119E-01  -1.17711E-03   5.27461E-02  -1.66816E-04   7.50060E-03
 2.12100E+02   1.79642E-03  -1.02690E-01   1.71987E-03  -1.06585E-01   1.12372E-03  -7.88136E-02   1.84009E-04  -2.66296E-02  -7.96843E-04   3.31887E-02  -1.49706E-03   8.06312E-02  -1.68651E-03   9.96546E-02  -1.30530E-03   8.38879E-02  -4.84406E-04   3.89213E-02   4.98254E-04  -1.95842E-02   1.31115E-03  -7.12950E-02   1.68027E-03  -9.82291E-02   1.48074E-03  -9.09642E-02   7.77929E-04  -5.18703E-02  -1.95675E-04   5.76602E-03  -1.12042E-03   6.24415E-02  -1.69984E-03   9.93673E-02  -1.76538E-03   1.05293E-01  -1.34219E-03   8.09730E-02  -6.57272E-04   3.99387E-02  -9.31314E-05   5.68550E-03
 2.13600E+02   1.15416E-03  -8.17625E-02   1.10196E-03  -8.65142E-02   7.17128E-04  -6.56577E-02   1.13997E-04  -2.44055E-02  -5.13166E-04   2.39832E-02  -9.58874E-04   6.32486E-02  -1.07716E-03   8.00341E-02  -8.31231E-04   6.86738E-02  -3.05960E-04   3.32399E-02   3.20735E-04  -1.38376E-02   8.37616E-04  -5.60834E-02   1.07085E-03  -7.87067E-02   9.41927E-04  -7.37427E-02   4.93374E-04  -4.28055E-02  -1.26402E-04   3.51938E-03  -7.14110E-04   4.94449E-02  -1.08166E-03   7.96305E-02  -1.12247E-03   8.47873E-02  -8.52972E-04   6.53797E-02  -4.17560E-04   3.23017E-02  -5.91524E-05   4.60331E-03
 2.15200E+02   7.89117E-04  -6.69740E-02   7.50642E-04  -7.23542E-02   4.85815E-04  -5.63949E-02   7.39592E-05  -2.28556E-02  -3.52097E-04   1.74900E-02  -6.52980E-04   5.10185E-02  -7.30629E-04   6.62519E-02  -5.61474E-04   5.80057E-02  -2.04225E-04   2.92736E-02   2.20018E-04  -9.78833E-03   5.68444E-04  -4.54096E-02   7.24236E-04  -6.50288E-02   6.35340E-04  -6.16917E-02   3.31332E-04  -3.64738E-02  -8.71715E-05   1.93428E-03  -4.83089E-04   4.03453E-02  -7.30025E-04   6.58259E-02  -7.56697E-04   7.04528E-02  -5.74601E-04   5.44832E-02  -2.81151E-04   2.69664E-02  -3.98154E-05   3.84739E-03
 2.16700E+02   5.86356E-04  -5.70990E-02   5.55404E-04  -6.29183E-02   3.57145E-04  -5.02389E-02   5.15119E-05  -2.18407E-02  -2.62768E-04   1.31613E-02  -4.83063E-04   4.28935E-02  -5.37982E-04   5.71159E-02  -4.11365E-04   5.09509E-02  -1.47449E-04   2.66670E-02   1.64224E-04  -7.09120E-03   4.18894E-04  -3.83417E-02   5.31495E-04  -5.59903E-02   4.64738E-04  -5.37417E-02   2.41055E-04  -3.23077E-02  -6.55003E-05   8.75972E-04  -3.54682E-04   3.43363E-02  -5.34448E-04   5.67229E-02  -5.53194E-04   6.10076E-02  -4.19697E-04   4.73068E-02  -2.05234E-04   2.34538E-02  -2.90528E-05   3.34984E-03
 2.18300E+02   4.47464E-04  -4.91764E-02   4.21567E-04  -5.53670E-02   2.68821E-04  -4.53290E-02   3.59314E-05  -2.10476E-02  -2.01709E-04   9.69293E-03  -3.66657E-04   3.64125E-02  -4.05847E-04   4.98489E-02  -3.08268E-04   4.53569E-02  -1.08292E-04   2.46174E-02   1.26149E-04  -4.93125E-03   3.16408E-04  -3.27253E-02   3.99245E-04  -4.88276E-02   3.47563E-04  -4.74554E-02   1.78943E-04  -2.90249E-02  -5.07713E-05   2.52906E-05  -2.66628E-04   2.95771E-02  -4.00206E-04   4.95270E-02  -4.13449E-04   5.35487E-02  -3.13296E-04   4.16433E-02  -1.53079E-04   2.06829E-02  -2.16579E-05   2.95748E-03
 2.19900E+02   3.54303E-04  -4.30277E-02   3.31702E-04  -4.95245E-02   2.09401E-04  -4.15466E-02   2.52842E-05  -2.04537E-02  -1.60880E-04   7.00315E-03  -2.88563E-04   3.14160E-02  -3.17050E-04   4.42670E-02  -2.38849E-04   4.10776E-02  -8.17701E-05   2.30672E-02   1.00749E-04  -3.25633E-03   2.47618E-04  -2.84149E-02   3.10316E-04  -4.33501E-02   2.68659E-04  -4.26623E-02   1.37013E-04  -2.65337E-02  -4.10032E-05  -6.37998E-04  -2.07469E-04   2.59394E-02  -3.09890E-04   4.40411E-02  -3.19371E-04   4.78698E-02  -2.41637E-04   3.73352E-02  -1.17944E-04   1.85764E-02  -1.66754E-05   2.65930E-03
 2.21500E+02   2.88879E-04  -3.80976E-02   2.68504E-04  -4.48568E-02   1.67503E-04  -3.85408E-02   1.76201E-05  -1.99989E-02  -1.32327E-04   4.84640E-03  -2.33705E-04   2.74389E-02  -2.54526E-04   3.98437E-02  -1.89842E-04   3.77039E-02  -6.28971E-05   2.18629E-02   8.30413E-05  -1.91261E-03   1.99259E-04  -2.50013E-02   2.47644E-04  -3.90318E-02   2.12945E-04  -3.88975E-02   1.07307E-04  -2.45889E-02  -3.42490E-05  -1.17407E-03  -1.65824E-04   2.30723E-02  -2.46193E-04   3.97317E-02  -2.52961E-04   4.34164E-02  -1.91025E-04   3.39604E-02  -9.31203E-05   1.69275E-02  -1.31543E-05   2.42602E-03
 2.23100E+02   2.41258E-04  -3.40399E-02   2.22416E-04  -4.10312E-02   1.36843E-04  -3.60928E-02   1.18613E-05  -1.96459E-02  -1.11658E-04   3.06960E-03  -1.93758E-04   2.41911E-02  -2.08856E-04   3.62513E-02  -1.53919E-04   3.49809E-02  -4.89190E-05   2.09090E-02   7.02774E-05  -8.04189E-04   1.64006E-04  -2.22296E-02   2.01809E-04  -3.55450E-02   1.72092E-04  -3.58718E-02   8.54281E-05  -2.30380E-02  -2.94345E-05  -1.62046E-03  -1.35409E-04   2.07575E-02  -1.99556E-04   3.62667E-02  -2.04281E-04   3.98432E-02  -1.53899E-04   3.12563E-02  -7.49022E-05   1.56075E-02  -1.05694E-05   2.23940E-03
 2.24700E+02   2.05592E-04  -3.06275E-02   1.87814E-04  -3.78293E-02   1.13722E-04  -3.40591E-02   7.37244E-06  -1.93703E-02  -9.62890E-05   1.57231E-03  -1.63821E-04   2.14826E-02  -1.74491E-04   3.32747E-02  -1.26767E-04   3.27419E-02  -3.82132E-05   2.01429E-02   6.08393E-05   1.31853E-04   1.37549E-04  -1.99328E-02   1.67261E-04  -3.26751E-02   1.41197E-04  -3.33954E-02   6.87880E-05  -2.17811E-02  -2.59279E-05  -2.00183E-03  -1.12525E-04   1.88518E-02  -1.64352E-04   3.34286E-02  -1.67480E-04   3.69241E-02  -1.25806E-04   2.90511E-02  -6.11080E-05   1.45323E-02  -8.61132E-06   2.08750E-03
 2.26300E+02   1.78257E-04  -2.77054E-02   1.61212E-04  -3.51022E-02   9.58440E-05  -3.23419E-02   3.75872E-06  -1.91555E-02  -8.46194E-05   2.85850E-04  -1.40858E-04   1.91836E-02  -1.47995E-04   3.07673E-02  -1.05710E-04   3.08729E-02  -2.97727E-05   1.95221E-02   5.37256E-05   9.38582E-04   1.17215E-04  -1.79968E-02   1.40561E-04  -3.02756E-02   1.17218E-04  -3.13392E-02   5.57802E-05  -2.07500E-02  -2.33385E-05  -2.33508E-03  -9.48784E-05   1.72574E-02  -1.37093E-04   3.10689E-02  -1.38927E-04   3.45050E-02  -1.03984E-04   2.72273E-02  -5.03845E-05   1.36444E-02  -7.08835E-06   1.96217E-03
 2.27900E+02   1.56912E-04  -2.51639E-02   1.40356E-04  -3.27444E-02   8.17275E-05  -3.08719E-02   7.64040E-07  -1.89899E-02  -7.56153E-05  -8.38398E-04  -1.22906E-04   1.72022E-02  -1.27143E-04   2.86254E-02  -8.90177E-05   2.92934E-02  -2.29451E-05   1.90165E-02   4.82898E-05   1.64650E-03   1.01276E-04  -1.63410E-02   1.19487E-04  -2.82430E-02   9.81892E-05  -2.96119E-02   4.53648E-05  -1.98968E-02  -2.14147E-05  -2.63220E-03  -8.09873E-05   1.59053E-02  -1.15521E-04   2.90830E-02  -1.16277E-04   3.24770E-02  -8.66463E-05   2.57023E-02  -4.18562E-05   1.29032E-02  -5.87634E-06   1.85769E-03
 2.29600E+02   1.39050E-04  -2.27916E-02   1.22814E-04  -3.05585E-02   6.97440E-05  -2.95252E-02  -1.93149E-06  -1.88585E-02  -6.82001E-05  -1.89463E-03  -1.07862E-04   1.53706E-02  -1.09516E-04   2.66662E-02  -7.47750E-05   2.78676E-02  -1.69706E-05   1.85816E-02   4.38725E-05   2.31518E-03   8.78715E-05  -1.48234E-02   1.01600E-04  -2.64019E-02   8.19261E-05  -2.80634E-02   3.63627E-05  -1.91466E-02  -1.99131E-05  -2.91810E-03  -6.92375E-05   1.46786E-02  -9.71491E-05   2.72981E-02  -9.69253E-05   3.06632E-02  -7.18055E-05   2.43428E-02  -3.45468E-05   1.22439E-02  -4.83668E-06   1.76489E-03
 2.31200E+02   1.25648E-04  -2.08054E-02   1.09566E-04  -2.87421E-02   6.05884E-05  -2.84210E-02  -4.13586E-06  -1.87703E-02  -6.27503E-05  -2.78623E-03  -9.65518E-05   1.38524E-02  -9.61179E-05   2.50617E-02  -6.38222E-05   2.67180E-02  -1.22353E-05   1.82518E-02   4.06839E-05   2.88336E-03   7.77467E-05  -1.35771E-02   8.79335E-05  -2.49107E-02   6.93927E-05  -2.68247E-02   2.93295E-05  -1.85609E-02  -1.88908E-05  -3.16605E-03  -6.02973E-05   1.36827E-02  -8.30505E-05   2.58652E-02  -8.20166E-05   2.92158E-02  -6.03446E-05   2.32622E-02  -2.88932E-05   1.17213E-02  -4.03169E-06   1.69147E-03
 2.32900E+02   1.14176E-04  -1.89061E-02   9.81304E-05  -2.70192E-02   5.25724E-05  -2.73895E-02  -6.22100E-06  -1.87091E-02  -5.82094E-05  -3.64741E-03  -8.68446E-05   1.24153E-02  -8.44592E-05   2.35636E-02  -5.41542E-05   2.56641E-02  -7.90494E-06   1.79723E-02   3.80920E-05   3.43642E-03   6.90048E-05  -1.24091E-02   7.59626E-05  -2.35354E-02   5.82985E-05  -2.56993E-02   2.30015E-05  -1.80447E-02  -1.81300E-05  -3.41280E-03  -5.25057E-05   1.27613E-02  -7.06331E-05   2.45575E-02  -6.88230E-05   2.79045E-02  -5.01727E-05   2.22880E-02  -2.38660E-05   1.12518E-02  -3.31500E-06   1.62566E-03
 2.34600E+02   1.04926E-04  -1.71838E-02   8.88111E-05  -2.54711E-02   4.59194E-05  -2.64787E-02  -8.11364E-06  -1.86776E-02  -5.46812E-05  -4.43792E-03  -7.89913E-05   1.11256E-02  -7.48563E-05   2.22406E-02  -4.60460E-05   2.47537E-02  -4.11627E-06   1.77555E-02   3.61499E-05   3.94879E-03   6.18754E-05  -1.13725E-02   6.60175E-05  -2.23382E-02   4.89596E-05  -2.47377E-02   1.75679E-05  -1.76209E-02  -1.76395E-05  -3.64697E-03  -4.60732E-05   1.19560E-02  -6.02439E-05   2.34334E-02  -5.77184E-05   2.67876E-02  -4.15806E-05   2.14633E-02  -1.96096E-05   1.08560E-02  -2.70726E-06   1.57035E-03
 2.36300E+02   9.74336E-05  -1.56063E-02   8.11579E-05  -2.40668E-02   4.03308E-05  -2.56689E-02  -9.86910E-06  -1.86728E-02  -5.19631E-05  -5.17233E-03  -7.26016E-05   9.95654E-03  -6.68633E-05   2.10627E-02  -3.91468E-05   2.39640E-02  -7.32969E-07   1.75933E-02   3.47327E-05   4.42975E-03   5.60139E-05  -1.04440E-02   5.76497E-05  -2.12895E-02   4.09760E-05  -2.39142E-02   1.28143E-05  -1.72763E-02  -1.73725E-05  -3.87237E-03  -4.07019E-05   1.12468E-02  -5.14255E-05   2.24631E-02  -4.82251E-05   2.58344E-02  -3.42039E-05   2.07649E-02  -1.59451E-05   1.05228E-02  -2.18309E-06   1.52396E-03
 2.38000E+02   9.13564E-05  -1.41479E-02   7.48391E-05  -2.27821E-02   3.55852E-05  -2.49442E-02  -1.15299E-05  -1.86923E-02  -4.99075E-05  -5.86230E-03  -6.73880E-05   8.88677E-03  -6.01502E-05   2.00064E-02  -3.31959E-05   2.32771E-02   2.34807E-06   1.74795E-02   3.37498E-05   4.88679E-03   5.11658E-05  -9.60489E-03   5.05267E-05  -2.03661E-02   3.40496E-05  -2.32086E-02   8.57971E-06  -1.70006E-02  -1.72955E-05  -4.09212E-03  -3.61710E-05   1.06183E-02  -4.38379E-05   2.16235E-02  -3.99872E-05   2.50211E-02  -2.77707E-05   2.01750E-02  -1.27390E-05   1.02432E-02  -1.72351E-06   1.48524E-03
 2.39700E+02   8.64386E-05  -1.27878E-02   6.96063E-05  -2.15973E-02   3.15159E-05  -2.42921E-02  -1.31299E-05  -1.87347E-02  -4.84055E-05  -6.51737E-03  -6.31363E-05   7.89909E-03  -5.44692E-05   1.90528E-02  -2.79956E-05   2.26788E-02   5.20690E-06   1.74093E-02   3.31358E-05   5.32609E-03   4.71408E-05  -8.84046E-03   4.43972E-05  -1.95495E-02   2.79538E-05  -2.26052E-02   4.74025E-06  -1.67860E-02  -1.73854E-05  -4.30887E-03  -3.23146E-05   1.00580E-02  -3.72234E-05   2.08963E-02  -3.27341E-05   2.43290E-02  -2.20736E-05   1.96791E-02  -9.88933E-06   1.00104E-02  -1.31405E-06   1.45322E-03
 2.41400E+02   8.24879E-05  -1.15092E-02   6.52713E-05  -2.04963E-02   2.79952E-05  -2.37025E-02  -1.46966E-05  -1.87988E-02  -4.73766E-05  -7.14547E-03  -5.96844E-05   6.97941E-03  -4.96311E-05   1.81864E-02  -2.33933E-05   2.21579E-02   7.90732E-06   1.73793E-02   3.28426E-05   5.75285E-03   4.37945E-05  -8.13855E-03   3.90685E-05  -1.88249E-02   2.25133E-05  -2.20913E-02   1.19860E-06  -1.66263E-02  -1.76259E-05  -4.52491E-03  -2.90056E-05   9.55592E-03  -3.13828E-05   2.02668E-02  -2.62559E-05   2.37430E-02  -1.69517E-05   1.92663E-02  -7.31662E-06   9.81906E-03  -9.43382E-07   1.42713E-03
 2.43200E+02   7.91968E-05  -1.02284E-02   6.15006E-05  -1.94073E-02   2.47556E-05  -2.31373E-02  -1.63456E-05  -1.88894E-02  -4.67371E-05  -7.78860E-03  -5.67652E-05   6.06674E-03  -4.52656E-05   1.73503E-02  -1.90394E-05   2.16804E-02   1.06519E-05   1.73881E-02   3.28443E-05   6.19606E-03   4.08687E-05  -7.45242E-03   3.41327E-05  -1.81446E-02   1.73132E-05  -2.16336E-02  -2.31380E-06  -1.65117E-02  -1.80334E-05  -4.75516E-03  -2.59895E-05   9.07873E-03  -2.58691E-05   1.96938E-02  -2.00574E-05   2.32253E-02  -1.20137E-05   1.89099E-02  -4.82450E-06   9.65678E-03  -5.83233E-07   1.40530E-03
 2.44900E+02   7.68153E-05  -9.07521E-03   5.85976E-05  -1.84396E-02   2.20757E-05  -2.26520E-02  -1.79154E-05  -1.89961E-02  -4.65130E-05  -8.38143E-03  -5.46050E-05   5.25218E-03  -4.17389E-05   1.66266E-02  -1.53178E-05   2.12918E-02   1.31821E-05   1.74329E-02   3.31159E-05   6.61062E-03   3.85997E-05  -6.84958E-03   3.00146E-05  -1.75739E-02   1.28152E-05  -2.12747E-02  -5.47451E-06  -1.64513E-02  -1.85564E-05  -4.97598E-03  -2.35209E-05   8.67242E-03  -2.11647E-05   1.92311E-02  -1.46879E-05   2.28233E-02  -7.70026E-06   1.86421E-02  -2.63625E-06   9.53812E-03  -2.65955E-07   1.38967E-03
 2.46700E+02   7.49688E-05  -7.90234E-03   5.61253E-05  -1.74688E-02   1.95710E-05  -2.21832E-02  -1.96122E-05  -1.91312E-02  -4.66439E-05  -8.99953E-03  -5.28700E-05   4.43035E-03  -3.85360E-05   1.59202E-02  -1.17037E-05   2.09397E-02   1.58389E-05   1.75174E-02   3.36727E-05   7.04936E-03   3.66470E-05  -6.25111E-03   2.61232E-05  -1.70366E-02   8.38733E-06  -2.09652E-02  -8.71752E-06  -1.64349E-02  -1.92544E-05  -5.21537E-03  -2.12410E-05   8.28294E-03  -1.66023E-05   1.88157E-02  -9.39223E-06   2.24815E-02  -3.40755E-06   1.84254E-02  -4.46496E-07   9.44617E-03   5.26502E-08   1.37799E-03
 2.48500E+02   7.37454E-05  -6.76862E-03   5.41970E-05  -1.65437E-02   1.73517E-05  -2.17554E-02  -2.13658E-05  -1.92894E-02  -4.71310E-05  -9.61316E-03  -5.16421E-05   3.64182E-03  -3.57988E-05   1.52669E-02  -8.35154E-06   2.06430E-02   1.85134E-05   1.76393E-02   3.44973E-05   7.49176E-03   3.50993E-05  -5.68660E-03   2.26261E-05  -1.65605E-02   4.21558E-06  -2.07223E-02  -1.19099E-05  -1.64653E-02  -2.01023E-05  -5.46249E-03  -1.92487E-05   7.92997E-03  -1.23740E-05   1.84699E-02  -4.39121E-06   2.22191E-02   6.86474E-07   1.82724E-02   1.65436E-06   9.38658E-03   3.59460E-07   1.37101E-03
 2.50300E+02   7.30926E-05  -5.66465E-03   5.27555E-05  -1.56562E-02   1.53712E-05  -2.13639E-02  -2.31978E-05  -1.94710E-02  -4.79617E-05  -1.02275E-02  -5.08762E-05   2.87892E-03  -3.34626E-05   1.46595E-02  -5.19817E-06   2.03973E-02   2.12444E-05   1.77983E-02   3.55882E-05   7.94157E-03   3.39120E-05  -5.14984E-03   1.94495E-05  -1.61392E-02   2.22956E-07  -2.05415E-02  -1.51032E-05  -1.65412E-02  -2.11056E-05  -5.71935E-03  -1.74982E-05   7.60896E-03  -8.39685E-06   1.81880E-02   4.08342E-07   2.20309E-02   4.65607E-06   1.81795E-02   3.70380E-06   9.35765E-03   6.59893E-07   1.36848E-03
 2.52100E+02   7.29756E-05  -4.58191E-03   5.17594E-05  -1.47987E-02   1.35916E-05  -2.10048E-02  -2.51303E-05  -1.96769E-02  -4.91329E-05  -1.08473E-02  -5.05415E-05   2.13475E-03  -3.14764E-05   1.40916E-02  -2.18916E-06   2.01991E-02   2.40697E-05   1.79946E-02   3.69506E-05   8.40246E-03   3.30527E-05  -4.63532E-03   1.65326E-05  -1.57673E-02  -3.65848E-06  -2.04195E-02  -1.83464E-05  -1.66618E-02  -2.22734E-05  -5.98803E-03  -1.59529E-05   7.31602E-03  -4.59928E-06   1.79655E-02   5.08900E-06   2.19130E-02   8.56797E-06   1.81442E-02   5.73583E-06   9.35824E-03   9.58891E-07   1.37027E-03
 2.53900E+02   7.33744E-05  -3.51251E-03   5.11801E-05  -1.39645E-02   1.19818E-05  -2.06747E-02  -2.71869E-05  -1.99082E-02  -5.06500E-05  -1.14774E-02  -5.06195E-05   1.40294E-03  -2.98008E-05   1.35576E-02   7.23714E-07   2.00456E-02   2.70280E-05   1.82291E-02   3.85963E-05   8.87812E-03   3.24984E-05  -4.13810E-03   1.38236E-05  -1.54406E-02  -7.49069E-06  -2.03538E-02  -2.16871E-05  -1.68273E-02  -2.36186E-05  -6.27071E-03  -1.45829E-05   7.04786E-03  -9.17516E-07   1.77991E-02   9.72650E-06   2.18626E-02   1.24844E-05   1.81647E-02   7.78242E-06   9.38769E-03   1.26113E-06   1.37629E-03
 2.55700E+02   7.42824E-05  -2.44896E-03   5.10004E-05  -1.31473E-02   1.05160E-05  -2.03710E-02  -2.93933E-05  -2.01661E-02  -5.25271E-05  -1.21224E-02  -5.11028E-05   6.77472E-04  -2.84053E-05   1.30527E-02   3.58460E-06   1.99348E-02   3.01598E-05   1.85031E-02   4.05439E-05   9.37235E-03   3.22350E-05  -3.65362E-03   1.12780E-05  -1.51553E-02  -1.13323E-05  -2.03429E-02  -2.51741E-05  -1.70386E-02  -2.51583E-05  -6.56968E-03  -1.33640E-05   6.80169E-03   2.70711E-06   1.76864E-02   1.43930E-05   2.18784E-02   1.64655E-05   1.82405E-02   9.87488E-06   9.44583E-03   1.57123E-06   1.38653E-03
 2.57600E+02   7.58004E-05  -1.32465E-03   5.12369E-05  -1.22968E-02   9.10135E-06  -2.00762E-02  -3.19170E-05  -2.04693E-02  -5.49242E-05  -1.28250E-02  -5.20558E-05  -8.78227E-05  -2.72112E-05   1.25466E-02   6.59425E-06   1.98629E-02   3.37025E-05   1.88374E-02   4.29560E-05   9.91862E-03   3.22655E-05  -3.15133E-03   8.72463E-06  -1.48962E-02  -1.54611E-05  -2.03904E-02  -2.90701E-05  -1.73127E-02  -2.70184E-05  -6.90575E-03  -1.22193E-05   6.56299E-03   6.53289E-06   1.76241E-02   1.94289E-05   2.19663E-02   2.08051E-05   1.83807E-02   1.21685E-05   9.53861E-03   1.91227E-06   1.40197E-03
 2.59500E+02   7.79157E-05  -1.90244E-04   5.19151E-05  -1.14521E-02   7.80172E-06  -1.98056E-02  -3.46792E-05  -2.08067E-02  -5.77855E-05  -1.35557E-02  -5.34793E-05  -8.59284E-04  -2.62855E-05   1.20634E-02   9.64101E-06   1.98362E-02   3.75456E-05   1.92207E-02   4.57735E-05   1.04951E-02   3.26138E-05  -2.65362E-03   6.26727E-06  -1.46774E-02  -1.97337E-05  -2.04986E-02  -3.32521E-05  -1.76418E-02  -2.91511E-05  -7.26608E-03  -1.12016E-05   6.34360E-03   1.04224E-05   1.76191E-02   2.46627E-05   2.21280E-02   2.53589E-05   1.85838E-02   1.45881E-05   9.66450E-03   2.27319E-06   1.42232E-03
 2.61300E+02   8.05063E-05   9.01682E-04   5.29796E-05  -1.06511E-02   6.66010E-06  -1.95696E-02  -3.75576E-05  -2.11607E-02  -6.09708E-05  -1.42798E-02  -5.52880E-05  -1.60208E-03  -2.56458E-05   1.16228E-02   1.26066E-05   1.98527E-02   4.15237E-05   1.96325E-02   4.88636E-05   1.10742E-02   3.32462E-05  -2.18201E-03   3.99192E-06  -1.45057E-02  -2.39806E-05  -2.06582E-02  -3.75451E-05  -1.80076E-02  -3.14590E-05  -7.63320E-03  -1.03404E-05   6.15162E-03   1.42270E-05   1.76673E-02   2.98871E-05   2.23510E-02   2.99439E-05   1.88364E-02   1.70358E-05   9.81556E-03   2.63930E-06   1.44633E-03
 2.63200E+02   8.39152E-05   2.08121E-03   5.45765E-05  -9.79843E-03   5.53453E-06  -1.93404E-02  -4.09242E-05  -2.15740E-02  -6.48973E-05  -1.50846E-02  -5.77244E-05  -2.40564E-03  -2.52174E-05   1.11720E-02   1.58709E-05   1.99148E-02   4.61536E-05   2.01231E-02   5.26321E-05   1.17263E-02   3.42517E-05  -1.67944E-03   1.60891E-06  -1.43605E-02  -2.87509E-05  -2.08893E-02  -4.25080E-05  -1.84548E-02  -3.42457E-05  -8.05193E-03  -9.52809E-06   5.96390E-03   1.84380E-05   1.77753E-02   3.57799E-05   2.26632E-02   3.51562E-05   1.91698E-02   1.98302E-05   1.00105E-02   3.05830E-06   1.47698E-03
 2.65100E+02   8.80944E-05   3.29811E-03   5.67027E-05  -8.93133E-03   4.47687E-06  -1.91301E-02  -4.46924E-05  -2.20325E-02  -6.94866E-05  -1.59388E-02  -6.07614E-05  -3.23682E-03  -2.50456E-05   1.07320E-02   1.93302E-05   2.00241E-02   5.13172E-05   2.06768E-02   5.70022E-05   1.24272E-02   3.56339E-05  -1.16701E-03  -7.93309E-07  -1.42517E-02  -3.39066E-05  -2.11882E-02  -4.80133E-05  -1.89706E-02  -3.74527E-05  -8.50754E-03  -8.80504E-06   5.78986E-03   2.29280E-05   1.79440E-02   4.21754E-05   2.30588E-02   4.08538E-05   1.95765E-02   2.28963E-05   1.02446E-02   3.51907E-06   1.51348E-03
 2.67000E+02   9.31486E-05   4.56325E-03   5.94193E-05  -8.04220E-03   3.47459E-06  -1.89375E-02  -4.89425E-05  -2.25414E-02  -7.48464E-05  -1.68514E-02  -6.44794E-05  -4.10413E-03  -2.51411E-05   1.02989E-02   2.30510E-05   2.01828E-02   5.71273E-05   2.13005E-02   6.20775E-05   1.31852E-02   3.74354E-05  -6.39276E-04  -3.25613E-06  -1.41790E-02  -3.95547E-05  -2.15595E-02  -5.41825E-05  -1.95620E-02  -4.11561E-05  -9.00573E-03  -8.16339E-06   5.62801E-03   2.77886E-05   1.81767E-02   4.92098E-05   2.35441E-02   4.71601E-05   2.00627E-02   2.63014E-05   1.05214E-02   4.03177E-06   1.55637E-03
 2.69000E+02   9.95656E-05   5.96061E-03   6.30076E-05  -7.07319E-03   2.46661E-06  -1.87525E-02  -5.40468E-05  -2.31386E-02  -8.14723E-05  -1.78870E-02  -6.92453E-05  -5.06666E-03  -2.55521E-05   9.84581E-03   2.73364E-05   2.04068E-02   6.40950E-05   2.20422E-02   6.83268E-05   1.40555E-02   3.98488E-05  -6.06389E-05  -5.96435E-06  -1.41420E-02  -4.61738E-05  -2.20356E-02  -6.15580E-05  -2.02758E-02  -4.56969E-05  -9.58361E-03  -7.56947E-06   5.46929E-03   3.34251E-05   1.84959E-02   5.74854E-05   2.41611E-02   5.46209E-05   2.06691E-02   3.03417E-05   1.08636E-02   4.64113E-06   1.60918E-03
 2.70900E+02   1.06892E-04   7.36526E-03   6.72241E-05  -6.11120E-03   1.54214E-06  -1.85929E-02  -5.96261E-05  -2.37726E-02  -8.88866E-05  -1.89549E-02  -7.47278E-05  -6.03968E-03  -2.62692E-05   9.41370E-03   3.18576E-05   2.06783E-02   7.17062E-05   2.28388E-02   7.53010E-05   1.49629E-02   4.27139E-05   5.18129E-04  -8.70212E-06  -1.41454E-02  -5.32674E-05  -2.25774E-02  -6.95976E-05  -2.10521E-02  -5.07492E-05  -1.01919E-02  -7.07864E-06   5.32828E-03   3.94121E-05   1.88762E-02   6.63863E-05   2.48591E-02   6.26840E-05   2.13456E-02   3.47190E-05   1.12431E-02   5.30228E-06   1.66753E-03
 2.72900E+02   1.16163E-04   8.94379E-03   7.26765E-05  -5.04254E-03   5.91492E-07  -1.84411E-02  -6.64479E-05  -2.45210E-02  -9.81268E-05  -2.01846E-02  -8.17088E-05  -7.14020E-03  -2.74168E-05   8.95180E-03   3.72234E-05   2.10321E-02   8.10125E-05   2.37888E-02   8.39781E-05   1.60187E-02   4.64484E-05   1.16677E-03  -1.18280E-05  -1.41918E-02  -6.18057E-05  -2.32538E-02  -7.94138E-05  -2.19880E-02  -5.70219E-05  -1.09057E-02  -6.63719E-06   5.18880E-03   4.65651E-05   1.93668E-02   7.71355E-05   2.57267E-02   7.24610E-05   2.21777E-02   4.00380E-05   1.17075E-02   6.10663E-06   1.73876E-03
 2.74800E+02   1.26777E-04   1.05594E-02   7.90235E-05  -3.96029E-03  -3.02355E-07  -1.83116E-02  -7.40487E-05  -2.53215E-02  -1.08584E-04  -2.14721E-02  -8.97430E-05  -8.27448E-03  -2.89439E-05   8.50077E-03   4.30555E-05   2.14408E-02   9.13862E-05   2.48143E-02   9.37883E-05   1.71350E-02   5.08235E-05   1.83020E-03  -1.51107E-05  -1.42796E-02  -7.12026E-05  -2.40110E-02  -9.03471E-05  -2.30076E-02  -6.41038E-05  -1.16663E-02  -6.28970E-06   5.06363E-03   5.43895E-05   1.99295E-02   8.90015E-05   2.66954E-02   8.32907E-05   2.30993E-02   4.59401E-05   1.22199E-02   7.00006E-06   1.81719E-03
 2.76800E+02   1.40320E-04   1.24096E-02   8.72262E-05  -2.73258E-03  -1.24776E-06  -1.81904E-02  -8.35375E-05  -2.62750E-02  -1.21805E-04  -2.29785E-02  -1.00038E-04  -9.58336E-03  -3.11062E-05   8.00623E-03   5.01887E-05   2.19582E-02   1.04347E-04   2.60464E-02   1.06187E-04   1.84532E-02   5.65079E-05   2.59098E-03  -1.90067E-05  -1.44223E-02  -8.28229E-05  -2.49479E-02  -1.04003E-04  -2.42426E-02  -7.30470E-05  -1.25709E-02  -6.00298E-06   4.93833E-03   6.40179E-05   2.06391E-02   1.03716E-04   2.78918E-02   9.67580E-05   2.42304E-02   5.32905E-05   1.28470E-02   8.11367E-06   1.91302E-03
 2.78800E+02   1.56942E-04   1.44488E-02   9.73994E-05  -1.39126E-03  -2.21486E-06  -1.80847E-02  -9.49799E-05  -2.73644E-02  -1.37919E-04  -2.46728E-02  -1.12722E-04  -1.10376E-02  -3.39726E-05   7.48291E-03   5.86444E-05   2.25796E-02   1.19994E-04   2.74652E-02   1.21299E-04   1.99490E-02   6.35903E-05   3.43200E-03  -2.35041E-05  -1.46229E-02  -9.67333E-05  -2.60538E-02  -1.20488E-04  -2.56752E-02  -8.39419E-05  -1.36042E-02  -5.80467E-06   4.81831E-03   7.54978E-05   2.14893E-02   1.21374E-04   2.93023E-02   1.12959E-04   2.55572E-02   6.21441E-05   1.35808E-02   9.45597E-06   2.02502E-03
 2.80800E+02   1.77557E-04   1.67228E-02   1.10120E-04   9.31848E-05  -3.22506E-06  -1.79946E-02  -1.08974E-04  -2.86187E-02  -1.57798E-04  -2.65981E-02  -1.28506E-04  -1.26728E-02  -3.77362E-05   6.92010E-03   6.88436E-05   2.33243E-02   1.39153E-04   2.91104E-02   1.39948E-04   2.16627E-02   7.24814E-05   4.37423E-03  -2.88089E-05  -1.48902E-02  -1.13654E-04  -2.73626E-02  -1.40680E-04  -2.73473E-02  -9.73844E-05  -1.47952E-02  -5.70743E-06   4.70213E-03   8.94189E-05   2.25074E-02   1.42903E-04   3.09706E-02   1.32751E-04   2.71203E-02   7.29706E-05   1.44437E-02   1.10983E-05   2.15658E-03
 2.82900E+02   2.04925E-04   1.94294E-02   1.27121E-04   1.84812E-03  -4.36281E-06  -1.79172E-02  -1.27342E-04  -3.01549E-02  -1.84079E-04  -2.89303E-02  -1.49520E-04  -1.46359E-02  -4.29571E-05   6.27162E-03   8.20807E-05   2.42677E-02   1.64335E-04   3.11396E-02   1.64615E-04   2.37551E-02   8.44052E-05   5.50248E-03  -3.55640E-05  -1.52558E-02  -1.35778E-04  -2.90045E-02  -1.67232E-04  -2.94220E-02  -1.15167E-04  -1.62577E-02  -5.73632E-06   4.58247E-03   1.07576E-04   2.37974E-02   1.71109E-04   3.30632E-02   1.58723E-04   2.90748E-02   8.71904E-05   1.55211E-02   1.32565E-05   2.32071E-03
 2.84900E+02   2.38419E-04   2.23951E-02   1.48036E-04   3.76029E-03  -5.56002E-06  -1.78609E-02  -1.49626E-04  -3.18810E-02  -2.16144E-04  -3.15272E-02  -1.75304E-04  -1.68056E-02  -4.95636E-05   5.58032E-03   9.79971E-05   2.53570E-02   1.94924E-04   3.34339E-02   1.94732E-04   2.61019E-02   9.91196E-05   6.74761E-03  -4.35620E-05  -1.57020E-02  -1.62547E-04  -3.08873E-02  -1.99505E-04  -3.17803E-02  -1.36884E-04  -1.79064E-02  -5.92172E-06   4.46867E-03   1.29505E-04   2.52883E-02   2.05297E-04   3.54634E-02   1.90245E-04   3.13111E-02   1.04460E-04   1.67525E-02   1.58787E-05   2.50817E-03
 2.87000E+02   2.84593E-04   2.60415E-02   1.76988E-04   6.10043E-03  -6.99897E-06  -1.78219E-02  -1.80133E-04  -3.40498E-02  -2.60248E-04  -3.47665E-02  -2.10923E-04  -1.94957E-02  -5.89066E-05   4.74944E-03   1.19638E-04   2.67564E-02   2.36858E-04   3.63338E-02   2.36185E-04   2.90491E-02   1.19542E-04   8.29068E-03  -5.43029E-05  -1.62996E-02  -1.99132E-04  -3.32949E-02  -2.43775E-04  -3.47756E-02  -1.66786E-04  -1.99866E-02  -6.33793E-06   4.34660E-03   1.59438E-04   2.72070E-02   2.52095E-04   3.85342E-02   2.33439E-04   3.41669E-02   1.28138E-04   1.83234E-02   1.94749E-05   2.74722E-03
 2.89000E+02   3.43758E-04   3.01886E-02   2.14206E-04   8.75202E-03  -8.63249E-06  -1.78063E-02  -2.19019E-04  -3.65628E-02  -3.16669E-04  -3.84983E-02  -2.56647E-04  -2.25801E-02  -7.11144E-05   3.82137E-03   1.47078E-04   2.84075E-02   2.90374E-04   3.97121E-02   2.89254E-04   3.24654E-02   1.45855E-04   1.00604E-02  -6.77904E-05  -1.70272E-02  -2.45720E-04  -3.61267E-02  -3.00311E-04  -3.82802E-02  -2.05083E-04  -2.24081E-02  -7.02943E-06   4.22441E-03   1.97518E-04   2.94756E-02   3.11765E-04   4.21486E-02   2.88560E-04   3.75234E-02   1.58367E-04   2.01686E-02   2.40672E-05   3.02792E-03
 2.91100E+02   4.30105E-04   3.55160E-02   2.68660E-04   1.21485E-02  -1.07793E-05  -1.78172E-02  -2.75543E-04  -3.98425E-02  -3.98916E-04  -4.33473E-02  -3.23480E-04  -2.65732E-02  -8.91984E-05   2.64545E-03   1.86805E-04   3.05943E-02   3.68249E-04   4.41434E-02   3.66671E-04   3.69294E-02   1.84429E-04   1.23536E-02  -8.71719E-05  -1.80142E-02  -3.13405E-04  -3.98705E-02  -3.82634E-04  -4.28953E-02  -2.60972E-04  -2.55843E-02  -8.21519E-06   4.08467E-03   2.52807E-04   3.24879E-02   3.98553E-04   4.69315E-02   3.68783E-04   4.19602E-02   2.02377E-04   2.26066E-02   3.07545E-05   3.39867E-03
 2.93200E+02   5.56112E-04   4.22638E-02   3.48282E-04   1.64413E-02  -1.36446E-05  -1.78634E-02  -3.57777E-04  -4.40534E-02  -5.18842E-04  -4.95517E-02  -4.21135E-04  -3.16683E-02  -1.15893E-04   1.17090E-03   2.44431E-04   3.34361E-02   4.81658E-04   4.98595E-02   4.79628E-04   4.26714E-02   2.40925E-04   1.52839E-02  -1.15124E-04  -1.93208E-02  -4.11863E-04  -4.47319E-02  -5.02591E-04  -4.88700E-02  -3.42554E-04  -2.96840E-02  -1.01430E-05   3.92507E-03   3.33200E-04   3.64135E-02   5.24915E-04   5.31482E-02   4.85645E-04   4.77226E-02   2.66504E-04   2.57718E-02   4.05000E-05   3.87994E-03
 2.95300E+02   7.50225E-04   5.11449E-02   4.71117E-04   2.20827E-02  -1.77553E-05  -1.79577E-02  -4.84179E-04  -4.96574E-02  -7.03489E-04  -5.77889E-02  -5.71726E-04  -3.84196E-02  -1.57363E-04  -7.57178E-04   3.32820E-04   3.72545E-02   6.56123E-04   5.74991E-02   6.53647E-04   5.03300E-02   3.28202E-04   1.91735E-02  -1.57819E-04  -2.11009E-02  -5.63212E-04  -5.12638E-02  -6.87228E-04  -5.68809E-02  -4.68284E-04  -3.51689E-02  -1.33349E-05   3.73220E-03   4.56747E-04   4.17036E-02   7.19302E-04   6.15102E-02   6.65485E-04   5.54692E-02   3.65208E-04   3.00259E-02   5.55021E-05   4.52670E-03
 2.97500E+02   1.09222E-03   6.41455E-02   6.87768E-04   3.03333E-02  -2.46091E-05  -1.81337E-02  -7.06532E-04  -5.79358E-02  -1.02870E-03  -6.99372E-02  -8.37260E-04  -4.83636E-02  -2.30878E-04  -3.56925E-03   4.88074E-04   4.29383E-02   9.63232E-04   6.88283E-02   9.60293E-04   6.16722E-02   4.82305E-04   2.49142E-02  -2.32589E-04  -2.37786E-02  -8.29499E-04  -6.09926E-02  -1.01239E-03  -6.87951E-02  -6.89910E-04  -4.33140E-02  -1.92413E-05   3.46824E-03   6.74087E-04   4.96016E-02   1.06151E-03   7.39784E-02   9.82167E-04   6.70157E-02   5.39044E-04   3.63657E-02   8.19256E-05   5.49049E-03
 2.99600E+02   1.70289E-03   8.27984E-02   1.07489E-03   4.21652E-02  -3.63845E-05  -1.84251E-02  -1.10315E-03  -6.98969E-02  -1.60928E-03  -8.74724E-02  -1.31166E-03  -6.27067E-02  -3.62685E-04  -7.59859E-03   7.64746E-04   5.11975E-02   1.51131E-03   8.52518E-02   1.50793E-03   7.81015E-02   7.57885E-04   3.32112E-02  -3.65573E-04  -2.76986E-02  -1.30458E-03  -7.51432E-02  -1.59287E-03  -8.61089E-02  -1.08581E-03  -5.51396E-02  -3.01223E-05   3.10695E-03   1.06182E-03   6.11111E-02   1.67229E-03   9.21327E-02   1.54750E-03   8.38243E-02   8.49403E-04   4.55942E-02   1.29104E-04   6.89337E-03
 3.01800E+02   3.13043E-03   1.15813E-01   1.98028E-03   6.31046E-02  -6.32378E-05  -1.89872E-02  -2.02975E-03  -9.11777E-02  -2.96637E-03  -1.18655E-01  -2.42110E-03  -8.82049E-02  -6.71605E-04  -1.47327E-02   1.41075E-03   6.59530E-02   2.79219E-03   1.14553E-01   2.78835E-03   1.07402E-01   1.40275E-03   4.79894E-02  -6.75712E-04  -3.47372E-02  -2.41470E-03  -1.00453E-01  -2.94982E-03  -1.17061E-01  -2.01163E-03  -7.62695E-02  -5.60447E-05   2.48594E-03   1.96779E-03   8.17261E-02   3.09988E-03   1.24634E-01   2.86902E-03   1.13913E-01   1.57494E-03   6.21138E-02   2.39397E-04   9.40461E-03
 3.04000E+02   7.59018E-03   1.85360E-01   4.80950E-03   1.07217E-01  -1.45979E-04  -2.02312E-02  -4.92356E-03  -1.36168E-01  -7.20582E-03  -1.84568E-01  -5.88783E-03  -1.42100E-01  -1.63807E-03  -2.97797E-02   3.42766E-03   9.72358E-02   6.79325E-03   1.76634E-01   6.78894E-03   1.69476E-01   3.41851E-03   7.92782E-02  -1.64339E-03  -4.97076E-02  -5.88209E-03  -1.54172E-01  -7.18908E-03  -1.82745E-01  -4.90462E-03  -1.21099E-01  -1.37857E-04   1.19740E-03   4.79755E-03   1.25527E-01   7.55960E-03   1.93674E-01   6.99764E-03   1.77828E-01   3.84170E-03   9.72046E-02   5.83991E-04   1.47390E-02
 3.06200E+02   3.89346E-02   4.28963E-01   2.46960E-02   2.61758E-01  -7.24252E-04  -2.46917E-02  -2.52594E-02  -2.94089E-01  -3.70015E-02  -4.15940E-01  -3.02554E-02  -3.31309E-01  -8.43459E-03  -8.25628E-02   1.75996E-02   2.07223E-01   3.49126E-02   3.94869E-01   3.49078E-02   3.87697E-01   1.75893E-02   1.89255E-01  -8.44112E-03  -1.02433E-01  -3.02502E-02  -3.43215E-01  -3.69845E-02  -4.13888E-01  -2.52396E-02  -2.78850E-01  -7.15199E-04  -3.29362E-03   2.46846E-02   2.79768E-01   3.89039E-02   4.36778E-01   3.60156E-02   4.02886E-01   1.97738E-02   2.20770E-01   3.00602E-03   3.35234E-02
 3.08400E+02   4.72156E-01  -1.45861E+00   2.99559E-01  -9.35862E-01  -8.70983E-03   1.01211E-02  -3.06323E-01   9.30634E-01  -4.48817E-01   1.37856E+00  -3.67053E-01   1.13632E+00  -1.02380E-01   3.26819E-01   2.13468E-01  -6.46325E-01   4.23558E-01  -1.29878E+00   4.23553E-01  -1.30597E+00   2.13456E-01  -6.64320E-01  -1.02388E-01   3.06990E-01  -3.67048E-01   1.12457E+00  -4.48800E-01   1.38084E+00  -3.06302E-01   9.46052E-01  -8.69984E-03   3.15023E-02   2.99548E-01  -9.18140E-01   4.72125E-01  -1.45129E+00   4.37086E-01  -1.34507E+00   2.39980E-01  -7.38938E-01   3.64820E-02  -1.12373E-01
 3.10600E+02   1.63283E-02  -2.90138E-01   1.03525E-02  -1.94534E-01  -3.08673E-04  -1.14026E-02  -1.05939E-02   1.72666E-01  -1.55123E-02   2.68008E-01  -1.26798E-02   2.28100E-01  -3.53096E-03   7.34912E-02   7.37997E-03  -1.18166E-01   1.46326E-02  -2.50827E-01   1.46269E-02  -2.58046E-01   7.36731E-03  -1.36205E-01  -3.53990E-03   5.36839E-02  -1.26758E-02   2.16490E-01  -1.54947E-02   2.70519E-01  -1.05723E-02   1.88274E-01  -2.97733E-04   9.97546E-03   1.03419E-02  -1.77090E-01   1.62972E-02  -2.83309E-01   1.50864E-02  -2.63773E-01   8.28267E-03  -1.45261E-01   1.25910E-03  -2.21217E-02
 3.12800E+02   4.93685E-03  -1.62355E-01   3.12467E-03  -1.13490E-01  -9.92664E-05  -1.37525E-02  -3.20387E-03   8.98617E-02  -4.68368E-03   1.46723E-01  -3.82330E-03   1.28944E-01  -1.05997E-03   4.58507E-02   2.23022E-03  -6.05137E-02   4.41336E-03  -1.36476E-01   4.40711E-03  -1.43730E-01   2.21634E-03  -7.86124E-02  -1.07014E-03   2.60483E-02  -3.81993E-03   1.17467E-01  -4.66578E-03   1.49465E-01  -3.18127E-03   1.05672E-01  -8.73626E-05   7.63586E-03   3.11448E-03  -9.63155E-02   4.90543E-03  -1.56013E-01   4.53991E-03  -1.45933E-01   2.49214E-03  -8.05653E-02   3.78813E-04  -1.22869E-02
 3.15100E+02   2.28920E-03  -1.12182E-01   1.44444E-03  -8.16949E-02  -5.10587E-05  -1.46801E-02  -1.48658E-03   5.74068E-02  -2.16683E-03   9.92198E-02  -1.76443E-03   9.01372E-02  -4.85056E-04   3.50533E-02   1.03372E-03  -3.79466E-02   2.03816E-03  -9.17598E-02   2.03137E-03  -9.90553E-02   1.01854E-03  -5.61252E-02  -4.96533E-04   1.52375E-02  -1.76163E-03   7.87895E-02  -2.14851E-03   1.02206E-01  -1.46290E-03   7.34391E-02  -3.81270E-05   6.73339E-03   1.43462E-03  -6.47914E-02   2.25735E-03  -1.06348E-01   2.08821E-03  -9.99658E-02   1.14600E-03  -5.53314E-02   1.74167E-04  -8.45122E-03
 3.17400E+02   1.32047E-03  -8.62004E-02   8.29427E-04  -6.52525E-02  -3.38099E-05  -1.51705E-02  -8.58542E-04   4.06382E-02  -1.24594E-03   7.47098E-02  -1.01076E-03   7.01421E-02  -2.74207E-04   2.95117E-02   5.96290E-04  -2.63067E-02   1.16911E-03  -6.87401E-02   1.16176E-03  -7.60852E-02   5.79773E-04  -4.45832E-02  -2.87015E-04   9.66346E-03  -1.00853E-03   5.89131E-02  -1.22714E-03   7.79437E-02  -8.33724E-04   5.69057E-02  -1.98245E-05   6.28285E-03   8.19942E-04  -4.86113E-02   1.28813E-03  -8.08738E-02   1.19076E-03  -7.63954E-02   6.53208E-04  -4.23949E-02   9.92480E-05  -6.48505E-03
 3.19700E+02   8.61525E-04  -7.02468E-02   5.37841E-04  -5.51777E-02  -2.59732E-05  -1.54847E-02  -5.61245E-04   3.03679E-02  -8.09624E-04   5.97305E-02  -6.53389E-04   5.79484E-02  -1.73879E-04   2.61547E-02   3.89351E-04  -1.91912E-02   7.57364E-04  -5.47128E-02   7.49432E-04  -6.21151E-02   3.71446E-04  -3.75838E-02  -1.88054E-04   6.25520E-03  -6.51704E-04   4.68284E-02  -7.90300E-04   6.32153E-02  -5.35220E-04   4.68841E-02  -1.09032E-05   6.02328E-03   5.28657E-04  -3.87905E-02   8.28598E-04  -6.54280E-02   7.65178E-04  -6.21114E-02   4.19493E-04  -3.45578E-02   6.37137E-05  -5.29415E-03
 3.22000E+02   6.08695E-04  -5.94075E-02   3.77013E-04  -4.83530E-02  -2.19541E-05  -1.57134E-02  -3.97676E-04   2.34080E-02  -5.69225E-04   4.96108E-02  -4.56220E-04   4.97361E-02  -1.18216E-04   2.39170E-02   2.75605E-04  -1.43786E-02   5.30489E-04  -4.52702E-02   5.21953E-04  -5.27371E-02   2.56258E-04  -3.29058E-02  -1.33798E-04   3.94715E-03  -4.55079E-04   3.87157E-02  -5.49313E-04   5.33509E-02  -3.70373E-04   4.01870E-02  -5.76319E-06   5.86421E-03   3.68099E-04  -3.22120E-02   5.75095E-04  -5.50981E-02   5.30320E-04  -5.25659E-02   2.90493E-04  -2.93229E-02   4.40982E-05  -4.49891E-03
 3.24300E+02   4.54881E-04  -5.15273E-02   2.78991E-04  -4.34109E-02  -1.97816E-05  -1.58963E-02  -2.98355E-04   1.83602E-02  -4.22935E-04   4.23024E-02  -3.35992E-04   4.38303E-02  -8.39899E-05   2.23315E-02   2.06635E-04  -1.08946E-02   3.92410E-04  -3.84793E-02   3.83243E-04  -4.60187E-02   1.85784E-04  -2.95754E-02  -1.01028E-04   2.27200E-03  -3.35390E-04   3.29004E-02  -4.02372E-04   4.63029E-02  -2.69694E-04   3.54171E-02  -2.42777E-06   5.76606E-03   2.70316E-04  -2.75092E-02   4.20516E-04  -4.77304E-02   3.87036E-04  -4.57649E-02   2.11769E-04  -2.55956E-02   3.21254E-05  -3.93291E-03
 3.26600E+02   3.54500E-04  -4.55121E-02   2.14853E-04  -3.96576E-02  -1.86185E-05  -1.60539E-02  -2.33712E-04   1.45148E-02  -3.27420E-04   3.67654E-02  -2.57264E-04   3.93807E-02  -6.13102E-05   2.11613E-02   1.61834E-04  -8.24452E-03   3.02234E-04  -3.33590E-02   2.92405E-04  -4.09792E-02   1.39409E-04  -2.70985E-02  -7.98605E-05   9.92474E-04  -2.57199E-04   2.85325E-02  -3.06143E-04   4.10324E-02  -2.03605E-04   3.18653E-02  -5.37442E-08   5.70882E-03   2.06388E-04  -2.39885E-02   3.19272E-04  -4.22319E-02   2.93119E-04  -4.06967E-02   1.60146E-04  -2.28203E-02   2.42723E-05  -3.51171E-03
 3.29000E+02   2.82989E-04  -4.05621E-02   1.68992E-04  -3.65887E-02  -1.80474E-05  -1.62036E-02  -1.87836E-04   1.13549E-02  -2.59330E-04   3.22477E-02  -2.00906E-04   3.57762E-02  -4.48035E-05   2.02398E-02   1.30128E-04  -6.06922E-03   2.37919E-04  -2.92043E-02   2.27363E-04  -3.69175E-02   1.05977E-04  -2.51253E-02  -6.50012E-05  -6.44616E-05  -2.01401E-04   2.50040E-02  -2.37232E-04   3.67999E-02  -1.56120E-04   2.90296E-02   1.83941E-06   5.68076E-03   1.60716E-04  -2.11560E-02   2.46752E-04  -3.78270E-02   2.25776E-04  -3.66444E-02   1.23107E-04  -2.06039E-02   1.86357E-05  -3.17557E-03
 3.31400E+02   2.32483E-04  -3.65556E-02   1.36433E-04  -3.41247E-02  -1.78979E-05  -1.63462E-02  -1.55605E-04   8.79866E-03  -2.11188E-04   2.86260E-02  -1.60825E-04   3.29132E-02  -3.27964E-05   1.95356E-02   1.07939E-04  -4.31042E-03   1.92412E-04  -2.58946E-02   1.81085E-04  -3.37104E-02   8.19640E-05  -2.35914E-02  -5.47225E-05  -9.26583E-04  -1.61885E-04   2.22078E-02  -1.88188E-04   3.34717E-02  -1.22165E-04   2.68171E-02   3.37849E-06   5.67774E-03   1.28315E-04  -1.89225E-02   1.95119E-04  -3.43732E-02   1.77755E-04  -3.34753E-02   9.66727E-05  -1.88733E-02   1.46108E-05  -2.91336E-03
 3.33800E+02   1.95589E-04  -3.32284E-02   1.12485E-04  -3.20982E-02  -1.80384E-05  -1.64867E-02  -1.32228E-04   6.67465E-03  -1.75966E-04   2.56494E-02  -1.31270E-04   3.05868E-02  -2.36792E-05   1.89919E-02   9.19291E-05  -2.84851E-03   1.59079E-04  -2.31933E-02   1.46933E-04  -3.11215E-02   6.40207E-05  -2.23781E-02  -4.74262E-05  -1.65141E-03  -1.32902E-04   1.99390E-02  -1.51976E-04   3.07980E-02  -9.69382E-05   2.50575E-02   4.70416E-06   5.69523E-03   1.04493E-04  -1.71210E-02   1.56970E-04  -3.16079E-02   1.42203E-04  -3.09464E-02   7.70797E-05  -1.74951E-02   1.16255E-05  -2.70480E-03
 3.36200E+02   1.67915E-04  -3.04056E-02   9.43565E-05  -3.03983E-02  -1.83929E-05  -1.66289E-02  -1.14858E-04   4.86918E-03  -1.49490E-04   2.31517E-02  -1.08821E-04   2.86617E-02  -1.64919E-05   1.85714E-02   8.01169E-05  -1.60422E-03   1.33978E-04  -2.09439E-02   1.20960E-04  -2.89951E-02   5.01518E-05  -2.14074E-02  -4.21647E-05  -2.27712E-03  -1.11034E-04   1.80624E-02  -1.24412E-04   2.86137E-02  -7.75782E-05   2.36387E-02   5.90229E-06   5.73040E-03   8.64592E-05  -1.56415E-02   1.27904E-04  -2.93577E-02   1.15043E-04  -2.88975E-02   6.20886E-05  -1.63813E-02   9.33926E-06  -2.53653E-03
 3.38600E+02   1.46718E-04  -2.79665E-02   8.03044E-05  -2.89490E-02  -1.89163E-05  -1.67753E-02  -1.01720E-04   3.30386E-03  -1.29150E-04   2.10188E-02  -9.13391E-05   2.70448E-02  -1.06314E-05   1.82489E-02   7.12676E-05  -5.22842E-04   1.14648E-04  -1.90390E-02   1.00697E-04  -2.72243E-02   3.91073E-05  -2.06258E-02  -3.83490E-05  -2.83019E-03  -9.41476E-05   1.64851E-02  -1.02880E-04   2.68059E-02  -6.22951E-05   2.24838E-02   7.02892E-06   5.78150E-03   7.24705E-05  -1.44082E-02   1.05167E-04  -2.75040E-02   9.37230E-05  -2.72188E-02   5.02979E-05  -1.54718E-02   7.53898E-06  -2.39941E-03
 3.41000E+02   1.30217E-04  -2.58253E-02   6.91944E-05  -2.76960E-02  -1.95821E-05  -1.69280E-02  -9.16612E-05   1.92272E-03  -1.13252E-04   1.91694E-02  -7.74322E-05   2.56703E-02  -5.70209E-06   1.80064E-02   6.45812E-05   4.34739E-04   9.94863E-05  -1.74022E-02   8.45355E-05  -2.57331E-02   3.00697E-05  -1.99958E-02  -3.55991E-05  -3.32962E-03  -8.08529E-05   1.51411E-02  -8.56731E-05   2.52946E-02  -4.99200E-05   2.15387E-02   8.12303E-06   5.84747E-03   6.13910E-05  -1.33676E-02   8.69632E-05  -2.59628E-02   7.65786E-05  -2.58329E-02   4.07929E-05  -1.47241E-02   6.08554E-06  -2.28698E-03
 3.43500E+02   1.16736E-04  -2.38441E-02   5.99291E-05  -2.65572E-02  -2.04106E-05  -1.70957E-02  -8.36299E-05   6.35629E-04  -1.00191E-04   1.74802E-02  -6.57383E-05   2.44444E-02  -1.26712E-06   1.78254E-02   5.93412E-05   1.33159E-03   8.69698E-05  -1.59220E-02   7.08960E-05  -2.44181E-02   2.21939E-05  -1.94715E-02  -3.35963E-05  -3.80804E-03  -6.98194E-05   1.39373E-02  -7.11123E-05   2.39730E-02  -3.92709E-05   2.07352E-02   9.25939E-06   5.93141E-03   5.21215E-05  -1.24466E-02   7.15183E-05  -2.46241E-02   6.19507E-05  -2.46401E-02   3.26575E-05  -1.40843E-02   4.83920E-06  -2.19111E-03
 3.46000E+02   1.06125E-04  -2.20646E-02   5.24340E-05  -2.55553E-02  -2.13690E-05  -1.72739E-02  -7.75085E-05  -5.31204E-04  -8.98301E-05   1.59838E-02  -5.61739E-05   2.33892E-02   2.66518E-06   1.77072E-02   5.54566E-05   2.14997E-03   7.69738E-05  -1.46251E-02   5.96836E-05  -2.33007E-02   1.54582E-05  -1.90600E-02  -3.22839E-05  -4.25579E-03  -6.09436E-05   1.28941E-02  -5.90979E-05   2.28617E-02  -3.02982E-05   2.00845E-02   1.04180E-05   6.03069E-03   4.45832E-05  -1.16598E-02   5.87297E-05  -2.35079E-02   4.97526E-05  -2.36575E-02   2.58467E-05  -1.35612E-02   3.79333E-06  -2.11311E-03
 3.48500E+02   9.77365E-05  -2.04463E-02   4.62918E-05  -2.46652E-02  -2.24555E-05  -1.74642E-02  -7.28841E-05  -1.60463E-03  -8.15528E-05   1.46420E-02  -4.82237E-05   2.24742E-02   6.25078E-06   1.76445E-02   5.26439E-05   2.90885E-03   6.89132E-05  -1.34757E-02   5.03010E-05  -2.23465E-02   9.55020E-06  -1.87447E-02  -3.15317E-05  -4.68242E-03  -5.37156E-05   1.19808E-02  -4.89941E-05   2.19243E-02  -2.25595E-05   1.95625E-02   1.16212E-05   6.14546E-03   3.83569E-05  -1.09826E-02   4.79264E-05  -2.25763E-02   3.93590E-05  -2.28504E-02   2.00158E-05  -1.31359E-02   2.89543E-06  -2.05013E-03
 3.51000E+02   9.11119E-05  -1.89575E-02   4.12036E-05  -2.38675E-02  -2.36734E-05  -1.76682E-02  -6.94668E-05  -2.60577E-03  -7.49193E-05   1.34250E-02  -4.15161E-05   2.16763E-02   9.60739E-06   1.76320E-02   5.07055E-05   3.62328E-03   6.23702E-05  -1.24463E-02   4.23160E-05  -2.15291E-02   4.23923E-06  -1.85136E-02  -3.12518E-05  -5.09572E-03  -4.77702E-05   1.11740E-02  -4.03404E-05   2.11333E-02  -1.57309E-05   1.91514E-02   1.28892E-05   6.27617E-03   3.31403E-05  -1.03962E-02   3.86209E-05  -2.18006E-02   3.03138E-05  -2.21928E-02   1.49131E-05  -1.27943E-02   2.10708E-06  -2.00001E-03
 3.53500E+02   8.59202E-05  -1.75730E-02   3.69508E-05  -2.31468E-02  -2.50302E-05  -1.78875E-02  -6.70512E-05  -3.55172E-03  -6.96116E-05   1.23093E-02  -3.57775E-05   2.09774E-02   1.28277E-05   1.76660E-02   4.95037E-05   4.30553E-03   5.70413E-05  -1.15151E-02   3.54084E-05  -2.08283E-02  -6.51101E-07  -1.83577E-02  -3.13859E-05  -5.50219E-03  -4.28409E-05   1.04553E-02  -3.27939E-05   2.04678E-02  -9.56707E-06   1.88377E-02   1.42420E-05   6.42355E-03   2.87112E-05  -9.88606E-03   3.04493E-05  -2.11591E-02   2.22750E-05  -2.16650E-02   1.03489E-05  -1.25257E-02   1.39929E-06  -1.96115E-03
 3.56100E+02   8.17835E-05  -1.62217E-02   3.32399E-05  -2.24662E-02  -2.66009E-05  -1.81337E-02  -6.54461E-05  -4.49212E-03  -6.52494E-05   1.12361E-02  -3.06162E-05   2.03404E-02   1.61144E-05   1.77484E-02   4.89337E-05   4.99200E-03   5.25480E-05  -1.06321E-02   2.91075E-05  -2.02062E-02  -5.44087E-06  -1.82684E-02  -3.19257E-05  -5.92379E-03  -3.85803E-05   9.78544E-03  -2.58400E-05   1.98913E-02  -3.65661E-06   1.86042E-02   1.57611E-05   6.59555E-03   2.47612E-05  -9.42419E-03   2.28548E-05  -2.06164E-02   1.46985E-05  -2.12377E-02   6.01544E-06  -1.23152E-02   7.24454E-07  -1.93139E-03
 3.58700E+02   7.87429E-05  -1.49418E-02   3.01202E-05  -2.18447E-02  -2.83516E-05  -1.84003E-02  -6.46559E-05  -5.40164E-03  -6.18803E-05   1.02343E-02  -2.61034E-05   1.97825E-02   1.94111E-05   1.78772E-02   4.89882E-05   5.66486E-03   4.89416E-05  -9.82039E-03   2.34991E-05  -1.96791E-02  -1.00564E-05  -1.82485E-02  -3.28529E-05  -6.34992E-03  -3.50388E-05   9.18169E-03  -1.95724E-05   1.94186E-02   1.91540E-06   1.84570E-02   1.74193E-05   6.78806E-03   2.13394E-05  -9.02230E-03   1.59392E-05  -2.01865E-02   7.68834E-06  -2.09221E-02   1.97295E-06  -1.21684E-02   9.19787E-08  -1.91151E-03
 3.61300E+02   7.66613E-05  -1.37170E-02   2.74888E-05  -2.12735E-02  -3.03046E-05  -1.86898E-02  -6.46085E-05  -6.29211E-03  -5.93678E-05   9.28911E-03  -2.21018E-05   1.92938E-02   2.27860E-05   1.80521E-02   4.96268E-05   6.33305E-03   4.60866E-05  -9.06672E-03   1.84168E-05  -1.92364E-02  -1.46092E-05  -1.82946E-02  -3.41625E-05  -6.78601E-03  -3.20918E-05   8.63319E-03  -1.38080E-05   1.90392E-02   7.29477E-06   1.83906E-02   1.92447E-05   7.00283E-03   1.83350E-05  -8.67232E-03   9.50357E-06  -1.98586E-02   1.05027E-06  -2.07090E-02  -1.88849E-06  -1.20803E-02  -5.15136E-07  -1.90082E-03
 3.63900E+02   7.54462E-05  -1.25333E-02   2.52676E-05  -2.07450E-02  -3.24880E-05  -1.90046E-02  -6.52637E-05  -7.17423E-03  -5.76159E-05   8.38779E-03  -1.85025E-05   1.88663E-02   2.63054E-05   1.82736E-02   5.08334E-05   7.00488E-03   4.38845E-05  -8.35986E-03   1.37255E-05  -1.88698E-02  -1.92009E-05  -1.84054E-02  -3.58640E-05  -7.23737E-03  -2.96454E-05   8.13097E-03  -8.39514E-06   1.87449E-02   1.26099E-05   1.84014E-02   2.12695E-05   7.24200E-03   1.56608E-05  -8.36782E-03   3.38054E-06  -1.96249E-02  -5.38259E-06  -2.05921E-02  -5.66436E-06  -1.20480E-02  -1.11176E-06  -1.89887E-03
 3.66500E+02   7.50408E-05  -1.13777E-02   2.33978E-05  -2.02530E-02  -3.49366E-05  -1.93477E-02  -6.66093E-05  -8.05802E-03  -5.65616E-05   7.51911E-03  -1.52172E-05   1.84936E-02   3.00376E-05   1.85434E-02   5.26132E-05   7.68835E-03   4.22657E-05  -7.69006E-03   9.31126E-06  -1.85727E-02  -2.39289E-05  -1.85806E-02  -3.79808E-05  -7.70937E-03  -2.76293E-05   7.66745E-03  -3.20322E-06   1.85298E-02   1.79801E-05   1.84878E-02   2.35320E-05   7.50814E-03   1.32461E-05  -8.10366E-03  -2.57677E-06  -1.94801E-02  -1.17607E-05  -2.05676E-02  -9.44193E-06  -1.20697E-02  -1.71160E-06  -1.90541E-03
 3.69100E+02   7.54198E-05  -1.02387E-02   2.18351E-05  -1.97921E-02  -3.76936E-05  -1.97226E-02  -6.86579E-05  -8.95324E-03  -5.61694E-05   6.67283E-03  -1.21718E-05   1.81706E-02   3.40556E-05   1.88639E-02   5.49925E-05   8.39144E-03   4.11847E-05  -7.04868E-03   5.07464E-06  -1.83407E-02  -2.88923E-05  -1.88214E-02  -4.05511E-05  -8.20768E-03  -2.59914E-05   7.23616E-03   1.88573E-06   1.83900E-02   2.35226E-05   1.86496E-02   2.60776E-05   7.80434E-03   1.10326E-05  -7.87576E-03  -8.50403E-06  -1.94209E-02  -1.82274E-05  -2.06338E-02  -1.33055E-05  -1.21447E-02  -2.32801E-06  -1.92042E-03
 3.71800E+02   7.66474E-05  -9.06106E-03   2.05029E-05  -1.93412E-02  -4.09406E-05  -2.01499E-02  -7.15706E-05  -9.90554E-03  -5.64513E-05   5.80739E-03  -9.19511E-06   1.78837E-02   3.86195E-05   1.92541E-02   5.81489E-05   9.15123E-03   4.06047E-05  -6.40421E-03   7.65236E-07  -1.81652E-02  -3.44094E-05  -1.91439E-02  -4.37580E-05  -8.75960E-03  -2.46509E-05   6.81628E-03   7.18149E-06   1.83222E-02   2.95910E-05   1.88994E-02   2.90802E-05   8.14772E-03   8.89344E-06  -7.67403E-03  -1.47691E-05  -1.94487E-02  -2.51910E-05  -2.07988E-02  -1.75012E-05  -1.22800E-02  -3.00039E-06  -1.94512E-03
 3.74500E+02   7.87610E-05  -7.87642E-03   1.94425E-05  -1.89141E-02  -4.46529E-05  -2.06211E-02  -7.53566E-05  -1.08923E-02  -5.74505E-05   4.94523E-03  -6.34450E-06   1.76428E-02   4.36886E-05   1.97080E-02   6.20838E-05   9.95107E-03   4.05714E-05  -5.77346E-03  -3.54970E-06  -1.80542E-02  -4.04281E-05  -1.95447E-02  -4.75943E-05  -9.35423E-03  -2.36512E-05   6.41930E-03   1.26130E-05   1.83326E-02   3.61251E-05   1.92363E-02   3.25243E-05   8.53253E-03   6.86781E-06  -7.50518E-03  -2.12969E-05  -1.95680E-02  -3.25769E-05  -2.10647E-02  -2.19863E-05  -1.24757E-02  -3.72214E-06  -1.97949E-03
 3.77200E+02   8.18328E-05  -6.67174E-03   1.86393E-05  -1.85064E-02  -4.89255E-05  -2.11426E-02  -8.01257E-05  -1.19260E-02  -5.92113E-05   4.07573E-03  -3.55980E-06   1.74457E-02   4.93933E-05   2.02323E-02   6.69106E-05   1.08020E-02   4.11002E-05  -5.14823E-03  -7.97088E-06  -1.80073E-02  -4.71045E-05  -2.00305E-02  -5.21692E-05  -1.00004E-02  -2.29784E-05   6.03997E-03   1.83141E-05   1.84223E-02   4.32955E-05   1.96662E-02   3.65057E-05   8.96485E-03   4.90998E-06  -7.36721E-03  -2.82535E-05  -1.97820E-02  -4.05771E-05  -2.14367E-02  -2.68786E-05  -1.27356E-02  -4.51232E-06  -2.02417E-03
 3.79900E+02   8.59770E-05  -5.43306E-03   1.80892E-05  -1.81142E-02  -5.38798E-05  -2.17221E-02  -8.60323E-05  -1.30206E-02  -6.18106E-05   3.18772E-03  -7.81211E-07   1.72908E-02   5.58950E-05   2.08358E-02   7.27840E-05   1.17167E-02   4.22307E-05  -4.52016E-03  -1.26073E-05  -1.80252E-02  -5.46281E-05  -2.06100E-02  -5.76268E-05  -1.07085E-02  -2.26317E-05   5.67329E-03   2.44350E-05   1.85946E-02   5.13059E-05   2.01976E-02   4.11466E-05   9.45214E-03   2.97521E-06  -7.25881E-03  -3.58295E-05  -2.00960E-02  -4.94167E-05  -2.19228E-02  -3.23174E-05  -1.30650E-02  -5.39354E-06  -2.08006E-03
 3.82700E+02   9.15846E-05  -4.09599E-03   1.77921E-05  -1.77195E-02  -5.99061E-05  -2.23944E-02  -9.35857E-05  -1.42375E-02  -6.55170E-05   2.23419E-03   2.16137E-06   1.71743E-02   6.36985E-05   2.15568E-02   8.02034E-05   1.27484E-02   4.41105E-05  -3.85634E-03  -1.77762E-05  -1.81151E-02  -6.35787E-05  -2.13224E-02  -6.44228E-05  -1.15215E-02  -2.26309E-05   5.30109E-03   3.14158E-05   1.88663E-02   6.07699E-05   2.08681E-02   4.68248E-05   1.00254E-02   9.43512E-07  -7.17696E-03  -4.45848E-05  -2.05360E-02  -5.97642E-05  -2.25595E-02  -3.87180E-05  -1.34881E-02  -6.43345E-06  -2.15119E-03
 3.85400E+02   9.84961E-05  -2.73758E-03   1.77876E-05  -1.73464E-02  -6.67877E-05  -2.31237E-02  -1.02543E-04  -1.55097E-02  -7.02395E-05   1.26894E-03   5.13082E-06   1.71048E-02   7.25206E-05   2.23584E-02   8.89284E-05   1.38420E-02   4.67110E-05  -3.19405E-03  -2.32631E-05  -1.82750E-02  -7.36310E-05  -2.21324E-02  -7.23336E-05  -1.23971E-02  -2.30063E-05   4.94469E-03   3.89832E-05   1.92262E-02   7.13429E-05   2.16456E-02   5.33482E-05   1.06556E-02  -1.09285E-06  -7.12760E-03  -5.41882E-05  -2.10825E-02  -7.12386E-05  -2.33172E-02  -4.58474E-05  -1.39847E-02  -7.59440E-06  -2.23418E-03
 3.88200E+02   1.07576E-04  -1.23414E-03   1.81102E-05  -1.69628E-02  -7.53344E-05  -2.39800E-02  -1.13995E-04  -1.69566E-02  -7.65861E-05   2.02777E-04   8.43847E-06   1.70790E-02   8.33969E-05   2.33193E-02   1.00019E-04   1.51021E-02   5.03862E-05  -2.47202E-03  -2.96789E-05  -1.85240E-02  -8.59646E-05  -2.31212E-02  -8.23161E-05  -1.34206E-02  -2.38396E-05   4.57173E-03   4.80005E-05   1.97132E-02   8.42647E-05   2.26090E-02   6.15002E-05   1.14051E-02  -3.34995E-06  -7.10801E-03  -6.57504E-05  -2.17933E-02  -8.51797E-05  -2.42743E-02  -5.45415E-05  -1.46061E-02  -9.01279E-06  -2.33754E-03
 3.91000E+02   1.19107E-04   3.94632E-04   1.88228E-05  -1.65774E-02  -8.57350E-05  -2.49592E-02  -1.28252E-04  -1.85661E-02  -8.47794E-05  -9.51700E-04   1.20955E-05   1.71032E-02   9.65610E-05   2.44378E-02   1.13770E-04   1.65212E-02   5.52938E-05  -1.69921E-03  -3.71066E-05  -1.88681E-02  -1.00841E-04  -2.42898E-02  -9.46291E-05  -1.45884E-02  -2.52098E-05   4.18847E-03   5.86185E-05   2.03333E-02   9.98066E-05   2.37616E-02   7.14819E-05   1.22732E-02  -5.83771E-06  -7.12256E-03  -7.94878E-05  -2.26742E-02  -1.01870E-04  -2.54361E-02  -6.49821E-05  -1.53550E-02  -1.07188E-05  -2.46170E-03
 3.93800E+02   1.33811E-04   2.18574E-03   2.00130E-05  -1.61840E-02  -9.85803E-05  -2.60888E-02  -1.46171E-04  -2.03802E-02  -9.53551E-05  -2.22244E-03   1.62585E-05   1.71825E-02   1.12758E-04   2.57481E-02   1.31009E-04   1.81394E-02   6.17779E-05  -8.56894E-04  -4.59220E-05  -1.93224E-02  -1.19104E-04  -2.56762E-02  -1.10009E-04  -1.59355E-02  -2.72457E-05   3.78662E-03   7.14055E-05   2.11102E-02   1.18848E-04   2.51424E-02   8.38834E-05   1.32873E-02  -8.66594E-06  -7.17455E-03  -9.61573E-05  -2.37578E-02  -1.22248E-04  -2.68436E-02  -7.77603E-05  -1.62575E-02  -1.28093E-05  -2.61095E-03
 3.96700E+02   1.53510E-04   4.26361E-03   2.18907E-05  -1.57603E-02  -1.15369E-04  -2.74570E-02  -1.69917E-04  -2.25343E-02  -1.09654E-04  -3.69997E-03   2.13352E-05   1.73305E-02   1.33872E-04   2.73564E-02   1.53816E-04   2.00816E-02   7.06942E-05   1.14566E-04  -5.70826E-05  -1.99311E-02  -1.42876E-04  -2.73965E-02  -1.30306E-04  -1.75693E-02  -3.02625E-05   3.33985E-03   8.77989E-05   2.21150E-02   1.43605E-04   2.68698E-02   1.00186E-04   1.45306E-02  -1.21159E-05  -7.27324E-03  -1.17665E-04  -2.51409E-02  -1.48671E-04  -2.86200E-02  -9.43624E-05  -1.73919E-02  -1.55281E-05  -2.79820E-03
 3.99500E+02   1.78459E-04   6.55223E-03   2.45356E-05  -1.53256E-02  -1.36243E-04  -2.90216E-02  -1.99756E-04  -2.49577E-02  -1.27891E-04  -5.33281E-03   2.72994E-05   1.75485E-02   1.60080E-04   2.92169E-02   1.82447E-04   2.22885E-02   8.22073E-05   1.18141E-03  -7.06220E-05  -2.06826E-02  -1.72361E-04  -2.94048E-02  -1.55746E-04  -1.94429E-02  -3.43552E-05   2.86517E-03   1.07895E-04   2.33256E-02   1.74287E-04   2.89001E-02   1.20562E-04   1.59695E-02  -1.61753E-05  -7.41952E-03  -1.44168E-04  -2.67919E-02  -1.81358E-04  -3.07226E-02  -1.14932E-04  -1.87306E-02  -1.88993E-05  -3.01885E-03
 4.02400E+02   2.13057E-04   9.31351E-03   2.84797E-05  -1.48349E-02  -1.64789E-04  -3.09716E-02  -2.40899E-04  -2.79383E-02  -1.53318E-04  -7.31124E-03   3.50927E-05   1.78692E-02   1.95887E-04   3.15587E-02   2.21905E-04   2.50273E-02   9.84064E-05   2.46817E-03  -8.87958E-05  -2.16762E-02  -2.12632E-04  -3.19529E-02  -1.90773E-04  -2.17871E-02  -4.03127E-05   2.30896E-03   1.35099E-04   2.48991E-02   2.16180E-04   3.14907E-02   1.48564E-04   1.77837E-02  -2.14924E-05  -7.63584E-03  -1.80197E-04  -2.89236E-02  -2.25929E-04  -3.34203E-02  -1.43013E-04  -2.04444E-02  -2.35043E-05  -3.30102E-03
 4.05300E+02   2.60868E-04   1.26182E-02   3.42188E-05  -1.42828E-02  -2.03823E-04  -3.33718E-02  -2.97513E-04  -3.15678E-02  -1.88605E-04  -9.69078E-03   4.53689E-05   1.83133E-02   2.44825E-04   3.44667E-02   2.76194E-04   2.83901E-02   1.21042E-04   4.01113E-03  -1.13299E-04  -2.29577E-02  -2.67671E-04  -3.51389E-02  -2.38940E-04  -2.46863E-02  -4.88402E-05   1.65835E-03   1.72030E-04   2.69040E-02   2.73430E-04   3.47457E-02   1.87021E-04   2.00420E-02  -2.85240E-05  -7.93651E-03  -2.29277E-04  -3.16270E-02  -2.86784E-04  -3.68255E-02  -1.81389E-04  -2.26039E-02  -2.98006E-05  -3.65628E-03
 4.08300E+02   3.32152E-04   1.68479E-02   4.30973E-05  -1.36144E-02  -2.61563E-04  -3.65184E-02  -3.81666E-04  -3.62853E-02  -2.41390E-04  -1.27530E-02   6.01466E-05   1.89474E-02   3.17204E-04   3.83083E-02   3.56899E-04   3.27940E-02   1.55077E-04   5.99352E-03  -1.49171E-04  -2.47007E-02  -3.49092E-04  -3.93733E-02  -3.10527E-04  -2.85075E-02  -6.18848E-05   8.39328E-04   2.26395E-04   2.96080E-02   3.58131E-04   3.90902E-02   2.44130E-04   2.30350E-02  -3.86674E-05  -8.36729E-03  -3.01718E-04  -3.52615E-02  -3.76765E-04  -4.13872E-02  -2.38174E-04  -2.54933E-02  -3.91205E-05  -4.13133E-03
 4.11200E+02   4.36184E-04   2.20941E-02   5.63927E-05  -1.28240E-02  -3.45356E-04  -4.04983E-02  -5.04222E-04  -4.22141E-02  -3.18615E-04  -1.65724E-02   8.11495E-05   1.98000E-02   4.22248E-04   4.31994E-02   4.74458E-04   3.83654E-02   2.05058E-04   8.46496E-03  -2.00853E-04  -2.69690E-02  -4.67294E-04  -4.47927E-02  -4.14805E-04  -3.33681E-02  -8.12717E-05  -1.65839E-04   3.05046E-04   3.31072E-02   4.81118E-04   4.46703E-02   3.27277E-04   2.68596E-02  -5.31263E-05  -8.94851E-03  -4.06733E-04  -3.99555E-02  -5.07376E-04  -4.72639E-02  -3.20640E-04  -2.92123E-02  -5.26590E-05  -4.74253E-03
 4.14200E+02   6.09642E-04   2.93979E-02   7.89584E-05  -1.17656E-02  -4.84518E-04  -4.61272E-02  -7.08277E-04  -5.05600E-02  -4.47612E-04  -2.19193E-02   1.15513E-04   2.10597E-02   5.96732E-04   5.01559E-02   6.70247E-04   4.62534E-02   2.88775E-04   1.19265E-02  -2.86264E-04  -3.02479E-02  -6.63702E-04  -5.25350E-02  -5.88491E-04  -4.02822E-02  -1.14012E-04  -1.55769E-03   4.35425E-04   3.81479E-02   6.85525E-04   5.26665E-02   4.65731E-04   3.23203E-02  -7.68444E-05  -9.81028E-03  -5.81079E-04  -4.67099E-02  -7.24413E-04  -5.57051E-02  -4.57725E-04  -3.45510E-02  -7.51686E-05  -5.61968E-03
 4.17200E+02   9.18413E-04   3.99378E-02   1.19613E-04  -1.02847E-02  -7.31577E-04  -5.43515E-02  -1.07118E-03  -6.27144E-02  -6.77541E-04  -2.96760E-02   1.75895E-04   2.29582E-02   9.06561E-04   6.03684E-02   1.01854E-03   5.77979E-02   4.38279E-04   1.69538E-02  -4.37411E-04  -3.51192E-02  -1.01258E-03  -6.39444E-02  -8.97513E-04  -5.04414E-02  -1.72807E-04  -3.56339E-03   6.66655E-04   4.56220E-02   1.04869E-03   6.44805E-02   7.12038E-04   4.03683E-02  -1.18608E-04  -1.11136E-02  -8.90618E-04  -5.67203E-02  -1.10999E-03  -6.82005E-02  -7.01325E-04  -4.24508E-02  -1.15173E-04  -6.91738E-03
 4.20200E+02   1.55000E-03   5.66691E-02   2.03398E-04  -7.98622E-03  -1.23609E-03  -6.75276E-02  -1.81309E-03  -8.21465E-02  -1.14827E-03  -4.20468E-02   2.98395E-04   2.60637E-02   1.53938E-03   7.67930E-02   1.73075E-03   7.63297E-02   7.44737E-04   2.49839E-02  -7.45472E-04  -4.30187E-02  -1.72533E-03  -8.23511E-02  -1.52950E-03  -6.68019E-02  -2.93747E-04  -6.75211E-03   1.13861E-03   5.77324E-02   1.79078E-03   8.35802E-02   1.21575E-03   5.33597E-02  -2.03467E-04  -1.32527E-02  -1.52286E-03  -7.29397E-02  -1.89784E-03  -8.84318E-02  -1.19916E-03  -5.52383E-02  -1.96936E-04  -9.01780E-03
 4.23200E+02   3.17955E-03   8.76845E-02   4.20497E-04  -3.78875E-03  -2.53656E-03  -9.21098E-02  -3.72674E-03  -1.18358E-01  -2.36342E-03  -6.50687E-02   6.12991E-04   3.19334E-02   3.17079E-03   1.07527E-01   3.56807E-03   1.10972E-01   1.53642E-03   3.99516E-02  -1.53873E-03  -5.78802E-02  -3.56316E-03  -1.16878E-01  -3.16007E-03  -9.74608E-02  -6.06797E-04  -1.26819E-02   2.35494E-03   8.05146E-02   3.70453E-03   1.19466E-01   2.51537E-03   7.77481E-02  -4.21613E-04  -1.73080E-02  -3.15296E-03  -1.03459E-01  -3.92962E-03  -1.26485E-01  -2.48314E-03  -7.92878E-02  -4.07822E-04  -1.29679E-02
 4.26300E+02   1.04778E-02   1.70633E-01   1.39480E-03   7.33842E-03  -8.35840E-03  -1.58122E-01  -1.22963E-02  -2.15547E-01  -7.80719E-03  -1.26822E-01   2.01886E-03   4.78119E-02   1.04748E-02   1.90235E-01   1.17966E-02   2.04162E-01   5.08437E-03   8.01590E-02  -5.08829E-03  -9.80025E-02  -1.17922E-02  -2.09957E-01  -1.04632E-02  -1.80079E-01  -2.01108E-03  -2.85987E-02   7.79986E-03   1.42041E-01   1.22741E-02   2.16324E-01   8.33628E-03   1.43550E-01  -1.39698E-03  -2.83058E-02  -1.04517E-02  -1.85910E-01  -1.30279E-02  -2.29271E-01  -8.23300E-03  -1.44246E-01  -1.35223E-03  -2.36372E-02
 4.29400E+02   2.95084E-01   9.19709E-01   3.94115E-02   1.07437E-01  -2.35360E-01  -7.55448E-01  -3.46467E-01  -1.09488E+00  -2.20111E-01  -6.85475E-01   5.68079E-02   1.91938E-01   2.95277E-01   9.39541E-01   3.32678E-01   1.04839E+00   1.43468E-01   4.44249E-01  -1.43473E-01  -4.62032E-01  -3.32674E-01  -1.05408E+00  -2.95264E-01  -9.29285E-01  -5.67985E-02  -1.72739E-01   2.20105E-01   7.00485E-01   3.46445E-01   1.09533E+00   2.35337E-01   7.40654E-01  -3.94147E-02  -1.28292E-01  -2.95058E-01  -9.34501E-01  -3.67815E-01  -1.16246E+00  -2.32452E-01  -7.34002E-01  -3.81801E-02  -1.20504E-01
 4.32500E+02   2.54167E-02  -2.98637E-01   3.38914E-03  -5.52793E-02  -2.02751E-02   2.16423E-01  -2.98374E-02   3.35835E-01  -1.89501E-02   2.23494E-01   4.89650E-03  -4.26610E-02   2.54253E-02  -2.79908E-01   2.86395E-02  -3.25569E-01   1.23467E-02  -1.48289E-01  -1.23538E-02   1.30543E-01  -2.86360E-02   3.19970E-01  -2.54118E-02   2.90278E-01  -4.88550E-03   6.18679E-02   1.89449E-02  -2.08672E-01   2.98150E-02  -3.35708E-01   2.02509E-02  -2.31449E-01  -3.39340E-03   3.45202E-02  -2.53913E-02   2.84317E-01  -3.16508E-02   3.56915E-01  -2.00022E-02   2.26218E-01  -3.28530E-03   3.72118E-02
 4.35600E+02   4.92732E-03  -1.38597E-01   6.51592E-04  -3.38814E-02  -3.93356E-03   8.88851E-02  -5.78000E-03   1.48107E-01  -3.66529E-03   1.04248E-01   9.53090E-04  -1.18996E-02   4.92249E-03  -1.20015E-01   5.53842E-03  -1.45449E-01   2.38332E-03  -7.06227E-02  -2.39207E-03   5.28901E-02  -5.53539E-03   1.39936E-01  -4.90797E-03   1.30510E-01  -9.40453E-04   3.11380E-02   3.66118E-03  -8.95978E-02   5.75734E-03  -1.48302E-01   3.90825E-03  -1.04156E-01  -6.56886E-04   1.32021E-02  -4.90203E-03   1.24740E-01  -6.10879E-03   1.57996E-01  -3.86001E-03   1.00509E-01  -6.33944E-04   1.65646E-02
 4.38700E+02   2.03008E-03  -9.30298E-02   2.63975E-04  -2.77835E-02  -1.62348E-03   5.26389E-02  -2.37844E-03   9.47835E-02  -1.50355E-03   7.04001E-02   3.96279E-04  -3.16136E-03   2.02388E-03  -7.46603E-02   2.27174E-03  -9.43914E-02   9.73787E-04  -4.86262E-02  -9.84177E-04   3.08836E-02  -2.26913E-03   8.89572E-02  -2.00830E-03   8.52939E-02  -3.81965E-04   2.24541E-02   1.50044E-03  -5.59043E-02   2.35547E-03  -9.52991E-02   1.59695E-03  -6.81685E-02  -2.70311E-04   7.16817E-03  -2.00489E-03   7.96281E-02  -2.49692E-03   1.01773E-01  -1.57728E-03   6.49816E-02  -2.59000E-04   1.07298E-02
 4.41900E+02   1.08606E-03  -7.08808E-02   1.37233E-04  -2.48226E-02  -8.71311E-04   3.50612E-02  -1.27025E-03   6.89551E-02  -7.98773E-04   5.40312E-02   2.15518E-04   1.08197E-03   1.07982E-03  -5.27351E-02   1.20718E-03  -6.97443E-02   5.13895E-04  -3.80310E-02  -5.26021E-04   2.02539E-02  -1.20499E-03   6.43841E-02  -1.06308E-03   6.35257E-02  -1.99422E-04   1.82912E-02   7.96695E-04  -3.96779E-02   1.24686E-03  -6.98026E-02   8.43437E-04  -5.08721E-02  -1.44656E-04   4.25690E-03  -1.06087E-03   5.79409E-02  -1.31978E-03   7.47565E-02  -8.33252E-04   4.79138E-02  -1.36785E-04   7.92709E-03
 4.45100E+02   6.77632E-04  -5.80480E-02   8.20164E-05  -2.31155E-02  -5.46342E-04   2.49015E-02  -7.90912E-04   5.40597E-02  -4.93497E-04   4.46181E-02   1.37884E-04   3.54624E-03   6.71710E-04  -4.01204E-02   7.46414E-04  -5.55998E-02   3.14375E-04  -3.19762E-02  -3.28287E-04   1.41398E-02  -7.44648E-04   5.03066E-02  -6.53747E-04   5.10828E-02  -1.19943E-04   1.59323E-02   4.92435E-04  -3.03906E-02   7.67021E-04  -5.52408E-02   5.17017E-04  -4.10099E-02  -9.05470E-05   2.58298E-03  -6.52345E-04   4.55639E-02  -8.10166E-04   5.93505E-02  -5.11088E-04   3.81853E-02  -8.38613E-05   6.32992E-03
 4.48300E+02   4.64767E-04  -4.96282E-02   5.29016E-05  -2.20073E-02  -3.77373E-04   1.82492E-02  -5.41187E-04   4.43403E-02  -3.34067E-04   3.85036E-02   9.79272E-05   5.17542E-03   4.59282E-04  -3.19101E-02   5.06085E-04  -4.64306E-02   2.09886E-04  -2.80781E-02  -2.25647E-04   1.01573E-02  -5.04728E-04   4.11974E-02  -4.40016E-04   4.30599E-02  -7.80639E-05   1.44338E-02   3.34016E-04  -2.43856E-02   5.16691E-04  -4.58582E-02   3.46483E-04  -3.46723E-02  -6.25674E-05   1.49153E-03  -4.39290E-04   3.75955E-02  -5.44203E-04   4.94450E-02  -3.42901E-04   3.19342E-02  -5.62276E-05   5.30404E-03
 4.51500E+02   3.40013E-04  -4.36455E-02   3.55305E-05  -2.12343E-02  -2.78704E-04   1.35281E-02  -3.94909E-04   3.74770E-02  -2.40322E-04   3.42141E-02   7.49691E-05   6.35006E-03   3.35017E-04  -2.61272E-02   3.65039E-04  -4.00095E-02   1.48174E-04  -2.53767E-02  -1.65863E-04   7.34598E-03  -3.64088E-04   3.48297E-02  -3.14359E-04   3.74809E-02  -5.30914E-05   1.34159E-02   2.41285E-04  -2.01896E-02   3.69704E-04  -3.93363E-02   2.46123E-04  -3.02844E-02  -4.63670E-05   7.18634E-04  -3.14246E-04   3.20611E-02  -3.87934E-04   4.25787E-02  -2.44032E-04   2.76053E-02  -3.99789E-05   4.59400E-03
 4.54800E+02   2.58756E-04  -3.90272E-02   2.39155E-05  -2.06546E-02  -2.14785E-04   9.88361E-03  -2.99700E-04   3.22156E-02  -1.78955E-04   3.09556E-02   6.04643E-05   7.27833E-03   2.54292E-04  -2.17048E-02   2.72956E-04  -3.51384E-02   1.07501E-04  -2.33583E-02  -1.27275E-04   5.18667E-03  -2.72422E-04   3.00070E-02  -2.32093E-04   3.32868E-02  -3.63963E-05   1.26775E-02   1.80972E-04  -1.70114E-02   2.73651E-04  -3.44332E-02   1.80315E-04  -2.70047E-02  -3.60054E-05   1.21506E-04  -2.32581E-04   2.79037E-02  -2.85705E-04   3.74353E-02  -1.79305E-04   2.43671E-02  -2.93368E-05   4.06326E-03
 4.58100E+02   2.04592E-04  -3.54333E-02   1.58814E-05  -2.02224E-02  -1.72513E-04   7.04246E-03  -2.36297E-04   2.81517E-02  -1.37742E-04   2.84699E-02   5.12318E-05   8.02562E-03   2.00678E-04  -1.82960E-02   2.11349E-04  -3.14247E-02   7.99121E-05  -2.18520E-02  -1.01889E-04   3.51070E-03  -2.11233E-04   2.63349E-02  -1.76818E-04   3.01263E-02  -2.48400E-05   1.21497E-02   1.40833E-04  -1.45893E-02   2.09276E-04  -3.07355E-02   1.35988E-04  -2.45514E-02  -2.92817E-05  -3.46306E-04  -1.77895E-04   2.47706E-02  -2.17077E-04   3.35748E-02  -1.35804E-04   2.19412E-02  -2.21804E-05   3.66609E-03
 4.61400E+02   1.66758E-04  -3.25395E-02   9.98449E-06  -1.98948E-02  -1.43312E-04   4.74570E-03  -1.92063E-04   2.49049E-02  -1.08650E-04   2.65155E-02   4.52098E-05   8.65491E-03   1.63410E-04  -1.55767E-02   1.68077E-04  -2.85036E-02   6.01635E-05  -2.07013E-02  -8.44794E-05   2.16025E-03  -1.68385E-04   2.34489E-02  -1.37752E-04   2.76763E-02  -1.63394E-05   1.17712E-02   1.12839E-04  -1.26822E-02   1.63934E-04  -2.78645E-02   1.04546E-04  -2.26677E-02  -2.47632E-05  -7.28261E-04  -1.39418E-04   2.23393E-02  -1.68620E-04   3.05952E-02  -1.05042E-04   2.00738E-02  -1.71153E-05   3.36080E-03
 4.64700E+02   1.39365E-04  -3.01446E-02   5.43081E-06  -1.96453E-02  -1.22492E-04   2.83258E-03  -1.60083E-04   2.22392E-02  -8.72747E-05   2.49433E-02   4.12758E-05   9.20556E-03   1.36598E-04  -1.33458E-02   1.36493E-04  -2.61496E-02   4.53769E-05  -1.98096E-02  -7.21918E-05   1.03732E-03  -1.37233E-04   2.11234E-02  -1.08987E-04   2.57376E-02  -9.74780E-06   1.15042E-02   9.25995E-05  -1.11407E-02   1.30697E-04  -2.55860E-02   8.12760E-05  -2.11950E-02  -2.16683E-05  -1.05142E-03  -1.11250E-04   2.04106E-02  -1.32976E-04   2.82486E-02  -8.23640E-05   1.86082E-02  -1.33771E-05   3.12168E-03
 4.68100E+02   1.18436E-04  -2.80606E-02   1.65145E-06  -1.94521E-02  -1.06923E-04   1.15173E-03  -1.35695E-04   1.99381E-02  -7.06095E-05   2.36209E-02   3.87221E-05   9.71818E-03   1.16287E-04  -1.14195E-02   1.12079E-04  -2.41625E-02   3.35528E-05  -1.90959E-02  -6.31367E-05   5.05636E-05  -1.13278E-04   1.91587E-02  -8.64790E-05   2.41382E-02  -4.23969E-06   1.13203E-02   7.71515E-05  -9.83238E-03   1.04842E-04  -2.36979E-02   6.29378E-05  -1.99993E-02  -1.94906E-05  -1.34169E-03  -8.93739E-05   1.88124E-02  -1.05111E-04   2.63231E-02  -6.45841E-05   1.74114E-02  -1.04416E-05   2.92694E-03
 4.71500E+02   1.02635E-04  -2.62694E-02  -1.51555E-06  -1.93114E-02  -9.55233E-05  -3.12142E-04  -1.17328E-04   1.79760E-02  -5.76737E-05   2.25293E-02   3.72683E-05   1.01949E-02   1.01130E-04  -9.77466E-03   9.33403E-05  -2.25128E-02   2.40648E-05  -1.85450E-02  -5.66467E-05  -8.10920E-04  -9.50147E-05   1.75244E-02  -6.89101E-05   2.28486E-02   4.22198E-07   1.12119E-02   6.54936E-05  -8.73672E-03   8.48106E-05  -2.21653E-02   4.84842E-05  -1.90555E-02  -1.80428E-05  -1.60191E-03  -7.24608E-05   1.75148E-02  -8.33763E-05   2.47803E-02  -5.06623E-05   1.64586E-02  -8.13837E-06   2.77248E-03
 4.74900E+02   9.05007E-05  -2.47024E-02  -4.27694E-06  -1.92150E-02  -8.71385E-05  -1.61452E-03  -1.03266E-04   1.62724E-02  -4.73631E-05   2.16186E-02   3.66517E-05   1.06502E-02   8.96690E-05  -8.34251E-03   7.86148E-05  -2.11246E-02   1.61788E-05  -1.81257E-02  -5.20253E-05  -1.58119E-03  -8.07870E-05   1.61444E-02  -5.47922E-05   2.18029E-02   4.54096E-06   1.11677E-02   5.65350E-05  -7.80330E-03   6.88649E-05  -2.09106E-02   3.67221E-05  -1.83118E-02  -1.71381E-05  -1.84174E-03  -5.90309E-05   1.64515E-02  -6.59190E-05   2.35383E-02  -3.94243E-05   1.56986E-02  -6.27418E-06   2.64989E-03
 4.78300E+02   8.10725E-05  -2.33100E-02  -6.77438E-06  -1.91573E-02  -8.10181E-05  -2.79600E-03  -9.23829E-05   1.47693E-02  -3.89450E-05   2.08534E-02   3.67090E-05   1.10953E-02   8.09518E-05  -7.07321E-03   6.68047E-05  -1.99437E-02   9.40050E-06  -1.78161E-02  -4.88218E-05  -2.28531E-03  -6.95024E-05   1.49644E-02  -4.31346E-05   2.09543E-02   8.32700E-06   1.11801E-02   4.95587E-05  -6.99572E-03   5.58495E-05  -1.98784E-02   2.68532E-05  -1.77316E-02  -1.66581E-05  -2.06843E-03  -4.81018E-05   1.55756E-02  -5.15034E-05   2.25394E-02  -3.00863E-05   1.50948E-02  -4.72005E-06   2.55322E-03
 4.81700E+02   7.37011E-05  -2.20551E-02  -9.11035E-06  -1.91343E-02  -7.66623E-05  -3.88734E-03  -8.39190E-05   1.34232E-02  -3.19157E-05   2.02075E-02   3.73407E-05   1.15390E-02   7.43373E-05  -5.92942E-03   5.71596E-05  -1.89302E-02   3.38184E-06  -1.76009E-02  -4.67400E-05  -2.94248E-03  -6.04168E-05   1.39440E-02  -3.32520E-05   2.02690E-02   1.19355E-05   1.12443E-02   4.40793E-05  -6.28698E-03   4.49689E-05  -1.90286E-02   1.83211E-05  -1.72889E-02  -1.65278E-05  -2.28768E-03  -3.89977E-05   1.48527E-02  -3.92746E-05   2.17418E-02  -2.21044E-05   1.46212E-02  -3.38630E-06   2.47820E-03
 4.85200E+02   6.77896E-05  -2.08772E-02  -1.14291E-05  -1.91445E-02  -7.36677E-05  -4.94203E-03  -7.71812E-05   1.21664E-02  -2.57544E-05   1.96468E-02   3.85323E-05   1.20024E-02   6.92635E-05  -4.85272E-03   4.89372E-05  -1.80302E-02  -2.29058E-06  -1.74666E-02  -4.55632E-05  -3.58598E-03  -5.28135E-05   1.30285E-02  -2.44157E-05   1.97082E-02   1.55938E-05   1.13618E-02   3.96487E-05  -5.63898E-03   3.54021E-05  -1.83133E-02   1.05091E-05  -1.69572E-02  -1.67106E-05  -2.51057E-03  -3.10264E-05   1.42420E-02  -2.83239E-05   2.10990E-02  -1.48910E-05   1.42499E-02  -2.17523E-06   2.42037E-03
 4.88700E+02   6.32426E-05  -1.97908E-02  -1.37301E-05  -1.91876E-02  -7.19432E-05  -5.94804E-03  -7.20548E-05   1.10122E-02  -2.04026E-05   1.91764E-02   4.02476E-05   1.24800E-02   6.56267E-05  -3.85349E-03   4.20374E-05  -1.72509E-02  -7.64633E-06  -1.74129E-02  -4.52326E-05  -4.20960E-03  -4.65863E-05   1.22248E-02  -1.65430E-05   1.92747E-02   1.93067E-05   1.15303E-02   3.61921E-05  -5.05649E-03   2.70447E-05  -1.77362E-02   3.35284E-06  -1.67371E-02  -1.71880E-05  -2.73501E-03  -2.40968E-05   1.37462E-02  -1.85424E-05   2.06134E-02  -8.37853E-06   1.39819E-02  -1.07587E-06   2.37986E-03
 4.92300E+02   5.97406E-05  -1.87481E-02  -1.61427E-05  -1.92656E-02  -7.13319E-05  -6.95087E-03  -6.81744E-05   9.90789E-03  -1.55180E-05   1.87742E-02   4.25616E-05   1.29936E-02   6.31534E-05  -2.88507E-03   3.60023E-05  -1.65552E-02  -1.30112E-05  -1.74367E-02  -4.56924E-05  -4.84274E-03  -4.13106E-05   1.14939E-02  -9.12882E-06   1.89467E-02   2.32918E-05   1.17572E-02   3.34637E-05  -4.51110E-03   1.93492E-05  -1.72682E-02  -3.60179E-06  -1.66169E-02  -1.79764E-05  -2.97178E-03  -1.77514E-05   1.33405E-02  -9.29599E-06   2.02599E-02  -2.14778E-06   1.38031E-02  -1.76740E-08   2.35453E-03
 4.95800E+02   5.73132E-05  -1.77905E-02  -1.85927E-05  -1.93746E-02  -7.17786E-05  -7.91086E-03  -6.55660E-05   8.89512E-03  -1.12025E-05   1.84534E-02   4.53749E-05   1.35220E-02   6.18358E-05  -1.98360E-03   3.09355E-05  -1.59667E-02  -1.82459E-05  -1.75342E-02  -4.68824E-05  -5.46119E-03  -3.70620E-05   1.08605E-02  -2.33189E-06   1.87324E-02   2.74330E-05   1.20319E-02   3.14873E-05  -4.02148E-03   1.24659E-05  -1.69222E-02  -1.01958E-05  -1.65971E-02  -1.90378E-05  -3.21174E-03  -1.21099E-05   1.30360E-02  -7.77870E-07   2.00462E-02   3.66667E-06   1.37166E-02   9.76127E-07   2.34469E-03
 4.99400E+02   5.57107E-05  -1.68486E-02  -2.12832E-05  -1.95222E-02  -7.32752E-05  -8.89819E-03  -6.39553E-05   7.89860E-03  -7.06680E-06   1.81890E-02   4.89055E-05   1.41033E-02   6.15135E-05  -1.08137E-03   2.63632E-05  -1.54392E-02  -2.38055E-05  -1.77106E-02  -4.88751E-05  -6.11113E-03  -3.34319E-05   1.02748E-02   4.46125E-06   1.86128E-02   3.20833E-05   1.23736E-02   3.00609E-05  -3.54953E-03   5.76261E-06  -1.66692E-02  -1.70188E-05  -1.66734E-02  -2.04540E-05  -3.47285E-03  -6.65113E-06   1.28071E-02   7.78644E-06   1.99523E-02   9.59050E-06   1.37132E-02   1.99514E-06   2.34919E-03
 5.03000E+02   5.49523E-05  -1.59370E-02  -2.42172E-05  -1.97078E-02  -7.58435E-05  -9.90042E-03  -6.33644E-05   6.93205E-03  -3.11451E-06   1.79861E-02   5.31707E-05   1.47319E-02   6.22085E-05  -1.89381E-04   2.22926E-05  -1.49810E-02  -2.97036E-05  -1.79663E-02  -5.16915E-05  -6.78611E-03  -3.04285E-05   9.74494E-03   1.12630E-05   1.85920E-02   3.72638E-05   1.27806E-02   2.91940E-05  -3.10069E-03  -7.72076E-07  -1.65142E-02  -2.40929E-05  -1.68479E-02  -2.22367E-05  -3.75305E-03  -1.36470E-06   1.26582E-02   1.64212E-05   1.99825E-02   1.56426E-05   1.37954E-02   3.04279E-06   2.36838E-03
 5.06600E+02   5.50179E-05  -1.50432E-02  -2.74768E-05  -1.99346E-02  -7.95576E-05  -1.09329E-02  -6.37779E-05   5.98052E-03   7.68208E-07   1.78416E-02   5.82960E-05   1.54182E-02   6.39429E-05   7.07132E-04   1.86031E-05  -1.45843E-02  -3.61179E-05  -1.83056E-02  -5.54183E-05  -7.49786E-03  -2.79611E-05   9.26137E-03   1.82822E-05   1.86694E-02   4.31353E-05   1.32602E-02   2.88605E-05  -2.66675E-03  -7.34188E-06  -1.64544E-02  -3.16401E-05  -1.71235E-02  -2.44426E-05  -4.05754E-03   3.91583E-06   1.25863E-02   2.53995E-05   2.01371E-02   2.20146E-05   1.39644E-02   4.15229E-06   2.40258E-03
 5.10300E+02   5.59681E-05  -1.41306E-02  -3.12719E-05  -2.02154E-02  -8.47108E-05  -1.20429E-02  -6.52888E-05   5.00274E-03   4.80359E-06   1.77525E-02   6.46415E-05   1.61963E-02   6.68899E-05   1.64910E-03   1.51014E-05  -1.42345E-02  -4.34662E-05  -1.87488E-02  -6.03401E-05  -8.28134E-03  -2.59172E-05   8.80415E-03   2.59575E-05   1.88541E-02   5.01001E-05   1.38387E-02   2.90758E-05  -2.22805E-03  -1.43494E-05  -1.64919E-02  -4.01529E-05  -1.75188E-02  -2.72348E-05  -4.40210E-03   9.51363E-06   1.25921E-02   3.52949E-05   2.04301E-02   2.91191E-05   1.42331E-02   5.39592E-06   2.45424E-03
 5.14000E+02   5.78874E-05  -1.32105E-02  -3.56548E-05  -2.05508E-02  -9.14434E-05  -1.32222E-02  -6.80024E-05   4.00880E-03   9.01148E-06   1.77239E-02   7.23323E-05   1.70639E-02   7.11686E-05   2.62928E-03   1.17969E-05  -1.39386E-02  -5.18543E-05  -1.92985E-02  -6.65816E-05  -9.13358E-03  -2.43295E-05   8.37961E-03   3.43752E-05   1.91516E-02   5.82833E-05   1.45176E-02   2.98909E-05  -1.78831E-03  -2.18623E-05  -1.66330E-02  -4.97539E-05  -1.80383E-02  -3.06784E-05  -4.78641E-03   1.54817E-05   1.26808E-02   4.62340E-05   2.08684E-02   3.70540E-05   1.46058E-02   6.79140E-06   2.52408E-03
 5.17700E+02   6.09110E-05  -1.22685E-02  -4.08062E-05  -2.09494E-02  -1.00088E-04  -1.44939E-02  -7.20975E-05   2.98068E-03   1.35386E-05   1.77579E-02   8.17181E-05   1.80406E-02   7.70191E-05   3.66749E-03   8.59648E-06  -1.36933E-02  -6.16370E-05  -1.99698E-02  -7.44492E-05  -1.00740E-02  -2.31784E-05   7.98071E-03   4.38744E-05   1.95724E-02   6.80527E-05   1.53146E-02   3.13778E-05  -1.33852E-03  -3.01755E-05  -1.68849E-02  -6.08536E-05  -1.86978E-02  -3.49397E-05  -5.22005E-03   2.20540E-05   1.28575E-02   5.86728E-05   2.14668E-02   4.61557E-05   1.50944E-02   8.39833E-06   2.61430E-03
 5.21400E+02   6.52533E-05  -1.12879E-02  -4.69706E-05  -2.14222E-02  -1.11124E-04  -1.58867E-02  -7.78529E-05   1.89766E-03   1.85651E-05   1.78590E-02   9.32845E-05   1.91515E-02   8.47993E-05   4.78716E-03   5.40416E-06  -1.34967E-02  -7.32881E-05  -2.07829E-02  -8.43772E-05  -1.11268E-02  -2.24695E-05   7.60069E-03   5.48926E-05   2.01322E-02   7.99081E-05   1.62530E-02   3.36561E-05  -8.68570E-04  -3.96609E-05  -1.72590E-02  -7.39931E-05  -1.95191E-02  -4.02512E-05  -5.71514E-03   2.95239E-05   1.31310E-02   7.32028E-05   2.22474E-02   5.68644E-05   1.57161E-02   1.02950E-05   2.72800E-03
 5.25200E+02   7.14275E-05  -1.02197E-02  -5.47136E-05  -2.20009E-02  -1.25675E-04  -1.74805E-02  -8.59342E-05   7.01933E-04   2.44947E-05   1.80401E-02   1.08156E-04   2.04661E-02   9.53526E-05   6.05236E-03   2.02066E-06  -1.33451E-02  -8.78869E-05  -2.17949E-02  -9.73727E-05  -1.23573E-02  -2.22375E-05   7.22288E-03   6.84119E-05   2.08755E-02   9.49896E-05   1.73967E-02   3.70155E-05  -3.52381E-04  -5.11439E-05  -1.77885E-02  -9.03919E-05  -2.05631E-02  -4.71467E-05  -6.30408E-03   3.85392E-05   1.35265E-02   9.11465E-05   2.32711E-02   7.01668E-05   1.65181E-02   1.26572E-05   2.87372E-03
 5.29000E+02   7.98675E-05  -9.06270E-03  -6.44136E-05  -2.26958E-02  -1.44584E-04  -1.92901E-02  -9.68945E-05  -6.12377E-04   3.15513E-05   1.83115E-02   1.27133E-04   2.20034E-02   1.09346E-04   7.47443E-03  -1.61207E-06  -1.32459E-02  -1.06161E-04  -2.30270E-02  -1.14184E-04  -1.37828E-02  -2.25865E-05   6.84979E-03   8.50628E-05   2.18235E-02   1.14098E-04   1.87679E-02   4.17141E-05   2.13813E-04  -6.51373E-05  -1.84924E-02  -1.10872E-04  -2.18552E-02  -5.60187E-05  -6.99705E-03   4.95001E-05   1.40589E-02   1.13375E-04   2.45669E-02   8.67224E-05   1.75218E-02   1.56031E-05   3.05524E-03
 5.32800E+02   9.13899E-05  -7.78102E-03  -7.68617E-05  -2.35375E-02  -1.69517E-04  -2.13841E-02  -1.11783E-04  -2.09073E-03   4.02477E-05   1.86906E-02   1.51839E-04   2.38279E-02   1.28069E-04   9.10764E-03  -5.68781E-06  -1.32028E-02  -1.29622E-04  -2.45369E-02  -1.36299E-04  -1.54634E-02  -2.36561E-05   6.47212E-03   1.06183E-04   2.30253E-02   1.38865E-04   2.04300E-02   4.82281E-05   8.51185E-04  -8.27446E-05  -1.94100E-02  -1.37138E-04  -2.34598E-02  -6.76504E-05  -7.82520E-03   6.32693E-05   1.47588E-02   1.41709E-04   2.62021E-02   1.07902E-04   1.87782E-02   1.93778E-05   3.28174E-03
 5.36600E+02   1.07281E-04  -6.32531E-03  -9.32848E-05  -2.45700E-02  -2.03083E-04  -2.38588E-02  -1.32250E-04  -3.79602E-03   5.13677E-05   1.92035E-02   1.84801E-04   2.60311E-02   1.53546E-04   1.10277E-02  -1.04882E-05  -1.32228E-02  -1.60610E-04  -2.64075E-02  -1.66039E-04  -1.74839E-02  -2.56828E-05   6.07823E-03   1.33835E-04   2.45525E-02   1.71823E-04   2.24737E-02   5.73109E-05   1.58884E-03  -1.05661E-04  -2.05990E-02  -1.71826E-04  -2.54694E-02  -8.32616E-05  -8.83272E-03   8.11714E-05   1.56711E-02   1.78964E-04   2.82745E-02   1.35826E-04   2.03614E-02   2.43602E-05   3.56648E-03
 5.40500E+02   1.30349E-04  -4.57532E-03  -1.16368E-04  -2.58959E-02  -2.50978E-04  -2.69424E-02  -1.61896E-04  -5.87790E-03   6.66280E-05   1.99104E-02   2.31537E-04   2.88277E-02   1.90192E-04   1.34124E-02  -1.66313E-05  -1.33212E-02  -2.04234E-04  -2.88314E-02  -2.08465E-04  -2.00418E-02  -2.91810E-05   5.64063E-03   1.72516E-04   2.65700E-02   2.18491E-04   2.51082E-02   7.06041E-05   2.49431E-03  -1.37582E-04  -2.21926E-02  -2.20676E-04  -2.80975E-02  -1.05510E-04  -1.01216E-02   1.06091E-04   1.68992E-02   2.31264E-04   3.10089E-02   1.75107E-04   2.24418E-02   3.13753E-05   3.94000E-03
 5.44400E+02   1.64189E-04  -2.44906E-03  -1.49455E-04  -2.75993E-02  -3.20392E-04  -3.08095E-02  -2.05329E-04  -8.44535E-03   8.81161E-05   2.08667E-02   2.98977E-04   3.23898E-02   2.43622E-04   1.63982E-02  -2.48054E-05  -1.35194E-02  -2.66871E-04  -3.19705E-02  -2.69974E-04  -2.32963E-02  -3.48799E-05   5.14465E-03   2.27811E-04   2.92219E-02   2.85803E-04   2.85092E-02   9.02265E-05   3.61888E-03  -1.83078E-04  -2.43098E-02  -2.90869E-04  -3.15279E-02  -1.37752E-04  -1.17764E-02   1.41596E-04   1.85362E-02   3.06247E-04   3.46025E-02   2.31509E-04   2.51675E-02   4.14548E-05   4.42879E-03
 5.48400E+02   2.17850E-04   3.24312E-04  -2.01068E-04  -2.99257E-02  -4.29541E-04  -3.59925E-02  -2.74143E-04  -1.18412E-02   1.21211E-04   2.22232E-02   4.04712E-04   3.72262E-02   3.28009E-04   2.03995E-02  -3.68567E-05  -1.38645E-02  -3.64749E-04  -3.62891E-02  -3.66754E-04  -2.77154E-02  -4.45371E-05   4.53408E-03   3.13960E-04   3.29121E-02   3.91347E-04   3.31804E-02   1.21491E-04   5.11848E-03  -2.53822E-04  -2.72797E-02  -4.00650E-04  -3.62798E-02  -1.88484E-04  -1.40410E-02   1.96795E-04   2.08384E-02   4.23344E-04   3.96056E-02   3.19685E-04   2.89545E-02   5.72200E-05   5.10730E-03
 5.52300E+02   3.04212E-04   3.95336E-03  -2.83217E-04  -3.30825E-02  -6.04225E-04  -4.29275E-02  -3.84841E-04  -1.63403E-02   1.73430E-04   2.41145E-02   5.73620E-04   4.37651E-02   4.63486E-04   2.57583E-02  -5.52845E-05  -1.44064E-02  -5.20776E-04  -4.21877E-02  -5.21754E-04  -3.36955E-02  -6.07449E-05   3.76960E-03   4.51030E-04   3.79955E-02   5.60011E-04   3.95574E-02   1.71988E-04   7.12228E-03  -3.66243E-04  -3.13951E-02  -5.75800E-04  -4.28083E-02  -2.69754E-04  -1.71261E-02   2.84512E-04   2.40349E-02   6.09992E-04   4.65052E-02   4.60336E-04   3.41694E-02   8.23756E-05   6.04111E-03
 5.56300E+02   4.65512E-04   9.32955E-03  -4.35543E-04  -3.78911E-02  -9.29313E-04  -5.33847E-02  -5.91549E-04  -2.30769E-02   2.69710E-04   2.70510E-02   8.87611E-04   5.37056E-02   7.16155E-04   3.38519E-02  -8.85455E-05  -1.53113E-02  -8.10450E-04  -5.12245E-02  -8.10411E-04  -4.28001E-02  -9.18218E-05   2.67130E-03   7.05225E-04   4.58331E-02   8.73693E-04   4.93303E-02   2.66548E-04   1.01479E-02  -5.74577E-04  -3.77678E-02  -9.01224E-04  -5.28601E-02  -4.21151E-04  -2.18492E-02   4.47073E-04   2.89926E-02   9.56581E-04   5.71576E-02   7.21642E-04   4.22133E-02   1.29120E-04   7.48095E-03
 5.60300E+02   8.09725E-04   1.80154E-02  -7.59160E-04  -4.58204E-02  -1.62153E-03  -7.05086E-02  -1.03262E-03  -3.40567E-02   4.73552E-04   3.19573E-02   1.55578E-03   7.00849E-02   1.25493E-03   4.71320E-02  -1.58030E-04  -1.68926E-02  -1.42644E-03  -6.62009E-02  -1.42541E-03  -5.78290E-02  -1.59193E-04   9.29944E-04   1.24543E-03   5.88819E-02   1.54150E-03   6.55396E-02   4.68701E-04   1.51176E-02  -1.01715E-03  -4.84113E-02  -1.59364E-03  -6.95883E-02  -7.43803E-04  -2.96807E-02   7.92429E-04   3.72831E-02   1.69380E-03   7.49199E-02   1.27762E-03   5.56184E-02   2.28593E-04   9.87992E-03
 5.64400E+02   1.81013E-03   3.54327E-02  -1.69742E-03  -6.19436E-02  -3.63101E-03  -1.05175E-01  -2.31450E-03  -5.62231E-02   1.06345E-03   4.20178E-02   3.49487E-03   1.03392E-01   2.82023E-03   7.40723E-02  -3.57631E-04  -2.02217E-02  -3.21345E-03  -9.67784E-02  -3.21142E-03  -8.84450E-02  -3.56683E-04  -2.53013E-03   2.81212E-03   8.56090E-02   3.48014E-03   9.86694E-02   1.05689E-03   2.52175E-02  -2.30046E-03  -7.02592E-02  -3.60319E-03  -1.03857E-01  -1.68104E-03  -4.56905E-02   1.79390E-03   5.43170E-02   3.83304E-03   1.11355E-01   2.89122E-03   8.31073E-02   5.17308E-04   1.47988E-02
 5.68400E+02   6.86534E-03   8.45103E-02  -6.43369E-03  -1.07746E-01  -1.37802E-02  -2.03425E-01  -8.79204E-03  -1.18964E-01   4.03889E-03   7.07306E-02   1.32874E-02   1.98057E-01   1.07289E-02   1.50558E-01  -1.36125E-03  -2.98507E-02  -1.22368E-02  -1.83900E-01  -1.22338E-02  -1.75590E-01  -1.35827E-03  -1.22559E-02   1.07221E-02   1.61908E-01   1.32722E-02   1.93157E-01   4.03066E-03   5.39444E-02  -8.77930E-03  -1.32713E-01  -1.37523E-02  -2.01725E-01  -6.41625E-03  -9.13696E-02   6.85006E-03   1.03040E-01   1.46365E-02   2.15493E-01   1.10407E-02   1.61666E-01   1.97551E-03   2.88556E-02
 5.72500E+02   1.33886E+00   4.14530E-01  -1.25409E+00  -4.16718E-01  -2.68768E+00  -8.65663E-01  -1.71556E+00  -5.41692E-01   7.87708E-01   2.64750E-01   2.59316E+00   8.36879E-01   2.09454E+00   6.66556E-01  -2.65499E-01  -9.52066E-02  -2.38941E+00  -7.72428E-01  -2.38941E+00  -7.64127E-01  -2.65494E-01  -7.76804E-02   2.09453E+00   6.77737E-01   2.59315E+00   8.31792E-01   7.87698E-01   2.47953E-01  -1.71555E+00  -5.55169E-01  -2.68765E+00  -8.63574E-01  -1.25407E+00  -4.00200E-01   1.33885E+00   4.32715E-01   2.86090E+00   9.19971E-01   2.15813E+00   6.93091E-01   3.86161E-01   1.23945E-01
 5.76700E+02   7.14623E-03  -1.17910E-01  -6.69915E-03   8.21470E-02  -1.43464E-02   2.03417E-01  -9.15186E-03   1.40708E-01   4.20671E-03  -4.86347E-02   1.38340E-02  -1.94737E-01   1.11686E-02  -1.66703E-01  -1.41932E-03   1.04484E-02  -1.27409E-02   1.78236E-01  -1.27359E-02   1.86542E-01  -1.41216E-03   2.79358E-02   1.11643E-02  -1.55675E-01   1.38176E-02  -2.00022E-01   4.19495E-03  -6.54668E-02  -9.14158E-03   1.27488E-01  -1.43180E-02   2.05902E-01  -6.67934E-03   9.88234E-02   7.13265E-03  -1.00062E-01   1.52389E-02  -2.18485E-01   1.14948E-02  -1.65709E-01   2.05674E-03  -2.97231E-02
 5.80800E+02   1.80109E-03  -6.67243E-02  -1.69362E-03   3.43175E-02  -3.61748E-03   1.00881E-01  -2.30271E-03   7.52660E-02   1.06320E-03  -1.86252E-02   3.48256E-03  -9.59271E-02   2.80655E-03  -8.69093E-02  -3.60542E-04   3.50031E-04  -3.20291E-03   8.72843E-02  -3.19687E-03   9.56095E-02  -3.51296E-04   1.78297E-02   2.80344E-03  -7.60117E-02   3.46539E-03  -1.01412E-01   1.04964E-03  -3.55172E-02  -2.29355E-03   6.22761E-02  -3.58865E-03   1.03752E-01  -1.67253E-03   5.11648E-02   1.78825E-03  -4.91883E-02   3.81798E-03  -1.09784E-01   2.87929E-03  -8.37140E-02   5.15124E-04  -1.50520E-02
 5.85000E+02   7.91749E-04  -4.91337E-02  -7.49395E-04   1.79400E-02  -1.59247E-03   6.57706E-02  -1.00929E-03   5.28738E-02   4.70664E-04  -8.36382E-03   1.52887E-03  -6.21712E-02   1.22752E-03  -5.96751E-02  -1.61602E-04  -3.10301E-03  -1.40285E-03   5.62740E-02  -1.39573E-03   6.46340E-02  -1.50174E-04   1.43995E-02   1.22562E-03  -4.88917E-02   1.51087E-03  -6.78692E-02   4.55204E-04  -2.53427E-02  -1.00122E-03   4.01008E-02  -1.56304E-03   6.90390E-02  -7.26903E-04   3.49791E-02   7.79593E-04  -3.19030E-02   1.66186E-03  -7.28659E-02   1.25265E-03  -5.58714E-02   2.24052E-04  -1.00707E-02
 5.89300E+02   4.38953E-04  -4.01817E-02  -4.20198E-04   9.63707E-03  -8.85459E-04   4.79860E-02  -5.57112E-04   4.15538E-02   2.64450E-04  -3.16636E-03   8.46822E-04  -4.51315E-02   6.75549E-04  -4.59582E-02  -9.29110E-05  -4.86078E-03  -7.74499E-04   4.06658E-02  -7.66237E-04   4.90769E-02  -7.91836E-05   1.26975E-02   6.74869E-04  -3.52724E-02   8.27872E-04  -5.10575E-02   2.46962E-04  -2.02617E-02  -5.50115E-04   2.89839E-02  -8.55269E-04   5.16654E-02  -3.96165E-04   2.68912E-02   4.27435E-04  -2.32494E-02   9.08524E-04  -5.44048E-02   6.84200E-04  -4.19541E-02   1.22323E-04  -7.58127E-03
 5.93500E+02   2.81921E-04  -3.49221E-02  -2.74374E-04   4.77187E-03  -5.71425E-04   3.75900E-02  -3.55762E-04   3.49613E-02   1.73414E-04  -1.19624E-04   5.43900E-04  -3.52149E-02   4.29793E-04  -3.80082E-02  -6.30471E-05  -5.90497E-03  -4.95458E-04   3.16161E-02  -4.86030E-04   4.00928E-02  -4.69894E-05   1.17397E-02   4.30306E-04  -2.73992E-02   5.23920E-04  -4.13743E-02   1.53845E-04  -1.73561E-02  -3.49779E-04   2.25721E-02  -5.40337E-04   4.16767E-02  -2.48718E-04   2.22554E-02   2.70971E-04  -1.82686E-02   5.73331E-04  -4.38026E-02   4.31173E-04  -3.39673E-02   7.70338E-05  -6.15320E-03
 5.97800E+02   1.95173E-04  -3.12982E-02  -1.94459E-04   1.42059E-03  -3.98540E-04   3.04611E-02  -2.44445E-04   3.04682E-02   1.23807E-04   1.98435E-03   3.77141E-04  -2.84509E-02   2.93937E-04  -3.26213E-02  -4.72013E-05  -6.64374E-03  -3.41860E-04   2.54712E-02  -3.31174E-04   3.40315E-02  -2.86467E-05   1.11228E-02   2.95684E-04  -2.20723E-02   3.55987E-04  -3.48617E-02   1.01986E-04  -1.54257E-02  -2.39474E-04   1.82469E-02  -3.66364E-04   3.49734E-02  -1.67004E-04   1.91602E-02   1.84750E-04  -1.49181E-02   3.88172E-04  -3.66974E-02   2.91310E-04  -2.86212E-02   5.19918E-05  -5.19786E-03
 6.02100E+02   1.43381E-04  -2.86863E-02  -1.47345E-04  -1.00294E-03  -2.95867E-04   2.53436E-02  -1.77892E-04   2.72721E-02   9.48255E-05   3.51417E-03   2.78100E-04  -2.36253E-02   2.12709E-04  -2.88161E-02  -3.83518E-05  -7.20135E-03  -2.50634E-04   2.11105E-02  -2.38612E-04   2.97717E-02  -1.71612E-05   1.07220E-02   2.15714E-04  -1.83085E-02   2.55637E-04  -3.03016E-02   7.06038E-05  -1.41001E-02  -1.73915E-04   1.52020E-02  -2.62418E-04   3.02920E-02  -1.17930E-04   1.70159E-02   1.33435E-04  -1.25686E-02   2.77540E-04  -3.17438E-02   2.07653E-04  -2.49006E-02   3.70057E-05  -4.53361E-03
 6.06500E+02   1.09338E-04  -2.66621E-02  -1.16963E-04  -2.89683E-03  -2.28912E-04   2.13874E-02  -1.34049E-04   2.48333E-02   7.63988E-05   4.72057E-03   2.13495E-04  -1.99210E-02   1.59182E-04  -2.59361E-02  -3.31380E-05  -7.66420E-03  -1.91113E-04   1.77835E-02  -1.77627E-04   2.65668E-02  -9.07514E-06   1.04572E-02   1.63514E-04  -1.54516E-02   1.89535E-04  -2.68856E-02   4.95392E-05  -1.31363E-02  -1.31081E-04   1.29012E-02  -1.93950E-04   2.67960E-02  -8.53540E-05   1.54337E-02   9.98302E-05  -1.08024E-02   2.04658E-04  -2.80520E-02   1.52451E-04  -2.21353E-02   2.71095E-05  -4.04054E-03
 6.10900E+02   8.62608E-05  -2.50715E-02  -9.69421E-05  -4.40693E-03  -1.84040E-04   1.82797E-02  -1.04224E-04   2.29514E-02   6.45197E-05   5.69540E-03   1.70169E-04  -1.70341E-02   1.22741E-04  -2.37346E-02  -3.02008E-05  -8.06303E-03  -1.51173E-04   1.52083E-02  -1.36106E-04   2.41339E-02  -3.05275E-06   1.02964E-02   1.28455E-04  -1.32533E-02   1.44533E-04  -2.43054E-02   3.48050E-05  -1.24400E-02  -1.02264E-04   1.11406E-02  -1.47331E-04   2.41652E-02  -6.29203E-05   1.42640E-02   7.71436E-05  -9.46012E-03   1.55017E-04  -2.52810E-02   1.14762E-04  -2.00675E-02   2.03450E-05  -3.67255E-03
 6.15300E+02   6.98818E-05  -2.37820E-02  -8.33041E-05  -5.65821E-03  -1.52700E-04   1.57539E-02  -8.29441E-05   2.14570E-02   5.66978E-05   6.51757E-03   1.39873E-04  -1.47076E-02   9.67020E-05  -2.20056E-02  -2.87152E-05  -8.42525E-03  -1.23211E-04   1.31489E-02  -1.06424E-04   2.22383E-02   1.77271E-06   1.02147E-02   1.03870E-04  -1.15072E-02   1.12354E-04  -2.23068E-02   2.38719E-05  -1.19351E-02  -8.20039E-05   9.75143E-03  -1.13980E-04   2.21364E-02  -4.66159E-05   1.33845E-02   6.11092E-05  -8.41017E-03   1.19484E-04  -2.31507E-02   8.76915E-05  -1.84863E-02   1.54786E-05  -3.39192E-03
 6.19700E+02   5.78274E-05  -2.27106E-02  -7.38467E-05  -6.72972E-03  -1.30147E-04   1.36424E-02  -6.71636E-05   2.02442E-02   5.15602E-05   7.23729E-03   1.18025E-04  -1.27803E-02   7.73442E-05  -2.06200E-02  -2.82350E-05  -8.76875E-03  -1.03005E-04   1.14570E-02  -8.43334E-05   2.07333E-02   5.89595E-06   1.01973E-02   8.60555E-05  -1.00836E-02   8.83885E-05  -2.07311E-02   1.53213E-05  -1.15743E-02  -6.72646E-05   8.62774E-03  -8.91196E-05   2.05454E-02  -3.41983E-05   1.27194E-02   4.93543E-05  -7.57030E-03   9.29691E-05  -2.14866E-02   6.73959E-05  -1.72605E-02   1.18220E-05  -3.17516E-03
 6.24200E+02   4.85111E-05  -2.17833E-02  -6.71554E-05  -7.69463E-03  -1.13260E-04   1.17956E-02  -5.48338E-05   1.92226E-02   4.82515E-05   7.90263E-03   1.01608E-04  -1.11109E-02   6.21596E-05  -1.94703E-02  -2.85241E-05  -9.11387E-03  -8.77690E-05   1.00046E-02  -6.69703E-05   1.94984E-02   9.70602E-06   1.02366E-02   7.25662E-05  -8.87221E-03   6.95237E-05  -1.94489E-02   8.15307E-06  -1.13232E-02  -5.60350E-05   7.68056E-03  -6.95196E-05   1.92595E-02  -2.41256E-05   1.22099E-02   4.02976E-05  -6.87242E-03   7.20323E-05  -2.01484E-02   5.12672E-05  -1.62852E-02   8.90739E-06  -3.00366E-03
 6.28700E+02   4.13178E-05  -2.09866E-02  -6.26459E-05  -8.56634E-03  -1.00794E-04   1.01836E-02  -4.51662E-05   1.83719E-02   4.64021E-05   8.52202E-03   8.94227E-05  -9.66837E-03   5.01823E-05  -1.85301E-02  -2.94558E-05  -9.46291E-03  -7.63965E-05   8.76191E-03  -5.32287E-05   1.85021E-02   1.33239E-05   1.03283E-02   6.24291E-05  -7.84588E-03   5.45567E-05  -1.84255E-02   2.00210E-06  -1.11704E-02  -4.75174E-05   6.88716E-03  -5.39311E-05   1.82420E-02  -1.58144E-05   1.18383E-02   3.33162E-05  -6.29843E-03   5.53417E-05  -1.90967E-02   3.83004E-05  -1.55307E-02   6.55499E-06  -2.87204E-03
 6.33200E+02   3.56485E-05  -2.02921E-02  -5.97948E-05  -9.37385E-03  -9.15812E-05   8.74744E-03  -3.73833E-05   1.76566E-02   4.57019E-05   9.11476E-03   8.03356E-05  -8.39645E-03   4.04569E-05  -1.77565E-02  -3.09555E-05  -9.82433E-03  -6.78399E-05   7.67751E-03  -4.20145E-05   1.76963E-02   1.69129E-05   1.04697E-02   5.47219E-05  -6.96007E-03   4.22963E-05  -1.76089E-02  -3.52658E-06  -1.11024E-02  -4.09514E-05   6.21149E-03  -4.11155E-05   1.74397E-02  -8.66484E-06   1.15814E-02   2.78091E-05  -5.82076E-03   4.15756E-05  -1.82751E-02   2.74905E-05  -1.49549E-02   4.58423E-06  -2.77284E-03
 6.37800E+02   3.10139E-05  -1.96662E-02  -5.82547E-05  -1.01561E-02  -8.47352E-05   7.41552E-03  -3.08321E-05   1.70387E-02   4.59840E-05   9.70913E-03   7.34817E-05  -7.22917E-03   3.21717E-05  -1.71064E-02  -3.30502E-05  -1.02144E-02  -6.12913E-05   6.69318E-03  -3.23911E-05   1.70339E-02   2.06908E-05   1.06652E-02   4.87249E-05  -6.16581E-03   3.17177E-05  -1.69501E-02  -8.83341E-06  -1.11117E-02  -3.57339E-05   5.61521E-03  -3.00023E-05   1.68030E-02  -2.11904E-06   1.14208E-02   2.32859E-05  -5.41144E-03   2.95863E-05  -1.76322E-02   1.79500E-05  -1.45208E-02   2.83448E-06  -2.69960E-03
 6.42400E+02   2.72647E-05  -1.91090E-02  -5.78952E-05  -1.09137E-02  -7.99637E-05   6.18535E-03  -2.53160E-05   1.65157E-02   4.71733E-05   1.03056E-02   6.85762E-05  -6.16231E-03   2.50807E-05  -1.65751E-02  -3.57272E-05  -1.06330E-02  -5.64850E-05   5.80380E-03  -2.40719E-05   1.65089E-02   2.47082E-05   1.09135E-02   4.42017E-05  -5.45784E-03   2.25042E-05  -1.64418E-02  -1.40308E-05  -1.11959E-02  -3.16679E-05   5.09359E-03  -2.02589E-05   1.63241E-02   3.98960E-06   1.13527E-02   1.95884E-05  -5.06654E-03   1.90162E-05  -1.71593E-02   9.40467E-06  -1.42219E-02   1.25627E-06  -2.65113E-03
 6.47000E+02   2.41987E-05  -1.86079E-02  -5.86045E-05  -1.16632E-02  -7.69277E-05   5.02786E-03  -2.05556E-05   1.60729E-02   4.92370E-05   1.09167E-02   6.52833E-05  -5.16859E-03   1.88294E-05  -1.61459E-02  -3.90370E-05  -1.10882E-02  -5.31027E-05   4.98497E-03  -1.66421E-05   1.61029E-02   2.90968E-05   1.12179E-02   4.08636E-05  -4.81554E-03   1.41966E-05  -1.60648E-02  -1.93266E-05  -1.13532E-02  -2.85058E-05   4.63053E-03  -1.14004E-05   1.59838E-02   9.93249E-06   1.13711E-02   1.65076E-05  -4.77453E-03   9.34131E-06  -1.68365E-02   1.44270E-06  -1.40441E-02  -2.25556E-07  -2.62503E-03
 6.51700E+02   2.16235E-05  -1.81439E-02  -6.03964E-05  -1.24360E-02  -7.54087E-05   3.89484E-03  -1.62551E-05   1.56921E-02   5.22755E-05   1.15689E-02   6.33703E-05  -4.20518E-03   1.30263E-05  -1.58003E-02  -4.31637E-05  -1.16000E-02  -5.09084E-05   4.20037E-03  -9.63154E-06   1.57979E-02   3.41158E-05   1.15921E-02   3.84805E-05  -4.20977E-03   6.26483E-06  -1.58019E-02  -2.50450E-05  -1.15908E-02  -2.60326E-05   4.20467E-03  -2.85883E-06   1.57661E-02   1.60825E-05   1.14764E-02   1.38389E-05  -4.52175E-03  -6.03175E-08  -1.66485E-02  -6.44515E-06  -1.39790E-02  -1.70556E-06  -2.62003E-03
 6.56400E+02   1.95042E-05  -1.77200E-02  -6.33021E-05  -1.32312E-02  -7.53911E-05   2.78899E-03  -1.23505E-05   1.53753E-02   5.63416E-05   1.22625E-02   6.28134E-05  -3.27318E-03   7.57762E-06  -1.55399E-02  -4.81813E-05  -1.21698E-02  -4.98707E-05   3.45005E-03  -2.91942E-06   1.55951E-02   3.98583E-05   1.20378E-02   3.70146E-05  -3.64012E-03  -1.43466E-06  -1.56543E-02  -3.12949E-05  -1.19105E-02  -2.42061E-05   3.81557E-03   5.52579E-06   1.56723E-02   2.25581E-05   1.16704E-02   1.15333E-05  -4.30808E-03  -9.36830E-06  -1.65966E-02  -1.44109E-05  -1.40280E-02  -3.21240E-06  -2.63642E-03
 6.61200E+02   1.77315E-05  -1.73215E-02  -6.75326E-05  -1.40833E-02  -7.69255E-05   1.66497E-03  -8.62020E-06   1.51117E-02   6.17174E-05   1.30288E-02   6.36253E-05  -2.33328E-03   2.16071E-06  -1.53565E-02  -5.44305E-05  -1.28248E-02  -4.99646E-05   2.70169E-03   3.90375E-06   1.54889E-02   4.67097E-05   1.25775E-02   3.64046E-05  -3.08180E-03  -9.38181E-06  -1.56188E-02  -3.84916E-05  -1.23294E-02  -2.29315E-05   3.44638E-03   1.42843E-05   1.57018E-02   2.97853E-05   1.19647E-02   9.45488E-06  -4.12473E-03  -1.91780E-05  -1.66828E-02  -2.29700E-05  -1.41967E-02  -4.84400E-06  -2.67560E-03
 6.65900E+02   1.63269E-05  -1.69592E-02  -7.31101E-05  -1.49747E-02  -8.00560E-05   5.47270E-04  -5.08661E-06   1.49084E-02   6.84235E-05   1.38535E-02   6.58468E-05  -1.40476E-03  -3.20590E-06  -1.52553E-02  -6.19322E-05  -1.35538E-02  -5.12251E-05   1.96986E-03   1.08265E-05   1.54831E-02   5.46911E-05   1.32026E-02   3.66775E-05  -2.54529E-03  -1.75734E-05  -1.56981E-02  -4.66556E-05  -1.28418E-02  -2.22266E-05   3.10396E-03   2.34213E-05   1.58562E-02   3.77819E-05   1.23558E-02   7.61155E-06  -3.97534E-03  -2.95003E-05  -1.69075E-02  -3.21367E-05  -1.44843E-02  -6.60355E-06  -2.73728E-03
 6.70800E+02   1.51777E-05  -1.66056E-02  -8.07699E-05  -1.59867E-02  -8.52811E-05  -6.61766E-04  -1.38723E-06   1.47521E-02   7.73212E-05   1.48142E-02   6.98600E-05  -4.05522E-04  -9.10472E-06  -1.52332E-02  -7.16335E-05  -1.44277E-02  -5.39049E-05   1.18938E-03   1.86243E-05   1.55841E-02   6.47973E-05   1.39764E-02   3.79486E-05  -1.98289E-03  -2.69462E-05  -1.59073E-02  -5.67917E-05  -1.35013E-02  -2.20670E-05   2.75848E-03   3.39972E-05   1.61582E-02   4.75191E-05   1.28866E-02   5.81833E-06  -3.84832E-03  -4.15451E-05  -1.73009E-02  -4.30007E-05  -1.49254E-02  -8.70129E-06  -2.82868E-03
 6.75600E+02   1.43511E-05  -1.62782E-02  -9.05979E-05  -1.70875E-02  -9.27542E-05  -1.91882E-03   2.40523E-06   1.46542E-02   8.84854E-05   1.58836E-02   7.58093E-05   6.29620E-04  -1.54639E-05  -1.52986E-02  -8.35980E-05  -1.54247E-02  -5.81311E-05   3.87058E-04   2.72331E-05   1.57978E-02   7.70798E-05   1.48818E-02   4.03216E-05  -1.41419E-03  -3.74481E-05  -1.62499E-02  -6.89369E-05  -1.42955E-02  -2.25275E-05   2.42283E-03   4.59729E-05   1.66092E-02   5.90161E-05   1.35491E-02   4.11967E-06  -3.75040E-03  -5.52824E-05  -1.78631E-02  -5.55542E-05  -1.55168E-02  -1.11372E-05  -2.94898E-03
 6.80500E+02   1.38221E-05  -1.59585E-02  -1.03782E-04  -1.83596E-02  -1.03468E-04  -3.31355E-03   6.64293E-06   1.46132E-02   1.03244E-04   1.71450E-02   8.45079E-05   1.77576E-03  -2.29258E-05  -1.54634E-02  -9.92351E-05  -1.66252E-02  -6.45068E-05  -4.95895E-04   3.75577E-05   1.61482E-02   9.29735E-05   1.59943E-02   4.41674E-05  -7.97625E-04  -5.02101E-05  -1.67610E-02  -8.44972E-05  -1.52928E-02  -2.37353E-05   2.07328E-03   6.06598E-05   1.72537E-02   7.35897E-05   1.44023E-02   2.36858E-06  -3.67660E-03  -7.22326E-05  -1.86483E-02  -7.12065E-05  -1.63136E-02  -1.41861E-05  -3.10926E-03
 6.85400E+02   1.36501E-05  -1.56485E-02  -1.21358E-04  -1.98316E-02  -1.18384E-04  -4.86991E-03   1.15153E-05   1.46376E-02   1.22731E-04   1.86311E-02   9.67677E-05   3.05395E-03  -3.19052E-05  -1.57426E-02  -1.19724E-04  -1.80647E-02  -7.36592E-05  -1.47617E-03   5.02240E-05   1.66569E-02   1.13660E-04   1.73502E-02   4.99044E-05  -1.22063E-04  -6.60454E-05  -1.74678E-02  -1.04611E-04  -1.65288E-02  -2.58839E-05   1.70503E-03   7.90250E-05   1.81236E-02   9.22848E-05   1.54791E-02   5.07865E-07  -3.62955E-03  -9.35351E-05  -1.96937E-02  -9.10387E-05  -1.73508E-02  -1.80607E-05  -3.31636E-03
 6.90300E+02   1.39175E-05  -1.53423E-02  -1.45252E-04  -2.15741E-02  -1.39259E-04  -6.65556E-03   1.74133E-05   1.47375E-02   1.49054E-04   2.04181E-02   1.14063E-04   4.52155E-03  -4.32174E-05  -1.61606E-02  -1.47267E-04  -1.98213E-02  -8.67204E-05  -2.59848E-03   6.64413E-05   1.73615E-02   1.41349E-04   1.90270E-02   5.82796E-05   6.42935E-04  -8.65106E-05  -1.84198E-02  -1.31412E-04  -1.80770E-02  -2.93080E-05   1.30297E-03   1.02909E-04   1.92782E-02   1.17064E-04   1.68464E-02  -1.58806E-06  -3.61108E-03  -1.21350E-04  -2.10696E-02  -1.17092E-04  -1.86958E-02  -2.31622E-05  -3.58363E-03
 6.95300E+02   1.48033E-05  -1.50263E-02  -1.79460E-04  -2.37391E-02  -1.69746E-04  -8.81585E-03   2.51329E-05   1.49348E-02   1.86585E-04   2.26687E-02   1.39460E-04   6.30039E-03  -5.85308E-05  -1.67703E-02  -1.86417E-04  -2.20615E-02  -1.06048E-04  -3.95693E-03   8.86858E-05   1.83434E-02   1.80601E-04   2.11885E-02   7.08528E-05   1.56083E-03  -1.14794E-04  -1.97236E-02  -1.69294E-04  -2.00934E-02  -3.47132E-05   8.36091E-04   1.36080E-04   2.08447E-02   1.51964E-04   1.86451E-02  -4.16570E-06  -3.62578E-03  -1.60102E-04  -2.29262E-02  -1.53555E-04  -2.04925E-02  -3.03135E-05  -3.93943E-03
 7.00300E+02   1.66109E-05  -1.46962E-02  -2.29506E-04  -2.64651E-02  -2.14961E-04  -1.14770E-02   3.56951E-05   1.52581E-02   2.41351E-04   2.55356E-02   1.77274E-04   8.49773E-03  -8.00562E-05  -1.76304E-02  -2.43442E-04  -2.49455E-02  -1.34977E-04  -5.63479E-03   1.20278E-04   1.96899E-02   2.37686E-04   2.39962E-02   8.98489E-05   2.68719E-03  -1.55198E-04  -2.14917E-02  -2.24287E-04  -2.27335E-02  -4.31334E-05   2.78928E-04   1.83649E-04   2.29564E-02   2.02513E-04   2.10187E-02  -7.51972E-06  -3.68209E-03  -2.15806E-04  -2.54201E-02  -2.06137E-04  -2.28894E-02  -4.06384E-05  -4.41298E-03
 7.05400E+02   2.00209E-05  -1.43276E-02  -3.08594E-04  -3.01184E-02  -2.87081E-04  -1.49813E-02   5.16008E-05   1.57705E-02   3.27766E-04   2.94158E-02   2.37755E-04   1.14012E-02  -1.13145E-04  -1.88815E-02  -3.33333E-04  -2.88834E-02  -1.81414E-04  -7.85393E-03   1.69219E-04   2.16133E-02   3.27597E-04   2.78579E-02   1.20532E-04   4.17038E-03  -2.18066E-04  -2.39996E-02  -3.10816E-04  -2.63882E-02  -5.69965E-05  -4.38441E-04   2.57877E-04   2.59405E-02   2.81936E-04   2.43237E-02  -1.23836E-05  -3.79699E-03  -3.02882E-04  -2.89369E-02  -2.88517E-04  -2.62532E-02  -5.68274E-05  -5.07649E-03
 7.10500E+02   2.63509E-05  -1.38968E-02  -4.41122E-04  -3.51937E-02  -4.08681E-04  -1.97847E-02   7.73864E-05   1.65664E-02   4.72452E-04   3.48504E-02   3.39930E-04   1.53958E-02  -1.67586E-04  -2.07251E-02  -4.83772E-04  -3.44392E-02  -2.60058E-04  -1.09122E-02   2.50191E-04   2.44146E-02   4.78020E-04   3.33387E-02   1.72708E-04   6.20915E-03  -3.22410E-04  -2.76369E-02  -4.55507E-04  -3.16014E-02  -8.08531E-05  -1.40797E-03   3.81330E-04   3.02596E-02   4.14636E-04   2.90593E-02  -2.00651E-05  -3.99787E-03  -4.47884E-04  -3.40205E-02  -4.25905E-04  -3.11001E-02  -8.38410E-05  -6.03151E-03
 7.15600E+02   3.88888E-05  -1.33438E-02  -6.88488E-04  -4.27888E-02  -6.36534E-04  -2.69034E-02   1.24504E-04   1.78492E-02   7.42403E-04   4.30369E-02   5.31634E-04   2.13381E-02  -2.68052E-04  -2.36000E-02  -7.64421E-04  -4.28574E-02  -4.07855E-04  -1.54714E-02   4.00177E-04   2.87526E-02   7.58615E-04   4.16824E-02   2.71017E-04   9.24507E-03  -5.16103E-04  -3.32565E-02  -7.25360E-04  -3.95689E-02  -1.26129E-04  -2.83492E-03   6.10814E-04   3.69257E-02   6.62022E-04   3.63209E-02  -3.38716E-05  -4.34283E-03  -7.17655E-04  -4.18622E-02  -6.81749E-04  -3.85613E-02  -1.34163E-04  -7.50066E-03
 7.20800E+02   6.83870E-05  -1.25072E-02  -1.25130E-03  -5.58507E-02  -1.15615E-03  -3.90655E-02   2.30354E-04   2.01643E-02   1.35650E-03   5.71882E-02   9.69179E-04   3.15254E-02  -4.95131E-04  -2.86853E-02  -1.40287E-03  -5.74763E-02  -7.45536E-04  -2.33053E-02   7.39974E-04   3.63953E-02   1.39697E-03   5.62254E-02   4.95978E-04   1.44613E-02  -9.55519E-04  -4.31475E-02  -1.33926E-03  -5.34980E-02  -2.30167E-04  -5.26872E-03   1.13189E-03   4.86552E-02   1.22470E-03   4.90469E-02  -6.45950E-05  -4.98842E-03  -1.33054E-03  -5.56581E-02  -1.26331E-03  -5.16714E-02  -2.48575E-04  -1.00810E-02
 7.26000E+02   1.60624E-04  -1.09236E-02  -2.98172E-03  -8.30463E-02  -2.75568E-03  -6.42854E-02   5.53675E-04   2.51282E-02   3.24457E-03   8.67623E-02   2.31673E-03   5.27124E-02  -1.19100E-03  -3.94632E-02  -3.36592E-03  -8.81315E-02  -1.78611E-03  -3.96318E-02   1.78258E-03   5.25631E-02   3.35990E-03   8.68042E-02   1.18979E-03   2.53385E-02  -2.30480E-03  -6.40682E-02  -3.22702E-03  -8.28494E-02  -5.51721E-04  -1.03239E-02   2.73271E-03   7.34682E-02   2.95485E-03   7.59084E-02  -1.58003E-04  -6.40080E-03  -3.21397E-03  -8.48458E-02  -3.05102E-03  -7.93893E-02  -6.00310E-04  -1.55354E-02
 7.31200E+02   7.81105E-04  -5.85519E-03  -1.45468E-02  -1.75340E-01  -1.34511E-02  -1.49699E-01   2.70901E-03   4.22339E-02   1.58633E-02   1.87366E-01   1.13290E-02   1.24619E-01  -5.83588E-03  -7.63973E-02  -1.64864E-02  -1.92641E-01  -8.74712E-03  -9.51318E-02   8.74555E-03   1.07935E-01   1.64802E-02   1.91237E-01   5.83264E-03   6.23413E-02  -1.13187E-02  -1.35736E-01  -1.58453E-02  -1.83229E-01  -2.70531E-03  -2.74947E-02   1.34292E-02   1.58498E-01   1.45195E-02   1.67868E-01  -7.79616E-04  -1.13168E-02  -1.58004E-02  -1.84888E-01  -1.49991E-02  -1.74366E-01  -2.95122E-03  -3.42234E-02
 7.36500E+02   1.18250E-02  -4.81153E-02  -2.20177E-01   6.13363E-01  -2.03633E-01   5.79712E-01   4.10157E-02  -1.04763E-01   2.40228E-01  -6.73294E-01   1.71588E-01  -4.90105E-01  -8.84069E-02   2.40416E-01  -2.49775E-01   7.02352E-01  -1.32535E-01   3.79744E-01   1.32535E-01  -3.67042E-01   2.49769E-01  -7.03837E-01   8.84016E-02  -2.54433E-01  -1.71579E-01   4.79205E-01  -2.40210E-01   6.77663E-01  -4.10102E-02   1.19462E-01   2.03612E-01  -5.71284E-01   2.20149E-01  -6.21179E-01  -1.18246E-02   3.10802E-02  -2.39591E-01   6.73878E-01  -2.27443E-01   6.40856E-01  -4.47521E-02   1.26181E-01
 7.41800E+02   3.54125E-04  -2.08098E-02  -6.62281E-03   1.06670E-01  -6.12057E-03   1.11056E-01   1.23477E-03  -1.04338E-02   7.21713E-03  -1.20537E-01   5.15109E-03  -9.52633E-02  -2.65593E-03   3.70533E-02  -7.49592E-03   1.27708E-01  -3.97445E-03   7.48101E-02   3.97680E-03  -6.21785E-02   7.48928E-03  -1.29276E-01   2.64855E-03  -5.10600E-02  -5.14387E-03   8.45546E-02  -7.19803E-03   1.25143E-01  -1.22752E-03   2.51187E-02   6.10057E-03  -1.02980E-01   6.59421E-03  -1.14833E-01  -3.54872E-04   3.89367E-03  -7.17607E-03   1.22839E-01  -6.81153E-03   1.17756E-01  -1.34018E-03   2.32552E-02
 7.47200E+02   1.02255E-04  -1.79138E-02  -1.94649E-03   5.42580E-02  -1.79463E-03   6.25664E-02   3.64599E-04  -7.16418E-04   2.11461E-03  -6.34517E-02   1.50534E-03  -5.44876E-02  -7.79102E-04   1.60921E-02  -2.19015E-03   6.84571E-02  -1.15799E-03   4.33713E-02   1.16233E-03  -3.07826E-02   2.18323E-03  -7.01111E-02   7.69579E-04  -3.01196E-02  -1.49959E-03   4.39500E-02  -2.09475E-03   6.83065E-02  -3.55490E-04   1.54135E-02   1.77538E-03  -5.48318E-02   1.91698E-03  -6.27816E-02  -1.04129E-04   1.10096E-03  -2.08619E-03   6.62102E-02  -1.97947E-03   6.40021E-02  -3.89398E-04   1.26790E-02
 7.52600E+02   4.65514E-05  -1.67928E-02  -9.22613E-04   3.46835E-02  -8.46719E-04   4.44611E-02   1.74831E-04   2.89821E-03   9.97256E-04  -4.21969E-02   7.06105E-04  -3.93210E-02  -3.68893E-04   8.30217E-03  -1.02803E-03   4.64643E-02  -5.40218E-04   3.17185E-02   5.46585E-04  -1.91434E-02   1.02076E-03  -4.82082E-02   3.57155E-04  -2.23815E-02  -7.01788E-04   2.89312E-02  -9.76500E-04   4.73082E-02  -1.63809E-04   1.18378E-02   8.28092E-04  -3.70537E-02   8.92005E-04  -4.35770E-02  -4.95623E-05   6.55555E-05  -9.71129E-04   4.53229E-02  -9.20684E-04   4.41811E-02  -1.81050E-04   8.77973E-03
 7.58000E+02   2.53434E-05  -1.61813E-02  -5.41272E-04   2.43853E-02  -4.93046E-04   3.49491E-02   1.04779E-04   4.79912E-03   5.80945E-04  -3.10652E-02   4.07572E-04  -3.14013E-02  -2.16698E-04   4.22293E-03  -5.94776E-04   3.50008E-02  -3.09166E-04   2.56688E-02   3.17609E-04  -1.30778E-02   5.87116E-04  -3.68385E-02   2.02654E-04  -1.83855E-02  -4.04664E-04   2.11369E-02  -5.59154E-04   3.64430E-02  -9.17660E-05   1.00030E-02   4.74929E-04  -2.78560E-02   5.09383E-04  -3.36605E-02  -2.95126E-05  -4.77948E-04  -5.55148E-04   3.45375E-02  -5.25527E-04   3.39534E-02  -1.03278E-04   6.76835E-03
 7.63500E+02   1.46684E-05  -1.57844E-02  -3.56737E-04   1.78887E-02  -3.21331E-04   2.89677E-02   7.14401E-05   6.00634E-03   3.79324E-04  -2.40855E-02   2.62311E-04  -2.64648E-02  -1.43563E-04   1.65679E-03  -3.84691E-04   2.78607E-02  -1.96454E-04   2.19305E-02   2.07094E-04  -9.29288E-03   3.76571E-04  -2.97988E-02   1.27047E-04  -1.59373E-02  -2.60833E-04   1.63059E-02  -3.56319E-04   2.97470E-02  -5.62925E-05   8.89183E-03   3.03619E-04  -2.21837E-02   3.23328E-04  -2.75672E-02  -2.00534E-05  -8.23591E-04  -3.53113E-04   2.79068E-02  -3.33448E-04   2.76737E-02  -6.54616E-05   5.53408E-03
 7.69000E+02   8.44836E-06  -1.55097E-02  -2.55759E-04   1.34466E-02  -2.26841E-04   2.49013E-02   5.37134E-05   6.84604E-03   2.68829E-04  -1.93500E-02   1.82068E-04  -2.31489E-02  -1.04009E-04  -9.89810E-05  -2.69292E-04   2.30594E-02  -1.33910E-04   1.94507E-02   1.46859E-04  -6.73490E-03   2.60647E-04  -2.51034E-02   8.48629E-05  -1.43342E-02  -1.82031E-04   1.30735E-02  -2.44428E-04   2.53098E-02  -3.62945E-05   8.17830E-03   2.09420E-04  -1.84170E-02   2.20591E-04  -2.35460E-02  -1.51011E-05  -1.06553E-03  -2.41771E-04   2.35245E-02  -2.27444E-04   2.35326E-02  -4.45800E-05   4.72092E-03
 7.74600E+02   4.27663E-06  -1.53074E-02  -1.94002E-04   1.01337E-02  -1.68533E-04   2.18960E-02   4.33745E-05   7.49169E-03   2.01071E-04  -1.58520E-02   1.32234E-04  -2.07370E-02  -8.02658E-05  -1.41603E-03  -1.98247E-04   1.95531E-02  -9.47816E-05   1.76781E-02   1.10232E-04  -4.84913E-03   1.88989E-04  -2.17117E-02   5.82391E-05  -1.32102E-02  -1.33695E-04   1.07243E-02  -1.75039E-04   2.21331E-02  -2.34692E-05   7.69363E-03   1.51292E-04  -1.57090E-02   1.56766E-04  -2.06832E-02  -1.22908E-05  -1.25390E-03  -1.72810E-04   2.03959E-02  -1.61639E-04   2.05862E-02  -3.16056E-05   4.14321E-03
 7.80200E+02   1.24454E-06  -1.51589E-02  -1.54497E-04   7.57965E-03  -1.30716E-04   1.96094E-02   3.72597E-05   8.01282E-03   1.57535E-04  -1.31861E-02   9.95881E-05  -1.89397E-02  -6.55178E-05  -2.44409E-03  -1.52304E-04   1.69192E-02  -6.88531E-05   1.63886E-02   8.69943E-05  -3.41081E-03   1.42343E-04  -1.92001E-02   4.03597E-05  -1.24155E-02  -1.02599E-04   8.96680E-03  -1.29631E-04   1.98089E-02  -1.46535E-05   7.36835E-03   1.13533E-04  -1.37137E-02   1.14875E-04  -1.86047E-02  -1.07114E-05  -1.40887E-03  -1.27753E-04   1.81136E-02  -1.18495E-04   1.84481E-02  -2.30872E-05   3.72491E-03
 7.85800E+02  -1.15710E-06  -1.50508E-02  -1.28013E-04   5.52452E-03  -1.04831E-04   1.78022E-02   3.36685E-05   8.45879E-03   1.28141E-04  -1.10695E-02   7.69029E-05  -1.75562E-02  -5.60756E-05  -3.28821E-03  -1.20967E-04   1.48648E-02  -5.05291E-05   1.54280E-02   7.15979E-05  -2.26365E-03   1.10199E-04  -1.72771E-02   2.74806E-05  -1.18482E-02  -8.15381E-05   7.60001E-03  -9.80849E-05   1.80578E-02  -8.10005E-06   7.15574E-03   8.75814E-05  -1.21937E-02   8.56403E-05  -1.70548E-02  -9.87720E-06  -1.54484E-03  -9.65112E-05   1.63991E-02  -8.84258E-05   1.68541E-02  -1.71382E-05   3.41407E-03
 7.91500E+02  -3.23853E-06  -1.49744E-02  -1.09435E-04   3.78301E-03  -8.60982E-05   1.63064E-02   3.16988E-05   8.86691E-03   1.07289E-04  -9.30323E-03   6.01143E-05  -1.64492E-02  -4.99315E-05  -4.02448E-03  -9.83832E-05   1.31872E-02  -3.66357E-05   1.46938E-02   6.09839E-05  -1.29755E-03   8.66687E-05  -1.57438E-02   1.74564E-05  -1.14422E-02  -6.65078E-05   6.48540E-03  -7.47082E-05   1.66918E-02  -2.78901E-06   7.02705E-03   6.86414E-05  -1.09881E-02   6.38275E-05  -1.58633E-02  -9.53748E-06  -1.67300E-03  -7.34116E-05   1.50657E-02  -6.60290E-05   1.56284E-02  -1.26943E-05   3.17620E-03
 7.97200E+02  -5.12601E-06  -1.49273E-02  -9.64740E-05   2.28931E-03  -7.23926E-05   1.50616E-02   3.09296E-05   9.25005E-03   9.24761E-05  -7.81439E-03   4.74238E-05  -1.55667E-02  -4.61716E-05  -4.68042E-03  -8.19408E-05   1.18096E-02  -2.57753E-05   1.41454E-02   5.37744E-05  -4.71157E-04   6.91312E-05  -1.45232E-02   9.34712E-06  -1.11705E-02  -5.57138E-05   5.56933E-03  -5.69715E-05   1.56364E-02   1.72183E-06   6.96989E-03   5.45744E-05  -1.00333E-02   4.71131E-05  -1.49616E-02  -9.57414E-06  -1.79728E-03  -5.59293E-05   1.40387E-02  -4.89038E-05   1.46999E-02  -9.28261E-06   2.99735E-03
 8.02900E+02  -6.93441E-06  -1.49070E-02  -8.74478E-05   9.71366E-04  -6.21224E-05   1.40032E-02   3.10834E-05   9.62362E-03   8.18520E-05  -6.52556E-03   3.74623E-05  -1.48562E-02  -4.41533E-05  -5.28660E-03  -6.96907E-05   1.06535E-02  -1.68626E-05   1.37441E-02   4.89702E-05   2.59127E-04   5.56079E-05  -1.35385E-02   2.40578E-06  -1.10088E-02  -4.78268E-05   4.79765E-03  -4.29476E-05   1.48197E-02   5.79875E-06   6.97415E-03   4.37700E-05  -9.26714E-03   3.37173E-05  -1.42847E-02  -9.91532E-06  -1.92254E-03  -4.21444E-05   1.32464E-02  -3.52136E-05   1.40017E-02  -6.54075E-06   2.86438E-03
 8.08700E+02  -8.78152E-06  -1.49127E-02  -8.12504E-05  -2.42304E-04  -5.41777E-05   1.30712E-02   3.20371E-05   1.00064E-02   7.41729E-05  -5.36306E-03   2.92310E-05  -1.42733E-02  -4.35064E-05  -5.87581E-03  -6.02799E-05   9.64815E-03  -9.06466E-06   1.34608E-02   4.59332E-05   9.35912E-04   4.46811E-05  -1.27250E-02  -3.97453E-06  -1.09417E-02  -4.19391E-05   4.12168E-03  -3.12192E-05   1.41840E-02   9.76688E-06   7.03585E-03   3.50782E-05  -8.63752E-03   2.23110E-05  -1.37826E-02  -1.05423E-05  -2.05514E-03  -3.06485E-05   1.26318E-02  -2.35910E-05   1.34818E-02  -4.19718E-06   2.76726E-03
 8.14600E+02  -1.07458E-05  -1.49460E-02  -7.73665E-05  -1.38668E-03  -4.80053E-05   1.22385E-02   3.37684E-05   1.04096E-02   6.88420E-05  -4.29112E-03   2.22038E-05  -1.37987E-02  -4.40901E-05  -6.46624E-03  -5.30318E-05   8.76006E-03  -1.91642E-06   1.32845E-02   4.43766E-05   1.58149E-03   3.56110E-05  -1.20534E-02  -1.01533E-05  -1.09650E-02  -3.76031E-05   3.51751E-03  -2.10220E-05   1.37046E-02   1.38345E-05   7.15567E-03   2.78981E-05  -8.12054E-03   1.21637E-05  -1.34344E-02  -1.14653E-05  -2.19929E-03  -2.06815E-05   1.21702E-02  -1.32854E-05   1.31185E-02  -2.10189E-06   2.70186E-03
 8.20500E+02  -1.28733E-05  -1.50081E-02  -7.55223E-05  -2.47376E-03  -4.33034E-05   1.14955E-02   3.62730E-05   1.08374E-02   6.55381E-05  -3.29624E-03   1.60861E-05  -1.34250E-02  -4.58379E-05  -7.06498E-03  -4.75739E-05   7.97556E-03   4.85140E-06   1.32103E-02   4.41510E-05   2.20515E-03   2.79802E-05  -1.15109E-02  -1.63456E-05  -1.10765E-02  -3.45728E-05   2.97465E-03  -1.19155E-05   1.33702E-02   1.81313E-05   7.33367E-03   2.18883E-05  -7.70533E-03   2.84891E-06  -1.32306E-02  -1.26963E-05  -2.35682E-03  -1.18029E-05   1.18501E-02  -3.85810E-06   1.29016E-02  -1.66870E-07   2.66625E-03
 8.26400E+02  -1.52486E-05  -1.51014E-02  -7.55161E-05  -3.53225E-03  -3.97744E-05   1.08216E-02   3.96205E-05   1.13008E-02   6.39919E-05  -2.34997E-03   1.05403E-05  -1.31396E-02  -4.87653E-05  -7.68847E-03  -4.35443E-05   7.26966E-03   1.15852E-05   1.32332E-02   4.51701E-05   2.82561E-03   2.13352E-05  -1.10776E-02  -2.28549E-05  -1.12767E-02  -3.26249E-05   2.47488E-03  -3.38607E-06   1.31659E-02   2.28589E-05   7.57330E-03   1.66819E-05  -7.37574E-03  -6.14845E-06  -1.31598E-02  -1.42801E-05  -2.53212E-03  -3.50310E-06   1.16567E-02   5.21714E-06   1.28194E-02   1.71486E-06   2.65827E-03
 8.32400E+02  -1.80228E-05  -1.52318E-02  -7.73542E-05  -4.60638E-03  -3.71958E-05   1.01900E-02   4.40302E-05   1.18209E-02   6.41085E-05  -1.41175E-03   5.20401E-06  -1.29316E-02  -5.30702E-05  -8.36533E-03  -4.06792E-05   6.61159E-03   1.87368E-05   1.33558E-02   4.75067E-05   3.47160E-03   1.52283E-05  -1.07348E-02  -3.01262E-05  -1.15762E-02  -3.16296E-05   1.99506E-03   5.15138E-06   1.30836E-02   2.83454E-05   7.88679E-03   1.19210E-05  -7.11690E-03  -1.54522E-05  -1.32201E-02  -1.63280E-05  -2.73389E-03   4.79444E-06   1.15819E-02   1.45724E-05   1.28691E-02   3.67452E-06   2.67783E-03
 8.38400E+02  -2.12959E-05  -1.54035E-02  -8.11704E-05  -5.70535E-03  -3.55287E-05   9.59765E-03   4.96841E-05   1.24053E-02   6.59608E-05  -4.72997E-04  -8.58786E-08  -1.28024E-02  -5.89495E-05  -9.10502E-03  -3.89311E-05   5.99587E-03   2.65631E-05   1.35833E-02   5.12933E-05   4.15192E-03   9.47101E-06  -1.04814E-02  -3.84425E-05  -1.19826E-02  -3.15896E-05   1.52953E-03   1.39986E-05   1.31264E-02   3.48156E-05   8.28095E-03   7.45275E-06  -6.92753E-03  -2.54086E-05  -1.34168E-02  -1.89321E-05  -2.96590E-03   1.33901E-05   1.16285E-02   2.45580E-05   1.30560E-02   5.78629E-06   2.72612E-03
 8.44400E+02  -2.52554E-05  -1.56239E-02  -8.72648E-05  -6.85863E-03  -3.47422E-05   9.03120E-03   5.69341E-05   1.30725E-02   6.97379E-05   4.92081E-04  -5.59665E-06  -1.27513E-02  -6.67908E-05  -9.93111E-03  -3.82685E-05   5.40604E-03   3.55102E-05   1.39262E-02   5.68059E-05   4.88821E-03   3.77497E-06  -1.03127E-02  -4.83032E-05  -1.25116E-02  -3.25519E-05   1.06417E-03   2.36511E-05   1.32993E-02   4.26719E-05   8.77073E-03   3.04768E-06  -6.80363E-03  -3.65969E-05  -1.37602E-02  -2.22635E-05  -3.23654E-03   2.27725E-05   1.18015E-02   3.57566E-05   1.33899E-02   8.17445E-06   2.80553E-03
 8.50500E+02  -3.02611E-05  -1.59086E-02  -9.63509E-05  -8.12236E-03  -3.48951E-05   8.46821E-03   6.64894E-05   1.38609E-02   7.59490E-05   1.53020E-03  -1.17466E-05  -1.27834E-02  -7.73989E-05  -1.08903E-02  -3.87782E-05   4.81621E-03   4.63640E-05   1.44109E-02   6.46575E-05   5.72116E-03  -2.26990E-06  -1.02274E-02  -6.06222E-05  -1.31997E-02  -3.47086E-05   5.75717E-04   3.49231E-05   1.36218E-02   5.26664E-05   9.38869E-03  -1.61629E-06  -6.74417E-03  -5.00033E-05  -1.42795E-02  -2.66592E-05  -3.56276E-03   3.37419E-05   1.21200E-02   4.91565E-05   1.38998E-02   1.10519E-05   2.92262E-03
 8.56700E+02  -3.67932E-05  -1.62766E-02  -1.09534E-04  -9.54788E-03  -3.61932E-05   7.89402E-03   7.93401E-05   1.48113E-02   8.54338E-05   2.68251E-03  -1.90028E-05  -1.29118E-02  -9.19253E-05  -1.20314E-02  -4.07273E-05   4.20794E-03   6.01216E-05   1.50731E-02   7.57654E-05   6.69146E-03  -9.07971E-06  -1.02344E-02  -7.66016E-05  -1.40921E-02  -3.84229E-05   4.44475E-05   4.87950E-05   1.41254E-02   6.58099E-05   1.01737E-02  -6.86547E-06  -6.75587E-03  -6.68591E-05  -1.50170E-02  -3.25898E-05  -3.96361E-03   4.72634E-05   1.26149E-02   6.59893E-05   1.46277E-02   1.46866E-05   3.08667E-03
 8.62900E+02  -4.54711E-05  -1.67475E-02  -1.28316E-04  -1.11801E-02  -3.89640E-05   7.29937E-03   9.67853E-05   1.59636E-02   9.93545E-05   3.98449E-03  -2.79238E-05  -1.31536E-02  -1.11896E-04  -1.34014E-02  -4.45351E-05   3.56772E-03   7.80472E-05   1.59513E-02   9.13648E-05   7.83762E-03  -1.71294E-05  -1.03473E-02  -9.77893E-05  -1.52361E-02  -4.42169E-05  -5.46640E-04   6.64848E-05   1.48464E-02   8.34147E-05   1.11662E-02  -1.30726E-05  -6.84907E-03  -8.87191E-05  -1.60194E-02  -4.06754E-05  -4.45835E-03   6.45386E-05   1.33218E-02   8.78094E-05   1.56201E-02   1.94178E-05   3.30788E-03
 8.69100E+02  -5.74412E-05  -1.73572E-02  -1.55453E-04  -1.31122E-02  -4.37985E-05   6.65991E-03   1.21221E-04   1.73944E-02   1.19842E-04   5.51000E-03  -3.95486E-05  -1.35370E-02  -1.40119E-04  -1.50913E-02  -5.09626E-05   2.86484E-03   1.02473E-04   1.71155E-02   1.13724E-04   9.23466E-03  -2.73002E-05  -1.05871E-02  -1.27034E-04  -1.67191E-02  -5.30462E-05  -1.23210E-03   9.02362E-05   1.58493E-02   1.07893E-04   1.24409E-02  -2.09259E-05  -7.04019E-03  -1.18442E-04  -1.73711E-02  -5.20544E-05  -5.08311E-03   8.77769E-05   1.43043E-02   1.17473E-04   1.69612E-02   2.58691E-05   3.60475E-03
 8.75400E+02  -7.50595E-05  -1.81773E-02  -1.96658E-04  -1.55305E-02  -5.19507E-05   5.92790E-03   1.57580E-04   1.92576E-02   1.51322E-04   7.40518E-03  -5.59800E-05  -1.41197E-02  -1.82383E-04  -1.72823E-02  -6.16237E-05   2.04037E-03   1.38166E-04   1.87070E-02   1.47530E-04   1.10310E-02  -4.13517E-05  -1.09990E-02  -1.70169E-04  -1.87165E-02  -6.69077E-05  -2.07888E-03   1.24607E-04   1.72652E-02   1.44189E-04   1.41475E-02  -3.17965E-05  -7.36433E-03  -1.61851E-04  -1.92424E-02  -6.90662E-05  -5.90963E-03   1.21464E-04   1.56913E-02   1.60798E-04   1.88210E-02   3.53111E-05   4.01454E-03
 8.81700E+02  -1.02208E-04  -1.92988E-02  -2.61478E-04  -1.86552E-02  -6.55945E-05   5.05440E-03   2.14035E-04   2.17430E-02   2.01228E-04   9.84184E-03  -8.06111E-05  -1.49816E-02  -2.48303E-04  -2.01982E-02  -7.93051E-05   1.03000E-03   1.92952E-04   2.09086E-02   2.00601E-04   1.34088E-02  -6.20860E-05  -1.16487E-02  -2.36816E-04  -2.14530E-02  -8.91859E-05  -3.16590E-03   1.77049E-04   1.92681E-02   2.00480E-04   1.64771E-02  -4.78708E-05  -7.87253E-03  -2.28510E-04  -2.18567E-02  -9.55957E-05  -7.02868E-03   1.72940E-04   1.76541E-02   2.27337E-04   2.14225E-02   4.98329E-05   4.58606E-03
 8.88100E+02  -1.48422E-04  -2.09339E-02  -3.73296E-04  -2.30167E-02  -9.00253E-05   3.91452E-03   3.10631E-04   2.53002E-02   2.87756E-04   1.32335E-02  -1.21796E-04  -1.63045E-02  -3.61452E-04  -2.43678E-02  -1.10803E-04  -3.24341E-04   2.86043E-04   2.41456E-02   2.92091E-04   1.67984E-02  -9.64061E-05  -1.26842E-02  -3.50577E-04  -2.54526E-02  -1.28155E-04  -4.68143E-03   2.65848E-04   2.22601E-02   2.96813E-04   1.98750E-02  -7.45291E-05  -8.68011E-03  -3.41876E-04  -2.57314E-02  -1.41160E-04  -8.65233E-03   2.60213E-04   2.05884E-02   3.40519E-04   2.52822E-02   7.45571E-05   5.43234E-03
 8.94500E+02  -2.35624E-04  -2.34580E-02  -5.86030E-04  -2.95337E-02  -1.37538E-04   2.29993E-03   4.93510E-04   3.07169E-02   4.52901E-04   1.82963E-02  -1.98669E-04  -1.84163E-02  -5.76122E-04  -3.07184E-02  -1.71884E-04  -2.29128E-03   4.61598E-04   2.91732E-02   4.66156E-04   2.19543E-02  -1.60085E-04  -1.43755E-02  -5.65748E-04  -3.16435E-02  -2.02948E-04  -6.95231E-03   4.33006E-04   2.69595E-02   4.79334E-04   2.51304E-02  -1.24070E-04  -9.99758E-03  -5.55875E-04  -3.17888E-02  -2.27686E-04  -1.11555E-02   4.24653E-04   2.52018E-02   5.54209E-04   3.13214E-02   1.21264E-04   6.75483E-03
 9.00900E+02  -4.32553E-04  -2.78210E-02  -1.06870E-03  -4.05453E-02  -2.46656E-04  -3.23936E-04   9.07332E-04   3.99935E-02   8.28300E-04   2.68522E-02  -3.71236E-04  -2.21447E-02  -1.06252E-03  -4.16036E-02  -3.11962E-04  -5.55606E-03   8.58063E-04   3.79038E-02   8.61215E-04   3.07909E-02  -3.02582E-04  -1.74041E-02  -1.05255E-03  -4.23778E-02  -3.73535E-04  -1.08088E-02   8.10203E-04   3.51842E-02   8.92705E-04   3.42422E-02  -2.35055E-04  -1.23562E-02  -1.03956E-03  -4.23634E-02  -4.23906E-04  -1.54882E-02   7.95955E-04   3.32847E-02   1.03727E-03   4.18718E-02   2.26880E-04   9.06351E-03
 9.07400E+02  -1.06654E-03  -3.73263E-02  -2.62624E-03  -6.41802E-02  -6.00891E-04  -5.81304E-03   2.24097E-03   6.00834E-02   2.04087E-03   4.52322E-02  -9.25183E-04  -3.03705E-02  -2.63119E-03  -6.52045E-02  -7.66414E-04  -1.24973E-02   2.13467E-03   5.69880E-02   2.13646E-03   4.99614E-02  -7.59350E-04  -2.41429E-02  -2.62154E-03  -6.58327E-02  -9.25542E-04  -1.91348E-02   2.02442E-03   5.32572E-02   2.22579E-03   5.41598E-02  -5.91051E-04  -1.76056E-02  -2.59790E-03  -6.55738E-02  -1.05713E-03  -2.49525E-02   1.99165E-03   5.10644E-02   2.59373E-03   6.50423E-02   5.67242E-04   1.41318E-02
 9.14000E+02  -6.10080E-03  -7.35220E-02  -1.50052E-02  -1.53431E-01  -3.42260E-03  -2.62507E-02   1.28354E-02   1.36337E-01   1.16819E-02   1.14710E-01  -5.31930E-03  -6.18987E-02  -1.50964E-02  -1.54881E-01  -4.38569E-03  -3.86133E-02   1.22733E-02   1.29822E-01   1.22737E-02   1.22863E-01  -4.38087E-03  -5.00891E-02  -1.50870E-02  -1.55367E-01  -5.31774E-03  -5.07353E-02   1.16669E-02   1.22451E-01   1.28196E-02   1.30232E-01  -3.41443E-03  -3.78283E-02  -1.49774E-02  -1.54410E-01  -6.09056E-03  -6.10958E-02   1.14888E-02   1.19192E-01   1.49589E-02   1.53762E-01   3.27138E-03   3.35347E-02
 9.20600E+02  -3.53646E-02   1.35375E-01  -8.69706E-02   3.60088E-01  -1.98310E-02   9.07665E-02   7.44232E-02  -3.03242E-01   6.77329E-02  -2.85298E-01  -3.08590E-02   1.20461E-01  -8.75622E-02   3.62397E-01  -2.54316E-02   1.11572E-01   7.12095E-02  -2.90960E-01   7.12086E-02  -2.97873E-01  -2.54289E-02   1.00232E-01  -8.75530E-02   3.62048E-01  -3.08555E-02   1.31581E-01   6.77193E-02  -2.77817E-01   7.44065E-02  -3.09536E-01  -1.98244E-02   7.93775E-02  -8.69432E-02   3.59511E-01  -3.53534E-02   1.47865E-01   6.66972E-02  -2.75080E-01   8.68415E-02  -3.59582E-01   1.89915E-02  -7.87293E-02
 9.27200E+02  -1.87711E-03   2.34135E-02  -4.61507E-03   8.45594E-02  -1.05175E-03   2.78818E-02   3.94491E-03  -6.75532E-02   3.58817E-03  -7.07488E-02  -1.63434E-03   2.27921E-02  -4.63430E-03   8.51378E-02  -1.34488E-03   3.10076E-02   3.76599E-03  -6.55432E-02   3.76381E-03  -7.24286E-02  -1.34436E-03   1.97709E-02  -4.62513E-03   8.49225E-02  -1.62895E-03   3.38955E-02   3.57582E-03  -6.35063E-02   3.92738E-03  -7.40451E-02  -1.04672E-03   1.66563E-02  -4.58789E-03   8.43747E-02  -1.86503E-03   3.59798E-02   3.51885E-03  -6.40272E-02   4.58109E-03  -8.47803E-02   1.00179E-03  -1.86322E-02
 9.33900E+02  -5.93501E-04   8.17410E-03  -1.45681E-03   4.69169E-02  -3.30743E-04   1.92513E-02   1.24271E-03  -3.54356E-02   1.12767E-03  -4.14910E-02  -5.14648E-04   9.52681E-03  -1.45410E-03   4.74180E-02  -4.20108E-04   2.00310E-02   1.18026E-03  -3.49311E-02   1.17674E-03  -4.18080E-02  -4.21735E-04   8.86701E-03  -1.44494E-03   4.73355E-02  -5.07267E-04   2.06422E-02   1.11648E-03  -3.44693E-02   1.22413E-03  -4.21397E-02  -3.27227E-04   8.16763E-03  -1.42961E-03   4.71234E-02  -5.80357E-04   2.08312E-02   1.09617E-03  -3.54642E-02   1.42632E-03  -4.75910E-02   3.11844E-04  -1.04995E-02
 9.40700E+02  -2.87879E-04   2.15607E-03  -7.03622E-04   3.19746E-02  -1.58105E-04   1.58096E-02   5.98736E-04  -2.27358E-02   5.40352E-04  -2.99231E-02  -2.48460E-04   4.30147E-03  -6.95622E-04   3.25564E-02  -1.98666E-04   1.57097E-02   5.64087E-04  -2.28994E-02   5.59163E-04  -2.97876E-02  -2.02494E-04   4.58706E-03  -6.86393E-04   3.26073E-02  -2.38993E-04   1.54581E-02   5.30250E-04  -2.31059E-02   5.78943E-04  -2.96687E-02  -1.56107E-04   4.84586E-03  -6.76213E-04   3.25740E-02  -2.73554E-04   1.49201E-02   5.18381E-04  -2.43143E-02   6.73628E-04  -3.30795E-02   1.47210E-04  -7.32669E-03
 9.47500E+02  -1.72010E-04  -1.04573E-03  -4.17043E-04   2.39831E-02  -9.18356E-05   1.39663E-02   3.54072E-04  -1.59748E-02   3.16412E-04  -2.37781E-02  -1.47867E-04   1.52590E-03  -4.06921E-04   2.46926E-02  -1.13626E-04   1.34378E-02   3.29967E-04  -1.65485E-02   3.23587E-04  -2.34683E-02  -1.19710E-04   2.32387E-03  -3.97543E-04   2.48767E-02  -1.36214E-04   1.27539E-02   3.07327E-04  -1.71475E-02   3.32888E-04  -2.31518E-02  -9.13579E-05   3.09908E-03  -3.89206E-04   2.49744E-02  -1.56381E-04   1.18415E-02   2.98376E-04  -1.84933E-02   3.86769E-04  -2.55120E-02   8.44495E-05  -5.67280E-03
 9.54300E+02  -1.16351E-04  -3.04964E-03  -2.78468E-04   1.89628E-02  -5.92759E-05   1.28143E-02   2.36068E-04  -1.17471E-02   2.07685E-04  -1.99571E-02  -9.98239E-05  -2.12053E-04  -2.67175E-04   1.98205E-02  -7.17911E-05   1.20519E-02   2.16994E-04  -1.26204E-02   2.09078E-04  -1.95926E-02  -8.02211E-05   9.13878E-04  -2.57561E-04   2.01385E-02  -8.58463E-05   1.11184E-02   1.99559E-04  -1.34963E-02   2.13293E-04  -1.91859E-02  -6.03426E-05   2.02033E-03  -2.49978E-04   2.03482E-02  -9.92722E-05   9.97858E-03   1.91738E-04  -1.49507E-02   2.47494E-04  -2.09169E-02   5.39620E-05  -4.66932E-03
 9.61200E+02  -8.53499E-05  -4.45493E-03  -2.00415E-04   1.54399E-02  -4.04488E-05   1.20180E-02   1.69875E-04  -8.79227E-03   1.46010E-04  -1.73144E-02  -7.33196E-05  -1.43533E-03  -1.88283E-04   1.64598E-02  -4.75320E-05   1.11235E-02   1.53540E-04  -9.91150E-03   1.43955E-04  -1.69592E-02  -5.84758E-05  -7.34001E-05  -1.78338E-04   1.69158E-02  -5.68017E-05   1.00325E-02   1.38807E-04  -1.10099E-02   1.45252E-04  -1.65176E-02  -4.31321E-05   1.27463E-03  -1.71016E-04   1.72306E-02  -6.66243E-05   8.73655E-03   1.31338E-04  -1.25630E-02   1.68381E-04  -1.78318E-02   3.66287E-05  -3.99652E-03
 9.68100E+02  -6.68679E-05  -5.49731E-03  -1.53025E-04   1.28371E-02  -2.85429E-05   1.14465E-02   1.29943E-04  -6.61525E-03   1.08124E-04  -1.54001E-02  -5.77625E-05  -2.34993E-03  -1.40174E-04   1.40279E-02  -3.21077E-05   1.04841E-02   1.15148E-04  -7.94733E-03   1.03754E-04  -1.50941E-02  -4.57460E-05  -8.07932E-04  -1.29795E-04   1.46253E-02  -3.84726E-05   9.29102E-03   1.01811E-04  -9.23685E-03   1.03194E-04  -1.46513E-02  -3.29200E-05   7.29513E-04  -1.22444E-04   1.50422E-02  -4.62849E-05   7.88004E-03   9.42571E-05  -1.08855E-02   1.19586E-04  -1.56781E-02   2.59225E-05  -3.52787E-03
 9.75100E+02  -5.51019E-05  -6.32701E-03  -1.21961E-04   1.07865E-02  -2.02506E-05   1.10175E-02   1.04021E-04  -4.90158E-03   8.28238E-05  -1.39307E-02  -4.81083E-05  -3.08742E-03  -1.08392E-04   1.21583E-02  -2.12661E-05   1.00300E-02   9.00890E-05  -6.42965E-03   7.66746E-05  -1.37029E-02  -3.78785E-05  -1.39779E-03  -9.74530E-05   1.29044E-02  -2.57092E-05   8.76884E-03   7.73895E-05  -7.89608E-03   7.47810E-05  -1.32814E-02  -2.64576E-05   3.01606E-04  -8.98647E-05   1.34253E-02  -3.23766E-05   7.26486E-03   6.94574E-05  -9.64373E-03   8.67179E-05  -1.40997E-02   1.86946E-05  -3.18555E-03
 9.82200E+02  -4.74530E-05  -7.01846E-03  -1.00781E-04   9.10826E-03  -1.40732E-05   1.06918E-02   8.66108E-05  -3.49666E-03   6.50605E-05  -1.27685E-02  -4.21045E-05  -3.71353E-03  -8.64291E-05   1.06720E-02  -1.30731E-05   9.71190E-03   7.30879E-05  -5.21168E-03   5.73858E-05  -1.26425E-02  -3.30200E-05  -1.89714E-03  -7.47819E-05   1.15757E-02  -1.61699E-05   8.40588E-03   6.05075E-05  -6.84969E-03   5.44324E-05  -1.22593E-02  -2.22903E-05  -5.06497E-05  -6.67740E-05   1.22053E-02  -2.22343E-05   6.82129E-03   5.19534E-05  -8.70361E-03   6.32664E-05  -1.29229E-02   1.35202E-05  -2.93168E-03
 9.89300E+02  -4.25810E-05  -7.61149E-03  -8.61610E-05   7.70766E-03  -9.23680E-06   1.04490E-02   7.48741E-05  -2.31820E-03   5.22265E-05  -1.18399E-02  -3.85897E-05  -4.26351E-03  -7.09236E-05   9.47234E-03  -6.52666E-06   9.50304E-03   6.14212E-05  -4.21414E-03   4.31295E-05  -1.18352E-02  -3.02158E-05  -2.33529E-03  -5.84022E-05   1.05428E-02  -8.63887E-06   8.16934E-03   4.85594E-05  -6.02255E-03   3.92553E-05  -1.15039E-02  -1.96680E-05  -3.49879E-04  -4.98006E-05   1.12869E-02  -1.44743E-05   6.51111E-03   3.91617E-05  -7.99172E-03   4.58567E-05  -1.20527E-02   9.66035E-06  -2.74552E-03
 9.96400E+02  -3.96354E-05  -8.14112E-03  -7.59389E-05   6.50208E-03  -5.20740E-06   1.02724E-02   6.69805E-05  -1.29475E-03   4.25948E-05  -1.10830E-02  -3.68430E-05  -4.76879E-03  -5.96709E-05   8.47848E-03  -9.25689E-07   9.38305E-03   5.33220E-05  -3.37006E-03   3.20594E-05  -1.12182E-02  -2.88760E-05  -2.73819E-03  -4.60759E-05   9.72718E-03  -2.27198E-06   8.03441E-03   3.98351E-05  -5.35294E-03   2.73051E-05  -1.09507E-02  -1.81177E-05  -6.15529E-04  -3.66948E-05   1.05939E-02  -8.15375E-06   6.30479E-03   2.93630E-05  -7.44937E-03   3.22253E-05  -1.14140E-02   6.61833E-06  -2.61074E-03
 1.00360E+03  -3.81268E-05  -8.63898E-03  -6.87686E-05   5.42063E-03  -1.59568E-06   1.01503E-02   6.18174E-05  -3.64468E-04   3.50312E-05  -1.04488E-02  -3.64784E-05  -5.25902E-03  -5.12598E-05   7.62490E-03   4.25878E-06   9.34002E-03   4.76936E-05  -2.62389E-03   2.29244E-05  -1.07452E-02  -2.86895E-05  -3.13021E-03  -3.63275E-05   9.06896E-03   3.55828E-06   7.98649E-03   3.32341E-05  -4.79261E-03   1.72454E-05  -1.05544E-02  -1.73705E-05  -8.64810E-04  -2.59382E-05   1.00710E-02  -2.60150E-06   6.18316E-03   2.14050E-05  -7.03364E-03   2.08243E-05  -1.09539E-02   4.05225E-06  -2.51594E-03
 1.01090E+03  -3.78449E-05  -9.12377E-03  -6.39865E-05   4.42555E-03   1.83450E-06   1.00789E-02   5.88559E-05   5.07046E-04   2.89279E-05  -9.91309E-03  -3.73547E-05  -5.75274E-03  -4.49595E-05   6.87737E-03   9.36457E-06   9.37094E-03   4.39938E-05  -1.94504E-03   1.50181E-05  -1.03949E-02  -2.95474E-05  -3.52691E-03  -2.83525E-05   8.53831E-03   9.25054E-06   8.02136E-03   2.81761E-05  -4.31625E-03   8.30168E-06  -1.02948E-02  -1.73139E-05  -1.10822E-03  -1.66712E-05   9.69209E-03   2.59017E-06   6.13874E-03   1.46411E-05  -6.72380E-03   1.07601E-05  -1.06480E-02   1.76302E-06  -2.45605E-03
 1.01820E+03  -3.87009E-05  -9.60579E-03  -6.12432E-05   3.49828E-03   5.23921E-06   1.00572E-02   5.78314E-05   1.33777E-03   2.39289E-05  -9.46418E-03  -3.94335E-05  -6.26055E-03  -4.03585E-05   6.21820E-03   1.46271E-05   9.47539E-03   4.19354E-05  -1.31687E-03   7.90010E-06  -1.01568E-02  -3.14264E-05  -3.93751E-03  -2.16679E-05   8.11974E-03   1.50833E-05   8.13792E-03   2.43263E-05  -3.91015E-03  -2.33180E-08  -1.01621E-02  -1.79033E-05  -1.35198E-03  -8.35437E-06   9.44397E-03   7.69586E-06   6.16837E-03   8.66924E-06  -6.50917E-03   1.46000E-06  -1.04846E-02  -3.78122E-07  -2.42861E-03
 1.02550E+03  -4.07003E-05  -1.01012E-02  -6.03095E-05   2.61023E-03   8.81159E-06   1.00853E-02   5.86128E-05   2.15497E-03   1.97046E-05  -9.08698E-03  -4.27903E-05  -6.79965E-03  -3.71220E-05   5.62390E-03   2.03530E-05   9.65619E-03   4.13329E-05  -7.16462E-04   1.11076E-06  -1.00205E-02  -3.44018E-05  -4.37666E-03  -1.58153E-05   7.79588E-03   2.14105E-05   8.33895E-03   2.14001E-05  -3.55780E-03  -8.27130E-06  -1.01486E-02  -1.91512E-05  -1.60530E-03  -4.30042E-07   9.31438E-03   1.30398E-05   6.27158E-03   3.08298E-06  -6.37942E-03  -7.69187E-06  -1.04542E-02  -2.51200E-06  -2.43182E-03
 1.03290E+03  -4.40226E-05  -1.06341E-02  -6.11728E-05   1.72346E-03   1.28177E-05   1.01674E-02   6.13105E-05   2.99625E-03   1.59633E-05  -8.76687E-03  -4.77129E-05  -7.39727E-03  -3.50435E-05   5.06800E-03   2.69904E-05   9.92491E-03   4.21796E-05  -1.14849E-04  -5.86449E-06  -9.98234E-03  -3.87336E-05  -4.86748E-03  -1.03603E-05   7.55288E-03   2.87409E-05   8.63709E-03   1.91913E-05  -3.24235E-03  -1.70918E-05  -1.02567E-02  -2.11734E-05  -1.88169E-03   7.72135E-06   9.29941E-03   1.90535E-05   6.45560E-03  -2.55351E-06  -6.32973E-03  -1.74225E-05  -1.05582E-02  -4.80894E-06  -2.46659E-03
 1.04040E+03  -4.90061E-05  -1.12258E-02  -6.40712E-05   8.10871E-04   1.75475E-05   1.03120E-02   6.62860E-05   3.89142E-03   1.25194E-05  -8.49866E-03  -5.46684E-05  -8.07921E-03  -3.41048E-05   4.53444E-03   3.50568E-05   1.02986E-02   4.46717E-05   5.09896E-04  -1.35011E-05  -1.00490E-02  -4.48386E-05  -5.43242E-03  -4.97800E-06   7.38783E-03   3.76607E-05   9.05124E-03   1.76195E-05  -2.95440E-03  -2.71352E-05  -1.04997E-02  -2.41801E-05  -2.19373E-03   1.66763E-05   9.40700E-03   2.62107E-05   6.73372E-03  -8.63063E-06  -6.36401E-03  -2.84530E-05  -1.08109E-02  -7.44174E-06  -2.53662E-03
 1.04790E+03  -5.61248E-05  -1.18949E-02  -6.94273E-05  -1.47030E-04   2.33367E-05   1.05292E-02   7.40985E-05   4.86437E-03   9.23478E-06  -8.28221E-03  -6.42886E-05  -8.86898E-03  -3.44049E-05   4.01325E-03   4.51697E-05   1.07961E-02   4.91560E-05   1.17505E-03  -2.23019E-05  -1.02314E-02  -5.32794E-05  -6.09244E-03   6.22308E-07   7.30326E-03   4.88708E-05   9.60238E-03   1.66756E-05  -2.68856E-03  -3.91254E-05  -1.08958E-02  -2.84658E-05  -2.55300E-03   2.70484E-05   9.65036E-03   3.50648E-05   7.12153E-03  -1.55538E-05  -6.49017E-03  -4.15818E-05  -1.12315E-02  -1.06042E-05  -2.64681E-03
 1.05540E+03  -6.62414E-05  -1.26756E-02  -7.80416E-05  -1.18932E-03   3.07697E-05   1.08364E-02   8.57846E-05   5.96042E-03   5.90587E-06  -8.11556E-03  -7.77112E-05  -9.80951E-03  -3.61746E-05   3.48517E-03   5.84049E-05   1.14507E-02   5.62915E-05   1.91227E-03  -3.31075E-05  -1.05494E-02  -6.50659E-05  -6.88527E-03   6.89487E-06   7.30363E-03   6.35857E-05   1.03281E-02   1.63894E-05  -2.43533E-03  -5.42863E-05  -1.14774E-02  -3.45622E-05  -2.98013E-03   3.98580E-05   1.00535E-02   4.65660E-05   7.64706E-03  -2.39899E-05  -6.72271E-03  -5.81534E-05  -1.18552E-02  -1.46243E-05  -2.80599E-03
 1.06310E+03  -8.13076E-05  -1.36453E-02  -9.17921E-05  -2.40334E-03   4.11133E-05   1.12743E-02   1.03728E-04   7.28078E-03   2.16911E-06  -7.99768E-03  -9.74868E-05  -1.09982E-02  -4.00356E-05   2.91096E-03   7.71012E-05   1.23413E-02   6.76229E-05   2.78983E-03  -4.76775E-05  -1.10526E-02  -8.24552E-05  -7.89571E-03   1.47248E-05   7.40502E-03   8.44382E-05   1.13164E-02   1.69163E-05  -2.17762E-03  -7.52124E-05  -1.23238E-02  -4.36655E-05  -3.52076E-03   5.72336E-05   1.06772E-02   6.27563E-05   8.37662E-03  -3.53173E-05  -7.09933E-03  -8.10085E-05  -1.27681E-02  -2.01975E-05  -3.03560E-03
 1.07070E+03  -1.03644E-04  -1.48498E-02  -1.13030E-04  -3.82847E-03   5.57813E-05   1.18752E-02   1.30833E-04   8.87970E-03  -2.25193E-06  -7.94028E-03  -1.26625E-04  -1.24961E-02  -4.68850E-05   2.27788E-03   1.03916E-04   1.35257E-02   8.50818E-05   3.84439E-03  -6.79156E-05  -1.17855E-02  -1.08119E-04  -9.17934E-03   2.49754E-05   7.63025E-03   1.14435E-04   1.26332E-02   1.85635E-05  -1.91197E-03  -1.04791E-04  -1.35001E-02  -5.72076E-05  -4.20479E-03   8.15012E-05   1.15751E-02   8.59561E-05   9.36158E-03  -5.10251E-05  -7.65474E-03  -1.13310E-04  -1.40416E-02  -2.81025E-05  -3.35317E-03
 1.07850E+03  -1.40044E-04  -1.64825E-02  -1.48509E-04  -5.66977E-03   7.90120E-05   1.27506E-02   1.75528E-04   1.10033E-02  -8.32816E-06  -7.95673E-03  -1.73952E-04  -1.45508E-02  -5.91875E-05   1.50287E-03   1.46739E-04   1.52153E-02   1.14221E-04   5.23950E-03  -9.95640E-05  -1.28934E-02  -1.49872E-04  -1.09533E-02   4.03433E-05   8.03933E-03   1.62469E-04   1.45159E-02   2.21154E-05  -1.60693E-03  -1.51626E-04  -1.52296E-02  -7.93570E-05  -5.14841E-03   1.19628E-04   1.29240E-02   1.23028E-04   1.07833E-02  -7.55874E-05  -8.50101E-03  -1.64467E-04  -1.59191E-02  -4.06520E-05  -3.81879E-03
 1.08630E+03  -2.02910E-04  -1.87814E-02  -2.10709E-04  -8.16273E-03   1.18426E-04   1.40490E-02   2.53287E-04   1.39468E-02  -1.76365E-05  -8.08041E-03  -2.55555E-04  -1.74716E-02  -8.16418E-05   4.98155E-04   2.19825E-04   1.76862E-02   1.65299E-04   7.17144E-03  -1.52875E-04  -1.45763E-02  -2.21974E-04  -1.34927E-02   6.55185E-05   8.72482E-03   2.44627E-04   1.72762E-02   2.91585E-05  -1.23313E-03  -2.31189E-04  -1.78128E-02  -1.17742E-04  -6.49889E-03   1.84087E-04   1.49668E-02   1.86379E-04   1.28825E-02  -1.16994E-04  -9.79384E-03  -2.51408E-04  -1.87295E-02  -6.20120E-05  -4.51342E-03
 1.09410E+03  -3.25200E-04  -2.23042E-02  -3.32750E-04  -1.18699E-02   1.94306E-04   1.61118E-02   4.05204E-04   1.84068E-02  -3.44159E-05  -8.38019E-03  -4.14186E-04  -2.19813E-02  -1.26686E-04  -9.49509E-04   3.61081E-04   2.15772E-02   2.65548E-04   1.01023E-02  -2.55136E-04  -1.72918E-02  -3.62309E-04  -1.74376E-02   1.13009E-04   9.89458E-03   4.03683E-04   2.16347E-02   4.38765E-05  -7.17585E-04  -3.84631E-04  -2.19413E-02  -1.92626E-04  -8.59868E-03   3.08064E-04   1.82600E-02   3.08987E-04   1.62140E-02  -1.96503E-04  -1.18894E-02  -4.19149E-04  -2.32290E-02  -1.03259E-04  -5.62319E-03
 1.10200E+03  -6.19679E-04  -2.85670E-02  -6.28000E-04  -1.83192E-02   3.76009E-04   1.98690E-02   7.71920E-04   2.62756E-02  -7.31060E-05  -9.04619E-03  -7.96111E-04  -3.00449E-02  -2.36944E-04  -3.41662E-03   7.00150E-04   2.86269E-02   5.08179E-04   1.52864E-02  -4.99627E-04  -2.22885E-02  -7.00491E-04  -2.45282E-02   2.25521E-04   1.21179E-02   7.85922E-04   2.95526E-02   8.06405E-05   1.35301E-04  -7.52646E-04  -2.94994E-02  -3.73336E-04  -1.23785E-02   6.04997E-04   2.43220E-02   6.03634E-04   2.22894E-02  -3.86772E-04  -1.57597E-02  -8.21595E-04  -3.14785E-02  -2.02267E-04  -7.65535E-03
 1.11000E+03  -1.67260E-03  -4.29822E-02  -1.68598E-03  -3.29541E-02   1.02402E-03   2.86480E-02   2.08469E-03   4.43047E-02  -2.08601E-04  -1.07688E-02  -2.16174E-03  -4.86822E-02  -6.34200E-04  -8.95169E-03   1.91091E-03   4.50555E-02   1.37791E-03   2.71988E-02  -1.37110E-03  -3.40400E-02  -1.91038E-03  -4.09850E-02   6.24881E-04   1.74409E-02   2.15176E-03   4.80481E-02   2.14310E-04   2.01741E-03  -2.06651E-03  -4.72356E-02  -1.02034E-03  -2.11658E-02   1.66444E-03   3.85928E-02   1.65658E-03   3.65190E-02  -1.06540E-03  -2.48888E-02  -2.25870E-03  -5.08601E-02  -5.55898E-04  -1.24266E-02
 1.11800E+03  -1.34719E-02  -1.09500E-01  -1.35506E-02  -9.99700E-02   8.27967E-03   6.94731E-02   1.68020E-02   1.27315E-01  -1.71656E-03  -1.91617E-02  -1.74661E-02  -1.34899E-01  -5.09729E-03  -3.41827E-02   1.54740E-02   1.21382E-01   1.11331E-02   8.21795E-02  -1.11280E-02  -8.88860E-02  -1.54727E-02  -1.17327E-01   5.08994E-03   4.24920E-02   1.74562E-02   1.34128E-01   1.72054E-03   1.05422E-02  -1.67847E-02  -1.29972E-01  -8.27497E-03  -6.19845E-02   1.35303E-02   1.05269E-01   1.34557E-02   1.02853E-01  -8.66523E-03  -6.75834E-02  -1.83590E-02  -1.41344E-01  -4.51801E-03  -3.46950E-02
 1.12610E+03  -1.69737E-02   1.08552E-01  -1.70713E-02   1.19191E-01   1.04334E-02  -6.46694E-02   2.11694E-02  -1.44643E-01  -2.16475E-03   8.77706E-03  -2.20081E-02   1.47992E-01  -6.42114E-03   4.82664E-02   1.94996E-02  -1.29387E-01   1.40277E-02  -9.81461E-02  -1.40241E-02   9.15508E-02  -1.94973E-02   1.33439E-01   6.41567E-03  -4.01089E-02   2.19982E-02  -1.48900E-01   2.16703E-03  -1.72896E-02  -2.11529E-02   1.42248E-01  -1.04276E-02   7.21794E-02   1.70521E-02  -1.14214E-01   1.69573E-02  -1.15385E-01  -1.09209E-02   7.29982E-02  -2.31372E-02   1.56466E-01  -5.69387E-03   3.85928E-02
 1.13420E+03  -1.77977E-03   3.08279E-02  -1.79141E-03   4.09303E-02   1.09150E-03  -1.69374E-02   2.21657E-03  -4.76715E-02  -2.25066E-04  -1.07511E-03  -2.30021E-03   4.72436E-02  -6.71584E-04   1.88265E-02   2.03501E-03  -4.01686E-02   1.46380E-03  -3.39249E-02  -1.46174E-03   2.74171E-02  -2.03188E-03   4.42301E-02   6.67940E-04  -1.07923E-02   2.29027E-03  -4.82862E-02   2.25686E-04  -7.35593E-03  -2.20065E-03   4.55254E-02  -1.08462E-03   2.44841E-02   1.77310E-03  -3.62566E-02   1.76296E-03  -3.78490E-02  -1.13518E-03   2.30764E-02  -2.40482E-03   5.06880E-02  -5.91776E-04   1.25613E-02
 1.14240E+03  -6.31299E-04   1.54520E-02  -6.35735E-04   2.53785E-02   3.85835E-04  -7.53468E-03   7.83390E-04  -2.84799E-02  -7.92759E-05  -2.97712E-03  -8.10290E-04   2.73685E-02  -2.36003E-04   1.29909E-02   7.15040E-04  -2.26140E-02   5.13197E-04  -2.12698E-02  -5.12659E-04   1.48273E-02  -7.10990E-04   2.66977E-02   2.34164E-04  -5.05366E-03   8.00158E-04  -2.85476E-02   7.82164E-05  -5.39655E-03  -7.67917E-04   2.65743E-02  -3.77751E-04   1.51345E-02   6.18181E-04  -2.09956E-02   6.13936E-04  -2.26677E-02  -3.95537E-04   1.33092E-02  -8.37274E-04   2.99885E-02  -2.05987E-04   7.46730E-03
 1.15060E+03  -3.23642E-04   8.91527E-03  -3.25576E-04   1.87277E-02   1.97154E-04  -3.55921E-03   3.98963E-04  -2.03233E-02  -4.08746E-05  -3.76376E-03  -4.10894E-04   1.89619E-02  -1.18506E-04   1.05152E-02   3.61471E-04  -1.52164E-02   2.57729E-04  -1.59373E-02  -2.58722E-04   9.53752E-03  -3.56450E-04   1.93356E-02   1.18468E-04  -2.64789E-03   4.00475E-04  -2.02789E-02   3.81088E-05  -4.57743E-03  -3.83797E-04   1.86495E-02  -1.87778E-04   1.12292E-02   3.08638E-04  -1.46217E-02   3.05553E-04  -1.63320E-02  -1.97328E-04   9.23310E-03  -4.16777E-04   2.13543E-02  -1.02477E-04   5.34294E-03
 1.15890E+03  -1.97921E-04   5.23386E-03  -1.98342E-04   1.49598E-02   1.20347E-04  -1.33227E-03   2.41419E-04  -1.57383E-02  -2.57362E-05  -4.19879E-03  -2.47406E-04   1.42642E-02  -6.97800E-05   9.13586E-03   2.16950E-04  -1.11001E-02   1.52581E-04  -1.29818E-02  -1.55157E-04   6.60241E-03  -2.10879E-04   1.52692E-02   7.15930E-05  -1.31229E-03   2.36584E-04  -1.57237E-02   2.11844E-05  -4.13498E-03  -2.26422E-04   1.42924E-02  -1.09545E-04   9.09167E-03   1.81887E-04  -1.11222E-02   1.78912E-04  -1.28630E-02  -1.16189E-04   6.99736E-03  -2.44270E-04   1.66275E-02  -5.99944E-05   4.18055E-03
 1.16730E+03  -1.34982E-04   2.84868E-03  -1.34197E-04   1.25075E-02   8.21569E-05   1.04977E-04   1.62119E-04  -1.27810E-02  -1.86600E-05  -4.48186E-03  -1.65268E-04   1.12541E-02  -4.47191E-05   8.26425E-03   1.44513E-04  -8.47429E-03   9.92044E-05  -1.11161E-02  -1.03450E-04   4.73362E-03  -1.37286E-04   1.27089E-02   4.84713E-05  -4.57036E-04   1.53912E-04  -1.28626E-02   1.22045E-05  -3.87101E-03  -1.47145E-04   1.15610E-02  -6.97607E-05   7.76531E-03   1.18093E-04  -8.93161E-03   1.14832E-04  -1.07044E-02  -7.53687E-05   5.59936E-03  -1.57137E-04   1.36845E-02  -3.85185E-05   3.45761E-03
 1.17570E+03  -9.97086E-05   1.17407E-03  -9.78205E-05   1.07830E-02   6.09954E-05   1.11312E-03   1.17249E-04  -1.07217E-02  -1.51689E-05  -4.68858E-03  -1.18920E-04   9.17238E-03  -3.00241E-05   7.67957E-03   1.03788E-04  -6.66550E-03   6.85454E-05  -9.85659E-03  -7.45628E-05   3.44652E-03  -9.52877E-05   1.09821E-02   3.58229E-05   1.39944E-04   1.06889E-04  -1.09363E-02   6.67159E-06  -3.71124E-03  -1.02144E-04   9.72512E-03  -4.68154E-05   6.89056E-03   8.19275E-05  -7.46112E-03   7.81714E-05  -9.27117E-03  -5.22414E-05   4.66197E-03  -1.07434E-04   1.17268E-02  -2.62506E-05   2.97761E-03
 1.18420E+03  -7.80333E-05  -9.78059E-05  -7.50342E-05   9.47719E-03   4.82297E-05   1.88149E-03   8.92302E-05  -9.17796E-03  -1.35019E-05  -4.85904E-03  -9.00909E-05   7.62218E-03  -2.03220E-05   7.26756E-03   7.85946E-05  -5.32262E-03   4.89124E-05  -8.95269E-03  -5.68706E-05   2.48853E-03  -6.86498E-05   9.74040E-03   2.83496E-05   5.94845E-04   7.72091E-05  -9.55204E-03   2.74792E-06  -3.61841E-03  -7.38239E-05   8.40730E-03  -3.20041E-05   6.28266E-03   5.92090E-05  -6.40665E-03   5.48004E-05  -8.26214E-03  -3.77242E-05   3.99052E-03  -7.58897E-05   1.03431E-02  -1.84469E-05   2.63943E-03
 1.19280E+03  -6.40734E-05  -1.11426E-03  -5.98952E-05   8.44334E-03   4.02569E-05   2.50129E-03   7.06928E-05  -7.96783E-03  -1.29383E-05  -5.01354E-03  -7.11232E-05   6.41431E-03  -1.33406E-05   6.97501E-03   6.21539E-05  -4.27784E-03   3.53832E-05  -8.28615E-03  -4.55094E-05   1.73851E-03  -5.05467E-05   8.81888E-03   2.38452E-05   9.64006E-04   5.71788E-05  -8.52340E-03  -3.56765E-07  -3.57582E-03  -5.47897E-05   7.42821E-03  -2.16535E-05   5.85469E-03   4.39784E-05  -5.62360E-03   3.87668E-05  -7.53489E-03  -2.80016E-05   3.49242E-03  -5.43937E-05   9.33872E-03  -1.31100E-05   2.39520E-03
 1.20140E+03  -5.49694E-05  -1.95377E-03  -4.95073E-05   7.60427E-03   3.53288E-05   3.02150E-03   5.80462E-05  -6.99483E-03  -1.31361E-05  -5.16351E-03  -5.82854E-05   5.44787E-03  -7.96167E-06   6.77403E-03   5.11646E-05  -3.44123E-03   2.55456E-05  -7.79410E-03  -3.81130E-05   1.13126E-03  -3.76365E-05   8.12934E-03   2.12423E-05   1.27800E-03   4.30332E-05  -7.75053E-03  -3.03966E-06  -3.57485E-03  -4.14241E-05   6.69160E-03  -1.39570E-05   5.56028E-03   3.33209E-05  -5.03429E-03   2.71500E-05  -7.01317E-03  -2.12068E-05   3.11791E-03  -3.89693E-05   8.60917E-03  -9.26002E-06   2.21930E-03
 1.21010E+03  -4.89961E-05  -2.68391E-03  -4.20773E-05   6.89420E-03   3.24147E-05   3.48469E-03   4.90730E-05  -6.17819E-03  -1.39396E-05  -5.32036E-03  -4.92831E-05   4.63929E-03  -3.43501E-06   6.64420E-03   4.36095E-05  -2.73866E-03   1.78507E-05  -7.42820E-03  -3.32544E-05   6.12676E-04  -2.78008E-05   7.60351E-03   1.99279E-05   1.56343E-03   3.23998E-05  -7.15602E-03  -5.60191E-06  -3.61133E-03  -3.14554E-05   6.12295E-03  -7.73573E-06   5.36577E-03   2.54097E-05  -4.57862E-03   1.80788E-05  -6.64008E-03  -1.61709E-05   2.82854E-03  -2.70846E-05   8.07589E-03  -6.27099E-06   2.09253E-03
 1.21880E+03  -4.53352E-05  -3.33568E-03  -3.67396E-05   6.28449E-03   3.10323E-05   3.91107E-03   4.27023E-05  -5.48161E-03  -1.52917E-05  -5.49038E-03  -4.30084E-05   3.95015E-03   6.23386E-07   6.57705E-03   3.85173E-05  -2.13539E-03   1.15248E-05  -7.16674E-03  -3.02523E-05   1.56911E-04  -1.99875E-05   7.21002E-03   1.96206E-05   1.83347E-03   2.41033E-05  -6.70384E-03  -8.21222E-06  -3.68399E-03  -2.37594E-05   5.68729E-03  -2.38872E-06   5.25593E-03   1.93414E-05  -4.22827E-03   1.06111E-05  -6.38934E-03  -1.23156E-05   2.60614E-03  -1.74705E-05   7.70229E-03  -3.82817E-06   2.00600E-03
 1.22760E+03  -4.34601E-05  -3.94626E-03  -3.28635E-05   5.74209E-03   3.09087E-05   4.32559E-03   3.81619E-05  -4.86465E-03  -1.72367E-05  -5.68345E-03  -3.86751E-05   3.33843E-03   4.58368E-06   6.56723E-03   3.52172E-05  -1.59352E-03   5.91379E-06  -6.99102E-03  -2.86650E-05  -2.64959E-04  -1.33451E-05   6.92055E-03   2.01876E-05   2.10465E-03   1.72122E-05  -6.36103E-03  -1.10811E-05  -3.79550E-03  -1.74557E-05   5.35250E-03   2.62240E-06   5.22016E-03   1.44132E-05  -3.95716E-03   3.95124E-06  -6.23987E-03  -9.19222E-06   2.43404E-03  -9.07842E-06   7.45791E-03  -1.66825E-06   1.95248E-03
 1.23650E+03  -4.31788E-05  -4.53955E-03  -3.01324E-05   5.24864E-03   3.19872E-05   4.74568E-03   3.50693E-05  -4.30419E-03  -1.98868E-05  -5.90882E-03  -3.59038E-05   2.77940E-03   8.73021E-06   6.61544E-03   3.34034E-05  -1.08987E-03   5.85131E-07  -6.89410E-03  -2.83217E-05  -6.71741E-04  -7.34120E-06   6.72242E-03   2.16365E-05   2.38943E-03   1.11602E-05  -6.11184E-03  -1.44127E-05  -3.95101E-03  -1.20173E-05   5.10269E-03   7.68791E-06   5.25657E-03   1.02086E-05  -3.75219E-03  -2.43661E-06  -6.18417E-03  -6.53512E-06   2.30379E-03  -1.22293E-06   7.33047E-03   3.84075E-07   1.92925E-03
 1.24540E+03  -4.44800E-05  -5.13157E-03  -2.83896E-05   4.79403E-03   3.43325E-05   5.18408E-03   3.32410E-05  -3.78672E-03  -2.34009E-05  -6.17474E-03  -3.45242E-05   2.25785E-03   1.33180E-05   6.72499E-03   3.29602E-05  -6.09457E-04  -4.79670E-06  -6.87462E-03  -2.91973E-05  -1.07648E-03  -1.59004E-06   6.61060E-03   2.40580E-05   2.69762E-03   5.55170E-06  -5.94901E-03  -1.84226E-05  -4.15642E-03  -7.08387E-06   4.93010E-03   1.31416E-05   5.36713E-03   6.44610E-06  -3.60671E-03  -8.97766E-06  -6.22105E-03  -4.16545E-06   2.21109E-03   6.62186E-06   7.31630E-03   2.46617E-06   1.93569E-03
 1.25440E+03  -4.75734E-05  -5.75284E-03  -2.75472E-05   4.35943E-03   3.82219E-05   5.66536E-03   3.25927E-05  -3.28869E-03  -2.81357E-05  -6.49850E-03  -3.44933E-05   1.74818E-03   1.87787E-05   6.90574E-03   3.39228E-05  -1.27027E-04  -1.07193E-05  -6.93573E-03  -3.14362E-05  -1.50198E-03   4.41979E-06   6.58294E-03   2.77246E-05   3.04809E-03  -1.07463E-07  -5.86701E-03  -2.35169E-05  -4.42596E-03  -2.22258E-06   4.82788E-03   1.95118E-05   5.56152E-03   2.79622E-06  -3.51453E-03  -1.62926E-05  -6.35649E-03  -1.87505E-06   2.15190E-03   1.51928E-05   7.41910E-03   4.77535E-06   1.97339E-03
 1.26350E+03  -5.29618E-05  -6.43229E-03  -2.76713E-05   3.93161E-03   4.41821E-05   6.21513E-03   3.32412E-05  -2.79257E-03  -3.46405E-05  -6.90129E-03  -3.59960E-05   1.22997E-03   2.56769E-05   7.17406E-03   3.65618E-05   3.79247E-04  -1.77464E-05  -7.08910E-03  -3.54078E-05  -1.97018E-03   1.12279E-05   6.64694E-03   3.31114E-05   3.46185E-03  -6.30562E-06  -5.87001E-03  -3.02732E-05  -4.77907E-03   2.97502E-06   4.79789E-03   2.74669E-05   5.85745E-03  -1.04241E-06  -3.47620E-03  -2.51161E-05  -6.60664E-03   5.25078E-07   2.12645E-03   2.53295E-05   7.65509E-03   7.54202E-06   2.04719E-03
 1.27260E+03  -6.14916E-05  -7.20013E-03  -2.89657E-05   3.50012E-03   5.30536E-05   6.86170E-03   3.54894E-05  -2.28336E-03  -4.37388E-05  -7.40852E-03  -3.94402E-05   6.84494E-04   3.48064E-05   7.55185E-03   4.13955E-05   9.30842E-04  -2.66249E-05  -7.35279E-03  -4.17431E-05  -2.50433E-03   1.95144E-05   6.81685E-03   4.09593E-05   3.96310E-03  -1.36329E-05  -5.96873E-03  -3.95337E-05  -5.24027E-03   8.98672E-06   4.84772E-03   3.79345E-05   6.27936E-03  -5.41415E-06  -3.49657E-03  -3.64352E-05  -6.99564E-03   3.24972E-06   2.13766E-03   3.81382E-05   8.04998E-03   1.10736E-05   2.16447E-03
 1.28180E+03  -7.49696E-05  -8.12044E-03  -3.19071E-05   3.04050E-03   6.66106E-05   7.66425E-03   4.00346E-05  -1.72829E-03  -5.71407E-05  -8.07286E-03  -4.57451E-05   7.24156E-05   4.77846E-05   8.08454E-03   4.95636E-05   1.57203E-03  -3.88472E-05  -7.76478E-03  -5.17954E-05  -3.15213E-03   3.06104E-05   7.12331E-03   5.28199E-05   4.60166E-03  -2.32242E-05  -6.18687E-03  -5.30252E-05  -5.86054E-03   1.67177E-05   4.99470E-03   5.27860E-05   6.87870E-03  -1.09639E-05  -3.58715E-03  -5.22182E-05  -7.57485E-03   6.69976E-06   2.19257E-03   5.58083E-05   8.65898E-03   1.59815E-05   2.34099E-03
 1.29100E+03  -9.65846E-05  -9.27226E-03  -3.74227E-05   2.52877E-03   8.79412E-05   8.69868E-03   4.82045E-05  -1.09281E-03  -7.77715E-05  -8.96524E-03  -5.66193E-05  -6.50427E-04   6.73257E-05   8.83674E-03   6.31331E-05   2.35544E-03  -5.68676E-05  -8.38221E-03  -6.79600E-05  -3.97342E-03   4.66652E-05   7.61522E-03   7.13806E-05   5.44331E-03  -3.68807E-05  -6.56450E-03  -7.36828E-05  -6.71029E-03   2.75843E-05   5.26969E-03   7.51539E-05   7.72937E-03  -1.86897E-05  -3.76933E-03  -7.57249E-05  -8.42021E-03   1.14942E-05   2.30439E-03   8.19417E-05   9.56528E-03   2.32759E-05   2.60023E-03
 1.30040E+03  -1.34290E-04  -1.08475E-02  -4.78388E-05   1.90225E-03   1.24742E-04   1.01476E-02   6.33299E-05  -2.90145E-04  -1.12910E-04  -1.02548E-02  -7.63444E-05  -1.59225E-03   1.00168E-04   9.96153E-03   8.72733E-05   3.40817E-03  -8.67635E-05  -9.34014E-03  -9.62141E-05  -5.11143E-03   7.29843E-05   8.40799E-03   1.03329E-04   6.64468E-03  -5.90369E-05  -7.19623E-03  -1.08792E-04  -7.95685E-03   4.50645E-05   5.74572E-03   1.12798E-04   9.00675E-03  -3.10375E-05  -4.09383E-03  -1.15017E-04  -9.71191E-03   1.91489E-05   2.50447E-03   1.25436E-04   1.09663E-02   3.54541E-05   2.99785E-03
 1.30970E+03  -2.04612E-04  -1.31187E-02  -6.80907E-05   1.08301E-03   1.92955E-04   1.22753E-02   9.24448E-05   7.93170E-04  -1.77574E-04  -1.21918E-02  -1.13917E-04  -2.90018E-03   1.60151E-04   1.16907E-02   1.32790E-04   4.90849E-03  -1.40964E-04  -1.08473E-02  -1.48989E-04  -6.77251E-03   1.20373E-04   9.68347E-03   1.62511E-04   8.43651E-03  -9.86879E-05  -8.23369E-03  -1.73377E-04  -9.85125E-03   7.61904E-05   6.54139E-03   1.81664E-04   1.09778E-02  -5.29399E-05  -4.64388E-03  -1.86625E-04  -1.17270E-02   3.27195E-05   2.84435E-03   2.04506E-04   1.31675E-02   5.76344E-05   3.61964E-03
 1.31920E+03  -3.64836E-04  -1.69485E-02  -1.15229E-04  -1.92177E-04   3.47870E-04   1.59113E-02   1.59873E-04   2.52929E-03  -3.23878E-04  -1.55548E-02  -2.00474E-04  -5.04718E-03   2.95334E-04   1.47389E-02   2.37114E-04   7.42149E-03  -2.62643E-04  -1.35431E-02  -2.69372E-04  -9.60373E-03   2.26374E-04   1.19956E-02   2.96936E-04   1.15366E-02  -1.87100E-04  -1.01366E-02  -3.19550E-04  -1.31697E-02   1.45410E-04   8.01520E-03   3.37091E-04   1.44644E-02  -1.01548E-04  -5.67044E-03  -3.47920E-04  -1.53157E-02   6.28299E-05   3.47942E-03   3.82381E-04   1.71049E-02   1.07581E-04   4.72878E-03
 1.32870E+03  -8.53047E-04  -2.47757E-02  -2.60288E-04  -2.64908E-03   8.19190E-04   2.34094E-02   3.66897E-04   5.95445E-03  -7.68231E-04  -2.25619E-02  -4.65595E-04  -9.36008E-03   7.05179E-04   2.11510E-02   5.55913E-04   1.25420E-02  -6.30900E-04  -1.92640E-02  -6.36460E-04  -1.54405E-02   5.46665E-04   1.69406E-02   7.06068E-04   1.79894E-02  -4.53857E-04  -1.42338E-02  -7.63725E-04  -2.01308E-02   3.54009E-04   1.12058E-02   8.08783E-04   2.18214E-02  -2.47900E-04  -7.90198E-03  -8.36990E-04  -2.29191E-02   1.53482E-04   4.86089E-03   9.21416E-04   2.54682E-02   2.59009E-04   7.08102E-03
 1.33830E+03  -4.10345E-03  -5.11973E-02  -1.22951E-03  -1.06450E-02   3.95545E-03   4.88515E-02   1.74903E-03   1.72802E-02  -3.72327E-03  -4.64791E-02  -2.23412E-03  -2.37848E-02   3.42905E-03   4.31530E-02   2.68079E-03   2.98145E-02  -3.07691E-03  -3.89866E-02  -3.08139E-03  -3.52625E-02   2.67290E-03   3.40588E-02   3.42925E-03   4.00219E-02  -2.22385E-03  -2.84659E-02  -3.71853E-03  -4.39992E-02   1.73756E-03   2.23194E-02   3.94530E-03   4.71276E-02  -1.21828E-03  -1.56909E-02  -4.08807E-03  -4.91287E-02   7.54545E-04   9.68468E-03   4.50394E-03   5.43357E-02   1.26561E-03   1.51941E-02
 1.34800E+03  -7.34845E-02   1.88848E-01  -2.19293E-02   6.08695E-02   7.08947E-02  -1.82790E-01   3.12638E-02  -8.47603E-02  -6.67888E-02   1.71806E-01  -3.99953E-02   1.06827E-01   6.15560E-02  -1.58076E-01   4.80455E-02  -1.27149E-01  -5.52699E-02   1.41729E-01  -5.52733E-02   1.45369E-01   4.80389E-02  -1.23040E-01   6.15555E-02  -1.61186E-01  -3.99864E-02   1.02318E-01  -6.67838E-02   1.74338E-01   3.12536E-02  -7.99131E-02   7.08846E-02  -1.84647E-01  -2.19191E-02   5.60137E-02  -7.34696E-02   1.91119E-01   1.35768E-02  -3.47306E-02   8.09567E-02  -2.10409E-01   2.27474E-02  -5.91928E-02
 1.35770E+03  -1.98327E-03   3.05531E-02  -5.95929E-04   1.35453E-02   1.91035E-03  -3.01090E-02   8.45943E-04  -1.73527E-02  -1.79698E-03   2.80050E-02  -1.07911E-03   2.06449E-02   1.65404E-03  -2.55715E-02   1.29366E-03  -2.36629E-02  -1.48347E-03   2.27790E-02  -1.48597E-03   2.63508E-02   1.28818E-03  -1.96695E-02   1.65288E-03  -2.86717E-02  -1.07142E-03   1.62860E-02  -1.79163E-03   3.05932E-02   8.36923E-04  -1.26773E-02   1.90036E-03  -3.20950E-02  -5.86702E-04   8.86276E-03  -1.96877E-03   3.30175E-02   3.63331E-04  -5.52571E-03   2.16882E-03  -3.62049E-02   6.09428E-04  -1.02435E-02
 1.36750E+03  -5.83059E-04   1.50060E-02  -1.77693E-04   8.81810E-03   5.59624E-04  -1.51477E-02   2.49736E-04  -1.06794E-02  -5.24619E-04   1.39511E-02  -3.16492E-04   1.21628E-02   4.81496E-04  -1.26504E-02   3.77680E-04  -1.35187E-02  -4.30779E-04   1.12017E-02  -4.32332E-04   1.47189E-02   3.73295E-04  -9.62455E-03   4.79630E-04  -1.57501E-02  -3.09960E-04   7.93690E-03  -5.18856E-04   1.66003E-02   2.41802E-04  -6.15887E-03   5.49543E-04  -1.72633E-02  -1.69347E-04   4.29497E-03  -5.68772E-04   1.76589E-02   1.04813E-04  -2.69726E-03   6.26214E-04  -1.92903E-02   1.75957E-04  -5.49012E-03
 1.37740E+03  -2.75671E-04   9.15128E-03  -8.55186E-05   6.98976E-03   2.63238E-04  -9.53479E-03   1.18429E-04  -8.13739E-03  -2.45563E-04   8.70163E-03  -1.48651E-04   8.96354E-03   2.24449E-04  -7.84163E-03   1.76213E-04  -9.71844E-03  -2.00103E-04   6.90650E-03  -2.00719E-04   1.03828E-02   1.72894E-04  -5.90759E-03   2.21848E-04  -1.09512E-02  -1.43219E-04   4.85398E-03  -2.39318E-04   1.14180E-02   1.11519E-04  -3.75593E-03   2.52954E-04  -1.17814E-02  -7.79988E-05   2.61311E-03  -2.61448E-04   1.19898E-02   4.82236E-05  -1.65647E-03   2.87633E-04  -1.30517E-02   8.07966E-05  -3.73684E-03
 1.38740E+03  -1.61359E-04   6.05151E-03  -5.09504E-05   5.99042E-03   1.53118E-04  -6.57716E-03   6.92488E-05  -6.77542E-03  -1.41977E-04   5.95119E-03  -8.58694E-05   7.27178E-03   1.29115E-04  -5.33399E-03   1.00943E-04  -7.72664E-03  -1.14616E-04   4.67565E-03  -1.14278E-04   8.12489E-03   9.86769E-05  -3.98350E-03   1.25726E-04  -8.46422E-03  -8.15033E-05   3.26242E-03  -1.35159E-04   8.74205E-03   6.33203E-05  -2.51802E-03   1.42504E-04  -8.95803E-03  -4.42163E-05   1.74799E-03  -1.47045E-04   9.07509E-03   2.72897E-05  -1.12169E-03   1.61627E-04  -9.84730E-03   4.53651E-05  -2.83648E-03
 1.39740E+03  -1.07311E-04   4.12844E-03  -3.43584E-05   5.34985E-03   1.01127E-04  -4.75203E-03   4.56899E-05  -5.92263E-03  -9.31398E-05   4.26502E-03  -5.58540E-05   6.22883E-03   8.42259E-05  -3.80500E-03   6.50216E-05  -6.51163E-03  -7.44103E-05   3.32169E-03  -7.30893E-05   6.75807E-03   6.38074E-05  -2.82020E-03   7.99858E-05  -6.96733E-03  -5.25321E-05   2.30317E-03  -8.56485E-05   7.13816E-03   4.07097E-05  -1.77373E-03   9.00464E-05  -7.27094E-03  -2.83768E-05   1.22875E-03  -9.27399E-05   7.33688E-03   1.74681E-05  -8.01267E-04   1.01841E-04  -7.93842E-03   2.85385E-05  -2.30052E-03
 1.40750E+03  -7.74412E-05   2.79293E-03  -2.49613E-05   4.89169E-03   7.24534E-05  -3.49149E-03   3.23814E-05  -5.32830E-03  -6.62580E-05   3.10863E-03  -3.89423E-05   5.51463E-03   5.95607E-05  -2.76251E-03   4.48299E-05  -5.68952E-03  -5.23527E-05   2.40311E-03  -4.99847E-05   5.84123E-03   4.47028E-05  -2.03424E-03   5.43727E-05  -5.96967E-03  -3.66769E-05   1.65725E-03  -5.79633E-05   6.07426E-03   2.83464E-05  -1.27387E-03   6.07452E-05  -6.15566E-03  -1.97220E-05   8.80674E-04  -6.24291E-05   6.19039E-03   1.20944E-05  -5.87028E-04   6.84891E-05  -6.68082E-03   1.91373E-05  -1.94797E-03
 1.41760E+03  -5.95141E-05   1.80748E-03  -1.91008E-05   4.54592E-03   5.52909E-05  -2.56632E-03   2.41072E-05  -4.89215E-03  -5.02091E-05   2.26594E-03  -2.84604E-05   5.00058E-03   4.48682E-05  -2.00732E-03   3.23505E-05  -5.10564E-03  -3.92394E-05   1.74106E-03  -3.57404E-05   5.19636E-03   3.33641E-05  -1.47018E-03   3.86150E-05  -5.27299E-03  -2.72796E-05   1.19529E-03  -4.09597E-05   5.33525E-03   2.10267E-05  -9.17333E-04   4.27725E-05  -5.38387E-03  -1.46024E-05   6.32864E-04  -4.38534E-05   5.39900E-03   8.90787E-06  -4.35075E-04   4.80652E-05  -5.81377E-03   1.33656E-05  -1.70559E-03
 1.42790E+03  -4.78785E-05   1.02592E-03  -1.50649E-05   4.26844E-03   4.41916E-05  -1.83611E-03   1.84283E-05  -4.55255E-03  -3.98640E-05   1.60542E-03  -2.12911E-05   4.60883E-03   3.54243E-05  -1.41877E-03   2.38417E-05  -4.66731E-03  -3.08310E-05   1.22764E-03  -2.60551E-05   4.71752E-03   2.61084E-05  -1.03454E-03   2.79256E-05  -4.75985E-03  -2.12764E-05   8.39710E-04  -2.94471E-05   4.79418E-03   1.63570E-05  -6.43627E-04   3.06215E-05  -4.82122E-03  -1.13399E-05   4.42970E-04  -3.13067E-05   4.82370E-03   6.86799E-06  -3.19252E-04   3.42831E-05  -5.18421E-03   9.45509E-06  -1.53047E-03
 1.43820E+03  -4.02219E-05   3.91394E-04  -1.21535E-05   4.04398E-03   3.69224E-05  -1.24568E-03   1.43457E-05  -4.28670E-03  -3.31178E-05   1.07466E-03  -1.61551E-05   4.30952E-03   2.92881E-05  -9.48291E-04   1.77656E-05  -4.33814E-03  -2.53845E-05   8.19050E-04  -1.91585E-05   4.36249E-03   2.14208E-05  -6.89175E-04   2.03324E-05  -4.38299E-03  -1.74060E-05   5.58681E-04  -2.12850E-05   4.39958E-03   1.33511E-05  -4.27831E-04   2.20198E-05  -4.41294E-03  -9.24278E-06   2.93493E-04  -2.24335E-05   4.40764E-03   5.54586E-06  -2.28738E-04   2.45474E-05  -4.72946E-03   6.67568E-06  -1.40501E-03
 1.44860E+03  -3.50820E-05  -1.49459E-04  -9.89711E-06   3.85728E-03   3.20747E-05  -7.43874E-04   1.11911E-05  -4.07349E-03  -2.86456E-05   6.25862E-04  -1.21988E-05   4.07617E-03   2.52404E-05  -5.52147E-04   1.30988E-05  -4.08678E-03  -2.18067E-05   4.76284E-04  -1.38750E-05   4.09558E-03   1.83519E-05  -4.00345E-04   1.45279E-05  -4.10299E-03  -1.48793E-05   3.24259E-04  -1.50568E-05   4.10897E-03   1.13929E-05  -2.48186E-04   1.54652E-05  -4.11412E-03  -7.87938E-06   1.69211E-04  -1.56779E-05   4.10444E-03   4.67251E-06  -1.54192E-04   1.71451E-05  -4.39844E-03   4.54334E-06  -1.31501E-03
 1.45900E+03  -3.17588E-05  -6.22965E-04  -8.05597E-06   3.70219E-03   2.89729E-05  -3.05221E-04   8.62265E-06  -3.90376E-03  -2.58106E-05   2.34922E-04  -8.98479E-06   3.89679E-03   2.26944E-05  -2.08078E-04   9.31556E-06  -3.89868E-03  -1.95710E-05   1.79330E-04  -9.59997E-06   3.89996E-03   1.64447E-05  -1.50655E-04   9.83898E-06  -3.90106E-03  -1.33157E-05   1.21964E-04  -1.00324E-05   3.90193E-03   1.01852E-05  -9.33805E-05   1.01829E-05  -3.90312E-03  -7.04136E-06   6.21899E-05  -1.02369E-05   3.89164E-03   4.11741E-06  -9.07631E-05   1.11921E-05  -4.16641E-03   2.80713E-06  -1.25359E-03
 1.46960E+03  -2.98047E-05  -1.06092E-03  -6.42261E-06   3.57127E-03   2.71875E-05   1.00516E-04   6.34604E-06  -3.76792E-03  -2.42108E-05  -1.26125E-04  -6.13835E-06   3.75996E-03   2.12817E-05   1.09294E-04   5.96787E-06  -3.76075E-03  -1.83481E-05  -9.42871E-05  -5.82012E-06   3.76109E-03   1.54139E-05   7.92004E-05   5.69605E-06  -3.76140E-03  -1.24788E-05  -6.41204E-05  -5.59550E-06   3.76163E-03   9.54359E-06   4.89343E-05   5.52045E-06  -3.76230E-03  -6.59991E-06  -3.61895E-05  -5.43509E-06   3.75115E-03   3.79725E-06  -3.32927E-05   5.94709E-06  -4.01342E-03   1.25272E-06  -1.21543E-03
 1.48020E+03  -2.90981E-05  -1.47366E-03  -4.89415E-06   3.46470E-03   2.65997E-05   4.83565E-04   4.21413E-06  -3.66538E-03  -2.37333E-05  -4.67236E-04  -3.47035E-06   3.66430E-03   2.08977E-05   4.09353E-04   2.82763E-06  -3.67091E-03  -1.80439E-05  -3.53138E-04  -2.27224E-06   3.67630E-03   1.51775E-05   2.96766E-04   1.80533E-06  -3.68084E-03  -1.23003E-05  -2.40332E-04  -1.42701E-06   3.68449E-03   9.41469E-06   1.83743E-04   1.13870E-06  -3.68776E-03  -6.51763E-06  -1.29443E-04  -9.20558E-07   3.67886E-03   3.68548E-06   2.02886E-05   1.02357E-06  -3.93486E-03  -2.34063E-07  -1.19943E-03
 1.49090E+03  -2.96419E-05  -1.88305E-03  -3.32672E-06   3.38072E-03   2.72135E-05   8.64758E-04   2.02289E-06  -3.59415E-03  -2.43834E-05  -8.07759E-04  -7.20704E-07   3.60770E-03   2.15483E-05   7.09713E-04  -4.16449E-07  -3.62699E-03  -1.86645E-05  -6.12865E-04   1.40061E-06   3.64333E-03   1.57416E-05   5.15508E-04  -2.22952E-06  -3.65710E-03  -1.27857E-05  -4.17791E-04   2.90208E-06   3.66823E-03   9.80311E-06   3.19681E-04  -3.41678E-06  -3.67722E-03  -6.79828E-06  -2.23613E-04   3.77741E-06   3.67251E-03   3.77729E-06   7.34433E-05  -4.09302E-06  -3.92817E-03  -1.80971E-06  -1.20530E-03
 1.50160E+03  -3.16501E-05  -2.30438E-03  -1.58399E-06   3.32131E-03   2.92346E-05   1.25891E-03  -4.21543E-07  -3.55666E-03  -2.63547E-05  -1.16175E-03   2.35880E-06   3.59307E-03   2.34121E-05   1.02338E-03  -4.06268E-06  -3.63233E-03  -2.03705E-05  -8.85169E-04   5.54168E-06   3.66600E-03   1.72460E-05   7.45611E-04  -6.79078E-06  -3.69437E-03  -1.40514E-05  -6.04982E-04   7.80651E-06   3.71737E-03   1.07999E-05   4.63383E-04  -8.58612E-06  -3.73545E-03  -7.50617E-06  -3.23365E-04   9.11543E-06   3.73707E-03   4.10250E-06   1.28754E-04  -9.90074E-06  -3.99866E-03  -3.63077E-06  -1.23506E-03
 1.51250E+03  -3.57254E-05  -2.77032E-03   5.93149E-07   3.28956E-03   3.32455E-05   1.69721E-03  -3.48650E-06  -3.55822E-03  -3.01979E-05  -1.55820E-03   6.23708E-06   3.62787E-03   2.69980E-05   1.37678E-03  -8.67311E-06  -3.69643E-03  -2.36198E-05  -1.19356E-03   1.07962E-05   3.75558E-03   2.00894E-05   1.00735E-03  -1.25957E-05  -3.80552E-03  -1.64298E-05  -8.18668E-04   1.40633E-05   3.84608E-03   1.26650E-05   6.27881E-04  -1.51930E-05  -3.87765E-03  -8.82477E-06  -4.37836E-04   1.59476E-05   3.88843E-03   4.75293E-06   1.91172E-04  -1.73292E-05  -4.16355E-03  -5.99467E-06  -1.29468E-03
 1.52340E+03  -4.29675E-05  -3.30864E-03   3.55713E-06   3.29442E-03   4.03044E-05   2.20660E-03  -7.67278E-06  -3.61077E-03  -3.69093E-05  -2.02276E-03   1.15556E-05   3.72686E-03   3.32239E-05   1.79373E-03  -1.50190E-05  -3.83665E-03  -2.92364E-05  -1.55954E-03   1.80522E-05   3.93184E-03   2.49877E-05   1.31948E-03  -2.06338E-05  -4.01239E-03  -2.05169E-05  -1.07451E-03   2.27463E-05   4.07796E-03   1.58642E-05   8.25446E-04  -2.43775E-05  -4.12881E-03  -1.10823E-05  -5.75681E-04   2.54576E-05   4.15248E-03   5.89779E-06   2.65246E-04  -2.76656E-05  -4.45093E-03  -9.31947E-06  -1.39343E-03
 1.53440E+03  -5.59440E-05  -3.98466E-03   8.11590E-06   3.35183E-03   5.28861E-05   2.84985E-03  -1.41270E-05  -3.73738E-03  -4.88217E-05  -2.61438E-03   1.97809E-05   3.91995E-03   4.42408E-05   2.32839E-03  -2.48615E-05  -4.08923E-03  -3.91522E-05  -2.03162E-03   2.93351E-05   4.23666E-03   3.36207E-05   1.72409E-03  -3.31602E-05  -4.36180E-03  -2.77110E-05  -1.40748E-03   3.63019E-05   4.46393E-03   2.14906E-05   1.08336E-03  -3.87353E-05  -4.54306E-03  -1.50488E-05  -7.56096E-04   4.03391E-05   4.58546E-03   7.93551E-06   3.61059E-04  -4.38384E-05  -4.92192E-03  -1.45582E-05  -1.55143E-03
 1.54550E+03  -8.08329E-05  -4.91752E-03   1.61406E-05   3.49584E-03   7.69427E-05   3.74172E-03  -2.55054E-05  -3.98648E-03  -7.15439E-05  -3.44114E-03   3.43118E-05   4.26914E-03   6.52182E-05   3.08036E-03  -4.22837E-05  -4.52870E-03  -5.80095E-05  -2.69919E-03   4.93422E-05   4.75589E-03   5.00235E-05   2.29883E-03  -5.54058E-05  -4.94938E-03  -4.13713E-05  -1.88220E-03   6.04051E-05   5.10779E-03   3.21693E-05   1.45212E-03  -6.42894E-05  -5.23058E-03  -2.25740E-05  -1.01464E-03   6.68440E-05   5.30179E-03   1.18261E-05   4.97151E-04  -7.26424E-05  -5.70083E-03  -2.39275E-05  -1.80940E-03
 1.55660E+03  -1.35080E-04  -6.36578E-03   3.28649E-05   3.80360E-03   1.29281E-04   5.13133E-03  -4.92370E-05  -4.46723E-03  -1.20912E-04  -4.73786E-03   6.46546E-05   4.91396E-03   1.10752E-04   4.26610E-03  -7.87060E-05  -5.32257E-03  -9.89138E-05  -3.75664E-03   9.12128E-05   5.68214E-03   8.55878E-05   3.21270E-03  -1.02004E-04  -5.98966E-03  -7.09800E-05  -2.63934E-03   1.10933E-04   6.24227E-03   5.53109E-05   2.04166E-03  -1.17890E-04  -6.43837E-03  -3.88783E-05  -1.42877E-03   1.22463E-04   6.55785E-03   2.02815E-05   7.13803E-04  -1.33088E-04  -7.06628E-03  -4.36324E-05  -2.25836E-03
 1.56790E+03  -2.92919E-04  -9.17199E-03   8.05242E-05   4.52389E-03   2.81417E-04   7.83027E-03  -1.16885E-04  -5.53362E-03  -2.64311E-04  -7.26897E-03   1.51196E-04   6.30795E-03   2.42951E-04   6.58999E-03  -1.82646E-04  -7.01612E-03  -2.17635E-04  -5.83628E-03   2.10765E-04   7.64307E-03   1.88788E-04   5.01517E-03  -2.35119E-04  -8.18181E-03  -1.56888E-04  -4.13620E-03   2.55331E-04   8.62610E-03   1.22450E-04   3.20931E-03  -2.71118E-04  -8.97178E-03  -8.61775E-05  -2.25018E-03   2.81498E-04   9.18965E-03   4.48442E-05   1.14187E-03  -3.05928E-04  -9.92689E-03  -1.00035E-04  -3.19508E-03
 1.57920E+03  -1.13975E-03  -1.73042E-02   3.34295E-04   6.84531E-03   1.09731E-03   1.56613E-02  -4.77108E-04  -8.87213E-03  -1.03312E-03  -1.46366E-02   6.12115E-04   1.06086E-02   9.51576E-04   1.33722E-02  -7.36349E-04  -1.22010E-02  -8.53932E-04  -1.19194E-02   8.47770E-04   1.36202E-02   7.41861E-04   1.02976E-02  -9.44521E-04  -1.48462E-02  -6.17268E-04  -8.52990E-03   1.02499E-03   1.58618E-02   4.82242E-04   6.64092E-03  -1.08795E-03  -1.66541E-02  -3.39645E-04  -4.66653E-03   1.12936E-03   1.71658E-02   1.76535E-04   2.39847E-03  -1.22741E-03  -1.85959E-02  -4.00853E-04  -6.02772E-03
 1.59060E+03  -2.31794E-01   1.04307E-02   6.93555E-02  -1.56062E-03   2.23305E-01  -1.10601E-02  -9.84513E-02   3.01682E-03  -2.10403E-01   1.05513E-02   1.25978E-01  -4.57575E-03   1.93924E-01  -9.85098E-03  -1.51344E-01   6.02278E-03  -1.74126E-01   8.93932E-03   1.74120E-01  -7.33462E-03   1.51349E-01  -7.83747E-03  -1.93917E-01   8.48368E-03  -1.25982E-01   6.56911E-03   2.10396E-01  -9.44604E-03   9.84561E-02  -5.16118E-03  -2.23296E-01   1.02027E-02  -6.93606E-02   3.64899E-03   2.31785E-01  -1.07104E-02   3.60401E-02  -1.92144E-03  -2.51911E-01   1.17007E-02  -8.22425E-02   3.86121E-03
 1.60210E+03  -1.10391E-03   1.46676E-02   3.24162E-04  -2.93017E-03   1.06294E-03  -1.51429E-02  -4.62739E-04   4.91788E-03  -1.00083E-03   1.44076E-02   5.93715E-04  -6.98011E-03   9.21874E-04  -1.34128E-02  -7.14213E-04   8.89366E-03  -8.27290E-04   1.21437E-02   8.22263E-04  -1.06264E-02   7.18716E-04  -1.06274E-02  -9.16068E-04   1.21427E-02  -5.98004E-04   8.89479E-03   9.94072E-04  -1.34118E-02   4.67185E-04  -6.98081E-03  -1.05509E-03   1.44093E-02  -3.29037E-04   4.93204E-03   1.09523E-03  -1.50755E-02   1.71003E-04  -2.58738E-03  -1.19030E-03   1.64448E-02  -3.88704E-04   5.40815E-03
 1.61370E+03  -2.79244E-04   6.63901E-03   7.76257E-05  -6.25172E-04   2.68554E-04  -7.40831E-03  -1.12801E-04   1.60309E-03  -2.52392E-04   7.12854E-03   1.45943E-04  -2.71056E-03   2.32079E-04  -6.71093E-03  -1.76277E-04   3.74711E-03  -2.07929E-04   6.13195E-03   2.03356E-04  -4.69445E-03   1.80375E-04  -5.40666E-03  -2.26776E-04   5.52973E-03  -1.49890E-04   4.55234E-03   2.46187E-04  -6.23300E-03   1.16979E-04  -3.58925E-03  -2.61333E-04   6.78815E-03  -8.23218E-05   2.54389E-03   2.71277E-04  -7.16359E-03   4.28003E-05  -1.34589E-03  -2.94800E-04   7.84589E-03  -9.63335E-05   2.59917E-03
 1.62530E+03  -1.26438E-04   3.91847E-03   3.20997E-05   9.59478E-05   1.21424E-04  -4.78623E-03  -4.81979E-05   5.36928E-04  -1.13813E-04   4.66576E-03   6.32845E-05  -1.31867E-03   1.04381E-04  -4.44762E-03  -7.69721E-05   2.05796E-03  -9.32806E-05   4.10538E-03   8.90968E-05  -2.74056E-03   8.07267E-05  -3.64968E-03  -9.95100E-05   3.34739E-03  -6.69419E-05   3.09310E-03   1.08090E-04  -3.86166E-03   5.21522E-05  -2.45093E-03  -1.14751E-04   4.26957E-03  -3.66512E-05   1.74312E-03   1.19110E-04  -4.54840E-03   1.90624E-05  -9.29316E-04  -1.29414E-04   5.00369E-03  -4.23274E-05   1.66981E-03
 1.63710E+03  -7.22159E-05   2.51583E-03   1.60440E-05   4.25112E-04   6.92713E-05  -3.43259E-03  -2.54331E-05   2.66968E-05  -6.47265E-05   3.39741E-03   3.41674E-05  -6.37923E-04   5.91677E-05  -3.28480E-03  -4.19947E-05   1.22309E-03  -5.26955E-05   3.06678E-03   4.88494E-05  -1.76962E-03   4.54538E-05  -2.75141E-03  -5.46744E-05   2.25994E-03  -3.75795E-05   2.34867E-03   5.94290E-05  -2.67847E-03   2.92028E-05  -1.87128E-03  -6.30919E-05   3.01223E-03  -2.04820E-05   1.33594E-03   6.54741E-05  -3.24255E-03   1.06542E-05  -7.17361E-04  -7.11159E-05   3.58461E-03  -2.32839E-05   1.20523E-03
 1.64890E+03  -4.72402E-05   1.66322E-03   8.70904E-06   5.93184E-04   4.52962E-05  -2.60767E-03  -1.50530E-05  -2.54664E-04  -4.21917E-05   2.62635E-03   2.09037E-05  -2.50216E-04   3.84277E-05  -2.57983E-03  -2.60686E-05   7.40434E-04  -3.40863E-05   2.43903E-03   3.05255E-05  -1.20409E-03   2.92823E-05  -2.21012E-03  -3.42590E-05   1.62423E-03  -2.41170E-05   1.90136E-03   3.72665E-05  -1.98566E-03   1.86789E-05  -1.52384E-03  -3.95574E-05   2.27554E-03  -1.30662E-05   1.09237E-03   4.10335E-05  -2.47735E-03   6.79500E-06  -5.90509E-04  -4.45480E-05   2.75319E-03  -1.46010E-05   9.32658E-04
 1.66080E+03  -3.35564E-05   1.08144E-03   4.72479E-06   6.82513E-04   3.22036E-05  -2.04242E-03  -9.43573E-06  -4.24498E-04  -2.99140E-05   2.09912E-03   1.37414E-05  -5.06593E-06   2.71440E-05  -2.09911E-03  -1.74790E-05   4.28975E-04  -2.39694E-05   2.01239E-03   2.06479E-05  -8.35561E-04   2.04929E-05  -1.84357E-03  -2.32548E-05   1.20803E-03  -1.67995E-05   1.59949E-03   2.53184E-05  -1.53118E-03   1.29575E-05  -1.29010E-03  -2.68657E-05   1.79199E-03  -9.03345E-06   9.28911E-04   2.78495E-05  -1.97506E-03   4.69432E-06  -5.05367E-04  -3.02146E-05   2.20758E-03  -9.91363E-06   7.53526E-04
 1.67280E+03  -2.52164E-05   6.56719E-04   2.31159E-06   7.26737E-04   2.42645E-05  -1.62717E-03  -6.05574E-06  -5.30649E-04  -2.24967E-05   1.71232E-03   9.44983E-06   1.58851E-04   2.03436E-05  -1.74730E-03  -1.23459E-05   2.14939E-04  -1.78805E-05   1.70125E-03   1.47536E-05  -5.79065E-04   1.52060E-05  -1.57731E-03  -1.66923E-05   9.16654E-04  -1.23981E-05   1.38111E-03   1.81936E-05  -1.21225E-03   9.51514E-06  -1.12162E-03  -1.92963E-05   1.45244E-03  -6.60632E-06   8.11454E-04   1.99843E-05  -1.62237E-03   3.42861E-06  -4.44200E-04  -2.16625E-05   1.82462E-03  -7.11494E-06   6.27605E-04
 1.68490E+03  -1.97254E-05   3.31877E-04   7.22213E-07   7.42557E-04   1.90767E-05  -1.30677E-03  -3.85324E-06  -5.96927E-04  -1.76781E-05   1.41390E-03   6.67412E-06   2.72120E-04   1.59435E-05  -1.47637E-03  -9.04281E-06   6.14679E-05  -1.39506E-05   1.46243E-03   1.09731E-05  -3.92088E-04   1.17980E-05  -1.37379E-03  -1.24908E-05   7.02661E-04  -9.56213E-06   1.21493E-03   1.36360E-05  -9.77317E-04   7.29690E-06  -9.93967E-04  -1.44554E-05   1.20213E-03  -5.04178E-06   7.22775E-04   1.49540E-05  -1.36242E-03   2.61186E-06  -3.98046E-04  -1.61927E-05   1.54250E-03  -5.32381E-06   5.34697E-04
 1.69700E+03  -1.59127E-05   7.69511E-05  -3.95546E-07   7.39166E-04   1.55135E-05  -1.05232E-03  -2.32889E-06  -6.36136E-04  -1.43981E-05   1.17654E-03   4.77644E-06   3.51025E-04   1.29683E-05  -1.26102E-03  -6.80518E-06  -5.09949E-05  -1.13054E-05   1.27312E-03   8.42833E-06  -2.52092E-04   9.51050E-06  -1.21311E-03  -9.67453E-06   5.40883E-04  -7.66126E-06   1.08434E-03   1.05885E-05  -7.99017E-04   5.81082E-06  -8.94105E-04  -1.12227E-05   1.01196E-03  -3.99364E-06   6.53680E-04   1.15969E-05  -1.16494E-03   2.06437E-06  -3.62118E-04  -1.25432E-05   1.32830E-03  -4.12840E-06   4.64041E-04
 1.70930E+03  -1.30831E-05  -1.31247E-04  -1.25280E-06   7.21729E-04   1.29096E-05  -8.41197E-04  -1.18561E-06  -6.56470E-04  -1.20340E-05   9.78810E-04   3.37975E-06   4.06689E-04   1.08479E-05  -1.08145E-03  -5.18345E-06  -1.36277E-04  -9.43627E-06   1.11551E-03   6.60572E-06  -1.42826E-04   7.90376E-06  -1.07977E-03  -7.67462E-06   4.12981E-04  -6.33115E-06   9.76445E-04   8.43699E-06  -6.57279E-04   4.77319E-06  -8.11980E-04  -8.94879E-06   8.60508E-04  -3.26258E-06   5.97095E-04   9.24048E-06  -1.00765E-03   1.68285E-06  -3.32723E-04  -9.98418E-06   1.15776E-03  -3.29071E-06   4.07684E-04
 1.72160E+03  -1.09210E-05  -3.01166E-04  -1.94947E-06   6.93554E-04   1.09627E-05  -6.65269E-04  -2.82495E-07  -6.62053E-04  -1.03040E-05   8.12845E-04   2.30585E-06   4.44108E-04   9.32608E-06  -9.30186E-04  -3.96660E-06  -2.00296E-04  -8.11667E-06   9.82686E-04   5.26624E-06  -5.74475E-05   6.78396E-06  -9.67615E-04  -6.22904E-06   3.11232E-04  -5.41286E-06   8.85983E-04   6.90110E-06  -5.43603E-04   4.06145E-06  -7.43393E-04  -7.33971E-06   7.38643E-04  -2.76312E-06   5.50017E-04   7.58228E-06  -8.80952E-04   1.42343E-06  -3.08279E-04  -8.18841E-06   1.02041E-03  -2.70448E-06   3.62190E-04
 1.73410E+03  -9.16228E-06  -4.43337E-04  -2.57496E-06   6.55880E-04   9.42596E-06  -5.13943E-04   5.02794E-07  -6.55586E-04  -8.98382E-06   6.68397E-04   1.40429E-06   4.67486E-04   8.20435E-06  -7.97557E-04  -2.98119E-06  -2.48703E-04  -7.17552E-06   8.65795E-04   4.21830E-06   1.10329E-05   6.00827E-06  -8.68821E-04  -5.13244E-06   2.27461E-04  -4.79189E-06   8.06379E-04   5.76549E-06  -4.48813E-04   3.58892E-06  -6.83166E-04  -6.17314E-06   6.36399E-04  -2.43573E-06   5.08778E-04   6.39621E-06  -7.74364E-04   1.25608E-06  -2.86851E-04  -6.91294E-06   9.04780E-04  -2.29130E-06   3.23762E-04
 1.74660E+03  -7.67788E-06  -5.60437E-04  -3.18189E-06   6.10001E-04   8.18129E-06  -3.84534E-04   1.24183E-06  -6.38402E-04  -7.97073E-06   5.42585E-04   5.89206E-07   4.78360E-04   7.39747E-06  -6.80524E-04  -2.13213E-06  -2.83414E-04  -6.54573E-06   7.61742E-04   3.36232E-06   6.50361E-05   5.52668E-06  -7.80384E-04  -4.28455E-06   1.58680E-04  -4.43307E-06   7.34892E-04   4.93186E-06  -3.69353E-04   3.33254E-06  -6.28997E-04  -5.35400E-06   5.49718E-04  -2.26656E-06   4.71673E-04   5.59058E-06  -6.83450E-04   1.17510E-06  -2.67503E-04  -6.06227E-06   8.05912E-04  -2.02153E-06   2.90739E-04
 1.75920E+03  -6.32622E-06  -6.56625E-04  -3.84015E-06   5.55440E-04   7.10762E-06  -2.72434E-04   2.02529E-06  -6.10534E-04  -7.16915E-06   4.30486E-04  -2.42520E-07   4.77493E-04   6.83689E-06  -5.73982E-04  -1.31230E-06  -3.06074E-04  -6.18422E-06   6.65436E-04   2.59458E-06   1.07177E-04   5.31757E-06  -6.97468E-04  -3.59058E-06   1.01288E-04  -4.33058E-06   6.67192E-04   4.31732E-06  -3.00702E-04   3.29594E-06  -5.77306E-04  -4.81171E-06   4.73293E-04  -2.26263E-06   4.36075E-04   5.10531E-06  -6.02333E-04   1.18690E-06  -2.48795E-04  -5.57888E-06   7.17211E-04  -1.87923E-06   2.60876E-04
 1.77190E+03  -4.97760E-06  -7.33014E-04  -4.63794E-06   4.90927E-04   6.10551E-06  -1.75807E-04   2.96471E-06  -5.70664E-04  -6.51728E-06   3.29458E-04  -1.21186E-06   4.63901E-04   6.50006E-06  -4.74552E-04  -4.05471E-07  -3.16379E-04  -6.10399E-06   5.72965E-04   1.81595E-06   1.38099E-04   5.42119E-06  -6.15932E-04  -2.97733E-06   5.35451E-05  -4.54050E-06   5.99269E-04   3.87889E-06  -2.40003E-04   3.53828E-06  -5.24586E-04  -4.53272E-06   4.03260E-04  -2.47401E-06   3.99313E-04   4.95074E-06  -5.26378E-04   1.32268E-06  -2.29206E-04  -5.48850E-06   6.33275E-04  -1.87808E-06   2.32269E-04
 1.78470E+03  -3.45058E-06  -7.88561E-04  -5.72824E-06   4.13545E-04   5.05035E-06  -9.43808E-05   4.25066E-06  -5.15405E-04  -5.96098E-06   2.37688E-04  -2.52003E-06   4.34390E-04   6.40592E-06  -3.78916E-04   7.72478E-07  -3.11960E-04  -6.38893E-06   4.79792E-04   8.83618E-07   1.56771E-04   5.96908E-06  -5.30496E-04  -2.36055E-06   1.48138E-05  -5.21827E-06   5.25703E-04   3.59873E-06  -1.84847E-04   4.21233E-06  -4.65910E-04  -4.56309E-06   3.35570E-04  -3.02556E-06   3.57541E-04   5.22437E-06  -4.50257E-04   1.65799E-06  -2.06500E-04  -5.92662E-06   5.47653E-04  -2.07315E-06   2.02561E-04
 1.79760E+03  -1.40084E-06  -8.18672E-04  -7.43583E-06   3.17173E-04   3.72242E-06  -3.02173E-05   6.28557E-06  -4.37396E-04  -5.43500E-06   1.54190E-04  -4.58711E-06   3.81599E-04   6.64935E-06  -2.83028E-04   2.59743E-06  -2.86686E-04  -7.27562E-06   3.79268E-04  -4.79677E-07   1.59331E-04   7.30008E-06  -4.32767E-04  -1.60041E-06  -1.40164E-05  -6.75071E-06   4.37472E-04   3.49198E-06  -1.32877E-04   5.69206E-06  -3.92849E-04  -5.06680E-06   2.64811E-04  -4.22025E-06   3.04066E-04   6.20971E-06  -3.66137E-04   2.37466E-06  -1.76727E-04  -7.26882E-06   4.50521E-04  -2.61176E-06   1.68058E-04
 1.81060E+03   2.03250E-06  -8.10882E-04  -1.06093E-05   1.88054E-04   1.58940E-06   9.69423E-06   1.01194E-05  -3.19818E-04  -4.81514E-06   7.92492E-05  -8.50555E-06   2.88314E-04   7.52971E-06  -1.80312E-04   6.03943E-06  -2.25654E-04  -9.43825E-06   2.58855E-04  -2.97610E-06   1.35525E-04   1.03579E-05  -3.06039E-04  -3.66811E-07  -2.89726E-05  -1.02053E-05   3.16125E-04   3.64791E-06  -8.10907E-05   9.00488E-06  -2.87889E-04  -6.53598E-06   1.81340E-04  -6.88860E-06   2.24847E-04   8.72240E-06  -2.59080E-04   3.97006E-06  -1.31530E-04  -1.05832E-05   3.22718E-04  -3.90909E-06   1.21424E-04
 1.82360E+03   9.69453E-06  -7.30363E-04  -1.80913E-05  -8.92594E-06  -3.09124E-06   4.29157E-06   1.92702E-05  -1.19098E-04  -3.73064E-06   1.67201E-05  -1.79345E-05   1.09264E-04   1.01022E-05  -5.67795E-05   1.43423E-05  -8.89033E-05  -1.51953E-05   8.88172E-05  -8.94170E-06   5.68725E-05   1.83693E-05  -1.09325E-04   2.41467E-06  -1.74504E-05  -1.92247E-05   1.15617E-04   4.41522E-06  -2.42403E-05   1.76539E-05  -1.06875E-04  -1.06875E-05   6.27846E-05  -1.38613E-05   8.42688E-05   1.55786E-05  -9.29772E-05   8.13877E-06  -4.96226E-05  -1.95471E-05   1.17324E-04  -7.39126E-06   4.45298E-05
 1.83680E+03   3.81958E-05  -4.35136E-04  -4.65198E-05  -4.18807E-04  -2.04712E-05  -1.32003E-04   5.43249E-05   3.43371E-04  -6.34723E-08  -1.74709E-05  -5.42812E-05  -3.40558E-04   2.05999E-05   1.43778E-04   4.64757E-05   2.86852E-04  -3.81781E-05  -2.50723E-04  -3.20227E-05  -1.93395E-04   5.02862E-05   3.22810E-04   1.29924E-05   7.30642E-05  -5.51942E-05  -3.50044E-04   7.89143E-06   5.74172E-05   5.22014E-05   3.28638E-04  -2.76436E-05  -1.79936E-04  -4.17534E-05  -2.61664E-04   4.33492E-05   2.76898E-04   2.48261E-05   1.55108E-04  -5.57865E-05  -3.54093E-04  -2.14413E-05  -1.35554E-04
 1.85010E+03   5.27685E-04   1.61485E-03  -5.37014E-04  -2.58502E-03  -3.19493E-04  -1.34006E-03   6.61182E-04   2.97772E-03   6.21035E-05   1.71964E-04  -6.85264E-04  -3.04755E-03   2.04617E-04   1.00127E-03   6.05544E-04   2.66176E-03  -4.40281E-04  -2.02653E-03  -4.34117E-04  -1.88118E-03   6.09206E-04   2.75111E-03   1.96964E-04   8.21507E-04  -6.85822E-04  -3.06752E-03   6.99876E-05   3.60033E-04   6.58534E-04   2.92881E-03  -3.26336E-04  -1.48829E-03  -5.31673E-04  -2.35640E-03   5.32167E-04   2.39097E-03   3.18077E-04   1.40653E-03  -6.93666E-04  -3.10159E-03  -2.68687E-04  -1.19790E-03
 1.86340E+03   2.11701E-04  -3.27132E-03  -2.20312E-04   2.20254E-03  -1.26317E-04   1.69064E-03   2.69087E-04  -2.99502E-03   2.18839E-05  -5.19412E-04  -2.77339E-04   3.19819E-03   8.56641E-05  -7.53626E-04   2.43917E-04  -2.89843E-03  -1.80176E-04   1.90679E-03  -1.73899E-04   2.13977E-03   2.47495E-04  -2.75812E-03   7.78415E-05  -1.04241E-03  -2.77555E-04   3.17284E-03   2.98133E-05  -2.19956E-04   2.65884E-04  -3.08530E-03  -1.32915E-04   1.44763E-03  -2.14344E-04   2.51019E-03   2.15555E-04  -2.44130E-03   1.28109E-04  -1.50924E-03  -2.80458E-04   3.21596E-03  -1.08520E-04   1.25344E-03
 1.87690E+03   2.75876E-05  -2.13880E-03  -3.58295E-05   9.57917E-04  -1.36797E-05   1.04552E-03   4.05926E-05  -1.50532E-03  -1.64859E-06  -4.47813E-04  -3.95219E-05   1.68569E-03   1.64006E-05  -2.44486E-04   3.30051E-05  -1.58545E-03  -2.85647E-05   8.95059E-04  -2.20625E-05   1.21815E-03   3.65582E-05  -1.39493E-03   8.27480E-06  -6.45734E-04  -3.93920E-05   1.65990E-03   6.44523E-06  -3.54085E-05   3.67777E-05  -1.64535E-03  -2.01072E-05   7.10656E-04  -2.91562E-05   1.35417E-03   3.08293E-05  -1.26374E-03   1.72344E-05  -8.20179E-04  -3.93396E-05   1.69145E-03  -1.50510E-05   6.65243E-04
 1.89040E+03   8.76472E-06  -1.89705E-03  -1.70634E-05   6.06621E-04  -2.00061E-06   9.46260E-04   1.71496E-05  -1.12335E-03  -4.25155E-06  -4.90871E-04  -1.49193E-05   1.32760E-03   9.40341E-06  -7.10236E-05   1.10055E-05  -1.29766E-03  -1.29255E-05   6.19685E-04  -6.08063E-06   1.03563E-03   1.45937E-05  -1.05757E-03   8.32094E-07  -5.88465E-04  -1.44326E-05   1.30638E-03   4.13139E-06   3.60977E-05   1.26542E-05  -1.32163E-03  -8.33040E-06   5.22775E-04  -9.59177E-06   1.10093E-03   1.14027E-05  -9.86239E-04   5.49538E-06  -6.71832E-04  -1.39113E-05   1.34228E-03  -5.18055E-06   5.32748E-04
 1.90410E+03   3.44671E-06  -1.80231E-03  -1.18993E-05   4.00739E-04   1.47393E-06   9.39739E-04   1.05029E-05  -9.24765E-04  -5.21952E-06  -5.56242E-04  -7.73957E-06   1.16376E-03   7.57381E-06   4.89816E-05   4.39923E-06  -1.18517E-03  -8.45389E-06   4.67049E-04  -1.12628E-06   9.81797E-04   8.08658E-06  -8.94541E-04  -1.61327E-06  -5.92292E-04  -6.86670E-06   1.15243E-03   3.59636E-06   9.04986E-05   5.22167E-06  -1.19183E-03  -4.82912E-06   4.28497E-04  -3.49533E-06   1.00555E-03   5.46139E-06  -8.64550E-04   1.81030E-06  -6.18433E-04  -6.05416E-06   1.19774E-03  -2.11494E-06   4.79814E-04
 1.91780E+03   1.42683E-06  -1.75676E-03  -1.01145E-05   2.42862E-04   2.98545E-06   9.66122E-04   7.99771E-06  -7.88721E-04  -5.85813E-06  -6.31557E-04  -4.81599E-06   1.06852E-03   7.08103E-06   1.52389E-04   1.51079E-06  -1.13686E-03  -6.76246E-06   3.56861E-04   1.20609E-06   9.76992E-04   5.36686E-06  -7.94510E-04  -2.91463E-06  -6.21082E-04  -3.51750E-06   1.07272E-03   3.55117E-06   1.40546E-04   1.80365E-06  -1.13567E-03  -3.36507E-06   3.68233E-04  -6.19671E-07   9.70992E-04   2.78699E-06  -8.01543E-04   4.37357E-08  -6.01970E-04  -2.42874E-06   1.13127E-03  -6.82910E-07   4.57432E-04
 1.93170E+03   5.81624E-07  -1.73060E-03  -9.59775E-06   1.00327E-04   3.84727E-06   1.00882E-03   7.00660E-06  -6.76316E-04  -6.46213E-06  -7.15637E-04  -3.39769E-06   1.00292E-03   7.14826E-06   2.53177E-04  -1.16814E-07  -1.11961E-03  -6.11217E-06   2.62520E-04   2.70186E-06   9.98685E-04   3.99150E-06  -7.22527E-04  -3.90653E-06  -6.65876E-04  -1.60792E-06   1.02924E-03   3.74420E-06   1.91795E-04  -2.84996E-07  -1.11757E-03  -2.63257E-06   3.23016E-04   1.21372E-06   9.69041E-04   1.22111E-06  -7.67784E-04  -1.11195E-06  -6.05764E-04  -2.07867E-07   1.10521E-03   2.13528E-07   4.51160E-04
 1.94560E+03   2.97616E-07  -1.71245E-03  -9.74887E-06  -3.79774E-05   4.44585E-06   1.06105E-03   6.77772E-06  -5.73697E-04  -7.12997E-06  -8.07509E-04  -2.68948E-06   9.52874E-04   7.56593E-06   3.56119E-04  -1.20365E-06  -1.12146E-03  -6.01045E-06   1.74553E-04   3.89440E-06   1.03886E-03   3.25434E-06  -6.66145E-04  -4.84878E-06  -7.23629E-04  -3.23726E-07   1.00857E-03   4.11534E-06   2.46368E-04  -1.84027E-06  -1.12514E-03  -2.25544E-06   2.86097E-04   2.65597E-06   9.90010E-04   1.28430E-07  -7.53016E-04  -2.04974E-06  -6.24149E-04   1.44726E-06   1.10657E-03   9.01458E-07   4.56042E-04
 1.95970E+03   3.39867E-07  -1.69587E-03  -1.03671E-05  -1.81922E-04   4.95484E-06   1.12111E-03   7.03669E-06  -4.70696E-04  -7.94098E-06  -9.09931E-04  -2.37222E-06   9.09986E-04   8.29304E-06   4.67288E-04  -2.06892E-06  -1.13712E-03  -6.28606E-06   8.52419E-05   5.04834E-06   1.09569E-03   2.86785E-06  -6.17651E-04  -5.89782E-06  -7.95560E-04   6.98758E-07   1.00422E-03   4.67372E-06   3.07594E-04  -3.24074E-06  -1.15368E-03  -2.08277E-06   2.53034E-04   4.03014E-06   1.03098E-03  -7.81530E-07  -7.52433E-04  -2.97008E-06  -6.55733E-04   2.93697E-06   1.13023E-03   1.54037E-06   4.70340E-04
 1.97380E+03   6.24655E-07  -1.67713E-03  -1.14022E-05  -3.35619E-04   5.45260E-06   1.18743E-03   7.69975E-06  -3.62542E-04  -8.95327E-06  -1.02383E-03  -2.32825E-06   8.70199E-04   9.34694E-06   5.89531E-04  -2.85185E-06  -1.16418E-03  -6.89765E-06  -9.13372E-06   6.29880E-06   1.16872E-03   2.72588E-06  -5.73539E-04  -7.15164E-06  -8.82780E-04   1.61872E-06   1.01365E-03   5.45002E-06   3.77419E-04  -4.66896E-06  -1.20180E-03  -2.06156E-06   2.21788E-04   5.50157E-06   1.09149E-03  -1.64048E-06  -7.64354E-04  -3.97926E-06  -7.00519E-04   4.45528E-06   1.17482E-03   2.21000E-06   4.93688E-04
 1.98810E+03   1.14350E-06  -1.65265E-03  -1.29201E-05  -5.07516E-04   6.00676E-06   1.26122E-03   8.79664E-06  -2.41841E-04  -1.02730E-05  -1.15432E-03  -2.51919E-06   8.29360E-04   1.08286E-05   7.29828E-04  -3.66275E-06  -1.20259E-03  -7.89239E-06  -1.14944E-04   7.79987E-06   1.26135E-03   2.78892E-06  -5.29995E-04  -8.75725E-06  -9.90358E-04   2.56445E-06   1.03637E-03   6.52964E-06   4.60452E-04  -6.31026E-06  -1.27179E-03  -2.17848E-06   1.89868E-04   7.25714E-06   1.17497E-03  -2.56487E-06  -7.88980E-04  -5.20441E-06  -7.61215E-04   6.20044E-06   1.24265E-03   2.99662E-06   5.27406E-04
 2.00250E+03   1.93415E-06  -1.61900E-03  -1.50546E-05  -7.04170E-04   6.67306E-06   1.34316E-03   1.04296E-05  -1.02589E-04  -1.20308E-05  -1.30578E-03  -2.96374E-06   7.84305E-04   1.28901E-05   8.94316E-04  -4.58384E-06  -1.25306E-03  -9.37771E-06  -2.37618E-04   9.70907E-06   1.37758E-03   3.06901E-06  -4.84346E-04  -1.08884E-05  -1.12374E-03   3.63293E-06   1.07327E-03   8.03373E-06   5.61256E-04  -8.34046E-06  -1.36741E-03  -2.45113E-06   1.55421E-04   9.48867E-06   1.28623E-03  -3.65232E-06  -8.27752E-04  -6.78088E-06  -8.41402E-04   8.36191E-06   1.33780E-03   3.98638E-06   5.73521E-04
 2.01690E+03   3.08427E-06  -1.57213E-03  -1.80432E-05  -9.34202E-04   7.52107E-06   1.43463E-03   1.27939E-05   6.28875E-05  -1.44275E-05  -1.48441E-03  -3.72819E-06   7.31381E-04   1.57805E-05   1.09141E-03  -5.71105E-06  -1.31729E-03  -1.15459E-05  -3.84310E-04   1.22498E-05   1.52357E-03   3.61824E-06  -4.33522E-04  -1.38074E-05  -1.29086E-03   4.93898E-06   1.12643E-03   1.01566E-05   6.86203E-04  -1.09999E-05  -1.49476E-03  -2.92521E-06   1.16214E-04   1.24687E-05   1.43268E-03  -5.02715E-06  -8.83362E-04  -8.90422E-06  -9.46554E-04   1.11998E-05   1.46688E-03   5.30009E-06   6.35235E-04
 2.03150E+03   4.79732E-06  -1.50502E-03  -2.23984E-05  -1.21611E-03   8.68072E-06   1.54029E-03   1.63179E-05   2.69935E-04  -1.78725E-05  -1.70432E-03  -4.97634E-06   6.64282E-04   2.00177E-05   1.33883E-03  -7.21549E-06  -1.40015E-03  -1.48074E-05  -5.69314E-04   1.58598E-05   1.71304E-03   4.56798E-06  -3.72165E-04  -1.80396E-05  -1.50849E-03   6.68760E-06   1.20122E-03   1.32962E-05   8.48298E-04  -1.47493E-05  -1.66743E-03  -3.70731E-06   6.81694E-05   1.67287E-05   1.63029E-03  -6.91938E-06  -9.62085E-04  -1.19581E-05  -1.08828E-03   1.52127E-05   1.64438E-03   7.17165E-06   7.19459E-04
 2.04620E+03   7.42994E-06  -1.40780E-03  -2.89932E-05  -1.57308E-03   1.03578E-05   1.66520E-03   2.17429E-05   5.38460E-04  -2.30500E-05  -1.98335E-03  -7.00913E-06   5.74629E-04   2.64813E-05   1.65978E-03  -9.36261E-06  -1.50818E-03  -1.98725E-05  -8.11546E-04   2.12622E-05   1.96460E-03   6.16454E-06  -2.93396E-04  -2.44681E-05  -1.79958E-03   9.19954E-06   1.30552E-03   1.81315E-05   1.06532E-03  -2.03458E-05  -1.90467E-03  -4.99181E-06   5.96911E-06   2.31516E-05   1.90168E-03  -9.69918E-06  -1.07316E-03  -1.65832E-05  -1.28303E-03   2.12221E-05   1.89117E-03   9.98871E-06   8.36083E-04
 2.06090E+03   1.16934E-05  -1.26402E-03  -3.95546E-05  -2.04433E-03   1.29511E-05   1.81808E-03   3.05395E-05   9.02038E-04  -3.13060E-05  -2.35189E-03  -1.04315E-05   4.48398E-04   3.69069E-05   2.09361E-03  -1.26642E-05  -1.65265E-03  -2.81487E-05  -1.14304E-03   2.98745E-05   2.31009E-03   8.90481E-06  -1.85683E-04  -3.48309E-05  -2.20328E-03   1.30946E-05   1.45296E-03   2.60031E-05   1.36756E-03  -2.92710E-05  -2.23954E-03  -7.16855E-06  -7.93537E-05   3.34702E-05   2.28560E-03  -1.40873E-05  -1.23253E-03  -2.40383E-05  -1.55899E-03   3.08369E-05   2.24309E-03   1.45117E-05   1.00208E-03
 2.07580E+03   1.93602E-05  -1.03790E-03  -5.83794E-05  -2.71843E-03   1.74487E-05   2.01998E-03   4.63666E-05   1.43551E-03  -4.59820E-05  -2.87876E-03  -1.67519E-05   2.55045E-04   5.56059E-05   2.72842E-03  -1.83842E-05  -1.85950E-03  -4.31340E-05  -1.63496E-03   4.52097E-05   2.82090E-03   1.40286E-05  -2.38391E-05  -5.34379E-05  -2.80687E-03   1.99029E-05   1.67438E-03   4.02383E-05   1.82227E-03  -4.51927E-05  -2.74592E-03  -1.12087E-05  -2.07486E-04   5.19774E-05   2.86844E-03  -2.18653E-05  -1.47592E-03  -3.74428E-05  -1.97886E-03   4.80402E-05   2.78010E-03   2.26236E-05   1.25526E-03
 2.09080E+03   3.51386E-05  -6.54695E-04  -9.68543E-05  -3.77574E-03   2.64523E-05   2.31200E-03   7.89358E-05   2.29273E-03  -7.59241E-05  -3.70404E-03  -2.99944E-05  -6.91443E-05   9.40110E-05   3.74523E-03  -2.98494E-05  -2.18143E-03  -7.41222E-05  -2.43439E-03   7.65691E-05   3.64425E-03   2.48499E-05   2.44543E-04  -9.17207E-05  -3.79118E-03   3.36590E-05   2.03359E-03   6.96751E-05   2.56918E-03  -7.78265E-05  -3.57739E-03  -1.97048E-05  -4.19400E-04   9.00568E-05   3.83007E-03  -3.77456E-05  -1.87776E-03  -6.50725E-05  -2.67340E-03   8.33885E-05   3.66896E-03   3.93181E-05   1.67451E-03
 2.10590E+03   7.62904E-05   9.47544E-05  -1.96711E-04  -5.72249E-03   4.94875E-05   2.80999E-03   1.63848E-04   3.90528E-03  -1.53546E-04  -5.22100E-03  -6.49194E-05  -7.02853E-04   1.94025E-04   5.65204E-03  -5.92382E-05  -2.76630E-03  -1.55185E-04  -3.95412E-03   1.58035E-04   5.19323E-03   5.35297E-05   7.66606E-04  -1.91579E-04  -5.66373E-03   6.91371E-05   2.70968E-03   1.46714E-04   4.00057E-03  -1.62775E-04  -5.16511E-03  -4.21696E-05  -8.30181E-04   1.89432E-04   5.67560E-03  -7.89940E-05  -2.64714E-03  -1.37264E-04  -4.00978E-03   1.75573E-04   5.37799E-03   8.28983E-05   2.48136E-03
 2.12110E+03   2.51973E-04   2.08220E-03  -6.21803E-04  -1.06666E-02   1.46751E-04   3.99521E-03   5.26212E-04   8.07115E-03  -4.83771E-04  -9.06683E-03  -2.14896E-04  -2.39146E-03   6.20593E-04   1.05651E-02  -1.83511E-04  -4.22920E-03  -5.01792E-04  -7.91477E-03   5.05086E-04   9.18897E-03   1.77008E-04   2.15645E-03  -6.17953E-04  -1.05403E-02   2.19721E-04   4.44863E-03   4.76262E-04   7.75250E-03  -5.25149E-04  -9.30669E-03  -1.38785E-04  -1.92017E-03   6.13944E-04   1.05116E-02  -2.54771E-04  -4.65572E-03  -4.45858E-04  -7.51965E-03   5.69248E-04   9.86057E-03   2.69106E-04   4.59988E-03
 2.13640E+03   5.79140E-03   1.85395E-02  -1.40116E-02  -5.05914E-02   3.20160E-03   1.31644E-02   1.19499E-02   4.20778E-02  -1.08830E-02  -4.00814E-02  -4.95310E-03  -1.64533E-02   1.40658E-02   5.06004E-02  -4.08897E-03  -1.58985E-02  -1.14362E-02  -4.04352E-02   1.14400E-02   4.17510E-02   4.08156E-03   1.37412E-02  -1.40629E-02  -5.05363E-02   4.95860E-03   1.85696E-02   1.08747E-02   3.86635E-02  -1.19488E-02  -4.32892E-02  -3.19289E-03  -1.09849E-02   1.40031E-02   5.03202E-02  -5.79430E-03  -2.11353E-02  -1.01812E-02  -3.64575E-02   1.29848E-02   4.67730E-02   6.14265E-03   2.20599E-02
 2.15190E+03   6.90787E-04  -1.00977E-02  -1.68360E-03   1.84731E-02   3.89695E-04  -2.52431E-03   1.43135E-03  -1.69096E-02  -1.30862E-03   1.35483E-02  -5.89532E-04   8.06485E-03   1.68610E-03  -1.88123E-02  -4.93902E-04   4.21362E-03  -1.36756E-03   1.60620E-02   1.37193E-03  -1.46970E-02   4.85452E-04  -6.46945E-03  -1.68292E-03   1.89194E-02   5.95815E-04  -5.87898E-03   1.29938E-03  -1.50822E-02  -1.43022E-03   1.57228E-02  -3.80111E-04   4.81974E-03   1.67421E-03  -1.88714E-02  -6.93780E-04   7.47818E-03  -1.21660E-03   1.38619E-02   1.55248E-03  -1.73879E-02   7.34173E-04  -8.29679E-03
 2.16740E+03   1.24523E-04  -5.84703E-03  -3.15619E-04   8.03719E-03   7.80776E-05  -7.21014E-05   2.63730E-04  -8.07353E-03  -2.46318E-04   5.43297E-03  -1.04690E-04   4.45569E-03   3.11980E-04  -8.39870E-03  -9.53768E-05   1.13408E-03  -2.49525E-04   7.64385E-03   2.54558E-04  -6.22147E-03   8.57134E-05  -3.50309E-03  -3.08448E-04   8.55293E-03   1.11864E-04  -2.18937E-03   2.35972E-04  -7.09576E-03  -2.62518E-04   6.91195E-03  -6.74773E-05   2.49527E-03   3.05226E-04  -8.57393E-03  -1.27620E-04   3.20266E-03  -2.21063E-04   6.38500E-03   2.83076E-04  -7.83963E-03   1.33586E-04  -3.78351E-03
 2.18300E+03   4.79155E-05  -4.69748E-03  -1.31311E-04   5.08704E-03   3.65635E-05   6.78863E-04   1.05929E-04  -5.63099E-03  -1.03343E-04   3.12930E-03  -3.86352E-05   3.50603E-03   1.26395E-04  -5.50826E-03  -4.21510E-05   2.31109E-04  -9.80058E-05   5.35142E-03   1.03818E-04  -3.86186E-03   3.10522E-05  -2.73126E-03  -1.22423E-04   5.71490E-03   4.68532E-05  -1.14611E-03   9.16691E-05  -4.93728E-03  -1.04594E-04   4.49587E-03  -2.47577E-05   1.88686E-03   1.19709E-04  -5.77684E-03  -5.11253E-05   2.02695E-03  -8.60186E-05   4.36363E-03   1.11082E-04  -5.24585E-03   5.21561E-05  -2.56109E-03
 2.19880E+03   2.36631E-05  -4.17696E-03  -7.37218E-05   3.64405E-03   2.40611E-05   1.09422E-03   5.61420E-05  -4.48286E-03  -5.88227E-05   1.99353E-03  -1.72651E-05   3.10261E-03   6.79611E-05  -4.13913E-03  -2.59914E-05  -2.40556E-04  -4.97720E-05   4.30543E-03   5.65210E-05  -2.73652E-03   1.31599E-05  -2.41320E-03  -6.34425E-05   4.40515E-03   2.67322E-05  -6.32840E-04   4.55295E-05  -3.96755E-03  -5.46329E-05   3.37626E-03  -1.07989E-05   1.63286E-03   6.06358E-05  -4.50595E-03  -2.69975E-05   1.47861E-03  -4.28781E-05   3.45438E-03   5.63393E-05  -4.06680E-03   2.61821E-05  -2.00893E-03
 2.21470E+03   1.30264E-05  -3.89275E-03  -4.92549E-05   2.75748E-03   1.92443E-05   1.39197E-03   3.44885E-05  -3.81902E-03  -4.00775E-05   1.28671E-03  -7.41488E-06   2.91084E-03   4.26718E-05  -3.33756E-03  -1.96308E-05  -5.59621E-04  -2.83369E-05   3.73177E-03   3.62219E-05  -2.06933E-03   4.68919E-06  -2.27396E-03  -3.74709E-05   3.67127E-03   1.83912E-05  -3.12378E-04   2.47971E-05  -3.45120E-03  -3.27419E-05   2.74366E-03  -4.20925E-06   1.51827E-03   3.43412E-05  -3.81375E-03  -1.65005E-05   1.16491E-03  -2.35253E-05   2.96879E-03   3.19937E-05  -3.42385E-03   1.45708E-05  -1.71157E-03
 2.23070E+03   7.39207E-06  -3.72225E-03  -3.71533E-05   2.12767E-03   1.74171E-05   1.64250E-03   2.32211E-05  -3.38579E-03  -3.10034E-05   7.75299E-04  -1.67516E-06   2.82784E-03   2.96486E-05  -2.80447E-03  -1.70610E-05  -8.15691E-04  -1.66699E-05   3.38969E-03   2.59561E-05  -1.61638E-03  -4.91496E-07  -2.22995E-03  -2.35869E-05   3.21633E-03   1.45062E-05  -7.77339E-05   1.32493E-05  -3.16054E-03  -2.11542E-05   2.34537E-03  -1.91872E-07   1.47769E-03   1.99591E-05  -3.40604E-03  -1.10258E-05   9.63022E-04  -1.27728E-05   2.69369E-03   1.86979E-05  -3.04416E-03   8.16319E-06  -1.54020E-03

