#
#--------------------------------------------------------------------------------
### 
## 
## Courbe 0
## resp_2
## Courbe 1
## resp_3
## Courbe 2
## resp_4
## Courbe 3
## resp_5
## Courbe 4
## resp_6
## Courbe 5
## resp_7
## Courbe 6
## resp_8
## Courbe 7
## resp_9
## Courbe 8
## resp_10
## Courbe 9
## resp_11
## Courbe 10
## resp_12
## Courbe 11
## resp_13
## Courbe 12
## resp_14
FREQ          DZ_0_R        DZ_0_I        DZ_1_R        DZ_1_I        DZ_2_R        DZ_2_I        DZ_3_R        DZ_3_I        DZ_4_R        DZ_4_I        DZ_5_R        DZ_5_I        DZ_6_R        DZ_6_I        DZ_7_R        DZ_7_I        DZ_8_R        DZ_8_I        DZ_9_R        DZ_9_I        DZ_10_R       DZ_10_I       DZ_11_R       DZ_11_I       DZ_12_R       DZ_12_I     
 3.54000E+01  -6.74970E-01  -2.74110E+00  -7.28811E-01  -3.26476E+00  -7.53857E-01  -3.79600E+00  -7.45060E-01  -4.32615E+00  -6.98190E-01  -4.84723E+00  -6.09927E-01  -5.35207E+00  -4.77938E-01  -5.83443E+00  -3.00948E-01  -6.28912E+00  -7.87931E-02  -6.71213E+00   1.87537E-01  -7.10077E+00   4.95878E-01  -7.45378E+00   8.42877E-01  -7.77147E+00   1.22400E+00  -8.05585E+00
 3.56000E+01  -6.86574E-01  -2.73225E+00  -7.42019E-01  -3.25352E+00  -7.68464E-01  -3.78204E+00  -7.60808E-01  -4.30915E+00  -7.14779E-01  -4.82685E+00  -6.27024E-01  -5.32798E+00  -4.95191E-01  -5.80629E+00  -3.17997E-01  -6.25661E+00  -9.52815E-02  -6.67493E+00   1.71954E-01  -7.05856E+00   4.81520E-01  -7.40628E+00   8.30029E-01  -7.71842E+00   1.21291E+00  -7.99702E+00
 3.59000E+01  -7.03934E-01  -2.71929E+00  -7.61760E-01  -3.23704E+00  -7.90270E-01  -3.76157E+00  -7.84284E-01  -4.28420E+00  -7.39467E-01  -4.79692E+00  -6.52420E-01  -5.29258E+00  -5.20761E-01  -5.76492E+00  -3.43193E-01  -6.20878E+00  -1.19561E-01  -6.62016E+00   1.49113E-01  -6.99640E+00   4.60599E-01  -7.33630E+00   8.11463E-01  -7.64022E+00   1.19706E+00  -7.91026E+00
 3.61000E+01  -7.15481E-01  -2.71085E+00  -7.74878E-01  -3.22630E+00  -8.04744E-01  -3.74822E+00  -7.99846E-01  -4.26791E+00  -7.55807E-01  -4.77738E+00  -6.69196E-01  -5.26945E+00  -5.37612E-01  -5.73788E+00  -3.59750E-01  -6.17749E+00  -1.35458E-01  -6.58432E+00   1.34225E-01  -6.95570E+00   4.47048E-01  -7.29045E+00   7.99538E-01  -7.58897E+00   1.18701E+00  -7.85337E+00
 3.64000E+01  -7.32773E-01  -2.69847E+00  -7.94504E-01  -3.21054E+00  -8.26373E-01  -3.72862E+00  -8.23070E-01  -4.24400E+00  -7.80153E-01  -4.74866E+00  -6.94145E-01  -5.23544E+00  -5.62615E-01  -5.69809E+00  -3.84247E-01  -6.13144E+00  -1.58895E-01  -6.53153E+00   1.12381E-01  -6.89573E+00   4.27288E-01  -7.22288E+00   7.82301E-01  -7.51340E+00   1.17267E+00  -7.76946E+00
 3.66000E+01  -7.44286E-01  -2.69040E+00  -8.07558E-01  -3.20027E+00  -8.40744E-01  -3.71583E+00  -8.38481E-01  -4.22838E+00  -7.96283E-01  -4.72991E+00  -7.10644E-01  -5.21321E+00  -5.79112E-01  -5.67207E+00  -4.00365E-01  -6.10131E+00  -1.74259E-01  -6.49698E+00   9.81282E-02  -6.85646E+00   4.14478E-01  -7.17860E+00   7.71229E-01  -7.46386E+00   1.16359E+00  -7.71443E+00
 3.69000E+01  -7.61542E-01  -2.67857E+00  -8.27105E-01  -3.18519E+00  -8.62240E-01  -3.69706E+00  -8.61502E-01  -4.20545E+00  -8.20343E-01  -4.70233E+00  -7.35208E-01  -5.18052E+00  -6.03618E-01  -5.63378E+00  -4.24239E-01  -6.05695E+00  -1.96934E-01  -6.44609E+00   7.71930E-02  -6.79859E+00   3.95785E-01  -7.11332E+00   7.55224E-01  -7.39079E+00   1.15065E+00  -7.63323E+00
 3.72000E+01  -7.78789E-01  -2.66706E+00  -8.46622E-01  -3.17050E+00  -8.83676E-01  -3.67875E+00  -8.84424E-01  -4.18306E+00  -8.44256E-01  -4.67541E+00  -7.59570E-01  -5.14858E+00  -6.27856E-01  -5.59635E+00  -4.47772E-01  -6.01356E+00  -2.19189E-01  -6.39628E+00   5.67648E-02  -6.74191E+00   3.77690E-01  -7.04936E+00   7.39913E-01  -7.31917E+00   1.13851E+00  -7.55360E+00
 3.74000E+01  -7.90288E-01  -2.65955E+00  -8.59623E-01  -3.16092E+00  -8.97939E-01  -3.66680E+00  -8.99658E-01  -4.16844E+00  -8.60125E-01  -4.65781E+00  -7.75707E-01  -5.12770E+00  -6.43877E-01  -5.57186E+00  -4.63283E-01  -5.98516E+00  -2.33805E-01  -6.36365E+00   4.34144E-02  -6.70477E+00   3.65945E-01  -7.00744E+00   7.30078E-01  -7.27219E+00   1.13084E+00  -7.50136E+00
 3.77000E+01  -8.07545E-01  -2.64852E+00  -8.79116E-01  -3.14684E+00  -9.19305E-01  -3.64924E+00  -9.22450E-01  -4.14695E+00  -8.83833E-01  -4.63192E+00  -7.99773E-01  -5.09696E+00  -6.67716E-01  -5.53580E+00  -4.86301E-01  -5.94332E+00  -2.55414E-01  -6.31557E+00   2.37720E-02  -6.65002E+00   3.48786E-01  -6.94559E+00   7.15859E-01  -7.20288E+00   1.11995E+00  -7.42424E+00
 3.80000E+01  -8.24819E-01  -2.63777E+00  -8.98610E-01  -3.13311E+00  -9.40645E-01  -3.63209E+00  -9.45183E-01  -4.12595E+00  -9.07439E-01  -4.60663E+00  -8.23687E-01  -5.06690E+00  -6.91343E-01  -5.50053E+00  -5.09037E-01  -5.90236E+00  -2.76667E-01  -6.26849E+00   4.56779E-03  -6.59637E+00   3.32152E-01  -6.88497E+00   7.02257E-01  -7.13490E+00   1.10977E+00  -7.34857E+00
 3.83000E+01  -8.42121E-01  -2.62729E+00  -9.18115E-01  -3.11971E+00  -9.61973E-01  -3.61535E+00  -9.67871E-01  -4.10544E+00  -9.30960E-01  -4.58190E+00  -8.47465E-01  -5.03751E+00  -7.14775E-01  -5.46601E+00  -5.31513E-01  -5.86226E+00  -2.97586E-01  -6.22237E+00  -1.42215E-02  -6.54379E+00   3.16019E-01  -6.82553E+00   6.89247E-01  -7.06822E+00   1.10027E+00  -7.27431E+00
 3.85000E+01  -8.53674E-01  -2.62044E+00  -9.31130E-01  -3.11095E+00  -9.76191E-01  -3.60441E+00  -9.82979E-01  -4.09203E+00  -9.46600E-01  -4.56572E+00  -8.63250E-01  -5.01826E+00  -7.30298E-01  -5.44340E+00  -5.46362E-01  -5.83599E+00  -3.11356E-01  -6.19214E+00  -2.65282E-02  -6.50932E+00   3.05530E-01  -6.78654E+00   6.80890E-01  -7.02447E+00   1.09431E+00  -7.22557E+00
 3.88000E+01  -8.71039E-01  -2.61038E+00  -9.50675E-01  -3.09807E+00  -9.97524E-01  -3.58831E+00  -1.00562E+00  -4.07229E+00  -9.70010E-01  -4.54190E+00  -8.86838E-01  -4.98992E+00  -7.53448E-01  -5.41009E+00  -5.68447E-01  -5.79727E+00  -3.31764E-01  -6.14756E+00  -4.46746E-02  -6.45846E+00   2.90181E-01  -6.72900E+00   6.68812E-01  -6.95987E+00   1.08590E+00  -7.15358E+00
 3.91000E+01  -8.88452E-01  -2.60055E+00  -9.70258E-01  -3.08549E+00  -1.01887E+00  -3.57258E+00  -1.02825E+00  -4.05298E+00  -9.93374E-01  -4.51859E+00  -9.10334E-01  -4.96218E+00  -7.76449E-01  -5.37747E+00  -5.90321E-01  -5.75933E+00  -3.51890E-01  -6.10386E+00  -6.24625E-02  -6.40859E+00   2.75273E-01  -6.67255E+00   6.57262E-01  -6.89647E+00   1.07812E+00  -7.08291E+00
 3.94000E+01  -9.05922E-01  -2.59094E+00  -9.89888E-01  -3.07319E+00  -1.04025E+00  -3.55719E+00  -1.05089E+00  -4.03409E+00  -1.01670E+00  -4.49578E+00  -9.33750E-01  -4.93502E+00  -7.99318E-01  -5.34552E+00  -6.12002E-01  -5.72215E+00  -3.71753E-01  -6.06103E+00  -7.99112E-02  -6.35968E+00   2.60786E-01  -6.61716E+00   6.46219E-01  -6.83425E+00   1.07092E+00  -7.01351E+00
 3.97000E+01  -9.23456E-01  -2.58155E+00  -1.00957E+00  -3.06116E+00  -1.06167E+00  -3.54213E+00  -1.07354E+00  -4.01560E+00  -1.04001E+00  -4.47345E+00  -9.57102E-01  -4.90841E+00  -8.22071E-01  -5.31421E+00  -6.33504E-01  -5.68571E+00  -3.91370E-01  -6.01903E+00  -9.70389E-02  -6.31170E+00   2.46701E-01  -6.56282E+00   6.35664E-01  -6.77316E+00   1.06431E+00  -6.94536E+00
 4.00000E+01  -9.41062E-01  -2.57236E+00  -1.02932E+00  -3.04938E+00  -1.08314E+00  -3.52739E+00  -1.09621E+00  -3.99750E+00  -1.06331E+00  -4.45158E+00  -9.80403E-01  -4.88235E+00  -8.44721E-01  -5.28353E+00  -6.54845E-01  -5.64998E+00  -4.10757E-01  -5.97783E+00  -1.13863E-01  -6.26463E+00   2.32999E-01  -6.50947E+00   6.25578E-01  -6.71318E+00   1.05825E+00  -6.87842E+00
 4.02000E+01  -9.52842E-01  -2.56634E+00  -1.04253E+00  -3.04167E+00  -1.09748E+00  -3.51773E+00  -1.11134E+00  -3.98564E+00  -1.07884E+00  -4.43724E+00  -9.95914E-01  -4.86526E+00  -8.59770E-01  -5.26341E+00  -6.68990E-01  -5.62655E+00  -4.23562E-01  -5.95081E+00  -1.24918E-01  -6.23374E+00   2.24070E-01  -6.47446E+00   6.19105E-01  -6.67380E+00   1.05451E+00  -6.83446E+00
 4.05000E+01  -9.70581E-01  -2.55747E+00  -1.06240E+00  -3.03030E+00  -1.11904E+00  -3.50349E+00  -1.13408E+00  -3.96814E+00  -1.10215E+00  -4.41609E+00  -1.01916E+00  -4.84005E+00  -8.82280E-01  -5.23372E+00  -6.90093E-01  -5.59196E+00  -4.42602E-01  -5.91090E+00  -1.41272E-01  -6.18811E+00   2.10970E-01  -6.42273E+00   6.09759E-01  -6.61561E+00   1.04934E+00  -6.76947E+00
 4.08000E+01  -9.88409E-01  -2.54877E+00  -1.08235E+00  -3.01915E+00  -1.14068E+00  -3.48952E+00  -1.15686E+00  -3.95098E+00  -1.12548E+00  -4.39535E+00  -1.04238E+00  -4.81532E+00  -9.04722E-01  -5.20459E+00  -7.11071E-01  -5.55802E+00  -4.61452E-01  -5.87174E+00  -1.57365E-01  -6.14333E+00   1.98210E-01  -6.37194E+00   6.00837E-01  -6.55845E+00   1.04468E+00  -6.70563E+00
 4.11000E+01  -1.00633E+00  -2.54023E+00  -1.10240E+00  -3.00821E+00  -1.16240E+00  -3.47583E+00  -1.17971E+00  -3.93415E+00  -1.14885E+00  -4.37500E+00  -1.06560E+00  -4.79106E+00  -9.27110E-01  -5.17601E+00  -7.31939E-01  -5.52471E+00  -4.80126E-01  -5.83330E+00  -1.73210E-01  -6.09936E+00   1.85774E-01  -6.32205E+00   5.92321E-01  -6.50230E+00   1.04050E+00  -6.64289E+00
 4.14000E+01  -1.02436E+00  -2.53185E+00  -1.12255E+00  -2.99747E+00  -1.18421E+00  -3.46238E+00  -1.20262E+00  -3.91764E+00  -1.17225E+00  -4.35503E+00  -1.08882E+00  -4.76725E+00  -9.49454E-01  -5.14796E+00  -7.52708E-01  -5.49202E+00  -4.98638E-01  -5.79556E+00  -1.88822E-01  -6.05617E+00   1.73649E-01  -6.27305E+00   5.84197E-01  -6.44713E+00   1.03681E+00  -6.58123E+00
 4.17000E+01  -1.04249E+00  -2.52361E+00  -1.14280E+00  -2.98692E+00  -1.20611E+00  -3.44917E+00  -1.22562E+00  -3.90142E+00  -1.19570E+00  -4.33543E+00  -1.11206E+00  -4.74387E+00  -9.71767E-01  -5.12042E+00  -7.73390E-01  -5.45991E+00  -5.17000E-01  -5.75849E+00  -2.04213E-01  -6.01376E+00   1.61821E-01  -6.22491E+00   5.76451E-01  -6.39291E+00   1.03358E+00  -6.52063E+00
 4.20000E+01  -1.06074E+00  -2.51550E+00  -1.16317E+00  -2.97654E+00  -1.22812E+00  -3.43619E+00  -1.24870E+00  -3.88548E+00  -1.21922E+00  -4.31616E+00  -1.13532E+00  -4.72090E+00  -9.94059E-01  -5.09336E+00  -7.93996E-01  -5.42837E+00  -5.35224E-01  -5.72208E+00  -2.19397E-01  -5.97209E+00   1.50276E-01  -6.17761E+00   5.69070E-01  -6.33963E+00   1.03080E+00  -6.46106E+00
 4.23000E+01  -1.07910E+00  -2.50752E+00  -1.18366E+00  -2.96633E+00  -1.25025E+00  -3.42343E+00  -1.27188E+00  -3.86981E+00  -1.24280E+00  -4.29723E+00  -1.15861E+00  -4.69833E+00  -1.01634E+00  -5.06677E+00  -8.14539E-01  -5.39738E+00  -5.53322E-01  -5.68630E+00  -2.34385E-01  -5.93114E+00   1.39003E-01  -6.13112E+00   5.62041E-01  -6.28727E+00   1.02846E+00  -6.40250E+00
 4.26000E+01  -1.09759E+00  -2.49966E+00  -1.20427E+00  -2.95628E+00  -1.27249E+00  -3.41086E+00  -1.29516E+00  -3.85439E+00  -1.26647E+00  -4.27861E+00  -1.18195E+00  -4.67614E+00  -1.03862E+00  -5.04064E+00  -8.35027E-01  -5.36692E+00  -5.71304E-01  -5.65114E+00  -2.49189E-01  -5.89089E+00   1.27990E-01  -6.08543E+00   5.55352E-01  -6.23579E+00   1.02653E+00  -6.34492E+00
 4.29000E+01  -1.11621E+00  -2.49190E+00  -1.22501E+00  -2.94637E+00  -1.29485E+00  -3.39848E+00  -1.31855E+00  -3.83921E+00  -1.29022E+00  -4.26028E+00  -1.20534E+00  -4.65431E+00  -1.06091E+00  -5.01494E+00  -8.55472E-01  -5.33698E+00  -5.89181E-01  -5.61657E+00  -2.63818E-01  -5.85133E+00   1.17225E-01  -6.04052E+00   5.48991E-01  -6.18518E+00   1.02503E+00  -6.28831E+00
 4.32000E+01  -1.13496E+00  -2.48424E+00  -1.24589E+00  -2.93659E+00  -1.31735E+00  -3.38627E+00  -1.34206E+00  -3.82425E+00  -1.31406E+00  -4.24224E+00  -1.22879E+00  -4.63283E+00  -1.08322E+00  -4.98966E+00  -8.75882E-01  -5.30753E+00  -6.06963E-01  -5.58258E+00  -2.78285E-01  -5.81243E+00   1.06698E-01  -5.99635E+00   5.42949E-01  -6.13542E+00   1.02392E+00  -6.23265E+00
 4.36000E+01  -1.16018E+00  -2.47416E+00  -1.27396E+00  -2.92374E+00  -1.34756E+00  -3.37025E+00  -1.37360E+00  -3.80464E+00  -1.34601E+00  -4.21860E+00  -1.26017E+00  -4.60470E+00  -1.11300E+00  -4.95657E+00  -9.03059E-01  -5.26900E+00  -6.30542E-01  -5.53812E+00  -2.97337E-01  -5.76156E+00   9.30155E-02  -5.93861E+00   5.35368E-01  -6.07035E+00   1.02305E+00  -6.15986E+00
 4.39000E+01  -1.17926E+00  -2.46668E+00  -1.29518E+00  -2.91422E+00  -1.37039E+00  -3.35841E+00  -1.39742E+00  -3.79016E+00  -1.37011E+00  -4.20115E+00  -1.28380E+00  -4.58396E+00  -1.13539E+00  -4.93219E+00  -9.23425E-01  -5.24063E+00  -6.48139E-01  -5.50540E+00  -3.11460E-01  -5.72414E+00   8.30053E-02  -5.89613E+00   5.30028E-01  -6.02249E+00   1.02284E+00  -6.10631E+00
 4.42000E+01  -1.19850E+00  -2.45927E+00  -1.31656E+00  -2.90480E+00  -1.39338E+00  -3.34669E+00  -1.42137E+00  -3.77585E+00  -1.39432E+00  -4.18394E+00  -1.30751E+00  -4.56352E+00  -1.15782E+00  -4.90818E+00  -9.43786E-01  -5.21270E+00  -6.65672E-01  -5.47320E+00  -3.25452E-01  -5.68732E+00   7.32009E-02  -5.85435E+00   5.24972E-01  -5.97542E+00   1.02300E+00  -6.05365E+00
 4.45000E+01  -1.21789E+00  -2.45192E+00  -1.33810E+00  -2.89547E+00  -1.41652E+00  -3.33510E+00  -1.44547E+00  -3.76172E+00  -1.41866E+00  -4.16695E+00  -1.33132E+00  -4.54336E+00  -1.18030E+00  -4.88451E+00  -9.64150E-01  -5.18519E+00  -6.83148E-01  -5.44150E+00  -3.39320E-01  -5.65108E+00   6.35938E-02  -5.81323E+00   5.20193E-01  -5.92911E+00   1.02351E+00  -6.00185E+00
 4.48000E+01  -1.23743E+00  -2.44461E+00  -1.35980E+00  -2.88621E+00  -1.43983E+00  -3.32362E+00  -1.46973E+00  -3.74773E+00  -1.44313E+00  -4.15017E+00  -1.35523E+00  -4.52346E+00  -1.20285E+00  -4.86118E+00  -9.84526E-01  -5.15808E+00  -7.00576E-01  -5.41028E+00  -3.53072E-01  -5.61541E+00   5.41756E-02  -5.77278E+00   5.15681E-01  -5.88355E+00   1.02438E+00  -5.95090E+00
 4.52000E+01  -1.26375E+00  -2.43492E+00  -1.38901E+00  -2.87396E+00  -1.47117E+00  -3.30846E+00  -1.50231E+00  -3.72930E+00  -1.47598E+00  -4.12808E+00  -1.38728E+00  -4.49731E+00  -1.23301E+00  -4.83055E+00  -1.01172E+00  -5.12254E+00  -7.23752E-01  -5.36938E+00  -3.71244E-01  -5.56871E+00   4.18981E-02  -5.71984E+00   5.10069E-01  -5.82395E+00   1.02607E+00  -5.88425E+00
 4.55000E+01  -1.28368E+00  -2.42768E+00  -1.41111E+00  -2.86482E+00  -1.49488E+00  -3.29719E+00  -1.52695E+00  -3.71562E+00  -1.50079E+00  -4.11171E+00  -1.41146E+00  -4.47797E+00  -1.25573E+00  -4.80792E+00  -1.03215E+00  -5.09631E+00  -7.41097E-01  -5.33923E+00  -3.84757E-01  -5.53430E+00   3.28904E-02  -5.68086E+00   5.06152E-01  -5.78008E+00   1.02773E+00  -5.83521E+00
 4.58000E+01  -1.30378E+00  -2.42045E+00  -1.43340E+00  -2.85573E+00  -1.51877E+00  -3.28598E+00  -1.55175E+00  -3.70205E+00  -1.52575E+00  -4.09551E+00  -1.43576E+00  -4.45884E+00  -1.27853E+00  -4.78557E+00  -1.05261E+00  -5.07043E+00  -7.58418E-01  -5.30950E+00  -3.98180E-01  -5.50041E+00   2.40466E-02  -5.64248E+00   5.02478E-01  -5.73691E+00   1.02971E+00  -5.78697E+00
 4.61000E+01  -1.32406E+00  -2.41323E+00  -1.45587E+00  -2.84666E+00  -1.54284E+00  -3.27484E+00  -1.57674E+00  -3.68857E+00  -1.55086E+00  -4.07944E+00  -1.46018E+00  -4.43991E+00  -1.30142E+00  -4.76349E+00  -1.07312E+00  -5.04489E+00  -7.75722E-01  -5.28020E+00  -4.11520E-01  -5.46702E+00   1.53597E-02  -5.60469E+00   4.99040E-01  -5.69443E+00   1.03201E+00  -5.73951E+00
 4.65000E+01  -1.35137E+00  -2.40359E+00  -1.48613E+00  -2.83459E+00  -1.57524E+00  -3.26004E+00  -1.61033E+00  -3.67073E+00  -1.58461E+00  -4.05822E+00  -1.49296E+00  -4.41495E+00  -1.33208E+00  -4.73443E+00  -1.10053E+00  -5.01133E+00  -7.98777E-01  -5.24174E+00  -4.29186E-01  -5.42325E+00   4.01014E-03  -5.55521E+00   4.94810E-01  -5.63883E+00   1.03556E+00  -5.67742E+00
 4.68000E+01  -1.37207E+00  -2.39634E+00  -1.50905E+00  -2.82555E+00  -1.59976E+00  -3.24898E+00  -1.63575E+00  -3.65742E+00  -1.61012E+00  -4.04243E+00  -1.51771E+00  -4.39643E+00  -1.35521E+00  -4.71290E+00  -1.12116E+00  -4.98652E+00  -8.16064E-01  -5.21334E+00  -4.42355E-01  -5.39097E+00  -4.33532E-03  -5.51874E+00   4.91897E-01  -5.59789E+00   1.03858E+00  -5.63173E+00
 4.71000E+01  -1.39295E+00  -2.38906E+00  -1.53216E+00  -2.81649E+00  -1.62448E+00  -3.23793E+00  -1.66135E+00  -3.64417E+00  -1.63580E+00  -4.02674E+00  -1.54261E+00  -4.37806E+00  -1.37844E+00  -4.69158E+00  -1.14184E+00  -4.96199E+00  -8.33353E-01  -5.18531E+00  -4.55460E-01  -5.35914E+00  -1.25445E-02  -5.48282E+00   4.89198E-01  -5.55759E+00   1.04189E+00  -5.58679E+00
 4.75000E+01  -1.42108E+00  -2.37930E+00  -1.56329E+00  -2.80438E+00  -1.65777E+00  -3.22321E+00  -1.69580E+00  -3.62656E+00  -1.67032E+00  -4.00595E+00  -1.57605E+00  -4.35378E+00  -1.40959E+00  -4.66348E+00  -1.16952E+00  -4.92970E+00  -8.56419E-01  -5.14847E+00  -4.72844E-01  -5.31738E+00  -2.32877E-02  -5.43575E+00   4.85924E-01  -5.50483E+00   1.04677E+00  -5.52799E+00
 4.78000E+01  -1.44241E+00  -2.37192E+00  -1.58687E+00  -2.79525E+00  -1.68297E+00  -3.21215E+00  -1.72187E+00  -3.61338E+00  -1.69643E+00  -3.99043E+00  -1.60130E+00  -4.33570E+00  -1.43309E+00  -4.64261E+00  -1.19036E+00  -4.90578E+00  -8.73735E-01  -5.12124E+00  -4.85823E-01  -5.28656E+00  -3.12003E-02  -5.40105E+00   4.83705E-01  -5.46598E+00   1.05075E+00  -5.48472E+00
 4.82000E+01  -1.47114E+00  -2.36198E+00  -1.61864E+00  -2.78301E+00  -1.71690E+00  -3.19737E+00  -1.75695E+00  -3.59581E+00  -1.73153E+00  -3.96982E+00  -1.63523E+00  -4.31176E+00  -1.46462E+00  -4.61504E+00  -1.21827E+00  -4.87426E+00  -8.96854E-01  -5.08543E+00  -5.03057E-01  -5.24609E+00  -4.15670E-02  -5.35557E+00   4.81051E-01  -5.41511E+00   1.05650E+00  -5.42813E+00
 4.85000E+01  -1.49293E+00  -2.35445E+00  -1.64271E+00  -2.77375E+00  -1.74260E+00  -3.18623E+00  -1.78350E+00  -3.58262E+00  -1.75808E+00  -3.95440E+00  -1.66088E+00  -4.29391E+00  -1.48842E+00  -4.59454E+00  -1.23930E+00  -4.85088E+00  -9.14223E-01  -5.05892E+00  -5.15936E-01  -5.21619E+00  -4.92108E-02  -5.32202E+00   4.79283E-01  -5.37765E+00   1.06113E+00  -5.38649E+00
 4.89000E+01  -1.52228E+00  -2.34426E+00  -1.67514E+00  -2.76130E+00  -1.77720E+00  -3.17130E+00  -1.81924E+00  -3.56501E+00  -1.79379E+00  -3.93386E+00  -1.69533E+00  -4.27021E+00  -1.52036E+00  -4.56741E+00  -1.26748E+00  -4.82002E+00  -9.37429E-01  -5.02402E+00  -5.33053E-01  -5.17692E+00  -5.92362E-02  -5.27803E+00   4.77213E-01  -5.32859E+00   1.06773E+00  -5.33203E+00
 4.92000E+01  -1.54453E+00  -2.33652E+00  -1.69971E+00  -2.75186E+00  -1.80341E+00  -3.16003E+00  -1.84629E+00  -3.55175E+00  -1.82081E+00  -3.91847E+00  -1.72138E+00  -4.25250E+00  -1.54448E+00  -4.54719E+00  -1.28872E+00  -4.79710E+00  -9.54874E-01  -4.99816E+00  -5.45856E-01  -5.14789E+00  -6.66363E-02  -5.24557E+00   4.75871E-01  -5.29245E+00   1.07297E+00  -5.29197E+00
 4.96000E+01  -1.57451E+00  -2.32601E+00  -1.73280E+00  -2.73911E+00  -1.83870E+00  -3.14486E+00  -1.88270E+00  -3.53398E+00  -1.85715E+00  -3.89791E+00  -1.75638E+00  -4.22894E+00  -1.57685E+00  -4.52040E+00  -1.31718E+00  -4.76681E+00  -9.78196E-01  -4.96409E+00  -5.62888E-01  -5.10973E+00  -7.63522E-02  -5.20299E+00   4.74353E-01  -5.24513E+00   1.08037E+00  -5.23959E+00
 4.99000E+01  -1.59723E+00  -2.31800E+00  -1.75788E+00  -2.72941E+00  -1.86543E+00  -3.13337E+00  -1.91027E+00  -3.52057E+00  -1.88465E+00  -3.88245E+00  -1.78285E+00  -4.21130E+00  -1.60131E+00  -4.50040E+00  -1.33865E+00  -4.74428E+00  -9.95737E-01  -4.93882E+00  -5.75638E-01  -5.08149E+00  -8.35311E-02  -5.17156E+00   4.73412E-01  -5.21027E+00   1.08621E+00  -5.20106E+00
 5.03000E+01  -1.62785E+00  -2.30710E+00  -1.79166E+00  -2.71628E+00  -1.90143E+00  -3.11787E+00  -1.94737E+00  -3.50256E+00  -1.92163E+00  -3.86177E+00  -1.81842E+00  -4.18777E+00  -1.63414E+00  -4.47384E+00  -1.36743E+00  -4.71445E+00  -1.01920E+00  -4.90547E+00  -5.92611E-01  -5.04435E+00  -9.29662E-02  -5.13032E+00   4.72414E-01  -5.16462E+00   1.09438E+00  -5.15069E+00
 5.07000E+01  -1.65884E+00  -2.29594E+00  -1.82584E+00  -2.70290E+00  -1.93783E+00  -3.10213E+00  -1.98487E+00  -3.48436E+00  -1.95899E+00  -3.84098E+00  -1.85433E+00  -4.16423E+00  -1.66724E+00  -4.44737E+00  -1.39639E+00  -4.68485E+00  -1.04275E+00  -4.87251E+00  -6.09561E-01  -5.00776E+00  -1.02253E-01  -5.08981E+00   4.71701E-01  -5.11990E+00   1.10298E+00  -5.10146E+00
 5.10000E+01  -1.68232E+00  -2.28738E+00  -1.85173E+00  -2.69267E+00  -1.96540E+00  -3.09016E+00  -2.01327E+00  -3.47057E+00  -1.98727E+00  -3.82528E+00  -1.88148E+00  -4.14653E+00  -1.69225E+00  -4.42755E+00  -1.41825E+00  -4.66278E+00  -1.06048E+00  -4.84801E+00  -6.22263E-01  -4.98065E+00  -1.09125E-01  -5.05990E+00   4.71348E-01  -5.08695E+00   1.10971E+00  -5.06526E+00
 5.14000E+01  -1.71395E+00  -2.27570E+00  -1.88660E+00  -2.67876E+00  -2.00252E+00  -3.07395E+00  -2.05147E+00  -3.45196E+00  -2.02529E+00  -3.80420E+00  -1.91798E+00  -4.12286E+00  -1.72584E+00  -4.40115E+00  -1.44756E+00  -4.63349E+00  -1.08420E+00  -4.81563E+00  -6.39190E-01  -4.94495E+00  -1.18170E-01  -5.02061E+00   4.71113E-01  -5.04381E+00   1.11903E+00  -5.01797E+00
 5.18000E+01  -1.74596E+00  -2.26369E+00  -1.92187E+00  -2.66452E+00  -2.04004E+00  -3.05742E+00  -2.09009E+00  -3.43308E+00  -2.06370E+00  -3.78290E+00  -1.95481E+00  -4.09906E+00  -1.75970E+00  -4.37475E+00  -1.47707E+00  -4.60434E+00  -1.10803E+00  -4.78355E+00  -6.56111E-01  -4.90973E+00  -1.27087E-01  -4.98200E+00   4.71138E-01  -5.00154E+00   1.12876E+00  -4.97178E+00
 5.21000E+01  -1.77020E+00  -2.25445E+00  -1.94858E+00  -2.65360E+00  -2.06846E+00  -3.04479E+00  -2.11931E+00  -3.41872E+00  -2.09276E+00  -3.76677E+00  -1.98266E+00  -4.08112E+00  -1.78528E+00  -4.35493E+00  -1.49933E+00  -4.58255E+00  -1.12598E+00  -4.75967E+00  -6.68803E-01  -4.88361E+00  -1.33695E-01  -4.95347E+00   4.71324E-01  -4.97041E+00   1.13632E+00  -4.93784E+00
 5.25000E+01  -1.80284E+00  -2.24178E+00  -1.98454E+00  -2.63870E+00  -2.10670E+00  -3.02762E+00  -2.15863E+00  -3.39927E+00  -2.13184E+00  -3.74503E+00  -2.02010E+00  -4.05704E+00  -1.81964E+00  -4.32845E+00  -1.52920E+00  -4.55356E+00  -1.15000E+00  -4.72804E+00  -6.85729E-01  -4.84916E+00  -1.42404E-01  -4.91598E+00   4.71787E-01  -4.92964E+00   1.14673E+00  -4.89354E+00
 5.29000E+01  -1.83585E+00  -2.22872E+00  -2.02089E+00  -2.62337E+00  -2.14534E+00  -3.01004E+00  -2.19836E+00  -3.37946E+00  -2.17129E+00  -3.72297E+00  -2.05787E+00  -4.03274E+00  -1.85428E+00  -4.30187E+00  -1.55928E+00  -4.52462E+00  -1.17414E+00  -4.69663E+00  -7.02664E-01  -4.81512E+00  -1.51003E-01  -4.87911E+00   4.72489E-01  -4.88971E+00   1.15751E+00  -4.85029E+00
 5.33000E+01  -1.86922E+00  -2.21521E+00  -2.05763E+00  -2.60760E+00  -2.18439E+00  -2.99203E+00  -2.23848E+00  -3.35923E+00  -2.21113E+00  -3.70058E+00  -2.09598E+00  -4.00820E+00  -1.88921E+00  -4.27517E+00  -1.58956E+00  -4.49571E+00  -1.19840E+00  -4.66542E+00  -7.19611E-01  -4.78146E+00  -1.59497E-01  -4.84284E+00   4.73423E-01  -4.85060E+00   1.16866E+00  -4.80811E+00
 5.37000E+01  -1.90295E+00  -2.20124E+00  -2.09476E+00  -2.59134E+00  -2.22383E+00  -2.97353E+00  -2.27899E+00  -3.33857E+00  -2.25134E+00  -3.67781E+00  -2.13443E+00  -3.98337E+00  -1.92441E+00  -4.24830E+00  -1.62005E+00  -4.46679E+00  -1.22277E+00  -4.63437E+00  -7.36573E-01  -4.74817E+00  -1.67892E-01  -4.80714E+00   4.74582E-01  -4.81229E+00   1.18017E+00  -4.76698E+00
 5.41000E+01  -1.93702E+00  -2.18678E+00  -2.13226E+00  -2.57457E+00  -2.26367E+00  -2.95453E+00  -2.31990E+00  -3.31743E+00  -2.29192E+00  -3.65463E+00  -2.17322E+00  -3.95823E+00  -1.95989E+00  -4.22124E+00  -1.65075E+00  -4.43782E+00  -1.24727E+00  -4.60345E+00  -7.53554E-01  -4.71522E+00  -1.76192E-01  -4.77200E+00   4.75957E-01  -4.77479E+00   1.19202E+00  -4.72688E+00
 5.44000E+01  -1.96280E+00  -2.17560E+00  -2.16062E+00  -2.56164E+00  -2.29379E+00  -2.93993E+00  -2.35082E+00  -3.30125E+00  -2.32259E+00  -3.63695E+00  -2.20252E+00  -3.93914E+00  -1.98668E+00  -4.20080E+00  -1.67391E+00  -4.41605E+00  -1.26572E+00  -4.58034E+00  -7.66303E-01  -4.69071E+00  -1.82357E-01  -4.74601E+00   4.77126E-01  -4.74717E+00   1.20113E+00  -4.69750E+00
 5.48000E+01  -1.99747E+00  -2.16021E+00  -2.19877E+00  -2.54389E+00  -2.33429E+00  -2.91995E+00  -2.39239E+00  -3.27919E+00  -2.36380E+00  -3.61297E+00  -2.24186E+00  -3.91335E+00  -2.02264E+00  -4.17332E+00  -1.70496E+00  -4.38694E+00  -1.29042E+00  -4.54961E+00  -7.83320E-01  -4.65830E+00  -1.90502E-01  -4.71181E+00   4.78864E-01  -4.71103E+00   1.21356E+00  -4.65921E+00
 5.52000E+01  -2.03247E+00  -2.14424E+00  -2.23726E+00  -2.52555E+00  -2.37516E+00  -2.89938E+00  -2.43432E+00  -3.25656E+00  -2.40535E+00  -3.58847E+00  -2.28153E+00  -3.88715E+00  -2.05886E+00  -4.14556E+00  -1.73620E+00  -4.35770E+00  -1.31524E+00  -4.51893E+00  -8.00359E-01  -4.62616E+00  -1.98565E-01  -4.67812E+00   4.80798E-01  -4.67565E+00   1.22632E+00  -4.62196E+00
 5.56000E+01  -2.06779E+00  -2.12768E+00  -2.27610E+00  -2.50657E+00  -2.41638E+00  -2.87816E+00  -2.47660E+00  -3.23332E+00  -2.44725E+00  -3.56342E+00  -2.32149E+00  -3.86050E+00  -2.09533E+00  -4.11747E+00  -1.76764E+00  -4.32831E+00  -1.34017E+00  -4.48829E+00  -8.17420E-01  -4.59428E+00  -2.06548E-01  -4.64493E+00   4.82922E-01  -4.64102E+00   1.23937E+00  -4.58574E+00
 5.60000E+01  -2.10341E+00  -2.11048E+00  -2.31527E+00  -2.48692E+00  -2.45794E+00  -2.85627E+00  -2.51923E+00  -3.20944E+00  -2.48946E+00  -3.53779E+00  -2.36175E+00  -3.83337E+00  -2.13205E+00  -4.08904E+00  -1.79927E+00  -4.29873E+00  -1.36521E+00  -4.45767E+00  -8.34504E-01  -4.56263E+00  -2.14455E-01  -4.61222E+00   4.85228E-01  -4.60715E+00   1.25273E+00  -4.55053E+00
 5.64000E+01  -2.13932E+00  -2.09263E+00  -2.35475E+00  -2.46657E+00  -2.49983E+00  -2.83368E+00  -2.56218E+00  -3.18487E+00  -2.53199E+00  -3.51154E+00  -2.40229E+00  -3.80571E+00  -2.16901E+00  -4.06021E+00  -1.83107E+00  -4.26893E+00  -1.39035E+00  -4.42702E+00  -8.51608E-01  -4.53120E+00  -2.22288E-01  -4.57997E+00   4.87709E-01  -4.57400E+00   1.26636E+00  -4.51635E+00
 5.68000E+01  -2.17551E+00  -2.07408E+00  -2.39453E+00  -2.44549E+00  -2.54204E+00  -2.81034E+00  -2.60544E+00  -3.15959E+00  -2.57481E+00  -3.48464E+00  -2.44309E+00  -3.77750E+00  -2.20619E+00  -4.03097E+00  -1.86304E+00  -4.23889E+00  -1.41560E+00  -4.39634E+00  -8.68731E-01  -4.49995E+00  -2.30052E-01  -4.54818E+00   4.90358E-01  -4.54159E+00   1.28027E+00  -4.48318E+00
 5.73000E+01  -2.22112E+00  -2.04988E+00  -2.44466E+00  -2.41806E+00  -2.59520E+00  -2.78007E+00  -2.65992E+00  -3.12691E+00  -2.62873E+00  -3.45002E+00  -2.49445E+00  -3.74139E+00  -2.25296E+00  -3.99378E+00  -1.90322E+00  -4.20094E+00  -1.44728E+00  -4.35789E+00  -8.90159E-01  -4.46114E+00  -2.39661E-01  -4.50904E+00   4.93894E-01  -4.50207E+00   1.29802E+00  -4.44315E+00
 5.77000E+01  -2.25787E+00  -2.02967E+00  -2.48505E+00  -2.39521E+00  -2.63804E+00  -2.75493E+00  -2.70381E+00  -3.09988E+00  -2.67215E+00  -3.42151E+00  -2.53580E+00  -3.71180E+00  -2.29059E+00  -3.96347E+00  -1.93553E+00  -4.17024E+00  -1.47272E+00  -4.32702E+00  -9.07317E-01  -4.43026E+00  -2.47275E-01  -4.47821E+00   4.96892E-01  -4.47126E+00   1.31248E+00  -4.41227E+00
 5.81000E+01  -2.29485E+00  -2.00867E+00  -2.52569E+00  -2.37152E+00  -2.68112E+00  -2.72893E+00  -2.74795E+00  -3.07201E+00  -2.71581E+00  -3.39222E+00  -2.57736E+00  -3.68153E+00  -2.32840E+00  -3.93264E+00  -1.96797E+00  -4.13919E+00  -1.49824E+00  -4.29602E+00  -9.24483E-01  -4.39950E+00  -2.54825E-01  -4.44778E+00   5.00034E-01  -4.44116E+00   1.32718E+00  -4.38241E+00
 5.85000E+01  -2.33202E+00  -1.98685E+00  -2.56653E+00  -2.34696E+00  -2.72442E+00  -2.70204E+00  -2.79230E+00  -3.04327E+00  -2.75967E+00  -3.36212E+00  -2.61910E+00  -3.65056E+00  -2.36637E+00  -3.90125E+00  -2.00052E+00  -4.10777E+00  -1.52382E+00  -4.26488E+00  -9.41655E-01  -4.36885E+00  -2.62313E-01  -4.41774E+00   5.03310E-01  -4.41175E+00   1.34209E+00  -4.35356E+00
 5.89000E+01  -2.36937E+00  -1.96419E+00  -2.60756E+00  -2.32149E+00  -2.76792E+00  -2.67423E+00  -2.83686E+00  -3.01362E+00  -2.80372E+00  -3.33117E+00  -2.66101E+00  -3.61885E+00  -2.40447E+00  -3.86927E+00  -2.03317E+00  -4.07595E+00  -1.54945E+00  -4.23357E+00  -9.58825E-01  -4.33829E+00  -2.69740E-01  -4.38808E+00   5.06713E-01  -4.38302E+00   1.35719E+00  -4.32573E+00
 5.94000E+01  -2.41626E+00  -1.93463E+00  -2.65908E+00  -2.28834E+00  -2.82253E+00  -2.63811E+00  -2.89277E+00  -2.97523E+00  -2.85900E+00  -3.29125E+00  -2.71359E+00  -3.57812E+00  -2.45226E+00  -3.82842E+00  -2.07410E+00  -4.03557E+00  -1.58155E+00  -4.19415E+00  -9.80278E-01  -4.30019E+00  -2.78939E-01  -4.35151E+00   5.11132E-01  -4.34808E+00   1.37632E+00  -4.29237E+00
 5.98000E+01  -2.45391E+00  -1.90996E+00  -2.70044E+00  -2.26073E+00  -2.86636E+00  -2.60809E+00  -2.93766E+00  -2.94341E+00  -2.90337E+00  -3.25828E+00  -2.75578E+00  -3.54463E+00  -2.49059E+00  -3.79499E+00  -2.10690E+00  -4.00274E+00  -1.60725E+00  -4.16236E+00  -9.97423E-01  -4.26976E+00  -2.86231E-01  -4.32265E+00   5.14789E-01  -4.32089E+00   1.39181E+00  -4.26683E+00
 6.02000E+01  -2.49164E+00  -1.88435E+00  -2.74189E+00  -2.23211E+00  -2.91029E+00  -2.57704E+00  -2.98263E+00  -2.91058E+00  -2.94782E+00  -3.22435E+00  -2.79805E+00  -3.51029E+00  -2.52897E+00  -3.76088E+00  -2.13975E+00  -3.96943E+00  -1.63297E+00  -4.13032E+00  -1.01455E+00  -4.23937E+00  -2.93464E-01  -4.29414E+00   5.18545E-01  -4.29436E+00   1.40743E+00  -4.24231E+00
 6.06000E+01  -2.52944E+00  -1.85778E+00  -2.78340E+00  -2.20245E+00  -2.95428E+00  -2.54492E+00  -3.02767E+00  -2.87670E+00  -2.99232E+00  -3.18943E+00  -2.84035E+00  -3.47507E+00  -2.56739E+00  -3.72605E+00  -2.17261E+00  -3.93561E+00  -1.65868E+00  -4.09802E+00  -1.03164E+00  -4.20898E+00  -3.00638E-01  -4.26594E+00   5.22390E-01  -4.26850E+00   1.42318E+00  -4.21881E+00
 6.11000E+01  -2.57670E+00  -1.82316E+00  -2.83532E+00  -2.16388E+00  -3.00930E+00  -2.50323E+00  -3.08399E+00  -2.83282E+00  -3.04797E+00  -3.14435E+00  -2.89325E+00  -3.42977E+00  -2.61541E+00  -3.68146E+00  -2.21366E+00  -3.89256E+00  -1.69077E+00  -4.05723E+00  -1.05294E+00  -4.17100E+00  -3.09521E-01  -4.23114E+00   5.27308E-01  -4.23710E+00   1.44300E+00  -4.19088E+00
 6.15000E+01  -2.61450E+00  -1.79432E+00  -2.87683E+00  -2.13180E+00  -3.05328E+00  -2.46861E+00  -3.12902E+00  -2.79646E+00  -3.09246E+00  -3.10710E+00  -2.93553E+00  -3.39246E+00  -2.65379E+00  -3.64491E+00  -2.24646E+00  -3.85749E+00  -1.71640E+00  -4.02424E+00  -1.06993E+00  -4.14058E+00  -3.16560E-01  -4.20365E+00   5.31320E-01  -4.21272E+00   1.45895E+00  -4.16968E+00
 6.20000E+01  -2.66165E+00  -1.75680E+00  -2.92862E+00  -2.09011E+00  -3.10817E+00  -2.42369E+00  -3.18519E+00  -2.74940E+00  -3.14796E+00  -3.05901E+00  -2.98827E+00  -3.34447E+00  -2.70165E+00  -3.59809E+00  -2.28736E+00  -3.81281E+00  -1.74834E+00  -3.98254E+00  -1.09107E+00  -4.10251E+00  -3.25273E-01  -4.16968E+00   5.36416E-01  -4.18315E+00   1.47896E+00  -4.14461E+00
 6.24000E+01  -2.69926E+00  -1.72558E+00  -2.96993E+00  -2.05546E+00  -3.15194E+00  -2.38643E+00  -3.23000E+00  -2.71042E+00  -3.19222E+00  -3.01928E+00  -3.03033E+00  -3.30495E+00  -2.73982E+00  -3.55969E+00  -2.31996E+00  -3.77637E+00  -1.77379E+00  -3.94877E+00  -1.10789E+00  -4.07199E+00  -3.32173E-01  -4.14283E+00   5.40544E-01  -4.16022E+00   1.49500E+00  -4.12572E+00
 6.29000E+01  -2.74605E+00  -1.68501E+00  -3.02133E+00  -2.01049E+00  -3.20640E+00  -2.33813E+00  -3.28575E+00  -2.66000E+00  -3.24730E+00  -2.96800E+00  -3.08267E+00  -3.25409E+00  -2.78730E+00  -3.51048E+00  -2.36052E+00  -3.72991E+00  -1.80543E+00  -3.90603E+00  -1.12879E+00  -4.03374E+00  -3.40707E-01  -4.10964E+00   5.45751E-01  -4.13245E+00   1.51506E+00  -4.10354E+00
 6.33000E+01  -2.78326E+00  -1.65130E+00  -3.06220E+00  -1.97316E+00  -3.24972E+00  -2.29810E+00  -3.33009E+00  -2.61827E+00  -3.29110E+00  -2.92567E+00  -3.12429E+00  -3.21223E+00  -2.82507E+00  -3.47012E+00  -2.39276E+00  -3.69201E+00  -1.83058E+00  -3.87140E+00  -1.14539E+00  -4.00305E+00  -3.47460E-01  -4.08337E+00   5.49941E-01  -4.11094E+00   1.53107E+00  -4.08694E+00
 6.38000E+01  -2.82941E+00  -1.60757E+00  -3.11290E+00  -1.92479E+00  -3.30345E+00  -2.24627E+00  -3.38509E+00  -2.56435E+00  -3.34544E+00  -2.87107E+00  -3.17593E+00  -3.15838E+00  -2.87192E+00  -3.41839E+00  -2.43277E+00  -3.64366E+00  -1.86177E+00  -3.82753E+00  -1.16596E+00  -3.96454E+00  -3.55806E-01  -4.05090E+00   5.55191E-01  -4.08493E+00   1.55101E+00  -4.06763E+00
 6.42000E+01  -2.86599E+00  -1.57129E+00  -3.15308E+00  -1.88469E+00  -3.34604E+00  -2.20337E+00  -3.42869E+00  -2.51978E+00  -3.38853E+00  -2.82602E+00  -3.21687E+00  -3.11407E+00  -2.90906E+00  -3.37598E+00  -2.46448E+00  -3.60420E+00  -1.88650E+00  -3.79195E+00  -1.18227E+00  -3.93361E+00  -3.62403E-01  -4.02518E+00   5.59386E-01  -4.06482E+00   1.56687E+00  -4.05333E+00
 6.47000E+01  -2.91119E+00  -1.52430E+00  -3.20275E+00  -1.83281E+00  -3.39869E+00  -2.14792E+00  -3.48260E+00  -2.46225E+00  -3.44180E+00  -2.76799E+00  -3.26750E+00  -3.05711E+00  -2.95500E+00  -3.32163E+00  -2.50371E+00  -3.55387E+00  -1.91709E+00  -3.74686E+00  -1.20242E+00  -3.89477E+00  -3.70545E-01  -3.99337E+00   5.64605E-01  -4.04055E+00   1.58653E+00  -4.03688E+00
 6.52000E+01  -2.95573E+00  -1.47547E+00  -3.25170E+00  -1.77894E+00  -3.45058E+00  -2.09042E+00  -3.53574E+00  -2.40268E+00  -3.49432E+00  -2.70801E+00  -3.31742E+00  -2.99840E+00  -3.00030E+00  -3.26580E+00  -2.54240E+00  -3.50241E+00  -1.94725E+00  -3.70107E+00  -1.22230E+00  -3.85573E+00  -3.78568E-01  -3.96190E+00   5.69773E-01  -4.01722E+00   1.60597E+00  -4.02201E+00
 6.56000E+01  -2.99082E+00  -1.43508E+00  -3.29026E+00  -1.73442E+00  -3.49147E+00  -2.04293E+00  -3.57762E+00  -2.35354E+00  -3.53571E+00  -2.65861E+00  -3.35677E+00  -2.95015E+00  -3.03602E+00  -3.22005E+00  -2.57291E+00  -3.46041E+00  -1.97105E+00  -3.66392E+00  -1.23798E+00  -3.82434E+00  -3.84896E-01  -3.93696E+00   5.73855E-01  -3.99922E+00   1.62131E+00  -4.01124E+00
 6.61000E+01  -3.03390E+00  -1.38292E+00  -3.33762E+00  -1.67696E+00  -3.54169E+00  -1.98171E+00  -3.62907E+00  -2.29026E+00  -3.58658E+00  -2.59510E+00  -3.40515E+00  -2.88823E+00  -3.07994E+00  -3.16150E+00  -2.61043E+00  -3.40686E+00  -2.00031E+00  -3.61682E+00  -1.25728E+00  -3.78488E+00  -3.92689E-01  -3.90608E+00   5.78872E-01  -3.97756E+00   1.64019E+00  -3.99918E+00
 6.66000E+01  -3.07601E+00  -1.32892E+00  -3.38392E+00  -1.61751E+00  -3.59081E+00  -1.91841E+00  -3.67941E+00  -2.22492E+00  -3.63637E+00  -2.52961E+00  -3.45250E+00  -2.82453E+00  -3.12294E+00  -3.10143E+00  -2.64719E+00  -3.35215E+00  -2.02900E+00  -3.56899E+00  -1.27620E+00  -3.74519E+00  -4.00344E-01  -3.87551E+00   5.83769E-01  -3.95681E+00   1.65867E+00  -3.98865E+00
 6.71000E+01  -3.11704E+00  -1.27306E+00  -3.42905E+00  -1.55607E+00  -3.63870E+00  -1.85305E+00  -3.72850E+00  -2.15752E+00  -3.68493E+00  -2.46216E+00  -3.49872E+00  -2.75904E+00  -3.16493E+00  -3.03985E+00  -2.68309E+00  -3.29628E+00  -2.05703E+00  -3.52041E+00  -1.29471E+00  -3.70525E+00  -4.07857E-01  -3.84525E+00   5.88521E-01  -3.93695E+00   1.67671E+00  -3.97965E+00
 6.76000E+01  -3.15688E+00  -1.21538E+00  -3.47288E+00  -1.49266E+00  -3.68523E+00  -1.78565E+00  -3.77621E+00  -2.08808E+00  -3.73216E+00  -2.39276E+00  -3.54368E+00  -2.69178E+00  -3.20580E+00  -2.97676E+00  -2.71806E+00  -3.23924E+00  -2.08436E+00  -3.47110E+00  -1.31278E+00  -3.66505E+00  -4.15218E-01  -3.81527E+00   5.93103E-01  -3.91797E+00   1.69424E+00  -3.97214E+00
 6.80000E+01  -3.18781E+00  -1.16794E+00  -3.50693E+00  -1.44052E+00  -3.72138E+00  -1.73027E+00  -3.81331E+00  -2.03108E+00  -3.76889E+00  -2.33586E+00  -3.57866E+00  -2.63671E+00  -3.23762E+00  -2.92521E+00  -2.74530E+00  -3.19278E+00  -2.10566E+00  -3.43112E+00  -1.32689E+00  -3.63271E+00  -4.20994E-01  -3.79149E+00   5.96628E-01  -3.90340E+00   1.70785E+00  -3.96720E+00
 6.85000E+01  -3.22521E+00  -1.10704E+00  -3.54811E+00  -1.37363E+00  -3.76513E+00  -1.65926E+00  -3.85821E+00  -1.95805E+00  -3.81338E+00  -2.26302E+00  -3.62105E+00  -2.56632E+00  -3.27620E+00  -2.85946E+00  -2.77836E+00  -3.13369E+00  -2.13155E+00  -3.38049E+00  -1.34406E+00  -3.59207E+00  -4.28067E-01  -3.76201E+00   6.00837E-01  -3.88596E+00   1.72431E+00  -3.96232E+00
 6.90000E+01  -3.26108E+00  -1.04440E+00  -3.58763E+00  -1.30486E+00  -3.80715E+00  -1.58630E+00  -3.90136E+00  -1.88307E+00  -3.85616E+00  -2.18833E+00  -3.66185E+00  -2.49425E+00  -3.31337E+00  -2.79227E+00  -2.81023E+00  -3.07349E+00  -2.15654E+00  -3.32915E+00  -1.36067E+00  -3.55117E+00  -4.34969E-01  -3.73280E+00   6.04804E-01  -3.86934E+00   1.74009E+00  -3.95886E+00
 6.95000E+01  -3.29532E+00  -9.80068E-01  -3.62538E+00  -1.23427E+00  -3.84730E+00  -1.51145E+00  -3.94263E+00  -1.80621E+00  -3.89710E+00  -2.11184E+00  -3.70094E+00  -2.42054E+00  -3.34900E+00  -2.72369E+00  -2.84084E+00  -3.01222E+00  -2.18057E+00  -3.27713E+00  -1.37670E+00  -3.51004E+00  -4.41692E-01  -3.70386E+00   6.08503E-01  -3.85352E+00   1.75512E+00  -3.95677E+00
 7.00000E+01  -3.32782E+00  -9.14107E-01  -3.66122E+00  -1.16192E+00  -3.88546E+00  -1.43478E+00  -3.98188E+00  -1.72752E+00  -3.93608E+00  -2.03360E+00  -3.73819E+00  -2.34525E+00  -3.38301E+00  -2.65376E+00  -2.87008E+00  -2.94991E+00  -2.20358E+00  -3.22444E+00  -1.39210E+00  -3.46868E+00  -4.48229E-01  -3.67517E+00   6.11908E-01  -3.83849E+00   1.76936E+00  -3.95601E+00
 7.05000E+01  -3.35845E+00  -8.46582E-01  -3.69505E+00  -1.08788E+00  -3.92150E+00  -1.35635E+00  -4.01899E+00  -1.64710E+00  -3.97298E+00  -1.95371E+00  -3.77349E+00  -2.26845E+00  -3.41528E+00  -2.58255E+00  -2.89788E+00  -2.88661E+00  -2.22551E+00  -3.17113E+00  -1.40683E+00  -3.42711E+00  -4.54573E-01  -3.64674E+00   6.14996E-01  -3.82421E+00   1.78273E+00  -3.95655E+00
 7.10000E+01  -3.38711E+00  -7.77570E-01  -3.72673E+00  -1.01224E+00  -3.95530E+00  -1.27626E+00  -4.05384E+00  -1.56501E+00  -4.00767E+00  -1.87223E+00  -3.80673E+00  -2.19021E+00  -3.44571E+00  -2.51011E+00  -2.92415E+00  -2.82237E+00  -2.24629E+00  -3.11723E+00  -1.42087E+00  -3.38534E+00  -4.60716E-01  -3.61856E+00   6.17743E-01  -3.81067E+00   1.79520E+00  -3.95833E+00
 7.16000E+01  -3.41876E+00  -6.92912E-01  -3.76176E+00  -9.19480E-01  -3.99273E+00  -1.17810E+00  -4.09249E+00  -1.46446E+00  -4.04622E+00  -1.77249E+00  -3.84374E+00  -2.09455E+00  -3.47968E+00  -2.42169E+00  -2.95355E+00  -2.74414E+00  -2.26964E+00  -3.05182E+00  -1.43674E+00  -3.33500E+00  -4.67815E-01  -3.58507E+00   6.20556E-01  -3.79535E+00   1.80887E+00  -3.96202E+00
 7.21000E+01  -3.44273E+00  -6.20940E-01  -3.78833E+00  -8.40646E-01  -4.02118E+00  -1.09470E+00  -4.12193E+00  -1.37908E+00  -4.07564E+00  -1.68788E+00  -3.87206E+00  -2.01347E+00  -3.50575E+00  -2.34685E+00  -2.97620E+00  -2.67807E+00  -2.28770E+00  -2.99677E+00  -1.44911E+00  -3.29290E+00  -4.73494E-01  -3.55744E+00   6.22473E-01  -3.78332E+00   1.81914E+00  -3.96633E+00
 7.26000E+01  -3.46441E+00  -5.47783E-01  -3.81243E+00  -7.60536E-01  -4.04702E+00  -1.00999E+00  -4.14874E+00  -1.29240E+00  -4.10251E+00  -1.60201E+00  -3.89799E+00  -1.93126E+00  -3.52969E+00  -2.27106E+00  -2.99707E+00  -2.61128E+00  -2.30444E+00  -2.94129E+00  -1.46069E+00  -3.25068E+00  -4.78951E-01  -3.53006E+00   6.23980E-01  -3.77193E+00   1.82832E+00  -3.97169E+00
 7.31000E+01  -3.48372E+00  -4.73554E-01  -3.83394E+00  -6.79272E-01  -4.07017E+00  -9.24079E-01  -4.17282E+00  -1.20452E+00  -4.12672E+00  -1.51502E+00  -3.92144E+00  -1.84804E+00  -3.55142E+00  -2.19443E+00  -3.01611E+00  -2.54386E+00  -2.31980E+00  -2.88543E+00  -1.47143E+00  -3.20839E+00  -4.84183E-01  -3.50293E+00   6.25057E-01  -3.76116E+00   1.83639E+00  -3.97804E+00
 7.37000E+01  -3.50366E+00  -3.83232E-01  -3.85624E+00  -5.80415E-01  -4.09426E+00  -8.19605E-01  -4.19799E+00  -1.09771E+00  -4.15214E+00  -1.40933E+00  -3.94618E+00  -1.74701E+00  -3.57450E+00  -2.10150E+00  -3.03647E+00  -2.46224E+00  -2.33638E+00  -2.81799E+00  -1.48319E+00  -3.15758E+00  -4.90154E-01  -3.47071E+00   6.25760E-01  -3.74898E+00   1.84453E+00  -3.98687E+00
 7.42000E+01  -3.51749E+00  -3.07073E-01  -3.87179E+00  -4.97077E-01  -4.11116E+00  -7.31559E-01  -4.21576E+00  -1.00772E+00  -4.17022E+00  -1.32035E+00  -3.96390E+00  -1.66201E+00  -3.59114E+00  -2.02338E+00  -3.05128E+00  -2.39373E+00  -2.34859E+00  -2.76153E+00  -1.49202E+00  -3.11523E+00  -4.94870E-01  -3.44415E+00   6.25835E-01  -3.73943E+00   1.84998E+00  -3.99514E+00
 7.47000E+01  -3.52873E+00  -2.30246E-01  -3.88454E+00  -4.13025E-01  -4.12512E+00  -6.42778E-01  -4.23056E+00  -9.17008E-01  -4.18539E+00  -1.23068E+00  -3.97891E+00  -1.57641E+00  -3.60538E+00  -1.94479E+00  -3.06410E+00  -2.32489E+00  -2.35930E+00  -2.70490E+00  -1.49995E+00  -3.07293E+00  -4.99346E-01  -3.41785E+00   6.25432E-01  -3.73038E+00   1.85420E+00  -4.00417E+00
 7.53000E+01  -3.53874E+00  -1.37366E-01  -3.89603E+00  -3.11429E-01  -4.13789E+00  -5.35493E-01  -4.24430E+00  -8.07427E-01  -4.19968E+00  -1.12241E+00  -3.99327E+00  -1.47310E+00  -3.61923E+00  -1.85001E+00  -3.07679E+00  -2.24198E+00  -2.37015E+00  -2.63685E+00  -1.50826E+00  -3.02227E+00  -5.04395E-01  -3.38664E+00   6.24303E-01  -3.72014E+00   1.85759E+00  -4.01589E+00
 7.58000E+01  -3.54412E+00  -5.95612E-02  -3.90241E+00  -2.26337E-01  -4.14518E+00  -4.45656E-01  -4.25235E+00  -7.15693E-01  -4.20829E+00  -1.03180E+00  -4.00215E+00  -1.38669E+00  -3.62803E+00  -1.77080E+00  -3.08510E+00  -2.17276E+00  -2.37750E+00  -2.58013E+00  -1.51415E+00  -2.98020E+00  -5.08334E-01  -3.36093E+00   6.22812E-01  -3.71207E+00   1.85901E+00  -4.02631E+00
 7.64000E+01  -3.54700E+00   3.40725E-02  -3.90616E+00  -1.23950E-01  -4.14984E+00  -3.37579E-01  -4.25790E+00  -6.05362E-01  -4.21462E+00  -9.22864E-01  -4.00906E+00  -1.28286E+00  -3.63526E+00  -1.67567E+00  -3.09230E+00  -2.08971E+00  -2.38426E+00  -2.51219E+00  -1.51998E+00  -2.92995E+00  -5.12736E-01  -3.33045E+00   6.20355E-01  -3.70289E+00   1.85898E+00  -4.03946E+00
 7.69000E+01  -3.54640E+00   1.12150E-01  -3.90603E+00  -3.85843E-02  -4.15031E+00  -2.47486E-01  -4.25907E+00  -5.13410E-01  -4.21653E+00  -8.32101E-01  -4.01169E+00  -1.19637E+00  -3.63851E+00  -1.59648E+00  -3.09600E+00  -2.02065E+00  -2.38817E+00  -2.45577E+00  -1.52381E+00  -2.88833E+00  -5.16133E-01  -3.30536E+00   6.17744E-01  -3.69563E+00   1.85751E+00  -4.05087E+00
 7.75000E+01  -3.54208E+00   2.05680E-01  -3.90195E+00   6.36631E-02  -4.14678E+00  -1.39593E-01  -4.25633E+00  -4.03313E-01  -4.21479E+00  -7.23455E-01  -4.01108E+00  -1.09289E+00  -3.63907E+00  -1.50178E+00  -3.09766E+00  -1.93810E+00  -2.39079E+00  -2.38842E+00  -1.52715E+00  -2.83875E+00  -5.19886E-01  -3.27564E+00   6.13935E-01  -3.68731E+00   1.85402E+00  -4.06497E+00
 7.80000E+01  -3.53549E+00   2.83311E-01  -3.89531E+00   1.48521E-01  -4.14042E+00  -5.00619E-02  -4.25060E+00  -3.11969E-01  -4.20999E+00  -6.33335E-01  -4.00744E+00  -1.00708E+00  -3.63675E+00  -1.42327E+00  -3.09675E+00  -1.86972E+00  -2.39126E+00  -2.33268E+00  -1.52890E+00  -2.79780E+00  -5.22746E-01  -3.25120E+00   6.10197E-01  -3.68067E+00   1.84967E+00  -4.07697E+00
 7.86000E+01  -3.52402E+00   3.75876E-01  -3.88347E+00   2.49692E-01  -4.12876E+00   5.66693E-02  -4.23965E+00  -2.03093E-01  -4.20026E+00  -5.25938E-01  -3.99937E+00  -9.04840E-01  -3.63069E+00  -1.32978E+00  -3.09292E+00  -1.78832E+00  -2.38979E+00  -2.26638E+00  -1.52978E+00  -2.74917E+00  -5.25863E-01  -3.22228E+00   6.05041E-01  -3.67299E+00   1.84273E+00  -4.09155E+00
 7.91000E+01  -3.51155E+00   4.52351E-01  -3.87043E+00   3.33271E-01  -4.11571E+00   1.44831E-01  -4.22716E+00  -1.13170E-01  -4.18888E+00  -4.37251E-01  -3.98959E+00  -8.20430E-01  -3.62292E+00  -1.25261E+00  -3.08749E+00  -1.72116E+00  -2.38688E+00  -2.21172E+00  -1.52950E+00  -2.70911E+00  -5.28201E-01  -3.19853E+00   6.00192E-01  -3.66680E+00   1.83554E+00  -4.10376E+00
 7.97000E+01  -3.49314E+00   5.43116E-01  -3.85104E+00   4.32459E-01  -4.09613E+00   2.49451E-01  -4.20822E+00  -6.47220E-03  -4.17138E+00  -3.32033E-01  -3.97427E+00  -7.20303E-01  -3.61042E+00  -1.16109E+00  -3.07833E+00  -1.64154E+00  -2.38144E+00  -2.14693E+00  -1.52799E+00  -2.66167E+00  -5.30703E-01  -3.17045E+00   5.93722E-01  -3.65957E+00   1.82525E+00  -4.11836E+00
 8.03000E+01  -3.47108E+00   6.32565E-01  -3.82768E+00   5.30203E-01  -4.07240E+00   3.52538E-01  -4.18508E+00   9.86538E-02  -4.14979E+00  -2.28376E-01  -3.95513E+00  -6.21673E-01  -3.59454E+00  -1.07095E+00  -3.06636E+00  -1.56313E+00  -2.37389E+00  -2.08315E+00  -1.52522E+00  -2.61498E+00  -5.32883E-01  -3.14284E+00   5.86559E-01  -3.65250E+00   1.81319E+00  -4.13280E+00
 8.09000E+01  -3.44547E+00   7.20475E-01  -3.80047E+00   6.26261E-01  -4.04464E+00   4.53841E-01  -4.15788E+00   2.01954E-01  -4.12424E+00  -1.26526E-01  -3.93230E+00  -5.24770E-01  -3.57538E+00  -9.82400E-01  -3.05168E+00  -1.48611E+00  -2.36433E+00  -2.02050E+00  -1.52123E+00  -2.56912E+00  -5.34753E-01  -3.11571E+00   5.78726E-01  -3.64554E+00   1.79942E+00  -4.14693E+00
 8.15000E+01  -3.41646E+00   8.06640E-01  -3.76957E+00   7.20407E-01  -4.01300E+00   5.53124E-01  -4.12676E+00   3.03189E-01  -4.09489E+00  -2.67158E-02  -3.90592E+00  -4.29810E-01  -3.55306E+00  -8.95621E-01  -3.03438E+00  -1.41062E+00  -2.35282E+00  -1.95909E+00  -1.51608E+00  -2.52415E+00  -5.36325E-01  -3.08907E+00   5.70246E-01  -3.63863E+00   1.78401E+00  -4.16066E+00
 8.20000E+01  -3.38980E+00   8.76970E-01  -3.74110E+00   7.97250E-01  -3.98380E+00   6.34157E-01  -4.09796E+00   3.85815E-01  -4.06765E+00   5.47464E-02  -3.88134E+00  -3.52304E-01  -3.53217E+00  -8.24788E-01  -3.01806E+00  -1.34900E+00  -2.34181E+00  -1.90894E+00  -1.51093E+00  -2.48740E+00  -5.37418E-01  -3.06725E+00   5.62706E-01  -3.63287E+00   1.76996E+00  -4.17171E+00
 8.26000E+01  -3.35495E+00   9.59443E-01  -3.70385E+00   8.87358E-01  -3.94552E+00   7.29179E-01  -4.06013E+00   4.82703E-01  -4.03177E+00   1.50274E-01  -3.84888E+00  -2.61411E-01  -3.50446E+00  -7.41709E-01  -2.99629E+00  -1.27670E+00  -2.32697E+00  -1.85007E+00  -1.50378E+00  -2.44421E+00  -5.38481E-01  -3.04154E+00   5.53117E-01  -3.62594E+00   1.75173E+00  -4.18442E+00
 8.32000E+01  -3.31715E+00   1.03967E+00  -3.66340E+00   9.75007E-01  -3.90390E+00   8.21607E-01  -4.01892E+00   5.76950E-01  -3.99261E+00   2.43201E-01  -3.81334E+00  -1.72980E-01  -3.47403E+00  -6.60863E-01  -2.97227E+00  -1.20632E+00  -2.31045E+00  -1.79272E+00  -1.49562E+00  -2.40206E+00  -5.39289E-01  -3.01633E+00   5.42970E-01  -3.61894E+00   1.73209E+00  -4.19644E+00
 8.38000E+01  -3.27660E+00   1.11749E+00  -3.61994E+00   1.06004E+00  -3.85913E+00   9.11278E-01  -3.97455E+00   6.68389E-01  -3.95037E+00   3.33369E-01  -3.77494E+00  -8.71610E-02  -3.44105E+00  -5.82382E-01  -2.94614E+00  -1.13796E+00  -2.29236E+00  -1.73696E+00  -1.48652E+00  -2.36100E+00  -5.39858E-01  -2.99163E+00   5.32299E-01  -3.61182E+00   1.71111E+00  -4.20769E+00
 8.44000E+01  -3.23348E+00   1.19280E+00  -3.57370E+00   1.14232E+00  -3.81145E+00   9.98048E-01  -3.92722E+00   7.56877E-01  -3.90526E+00   4.20638E-01  -3.73387E+00  -4.08308E-03  -3.40571E+00  -5.06378E-01  -2.91805E+00  -1.07171E+00  -2.27281E+00  -1.68285E+00  -1.47654E+00  -2.32106E+00  -5.40205E-01  -2.96745E+00   5.21142E-01  -3.60457E+00   1.68890E+00  -4.21809E+00
 8.51000E+01  -3.18018E+00   1.27733E+00  -3.51652E+00   1.23468E+00  -3.75242E+00   1.09545E+00  -3.86860E+00   8.56221E-01  -3.84932E+00   5.18630E-01  -3.68285E+00   8.92314E-02  -3.36174E+00  -4.20967E-01  -2.88301E+00  -9.97201E-01  -2.24832E+00  -1.62191E+00  -1.46389E+00  -2.27593E+00  -5.40354E-01  -2.93990E+00   5.07561E-01  -3.59588E+00   1.66155E+00  -4.22908E+00
 8.57000E+01  -3.13218E+00   1.34684E+00  -3.46498E+00   1.31062E+00  -3.69919E+00   1.17555E+00  -3.81568E+00   9.37924E-01  -3.79878E+00   5.99239E-01  -3.63671E+00   1.66020E-01  -3.32190E+00  -3.50640E-01  -2.85120E+00  -9.35787E-01  -2.22600E+00  -1.57158E+00  -1.45225E+00  -2.23852E+00  -5.40283E-01  -2.91685E+00   4.95481E-01  -3.58822E+00   1.63700E+00  -4.23746E+00
 8.63000E+01  -3.08223E+00   1.41354E+00  -3.41133E+00   1.38351E+00  -3.64376E+00   1.25244E+00  -3.76055E+00   1.01636E+00  -3.74608E+00   6.76645E-01  -3.58857E+00   2.39786E-01  -3.28030E+00  -2.83038E-01  -2.81792E+00  -8.76688E-01  -2.20260E+00  -1.52306E+00  -1.43996E+00  -2.20231E+00  -5.40046E-01  -2.89431E+00   4.83036E-01  -3.58034E+00   1.61152E+00  -4.24483E+00
 8.69000E+01  -3.03056E+00   1.47740E+00  -3.35581E+00   1.45330E+00  -3.58637E+00   1.32606E+00  -3.70343E+00   1.09148E+00  -3.69147E+00   7.50794E-01  -3.53863E+00   3.10480E-01  -3.23710E+00  -2.18202E-01  -2.78334E+00  -8.19937E-01  -2.17822E+00  -1.47636E+00  -1.42709E+00  -2.16730E+00  -5.39662E-01  -2.87229E+00   4.70266E-01  -3.57221E+00   1.58522E+00  -4.25116E+00
 8.75000E+01  -2.97735E+00   1.53839E+00  -3.29862E+00   1.51995E+00  -3.52724E+00   1.39637E+00  -3.64457E+00   1.16324E+00  -3.63515E+00   8.21652E-01  -3.48711E+00   3.78071E-01  -3.19251E+00  -1.56161E-01  -2.74759E+00  -7.65557E-01  -2.15298E+00  -1.43150E+00  -1.41370E+00  -2.13352E+00  -5.39149E-01  -2.85079E+00   4.57209E-01  -3.56384E+00   1.55819E+00  -4.25642E+00
 8.82000E+01  -2.91360E+00   1.60588E+00  -3.23009E+00   1.59371E+00  -3.45636E+00   1.47421E+00  -3.57398E+00   1.24269E+00  -3.56760E+00   9.00138E-01  -3.42529E+00   4.52987E-01  -3.13896E+00  -8.73266E-02  -2.70463E+00  -7.05119E-01  -2.12260E+00  -1.38150E+00  -1.39753E+00  -2.09564E+00  -5.38410E-01  -2.82634E+00   4.41665E-01  -3.55373E+00   1.52587E+00  -4.26119E+00
 8.88000E+01  -2.85773E+00   1.66059E+00  -3.17002E+00   1.65351E+00  -3.39422E+00   1.53732E+00  -3.51210E+00   1.30714E+00  -3.50835E+00   9.63830E-01  -3.37104E+00   5.13824E-01  -3.09196E+00  -3.13629E-02  -2.66690E+00  -6.55888E-01  -2.09588E+00  -1.34063E+00  -1.38326E+00  -2.06448E+00  -5.37675E-01  -2.80592E+00   4.28116E-01  -3.54477E+00   1.49760E+00  -4.26410E+00
 8.94000E+01  -2.80093E+00   1.71243E+00  -3.10895E+00   1.71018E+00  -3.33104E+00   1.59714E+00  -3.44915E+00   1.36823E+00  -3.44808E+00   1.02423E+00  -3.31585E+00   5.71565E-01  -3.04412E+00   2.18145E-02  -2.62847E+00  -6.09017E-01  -2.06865E+00  -1.30159E+00  -1.36868E+00  -2.03452E+00  -5.36864E-01  -2.78601E+00   4.14396E-01  -3.53554E+00   1.46890E+00  -4.26592E+00
 9.01000E+01  -2.73372E+00   1.76930E+00  -3.03667E+00   1.77236E+00  -3.25625E+00   1.66279E+00  -3.37465E+00   1.43531E+00  -3.37673E+00   1.09060E+00  -3.25050E+00   6.35055E-01  -2.98746E+00   8.03717E-02  -2.58295E+00  -5.57283E-01  -2.03637E+00  -1.25832E+00  -1.35137E+00  -2.00107E+00  -5.35842E-01  -2.76338E+00   3.98220E-01  -3.52442E+00   1.43499E+00  -4.26667E+00
 9.07000E+01  -2.67549E+00   1.81501E+00  -2.97405E+00   1.82234E+00  -3.19146E+00   1.71557E+00  -3.31009E+00   1.48927E+00  -3.31491E+00   1.14401E+00  -3.19387E+00   6.86207E-01  -2.93836E+00   1.27624E-01  -2.54348E+00  -5.15428E-01  -2.00837E+00  -1.22316E+00  -1.33634E+00  -1.97365E+00  -5.34918E-01  -2.74450E+00   3.84246E-01  -3.51460E+00   1.40565E+00  -4.26615E+00
 9.14000E+01  -2.60705E+00   1.86486E+00  -2.90045E+00   1.87686E+00  -3.11531E+00   1.77316E+00  -3.23422E+00   1.54816E+00  -3.24225E+00   1.20235E+00  -3.12731E+00   7.42146E-01  -2.88064E+00   1.79390E-01  -2.49709E+00  -4.69441E-01  -1.97545E+00  -1.18433E+00  -1.31865E+00  -1.94311E+00  -5.33804E-01  -2.72307E+00   3.67859E-01  -3.50279E+00   1.37121E+00  -4.26423E+00
 9.21000E+01  -2.53829E+00   1.91105E+00  -2.82652E+00   1.92739E+00  -3.03881E+00   1.82657E+00  -3.15801E+00   1.60280E+00  -3.16926E+00   1.25653E+00  -3.06046E+00   7.94160E-01  -2.82267E+00   2.27627E-01  -2.45049E+00  -4.26442E-01  -1.94239E+00  -1.14782E+00  -1.30088E+00  -1.91409E+00  -5.32670E-01  -2.70225E+00   3.51423E-01  -3.49063E+00   1.33666E+00  -4.26091E+00
 9.27000E+01  -2.47926E+00   1.94782E+00  -2.76305E+00   1.96763E+00  -2.97315E+00   1.86910E+00  -3.09260E+00   1.64635E+00  -3.10663E+00   1.29974E+00  -3.00310E+00   8.35707E-01  -2.77293E+00   2.66243E-01  -2.41052E+00  -3.91896E-01  -1.91402E+00  -1.11831E+00  -1.28564E+00  -1.89038E+00  -5.31697E-01  -2.68489E+00   3.37328E-01  -3.47993E+00   1.30702E+00  -4.25700E+00
 9.34000E+01  -2.41046E+00   1.98753E+00  -2.68908E+00   2.01109E+00  -2.89664E+00   1.91506E+00  -3.01640E+00   1.69344E+00  -3.03367E+00   1.34652E+00  -2.93629E+00   8.80750E-01  -2.71502E+00   3.08211E-01  -2.36398E+00  -3.54203E-01  -1.88101E+00  -1.08591E+00  -1.26790E+00  -1.86405E+00  -5.30577E-01  -2.66517E+00   3.20911E-01  -3.46714E+00   1.27252E+00  -4.25121E+00
 9.41000E+01  -2.34191E+00   2.02393E+00  -2.61540E+00   2.05093E+00  -2.82043E+00   1.95722E+00  -2.94050E+00   1.73666E+00  -2.96103E+00   1.38951E+00  -2.86978E+00   9.22230E-01  -2.65737E+00   3.46975E-01  -2.31768E+00  -3.19223E-01  -1.84818E+00  -1.05560E+00  -1.25028E+00  -1.83910E+00  -5.29488E-01  -2.64603E+00   3.04554E-01  -3.45403E+00   1.23819E+00  -4.24418E+00
 9.47000E+01  -2.28347E+00   2.05259E+00  -2.55259E+00   2.08232E+00  -2.75549E+00   1.99045E+00  -2.87585E+00   1.77076E+00  -2.89915E+00   1.42347E+00  -2.81314E+00   9.55057E-01  -2.60831E+00   3.77748E-01  -2.27827E+00  -2.91318E-01  -1.82025E+00  -1.03123E+00  -1.23531E+00  -1.81877E+00  -5.28591E-01  -2.63005E+00   2.90607E-01  -3.44257E+00   1.20895E+00  -4.23720E+00
 9.54000E+01  -2.21579E+00   2.08319E+00  -2.47987E+00   2.11585E+00  -2.68032E+00   2.02597E+00  -2.80102E+00   1.80724E+00  -2.82756E+00   1.45985E+00  -2.74764E+00   9.90306E-01  -2.55157E+00   4.10906E-01  -2.23274E+00  -2.61088E-01  -1.78800E+00  -1.00461E+00  -1.21804E+00  -1.79623E+00  -5.27598E-01  -2.61192E+00   2.74445E-01  -3.42893E+00   1.17512E+00  -4.22800E+00
 9.61000E+01  -2.14878E+00   2.11087E+00  -2.40789E+00   2.14619E+00  -2.60592E+00   2.05814E+00  -2.72700E+00   1.84032E+00  -2.75676E+00   1.49290E+00  -2.68289E+00   1.02242E+00  -2.49552E+00   4.41238E-01  -2.18777E+00  -2.33252E-01  -1.75618E+00  -9.79839E-01  -1.20104E+00  -1.77493E+00  -5.26676E-01  -2.59429E+00   2.58426E-01  -3.41503E+00   1.14166E+00  -4.21772E+00
 9.68000E+01  -2.08256E+00   2.13578E+00  -2.33677E+00   2.17351E+00  -2.53244E+00   2.08712E+00  -2.65391E+00   1.87016E+00  -2.68689E+00   1.52278E+00  -2.61901E+00   1.05154E+00  -2.44024E+00   4.68882E-01  -2.14346E+00  -2.07697E-01  -1.72486E+00  -9.56841E-01  -1.18434E+00  -1.75480E+00  -5.25834E-01  -2.57717E+00   2.42570E-01  -3.40089E+00   1.10863E+00  -4.20643E+00
 9.75000E+01  -2.01722E+00   2.15806E+00  -2.26662E+00   2.19796E+00  -2.46000E+00   2.11309E+00  -2.58187E+00   1.89694E+00  -2.61805E+00   1.54966E+00  -2.55610E+00   1.07783E+00  -2.38584E+00   4.93974E-01  -2.09989E+00  -1.84307E-01  -1.69409E+00  -9.35525E-01  -1.16798E+00  -1.73578E+00  -5.25083E-01  -2.56052E+00   2.26898E-01  -3.38654E+00   1.07607E+00  -4.19418E+00
 9.82000E+01  -1.95285E+00   2.17785E+00  -2.19754E+00   2.21969E+00  -2.38868E+00   2.13620E+00  -2.51098E+00   1.92082E+00  -2.55034E+00   1.57369E+00  -2.49426E+00   1.10144E+00  -2.33241E+00   5.16652E-01  -2.05712E+00  -1.62968E-01  -1.66392E+00  -9.15805E-01  -1.15198E+00  -1.71782E+00  -5.24430E-01  -2.54433E+00   2.11426E-01  -3.37199E+00   1.04404E+00  -4.18104E+00
 9.89000E+01  -1.88953E+00   2.19530E+00  -2.12961E+00   2.23887E+00  -2.31857E+00   2.15662E+00  -2.44133E+00   1.94197E+00  -2.48385E+00   1.59504E+00  -2.43358E+00   1.12252E+00  -2.28000E+00   5.37050E-01  -2.01521E+00  -1.43565E-01  -1.63441E+00  -8.97596E-01  -1.13638E+00  -1.70087E+00  -5.23883E-01  -2.52858E+00   1.96167E-01  -3.35727E+00   1.01256E+00  -4.16707E+00
 9.96000E+01  -1.82731E+00   2.21053E+00  -2.06289E+00   2.25564E+00  -2.24974E+00   2.17451E+00  -2.37299E+00   1.96054E+00  -2.41865E+00   1.61387E+00  -2.37410E+00   1.14122E+00  -2.22867E+00   5.55300E-01  -1.97421E+00  -1.25990E-01  -1.60558E+00  -8.80812E-01  -1.12120E+00  -1.68488E+00  -5.23447E-01  -2.51326E+00   1.81132E-01  -3.34239E+00   9.81658E-01  -4.15234E+00
 1.00400E+02  -1.75762E+00   2.22542E+00  -1.98819E+00   2.27204E+00  -2.17273E+00   2.19205E+00  -2.29657E+00   1.97881E+00  -2.34578E+00   1.63250E+00  -2.30768E+00   1.15986E+00  -2.17141E+00   5.73693E-01  -1.92852E+00  -1.08002E-01  -1.57351E+00  -8.63272E-01  -1.10439E+00  -1.66771E+00  -5.23093E-01  -2.49625E+00   1.64237E-01  -3.32523E+00   9.47093E-01  -4.13465E+00
 1.01100E+02  -1.69793E+00   2.23638E+00  -1.92424E+00   2.28414E+00  -2.10683E+00   2.20502E+00  -2.23121E+00   1.99239E+00  -2.28350E+00   1.64643E+00  -2.25096E+00   1.17393E+00  -2.12256E+00   5.87770E-01  -1.88959E+00  -9.39818E-02  -1.54624E+00  -8.49271E-01  -1.09016E+00  -1.65359E+00  -5.22913E-01  -2.48178E+00   1.49713E-01  -3.31010E+00   9.17523E-01  -4.11848E+00
 1.01800E+02  -1.63946E+00   2.24554E+00  -1.86163E+00   2.29428E+00  -2.04236E+00   2.21594E+00  -2.16731E+00   2.00388E+00  -2.22266E+00   1.65830E+00  -2.19559E+00   1.18606E+00  -2.07492E+00   6.00091E-01  -1.85167E+00  -8.14603E-02  -1.51973E+00  -8.36447E-01  -1.07640E+00  -1.64027E+00  -5.22858E-01  -2.46768E+00   1.35435E-01  -3.29487E+00   8.88598E-01  -4.10173E+00
 1.02600E+02  -1.57418E+00   2.25396E+00  -1.79176E+00   2.30364E+00  -1.97045E+00   2.22606E+00  -2.09608E+00   2.01461E+00  -2.15489E+00   1.66953E+00  -2.13399E+00   1.19771E+00  -2.02197E+00   6.12168E-01  -1.80960E+00  -6.88615E-02  -1.49039E+00  -8.23138E-01  -1.06124E+00  -1.62596E+00  -5.22952E-01  -2.45200E+00   1.19423E-01  -3.27738E+00   8.56340E-01  -4.08194E+00
 1.03300E+02  -1.51841E+00   2.25967E+00  -1.73211E+00   2.31001E+00  -1.90909E+00   2.23301E+00  -2.03536E+00   2.02206E+00  -2.09717E+00   1.67745E+00  -2.08156E+00   1.20610E+00  -1.97697E+00   6.21106E-01  -1.77389E+00  -5.92315E-02  -1.46554E+00  -8.12592E-01  -1.04849E+00  -1.61420E+00  -5.23173E-01  -2.43866E+00   1.05683E-01  -3.26202E+00   8.28823E-01  -4.06412E+00
 1.04000E+02  -1.46391E+00   2.26394E+00  -1.67385E+00   2.31482E+00  -1.84921E+00   2.23831E+00  -1.97614E+00   2.02784E+00  -2.04093E+00   1.68372E+00  -2.03053E+00   1.21294E+00  -1.93321E+00   6.28633E-01  -1.73923E+00  -5.08104E-02  -1.44149E+00  -8.03003E-01  -1.03622E+00  -1.60310E+00  -5.23526E-01  -2.42563E+00   9.21962E-02  -3.24663E+00   8.01968E-01  -4.04587E+00
 1.04800E+02  -1.40318E+00   2.26720E+00  -1.60898E+00   2.31854E+00  -1.78258E+00   2.24250E+00  -1.91030E+00   2.03254E+00  -1.97845E+00   1.68902E+00  -1.97391E+00   1.21898E+00  -1.88473E+00   6.35636E-01  -1.70090E+00  -4.25594E-02  -1.41497E+00  -7.93134E-01  -1.02279E+00  -1.59117E+00  -5.24091E-01  -2.41113E+00   7.70906E-02  -3.22900E+00   7.72088E-01  -4.02457E+00
 1.05500E+02  -1.35139E+00   2.26874E+00  -1.55370E+00   2.32036E+00  -1.72585E+00   2.24466E+00  -1.85429E+00   2.03513E+00  -1.92536E+00   1.69215E+00  -1.92585E+00   1.22284E+00  -1.84364E+00   6.40469E-01  -1.66847E+00  -3.64524E-02  -1.39260E+00  -7.85384E-01  -1.01155E+00  -1.58134E+00  -5.24728E-01  -2.39876E+00   6.41411E-02  -3.21358E+00   7.46650E-01  -4.00557E+00
 1.06300E+02  -1.29374E+00   2.26913E+00  -1.49220E+00   2.32095E+00  -1.66279E+00   2.24556E+00  -1.79209E+00   2.03647E+00  -1.86647E+00   1.69415E+00  -1.87260E+00   1.22576E+00  -1.79819E+00   6.44632E-01  -1.63267E+00  -3.06445E-02  -1.36799E+00  -7.77464E-01  -9.99296E-01  -1.57078E+00  -5.25618E-01  -2.38497E+00   4.96442E-02  -3.19595E+00   7.18376E-01  -3.98351E+00
 1.07100E+02  -1.23771E+00   2.26817E+00  -1.43248E+00   2.32007E+00  -1.60160E+00   2.24491E+00  -1.73181E+00   2.03625E+00  -1.80946E+00   1.69461E+00  -1.82114E+00   1.22722E+00  -1.75433E+00   6.47464E-01  -1.59822E+00  -2.59860E-02  -1.34439E+00  -7.70465E-01  -9.87656E-01  -1.56087E+00  -5.26682E-01  -2.37154E+00   3.54651E-02  -3.17836E+00   6.90946E-01  -3.96114E+00
 1.07800E+02  -1.18998E+00   2.26633E+00  -1.38165E+00   2.31821E+00  -1.54958E+00   2.24318E+00  -1.68061E+00   2.03488E+00  -1.76110E+00   1.69386E+00  -1.77754E+00   1.22739E+00  -1.71725E+00   6.48942E-01  -1.56915E+00  -2.27753E-02  -1.32456E+00  -7.65038E-01  -9.77973E-01  -1.55270E+00  -5.27753E-01  -2.36006E+00   2.33143E-02  -3.16301E+00   6.67624E-01  -3.94134E+00
 1.08600E+02  -1.13690E+00   2.26317E+00  -1.32517E+00   2.31493E+00  -1.49183E+00   2.24001E+00  -1.62383E+00   2.03209E+00  -1.70753E+00   1.69179E+00  -1.72932E+00   1.22644E+00  -1.67631E+00   6.49586E-01  -1.53714E+00  -2.00124E-02  -1.30281E+00  -7.59569E-01  -9.67472E-01  -1.54389E+00  -5.29137E-01  -2.34725E+00   9.71393E-03  -3.14551E+00   6.41735E-01  -3.91850E+00
 1.09400E+02  -1.08535E+00   2.25900E+00  -1.27037E+00   2.31055E+00  -1.43586E+00   2.23567E+00  -1.56887E+00   2.02811E+00  -1.65576E+00   1.68855E+00  -1.68280E+00   1.22439E+00  -1.63689E+00   6.49212E-01  -1.50641E+00  -1.81342E-02  -1.28203E+00  -7.54820E-01  -9.57563E-01  -1.53561E+00  -5.30690E-01  -2.33474E+00  -3.58844E-03  -3.12809E+00   6.16644E-01  -3.89550E+00
 1.10200E+02  -1.03529E+00   2.25391E+00  -1.21721E+00   2.30516E+00  -1.38162E+00   2.23028E+00  -1.51568E+00   2.02306E+00  -1.60573E+00   1.68425E+00  -1.63792E+00   1.22132E+00  -1.59895E+00   6.47917E-01  -1.47692E+00  -1.70606E-02  -1.26219E+00  -7.50729E-01  -9.48236E-01  -1.52781E+00  -5.32411E-01  -2.32253E+00  -1.66010E-02  -3.11075E+00   5.92331E-01  -3.87235E+00
 1.11000E+02  -9.86685E-01   2.24799E+00  -1.16564E+00   2.29887E+00  -1.32907E+00   2.22393E+00  -1.46422E+00   2.01703E+00  -1.55740E+00   1.67899E+00  -1.59465E+00   1.21734E+00  -1.56246E+00   6.45787E-01  -1.44866E+00  -1.67173E-02  -1.24328E+00  -7.47240E-01  -9.39478E-01  -1.52047E+00  -5.34296E-01  -2.31060E+00  -2.93323E-02  -3.09351E+00   5.68778E-01  -3.84911E+00
 1.11800E+02  -9.39489E-01   2.24132E+00  -1.11563E+00   2.29177E+00  -1.27817E+00   2.21673E+00  -1.41444E+00   2.01014E+00  -1.51074E+00   1.67288E+00  -1.55296E+00   1.21255E+00  -1.52738E+00   6.42905E-01  -1.42157E+00  -1.70354E-02  -1.22526E+00  -7.44298E-01  -9.31277E-01  -1.51354E+00  -5.36344E-01  -2.29894E+00  -4.17913E-02  -3.07638E+00   5.45963E-01  -3.82581E+00
 1.12600E+02  -8.93661E-01   2.23399E+00  -1.06712E+00   2.28394E+00  -1.22886E+00   2.20876E+00  -1.36630E+00   2.00247E+00  -1.46568E+00   1.66600E+00  -1.51278E+00   1.20701E+00  -1.49368E+00   6.39346E-01  -1.39565E+00  -1.79510E-02  -1.20813E+00  -7.41855E-01  -9.23620E-01  -1.50699E+00  -5.38552E-01  -2.28753E+00  -5.39872E-02  -3.05936E+00   5.23865E-01  -3.80248E+00
 1.13400E+02  -8.49159E-01   2.22606E+00  -1.02007E+00   2.27546E+00  -1.18111E+00   2.20011E+00  -1.31974E+00   1.99410E+00  -1.42219E+00   1.65842E+00  -1.47409E+00   1.20083E+00  -1.46131E+00   6.35179E-01  -1.37085E+00  -1.94051E-02  -1.19185E+00  -7.39865E-01  -9.16492E-01  -1.50080E+00  -5.40918E-01  -2.27636E+00  -6.59293E-02  -3.04247E+00   5.02462E-01  -3.77914E+00
 1.14200E+02  -8.05938E-01   2.21759E+00  -9.74434E-01   2.26640E+00  -1.13485E+00   2.19085E+00  -1.27472E+00   1.98510E+00  -1.38021E+00   1.65024E+00  -1.43683E+00   1.19405E+00  -1.43023E+00   6.30469E-01  -1.34714E+00  -2.13430E-02  -1.17640E+00  -7.38286E-01  -9.09881E-01  -1.49493E+00  -5.43439E-01  -2.26543E+00  -7.76270E-02  -3.02571E+00   4.81732E-01  -3.75584E+00
 1.15100E+02  -7.58793E-01   2.20751E+00  -9.24720E-01   2.25559E+00  -1.08454E+00   2.17979E+00  -1.22584E+00   1.97434E+00  -1.33474E+00   1.64039E+00  -1.39658E+00   1.18581E+00  -1.39677E+00   6.24595E-01  -1.32174E+00  -2.40391E-02  -1.15998E+00  -7.36953E-01  -9.03044E-01  -1.48869E+00  -5.46458E-01  -2.25340E+00  -9.05063E-02  -3.00702E+00   4.59189E-01  -3.72968E+00
 1.15900E+02  -7.18151E-01   2.19810E+00  -8.81925E-01   2.24551E+00  -1.04130E+00   2.16945E+00  -1.18391E+00   1.96425E+00  -1.29583E+00   1.63113E+00  -1.36223E+00   1.17800E+00  -1.36831E+00   6.18922E-01  -1.30024E+00  -2.68429E-02  -1.14622E+00  -7.36121E-01  -8.97485E-01  -1.48343E+00  -5.49300E-01  -2.24293E+00  -1.01716E-01  -2.99056E+00   4.39817E-01  -3.70650E+00
 1.16700E+02  -6.78654E-01   2.18833E+00  -8.40393E-01   2.23503E+00  -9.99407E-01   2.15871E+00  -1.14337E+00   1.95375E+00  -1.25828E+00   1.62145E+00  -1.32918E+00   1.16979E+00  -1.34103E+00   6.12876E-01  -1.27974E+00  -2.99858E-02  -1.13321E+00  -7.35587E-01  -8.92400E-01  -1.47843E+00  -5.52290E-01  -2.23266E+00  -1.12710E-01  -2.97425E+00   4.21050E-01  -3.68342E+00
 1.17600E+02  -6.35536E-01   2.17696E+00  -7.95124E-01   2.22283E+00  -9.53826E-01   2.14619E+00  -1.09935E+00   1.94150E+00  -1.21762E+00   1.61013E+00  -1.29349E+00   1.16014E+00  -1.31169E+00   6.05686E-01  -1.25782E+00  -3.38782E-02  -1.11946E+00  -7.35305E-01  -8.87229E-01  -1.47308E+00  -5.55825E-01  -2.22133E+00  -1.24832E-01  -2.95608E+00   4.00634E-01  -3.65758E+00
 1.18400E+02  -5.98333E-01   2.16656E+00  -7.56127E-01   2.21168E+00  -9.14633E-01   2.13474E+00  -1.06158E+00   1.93028E+00  -1.18282E+00   1.59974E+00  -1.26305E+00   1.15124E+00  -1.28678E+00   5.98994E-01  -1.23933E+00  -3.76155E-02  -1.10799E+00  -7.35306E-01  -8.83107E-01  -1.46854E+00  -5.59119E-01  -2.21146E+00  -1.35399E-01  -2.94009E+00   3.83081E-01  -3.63475E+00
 1.19300E+02  -5.57690E-01   2.15458E+00  -7.13594E-01   2.19883E+00  -8.71969E-01   2.12154E+00  -1.02056E+00   1.91734E+00  -1.14513E+00   1.58775E+00  -1.23020E+00   1.14094E+00  -1.26000E+00   5.91178E-01  -1.21958E+00  -4.20896E-02  -1.09590E+00  -7.35556E-01  -8.78986E-01  -1.46367E+00  -5.62990E-01  -2.20056E+00  -1.47063E-01  -2.92229E+00   3.63978E-01  -3.60924E+00
 1.20100E+02  -5.22594E-01   2.14372E+00  -6.76929E-01   2.18718E+00  -8.35265E-01   2.10957E+00  -9.85357E-01   1.90560E+00  -1.11288E+00   1.57685E+00  -1.20218E+00   1.13155E+00  -1.23729E+00   5.84014E-01  -1.20295E+00  -4.62729E-02  -1.08586E+00  -7.35975E-01  -8.75768E-01  -1.45952E+00  -5.66577E-01  -2.19105E+00  -1.57242E-01  -2.90664E+00   3.47548E-01  -3.58672E+00
 1.21000E+02  -4.84221E-01   2.13130E+00  -6.36912E-01   2.17386E+00  -7.95288E-01   2.09589E+00  -9.47108E-01   1.89217E+00  -1.07794E+00   1.56437E+00  -1.17195E+00   1.12077E+00  -1.21290E+00   5.75751E-01  -1.18524E+00  -5.11757E-02  -1.07533E+00  -7.36637E-01  -8.72634E-01  -1.45504E+00  -5.70772E-01  -2.18054E+00  -1.68491E-01  -2.88923E+00   3.29656E-01  -3.56159E+00
 1.21900E+02  -4.46972E-01   2.11870E+00  -5.98141E-01   2.16036E+00  -7.56645E-01   2.08202E+00  -9.10237E-01   1.87856E+00  -1.04438E+00   1.55171E+00  -1.14303E+00   1.10982E+00  -1.18970E+00   5.67312E-01  -1.16854E+00  -5.62523E-02  -1.06559E+00  -7.37474E-01  -8.69997E-01  -1.45075E+00  -5.75133E-01  -2.17022E+00  -1.79537E-01  -2.87202E+00   3.12367E-01  -3.53668E+00
 1.22800E+02  -4.10794E-01   2.10596E+00  -5.60560E-01   2.14671E+00  -7.19277E-01   2.06800E+00  -8.74684E-01   1.86480E+00  -1.01212E+00   1.53891E+00  -1.11537E+00   1.09873E+00  -1.16765E+00   5.58735E-01  -1.15282E+00  -6.14699E-02  -1.05660E+00  -7.38460E-01  -8.67841E-01  -1.44662E+00  -5.79658E-01  -2.16009E+00  -1.90391E-01  -2.85502E+00   2.95653E-01  -3.51200E+00
 1.23600E+02  -3.79494E-01   2.09455E+00  -5.28110E-01   2.13448E+00  -6.87086E-01   2.05544E+00  -8.44141E-01   1.85248E+00  -9.84515E-01   1.52744E+00  -1.09180E+00   1.08878E+00  -1.14897E+00   5.51023E-01  -1.13963E+00  -6.62022E-02  -1.04922E+00  -7.39442E-01  -8.66317E-01  -1.44306E+00  -5.83815E-01  -2.15122E+00  -1.99887E-01  -2.84007E+00   2.81260E-01  -3.49027E+00
 1.24500E+02  -3.45204E-01   2.08162E+00  -4.92630E-01   2.12064E+00  -6.51972E-01   2.04124E+00  -8.10924E-01   1.83855E+00  -9.54597E-01   1.51446E+00  -1.06637E+00   1.07752E+00  -1.12896E+00   5.42275E-01  -1.12565E+00  -7.16075E-02  -1.04158E+00  -7.40645E-01  -8.65028E-01  -1.43919E+00  -5.88641E-01  -2.14140E+00  -2.10409E-01  -2.82346E+00   2.65567E-01  -3.46605E+00
 1.25400E+02  -3.11844E-01   2.06863E+00  -4.58188E-01   2.10674E+00  -6.17975E-01   2.02699E+00  -7.78866E-01   1.82456E+00  -9.25837E-01   1.50145E+00  -1.04206E+00   1.06622E+00  -1.10997E+00   5.33478E-01  -1.11255E+00  -7.70750E-02  -1.03462E+00  -7.41933E-01  -8.64177E-01  -1.43543E+00  -5.93623E-01  -2.13173E+00  -2.20768E-01  -2.80704E+00   2.50379E-01  -3.44210E+00
 1.26300E+02  -2.79369E-01   2.05560E+00  -4.24735E-01   2.09281E+00  -5.85044E-01   2.01271E+00  -7.47915E-01   1.81056E+00  -8.98188E-01   1.48842E+00  -1.01881E+00   1.05490E+00  -1.09195E+00   5.24658E-01  -1.10028E+00  -8.25822E-02  -1.02831E+00  -7.43286E-01  -8.63750E-01  -1.43178E+00  -5.98757E-01  -2.12221E+00  -2.30976E-01  -2.79082E+00   2.35674E-01  -3.41840E+00
 1.27300E+02  -2.44273E-01   2.04109E+00  -3.88669E-01   2.07731E+00  -5.49644E-01   1.99683E+00  -7.14765E-01   1.79501E+00  -8.68712E-01   1.47395E+00  -9.94184E-01   1.04234E+00  -1.07304E+00   5.14858E-01  -1.08760E+00  -8.87227E-02  -1.02204E+00  -7.44845E-01  -8.63755E-01  -1.42782E+00  -6.04637E-01  -2.11180E+00  -2.42150E-01  -2.77304E+00   2.19877E-01  -3.39238E+00
 1.28200E+02  -2.13528E-01   2.02802E+00  -3.57153E-01   2.06336E+00  -5.18805E-01   1.98256E+00  -6.85995E-01   1.78104E+00  -8.43253E-01   1.46097E+00  -9.73052E-01   1.03107E+00  -1.05697E+00   5.06061E-01  -1.07701E+00  -9.42478E-02  -1.01704E+00  -7.46281E-01  -8.64179E-01  -1.42434E+00  -6.10085E-01  -2.10257E+00  -2.52066E-01  -2.75724E+00   2.06122E-01  -3.36925E+00
 1.29100E+02  -1.83541E-01   2.01496E+00  -3.26488E-01   2.04943E+00  -4.88886E-01   1.96832E+00  -6.58187E-01   1.76712E+00  -8.18764E-01   1.44804E+00  -9.52858E-01   1.01985E+00  -1.04176E+00   4.97306E-01  -1.06716E+00  -9.97538E-02  -1.01263E+00  -7.47733E-01  -8.64987E-01  -1.42092E+00  -6.15678E-01  -2.09345E+00  -2.61857E-01  -2.74164E+00   1.92787E-01  -3.34639E+00
 1.30000E+02  -1.54273E-01   2.00192E+00  -2.96631E-01   2.03554E+00  -4.59845E-01   1.95414E+00  -6.31298E-01   1.75326E+00  -7.95203E-01   1.43517E+00  -9.33563E-01   1.00869E+00  -1.02738E+00   4.88609E-01  -1.05804E+00  -1.05225E-01  -1.00878E+00  -7.49188E-01  -8.66166E-01  -1.41755E+00  -6.21414E-01  -2.08446E+00  -2.71531E-01  -2.72622E+00   1.79852E-01  -3.32381E+00
 1.31000E+02  -1.22552E-01   1.98746E+00  -2.64359E-01   2.02015E+00  -4.28557E-01   1.93844E+00  -6.02450E-01   1.73794E+00  -7.70064E-01   1.42098E+00  -9.13134E-01   9.96402E-01  -1.01234E+00   4.79032E-01  -1.04871E+00  -1.11247E-01  -1.00514E+00  -7.50791E-01  -8.67900E-01  -1.41386E+00  -6.27953E-01  -2.07459E+00  -2.82154E-01  -2.70931E+00   1.65927E-01  -3.29903E+00
 1.31900E+02  -9.46854E-02   1.97448E+00  -2.36084E-01   2.00637E+00  -4.01238E-01   1.92440E+00  -5.77370E-01   1.72426E+00  -7.48334E-01   1.40831E+00  -8.95618E-01   9.85445E-01  -9.99603E-01   4.70506E-01  -1.04101E+00  -1.16599E-01  -1.00242E+00  -7.52210E-01  -8.69829E-01  -1.41057E+00  -6.33984E-01  -2.06582E+00  -2.91607E-01  -2.69429E+00   1.53779E-01  -3.27702E+00
 1.32900E+02  -6.44391E-02   1.96011E+00  -2.05480E-01   1.99112E+00  -3.71770E-01   1.90890E+00  -5.50437E-01   1.70917E+00  -7.25139E-01   1.39437E+00  -8.77082E-01   9.73404E-01  -9.86317E-01   4.61152E-01  -1.03321E+00  -1.22458E-01  -9.99999E-01  -7.53746E-01  -8.72369E-01  -1.40694E+00  -6.40846E-01  -2.05618E+00  -3.02001E-01  -2.67780E+00   1.40686E-01  -3.25289E+00
 1.33800E+02  -3.78282E-02   1.94722E+00  -1.78629E-01   1.97747E+00  -3.46008E-01   1.89504E+00  -5.27000E-01   1.69571E+00  -7.05079E-01   1.38195E+00  -8.61198E-01   9.62698E-01  -9.75102E-01   4.52853E-01  -1.02684E+00  -1.27638E-01  -9.98333E-01  -7.55081E-01  -8.75002E-01  -1.40369E+00  -6.47164E-01  -2.04760E+00  -3.11264E-01  -2.66315E+00   1.29251E-01  -3.23146E+00
 1.34800E+02  -8.90191E-03   1.93296E+00  -1.49525E-01   1.96239E+00  -3.18184E-01   1.87976E+00  -5.01807E-01   1.68089E+00  -6.83657E-01   1.36831E+00  -8.44397E-01   9.50961E-01  -9.63433E-01   4.43778E-01  -1.02045E+00  -1.33280E-01  -9.97037E-01  -7.56500E-01  -8.78302E-01  -1.40009E+00  -6.54340E-01  -2.03816E+00  -3.21463E-01  -2.64707E+00   1.16914E-01  -3.20796E+00
 1.35800E+02   1.93866E-02   1.91877E+00  -1.21149E-01   1.94742E+00  -2.91162E-01   1.86460E+00  -4.77466E-01   1.66623E+00  -6.63106E-01   1.35484E+00  -8.28452E-01   9.39401E-01  -9.52565E-01   4.34868E-01  -1.01477E+00  -1.38788E-01  -9.96303E-01  -7.57840E-01  -8.81982E-01  -1.39648E+00  -6.61678E-01  -2.02881E+00  -3.31571E-01  -2.63119E+00   1.04945E-01  -3.18480E+00
 1.36800E+02   4.70739E-02   1.90465E+00  -9.34621E-02   1.93254E+00  -2.64900E-01   1.84958E+00  -4.53933E-01   1.65173E+00  -6.43385E-01   1.34155E+00  -8.13324E-01   9.28031E-01  -9.42463E-01   4.26136E-01  -1.00976E+00  -1.44151E-01  -9.96112E-01  -7.59088E-01  -8.86033E-01  -1.39285E+00  -6.69175E-01  -2.01954E+00  -3.41597E-01  -2.61552E+00   9.33268E-02  -3.16196E+00
 1.37700E+02   7.15071E-02   1.89200E+00  -6.91010E-02   1.91923E+00  -2.41882E-01   1.83618E+00  -4.33413E-01   1.63883E+00  -6.26315E-01   1.32975E+00  -8.00379E-01   9.17966E-01  -9.34002E-01   4.18436E-01  -1.00581E+00  -1.48844E-01  -9.96389E-01  -7.60126E-01  -8.89985E-01  -1.38957E+00  -6.76057E-01  -2.01126E+00  -3.50555E-01  -2.60157E+00   8.31556E-02  -3.14169E+00
 1.38700E+02   9.81460E-02   1.87800E+00  -4.26198E-02   1.90455E+00  -2.16957E-01   1.82143E+00  -4.11311E-01   1.62466E+00  -6.08068E-01   1.31683E+00  -7.86709E-01   9.06977E-01  -9.25273E-01   4.10067E-01  -1.00202E+00  -1.53903E-01  -9.97178E-01  -7.61172E-01  -8.94709E-01  -1.38589E+00  -6.83851E-01  -2.00213E+00  -3.60444E-01  -2.58625E+00   7.21559E-02  -3.11946E+00
 1.39700E+02   1.24279E-01   1.86407E+00  -1.67235E-02   1.88997E+00  -1.92684E-01   1.80682E+00  -3.89910E-01   1.61066E+00  -5.90545E-01   1.30411E+00  -7.73758E-01   8.96201E-01  -9.17224E-01   4.01902E-01  -9.98828E-01  -1.58787E-01  -9.98458E-01  -7.62099E-01  -8.99771E-01  -1.38217E+00  -6.91798E-01  -1.99306E+00  -3.70269E-01  -2.57111E+00   6.14585E-02  -3.09756E+00
 1.40700E+02   1.49936E-01   1.85021E+00   8.61979E-03   1.87550E+00  -1.69029E-01   1.79235E+00  -3.69174E-01   1.59684E+00  -5.73714E-01   1.29159E+00  -7.61495E-01   8.85643E-01  -9.09828E-01   3.93950E-01  -9.96221E-01  -1.63487E-01  -1.00021E+00  -7.62895E-01  -9.05162E-01  -1.37839E+00  -6.99897E-01  -1.98404E+00  -3.80038E-01  -2.55615E+00   5.10485E-02  -3.07596E+00
 1.41800E+02   1.77640E-01   1.83502E+00   3.58949E-02   1.85969E+00  -1.43685E-01   1.77659E+00  -3.47096E-01   1.58184E+00  -5.55961E-01   1.27807E+00  -7.48767E-01   8.74289E-01  -9.02416E-01   3.85455E-01  -9.94000E-01  -1.68437E-01  -1.00267E+00  -7.63611E-01  -9.11462E-01  -1.37417E+00  -7.08978E-01  -1.97416E+00  -3.90726E-01  -2.53988E+00   3.99125E-02  -3.05257E+00
 1.42800E+02   2.02385E-01   1.82128E+00   6.01735E-02   1.84542E+00  -1.21228E-01   1.76242E+00  -3.27658E-01   1.56840E+00  -5.40483E-01   1.26599E+00  -7.37857E-01   8.64207E-01  -8.96309E-01   3.77971E-01  -9.92547E-01  -1.72726E-01  -1.00537E+00  -7.64106E-01  -9.17515E-01  -1.37027E+00  -7.17387E-01  -1.96522E+00  -4.00396E-01  -2.52525E+00   3.00608E-02  -3.03161E+00
 1.43800E+02   2.26734E-01   1.80758E+00   8.39875E-02   1.83124E+00  -9.92950E-02   1.74838E+00  -3.08791E-01   1.55514E+00  -5.25603E-01   1.25414E+00  -7.27549E-01   8.54358E-01  -8.90778E-01   3.70719E-01  -9.91611E-01  -1.76808E-01  -1.00849E+00  -7.64446E-01  -9.23869E-01  -1.36628E+00  -7.25940E-01  -1.95630E+00  -4.10025E-01  -2.51078E+00   2.04550E-02  -3.01096E+00
 1.44900E+02   2.53088E-01   1.79256E+00   1.09677E-01   1.81575E+00  -7.57441E-02   1.73310E+00  -2.88666E-01   1.54076E+00  -5.09897E-01   1.24134E+00  -7.16877E-01   8.43799E-01  -8.85333E-01   3.63017E-01  -9.91159E-01  -1.81050E-01  -1.01240E+00  -7.64629E-01  -9.31197E-01  -1.36179E+00  -7.35514E-01  -1.94651E+00  -4.20578E-01  -2.49503E+00   1.01583E-02  -2.98857E+00
 1.45900E+02   2.76680E-01   1.77895E+00   1.32596E-01   1.80175E+00  -5.48294E-02   1.71934E+00  -2.70914E-01   1.52788E+00  -4.96192E-01   1.22994E+00  -7.07755E-01   8.34452E-01  -8.80941E-01   3.56271E-01  -9.91253E-01  -1.84673E-01  -1.01638E+00  -7.64614E-01  -9.38157E-01  -1.35762E+00  -7.44364E-01  -1.93762E+00  -4.30139E-01  -2.48086E+00   1.03067E-03  -2.96852E+00
 1.47000E+02   3.02252E-01   1.76401E+00   1.57356E-01   1.78644E+00  -3.23389E-02   1.70436E+00  -2.51955E-01   1.51391E+00  -4.81717E-01   1.21765E+00  -6.98330E-01   8.24452E-01  -8.76698E-01   3.49138E-01  -9.91890E-01  -1.88394E-01  -1.02119E+00  -7.64389E-01  -9.46131E-01  -1.35290E+00  -7.54258E-01  -1.92785E+00  -4.40626E-01  -2.46542E+00  -8.76669E-03  -2.94679E+00
 1.48000E+02   3.25176E-01   1.75045E+00   1.79478E-01   1.77259E+00  -1.23376E-02   1.69087E+00  -2.35210E-01   1.50140E+00  -4.69080E-01   1.20670E+00  -6.90293E-01   8.15620E-01  -8.73356E-01   3.42920E-01  -9.92937E-01  -1.91529E-01  -1.02596E+00  -7.63986E-01  -9.53661E-01  -1.34850E+00  -7.63394E-01  -1.91895E+00  -4.50137E-01  -2.45151E+00  -1.74633E-02  -2.92731E+00
 1.49100E+02   3.50057E-01   1.73555E+00   2.03411E-01   1.75743E+00   9.20059E-03   1.67616E+00  -2.17305E-01   1.48783E+00  -4.55727E-01   1.19491E+00  -6.82010E-01   8.06192E-01  -8.70221E-01   3.36379E-01  -9.94583E-01  -1.94698E-01  -1.03162E+00  -7.63316E-01  -9.62243E-01  -1.34351E+00  -7.73598E-01  -1.90915E+00  -4.60577E-01  -2.43634E+00  -2.68103E-02  -2.90621E+00
 1.50200E+02   3.74609E-01   1.72065E+00   2.26947E-01   1.74234E+00   3.02788E-02   1.66158E+00  -1.99912E-01   1.47446E+00  -4.42921E-01   1.18338E+00  -6.74288E-01   7.97067E-01  -8.67631E-01   3.30156E-01  -9.96728E-01  -1.97566E-01  -1.03770E+00  -7.62399E-01  -9.71130E-01  -1.33837E+00  -7.83958E-01  -1.89932E+00  -4.70998E-01  -2.42131E+00  -3.59390E-02  -2.88541E+00
 1.51200E+02   3.96660E-01   1.70710E+00   2.48017E-01   1.72867E+00   4.90623E-02   1.64845E+00  -1.84522E-01   1.46248E+00  -4.31732E-01   1.17313E+00  -6.67732E-01   7.89037E-01  -8.65730E-01   3.24780E-01  -9.99095E-01  -1.99905E-01  -1.04358E+00  -7.61342E-01  -9.79464E-01  -1.33356E+00  -7.93510E-01  -1.89035E+00  -4.80458E-01  -2.40775E+00  -4.40580E-02  -2.86678E+00
 1.52300E+02   4.20637E-01   1.69218E+00   2.70855E-01   1.71367E+00   6.93290E-02   1.63411E+00  -1.68036E-01   1.44949E+00  -4.19899E-01   1.16210E+00  -6.61010E-01   7.80497E-01  -8.64118E-01   3.19180E-01  -1.00214E+00  -2.02177E-01  -1.05041E+00  -7.59926E-01  -9.88904E-01  -1.32809E+00  -8.04160E-01  -1.88044E+00  -4.90853E-01  -2.39294E+00  -5.28007E-02  -2.84657E+00
 1.53400E+02   4.44339E-01   1.67723E+00   2.93357E-01   1.69871E+00   8.92026E-02   1.61989E+00  -1.51992E-01   1.43669E+00  -4.08543E-01   1.15133E+00  -6.54778E-01   7.72268E-01  -8.62987E-01   3.13914E-01  -1.00562E+00  -2.04124E-01  -1.05762E+00  -7.58235E-01  -9.98619E-01  -1.32244E+00  -8.14956E-01  -1.87047E+00  -5.01237E-01  -2.37823E+00  -6.13559E-02  -2.82665E+00
 1.54500E+02   4.67780E-01   1.66223E+00   3.15541E-01   1.68378E+00   1.08703E-01   1.60577E+00  -1.36367E-01   1.42408E+00  -3.97639E-01   1.14082E+00  -6.49015E-01   7.64349E-01  -8.62315E-01   3.08987E-01  -1.00953E+00  -2.05740E-01  -1.06519E+00  -7.56259E-01  -1.00860E+00  -1.31659E+00  -8.25894E-01  -1.86043E+00  -5.11615E-01  -2.36362E+00  -6.97331E-02  -2.80702E+00
 1.55700E+02   4.93071E-01   1.64580E+00   3.39398E-01   1.66750E+00   1.29573E-01   1.59047E+00  -1.19777E-01   1.41052E+00  -3.86237E-01   1.12964E+00  -6.43237E-01   7.56068E-01  -8.62084E-01   3.04003E-01  -1.01426E+00  -2.07116E-01  -1.07384E+00  -7.53768E-01  -1.01978E+00  -1.30997E+00  -8.37982E-01  -1.84938E+00  -5.22929E-01  -2.34778E+00  -7.86790E-02  -2.78593E+00
 1.56800E+02   5.16012E-01   1.63067E+00   3.60968E-01   1.65258E+00   1.48351E-01   1.57654E+00  -1.04967E-01   1.39827E+00  -3.76215E-01   1.11965E+00  -6.38386E-01   7.48806E-01  -8.62311E-01   2.99800E-01  -1.01901E+00  -2.08015E-01  -1.08212E+00  -7.51166E-01  -1.03028E+00  -1.30368E+00  -8.49202E-01  -1.83917E+00  -5.33295E-01  -2.33334E+00  -8.67115E-02  -2.76687E+00
 1.57900E+02   5.38730E-01   1.61546E+00   3.82265E-01   1.63765E+00   1.66810E-01   1.56268E+00  -9.05173E-02   1.38618E+00  -3.66584E-01   1.10992E+00  -6.33941E-01   7.41860E-01  -8.62939E-01   2.95951E-01  -1.02412E+00  -2.08558E-01  -1.09071E+00  -7.48250E-01  -1.04102E+00  -1.29716E+00  -8.60549E-01  -1.82885E+00  -5.43658E-01  -2.31896E+00  -9.45913E-02  -2.74808E+00
 1.59100E+02   5.63272E-01   1.59875E+00   4.05203E-01   1.62134E+00   1.86599E-01   1.54764E+00  -7.51471E-02   1.37319E+00  -3.56503E-01   1.09959E+00  -6.29532E-01   7.34645E-01  -8.64058E-01   2.92160E-01  -1.03010E+00  -2.08738E-01  -1.10043E+00  -7.44701E-01  -1.05299E+00  -1.28977E+00  -8.73066E-01  -1.81747E+00  -5.54961E-01  -2.30334E+00  -1.03022E-01  -2.72787E+00
 1.60200E+02   5.85557E-01   1.58332E+00   4.25970E-01   1.60635E+00   2.04435E-01   1.53391E+00  -6.14007E-02   1.36143E+00  -3.47633E-01   1.09037E+00  -6.25876E-01   7.28364E-01  -8.65462E-01   2.89066E-01  -1.03594E+00  -2.08515E-01  -1.10964E+00  -7.41098E-01  -1.06418E+00  -1.28273E+00  -8.84660E-01  -1.80690E+00  -5.65318E-01  -2.28907E+00  -1.10604E-01  -2.70960E+00
 1.61400E+02   6.09643E-01   1.56634E+00   4.48353E-01   1.58994E+00   2.23574E-01   1.51899E+00  -4.67613E-02   1.34878E+00  -3.38342E-01   1.08059E+00  -6.22285E-01   7.21878E-01  -8.67387E-01   2.86110E-01  -1.04266E+00  -2.07841E-01  -1.11999E+00  -7.36777E-01  -1.07662E+00  -1.27476E+00  -8.97433E-01  -1.79523E+00  -5.76614E-01  -2.27354E+00  -1.18726E-01  -2.68995E+00
 1.62500E+02   6.31523E-01   1.55062E+00   4.68630E-01   1.57483E+00   2.40840E-01   1.50535E+00  -3.36542E-02   1.33733E+00  -3.30161E-01   1.07188E+00  -6.19340E-01   7.16269E-01  -8.69492E-01   2.83791E-01  -1.04915E+00  -2.06820E-01  -1.12975E+00  -7.32447E-01  -1.08823E+00  -1.26717E+00  -9.09249E-01  -1.78438E+00  -5.86963E-01  -2.25934E+00  -1.26039E-01  -2.67218E+00
 1.63700E+02   6.55180E-01   1.53330E+00   4.90497E-01   1.55827E+00   2.59382E-01   1.49050E+00  -1.96809E-02   1.32499E+00  -3.21585E-01   1.06264E+00  -6.16486E-01   7.10518E-01  -8.72139E-01   2.81692E-01  -1.05654E+00  -2.05258E-01  -1.14067E+00  -7.27311E-01  -1.10109E+00  -1.25857E+00  -9.22247E-01  -1.77237E+00  -5.98248E-01  -2.24387E+00  -1.33879E-01  -2.65305E+00
 1.64900E+02   6.78619E-01   1.51578E+00   5.12105E-01   1.54160E+00   2.77630E-01   1.47566E+00  -6.03231E-03   1.31280E+00  -3.13355E-01   1.05369E+00  -6.13984E-01   7.05152E-01  -8.75130E-01   2.80048E-01  -1.06425E+00  -2.03218E-01  -1.15186E+00  -7.21731E-01  -1.11414E+00  -1.24962E+00  -9.35348E-01  -1.76017E+00  -6.09524E-01  -2.22841E+00  -1.41582E-01  -2.63418E+00
 1.66100E+02   7.01843E-01   1.49804E+00   5.33462E-01   1.52482E+00   2.95593E-01   1.46084E+00   7.30567E-03   1.30076E+00  -3.05451E-01   1.04501E+00  -6.11815E-01   7.00174E-01  -8.78444E-01   2.78866E-01  -1.07226E+00  -2.00692E-01  -1.16329E+00  -7.15698E-01  -1.12738E+00  -1.24031E+00  -9.48543E-01  -1.74776E+00  -6.20788E-01  -2.21295E+00  -1.49154E-01  -2.61557E+00
 1.67300E+02   7.24851E-01   1.48006E+00   5.54572E-01   1.50791E+00   3.13281E-01   1.44602E+00   2.03461E-02   1.28885E+00  -2.97859E-01   1.03661E+00  -6.09958E-01   6.95583E-01  -8.82057E-01   2.78151E-01  -1.08054E+00  -1.97670E-01  -1.17495E+00  -7.09199E-01  -1.14078E+00  -1.23063E+00  -9.61821E-01  -1.73513E+00  -6.32037E-01  -2.19747E+00  -1.56599E-01  -2.59719E+00
 1.68500E+02   7.47642E-01   1.46182E+00   5.75436E-01   1.49084E+00   3.30700E-01   1.43118E+00   3.31010E-02   1.27708E+00  -2.90560E-01   1.02848E+00  -6.08393E-01   6.91383E-01  -8.85949E-01   2.77907E-01  -1.08907E+00  -1.94144E-01  -1.18682E+00  -7.02224E-01  -1.15432E+00  -1.22056E+00  -9.75169E-01  -1.72226E+00  -6.43267E-01  -2.18198E+00  -1.63922E-01  -2.57905E+00
 1.69700E+02   7.70214E-01   1.44332E+00   5.96056E-01   1.47361E+00   3.47856E-01   1.41631E+00   4.55815E-02   1.26542E+00  -2.83540E-01   1.02061E+00  -6.07100E-01   6.87574E-01  -8.90096E-01   2.78141E-01  -1.09782E+00  -1.90106E-01  -1.19887E+00  -6.94762E-01  -1.16800E+00  -1.21009E+00  -9.88576E-01  -1.70916E+00  -6.54473E-01  -2.16646E+00  -1.71128E-01  -2.56114E+00
 1.70900E+02   7.92561E-01   1.42453E+00   6.16431E-01   1.45621E+00   3.64754E-01   1.40140E+00   5.77975E-02   1.25388E+00  -2.76782E-01   1.01301E+00  -6.06061E-01   6.84156E-01  -8.94477E-01   2.78857E-01  -1.10678E+00  -1.85548E-01  -1.21109E+00  -6.86802E-01  -1.18179E+00  -1.19922E+00  -1.00203E+00  -1.69580E+00  -6.65650E-01  -2.15089E+00  -1.78221E-01  -2.54344E+00
 1.72200E+02   8.16509E-01   1.40383E+00   6.38227E-01   1.43714E+00   3.82774E-01   1.38520E+00   7.07439E-02   1.24150E+00  -2.69742E-01   1.00507E+00  -6.05199E-01   6.80897E-01  -8.99461E-01   2.80182E-01  -1.11669E+00  -1.80013E-01  -1.22448E+00  -6.77606E-01  -1.19682E+00  -1.18697E+00  -1.01664E+00  -1.68102E+00  -6.77719E-01  -2.13397E+00  -1.85780E-01  -2.52451E+00
 1.73400E+02   8.38367E-01   1.38439E+00   6.58086E-01   1.41933E+00   3.99145E-01   1.37018E+00   8.24378E-02   1.23018E+00  -2.63486E-01   9.98003E-01  -6.04625E-01   6.78298E-01  -9.04257E-01   2.81917E-01  -1.12600E+00  -1.74345E-01  -1.23696E+00  -6.68579E-01  -1.21077E+00  -1.17521E+00  -1.03014E+00  -1.66710E+00  -6.88815E-01  -2.11828E+00  -1.92647E-01  -2.50725E+00
 1.74700E+02   8.61765E-01   1.36296E+00   6.79313E-01   1.39978E+00   4.16597E-01   1.35382E+00   9.48370E-02   1.21802E+00  -2.56956E-01   9.90637E-01  -6.04222E-01   6.75927E-01  -9.09637E-01   2.84356E-01  -1.13623E+00  -1.67593E-01  -1.25059E+00  -6.58206E-01  -1.22594E+00  -1.16197E+00  -1.04477E+00  -1.65169E+00  -7.00780E-01  -2.10121E+00  -1.99968E-01  -2.48876E+00
 1.75900E+02   8.83093E-01   1.34281E+00   6.98636E-01   1.38150E+00   4.32446E-01   1.33865E+00   1.06041E-01   1.20688E+00  -2.51142E-01   9.84098E-01  -6.04032E-01   6.74149E-01  -9.14748E-01   2.87126E-01  -1.14578E+00  -1.60788E-01  -1.26323E+00  -6.48075E-01  -1.23997E+00  -1.14929E+00  -1.05826E+00  -1.63716E+00  -7.11765E-01  -2.08537E+00  -2.06620E-01  -2.47190E+00
 1.77200E+02   9.05890E-01   1.32058E+00   7.19265E-01   1.36143E+00   4.49331E-01   1.32210E+00   1.17925E-01   1.19490E+00  -2.45061E-01   9.77293E-01  -6.04000E-01   6.72668E-01  -9.20416E-01   2.90693E-01  -1.15621E+00  -1.52791E-01  -1.27697E+00  -6.36487E-01  -1.25517E+00  -1.13503E+00  -1.07284E+00  -1.62108E+00  -7.23590E-01  -2.06811E+00  -2.13712E-01  -2.45383E+00
 1.78500E+02   9.28348E-01   1.29792E+00   7.39568E-01   1.34105E+00   4.65918E-01   1.30544E+00   1.29550E-01   1.18301E+00  -2.39189E-01   9.70773E-01  -6.04126E-01   6.71648E-01  -9.26189E-01   2.94852E-01  -1.16669E+00  -1.44137E-01  -1.29072E+00  -6.24257E-01  -1.27035E+00  -1.12022E+00  -1.08736E+00  -1.60463E+00  -7.35326E-01  -2.05074E+00  -2.20689E-01  -2.43597E+00
 1.79800E+02   9.50449E-01   1.27480E+00   7.59533E-01   1.32037E+00   4.82202E-01   1.28866E+00   1.40923E-01   1.17119E+00  -2.33512E-01   9.64535E-01  -6.04385E-01   6.71088E-01  -9.32038E-01   2.99604E-01  -1.17720E+00  -1.34822E-01  -1.30446E+00  -6.11376E-01  -1.28546E+00  -1.10486E+00  -1.10179E+00  -1.58780E+00  -7.46960E-01  -2.03325E+00  -2.27551E-01  -2.41830E+00
 1.81100E+02   9.72172E-01   1.25123E+00   7.79145E-01   1.29937E+00   4.98180E-01   1.27173E+00   1.52049E-01   1.15945E+00  -2.28014E-01   9.58573E-01  -6.04755E-01   6.70987E-01  -9.37932E-01   3.04950E-01  -1.18770E+00  -1.24843E-01  -1.31813E+00  -5.97840E-01  -1.30049E+00  -1.08894E+00  -1.11612E+00  -1.57059E+00  -7.58481E-01  -2.01563E+00  -2.34300E-01  -2.40083E+00
 1.82400E+02   9.93493E-01   1.22718E+00   7.98388E-01   1.27805E+00   5.13843E-01   1.25467E+00   1.62931E-01   1.14777E+00  -2.22681E-01   9.52884E-01  -6.05211E-01   6.71343E-01  -9.43839E-01   3.10890E-01  -1.19816E+00  -1.14199E-01  -1.33172E+00  -5.83646E-01  -1.31541E+00  -1.07246E+00  -1.13032E+00  -1.55300E+00  -7.69874E-01  -1.99788E+00  -2.40935E-01  -2.38353E+00
 1.83700E+02   1.01439E+00   1.20266E+00   8.17245E-01   1.25639E+00   5.29185E-01   1.23745E+00   1.73572E-01   1.13615E+00  -2.17499E-01   9.47463E-01  -6.05729E-01   6.72152E-01  -9.49728E-01   3.17422E-01  -1.20853E+00  -1.02888E-01  -1.34517E+00  -5.68790E-01  -1.33016E+00  -1.05540E+00  -1.14436E+00  -1.53501E+00  -7.81125E-01  -1.97998E+00  -2.47457E-01  -2.36641E+00
 1.85000E+02   1.03483E+00   1.17766E+00   8.35699E-01   1.23438E+00   5.44197E-01   1.22009E+00   1.83976E-01   1.12458E+00  -2.12455E-01   9.42304E-01  -6.06285E-01   6.73411E-01  -9.55568E-01   3.24545E-01  -1.21878E+00  -9.09121E-02  -1.35846E+00  -5.53274E-01  -1.34474E+00  -1.03777E+00  -1.15822E+00  -1.51662E+00  -7.92220E-01  -1.96194E+00  -2.53866E-01  -2.34946E+00
 1.86300E+02   1.05480E+00   1.15217E+00   8.53729E-01   1.21204E+00   5.58870E-01   1.20256E+00   1.94145E-01   1.11306E+00  -2.07533E-01   9.37404E-01  -6.06856E-01   6.75114E-01  -9.61326E-01   3.32253E-01  -1.22887E+00  -7.82746E-02  -1.37155E+00  -5.37099E-01  -1.35909E+00  -1.01957E+00  -1.17187E+00  -1.49783E+00  -8.03143E-01  -1.94375E+00  -2.60160E-01  -2.33267E+00
 1.87700E+02   1.07573E+00   1.12417E+00   8.72650E-01   1.18758E+00   5.74280E-01   1.18349E+00   2.04834E-01   1.10071E+00  -2.02357E-01   9.32410E-01  -6.07459E-01   6.77440E-01  -9.67400E-01   3.41204E-01  -1.23953E+00  -6.39305E-02  -1.38538E+00  -5.18947E-01  -1.37426E+00  -9.99337E-01  -1.18631E+00  -1.47716E+00  -8.14698E-01  -1.92399E+00  -2.66811E-01  -2.31477E+00
 1.89000E+02   1.09461E+00   1.09767E+00   8.89735E-01   1.16452E+00   5.88216E-01   1.16562E+00   2.14516E-01   1.08928E+00  -1.97651E-01   9.28030E-01  -6.07984E-01   6.80050E-01  -9.72887E-01   3.50110E-01  -1.24918E+00  -4.99366E-02  -1.39792E+00  -5.01418E-01  -1.38805E+00  -9.79961E-01  -1.19944E+00  -1.45755E+00  -8.25215E-01  -1.90549E+00  -2.72866E-01  -2.29831E+00
 1.90400E+02   1.11431E+00   1.06859E+00   9.07588E-01   1.13929E+00   6.02806E-01   1.14619E+00   2.24683E-01   1.07701E+00  -1.92677E-01   9.23583E-01  -6.08484E-01   6.83335E-01  -9.78594E-01   3.60332E-01  -1.25927E+00  -3.41505E-02  -1.41107E+00  -4.81825E-01  -1.40252E+00  -9.58473E-01  -1.21325E+00  -1.43599E+00  -8.36295E-01  -1.88539E+00  -2.79256E-01  -2.28074E+00
 1.91800E+02   1.13331E+00   1.03895E+00   9.24847E-01   1.11366E+00   6.16949E-01   1.12657E+00   2.34580E-01   1.06478E+00  -1.87787E-01   9.19410E-01  -6.08888E-01   6.87102E-01  -9.84052E-01   3.71194E-01  -1.26900E+00  -1.76361E-02  -1.42380E+00  -4.61503E-01  -1.41658E+00  -9.36350E-01  -1.22669E+00  -1.41398E+00  -8.47099E-01  -1.86511E+00  -2.85508E-01  -2.26334E+00
 1.93200E+02   1.15158E+00   1.00878E+00   9.41483E-01   1.08765E+00   6.30629E-01   1.10675E+00   2.44206E-01   1.05259E+00  -1.82964E-01   9.15503E-01  -6.09167E-01   6.91340E-01  -9.89221E-01   3.82683E-01  -1.27833E+00  -4.10514E-04  -1.43607E+00  -4.40469E-01  -1.43016E+00  -9.13606E-01  -1.23972E+00  -1.39154E+00  -8.57607E-01  -1.84467E+00  -2.91620E-01  -2.24610E+00
 1.94600E+02   1.16907E+00   9.78085E-01   9.57468E-01   1.06126E+00   6.43831E-01   1.08676E+00   2.53560E-01   1.04043E+00  -1.78195E-01   9.11854E-01  -6.09293E-01   6.96034E-01  -9.94064E-01   3.94779E-01  -1.28720E+00   1.75061E-02  -1.44781E+00  -4.18744E-01  -1.44323E+00  -8.90259E-01  -1.25231E+00  -1.36867E+00  -8.67798E-01  -1.82405E+00  -2.97589E-01  -2.22902E+00
 1.96000E+02   1.18575E+00   9.46882E-01   9.72772E-01   1.03451E+00   6.56539E-01   1.06659E+00   2.62640E-01   1.02831E+00  -1.73466E-01   9.08455E-01  -6.09239E-01   7.01170E-01  -9.98542E-01   4.07463E-01  -1.29558E+00   3.60906E-02  -1.45900E+00  -3.96350E-01  -1.45575E+00  -8.66330E-01  -1.26441E+00  -1.34539E+00  -8.77652E-01  -1.80328E+00  -3.03414E-01  -2.21210E+00
 1.97400E+02   1.20159E+00   9.15195E-01   9.87369E-01   1.00741E+00   6.68737E-01   1.04625E+00   2.71446E-01   1.01623E+00  -1.68765E-01   9.05297E-01  -6.08979E-01   7.06731E-01  -1.00262E+00   4.20711E-01  -1.30342E+00   5.53167E-02  -1.46958E+00  -3.73315E-01  -1.46767E+00  -8.41843E-01  -1.27601E+00  -1.32172E+00  -8.87150E-01  -1.78236E+00  -3.09091E-01  -2.19533E+00
 1.98800E+02   1.21654E+00   8.83051E-01   1.00123E+00   9.79981E-01   6.80410E-01   1.02575E+00   2.79977E-01   1.00418E+00  -1.64078E-01   9.02372E-01  -6.08487E-01   7.12700E-01  -1.00625E+00   4.34500E-01  -1.31067E+00   7.51548E-02  -1.47950E+00  -3.49668E-01  -1.47895E+00  -8.16826E-01  -1.28706E+00  -1.29768E+00  -8.96271E-01  -1.76130E+00  -3.14619E-01  -2.17871E+00
 2.00200E+02   1.23057E+00   8.50479E-01   1.01433E+00   9.52250E-01   6.91543E-01   1.00511E+00   2.88229E-01   9.92175E-01  -1.59394E-01   8.99671E-01  -6.07738E-01   7.19056E-01  -1.00942E+00   4.48801E-01  -1.31730E+00   9.55727E-02  -1.48873E+00  -3.25444E-01  -1.48955E+00  -7.91308E-01  -1.29754E+00  -1.27330E+00  -9.04998E-01  -1.74011E+00  -3.19995E-01  -2.16225E+00
 2.01700E+02   1.24454E+00   8.15144E-01   1.02749E+00   9.22228E-01   7.02856E-01   9.82857E-01   2.96761E-01   9.79357E-01  -1.54365E-01   8.97013E-01  -6.06624E-01   7.26274E-01  -1.01225E+00   4.64658E-01  -1.32367E+00   1.18052E-01  -1.49781E+00  -2.98890E-01  -1.50011E+00  -7.63452E-01  -1.30810E+00  -1.24681E+00  -9.13890E-01  -1.71729E+00  -3.25584E-01  -2.14477E+00
 2.03100E+02   1.25656E+00   7.81796E-01   1.03893E+00   8.93950E-01   7.12826E-01   9.61970E-01   3.04433E-01   9.67442E-01  -1.49650E-01   8.94744E-01  -6.05271E-01   7.33366E-01  -1.01433E+00   4.79923E-01  -1.32889E+00   1.39555E-01  -1.50548E+00  -2.73590E-01  -1.50920E+00  -7.37009E-01  -1.31729E+00  -1.22179E+00  -9.21745E-01  -1.69588E+00  -3.30639E-01  -2.12861E+00
 2.04600E+02   1.26831E+00   7.45717E-01   1.05026E+00   8.63411E-01   7.22863E-01   9.39490E-01   3.12341E-01   9.54731E-01  -1.44563E-01   8.92526E-01  -6.03460E-01   7.41318E-01  -1.01593E+00   4.96736E-01  -1.33366E+00   1.63105E-01  -1.51279E+00  -2.45979E-01  -1.51806E+00  -7.08249E-01  -1.32641E+00  -1.19470E+00  -9.29667E-01  -1.67287E+00  -3.35879E-01  -2.11147E+00
 2.06100E+02   1.27886E+00   7.09330E-01   1.06062E+00   8.32662E-01   7.32220E-01   9.16930E-01   3.19925E-01   9.42084E-01  -1.39429E-01   8.90517E-01  -6.01254E-01   7.49607E-01  -1.01685E+00   5.13980E-01  -1.33755E+00   1.87132E-01  -1.51913E+00  -2.17903E-01  -1.52598E+00  -6.79097E-01  -1.33475E+00  -1.16734E+00  -9.37060E-01  -1.64979E+00  -3.40935E-01  -2.09450E+00
 2.07600E+02   1.28819E+00   6.72690E-01   1.06996E+00   8.01748E-01   7.40886E-01   8.94315E-01   3.27183E-01   9.29508E-01  -1.34237E-01   8.88703E-01  -5.98631E-01   7.58199E-01  -1.01705E+00   5.31606E-01  -1.34053E+00   2.11579E-01  -1.52447E+00  -1.89420E-01  -1.53293E+00  -6.49608E-01  -1.34227E+00  -1.13978E+00  -9.43911E-01  -1.62667E+00  -3.45806E-01  -2.07771E+00
 2.09100E+02   1.29626E+00   6.35859E-01   1.07829E+00   7.70715E-01   7.48851E-01   8.71675E-01   3.34118E-01   9.17011E-01  -1.28978E-01   8.87071E-01  -5.95573E-01   7.67063E-01  -1.01652E+00   5.49566E-01  -1.34255E+00   2.36387E-01  -1.52878E+00  -1.60594E-01  -1.53889E+00  -6.19841E-01  -1.34896E+00  -1.11205E+00  -9.50205E-01  -1.60354E+00  -3.50490E-01  -2.06109E+00
 2.10600E+02   1.30306E+00   5.98897E-01   1.08558E+00   7.39612E-01   7.56108E-01   8.49041E-01   3.40728E-01   9.04602E-01  -1.23641E-01   8.85607E-01  -5.92064E-01   7.76162E-01  -1.01522E+00   5.67809E-01  -1.34361E+00   2.61493E-01  -1.53202E+00  -1.31490E-01  -1.54382E+00  -5.89856E-01  -1.35480E+00  -1.08420E+00  -9.55934E-01  -1.58043E+00  -3.54989E-01  -2.04466E+00
 2.12100E+02   1.30857E+00   5.61870E-01   1.09183E+00   7.08490E-01   7.62653E-01   8.26442E-01   3.47016E-01   8.92289E-01  -1.18220E-01   8.84296E-01  -5.88090E-01   7.85463E-01  -1.01315E+00   5.86283E-01  -1.34368E+00   2.86834E-01  -1.53418E+00  -1.02175E-01  -1.54772E+00  -5.59715E-01  -1.35977E+00  -1.05628E+00  -9.61088E-01  -1.55736E+00  -3.59300E-01  -2.02842E+00
 2.13600E+02   1.31279E+00   5.24845E-01   1.09702E+00   6.77400E-01   7.68483E-01   8.03912E-01   3.52985E-01   8.80082E-01  -1.12708E-01   8.83126E-01  -5.83641E-01   7.94929E-01  -1.01028E+00   6.04933E-01  -1.34274E+00   3.12346E-01  -1.53524E+00  -7.27171E-02  -1.55056E+00  -5.29482E-01  -1.36387E+00  -1.02835E+00  -9.65663E-01  -1.53437E+00  -3.63425E-01  -2.01236E+00
 2.15200E+02   1.31587E+00   4.85428E-01   1.10140E+00   6.44332E-01   7.73916E-01   7.79993E-01   3.59003E-01   8.67189E-01  -1.06721E-01   8.82016E-01  -5.78363E-01   8.05167E-01  -1.00634E+00   6.24960E-01  -1.34061E+00   3.39673E-01  -1.53516E+00  -4.12168E-02  -1.55242E+00  -4.97207E-01  -1.36726E+00  -9.98589E-01  -9.69901E-01  -1.50997E+00  -3.67622E-01  -1.99545E+00
 2.16700E+02   1.31741E+00   4.48621E-01   1.10442E+00   6.13478E-01   7.78275E-01   7.57709E-01   3.64323E-01   8.55232E-01  -1.01002E-01   8.81090E-01  -5.72909E-01   8.14860E-01  -1.00182E+00   6.43804E-01  -1.33757E+00   3.65328E-01  -1.53393E+00  -1.16856E-02  -1.55307E+00  -4.66992E-01  -1.36954E+00  -9.70783E-01  -9.73274E-01  -1.48724E+00  -3.71368E-01  -1.97980E+00
 2.18300E+02   1.31763E+00   4.09592E-01   1.10650E+00   5.80783E-01   7.82150E-01   7.34129E-01   3.69660E-01   8.42629E-01  -9.47845E-02   8.80209E-01  -5.66551E-01   8.25257E-01  -9.96104E-01   6.63915E-01  -1.33319E+00   3.92657E-01  -1.53139E+00   1.97337E-02  -1.55259E+00  -4.34884E-01  -1.37099E+00  -9.41282E-01  -9.76233E-01  -1.46319E+00  -3.75164E-01  -1.96333E+00
 2.19900E+02   1.31640E+00   3.70884E-01   1.10740E+00   5.48375E-01   7.85236E-01   7.10784E-01   3.74655E-01   8.30194E-01  -8.84431E-02   8.79422E-01  -5.59636E-01   8.35673E-01  -9.89475E-01   6.83973E-01  -1.32767E+00   4.19871E-01  -1.52761E+00   5.09876E-02  -1.55091E+00  -4.02978E-01  -1.37145E+00  -9.12005E-01  -9.78542E-01  -1.43938E+00  -3.78760E-01  -1.94709E+00
 2.21500E+02   1.31374E+00   3.32577E-01   1.10715E+00   5.16318E-01   7.87548E-01   6.87712E-01   3.79318E-01   8.17939E-01  -8.19756E-02   8.78711E-01  -5.52167E-01   8.46064E-01  -9.81944E-01   7.03913E-01  -1.32100E+00   4.46892E-01  -1.52259E+00   8.19937E-02  -1.54806E+00  -3.71351E-01  -1.37094E+00  -8.83016E-01  -9.80210E-01  -1.41584E+00  -3.82160E-01  -1.93110E+00
 2.23100E+02   1.30969E+00   2.94750E-01   1.10578E+00   4.84673E-01   7.89104E-01   6.64952E-01   3.83659E-01   8.05875E-01  -7.53811E-02   8.78062E-01  -5.44153E-01   8.56389E-01  -9.73524E-01   7.23675E-01  -1.31322E+00   4.73645E-01  -1.51636E+00   1.12672E-01  -1.54404E+00  -3.40078E-01  -1.36947E+00  -8.54373E-01  -9.81252E-01  -1.39260E+00  -3.85369E-01  -1.91536E+00
 2.24700E+02   1.30428E+00   2.57478E-01   1.10330E+00   4.53498E-01   7.89925E-01   6.42542E-01   3.87688E-01   7.94014E-01  -6.86597E-02   8.77460E-01  -5.35605E-01   8.66608E-01  -9.64238E-01   7.43198E-01  -1.30434E+00   5.00057E-01  -1.50895E+00   1.42946E-01  -1.53890E+00  -3.09230E-01  -1.36707E+00  -8.26134E-01  -9.81686E-01  -1.36971E+00  -3.88395E-01  -1.89987E+00
 2.26300E+02   1.29755E+00   2.20834E-01   1.09977E+00   4.22850E-01   7.90036E-01   6.20516E-01   3.91417E-01   7.82367E-01  -6.18129E-02   8.76888E-01  -5.26537E-01   8.76684E-01  -9.54108E-01   7.62425E-01  -1.29441E+00   5.26058E-01  -1.50039E+00   1.72742E-01  -1.53267E+00  -2.78876E-01  -1.36377E+00  -7.98353E-01  -9.81530E-01  -1.34720E+00  -3.91243E-01  -1.88464E+00
 2.27900E+02   1.28954E+00   1.84883E-01   1.09521E+00   3.92783E-01   7.89464E-01   5.98908E-01   3.94859E-01   7.70943E-01  -5.48430E-02   8.76335E-01  -5.16966E-01   8.86579E-01  -9.43165E-01   7.81304E-01  -1.28346E+00   5.51585E-01  -1.49073E+00   2.01992E-01  -1.52538E+00  -2.49081E-01  -1.35960E+00  -7.71083E-01  -9.80808E-01  -1.32510E+00  -3.93922E-01  -1.86967E+00
 2.29600E+02   1.27971E+00   1.47518E-01   1.08929E+00   3.61526E-01   7.88142E-01   5.76440E-01   3.98218E-01   7.59060E-01  -4.73060E-02   8.75751E-01  -5.06266E-01   8.96859E-01  -9.30683E-01   8.00923E-01  -1.27075E+00   5.78117E-01  -1.47931E+00   2.32398E-01  -1.51654E+00  -2.18102E-01  -1.35426E+00  -7.42722E-01  -9.79450E-01  -1.30209E+00  -3.96593E-01  -1.85405E+00
 2.31200E+02   1.26925E+00   1.13193E-01   1.08276E+00   3.32806E-01   7.86258E-01   5.55787E-01   4.01113E-01   7.48124E-01  -4.00929E-02   8.75192E-01  -4.95719E-01   9.06280E-01  -9.18169E-01   8.18926E-01  -1.25782E+00   6.02476E-01  -1.46753E+00   2.60321E-01  -1.50724E+00  -1.89643E-01  -1.34842E+00  -7.16652E-01  -9.77644E-01  -1.28092E+00  -3.98950E-01  -1.83963E+00
 2.32900E+02   1.25694E+00   7.76792E-02   1.07486E+00   3.03078E-01   7.83615E-01   5.34393E-01   4.03923E-01   7.36776E-01  -3.23076E-02   8.74576E-01  -4.84034E-01   9.15989E-01  -9.04104E-01   8.37516E-01  -1.24313E+00   6.27647E-01  -1.45397E+00   2.89191E-01  -1.49636E+00  -1.60203E-01  -1.34141E+00  -6.89659E-01  -9.75198E-01  -1.25896E+00  -4.01300E-01  -1.82460E+00
 2.34600E+02   1.24347E+00   4.32042E-02   1.06603E+00   2.74203E-01   7.80354E-01   5.13594E-01   4.06479E-01   7.25716E-01  -2.44034E-02   8.73925E-01  -4.71886E-01   9.25355E-01  -8.89295E-01   8.55506E-01  -1.22751E+00   6.52034E-01  -1.43941E+00   3.17182E-01  -1.48454E+00  -1.31637E-01  -1.33362E+00  -6.63436E-01  -9.72246E-01  -1.23757E+00  -4.03500E-01  -1.80989E+00
 2.36300E+02   1.22892E+00   9.81631E-03   1.05633E+00   2.46219E-01   7.76519E-01   4.93411E-01   4.08798E-01   7.14948E-01  -1.63874E-02   8.73226E-01  -4.59305E-01   9.34353E-01  -8.73795E-01   8.72857E-01  -1.21103E+00   6.75588E-01  -1.42393E+00   3.44244E-01  -1.47184E+00  -1.03991E-01  -1.32510E+00  -6.38020E-01  -9.68826E-01  -1.21678E+00  -4.05564E-01  -1.79548E+00
 2.38000E+02   1.21336E+00  -2.24437E-02   1.04583E+00   2.19157E-01   7.72155E-01   4.73863E-01   4.10901E-01   7.04478E-01  -8.26707E-03   8.72470E-01  -4.46325E-01   9.42959E-01  -8.57658E-01   8.89534E-01  -1.19376E+00   6.98269E-01  -1.40759E+00   3.70334E-01  -1.45834E+00  -7.73035E-02  -1.31593E+00  -6.13439E-01  -9.64980E-01  -1.19661E+00  -4.07504E-01  -1.78139E+00
 2.39700E+02   1.19689E+00  -5.35427E-02   1.03460E+00   1.93042E-01   7.67307E-01   4.54966E-01   4.12806E-01   6.94308E-01  -5.03973E-05   8.71647E-01  -4.32980E-01   9.51152E-01  -8.40941E-01   9.05509E-01  -1.17576E+00   7.20042E-01  -1.39048E+00   3.95417E-01  -1.44410E+00  -5.16075E-02  -1.30616E+00  -5.89721E-01  -9.60746E-01  -1.17706E+00  -4.09331E-01  -1.76760E+00
 2.41400E+02   1.17959E+00  -8.34549E-02   1.02270E+00   1.67893E-01   7.62021E-01   4.36729E-01   4.14534E-01   6.84439E-01   8.25451E-03   8.70750E-01  -4.19304E-01   9.58917E-01  -8.23698E-01   9.20758E-01  -1.15711E+00   7.40882E-01  -1.37268E+00   4.19466E-01  -1.42921E+00  -2.69279E-02  -1.29585E+00  -5.66882E-01  -9.56167E-01  -1.15815E+00  -4.11058E-01  -1.75413E+00
 2.43200E+02   1.16045E+00  -1.13812E-01   1.00946E+00   1.42334E-01   7.55997E-01   4.18148E-01   4.16192E-01   6.74319E-01   1.71349E-02   8.69711E-01  -4.04502E-01   9.66656E-01  -8.04931E-01   9.36094E-01  -1.13674E+00   7.61906E-01  -1.35316E+00   4.43779E-01  -1.41281E+00  -1.92447E-03  -1.28442E+00  -5.43676E-01  -9.50987E-01  -1.13884E+00  -4.12792E-01  -1.74019E+00
 2.44900E+02   1.14169E+00  -1.41230E-01   9.96403E-01   1.19212E-01   7.49952E-01   4.01291E-01   4.17616E-01   6.65070E-01   2.55954E-02   8.68639E-01  -3.90253E-01   9.73499E-01  -7.86784E-01   9.49799E-01  -1.11697E+00   7.80765E-01  -1.33416E+00   4.65640E-01  -1.39680E+00   2.06122E-02  -1.27320E+00  -5.22687E-01  -9.45823E-01  -1.12126E+00  -4.14352E-01  -1.72735E+00
 2.46700E+02   1.12120E+00  -1.68929E-01   9.82081E-01   9.58103E-02   7.43225E-01   3.84175E-01   4.18993E-01   6.55601E-01   3.46221E-02   8.67403E-01  -3.74919E-01   9.80244E-01  -7.67184E-01   9.63477E-01  -1.09557E+00   7.99667E-01  -1.31355E+00   4.87614E-01  -1.37937E+00   4.33274E-02  -1.26095E+00  -5.01451E-01  -9.40115E-01  -1.10336E+00  -4.15936E-01  -1.71407E+00
 2.48500E+02   1.10014E+00  -1.95258E-01   9.67317E-01   7.35171E-02   7.36211E-01   3.67808E-01   4.20257E-01   6.46462E-01   4.37097E-02   8.66059E-01  -3.59369E-01   9.86470E-01  -7.47248E-01   9.76295E-01  -1.07377E+00   8.17471E-01  -1.29251E+00   5.08379E-01  -1.36155E+00   6.48634E-02  -1.24837E+00  -4.81228E-01  -9.34202E-01  -1.08618E+00  -4.17463E-01  -1.70113E+00
 2.50300E+02   1.07862E+00  -2.20228E-01   9.52185E-01   5.23238E-02   7.28960E-01   3.52184E-01   4.21430E-01   6.37647E-01   5.28492E-02   8.64602E-01  -3.43642E-01   9.92175E-01  -7.27037E-01   9.88253E-01  -1.05163E+00   8.34182E-01  -1.27112E+00   5.27943E-01  -1.34341E+00   8.52274E-02  -1.23554E+00  -4.62010E-01  -9.28129E-01  -1.06971E+00  -4.18945E-01  -1.68851E+00
 2.52100E+02   1.05672E+00  -2.43853E-01   9.36755E-01   3.22170E-02   7.21518E-01   3.37291E-01   4.22531E-01   6.29148E-01   6.20316E-02   8.63031E-01  -3.27772E-01   9.97363E-01  -7.06611E-01   9.99359E-01  -1.02923E+00   8.49808E-01  -1.24946E+00   5.46316E-01  -1.32503E+00   1.04433E-01  -1.22251E+00  -4.43786E-01  -9.21939E-01  -1.05395E+00  -4.20396E-01  -1.67622E+00
 2.53900E+02   1.03451E+00  -2.66153E-01   9.21092E-01   1.31784E-02   7.13930E-01   3.23116E-01   4.23578E-01   6.20958E-01   7.12486E-02   8.61344E-01  -3.11794E-01   1.00204E+00  -6.86024E-01   1.00962E+00  -1.00664E+00   8.64365E-01  -1.22762E+00   5.63518E-01  -1.30648E+00   1.22498E-01  -1.20936E+00  -4.26537E-01  -9.15670E-01  -1.03888E+00  -4.21828E-01  -1.66423E+00
 2.55700E+02   1.01208E+00  -2.87156E-01   9.05259E-01  -4.81397E-03   7.06238E-01   3.09642E-01   4.24589E-01   6.13068E-01   8.04922E-02   8.59539E-01  -2.95740E-01   1.00621E+00  -6.65329E-01   1.01906E+00  -9.83934E-01   8.77873E-01  -1.20566E+00   5.79571E-01  -1.28783E+00   1.39447E-01  -1.19614E+00  -4.10242E-01  -9.09362E-01  -1.02449E+00  -4.23251E-01  -1.65255E+00
 2.57600E+02   9.88238E-01  -3.07951E-01   8.88427E-01  -2.26995E-02   6.98048E-01   2.96160E-01   4.25635E-01   6.05053E-01   9.02700E-02   8.57506E-01  -2.78744E-01   1.01007E+00  -6.43420E-01   1.02814E+00  -9.59901E-01   8.91021E-01  -1.18242E+00   5.95301E-01  -1.26811E+00   1.56157E-01  -1.18216E+00  -3.94052E-01  -9.02699E-01  -1.01002E+00  -4.24755E-01  -1.64054E+00
 2.59500E+02   9.64307E-01  -3.27374E-01   8.71535E-01  -3.94818E-02   6.89830E-01   2.83414E-01   4.26679E-01   5.97349E-01   1.00061E-01   8.55343E-01  -2.61729E-01   1.01339E+00  -6.21498E-01   1.03635E+00  -9.35869E-01   9.03058E-01  -1.15921E+00   6.09818E-01  -1.24843E+00   1.71690E-01  -1.16823E+00  -3.78866E-01  -8.96070E-01  -9.96254E-01  -4.26274E-01  -1.62884E+00
 2.61300E+02   9.41618E-01  -3.44548E-01   8.55529E-01  -5.43966E-02   6.82052E-01   2.71995E-01   4.27679E-01   5.90324E-01   1.09343E-01   8.53174E-01  -2.45620E-01   1.01605E+00  -6.00762E-01   1.04333E+00  -9.13159E-01   9.13472E-01  -1.13729E+00   6.22489E-01  -1.22986E+00   1.85358E-01  -1.15511E+00  -3.65373E-01  -8.89853E-01  -9.83846E-01  -4.27736E-01  -1.61805E+00
 2.63200E+02   9.17714E-01  -3.61427E-01   8.38684E-01  -6.91385E-02   6.73887E-01   2.60606E-01   4.28762E-01   5.83186E-01   1.19140E-01   8.50760E-01  -2.28652E-01   1.01836E+00  -5.78951E-01   1.04991E+00  -8.89301E-01   9.23455E-01  -1.11430E+00   6.34765E-01  -1.21042E+00   1.98719E-01  -1.14140E+00  -3.52040E-01  -8.83389E-01  -9.71392E-01  -4.29312E-01  -1.60694E+00
 2.65100E+02   8.93916E-01  -3.77072E-01   8.21937E-01  -8.28924E-02   6.65799E-01   2.49872E-01   4.29888E-01   5.76317E-01   1.28932E-01   8.48220E-01  -2.11746E-01   1.02018E+00  -5.57258E-01   1.05569E+00  -8.65611E-01   9.32442E-01  -1.09150E+00   6.45957E-01  -1.19119E+00   2.11032E-01  -1.12788E+00  -3.39600E-01  -8.77054E-01  -9.59570E-01  -4.30930E-01  -1.59612E+00
 2.67000E+02   8.70277E-01  -3.91533E-01   8.05333E-01  -9.57005E-02   6.57818E-01   2.39763E-01   4.31068E-01   5.69703E-01   1.38712E-01   8.45556E-01  -1.94924E-01   1.02152E+00  -5.35721E-01   1.06071E+00  -8.42135E-01   9.40476E-01  -1.06896E+00   6.56113E-01  -1.17221E+00   2.22343E-01  -1.11458E+00  -3.28015E-01  -8.70875E-01  -9.48353E-01  -4.32600E-01  -1.58557E+00
 2.69000E+02   8.45621E-01  -4.05533E-01   7.88053E-01  -1.08209E-01   6.49563E-01   2.29763E-01   4.32382E-01   5.63001E-01   1.48990E-01   8.42619E-01  -1.77329E-01   1.02245E+00  -5.13252E-01   1.06522E+00  -8.17700E-01   9.47952E-01  -1.04556E+00   6.65739E-01  -1.15256E+00   2.33220E-01  -1.10086E+00  -3.16695E-01  -8.64566E-01  -9.37166E-01  -4.34421E-01  -1.57475E+00
 2.70900E+02   8.22458E-01  -4.17727E-01   7.71861E-01  -1.19212E-01   6.41883E-01   2.20841E-01   4.33710E-01   5.56865E-01   1.58733E-01   8.39708E-01  -1.60738E-01   1.02288E+00  -4.92130E-01   1.06878E+00  -7.94786E-01   9.54168E-01  -1.02366E+00   6.73923E-01  -1.13424E+00   2.42627E-01  -1.08814E+00  -3.06730E-01  -8.58780E-01  -9.27098E-01  -4.36217E-01  -1.56473E+00
 2.72900E+02   7.98390E-01  -4.29459E-01   7.55086E-01  -1.29917E-01   6.33993E-01   2.12022E-01   4.35200E-01   5.50633E-01   1.68965E-01   8.36516E-01  -1.43422E-01   1.02288E+00  -4.70156E-01   1.07183E+00  -7.71017E-01   9.59828E-01  -1.00102E+00   6.81582E-01  -1.11536E+00   2.51610E-01  -1.07509E+00  -2.97024E-01  -8.52927E-01  -9.17054E-01  -4.38185E-01  -1.55444E+00
 2.74800E+02   7.75860E-01  -4.39609E-01   7.39434E-01  -1.39300E-01   6.26700E-01   2.04157E-01   4.36712E-01   5.44912E-01   1.78659E-01   8.33367E-01  -1.27125E-01   1.02248E+00  -4.49552E-01   1.07409E+00  -7.48797E-01   9.64413E-01  -9.79921E-01   6.88004E-01  -1.09783E+00   2.59321E-01  -1.06305E+00  -2.88501E-01  -8.47609E-01  -9.08010E-01  -4.40131E-01  -1.54489E+00
 2.76800E+02   7.52525E-01  -4.49303E-01   7.23283E-01  -1.48395E-01   6.19255E-01   1.96383E-01   4.38413E-01   5.39084E-01   1.88832E-01   8.29932E-01  -1.10144E-01   1.02165E+00  -4.28167E-01   1.07583E+00  -7.25813E-01   9.68455E-01  -9.58174E-01   6.93920E-01  -1.07984E+00   2.66626E-01  -1.05078E+00  -2.80220E-01  -8.42282E-01  -8.98981E-01  -4.42267E-01  -1.53507E+00
 2.78800E+02   7.29609E-01  -4.58040E-01   7.07485E-01  -1.56738E-01   6.12061E-01   1.89094E-01   4.40233E-01   5.33438E-01   1.98972E-01   8.26375E-01  -9.33510E-02   1.02043E+00  -4.07111E-01   1.07695E+00  -7.03266E-01   9.71741E-01  -9.36923E-01   6.99024E-01  -1.06235E+00   2.73154E-01  -1.03893E+00  -2.72599E-01  -8.37244E-01  -8.90422E-01  -4.44496E-01  -1.52548E+00
 2.80800E+02   7.07132E-01  -4.65878E-01   6.92059E-01  -1.64376E-01   6.05131E-01   1.82256E-01   4.42176E-01   5.27959E-01   2.09078E-01   8.22700E-01  -7.67542E-02   1.01883E+00  -3.86397E-01   1.07750E+00  -6.81174E-01   9.74320E-01  -9.16188E-01   7.03371E-01  -1.04537E+00   2.78959E-01  -1.02752E+00  -2.65592E-01  -8.32507E-01  -8.82302E-01  -4.46822E-01  -1.51610E+00
 2.82900E+02   6.84026E-01  -4.73200E-01   6.76278E-01  -1.71688E-01   5.98150E-01   1.75524E-01   4.44356E-01   5.22366E-01   2.19651E-01   8.18715E-01  -5.95457E-02   1.01677E+00  -3.65028E-01   1.07750E+00  -6.58481E-01   9.76320E-01  -8.94989E-01   7.07181E-01  -1.02812E+00   2.84333E-01  -1.01604E+00  -2.58844E-01  -8.27866E-01  -8.74212E-01  -4.49370E-01  -1.50646E+00
 2.84900E+02   6.62504E-01  -4.79366E-01   6.61657E-01  -1.78026E-01   5.91789E-01   1.69507E-01   4.46567E-01   5.17176E-01   2.29683E-01   8.14802E-01  -4.33693E-02   1.01447E+00  -3.45047E-01   1.07698E+00  -6.37360E-01   9.77597E-01  -8.75355E-01   7.10144E-01  -1.01224E+00   2.88818E-01  -1.00557E+00  -2.52954E-01  -8.23768E-01  -8.66891E-01  -4.51901E-01  -1.49747E+00
 2.87000E+02   6.40426E-01  -4.85048E-01   6.46742E-01  -1.84070E-01   5.85420E-01   1.63569E-01   4.49034E-01   5.11853E-01   2.40177E-01   8.10572E-01  -2.66107E-02   1.01171E+00  -3.24462E-01   1.07593E+00  -6.15707E-01   9.78328E-01  -8.55333E-01   7.12611E-01  -9.96152E-01   2.92918E-01  -9.95091E-01  -2.47284E-01  -8.19810E-01  -8.59574E-01  -4.54670E-01  -1.48822E+00
 2.89000E+02   6.19901E-01  -4.89757E-01   6.32960E-01  -1.89288E-01   5.79653E-01   1.58245E-01   4.51525E-01   5.06888E-01   2.50133E-01   8.06429E-01  -1.08680E-02   1.00878E+00  -3.05237E-01   1.07448E+00  -5.95587E-01   9.78488E-01  -8.36834E-01   7.14396E-01  -9.81399E-01   2.96290E-01  -9.85595E-01  -2.42332E-01  -8.16370E-01  -8.52928E-01  -4.57414E-01  -1.47958E+00
 2.91100E+02   5.98882E-01  -4.94016E-01   6.18936E-01  -1.94246E-01   5.73913E-01   1.52969E-01   4.54288E-01   5.01769E-01   2.60548E-01   8.01960E-01   5.43251E-03   1.00540E+00  -2.85450E-01   1.07252E+00  -5.74990E-01   9.78136E-01  -8.18009E-01   7.15730E-01  -9.66505E-01   2.99324E-01  -9.76136E-01  -2.37559E-01  -8.13107E-01  -8.46257E-01  -4.60408E-01  -1.47067E+00
 2.93200E+02   5.78409E-01  -4.97623E-01   6.05370E-01  -1.98714E-01   5.68498E-01   1.47986E-01   4.57204E-01   4.96731E-01   2.70923E-01   7.97369E-01   2.14984E-02   1.00173E+00  -2.66072E-01   1.07014E+00  -5.54936E-01   9.77295E-01  -7.99799E-01   7.16558E-01  -9.52220E-01   3.01885E-01  -9.67202E-01  -2.33181E-01  -8.10199E-01  -8.39872E-01  -4.63519E-01  -1.46191E+00
 2.95300E+02   5.58480E-01  -5.00627E-01   5.92263E-01  -2.02732E-01   5.63406E-01   1.43265E-01   4.60273E-01   4.91757E-01   2.81258E-01   7.92658E-01   3.73310E-02   9.97778E-01  -2.47101E-01   1.06737E+00  -5.35420E-01   9.76006E-01  -7.82198E-01   7.16927E-01  -9.38543E-01   3.04023E-01  -9.58789E-01  -2.29156E-01  -8.07646E-01  -8.33743E-01  -4.66744E-01  -1.45329E+00
 2.97500E+02   5.38184E-01  -5.03177E-01   5.79019E-01  -2.06502E-01   5.58416E-01   1.38570E-01   4.63650E-01   4.86599E-01   2.92043E-01   7.87592E-01   5.36699E-02   9.93362E-01  -2.27659E-01   1.06409E+00  -5.15548E-01   9.74218E-01  -7.64407E-01   7.16871E-01  -9.24858E-01   3.05856E-01  -9.50529E-01  -2.25277E-01  -8.05348E-01  -8.27567E-01  -4.70247E-01  -1.44440E+00
 2.99600E+02   5.19358E-01  -5.05086E-01   5.66837E-01  -2.09720E-01   5.53979E-01   1.34299E-01   4.67026E-01   4.81711E-01   3.02298E-01   7.82632E-01   6.90326E-02   9.88895E-01  -2.09508E-01   1.06061E+00  -4.97117E-01   9.72132E-01  -7.48036E-01   7.16439E-01  -9.12403E-01   3.07262E-01  -9.43166E-01  -2.21856E-01  -8.03510E-01  -8.21877E-01  -4.73707E-01  -1.43604E+00
 3.01800E+02   5.00203E-01  -5.06581E-01   5.54551E-01  -2.12730E-01   5.49665E-01   1.30016E-01   4.70722E-01   4.76611E-01   3.13002E-01   7.77305E-01   8.48863E-02   9.83965E-01  -1.90912E-01   1.05665E+00  -4.78366E-01   9.69586E-01  -7.31515E-01   7.15633E-01  -8.99982E-01   3.08420E-01  -9.35991E-01  -2.18529E-01  -8.01951E-01  -8.16104E-01  -4.77452E-01  -1.42739E+00
 3.04000E+02   4.81619E-01  -5.07601E-01   5.42744E-01  -2.15408E-01   5.45689E-01   1.25902E-01   4.74576E-01   4.71519E-01   3.23664E-01   7.71843E-01   1.00498E-01   9.78792E-01  -1.72738E-01   1.05238E+00  -4.60172E-01   9.66708E-01  -7.15626E-01   7.14507E-01  -8.88189E-01   3.09298E-01  -9.29357E-01  -2.15428E-01  -8.00761E-01  -8.10496E-01  -4.81319E-01  -1.41885E+00
 3.06200E+02   4.63594E-01  -5.08187E-01   5.31405E-01  -2.17788E-01   5.42042E-01   1.21931E-01   4.78586E-01   4.66417E-01   3.34285E-01   7.66243E-01   1.15873E-01   9.73388E-01  -1.54976E-01   1.04782E+00  -4.42525E-01   9.63532E-01  -7.00355E-01   7.13101E-01  -8.77011E-01   3.09936E-01  -9.23252E-01  -2.12516E-01  -7.99930E-01  -8.05027E-01  -4.85304E-01  -1.41040E+00
 3.08400E+02   4.46116E-01  -5.08376E-01   5.20523E-01  -2.19905E-01   5.38717E-01   1.18077E-01   4.82746E-01   4.61293E-01   3.44867E-01   7.60504E-01   1.31016E-01   9.67764E-01  -1.37618E-01   1.04300E+00  -4.25411E-01   9.60090E-01  -6.85688E-01   7.11453E-01  -8.66434E-01   3.10372E-01  -9.17662E-01  -2.09760E-01  -7.99452E-01  -7.99671E-01  -4.89405E-01  -1.40203E+00
 3.10600E+02   4.29172E-01  -5.08203E-01   5.10087E-01  -2.21788E-01   5.35706E-01   1.14317E-01   4.87051E-01   4.56132E-01   3.55408E-01   7.54623E-01   1.45932E-01   9.61928E-01  -1.20653E-01   1.03794E+00  -4.08817E-01   9.56410E-01  -6.71609E-01   7.09597E-01  -8.56441E-01   3.10642E-01  -9.12575E-01  -2.07128E-01  -7.99315E-01  -7.94406E-01  -4.93620E-01  -1.39374E+00
 3.12800E+02   4.12748E-01  -5.07700E-01   5.00085E-01  -2.23466E-01   5.32997E-01   1.10628E-01   4.91497E-01   4.50921E-01   3.65908E-01   7.48598E-01   1.60626E-01   9.55890E-01  -1.04071E-01   1.03266E+00  -3.92727E-01   9.52520E-01  -6.58101E-01   7.07566E-01  -8.47016E-01   3.10780E-01  -9.07977E-01  -2.04588E-01  -7.99512E-01  -7.89209E-01  -4.97944E-01  -1.38551E+00
 3.15100E+02   3.96117E-01  -5.06854E-01   4.90078E-01  -2.25030E-01   5.30480E-01   1.06827E-01   4.96290E-01   4.45406E-01   3.76842E-01   7.42141E-01   1.75758E-01   9.49368E-01  -8.71337E-02   1.02692E+00  -3.76432E-01   9.48256E-01  -6.44572E-01   7.05287E-01  -8.37751E-01   3.10817E-01  -9.03674E-01  -2.02003E-01  -8.00061E-01  -7.83826E-01  -5.02578E-01  -1.37695E+00
 3.17400E+02   3.80022E-01  -5.05711E-01   4.80515E-01  -2.26428E-01   5.28271E-01   1.03058E-01   5.01222E-01   4.39808E-01   3.87731E-01   7.35518E-01   1.90658E-01   9.42640E-01  -7.05915E-02   1.02097E+00  -3.60655E-01   9.43816E-01  -6.31628E-01   7.02880E-01  -8.29067E-01   3.10776E-01  -8.99871E-01  -1.99460E-01  -8.00951E-01  -7.78473E-01  -5.07324E-01  -1.36845E+00
 3.19700E+02   3.64447E-01  -5.04300E-01   4.71381E-01  -2.27686E-01   5.26358E-01   9.93008E-02   5.06288E-01   4.34114E-01   3.98572E-01   7.28726E-01   2.05333E-01   9.35711E-01  -5.44328E-02   1.01482E+00  -3.45381E-01   9.39224E-01  -6.19250E-01   7.00376E-01  -8.20943E-01   3.10689E-01  -8.96548E-01  -1.96929E-01  -8.02167E-01  -7.73127E-01  -5.12176E-01  -1.35997E+00
 3.22000E+02   3.49372E-01  -5.02648E-01   4.62659E-01  -2.28828E-01   5.24729E-01   9.55360E-02   5.11478E-01   4.28311E-01   4.09364E-01   7.21760E-01   2.19787E-01   9.28587E-01  -3.86458E-02   1.00851E+00  -3.30592E-01   9.34502E-01  -6.07416E-01   6.97801E-01  -8.13358E-01   3.10584E-01  -8.93687E-01  -1.94384E-01  -8.03697E-01  -7.67769E-01  -5.17131E-01  -1.35152E+00
 3.24300E+02   3.34783E-01  -5.00779E-01   4.54335E-01  -2.29877E-01   5.23371E-01   9.17449E-02   5.16785E-01   4.22386E-01   4.20105E-01   7.14616E-01   2.34026E-01   9.21272E-01  -2.32191E-02   1.00202E+00  -3.16270E-01   9.29670E-01  -5.96106E-01   6.95181E-01  -8.06291E-01   3.10488E-01  -8.91269E-01  -1.91802E-01  -8.05527E-01  -7.62379E-01  -5.22182E-01  -1.34309E+00
 3.26600E+02   3.20661E-01  -4.98714E-01   4.46390E-01  -2.30853E-01   5.22269E-01   8.79100E-02   5.22199E-01   4.16328E-01   4.30793E-01   7.07290E-01   2.48053E-01   9.13769E-01  -8.14142E-03   9.95388E-01  -3.02400E-01   9.24747E-01  -5.85300E-01   6.92537E-01  -7.99720E-01   3.10426E-01  -8.89274E-01  -1.89158E-01  -8.07643E-01  -7.56941E-01  -5.27324E-01  -1.33466E+00
 3.29000E+02   3.06405E-01  -4.96375E-01   4.38489E-01  -2.31816E-01   5.21378E-01   8.38441E-02   5.27953E-01   4.09852E-01   4.41884E-01   6.99444E-01   2.62468E-01   9.05743E-01   7.23126E-03   9.88312E-01  -2.88389E-01   9.19529E-01  -5.74538E-01   6.89777E-01  -7.93368E-01   3.10422E-01  -8.87623E-01  -1.86310E-01  -8.10140E-01  -7.51196E-01  -5.32781E-01  -1.32586E+00
 3.31400E+02   2.92621E-01  -4.93866E-01   4.30966E-01  -2.32741E-01   5.20736E-01   7.96956E-02   5.33803E-01   4.03206E-01   4.52909E-01   6.91389E-01   2.76661E-01   8.97517E-01   2.22473E-02   9.81091E-01  -2.74832E-01   9.14248E-01  -5.64278E-01   6.87038E-01  -7.87507E-01   3.10505E-01  -8.86388E-01  -1.83349E-01  -8.12917E-01  -7.45360E-01  -5.38324E-01  -1.31704E+00
 3.33800E+02   2.79292E-01  -4.91207E-01   4.23802E-01  -2.33647E-01   5.20327E-01   7.54485E-02   5.39736E-01   3.96379E-01   4.63862E-01   6.83118E-01   2.90635E-01   8.89095E-01   3.69178E-02   9.73733E-01  -2.61711E-01   9.08917E-01  -5.54496E-01   6.84340E-01  -7.82113E-01   3.10696E-01  -8.85547E-01  -1.80254E-01  -8.15957E-01  -7.39419E-01  -5.43946E-01  -1.30820E+00
 3.36200E+02   2.66398E-01  -4.88415E-01   4.16980E-01  -2.34551E-01   5.20134E-01   7.10880E-02   5.45742E-01   3.89360E-01   4.74738E-01   6.74627E-01   3.04391E-01   8.80476E-01   5.12533E-02   9.66248E-01  -2.49008E-01   9.03552E-01  -5.45170E-01   6.81701E-01  -7.77159E-01   3.11016E-01  -8.85076E-01  -1.77005E-01  -8.19243E-01  -7.33356E-01  -5.49640E-01  -1.29933E+00
 3.38600E+02   2.53923E-01  -4.85507E-01   4.10482E-01  -2.35469E-01   5.20140E-01   6.66001E-02   5.51808E-01   3.82138E-01   4.85530E-01   6.65911E-01   3.17931E-01   8.71661E-01   6.52637E-02   9.58642E-01  -2.36705E-01   8.98164E-01  -5.36277E-01   6.79137E-01  -7.72622E-01   3.11483E-01  -8.84954E-01  -1.73585E-01  -8.22757E-01  -7.27156E-01  -5.55398E-01  -1.29042E+00
 3.41000E+02   2.41850E-01  -4.82496E-01   4.04289E-01  -2.36415E-01   5.20329E-01   6.19723E-02   5.57919E-01   3.74705E-01   4.96232E-01   6.56963E-01   3.31257E-01   8.62652E-01   7.89582E-02   9.50920E-01  -2.24786E-01   8.92765E-01  -5.27795E-01   6.76665E-01  -7.68476E-01   3.12116E-01  -8.85156E-01  -1.69975E-01  -8.26482E-01  -7.20806E-01  -5.61211E-01  -1.28146E+00
 3.43500E+02   2.29683E-01  -4.79264E-01   3.98143E-01  -2.37443E-01   5.20702E-01   5.69904E-02   5.64321E-01   3.66726E-01   5.07276E-01   6.47391E-01   3.44909E-01   8.53059E-01   9.28968E-02   9.42760E-01  -2.12760E-01   8.87141E-01  -5.19371E-01   6.74202E-01  -7.64547E-01   3.12966E-01  -8.85686E-01  -1.65999E-01  -8.30567E-01  -7.14018E-01  -5.67318E-01  -1.27207E+00
 3.46000E+02   2.17918E-01  -4.75948E-01   3.92290E-01  -2.38529E-01   5.21236E-01   5.18319E-02   5.70741E-01   3.58499E-01   5.18203E-01   6.37558E-01   3.58327E-01   8.43254E-01   1.06511E-01   9.34486E-01  -2.01114E-01   8.81526E-01  -5.11344E-01   6.71866E-01  -7.60988E-01   3.14029E-01  -8.86517E-01  -1.61786E-01  -8.34842E-01  -7.07041E-01  -5.73467E-01  -1.26261E+00
 3.48500E+02   2.06536E-01  -4.72559E-01   3.86710E-01  -2.39685E-01   5.21910E-01   4.64862E-02   5.77166E-01   3.50014E-01   5.29005E-01   6.27460E-01   3.71510E-01   8.33237E-01   1.19808E-01   9.26103E-01  -1.89832E-01   8.75929E-01  -5.03689E-01   6.69671E-01  -7.57771E-01   3.15318E-01  -8.87621E-01  -1.57321E-01  -8.39285E-01  -6.99864E-01  -5.79648E-01  -1.25307E+00
 3.51000E+02   1.95522E-01  -4.69108E-01   3.81383E-01  -2.40920E-01   5.22706E-01   4.09437E-02   5.83576E-01   3.41265E-01   5.39670E-01   6.17091E-01   3.84455E-01   8.23008E-01   1.32797E-01   9.17614E-01  -1.78896E-01   8.70358E-01  -4.96382E-01   6.67628E-01  -7.54869E-01   3.16846E-01  -8.88972E-01  -1.52594E-01  -8.43877E-01  -6.92474E-01  -5.85851E-01  -1.24345E+00
 3.53500E+02   1.84859E-01  -4.65606E-01   3.76290E-01  -2.42245E-01   5.23602E-01   3.51958E-02   5.89956E-01   3.32244E-01   5.50187E-01   6.06449E-01   3.97158E-01   8.12567E-01   1.45483E-01   9.09024E-01  -1.68291E-01   8.64821E-01  -4.89400E-01   6.65746E-01  -7.52254E-01   3.18624E-01  -8.90544E-01  -1.47591E-01  -8.48596E-01  -6.84864E-01  -5.92066E-01  -1.23374E+00
 3.56100E+02   1.74127E-01  -4.61916E-01   3.71221E-01  -2.43727E-01   5.24621E-01   2.89922E-02   5.96539E-01   3.22569E-01   5.60953E-01   5.95088E-01   4.10110E-01   8.01482E-01   1.58361E-01   8.99985E-01  -1.57595E-01   8.59105E-01  -4.82458E-01   6.63968E-01  -7.49810E-01   3.20749E-01  -8.92384E-01  -1.42087E-01  -8.53616E-01  -6.76707E-01  -5.98530E-01  -1.22354E+00
 3.58700E+02   1.63742E-01  -4.58189E-01   3.66365E-01  -2.45323E-01   5.25705E-01   2.25518E-02   6.03049E-01   3.12590E-01   5.71531E-01   5.83425E-01   4.22792E-01   7.90168E-01   1.70925E-01   8.90843E-01  -1.47223E-01   8.53437E-01  -4.75818E-01   6.62383E-01  -7.47616E-01   3.23164E-01  -8.94403E-01  -1.36267E-01  -8.58727E-01  -6.68294E-01  -6.04983E-01  -1.21324E+00
 3.61300E+02   1.53691E-01  -4.54430E-01   3.61701E-01  -2.47039E-01   5.26832E-01   1.58689E-02   6.09464E-01   3.02302E-01   5.81906E-01   5.71459E-01   4.35197E-01   7.78625E-01   1.83178E-01   8.81601E-01  -1.37159E-01   8.47823E-01  -4.69452E-01   6.60995E-01  -7.45644E-01   3.25877E-01  -8.96572E-01  -1.30122E-01  -8.63905E-01  -6.59619E-01  -6.11411E-01  -1.20282E+00
 3.63900E+02   1.43958E-01  -4.50647E-01   3.57208E-01  -2.48882E-01   5.27979E-01   8.93927E-03   6.15764E-01   2.91704E-01   5.92060E-01   5.59189E-01   4.47318E-01   7.66854E-01   1.95124E-01   8.72262E-01  -1.27388E-01   8.42268E-01  -4.63339E-01   6.59812E-01  -7.43862E-01   3.28893E-01  -8.98860E-01  -1.23647E-01  -8.69125E-01  -6.50677E-01  -6.17802E-01  -1.19229E+00
 3.66500E+02   1.34529E-01  -4.46845E-01   3.52867E-01  -2.50857E-01   5.29123E-01   1.76021E-03   6.21927E-01   2.80795E-01   6.01979E-01   5.46615E-01   4.59148E-01   7.54859E-01   2.06768E-01   8.62829E-01  -1.17896E-01   8.36775E-01  -4.57452E-01   6.58836E-01  -7.42242E-01   3.32218E-01  -9.01238E-01  -1.16839E-01  -8.74365E-01  -6.41464E-01  -6.24143E-01  -1.18164E+00
 3.69100E+02   1.25392E-01  -4.43031E-01   3.48659E-01  -2.52965E-01   5.30242E-01  -5.66976E-03   6.27930E-01   2.69574E-01   6.11644E-01   5.33741E-01   4.70679E-01   7.42640E-01   2.18111E-01   8.53305E-01  -1.08667E-01   8.31348E-01  -4.51769E-01   6.58072E-01  -7.40754E-01   3.35853E-01  -9.03677E-01  -1.09694E-01  -8.79598E-01  -6.31980E-01  -6.30421E-01  -1.17087E+00
 3.71800E+02   1.16198E-01  -4.39063E-01   3.44408E-01  -2.55300E-01   5.31353E-01  -1.36511E-02   6.33972E-01   2.57595E-01   6.21395E-01   5.20055E-01   4.82326E-01   7.29720E-01   2.29575E-01   8.43322E-01  -9.93487E-02   8.25783E-01  -4.46059E-01   6.57503E-01  -7.39318E-01   3.39958E-01  -9.06242E-01  -1.01918E-01  -8.85002E-01  -6.21841E-01  -6.36859E-01  -1.15956E+00
 3.74500E+02   1.07290E-01  -4.35090E-01   3.40260E-01  -2.57784E-01   5.32387E-01  -2.19015E-02   6.39794E-01   2.45285E-01   6.30835E-01   5.06052E-01   4.93631E-01   7.16568E-01   2.40718E-01   8.33247E-01  -9.02865E-02   8.20294E-01  -4.40518E-01   6.57164E-01  -7.37962E-01   3.44397E-01  -9.08808E-01  -9.37802E-02  -8.90347E-01  -6.11409E-01  -6.43200E-01  -1.14812E+00
 3.77200E+02   9.86578E-02  -4.31118E-01   3.36192E-01  -2.60417E-01   5.33320E-01  -3.04177E-02   6.45371E-01   2.32651E-01   6.39943E-01   4.91738E-01   5.04582E-01   7.03190E-01   2.51544E-01   8.23086E-01  -8.14669E-02   8.14882E-01  -4.35124E-01   6.57055E-01  -7.36655E-01   3.49170E-01  -9.11343E-01  -8.52840E-02  -8.95606E-01  -6.00686E-01  -6.49428E-01  -1.13655E+00
 3.79900E+02   9.02877E-02  -4.27150E-01   3.32187E-01  -2.63199E-01   5.34128E-01  -3.91950E-02   6.50678E-01   2.19701E-01   6.48700E-01   4.77122E-01   5.15168E-01   6.89593E-01   2.62050E-01   8.12843E-01  -7.28767E-02   8.09548E-01  -4.29851E-01   6.57172E-01  -7.35367E-01   3.54271E-01  -9.13816E-01  -7.64345E-02  -9.00755E-01  -5.89678E-01  -6.55530E-01  -1.12485E+00
 3.82700E+02   8.18729E-02  -4.23043E-01   3.28078E-01  -2.66239E-01   5.34807E-01  -4.85661E-02   6.55871E-01   2.05945E-01   6.57389E-01   4.61656E-01   5.25749E-01   6.75270E-01   2.72611E-01   8.02138E-01  -6.41975E-02   8.04101E-01  -4.24488E-01   6.57531E-01  -7.34020E-01   3.59902E-01  -9.16283E-01  -6.68921E-02  -9.05950E-01  -5.77966E-01  -6.61708E-01  -1.11259E+00
 3.85400E+02   7.40032E-02  -4.19093E-01   3.24140E-01  -2.69315E-01   5.35286E-01  -5.78533E-02   6.60554E-01   1.92379E-01   6.65370E-01   4.46455E-01   5.35557E-01   6.61253E-01   2.82470E-01   7.91743E-01  -5.60370E-02   7.98929E-01  -4.19394E-01   6.58101E-01  -7.32681E-01   3.65652E-01  -9.18536E-01  -5.73478E-02  -9.10794E-01  -5.66397E-01  -6.67506E-01  -1.10064E+00
 3.88200E+02   6.60848E-02  -4.15012E-01   3.20062E-01  -2.72653E-01   5.35576E-01  -6.77341E-02   6.65050E-01   1.78011E-01   6.73212E-01   4.30409E-01   5.45308E-01   6.46517E-01   2.92358E-01   7.80893E-01  -4.77786E-02   7.93650E-01  -4.14169E-01   6.58918E-01  -7.31219E-01   3.71936E-01  -9.20711E-01  -4.71068E-02  -9.15621E-01  -5.54124E-01  -6.73340E-01  -1.08814E+00
 3.91000E+02   5.84029E-02  -4.10947E-01   3.15972E-01  -2.76134E-01   5.35630E-01  -7.78566E-02   6.69154E-01   1.63355E-01   6.80592E-01   4.14091E-01   5.54617E-01   6.31588E-01   3.01903E-01   7.69979E-01  -3.97165E-02   7.88456E-01  -4.08980E-01   6.59957E-01  -7.29655E-01   3.78535E-01  -9.22691E-01  -3.65311E-02  -9.20221E-01  -5.41582E-01  -6.78976E-01  -1.07552E+00
 3.93800E+02   5.09472E-02  -4.06901E-01   3.11850E-01  -2.79751E-01   5.35427E-01  -8.82063E-02   6.72842E-01   1.48429E-01   6.87491E-01   3.97521E-01   5.63474E-01   6.16483E-01   3.11105E-01   7.59009E-01  -3.18393E-02   7.83347E-01  -4.03806E-01   6.61211E-01  -7.27960E-01   3.85434E-01  -9.24447E-01  -2.56372E-02  -9.24569E-01  -5.28788E-01  -6.84401E-01  -1.06279E+00
 3.96700E+02   4.34536E-02  -4.02732E-01   3.07531E-01  -2.83634E-01   5.34921E-01  -9.91481E-02   6.76199E-01   1.32707E-01   6.94107E-01   3.80113E-01   5.72159E-01   6.00669E-01   3.20273E-01   7.47597E-01  -2.38643E-02   7.78144E-01  -3.98442E-01   6.62725E-01  -7.26038E-01   3.92880E-01  -9.25999E-01  -1.40391E-02  -9.28784E-01  -5.15289E-01  -6.89781E-01  -1.04951E+00
 3.99500E+02   3.64292E-02  -3.98731E-01   3.03295E-01  -2.87504E-01   5.34127E-01  -1.09909E-01   6.78972E-01   1.17297E-01   6.99968E-01   3.63093E-01   5.80062E-01   5.85254E-01   3.28775E-01   7.36539E-01  -1.63310E-02   7.73204E-01  -3.93236E-01   6.64383E-01  -7.23996E-01   4.00339E-01  -9.27214E-01  -2.55792E-03  -9.32551E-01  -5.02033E-01  -6.94734E-01  -1.03660E+00
 4.02400E+02   2.93629E-02  -3.94613E-01   2.98824E-01  -2.91627E-01   5.32967E-01  -1.21238E-01   6.81338E-01   1.01123E-01   7.05474E-01   3.45269E-01   5.87738E-01   5.69158E-01   3.37218E-01   7.25055E-01  -8.69076E-03   7.68173E-01  -3.87798E-01   6.66292E-01  -7.21663E-01   4.08324E-01  -9.28153E-01   9.60208E-03  -9.36117E-01  -4.88097E-01  -6.99600E-01  -1.02316E+00
 4.05300E+02   2.25000E-02  -3.90523E-01   2.94252E-01  -2.95855E-01   5.31445E-01  -1.32730E-01   6.83171E-01   8.47615E-02   7.10391E-01   3.27274E-01   5.94887E-01   5.52950E-01   3.45292E-01   7.13552E-01  -1.20551E-03   7.63228E-01  -3.82295E-01   6.68381E-01  -7.19084E-01   4.16549E-01  -9.28741E-01   2.20090E-02  -9.39323E-01  -4.73974E-01  -7.04187E-01  -1.00966E+00
 4.08300E+02   1.56053E-02  -3.86322E-01   2.89402E-01  -3.00326E-01   5.29471E-01  -1.44764E-01   6.84486E-01   6.76693E-02   7.14842E-01   3.08511E-01   6.01720E-01   5.36091E-01   3.53257E-01   7.01643E-01   6.38502E-03   7.58199E-01  -3.76515E-01   6.70715E-01  -7.16135E-01   4.25286E-01  -9.28958E-01   3.50731E-02  -9.42240E-01  -4.59194E-01  -7.08628E-01  -9.95640E-01
 4.11200E+02   9.12960E-03  -3.82293E-01   2.84582E-01  -3.04728E-01   5.27161E-01  -1.56513E-01   6.85182E-01   5.10191E-02   7.18520E-01   2.90262E-01   6.07776E-01   5.19729E-01   3.60584E-01   6.90135E-01   1.35841E-02   7.53420E-01  -3.70828E-01   6.73123E-01  -7.12992E-01   4.33924E-01  -9.28768E-01   4.78926E-02  -9.44657E-01  -4.44771E-01  -7.12617E-01  -9.82062E-01
 4.14200E+02   2.61767E-03  -3.78159E-01   2.79450E-01  -3.09348E-01   5.24342E-01  -1.68757E-01   6.85292E-01   3.36980E-02   7.21667E-01   2.71304E-01   6.13468E-01   5.02763E-01   3.67781E-01   6.78248E-01   2.08976E-02   7.48558E-01  -3.64826E-01   6.75752E-01  -7.09422E-01   4.43030E-01  -9.28142E-01   6.13179E-02  -9.46728E-01  -4.29740E-01  -7.16422E-01  -9.68005E-01
 4.17200E+02  -3.71249E-03  -3.74059E-01   2.74157E-01  -3.14020E-01   5.21076E-01  -1.81064E-01   6.84774E-01   1.63159E-02   7.24139E-01   2.52301E-01   6.18575E-01   4.85784E-01   3.74592E-01   6.66394E-01   2.80837E-02   7.43777E-01  -3.58691E-01   6.78504E-01  -7.05511E-01   4.52279E-01  -9.27062E-01   7.48743E-02  -9.48349E-01  -4.14628E-01  -7.19894E-01  -9.53957E-01
 4.20200E+02  -9.86913E-03  -3.69995E-01   2.68696E-01  -3.18727E-01   5.17352E-01  -1.93401E-01   6.83619E-01  -1.08887E-03   7.25933E-01   2.33291E-01   6.23098E-01   4.68822E-01   3.81022E-01   6.54586E-01   3.51510E-02   7.39075E-01  -3.52412E-01   6.81358E-01  -7.01246E-01   4.61639E-01  -9.25519E-01   8.85254E-02  -9.49511E-01  -3.99468E-01  -7.23029E-01  -9.39939E-01
 4.23200E+02  -1.58602E-02  -3.65969E-01   2.63057E-01  -3.23451E-01   5.13165E-01  -2.05738E-01   6.81824E-01  -1.84774E-02   7.27046E-01   2.14312E-01   6.27038E-01   4.51905E-01   3.87075E-01   6.42839E-01   4.21072E-02   7.34447E-01  -3.45978E-01   6.84294E-01  -6.96619E-01   4.71078E-01  -9.23501E-01   1.02234E-01  -9.50209E-01  -3.84293E-01  -7.25825E-01  -9.25972E-01
 4.26300E+02  -2.18850E-02  -3.61847E-01   2.57039E-01  -3.28332E-01   5.08349E-01  -2.18452E-01   6.79295E-01  -3.63870E-02   7.27485E-01   1.94773E-01   6.30502E-01   4.34505E-01   3.92941E-01   6.30780E-01   4.91867E-02   7.29740E-01  -3.39160E-01   6.87394E-01  -6.91449E-01   4.80879E-01  -9.20915E-01   1.16421E-01  -9.50440E-01  -3.68633E-01  -7.28358E-01  -9.11614E-01
 4.29400E+02  -2.77493E-02  -3.57765E-01   2.50822E-01  -3.33194E-01   5.03034E-01  -2.31097E-01   6.76085E-01  -5.41945E-02   7.27205E-01   1.75351E-01   6.33357E-01   4.17217E-01   3.98421E-01   6.18818E-01   5.61633E-02   7.25105E-01  -3.32163E-01   6.90539E-01  -6.85880E-01   4.90696E-01  -9.17815E-01   1.30588E-01  -9.50172E-01  -3.53029E-01  -7.30530E-01  -8.97357E-01
 4.32500E+02  -3.34609E-02  -3.53725E-01   2.44402E-01  -3.38017E-01   4.97223E-01  -2.43639E-01   6.72200E-01  -7.18577E-02   7.26217E-01   1.56086E-01   6.35613E-01   4.00073E-01   4.03524E-01   6.06968E-01   6.30444E-02   7.20540E-01  -3.24983E-01   6.93707E-01  -6.79912E-01   5.00491E-01  -9.14205E-01   1.44696E-01  -9.49409E-01  -3.37518E-01  -7.32347E-01  -8.83221E-01
 4.35600E+02  -3.90274E-02  -3.49726E-01   2.37779E-01  -3.42782E-01   4.90921E-01  -2.56043E-01   6.67650E-01  -8.93352E-02   7.24532E-01   1.37018E-01   6.37283E-01   3.83105E-01   4.08260E-01   5.95246E-01   6.98365E-02   7.16041E-01  -3.17617E-01   6.96877E-01  -6.73546E-01   5.10232E-01  -9.10089E-01   1.58706E-01  -9.48158E-01  -3.22135E-01  -7.33814E-01  -8.69231E-01
 4.38700E+02  -4.44563E-02  -3.45768E-01   2.30954E-01  -3.47472E-01   4.84136E-01  -2.68277E-01   6.62449E-01  -1.06587E-01   7.22168E-01   1.18186E-01   6.38382E-01   3.66341E-01   4.12641E-01   5.83665E-01   7.65461E-02   7.11603E-01  -3.10067E-01   7.00027E-01  -6.66788E-01   5.19884E-01  -9.05478E-01   1.72578E-01  -9.46429E-01  -3.06915E-01  -7.34939E-01  -8.55407E-01
 4.41900E+02  -4.99233E-02  -3.41725E-01   2.23700E-01  -3.52215E-01   4.76638E-01  -2.80694E-01   6.56415E-01  -1.24117E-01   7.19035E-01   9.90348E-02   6.38936E-01   3.49282E-01   4.16805E-01   5.71874E-01   8.33917E-02   7.07083E-01  -3.02080E-01   7.03237E-01  -6.59409E-01   5.29721E-01  -9.00210E-01   1.86716E-01  -9.44156E-01  -2.91409E-01  -7.35754E-01  -8.41332E-01
 4.45100E+02  -5.52589E-02  -3.37726E-01   2.16237E-01  -3.56839E-01   4.68651E-01  -2.92863E-01   6.49728E-01  -1.41326E-01   7.15222E-01   8.02139E-02   6.38922E-01   3.32500E-01   4.20620E-01   5.60261E-01   9.01617E-02   7.02620E-01  -2.93902E-01   7.06385E-01  -6.51633E-01   5.39397E-01  -8.94443E-01   2.00630E-01  -9.41406E-01  -2.76144E-01  -7.36230E-01  -8.27478E-01
 4.48300E+02  -6.04703E-02  -3.33770E-01   2.08571E-01  -3.61326E-01   4.60195E-01  -3.04753E-01   6.42411E-01  -1.58176E-01   7.10757E-01   6.17598E-02   6.38364E-01   3.16024E-01   4.24102E-01   5.48842E-01   9.68614E-02   6.98211E-01  -2.85537E-01   7.09449E-01  -6.43474E-01   5.48880E-01  -8.88197E-01   2.14286E-01  -9.38197E-01  -2.61153E-01  -7.36382E-01  -8.13863E-01
 4.51500E+02  -6.55647E-02  -3.29856E-01   2.00709E-01  -3.65661E-01   4.51287E-01  -3.16335E-01   6.34492E-01  -1.74631E-01   7.05669E-01   4.37061E-02   6.37289E-01   2.99879E-01   4.27268E-01   5.37626E-01   1.03496E-01   6.93851E-01  -2.76992E-01   7.12411E-01  -6.34951E-01   5.58141E-01  -8.81495E-01   2.27650E-01  -9.34554E-01  -2.46464E-01  -7.36226E-01  -8.00506E-01
 4.54800E+02  -7.07030E-02  -3.25863E-01   1.92407E-01  -3.69954E-01   4.41652E-01  -3.27929E-01   6.25728E-01  -1.91153E-01   6.99803E-01   2.55397E-02   6.35667E-01   2.83598E-01   4.30221E-01   5.26284E-01   1.10276E-01   6.89402E-01  -2.68002E-01   7.15341E-01  -6.25798E-01   5.67431E-01  -8.74133E-01   2.41095E-01  -9.30368E-01  -2.31662E-01  -7.35764E-01  -7.87018E-01
 4.58100E+02  -7.57315E-02  -3.21913E-01   1.83917E-01  -3.74053E-01   4.31587E-01  -3.39141E-01   6.16392E-01  -2.07191E-01   6.93347E-01   7.86136E-03   6.33555E-01   2.67716E-01   4.32877E-01   5.15179E-01   1.16996E-01   6.84997E-01  -2.58841E-01   7.18126E-01  -6.16302E-01   5.76430E-01  -8.66343E-01   2.54168E-01  -9.25775E-01  -2.17235E-01  -7.35015E-01  -7.73837E-01
 4.61400E+02  -8.06572E-02  -3.18004E-01   1.75250E-01  -3.77942E-01   4.21118E-01  -3.49947E-01   6.06520E-01  -2.22716E-01   6.86338E-01  -9.30268E-03   6.30987E-01   2.52250E-01   4.35257E-01   5.04321E-01   1.23661E-01   6.80631E-01  -2.49522E-01   7.20752E-01  -6.06485E-01   5.85114E-01  -8.58157E-01   2.66842E-01  -9.20807E-01  -2.03208E-01  -7.34002E-01  -7.60977E-01
 4.64700E+02  -8.54869E-02  -3.14135E-01   1.66420E-01  -3.81610E-01   4.10275E-01  -3.60327E-01   5.96151E-01  -2.37705E-01   6.78818E-01  -2.59300E-02   6.27996E-01   2.37217E-01   4.37381E-01   4.93714E-01   1.30276E-01   6.76300E-01  -2.40056E-01   7.23203E-01  -5.96376E-01   5.93462E-01  -8.49609E-01   2.79097E-01  -9.15496E-01  -1.89598E-01  -7.32750E-01  -7.48447E-01
 4.68100E+02  -9.03694E-02  -3.10187E-01   1.57165E-01  -3.85146E-01   3.98743E-01  -3.70558E-01   5.84990E-01  -2.52564E-01   6.70579E-01  -4.24803E-02   6.24510E-01   2.22195E-01   4.39326E-01   4.83054E-01   1.37043E-01   6.71870E-01  -2.30165E-01   7.25534E-01  -5.85682E-01   6.01695E-01  -8.40458E-01   2.91263E-01  -9.09700E-01  -1.76029E-01  -7.31232E-01  -7.35894E-01
 4.71500E+02  -9.51635E-02  -3.06277E-01   1.47766E-01  -3.88424E-01   3.86878E-01  -3.80300E-01   5.73388E-01  -2.66815E-01   6.61887E-01  -5.84248E-02   6.20650E-01   2.07657E-01   4.41044E-01   4.72671E-01   1.43764E-01   6.67468E-01  -2.20148E-01   7.27655E-01  -5.74737E-01   6.09538E-01  -8.30999E-01   3.02946E-01  -9.03614E-01  -1.62935E-01  -7.29511E-01  -7.23709E-01
 4.74900E+02  -9.98758E-02  -3.02402E-01   1.38236E-01  -3.91436E-01   3.74713E-01  -3.89543E-01   5.61388E-01  -2.80442E-01   6.52786E-01  -7.37517E-02   6.16453E-01   1.93610E-01   4.42560E-01   4.62565E-01   1.50442E-01   6.63089E-01  -2.10023E-01   7.29558E-01  -5.63571E-01   6.16979E-01  -8.21268E-01   3.14134E-01  -8.97273E-01  -1.50324E-01  -7.27613E-01  -7.11897E-01
 4.78300E+02  -1.04512E-01  -2.98559E-01   1.28593E-01  -3.94175E-01   3.62282E-01  -3.98276E-01   5.49034E-01  -2.93435E-01   6.43322E-01  -8.84528E-02   6.11959E-01   1.80060E-01   4.43895E-01   4.52736E-01   1.57082E-01   6.58729E-01  -1.99804E-01   7.31234E-01  -5.52217E-01   6.24008E-01  -8.11306E-01   3.24818E-01  -8.90715E-01  -1.38203E-01  -7.25564E-01  -7.00459E-01
 4.81700E+02  -1.09079E-01  -2.94745E-01   1.18851E-01  -3.96634E-01   3.49617E-01  -4.06493E-01   5.36370E-01  -3.05789E-01   6.33540E-01  -1.02524E-01   6.07203E-01   1.67006E-01   4.45072E-01   4.43184E-01   1.63685E-01   6.54383E-01  -1.89508E-01   7.32678E-01  -5.40703E-01   6.30619E-01  -8.01149E-01   3.34994E-01  -8.83976E-01  -1.26574E-01  -7.23389E-01  -6.89397E-01
 4.85200E+02  -1.13712E-01  -2.90845E-01   1.08737E-01  -3.98870E-01   3.36369E-01  -4.14407E-01   5.23053E-01  -3.17835E-01   6.23184E-01  -1.16350E-01   6.02071E-01   1.54087E-01   4.46139E-01   4.33634E-01   1.70448E-01   6.49920E-01  -1.78844E-01   7.33917E-01  -5.28717E-01   6.36986E-01  -7.90531E-01   3.44935E-01  -8.76889E-01  -1.15118E-01  -7.21045E-01  -6.78398E-01
 4.88700E+02  -1.18282E-01  -2.86969E-01   9.85498E-02  -4.00803E-01   3.22943E-01  -4.21768E-01   5.09497E-01  -3.29201E-01   6.12582E-01  -1.29511E-01   5.96738E-01   1.41688E-01   4.47083E-01   4.24368E-01   1.77177E-01   6.45464E-01  -1.68133E-01   7.34902E-01  -5.16627E-01   6.42906E-01  -7.79786E-01   3.54338E-01  -8.69686E-01  -1.04179E-01  -7.18621E-01  -6.67789E-01
 4.92300E+02  -1.22922E-01  -2.83003E-01   8.80139E-02  -4.02473E-01   3.08981E-01  -4.28764E-01   4.95349E-01  -3.40187E-01   6.01467E-01  -1.42361E-01   5.91080E-01   1.29471E-01   4.47947E-01   4.15126E-01   1.84066E-01   6.40881E-01  -1.57082E-01   7.35650E-01  -5.04114E-01   6.48531E-01  -7.68643E-01   3.63453E-01  -8.62194E-01  -9.34613E-02  -7.16071E-01  -6.57277E-01
 4.95800E+02  -1.27380E-01  -2.79162E-01   7.77300E-02  -4.03788E-01   2.95291E-01  -4.35010E-01   4.81437E-01  -3.50190E-01   5.90500E-01  -1.54195E-01   5.85446E-01   1.18103E-01   4.48703E-01   4.06412E-01   1.90735E-01   6.36423E-01  -1.46321E-01   7.36118E-01  -4.91905E-01   6.53555E-01  -7.57756E-01   3.71782E-01  -8.54864E-01  -8.35490E-02  -7.13560E-01  -6.47437E-01
 4.99400E+02  -1.31913E-01  -2.75224E-01   6.71260E-02  -4.04822E-01   2.81123E-01  -4.40868E-01   4.67007E-01  -3.59792E-01   5.79096E-01  -1.65703E-01   5.79549E-01   1.06923E-01   4.49415E-01   3.97719E-01   1.97566E-01   6.31829E-01  -1.35252E-01   7.36336E-01  -4.79331E-01   6.58272E-01  -7.46540E-01   3.79813E-01  -8.47313E-01  -7.38631E-02  -7.10970E-01  -6.37695E-01
 5.03000E+02  -1.36399E-01  -2.71292E-01   5.65106E-02  -4.05536E-01   2.66898E-01  -4.46162E-01   4.52495E-01  -3.68711E-01   5.67607E-01  -1.76554E-01   5.73581E-01   9.62471E-02   4.50078E-01   3.89289E-01   2.04370E-01   6.27222E-01  -1.24197E-01   7.36288E-01  -4.66769E-01   6.62541E-01  -7.35341E-01   3.87315E-01  -8.39781E-01  -6.46783E-02  -7.08393E-01  -6.28326E-01
 5.06600E+02  -1.40842E-01  -2.67363E-01   4.58980E-02  -4.05932E-01   2.52645E-01  -4.50900E-01   4.37938E-01  -3.76962E-01   5.56069E-01  -1.86765E-01   5.67573E-01   8.60582E-02   4.50711E-01   3.81109E-01   2.11149E-01   6.22598E-01  -1.13171E-01   7.35979E-01  -4.54245E-01   6.66375E-01  -7.24190E-01   3.94304E-01  -8.32300E-01  -5.59769E-02  -7.05852E-01  -6.19314E-01
 5.10300E+02  -1.45365E-01  -2.63322E-01   3.50080E-02  -4.06013E-01   2.37994E-01  -4.55203E-01   4.22965E-01  -3.84767E-01   5.44198E-01  -1.96614E-01   5.61384E-01   7.60743E-02   4.51345E-01   3.72949E-01   2.18090E-01   6.17823E-01  -1.01882E-01   7.35395E-01  -4.41437E-01   6.69876E-01  -7.12810E-01   4.00973E-01  -8.24692E-01  -4.75168E-02  -7.03298E-01  -6.10409E-01
 5.14000E+02  -1.49848E-01  -2.59272E-01   2.41493E-02  -4.05767E-01   2.23369E-01  -4.58947E-01   4.08015E-01  -3.91906E-01   5.32347E-01  -2.05834E-01   5.55209E-01   6.65635E-02   4.51978E-01   3.65024E-01   2.25006E-01   6.13019E-01  -9.06493E-02   7.34546E-01  -4.28719E-01   6.72947E-01  -7.01540E-01   4.07144E-01  -8.17193E-01  -3.95236E-02  -7.00820E-01  -6.01848E-01
 5.17700E+02  -1.54294E-01  -2.55209E-01   1.33346E-02  -4.05199E-01   2.08795E-01  -4.62147E-01   3.93119E-01  -3.98402E-01   5.20548E-01  -2.14448E-01   5.49072E-01   5.75032E-02   4.52625E-01   3.57320E-01   2.31897E-01   6.08182E-01  -7.94864E-02   7.33440E-01  -4.16112E-01   6.75605E-01  -6.90408E-01   4.12838E-01  -8.09829E-01  -3.19733E-02  -6.98435E-01  -5.93613E-01
 5.21400E+02  -1.58705E-01  -2.51126E-01   2.57578E-03  -4.04315E-01   1.94294E-01  -4.64817E-01   3.78305E-01  -4.04279E-01   5.08828E-01  -2.22484E-01   5.42997E-01   4.88698E-02   4.53297E-01   3.49820E-01   2.38764E-01   6.03307E-01  -6.84036E-02   7.32083E-01  -4.03636E-01   6.77868E-01  -6.79436E-01   4.18081E-01  -8.02620E-01  -2.48406E-02  -6.96159E-01  -5.85683E-01
 5.25200E+02  -1.63199E-01  -2.46907E-01  -8.40400E-03  -4.03086E-01   1.79498E-01  -4.67028E-01   3.63205E-01  -4.09696E-01   4.96901E-01  -2.30162E-01   5.36842E-01   4.04221E-02   4.54025E-01   3.42312E-01   2.45792E-01   5.98256E-01  -5.71152E-02   7.30437E-01  -3.90976E-01   6.79802E-01  -6.68356E-01   4.23022E-01  -7.95397E-01  -1.79228E-02  -6.93946E-01  -5.77837E-01
 5.29000E+02  -1.67659E-01  -2.42657E-01  -1.93022E-02  -4.01536E-01   1.64822E-01  -4.68716E-01   3.48243E-01  -4.14511E-01   4.85108E-01  -2.37287E-01   5.30791E-01   3.23729E-02   4.54801E-01   3.34985E-01   2.52794E-01   5.93154E-01  -4.59314E-02   7.28545E-01  -3.78488E-01   6.81359E-01  -6.57485E-01   4.27542E-01  -7.88376E-01  -1.13901E-02  -6.91874E-01  -5.70272E-01
 5.32800E+02  -1.72086E-01  -2.38368E-01  -3.01087E-02  -3.99674E-01   1.50283E-01  -4.69902E-01   3.33441E-01  -4.18752E-01   4.73470E-01  -2.43889E-01   5.24858E-01   2.46956E-02   4.55632E-01   3.27821E-01   2.59770E-01   5.87997E-01  -3.48604E-02   7.26414E-01  -3.66186E-01   6.82561E-01  -6.46839E-01   4.31668E-01  -7.81572E-01  -5.21390E-03  -6.89950E-01  -5.62965E-01
 5.36600E+02  -1.76479E-01  -2.34035E-01  -4.08142E-02  -3.97505E-01   1.35896E-01  -4.70604E-01   3.18818E-01  -4.22445E-01   4.62006E-01  -2.49998E-01   5.19058E-01   1.73637E-02   4.56526E-01   3.20801E-01   2.66718E-01   5.82779E-01  -2.39098E-02   7.24054E-01  -3.54081E-01   6.83429E-01  -6.36432E-01   4.35429E-01  -7.74995E-01   6.34278E-04  -6.88184E-01  -5.55896E-01
 5.40500E+02  -1.80951E-01  -2.29537E-01  -5.16874E-02  -3.94969E-01   1.21306E-01  -4.70840E-01   3.04015E-01  -4.25694E-01   4.50435E-01  -2.55785E-01   5.13255E-01   1.01707E-02   4.57513E-01   3.13730E-01   2.73820E-01   5.77357E-01  -1.28028E-02   7.21403E-01  -3.41874E-01   6.83993E-01  -6.26011E-01   4.38939E-01  -7.68492E-01   6.32483E-03  -6.86541E-01  -5.48865E-01
 5.44400E+02  -1.85388E-01  -2.24981E-01  -6.24367E-02  -3.92124E-01   1.06905E-01  -4.70605E-01   2.89432E-01  -4.28423E-01   4.39076E-01  -2.61115E-01   5.07612E-01   3.28620E-03   4.58576E-01   3.06775E-01   2.80890E-01   5.71861E-01  -1.83534E-03   7.18530E-01  -3.29893E-01   6.84250E-01  -6.15862E-01   4.42122E-01  -7.62248E-01   1.17295E-02  -6.85075E-01  -5.42038E-01
 5.48400E+02  -1.89898E-01  -2.20242E-01  -7.33247E-02  -3.88896E-01   9.23444E-02  -4.69895E-01   2.74720E-01  -4.30710E-01   4.27656E-01  -2.66138E-01   5.01998E-01  -3.48274E-03   4.59745E-01   2.99743E-01   2.88107E-01   5.66142E-01   9.26318E-03   7.15361E-01  -3.17847E-01   6.84216E-01  -6.05742E-01   4.45078E-01  -7.56116E-01   1.70066E-02  -6.83758E-01  -5.35227E-01
 5.52300E+02  -1.94255E-01  -2.15551E-01  -8.37993E-02  -3.85451E-01   7.83628E-02  -4.68765E-01   2.60622E-01  -4.32468E-01   4.16756E-01  -2.70633E-01   4.96698E-01  -9.82456E-03   4.60963E-01   2.92968E-01   2.95106E-01   5.60482E-01   1.99334E-02   7.12066E-01  -3.06344E-01   6.83914E-01  -5.96161E-01   4.47688E-01  -7.50406E-01   2.19212E-02  -6.82658E-01  -5.28748E-01
 5.56300E+02  -1.98679E-01  -2.10661E-01  -9.43905E-02  -3.81620E-01   6.42524E-02  -4.67175E-01   2.46427E-01  -4.33814E-01   4.05823E-01  -2.74862E-01   4.91445E-01  -1.60913E-02   4.62294E-01   2.86086E-01   3.02245E-01   5.54586E-01   3.07187E-02   7.08483E-01  -2.94797E-01   6.83350E-01  -5.86630E-01   4.50115E-01  -7.44828E-01   2.67545E-02  -6.81717E-01  -5.22248E-01
 5.60300E+02  -2.03055E-01  -2.05687E-01  -1.04821E-01  -3.77496E-01   5.03831E-02  -4.65168E-01   2.32505E-01  -4.34725E-01   3.95143E-01  -2.78732E-01   4.86375E-01  -2.21436E-02   4.63703E-01   2.79252E-01   3.09339E-01   5.48591E-01   4.13402E-02   7.04704E-01  -2.83506E-01   6.82549E-01  -5.77399E-01   4.52316E-01  -7.39528E-01   3.14061E-02  -6.80964E-01  -5.15873E-01
 5.64400E+02  -2.07487E-01  -2.00495E-01  -1.15338E-01  -3.72971E-01   3.64246E-02  -4.62697E-01   2.18525E-01  -4.35234E-01   3.84462E-01  -2.82358E-01   4.81370E-01  -2.81510E-02   4.65227E-01   2.72280E-01   3.16561E-01   5.42341E-01   5.20547E-02   7.00635E-01  -2.72198E-01   6.81504E-01  -5.68246E-01   4.54366E-01  -7.34382E-01   3.60140E-02  -6.80384E-01  -5.09447E-01
 5.68400E+02  -2.11754E-01  -1.95333E-01  -1.25423E-01  -3.68273E-01   2.30642E-02  -4.59900E-01   2.05173E-01  -4.35340E-01   3.74301E-01  -2.85590E-01   4.76671E-01  -3.38448E-02   4.66786E-01   2.65495E-01   3.23554E-01   5.36135E-01   6.23371E-02   6.96485E-01  -2.61425E-01   6.80285E-01  -5.59613E-01   4.56192E-01  -7.29635E-01   4.03799E-02  -6.80001E-01  -5.03264E-01
 5.72500E+02  -2.16064E-01  -1.89939E-01  -1.35572E-01  -3.63174E-01   9.63961E-03  -4.56654E-01   1.91784E-01  -4.35074E-01   3.64151E-01  -2.88617E-01   4.72038E-01  -3.95337E-02   4.68453E-01   2.58541E-01   3.30663E-01   5.29659E-01   7.26998E-02   6.92052E-01  -2.50647E-01   6.78849E-01  -5.51065E-01   4.57909E-01  -7.25044E-01   4.47481E-02  -6.79790E-01  -4.96995E-01
 5.76700E+02  -2.20408E-01  -1.84299E-01  -1.45766E-01  -3.57659E-01  -3.82413E-03  -4.52949E-01   1.78380E-01  -4.34433E-01   3.54029E-01  -2.91443E-01   4.67479E-01  -4.52306E-02   4.70226E-01   2.51403E-01   3.37879E-01   5.22900E-01   8.31282E-02   6.87334E-01  -2.39878E-01   6.77203E-01  -5.42616E-01   4.59532E-01  -7.20618E-01   4.91364E-02  -6.79755E-01  -4.90624E-01
 5.80800E+02  -2.24572E-01  -1.78680E-01  -1.55512E-01  -3.51998E-01  -1.66815E-02  -4.48978E-01   1.65602E-01  -4.33470E-01   3.44413E-01  -2.93961E-01   4.63203E-01  -5.06863E-02   4.72013E-01   2.44405E-01   3.44851E-01   5.16177E-01   9.31243E-02   6.82561E-01  -2.29628E-01   6.75442E-01  -5.34660E-01   4.61007E-01  -7.16560E-01   5.33597E-02  -6.79891E-01  -4.84438E-01
 5.85000E+02  -2.28753E-01  -1.72801E-01  -1.65279E-01  -3.45922E-01  -2.95555E-02  -4.44562E-01   1.52824E-01  -4.32160E-01   3.34828E-01  -2.96316E-01   4.58993E-01  -5.61880E-02   4.73890E-01   2.37194E-01   3.51913E-01   5.09157E-01   1.03175E-01   6.77510E-01  -2.19392E-01   6.73498E-01  -5.26798E-01   4.62429E-01  -7.12658E-01   5.76469E-02  -6.80194E-01  -4.78117E-01
 5.89300E+02  -2.32936E-01  -1.66652E-01  -1.75044E-01  -3.39418E-01  -4.24211E-02  -4.39694E-01   1.40068E-01  -4.30503E-01   3.25287E-01  -2.98516E-01   4.54852E-01  -6.17500E-02   4.75852E-01   2.29752E-01   3.59053E-01   5.01829E-01   1.13265E-01   6.72175E-01  -2.09182E-01   6.71376E-01  -5.19040E-01   4.63813E-01  -7.08918E-01   6.20175E-02  -6.80664E-01  -4.71645E-01
 5.93500E+02  -2.36920E-01  -1.60515E-01  -1.84346E-01  -3.32795E-01  -5.46765E-02  -4.34615E-01   1.27925E-01  -4.28596E-01   3.16225E-01  -3.00482E-01   4.50960E-01  -6.71324E-02   4.77795E-01   2.22414E-01   3.65931E-01   4.94530E-01   1.22925E-01   6.66812E-01  -1.99467E-01   6.69191E-01  -5.11733E-01   4.65115E-01  -7.05499E-01   6.62884E-02  -6.81268E-01  -4.65308E-01
 5.97800E+02  -2.40885E-01  -1.54096E-01  -1.93619E-01  -3.25745E-01  -6.69021E-02  -4.29098E-01   1.15813E-01  -4.26368E-01   3.07202E-01  -3.02326E-01   4.47119E-01  -7.26090E-02   4.79799E-01   2.14820E-01   3.72867E-01   4.86910E-01   1.32614E-01   6.61172E-01  -1.89777E-01   6.66854E-01  -5.04518E-01   4.66417E-01  -7.02221E-01   7.06821E-02  -6.82020E-01  -4.58791E-01
 6.02100E+02  -2.44725E-01  -1.47538E-01  -2.02633E-01  -3.18430E-01  -7.87993E-02  -4.23275E-01   1.04023E-01  -4.23880E-01   2.98426E-01  -3.04020E-01   4.43411E-01  -7.80673E-02   4.81807E-01   2.07133E-01   3.79686E-01   4.79140E-01   1.42098E-01   6.55389E-01  -1.80339E-01   6.64428E-01  -4.97555E-01   4.67703E-01  -6.99152E-01   7.51143E-02  -6.82895E-01  -4.52229E-01
 6.06500E+02  -2.48517E-01  -1.40682E-01  -2.11579E-01  -3.10679E-01  -9.06301E-02  -4.17015E-01   9.22857E-02  -4.21084E-01   2.89692E-01  -3.05616E-01   4.39738E-01  -8.36488E-02   4.83848E-01   1.99162E-01   3.86535E-01   4.71034E-01   1.51592E-01   6.49329E-01  -1.70932E-01   6.61868E-01  -4.90675E-01   4.69021E-01  -6.96210E-01   7.97057E-02  -6.83901E-01  -4.45458E-01
 6.10900E+02  -2.52158E-01  -1.33680E-01  -2.20235E-01  -3.02666E-01  -1.02111E-01  -4.10464E-01   8.08761E-02  -4.18052E-01   2.81195E-01  -3.07091E-01   4.36173E-01  -8.92400E-02   4.85863E-01   1.91078E-01   3.93244E-01   4.62770E-01   1.60869E-01   6.43132E-01  -1.61770E-01   6.59242E-01  -4.84028E-01   4.70355E-01  -6.93448E-01   8.43684E-02  -6.85003E-01  -4.38619E-01
 6.15300E+02  -2.55638E-01  -1.26533E-01  -2.28594E-01  -2.94402E-01  -1.13239E-01  -4.03636E-01   6.97890E-02  -4.14802E-01   2.72922E-01  -3.08460E-01   4.32700E-01  -9.48526E-02   4.87835E-01   1.82876E-01   3.99801E-01   4.54347E-01   1.69931E-01   6.36805E-01  -1.52844E-01   6.56559E-01  -4.77596E-01   4.71718E-01  -6.90846E-01   8.91152E-02  -6.86186E-01  -4.31701E-01
 6.19700E+02  -2.58946E-01  -1.19241E-01  -2.36647E-01  -2.85894E-01  -1.24012E-01  -3.96547E-01   5.90192E-02  -4.11348E-01   2.64862E-01  -3.09739E-01   4.29301E-01  -1.00497E-01   4.89748E-01   1.74549E-01   4.06199E-01   4.45769E-01   1.78777E-01   6.30355E-01  -1.44145E-01   6.53832E-01  -4.71361E-01   4.73122E-01  -6.88385E-01   9.39566E-02  -6.87433E-01  -4.24697E-01
 6.24200E+02  -2.62139E-01  -1.11639E-01  -2.44556E-01  -2.76952E-01  -1.34659E-01  -3.89039E-01   4.83277E-02  -4.07621E-01   2.56826E-01  -3.10964E-01   4.25886E-01  -1.06311E-01   4.91628E-01   1.65902E-01   4.12565E-01   4.36837E-01   1.87598E-01   6.23637E-01  -1.35472E-01   6.51004E-01  -4.65170E-01   4.74610E-01  -6.85991E-01   9.90150E-02  -6.88757E-01  -4.17440E-01
 6.28700E+02  -2.65130E-01  -1.03893E-01  -2.52127E-01  -2.67777E-01  -1.44927E-01  -3.81287E-01   3.79574E-02  -4.03712E-01   2.48985E-01  -3.12119E-01   4.22513E-01  -1.12173E-01   4.93412E-01   1.57122E-01   4.18741E-01   4.27747E-01   1.96190E-01   6.16804E-01  -1.27016E-01   6.48148E-01  -4.59148E-01   4.76160E-01  -6.83701E-01   1.04189E-01  -6.90111E-01  -4.10081E-01
 6.33200E+02  -2.67905E-01  -9.60080E-02  -2.59349E-01  -2.58381E-01  -1.54815E-01  -3.73304E-01   2.79028E-02  -3.99635E-01   2.41327E-01  -3.13215E-01   4.19166E-01  -1.18090E-01   4.95084E-01   1.48207E-01   4.24716E-01   4.18504E-01   2.04554E-01   6.09862E-01  -1.18766E-01   6.45269E-01  -4.53278E-01   4.77780E-01  -6.81493E-01   1.09484E-01  -6.91479E-01  -4.02619E-01
 6.37800E+02  -2.70508E-01  -8.78117E-02  -2.66362E-01  -2.48559E-01  -1.64527E-01  -3.64920E-01   1.79451E-02  -3.95308E-01   2.33674E-01  -3.14282E-01   4.15753E-01  -1.24197E-01   4.96659E-01   1.38958E-01   4.30606E-01   4.08903E-01   2.12865E-01   6.02660E-01  -1.10537E-01   6.42311E-01  -4.47414E-01   4.79511E-01  -6.79299E-01   1.15025E-01  -6.92874E-01  -3.94881E-01
 6.42400E+02  -2.72862E-01  -7.94849E-02  -2.72993E-01  -2.38533E-01  -1.73835E-01  -3.56327E-01   8.30544E-03  -3.90832E-01   2.26183E-01  -3.15303E-01   4.12329E-01  -1.30367E-01   4.98082E-01   1.29574E-01   4.36264E-01   3.99155E-01   2.20934E-01   5.95361E-01  -1.02502E-01   6.39344E-01  -4.41669E-01   4.81324E-01  -6.77146E-01   1.20697E-01  -6.94246E-01  -3.87033E-01
 6.47000E+02  -2.74956E-01  -7.10366E-02  -2.79233E-01  -2.28317E-01  -1.82737E-01  -3.47540E-01  -1.02202E-03  -3.86221E-01   2.18842E-01  -3.16287E-01   4.08877E-01  -1.36599E-01   4.99336E-01   1.20061E-01   4.41679E-01   3.89267E-01   2.28761E-01   5.87970E-01  -9.46529E-02   6.36374E-01  -4.36026E-01   4.83221E-01  -6.75012E-01   1.26500E-01  -6.95577E-01  -3.79076E-01
 6.51700E+02  -2.76815E-01  -6.22894E-02  -2.85195E-01  -2.17699E-01  -1.91411E-01  -3.38379E-01  -1.02359E-02  -3.81381E-01   2.11482E-01  -3.17257E-01   4.05303E-01  -1.43028E-01   5.00424E-01   1.10214E-01   4.46949E-01   3.79028E-01   2.36508E-01   5.80334E-01  -8.68137E-02   6.33339E-01  -4.30345E-01   4.85247E-01  -6.72831E-01   1.32563E-01  -6.96879E-01  -3.70836E-01
 6.56400E+02  -2.78379E-01  -5.34374E-02  -2.90731E-01  -2.06916E-01  -1.99657E-01  -3.29049E-01  -1.91363E-02  -3.76425E-01   2.04250E-01  -3.18198E-01   4.01664E-01  -1.49518E-01   5.01301E-01   1.00249E-01   4.51945E-01   3.68664E-01   2.44000E-01   5.72619E-01  -7.91470E-02   6.30310E-01  -4.24732E-01   4.87360E-01  -6.70626E-01   1.38756E-01  -6.98102E-01  -3.62491E-01
 6.61200E+02  -2.79662E-01  -4.43024E-02  -2.95937E-01  -1.95752E-01  -2.07635E-01  -3.19365E-01  -2.79089E-02  -3.71256E-01   1.96983E-01  -3.19132E-01   3.97862E-01  -1.56202E-01   5.01963E-01   8.99586E-02   4.56753E-01   3.57962E-01   2.51388E-01   5.64669E-01  -7.14851E-02   6.27225E-01  -4.19052E-01   4.89606E-01  -6.68330E-01   1.45208E-01  -6.99256E-01  -3.53866E-01
 6.65900E+02  -2.80600E-01  -3.52792E-02  -3.00590E-01  -1.84691E-01  -2.15011E-01  -3.09748E-01  -3.61945E-02  -3.66099E-01   1.89970E-01  -3.20021E-01   3.94040E-01  -1.62795E-01   5.02366E-01   7.97852E-02   4.61164E-01   3.47380E-01   2.58366E-01   5.56824E-01  -6.41374E-02   6.24215E-01  -4.13524E-01   4.91887E-01  -6.66019E-01   1.51645E-01  -7.00274E-01  -3.45329E-01
 6.70800E+02  -2.81233E-01  -2.58056E-02  -3.04965E-01  -1.73046E-01  -2.22243E-01  -2.99601E-01  -4.45190E-02  -3.60636E-01   1.82756E-01  -3.20923E-01   3.89934E-01  -1.69712E-01   5.02515E-01   6.90902E-02   4.65441E-01   3.36254E-01   2.65370E-01   5.48591E-01  -5.66300E-02   6.21092E-01  -4.07779E-01   4.94347E-01  -6.63524E-01   1.58469E-01  -7.01204E-01  -3.36342E-01
 6.75600E+02  -2.81506E-01  -1.64765E-02  -3.08777E-01  -1.61547E-01  -2.28873E-01  -2.89559E-01  -5.23699E-02  -3.55208E-01   1.75772E-01  -3.21783E-01   3.85779E-01  -1.76521E-01   5.02380E-01   5.85415E-02   4.69306E-01   3.25278E-01   2.71964E-01   5.40482E-01  -4.94178E-02   6.18048E-01  -4.02154E-01   4.96831E-01  -6.60977E-01   1.65255E-01  -7.01969E-01  -3.27464E-01
 6.80500E+02  -2.81420E-01  -6.92182E-03  -3.12179E-01  -1.49739E-01  -2.35180E-01  -2.79225E-01  -6.00814E-02  -3.49601E-01   1.68716E-01  -3.22634E-01   3.81387E-01  -1.83492E-01   5.01942E-01   4.77167E-02   4.72913E-01   3.14011E-01   2.78425E-01   5.32171E-01  -4.21911E-02   6.14958E-01  -3.96400E-01   4.99433E-01  -6.58256E-01   1.72272E-01  -7.02591E-01  -3.18337E-01
 6.85400E+02  -2.80963E-01   2.64510E-03  -3.15085E-01  -1.37884E-01  -2.41023E-01  -2.68828E-01  -6.74941E-02  -3.43937E-01   1.61722E-01  -3.23457E-01   3.76831E-01  -1.90473E-01   5.01191E-01   3.68537E-02   4.76173E-01   3.02700E-01   2.84614E-01   5.23836E-01  -3.50926E-02   6.11885E-01  -3.90620E-01   5.02096E-01  -6.55398E-01   1.79367E-01  -7.03038E-01  -3.09160E-01
 6.90300E+02  -2.80130E-01   1.22041E-02  -3.17494E-01  -1.26007E-01  -2.46405E-01  -2.58388E-01  -7.46154E-02  -3.38229E-01   1.54782E-01  -3.24250E-01   3.72101E-01  -1.97449E-01   5.00120E-01   2.59719E-02   4.79083E-01   2.91362E-01   2.90533E-01   5.15488E-01  -2.81139E-02   6.08830E-01  -3.84802E-01   5.04807E-01  -6.52390E-01   1.86522E-01  -7.03302E-01  -2.99947E-01
 6.95300E+02  -2.78890E-01   2.19285E-02  -3.19442E-01  -1.13891E-01  -2.51427E-01  -2.47713E-01  -8.15894E-02  -3.32367E-01   1.47745E-01  -3.25024E-01   3.67085E-01  -2.04548E-01   4.98689E-01   1.48699E-02   4.81689E-01   2.79785E-01   2.96299E-01   5.06967E-01  -2.11080E-02   6.05730E-01  -3.78815E-01   5.07613E-01  -6.49154E-01   1.93868E-01  -7.03374E-01  -2.90527E-01
 7.00300E+02  -2.77256E-01   3.16011E-02  -3.20876E-01  -1.01804E-01  -2.55980E-01  -2.37037E-01  -8.82761E-02  -3.26478E-01   1.40744E-01  -3.25759E-01   3.61872E-01  -2.11610E-01   4.96914E-01   3.79147E-03   4.83928E-01   2.68219E-01   3.01793E-01   4.98456E-01  -1.42108E-02   6.02647E-01  -3.72766E-01   5.10447E-01  -6.45742E-01   2.01242E-01  -7.03241E-01  -2.81102E-01
 7.05400E+02  -2.75184E-01   4.13905E-02  -3.21815E-01  -8.95330E-02  -2.60149E-01  -2.26168E-01  -9.48093E-02  -3.20453E-01   1.33634E-01  -3.26463E-01   3.56344E-01  -2.18759E-01   4.94745E-01  -7.46107E-03   4.85835E-01   2.56454E-01   3.07120E-01   4.89795E-01  -7.27997E-03   5.99518E-01  -3.66526E-01   5.13353E-01  -6.42072E-01   2.08773E-01  -7.02887E-01  -2.71504E-01
 7.10500E+02  -2.72706E-01   5.10792E-02  -3.22233E-01  -7.73476E-02  -2.63846E-01  -2.15343E-01  -1.01061E-01  -3.14420E-01   1.26546E-01  -3.27115E-01   3.50599E-01  -2.25834E-01   4.92215E-01  -1.86422E-02   4.87365E-01   2.44744E-01   3.12174E-01   4.81167E-01  -4.47267E-04   5.96404E-01  -3.60207E-01   5.16261E-01  -6.38205E-01   2.16293E-01  -7.02313E-01  -2.61938E-01
 7.15600E+02  -2.69826E-01   6.06439E-02  -3.22137E-01  -6.52746E-02  -2.67084E-01  -2.04583E-01  -1.07041E-01  -3.08388E-01   1.19475E-01  -3.27711E-01   3.44637E-01  -2.32819E-01   4.89325E-01  -2.97284E-02   4.88524E-01   2.33109E-01   3.16963E-01   4.72581E-01   6.29395E-03   5.93303E-01  -3.53803E-01   5.19158E-01  -6.34138E-01   2.23783E-01  -7.01516E-01  -2.52424E-01
 7.20800E+02  -2.66485E-01   7.02448E-02  -3.21523E-01  -5.31078E-02  -2.69922E-01  -1.93700E-01  -1.12869E-01  -3.02247E-01   1.12277E-01  -3.28253E-01   3.38334E-01  -2.39829E-01   4.86013E-01  -4.09103E-02   4.89329E-01   2.21343E-01   3.21579E-01   4.63884E-01   1.30795E-02   5.90152E-01  -3.47184E-01   5.22086E-01  -6.29784E-01   2.31368E-01  -7.00475E-01  -2.42794E-01
 7.26000E+02  -2.62744E-01   7.96697E-02  -3.20401E-01  -4.11119E-02  -2.72308E-01  -1.82927E-01  -1.18434E-01  -2.96124E-01   1.05087E-01  -3.28723E-01   3.31806E-01  -2.46707E-01   4.82339E-01  -5.19460E-02   4.89764E-01   2.09697E-01   3.25935E-01   4.55253E-01   1.97822E-02   5.87009E-01  -3.40472E-01   5.24973E-01  -6.25222E-01   2.38880E-01  -6.99209E-01  -2.33256E-01
 7.31200E+02  -2.58614E-01   8.88961E-02  -3.18785E-01  -2.93125E-02  -2.74256E-01  -1.72284E-01  -1.23746E-01  -2.90026E-01   9.79022E-02  -3.29114E-01   3.25057E-01  -2.53436E-01   4.78312E-01  -6.28127E-02   4.89841E-01   1.98190E-01   3.30041E-01   4.46698E-01   2.64075E-02   5.83872E-01  -3.33665E-01   5.27807E-01  -6.20457E-01   2.46299E-01  -6.97722E-01  -2.23825E-01
 7.36500E+02  -2.54017E-01   9.80734E-02  -3.16650E-01  -1.75134E-02  -2.75807E-01  -1.61590E-01  -1.28913E-01  -2.83845E-01   9.05808E-02  -3.29426E-01   3.17957E-01  -2.60123E-01   4.73855E-01  -7.36922E-02   4.89562E-01   1.86624E-01   3.33978E-01   4.38068E-01   3.30856E-02   5.80677E-01  -3.26633E-01   5.30625E-01  -6.15396E-01   2.53747E-01  -6.95987E-01  -2.14342E-01
 7.41800E+02  -2.49045E-01   1.07001E-01  -3.14040E-01  -5.96737E-03  -2.76939E-01  -1.51067E-01  -1.33839E-01  -2.77705E-01   8.32602E-02  -3.29642E-01   3.10641E-01  -2.66619E-01   4.69057E-01  -8.43523E-02   4.88938E-01   1.75240E-01   3.37677E-01   4.29535E-01   3.96928E-02   5.77482E-01  -3.19506E-01   5.33359E-01  -6.10137E-01   2.61061E-01  -6.94039E-01  -2.05006E-01
 7.47200E+02  -2.43611E-01   1.15820E-01  -3.10916E-01   5.51349E-03  -2.77680E-01  -1.40541E-01  -1.38623E-01  -2.71496E-01   7.58017E-02  -3.29758E-01   3.02975E-01  -2.73026E-01   4.63832E-01  -9.49675E-02   4.87963E-01   1.63844E-01   3.41211E-01   4.20951E-01   4.63562E-02   5.74223E-01  -3.12154E-01   5.36046E-01  -6.04584E-01   2.68358E-01  -6.91847E-01  -1.95660E-01
 7.52600E+02  -2.37824E-01   1.24339E-01  -3.07346E-01   1.66876E-02  -2.78026E-01  -1.30226E-01  -1.43182E-01  -2.65340E-01   6.83435E-02  -3.29762E-01   2.95106E-01  -2.79203E-01   4.58287E-01  -1.05316E-01   4.86666E-01   1.52670E-01   3.44524E-01   4.12483E-01   5.29541E-02   5.70957E-01  -3.04713E-01   5.38622E-01  -5.98848E-01   2.75482E-01  -6.89459E-01  -1.86496E-01
 7.58000E+02  -2.31704E-01   1.32542E-01  -3.03355E-01   2.75359E-02  -2.77999E-01  -1.20138E-01  -1.47528E-01  -2.59243E-01   6.08868E-02  -3.29647E-01   2.87046E-01  -2.85135E-01   4.52440E-01  -1.15380E-01   4.85064E-01   1.41731E-01   3.47626E-01   4.04139E-01   5.94900E-02   5.67681E-01  -2.97191E-01   5.41073E-01  -5.92941E-01   2.82418E-01  -6.86889E-01  -1.77527E-01
 7.63500E+02  -2.25152E-01   1.40555E-01  -2.98884E-01   3.82329E-02  -2.77610E-01  -1.10107E-01  -1.51746E-01  -2.53095E-01   5.32954E-02  -3.29403E-01   2.78656E-01  -2.90914E-01   4.46196E-01  -1.25323E-01   4.83142E-01   1.30844E-01   3.50585E-01   3.95772E-01   6.60860E-02   5.64331E-01  -2.89455E-01   5.43434E-01  -5.86765E-01   2.89276E-01  -6.84101E-01  -1.68603E-01
 7.69000E+02  -2.18300E-01   1.48210E-01  -2.94032E-01   4.85593E-02  -2.76882E-01  -1.00335E-01  -1.55767E-01  -2.47014E-01   4.57099E-02  -3.29024E-01   2.70098E-01  -2.96415E-01   4.39683E-01  -1.34942E-01   4.80946E-01   1.20223E-01   3.53355E-01   3.87541E-01   7.26233E-02   5.60963E-01  -2.81652E-01   5.45647E-01  -5.80442E-01   2.95914E-01  -6.81157E-01  -1.59902E-01
 7.74600E+02  -2.11041E-01   1.55623E-01  -2.88729E-01   5.86795E-02  -2.75815E-01  -9.06586E-02  -1.59671E-01  -2.40892E-01   3.79960E-02  -3.28496E-01   2.61229E-01  -3.01719E-01   4.32799E-01  -1.44392E-01   4.78454E-01   1.09692E-01   3.55995E-01   3.79305E-01   7.92213E-02   5.57513E-01  -2.73648E-01   5.47740E-01  -5.73873E-01   3.02437E-01  -6.78017E-01  -1.51279E-01
 7.80200E+02  -2.03523E-01   1.62640E-01  -2.83092E-01   6.83915E-02  -2.74445E-01  -8.12662E-02  -1.63394E-01  -2.34843E-01   3.02954E-02  -3.27818E-01   2.52220E-01  -3.06717E-01   4.25686E-01  -1.53487E-01   4.75726E-01   9.94522E-02   3.58469E-01   3.71215E-01   8.57624E-02   5.54038E-01  -2.65594E-01   5.49666E-01  -5.67188E-01   3.08715E-01  -6.74752E-01  -1.42901E-01
 7.85800E+02  -1.95771E-01   1.69254E-01  -2.77149E-01   7.76868E-02  -2.72797E-01  -7.21626E-02  -1.66949E-01  -2.28867E-01   2.26126E-02  -3.26986E-01   2.43090E-01  -3.11400E-01   4.18367E-01  -1.62219E-01   4.72786E-01   8.95079E-02   3.60790E-01   3.63272E-01   9.22483E-02   5.50536E-01  -2.57502E-01   5.51419E-01  -5.60407E-01   3.14742E-01  -6.71382E-01  -1.34771E-01
 7.91500E+02  -1.87668E-01   1.75564E-01  -2.70818E-01   8.67143E-02  -2.70860E-01  -6.31964E-02  -1.70406E-01  -2.22857E-01   1.48156E-02  -3.25978E-01   2.33691E-01  -3.15839E-01   4.10733E-01  -1.70729E-01   4.69599E-01   7.96918E-02   3.63012E-01   3.55337E-01   9.87945E-02   5.46938E-01  -2.49238E-01   5.53020E-01  -5.53426E-01   3.20615E-01  -6.67862E-01  -1.26752E-01
 7.97200E+02  -1.79376E-01   1.81445E-01  -2.64233E-01   9.53003E-02  -2.68684E-01  -5.45341E-02  -1.73712E-01  -2.16921E-01   7.04712E-03  -3.24803E-01   2.24204E-01  -3.19944E-01   4.02937E-01  -1.78857E-01   4.66240E-01   7.01843E-02   3.65105E-01   3.47551E-01   1.05286E-01   5.43305E-01  -2.40958E-01   5.54435E-01  -5.46383E-01   3.26224E-01  -6.64271E-01  -1.18992E-01
 8.02900E+02  -1.70922E-01   1.86895E-01  -2.57425E-01   1.03443E-01  -2.66295E-01  -4.61753E-02  -1.76876E-01  -2.11056E-01  -6.87313E-04  -3.23460E-01   2.14647E-01  -3.23713E-01   3.95006E-01  -1.86602E-01   4.62731E-01   6.09833E-02   3.67083E-01   3.39912E-01   1.11722E-01   5.39634E-01  -2.32674E-01   5.55662E-01  -5.39298E-01   3.31568E-01  -6.60628E-01  -1.11488E-01
 8.08700E+02  -1.62181E-01   1.91996E-01  -2.50298E-01   1.11276E-01  -2.63668E-01  -3.79792E-02  -1.79962E-01  -2.05159E-01  -8.51665E-03  -3.21919E-01   2.04871E-01  -3.27203E-01   3.86822E-01  -1.94092E-01   4.59030E-01   5.19317E-02   3.68991E-01   3.32283E-01   1.18216E-01   5.35856E-01  -2.24250E-01   5.56717E-01  -5.32064E-01   3.36736E-01  -6.56886E-01  -1.04110E-01
 8.14600E+02  -1.53172E-01   1.96726E-01  -2.42873E-01   1.18777E-01  -2.60817E-01  -2.99578E-02  -1.82971E-01  -1.99229E-01  -1.64325E-02  -3.20167E-01   1.94891E-01  -3.30397E-01   3.78403E-01  -2.01312E-01   4.55153E-01   4.30396E-02   3.70837E-01   3.24669E-01   1.24764E-01   5.31966E-01  -2.15701E-01   5.57590E-01  -5.24698E-01   3.41719E-01  -6.53062E-01  -9.68670E-02
 8.20500E+02  -1.44071E-01   2.00998E-01  -2.35301E-01   1.25812E-01  -2.57809E-01  -2.22495E-02  -1.85858E-01  -1.93364E-01  -2.42930E-02  -3.18229E-01   1.84895E-01  -3.33235E-01   3.69915E-01  -2.08134E-01   4.51185E-01   3.44582E-02   3.72599E-01   3.17195E-01   1.31254E-01   5.28026E-01  -2.07183E-01   5.58265E-01  -5.17344E-01   3.46432E-01  -6.49238E-01  -8.98797E-02
 8.26400E+02  -1.34904E-01   2.04816E-01  -2.27609E-01   1.32389E-01  -2.54666E-01  -1.48472E-02  -1.88633E-01  -1.87561E-01  -3.20916E-02  -3.16106E-01   1.74902E-01  -3.35722E-01   3.61380E-01  -2.14567E-01   4.47145E-01   2.61780E-02   3.74288E-01   3.09853E-01   1.37685E-01   5.24033E-01  -1.98706E-01   5.58743E-01  -5.10018E-01   3.50883E-01  -6.45430E-01  -8.31391E-02
 8.32400E+02  -1.25538E-01   2.08238E-01  -2.19693E-01   1.38616E-01  -2.51350E-01  -7.62477E-03  -1.91347E-01  -1.81715E-01  -3.99523E-02  -3.13755E-01   1.64758E-01  -3.37895E-01   3.52675E-01  -2.20720E-01   4.42982E-01   1.80554E-02   3.75942E-01   3.02515E-01   1.44164E-01   5.19917E-01  -1.90139E-01   5.59033E-01  -5.02613E-01   3.55149E-01  -6.41588E-01  -7.65261E-02
 8.38400E+02  -1.16155E-01   2.11206E-01  -2.11707E-01   1.44388E-01  -2.47935E-01  -7.00411E-04  -1.93959E-01  -1.75921E-01  -4.77355E-02  -3.11211E-01   1.54652E-01  -3.39717E-01   3.43965E-01  -2.26492E-01   4.38782E-01   1.02212E-02   3.77541E-01   2.95296E-01   1.50580E-01   5.15741E-01  -1.81636E-01   5.59130E-01  -4.95268E-01   3.59164E-01  -6.37793E-01  -7.01448E-02
 8.44400E+02  -1.06775E-01   2.13727E-01  -2.03676E-01   1.49718E-01  -2.44438E-01   5.93653E-03  -1.96474E-01  -1.70173E-01  -5.54346E-02  -3.08476E-01   1.44599E-01  -3.41196E-01   3.35269E-01  -2.31895E-01   4.34561E-01   2.66198E-03   3.79093E-01   2.88188E-01   1.56933E-01   5.11503E-01  -1.73206E-01   5.59039E-01  -4.87996E-01   3.62939E-01  -6.34055E-01  -6.39823E-02
 8.50500E+02  -9.72652E-02   2.15842E-01  -1.95489E-01   1.54695E-01  -2.40815E-01   1.24012E-02  -1.98938E-01  -1.64369E-01  -6.31688E-02  -3.05500E-01   1.34447E-01  -3.42357E-01   3.26461E-01  -2.37025E-01   4.30264E-01  -4.75562E-03   3.80630E-01   2.81065E-01   1.63325E-01   5.07130E-01  -1.64719E-01   5.58761E-01  -4.80690E-01   3.66545E-01  -6.30327E-01  -5.79269E-02
 8.56700E+02  -8.76486E-02   2.17542E-01  -1.87167E-01   1.59313E-01  -2.37078E-01   1.86923E-02  -2.01351E-01  -1.58505E-01  -7.09267E-02  -3.02276E-01   1.24215E-01  -3.43191E-01   3.17559E-01  -2.41877E-01   4.25902E-01  -1.20339E-02   3.82157E-01   2.73922E-01   1.69751E-01   5.02616E-01  -1.56188E-01   5.58295E-01  -4.73366E-01   3.69983E-01  -6.26619E-01  -5.19738E-02
 8.62900E+02  -7.81020E-02   2.18801E-01  -1.78864E-01   1.63501E-01  -2.33300E-01   2.47150E-02  -2.03673E-01  -1.52669E-01  -7.85735E-02  -2.98852E-01   1.14085E-01  -3.43690E-01   3.08722E-01  -2.46383E-01   4.21558E-01  -1.90654E-02   3.83652E-01   2.66865E-01   1.76104E-01   4.98031E-01  -1.47758E-01   5.57651E-01  -4.66152E-01   3.73208E-01  -6.23004E-01  -4.62080E-02
 8.69100E+02  -6.86444E-02   2.19632E-01  -1.70600E-01   1.67276E-01  -2.29494E-01   3.04831E-02  -2.05908E-01  -1.46854E-01  -8.61022E-02  -2.95232E-01   1.04068E-01  -3.43863E-01   2.99965E-01  -2.50557E-01   4.17242E-01  -2.58665E-02   3.85120E-01   2.59883E-01   1.82381E-01   4.93372E-01  -1.39437E-01   5.56837E-01  -4.59057E-01   3.76234E-01  -6.19486E-01  -4.06131E-02
 8.75400E+02  -5.91439E-02   2.20052E-01  -1.62259E-01   1.70707E-01  -2.25608E-01   3.60977E-02  -2.08092E-01  -1.40961E-01  -9.36246E-02  -2.91354E-01   9.40175E-02  -3.43718E-01   2.91160E-01  -2.54477E-01   4.12892E-01  -3.25582E-02   3.86585E-01   2.52854E-01   1.88679E-01   4.88562E-01  -1.31098E-01   5.55846E-01  -4.51976E-01   3.79122E-01  -6.16017E-01  -3.50867E-02
 8.81700E+02  -4.97710E-02   2.20059E-01  -1.53992E-01   1.73745E-01  -2.21713E-01   4.14780E-02  -2.10188E-01  -1.35077E-01  -1.01011E-01  -2.87280E-01   8.41070E-02  -3.43261E-01   2.82458E-01  -2.58090E-01   4.08586E-01  -3.90460E-02   3.88027E-01   2.45881E-01   1.94895E-01   4.83674E-01  -1.22882E-01   5.54697E-01  -4.45027E-01   3.81837E-01  -6.12656E-01  -2.97034E-02
 8.88100E+02  -4.03961E-02   2.19659E-01  -1.45684E-01   1.76448E-01  -2.17756E-01   4.67184E-02  -2.12226E-01  -1.29101E-01  -1.08369E-01  -2.82943E-01   7.41926E-02  -3.42491E-01   2.73734E-01  -2.61464E-01   4.04260E-01  -4.54452E-02   3.89467E-01   2.38844E-01   2.01121E-01   4.78628E-01  -1.14664E-01   5.53378E-01  -4.38109E-01   3.84434E-01  -6.09356E-01  -2.43647E-02
 8.94500E+02  -3.11845E-02   2.18864E-01  -1.37480E-01   1.78783E-01  -2.13804E-01   5.17461E-02  -2.14173E-01  -1.23122E-01  -1.15572E-01  -2.78410E-01   6.44417E-02  -3.41426E-01   2.65133E-01  -2.64557E-01   3.99986E-01  -5.16681E-02   3.90880E-01   2.31842E-01   2.07256E-01   4.73499E-01  -1.06580E-01   5.51915E-01  -4.31332E-01   3.86883E-01  -6.06169E-01  -1.91404E-02
 9.00900E+02  -2.21501E-02   2.17692E-01  -1.29392E-01   1.80767E-01  -2.09862E-01   5.65751E-02  -2.16025E-01  -1.17133E-01  -1.22613E-01  -2.73687E-01   5.48623E-02  -3.40078E-01   2.56660E-01  -2.67386E-01   3.95767E-01  -5.77308E-02   3.92266E-01   2.24868E-01   2.13295E-01   4.68288E-01  -9.86306E-02   5.50318E-01  -4.24699E-01   3.89201E-01  -6.03096E-01  -1.40150E-02
 9.07400E+02  -1.31689E-02   2.16130E-01  -1.21305E-01   1.82442E-01  -2.05875E-01   6.12899E-02  -2.17807E-01  -1.11037E-01  -1.29593E-01  -2.68700E-01   4.53161E-02  -3.38433E-01   2.48192E-01  -2.70006E-01   3.91536E-01  -6.37403E-02   3.93642E-01   2.17801E-01   2.19327E-01   4.62912E-01  -9.06980E-02   5.48567E-01  -4.18106E-01   3.91436E-01  -6.00086E-01  -8.89504E-03
 9.14000E+02  -4.26259E-03   2.14179E-01  -1.13236E-01   1.83810E-01  -2.01843E-01   6.58955E-02  -2.19510E-01  -1.04826E-01  -1.36495E-01  -2.63446E-01   3.58183E-02  -3.36493E-01   2.39736E-01  -2.72425E-01   3.87295E-01  -6.97051E-02   3.95003E-01   2.10636E-01   2.25345E-01   4.57365E-01  -8.27891E-02   5.46666E-01  -4.11559E-01   3.93596E-01  -5.97141E-01  -3.76959E-03
 9.20600E+02   4.41757E-03   2.11878E-01  -1.05318E-01   1.84861E-01  -1.97832E-01   7.03309E-02  -2.21102E-01  -9.85925E-02  -1.43203E-01  -2.58005E-01   2.65230E-02  -3.34293E-01   2.31426E-01  -2.74615E-01   3.83107E-01  -7.55465E-02   3.96321E-01   2.03471E-01   2.31249E-01   4.51733E-01  -7.50276E-02   5.44650E-01  -4.05156E-01   3.95661E-01  -5.94302E-01   1.29629E-03
 9.27200E+02   1.28610E-02   2.09244E-01  -9.75570E-02   1.85614E-01  -1.93842E-01   7.46085E-02  -2.22577E-01  -9.23314E-02  -1.49712E-01  -2.52385E-01   1.74352E-02  -3.31848E-01   2.23262E-01  -2.76593E-01   3.78968E-01  -8.12784E-02   3.97591E-01   1.96300E-01   2.37037E-01   4.46014E-01  -6.74130E-02   5.42526E-01  -3.98893E-01   3.97644E-01  -5.91562E-01   6.31573E-03
 9.33900E+02   2.11804E-02   2.06247E-01  -8.98455E-02   1.86089E-01  -1.89811E-01   7.88013E-02  -2.23951E-01  -8.59455E-02  -1.56107E-01  -2.46502E-01   8.42639E-03  -3.29129E-01   2.15124E-01  -2.78400E-01   3.74811E-01  -8.69977E-02   3.98825E-01   1.89008E-01   2.42788E-01   4.40123E-01  -5.98326E-02   5.40271E-01  -3.92672E-01   3.99586E-01  -5.88875E-01   1.13760E-02
 9.40700E+02   2.93552E-02   2.02892E-01  -8.21955E-02   1.86292E-01  -1.85739E-01   8.29136E-02  -2.25210E-01  -7.94316E-02  -1.62371E-01  -2.40358E-01  -4.89844E-04  -3.26137E-01   2.07016E-01  -2.80042E-01   3.70631E-01  -9.27119E-02   4.00012E-01   1.81588E-01   2.48494E-01   4.34057E-01  -5.22917E-02   5.37886E-01  -3.86491E-01   4.01495E-01  -5.86234E-01   1.64867E-02
 9.47500E+02   3.72508E-02   1.99238E-01  -7.47274E-02   1.86231E-01  -1.81685E-01   8.68921E-02  -2.26327E-01  -7.28845E-02  -1.68402E-01  -2.34045E-01  -9.17419E-03  -3.22927E-01   1.99058E-01  -2.81505E-01   3.66484E-01  -9.83460E-02   4.01126E-01   1.74144E-01   2.54062E-01   4.27907E-01  -4.49029E-02   5.35414E-01  -3.80438E-01   4.03353E-01  -5.83672E-01   2.15824E-02
 9.54300E+02   4.48598E-02   1.95305E-01  -6.74439E-02   1.85922E-01  -1.77645E-01   9.07460E-02  -2.27296E-01  -6.63043E-02  -1.74192E-01  -2.27575E-01  -1.76241E-02  -3.19512E-01   1.91248E-01  -2.82803E-01   3.62362E-01  -1.03909E-01   4.02157E-01   1.66675E-01   2.59487E-01   4.21675E-01  -3.76637E-02   5.32862E-01  -3.74504E-01   4.05169E-01  -5.81177E-01   2.66716E-02
 9.61200E+02   5.22807E-02   1.91048E-01  -6.02442E-02   1.85373E-01  -1.73556E-01   9.45378E-02  -2.28119E-01  -5.95951E-02  -1.79814E-01  -2.20856E-01  -2.59567E-02  -3.15850E-01   1.83468E-01  -2.83963E-01   3.58196E-01  -1.09490E-01   4.03111E-01   1.59066E-01   2.64843E-01   4.15271E-01  -3.04685E-02   5.30197E-01  -3.68595E-01   4.06978E-01  -5.78702E-01   3.18365E-02
 9.68100E+02   5.93936E-02   1.86540E-01  -5.32380E-02   1.84600E-01  -1.69475E-01   9.82173E-02  -2.28774E-01  -5.28558E-02  -1.85176E-01  -2.13994E-01  -3.40444E-02  -3.12003E-01   1.75831E-01  -2.84977E-01   3.54037E-01  -1.15013E-01   4.03962E-01   1.51427E-01   2.70044E-01   4.08790E-01  -2.34218E-02   5.27465E-01  -3.62790E-01   4.08761E-01  -5.76274E-01   3.70083E-02
 9.75100E+02   6.62895E-02   1.81730E-01  -4.63287E-02   1.83605E-01  -1.65337E-01   1.01842E-01  -2.29261E-01  -4.59919E-02  -1.90343E-01  -2.06897E-01  -4.19984E-02  -3.07925E-01   1.68224E-01  -2.85867E-01   3.49817E-01  -1.20562E-01   4.04711E-01   1.43646E-01   2.75157E-01   4.02143E-01  -1.64213E-02   5.24630E-01  -3.56997E-01   4.10549E-01  -5.73847E-01   4.22667E-02
 9.82200E+02   7.29499E-02   1.76629E-01  -3.95247E-02   1.82392E-01  -1.61138E-01   1.05412E-01  -2.29563E-01  -3.90068E-02  -1.95298E-01  -1.99571E-01  -4.98072E-02  -3.03622E-01   1.60646E-01  -2.86638E-01   3.45525E-01  -1.26140E-01   4.05344E-01   1.35725E-01   2.80172E-01   3.95330E-01  -9.46997E-03   5.21697E-01  -3.51210E-01   4.12346E-01  -5.71409E-01   4.76154E-02
 9.89300E+02   7.92702E-02   1.71322E-01  -3.29257E-02   1.80990E-01  -1.56932E-01   1.08880E-01  -2.29666E-01  -3.20046E-02  -1.99960E-01  -1.92128E-01  -5.73557E-02  -2.99164E-01   1.53201E-01  -2.87285E-01   3.41211E-01  -1.31669E-01   4.05841E-01   1.27776E-01   2.85011E-01   3.88452E-01  -2.66482E-03   5.18711E-01  -3.45502E-01   4.14131E-01  -5.68982E-01   5.29814E-02
 9.96400E+02   8.52477E-02   1.65831E-01  -2.65304E-02   1.79413E-01  -1.52714E-01   1.12250E-01  -2.29562E-01  -2.49921E-02  -2.04325E-01  -1.84583E-01  -6.46444E-02  -2.94565E-01   1.45882E-01  -2.87816E-01   3.36865E-01  -1.37150E-01   4.06192E-01   1.19804E-01   2.89669E-01   3.81517E-01   3.99814E-03   5.15678E-01  -3.39863E-01   4.15907E-01  -5.66556E-01   5.83650E-02
 1.00360E+03   9.09572E-02   1.60093E-01  -2.02512E-02   1.77648E-01  -1.48418E-01   1.15570E-01  -2.29241E-01  -1.78785E-02  -2.08444E-01  -1.76840E-01  -7.17719E-02  -2.89770E-01   1.38584E-01  -2.88244E-01   3.32417E-01  -1.42661E-01   4.06391E-01   1.11702E-01   2.94206E-01   3.74431E-01   1.06140E-02   5.12559E-01  -3.34204E-01   4.17701E-01  -5.64084E-01   6.38415E-02
 1.01090E+03   9.63830E-02   1.54123E-01  -1.40946E-02   1.75702E-01  -1.44040E-01   1.18836E-01  -2.28688E-01  -1.06730E-02  -2.12302E-01  -1.68910E-01  -7.87287E-02  -2.84786E-01   1.31304E-01  -2.88570E-01   3.27855E-01  -1.48198E-01   4.06423E-01   1.03476E-01   2.98611E-01   3.67200E-01   1.71812E-02   5.09358E-01  -3.28519E-01   4.19512E-01  -5.61554E-01   6.94090E-02
 1.01820E+03   1.01443E-01   1.48020E-01  -8.14647E-03   1.73611E-01  -1.39634E-01   1.22002E-01  -2.27900E-01  -3.48480E-03  -2.15836E-01  -1.60916E-01  -8.54164E-02  -2.79692E-01   1.24138E-01  -2.88795E-01   3.23232E-01  -1.53681E-01   4.06277E-01   9.52449E-02   3.02818E-01   3.59931E-01   2.36115E-02   5.06122E-01  -3.22876E-01   4.21316E-01  -5.58989E-01   7.49882E-02
 1.02550E+03   1.06139E-01   1.41805E-01  -2.40366E-03   1.71388E-01  -1.35194E-01   1.25069E-01  -2.26873E-01   3.67516E-03  -2.19045E-01  -1.52873E-01  -9.18379E-02  -2.74501E-01   1.17078E-01  -2.88921E-01   3.18540E-01  -1.59107E-01   4.05948E-01   8.70185E-02   3.06825E-01   3.52632E-01   2.99095E-02   5.02855E-01  -3.17266E-01   4.23111E-01  -5.56380E-01   8.05741E-02
 1.03290E+03   1.10529E-01   1.35410E-01   3.21183E-03   1.69012E-01  -1.30657E-01   1.28076E-01  -2.25587E-01   1.08924E-02  -2.21968E-01  -1.44686E-01  -9.80791E-02  -2.69152E-01   1.10025E-01  -2.88954E-01   3.13705E-01  -1.64543E-01   4.05421E-01   7.86935E-02   3.10683E-01   3.45212E-01   3.61633E-02   4.99516E-01  -3.11605E-01   4.24920E-01  -5.53682E-01   8.62375E-02
 1.04040E+03   1.14601E-01   1.28853E-01   8.69562E-03   1.66488E-01  -1.26017E-01   1.31016E-01  -2.24029E-01   1.81523E-02  -2.24591E-01  -1.36370E-01  -1.04133E-01  -2.63655E-01   1.02976E-01  -2.88892E-01   3.08718E-01  -1.69982E-01   4.04685E-01   7.02813E-02   3.14383E-01   3.37678E-01   4.23725E-02   4.96107E-01  -3.05886E-01   4.26737E-01  -5.50883E-01   9.19715E-02
 1.04790E+03   1.18299E-01   1.22240E-01   1.39748E-02   1.63859E-01  -1.21332E-01   1.33845E-01  -2.22214E-01   2.53436E-02  -2.26874E-01  -1.28053E-01  -1.09919E-01  -2.58093E-01   9.60208E-02  -2.88737E-01   3.03639E-01  -1.75343E-01   4.03741E-01   6.19058E-02   3.17872E-01   3.30141E-01   4.84564E-02   4.92676E-01  -3.00177E-01   4.28536E-01  -5.48012E-01   9.76917E-02
 1.05540E+03   1.21627E-01   1.15592E-01   1.90541E-02   1.61137E-01  -1.16599E-01   1.36560E-01  -2.20143E-01   3.24525E-02  -2.28822E-01  -1.19752E-01  -1.15441E-01  -2.52478E-01   8.91541E-02  -2.88492E-01   2.98462E-01  -1.80619E-01   4.02590E-01   5.35787E-02   3.21153E-01   3.22610E-01   5.44197E-02   4.89226E-01  -2.94473E-01   4.30312E-01  -5.45065E-01   1.03390E-01
 1.06310E+03   1.24667E-01   1.08750E-01   2.40660E-02   1.58253E-01  -1.11689E-01   1.39226E-01  -2.17752E-01   3.96508E-02  -2.30477E-01  -1.11263E-01  -1.20843E-01  -2.46669E-01   8.21909E-02  -2.88146E-01   2.93043E-01  -1.85938E-01   4.01190E-01   4.50924E-02   3.24306E-01   3.14894E-01   6.04215E-02   4.85667E-01  -2.88617E-01   4.32104E-01  -5.41955E-01   1.09207E-01
 1.07070E+03   1.27300E-01   1.02001E-01   2.88165E-02   1.55330E-01  -1.06792E-01   1.41731E-01  -2.15133E-01   4.66416E-02  -2.31775E-01  -1.02934E-01  -1.25914E-01  -2.40905E-01   7.53993E-02  -2.87713E-01   2.87589E-01  -1.91082E-01   3.99594E-01   3.67913E-02   3.27209E-01   3.07305E-01   6.62303E-02   4.82138E-01  -2.82831E-01   4.33839E-01  -5.38797E-01   1.14908E-01
 1.07850E+03   1.29633E-01   9.50972E-02   3.34950E-02   1.52258E-01  -1.01712E-01   1.44169E-01  -2.12183E-01   5.36838E-02  -2.32767E-01  -9.44551E-02  -1.30858E-01  -2.34966E-01   6.85082E-02  -2.87173E-01   2.81881E-01  -1.96244E-01   3.97736E-01   2.83620E-02   3.29976E-01   2.99551E-01   7.20779E-02   4.78503E-01  -2.76884E-01   4.35576E-01  -5.35465E-01   1.20705E-01
 1.08630E+03   1.31603E-01   8.82362E-02   3.79799E-02   1.49122E-01  -9.65784E-02   1.46465E-01  -2.08972E-01   6.05771E-02  -2.33424E-01  -8.60625E-02  -1.35546E-01  -2.29015E-01   6.16935E-02  -2.86538E-01   2.76062E-01  -2.01278E-01   3.95660E-01   2.00369E-02   3.32533E-01   2.91844E-01   7.78146E-02   4.74856E-01  -2.70924E-01   4.37264E-01  -5.32039E-01   1.26439E-01
 1.09410E+03   1.33221E-01   8.14359E-02   4.22773E-02   1.45931E-01  -9.13934E-02   1.48616E-01  -2.05509E-01   6.73072E-02  -2.33756E-01  -7.77721E-02  -1.39985E-01  -2.23062E-01   5.49516E-02  -2.85806E-01   2.70134E-01  -2.06173E-01   3.93370E-01   1.18284E-02   3.34886E-01   2.84192E-01   8.34449E-02   4.71198E-01  -2.64951E-01   4.38897E-01  -5.28519E-01   1.32100E-01
 1.10200E+03   1.34513E-01   7.46274E-02   4.64450E-02   1.42649E-01  -8.60916E-02   1.50641E-01  -2.01754E-01   7.39434E-02  -2.33772E-01  -6.94947E-02  -1.44236E-01  -2.17039E-01   4.81947E-02  -2.84966E-01   2.64022E-01  -2.10982E-01   3.90841E-01   3.64533E-03   3.37070E-01   2.76507E-01   8.90436E-02   4.67482E-01  -2.58887E-01   4.40487E-01  -5.24863E-01   1.37748E-01
 1.11000E+03   1.35481E-01   6.78303E-02   5.04825E-02   1.39283E-01  -8.06742E-02   1.52530E-01  -1.97709E-01   8.04653E-02  -2.33473E-01  -6.12495E-02  -1.48300E-01  -2.10956E-01   4.14229E-02  -2.84013E-01   2.57725E-01  -2.15690E-01   3.88072E-01  -4.49572E-03   3.39083E-01   2.68798E-01   9.46111E-02   4.63709E-01  -2.52730E-01   4.42027E-01  -5.21069E-01   1.43373E-01
 1.11800E+03   1.36122E-01   6.11467E-02   5.43424E-02   1.35878E-01  -7.52123E-02   1.54250E-01  -1.93430E-01   8.67751E-02  -2.32870E-01  -5.31557E-02  -1.52130E-01  -2.04896E-01   3.47204E-02  -2.82955E-01   2.51327E-01  -2.20226E-01   3.85104E-01  -1.24795E-02   3.40906E-01   2.61171E-01   1.00080E-01   4.59926E-01  -2.46560E-01   4.43489E-01  -5.17187E-01   1.48893E-01
 1.12610E+03   1.36453E-01   5.45096E-02   5.80763E-02   1.32399E-01  -6.96414E-02   1.55815E-01  -1.88873E-01   9.29358E-02  -2.31966E-01  -4.51275E-02  -1.55781E-01  -1.98790E-01   2.80032E-02  -2.81777E-01   2.44751E-01  -2.24635E-01   3.81905E-01  -2.03931E-02   3.42568E-01   2.53539E-01   1.05521E-01   4.56087E-01  -2.40300E-01   4.44884E-01  -5.13175E-01   1.54366E-01
 1.13420E+03   1.36481E-01   4.80162E-02   6.16417E-02   1.28893E-01  -6.40354E-02   1.57199E-01  -1.84106E-01   9.88563E-02  -2.30782E-01  -3.72783E-02  -1.59212E-01  -1.92722E-01   2.13548E-02  -2.80489E-01   2.38085E-01  -2.28854E-01   3.78524E-01  -2.81269E-02   3.44053E-01   2.46003E-01   1.10869E-01   4.52238E-01  -2.34031E-01   4.46190E-01  -5.09086E-01   1.59717E-01
 1.14240E+03   1.36217E-01   4.16007E-02   6.50860E-02   1.25319E-01  -5.83305E-02   1.58411E-01  -1.79079E-01   1.04596E-01  -2.29314E-01  -2.95246E-02  -1.62473E-01  -1.86622E-01   1.46939E-02  -2.79072E-01   2.31254E-01  -2.32923E-01   3.74928E-01  -3.57652E-02   3.45388E-01   2.38476E-01   1.16193E-01   4.48331E-01  -2.27678E-01   4.47415E-01  -5.04877E-01   1.65004E-01
 1.15060E+03   1.35679E-01   3.53545E-02   6.83708E-02   1.21726E-01  -5.26028E-02   1.59430E-01  -1.73868E-01   1.10071E-01  -2.27593E-01  -2.19729E-02  -1.65530E-01  -1.80570E-01   8.10328E-03  -2.77540E-01   2.24348E-01  -2.36784E-01   3.71171E-01  -4.32052E-02   3.46563E-01   2.31056E-01   1.21428E-01   4.44413E-01  -2.21322E-01   4.48538E-01  -5.00605E-01   1.70153E-01
 1.15890E+03   1.34872E-01   2.92133E-02   7.15395E-02   1.18073E-01  -4.67895E-02   1.60260E-01  -1.68421E-01   1.15337E-01  -2.25610E-01  -1.45422E-02  -1.68428E-01  -1.74497E-01   1.50443E-03  -2.75872E-01   2.17292E-01  -2.40475E-01   3.67217E-01  -5.05288E-02   3.47601E-01   2.23658E-01   1.26641E-01   4.40435E-01  -2.14891E-01   4.49569E-01  -4.96227E-01   1.75222E-01
 1.16730E+03   1.33806E-01   2.31914E-02   7.45930E-02   1.14362E-01  -4.08983E-02   1.60894E-01  -1.62751E-01   1.20377E-01  -2.23375E-01  -7.24609E-03  -1.71169E-01  -1.68407E-01  -5.09898E-03  -2.74061E-01   2.10094E-01  -2.43986E-01   3.63075E-01  -5.77246E-02   3.48507E-01   2.16287E-01   1.31832E-01   4.36396E-01  -2.08390E-01   4.50500E-01  -4.91751E-01   1.80203E-01
 1.17570E+03   1.32508E-01   1.73699E-02   7.74981E-02   1.10639E-01  -3.50077E-02   1.61317E-01  -1.56939E-01   1.25123E-01  -2.20930E-01  -1.79656E-04  -1.73729E-01  -1.62377E-01  -1.16255E-02  -2.72127E-01   2.02850E-01  -2.47267E-01   3.58807E-01  -6.47008E-02   3.49279E-01   2.09033E-01   1.36940E-01   4.32343E-01  -2.01902E-01   4.51317E-01  -4.87239E-01   1.85032E-01
 1.18420E+03   1.30978E-01   1.16878E-02   8.02926E-02   1.06862E-01  -2.90567E-02   1.61530E-01  -1.50934E-01   1.29621E-01  -2.18258E-01   6.73418E-03  -1.76143E-01  -1.56335E-01  -1.81495E-02  -2.70043E-01   1.95484E-01  -2.50351E-01   3.54375E-01  -7.15355E-02   3.49935E-01   2.01812E-01   1.42028E-01   4.28225E-01  -1.95355E-01   4.52025E-01  -4.82646E-01   1.89763E-01
 1.19280E+03   1.29226E-01   6.15576E-03   8.29770E-02   1.03032E-01  -2.30551E-02   1.61524E-01  -1.44749E-01   1.33861E-01  -2.15373E-01   1.34856E-02  -1.78417E-01  -1.50286E-01  -2.46660E-02  -2.67805E-01   1.88008E-01  -2.53231E-01   3.49788E-01  -7.82210E-02   3.50480E-01   1.94628E-01   1.47094E-01   4.24042E-01  -1.88756E-01   4.52620E-01  -4.77982E-01   1.94392E-01
 1.20140E+03   1.27289E-01   8.43794E-04   8.55227E-02   9.91941E-02  -1.70827E-02   1.61296E-01  -1.38472E-01   1.37786E-01  -2.12322E-01   1.99917E-02  -1.80528E-01  -1.44300E-01  -3.10950E-02  -2.65435E-01   1.80518E-01  -2.55869E-01   3.45114E-01  -8.46773E-02   3.50916E-01   1.87563E-01   1.52080E-01   4.19839E-01  -1.82188E-01   4.53093E-01  -4.73310E-01   1.98865E-01
 1.21010E+03   1.25159E-01  -4.30547E-03   8.79617E-02   9.53050E-02  -1.10805E-02   1.60840E-01  -1.32048E-01   1.41439E-01  -2.09085E-01   2.63254E-02  -1.82510E-01  -1.38308E-01  -3.75069E-02  -2.62905E-01   1.72941E-01  -2.58294E-01   3.40310E-01  -9.09784E-02   3.51257E-01   1.80534E-01   1.57044E-01   4.15565E-01  -1.75581E-01   4.53449E-01  -4.68586E-01   2.03233E-01
 1.21880E+03   1.22875E-01  -9.22966E-03   9.02678E-02   9.14092E-02  -5.12829E-03   1.60159E-01  -1.25568E-01   1.44773E-01  -2.05714E-01   3.24120E-02  -1.84343E-01  -1.32377E-01  -4.38232E-02  -2.60241E-01   1.65373E-01  -2.60475E-01   3.35443E-01  -9.70523E-02   3.51506E-01   1.73620E-01   1.61931E-01   4.11269E-01  -1.69018E-01   4.53683E-01  -4.63873E-01   2.07449E-01
 1.22760E+03   1.20426E-01  -1.39834E-02   9.24692E-02   8.74621E-02   8.31439E-04   1.59245E-01  -1.18974E-01   1.47827E-01  -2.02183E-01   3.83211E-02  -1.86054E-01  -1.26440E-01  -5.01114E-02  -2.57412E-01   1.57741E-01  -2.62437E-01   3.30470E-01  -1.02970E-01   3.51672E-01   1.66739E-01   1.66794E-01   4.06898E-01  -1.62429E-01   4.53797E-01  -4.59125E-01   2.11563E-01
 1.23650E+03   1.17824E-01  -1.85618E-02   9.45648E-02   8.34634E-02   6.78633E-03   1.58091E-01  -1.12282E-01   1.50593E-01  -1.98504E-01   4.40491E-02  -1.87645E-01  -1.20494E-01  -5.63643E-02  -2.54413E-01   1.50055E-01  -2.64177E-01   3.25401E-01  -1.08731E-01   3.51760E-01   1.59890E-01   1.71633E-01   4.02450E-01  -1.55821E-01   4.53791E-01  -4.54351E-01   2.15577E-01
 1.24540E+03   1.15111E-01  -2.29135E-02   9.65317E-02   7.94575E-02   1.26581E-02   1.56711E-01  -1.05584E-01   1.53042E-01  -1.94733E-01   4.95333E-02  -1.89103E-01  -1.14606E-01  -6.25060E-02  -2.51277E-01   1.42413E-01  -2.65676E-01   3.20303E-01  -1.14272E-01   3.51776E-01   1.53146E-01   1.76393E-01   3.97973E-01  -1.49275E-01   4.53666E-01  -4.49612E-01   2.19449E-01
 1.25440E+03   1.12271E-01  -2.70886E-02   9.83923E-02   7.53992E-02   1.85011E-02   1.55091E-01  -9.88204E-02   1.55203E-01  -1.90838E-01   5.48381E-02  -1.90446E-01  -1.08706E-01  -6.85997E-02  -2.47970E-01   1.34740E-01  -2.66954E-01   3.15129E-01  -1.19662E-01   3.51723E-01   1.46426E-01   1.81124E-01   3.93415E-01  -1.42721E-01   4.53423E-01  -4.44861E-01   2.23228E-01
 1.26350E+03   1.09314E-01  -3.10850E-02   1.00144E-01   7.12879E-02   2.43021E-02   1.53227E-01  -9.20081E-02   1.57073E-01  -1.86830E-01   5.99628E-02  -1.91675E-01  -1.02794E-01  -7.46370E-02  -2.44487E-01   1.27047E-01  -2.68009E-01   3.09887E-01  -1.24901E-01   3.51605E-01   1.39727E-01   1.85826E-01   3.88772E-01  -1.36168E-01   4.53062E-01  -4.40106E-01   2.26918E-01
 1.27260E+03   1.06285E-01  -3.48617E-02   1.01767E-01   6.71684E-02   2.99856E-02   1.51143E-01  -8.52368E-02   1.58636E-01  -1.82764E-01   6.48555E-02  -1.92779E-01  -9.69306E-02  -8.05453E-02  -2.40868E-01   1.19428E-01  -2.68834E-01   3.04644E-01  -1.29938E-01   3.51427E-01   1.33117E-01   1.90443E-01   3.84095E-01  -1.29691E-01   4.52591E-01  -4.35403E-01   2.30485E-01
 1.28180E+03   1.03163E-01  -3.84632E-02   1.03278E-01   6.29951E-02   3.56026E-02   1.48818E-01  -7.84469E-02   1.59914E-01  -1.78606E-01   6.95745E-02  -1.93770E-01  -9.10494E-02  -8.63828E-02  -2.37075E-01   1.11810E-01  -2.69441E-01   2.99349E-01  -1.34835E-01   3.51188E-01   1.26518E-01   1.95024E-01   3.79330E-01  -1.23225E-01   4.52006E-01  -4.30705E-01   2.33975E-01
 1.29100E+03   9.99907E-02  -4.18544E-02   1.04658E-01   5.88135E-02   4.10803E-02   1.46281E-01  -7.17262E-02   1.60899E-01  -1.74408E-01   7.40739E-02  -1.94639E-01  -8.52116E-02  -9.20796E-02  -2.33148E-01   1.04284E-01  -2.69830E-01   2.94066E-01  -1.39544E-01   3.50892E-01   1.19997E-01   1.99518E-01   3.74527E-01  -1.16842E-01   4.51319E-01  -4.26066E-01   2.37356E-01
 1.30040E+03   9.67091E-02  -4.51099E-02   1.05933E-01   5.45325E-02   4.65240E-02   1.43478E-01  -6.49433E-02   1.61613E-01  -1.70089E-01   7.84535E-02  -1.95401E-01  -7.92884E-02  -9.77503E-02  -2.29003E-01   9.66957E-02  -2.70009E-01   2.88684E-01  -1.44173E-01   3.50533E-01   1.13407E-01   2.04017E-01   3.69580E-01  -1.10410E-01   4.50516E-01  -4.21390E-01   2.40708E-01
 1.30970E+03   9.34316E-02  -4.81304E-02   1.07061E-01   5.02894E-02   5.17486E-02   1.40503E-01  -5.83273E-02   1.62041E-01  -1.65792E-01   8.25795E-02  -1.96031E-01  -7.34666E-02  -1.03207E-01  -2.24774E-01   8.92954E-02  -2.69981E-01   2.83381E-01  -1.48580E-01   3.50122E-01   1.06954E-01   2.08375E-01   3.64647E-01  -1.04136E-01   4.49628E-01  -4.16825E-01   2.43931E-01
 1.31920E+03   9.00606E-02  -5.10183E-02   1.08073E-01   4.59482E-02   5.69115E-02   1.37267E-01  -5.16769E-02   1.62205E-01  -1.61385E-01   8.65909E-02  -1.96548E-01  -6.75565E-02  -1.08618E-01  -2.20327E-01   8.18516E-02  -2.69749E-01   2.77987E-01  -1.52914E-01   3.49643E-01   1.00424E-01   2.12728E-01   3.59566E-01  -9.78217E-02   4.48629E-01  -4.12226E-01   2.47135E-01
 1.32870E+03   8.66744E-02  -5.37149E-02   1.08944E-01   4.16016E-02   6.18902E-02   1.33842E-01  -4.51452E-02   1.62105E-01  -1.56967E-01   9.04063E-02  -1.96937E-01  -6.16816E-02  -1.13861E-01  -2.15757E-01   7.45291E-02  -2.69321E-01   2.72621E-01  -1.57090E-01   3.49105E-01   9.39506E-02   2.16981E-01   3.54445E-01  -9.16025E-02   4.47544E-01  -4.07691E-01   2.50260E-01
 1.33830E+03   8.32440E-02  -5.62540E-02   1.09678E-01   3.72057E-02   6.67264E-02   1.30197E-01  -3.86742E-02   1.61748E-01  -1.52496E-01   9.40717E-02  -1.97198E-01  -5.57789E-02  -1.18984E-01  -2.11020E-01   6.72568E-02  -2.68701E-01   2.67225E-01  -1.61157E-01   3.48499E-01   8.74624E-02   2.21174E-01   3.49229E-01  -8.54150E-02   4.46366E-01  -4.03168E-01   2.53345E-01
 1.34800E+03   7.97754E-02  -5.86379E-02   1.10270E-01   3.27629E-02   7.14066E-02   1.26339E-01  -3.22758E-02   1.61140E-01  -1.47974E-01   9.75901E-02  -1.97327E-01  -4.98485E-02  -1.23976E-01  -2.06118E-01   6.00421E-02  -2.67891E-01   2.61802E-01  -1.65120E-01   3.47821E-01   8.09561E-02   2.25302E-01   3.43919E-01  -7.92618E-02   4.45097E-01  -3.98659E-01   2.56394E-01
 1.35770E+03   7.63097E-02  -6.08474E-02   1.10709E-01   2.83220E-02   7.58725E-02   1.22317E-01  -2.60253E-02   1.60297E-01  -1.43452E-01   1.00931E-01  -1.97319E-01  -4.39519E-02  -1.28781E-01  -2.01107E-01   5.29641E-02  -2.66908E-01   2.56408E-01  -1.68944E-01   3.47073E-01   7.44957E-02   2.29318E-01   3.38569E-01  -7.32073E-02   4.43755E-01  -3.94206E-01   2.59382E-01
 1.36750E+03   7.28159E-02  -6.29106E-02   1.10996E-01   2.38411E-02   8.01605E-02   1.18098E-01  -1.98666E-02   1.59220E-01  -1.38886E-01   1.04134E-01  -1.97168E-01  -3.80290E-02  -1.33439E-01  -1.95941E-01   4.59540E-02  -2.65748E-01   2.50984E-01  -1.72673E-01   3.46243E-01   6.80124E-02   2.33259E-01   3.33126E-01  -6.71895E-02   4.42330E-01  -3.89761E-01   2.62346E-01
 1.37740E+03   6.92983E-02  -6.48298E-02   1.11123E-01   1.93245E-02   8.42581E-02   1.13691E-01  -1.38099E-02   1.57915E-01  -1.34277E-01   1.07201E-01  -1.96869E-01  -3.20822E-02  -1.37943E-01  -1.90624E-01   3.90175E-02  -2.64416E-01   2.45532E-01  -1.76312E-01   3.45326E-01   6.15052E-02   2.37120E-01   3.27591E-01  -6.12098E-02   4.40825E-01  -3.85319E-01   2.65288E-01
 1.38740E+03   6.57609E-02  -6.66076E-02   1.11084E-01   1.47776E-02   8.81529E-02   1.09104E-01  -7.86487E-03   1.56390E-01  -1.29627E-01   1.10135E-01  -1.96415E-01  -2.61144E-02  -1.42282E-01  -1.85162E-01   3.21600E-02  -2.62916E-01   2.40048E-01  -1.79862E-01   3.44315E-01   5.49742E-02   2.40894E-01   3.21966E-01  -5.52696E-02   4.39244E-01  -3.80878E-01   2.68212E-01
 1.39740E+03   6.22422E-02  -6.82309E-02   1.10876E-01   1.02518E-02   9.17981E-02   1.04396E-01  -2.09729E-03   1.54671E-01  -1.24983E-01   1.12910E-01  -1.95806E-01  -2.01886E-02  -1.46408E-01  -1.79617E-01   2.54527E-02  -2.61270E-01   2.34585E-01  -1.83291E-01   3.43214E-01   4.84847E-02   2.44540E-01   3.16310E-01  -4.94276E-02   4.37605E-01  -3.76477E-01   2.71092E-01
 1.40750E+03   5.87097E-02  -6.97203E-02   1.10492E-01   5.70837E-03   9.52228E-02   9.95309E-02   3.54489E-03   1.52751E-01  -1.20299E-01   1.15557E-01  -1.95031E-01  -1.42497E-02  -1.50356E-01  -1.73941E-01   1.88306E-02  -2.59470E-01   2.29087E-01  -1.86637E-01   3.42008E-01   4.19729E-02   2.48091E-01   3.10570E-01  -4.36245E-02   4.35895E-01  -3.72067E-01   2.73959E-01
 1.41760E+03   5.52009E-02  -7.10651E-02   1.09933E-01   1.19946E-03   9.83867E-02   9.45709E-02   9.00093E-03   1.50660E-01  -1.15622E-01   1.18054E-01  -1.94095E-01  -8.36121E-03  -1.54083E-01  -1.68199E-01   1.23610E-02  -2.57540E-01   2.23604E-01  -1.89869E-01   3.40703E-01   3.55051E-02   2.51508E-01   3.04806E-01  -3.79167E-02   4.34135E-01  -3.67686E-01   2.76786E-01
 1.42790E+03   5.16486E-02  -7.22935E-02   1.09181E-01  -3.35567E-03   1.01343E-01   8.94297E-02   1.43719E-02   1.48365E-01  -1.10858E-01   1.20449E-01  -1.92971E-01  -2.41319E-03  -1.57654E-01  -1.62286E-01   5.91912E-03  -2.55445E-01   2.18025E-01  -1.93051E-01   3.39267E-01   2.89566E-02   2.54853E-01   2.98907E-01  -3.21914E-02   4.32292E-01  -3.63244E-01   2.79629E-01
 1.43820E+03   4.81242E-02  -7.33831E-02   1.08248E-01  -7.85929E-03   1.04025E-01   8.42202E-02   1.95470E-02   1.45918E-01  -1.06101E-01   1.22696E-01  -1.91676E-01   3.47158E-03  -1.60993E-01  -1.56324E-01  -3.66720E-04  -2.53233E-01   2.12455E-01  -1.96121E-01   3.37720E-01   2.24589E-02   2.58057E-01   2.92993E-01  -2.65596E-02   4.30403E-01  -3.58822E-01   2.82434E-01
 1.44860E+03   4.45950E-02  -7.43474E-02   1.07120E-01  -1.23459E-02   1.06455E-01   7.89065E-02   2.45737E-02   1.43308E-01  -1.01304E-01   1.24818E-01  -1.90195E-01   9.34298E-03  -1.64129E-01  -1.50265E-01  -6.55713E-03  -2.50886E-01   2.06838E-01  -1.99107E-01   3.36045E-01   1.59532E-02   2.61147E-01   2.87011E-01  -2.09650E-02   4.28453E-01  -3.54372E-01   2.85225E-01
 1.45900E+03   4.10966E-02  -7.51801E-02   1.05809E-01  -1.67626E-02   1.08607E-01   7.35546E-02   2.94015E-02   1.40568E-01  -9.65121E-02   1.26795E-01  -1.88539E-01   1.51367E-02  -1.67030E-01  -1.44179E-01  -1.25925E-02  -2.48435E-01   2.01224E-01  -2.01981E-01   3.34252E-01   9.50708E-03   2.64093E-01   2.81023E-01  -1.54597E-02   4.26463E-01  -3.49931E-01   2.87976E-01
 1.46960E+03   3.75634E-02  -7.58975E-02   1.04285E-01  -2.11830E-02   1.10516E-01   6.80765E-02   3.41188E-02   1.37657E-01  -9.16342E-02   1.28664E-01  -1.86672E-01   2.09546E-02  -1.69747E-01  -1.37958E-01  -1.85868E-02  -2.45836E-01   1.95503E-01  -2.04796E-01   3.32302E-01   3.00318E-03   2.66948E-01   2.74921E-01  -9.93757E-03   4.24394E-01  -3.45412E-01   2.90736E-01
 1.48020E+03   3.40641E-02  -7.64865E-02   1.02575E-01  -2.55118E-02   1.12142E-01   6.25908E-02   3.86326E-02   1.34637E-01  -8.67622E-02   1.30387E-01  -1.84627E-01   2.66766E-02  -1.72224E-01  -1.31730E-01  -2.44253E-02  -2.43142E-01   1.89781E-01  -2.07494E-01   3.30228E-01  -3.42857E-03   2.69653E-01   2.68823E-01  -4.50215E-03   4.22288E-01  -3.40895E-01   2.93450E-01
 1.49090E+03   3.05670E-02  -7.69543E-02   1.00665E-01  -2.97790E-02   1.13501E-01   5.70614E-02   4.29854E-02   1.31489E-01  -8.18505E-02   1.31979E-01  -1.82383E-01   3.23472E-02  -1.74483E-01  -1.25448E-01  -3.01639E-02  -2.40334E-01   1.84002E-01  -2.10099E-01   3.28008E-01  -9.84209E-03   2.72235E-01   2.62680E-01   8.99593E-04   4.20126E-01  -3.36335E-01   2.96140E-01
 1.50160E+03   2.71064E-02  -7.72980E-02   9.85743E-02  -3.39333E-02   1.14581E-01   5.15556E-02   4.71366E-02   1.28254E-01  -7.69457E-02   1.33424E-01  -1.79962E-01   3.79038E-02  -1.76506E-01  -1.19179E-01  -3.57498E-02  -2.37442E-01   1.78219E-01  -2.12585E-01   3.25662E-01  -1.61704E-02   2.74670E-01   2.56554E-01   6.21887E-03   4.17929E-01  -3.31771E-01   2.98779E-01
 1.51250E+03   2.36196E-02  -7.75237E-02   9.62645E-02  -3.80397E-02   1.15401E-01   4.59863E-02   5.11617E-02   1.24880E-01  -7.19573E-02   1.34746E-01  -1.77319E-01   4.34387E-02  -1.78328E-01  -1.12820E-01  -4.12865E-02  -2.34417E-01   1.72323E-01  -2.14991E-01   3.23144E-01  -2.25232E-02   2.77000E-01   2.50337E-01   1.15556E-02   4.15655E-01  -3.27116E-01   3.01411E-01
 1.52340E+03   2.01728E-02  -7.76264E-02   9.37799E-02  -4.20095E-02   1.15946E-01   4.04716E-02   5.49856E-02   1.21435E-01  -6.69782E-02   1.35918E-01  -1.74503E-01   4.88387E-02  -1.79915E-01  -1.06497E-01  -4.66718E-02  -2.31316E-01   1.66421E-01  -2.17270E-01   3.20500E-01  -2.87753E-02   2.79184E-01   2.44148E-01   1.68124E-02   4.13348E-01  -3.22454E-01   3.03983E-01
 1.53440E+03   1.67364E-02  -7.76079E-02   9.11031E-02  -4.58681E-02   1.16227E-01   3.49760E-02   5.86450E-02   1.17898E-01  -6.19648E-02   1.36947E-01  -1.71491E-01   5.41432E-02  -1.81284E-01  -1.00162E-01  -5.19566E-02  -2.28116E-01   1.60461E-01  -2.19439E-01   3.17705E-01  -3.49763E-02   2.81242E-01   2.37938E-01   2.20390E-02   4.10986E-01  -3.17741E-01   3.06514E-01
 1.54550E+03   1.33129E-02  -7.74672E-02   8.82380E-02  -4.96023E-02   1.16246E-01   2.95151E-02   6.21395E-02   1.14277E-01  -5.69194E-02   1.37829E-01  -1.68286E-01   5.93404E-02  -1.82438E-01  -9.38263E-02  -5.71403E-02  -2.24820E-01   1.54442E-01  -2.21491E-01   3.14762E-01  -4.11176E-02   2.83175E-01   2.31711E-01   2.72356E-02   4.08568E-01  -3.12977E-01   3.09000E-01
 1.55660E+03   9.93568E-03  -7.72060E-02   8.52178E-02  -5.31678E-02   1.16009E-01   2.41518E-02   6.54403E-02   1.10612E-01  -5.18904E-02   1.38555E-01  -1.64923E-01   6.43741E-02  -1.83370E-01  -8.75568E-02  -6.21780E-02  -2.21460E-01   1.48421E-01  -2.23405E-01   3.11699E-01  -4.71366E-02   2.84969E-01   2.25529E-01   3.23568E-02   4.06118E-01  -3.08206E-01   3.11413E-01
 1.56790E+03   6.54689E-03  -7.68184E-02   8.19943E-02  -5.66163E-02   1.15517E-01   1.88045E-02   6.86072E-02   1.06844E-01  -4.67907E-02   1.39133E-01  -1.61345E-01   6.93235E-02  -1.84099E-01  -8.12503E-02  -6.71601E-02  -2.17979E-01   1.42291E-01  -2.25210E-01   3.08465E-01  -5.31332E-02   2.86657E-01   2.19286E-01   3.74947E-02   4.03589E-01  -3.03342E-01   3.13792E-01
 1.57920E+03   3.21006E-03  -7.63101E-02   7.86319E-02  -5.98746E-02   1.14786E-01   1.35818E-02   7.15848E-02   1.03046E-01  -4.17146E-02   1.39549E-01  -1.57621E-01   7.40899E-02  -1.84617E-01  -7.50280E-02  -7.19982E-02  -2.14439E-01   1.36164E-01  -2.26867E-01   3.05119E-01  -5.89932E-02   2.88212E-01   2.13097E-01   4.25586E-02   4.01025E-01  -2.98474E-01   3.16091E-01
 1.59060E+03  -1.01285E-04  -7.56769E-02   7.51109E-02  -6.29624E-02   1.13818E-01   8.44937E-03   7.44031E-02   9.91921E-02  -3.66214E-02   1.39804E-01  -1.53727E-01   7.87074E-02  -1.84934E-01  -6.88427E-02  -7.67369E-02  -2.10814E-01   1.29989E-01  -2.28389E-01   3.01637E-01  -6.47627E-02   2.89651E-01   2.06911E-01   4.75938E-02   3.98405E-01  -2.93560E-01   3.18326E-01
 1.60210E+03  -3.38304E-03  -7.49177E-02   7.14407E-02  -6.58687E-02   1.12620E-01   3.41992E-03   7.70633E-02   9.52875E-02  -3.15164E-02   1.39894E-01  -1.49670E-01   8.31661E-02  -1.85055E-01  -6.27029E-02  -8.13757E-02  -2.07102E-01   1.23770E-01  -2.29770E-01   2.98025E-01  -7.04344E-02   2.90976E-01   2.00733E-01   5.26001E-02   3.95727E-01  -2.88603E-01   3.20493E-01
 1.61370E+03  -6.63077E-03  -7.40312E-02   6.76315E-02  -6.85832E-02   1.11203E-01  -1.49464E-03   7.95669E-02   9.13377E-02  -2.64051E-02   1.39815E-01  -1.45458E-01   8.74566E-02  -1.84986E-01  -5.66163E-02  -8.59143E-02  -2.03307E-01   1.17511E-01  -2.31005E-01   2.94287E-01  -7.60017E-02   2.92191E-01   1.94566E-01   5.75769E-02   3.92989E-01  -2.83607E-01   3.22589E-01
 1.62530E+03  -9.81259E-03  -7.30257E-02   6.37286E-02  -7.10757E-02   1.09589E-01  -6.24305E-03   8.18962E-02   8.73819E-02  -2.13373E-02   1.39567E-01  -1.41137E-01   9.15361E-02  -1.84734E-01  -5.06409E-02  -9.03150E-02  -1.99463E-01   1.11272E-01  -2.32082E-01   2.90462E-01  -8.14129E-02   2.93291E-01   1.88465E-01   6.24815E-02   3.90216E-01  -2.78617E-01   3.24592E-01
 1.63710E+03  -1.29783E-02  -7.18830E-02   5.96764E-02  -7.33806E-02   1.07761E-01  -1.08971E-02   8.40929E-02   8.33565E-02  -1.62322E-02   1.39142E-01  -1.36643E-01   9.54670E-02  -1.84302E-01  -4.46802E-02  -9.46528E-02  -1.95504E-01   1.04950E-01  -2.33014E-01   2.86491E-01  -8.67562E-02   2.94297E-01   1.82328E-01   6.73976E-02   3.87357E-01  -2.73553E-01   3.26535E-01
 1.64890E+03  -1.60688E-02  -7.06220E-02   5.55560E-02  -7.54509E-02   1.05761E-01  -1.53688E-02   8.61214E-02   7.93339E-02  -1.11833E-02   1.38545E-01  -1.32062E-01   9.91758E-02  -1.83703E-01  -3.88407E-02  -9.88535E-02  -1.91497E-01   9.86578E-02  -2.33782E-01   2.82449E-01  -9.19364E-02   2.95195E-01   1.76260E-01   7.22409E-02   3.84461E-01  -2.68503E-01   3.28383E-01
 1.66080E+03  -1.91057E-02  -6.92330E-02   5.13465E-02  -7.73005E-02   1.03583E-01  -1.96903E-02   8.80026E-02   7.52838E-02  -6.15471E-03   1.37769E-01  -1.27366E-01   1.02691E-01  -1.82939E-01  -3.30762E-02  -1.02953E-01  -1.87410E-01   9.23486E-02  -2.34392E-01   2.78307E-01  -9.69961E-02   2.95998E-01   1.70212E-01   7.70519E-02   3.81503E-01  -2.63429E-01   3.30150E-01
 1.67280E+03  -2.20830E-02  -6.77159E-02   4.70613E-02  -7.89236E-02   1.01240E-01  -2.38547E-02   8.97381E-02   7.12095E-02  -1.15415E-03   1.36814E-01  -1.22566E-01   1.06007E-01  -1.82017E-01  -2.73908E-02  -1.06951E-01  -1.83244E-01   8.60285E-02  -2.34841E-01   2.74072E-01  -1.01932E-01   2.96709E-01   1.64183E-01   8.18294E-02   3.78481E-01  -2.58335E-01   3.31836E-01
 1.68490E+03  -2.49945E-02  -6.60711E-02   4.27143E-02  -8.03155E-02   9.87427E-02  -2.78557E-02   9.13290E-02   6.71143E-02   3.81020E-03   1.35677E-01  -1.17672E-01   1.09119E-01  -1.80944E-01  -2.17880E-02  -1.10845E-01  -1.78999E-01   7.97043E-02  -2.35127E-01   2.69753E-01  -1.06743E-01   2.97332E-01   1.58173E-01   8.65717E-02   3.75394E-01  -2.53226E-01   3.33439E-01
 1.69700E+03  -2.78107E-02  -6.43140E-02   3.83559E-02  -8.14640E-02   9.61243E-02  -3.16578E-02   9.27653E-02   6.30346E-02   8.68988E-03   1.34369E-01  -1.12737E-01   1.12002E-01  -1.79735E-01  -1.63152E-02  -1.14603E-01  -1.74710E-01   7.34343E-02  -2.35248E-01   2.65390E-01  -1.11389E-01   2.97863E-01   1.52233E-01   9.12388E-02   3.72268E-01  -2.48148E-01   3.34948E-01
 1.70930E+03  -3.05715E-02  -6.24168E-02   3.39282E-02  -8.23854E-02   9.33530E-02  -3.53196E-02   9.40715E-02   5.89056E-02   1.35569E-02   1.32867E-01  -1.07690E-01   1.14700E-01  -1.78376E-01  -1.08840E-02  -1.18285E-01  -1.70307E-01   6.71219E-02  -2.35205E-01   2.60919E-01  -1.15947E-01   2.98316E-01   1.46263E-01   9.59060E-02   3.69050E-01  -2.43021E-01   3.36387E-01
 1.72160E+03  -3.32251E-02  -6.04116E-02   2.95179E-02  -8.30632E-02   9.04850E-02  -3.87783E-02   9.52271E-02   5.47970E-02   1.83232E-02   1.31198E-01  -1.02623E-01   1.17169E-01  -1.76896E-01  -5.58454E-03  -1.21828E-01  -1.65862E-01   6.08766E-02  -2.34998E-01   2.56419E-01  -1.20342E-01   2.98684E-01   1.40359E-01   1.00495E-01   3.65792E-01  -2.37932E-01   3.37734E-01
 1.73410E+03  -3.58076E-02  -5.82679E-02   2.50677E-02  -8.35081E-02   8.74847E-02  -4.20879E-02   9.62511E-02   5.06442E-02   2.30572E-02   1.29333E-01  -9.74661E-02   1.19447E-01  -1.75274E-01  -3.31669E-04  -1.25288E-01  -1.61303E-01   5.46038E-02  -2.34624E-01   2.51821E-01  -1.24646E-01   2.98975E-01   1.34424E-01   1.05079E-01   3.62440E-01  -2.32802E-01   3.39012E-01
 1.74660E+03  -3.82704E-02  -5.60224E-02   2.06633E-02  -8.37134E-02   8.44107E-02  -4.51938E-02   9.71271E-02   4.65161E-02   2.76741E-02   1.27305E-01  -9.23113E-02   1.21497E-01  -1.73541E-01   4.78979E-03  -1.28606E-01  -1.56704E-01   4.84107E-02  -2.34089E-01   2.47206E-01  -1.28791E-01   2.99185E-01   1.28553E-01   1.09582E-01   3.59048E-01  -2.27716E-01   3.40201E-01
 1.75920E+03  -4.06273E-02  -5.36612E-02   1.62831E-02  -8.36852E-02   8.12499E-02  -4.81223E-02   9.78637E-02   4.23816E-02   3.22030E-02   1.25101E-01  -8.71278E-02   1.23340E-01  -1.71689E-01   9.82192E-03  -1.31807E-01  -1.52029E-01   4.22535E-02  -2.33392E-01   2.42540E-01  -1.32814E-01   2.99319E-01   1.22695E-01   1.14038E-01   3.55589E-01  -2.22637E-01   3.41315E-01
 1.77190E+03  -4.28710E-02  -5.11880E-02   1.19413E-02  -8.34261E-02   7.80121E-02  -5.08735E-02   9.84603E-02   3.82431E-02   3.66348E-02   1.22723E-01  -8.19255E-02   1.24977E-01  -1.69722E-01   1.47645E-02  -1.34888E-01  -1.47279E-01   3.61388E-02  -2.32534E-01   2.37829E-01  -1.36717E-01   2.99375E-01   1.16850E-01   1.18445E-01   3.52063E-01  -2.17567E-01   3.42356E-01
 1.78470E+03  -4.49941E-02  -4.86069E-02   7.65157E-03  -8.29397E-02   7.47070E-02  -5.34475E-02   9.89159E-02   3.41032E-02   4.09604E-02   1.20175E-01  -7.67139E-02   1.26409E-01  -1.67642E-01   1.96175E-02  -1.37844E-01  -1.42455E-01   3.00730E-02  -2.31517E-01   2.33076E-01  -1.40501E-01   2.99353E-01   1.11016E-01   1.22800E-01   3.48470E-01  -2.12507E-01   3.43324E-01
 1.79760E+03  -4.69893E-02  -4.59227E-02   3.42736E-03  -8.22305E-02   7.13438E-02  -5.58455E-02   9.92295E-02   2.99647E-02   4.51706E-02   1.17461E-01  -7.15021E-02   1.27640E-01  -1.65453E-01   2.43810E-02  -1.40671E-01  -1.37560E-01   2.40621E-02  -2.30344E-01   2.28285E-01  -1.44169E-01   2.99254E-01   1.05192E-01   1.27101E-01   3.44810E-01  -2.07461E-01   3.44224E-01
 1.81060E+03  -4.88493E-02  -4.31407E-02  -7.18269E-04  -8.13039E-02   6.79312E-02  -5.80688E-02   9.93997E-02   2.58305E-02   4.92566E-02   1.14586E-01  -6.62988E-02   1.28671E-01  -1.63157E-01   2.90548E-02  -1.43366E-01  -1.32595E-01   1.81122E-02  -2.29017E-01   2.23459E-01  -1.47722E-01   2.99075E-01   9.93763E-02   1.31345E-01   3.41083E-01  -2.02429E-01   3.45056E-01
 1.82360E+03  -5.05547E-02  -4.02893E-02  -4.74231E-03  -8.01756E-02   6.45038E-02  -6.01043E-02   9.94254E-02   2.17355E-02   5.31802E-02   1.11577E-01  -6.11516E-02   1.29502E-01  -1.60774E-01   3.36043E-02  -1.45905E-01  -1.27601E-01   1.22733E-02  -2.27551E-01   2.18636E-01  -1.51137E-01   2.98818E-01   9.36128E-02   1.35498E-01   3.37321E-01  -1.97451E-01   3.45819E-01
 1.83680E+03  -5.21248E-02  -3.73313E-02  -8.69470E-03  -7.88354E-02   6.10166E-02  -6.19854E-02   9.93053E-02   1.76202E-02   5.69933E-02   1.08396E-01  -5.59891E-02   1.30148E-01  -1.58270E-01   3.80994E-02  -1.48323E-01  -1.22505E-01   6.46097E-03  -2.25927E-01   2.13744E-01  -1.54469E-01   2.98476E-01   8.78121E-02   1.39620E-01   3.33466E-01  -1.92450E-01   3.46525E-01
 1.85010E+03  -5.35393E-02  -3.42958E-02  -1.25326E-02  -7.72992E-02   5.75034E-02  -6.36980E-02   9.90370E-02   1.35204E-02   6.06571E-02   1.05072E-01  -5.08584E-02   1.30606E-01  -1.55663E-01   4.25040E-02  -1.50595E-01  -1.17348E-01   7.25584E-04  -2.24159E-01   2.08823E-01  -1.57693E-01   2.98048E-01   8.20186E-02   1.43677E-01   3.29548E-01  -1.87466E-01   3.47172E-01
 1.86340E+03  -5.47835E-02  -3.12142E-02  -1.62180E-02  -7.55889E-02   5.39972E-02  -6.52340E-02   9.86224E-02   9.47096E-03   6.41383E-02   1.01636E-01  -4.58040E-02   1.30879E-01  -1.52974E-01   4.67857E-02  -1.52701E-01  -1.12173E-01  -4.88641E-03  -2.22264E-01   2.03910E-01  -1.60788E-01   2.97538E-01   7.62756E-02   1.47638E-01   3.25598E-01  -1.82536E-01   3.47756E-01
 1.87690E+03  -5.58703E-02  -2.80488E-02  -1.97963E-02  -7.36883E-02   5.04517E-02  -6.66191E-02   9.80535E-02   5.41594E-03   6.74820E-02   9.80468E-02  -4.07561E-02   1.30975E-01  -1.50165E-01   5.10076E-02  -1.54670E-01  -1.06907E-01  -1.04550E-02  -2.20220E-01   1.98931E-01  -1.63802E-01   2.96934E-01   7.04973E-02   1.51558E-01   3.21558E-01  -1.77584E-01   3.48289E-01
 1.89040E+03  -5.67784E-02  -2.48557E-02  -2.32054E-02  -7.16352E-02   4.69254E-02  -6.78355E-02   9.73374E-02   1.42082E-03   7.06319E-02   9.43643E-02  -3.57954E-02   1.30899E-01  -1.47276E-01   5.51059E-02  -1.56467E-01  -1.01632E-01  -1.58938E-02  -2.18060E-01   1.93962E-01  -1.66691E-01   2.96242E-01   6.47706E-02   1.55378E-01   3.17491E-01  -1.72685E-01   3.48764E-01
 1.90410E+03  -5.75166E-02  -2.15974E-02  -2.64871E-02  -6.94097E-02   4.33716E-02  -6.89040E-02   9.64620E-02  -2.56767E-03   7.36286E-02   9.05433E-02  -3.08538E-02   1.30652E-01  -1.44266E-01   5.91392E-02  -1.58116E-01  -9.62766E-02  -2.12795E-02  -2.15757E-01   1.88927E-01  -1.69499E-01   2.95449E-01   5.90122E-02   1.59152E-01   3.13339E-01  -1.67764E-01   3.49190E-01
 1.91780E+03  -5.80704E-02  -1.83319E-02  -2.95859E-02  -6.70550E-02   3.98473E-02  -6.98118E-02   9.54390E-02  -6.48500E-03   7.64226E-02   8.66485E-02  -2.60082E-02   1.30245E-01  -1.41179E-01   6.30466E-02  -1.59588E-01  -9.09236E-02  -2.65303E-02  -2.13348E-01   1.83902E-01  -1.72186E-01   2.94565E-01   5.33084E-02   1.62823E-01   3.09163E-01  -1.62894E-01   3.49562E-01
 1.93170E+03  -5.84445E-02  -1.50224E-02  -3.25402E-02  -6.45481E-02   3.63060E-02  -7.05750E-02   9.42530E-02  -1.03815E-02   7.90499E-02   8.26329E-02  -2.11926E-02   1.29674E-01  -1.37970E-01   6.68824E-02  -1.60903E-01  -8.55017E-02  -3.17198E-02  -2.10803E-01   1.78812E-01  -1.74790E-01   2.93574E-01   4.75785E-02   1.66442E-01   3.04906E-01  -1.58001E-01   3.49885E-01
 1.94560E+03  -5.86311E-02  -1.17277E-02  -3.53015E-02  -6.19366E-02   3.28032E-02  -7.11853E-02   9.29205E-02  -1.41941E-02   8.14682E-02   7.85641E-02  -1.64803E-02   1.28954E-01  -1.34686E-01   7.05883E-02  -1.62039E-01  -8.00955E-02  -3.67707E-02  -2.08163E-01   1.73730E-01  -1.77275E-01   2.92487E-01   4.19080E-02   1.69956E-01   3.00631E-01  -1.53155E-01   3.50156E-01
 1.95970E+03  -5.86314E-02  -8.41214E-03  -3.79045E-02  -5.91950E-02   2.92928E-02  -7.16541E-02   9.14228E-02  -1.79699E-02   8.37088E-02   7.43941E-02  -1.18073E-02   1.28079E-01  -1.31280E-01   7.42142E-02  -1.63009E-01  -7.46342E-02  -4.17532E-02  -2.05394E-01   1.68584E-01  -1.79675E-01   2.91288E-01   3.62188E-02   1.73413E-01   2.96281E-01  -1.48286E-01   3.50379E-01
 1.97380E+03  -5.84445E-02  -5.13461E-03  -4.03082E-02  -5.63741E-02   2.58289E-02  -7.19773E-02   8.97819E-02  -2.16476E-02   8.57372E-02   7.01925E-02  -7.24339E-03   1.27065E-01  -1.27802E-01   7.77049E-02  -1.63798E-01  -6.92027E-02  -4.65948E-02  -2.02540E-01   1.63446E-01  -1.81956E-01   2.89991E-01   3.05953E-02   1.76765E-01   2.91918E-01  -1.43461E-01   3.50551E-01
 1.98810E+03  -5.80682E-02  -1.86081E-03  -4.25433E-02  -5.34463E-02   2.23661E-02  -7.21620E-02   8.79757E-02  -2.52713E-02   8.75801E-02   6.59103E-02  -2.72696E-03   1.25902E-01  -1.24204E-01   8.11060E-02  -1.64417E-01  -6.37315E-02  -5.13622E-02  -1.99565E-01   1.58243E-01  -1.84148E-01   2.88576E-01   2.49621E-02   1.80057E-01   2.87484E-01  -1.38612E-01   3.50674E-01
 2.00250E+03  -5.75042E-02   1.37351E-03  -4.45899E-02  -5.04435E-02   1.89332E-02  -7.22077E-02   8.60177E-02  -2.88062E-02   8.92211E-02   6.15883E-02   1.70630E-03   1.24603E-01  -1.20511E-01   8.43877E-02  -1.64858E-01  -5.82669E-02  -5.60193E-02  -1.96493E-01   1.53013E-01  -1.86233E-01   2.87052E-01   1.93637E-02   1.83264E-01   2.83013E-01  -1.33772E-01   3.50746E-01
 2.01690E+03  -5.67607E-02   4.53431E-03  -4.64344E-02  -4.73995E-02   1.55571E-02  -7.21177E-02   8.39254E-02  -3.22205E-02   9.06506E-02   5.72673E-02   6.02411E-03   1.23180E-01  -1.16753E-01   8.75244E-02  -1.65120E-01  -5.28544E-02  -6.05340E-02  -1.93351E-01   1.47792E-01  -1.88196E-01   2.85430E-01   1.38427E-02   1.86365E-01   2.78540E-01  -1.28974E-01   3.50767E-01
 2.03150E+03  -5.58305E-02   7.65328E-03  -4.81020E-02  -4.42840E-02   1.21947E-02  -7.18931E-02   8.16734E-02  -3.55532E-02   9.18888E-02   5.28980E-02   1.02840E-02   1.21619E-01  -1.12879E-01   9.05548E-02  -1.65208E-01  -4.74266E-02  -6.49681E-02  -1.90098E-01   1.42509E-01  -1.90062E-01   2.83687E-01   8.32724E-03   1.89403E-01   2.74003E-01  -1.24151E-01   3.50736E-01
 2.04620E+03  -5.47224E-02   1.06961E-02  -4.95794E-02  -4.11302E-02   8.87329E-03  -7.15359E-02   7.92800E-02  -3.87719E-02   9.29261E-02   4.85212E-02   1.44531E-02   1.19934E-01  -1.08920E-01   9.34520E-02  -1.65121E-01  -4.20290E-02  -6.92890E-02  -1.86761E-01   1.37200E-01  -1.91816E-01   2.81835E-01   2.86063E-03   1.92356E-01   2.69438E-01  -1.19335E-01   3.50652E-01
 2.06090E+03  -5.34508E-02   1.36314E-02  -5.08600E-02  -3.79710E-02   5.61849E-03  -7.10520E-02   7.67674E-02  -4.18478E-02   9.37595E-02   4.41766E-02   1.85023E-02   1.18139E-01  -1.04905E-01   9.61931E-02  -1.64862E-01  -3.67054E-02  -7.34683E-02  -1.83366E-01   1.31905E-01  -1.93445E-01   2.79888E-01  -2.51609E-03   1.95205E-01   2.64878E-01  -1.14560E-01   3.50515E-01
 2.07580E+03  -5.20047E-02   1.64877E-02  -5.19630E-02  -3.47749E-02   2.38974E-03  -7.04366E-02   7.41074E-02  -4.48148E-02   9.44028E-02   3.98153E-02   2.24844E-02   1.16215E-01  -1.00785E-01   9.88108E-02  -1.64431E-01  -3.13908E-02  -7.75623E-02  -1.79871E-01   1.26552E-01  -1.94967E-01   2.77822E-01  -7.87147E-03   1.97989E-01   2.60262E-01  -1.09761E-01   3.50321E-01
 2.09080E+03  -5.03992E-02   1.92339E-02  -5.28820E-02  -3.15743E-02  -7.86807E-04  -6.96945E-02   7.13228E-02  -4.76437E-02   9.48530E-02   3.54766E-02   2.63696E-02   1.14177E-01  -9.65906E-02   1.01281E-01  -1.63832E-01  -2.61289E-02  -8.15420E-02  -1.76302E-01   1.21180E-01  -1.96370E-01   2.75651E-01  -1.31642E-02   2.00690E-01   2.55626E-01  -1.04969E-01   3.50072E-01
 2.10590E+03  -4.86424E-02   2.18594E-02  -5.36202E-02  -2.83797E-02  -3.90728E-03  -6.88277E-02   6.84209E-02  -5.03273E-02   9.51140E-02   3.11699E-02   3.01556E-02   1.12029E-01  -9.23278E-02   1.03600E-01  -1.63068E-01  -2.09264E-02  -8.54071E-02  -1.72662E-01   1.15791E-01  -1.97652E-01   2.73377E-01  -1.83900E-02   2.03309E-01   2.50970E-01  -1.00187E-01   3.49764E-01
 2.12110E+03  -4.67431E-02   2.43547E-02  -5.41817E-02  -2.52009E-02  -6.96772E-03  -6.78381E-02   6.54093E-02  -5.28586E-02   9.51901E-02   2.69041E-02   3.38407E-02   1.09772E-01  -8.80020E-02   1.05764E-01  -1.62144E-01  -1.57900E-02  -8.91576E-02  -1.68954E-01   1.10389E-01  -1.98809E-01   2.71005E-01  -2.35450E-02   2.05845E-01   2.46297E-01  -9.54155E-02   3.49399E-01
 2.13640E+03  -4.47109E-02   2.67108E-02  -5.45712E-02  -2.20474E-02  -9.96407E-03  -6.67276E-02   6.22963E-02  -5.52315E-02   9.50862E-02   2.26873E-02   3.74227E-02   1.07412E-01  -8.36193E-02   1.07768E-01  -1.61065E-01  -1.07257E-02  -9.27934E-02  -1.65181E-01   1.04976E-01  -1.99841E-01   2.68536E-01  -2.86256E-02   2.08301E-01   2.41608E-01  -9.06547E-02   3.48973E-01
 2.15190E+03  -4.25417E-02   2.89333E-02  -5.47946E-02  -1.89080E-02  -1.29109E-02  -6.54899E-02   5.90697E-02  -5.74539E-02   9.48054E-02   1.85008E-02   4.09216E-02   1.04933E-01  -7.91572E-02   1.09621E-01  -1.59826E-01  -5.70687E-03  -9.63367E-02  -1.61320E-01   9.95217E-02  -2.00751E-01   2.65957E-01  -3.36609E-02   2.10693E-01   2.36874E-01  -8.58755E-02   3.48484E-01
 2.16740E+03  -4.02745E-02   3.09863E-02  -5.48547E-02  -1.58312E-02  -1.57658E-02  -6.41432E-02   5.57805E-02  -5.94920E-02   9.43571E-02   1.44056E-02   4.42904E-02   1.02372E-01  -7.46801E-02   1.11296E-01  -1.58448E-01  -8.03524E-04  -9.97419E-02  -1.57425E-01   9.40995E-02  -2.01526E-01   2.63306E-01  -3.85829E-02   2.12990E-01   2.32158E-01  -8.11409E-02   3.47937E-01
 2.18300E+03  -3.79069E-02   3.28782E-02  -5.47591E-02  -1.28043E-02  -1.85437E-02  -6.26823E-02   5.24178E-02  -6.13565E-02   9.37458E-02   1.03810E-02   4.75496E-02   9.97156E-02  -7.01663E-02   1.12803E-01  -1.56930E-01   4.01258E-03  -1.03032E-01  -1.53471E-01   8.86782E-02  -2.02171E-01   2.60569E-01  -4.34222E-02   2.15209E-01   2.27430E-01  -7.64215E-02   3.47328E-01
 2.19880E+03  -3.54350E-02   3.46142E-02  -5.45121E-02  -9.81542E-03  -2.12570E-02  -6.10992E-02   4.89696E-02  -6.30538E-02   9.29724E-02   6.40828E-03   5.07166E-02   9.69487E-02  -6.55944E-02   1.14148E-01  -1.55266E-01   8.76711E-03  -1.06226E-01  -1.49436E-01   8.32277E-02  -2.02688E-01   2.57733E-01  -4.82068E-02   2.17365E-01   2.22660E-01  -7.16891E-02   3.46653E-01
 2.21470E+03  -3.28860E-02   3.61769E-02  -5.41201E-02  -6.89064E-03  -2.38828E-02  -5.94057E-02   4.54679E-02  -6.45684E-02   9.20468E-02   2.51893E-03   5.37678E-02   9.40914E-02  -6.10007E-02   1.15320E-01  -1.53470E-01   1.34252E-02  -1.09303E-01  -1.45347E-01   7.77871E-02  -2.03071E-01   2.54818E-01  -5.29039E-02   2.19445E-01   2.17880E-01  -6.69757E-02   3.45914E-01
 2.23070E+03  -3.02724E-02   3.75629E-02  -5.35897E-02  -4.03570E-03  -2.64164E-02  -5.76048E-02   4.19232E-02  -6.58983E-02   9.09754E-02  -1.28214E-03   5.67004E-02   9.11467E-02  -5.63932E-02   1.16317E-01  -1.51548E-01   1.79839E-02  -1.12262E-01  -1.41206E-01   7.23610E-02  -2.03321E-01   2.51829E-01  -5.75122E-02   2.21448E-01   2.13090E-01  -6.22830E-02   3.45112E-01

