#
#--------------------------------------------------------------------------------
### 
## 
## Courbe 0
## resp__3
## Courbe 1
## resp__2
## Courbe 2
## resp__1
## Courbe 3
## resp_0
## Courbe 4
## resp_1
## Courbe 5
## resp_2
## Courbe 6
## resp_3
## Courbe 7
## resp_4
## Courbe 8
## resp_5
## Courbe 9
## resp_6
## Courbe 10
## resp_7
## Courbe 11
## resp_8
## Courbe 12
## resp_9
## Courbe 13
## resp_10
## Courbe 14
## resp_11
## Courbe 15
## resp_12
## Courbe 16
## resp_13
## Courbe 17
## resp_14
## Courbe 18
## resp_15
## Courbe 19
## resp_16
## Courbe 20
## resp_17
FREQ          DZ_0_R        DZ_0_I        DZ_1_R        DZ_1_I        DZ_2_R        DZ_2_I        DZ_3_R        DZ_3_I        DZ_4_R        DZ_4_I        DZ_5_R        DZ_5_I        DZ_6_R        DZ_6_I        DZ_7_R        DZ_7_I        DZ_8_R        DZ_8_I        DZ_9_R        DZ_9_I        DZ_10_R       DZ_10_I       DZ_11_R       DZ_11_I       DZ_12_R       DZ_12_I       DZ_13_R       DZ_13_I       DZ_14_R       DZ_14_I       DZ_15_R       DZ_15_I       DZ_16_R       DZ_16_I       DZ_17_R       DZ_17_I       DZ_18_R       DZ_18_I       DZ_19_R       DZ_19_I       DZ_20_R       DZ_20_I     
 3.54000E+01   1.14143E-01  -2.02906E-01  -4.46837E-02  -1.92195E-01  -1.42057E-01  -6.83823E-02  -1.20081E-01   7.71716E-02  -1.59361E-02   1.42854E-01   8.12565E-02   9.53594E-02   1.03204E-01  -1.46023E-02   4.75407E-02  -9.93915E-02  -3.27972E-02  -1.01210E-01  -7.82526E-02  -2.80262E-02  -5.58903E-02   6.21994E-02   3.10327E-03   9.43305E-02   4.26841E-02   5.06866E-02   4.15551E-02  -2.11250E-02   1.10314E-02  -6.89939E-02  -1.87195E-02  -6.19266E-02  -2.57132E-02  -1.02228E-02  -1.15307E-02   4.46531E-02   5.51278E-03   6.07020E-02   9.79771E-03   2.32819E-02   1.16498E-03  -4.98567E-02
 3.56000E+01   1.12400E-01  -2.02438E-01  -4.67081E-02  -1.91149E-01  -1.42656E-01  -6.70311E-02  -1.18370E-01   7.79423E-02  -1.29085E-02   1.42331E-01   8.33113E-02   9.37934E-02   1.02532E-01  -1.60404E-02   4.44572E-02  -9.95431E-02  -3.60062E-02  -9.99136E-02  -7.90360E-02  -2.62599E-02  -5.33219E-02   6.29149E-02   7.02070E-03   9.34797E-02   4.47928E-02   4.92092E-02   4.04193E-02  -2.19863E-02   7.57406E-03  -6.86258E-02  -2.18652E-02  -6.08027E-02  -2.61820E-02  -9.40017E-03  -9.03291E-03   4.45107E-02   8.91357E-03   5.98892E-02   1.10896E-02   2.27425E-02  -1.72479E-03  -4.93415E-02
 3.59000E+01   1.09950E-01  -2.01734E-01  -4.97179E-02  -1.89502E-01  -1.43664E-01  -6.49324E-02  -1.15968E-01   7.90720E-02  -8.48330E-03   1.41411E-01   8.63911E-02   9.13059E-02   1.01630E-01  -1.82046E-02   3.99784E-02  -9.96066E-02  -4.07237E-02  -9.77470E-02  -8.02303E-02  -2.35187E-02  -4.96008E-02   6.38286E-02   1.27423E-02   9.19012E-02   4.78882E-02   4.68020E-02   3.87783E-02  -2.32047E-02   2.53827E-03  -6.77799E-02  -2.64531E-02  -5.88257E-02  -2.68705E-02  -8.10849E-03  -5.39879E-03   4.40717E-02   1.38640E-02   5.83465E-02   1.29709E-02   2.18051E-02  -5.92912E-03  -4.82922E-02
 3.61000E+01   1.08419E-01  -2.01274E-01  -5.17037E-02  -1.88353E-01  -1.44401E-01  -6.34727E-02  -1.14469E-01   7.98225E-02  -5.61130E-03   1.40714E-01   8.84349E-02   8.95493E-02   1.01091E-01  -1.96656E-02   3.70894E-02  -9.95512E-02  -4.37978E-02  -9.61563E-02  -8.10308E-02  -2.16209E-02  -4.72059E-02   6.43445E-02   1.64466E-02   9.06550E-02   4.98982E-02   4.50679E-02   3.77238E-02  -2.39771E-02  -7.12709E-04  -6.70299E-02  -2.94152E-02  -5.73182E-02  -2.73154E-02  -7.20586E-03  -3.05573E-03   4.36369E-02   1.70547E-02   5.71099E-02   1.41831E-02   2.10963E-02  -8.63787E-03  -4.74161E-02
 3.64000E+01   1.06265E-01  -2.00618E-01  -5.46455E-02  -1.86550E-01  -1.45583E-01  -6.11734E-02  -1.12360E-01   8.09668E-02  -1.42091E-03   1.39556E-01   9.14711E-02   8.67587E-02   1.00360E-01  -2.19048E-02   3.28981E-02  -9.93389E-02  -4.82898E-02  -9.35541E-02  -8.22207E-02  -1.86551E-02  -4.37376E-02   6.49988E-02   2.18261E-02   8.85077E-02   5.28169E-02   4.22705E-02   3.61957E-02  -2.50897E-02  -5.41997E-03  -6.56419E-02  -3.36975E-02  -5.47805E-02  -2.79534E-02  -5.78529E-03   3.31971E-04   4.27846E-02   2.16606E-02   5.49557E-02   1.59302E-02   1.99104E-02  -1.25475E-02  -4.58495E-02
 3.66000E+01   1.04915E-01  -2.00212E-01  -5.65786E-02  -1.85295E-01  -1.46411E-01  -5.95580E-02  -1.11036E-01   8.17535E-02   1.29420E-03   1.38713E-01   9.34659E-02   8.47905E-02   9.99146E-02  -2.34396E-02   3.01965E-02  -9.91208E-02  -5.11973E-02  -9.16772E-02  -8.29957E-02  -1.65919E-02  -4.15046E-02   6.53660E-02   2.52874E-02   8.68980E-02   5.46884E-02   4.02744E-02   3.52087E-02  -2.58078E-02  -8.43971E-03  -6.45500E-02  -3.64349E-02  -5.29094E-02  -2.83540E-02  -4.79191E-03   2.50173E-03   4.20903E-02   2.46018E-02   5.33276E-02   1.70426E-02   1.90399E-02  -1.50445E-02  -4.46441E-02
 3.69000E+01   1.03002E-01  -1.99665E-01  -5.94294E-02  -1.83333E-01  -1.47691E-01  -5.69981E-02  -1.09154E-01   8.29860E-02   5.24924E-03   1.37351E-01   9.63958E-02   8.16719E-02   9.92875E-02  -2.58193E-02   2.62783E-02  -9.86928E-02  -5.54133E-02  -8.86534E-02  -8.41100E-02  -1.33598E-02  -3.82666E-02   6.58291E-02   3.02792E-02   8.42290E-02   5.73656E-02   3.70842E-02   3.37680E-02  -2.68602E-02  -1.27822E-02  -6.26771E-02  -4.03472E-02  -4.98430E-02  -2.89079E-02  -3.23017E-03   5.61646E-03   4.08716E-02   2.88033E-02   5.06105E-02   1.86242E-02   1.76181E-02  -1.86135E-02  -4.26068E-02
 3.72000E+01   1.01205E-01  -1.99203E-01  -6.22132E-02  -1.81276E-01  -1.48986E-01  -5.42629E-02  -1.07372E-01   8.42969E-02   9.06331E-03   1.35883E-01   9.92279E-02   7.83513E-02   9.86847E-02  -2.83051E-02   2.25147E-02  -9.81592E-02  -5.94372E-02  -8.53867E-02  -8.51398E-02  -9.95630E-03  -3.51526E-02   6.62038E-02   3.50158E-02   8.12700E-02   5.98635E-02   3.36626E-02   3.23648E-02  -2.78930E-02  -1.68886E-02  -6.05395E-02  -4.40047E-02  -4.64779E-02  -2.93929E-02  -1.58157E-03   8.55517E-03   3.94544E-02   3.27322E-02   4.75804E-02   2.00903E-02   1.60626E-02  -2.19554E-02  -4.03098E-02
 3.74000E+01   1.00058E-01  -1.98948E-01  -6.40269E-02  -1.79853E-01  -1.49841E-01  -5.23381E-02  -1.06226E-01   8.52210E-02   1.15278E-02   1.34850E-01   1.01048E-01   7.60256E-02   9.82813E-02  -3.00262E-02   2.00879E-02  -9.77522E-02  -6.20026E-02  -8.30789E-02  -8.57640E-02  -7.59079E-03  -3.31398E-02   6.64123E-02   3.80231E-02   7.91454E-02   6.14156E-02   3.12565E-02   3.14439E-02  -2.85753E-02  -1.94887E-02  -5.89773E-02  -4.62888E-02  -4.40767E-02  -2.96708E-02  -4.34707E-04   1.04121E-02   3.84071E-02   3.51888E-02   4.53965E-02   2.09974E-02   1.49548E-02  -2.40488E-02  -3.86433E-02
 3.77000E+01   9.83982E-02  -1.98650E-01  -6.66768E-02  -1.77645E-01  -1.51085E-01  -4.92972E-02  -1.04547E-01   8.66888E-02   1.51076E-02   1.33227E-01   1.03656E-01   7.23728E-02   9.76508E-02  -3.27077E-02   1.65651E-02  -9.70749E-02  -6.56592E-02  -7.94318E-02  -8.65830E-02  -3.89926E-03  -3.02061E-02   6.66731E-02   4.22952E-02   7.57455E-02   6.35536E-02   2.74682E-02   3.00751E-02  -2.95942E-02  -2.31733E-02  -5.64435E-02  -4.94646E-02  -4.02527E-02  -3.00083E-02   1.35493E-03   1.30375E-02   3.66945E-02   3.86127E-02   4.18918E-02   2.22432E-02   1.31937E-02  -2.69744E-02  -3.59550E-02
 3.80000E+01   9.67884E-02  -1.98457E-01  -6.92326E-02  -1.75353E-01  -1.52254E-01  -4.60744E-02  -1.02890E-01   8.82578E-02   1.85472E-02   1.31523E-01   1.06093E-01   6.85308E-02   9.69622E-02  -3.55091E-02   1.31762E-02  -9.63277E-02  -6.90671E-02  -7.55764E-02  -8.72326E-02  -4.21882E-05  -2.73640E-02   6.68811E-02   4.62655E-02   7.21097E-02   6.54385E-02   2.34782E-02   2.87095E-02  -3.06115E-02  -2.65879E-02  -5.37005E-02  -5.23172E-02  -3.61823E-02  -3.02373E-02   3.22289E-03   1.54633E-02   3.48266E-02   4.17032E-02   3.81347E-02   2.33401E-02   1.13222E-02  -2.96276E-02  -3.30597E-02
 3.83000E+01   9.52051E-02  -1.98369E-01  -7.16846E-02  -1.72983E-01  -1.53313E-01  -4.26782E-02  -1.01225E-01   8.99271E-02   2.18472E-02   1.29750E-01   1.08332E-01   6.45131E-02   9.61848E-02  -3.84254E-02   9.91305E-03  -9.55208E-02  -7.22058E-02  -7.15317E-02  -8.76817E-02   3.96809E-03  -2.46012E-02   6.70448E-02   4.99172E-02   6.82623E-02   6.70436E-02   1.93058E-02   2.73343E-02  -3.16290E-02  -2.97210E-02  -5.07711E-02  -5.48221E-02  -3.18917E-02  -3.03432E-02   5.16128E-03   1.76814E-02   3.28210E-02   4.44388E-02   3.41533E-02   2.42760E-02   9.35271E-03  -3.19924E-02  -2.99806E-02
 3.85000E+01   9.41529E-02  -1.98366E-01  -7.32571E-02  -1.71365E-01  -1.53942E-01  -4.03245E-02  -1.00098E-01   9.10932E-02   2.39700E-02   1.28534E-01   1.09701E-01   6.17459E-02   9.56030E-02  -4.04286E-02   7.80356E-03  -9.49542E-02  -7.41392E-02  -6.87412E-02  -8.78551E-02   6.71814E-03  -2.27972E-02   6.71323E-02   5.21673E-02   6.55931E-02   6.79458E-02   1.64346E-02   2.64060E-02  -3.23073E-02  -3.16481E-02  -4.87267E-02  -5.62875E-02  -2.89238E-02  -3.03386E-02   6.48761E-03   1.90412E-02   3.14165E-02   4.60554E-02   3.13898E-02   2.48050E-02   7.99206E-03  -3.34015E-02  -2.78383E-02
 3.88000E+01   9.25642E-02  -1.98440E-01  -7.55166E-02  -1.68888E-01  -1.54748E-01  -3.66738E-02  -9.83624E-02   9.29148E-02   2.70394E-02   1.26667E-01   1.11555E-01   5.74783E-02   9.46150E-02  -4.35114E-02   4.73234E-03  -9.40669E-02  -7.67883E-02  -6.44331E-02  -8.79059E-02   1.09416E-02  -2.01397E-02   6.72344E-02   5.52559E-02   6.14544E-02   6.90301E-02   1.20137E-02   2.49877E-02  -3.33227E-02  -3.42894E-02  -4.55423E-02  -5.81638E-02  -2.43355E-02  -3.02095E-02   8.51892E-03   2.08980E-02   2.92232E-02   4.81567E-02   2.71060E-02   2.54484E-02   5.89126E-03  -3.52543E-02  -2.45112E-02
 3.91000E+01   9.09458E-02  -1.98599E-01  -7.76510E-02  -1.66361E-01  -1.55367E-01  -3.28997E-02  -9.65515E-02   9.48118E-02   2.99726E-02   1.24756E-01   1.13149E-01   5.30934E-02   9.34673E-02  -4.66711E-02   1.76581E-03  -9.31409E-02  -7.91233E-02  -6.00035E-02  -8.76844E-02   1.52594E-02  -1.75303E-02   6.73035E-02   5.79911E-02   5.71818E-02   6.97743E-02   7.48391E-03   2.35287E-02  -3.43317E-02  -3.66253E-02  -4.22407E-02  -5.96385E-02  -1.96160E-02  -2.99239E-02   1.05875E-02   2.25309E-02   2.69440E-02   4.98563E-02   2.26885E-02   2.59042E-02   3.73405E-03  -3.67847E-02  -2.10739E-02
 3.94000E+01   8.92811E-02  -1.98832E-01  -7.96554E-02  -1.63799E-01  -1.55777E-01  -2.90293E-02  -9.46456E-02   9.67676E-02   3.27722E-02   1.22812E-01   1.14468E-01   4.86202E-02   9.21395E-02  -4.98857E-02  -1.10371E-03  -9.21820E-02  -8.11335E-02  -5.54832E-02  -8.71709E-02   1.96413E-02  -1.49588E-02   6.73406E-02   6.03656E-02   5.28086E-02   7.01627E-02   2.87974E-03   2.20198E-02  -3.53281E-02  -3.86511E-02  -3.88507E-02  -6.06984E-02  -1.48049E-02  -2.94729E-02   1.26768E-02   2.39370E-02   2.45999E-02   5.11434E-02   1.81767E-02   2.61657E-02   1.53912E-03  -3.79850E-02  -1.75577E-02
 3.97000E+01   8.75565E-02  -1.99121E-01  -8.15269E-02  -1.61214E-01  -1.55962E-01  -2.50935E-02  -9.26282E-02   9.87628E-02   3.54419E-02   1.20846E-01   1.15501E-01   4.40905E-02   9.06156E-02  -5.31298E-02  -3.88378E-03  -9.11951E-02  -8.28124E-02  -5.09051E-02  -8.63505E-02   2.40538E-02  -1.24159E-02   6.73450E-02   6.23756E-02   4.83694E-02   7.01843E-02  -1.76148E-03   2.04529E-02  -3.63042E-02  -4.03654E-02  -3.54017E-02  -6.13352E-02  -9.94418E-03  -2.88496E-02   1.47691E-02   2.51155E-02   2.22127E-02   5.20117E-02   1.36118E-02   2.62286E-02  -6.73648E-04  -3.88508E-02  -1.39955E-02
 4.00000E+01   8.57616E-02  -1.99452E-01  -8.32652E-02  -1.58623E-01  -1.55912E-01  -2.11250E-02  -9.04874E-02   1.00776E-01   3.79862E-02   1.18866E-01   1.16242E-01   3.95377E-02   8.88845E-02  -5.63761E-02  -6.58181E-03  -9.01842E-02  -8.41581E-02  -4.63031E-02  -8.52143E-02   2.84608E-02  -9.89343E-03   6.73146E-02   6.40222E-02   4.38998E-02   6.98340E-02  -6.40065E-03   1.88222E-02  -3.72510E-02  -4.17702E-02  -3.19236E-02  -6.15464E-02  -5.07712E-03  -2.80503E-02   1.68451E-02   2.60680E-02   1.98042E-02   5.24598E-02   9.03600E-03   2.60912E-02  -2.88364E-03  -3.93821E-02  -1.04206E-02
 4.02000E+01   8.45224E-02  -1.99687E-01  -8.43510E-02  -1.56898E-01  -1.55746E-01  -1.84780E-02  -8.89877E-02   1.02117E-01   3.96156E-02   1.17544E-01   1.16573E-01   3.65066E-02   8.76122E-02  -5.85274E-02  -8.33852E-03  -8.94985E-02  -8.48717E-02  -4.32388E-02  -8.42797E-02   3.13777E-02  -8.21965E-03   6.72736E-02   6.49206E-02   4.09205E-02   6.93937E-02  -9.47264E-03   1.76974E-02  -3.78612E-02  -4.25372E-02  -2.96032E-02  -6.14520E-02  -1.85048E-03  -2.74190E-02   1.82104E-02   2.65794E-02   1.81973E-02   5.25271E-02   6.00048E-03   2.58887E-02  -4.34511E-03  -3.95523E-02  -8.04692E-03
 4.05000E+01   8.25969E-02  -2.00047E-01  -8.58731E-02  -1.54328E-01  -1.55298E-01  -1.45304E-02  -8.66263E-02   1.04110E-01   4.19646E-02   1.15563E-01   1.16830E-01   3.19908E-02   8.55252E-02  -6.17133E-02  -1.09159E-02  -8.84542E-02  -8.56721E-02  -3.86728E-02  -8.26133E-02   3.56937E-02  -5.71628E-03   6.71784E-02   6.59762E-02   3.64779E-02   6.84272E-02  -1.40201E-02   1.59518E-02  -3.87373E-02  -4.34401E-02  -2.61417E-02  -6.09636E-02   2.93035E-03  -2.63254E-02   2.02158E-02   2.71657E-02   1.58010E-02   5.22873E-02   1.50070E-03   2.54214E-02  -6.50422E-03  -3.95369E-02  -4.52512E-03
 4.08000E+01   8.05905E-02  -2.00402E-01  -8.72732E-02  -1.51789E-01  -1.54617E-01  -1.06393E-02  -8.41309E-02   1.06060E-01   4.42062E-02   1.13592E-01   1.16806E-01   2.75412E-02   8.32266E-02  -6.48249E-02  -1.34303E-02  -8.73925E-02  -8.61594E-02  -3.41719E-02  -8.06361E-02   3.99066E-02  -3.21727E-03   6.70387E-02   6.66935E-02   3.20962E-02   6.71029E-02  -1.84608E-02   1.41354E-02  -3.95572E-02  -4.40560E-02  -2.27275E-02  -6.00709E-02   7.60318E-03  -2.50595E-02   2.21528E-02   2.75427E-02   1.34392E-02   5.16509E-02  -2.89901E-03   2.47629E-02  -8.60578E-03  -3.92068E-02  -1.07798E-03
 4.11000E+01   7.85054E-02  -2.00733E-01  -8.85598E-02  -1.49295E-01  -1.53715E-01  -6.83557E-03  -8.15052E-02   1.07946E-01   4.63493E-02   1.11640E-01   1.16517E-01   2.31880E-02   8.07238E-02  -6.78350E-02  -1.58885E-02  -8.63144E-02  -8.63496E-02  -2.97661E-02  -7.83604E-02   4.39820E-02  -7.18693E-04   6.68499E-02   6.70900E-02   2.78060E-02   6.54360E-02  -2.27585E-02   1.22488E-02  -4.03107E-02  -4.44000E-02  -1.93859E-02  -5.87923E-02   1.21286E-02  -2.36277E-02   2.40030E-02   2.77212E-02   1.11305E-02   5.06362E-02  -7.16062E-03   2.39216E-02  -1.06308E-02  -3.85769E-02   2.26470E-03
 4.14000E+01   7.63465E-02  -2.01027E-01  -8.97433E-02  -1.46855E-01  -1.52608E-01  -3.14654E-03  -7.87563E-02   1.09747E-01   4.84031E-02   1.09710E-01   1.15981E-01   1.89583E-02   7.80282E-02  -7.07189E-02  -1.82970E-02  -8.52202E-02  -8.62629E-02  -2.54821E-02  -7.58033E-02   4.78887E-02   1.78227E-03   6.66071E-02   6.71868E-02   2.36346E-02   6.34467E-02  -2.68799E-02   1.02946E-02  -4.09879E-02  -4.44895E-02  -1.61399E-02  -5.71506E-02   1.64707E-02  -2.20391E-02   2.57491E-02   2.77137E-02   8.89171E-03   4.92658E-02  -1.12494E-02   2.29081E-02  -1.25617E-02  -3.76652E-02   5.47572E-03
 4.17000E+01   7.41210E-02  -2.01270E-01  -9.08356E-02  -1.44479E-01  -1.51318E-01   4.04262E-04  -7.58946E-02   1.11447E-01   5.03779E-02   1.07808E-01   1.15220E-01   1.48754E-02   7.51549E-02  -7.34544E-02  -2.06621E-02  -8.41093E-02  -8.59226E-02  -2.13429E-02  -7.29862E-02   5.15987E-02   4.28743E-03   6.63051E-02   6.70082E-02   1.96057E-02   6.11590E-02  -3.07957E-02   8.27655E-03  -4.15796E-02  -4.43445E-02  -1.30093E-02  -5.51730E-02   2.05977E-02  -2.03045E-02   2.73757E-02   2.75346E-02   6.73756E-03   4.75662E-02  -1.51345E-02   2.17348E-02  -1.43829E-02  -3.64927E-02   8.53101E-03
 4.20000E+01   7.18380E-02  -2.01450E-01  -9.18500E-02  -1.42173E-01  -1.49867E-01   3.79782E-03  -7.29330E-02   1.13029E-01   5.22839E-02   1.05935E-01   1.14259E-01   1.09580E-02   7.21218E-02  -7.60231E-02  -2.29896E-02  -8.29804E-02  -8.53545E-02  -1.73673E-02  -6.99334E-02   5.50884E-02   6.79769E-03   6.59388E-02   6.65804E-02   1.57387E-02   5.86002E-02  -3.44806E-02   6.19969E-03  -4.20773E-02  -4.39867E-02  -1.00107E-02  -5.28895E-02   2.44822E-02  -1.84367E-02   2.88689E-02   2.71995E-02   4.68028E-03   4.55666E-02  -1.87897E-02   2.04159E-02  -1.60809E-02  -3.50827E-02   1.14100E-02
 4.23000E+01   6.95082E-02  -2.01557E-01  -9.28001E-02  -1.39942E-01  -1.48282E-01   7.01999E-03  -6.98858E-02   1.14483E-01   5.41317E-02   1.04094E-01   1.13125E-01   7.22022E-03   6.89488E-02  -7.84097E-02  -2.52849E-02  -8.18313E-02  -8.45858E-02  -1.35693E-02  -6.66716E-02   5.83387E-02   9.31310E-03   6.55030E-02   6.59313E-02   1.20485E-02   5.57994E-02  -3.79142E-02   4.07006E-03  -4.24735E-02  -4.34388E-02  -7.15693E-03  -5.03322E-02   2.81018E-02  -1.64495E-02   3.02173E-02   2.67246E-02   2.72967E-03   4.32982E-02  -2.21931E-02   1.89665E-02  -1.76444E-02  -3.34597E-02   1.40957E-02
 4.26000E+01   6.71429E-02  -2.01586E-01  -9.36998E-02  -1.37787E-01  -1.46589E-01   1.00615E-02  -6.67686E-02   1.15799E-01   5.59314E-02   1.02284E-01   1.11847E-01   3.67129E-03   6.56568E-02  -8.06030E-02  -2.75529E-02  -8.06595E-02  -8.36447E-02  -9.95875E-03  -6.32290E-02   6.13347E-02   1.18330E-02   6.49928E-02   6.50891E-02   8.54581E-03   5.27872E-02  -4.10805E-02   1.89446E-03  -4.27617E-02  -4.27239E-02  -4.45756E-03  -4.75346E-02   3.14392E-02  -1.43577E-02   3.14114E-02   2.61267E-02   8.93074E-04   4.07932E-02  -2.53276E-02   1.74023E-02  -1.90643E-02  -3.16491E-02   1.65749E-02
 4.29000E+01   6.47537E-02  -2.01532E-01  -9.45629E-02  -1.35708E-01  -1.44816E-01   1.29180E-02  -6.35975E-02   1.16972E-01   5.76928E-02   1.00502E-01   1.10452E-01   3.15899E-04   6.22676E-02  -8.25952E-02  -2.97978E-02  -7.94613E-02  -8.25587E-02  -6.54082E-03  -5.96339E-02   6.40663E-02   1.43560E-02   6.44034E-02   6.40819E-02   5.23696E-03   4.95945E-02  -4.39683E-02  -3.19811E-04  -4.29362E-02  -4.18651E-02  -1.91866E-03  -4.45304E-02   3.44817E-02  -1.21762E-02   3.24435E-02   2.54222E-02  -8.24555E-04   3.80844E-02  -2.81808E-02   1.57394E-02  -2.03337E-02  -2.96766E-02   1.88379E-02
 4.32000E+01   6.23524E-02  -2.01393E-01  -9.54024E-02  -1.33702E-01  -1.42988E-01   1.55894E-02  -6.03885E-02   1.17997E-01   5.94250E-02   9.87450E-02   1.08966E-01  -2.84564E-03   5.88024E-02  -8.43819E-02  -3.20233E-02  -7.82330E-02  -8.13550E-02  -3.31671E-03  -5.59147E-02   6.65272E-02   1.68803E-02   6.37301E-02   6.29369E-02   2.12433E-03   4.62519E-02  -4.65703E-02  -2.56507E-03  -4.29924E-02  -4.08847E-02   4.56787E-04  -4.13529E-02   3.72209E-02  -9.92037E-03   3.33083E-02   2.46274E-02  -2.42047E-03   3.52039E-02  -3.07442E-02   1.39936E-02  -2.14477E-02  -2.75675E-02   2.08782E-02
 4.36000E+01   5.91509E-02  -2.01075E-01  -9.65056E-02  -1.31134E-01  -1.40509E-01   1.88711E-02  -5.60773E-02   1.19133E-01   6.17029E-02   9.64332E-02   1.06888E-01  -6.76617E-03   5.40997E-02  -8.64426E-02  -3.49653E-02  -7.65404E-02  -7.96104E-02   6.85425E-04  -5.08098E-02   6.93837E-02   2.02434E-02   6.26939E-02   6.12403E-02  -1.72310E-03   4.16128E-02  -4.95900E-02  -5.59330E-03  -4.28768E-02  -3.94248E-02   3.36994E-03  -3.69021E-02   4.03948E-02  -6.82283E-03   3.41945E-02   2.34536E-02  -4.35799E-03   3.11497E-02  -3.37042E-02   1.15640E-02  -2.26867E-02  -2.45850E-02   2.32467E-02
 4.39000E+01   5.67634E-02  -2.00739E-01  -9.73347E-02  -1.29279E-01  -1.38646E-01   2.11328E-02  -5.28381E-02   1.19816E-01   6.33966E-02   9.47145E-02   1.05287E-01  -9.49516E-03   5.05358E-02  -8.77494E-02  -3.71553E-02  -7.52234E-02  -7.82272E-02   3.47254E-03  -4.69049E-02   7.12093E-02   2.27598E-02   6.18074E-02   5.98708E-02  -4.38777E-03   3.80329E-02  -5.15181E-02  -7.88001E-03  -4.26433E-02  -3.82407E-02   5.36771E-03  -3.34430E-02   4.24162E-02  -4.45120E-03   3.46564E-02   2.25061E-02  -5.66996E-03   2.79872E-02  -3.55798E-02   9.68458E-03  -2.34295E-02  -2.22502E-02   2.47587E-02
 4.42000E+01   5.43978E-02  -2.00323E-01  -9.81752E-02  -1.27475E-01  -1.36803E-01   2.32360E-02  -4.96086E-02   1.20356E-01   6.50836E-02   9.30010E-02   1.03672E-01  -1.20545E-02   4.69600E-02  -8.88561E-02  -3.93324E-02  -7.38597E-02  -7.68027E-02   6.08581E-03  -4.29610E-02   7.27680E-02   2.52671E-02   6.08225E-02   5.84417E-02  -6.87137E-03   3.43955E-02  -5.31616E-02  -1.01711E-02  -4.22813E-02  -3.69997E-02   7.21049E-03  -2.99116E-02   4.41330E-02  -2.05355E-03   3.49437E-02   2.15156E-02  -6.86399E-03   2.47509E-02  -3.71628E-02   7.77174E-03  -2.40130E-02  -1.98553E-02   2.60461E-02
 4.45000E+01   5.20621E-02  -1.99831E-01  -9.90342E-02  -1.25715E-01  -1.34996E-01   2.51943E-02  -4.64002E-02   1.20760E-01   6.67682E-02   9.12853E-02   1.02060E-01  -1.44571E-02   4.33884E-02  -8.97686E-02  -4.14964E-02  -7.24438E-02  -7.53547E-02   8.53640E-03  -3.89996E-02   7.40664E-02   2.77609E-02   5.97351E-02   5.69712E-02  -9.18348E-03   3.07244E-02  -5.45263E-02  -1.24586E-02  -4.17893E-02  -3.57174E-02   8.90480E-03  -2.63339E-02   4.55509E-02   3.56842E-04   3.50569E-02   2.04936E-02  -7.94406E-03   2.14662E-02  -3.84578E-02   5.83866E-03  -2.44387E-02  -1.74203E-02   2.71128E-02
 4.48000E+01   4.97632E-02  -1.99270E-01  -9.99174E-02  -1.23987E-01  -1.33238E-01   2.70230E-02  -4.32232E-02   1.21034E-01   6.84531E-02   8.95592E-02   1.00465E-01  -1.67171E-02   3.98351E-02  -9.04944E-02  -4.36467E-02  -7.09700E-02  -7.38982E-02   1.08369E-02  -3.50403E-02   7.51125E-02   3.02366E-02   5.85415E-02   5.54753E-02  -1.13351E-02   2.70411E-02  -5.56196E-02  -1.47343E-02  -4.11659E-02  -3.44075E-02   1.04584E-02  -2.27341E-02   4.66769E-02   2.76729E-03   3.49972E-02   1.94504E-02  -8.91497E-03   1.81565E-02  -3.94713E-02   3.89764E-03  -2.47088E-02  -1.49634E-02   2.79638E-02
 4.52000E+01   4.67648E-02  -1.98424E-01  -1.01138E-01  -1.21716E-01  -1.30990E-01   2.92879E-02  -3.90508E-02   1.21209E-01   7.07021E-02   8.72271E-02   9.83863E-02  -1.95352E-02   3.51471E-02  -9.11858E-02  -4.64889E-02  -6.89051E-02  -7.19637E-02   1.36945E-02  -2.97941E-02   7.61311E-02   3.34996E-02   5.67786E-02   5.34639E-02  -1.39751E-02   2.21447E-02  -5.66705E-02  -1.77363E-02  -4.01289E-02  -3.26380E-02   1.23256E-02  -1.79372E-02   4.77392E-02   5.96047E-03   3.46522E-02   1.80423E-02  -1.00491E-02   1.37416E-02  -4.03979E-02   1.31708E-03  -2.48324E-02  -1.16821E-02   2.87737E-02
 4.55000E+01   4.45717E-02  -1.97723E-01  -1.02089E-01  -1.20025E-01  -1.29383E-01   3.08784E-02  -3.59784E-02   1.21207E-01   7.23903E-02   8.54444E-02   9.68728E-02  -2.15230E-02   3.16821E-02  -9.15086E-02  -4.85981E-02  -6.72744E-02  -7.05305E-02   1.56987E-02  -2.59039E-02   7.66260E-02   3.59107E-02   5.53235E-02   5.19563E-02  -1.57997E-02   1.85059E-02  -5.71660E-02  -1.99530E-02  -3.91962E-02  -3.13063E-02   1.35846E-02  -1.43670E-02   4.82192E-02   8.32491E-03   3.41977E-02   1.69831E-02  -1.07870E-02   1.04540E-02  -4.07857E-02  -5.98952E-04  -2.47522E-02  -9.23639E-03   2.91465E-02
 4.58000E+01   4.24297E-02  -1.96973E-01  -1.03070E-01  -1.18331E-01  -1.27851E-01   3.23949E-02  -3.29612E-02   1.21099E-01   7.40777E-02   8.36238E-02   9.54045E-02  -2.34207E-02   2.82708E-02  -9.16738E-02  -5.06836E-02  -6.55675E-02  -6.91196E-02   1.75996E-02  -2.20665E-02   7.69020E-02   3.82831E-02   5.37513E-02   5.04582E-02  -1.75054E-02   1.49131E-02  -5.74221E-02  -2.21305E-02  -3.81308E-02  -2.99791E-02   1.47328E-02  -1.08400E-02   4.84390E-02   1.06510E-02   3.35788E-02   1.59284E-02  -1.14349E-02   7.20636E-03  -4.09206E-02  -2.48730E-03  -2.45284E-02  -6.81896E-03   2.93265E-02
 4.61000E+01   4.03408E-02  -1.96180E-01  -1.04079E-01  -1.16626E-01  -1.26393E-01   3.38540E-02  -3.00036E-02   1.20894E-01   7.57612E-02   8.17577E-02   9.39838E-02  -2.52438E-02   2.49204E-02  -9.16907E-02  -5.27404E-02  -6.37797E-02  -6.77350E-02   1.94113E-02  -1.82933E-02   7.69700E-02   4.06093E-02   5.20596E-02   4.89753E-02  -1.91047E-02   1.13799E-02  -5.74493E-02  -2.42603E-02  -3.69331E-02  -2.86624E-02   1.57792E-02  -7.37212E-03   4.84094E-02   1.29280E-02   3.27989E-02   1.48834E-02  -1.19989E-02   4.01456E-03  -4.08125E-02  -4.33863E-03  -2.41652E-02  -4.44209E-03   2.93215E-02
 4.65000E+01   3.76401E-02  -1.95066E-01  -1.05461E-01  -1.14319E-01  -1.24564E-01   3.57372E-02  -2.61585E-02   1.20481E-01   7.79917E-02   7.91865E-02   9.21640E-02  -2.75841E-02   2.05587E-02  -9.14983E-02  -5.54275E-02  -6.12626E-02  -6.59328E-02   2.17109E-02  -1.33797E-02   7.67556E-02   4.36249E-02   4.96148E-02   4.70279E-02  -2.10925E-02   6.78315E-03  -5.71480E-02  -2.70103E-02  -3.51317E-02  -2.69310E-02   1.70316E-02  -2.86524E-03   4.80008E-02   1.58697E-02   3.15153E-02   1.35128E-02  -1.26308E-02  -1.28759E-04  -4.03079E-02  -6.73416E-03  -2.34722E-02  -1.35546E-03   2.90409E-02
 4.68000E+01   3.56781E-02  -1.94196E-01  -1.06521E-01  -1.12552E-01  -1.23273E-01   3.71218E-02  -2.33515E-02   1.20076E-01   7.96465E-02   7.71877E-02   9.08522E-02  -2.92893E-02   1.73730E-02  -9.12044E-02  -5.73924E-02  -5.92704E-02  -6.46135E-02   2.33649E-02  -9.79370E-03   7.63799E-02   4.58104E-02   4.76379E-02   4.55916E-02  -2.24896E-02   3.43558E-03  -5.66827E-02  -2.89938E-02  -3.36294E-02  -2.56546E-02   1.78749E-02   4.10053E-04   4.74318E-02   1.79919E-02   3.03755E-02   1.25062E-02  -1.30220E-02  -3.13430E-03  -3.96726E-02  -8.46514E-03  -2.28021E-02   8.84213E-04   2.86355E-02
 4.71000E+01   3.37701E-02  -1.93302E-01  -1.07592E-01  -1.10745E-01  -1.22046E-01   3.84971E-02  -2.06122E-02   1.19599E-01   8.12781E-02   7.51228E-02   8.95813E-02  -3.09655E-02   1.42650E-02  -9.07918E-02  -5.93054E-02  -5.71858E-02  -6.33196E-02   2.49708E-02  -6.30125E-03   7.58317E-02   4.79199E-02   4.55380E-02   4.41763E-02  -2.38178E-02   1.84915E-04  -5.60242E-02  -3.08990E-02  -3.19997E-02  -2.43992E-02   1.86446E-02   3.58190E-03   4.66503E-02   2.00307E-02   2.90892E-02   1.15208E-02  -1.33485E-02  -6.03838E-03  -3.88288E-02  -1.01308E-02  -2.20089E-02   3.04872E-03   2.80722E-02
 4.75000E+01   3.13076E-02  -1.92082E-01  -1.09026E-01  -1.08264E-01  -1.20496E-01   4.03361E-02  -1.70662E-02   1.18858E-01   8.34038E-02   7.22597E-02   8.79404E-02  -3.31741E-02   1.02475E-02  -9.00712E-02  -6.17603E-02  -5.42600E-02  -6.16273E-02   2.70545E-02  -1.80167E-03   7.48501E-02   5.05968E-02   4.25484E-02   4.23190E-02  -2.54979E-02  -3.98282E-03  -5.48639E-02  -3.33008E-02  -2.96342E-02  -2.27596E-02   1.95692E-02   7.63069E-03   4.52972E-02   2.26023E-02   2.71559E-02   1.02435E-02  -1.36920E-02  -9.73223E-03  -3.73982E-02  -1.22365E-02  -2.07694E-02   5.80247E-03   2.70901E-02
 4.78000E+01   2.95199E-02  -1.91151E-01  -1.10096E-01  -1.06343E-01  -1.19386E-01   4.17319E-02  -1.44870E-02   1.18234E-01   8.49495E-02   7.00266E-02   8.67405E-02  -3.48227E-02   7.33233E-03  -8.94133E-02  -6.35178E-02  -5.19558E-02  -6.03763E-02   2.85852E-02   1.44761E-03   7.39391E-02   5.24888E-02   4.01667E-02   4.09449E-02  -2.67004E-02  -6.97290E-03  -5.37961E-02  -3.49855E-02  -2.77207E-02  -2.15554E-02   2.01949E-02   1.05184E-02   4.40642E-02   2.44078E-02   2.55503E-02   9.31476E-03  -1.38870E-02  -1.23545E-02  -3.61107E-02  -1.37195E-02  -1.97110E-02   7.75783E-03   2.61916E-02
 4.82000E+01   2.72109E-02  -1.89897E-01  -1.11498E-01  -1.03696E-01  -1.17957E-01   4.36292E-02  -1.11543E-02   1.17319E-01   8.69278E-02   6.69325E-02   8.51660E-02  -3.70243E-02   3.57983E-03  -8.83937E-02  -6.57311E-02  -4.87391E-02  -5.87210E-02   3.05965E-02   5.60293E-03   7.25102E-02   5.48364E-02   3.68118E-02   3.91313E-02  -2.82400E-02  -1.07642E-02  -5.21293E-02  -3.70572E-02  -2.49933E-02  -1.99825E-02   2.09497E-02   1.41518E-02   4.21517E-02   2.66325E-02   2.32155E-02   8.11708E-03  -1.40719E-02  -1.56336E-02  -3.41301E-02  -1.55545E-02  -1.81406E-02   1.02037E-02   2.47945E-02
 4.85000E+01   2.55320E-02  -1.88950E-01  -1.12519E-01  -1.01644E-01  -1.16911E-01   4.50864E-02  -8.73381E-03   1.16579E-01   8.83371E-02   6.45252E-02   8.39925E-02  -3.86850E-02   8.67993E-04  -8.75317E-02  -6.72808E-02  -4.62219E-02  -5.74803E-02   3.20895E-02   8.58077E-03   7.12907E-02   5.64515E-02   3.41678E-02   3.77791E-02  -2.93539E-02  -1.34519E-02  -5.07114E-02  -3.84675E-02  -2.28239E-02  -1.88256E-02   2.14627E-02   1.67024E-02   4.05320E-02   2.81516E-02   2.13293E-02   7.25002E-03  -1.41597E-02  -1.79174E-02  -3.24624E-02  -1.68149E-02  -1.68524E-02   1.19078E-02   2.36096E-02
 4.89000E+01   2.33589E-02  -1.87685E-01  -1.13820E-01  -9.88191E-02  -1.15528E-01   4.70812E-02  -5.60982E-03   1.15528E-01   9.00986E-02   6.12039E-02   8.24194E-02  -4.09183E-02  -2.60930E-03  -8.62658E-02  -6.91815E-02  -4.27344E-02  -5.58131E-02   3.40664E-02   1.23589E-02   6.94867E-02   5.83903E-02   3.04851E-02   3.59780E-02  -3.07925E-02  -1.68162E-02  -4.86185E-02  -4.01380E-02  -1.97808E-02  -1.73101E-02   2.20838E-02   1.98550E-02   3.81496E-02   2.99610E-02   1.86517E-02   6.13598E-03  -1.42160E-02  -2.07113E-02  -3.00204E-02  -1.83286E-02  -1.50025E-02   1.39937E-02   2.18653E-02
 4.92000E+01   2.17746E-02  -1.86738E-01  -1.14740E-01  -9.66371E-02  -1.14485E-01   4.86175E-02  -3.34274E-03   1.14699E-01   9.13194E-02   5.86345E-02   8.12210E-02  -4.26094E-02  -5.11273E-03  -8.52379E-02  -7.04706E-02  -4.00280E-02  -5.45434E-02   3.55410E-02   1.50441E-02   6.80129E-02   5.96700E-02   2.76160E-02   3.46218E-02  -3.18401E-02  -1.91676E-02  -4.69123E-02  -4.12220E-02  -1.73973E-02  -1.61911E-02   2.25070E-02   2.20238E-02   3.62131E-02   3.11449E-02   1.65347E-02   5.33190E-03  -1.42170E-02  -2.26080E-02  -2.80425E-02  -1.93308E-02  -1.35267E-02   1.54109E-02   2.04471E-02
 4.96000E+01   1.97174E-02  -1.85479E-01  -1.15876E-01  -9.36500E-02  -1.13068E-01   5.07178E-02  -4.18389E-04   1.13544E-01   9.27964E-02   5.51145E-02   7.95806E-02  -4.48846E-02  -8.31109E-03  -8.37749E-02  -7.19909E-02  -3.63129E-02  -5.28111E-02   3.74969E-02   1.84214E-02   6.59061E-02   6.11256E-02   2.36670E-02   3.27968E-02  -3.31980E-02  -2.20649E-02  -4.44782E-02  -4.24262E-02  -1.41042E-02  -1.47185E-02   2.30194E-02   2.46427E-02   3.34579E-02   3.24781E-02   1.35887E-02   4.30126E-03  -1.41694E-02  -2.48584E-02  -2.52373E-02  -2.04794E-02  -1.14585E-02   1.70942E-02   1.84299E-02
 4.99000E+01   1.82123E-02  -1.84539E-01  -1.16648E-01  -9.13582E-02  -1.11971E-01   5.23282E-02   1.70324E-03   1.12648E-01   9.37809E-02   5.24133E-02   7.83071E-02  -4.66033E-02  -1.06056E-02  -8.26168E-02  -7.29720E-02  -3.34584E-02  -5.14732E-02   3.89544E-02   2.07999E-02   6.42327E-02   6.20183E-02   2.06276E-02   3.14091E-02  -3.41875E-02  -2.40546E-02  -4.25493E-02  -4.31392E-02  -1.15630E-02  -1.36256E-02   2.33673E-02   2.63953E-02   3.12806E-02   3.32857E-02   1.13027E-02   3.55882E-03  -1.41006E-02  -2.63299E-02  -2.30268E-02  -2.11941E-02  -9.84466E-03   1.81965E-02   1.68368E-02
 5.03000E+01   1.62509E-02  -1.83295E-01  -1.17559E-01  -8.82461E-02  -1.10446E-01   5.45132E-02   4.44011E-03   1.11417E-01   9.49162E-02   4.87463E-02   7.65364E-02  -4.89038E-02  -1.35274E-02  -8.10032E-02  -7.40556E-02  -2.95814E-02  -4.96261E-02   4.08802E-02   2.37632E-02   6.18966E-02   6.29299E-02   1.64967E-02   2.95250E-02  -3.54665E-02  -2.64582E-02  -3.98636E-02  -4.38250E-02  -8.10398E-03  -1.21799E-02   2.37852E-02   2.84428E-02   2.82580E-02   3.40958E-02   8.17794E-03   2.60856E-03  -1.39696E-02  -2.79947E-02  -1.99669E-02  -2.19445E-02  -7.62907E-03   1.94466E-02   1.46278E-02
 5.07000E+01   1.43357E-02  -1.82060E-01  -1.18322E-01  -8.50869E-02  -1.08834E-01   5.67282E-02   7.07628E-03   1.10154E-01   9.58374E-02   4.50260E-02   7.46682E-02  -5.12029E-02  -1.62947E-02  -7.93232E-02  -7.48718E-02  -2.56484E-02  -4.76949E-02   4.27773E-02   2.64886E-02   5.94624E-02   6.35117E-02   1.23070E-02   2.75936E-02  -3.66955E-02  -2.85737E-02  -3.70759E-02  -4.41988E-02  -4.59399E-03  -1.07428E-02   2.41523E-02   3.01543E-02   2.51324E-02   3.45931E-02   4.99627E-03   1.70212E-03  -1.37985E-02  -2.93137E-02  -1.68132E-02  -2.24580E-02  -5.36419E-03   2.04411E-02   1.23477E-02
 5.10000E+01   1.29261E-02  -1.81141E-01  -1.18792E-01  -8.26990E-02  -1.07559E-01   5.83984E-02   8.99046E-03   1.09189E-01   9.63825E-02   4.22158E-02   7.31952E-02  -5.29169E-02  -1.82712E-02  -7.80278E-02  -7.53037E-02  -2.26796E-02  -4.61851E-02   4.41743E-02   2.83777E-02   5.75868E-02   6.37269E-02   9.14784E-03   2.61092E-02  -3.75804E-02  -2.99712E-02  -3.49366E-02  -4.42705E-02  -1.94864E-03  -9.66793E-03   2.43944E-02   3.12164E-02   2.27427E-02   3.47578E-02   2.59355E-03   1.04995E-03  -1.36469E-02  -3.00744E-02  -1.44096E-02  -2.26857E-02  -3.64915E-03   2.10180E-02   1.06084E-02
 5.14000E+01   1.10784E-02  -1.79924E-01  -1.19277E-01  -7.95082E-02  -1.05762E-01   6.06216E-02   1.14632E-02   1.07885E-01   9.69117E-02   3.84637E-02   7.11281E-02  -5.51747E-02  -2.07788E-02  -7.62637E-02  -7.56369E-02  -1.87204E-02  -4.40841E-02   4.59916E-02   3.06937E-02   5.50378E-02   6.37169E-02   4.94280E-03   2.40774E-02  -3.87048E-02  -3.15847E-02  -3.20437E-02  -4.40867E-02   1.56738E-03  -8.23585E-03   2.46727E-02   3.23387E-02   1.95254E-02   3.46994E-02  -6.03608E-04   2.15643E-04  -1.34169E-02  -3.07850E-02  -1.11848E-02  -2.27798E-02  -1.36217E-03   2.15632E-02   8.27315E-03
 5.18000E+01   9.26261E-03  -1.78715E-01  -1.19599E-01  -7.63302E-02  -1.03848E-01   6.28214E-02   1.38506E-02   1.06564E-01   9.72155E-02   3.47304E-02   6.89381E-02  -5.73836E-02  -2.31464E-02  -7.44684E-02  -7.56943E-02  -1.47885E-02  -4.18784E-02   4.77434E-02   3.27840E-02   5.24539E-02   6.33701E-02   7.80248E-04   2.19819E-02  -3.97571E-02  -3.29186E-02  -2.91315E-02  -4.35866E-02   5.03831E-03  -6.80225E-03   2.48987E-02   3.31314E-02   1.63056E-02   3.43268E-02  -3.76096E-03  -5.80353E-04  -1.31586E-02  -3.11541E-02  -7.97191E-03  -2.26375E-02   9.00632E-04   2.18564E-02   5.94535E-03
 5.21000E+01   7.91934E-03  -1.77813E-01  -1.19736E-01  -7.39685E-02  -1.02335E-01   6.44431E-02   1.55888E-02   1.05566E-01   9.72983E-02   3.19586E-02   6.72140E-02  -5.89966E-02  -2.48347E-02  -7.31079E-02  -7.55601E-02  -1.18758E-02  -4.01545E-02   4.90050E-02   3.42093E-02   5.05056E-02   6.28935E-02  -2.29173E-03   2.03674E-02  -4.04931E-02  -3.37413E-02  -2.69514E-02  -4.30086E-02   7.59106E-03  -5.72474E-03   2.50325E-02   3.35157E-02   1.39099E-02   3.38462E-02  -6.08205E-03  -1.15356E-03  -1.29482E-02  -3.12131E-02  -5.59225E-03  -2.23795E-02   2.56623E-03   2.19155E-02   4.22076E-03
 5.25000E+01   6.15025E-03  -1.76615E-01  -1.19784E-01  -7.08656E-02  -1.00217E-01   6.65513E-02   1.78417E-02   1.04227E-01   9.72226E-02   2.83208E-02   6.48078E-02  -6.10741E-02  -2.69759E-02  -7.12829E-02  -7.51535E-02  -8.06355E-03  -3.77643E-02   5.06051E-02   3.59288E-02   4.79092E-02   6.19801E-02  -6.29306E-03   1.81577E-02  -4.13950E-02  -3.46115E-02  -2.40709E-02  -4.19771E-02   1.09009E-02  -4.28387E-03   2.51614E-02   3.37593E-02   1.07671E-02   3.29471E-02  -9.08782E-03  -1.88795E-03  -1.26474E-02  -3.10128E-02  -2.48725E-03  -2.18416E-02   4.72515E-03   2.17884E-02   1.97028E-03
 5.29000E+01   4.40360E-03  -1.75420E-01  -1.19688E-01  -6.78330E-02  -9.79874E-02   6.85800E-02   2.00266E-02   1.02882E-01   9.69462E-02   2.47700E-02   6.22841E-02  -6.30513E-02  -2.90000E-02  -6.94527E-02  -7.45004E-02  -4.35715E-03  -3.52731E-02   5.20979E-02   3.74537E-02   4.53297E-02   6.07649E-02  -1.01565E-02   1.58848E-02  -4.21966E-02  -3.52365E-02  -2.12422E-02  -4.06626E-02   1.40751E-02  -2.83772E-03   2.52310E-02   3.37118E-02   7.71073E-03   3.17679E-02  -1.19637E-02  -2.59030E-03  -1.23256E-02  -3.05103E-02   5.10739E-04  -2.10936E-02   6.79224E-03   2.14385E-02  -2.02466E-04
 5.33000E+01   2.67708E-03  -1.74226E-01  -1.19461E-01  -6.48872E-02  -9.56569E-02   7.05118E-02   2.21499E-02   1.01532E-01   9.64856E-02   2.13264E-02   5.96511E-02  -6.49118E-02  -3.09169E-02  -6.76238E-02  -7.36193E-02  -7.80007E-04  -3.26876E-02   5.34694E-02   3.87986E-02   4.27813E-02   5.92695E-02  -1.38530E-02   1.35527E-02  -4.28882E-02  -3.56341E-02  -1.84861E-02  -3.90851E-02   1.70859E-02  -1.38657E-03   2.52379E-02   3.33940E-02   4.76729E-03   3.03286E-02  -1.46817E-02  -3.26286E-03  -1.19844E-02  -2.97270E-02   3.37281E-03  -2.01504E-02   8.74661E-03   2.08816E-02  -2.27608E-03
 5.37000E+01   9.68917E-04  -1.73030E-01  -1.19120E-01  -6.20417E-02  -9.32376E-02   7.23321E-02   2.42181E-02   1.00179E-01   9.58599E-02   1.80062E-02   5.69202E-02  -6.66416E-02  -3.27366E-02  -6.58011E-02  -7.25314E-02   2.64823E-03  -3.00169E-02   5.47073E-02   3.99795E-02   4.02756E-02   5.75189E-02  -1.73577E-02   1.11674E-02  -4.34605E-02  -3.58236E-02  -1.58200E-02  -3.72678E-02   1.99089E-02   6.85230E-05   2.51792E-02   3.28291E-02   1.95968E-03   2.86519E-02  -1.72176E-02  -3.90777E-03  -1.16249E-02  -2.86874E-02   6.07391E-03  -1.90291E-02   1.05700E-02   2.01355E-02  -4.23202E-03
 5.41000E+01  -7.22130E-04  -1.71830E-01  -1.18683E-01  -5.93062E-02  -9.07437E-02   7.40294E-02   2.62370E-02   9.88225E-02   9.50902E-02   1.48219E-02   5.41044E-02  -6.82289E-02  -3.44692E-02  -6.39873E-02  -7.12602E-02   5.91208E-03  -2.72716E-02   5.58011E-02   4.10127E-02   3.78212E-02   5.55407E-02  -2.06501E-02   8.73600E-03  -4.39054E-02  -3.58259E-02  -1.32578E-02  -3.52361E-02   2.25238E-02   1.52575E-03   2.50514E-02   3.20418E-02  -6.93295E-04   2.67630E-02  -1.95507E-02  -4.52700E-03  -1.12478E-02  -2.74176E-02   8.59305E-03  -1.77485E-02   1.22470E-02   1.92196E-02  -6.05472E-03
 5.44000E+01  -1.97968E-03  -1.70925E-01  -1.18303E-01  -5.73305E-02  -8.88339E-02   7.52166E-02   2.77224E-02   9.78018E-02   9.44317E-02   1.25279E-02   5.19456E-02  -6.93204E-02  -3.57174E-02  -6.26336E-02  -7.02014E-02   8.24522E-03  -2.51711E-02   5.65216E-02   4.17006E-02   3.60176E-02   5.39250E-02  -2.29706E-02   6.88724E-03  -4.41511E-02  -3.57174E-02  -1.14108E-02  -3.35879E-02   2.43386E-02   2.61862E-03   2.49086E-02   3.13211E-02  -2.57252E-03   2.52231E-02  -2.11573E-02  -4.97565E-03  -1.09536E-02  -2.63307E-02   1.03528E-02  -1.66953E-02   1.34009E-02   1.84334E-02  -7.32671E-03
 5.48000E+01  -3.64247E-03  -1.69712E-01  -1.17742E-01  -5.47998E-02  -8.62482E-02   7.66809E-02   2.96685E-02   9.64353E-02   9.34633E-02   9.59877E-03   4.90170E-02  -7.06387E-02  -3.73209E-02  -6.08374E-02  -6.86690E-02   1.11971E-02  -2.23252E-02   5.73437E-02   4.25148E-02   3.36650E-02   5.16185E-02  -2.58568E-02   4.39603E-03  -4.43566E-02  -3.54430E-02  -9.05351E-03  -3.12467E-02   2.65529E-02   4.07329E-03   2.46530E-02   3.02075E-02  -4.92182E-03   2.30275E-02  -2.30979E-02  -5.55403E-03  -1.05462E-02  -2.47248E-02   1.25156E-02  -1.51839E-02   1.47932E-02   1.72695E-02  -8.88809E-03
 5.52000E+01  -5.28940E-03  -1.68488E-01  -1.17135E-01  -5.23868E-02  -8.36324E-02   7.80072E-02   3.15796E-02   9.50600E-02   9.24116E-02   6.81857E-03   4.60451E-02  -7.17964E-02  -3.88629E-02  -5.90496E-02  -6.70212E-02   1.39639E-02  -1.94399E-02   5.80028E-02   4.32254E-02   3.13727E-02   4.91651E-02  -2.84989E-02   1.88390E-03  -4.44179E-02  -3.50392E-02  -6.82071E-03  -2.87669E-02   2.85244E-02   5.52190E-03   2.43207E-02   2.89433E-02  -7.08544E-03   2.06943E-02  -2.47994E-02  -6.11090E-03  -1.01210E-02  -2.29655E-02   1.44602E-02  -1.35686E-02   1.60115E-02   1.59924E-02  -1.02891E-02
 5.56000E+01  -6.92030E-03  -1.67252E-01  -1.16501E-01  -5.00881E-02  -8.10027E-02   7.91960E-02   3.34594E-02   9.36727E-02   9.12971E-02   4.18501E-03   4.30455E-02  -7.27921E-02  -4.03508E-02  -5.72670E-02  -6.52817E-02   1.65455E-02  -1.65288E-02   5.84957E-02   4.38466E-02   2.91392E-02   4.65935E-02  -3.08933E-02  -6.38831E-04  -4.43313E-02  -3.45257E-02  -4.71399E-03  -2.61758E-02   3.02475E-02   6.96050E-03   2.39093E-02   2.75536E-02  -9.05899E-03   1.82508E-02  -2.62553E-02  -6.64715E-03  -9.67750E-03  -2.10803E-02   1.61804E-02  -1.18699E-02   1.70509E-02   1.46223E-02  -1.15252E-02
 5.60000E+01  -8.53466E-03  -1.66000E-01  -1.15855E-01  -4.78972E-02  -7.83737E-02   8.02503E-02   3.53110E-02   9.22697E-02   9.01388E-02   1.69270E-03   4.00328E-02  -7.36263E-02  -4.17912E-02  -5.54856E-02  -6.34724E-02   1.89451E-02  -1.36054E-02   5.88211E-02   4.43910E-02   2.69613E-02   4.39310E-02  -3.30402E-02  -3.16156E-03  -4.40940E-02  -3.39210E-02  -2.73238E-03  -2.35002E-02   3.17203E-02   8.38465E-03   2.34167E-02   2.60625E-02  -1.08412E-02   1.57236E-02  -2.74625E-02  -7.16332E-03  -9.21474E-03  -1.90958E-02   1.76735E-02  -1.01074E-02   1.79086E-02   1.31789E-02  -1.25941E-02
 5.64000E+01  -1.01318E-02  -1.64733E-01  -1.15211E-01  -4.58056E-02  -7.57590E-02   8.11751E-02   3.71363E-02   9.08468E-02   8.89535E-02  -6.66314E-04   3.70209E-02  -7.43013E-02  -4.31892E-02  -5.37004E-02  -6.16134E-02   2.11684E-02  -1.06826E-02   5.89788E-02   4.48696E-02   2.48337E-02   4.12033E-02  -3.49430E-02  -5.67347E-03  -4.37042E-02  -3.32418E-02  -8.72694E-04  -2.07654E-02   3.29433E-02   9.78949E-03   2.28410E-02   2.44926E-02  -1.24335E-02   1.31383E-02  -2.84204E-02  -7.65950E-03  -8.73172E-03  -1.70373E-02   1.89394E-02  -8.30024E-03   1.85841E-02   1.16809E-02  -1.34958E-02
 5.68000E+01  -1.17106E-02  -1.63447E-01  -1.14579E-01  -4.38026E-02  -7.31705E-02   8.19773E-02   3.89366E-02   8.93996E-02   8.77555E-02  -2.90204E-03   3.40228E-02  -7.48214E-02  -4.45481E-02  -5.19056E-02  -5.97223E-02   2.32236E-02  -7.77318E-03   5.89703E-02   4.52914E-02   2.27501E-02   3.84339E-02  -3.66077E-02  -8.16367E-03  -4.31613E-02  -3.25028E-02   8.69979E-04  -1.79951E-02   3.39197E-02   1.11698E-02   2.21811E-02   2.28644E-02  -1.38396E-02   1.05189E-02  -2.91312E-02  -8.13537E-03  -8.22733E-03  -1.49284E-02   1.99809E-02  -6.46641E-03   1.90787E-02   1.01459E-02  -1.42320E-02
 5.73000E+01  -1.36565E-02  -1.61813E-01  -1.13821E-01  -4.14057E-02  -6.99866E-02   8.28204E-02   4.11516E-02   8.75497E-02   8.62577E-02  -5.54084E-03   3.03118E-02  -7.52619E-02  -4.61952E-02  -4.96394E-02  -5.73365E-02   2.55711E-02  -4.17336E-03   5.87298E-02   4.57490E-02   2.01965E-02   3.49456E-02  -3.83662E-02  -1.12292E-02  -4.22674E-02  -3.15145E-02   2.89338E-03  -1.45161E-02   3.48017E-02   1.28519E-02   2.12361E-02   2.07759E-02  -1.53437E-02   7.23167E-03  -2.96784E-02  -8.70047E-03  -7.56512E-03  -1.22550E-02   2.09739E-02  -4.16262E-03   1.94468E-02   8.19972E-03  -1.49243E-02
 5.77000E+01  -1.51894E-02  -1.60482E-01  -1.13247E-01  -3.95583E-02  -6.74906E-02   8.33782E-02   4.28942E-02   8.60317E-02   8.50698E-02  -7.54237E-03   2.73847E-02  -7.54542E-02  -4.74719E-02  -4.78010E-02  -5.54253E-02   2.72854E-02  -1.33691E-03   5.83578E-02   4.60651E-02   1.81850E-02   3.21563E-02  -3.95269E-02  -1.36304E-02  -4.13815E-02  -3.06852E-02   4.39699E-03  -1.17446E-02   3.52449E-02   1.41556E-02   2.03834E-02   1.90826E-02  -1.63526E-02   4.61725E-03  -2.98503E-02  -9.12724E-03  -7.00871E-03  -1.01109E-02   2.15289E-02  -2.32982E-03   1.95461E-02   6.63923E-03  -1.53014E-02
 5.81000E+01  -1.66992E-02  -1.59130E-01  -1.12704E-01  -3.77596E-02  -6.50465E-02   8.38428E-02   4.46084E-02   8.44754E-02   8.38974E-02  -9.46039E-03   2.45042E-02  -7.55120E-02  -4.87109E-02  -4.59335E-02  -5.35227E-02   2.88668E-02   1.44938E-03   5.78309E-02   4.63395E-02   1.61929E-02   2.93859E-02  -4.04806E-02  -1.59742E-02  -4.03458E-02  -2.98306E-02   5.80670E-03  -9.00381E-03   3.54639E-02   1.54149E-02   1.94448E-02   1.73854E-02  -1.71974E-02   2.03791E-03  -2.97939E-02  -9.52968E-03  -6.42768E-03  -7.98212E-03   2.18795E-02  -5.22224E-04   1.94777E-02   5.09042E-03  -1.55273E-02
 5.85000E+01  -1.81842E-02  -1.57754E-01  -1.12195E-01  -3.59971E-02  -6.26582E-02   8.42240E-02   4.62912E-02   8.28771E-02   8.27438E-02  -1.13076E-02   2.16776E-02  -7.54429E-02  -4.99096E-02  -4.40314E-02  -5.16358E-02   3.03270E-02   4.17544E-03   5.71542E-02   4.65727E-02   1.42127E-02   2.66484E-02  -4.12391E-02  -1.82496E-02  -3.91632E-02  -2.89574E-02   7.13050E-03  -6.31048E-03   3.54682E-02   1.66230E-02   1.84209E-02   1.56970E-02  -1.78869E-02  -4.88010E-04  -2.95177E-02  -9.90569E-03  -5.82140E-03  -5.88523E-03   2.20345E-02   1.24630E-03   1.92478E-02   3.56582E-03  -1.56084E-02
 5.89000E+01  -1.96420E-02  -1.56356E-01  -1.11717E-01  -3.42590E-02  -6.03282E-02   8.45315E-02   4.79389E-02   8.12338E-02   8.16099E-02  -1.30960E-02   1.89115E-02  -7.52545E-02  -5.10640E-02  -4.20901E-02  -4.97700E-02   3.16777E-02   6.83177E-03   5.63333E-02   4.67635E-02   1.22378E-02   2.39555E-02  -4.18143E-02  -2.04455E-02  -3.78374E-02  -2.80704E-02   8.37622E-03  -3.68009E-03   3.52679E-02   1.77728E-02   1.73131E-02   1.40286E-02  -1.84300E-02  -2.94344E-03  -2.90314E-02  -1.02528E-02  -5.18954E-03  -3.83553E-03   2.20032E-02   2.96280E-03   1.88633E-02   2.07687E-03  -1.55517E-02
 5.94000E+01  -2.14230E-02  -1.54575E-01  -1.11157E-01  -3.21047E-02  -5.74990E-02   8.48261E-02   4.99419E-02   7.91128E-02   8.02184E-02  -1.52658E-02   1.55467E-02  -7.48632E-02  -5.24369E-02  -3.96026E-02  -4.74721E-02   3.32291E-02   1.00405E-02   5.51141E-02   4.69380E-02   9.76733E-03   2.06675E-02  -4.22940E-02  -2.30622E-02  -3.59859E-02  -2.69472E-02   9.83495E-03  -5.01930E-04   3.47466E-02   1.91168E-02   1.58135E-02   1.19855E-02  -1.89173E-02  -5.88947E-03  -2.81440E-02  -1.06419E-02  -4.36385E-03  -1.36080E-03   2.17177E-02   5.01691E-03   1.81772E-02   2.81692E-04  -1.52982E-02
 5.98000E+01  -2.28118E-02  -1.53124E-01  -1.10734E-01  -3.03845E-02  -5.53017E-02   8.50004E-02   5.14929E-02   7.73607E-02   7.91221E-02  -1.69613E-02   1.29344E-02  -7.44352E-02  -5.34717E-02  -3.75607E-02  -4.56630E-02   3.43730E-02   1.25079E-02   5.39926E-02   4.70214E-02   7.78383E-03   1.81098E-02  -4.25009E-02  -2.50398E-02  -3.43563E-02  -2.60393E-02   1.09316E-02   1.93729E-03   3.41268E-02   2.01080E-02   1.45256E-02   1.03951E-02  -1.91653E-02  -8.12986E-03  -2.72245E-02  -1.09135E-02  -3.67525E-03   5.33876E-04   2.13054E-02   6.57333E-03   1.74741E-02  -1.09014E-03  -1.49591E-02
 6.02000E+01  -2.41661E-02  -1.51651E-01  -1.10325E-01  -2.86591E-02  -5.31614E-02   8.51285E-02   5.29918E-02   7.55591E-02   7.80358E-02  -1.86298E-02   1.03965E-02  -7.39132E-02  -5.44425E-02  -3.54714E-02  -4.38796E-02   3.54407E-02   1.48783E-02   5.27493E-02   4.70489E-02   5.79032E-03   1.56238E-02  -4.25634E-02  -2.69030E-02  -3.26021E-02  -2.51237E-02   1.19723E-02   4.27231E-03   3.33396E-02   2.10165E-02   1.31634E-02   8.85103E-03  -1.92972E-02  -1.02521E-02  -2.61318E-02  -1.11464E-02  -2.96285E-03   2.34075E-03   2.07418E-02   8.04132E-03   1.66437E-02  -2.39558E-03  -1.45079E-02
 6.06000E+01  -2.54833E-02  -1.50156E-01  -1.09922E-01  -2.69226E-02  -5.10755E-02   8.52172E-02   5.44329E-02   7.37085E-02   7.69536E-02  -2.02783E-02   7.93571E-03  -7.33049E-02  -5.53419E-02  -3.33348E-02  -4.21206E-02   3.64404E-02   1.71443E-02   5.13923E-02   4.70145E-02   3.78497E-03   1.32151E-02  -4.24930E-02  -2.86416E-02  -3.07313E-02  -2.42002E-02   1.29624E-02   6.49292E-03   3.23977E-02   2.18347E-02   1.17320E-02   7.35911E-03  -1.93223E-02  -1.22439E-02  -2.48791E-02  -1.13374E-02  -2.22826E-03   4.04979E-03   2.00385E-02   9.41138E-03   1.56959E-02  -3.62697E-03  -1.39532E-02
 6.11000E+01  -2.70742E-02  -1.48259E-01  -1.09414E-01  -2.47304E-02  -4.85399E-02   8.52817E-02   5.61435E-02   7.13291E-02   7.55966E-02  -2.23181E-02   4.97096E-03  -7.24343E-02  -5.63542E-02  -3.06000E-02  -3.99526E-02   3.76048E-02   1.98202E-02   4.95493E-02   4.68743E-02   1.26128E-03   1.03193E-02  -4.22350E-02  -3.06249E-02  -2.82430E-02  -2.30327E-02   1.41355E-02   9.09400E-03   3.10223E-02   2.27193E-02   9.85441E-03   5.57460E-03  -1.92169E-02  -1.45331E-02  -2.31094E-02  -1.15120E-02  -1.28215E-03   6.03503E-03   1.89817E-02   1.09731E-02   1.43619E-02  -5.05172E-03  -1.31282E-02
 6.15000E+01  -2.82997E-02  -1.46722E-01  -1.08994E-01  -2.29571E-02  -4.65642E-02   8.53020E-02   5.74324E-02   6.93763E-02   7.44990E-02  -2.39374E-02   2.68978E-03  -7.16584E-02  -5.70654E-02  -2.83650E-02  -3.82391E-02   3.84752E-02   2.18283E-02   4.79687E-02   4.66762E-02  -7.69575E-04   8.09835E-03  -4.19056E-02  -3.20486E-02  -2.61451E-02  -2.20864E-02   1.50264E-02   1.10256E-02   2.97799E-02   2.33082E-02   8.29034E-03   4.21584E-03  -1.90339E-02  -1.61921E-02  -2.15485E-02  -1.15966E-02  -5.06367E-04   7.49297E-03   1.80093E-02   1.20925E-02   1.31889E-02  -6.09273E-03  -1.23745E-02
 6.20000E+01  -2.97693E-02  -1.44778E-01  -1.08437E-01  -2.07162E-02  -4.41541E-02   8.52944E-02   5.89348E-02   6.68805E-02   7.31001E-02  -2.59477E-02  -4.72904E-05  -7.06006E-02  -5.78193E-02  -2.55201E-02  -3.61177E-02   3.94940E-02   2.41644E-02   4.58765E-02   4.63103E-02  -3.31790E-03   5.44546E-03  -4.13569E-02  -3.36117E-02  -2.34080E-02  -2.08847E-02   1.60845E-02   1.32426E-02   2.80719E-02   2.38856E-02   6.27116E-03   2.60810E-03  -1.86958E-02  -1.80364E-02  -1.94414E-02  -1.16286E-02   4.81370E-04   9.14205E-03   1.66562E-02   1.33184E-02   1.16096E-02  -7.26232E-03  -1.13310E-02
 6.24000E+01  -3.08932E-02  -1.43209E-01  -1.07955E-01  -1.89065E-02  -4.22686E-02   8.52655E-02   6.00439E-02   6.48463E-02   7.19510E-02  -2.75445E-02  -2.14532E-03  -6.96923E-02  -5.83066E-02  -2.32111E-02  -3.44326E-02   4.02575E-02   2.58893E-02   4.41222E-02   4.59155E-02  -5.35860E-03   3.42322E-03  -4.08203E-02  -3.46807E-02  -2.11419E-02  -1.99057E-02   1.68882E-02   1.48521E-02   2.65986E-02   2.42142E-02   4.61574E-03   1.39696E-03  -1.83477E-02  -1.93200E-02  -1.76508E-02  -1.15921E-02   1.28110E-03   1.03164E-02   1.54800E-02   1.41539E-02   1.02707E-02  -8.08782E-03  -1.04274E-02
 6.29000E+01  -3.22313E-02  -1.41236E-01  -1.07297E-01  -1.66291E-02  -3.99583E-02   8.52037E-02   6.13078E-02   6.22669E-02   7.04668E-02  -2.95227E-02  -4.65408E-03  -6.84898E-02  -5.87620E-02  -2.02958E-02  -3.23351E-02   4.11506E-02   2.78604E-02   4.18463E-02   4.52858E-02  -7.90186E-03   1.02116E-03  -4.00426E-02  -3.57815E-02  -1.82367E-02  -1.86567E-02   1.78401E-02   1.66526E-02   2.46472E-02   2.44513E-02   2.51296E-03  -2.11202E-05  -1.78285E-02  -2.06761E-02  -1.53086E-02  -1.14655E-02   2.28526E-03   1.15970E-02   1.39145E-02   1.50102E-02   8.52397E-03  -8.97714E-03  -9.22871E-03
 6.33000E+01  -3.32475E-02  -1.39651E-01  -1.06717E-01  -1.48014E-02  -3.81425E-02   8.51349E-02   6.22172E-02   6.01826E-02   6.92345E-02  -3.10868E-02  -6.57130E-03  -6.74816E-02  -5.89983E-02  -1.79511E-02  -3.06603E-02   4.18171E-02   2.92873E-02   3.99726E-02   4.46680E-02  -9.92131E-03  -8.00348E-04  -3.93455E-02  -3.64693E-02  -1.58721E-02  -1.76348E-02   1.85589E-02   1.79211E-02   2.30157E-02   2.44985E-02   8.17115E-04  -1.07823E-03  -1.73552E-02  -2.15583E-02  -1.33729E-02  -1.12977E-02   3.08616E-03   1.24687E-02   1.26025E-02   1.55415E-02   7.08403E-03  -9.57231E-03  -8.22702E-03
 6.38000E+01  -3.44494E-02  -1.37668E-01  -1.05918E-01  -1.25197E-02  -3.59079E-02   8.50252E-02   6.32238E-02   5.75634E-02   6.76308E-02  -3.30111E-02  -8.85807E-03  -6.61730E-02  -5.91294E-02  -1.50202E-02  -2.85657E-02   4.25902E-02   3.08828E-02   3.75828E-02   4.37485E-02  -1.24129E-02  -2.95383E-03  -3.83940E-02  -3.70854E-02  -1.28904E-02  -1.63269E-02   1.94024E-02   1.92909E-02   2.09120E-02   2.43767E-02  -1.30110E-03  -2.30315E-03  -1.67029E-02  -2.24055E-02  -1.09040E-02  -1.10032E-02   4.07558E-03   1.33661E-02   1.09103E-02   1.60117E-02   5.25277E-03  -1.01697E-02  -6.93844E-03
 6.42000E+01  -3.53567E-02  -1.36085E-01  -1.05215E-01  -1.07055E-02  -3.41444E-02   8.49180E-02   6.39246E-02   5.54666E-02   6.62934E-02  -3.45193E-02  -1.06021E-02  -6.50940E-02  -5.91014E-02  -1.26879E-02  -2.68863E-02   4.31596E-02   3.20098E-02   3.56461E-02   4.28935E-02  -1.43688E-02  -4.57997E-03  -3.75779E-02  -3.73833E-02  -1.05030E-02  -1.52548E-02   2.00310E-02   2.02150E-02   1.91949E-02   2.41345E-02  -2.98023E-03  -3.20682E-03  -1.61406E-02  -2.28794E-02  -8.91047E-03  -1.06999E-02   4.85106E-03   1.39308E-02   9.53081E-03   1.62330E-02   3.77888E-03  -1.05309E-02  -5.89082E-03
 6.47000E+01  -3.64247E-02  -1.34114E-01  -1.04254E-01  -8.46406E-03  -3.19660E-02   8.47584E-02   6.46710E-02   5.28567E-02   6.45506E-02  -3.63556E-02  -1.26796E-02  -6.37134E-02  -5.89015E-02  -9.80464E-03  -2.47793E-02   4.38077E-02   3.32355E-02   3.32119E-02   4.16757E-02  -1.67516E-02  -6.49558E-03  -3.65005E-02  -3.75157E-02  -7.54074E-03  -1.38816E-02   2.07556E-02   2.11597E-02   1.70281E-02   2.36534E-02  -5.04076E-03  -4.24327E-03  -1.53978E-02  -2.32213E-02  -6.42327E-03  -1.02370E-02   5.79122E-03   1.44486E-02   7.79563E-03   1.63194E-02   1.94674E-03  -1.08389E-02  -4.57659E-03
 6.52000E+01  -3.74220E-02  -1.32160E-01  -1.03203E-01  -6.26577E-03  -2.98130E-02   8.45681E-02   6.52776E-02   5.02730E-02   6.27285E-02  -3.81261E-02  -1.46481E-02  -6.23053E-02  -5.85225E-02  -6.97552E-03  -2.26617E-02   4.43816E-02   3.42642E-02   3.07814E-02   4.02958E-02  -1.90480E-02  -8.28621E-03  -3.53708E-02  -3.73889E-02  -4.62959E-03  -1.24718E-02   2.14079E-02   2.18775E-02   1.48623E-02   2.29794E-02  -7.03791E-03  -5.17964E-03  -1.46210E-02  -2.32932E-02  -3.97062E-03  -9.68389E-03   6.68892E-03   1.47637E-02   6.07071E-03   1.62008E-02   1.48718E-04  -1.09923E-02  -3.27432E-03
 6.56000E+01  -3.81715E-02  -1.30612E-01  -1.02298E-01  -4.54786E-03  -2.81069E-02   8.43918E-02   6.56667E-02   4.82343E-02   6.12150E-02  -3.94869E-02  -1.61488E-02  -6.11640E-02  -5.80954E-02  -4.76374E-03  -2.09593E-02   4.47846E-02   3.49517E-02   2.88520E-02   3.90794E-02  -2.08108E-02  -9.63294E-03  -3.44368E-02  -3.71085E-02  -2.35553E-03  -1.13187E-02   2.18743E-02   2.22955E-02   1.31460E-02   2.23072E-02  -8.57573E-03  -5.85971E-03  -1.39819E-02  -2.31646E-02  -2.05327E-03  -9.17919E-03   7.36955E-03   1.48760E-02   4.71320E-03   1.59645E-02  -1.24966E-03  -1.10085E-02  -2.25272E-03
 6.61000E+01  -3.90522E-02  -1.28700E-01  -1.01093E-01  -2.46245E-03  -2.59931E-02   8.41389E-02   6.60401E-02   4.57315E-02   5.92573E-02  -4.11089E-02  -1.79376E-02  -5.97243E-02  -5.74155E-02  -2.07774E-03  -1.88215E-02   4.52142E-02   3.56512E-02   2.64728E-02   3.74263E-02  -2.29073E-02  -1.12149E-02  -3.32391E-02  -3.65471E-02   3.97771E-04  -9.84765E-03   2.23836E-02   2.26332E-02   1.10391E-02   2.13105E-02  -1.04066E-02  -6.62797E-03  -1.31687E-02  -2.27843E-02   2.64674E-04  -8.47532E-03   8.16525E-03   1.48516E-02   3.06150E-03   1.55027E-02  -2.92978E-03  -1.09031E-02  -1.01426E-03
 6.66000E+01  -3.98756E-02  -1.26817E-01  -9.98141E-02  -4.56494E-04  -2.38994E-02   8.38471E-02   6.62980E-02   4.32893E-02   5.72326E-02  -4.26335E-02  -1.96363E-02  -5.82748E-02  -5.65853E-02   5.06831E-04  -1.66743E-02   4.55577E-02   3.61851E-02   2.41430E-02   3.56369E-02  -2.48705E-02  -1.26910E-02  -3.20152E-02  -3.57675E-02   3.03144E-03  -8.34722E-03   2.28064E-02   2.27794E-02   8.99227E-03   2.01528E-02  -1.21193E-02  -7.31072E-03  -1.23467E-02  -2.21772E-02   2.47249E-03  -7.69675E-03   8.89146E-03   1.46566E-02   1.47699E-03   1.48693E-02  -4.51679E-03  -1.06678E-02   1.68218E-04
 6.71000E+01  -4.06477E-02  -1.24967E-01  -9.84710E-02   1.46080E-03  -2.18259E-02   8.35134E-02   6.64523E-02   4.09159E-02   5.51496E-02  -4.40522E-02  -2.12519E-02  -5.68191E-02  -5.56196E-02   2.97750E-03  -1.45205E-02   4.58107E-02   3.65678E-02   2.18744E-02   3.37253E-02  -2.66872E-02  -1.40686E-02  -3.07713E-02  -3.47898E-02   5.52670E-03  -6.82202E-03   2.31382E-02   2.27504E-02   7.02153E-03   1.88497E-02  -1.36983E-02  -7.91416E-03  -1.15223E-02  -2.13641E-02   4.54914E-03  -6.85136E-03   9.54031E-03   1.43061E-02  -2.45788E-05   1.40802E-02  -5.99408E-03  -1.03144E-02   1.28248E-03
 6.76000E+01  -4.13749E-02  -1.23150E-01  -9.70759E-02   3.28283E-03  -1.97735E-02   8.31354E-02   6.65156E-02   3.86172E-02   5.30182E-02  -4.53580E-02  -2.27915E-02  -5.53596E-02  -5.45345E-02   5.32466E-03  -1.23642E-02   4.59697E-02   3.68143E-02   1.96760E-02   3.17068E-02  -2.83467E-02  -1.53553E-02  -2.95120E-02  -3.36355E-02   7.86826E-03  -5.27759E-03   2.33749E-02   2.25635E-02   5.13985E-03   1.74185E-02  -1.51306E-02  -8.44464E-03  -1.07009E-02  -2.03671E-02   6.47715E-03  -5.94791E-03   1.01051E-02   1.38164E-02  -1.43013E-03   1.31530E-02  -7.34777E-03  -9.85539E-03   2.31830E-03
 6.80000E+01  -4.19285E-02  -1.21721E-01  -9.59308E-02   4.66912E-03  -1.81477E-02   8.27995E-02   6.65096E-02   3.68343E-02   5.12856E-02  -4.63183E-02  -2.39730E-02  -5.41901E-02  -5.35916E-02   7.10888E-03  -1.06405E-02   4.60272E-02   3.69235E-02   1.79721E-02   3.00264E-02  -2.95554E-02  -1.63238E-02  -2.84957E-02  -3.26000E-02   9.62286E-03  -4.03242E-03   2.34934E-02   2.23123E-02   3.70544E-03   1.61936E-02  -1.61638E-02  -8.82076E-03  -1.00485E-02  -1.94528E-02   7.90308E-03  -5.18962E-03   1.04928E-02   1.33357E-02  -2.47836E-03   1.23240E-02  -8.33414E-03  -9.42102E-03   3.08494E-03
 6.85000E+01  -4.25903E-02  -1.19966E-01  -9.44740E-02   6.31153E-03  -1.61373E-02   8.23366E-02   6.64421E-02   3.46767E-02   4.90949E-02  -4.74105E-02  -2.53923E-02  -5.27259E-02  -5.23340E-02   9.21887E-03  -8.49183E-03   4.60100E-02   3.69629E-02   1.59142E-02   2.78581E-02  -3.09125E-02  -1.74641E-02  -2.72156E-02  -3.11845E-02   1.16606E-02  -2.46966E-03   2.35508E-02   2.18861E-02   2.00733E-03   1.45783E-02  -1.73077E-02  -9.23571E-03  -9.24141E-03  -1.81840E-02   9.53091E-03  -4.20556E-03   1.08934E-02   1.26381E-02  -3.68663E-03   1.11947E-02  -9.43906E-03  -8.80538E-03   3.96038E-03
 6.90000E+01  -4.32238E-02  -1.18242E-01  -9.30005E-02   7.85422E-03  -1.41532E-02   8.18246E-02   6.63193E-02   3.25973E-02   4.68871E-02  -4.83818E-02  -2.67527E-02  -5.12582E-02  -5.10039E-02   1.11938E-02  -6.35536E-03   4.58920E-02   3.69078E-02   1.39378E-02   2.56307E-02  -3.20955E-02  -1.85318E-02  -2.59257E-02  -2.96558E-02   1.35205E-02  -9.06671E-04   2.35054E-02   2.13516E-02   4.19180E-04   1.28873E-02  -1.82825E-02  -9.59470E-03  -8.44529E-03  -1.67975E-02   1.09800E-02  -3.19060E-03   1.11980E-02   1.18491E-02  -4.77623E-03   9.97940E-03  -1.03959E-02  -8.12149E-03   4.73952E-03
 6.95000E+01  -4.38339E-02  -1.16548E-01  -9.15219E-02   9.30016E-03  -1.21981E-02   8.12627E-02   6.61525E-02   3.05930E-02   4.46731E-02  -4.92328E-02  -2.80590E-02  -4.97852E-02  -4.96171E-02   1.30347E-02  -4.23718E-03   4.56725E-02   3.67715E-02   1.20426E-02   2.33614E-02  -3.31028E-02  -1.95319E-02  -2.46256E-02  -2.80356E-02   1.52001E-02   6.48960E-04   2.33559E-02   2.07257E-02  -1.05648E-03   1.11395E-02  -1.90850E-02  -9.90301E-03  -7.66116E-03  -1.53166E-02   1.22457E-02  -2.15478E-03   1.14045E-02   1.09852E-02  -5.74362E-03   8.69694E-03  -1.12006E-02  -7.38252E-03   5.41948E-03
 7.00000E+01  -4.44246E-02  -1.14881E-01  -9.00484E-02   1.06543E-02  -1.02746E-02   8.06507E-02   6.59515E-02   2.86594E-02   4.24635E-02  -4.99658E-02  -2.93148E-02  -4.83045E-02  -4.81882E-02   1.47443E-02  -2.14364E-03   4.53509E-02   3.65663E-02   1.02266E-02   2.10666E-02  -3.39350E-02  -2.04687E-02  -2.33145E-02  -2.63448E-02   1.66995E-02   2.18942E-03   2.31018E-02   2.00241E-02  -2.41925E-03   9.35312E-03  -1.97139E-02  -1.01653E-02  -6.88922E-03  -1.37638E-02   1.33263E-02  -1.10809E-03   1.15119E-02   1.00626E-02  -6.58730E-03   7.36542E-03  -1.18515E-02  -6.60116E-03   5.99899E-03
 7.05000E+01  -4.49992E-02  -1.13235E-01  -8.85891E-02   1.19229E-02  -8.38557E-03   7.99887E-02   6.57247E-02   2.67906E-02   4.02677E-02  -5.05845E-02  -3.05227E-02  -4.68132E-02  -4.67303E-02   1.63277E-02  -8.12582E-05   4.49279E-02   3.63028E-02   8.48621E-03   1.87620E-02  -3.45944E-02  -2.13451E-02  -2.19907E-02  -2.46028E-02   1.80213E-02   3.70675E-03   2.27432E-02   1.92613E-02  -3.67054E-03   7.54603E-03  -2.01703E-02  -1.03855E-02  -6.12907E-03  -1.21603E-02   1.42224E-02  -6.03342E-05   1.15205E-02   9.09641E-03  -7.30756E-03   6.00230E-03  -1.23488E-02  -5.78950E-03   6.47816E-03
 7.10000E+01  -4.55599E-02  -1.11608E-01  -8.71509E-02   1.31137E-02  -6.53372E-03   7.92774E-02   6.54786E-02   2.49799E-02   3.80942E-02  -5.10935E-02  -3.16843E-02  -4.53082E-02  -4.52549E-02   1.77909E-02   1.94344E-03   4.44045E-02   3.59901E-02   6.81673E-03   1.64624E-02  -3.50852E-02  -2.21631E-02  -2.06523E-02  -2.28275E-02   1.91699E-02   5.19292E-03   2.22813E-02   1.84505E-02  -4.81322E-03   5.73508E-03  -2.04566E-02  -1.05669E-02  -5.37990E-03  -1.05263E-02   1.49370E-02   9.78922E-04   1.14313E-02   8.10077E-03  -7.90620E-03   4.62416E-03  -1.26944E-02  -4.95890E-03   6.85831E-03
 7.16000E+01  -4.62159E-02  -1.09673E-01  -8.54604E-02   1.44514E-02  -4.36452E-03   7.83600E-02   6.51645E-02   2.28734E-02   3.55259E-02  -5.15676E-02  -3.30176E-02  -4.34796E-02  -4.34748E-02   1.93980E-02   4.31415E-03   4.36464E-02   3.55600E-02   4.89943E-03   1.37286E-02  -3.54589E-02  -2.30687E-02  -1.90242E-02  -2.06758E-02   2.03281E-02   6.92384E-03   2.15929E-02   1.74303E-02  -6.04676E-03   3.57924E-03  -2.05815E-02  -1.07367E-02  -4.49380E-03  -8.55134E-03   1.55612E-02   2.20182E-03   1.11979E-02   6.88552E-03  -8.46843E-03   2.97250E-03  -1.29138E-02  -3.95206E-03   7.18719E-03
 7.21000E+01  -4.67488E-02  -1.08070E-01  -8.40851E-02   1.55001E-02  -2.60421E-03   7.75440E-02   6.48906E-02   2.11646E-02   3.34262E-02  -5.18560E-02  -3.40773E-02  -4.19335E-02  -4.19925E-02   2.06227E-02   6.23305E-03   4.29091E-02   3.51625E-02   3.36666E-03   1.14863E-02  -3.55984E-02  -2.37598E-02  -1.76468E-02  -1.88818E-02   2.11184E-02   8.31314E-03   2.09104E-02   1.65526E-02  -6.96571E-03   1.81459E-03  -2.05099E-02  -1.08404E-02  -3.76472E-03  -6.91375E-03   1.58945E-02   3.19035E-03   1.09015E-02   5.86971E-03  -8.81179E-03   1.61492E-03  -1.29395E-02  -3.11599E-03   7.35901E-03
 7.26000E+01  -4.72682E-02  -1.06472E-01  -8.27419E-02   1.64980E-02  -8.89716E-04   7.66828E-02   6.46067E-02   1.94905E-02   3.13687E-02  -5.20542E-02  -3.50884E-02  -4.03644E-02  -4.05176E-02   2.17515E-02   8.09366E-03   4.20792E-02   3.47335E-02   1.88683E-03   9.28860E-03  -3.55896E-02  -2.43915E-02  -1.62491E-02  -1.71002E-02   2.17583E-02   9.64570E-03   2.01325E-02   1.56589E-02  -7.79136E-03   9.36301E-05  -2.02857E-02  -1.09107E-02  -3.04289E-03  -5.30020E-03   1.60657E-02   4.14208E-03   1.05163E-02   4.86254E-03  -9.04678E-03   2.88775E-04  -1.28288E-02  -2.29208E-03   7.44220E-03
 7.31000E+01  -4.77725E-02  -1.04876E-01  -8.14307E-02   1.74530E-02   7.76465E-04   7.57786E-02   6.43125E-02   1.78445E-02   2.93574E-02  -5.21690E-02  -3.60485E-02  -3.87706E-02  -3.90545E-02   2.27927E-02   9.88981E-03   4.11602E-02   3.42753E-02   4.54426E-04   7.14551E-03  -3.54402E-02  -2.49617E-02  -1.48302E-02  -1.53419E-02   2.22567E-02   1.09138E-02   1.92633E-02   1.47564E-02  -8.52943E-03  -1.57090E-03  -1.99166E-02  -1.09479E-02  -2.32732E-03  -3.72472E-03   1.60835E-02   5.04901E-03   1.00466E-02   3.87365E-03  -9.17917E-03  -9.93559E-04  -1.25887E-02  -1.48836E-03   7.44140E-03
 7.37000E+01  -4.83544E-02  -1.02958E-01  -7.98974E-02   1.85526E-02   2.70882E-03   7.46399E-02   6.39432E-02   1.58980E-02   2.70089E-02  -5.22059E-02  -3.71283E-02  -3.68235E-02  -3.73184E-02   2.39369E-02   1.19517E-02   3.99462E-02   3.36885E-02  -1.20885E-03   4.65838E-03  -3.50876E-02  -2.55605E-02  -1.30991E-02  -1.32758E-02   2.26806E-02   1.23397E-02   1.81066E-02   1.36700E-02  -9.30766E-03  -3.47745E-03  -1.92945E-02  -1.09487E-02  -1.47596E-03  -1.90209E-03   1.59154E-02   6.06760E-03   9.37863E-03   2.72315E-03  -9.21150E-03  -2.45864E-03  -1.21409E-02  -5.60734E-04   7.33684E-03
 7.42000E+01  -4.88163E-02  -1.01356E-01  -7.86499E-02   1.94380E-02   4.26069E-03   7.36493E-02   6.36186E-02   1.42942E-02   2.51085E-02  -5.21602E-02  -3.79634E-02  -3.51720E-02  -3.58901E-02   2.48111E-02   1.35855E-02   3.88475E-02   3.31686E-02  -2.55356E-03   2.66537E-03  -3.46597E-02  -2.59842E-02  -1.16336E-02  -1.15998E-02   2.28996E-02   1.34398E-02   1.70547E-02   1.27673E-02  -9.87335E-03  -4.97811E-03  -1.86380E-02  -1.09120E-02  -7.72247E-04  -4.52959E-04   1.56294E-02   6.85010E-03   8.74171E-03   1.80338E-03  -9.14089E-03  -3.60612E-03  -1.16448E-02   1.74037E-04   7.16991E-03
 7.47000E+01  -4.92540E-02  -9.97481E-02  -7.74262E-02   2.03007E-02   5.75738E-03   7.26238E-02   6.32746E-02   1.27033E-02   2.32608E-02  -5.20515E-02  -3.87353E-02  -3.34950E-02  -3.44789E-02   2.56201E-02   1.51369E-02   3.76758E-02   3.26196E-02  -3.86429E-03   7.51903E-04  -3.41198E-02  -2.63354E-02  -1.01490E-02  -9.97209E-03   2.30064E-02   1.44525E-02   1.59297E-02   1.18709E-02  -1.03696E-02  -6.38859E-03  -1.78667E-02  -1.08402E-02  -7.39679E-05   9.22332E-04   1.52220E-02   7.56547E-03   8.03863E-03   9.26035E-04  -8.98913E-03  -4.67713E-03  -1.10471E-02   8.67982E-04   6.93678E-03
 7.53000E+01  -4.97420E-02  -9.78113E-02  -7.59830E-02   2.13118E-02   7.47816E-03   7.13518E-02   6.28302E-02   1.08078E-02   2.11141E-02  -5.18462E-02  -3.95718E-02  -3.14515E-02  -3.28079E-02   2.65127E-02   1.68831E-02   3.61822E-02   3.19200E-02  -5.39566E-03  -1.43134E-03  -3.33374E-02  -2.66554E-02  -8.34616E-03  -8.09012E-03   2.29995E-02   1.55438E-02   1.44938E-02   1.08074E-02  -1.08805E-02  -7.95049E-03  -1.68049E-02  -1.07064E-02   7.55800E-04   2.46340E-03   1.45886E-02   8.32724E-03   7.11757E-03  -6.29203E-05  -8.71021E-03  -5.85020E-03  -1.02098E-02   1.63996E-03   6.57843E-03
 7.58000E+01  -5.01136E-02  -9.61915E-02  -7.47960E-02   2.21376E-02   8.84782E-03   7.02611E-02   6.24283E-02   9.23858E-03   1.93839E-02  -5.16189E-02  -4.01893E-02  -2.97261E-02  -3.14328E-02   2.71969E-02   1.82372E-02   3.48726E-02   3.13007E-02  -6.63883E-03  -3.15117E-03  -3.25848E-02  -2.68332E-02  -6.83031E-03  -6.58599E-03   2.28917E-02   1.63435E-02   1.32352E-02   9.93376E-03  -1.12416E-02  -9.13490E-03  -1.58201E-02  -1.05535E-02   1.43902E-03   3.64825E-03   1.39538E-02   8.87564E-03   6.29449E-03  -8.28366E-04  -8.40590E-03  -6.72633E-03  -9.42441E-03   2.22780E-03   6.22193E-03
 7.64000E+01  -5.05124E-02  -9.42429E-02  -7.33832E-02   2.31107E-02   1.04127E-02   6.89210E-02   6.19012E-02   7.36837E-03   1.73773E-02  -5.12864E-02  -4.08289E-02  -2.76345E-02  -2.98017E-02   2.79522E-02   1.97357E-02   3.32340E-02   3.05107E-02  -8.09156E-03  -5.09018E-03  -3.15754E-02  -2.69344E-02  -5.00225E-03  -4.86262E-03   2.26528E-02   1.71647E-02   1.16637E-02   8.90261E-03  -1.16035E-02  -1.04070E-02  -1.45360E-02  -1.03188E-02   2.24634E-03   4.94232E-03   1.30813E-02   9.42383E-03   5.25236E-03  -1.67089E-03  -7.96586E-03  -7.64767E-03  -8.39336E-03   2.86165E-03   5.73465E-03
 7.69000E+01  -5.08020E-02  -9.26176E-02  -7.22102E-02   2.39070E-02   1.16504E-02   6.77825E-02   6.14199E-02   5.82248E-03   1.57621E-02  -5.09645E-02  -4.12737E-02  -2.58796E-02  -2.84561E-02   2.85303E-02   2.08760E-02   3.18220E-02   2.98111E-02  -9.26885E-03  -6.59906E-03  -3.06572E-02  -2.69220E-02  -3.47802E-03  -3.49695E-03   2.23723E-02   1.77293E-02   1.03144E-02   8.05877E-03  -1.18502E-02  -1.13377E-02  -1.33952E-02  -1.00793E-02   2.90597E-03   5.90921E-03   1.22759E-02   9.78535E-03   4.34868E-03  -2.30633E-03  -7.54574E-03  -8.30214E-03  -7.47374E-03   3.32724E-03   5.28699E-03
 7.75000E+01  -5.10946E-02  -9.06696E-02  -7.08017E-02   2.48441E-02   1.30557E-02   6.63961E-02   6.07865E-02   3.98660E-03   1.38903E-02  -5.05308E-02  -4.16979E-02  -2.37679E-02  -2.68556E-02   2.91657E-02   2.21118E-02   3.00839E-02   2.89192E-02  -1.06393E-02  -8.27913E-03  -2.94773E-02  -2.67879E-02  -1.65762E-03  -1.94459E-03   2.19499E-02   1.82598E-02   8.66242E-03   7.06556E-03  -1.20854E-02  -1.22947E-02  -1.19600E-02  -9.73833E-03   3.67773E-03   6.93127E-03   1.12335E-02   1.01016E-02   3.23535E-03  -2.98597E-03  -6.98891E-03  -8.94721E-03  -6.31512E-03   3.80822E-03   4.71014E-03
 7.80000E+01  -5.12905E-02  -8.90522E-02  -6.96230E-02   2.56075E-02   1.41605E-02   6.52285E-02   6.02089E-02   2.47690E-03   1.23842E-02  -5.01340E-02  -4.19582E-02  -2.20107E-02  -2.55316E-02   2.96481E-02   2.30302E-02   2.86088E-02   2.81309E-02  -1.17434E-02  -9.56980E-03  -2.84401E-02  -2.65753E-02  -1.56225E-04  -7.23567E-04   2.15354E-02   1.85779E-02   7.27064E-03   6.25439E-03  -1.22342E-02  -1.29573E-02  -1.07237E-02  -9.40916E-03   4.30074E-03   7.66600E-03   1.03153E-02   1.02659E-02   2.29419E-03  -3.48199E-03  -6.48977E-03  -9.36606E-03  -5.31746E-03   4.14315E-03   4.20437E-03
 7.86000E+01  -5.14666E-02  -8.71241E-02  -6.81985E-02   2.64992E-02   1.54080E-02   6.38184E-02   5.94532E-02   6.95888E-04   1.06390E-02  -4.96199E-02  -4.21580E-02  -1.99150E-02  -2.39525E-02   3.01719E-02   2.39994E-02   2.68191E-02   2.71298E-02  -1.30184E-02  -1.09881E-02  -2.71445E-02  -2.61991E-02   1.61545E-03   6.54839E-04   2.09734E-02   1.88109E-02   5.59795E-03   5.30098E-03  -1.23598E-02  -1.35906E-02  -9.21034E-03  -8.96044E-03   5.01921E-03   8.40696E-03   9.17159E-03   1.03440E-02   1.16247E-03  -3.99247E-03  -5.85957E-03  -9.72606E-03  -4.09905E-03   4.46575E-03   3.57737E-03
 7.91000E+01  -5.15639E-02  -8.55325E-02  -6.70007E-02   2.72185E-02   1.63837E-02   6.26402E-02   5.87705E-02  -7.57256E-04   9.23429E-03  -4.91632E-02  -4.22316E-02  -1.81874E-02  -2.26435E-02   3.05626E-02   2.46977E-02   2.53211E-02   2.62496E-02  -1.40355E-02  -1.20630E-02  -2.60325E-02  -2.57860E-02   3.05778E-03   1.73212E-03   2.04591E-02   1.88830E-02   4.21401E-03   4.52313E-03  -1.24228E-02  -1.39852E-02  -7.93862E-03  -8.54262E-03   5.58956E-03   8.90842E-03   8.19664E-03   1.03113E-02   2.28048E-04  -4.34789E-03  -5.31662E-03  -9.90865E-03  -3.07933E-03   4.66921E-03   3.04575E-03
 7.97000E+01  -5.16222E-02  -8.36467E-02  -6.55489E-02   2.80484E-02   1.74805E-02   6.12279E-02   5.78880E-02  -2.45652E-03   7.60568E-03  -4.85845E-02  -4.22107E-02  -1.61469E-02  -2.10797E-02   3.09764E-02   2.54082E-02   2.35271E-02   2.51395E-02  -1.51963E-02  -1.32280E-02  -2.46717E-02  -2.51739E-02   4.73619E-03   2.94122E-03   1.97955E-02   1.88268E-02   2.58026E-03   3.60966E-03  -1.24513E-02  -1.43030E-02  -6.41724E-03  -7.99044E-03   6.23461E-03   9.37439E-03   7.01643E-03   1.01580E-02  -8.69753E-04  -4.69240E-03  -4.65364E-03  -9.99066E-03  -1.86665E-03   4.83687E-03   2.40610E-03
 8.03000E+01  -5.16190E-02  -8.17933E-02  -6.40813E-02   2.88368E-02   1.85000E-02   5.98223E-02   5.69389E-02  -4.09943E-03   6.03637E-03  -4.79757E-02  -4.20753E-02  -1.41525E-02  -1.95234E-02   3.13293E-02   2.59851E-02   2.17489E-02   2.39730E-02  -1.62859E-02  -1.42617E-02  -2.32941E-02  -2.44403E-02   6.34536E-03   4.06202E-03   1.90903E-02   1.86215E-02   9.91394E-04   2.71793E-03  -1.24305E-02  -1.44577E-02  -4.91869E-03  -7.38584E-03   6.83106E-03   9.69786E-03   5.84116E-03   9.88585E-03  -1.92839E-03  -4.95072E-03  -3.98822E-03  -9.92930E-03  -6.82614E-04   4.92436E-03   1.77399E-03
 8.09000E+01  -5.15578E-02  -7.99781E-02  -6.25989E-02   2.95784E-02   1.94464E-02   5.84284E-02   5.59270E-02  -5.67827E-03   4.52341E-03  -4.73395E-02  -4.18321E-02  -1.22144E-02  -1.79746E-02   3.16203E-02   2.64355E-02   1.99980E-02   2.27543E-02  -1.72986E-02  -1.51708E-02  -2.19113E-02  -2.35929E-02   7.87336E-03   5.09828E-03   1.83515E-02   1.82760E-02  -5.37531E-04   1.84797E-03  -1.23627E-02  -1.44585E-02  -3.46015E-03  -6.73290E-03   7.37319E-03   9.88655E-03   4.68644E-03   9.50224E-03  -2.93464E-03  -5.12739E-03  -3.33004E-03  -9.73311E-03   4.56571E-04   4.93621E-03   1.15853E-03
 8.15000E+01  -5.14432E-02  -7.82060E-02  -6.11045E-02   3.02684E-02   2.03245E-02   5.70499E-02   5.48581E-02  -7.18629E-03   3.06401E-03  -4.66779E-02  -4.14891E-02  -1.03413E-02  -1.64345E-02   3.18483E-02   2.67680E-02   1.82842E-02   2.14886E-02  -1.82287E-02  -1.59627E-02  -2.05335E-02  -2.26411E-02   9.30948E-03   6.05418E-03   1.75863E-02   1.78009E-02  -1.99309E-03   1.00001E-03  -1.22493E-02  -1.43165E-02  -2.05687E-03  -6.03660E-03   7.85580E-03   9.94969E-03   3.56609E-03   9.01620E-03  -3.87666E-03  -5.22786E-03  -2.68767E-03  -9.41236E-03   1.53644E-03   4.87788E-03   5.67829E-04
 8.20000E+01  -5.13109E-02  -7.67650E-02  -5.98526E-02   3.08012E-02   2.10077E-02   5.59153E-02   5.39287E-02  -8.38483E-03   1.88690E-03  -4.61083E-02  -4.11336E-02  -8.83540E-03  -1.51589E-02   3.19893E-02   2.69618E-02   1.68903E-02   2.04022E-02  -1.89375E-02  -1.65391E-02  -1.93950E-02  -2.17758E-02   1.04294E-02   6.79261E-03   1.69327E-02   1.73145E-02  -3.14164E-03   3.10457E-04  -1.21210E-02  -1.40979E-02  -9.39226E-04  -5.42732E-03   8.20919E-03   9.91391E-03   2.66738E-03   8.54029E-03  -4.60514E-03  -5.25781E-03  -2.16980E-03  -9.05835E-03   2.38191E-03   4.78010E-03   9.95971E-05
 8.26000E+01  -5.11131E-02  -7.50811E-02  -5.83463E-02   3.13872E-02   2.17737E-02   5.45725E-02   5.27736E-02  -9.74964E-03   5.19203E-04  -4.54041E-02  -4.06319E-02  -7.09928E-03  -1.36395E-02   3.20989E-02   2.71029E-02   1.52645E-02   1.90669E-02  -1.97049E-02  -1.71379E-02  -1.80466E-02  -2.06610E-02   1.16745E-02   7.61289E-03   1.61336E-02   1.66337E-02  -4.43420E-03  -4.95951E-04  -1.19273E-02  -1.37269E-02   3.30245E-04  -4.66680E-03   8.57134E-03   9.77465E-03   1.63957E-03   7.89380E-03  -5.40388E-03  -5.23497E-03  -1.57472E-03  -8.54044E-03   3.32192E-03   4.60959E-03  -4.28288E-04
 8.32000E+01  -5.08785E-02  -7.34480E-02  -5.68403E-02   3.19133E-02   2.24858E-02   5.32515E-02   5.15828E-02  -1.10317E-02  -8.01460E-04  -4.46779E-02  -4.00582E-02  -5.44438E-03  -1.21351E-02   3.21430E-02   2.71538E-02   1.36944E-02   1.77040E-02  -2.03791E-02  -1.76435E-02  -1.67225E-02  -1.94746E-02   1.28062E-02   8.36555E-03   1.53221E-02   1.58596E-02  -5.62602E-03  -1.27857E-03  -1.16913E-02  -1.32505E-02   1.51306E-03  -3.88062E-03   8.86302E-03   9.54139E-03   6.74748E-04   7.17624E-03  -6.11365E-03  -5.15456E-03  -1.01324E-03  -7.93366E-03   4.17238E-03   4.38774E-03  -9.14484E-04
 8.38000E+01  -5.06131E-02  -7.18662E-02  -5.53398E-02   3.23786E-02   2.31489E-02   5.19527E-02   5.03646E-02  -1.22296E-02  -2.07676E-03  -4.39302E-02  -3.94228E-02  -3.87308E-03  -1.06487E-02   3.21213E-02   2.71246E-02   1.21835E-02   1.63216E-02  -2.09582E-02  -1.80644E-02  -1.54266E-02  -1.82293E-02   1.38203E-02   9.05487E-03   1.45010E-02   1.50063E-02  -6.71140E-03  -2.03627E-03  -1.14136E-02  -1.26831E-02   2.60243E-03  -3.07584E-03   9.08194E-03   9.22615E-03  -2.20719E-04   6.39980E-03  -6.72900E-03  -5.02367E-03  -4.89368E-04  -7.25182E-03   4.92659E-03   4.12180E-03  -1.35520E-03
 8.44000E+01  -5.03227E-02  -7.03349E-02  -5.38501E-02   3.27833E-02   2.37674E-02   5.06761E-02   4.91273E-02  -1.33434E-02  -3.30798E-03  -4.31615E-02  -3.87357E-02  -2.38613E-03  -9.18372E-03   3.20339E-02   2.70250E-02   1.07333E-02   1.49277E-02  -2.14415E-02  -1.84085E-02  -1.41614E-02  -1.69378E-02   1.47144E-02   9.68474E-03   1.36727E-02   1.40876E-02  -7.68660E-03  -2.76766E-03  -1.10950E-02  -1.20388E-02   3.59364E-03  -2.25976E-03   9.22667E-03   8.84087E-03  -1.04231E-03   5.57689E-03  -7.24621E-03  -4.84935E-03  -5.99470E-06  -6.50887E-03   5.57979E-03   3.81905E-03  -1.74771E-03
 8.51000E+01  -4.99593E-02  -6.86099E-02  -5.21324E-02   3.31805E-02   2.44379E-02   4.92134E-02   4.76700E-02  -1.45384E-02  -4.68987E-03  -4.22380E-02  -3.78815E-02  -7.56980E-04  -7.50653E-03   3.18498E-02   2.68320E-02   9.11883E-03   1.32975E-02  -2.18845E-02  -1.87230E-02  -1.27259E-02  -1.53897E-02   1.56049E-02   1.03490E-02   1.26991E-02   1.29515E-02  -8.68266E-03  -3.58545E-03  -1.06726E-02  -1.12086E-02   4.62242E-03  -1.30322E-03   9.30106E-03   8.31840E-03  -1.90374E-03   4.57447E-03  -7.72280E-03  -4.60025E-03   5.04284E-04  -5.58327E-03   6.21047E-03   3.42889E-03  -2.14248E-03
 8.57000E+01  -4.96318E-02  -6.71814E-02  -5.06827E-02   3.34592E-02   2.49726E-02   4.79809E-02   4.64172E-02  -1.54762E-02  -5.82811E-03  -4.14237E-02  -3.71142E-02   5.51229E-04  -6.10052E-03   3.16229E-02   2.66099E-02   7.80022E-03   1.19060E-02  -2.21623E-02  -1.89255E-02  -1.15304E-02  -1.40410E-02   1.62383E-02   1.08611E-02   1.18596E-02   1.19375E-02  -9.41490E-03  -4.25380E-03  -1.02682E-02  -1.04449E-02   5.39386E-03  -4.87907E-04   9.28422E-03   7.82073E-03  -2.55748E-03   3.69270E-03  -8.02203E-03  -4.35501E-03   8.94629E-04  -4.75482E-03   6.63727E-03   3.07072E-03  -2.42590E-03
 8.63000E+01  -4.92935E-02  -6.57956E-02  -4.92581E-02   3.36839E-02   2.54731E-02   4.67664E-02   4.51675E-02  -1.63376E-02  -6.92376E-03  -4.05885E-02  -3.63225E-02   1.78122E-03  -4.72757E-03   3.13338E-02   2.63434E-02   6.53993E-03   1.05275E-02  -2.23482E-02  -1.90721E-02  -1.03666E-02  -1.26844E-02   1.67541E-02   1.13227E-02   1.10159E-02   1.08994E-02  -1.00365E-02  -4.88976E-03  -9.82588E-03  -9.64635E-03   6.06416E-03   3.15592E-04   9.19422E-03   7.28810E-03  -3.13325E-03   2.80231E-03  -8.22133E-03  -4.08700E-03   1.24145E-03  -3.90753E-03   6.95968E-03   2.69757E-03  -2.65872E-03
 8.69000E+01  -4.89470E-02  -6.44492E-02  -4.78618E-02   3.38578E-02   2.59414E-02   4.55679E-02   4.39263E-02  -1.71270E-02  -7.97651E-03  -3.97327E-02  -3.55130E-02   2.93677E-03  -3.39134E-03   3.09845E-02   2.60384E-02   5.33547E-03   9.16919E-03  -2.24453E-02  -1.91678E-02  -9.23340E-03  -1.13305E-02   1.71558E-02   1.17355E-02   1.01684E-02   9.84865E-03  -1.05502E-02  -5.49098E-03  -9.34682E-03  -8.82445E-03   6.63539E-03   1.10031E-03   9.03297E-03   6.73017E-03  -3.63231E-03   1.91426E-03  -8.32285E-03  -3.80189E-03   1.54532E-03  -3.05353E-03   7.17969E-03   2.31562E-03  -2.84178E-03
 8.75000E+01  -4.85942E-02  -6.31386E-02  -4.64964E-02   3.39847E-02   2.63787E-02   4.43835E-02   4.26981E-02  -1.78487E-02  -8.98573E-03  -3.88566E-02  -3.46911E-02   4.02214E-03  -2.09536E-03   3.05775E-02   2.57003E-02   4.18392E-03   7.83754E-03  -2.24571E-02  -1.92163E-02  -8.12949E-03  -9.98929E-03   1.74478E-02   1.21005E-02   9.31756E-03   8.79582E-03  -1.09597E-02  -6.05496E-03  -8.83264E-03  -7.98985E-03   7.11070E-03   1.85956E-03   8.80313E-03   6.15578E-03  -4.05686E-03   1.03887E-03  -8.32986E-03  -3.50487E-03   1.80738E-03  -2.20415E-03   7.30055E-03   1.93059E-03  -2.97655E-03
 8.82000E+01  -4.81759E-02  -6.16501E-02  -4.49452E-02   3.40783E-02   2.68505E-02   4.30173E-02   4.12859E-02  -1.86116E-02  -1.01069E-02  -3.78095E-02  -3.37226E-02   5.20565E-03  -6.38742E-04   3.00334E-02   2.52693E-02   2.90319E-03   6.32559E-03  -2.23689E-02  -1.92174E-02  -6.87657E-03  -8.45226E-03   1.76567E-02   1.24666E-02   8.32105E-03   7.57752E-03  -1.13121E-02  -6.66242E-03  -8.19095E-03  -7.01288E-03   7.54937E-03   2.70474E-03   8.45269E-03   5.47549E-03  -4.46195E-03   4.63386E-05  -8.22426E-03  -3.14952E-03   2.06237E-03  -1.23298E-03   7.32195E-03   1.48450E-03  -3.07541E-03
 8.88000E+01  -4.78121E-02  -6.04053E-02  -4.36527E-02   3.41163E-02   2.72221E-02   4.18580E-02   4.00962E-02  -1.92031E-02  -1.10186E-02  -3.68917E-02  -3.28880E-02   6.15432E-03   5.58736E-04   2.95114E-02   2.48723E-02   1.85567E-03   5.07142E-03  -2.22111E-02  -1.91733E-02  -5.83100E-03  -7.16766E-03   1.77295E-02   1.27294E-02   7.46430E-03   6.55151E-03  -1.15128E-02  -7.13681E-03  -7.60770E-03  -6.18239E-03   7.83152E-03   3.38764E-03   8.08630E-03   4.89175E-03  -4.73590E-03  -7.69753E-04  -8.04206E-03  -2.84210E-03   2.23966E-03  -4.28363E-04   7.24378E-03   1.11021E-03  -3.11292E-03
 8.94000E+01  -4.74428E-02  -5.91861E-02  -4.23951E-02   3.41192E-02   2.75630E-02   4.07082E-02   3.89273E-02  -1.97420E-02  -1.18833E-02  -3.59565E-02  -3.20519E-02   7.04684E-03   1.70607E-03   2.89416E-02   2.44522E-02   8.51442E-04   3.86079E-03  -2.19829E-02  -1.90892E-02  -4.81034E-03  -5.92073E-03   1.77110E-02   1.29447E-02   6.60608E-03   5.55017E-03  -1.16262E-02  -7.56577E-03  -6.99663E-03  -5.36616E-03   8.03263E-03   4.02649E-03   7.66379E-03   4.31397E-03  -4.94645E-03  -1.54554E-03  -7.78146E-03  -2.53589E-03   2.38117E-03   3.41585E-04   7.08288E-03   7.47816E-04  -3.10979E-03
 9.01000E+01  -4.70037E-02  -5.77929E-02  -4.09720E-02   3.40831E-02   2.79210E-02   3.93781E-02   3.75911E-02  -2.03099E-02  -1.28311E-02  -3.48456E-02  -3.10765E-02   8.02252E-03   2.97785E-03   2.82218E-02   2.39349E-02  -2.68893E-04   2.50881E-03  -2.16349E-02  -1.89417E-02  -3.64996E-03  -4.52154E-03   1.75830E-02   1.31352E-02   5.60471E-03   4.42163E-03  -1.16566E-02  -8.00556E-03  -6.25273E-03  -4.44046E-03   8.17244E-03   4.70971E-03   7.10670E-03   3.65453E-03  -5.11778E-03  -2.39040E-03  -7.38708E-03  -2.18434E-03   2.50423E-03   1.18606E-03   6.79955E-03   3.44961E-04  -3.05896E-03
 9.07000E+01  -4.66188E-02  -5.66218E-02  -3.97896E-02   3.40217E-02   2.81927E-02   3.82474E-02   3.64698E-02  -2.07490E-02  -1.35900E-02  -3.38788E-02  -3.02417E-02   8.80670E-03   4.00825E-03   2.75624E-02   2.34696E-02  -1.18773E-03   1.40561E-03  -2.12729E-02  -1.87737E-02  -2.68092E-03  -3.37559E-03   1.73902E-02   1.32457E-02   4.74822E-03   3.49449E-03  -1.16028E-02  -8.32802E-03  -5.59261E-03  -3.67598E-03   8.21784E-03   5.23724E-03   6.58058E-03   3.10700E-03  -5.20615E-03  -3.05608E-03  -6.97972E-03  -1.89091E-03   2.57658E-03   1.85639E-03   6.48305E-03   2.03581E-05  -2.97876E-03
 9.14000E+01  -4.61575E-02  -5.52807E-02  -3.84528E-02   3.39187E-02   2.84673E-02   3.69399E-02   3.51892E-02  -2.12106E-02  -1.44112E-02  -3.27370E-02  -2.92697E-02   9.66511E-03   5.13829E-03   2.67497E-02   2.29017E-02  -2.21372E-03   1.87273E-04  -2.07844E-02  -1.85294E-02  -1.58030E-03  -2.10660E-03   1.70783E-02   1.33122E-02   3.75415E-03   2.46589E-03  -1.14564E-02  -8.63798E-03  -4.80177E-03  -2.82417E-03   8.19255E-03   5.77997E-03   5.91848E-03   2.49412E-03  -5.24759E-03  -3.75740E-03  -6.43420E-03  -1.56086E-03   2.62596E-03   2.56846E-03   6.03867E-03  -3.30505E-04  -2.84744E-03
 9.21000E+01  -4.56807E-02  -5.39662E-02  -3.71602E-02   3.37855E-02   2.86947E-02   3.56462E-02   3.39376E-02  -2.16221E-02  -1.51622E-02  -3.15845E-02  -2.83000E-02   1.04666E-02   6.18880E-03   2.58973E-02   2.23074E-02  -3.19194E-03  -9.54043E-04  -2.02335E-02  -1.82334E-02  -5.12810E-04  -9.15461E-04   1.66838E-02   1.33107E-02   2.76957E-03   1.49963E-03  -1.12303E-02  -8.87441E-03  -3.99518E-03  -2.02085E-03   8.09233E-03   6.24020E-03   5.21396E-03   1.91362E-03  -5.22980E-03  -4.37166E-03  -5.82495E-03  -1.24669E-03   2.64156E-03   3.19873E-03   5.52550E-03  -6.48231E-04  -2.68094E-03
 9.27000E+01  -4.52578E-02  -5.28606E-02  -3.60862E-02   3.36498E-02   2.88512E-02   3.45499E-02   3.28870E-02  -2.19379E-02  -1.57496E-02  -3.05919E-02  -2.74704E-02   1.11106E-02   7.02506E-03   2.51407E-02   2.17773E-02  -3.99318E-03  -1.86941E-03  -1.97187E-02  -1.79388E-02   3.74549E-04   4.08819E-05   1.62887E-02   1.32549E-02   1.93677E-03   7.24087E-04  -1.09812E-02  -9.01738E-03  -3.29681E-03  -1.37410E-03   7.95414E-03   6.56665E-03   4.58426E-03   1.44458E-03  -5.17302E-03  -4.82536E-03  -5.26176E-03  -9.91672E-04   2.63116E-03   3.67003E-03   5.04073E-03  -8.92297E-04  -2.51469E-03
 9.34000E+01  -4.47461E-02  -5.15963E-02  -3.48709E-02   3.34686E-02   2.89884E-02   3.32879E-02   3.16859E-02  -2.22660E-02  -1.63688E-02  -2.94326E-02  -2.65040E-02   1.18139E-02   7.92554E-03   2.42344E-02   2.11349E-02  -4.88480E-03  -2.86305E-03  -1.90766E-02  -1.75478E-02   1.37550E-03   1.07934E-03   1.57712E-02   1.31266E-02   9.82813E-04  -1.16900E-04  -1.06354E-02  -9.11401E-03  -2.48066E-03  -6.70926E-04   7.74034E-03   6.86654E-03   3.82890E-03   9.32923E-04  -5.06479E-03  -5.26717E-03  -4.56842E-03  -7.12186E-04   2.59481E-03   4.13660E-03   4.43435E-03  -1.14257E-03  -2.29845E-03
 9.41000E+01  -4.42133E-02  -5.03611E-02  -3.36946E-02   3.32648E-02   2.90765E-02   3.20474E-02   3.05103E-02  -2.25529E-02  -1.69177E-02  -2.82773E-02  -2.55390E-02   1.24671E-02   8.74566E-03   2.33097E-02   2.04672E-02  -5.72960E-03  -3.77671E-03  -1.83982E-02  -1.71068E-02   2.33676E-03   2.03383E-03   1.52030E-02   1.29309E-02   5.31720E-05  -8.87857E-04  -1.02397E-02  -9.13544E-03  -1.67047E-03  -2.47222E-05   7.47864E-03   7.07887E-03   3.06143E-03   4.61122E-04  -4.91798E-03  -5.61362E-03  -3.84827E-03  -4.53104E-04   2.53605E-03   4.51200E-03   3.79634E-03  -1.35485E-03  -2.06371E-03
 9.47000E+01  -4.37392E-02  -4.93272E-02  -3.27159E-02   3.30732E-02   2.91133E-02   3.10038E-02   2.95218E-02  -2.27675E-02  -1.73332E-02  -2.72941E-02  -2.47129E-02   1.29879E-02   9.38573E-03   2.25081E-02   1.98755E-02  -6.41585E-03  -4.49691E-03  -1.77944E-02  -1.66903E-02   3.12668E-03   2.78540E-03   1.46836E-02   1.27110E-02  -7.19932E-04  -1.49276E-03  -9.86834E-03  -9.09500E-03  -9.86685E-04   4.83313E-04   7.22283E-03   7.19187E-03   2.40193E-03   8.90541E-05  -4.76649E-03  -5.83496E-03  -3.21922E-03  -2.47705E-04   2.47061E-03   4.76128E-03   3.23387E-03  -1.50643E-03  -1.85202E-03
 9.54000E+01  -4.31659E-02  -4.81520E-02  -3.16073E-02   3.28310E-02   2.91124E-02   2.98123E-02   2.83903E-02  -2.29824E-02  -1.77557E-02  -2.61600E-02  -2.37505E-02   1.35504E-02   1.00611E-02   2.15683E-02   1.91636E-02  -7.17127E-03  -5.26538E-03  -1.70709E-02  -1.61614E-02   4.00553E-03   3.58589E-03   1.40484E-02   1.23956E-02  -1.58910E-03  -2.13396E-03  -9.40546E-03  -8.98133E-03  -2.08121E-04   1.02279E-03   6.89487E-03   7.24518E-03   1.63953E-03  -3.07265E-04  -4.56534E-03  -6.00671E-03  -2.48227E-03  -2.76540E-05   2.37970E-03   4.96896E-03   2.57011E-03  -1.64826E-03  -1.59751E-03
 9.61000E+01  -4.25713E-02  -4.70124E-02  -3.05330E-02   3.25697E-02   2.90661E-02   2.86521E-02   2.72817E-02  -2.31602E-02  -1.81137E-02  -2.50444E-02  -2.27901E-02   1.40645E-02   1.06625E-02   2.06297E-02   1.84303E-02  -7.87675E-03  -5.95908E-03  -1.63341E-02  -1.55888E-02   4.83513E-03   4.30648E-03   1.33903E-02   1.20203E-02  -2.41766E-03  -2.70736E-03  -8.91872E-03  -8.79927E-03   5.42872E-04   1.50606E-03   6.54233E-03   7.21723E-03   8.93796E-04  -6.63508E-04  -4.34339E-03  -6.08856E-03  -1.75282E-03   1.71519E-04   2.27611E-03   5.09002E-03   1.90900E-03  -1.75344E-03  -1.33962E-03
 9.68000E+01  -4.19569E-02  -4.59109E-02  -2.94920E-02   3.22898E-02   2.89770E-02   2.75264E-02   2.61955E-02  -2.33016E-02  -1.84109E-02  -2.39518E-02  -2.18327E-02   1.45304E-02   1.11936E-02   1.96981E-02   1.76778E-02  -8.53096E-03  -6.58137E-03  -1.55906E-02  -1.49761E-02   5.61222E-03   4.95042E-03   1.27175E-02   1.15892E-02  -3.20040E-03  -3.21550E-03  -8.41574E-03  -8.55309E-03   1.25958E-03   1.93498E-03   6.17207E-03   7.11259E-03   1.73533E-04  -9.80850E-04  -4.10588E-03  -6.08518E-03  -1.04133E-03   3.50338E-04   2.16269E-03   5.12878E-03   1.26093E-03  -1.82364E-03  -1.08290E-03
 9.75000E+01  -4.13247E-02  -4.48492E-02  -2.84836E-02   3.19918E-02   2.88484E-02   2.64380E-02   2.51320E-02  -2.34071E-02  -1.86512E-02  -2.28861E-02  -2.08797E-02   1.49481E-02   1.16585E-02   1.87786E-02   1.69089E-02  -9.13267E-03  -7.13612E-03  -1.48462E-02  -1.43275E-02   6.33389E-03   5.52166E-03   1.20370E-02   1.11072E-02  -3.93267E-03  -3.66158E-03  -7.90330E-03  -8.24788E-03   1.93597E-03   2.31205E-03   5.79020E-03   6.93683E-03  -5.13359E-04  -1.26094E-03  -3.85745E-03  -6.00236E-03  -3.57138E-04   5.09586E-04   2.04200E-03   5.09071E-03   6.35241E-04  -1.86097E-03  -8.31446E-04
 9.82000E+01  -4.06772E-02  -4.38291E-02  -2.75071E-02   3.16763E-02   2.86838E-02   2.53889E-02   2.40914E-02  -2.34775E-02  -1.88390E-02  -2.18505E-02  -1.99329E-02   1.53178E-02   1.20618E-02   1.78754E-02   1.61267E-02  -9.68094E-03  -7.62765E-03  -1.41062E-02  -1.36474E-02   6.99768E-03   6.02463E-03   1.13552E-02   1.05799E-02  -4.61047E-03  -4.04931E-03  -7.38727E-03  -7.88940E-03   2.56686E-03   2.64021E-03   5.40202E-03   6.69629E-03  -1.16002E-03  -1.50577E-03  -3.60217E-03  -5.84685E-03   2.91598E-04   6.50239E-04   1.91626E-03   4.98214E-03   4.00580E-05  -1.86794E-03  -5.88814E-04
 9.89000E+01  -4.00173E-02  -4.28513E-02  -2.65623E-02   3.13437E-02   2.84874E-02   2.43806E-02   2.30745E-02  -2.35133E-02  -1.89790E-02  -2.08473E-02  -1.89944E-02   1.56398E-02   1.24085E-02   1.69919E-02   1.53349E-02  -1.01752E-02  -8.06049E-03  -1.33745E-02  -1.29410E-02   7.60172E-03   6.46409E-03   1.06771E-02   1.00133E-02  -5.23057E-03  -4.38273E-03  -6.87261E-03  -7.48391E-03   3.14792E-03   2.92273E-03   5.01206E-03   6.39796E-03  -1.76069E-03  -1.71761E-03  -3.34353E-03  -5.62605E-03   8.97995E-04   7.73415E-04   1.78739E-03   4.81013E-03  -5.17727E-04  -1.84736E-03  -3.58035E-04
 9.96000E+01  -3.93480E-02  -4.19165E-02  -2.56491E-02   3.09945E-02   2.82630E-02   2.34142E-02   2.20820E-02  -2.35153E-02  -1.90760E-02  -1.98783E-02  -1.80662E-02   1.59146E-02   1.27033E-02   1.61308E-02   1.45370E-02  -1.06151E-02  -8.43929E-03  -1.26546E-02  -1.22136E-02   8.14476E-03   6.84497E-03   1.00071E-02   9.41354E-03  -5.79055E-03  -4.66606E-03  -6.36342E-03  -7.03801E-03   3.67578E-03   3.16305E-03   4.62409E-03   6.04921E-03  -2.31076E-03  -1.89885E-03  -3.08443E-03  -5.34786E-03   1.45647E-03   8.80315E-04   1.65698E-03   4.58218E-03  -1.03249E-03  -1.80222E-03  -1.41598E-04
 1.00400E+02  -3.85755E-02  -4.09003E-02  -2.46441E-02   3.05758E-02   2.79777E-02   2.23611E-02   2.09791E-02  -2.34775E-02  -1.91401E-02  -1.88141E-02  -1.70213E-02   1.61720E-02   1.29830E-02   1.51765E-02   1.36228E-02  -1.10518E-02  -8.81192E-03  -1.18495E-02  -1.13634E-02   8.68993E-03   7.21483E-03   9.25537E-03   8.69595E-03  -6.35491E-03  -4.93403E-03  -5.79236E-03  -6.48763E-03   4.21083E-03   3.39055E-03   4.18700E-03   5.59868E-03  -2.87303E-03  -2.07170E-03  -2.79079E-03  -4.97012E-03   2.03056E-03   9.84144E-04   1.50775E-03   4.26315E-03  -1.56257E-03  -1.72451E-03   8.57035E-05
 1.01100E+02  -3.78961E-02  -4.00559E-02  -2.37988E-02   3.01932E-02   2.77071E-02   2.14843E-02   2.00427E-02  -2.34105E-02  -1.91603E-02  -1.79209E-02  -1.61236E-02   1.63490E-02   1.31828E-02   1.43688E-02   1.28250E-02  -1.13769E-02  -9.09020E-03  -1.11624E-02  -1.06091E-02   9.10107E-03   7.48659E-03   8.61270E-03   8.04714E-03  -6.78178E-03  -5.12434E-03  -5.30494E-03  -5.97800E-03   4.61768E-03   3.55224E-03   3.81267E-03   5.16756E-03  -3.30434E-03  -2.19570E-03  -2.53807E-03  -4.59649E-03   2.47338E-03   1.06033E-03   1.37817E-03   3.94161E-03  -1.97196E-03  -1.63718E-03   2.65444E-04
 1.01800E+02  -3.72165E-02  -3.92521E-02  -2.29853E-02   2.97964E-02   2.74206E-02   2.06480E-02   1.91341E-02  -2.33133E-02  -1.91515E-02  -1.70630E-02  -1.52440E-02   1.64824E-02   1.33453E-02   1.35871E-02   1.20333E-02  -1.16500E-02  -9.32823E-03  -1.04928E-02  -9.85065E-03   9.45150E-03   7.71466E-03   7.98585E-03   7.38545E-03  -7.14626E-03  -5.27762E-03  -4.83081E-03  -5.44920E-03   4.96670E-03   3.68257E-03   3.44773E-03   4.70991E-03  -3.67769E-03  -2.29675E-03  -2.29077E-03  -4.19111E-03   2.85878E-03   1.12407E-03   1.25037E-03   3.58862E-03  -2.32853E-03  -1.53501E-03   4.26324E-04
 1.02600E+02  -3.64424E-02  -3.83810E-02  -2.20951E-02   2.93265E-02   2.70778E-02   1.97403E-02   1.81313E-02  -2.31672E-02  -1.91107E-02  -1.61246E-02  -1.42637E-02   1.65838E-02   1.34903E-02   1.27254E-02   1.11405E-02  -1.19006E-02  -9.55585E-03  -9.74952E-03  -8.98537E-03   9.77943E-03   7.92717E-03   7.29016E-03   6.62128E-03  -7.48753E-03  -5.41227E-03  -4.30670E-03  -4.82964E-03   5.29514E-03   3.79709E-03   3.04369E-03   4.16368E-03  -4.03311E-03  -2.38697E-03  -2.01603E-03  -3.69900E-03   3.22802E-03   1.18311E-03   1.10723E-03   3.15630E-03  -2.67027E-03  -1.40390E-03   5.86457E-04
 1.03300E+02  -3.57695E-02  -3.76582E-02  -2.13508E-02   2.89023E-02   2.67676E-02   1.89861E-02   1.72862E-02  -2.30105E-02  -1.90518E-02  -1.53391E-02  -1.34302E-02   1.66302E-02   1.35855E-02   1.19987E-02   1.03735E-02  -1.20682E-02  -9.71995E-03  -9.11862E-03  -8.23494E-03   1.00050E-02   8.07524E-03   6.70013E-03   5.95215E-03  -7.72200E-03  -5.49843E-03  -3.86438E-03  -4.28108E-03   5.52205E-03   3.87041E-03   2.70239E-03   3.67318E-03  -4.28242E-03  -2.44613E-03  -1.78330E-03  -3.25154E-03   3.48912E-03   1.22385E-03   9.85013E-04   2.76075E-03  -2.91187E-03  -1.27977E-03   7.05683E-04
 1.04000E+02  -3.51022E-02  -3.69700E-02  -2.06390E-02   2.84672E-02   2.64500E-02   1.82673E-02   1.64721E-02  -2.28288E-02  -1.89741E-02  -1.45853E-02  -1.26215E-02   1.66392E-02   1.36542E-02   1.12967E-02   9.62324E-03  -1.21901E-02  -9.85442E-03  -8.50568E-03  -7.49540E-03   1.01758E-02   8.19143E-03   6.12770E-03   5.28818E-03  -7.89881E-03  -5.55825E-03  -3.43754E-03  -3.73246E-03   5.69425E-03   3.92135E-03   2.37294E-03   3.17771E-03  -4.47561E-03  -2.48874E-03  -1.55815E-03  -2.79563E-03   3.69353E-03   1.25536E-03   8.65919E-04   2.35608E-03  -3.10082E-03  -1.14963E-03   8.05644E-04
 1.04800E+02  -3.43479E-02  -3.62230E-02  -1.98656E-02   2.79581E-02   2.60805E-02   1.74868E-02   1.55808E-02  -2.25931E-02  -1.88653E-02  -1.37607E-02  -1.17298E-02   1.66071E-02   1.37037E-02   1.05233E-02   8.78969E-03  -1.22768E-02  -9.97507E-03  -7.82669E-03  -6.66871E-03   1.03076E-02   8.28891E-03   5.49486E-03   4.54197E-03  -8.03365E-03  -5.59781E-03  -2.96867E-03  -3.11210E-03   5.82695E-03   3.95507E-03   2.01112E-03   2.61299E-03  -4.63031E-03  -2.51930E-03  -1.31038E-03  -2.27247E-03   3.86014E-03   1.28113E-03   7.33860E-04   1.89030E-03  -3.25444E-03  -9.96606E-04   8.96953E-04
 1.05500E+02  -3.36958E-02  -3.56018E-02  -1.92238E-02   2.75038E-02   2.57528E-02   1.68373E-02   1.48357E-02  -2.23647E-02  -1.87548E-02  -1.30698E-02  -1.09798E-02   1.65447E-02   1.37238E-02   9.87089E-03   8.08403E-03  -1.23098E-02  -1.00541E-02  -7.25083E-03  -5.96558E-03   1.03708E-02   8.34609E-03   4.95944E-03   3.90501E-03  -8.09624E-03  -5.60983E-03  -2.57473E-03  -2.58041E-03   5.89000E-03   3.96539E-03   1.70733E-03   2.12621E-03  -4.71076E-03  -2.53178E-03  -1.10200E-03  -1.81939E-03   3.95010E-03   1.29551E-03   6.21965E-04   1.48616E-03  -3.33683E-03  -8.61420E-04   9.57621E-04
 1.06300E+02  -3.29599E-02  -3.49261E-02  -1.85302E-02   2.69762E-02   2.53745E-02   1.61310E-02   1.40248E-02  -2.20810E-02  -1.86128E-02  -1.23130E-02  -1.01587E-02   1.64378E-02   1.37228E-02   9.15169E-03   7.30747E-03  -1.23024E-02  -1.01165E-02  -6.61289E-03  -5.18930E-03   1.03881E-02   8.38209E-03   4.36793E-03   3.20053E-03  -8.10900E-03  -5.60040E-03  -2.14271E-03  -1.99108E-03   5.90559E-03   3.95754E-03   1.37452E-03   1.58469E-03  -4.74406E-03  -2.53139E-03  -8.73438E-04  -1.31388E-03   3.99313E-03   1.30345E-03   4.98330E-04   1.03488E-03  -3.37526E-03  -7.08047E-04   1.00624E-03
 1.07100E+02  -3.22339E-02  -3.42845E-02  -1.78790E-02   2.64418E-02   2.49932E-02   1.54606E-02   1.32573E-02  -2.17762E-02  -1.84557E-02  -1.15894E-02  -9.37754E-03   1.62968E-02   1.36979E-02   8.45939E-03   6.56526E-03  -1.22515E-02  -1.01511E-02  -5.99578E-03  -4.44590E-03   1.03518E-02   8.38924E-03   3.79756E-03   2.52584E-03  -8.06432E-03  -5.56865E-03  -1.72955E-03  -1.42647E-03   5.86581E-03   3.93081E-03   1.05672E-03   1.06491E-03  -4.71970E-03  -2.51688E-03  -6.54945E-04  -8.27976E-04   3.97730E-03   1.30305E-03   3.79253E-04   6.01120E-04  -3.35876E-03  -5.58295E-04   1.03435E-03
 1.07800E+02  -3.16063E-02  -3.37493E-02  -1.73436E-02   2.59701E-02   2.46573E-02   1.49018E-02   1.26217E-02  -2.14948E-02  -1.83068E-02  -1.09820E-02  -8.72753E-03   1.61489E-02   1.36580E-02   7.87483E-03   5.94560E-03  -1.21750E-02  -1.01600E-02  -5.47245E-03  -3.82493E-03   1.02805E-02   8.37351E-03   3.31540E-03   1.96318E-03  -7.98263E-03  -5.52419E-03  -1.38302E-03  -9.56304E-04   5.78987E-03   3.89336E-03   7.90647E-04   6.32063E-04  -4.65546E-03  -2.49365E-03  -4.71887E-04  -4.23416E-04   3.91956E-03   1.29640E-03   2.78812E-04   2.40344E-04  -3.30336E-03  -4.31933E-04   1.04354E-03
 1.08600E+02  -3.08971E-02  -3.31662E-02  -1.67706E-02   2.54284E-02   2.42710E-02   1.42934E-02   1.19362E-02  -2.11594E-02  -1.81243E-02  -1.03162E-02  -8.02352E-03   1.59553E-02   1.35926E-02   7.23020E-03   5.27278E-03  -1.20552E-02  -1.01470E-02  -4.89303E-03  -3.15123E-03   1.01588E-02   8.33204E-03   2.78329E-03   1.35479E-03  -7.84593E-03  -5.45591E-03  -1.00364E-03  -4.49601E-04   5.66116E-03   3.83589E-03   4.99932E-04   1.66384E-04  -4.53823E-03  -2.45606E-03  -2.71801E-04   1.10949E-05   3.80874E-03   1.28209E-03   1.68325E-04  -1.46374E-04  -3.19822E-03  -2.94479E-04   1.03816E-03
 1.09400E+02  -3.01959E-02  -3.26121E-02  -1.62383E-02   2.48857E-02   2.38822E-02   1.37159E-02   1.12938E-02  -2.08121E-02  -1.79294E-02  -9.67960E-03  -7.36114E-03   1.57396E-02   1.35073E-02   6.61003E-03   4.63857E-03  -1.19056E-02  -1.01105E-02  -4.33335E-03  -2.51761E-03   9.99972E-03   8.26696E-03   2.27112E-03   7.85747E-04  -7.66877E-03  -5.37041E-03  -6.41574E-04   2.16713E-05   5.49328E-03   3.76401E-03   2.23174E-04  -2.65083E-04  -4.38000E-03  -2.40763E-03  -8.13047E-05   4.12260E-04   3.65596E-03   1.26108E-03   6.24601E-05  -5.02243E-04  -3.05395E-03  -1.65839E-04   1.01777E-03
 1.10200E+02  -2.95016E-02  -3.20863E-02  -1.57459E-02   2.43440E-02   2.34910E-02   1.31685E-02   1.06940E-02  -2.04561E-02  -1.77227E-02  -9.07142E-03  -6.74020E-03   1.55058E-02   1.34031E-02   6.01401E-03   4.04340E-03  -1.17307E-02  -1.00517E-02  -3.79347E-03  -1.92519E-03   9.80874E-03   8.17969E-03   1.77879E-03   2.57772E-04  -7.45714E-03  -5.26901E-03  -2.96487E-04   4.55439E-04   5.29206E-03   3.67886E-03  -3.98803E-05  -6.59805E-04  -4.18683E-03  -2.34919E-03   9.97080E-05   7.77216E-04   3.46743E-03   1.23382E-03  -3.87249E-05  -8.24461E-04  -2.87640E-03  -4.71345E-05   9.84387E-04
 1.11000E+02  -2.88137E-02  -3.15882E-02  -1.52925E-02   2.38053E-02   2.30973E-02   1.26507E-02   1.01358E-02  -2.00944E-02  -1.75048E-02  -8.49128E-03  -6.16013E-03   1.52576E-02   1.32811E-02   5.44208E-03   3.48718E-03  -1.15350E-02  -9.97177E-03  -3.27359E-03  -1.37441E-03   9.59134E-03   8.07152E-03   1.30638E-03  -2.28197E-04  -7.21694E-03  -5.15287E-03   3.18574E-05   8.50426E-04   5.06323E-03   3.58146E-03  -2.89401E-04  -1.01612E-03  -3.96471E-03  -2.28149E-03   2.71294E-04   1.10403E-03   3.24931E-03   1.20069E-03  -1.35149E-04  -1.11111E-03  -2.67138E-03   6.08360E-05   9.40036E-04
 1.11800E+02  -2.81315E-02  -3.11177E-02  -1.48768E-02   2.32713E-02   2.27013E-02   1.21621E-02   9.61813E-03  -1.97298E-02  -1.72766E-02  -7.93902E-03  -5.62002E-03   1.49989E-02   1.31422E-02   4.89436E-03   2.96940E-03  -1.13230E-02  -9.87191E-03  -2.77407E-03  -8.65095E-04   9.35271E-03   7.94375E-03   8.54077E-04  -6.71949E-04  -6.95384E-03  -5.02308E-03   3.43594E-04   1.20611E-03   4.81234E-03   3.47274E-03  -5.25488E-04  -1.33318E-03  -3.71947E-03  -2.20522E-03   4.33463E-04   1.39161E-03   3.00761E-03   1.16207E-03  -2.26709E-04  -1.36110E-03  -2.44455E-03   1.57571E-04   8.86673E-04
 1.12600E+02  -2.74548E-02  -3.06750E-02  -1.44977E-02   2.27439E-02   2.23034E-02   1.17027E-02   9.13957E-03  -1.93649E-02  -1.70390E-02  -7.41467E-03  -5.11863E-03   1.47330E-02   1.29878E-02   4.37110E-03   2.48908E-03  -1.10985E-02  -9.75342E-03  -2.29538E-03  -3.96498E-04   9.09776E-03   7.79773E-03   4.22162E-04  -1.07394E-03  -6.67321E-03  -4.88071E-03   6.38781E-04   1.52264E-03   4.54467E-03   3.35359E-03  -7.48182E-04  -1.61089E-03  -3.45668E-03  -2.12103E-03   5.86190E-04   1.63970E-03   2.74810E-03   1.11833E-03  -3.13285E-04  -1.57408E-03  -2.20137E-03   2.42839E-04   8.26174E-04
 1.13400E+02  -2.67835E-02  -3.02602E-02  -1.41538E-02   2.22245E-02   2.19042E-02   1.12725E-02   8.69857E-03  -1.90022E-02  -1.67930E-02  -6.91833E-03  -4.65445E-03   1.44631E-02   1.28192E-02   3.87261E-03   2.04490E-03  -1.08653E-02  -9.61775E-03  -1.83799E-03   3.26293E-05   8.83104E-03   7.63484E-03   1.09515E-05  -1.43523E-03  -6.38006E-03  -4.72682E-03   9.17430E-04   1.80081E-03   4.26517E-03   3.22488E-03  -9.57488E-04  -1.84984E-03  -3.18154E-03  -2.02958E-03   7.29424E-04   1.84872E-03   2.47616E-03   1.06982E-03  -3.94751E-04  -1.75042E-03  -1.94695E-03   3.16648E-04   7.60303E-04
 1.14200E+02  -2.61179E-02  -2.98736E-02  -1.38436E-02   2.17145E-02   2.15047E-02   1.08718E-02   8.29344E-03  -1.86439E-02  -1.65399E-02  -6.45012E-03  -4.22572E-03   1.41921E-02   1.26380E-02   3.39919E-03   1.63521E-03  -1.06269E-02  -9.46647E-03  -1.40235E-03   4.23972E-04   8.55671E-03   7.45658E-03  -3.79248E-04  -1.75739E-03  -6.07897E-03  -4.56246E-03   1.17953E-03   2.04193E-03   3.97837E-03   3.08748E-03  -1.15339E-03  -2.05118E-03  -2.89886E-03  -1.93149E-03   8.63104E-04   2.01973E-03   2.19681E-03   1.01694E-03  -4.70981E-04  -1.89106E-03  -1.68603E-03   3.79215E-04   6.90687E-04
 1.15100E+02  -2.53767E-02  -2.94730E-02  -1.35331E-02   2.11538E-02   2.10561E-02   1.04563E-02   7.87826E-03  -1.82486E-02  -1.62487E-02  -5.95711E-03  -3.78335E-03   1.38892E-02   1.24211E-02   2.89681E-03   1.21316E-03  -1.03561E-02  -9.27971E-03  -9.38693E-04   8.21627E-04   8.24360E-03   7.23961E-03  -7.92809E-04  -2.07556E-03  -5.73583E-03  -4.36641E-03   1.45464E-03   2.27112E-03   3.65206E-03   2.92361E-03  -1.35775E-03  -2.23481E-03  -2.57721E-03  -1.81400E-03   1.00200E-03   2.16866E-03   1.87926E-03   9.52675E-04  -5.50338E-04  -2.00841E-03  -1.39006E-03   4.36660E-04   6.09725E-04
 1.15900E+02  -2.47253E-02  -2.91474E-02  -1.32895E-02   2.06682E-02   2.06596E-02   1.01184E-02   7.54317E-03  -1.79061E-02  -1.59859E-02  -5.54879E-03  -3.42332E-03   1.36241E-02   1.22189E-02   2.47722E-03   8.70178E-04  -1.01160E-02  -9.10098E-03  -5.50297E-04   1.13982E-03   7.96484E-03   7.03396E-03  -1.13767E-03  -2.32165E-03  -5.43084E-03  -4.18345E-03   1.68165E-03   2.43982E-03   3.36268E-03   2.77065E-03  -1.52516E-03  -2.36223E-03  -2.29226E-03  -1.70392E-03   1.11521E-03   2.26466E-03   1.59850E-03   8.91751E-04  -6.15075E-04  -2.07848E-03  -1.12899E-03   4.76816E-04   5.36850E-04
 1.16700E+02  -2.40821E-02  -2.88506E-02  -1.30749E-02   2.01956E-02   2.02668E-02   9.80978E-03   7.23797E-03  -1.75735E-02  -1.57211E-02  -5.16842E-03  -3.09224E-03   1.33650E-02   1.20097E-02   2.08289E-03   5.55127E-04  -9.87886E-03  -8.91223E-03  -1.84298E-04   1.42747E-03   7.68851E-03   6.81801E-03  -1.46113E-03  -2.53592E-03  -5.12902E-03  -3.99348E-03   1.89228E-03   2.57807E-03   3.07708E-03   2.61173E-03  -1.67922E-03  -2.45841E-03  -2.01162E-03  -1.58921E-03   1.21875E-03   2.32886E-03   1.32271E-03   8.27659E-04  -6.74271E-04  -2.11859E-03  -8.73229E-04   5.07384E-04   4.64295E-04
 1.17600E+02  -2.33696E-02  -2.85512E-02  -1.28661E-02   1.96804E-02   1.98311E-02   9.49727E-03   6.92786E-03  -1.72127E-02  -1.54232E-02  -4.77338E-03  -2.75159E-03   1.30827E-02   1.17684E-02   1.66908E-03   2.31151E-04  -9.61794E-03  -8.69024E-03   2.00876E-04   1.71790E-03   7.38331E-03   6.56485E-03  -1.79961E-03  -2.74238E-03  -4.79630E-03  -3.77272E-03   2.10989E-03   2.70043E-03   2.76340E-03   2.42690E-03  -1.83671E-03  -2.53249E-03  -1.70439E-03  -1.45539E-03   1.32370E-03   2.36628E-03   1.02194E-03   7.52258E-04  -7.34180E-04  -2.13090E-03  -5.95254E-04   5.31222E-04   3.84235E-04
 1.18400E+02  -2.27474E-02  -2.83152E-02  -1.27077E-02   1.92379E-02   1.94511E-02   9.24968E-03   6.67956E-03  -1.69050E-02  -1.51606E-02  -4.45076E-03  -2.47455E-03   1.28413E-02   1.15510E-02   1.32716E-03  -3.23867E-05  -9.39282E-03  -8.48643E-03   5.20030E-04   1.94960E-03   7.11902E-03   6.33256E-03  -2.07825E-03  -2.89833E-03  -4.50879E-03  -3.57144E-03   2.28640E-03   2.78268E-03   2.49354E-03   2.25814E-03  -1.96279E-03  -2.57098E-03  -1.44127E-03  -1.33289E-03   1.40680E-03   2.37158E-03   7.65611E-04   6.82732E-04  -7.81463E-04  -2.11548E-03  -3.59313E-04   5.43888E-04   3.15327E-04
 1.19300E+02  -2.20617E-02  -2.80829E-02  -1.25584E-02   1.87581E-02   1.90341E-02   9.00414E-03   6.42847E-03  -1.65747E-02  -1.48698E-02  -4.11881E-03  -2.18900E-03   1.25818E-02   1.13054E-02   9.70680E-04  -3.04420E-04  -9.14869E-03  -8.25219E-03   8.53688E-04   2.18400E-03   6.83124E-03   6.06512E-03  -2.36733E-03  -3.04643E-03  -4.19645E-03  -3.34061E-03   2.46637E-03   2.84886E-03   2.20196E-03   2.06433E-03  -2.08925E-03  -2.58701E-03  -1.15861E-03  -1.19183E-03   1.48893E-03   2.34964E-03   4.91975E-04   6.02187E-04  -8.27941E-04  -2.07181E-03  -1.08694E-04   5.49577E-04   2.41146E-04
 1.20100E+02  -2.14662E-02  -2.79053E-02  -1.24495E-02   1.83481E-02   1.86743E-02   8.81414E-03   6.22830E-03  -1.62956E-02  -1.46175E-02  -3.85013E-03  -1.95601E-03   1.23627E-02   1.10883E-02   6.77794E-04  -5.27033E-04  -8.94067E-03  -8.04146E-03   1.12855E-03   2.37194E-03   6.58490E-03   5.82361E-03  -2.60331E-03  -3.15686E-03  -3.92977E-03  -3.13260E-03   2.61027E-03   2.88717E-03   1.95459E-03   1.88935E-03  -2.18825E-03  -2.57995E-03  -9.20562E-04  -1.06419E-03   1.55197E-03   2.30831E-03   2.63318E-04   5.28918E-04  -8.63314E-04  -2.01240E-03   9.94601E-05   5.47896E-04   1.78699E-04
 1.21000E+02  -2.08133E-02  -2.77366E-02  -1.23523E-02   1.79058E-02   1.82838E-02   8.63069E-03   6.02668E-03  -1.59988E-02  -1.43426E-02  -3.57594E-03  -1.71463E-03   1.21299E-02   1.08475E-02   3.73792E-04  -7.58712E-04  -8.71741E-03  -7.80361E-03   1.41453E-03   2.56365E-03   6.31908E-03   5.54944E-03  -2.84616E-03  -3.26063E-03  -3.64280E-03  -2.89654E-03   2.75468E-03   2.91043E-03   1.69041E-03   1.69037E-03  -2.28493E-03  -2.55135E-03  -6.68635E-04  -9.18723E-04   1.61189E-03   2.24062E-03   2.36610E-05   4.45050E-04  -8.96485E-04  -1.92558E-03   3.15998E-04   5.39415E-04   1.12811E-04
 1.21900E+02  -2.01800E-02  -2.75996E-02  -1.22799E-02   1.74837E-02   1.79101E-02   8.47753E-03   5.84767E-03  -1.57205E-02  -1.40793E-02  -3.32956E-03  -1.49255E-03   1.19119E-02   1.06125E-02   9.49870E-05  -9.73348E-04  -8.50587E-03  -7.56686E-03   1.67739E-03   2.73772E-03   6.06548E-03   5.27431E-03  -3.06624E-03  -3.34612E-03  -3.36988E-03  -2.65940E-03   2.88130E-03   2.91589E-03   1.44154E-03   1.49001E-03  -2.36646E-03  -2.50416E-03  -4.34091E-04  -7.71952E-04   1.66037E-03   2.15385E-03  -1.96634E-04   3.60093E-04  -9.22724E-04  -1.82079E-03   5.13079E-04   5.24949E-04   5.18500E-05
 1.22800E+02  -1.95676E-02  -2.74926E-02  -1.22306E-02   1.70822E-02   1.75549E-02   8.35264E-03   5.68900E-03  -1.54609E-02  -1.38294E-02  -3.10879E-03  -1.28718E-03   1.17088E-02   1.03850E-02  -1.60668E-04  -1.17366E-03  -8.30606E-03  -7.33297E-03   1.91885E-03   2.89722E-03   5.82396E-03   4.99976E-03  -3.26493E-03  -3.41653E-03  -3.11083E-03  -2.42216E-03   2.99091E-03   2.90660E-03   1.20795E-03   1.28908E-03  -2.43333E-03  -2.44151E-03  -2.17091E-04  -6.24504E-04   1.69766E-03   2.05123E-03  -3.97235E-04   2.74468E-04  -9.42128E-04  -1.70110E-03   6.90304E-04   5.05454E-04  -4.01041E-06
 1.23600E+02  -1.90416E-02  -2.74212E-02  -1.22049E-02   1.67424E-02   1.72558E-02   8.26360E-03   5.56333E-03  -1.52459E-02  -1.36198E-02  -2.93218E-03  -1.11670E-03   1.15409E-02   1.01905E-02  -3.70249E-04  -1.34170E-03  -8.13811E-03  -7.12866E-03   2.11697E-03   3.02900E-03   5.61901E-03   4.75723E-03  -3.42473E-03  -3.46877E-03  -2.89176E-03  -2.21189E-03   3.07473E-03   2.88817E-03   1.01281E-03   1.11060E-03  -2.48085E-03  -2.37513E-03  -3.87725E-05  -4.93342E-04   1.72162E-03   1.94907E-03  -5.59035E-04   1.98114E-04  -9.53725E-04  -1.58447E-03   8.31114E-04   4.84614E-04  -4.93338E-05
 1.24500E+02  -1.84712E-02  -2.73659E-02  -1.21950E-02   1.63797E-02   1.69391E-02   8.18612E-03   5.43744E-03  -1.50218E-02  -1.33992E-02  -2.75340E-03  -9.36507E-04   1.13658E-02   9.98148E-03  -5.88215E-04  -1.52151E-03  -7.95961E-03  -6.90395E-03   2.32302E-03   3.16827E-03   5.39870E-03   4.48707E-03  -3.58696E-03  -3.51821E-03  -2.65714E-03  -1.97669E-03   3.15445E-03   2.85819E-03   8.06755E-04   9.10522E-04  -2.52132E-03  -2.29072E-03   1.45874E-04  -3.46160E-04   1.73846E-03   1.82425E-03  -7.22759E-04   1.12276E-04  -9.60509E-04  -1.44406E-03   9.70885E-04   4.57938E-04  -9.54793E-05
 1.25400E+02  -1.79240E-02  -2.73354E-02  -1.22039E-02   1.60376E-02   1.66443E-02   8.13048E-03   5.32620E-03  -1.48163E-02  -1.31956E-02  -2.59333E-03  -7.66646E-04   1.12052E-02   9.78378E-03  -7.89550E-04  -1.69350E-03  -7.79157E-03  -6.68560E-03   2.51310E-03   3.30010E-03   5.18834E-03   4.22055E-03  -3.73203E-03  -3.55986E-03  -2.43402E-03  -1.74350E-03   3.21949E-03   2.82041E-03   6.14117E-04   7.11764E-04  -2.54849E-03  -2.19812E-03   3.14272E-04  -1.99851E-04   1.74481E-03   1.69120E-03  -8.67599E-04   2.68339E-05  -9.60757E-04  -1.29611E-03   1.09129E-03   4.28518E-04  -1.36593E-04
 1.26300E+02  -1.74006E-02  -2.73277E-02  -1.22303E-02   1.57161E-02   1.63719E-02   8.09441E-03   5.22794E-03  -1.46294E-02  -1.30100E-02  -2.44953E-03  -6.05291E-04   1.10584E-02   9.59812E-03  -9.76574E-04  -1.85943E-03  -7.63323E-03  -6.47427E-03   2.68914E-03   3.42633E-03   4.98680E-03   3.95831E-03  -3.86140E-03  -3.59554E-03  -2.22119E-03  -1.51282E-03   3.27061E-03   2.77662E-03   4.33885E-04   5.14839E-04  -2.56276E-03  -2.09925E-03   4.67247E-04  -5.48797E-05   1.74087E-03   1.55198E-03  -9.94212E-04  -5.78810E-05  -9.54558E-04  -1.14266E-03   1.19285E-03   3.96978E-04  -1.72825E-04
 1.27300E+02  -1.68471E-02  -2.73438E-02  -1.22787E-02   1.53830E-02   1.60963E-02   8.07458E-03   5.13209E-03  -1.44431E-02  -1.28252E-02  -2.30588E-03  -4.33982E-04   1.09110E-02   9.40649E-03  -1.17038E-03  -2.03859E-03  -7.46764E-03  -6.24823E-03   2.87060E-03   3.56189E-03   4.77171E-03   3.67246E-03  -3.98847E-03  -3.63000E-03  -1.99515E-03  -1.25995E-03   3.31195E-03   2.72264E-03   2.46825E-04   2.98752E-04  -2.56396E-03  -1.98397E-03   6.20248E-04   1.04087E-04   1.72466E-03   1.39224E-03  -1.11443E-03  -1.50762E-04  -9.40206E-04  -9.67860E-04   1.28433E-03   3.60105E-04  -2.07584E-04
 1.28200E+02  -1.63742E-02  -2.73786E-02  -1.23380E-02   1.51048E-02   1.58728E-02   8.07257E-03   5.05625E-03  -1.42946E-02  -1.26785E-02  -2.18854E-03  -2.85358E-04   1.07919E-02   9.24742E-03  -1.33465E-03  -2.19660E-03  -7.32691E-03  -6.05287E-03   3.02318E-03   3.68103E-03   4.58465E-03   3.42045E-03  -4.08930E-03  -3.65759E-03  -1.79958E-03  -1.03582E-03   3.33596E-03   2.67054E-03   8.90784E-05   1.07197E-04  -2.55222E-03  -1.87680E-03   7.43737E-04   2.44774E-04   1.69959E-03   1.24560E-03  -1.20510E-03  -2.32880E-04  -9.20642E-04  -8.08408E-04   1.34817E-03   3.25783E-04  -2.34144E-04
 1.29100E+02  -1.59254E-02  -2.74311E-02  -1.24113E-02   1.48472E-02   1.56725E-02   8.08343E-03   4.98888E-03  -1.41639E-02  -1.25503E-02  -2.08013E-03  -1.40608E-04   1.06848E-02   9.10098E-03  -1.49153E-03  -2.35271E-03  -7.19306E-03  -5.86515E-03   3.16742E-03   3.79846E-03   4.40238E-03   3.17351E-03  -4.17859E-03  -3.68283E-03  -1.61000E-03  -8.15221E-04   3.34806E-03   2.61600E-03  -5.98332E-05  -8.11521E-05  -2.52863E-03  -1.76751E-03   8.54781E-04   3.82740E-04   1.66471E-03   1.09760E-03  -1.28002E-03  -3.13255E-04  -8.94837E-04  -6.48377E-04   1.39520E-03   2.90801E-04  -2.56457E-04
 1.30000E+02  -1.55003E-02  -2.74996E-02  -1.24975E-02   1.46102E-02   1.54954E-02   8.10517E-03   4.92873E-03  -1.40507E-02  -1.24405E-02  -1.97849E-03   1.47288E-06   1.05893E-02   8.96690E-03  -1.64306E-03  -2.50789E-03  -7.06511E-03  -5.68483E-03   3.30496E-03   3.91488E-03   4.22356E-03   2.93158E-03  -4.25751E-03  -3.70627E-03  -1.42501E-03  -5.98374E-04   3.34878E-03   2.55965E-03  -2.01058E-04  -2.65878E-04  -2.49344E-03  -1.65696E-03   9.54343E-04   5.17519E-04   1.62014E-03   9.49376E-04  -1.34000E-03  -3.91540E-04  -8.62840E-04  -4.89003E-04   1.42610E-03   2.55505E-04  -2.74742E-04
 1.31000E+02  -1.50555E-02  -2.75929E-02  -1.26072E-02   1.43710E-02   1.53255E-02   8.13982E-03   4.86890E-03  -1.39454E-02  -1.23397E-02  -1.87097E-03   1.57547E-04   1.04959E-02   8.83184E-03  -1.80751E-03  -2.68014E-03  -6.92868E-03  -5.49267E-03   3.45180E-03   4.04364E-03   4.02730E-03   2.66845E-03  -4.33432E-03  -3.73056E-03  -1.22322E-03  -3.62060E-04   3.33678E-03   2.49540E-03  -3.50295E-04  -4.66354E-04  -2.44099E-03  -1.53346E-03   1.05262E-03   6.62936E-04   1.55936E-03   7.85600E-04  -1.39010E-03  -4.75623E-04  -8.20079E-04  -3.14051E-04   1.44234E-03   2.16280E-04  -2.90601E-04
 1.31900E+02  -1.46796E-02  -2.76909E-02  -1.27173E-02   1.41776E-02   1.51964E-02   8.17854E-03   4.82007E-03  -1.38686E-02  -1.22673E-02  -1.77695E-03   2.97497E-04   1.04225E-02   8.72210E-03  -1.95396E-03  -2.83573E-03  -6.81001E-03  -5.32649E-03   3.58012E-03   4.15925E-03   3.85145E-03   2.43645E-03  -4.39467E-03  -3.75092E-03  -1.04357E-03  -1.53733E-04   3.31489E-03   2.43630E-03  -4.78824E-04  -6.41984E-04  -2.38199E-03  -1.42227E-03   1.13092E-03   7.89323E-04   1.49463E-03   6.39952E-04  -1.42111E-03  -5.48252E-04  -7.75164E-04  -1.59627E-04   1.44138E-03   1.81252E-04  -3.01090E-04
 1.32900E+02  -1.42887E-02  -2.78141E-02  -1.28510E-02   1.39869E-02   1.50788E-02   8.22789E-03   4.76997E-03  -1.38032E-02  -1.22065E-02  -1.67324E-03   4.53589E-04   1.03522E-02   8.61229E-03  -2.11705E-03  -3.00984E-03  -6.68154E-03  -5.14849E-03   3.72003E-03   4.28747E-03   3.65541E-03   2.18359E-03  -4.45301E-03  -3.77166E-03  -8.44673E-04   7.26863E-05   3.27867E-03   2.36924E-03  -6.16392E-04  -8.31177E-04  -2.30352E-03  -1.29911E-03   1.20763E-03   9.24039E-04   1.41169E-03   4.80999E-04  -1.44085E-03  -6.25025E-04  -7.18195E-04   7.39044E-06   1.42382E-03   1.42919E-04  -3.08794E-04
 1.33800E+02  -1.39604E-02  -2.79365E-02  -1.29806E-02   1.38373E-02   1.49957E-02   8.27634E-03   4.72740E-03  -1.37618E-02  -1.21686E-02  -1.57874E-03   5.95543E-04   1.02984E-02   8.52331E-03  -2.26581E-03  -3.16807E-03  -6.56797E-03  -4.99337E-03   3.84480E-03   4.40253E-03   3.47714E-03   1.95999E-03  -4.49845E-03  -3.78826E-03  -6.65121E-04   2.71715E-04   3.23567E-03   2.30749E-03  -7.36404E-04  -9.95508E-04  -2.22148E-03  -1.18890E-03   1.26822E-03   1.03945E-03   1.32726E-03   3.41251E-04  -1.44610E-03  -6.90077E-04  -6.60662E-04   1.52617E-04   1.39385E-03   1.09166E-04  -3.12383E-04
 1.34800E+02  -1.36215E-02  -2.80843E-02  -1.31334E-02   1.36955E-02   1.49278E-02   8.33289E-03   4.68150E-03  -1.37351E-02  -1.21439E-02  -1.47051E-03   7.55922E-04   1.02482E-02   8.43404E-03  -2.43502E-03  -3.34591E-03  -6.44297E-03  -4.82548E-03   3.98337E-03   4.52961E-03   3.27569E-03   1.71538E-03  -4.54182E-03  -3.80372E-03  -4.63835E-04   4.87333E-04   3.17667E-03   2.23696E-03  -8.66440E-04  -1.17076E-03  -2.11786E-03  -1.06730E-03   1.32694E-03   1.16035E-03   1.22279E-03   1.90406E-04  -1.43882E-03  -7.57236E-04  -5.89935E-04   3.07238E-04   1.34558E-03   7.27145E-05  -3.12882E-04
 1.35800E+02  -1.33092E-02  -2.82432E-02  -1.32942E-02   1.35796E-02   1.48848E-02   8.39060E-03   4.63558E-03  -1.37283E-02  -1.21363E-02  -1.35702E-03   9.20105E-04   1.02073E-02   8.35329E-03  -2.60992E-03  -3.52612E-03  -6.31810E-03  -4.66095E-03   4.12297E-03   4.65531E-03   3.06947E-03   1.47413E-03  -4.57831E-03  -3.81513E-03  -2.59622E-04   6.96839E-04   3.10615E-03   2.16389E-03  -9.93783E-04  -1.33744E-03  -2.00140E-03  -9.46712E-04   1.37736E-03   1.27256E-03   1.10739E-03   4.49523E-05  -1.41855E-03  -8.18292E-04  -5.12274E-04   4.53650E-04   1.28241E-03   3.75839E-05  -3.09940E-04
 1.36800E+02  -1.30230E-02  -2.84123E-02  -1.34614E-02   1.34895E-02   1.48659E-02   8.44785E-03   4.58810E-03  -1.37410E-02  -1.21443E-02  -1.23654E-03   1.08909E-03   1.01748E-02   8.27927E-03  -2.79191E-03  -3.70882E-03  -6.19228E-03  -4.49825E-03   4.26448E-03   4.77882E-03   2.85734E-03   1.23551E-03  -4.60841E-03  -3.82137E-03  -5.16236E-05   8.99890E-04   3.02439E-03   2.08761E-03  -1.11906E-03  -1.49463E-03  -1.87245E-03  -8.27113E-04   1.42013E-03   1.37500E-03   9.81451E-04  -9.44032E-05  -1.38610E-03  -8.72472E-04  -4.27992E-04   5.90720E-04   1.20523E-03   3.97827E-06  -3.03790E-04
 1.37700E+02  -1.27874E-02  -2.85724E-02  -1.36162E-02   1.34306E-02   1.48687E-02   8.49776E-03   4.54273E-03  -1.37688E-02  -1.21635E-02  -1.12089E-03   1.24607E-03   1.01521E-02   8.21686E-03  -2.96270E-03  -3.87538E-03  -6.07738E-03  -4.35209E-03   4.39402E-03   4.88734E-03   2.66059E-03   1.02239E-03  -4.63030E-03  -3.82150E-03   1.39321E-04   1.07680E-03   2.94142E-03   2.01556E-03  -1.23041E-03  -1.62714E-03  -1.74609E-03  -7.20268E-04   1.45252E-03   1.45792E-03   8.59539E-04  -2.14055E-04  -1.34712E-03  -9.14687E-04  -3.46816E-04   7.05176E-04   1.12457E-03  -2.48058E-05  -2.95698E-04
 1.38700E+02  -1.25498E-02  -2.87580E-02  -1.37914E-02   1.33896E-02   1.48928E-02   8.55016E-03   4.48794E-03  -1.38172E-02  -1.21967E-02  -9.83139E-04   1.42677E-03   1.01333E-02   8.15038E-03  -3.16107E-03  -4.06276E-03  -5.94697E-03  -4.18846E-03   4.54074E-03   5.00399E-03   2.43481E-03   7.86733E-04  -4.64898E-03  -3.81428E-03   3.55973E-04   1.26649E-03   2.83906E-03   1.93094E-03  -1.35278E-03  -1.76349E-03  -1.59473E-03  -6.02327E-04   1.48212E-03   1.53869E-03   7.15172E-04  -3.40003E-04  -1.29367E-03  -9.53562E-04  -2.51185E-04   8.21445E-04   1.02346E-03  -5.50002E-05  -2.84073E-04
 1.39700E+02  -1.23372E-02  -2.89511E-02  -1.39686E-02   1.33741E-02   1.49381E-02   8.59813E-03   4.42702E-03  -1.38835E-02  -1.22407E-02  -8.34580E-04   1.61493E-03   1.01202E-02   8.08497E-03  -3.36909E-03  -4.25242E-03  -5.81280E-03  -4.02193E-03   4.69055E-03   5.11538E-03   2.20092E-03   5.51559E-04  -4.66174E-03  -3.79788E-03   5.77439E-04   1.44851E-03   2.72629E-03   1.84067E-03  -1.47375E-03  -1.88734E-03  -1.43249E-03  -4.85067E-04   1.50527E-03   1.60637E-03   5.62233E-04  -4.57988E-04  -1.23031E-03  -9.83186E-04  -1.50458E-04   9.25206E-04   9.11332E-04  -8.31498E-05  -2.69895E-04
 1.40700E+02  -1.21494E-02  -2.91506E-02  -1.41460E-02   1.33839E-02   1.50037E-02   8.64054E-03   4.35839E-03  -1.39669E-02  -1.22938E-02  -6.74297E-04   1.81138E-03   1.01118E-02   8.01859E-03  -3.58711E-03  -4.44413E-03  -5.67400E-03  -3.85083E-03   4.84333E-03   5.22026E-03   1.95858E-03   3.16176E-04  -4.66841E-03  -3.77078E-03   8.03528E-04   1.62237E-03   2.60344E-03   1.74382E-03  -1.59311E-03  -1.99761E-03  -1.26019E-03  -3.68334E-04   1.52220E-03   1.65981E-03   4.01731E-04  -5.67423E-04  -1.15785E-03  -1.00275E-03  -4.54151E-05   1.01544E-03   7.89414E-04  -1.09096E-04  -2.53398E-04
 1.41800E+02  -1.19711E-02  -2.93766E-02  -1.43394E-02   1.34233E-02   1.50982E-02   8.67951E-03   4.27214E-03  -1.40774E-02  -1.23606E-02  -4.83603E-04   2.03796E-03   1.01066E-02   7.94200E-03  -3.83857E-03  -4.65704E-03  -5.51502E-03  -3.65537E-03   5.01437E-03   5.32659E-03   1.68206E-03   5.62438E-05  -4.66837E-03  -3.72685E-03   1.05698E-03   1.80357E-03   2.45709E-03   1.62864E-03  -1.72206E-03  -2.10198E-03  -1.06020E-03  -2.40365E-04   1.53374E-03   1.70082E-03   2.17890E-04  -6.77266E-04  -1.06864E-03  -1.01176E-03   7.40095E-05   1.09793E-03   6.45619E-04  -1.34919E-04  -2.32859E-04
 1.42800E+02  -1.18345E-02  -2.95869E-02  -1.45121E-02   1.34845E-02   1.52032E-02   8.70691E-03   4.18233E-03  -1.41937E-02  -1.24271E-02  -2.96623E-04   2.25425E-03   1.01044E-02   7.86698E-03  -4.07753E-03  -4.85206E-03  -5.36394E-03  -3.46941E-03   5.17189E-03   5.41362E-03   1.42172E-03  -1.81594E-04  -4.66112E-03  -3.67248E-03   1.29087E-03   1.95863E-03   2.31430E-03   1.51518E-03  -1.83645E-03  -2.18039E-03  -8.70122E-04  -1.24290E-04   1.53780E-03   1.72086E-03   4.56679E-05  -7.66994E-04  -9.79861E-04  -1.00782E-03   1.84931E-04   1.15676E-03   5.07709E-04  -1.55780E-04  -2.12284E-04
 1.43800E+02  -1.17220E-02  -2.98009E-02  -1.46800E-02   1.35690E-02   1.53255E-02   8.72575E-03   4.08021E-03  -1.43237E-02  -1.24974E-02  -9.63500E-05   2.48097E-03   1.01032E-02   7.78484E-03  -4.32586E-03  -5.04806E-03  -5.20590E-03  -3.27407E-03   5.33040E-03   5.49017E-03   1.15316E-03  -4.21384E-04  -4.64638E-03  -3.60298E-03   1.52696E-03   2.10392E-03   2.16272E-03   1.39263E-03  -1.94725E-03  -2.24215E-03  -6.73523E-04  -8.37804E-06   1.53563E-03   1.72357E-03  -1.29740E-04  -8.46606E-04  -8.84731E-04  -9.91742E-04   2.96827E-04   1.19943E-03   3.64636E-04  -1.74034E-04  -1.90168E-04
 1.44900E+02  -1.16259E-02  -3.00395E-02  -1.48576E-02   1.36879E-02   1.54789E-02   8.73562E-03   3.95210E-03  -1.44811E-02  -1.25772E-02   1.39456E-04   2.74304E-03   1.01014E-02   7.68413E-03  -4.60897E-03  -5.26427E-03  -5.02324E-03  -3.04682E-03   5.50455E-03   5.56082E-03   8.48809E-04  -6.87827E-04  -4.62066E-03  -3.50763E-03   1.78761E-03   2.25188E-03   1.98645E-03   1.24664E-03  -2.06374E-03  -2.28995E-03  -4.51491E-04   1.18975E-04   1.52584E-03   1.70568E-03  -3.24215E-04  -9.22039E-04  -7.73915E-04  -9.59521E-04   4.19410E-04   1.22703E-03   2.03390E-04  -1.90990E-04  -1.64386E-04
 1.45900E+02  -1.15633E-02  -3.02582E-02  -1.50111E-02   1.38185E-02   1.56345E-02   8.73390E-03   3.82005E-03  -1.46356E-02  -1.26502E-02   3.67882E-04   2.99321E-03   1.00978E-02   7.58140E-03  -4.87432E-03  -5.46082E-03  -4.84850E-03  -2.82776E-03   5.66118E-03   5.61151E-03   5.64744E-04  -9.32712E-04  -4.58772E-03  -3.40270E-03   2.02370E-03   2.37507E-03   1.81816E-03   1.10330E-03  -2.16340E-03  -2.31439E-03  -2.46149E-04   2.34573E-04   1.50994E-03   1.66992E-03  -5.00265E-04  -9.79248E-04  -6.68664E-04  -9.16727E-04   5.28782E-04   1.23413E-03   5.53167E-05  -2.03492E-04  -1.39934E-04
 1.47000E+02  -1.15214E-02  -3.04994E-02  -1.51697E-02   1.39855E-02   1.58223E-02   8.71937E-03   3.65641E-03  -1.48160E-02  -1.27294E-02   6.34397E-04   3.28182E-03   1.00898E-02   7.45431E-03  -5.17356E-03  -5.67637E-03  -4.64603E-03  -2.57202E-03   5.82973E-03   5.65113E-03   2.45174E-04  -1.20508E-03  -4.53982E-03  -3.26626E-03   2.28024E-03   2.49760E-03   1.62496E-03   9.33680E-04  -2.26450E-03  -2.31983E-03  -1.85677E-05   3.61389E-04   1.48439E-03   1.60884E-03  -6.90509E-04  -1.02942E-03  -5.49221E-04  -8.54726E-04   6.44871E-04   1.22196E-03  -1.06783E-04  -2.13990E-04  -1.12278E-04
 1.48000E+02  -1.15074E-02  -3.07183E-02  -1.53035E-02   1.41571E-02   1.60072E-02   8.69395E-03   3.49009E-03  -1.49876E-02  -1.27988E-02   8.90223E-04   3.55647E-03   1.00773E-02   7.32467E-03  -5.45082E-03  -5.87110E-03  -4.45205E-03  -2.32541E-03   5.97769E-03   5.67154E-03  -5.07505E-05  -1.45528E-03  -4.48457E-03  -3.12261E-03   2.50847E-03   2.59675E-03   1.44268E-03   7.68652E-04  -2.34703E-03  -2.30503E-03   1.87889E-04   4.76137E-04   1.45347E-03   1.53362E-03  -8.57970E-04  -1.06332E-03  -4.38466E-04  -7.84971E-04   7.44786E-04   1.19283E-03  -2.51248E-04  -2.20563E-04  -8.67676E-05
 1.49100E+02  -1.15182E-02  -3.09573E-02  -1.54381E-02   1.43663E-02   1.62252E-02   8.65176E-03   3.28709E-03  -1.51827E-02  -1.28710E-02   1.18605E-03   3.87199E-03   1.00557E-02   7.16531E-03  -5.75977E-03  -6.08315E-03  -4.22716E-03  -2.03818E-03   6.13243E-03   5.67594E-03  -3.80897E-04  -1.73296E-03  -4.40965E-03  -2.94283E-03   2.75150E-03   2.69193E-03   1.23573E-03   5.75564E-04  -2.42562E-03  -2.26704E-03   4.12194E-04   6.01380E-04   1.41053E-03   1.42967E-03  -1.03337E-03  -1.08775E-03  -3.15578E-04  -6.94017E-04   8.46452E-04   1.14135E-03  -4.04462E-04  -2.24555E-04  -5.86655E-05
 1.50200E+02  -1.15557E-02  -3.11930E-02  -1.55586E-02   1.45951E-02   1.64572E-02   8.59390E-03   3.06262E-03  -1.53821E-02  -1.29373E-02   1.49642E-03   4.20119E-03   1.00239E-02   6.98747E-03  -6.07087E-03  -6.29209E-03  -3.98961E-03  -1.73416E-03   6.27636E-03   5.66071E-03  -7.14428E-04  -2.01254E-03  -4.31853E-03  -2.74045E-03   2.98337E-03   2.77217E-03   1.02294E-03   3.71092E-04  -2.48940E-03  -2.20666E-03   6.31123E-04   7.25052E-04   1.35777E-03   1.30440E-03  -1.19667E-03  -1.09888E-03  -1.92957E-04  -5.89032E-04   9.37351E-04   1.07037E-03  -5.49115E-04  -2.25227E-04  -3.08957E-05
 1.51200E+02  -1.16123E-02  -3.14034E-02  -1.56555E-02   1.48187E-02   1.66794E-02   8.52703E-03   2.83977E-03  -1.55649E-02  -1.29914E-02   1.79065E-03   4.51181E-03   9.98451E-03   6.80919E-03  -6.35382E-03  -6.47848E-03  -3.76219E-03  -1.44350E-03   6.39573E-03   5.62938E-03  -1.01926E-03  -2.26753E-03  -4.22048E-03  -2.53740E-03   3.18211E-03   2.83188E-03   8.25215E-04   1.76269E-04  -2.53283E-03  -2.13290E-03   8.23398E-04   8.35519E-04   1.30089E-03   1.17318E-03  -1.33218E-03  -1.09772E-03  -8.28792E-05  -4.82460E-04   1.00886E-03   9.89934E-04  -6.71017E-04  -2.23057E-04  -6.25329E-06
 1.52300E+02  -1.16987E-02  -3.16293E-02  -1.57475E-02   1.50804E-02   1.69350E-02   8.43709E-03   2.57403E-03  -1.57657E-02  -1.30431E-02   2.12699E-03   4.86517E-03   9.92768E-03   6.59452E-03  -6.66327E-03  -6.67863E-03  -3.49894E-03  -1.10871E-03   6.51215E-03   5.57541E-03  -1.35492E-03  -2.54777E-03  -4.09468E-03  -2.29408E-03   3.38493E-03   2.88277E-03   6.03898E-04  -4.64954E-05  -2.56280E-03  -2.03195E-03   1.02527E-03   9.54078E-04   1.22813E-03   1.01145E-03  -1.46449E-03  -1.08449E-03   3.54511E-05  -3.54453E-04   1.07345E-03   8.85455E-04  -7.92313E-04  -2.17766E-04   1.98631E-05
 1.53400E+02  -1.18095E-02  -3.18483E-02  -1.58242E-02   1.53571E-02   1.72013E-02   8.32928E-03   2.28706E-03  -1.59641E-02  -1.30857E-02   2.47601E-03   5.22969E-03   9.85491E-03   6.36034E-03  -6.96892E-03  -6.87254E-03  -3.22155E-03  -7.59194E-04   6.61074E-03   5.50085E-03  -1.68944E-03  -2.82627E-03  -3.94891E-03  -2.03130E-03   3.56871E-03   2.91794E-03   3.79490E-04  -2.76343E-04  -2.57241E-03  -1.91152E-03   1.21490E-03   1.06856E-03   1.14438E-03   8.33679E-04  -1.57683E-03  -1.05935E-03   1.49701E-04  -2.17007E-04   1.12158E-03   7.66102E-04  -8.98081E-04  -2.09629E-04   4.46259E-05
 1.54500E+02  -1.19435E-02  -3.20592E-02  -1.58853E-02   1.56474E-02   1.74770E-02   8.20292E-03   1.97942E-03  -1.61579E-02  -1.31182E-02   2.83711E-03   5.60403E-03   9.76444E-03   6.10686E-03  -7.26887E-03  -7.05896E-03  -2.92965E-03  -3.96380E-04   6.68934E-03   5.40574E-03  -2.02137E-03  -3.10125E-03  -3.78218E-03  -1.75092E-03   3.73110E-03   2.93723E-03   1.52916E-04  -5.11116E-04  -2.56013E-03  -1.77320E-03   1.39027E-03   1.17783E-03   1.04942E-03   6.42461E-04  -1.66704E-03  -1.02304E-03   2.58746E-04  -7.23235E-05   1.15175E-03   6.34134E-04  -9.86412E-04  -1.98886E-04   6.77422E-05
 1.55700E+02  -1.21151E-02  -3.22789E-02  -1.59342E-02   1.59783E-02   1.77868E-02   8.04313E-03   1.62114E-03  -1.63619E-02  -1.31411E-02   3.24416E-03   6.02178E-03   9.64371E-03   5.80878E-03  -7.58756E-03  -7.25218E-03  -2.59434E-03   1.25580E-05   6.75008E-03   5.27870E-03  -2.37887E-03  -3.39483E-03  -3.57543E-03  -1.42753E-03   3.88144E-03   2.93997E-03  -9.56546E-05  -7.69971E-04  -2.52034E-03  -1.60404E-03   1.56324E-03   1.28959E-03   9.32945E-04   4.21974E-04  -1.73812E-03  -9.71674E-04   3.70596E-04   9.08766E-05   1.16279E-03   4.78758E-04  -1.06105E-03  -1.84515E-04   9.07848E-05
 1.56800E+02  -1.22945E-02  -3.24698E-02  -1.59627E-02   1.62936E-02   1.80777E-02   7.87593E-03   1.27291E-03  -1.65403E-02  -1.31496E-02   3.62876E-03   6.41146E-03   9.51136E-03   5.51641E-03  -7.87017E-03  -7.41844E-03  -2.27135E-03   3.97334E-04   6.78107E-03   5.14116E-03  -2.70096E-03  -3.65566E-03  -3.36256E-03  -1.11769E-03   3.99281E-03   2.92558E-03  -3.23818E-04  -1.00687E-03  -2.45872E-03  -1.43441E-03   1.70338E-03   1.38374E-03   8.14493E-04   2.12409E-04  -1.77679E-03  -9.14829E-04   4.65681E-04   2.42521E-04   1.15199E-03   3.28827E-04  -1.10831E-03  -1.69228E-04   1.09687E-04
 1.57900E+02  -1.24937E-02  -3.26498E-02  -1.59757E-02   1.66193E-02   1.83738E-02   7.68835E-03   9.06763E-04  -1.67091E-02  -1.31454E-02   4.02382E-03   6.80563E-03   9.35709E-03   5.20644E-03  -8.14225E-03  -7.57270E-03  -1.93340E-03   7.89356E-04   6.78709E-03   4.98377E-03  -3.01642E-03  -3.90608E-03  -3.12711E-03  -7.97771E-04   4.07749E-03   2.89487E-03  -5.51338E-04  -1.24044E-03  -2.37256E-03  -1.25307E-03   1.82470E-03   1.46844E-03   6.85182E-04  -7.97419E-07  -1.78924E-03  -8.49664E-04   5.52905E-04   3.93227E-04   1.12076E-03   1.74703E-04  -1.13454E-03  -1.52242E-04   1.26297E-04
 1.59100E+02  -1.27324E-02  -3.28331E-02  -1.59721E-02   1.69858E-02   1.87009E-02   7.45998E-03   4.88138E-04  -1.68806E-02  -1.31251E-02   4.46614E-03   7.23841E-03   9.16274E-03   4.84908E-03  -8.42561E-03  -7.72538E-03  -1.54789E-03   1.22256E-03   6.76401E-03   4.78978E-03  -3.35166E-03  -4.16443E-03  -2.84465E-03  -4.40535E-04   4.13831E-03   2.84261E-03  -7.97708E-04  -1.48793E-03  -2.25052E-03  -1.04450E-03   1.93456E-03   1.54831E-03   5.32361E-04  -2.33438E-04  -1.77251E-03  -7.70285E-04   6.38419E-04   5.53170E-04   1.06344E-03   5.28111E-06  -1.13883E-03  -1.32149E-04   1.41663E-04
 1.60200E+02  -1.29696E-02  -3.29885E-02  -1.59524E-02   1.73312E-02   1.90028E-02   7.22854E-03   8.79583E-05  -1.70252E-02  -1.30911E-02   4.88145E-03   7.63542E-03   8.96001E-03   4.50471E-03  -8.67186E-03  -7.84918E-03  -1.17945E-03   1.62218E-03   6.71494E-03   4.59190E-03  -3.64960E-03  -4.38482E-03  -2.56277E-03  -1.08590E-04   4.16449E-03   2.77734E-03  -1.02081E-03  -1.70485E-03  -2.11336E-03  -8.45898E-04   2.01405E-03   1.60841E-03   3.82343E-04  -4.42955E-04  -1.72958E-03  -6.91031E-04   7.07494E-04   6.92577E-04   9.90101E-04  -1.47991E-04  -1.12061E-03  -1.12646E-04   1.53146E-04
 1.61400E+02  -1.32470E-02  -3.31437E-02  -1.59128E-02   1.77177E-02   1.93325E-02   6.95171E-03  -3.65269E-04  -1.71681E-02  -1.30360E-02   5.34454E-03   8.06629E-03   8.71158E-03   4.11165E-03  -8.92461E-03  -7.96452E-03  -7.61814E-04   2.05794E-03   6.63055E-03   4.35451E-03  -3.96312E-03  -4.60417E-03  -2.23125E-03   2.54972E-04   4.16055E-03   2.68705E-03  -1.25996E-03  -1.92699E-03  -1.93715E-03  -6.23877E-04   2.07730E-03   1.65789E-03   2.09108E-04  -6.63268E-04  -1.65349E-03  -5.98726E-04   7.72310E-04   8.33378E-04   8.88525E-04  -3.09451E-04  -1.07730E-03  -9.05715E-05   1.62801E-04
 1.62500E+02  -1.35174E-02  -3.32726E-02  -1.58596E-02   1.80803E-02   1.96332E-02   6.67559E-03  -7.94921E-04  -1.72845E-02  -1.29679E-02   5.77748E-03   8.45691E-03   8.45870E-03   3.73618E-03  -9.14079E-03  -8.05028E-03  -3.65488E-04   2.45463E-03   6.52485E-03   4.11753E-03  -4.23879E-03  -4.78314E-03  -1.90671E-03   5.86555E-04   4.12731E-03   2.58665E-03  -1.47407E-03  -2.11422E-03  -1.75264E-03  -4.17785E-04   2.11378E-03   1.68700E-03   4.29322E-05  -8.54092E-04  -1.55821E-03  -5.09825E-04   8.21850E-04   9.49213E-04   7.77120E-04  -4.49192E-04  -1.01720E-03  -6.99331E-05   1.69030E-04
 1.63700E+02  -1.38286E-02  -3.33982E-02  -1.57828E-02   1.84840E-02   1.99577E-02   6.35011E-03  -1.27796E-03  -1.73949E-02  -1.28730E-02   6.25802E-03   8.87578E-03   8.15555E-03   3.31089E-03  -9.35872E-03  -8.11997E-03   8.02666E-05   2.88158E-03   6.37891E-03   3.83825E-03  -4.52535E-03  -4.95131E-03  -1.53212E-03   9.43199E-04   4.05932E-03   2.45782E-03  -1.70059E-03  -2.29726E-03  -1.52835E-03  -1.92679E-04   2.13043E-03   1.69949E-03  -1.44508E-04  -1.04638E-03  -1.42843E-03  -4.09326E-04   8.64998E-04   1.05815E-03   6.37790E-04  -5.89490E-04  -9.31109E-04  -4.73299E-05   1.73024E-04
 1.64900E+02  -1.41556E-02  -3.35079E-02  -1.56856E-02   1.88956E-02   2.02764E-02   5.99966E-03  -1.77484E-03  -1.74873E-02  -1.27553E-02   6.74590E-03   9.28452E-03   7.82440E-03   2.87009E-03  -9.55695E-03  -8.16270E-03   5.38288E-04   3.29964E-03   6.20163E-03   3.53775E-03  -4.79562E-03  -5.08836E-03  -1.13865E-03   1.29134E-03   3.95920E-03   2.30885E-03  -1.91807E-03  -2.45505E-03  -1.28273E-03   3.02409E-05   2.12353E-03   1.69050E-03  -3.36083E-04  -1.21857E-03  -1.27435E-03  -3.06311E-04   8.96759E-04   1.14613E-03   4.82632E-04  -7.14181E-04  -8.25867E-04  -2.49748E-05   1.74199E-04
 1.66100E+02  -1.44973E-02  -3.36015E-02  -1.55677E-02   1.93141E-02   2.05873E-02   5.62483E-03  -2.28444E-03  -1.75607E-02  -1.26134E-02   7.23965E-03   9.68062E-03   7.46598E-03   2.41462E-03  -9.73444E-03  -8.17652E-03   1.00648E-03   3.70611E-03   5.99394E-03   3.21656E-03  -5.04794E-03  -5.19166E-03  -7.29383E-04   1.62792E-03   3.82831E-03   2.13990E-03  -2.12460E-03  -2.58476E-03  -1.01900E-03   2.48608E-04   2.09396E-03   1.65894E-03  -5.29140E-04  -1.36748E-03  -1.09920E-03  -2.01907E-04   9.17207E-04   1.21077E-03   3.14915E-04  -8.20661E-04  -7.04223E-04  -3.18725E-06   1.72697E-04
 1.67300E+02  -1.48527E-02  -3.36787E-02  -1.54283E-02   1.97382E-02   2.08884E-02   5.22640E-03  -2.80575E-03  -1.76147E-02  -1.24460E-02   7.73755E-03   1.00618E-02   7.08130E-03   1.94538E-03  -9.89010E-03  -8.15972E-03   1.48242E-03   4.09847E-03   5.75705E-03   2.87532E-03  -5.28055E-03  -5.25900E-03  -3.07813E-04   1.95015E-03   3.66828E-03   1.95132E-03  -2.31819E-03  -2.68407E-03  -7.40783E-04   4.60265E-04   2.04278E-03   1.60406E-03  -7.20768E-04  -1.49049E-03  -9.06643E-04  -9.71819E-05   9.26491E-04   1.25020E-03   1.38282E-04  -9.06803E-04  -5.69280E-04   1.77469E-05   1.68688E-04
 1.68500E+02  -1.52207E-02  -3.37395E-02  -1.52668E-02   2.01668E-02   2.11780E-02   4.80533E-03  -3.33776E-03  -1.76484E-02  -1.22522E-02   8.23764E-03   1.04258E-02   6.67158E-03   1.46327E-03  -1.00228E-02  -8.11091E-03   1.96343E-03   4.47442E-03   5.49235E-03   2.51485E-03  -5.49157E-03  -5.28862E-03   1.22218E-04   2.25554E-03   3.48098E-03   1.74371E-03  -2.49667E-03  -2.75117E-03  -4.52034E-04   6.63266E-04   1.97124E-03   1.52555E-03  -9.07860E-04  -1.58557E-03  -7.00660E-04   6.85799E-06   9.24825E-04   1.26314E-03  -4.33364E-05  -9.71013E-04  -4.24413E-04   3.75775E-05   1.62371E-04
 1.69700E+02  -1.56004E-02  -3.37837E-02  -1.50828E-02   2.05984E-02   2.14544E-02   4.36275E-03  -3.87947E-03  -1.76613E-02  -1.20310E-02   8.73782E-03   1.07708E-02   6.23821E-03   9.69309E-04  -1.01314E-02  -8.02901E-03   2.44657E-03   4.83189E-03   5.20139E-03   2.13619E-03  -5.67906E-03  -5.27934E-03   5.56616E-04   2.54189E-03   3.26847E-03   1.51794E-03  -2.65786E-03  -2.78487E-03  -1.56940E-04   8.55881E-04   1.88069E-03   1.42357E-03  -1.08718E-03  -1.65137E-03  -4.85465E-04   1.09255E-04   9.12474E-04   1.24898E-03  -2.25827E-04  -1.01226E-03  -2.73179E-04   5.60903E-05   1.53958E-04
 1.70900E+02  -1.59910E-02  -3.38112E-02  -1.48760E-02   2.10314E-02   2.17161E-02   3.89991E-03  -4.42987E-03  -1.76525E-02  -1.17820E-02   9.23580E-03   1.10951E-02   5.78271E-03   4.64632E-04  -1.02147E-02  -7.91338E-03   2.92879E-03   5.16904E-03   4.88585E-03   1.74062E-03  -5.84102E-03  -5.23052E-03   9.91120E-04   2.80727E-03   3.03291E-03   1.27524E-03  -2.79952E-03  -2.78462E-03   1.40183E-04   1.03659E-03   1.77258E-03   1.29878E-03  -1.25544E-03  -1.68715E-03  -2.65388E-04   2.09094E-04   8.89744E-04   1.20776E-03  -4.05001E-04  -1.03009E-03  -1.19217E-04   7.31064E-05   1.43674E-04
 1.72200E+02  -1.64253E-02  -3.38218E-02  -1.46260E-02   2.15004E-02   2.19817E-02   3.37715E-03  -5.03471E-03  -1.76178E-02  -1.14803E-02   9.77006E-03   1.14214E-02   5.26612E-03  -9.27085E-05  -1.02750E-02  -7.74974E-03   3.44647E-03   5.50947E-03   4.51832E-03   1.29487E-03  -5.98537E-03  -5.13299E-03   1.45694E-03   3.06925E-03   2.75431E-03   9.94993E-04  -2.92841E-03  -2.74612E-03   4.59328E-04   1.21738E-03   1.63742E-03   1.13922E-03  -1.42150E-03  -1.69202E-03  -2.64840E-05   3.13347E-04   8.53813E-04   1.13339E-03  -5.90554E-04  -1.02314E-03   4.64501E-05   8.96846E-05   1.30693E-04
 1.73400E+02  -1.68356E-02  -3.38139E-02  -1.43713E-02   2.19314E-02   2.22092E-02   2.87634E-03  -5.59974E-03  -1.75616E-02  -1.11725E-02   1.02559E-02   1.16980E-02   4.76968E-03  -6.15400E-04  -1.03017E-02  -7.56349E-03   3.91659E-03   5.79929E-03   4.15725E-03   8.69551E-04  -6.08784E-03  -5.00237E-03   1.87784E-03   3.28608E-03   2.47799E-03   7.22386E-04  -3.02245E-03  -2.67606E-03   7.46846E-04   1.36922E-03   1.49764E-03   9.71294E-04  -1.55650E-03  -1.66592E-03   1.89972E-04   4.05063E-04   8.10627E-04   1.03884E-03  -7.49670E-04  -9.93263E-04   1.94575E-04   1.03155E-04   1.17261E-04
 1.74700E+02  -1.72894E-02  -3.37857E-02  -1.40699E-02   2.23944E-02   2.24354E-02   2.31560E-03  -6.21768E-03  -1.74740E-02  -1.08076E-02   1.07713E-02   1.19698E-02   4.21261E-03  -1.18859E-03  -1.02980E-02  -7.32429E-03   4.41381E-03   6.08533E-03   3.74461E-03   3.96438E-04  -6.16340E-03  -4.81829E-03   2.31906E-03   3.49257E-03   2.16061E-03   4.14706E-04  -3.09507E-03  -2.56436E-03   1.04583E-03   1.51627E-03   1.33182E-03   7.69662E-04  -1.67953E-03  -1.60600E-03   4.15290E-04   4.98536E-04   7.53508E-04   9.10769E-04  -9.04455E-04  -9.36990E-04   3.45917E-04   1.15665E-04   1.01414E-04
 1.75900E+02  -1.77159E-02  -3.37416E-02  -1.37685E-02   2.28163E-02   2.26249E-02   1.78259E-03  -6.79207E-03  -1.73676E-02  -1.04425E-02   1.12348E-02   1.21941E-02   3.68234E-03  -1.72211E-03  -1.02633E-02  -7.07001E-03   4.85847E-03   6.32243E-03   3.34583E-03  -4.89538E-05  -6.19874E-03  -4.61090E-03   2.70855E-03   3.65602E-03   1.85343E-03   1.22104E-04  -3.13332E-03  -2.43023E-03   1.30626E-03   1.63501E-03   1.16714E-03   5.68242E-04  -1.76898E-03  -1.52347E-03   6.10867E-04   5.78514E-04   6.91764E-04   7.71725E-04  -1.02755E-03  -8.64882E-04   4.73981E-04   1.25234E-04   8.58337E-05
 1.77200E+02  -1.81852E-02  -3.36739E-02  -1.34176E-02   2.32659E-02   2.28085E-02   1.18993E-03  -7.41698E-03  -1.72240E-02  -1.00173E-02   1.17209E-02   1.24072E-02   3.09238E-03  -2.30246E-03  -1.01908E-02  -6.75988E-03   5.32142E-03   6.54898E-03   2.89658E-03  -5.37481E-04  -6.19818E-03  -4.34823E-03   3.10702E-03   3.80284E-03   1.50792E-03  -2.00694E-04  -3.14202E-03  -2.25416E-03   1.56751E-03   1.74442E-03   9.78011E-04   3.37178E-04  -1.83724E-03  -1.40739E-03   8.05400E-04   6.57373E-04   6.15757E-04   6.02291E-04  -1.13609E-03  -7.67556E-04   5.96991E-04   1.33418E-04   6.81822E-05
 1.78500E+02  -1.86609E-02  -3.35854E-02  -1.30422E-02   2.37062E-02   2.29690E-02   5.82837E-04  -8.04280E-03  -1.70505E-02  -9.56279E-03   1.21881E-02   1.25886E-02   2.48820E-03  -2.88255E-03  -1.00813E-02  -6.41571E-03   5.76176E-03   6.74295E-03   2.43160E-03  -1.02845E-03  -6.15600E-03  -4.04928E-03   3.47715E-03   3.91754E-03   1.15187E-03  -5.25586E-04  -3.11551E-03  -2.04960E-03   1.80344E-03   1.83311E-03   7.79672E-04   9.70256E-05  -1.87374E-03  -1.26701E-03   9.78440E-04   7.27166E-04   5.31035E-04   4.17735E-04  -1.21605E-03  -6.53442E-04   7.00954E-04   1.39322E-04   4.99860E-05
 1.79800E+02  -1.91418E-02  -3.34758E-02  -1.26436E-02   2.41355E-02   2.31060E-02  -3.73339E-05  -8.66753E-03  -1.68465E-02  -9.08048E-03   1.26342E-02   1.27374E-02   1.87168E-03  -3.45941E-03  -9.93421E-03  -6.03987E-03   6.17669E-03   6.90335E-03   1.95316E-03  -1.51770E-03  -6.07146E-03  -3.71773E-03   3.81550E-03   3.99960E-03   7.88020E-04  -8.48276E-04  -3.05317E-03  -1.82052E-03   2.01095E-03   1.90047E-03   5.74106E-04  -1.47496E-04  -1.87716E-03  -1.10630E-03   1.12712E-03   7.86928E-04   4.38486E-04   2.23010E-04  -1.26539E-03  -5.26161E-04   7.83733E-04   1.42955E-04   3.14988E-05
 1.81100E+02  -1.96269E-02  -3.33453E-02  -1.22226E-02   2.45527E-02   2.32189E-02  -6.69335E-04  -9.28910E-03  -1.66118E-02  -8.57217E-03   1.30572E-02   1.28530E-02   1.24469E-03  -4.02995E-03  -9.74927E-03  -5.63495E-03   6.56381E-03   7.02930E-03   1.46354E-03  -2.00090E-03  -5.94432E-03  -3.35760E-03   4.11925E-03   4.04868E-03   4.19077E-04  -1.16432E-03  -2.95502E-03  -1.57120E-03   2.18766E-03   1.94600E-03   3.63315E-04  -3.91471E-04  -1.84692E-03  -9.29479E-04   1.24930E-03   8.35736E-04   3.39120E-04   2.33190E-05  -1.28294E-03  -3.89567E-04   8.43872E-04   1.44346E-04   1.29618E-05
 1.82400E+02  -2.01148E-02  -3.31936E-02  -1.17806E-02   2.49567E-02   2.33072E-02  -1.31198E-03  -9.90537E-03  -1.63464E-02  -8.03971E-03   1.34556E-02   1.29346E-02   6.09070E-04  -4.59100E-03  -9.52665E-03  -5.20365E-03   6.92108E-03   7.11996E-03   9.65056E-04  -2.47366E-03  -5.77494E-03  -2.97305E-03   4.38617E-03   4.06452E-03   4.77345E-05  -1.46925E-03  -2.82169E-03  -1.30608E-03   2.33188E-03   1.96931E-03   1.49335E-04  -6.29927E-04  -1.78328E-03  -7.40956E-04   1.34358E-03   8.72729E-04   2.34074E-04  -1.76044E-04  -1.26845E-03  -2.47620E-04   8.80605E-04   1.43539E-04  -5.39509E-06
 1.83700E+02  -2.06044E-02  -3.30209E-02  -1.13186E-02   2.53466E-02   2.33704E-02  -1.96410E-03  -1.05142E-02  -1.60504E-02  -7.48498E-03   1.38280E-02   1.29817E-02  -3.33092E-05  -5.13938E-03  -9.26688E-03  -4.74873E-03   7.24685E-03   7.17458E-03   4.60128E-04  -2.93159E-03  -5.56424E-03  -2.56834E-03   4.61462E-03   4.04702E-03  -3.23298E-04  -1.75864E-03  -2.65450E-03  -1.02966E-03   2.44261E-03   1.97016E-03  -6.57549E-05  -8.57969E-04  -1.68727E-03  -5.45140E-04   1.40930E-03   8.97133E-04   1.24620E-04  -3.69853E-04  -1.22256E-03  -1.04264E-04   8.93845E-04   1.40595E-04  -2.33515E-05
 1.85000E+02  -2.10944E-02  -3.28274E-02  -1.08376E-02   2.57216E-02   2.34080E-02  -2.62452E-03  -1.11134E-02  -1.57242E-02  -6.90983E-03   1.41732E-02   1.29936E-02  -6.80510E-04  -5.67197E-03  -8.97086E-03  -4.27297E-03   7.53979E-03   7.19248E-03  -4.87363E-05  -3.37044E-03  -5.31372E-03  -2.14770E-03   4.80352E-03   3.99621E-03  -6.91271E-04  -2.02827E-03  -2.45540E-03  -7.46357E-04   2.51949E-03   1.94840E-03  -2.79815E-04  -1.07092E-03  -1.56069E-03  -3.46349E-04   1.44648E-03   9.08283E-04   1.21678E-05  -5.53103E-04  -1.14676E-03   3.66863E-05   8.84158E-04   1.35586E-04  -4.06954E-05
 1.86300E+02  -2.15836E-02  -3.26133E-02  -1.03386E-02   2.60812E-02   2.34194E-02  -3.29202E-03  -1.17010E-02  -1.53683E-02  -6.31607E-03   1.44904E-02   1.29698E-02  -1.33050E-03  -6.18577E-03  -8.63983E-03  -3.77907E-03   7.79885E-03   7.17314E-03  -5.58898E-04  -3.78617E-03  -5.02541E-03  -1.71526E-03   4.95230E-03   3.91227E-03  -1.05338E-03  -2.27421E-03  -2.22694E-03  -4.60432E-04   2.56277E-03   1.90407E-03  -4.90642E-04  -1.26444E-03  -1.40607E-03  -1.48702E-04   1.45578E-03   9.05659E-04  -1.01742E-04  -7.21152E-04  -1.04337E-03   1.71649E-04   8.52714E-04   1.28598E-04  -5.72215E-05
 1.87700E+02  -2.21084E-02  -3.23600E-02  -9.78224E-03   2.64503E-02   2.34017E-02  -4.01729E-03  -1.23184E-02  -1.49530E-02  -5.65782E-03   1.47997E-02   1.29036E-02  -2.03115E-03  -6.71482E-03  -8.24601E-03  -3.22996E-03   8.03902E-03   7.11022E-03  -1.10656E-03  -4.20373E-03  -4.67559E-03  -1.24094E-03   5.06752E-03   3.78527E-03  -1.43348E-03  -2.50851E-03  -1.95164E-03  -1.54198E-04   2.57270E-03   1.83134E-03  -7.11464E-04  -1.44668E-03  -1.21184E-03   5.84893E-05   1.43606E-03   8.87034E-04  -2.24137E-04  -8.80381E-04  -9.04632E-04   3.06571E-04   7.96488E-04   1.18977E-04  -7.38755E-05
 1.89000E+02  -2.25924E-02  -3.21043E-02  -9.24881E-03   2.67757E-02   2.33569E-02  -4.69519E-03  -1.28754E-02  -1.45384E-02  -5.03092E-03   1.50560E-02   1.28041E-02  -2.67993E-03  -7.18075E-03  -7.84769E-03  -2.70683E-03   8.22535E-03   7.01251E-03  -1.61038E-03  -4.55987E-03  -4.31742E-03  -7.96520E-04   5.13298E-03   3.63399E-03  -1.77415E-03  -2.69444E-03  -1.67268E-03   1.24640E-04   2.54922E-03   1.74105E-03  -9.08259E-04  -1.58810E-03  -1.00974E-03   2.41956E-04   1.39201E-03   8.54924E-04  -3.35654E-04  -1.00428E-03  -7.54276E-04   4.19152E-04   7.25843E-04   1.08220E-04  -8.80724E-05
 1.90400E+02  -2.31091E-02  -3.18073E-02  -8.65720E-03   2.71067E-02   2.32775E-02  -5.42824E-03  -1.34558E-02  -1.40623E-02  -4.34085E-03   1.52982E-02   1.26557E-02  -3.37383E-03  -7.65249E-03  -7.38611E-03  -2.13212E-03   8.38601E-03   6.86508E-03  -2.14427E-03  -4.90596E-03  -3.89977E-03  -3.17831E-04   5.15947E-03   3.43622E-03  -2.12428E-03  -2.85768E-03  -1.35185E-03   4.15028E-04   2.49065E-03   1.62014E-03  -1.10852E-03  -1.70735E-03  -7.73626E-04   4.26388E-04   1.31941E-03   8.04512E-04  -4.51286E-04  -1.10862E-03  -5.74064E-04   5.23940E-04   6.32938E-04   9.48343E-05  -1.01777E-04
 1.91800E+02  -2.36197E-02  -3.14887E-02  -8.04877E-03   2.74169E-02   2.31655E-02  -6.16240E-03  -1.40141E-02  -1.35570E-02  -3.63723E-03   1.55045E-02   1.24645E-02  -4.05968E-03  -8.09058E-03  -6.89359E-03  -1.54863E-03   8.50478E-03   6.67438E-03  -2.66533E-03  -5.21025E-03  -3.45348E-03   1.56885E-04   5.14137E-03   3.20377E-03  -2.45339E-03  -2.98029E-03  -1.01513E-03   6.91536E-04   2.40001E-03   1.47586E-03  -1.29381E-03  -1.79003E-03  -5.23926E-04   5.94115E-04   1.22377E-03   7.38139E-04  -5.60006E-04  -1.18033E-03  -3.80420E-04   6.09445E-04   5.26081E-04   7.97703E-05  -1.13620E-04
 1.93200E+02  -2.41234E-02  -3.11493E-02  -7.42449E-03   2.77055E-02   2.30205E-02  -6.89552E-03  -1.45485E-02  -1.30243E-02  -2.92205E-03   1.56743E-02   1.22310E-02  -4.73424E-03  -8.49287E-03  -6.37328E-03  -9.59333E-04   8.58144E-03   6.44133E-03  -3.16956E-03  -5.47041E-03  -2.98342E-03   6.23758E-04   5.08004E-03   2.93863E-03  -2.75774E-03  -3.06083E-03  -6.68154E-04   9.50965E-04   2.28008E-03   1.30984E-03  -1.46122E-03  -1.83477E-03  -2.66584E-04   7.42626E-04   1.10852E-03   6.56634E-04  -6.59484E-04  -1.21796E-03  -1.79293E-04   6.74094E-04   4.09089E-04   6.32520E-05  -1.23396E-04
 1.94600E+02  -2.46191E-02  -3.07897E-02  -6.78538E-03   2.79717E-02   2.28427E-02  -7.62539E-03  -1.50577E-02  -1.24658E-02  -2.19735E-03   1.58068E-02   1.19557E-02  -5.39423E-03  -8.85762E-03  -5.82844E-03  -3.67161E-04   8.61584E-03   6.16735E-03  -3.65300E-03  -5.68475E-03  -2.49459E-03   1.07919E-03   4.97705E-03   2.64322E-03  -3.03375E-03  -3.09869E-03  -3.16655E-04   1.19063E-03   2.13386E-03   1.12412E-03  -1.60798E-03  -1.84123E-03  -7.62692E-06   8.70064E-04   9.77269E-04   5.61201E-04  -7.47468E-04  -1.22114E-03   2.32930E-05   7.17041E-04   2.85880E-04   4.55323E-05  -1.30914E-04
 1.96000E+02  -2.51061E-02  -3.04110E-02  -6.13256E-03   2.82148E-02   2.26323E-02  -8.34981E-03  -1.55403E-02  -1.18836E-02  -1.46519E-03   1.59015E-02   1.16397E-02  -6.03639E-03  -9.18349E-03  -5.26237E-03   2.24951E-04   8.60800E-03   5.85434E-03  -4.11179E-03  -5.85229E-03  -1.99202E-03   1.51984E-03   4.83417E-03   2.32052E-03  -3.27801E-03  -3.09415E-03   3.37028E-05   1.40836E-03   1.96447E-03   9.21154E-04  -1.73151E-03  -1.81003E-03   2.47026E-04   9.75206E-04   8.33666E-04   4.53419E-04  -8.21853E-04  -1.19055E-03   2.21428E-04   7.38148E-04   1.60341E-04   2.68943E-05  -1.36012E-04
 1.97400E+02  -2.55835E-02  -3.00138E-02  -5.46719E-03   2.84339E-02   2.23897E-02  -9.06660E-03  -1.59953E-02  -1.12795E-02  -7.27734E-04   1.59578E-02   1.12846E-02  -6.65760E-03  -9.46954E-03  -4.67837E-03   8.14056E-04   8.55804E-03   5.50471E-03  -4.54224E-03  -5.97269E-03  -1.48065E-03   1.94259E-03   4.65330E-03   1.97394E-03  -3.48743E-03  -3.04833E-03   3.77458E-04   1.60241E-03   1.77508E-03   7.03805E-04  -1.82954E-03  -1.74279E-03   4.91731E-04   1.05743E-03   6.81330E-04   3.35221E-04  -8.80751E-04  -1.12792E-03   4.09509E-04   7.37946E-04   3.62074E-05   7.64922E-06  -1.38557E-04
 1.98800E+02  -2.60509E-02  -2.95989E-02  -4.79054E-03   2.86283E-02   2.21158E-02  -9.77370E-03  -1.64219E-02  -1.06551E-02   1.27813E-05   1.59752E-02   1.08920E-02  -7.25488E-03  -9.71513E-03  -4.07963E-03   1.39718E-03   8.46625E-03   5.12129E-03  -4.94097E-03  -6.04616E-03  -9.65271E-04   2.34452E-03   4.43649E-03   1.60736E-03  -3.65931E-03  -2.96307E-03   7.09487E-04   1.77150E-03   1.56886E-03   4.75311E-04  -1.90012E-03  -1.64196E-03   7.21278E-04   1.11666E-03   5.23739E-04   2.08865E-04  -9.22561E-04  -1.03584E-03   5.82410E-04   7.17575E-04  -8.30477E-05  -1.18664E-05  -1.38454E-04
 2.00200E+02  -2.65077E-02  -2.91670E-02  -4.10398E-03   2.87975E-02   2.18116E-02  -1.04692E-02  -1.68195E-02  -1.00122E-02   7.54025E-04   1.59536E-02   1.04640E-02  -7.82551E-03  -9.91994E-03  -3.46926E-03   1.97131E-03   8.33309E-03   4.70734E-03  -5.30496E-03  -6.07348E-03  -4.50399E-04   2.72287E-03   4.18592E-03   1.22508E-03  -3.79141E-03  -2.84089E-03   1.02511E-03   1.91471E-03   1.34892E-03   2.39225E-04  -1.94175E-03  -1.51075E-03   9.31022E-04   1.15329E-03   3.64165E-04   7.68817E-05  -9.46025E-04  -9.17756E-04   7.35623E-04   6.78708E-04  -1.94306E-04  -3.12951E-05  -1.35654E-04
 2.01700E+02  -2.69848E-02  -2.86861E-02  -3.35901E-03   2.89501E-02   2.14532E-02  -1.11996E-02  -1.72124E-02  -9.30482E-03   1.54628E-03   1.58868E-02   9.96905E-03  -8.40457E-03  -1.00940E-02  -2.80573E-03   2.57302E-03   8.14529E-03   4.23403E-03  -5.65343E-03  -6.05289E-03   9.58931E-05   3.09915E-03   3.88262E-03   8.03280E-04  -3.88690E-03  -2.67254E-03   1.34038E-03   2.03875E-03   1.10148E-03  -1.78205E-05  -1.95312E-03  -1.34086E-03   1.12928E-03   1.16842E-03   1.94404E-04  -6.76485E-05  -9.49840E-04  -7.67010E-04   8.73669E-04   6.18955E-04  -3.01593E-04  -5.15919E-05  -1.29658E-04
 2.03100E+02  -2.74179E-02  -2.82209E-02  -2.65654E-03   2.90653E-02   2.10897E-02  -1.18659E-02  -1.75478E-02  -8.62886E-03   2.28129E-03   1.57839E-02   9.47571E-03  -8.91261E-03  -1.02143E-02  -2.18049E-03   3.11884E-03   7.92886E-03   3.76854E-03  -5.93768E-03  -5.98877E-03   5.96653E-04   3.42059E-03   3.56967E-03   4.03339E-04  -3.93192E-03  -2.48421E-03   1.60953E-03   2.12677E-03   8.62625E-04  -2.57330E-04  -1.93223E-03  -1.15955E-03   1.28623E-03   1.16127E-03   3.99455E-05  -2.02379E-04  -9.33064E-04  -6.08578E-04   9.75053E-04   5.48907E-04  -3.88283E-04  -6.96480E-05  -1.21322E-04
 2.04600E+02  -2.78685E-02  -2.77056E-02  -1.89800E-03   2.91594E-02   2.06708E-02  -1.25618E-02  -1.78731E-02  -7.88952E-03   3.06113E-03   1.56303E-02   8.91669E-03  -9.42017E-03  -1.02982E-02  -1.50732E-03   3.68322E-03   7.65426E-03   3.24909E-03  -6.19645E-03  -5.87411E-03   1.11933E-03   3.73046E-03   3.20542E-03  -2.60959E-05  -3.93247E-03  -2.25350E-03   1.86765E-03   2.19130E-03   6.01482E-04  -5.08794E-04  -1.87629E-03  -9.46386E-04   1.42155E-03   1.13250E-03  -1.18536E-04  -3.43105E-04  -8.93389E-04  -4.25567E-04   1.05194E-03   4.61727E-04  -4.64839E-04  -8.76031E-05  -1.09587E-04
 2.06100E+02  -2.83045E-02  -2.71736E-02  -1.13517E-03   2.92230E-02   2.02228E-02  -1.32377E-02  -1.81625E-02  -7.13633E-03   3.83000E-03   1.54327E-02   8.32950E-03  -9.88798E-03  -1.03360E-02  -8.33798E-04   4.22287E-03   7.33727E-03   2.71316E-03  -6.40656E-03  -5.71437E-03   1.62386E-03   4.00208E-03   2.81468E-03  -4.50483E-04  -3.88406E-03  -1.99778E-03   2.09184E-03   2.22523E-03   3.38172E-04  -7.50070E-04  -1.78658E-03  -7.19537E-04   1.52111E-03   1.08386E-03  -2.67353E-04  -4.76524E-04  -8.31957E-04  -2.34976E-04   1.09473E-03   3.65450E-04  -5.23193E-04  -1.03679E-04  -9.51580E-05
 2.07600E+02  -2.87253E-02  -2.66253E-02  -3.69913E-04   2.92561E-02   1.97475E-02  -1.38925E-02  -1.84154E-02  -6.37111E-03   4.58486E-03   1.51917E-02   7.71755E-03  -1.03147E-02  -1.03283E-02  -1.62931E-04   4.73424E-03   6.98009E-03   2.16583E-03  -6.56735E-03  -5.51224E-03   2.10678E-03   4.23310E-03   2.40118E-03  -8.63794E-04  -3.78793E-03  -1.72215E-03   2.28021E-03   2.22901E-03   7.58770E-05  -9.76350E-04  -1.66484E-03  -4.85053E-04   1.58411E-03   1.01757E-03  -4.04461E-04  -5.99133E-04  -7.50087E-04  -4.30692E-05   1.10330E-03   2.63649E-04  -5.62678E-04  -1.17453E-04  -7.83217E-05
 2.09100E+02  -2.91300E-02  -2.60616E-02   3.96000E-04   2.92589E-02   1.92462E-02  -1.45253E-02  -1.86314E-02  -5.59569E-03   5.32272E-03   1.49088E-02   7.08422E-03  -1.06994E-02  -1.02757E-02   5.02374E-04   5.21396E-03   6.58532E-03   1.61207E-03  -6.67873E-03  -5.27054E-03   2.56497E-03   4.42147E-03   1.96898E-03  -1.26026E-03  -3.64614E-03  -1.43173E-03   2.43166E-03   2.20334E-03  -1.82336E-04  -1.18313E-03  -1.51354E-03  -2.48837E-04   1.61079E-03   9.35895E-04  -5.28221E-04  -7.07677E-04  -6.49693E-04   1.44117E-04   1.07864E-03   1.59822E-04  -5.83286E-04  -1.28545E-04  -5.94366E-05
 2.10600E+02  -2.95180E-02  -2.54831E-02   1.16088E-03   2.92318E-02   1.87204E-02  -1.51352E-02  -1.88099E-02  -4.81198E-03   6.04075E-03   1.45852E-02   6.43275E-03  -1.10414E-02  -1.01789E-02   1.15925E-03   5.65889E-03   6.15591E-03   1.05667E-03  -6.74122E-03  -4.99217E-03   2.99567E-03   4.56550E-03   1.52237E-03  -1.63452E-03  -3.46156E-03  -1.13148E-03   2.54580E-03   2.14910E-03  -4.33499E-04  -1.36632E-03  -1.33586E-03  -1.64746E-05   1.60231E-03   8.41169E-04  -6.37371E-04  -7.99250E-04  -5.33233E-04   3.20963E-04   1.02279E-03   5.72770E-05  -5.85614E-04  -1.36629E-04  -3.89264E-05
 2.12100E+02  -2.98885E-02  -2.48907E-02   1.92312E-03   2.91753E-02   1.81714E-02  -1.57214E-02  -1.89505E-02  -4.02195E-03   6.73630E-03   1.42229E-02   5.76628E-03  -1.13402E-02  -1.00388E-02   1.80486E-03   6.06623E-03   5.69520E-03   5.04173E-04  -6.75582E-03  -4.68009E-03   3.39638E-03   4.66390E-03   1.06588E-03  -1.98170E-03  -3.23772E-03  -8.26128E-04   2.62289E-03   2.06742E-03  -6.74741E-04  -1.52240E-03  -1.13558E-03   2.06896E-04   1.56068E-03   7.35697E-04  -7.30987E-04  -8.71390E-04  -4.03642E-04   4.82435E-04   9.38667E-04  -4.09617E-05  -5.70795E-04  -1.41450E-04  -1.72719E-05
 2.13600E+02  -3.02409E-02  -2.42852E-02   2.68127E-03   2.90900E-02   1.76003E-02  -1.62832E-02  -1.90526E-02  -3.22771E-03   7.40694E-03   1.38236E-02   5.08782E-03  -1.15958E-02  -9.85618E-03   2.43635E-03   6.43352E-03   5.20678E-03  -4.11895E-05  -6.72393E-03  -4.33730E-03   3.76485E-03   4.71586E-03   6.04267E-04  -2.29755E-03  -2.97877E-03  -5.20103E-04   2.66373E-03   1.95967E-03  -9.03281E-04  -1.64846E-03  -9.16972E-04   4.16706E-04   1.48859E-03   6.21743E-04  -8.08446E-04  -9.22167E-04  -2.64246E-04   6.24218E-04   8.29986E-04  -1.32229E-04  -5.40420E-04  -1.42829E-04   5.00132E-06
 2.15200E+02  -3.05960E-02  -2.36260E-02   3.48389E-03   2.89678E-02   1.69683E-02  -1.68547E-02  -1.91191E-02  -2.37833E-03   8.09234E-03   1.33595E-02   4.35414E-03  -1.18208E-02  -9.61597E-03   3.09116E-03   6.77888E-03   4.65962E-03  -6.10654E-04  -6.64070E-03  -3.94128E-03   4.12005E-03   4.71981E-03   1.11745E-04  -2.59591E-03  -2.66905E-03  -1.97525E-04   2.66880E-03   1.81781E-03  -1.13005E-03  -1.74740E-03  -6.68878E-04   6.21152E-04   1.38184E-03   4.93311E-04  -8.72861E-04  -9.51281E-04  -1.08831E-04   7.49838E-04   6.91851E-04  -2.19371E-04  -4.93081E-04  -1.40406E-04   2.88136E-05
 2.16700E+02  -3.09088E-02  -2.29967E-02   4.22935E-03   2.88249E-02   1.63556E-02  -1.73637E-02  -1.91414E-02  -1.58240E-03   8.70478E-03   1.28910E-02   3.65986E-03  -1.19871E-02  -9.34956E-03   3.68443E-03   7.05750E-03   4.12639E-03  -1.12930E-03  -6.51871E-03  -3.54489E-03   4.41567E-03   4.67558E-03  -3.44877E-04  -2.83654E-03  -2.35252E-03   9.73880E-05   2.63923E-03   1.66156E-03  -1.32402E-03  -1.80540E-03  -4.27528E-04   7.91309E-04   1.25772E-03   3.68682E-04  -9.16050E-04  -9.54372E-04   3.91609E-05   8.40886E-04   5.46544E-04  -2.89618E-04  -4.37057E-04  -1.34493E-04   5.05834E-05
 2.18300E+02  -3.12205E-02  -2.23146E-02   5.01572E-03   2.86429E-02   1.56819E-02  -1.78771E-02  -1.91226E-02  -7.36471E-04   9.32403E-03   1.23584E-02   2.91545E-03  -1.21172E-02  -9.02327E-03   4.29206E-03   7.30528E-03   3.54077E-03  -1.66261E-03  -6.34432E-03  -3.09902E-03   4.68923E-03   4.57834E-03  -8.20789E-04  -3.04918E-03  -1.99295E-03   4.00174E-04   2.57336E-03   1.47261E-03  -1.50832E-03  -1.82956E-03  -1.66567E-04   9.47070E-04   1.10431E-03   2.33560E-04  -9.43870E-04  -9.31850E-04   1.95013E-04   9.07660E-04   3.80448E-04  -3.50859E-04  -3.67657E-04  -1.24423E-04   7.25565E-05
 2.19900E+02  -3.15091E-02  -2.16228E-02   5.79175E-03   2.84314E-02   1.49888E-02  -1.83592E-02  -1.90604E-02   1.03512E-04   9.90650E-03   1.17947E-02   2.17013E-03  -1.21988E-02  -8.65572E-03   4.87043E-03   7.50137E-03   2.94273E-03  -2.17201E-03  -6.12716E-03  -2.63338E-03   4.91805E-03   4.43130E-03  -1.27946E-03  -3.21494E-03  -1.61700E-03   6.87367E-04   2.47468E-03   1.26358E-03  -1.66675E-03  -1.81516E-03   9.20539E-05   1.07429E-03   9.34181E-04   9.84651E-05  -9.53179E-04  -8.83495E-04   3.44286E-04   9.42377E-04   2.08912E-04  -3.97035E-04  -2.91274E-04  -1.10717E-04   9.25886E-05
 2.21500E+02  -3.17744E-02  -2.09225E-02   6.55625E-03   2.81910E-02   1.42780E-02  -1.88090E-02  -1.89555E-02   9.34745E-04   1.04508E-02   1.12029E-02   1.42697E-03  -1.22326E-02  -8.24952E-03   5.41642E-03   7.64570E-03   2.33728E-03  -2.65448E-03  -5.87034E-03  -2.15226E-03   5.10071E-03   4.23714E-03  -1.71532E-03  -3.33326E-03  -1.23102E-03   9.55942E-04   2.34609E-03   1.03781E-03  -1.79701E-03  -1.76353E-03   3.42455E-04   1.17188E-03   7.52425E-04  -3.43847E-05  -9.44513E-04  -8.10947E-04   4.82612E-04   9.45428E-04   3.79392E-05  -4.27782E-04  -2.10920E-04  -9.37451E-05   1.10062E-04
 2.23100E+02  -3.20162E-02  -2.02153E-02   7.30808E-03   2.79228E-02   1.35513E-02  -1.92257E-02  -1.88088E-02   1.75453E-03   1.09559E-02   1.05860E-02   6.88967E-04  -1.22191E-02  -7.80761E-03   5.92712E-03   7.73872E-03   1.72927E-03  -3.10737E-03  -5.57704E-03  -1.66006E-03   5.23618E-03   3.99924E-03  -2.12322E-03  -3.40450E-03  -8.41119E-04   1.20332E-03   2.19060E-03   7.98961E-04  -1.89724E-03  -1.67696E-03   5.79152E-04   1.23957E-03   5.63998E-04  -1.62889E-04  -9.18604E-04  -7.16604E-04   6.06016E-04   9.18287E-04  -1.26820E-04  -4.43289E-04  -1.29491E-04  -7.39870E-05   1.24430E-04
 2.24700E+02  -3.22347E-02  -1.95023E-02   8.04617E-03   2.76276E-02   1.28105E-02  -1.96085E-02  -1.86217E-02   2.56031E-03   1.14210E-02   9.94684E-03  -4.08890E-05  -1.21591E-02  -7.33324E-03   6.39993E-03   7.78141E-03   1.12330E-03  -3.52837E-03  -5.25052E-03  -1.16137E-03   5.32383E-03   3.72165E-03  -2.49853E-03  -3.42982E-03  -4.53103E-04   1.42736E-03   2.01134E-03   5.50969E-04  -1.96600E-03  -1.55856E-03   7.97213E-04   1.27792E-03   3.73585E-04  -2.85062E-04  -8.76371E-04  -6.03521E-04   7.11046E-04   8.63381E-04  -2.80253E-04  -4.44242E-04  -4.96674E-05  -5.20166E-05   1.35240E-04
 2.26300E+02  -3.24298E-02  -1.87848E-02   8.76947E-03   2.73061E-02   1.20574E-02  -1.99569E-02  -1.83955E-02   3.34974E-03   1.18453E-02   9.28819E-03  -7.59643E-04  -1.20536E-02  -6.82995E-03   6.83260E-03   7.77518E-03   5.23692E-04  -3.91546E-03  -4.89406E-03  -6.60856E-04   5.36343E-03   3.40894E-03  -2.83726E-03  -3.41107E-03  -7.23181E-05   1.62625E-03   1.81146E-03   2.97980E-04  -2.00243E-03  -1.41213E-03   9.92379E-04   1.28812E-03   1.85497E-04  -3.99042E-04  -8.18913E-04  -4.75301E-04   7.94879E-04   7.83949E-04  -4.17932E-04  -4.31752E-04   2.61585E-05  -2.84837E-05   1.42147E-04
 2.27900E+02  -3.26017E-02  -1.80640E-02   9.47696E-03   2.69593E-02   1.12943E-02  -2.02704E-02  -1.81319E-02   4.12069E-03   1.22286E-02   8.61276E-03  -1.46437E-03  -1.19036E-02  -6.30144E-03   7.22328E-03   7.72182E-03  -6.55808E-05  -4.26692E-03  -4.51096E-03  -1.63232E-04   5.35527E-03   3.06614E-03  -3.13613E-03  -3.35069E-03   2.96400E-04   1.79859E-03   1.59415E-03   4.42689E-05  -2.00618E-03  -1.24201E-03   1.16116E-03   1.27193E-03   3.58796E-06  -5.03096E-04  -7.47511E-04  -3.35959E-04   8.55413E-04   6.83869E-04  -5.36228E-04  -4.07276E-04   9.59366E-05  -4.09228E-06   1.44927E-04
 2.29600E+02  -3.27594E-02  -1.72955E-02   1.02102E-02   2.65641E-02   1.04745E-02  -2.05649E-02  -1.78128E-02   4.91744E-03   1.25904E-02   7.87965E-03  -2.19456E-03  -1.16972E-02  -5.71660E-03   7.59080E-03   7.61579E-03  -6.76316E-04  -4.59963E-03  -4.07844E-03   3.57053E-04   5.29516E-03   2.67488E-03  -3.40719E-03  -3.24416E-03   6.70167E-04   1.95134E-03   1.34772E-03  -2.21261E-04  -1.97471E-03  -1.04064E-03   1.30864E-03   1.22831E-03  -1.79184E-04  -6.01007E-04  -6.58003E-04  -1.80511E-04   8.92725E-04   5.59768E-04  -6.37611E-04  -3.70058E-04   1.61590E-04   2.19423E-05   1.43259E-04
 2.31200E+02  -3.28844E-02  -1.65708E-02   1.08820E-02   2.61679E-02   9.69689E-03  -2.08056E-02  -1.74776E-02   5.64451E-03   1.28880E-02   7.17777E-03  -2.86136E-03  -1.14601E-02  -5.14836E-03   7.89088E-03   7.47198E-03  -1.23324E-03  -4.87315E-03  -3.65094E-03   8.33922E-04   5.19155E-03   2.28697E-03  -3.61672E-03  -3.10744E-03   1.00114E-03   2.06568E-03   1.10453E-03  -4.62891E-04  -1.91267E-03  -8.36939E-04   1.41559E-03   1.16505E-03  -3.38372E-04  -6.79765E-04  -5.62646E-04  -3.18762E-05   9.01887E-04   4.31109E-04  -7.08241E-04  -3.26473E-04   2.14073E-04   4.57783E-05   1.37386E-04
 2.32900E+02  -3.29926E-02  -1.58002E-02   1.15750E-02   2.57224E-02   8.86642E-03  -2.10229E-02  -1.70867E-02   6.39112E-03   1.31586E-02   6.42223E-03  -3.54505E-03  -1.11648E-02  -4.53016E-03   8.16044E-03   7.27518E-03  -1.80266E-03  -5.12048E-03  -3.17888E-03   1.32190E-03   5.03361E-03   1.86022E-03  -3.78984E-03  -2.92744E-03   1.32716E-03   2.15532E-03   8.37810E-04  -7.06158E-04  -1.81407E-03  -6.11206E-04   1.49440E-03   1.07742E-03  -4.91318E-04  -7.47824E-04  -4.51587E-04   1.23555E-04   8.84392E-04   2.87185E-04  -7.55941E-04  -2.73341E-04   2.58987E-04   6.95750E-05   1.26781E-04
 2.34600E+02  -3.30758E-02  -1.50301E-02   1.22458E-02   2.52527E-02   8.03390E-03  -2.12008E-02  -1.66619E-02   7.10955E-03   1.33820E-02   5.65947E-03  -4.20021E-03  -1.08271E-02  -3.90161E-03   8.37909E-03   7.03605E-03  -2.34608E-03  -5.32233E-03  -2.69250E-03   1.78567E-03   4.82917E-03   1.42481E-03  -3.91176E-03  -2.71592E-03   1.62383E-03   2.21187E-03   5.66245E-04  -9.31068E-04  -1.68431E-03  -3.81721E-04   1.53728E-03   9.72149E-04  -6.25586E-04  -7.98624E-04  -3.32809E-04   2.71524E-04   8.40130E-04   1.41253E-04  -7.75508E-04  -2.15531E-04   2.92213E-04   9.10069E-05   1.12047E-04
 2.36300E+02  -3.31340E-02  -1.42613E-02   1.28931E-02   2.47602E-02   7.20160E-03  -2.13398E-02  -1.62054E-02   7.79849E-03   1.35584E-02   4.89242E-03  -4.82401E-03  -1.04499E-02  -3.26716E-03   8.54718E-03   6.75770E-03  -2.86079E-03  -5.47808E-03  -2.19601E-03   2.22060E-03   4.58166E-03   9.87023E-04  -3.98311E-03  -2.47733E-03   1.88878E-03   2.23543E-03   2.93629E-04  -1.13350E-03  -1.52662E-03  -1.54141E-04   1.54519E-03   8.52731E-04  -7.39762E-04  -8.31284E-04  -2.08842E-04   4.07450E-04   7.71282E-04  -1.44962E-06  -7.67995E-04  -1.55366E-04   3.13685E-04   1.09356E-04   9.37040E-05
 2.38000E+02  -3.31676E-02  -1.34949E-02   1.35161E-02   2.42464E-02   6.37164E-03  -2.14405E-02  -1.57194E-02   8.45673E-03   1.36881E-02   4.12400E-03  -5.41389E-03  -1.00359E-02  -2.63105E-03   8.66546E-03   6.44332E-03  -3.34439E-03  -5.58745E-03  -1.69364E-03   2.62255E-03   4.29505E-03   5.52743E-04  -4.00533E-03  -2.21608E-03   2.12025E-03   2.22645E-03   2.37188E-05  -1.30992E-03  -1.34483E-03   6.63124E-05   1.51993E-03   7.22612E-04  -8.33000E-04  -8.45278E-04  -8.23446E-05   5.27314E-04   6.80802E-04  -1.36169E-04  -7.35365E-04  -9.50174E-05   3.23752E-04   1.24016E-04   7.23946E-05
 2.39700E+02  -3.31767E-02  -1.27319E-02   1.41139E-02   2.37126E-02   5.54600E-03  -2.15039E-02  -1.52058E-02   9.08323E-03   1.37714E-02   3.35714E-03  -5.96759E-03  -9.58848E-03  -1.99726E-03   8.73505E-03   6.09611E-03  -3.79477E-03  -5.65056E-03  -1.18967E-03   2.98798E-03   3.97375E-03   1.27411E-04  -3.98050E-03  -1.93655E-03   2.31703E-03   2.18578E-03  -2.39788E-04  -1.45744E-03  -1.14322E-03   2.74981E-04   1.46403E-03   5.85103E-04  -9.04960E-04  -8.40457E-04   4.39401E-05   6.27782E-04   5.72275E-04  -2.58776E-04  -6.80348E-04  -3.64419E-05   3.23112E-04   1.34519E-04   4.88631E-05
 2.41400E+02  -3.31615E-02  -1.19733E-02   1.46857E-02   2.31605E-02   4.72654E-03  -2.15308E-02  -1.46668E-02   9.67699E-03   1.38090E-02   2.59479E-03  -6.48321E-03  -9.11085E-03  -1.36953E-03   8.75736E-03   5.71930E-03  -4.21009E-03  -5.66788E-03  -6.88387E-04   3.31394E-03   3.62251E-03  -2.84061E-04  -3.91128E-03  -1.64299E-03   2.47838E-03   2.11466E-03  -4.93295E-04  -1.57390E-03  -9.26438E-04   4.67857E-04   1.38064E-03   4.43332E-04  -9.55746E-04  -8.17080E-04   1.67245E-04   7.06303E-04   4.49769E-04  -3.65869E-04  -6.06276E-04   1.86633E-05   3.12757E-04   1.40546E-04   2.39249E-05
 2.43200E+02  -3.31192E-02  -1.11762E-02   1.52623E-02   2.25576E-02   3.86750E-03  -2.15204E-02  -1.40707E-02   1.02690E-02   1.37998E-02   1.79576E-03  -6.98594E-03  -8.57606E-03  -7.15256E-04   8.73131E-03   5.29173E-03  -4.60983E-03  -5.63737E-03  -1.65231E-04   3.61356E-03   3.22352E-03  -6.99809E-04  -3.79306E-03  -1.32143E-03   2.61025E-03   2.00803E-03  -7.46983E-04  -1.66187E-03  -6.85786E-04   6.51215E-04   1.26636E-03   2.91804E-04  -9.86975E-04  -7.72862E-04   2.91528E-04   7.63633E-04   3.09689E-04  -4.59475E-04  -5.11267E-04   7.16700E-05   2.92549E-04   1.41876E-04  -3.06222E-06
 2.44900E+02  -3.30550E-02  -1.04302E-02   1.57789E-02   2.19727E-02   3.06602E-03  -2.14752E-02  -1.34857E-02   1.07926E-02   1.37459E-02   1.05183E-03  -7.41868E-03  -8.04722E-03  -1.10450E-04   8.66172E-03   4.86438E-03  -4.94813E-03  -5.56384E-03   3.17350E-04   3.85191E-03   2.82647E-03  -1.06970E-03  -3.64259E-03  -1.01179E-03   2.69806E-03   1.87992E-03  -9.69264E-04  -1.71100E-03  -4.53184E-04   8.02019E-04   1.13800E-03   1.50143E-04  -9.96012E-04  -7.13877E-04   4.00239E-04   7.92534E-04   1.72347E-04  -5.27357E-04  -4.10107E-04   1.15545E-04   2.66166E-04   1.38374E-04  -2.81934E-05
 2.46700E+02  -3.29618E-02  -9.64891E-03   1.62961E-02   2.13388E-02   2.22947E-03  -2.13907E-02  -1.28455E-02   1.13085E-02   1.36426E-02   2.78660E-04  -7.83144E-03  -7.46609E-03   5.12802E-04   8.54268E-03   4.39082E-03  -5.26352E-03  -5.44069E-03   8.11672E-04   4.05607E-03   2.39048E-03  -1.43369E-03  -3.44633E-03  -6.81934E-04   2.75264E-03   1.71805E-03  -1.18293E-03  -1.72734E-03  -2.06784E-04   9.35997E-04   9.85034E-04   4.40045E-06  -9.85120E-04  -6.34911E-04   5.03428E-04   7.96465E-04   2.66722E-05  -5.76486E-04  -2.95555E-04   1.54574E-04   2.32150E-04   1.29832E-04  -5.34764E-05
 2.48500E+02  -3.28434E-02  -8.87765E-03   1.67824E-02   2.06917E-02   1.40696E-03  -2.12700E-02  -1.21864E-02   1.17841E-02   1.34933E-02  -4.76489E-04  -8.19697E-03  -6.86721E-03   1.11540E-03   8.37946E-03   3.89959E-03  -5.53383E-03  -5.27356E-03   1.28458E-03   4.21041E-03   1.94432E-03  -1.76623E-03  -3.21652E-03  -3.54274E-04   2.76860E-03   1.53256E-03  -1.37123E-03  -1.70820E-03   3.43104E-05   1.04233E-03   8.19285E-04  -1.34487E-04  -9.54662E-04  -5.41188E-04   5.91856E-04   7.74005E-04  -1.14270E-04  -6.02132E-04  -1.78048E-04   1.85429E-04   1.93597E-04   1.16707E-04  -7.64877E-05
 2.50300E+02  -3.27005E-02  -8.11765E-03   1.72378E-02   2.00331E-02   6.00061E-04  -2.11143E-02  -1.15110E-02   1.22188E-02   1.33002E-02  -1.21067E-03  -8.51513E-03  -6.25457E-03   1.69455E-03   8.17468E-03   3.39482E-03  -5.75837E-03  -5.06556E-03   1.73207E-03   4.31546E-03   1.49373E-03  -2.06491E-03  -2.95779E-03  -3.29324E-05   2.74719E-03   1.32725E-03  -1.53155E-03  -1.65563E-03   2.64978E-04   1.12062E-03   6.45468E-04  -2.64297E-04  -9.06345E-04  -4.35381E-04   6.63379E-04   7.27120E-04  -2.45812E-04  -6.05104E-04  -6.20960E-05   2.07907E-04   1.52217E-04   9.95684E-05  -9.64077E-05
 2.52100E+02  -3.25341E-02  -7.37002E-03   1.76623E-02   1.93649E-02  -1.89764E-04  -2.09248E-02  -1.08220E-02   1.26120E-02   1.30657E-02  -1.92117E-03  -8.78614E-03  -5.63200E-03   2.24772E-03   7.93105E-03   2.88070E-03  -5.93677E-03  -4.82021E-03   2.15059E-03   4.37238E-03   1.04415E-03  -2.32794E-03  -2.67474E-03   2.78181E-04   2.69005E-03   1.10623E-03  -1.66184E-03  -1.57243E-03   4.80642E-04   1.17117E-03   4.68050E-04  -3.83112E-04  -8.42035E-04  -3.20495E-04   7.16338E-04   6.58567E-04  -3.63873E-04  -5.87004E-04   4.82247E-05   2.22115E-04   1.09620E-04   7.91252E-05  -1.12554E-04
 2.53900E+02  -3.23452E-02  -6.63575E-03   1.80561E-02   1.86887E-02  -9.61105E-04  -2.07030E-02  -1.01221E-02   1.29636E-02   1.27922E-02  -2.60560E-03  -9.01056E-03  -5.00315E-03   2.77262E-03   7.65137E-03   2.36142E-03  -6.06905E-03  -4.54137E-03   2.53710E-03   4.38294E-03   6.00585E-04  -2.55407E-03  -2.37190E-03   5.75388E-04   2.59915E-03   8.73883E-04  -1.76065E-03  -1.46202E-03   6.77372E-04   1.19495E-03   2.91152E-04  -4.89304E-04  -7.63725E-04  -1.99776E-04   7.49613E-04   5.71742E-04  -4.65080E-04  -5.50094E-04   1.49395E-04   2.28429E-04   6.72709E-05   5.61987E-05  -1.24404E-04
 2.55700E+02  -3.21349E-02  -5.91569E-03   1.84193E-02   1.80059E-02  -1.71262E-03  -2.04501E-02  -9.41402E-03   1.32735E-02   1.24825E-02  -3.26184E-03  -9.18915E-03  -4.37144E-03   3.26719E-03   7.33848E-03   1.84111E-03  -6.15563E-03  -4.23314E-03   2.88909E-03   4.34937E-03   1.67618E-04  -2.74253E-03  -2.05372E-03   8.55261E-04   2.47678E-03   6.34686E-04  -1.82720E-03  -1.32827E-03   8.51961E-04   1.19347E-03   1.18474E-04  -5.81530E-04  -6.73503E-04  -7.66043E-05   7.62666E-04   4.70507E-04  -5.46853E-04  -4.97144E-04   2.38538E-04   2.27440E-04   2.64547E-05   3.16848E-05  -1.31613E-04
 2.57600E+02  -3.18908E-02  -5.17186E-03   1.87701E-02   1.72797E-02  -2.48297E-03  -2.01511E-02  -8.66068E-03   1.35555E-02   1.21193E-02  -3.92198E-03  -9.32905E-03  -3.70509E-03   3.75433E-03   6.97543E-03   1.29529E-03  -6.19835E-03  -3.88060E-03   3.22103E-03   4.26896E-03  -2.73396E-04  -2.90026E-03  -1.70595E-03   1.12841E-03   2.31639E-03   3.79764E-04  -1.86235E-03  -1.16637E-03   1.00953E-03   1.16661E-03  -5.56543E-05  -6.62550E-04  -5.67737E-04   5.23028E-05   7.54579E-04   3.52608E-04  -6.10183E-04  -4.27303E-04   3.17188E-04   2.19313E-04  -1.37718E-05   5.11786E-06  -1.34015E-04
 2.59500E+02  -3.16251E-02  -4.44540E-03   1.90875E-02   1.65496E-02  -3.22840E-03  -1.98208E-02  -7.90434E-03   1.37918E-02   1.17221E-02  -4.54696E-03  -9.42037E-03  -3.04269E-03   4.20376E-03   6.58219E-03   7.57471E-04  -6.19250E-03  -3.50512E-03   3.51072E-03   4.14573E-03  -6.93823E-04  -3.01576E-03  -1.35074E-03   1.37545E-03   2.12734E-03   1.27451E-04  -1.86210E-03  -9.88243E-04   1.13776E-03   1.11636E-03  -2.18265E-04  -7.25889E-04  -4.53721E-04   1.76237E-04   7.24812E-04   2.28307E-04  -6.48927E-04  -3.46975E-04   3.78311E-04   2.04928E-04  -5.00664E-05  -2.10834E-05  -1.31106E-04
 2.61300E+02  -3.13548E-02  -3.77372E-03   1.93580E-02   1.58556E-02  -3.91042E-03  -1.94807E-02  -7.18776E-03   1.39740E-02   1.13174E-02  -5.10536E-03  -9.46347E-03  -2.42178E-03   4.59330E-03   6.18508E-03   2.59309E-04  -6.14386E-03  -3.13282E-03   3.74530E-03   3.99280E-03  -1.06983E-03  -3.08671E-03  -1.01161E-03   1.58280E-03   1.92528E-03  -1.04687E-04  -1.83053E-03  -8.09171E-04   1.23124E-03   1.04981E-03  -3.59316E-04  -7.69041E-04  -3.40501E-04   2.85739E-04   6.77943E-04   1.09126E-04  -6.62955E-04  -2.64790E-04   4.19279E-04   1.86540E-04  -8.01355E-05  -4.46192E-05  -1.23683E-04
 2.63200E+02  -3.10508E-02  -3.08267E-03   1.96119E-02   1.51221E-02  -4.60366E-03  -1.90949E-02  -6.43407E-03   1.41234E-02   1.08634E-02  -5.65818E-03  -9.46472E-03  -1.77633E-03   4.96499E-03   5.74351E-03  -2.50647E-04  -6.04926E-03  -2.72706E-03   3.95049E-03   3.79686E-03  -1.44023E-03  -3.12190E-03  -6.55144E-04   1.77123E-03   1.69166E-03  -3.38058E-04  -1.76620E-03  -6.14050E-04   1.30017E-03   9.62449E-04  -4.92523E-04  -7.96548E-04  -2.18049E-04   3.89813E-04   6.10762E-04  -1.36956E-05  -6.54727E-04  -1.75297E-04   4.44599E-04   1.63205E-04  -1.06832E-04  -6.71885E-05  -1.11355E-04
 2.65100E+02  -3.07286E-02  -2.41046E-03   1.98338E-02   1.43889E-02  -5.26846E-03  -1.86832E-02  -5.68582E-03   1.42297E-02   1.03850E-02  -6.17259E-03  -9.42232E-03  -1.14396E-03   5.29514E-03   5.28263E-03  -7.40631E-04  -5.91287E-03  -2.31283E-03   4.11228E-03   3.56934E-03  -1.78089E-03  -3.11761E-03  -3.04421E-04   1.92661E-03   1.44146E-03  -5.55420E-04  -1.67274E-03  -4.17322E-04   1.33917E-03   8.60561E-04  -6.08142E-04  -8.05594E-04  -9.51844E-05   4.79286E-04   5.27977E-04  -1.29281E-04  -6.24584E-04  -8.65131E-05   4.52172E-04   1.36952E-04  -1.28072E-04  -8.66063E-05  -9.50287E-05
 2.67000E+02  -3.03895E-02  -1.75747E-03   2.00243E-02   1.36577E-02  -5.90388E-03  -1.82479E-02  -4.94552E-03   1.42944E-02   9.88521E-03  -6.64805E-03  -9.33816E-03  -5.27389E-04   5.58309E-03   4.80625E-03  -1.20731E-03  -5.73771E-03  -1.89463E-03   4.23134E-03   3.31421E-03  -2.08970E-03  -3.07552E-03   3.65234E-05   2.04769E-03   1.17917E-03  -7.53245E-04  -1.55345E-03  -2.23348E-04   1.34950E-03   7.47217E-04  -7.05157E-04  -7.96593E-04   2.54889E-05   5.51888E-04   4.32642E-04  -2.33948E-04  -5.75003E-04  -1.65257E-06   4.43289E-04   1.08866E-04  -1.43779E-04  -1.02198E-04  -7.54717E-05
 2.69000E+02  -3.00152E-02  -1.09127E-03   2.01914E-02   1.28915E-02  -6.54017E-03  -1.77663E-02  -4.17742E-03   1.43191E-02   9.33940E-03  -7.10604E-03  -9.20673E-03   1.01761E-04   5.84024E-03   4.29222E-03  -1.67021E-03  -5.51504E-03  -1.45475E-03   4.31172E-03   3.02022E-03  -2.37855E-03  -2.99265E-03   3.80687E-04   2.13741E-03   8.95109E-04  -9.37213E-04  -1.40405E-03  -2.64186E-05   1.33144E-03   6.18823E-04  -7.86563E-04  -7.68458E-04   1.47388E-04   6.08295E-04   3.22439E-04  -3.29035E-04  -5.05150E-04   8.04269E-05   4.18142E-04   7.84255E-05  -1.54453E-04  -1.13936E-04  -5.23540E-05
 2.70900E+02  -2.96443E-02  -4.78814E-04   2.03191E-02   1.21685E-02  -7.11306E-03  -1.72887E-02  -3.46055E-03   1.43030E-02   8.80518E-03  -7.50059E-03  -9.04344E-03   6.78097E-04   6.04094E-03   3.79588E-03  -2.08048E-03  -5.27073E-03  -1.04124E-03   4.34689E-03   2.72093E-03  -2.61725E-03  -2.87977E-03   6.89994E-04   2.18682E-03   6.22468E-04  -1.08665E-03  -1.24366E-03   1.50262E-04   1.28922E-03   4.91214E-04  -8.44052E-04  -7.25158E-04   2.55850E-04   6.41877E-04   2.12097E-04  -4.02692E-04  -4.25590E-04   1.49220E-04   3.81527E-04   4.96147E-05  -1.59289E-04  -1.20337E-04  -2.89642E-05
 2.72900E+02  -2.92388E-02   1.44019E-04   2.04215E-02   1.14140E-02  -7.68236E-03  -1.67672E-02  -2.72163E-03   1.42462E-02   8.22946E-03  -7.87322E-03  -8.83367E-03   1.25984E-03   6.20677E-03   3.26913E-03  -2.47911E-03  -4.98306E-03  -6.14526E-04   4.34252E-03   2.38923E-03  -2.83001E-03  -2.72808E-03   9.93446E-04   2.20186E-03   3.37567E-04  -1.21563E-03  -1.06001E-03   3.22162E-04   1.22136E-03   3.53990E-04  -8.83891E-04  -6.63737E-04   3.59865E-04   6.55889E-04   9.40200E-05  -4.61051E-04  -3.32030E-04   2.10151E-04   3.32312E-04   2.02777E-05  -1.59214E-04  -1.21971E-04  -3.90908E-06
 2.74800E+02  -2.88402E-02   7.14648E-04   2.04894E-02   1.07049E-02  -8.19085E-03  -1.62560E-02  -2.03640E-03   1.41562E-02   7.67271E-03  -8.18685E-03  -8.60095E-03   1.78674E-03   6.32194E-03   2.76834E-03  -2.82465E-03  -4.68458E-03  -2.20646E-04   4.30114E-03   2.06237E-03  -2.99505E-03  -2.55593E-03   1.25775E-03   2.18236E-03   7.33612E-05  -1.31048E-03  -8.75796E-04   4.69767E-04   1.13764E-03   2.23519E-04  -9.02620E-04  -5.92157E-04   4.47023E-04   6.49377E-04  -1.63305E-05  -4.97579E-04  -2.37694E-04   2.56032E-04   2.78090E-04  -5.96201E-06  -1.54717E-04  -1.18783E-04   1.93309E-05
 2.76800E+02  -2.84078E-02   1.29286E-03   2.05306E-02   9.96788E-03  -8.69189E-03  -1.57035E-02  -1.33452E-03   1.40255E-02   7.07930E-03  -8.47481E-03  -8.32366E-03   2.31229E-03   6.39981E-03   2.24458E-03  -3.15224E-03  -4.34791E-03   1.78634E-04   4.22083E-03   1.71020E-03  -3.12965E-03  -2.34889E-03   1.50803E-03   2.12832E-03  -1.93527E-04  -1.38105E-03  -6.76175E-04   6.06740E-04   1.03259E-03   8.86860E-05  -9.03070E-04  -5.05124E-04   5.24677E-04   6.22837E-04  -1.26909E-04  -5.16206E-04  -1.36679E-04   2.91142E-04   2.16013E-04  -3.12664E-05  -1.45907E-04  -1.10760E-04   4.22270E-05
 2.78800E+02  -2.79633E-02   1.84782E-03   2.05420E-02   9.24192E-03  -9.15786E-03  -1.51386E-02  -6.54208E-04   1.38600E-02   6.48134E-03  -8.72008E-03  -8.01625E-03   2.80627E-03   6.43480E-03   1.72794E-03  -3.44200E-03  -3.99224E-03   5.59246E-04   4.10552E-03   1.35402E-03  -3.22441E-03  -2.11944E-03   1.72740E-03   2.04260E-03  -4.44813E-04  -1.42219E-03  -4.75102E-04   7.23529E-04   9.13633E-04  -4.11273E-05  -8.84910E-04  -4.08662E-04   5.86413E-04   5.77968E-04  -2.28400E-04  -5.15368E-04  -3.77539E-05   3.12752E-04   1.51620E-04  -5.37191E-05  -1.33555E-04  -9.84675E-05   6.26280E-05
 2.80800E+02  -2.75080E-02   2.37935E-03   2.05247E-02   8.52824E-03  -9.58891E-03  -1.45633E-02   3.00616E-06   1.36618E-02   5.88177E-03  -8.92336E-03  -7.68194E-03   3.26721E-03   6.42884E-03   1.22180E-03  -3.69353E-03  -3.62158E-03   9.18544E-04   3.95807E-03   9.98048E-04  -3.28005E-03  -1.87190E-03   1.91412E-03   1.92844E-03  -6.76882E-04  -1.43514E-03  -2.76718E-04   8.19362E-04   7.84226E-04  -1.63674E-04  -8.49543E-04  -3.05554E-04   6.31182E-04   5.17214E-04  -3.17887E-04  -4.96628E-04   5.55852E-05   3.21412E-04   8.75450E-05  -7.29684E-05  -1.18328E-04  -8.25923E-05   7.97785E-05
 2.82900E+02  -2.70196E-02   2.91215E-03   2.04770E-02   7.79335E-03  -1.00042E-02  -1.39504E-02   6.66733E-04   1.34207E-02   5.25362E-03  -9.09265E-03  -7.30551E-03   3.71438E-03   6.38090E-03   7.05018E-04  -3.91650E-03  -3.22045E-03   1.27036E-03   3.77193E-03   6.28948E-04  -3.29762E-03  -1.59738E-03   2.07380E-03   1.78194E-03  -8.96595E-04  -1.42031E-03  -7.53650E-05   8.97148E-04   6.40716E-04  -2.82351E-04  -7.95655E-04  -1.93309E-04   6.59315E-04   4.39471E-04  -3.96400E-04  -4.60014E-04   1.44342E-04   3.17662E-04   2.31438E-05  -8.94838E-05  -9.99720E-05  -6.29521E-05   9.36562E-05
 2.84900E+02  -2.65459E-02   3.39546E-03   2.04046E-02   7.10830E-03  -1.03646E-02  -1.33604E-02   1.27250E-03   1.31621E-02   4.65954E-03  -9.21297E-03  -6.92622E-03   4.10436E-03   6.29803E-03   2.29652E-04  -4.09003E-03  -2.83087E-03   1.57914E-03   3.56804E-03   2.85889E-04  -3.27704E-03  -1.32667E-03   2.19068E-03   1.62111E-03  -1.08060E-03  -1.38141E-03   1.06428E-04   9.49673E-04   5.00016E-04  -3.84062E-04  -7.30249E-04  -8.56576E-05   6.68067E-04   3.55447E-04  -4.54739E-04  -4.11671E-04   2.17612E-04   3.03268E-04  -3.34244E-05  -1.01571E-04  -8.09064E-05  -4.23435E-05   1.02539E-04
 2.87000E+02  -2.60406E-02   3.87770E-03   2.03018E-02   6.40561E-03  -1.07066E-02  -1.27363E-02   1.87969E-03   1.28624E-02   4.04301E-03  -9.29780E-03  -6.50975E-03   4.47559E-03   6.17474E-03  -2.49190E-04  -4.23218E-03  -2.41774E-03   1.87396E-03   3.32952E-03  -6.14342E-05  -3.21841E-03  -1.03758E-03   2.27654E-03   1.43439E-03  -1.24545E-03  -1.31734E-03   2.83846E-04   9.82823E-04   3.51255E-04  -4.77375E-04  -6.48951E-04   2.49955E-05   6.58801E-04   2.60428E-04  -4.97661E-04  -3.49900E-04   2.80836E-04   2.78569E-04  -8.61135E-05  -1.10417E-04  -5.99061E-05  -1.97334E-05   1.07114E-04
 2.89000E+02  -2.55532E-02   4.31308E-03   2.01796E-02   5.75306E-03  -1.09982E-02  -1.21396E-02   2.42953E-03   1.25526E-02   3.46527E-03  -9.34062E-03  -6.09905E-03   4.79254E-03   6.02551E-03  -6.83776E-04  -4.33034E-03  -2.02377E-03   2.12537E-03   3.08244E-03  -3.76509E-04  -3.12969E-03  -7.62067E-04   2.32390E-03   1.24382E-03  -1.37441E-03  -1.23704E-03   4.37738E-04   9.94363E-04   2.11329E-04  -5.52203E-04  -5.61663E-04   1.25307E-04   6.33354E-04   1.66925E-04  -5.20776E-04  -2.83654E-04   3.26905E-04   2.47743E-04  -1.28750E-04  -1.15250E-04  -3.95675E-05   1.77059E-06   1.06963E-04
 2.91100E+02  -2.50361E-02   4.74536E-03   2.00271E-02   5.08620E-03  -1.12693E-02  -1.15124E-02   2.97616E-03   1.22040E-02   2.87106E-03  -9.34752E-03  -5.65645E-03   5.08704E-03   5.83837E-03  -1.11565E-03  -4.39554E-03  -1.61298E-03   2.35744E-03   2.80568E-03  -6.87564E-04  -3.00492E-03  -4.77001E-04   2.33883E-03   1.03481E-03  -1.48000E-03  -1.13565E-03   5.81666E-04   9.86716E-04   6.88549E-05  -6.15081E-04  -4.62066E-04   2.22586E-04   5.90684E-04   6.91415E-05  -5.26783E-04  -2.09567E-04   3.59967E-04   2.09714E-04  -1.64825E-04  -1.16706E-04  -1.84415E-05   2.33557E-05   1.02300E-04
 2.93200E+02  -2.45145E-02   5.15241E-03   1.98513E-02   4.43885E-03  -1.15052E-02  -1.08866E-02   3.49066E-03   1.18342E-02   2.29188E-03  -9.31748E-03  -5.20553E-03   5.34273E-03   5.62308E-03  -1.52087E-03  -4.42346E-03  -1.20837E-03   2.55608E-03   2.51489E-03  -9.75453E-04  -2.85105E-03  -2.00433E-04   2.32005E-03   8.21025E-04  -1.55529E-03  -1.02002E-03   7.06193E-04   9.60365E-04  -6.67016E-05  -6.61274E-04  -3.56863E-04   3.09196E-04   5.33648E-04  -2.48805E-05  -5.15139E-04  -1.34025E-04   3.77543E-04   1.67914E-04  -1.91644E-04  -1.14684E-04   1.90823E-06   4.30344E-05   9.34461E-05
 2.95300E+02  -2.39898E-02   5.53457E-03   1.96536E-02   3.81172E-03  -1.17067E-02  -1.02641E-02   3.97254E-03   1.14458E-02   1.72986E-03  -9.25268E-03  -4.74948E-03   5.56032E-03   5.38273E-03  -1.89810E-03  -4.41583E-03  -8.13003E-04   2.72094E-03   2.21383E-03  -1.23771E-03  -2.67170E-03   6.38505E-05   2.27000E-03   6.06627E-04  -1.60114E-03  -8.93427E-04   8.10513E-04   9.17067E-04  -1.93259E-04  -6.90531E-04  -2.48648E-04   3.83115E-04   4.64613E-04  -1.12129E-04  -4.87497E-04  -5.99867E-05   3.80425E-04   1.24291E-04  -2.09256E-04  -1.09475E-04   2.09937E-05   6.00395E-05   8.09959E-05
 2.97500E+02  -2.34377E-02   5.90857E-03   1.94244E-02   3.17708E-03  -1.18820E-02  -9.61739E-03   4.44207E-03   1.10217E-02   1.16152E-03  -9.15003E-03  -4.26947E-03   5.74842E-03   5.10738E-03  -2.26216E-03  -4.37179E-03  -4.11799E-04   2.85746E-03   1.89143E-03  -1.48285E-03  -2.46059E-03   3.23974E-04   2.18711E-03   3.85469E-04  -1.61911E-03  -7.52471E-04   8.97769E-04   8.55610E-04  -3.14269E-04  -7.03160E-04  -1.34844E-04   4.45288E-04   3.82289E-04  -1.93528E-04  -4.43694E-04   1.31518E-05   3.69095E-04   7.85601E-05  -2.18268E-04  -1.00976E-04   3.91717E-05   7.43309E-05   6.48831E-05
 2.99600E+02  -2.29095E-02   6.24080E-03   1.91862E-02   2.59322E-03  -1.20163E-02  -9.00713E-03   4.85647E-03   1.06031E-02   6.40164E-04  -9.02133E-03  -3.81200E-03   5.89111E-03   4.82517E-03  -2.57915E-03  -4.29755E-03  -4.39138E-05   2.95369E-03   1.58074E-03  -1.68715E-03  -2.24097E-03   5.53454E-04   2.08219E-03   1.81138E-04  -1.60945E-03  -6.13060E-04   9.60125E-04   7.83686E-04  -4.17218E-04  -6.98539E-04  -2.83736E-05   4.89041E-04   2.97070E-04  -2.59645E-04  -3.90277E-04   7.65190E-05   3.46330E-04   3.64776E-05  -2.18573E-04  -9.03591E-05   5.44202E-05   8.41738E-05   4.74137E-05
 3.01800E+02  -2.23561E-02   6.56330E-03   1.89176E-02   2.00509E-03  -1.21236E-02  -8.37704E-03   5.25535E-03   1.01529E-02   1.17628E-04  -8.85698E-03  -3.33633E-03   6.00340E-03   4.51248E-03  -2.87871E-03  -4.18857E-03   3.23119E-04   3.01971E-03   1.25598E-03  -1.86913E-03  -1.99624E-03   7.71754E-04   1.94892E-03  -2.26288E-05  -1.57360E-03  -4.64974E-04   1.00402E-03   6.96773E-04  -5.10643E-04  -6.77192E-04   7.83231E-05   5.18065E-04   2.03992E-04  -3.15269E-04  -3.25120E-04   1.34324E-04   3.12126E-04  -4.55260E-06  -2.11195E-04  -7.70760E-05   6.78753E-05   9.02550E-05   2.78665E-05
 3.04000E+02  -2.18036E-02   6.86009E-03   1.86313E-02   1.44155E-03  -1.21983E-02  -7.75814E-03   5.61853E-03   9.69352E-03  -3.79495E-04  -8.66513E-03  -2.86696E-03   6.07924E-03   4.18561E-03  -3.14468E-03  -4.05041E-03   6.69034E-04   3.05145E-03   9.35624E-04  -2.01796E-03  -1.74087E-03   9.65626E-04   1.79564E-03  -2.13125E-04  -1.51411E-03  -3.17665E-04   1.02685E-03   6.00468E-04  -5.88351E-04  -6.40325E-04   1.77654E-04   5.30008E-04   1.10188E-04  -3.56072E-04  -2.53677E-04   1.82052E-04   2.69711E-04  -4.13273E-05  -1.97126E-04  -6.20839E-05   7.85103E-05   9.19688E-05   8.00870E-06
 3.06200E+02  -2.12531E-02   7.13165E-03   1.83289E-02   9.02999E-04  -1.22418E-02  -7.15208E-03   5.94660E-03   9.22750E-03  -8.50241E-04  -8.44852E-03  -2.40634E-03   6.12039E-03   3.84776E-03  -3.37702E-03  -3.88603E-03   9.91809E-04   3.05068E-03   6.23119E-04  -2.13387E-03  -1.47911E-03   1.13386E-03   1.62629E-03  -3.88107E-04  -1.43389E-03  -1.73751E-04   1.02978E-03   4.97274E-04  -6.49720E-04  -5.89674E-04   2.67471E-04   5.25575E-04   1.86896E-05  -3.81838E-04  -1.79068E-04   2.18948E-04   2.21559E-04  -7.30200E-05  -1.77663E-04  -4.59095E-05   8.61631E-05   8.94835E-05  -1.12284E-05
 3.08400E+02  -2.07058E-02   7.37851E-03   1.80121E-02   3.89736E-04  -1.22559E-02  -6.56035E-03   6.24033E-03   8.75733E-03  -1.29390E-03  -8.20984E-03  -1.95668E-03   6.12869E-03   3.50206E-03  -3.57595E-03  -3.69850E-03   1.28977E-03   3.01947E-03   3.21569E-04  -2.21761E-03  -1.21498E-03   1.27582E-03   1.44473E-03  -5.45847E-04  -1.33592E-03  -3.55531E-05   1.01422E-03   3.89683E-04  -6.94468E-04  -5.27268E-04   3.45976E-04   5.05989E-04  -6.77611E-05  -3.92955E-04  -1.04236E-04   2.44783E-04   1.70078E-04  -9.91109E-05  -1.54128E-04  -2.90865E-05   9.07574E-05   8.31540E-05  -2.90028E-05
 3.10600E+02  -2.01625E-02   7.60121E-03   1.76826E-02  -9.80513E-05  -1.22423E-02  -5.98426E-03   6.50067E-03   8.28535E-03  -1.70998E-03  -7.95167E-03  -1.51998E-03   6.10608E-03   3.15152E-03  -3.74194E-03  -3.49096E-03   1.56162E-03   2.96018E-03   3.37068E-05  -2.27038E-03  -9.52184E-04   1.39140E-03   1.25466E-03  -6.85099E-04  -1.22322E-03   9.49019E-05   9.81742E-04   2.80133E-04  -7.22649E-04  -4.55356E-04   4.11771E-04   4.72906E-04  -1.46792E-04  -3.90335E-04  -3.18421E-05   2.59797E-04   1.17516E-04  -1.19359E-04  -1.27812E-04  -1.21435E-05   9.23020E-05   7.34911E-05  -4.45962E-05
 3.12800E+02  -1.96245E-02   7.80039E-03   1.73420E-02  -5.60302E-04  -1.22027E-02  -5.42496E-03   6.72868E-03   7.81368E-03  -2.09822E-03  -7.67653E-03  -1.09803E-03   6.05455E-03   2.79902E-03  -3.87568E-03  -3.26660E-03   1.80642E-03   2.87539E-03  -2.38128E-04  -2.29376E-03  -6.94066E-04   1.48095E-03   1.05954E-03  -8.05053E-04  -1.09873E-03   2.15879E-04   9.34102E-04   1.70978E-04  -7.34638E-04  -3.76335E-04   4.63879E-04   4.28323E-04  -2.16464E-04  -3.75322E-04   3.58165E-05   2.64623E-04   6.58874E-05  -1.33768E-04  -9.99235E-05   4.40861E-06   9.08893E-05   6.11260E-05  -5.74392E-05
 3.15100E+02  -1.90685E-02   7.98419E-03   1.69760E-02  -1.01633E-03  -1.21356E-02  -4.85922E-03   6.93378E-03   7.32302E-03  -2.47422E-03  -7.37337E-03  -6.74377E-04   5.97198E-03   2.43137E-03  -3.98205E-03  -3.01749E-03   2.03280E-03   2.76245E-03  -5.03090E-04  -2.28885E-03  -4.32437E-04   1.54756E-03   8.53631E-04  -9.09375E-04  -9.59084E-04   3.30653E-04   8.70093E-04   5.96906E-05  -7.30608E-04  -2.88793E-04   5.03138E-04   3.71838E-04  -2.77711E-04  -3.48189E-04   9.94500E-05   2.59804E-04   1.47809E-05  -1.42814E-04  -7.02765E-05   2.07732E-05   8.64378E-05   4.60828E-05  -6.74878E-05
 3.17400E+02  -1.85204E-02   8.14383E-03   1.66016E-02  -1.44473E-03  -1.20442E-02  -4.31377E-03   7.10629E-03   6.83686E-03  -2.81975E-03  -7.05694E-03  -2.70146E-04   5.86246E-03   2.06751E-03  -4.05553E-03  -2.75700E-03   2.22875E-03   2.62783E-03  -7.46697E-04  -2.25634E-03  -1.82096E-04   1.58775E-03   6.49039E-04  -9.92079E-04  -8.12797E-04   4.32160E-04   7.93742E-04  -4.63985E-05  -7.10745E-04  -1.98966E-04   5.26733E-04   3.07919E-04  -3.26022E-04  -3.11492E-04   1.54224E-04   2.46231E-04  -3.18201E-05  -1.46131E-04  -4.12041E-05   3.56845E-05   7.92255E-05   2.97255E-05  -7.38267E-05
 3.19700E+02  -1.79810E-02   8.28022E-03   1.62205E-02  -1.84584E-03  -1.19305E-02  -3.78930E-03   7.24770E-03   6.35705E-03  -3.13505E-03  -6.72977E-03   1.13324E-04   5.72840E-03   1.71014E-03  -4.09767E-03  -2.48855E-03   2.39445E-03   2.47478E-03  -9.67687E-04  -2.19885E-03   5.45000E-05   1.60307E-03   4.48722E-04  -1.05345E-03  -6.62802E-04   5.19401E-04   7.07316E-04  -1.45197E-04  -6.76469E-04  -1.09539E-04   5.35038E-04   2.39292E-04  -3.60861E-04  -2.67528E-04   1.99045E-04   2.25423E-04  -7.27097E-05  -1.44287E-04  -1.36224E-05   4.87070E-05   6.96136E-05   1.29171E-05  -7.63943E-05
 3.22000E+02  -1.74513E-02   8.39430E-03   1.58345E-02  -2.22014E-03  -1.17966E-02  -3.28635E-03   7.35959E-03   5.88524E-03  -3.42052E-03  -6.39427E-03   4.74929E-04   5.57229E-03   1.36173E-03  -4.11024E-03  -2.21540E-03   2.53043E-03   2.30649E-03  -1.16524E-03  -2.11912E-03   2.75349E-04   1.59526E-03   2.55276E-04  -1.09411E-03  -5.11827E-04   5.91701E-04   6.13110E-04  -2.34902E-04  -6.29459E-04  -2.29984E-05   5.28874E-04   1.68606E-04  -3.82229E-04  -2.18609E-04   2.33334E-04   1.98983E-04  -1.07070E-04  -1.37950E-04   1.17353E-05   5.94826E-05   5.80292E-05  -3.52132E-06  -7.53170E-05
 3.24300E+02  -1.69321E-02   8.48705E-03   1.54451E-02  -2.56817E-03  -1.16444E-02  -2.80527E-03   7.44353E-03   5.42288E-03  -3.67672E-03  -6.05274E-03   8.13799E-04   5.39660E-03   1.02447E-03  -4.09519E-03  -1.94057E-03   2.63754E-03   2.12606E-03  -1.33894E-03  -2.01995E-03   4.78881E-04   1.56626E-03   7.09392E-05  -1.11491E-03  -3.62382E-04   6.48697E-04   5.13407E-04  -3.14035E-04  -5.71604E-04   5.84384E-05   5.09446E-04   9.83240E-05  -3.90611E-04  -1.66964E-04   2.56987E-04   1.68510E-04  -1.34447E-04  -1.27843E-04   3.43136E-05   6.77407E-05   4.49497E-05  -1.88478E-05  -7.08872E-05
 3.26600E+02  -1.64242E-02   8.55950E-03   1.50538E-02  -2.89060E-03  -1.14757E-02  -2.34630E-03   7.50114E-03   4.97132E-03  -3.90430E-03  -5.70734E-03   1.12930E-03   5.20378E-03   7.00284E-04  -4.05458E-03  -1.66684E-03   2.71692E-03   1.93646E-03  -1.48875E-03  -1.90411E-03   6.63923E-04   1.51815E-03  -1.02394E-04  -1.11699E-03  -2.16750E-04   6.90333E-04   4.10445E-04  -3.81464E-04  -5.04941E-04   1.32882E-04   4.78280E-04   3.06546E-05  -3.86901E-04  -1.14660E-04   2.70315E-04   1.35537E-04  -1.54713E-04  -1.14707E-04   5.37246E-05   7.33063E-05   3.08861E-05  -3.24293E-05  -6.35347E-05
 3.29000E+02  -1.59070E-02   8.61455E-03   1.46450E-02  -3.20052E-03  -1.12842E-02  -1.89107E-03   7.53492E-03   4.51288E-03  -4.11216E-03  -5.34502E-03   1.43317E-03   4.98696E-03   3.77701E-04  -3.98733E-03  -1.38511E-03   2.77167E-03   1.73186E-03  -1.61986E-03  -1.76841E-03   8.36426E-04   1.44988E-03  -2.69845E-04  -1.10061E-03  -7.10594E-05   7.17663E-04   3.01865E-04  -4.38522E-04  -4.28290E-04   2.01464E-04   4.35152E-04  -3.51323E-05  -3.71469E-04  -6.13625E-05   2.73928E-04   9.99944E-05  -1.68447E-04  -9.85660E-05   7.03485E-05   7.61620E-05   1.57302E-05  -4.41996E-05  -5.33265E-05
 3.31400E+02  -1.54034E-02   8.64980E-03   1.42372E-02  -3.48420E-03  -1.10786E-02  -1.46004E-03   7.54363E-03   4.06862E-03  -4.29081E-03  -4.98292E-03   1.71097E-03   4.75685E-03   7.26458E-05  -3.89716E-03  -1.10986E-03   2.79950E-03   1.52326E-03  -1.72586E-03  -1.62056E-03   9.87380E-04   1.36561E-03  -4.22199E-04  -1.06695E-03   6.62175E-05   7.29119E-04   1.94400E-04  -4.81555E-04  -3.46809E-04   2.59499E-04   3.83345E-04  -9.42857E-05  -3.45887E-04  -1.11147E-05   2.68073E-04   6.46903E-05  -1.75044E-04  -8.07272E-05   8.31529E-05   7.60321E-05   6.66685E-07  -5.31214E-05  -4.12077E-05
 3.33800E+02  -1.49141E-02   8.66642E-03   1.38316E-02  -3.74256E-03  -1.08610E-02  -1.05308E-03   7.52914E-03   3.63954E-03  -4.44143E-03  -4.62306E-03   1.96274E-03   4.51606E-03  -2.13691E-04  -3.78666E-03  -8.43292E-04   2.80231E-03   1.31334E-03  -1.80760E-03  -1.46344E-03   1.11659E-03   1.26785E-03  -5.58391E-04  -1.01789E-03   1.93340E-04   7.25591E-04   9.01871E-05  -5.10532E-04  -2.62894E-04   3.06176E-04   3.25129E-04  -1.45512E-04  -3.12018E-04   3.46646E-05   2.54038E-04   3.08311E-05  -1.75150E-04  -6.19334E-05   9.21580E-05   7.30582E-05  -1.37411E-05  -5.89677E-05  -2.79066E-05
 3.36200E+02  -1.44395E-02   8.66557E-03   1.34295E-02  -3.97656E-03  -1.06332E-02  -6.69996E-04   7.49330E-03   3.22650E-03  -4.56533E-03  -4.26731E-03   2.18878E-03   4.26709E-03  -4.80437E-04  -3.65836E-03  -5.87283E-04   2.78216E-03   1.10455E-03  -1.86621E-03  -1.29977E-03   1.22418E-03   1.15909E-03  -6.77684E-04  -9.55395E-04   3.08875E-04   7.08232E-04  -8.85897E-06  -5.25814E-04  -1.78821E-04   3.41134E-04   2.62766E-04  -1.87957E-04  -2.71809E-04   7.49169E-05   2.33250E-04  -6.07152E-07  -1.69558E-04  -4.28576E-05   9.74951E-05   6.74847E-05  -2.69793E-05  -6.16833E-05  -1.41499E-05
 3.38600E+02  -1.39801E-02   8.64843E-03   1.30321E-02  -4.18720E-03  -1.03968E-02  -3.10460E-04   7.43797E-03   2.83018E-03  -4.66391E-03  -3.91736E-03   2.38961E-03   4.01227E-03  -7.27015E-04  -3.51477E-03  -3.43395E-04   2.74114E-03   8.99067E-04  -1.90294E-03  -1.13213E-03   1.31053E-03   1.04177E-03  -7.79655E-04  -8.81547E-04   4.11699E-04   6.78424E-04  -1.01074E-04  -5.28111E-04  -9.66830E-05   3.64432E-04   1.98425E-04  -2.21181E-04  -2.27204E-04   1.08933E-04   2.07190E-04  -2.88786E-05  -1.59147E-04  -2.40955E-05   9.93841E-05   5.96456E-05  -3.86030E-05  -6.13718E-05  -6.25658E-07
 3.41000E+02  -1.35361E-02   8.61613E-03   1.26405E-02  -4.37549E-03  -1.01535E-02   2.59306E-05   7.36497E-03   2.45113E-03  -4.73865E-03  -3.57471E-03   2.56592E-03   3.75382E-03  -9.53116E-04  -3.35831E-03  -1.12894E-04   2.68137E-03   6.98826E-04  -1.91921E-03  -9.62918E-04   1.37628E-03   9.18259E-04  -8.64176E-04  -7.98467E-04   5.01002E-04   6.37723E-04  -1.85075E-04  -5.18433E-04  -1.83402E-05   3.76494E-04   1.34114E-04  -2.45124E-04  -1.80062E-04   1.36329E-04   1.77331E-04  -5.34569E-05  -1.44835E-04  -6.16048E-06   9.81138E-05   4.99469E-05  -4.82509E-05  -5.82750E-05   1.20478E-05
 3.43500E+02  -1.30905E-02   8.56757E-03   1.22397E-02  -4.54899E-03  -9.89455E-03   3.52260E-04   7.27210E-03   2.07507E-03  -4.79283E-03  -3.22697E-03   2.72442E-03   3.48291E-03  -1.16679E-03  -3.18411E-03   1.11911E-04   2.60147E-03   4.97624E-04  -1.91604E-03  -7.87347E-04   1.42378E-03   7.85473E-04  -9.33823E-04  -7.04406E-04   5.79112E-04   5.85557E-04  -2.62669E-04  -4.96966E-04   5.75260E-05   3.77908E-04   6.90842E-05  -2.60485E-04  -1.30105E-04   1.57726E-04   1.43694E-04  -7.47836E-05  -1.26766E-04   1.11783E-05   9.37976E-05   3.83612E-05  -5.59135E-05  -5.24713E-05   2.37805E-05
 3.46000E+02  -1.26621E-02   8.50503E-03   1.18472E-02  -4.70058E-03  -9.63151E-03   6.54668E-04   7.16403E-03   1.71842E-03  -4.82461E-03  -2.88986E-03   2.85837E-03   3.21232E-03  -1.35835E-03  -3.00091E-03   3.20289E-04   2.50587E-03   3.05556E-04  -1.89411E-03  -6.14710E-04   1.45100E-03   6.50860E-04  -9.85152E-04  -6.05004E-04   6.41789E-04   5.25382E-04  -3.29291E-04  -4.65475E-04   1.26110E-04   3.69049E-04   7.75482E-06  -2.66678E-04  -8.09696E-05   1.72009E-04   1.08901E-04  -9.15885E-05  -1.06449E-04   2.67587E-05   8.68467E-05   2.58082E-05  -6.09592E-05  -4.45296E-05   3.35578E-05
 3.48500E+02  -1.22513E-02   8.42975E-03   1.14638E-02  -4.83148E-03  -9.36602E-03   9.33902E-04   7.04269E-03   1.38131E-03  -4.83583E-03  -2.56444E-03   2.96901E-03   2.94391E-03  -1.52818E-03  -2.81099E-03   5.11685E-04   2.39689E-03   1.23977E-04  -1.85530E-03  -4.47017E-04   1.45930E-03   5.16663E-04  -1.01889E-03  -5.02536E-04   6.89149E-04   4.59204E-04  -3.84413E-04  -4.25703E-04   1.86330E-04   3.51238E-04  -4.84769E-05  -2.64558E-04  -3.41118E-05   1.79583E-04   7.42300E-05  -1.03886E-04  -8.48027E-05   4.02785E-05   7.77110E-05   1.28506E-05  -6.33237E-05  -3.50112E-05   4.10571E-05
 3.51000E+02  -1.18581E-02   8.34293E-03   1.10905E-02  -4.94294E-03  -9.09953E-03   1.19079E-03   6.90995E-03   1.06367E-03  -4.82828E-03  -2.25159E-03   3.05768E-03   2.67934E-03  -1.67684E-03  -2.61649E-03   6.85791E-04   2.27672E-03  -4.60194E-05  -1.80149E-03  -2.86027E-04   1.45018E-03   3.84919E-04  -1.03602E-03  -3.99142E-04   7.21613E-04   3.88990E-04  -4.27846E-04  -3.79449E-04   2.37466E-04   3.25929E-04  -9.85527E-05  -2.55152E-04   9.29397E-06   1.81029E-04   4.07637E-05  -1.11834E-04  -6.26513E-05   5.15228E-05   6.68525E-05   3.53499E-08  -6.30591E-05  -2.45045E-05   4.60998E-05
 3.53500E+02  -1.14825E-02   8.24574E-03   1.07278E-02  -5.03620E-03  -8.83343E-03   1.42623E-03   6.76757E-03   7.65327E-04  -4.80375E-03  -1.95196E-03   3.12578E-03   2.42004E-03  -1.80506E-03  -2.41935E-03   8.42521E-04   2.14747E-03  -2.03591E-04  -1.73459E-03  -1.33235E-04   1.42527E-03   2.57438E-04  -1.03768E-03  -2.96783E-04   7.39874E-04   3.16611E-04  -4.59711E-04  -3.28493E-04   2.79140E-04   2.94629E-04  -1.41745E-04  -2.39588E-04   4.83543E-05   1.77047E-04   9.38293E-06  -1.15702E-04  -4.07153E-05   6.03579E-05   5.47331E-05  -1.21298E-05  -6.03241E-05  -1.35916E-05   4.86457E-05
 3.56100E+02  -1.11106E-02   8.13490E-03   1.03626E-02  -5.11524E-03  -8.55842E-03   1.64936E-03   6.61109E-03   4.75170E-04  -4.76212E-03  -1.65489E-03   3.17636E-03   2.15729E-03  -1.91765E-03  -2.21345E-03   9.87217E-04   2.00558E-03  -3.53638E-04  -1.65313E-03   1.56471E-05   1.38443E-03   1.31058E-04  -1.02446E-03  -1.93308E-04   7.44795E-04   2.40902E-04  -4.81005E-04  -2.72348E-04   3.12378E-04   2.57333E-04  -1.78919E-04  -2.18128E-04   8.36996E-05   1.67982E-04  -2.03111E-05  -1.15778E-04  -1.87852E-05   6.69294E-05   4.12769E-05  -2.36098E-05  -5.51298E-05  -2.39883E-06   4.87374E-05
 3.58700E+02  -1.07577E-02   8.01536E-03   1.00101E-02  -5.17737E-03  -8.28643E-03   1.85146E-03   6.44777E-03   2.05056E-04  -4.70593E-03  -1.37302E-03   3.20790E-03   1.90277E-03  -2.01014E-03  -2.00842E-03   1.11359E-03   1.85814E-03  -4.89177E-04  -1.56162E-03   1.53244E-04   1.33031E-03   1.24403E-05  -9.97604E-04  -9.45483E-05   7.36608E-04   1.66470E-04  -4.90926E-04  -2.14747E-04   3.35553E-04   2.16792E-04  -2.08045E-04  -1.92579E-04   1.13254E-04   1.54789E-04  -4.64652E-05  -1.12284E-04   1.69161E-06   7.08473E-05   2.74322E-05  -3.34817E-05  -4.79044E-05   8.09443E-06   4.64401E-05
 3.61300E+02  -1.04237E-02   7.88832E-03   9.67091E-03  -5.22396E-03  -8.01861E-03   2.03370E-03   6.27926E-03  -4.56053E-05  -4.63700E-03  -1.10654E-03   3.22207E-03   1.65745E-03  -2.08372E-03  -1.80585E-03   1.22216E-03   1.70711E-03  -6.10037E-04  -1.46205E-03   2.78768E-04   1.26490E-03  -9.72561E-05  -9.58835E-04  -1.91444E-06   7.16726E-04   9.48223E-05  -4.90398E-04  -1.57284E-04   3.49172E-04   1.74494E-04  -2.29252E-04  -1.64185E-04   1.36854E-04   1.38368E-04  -6.87296E-05  -1.05722E-04   2.02757E-05   7.21993E-05   1.36540E-05  -4.14256E-05  -3.90803E-05   1.74310E-05   4.20727E-05
 3.63900E+02  -1.01082E-02   7.75497E-03   9.34525E-03  -5.25640E-03  -7.75595E-03   2.19728E-03   6.10709E-03  -2.77499E-04  -4.55709E-03  -8.55461E-04   3.22052E-03   1.42210E-03  -2.13964E-03  -1.60714E-03   1.31362E-03   1.55428E-03  -7.16276E-04  -1.35630E-03   3.91722E-04   1.19014E-03  -1.97174E-04  -9.09918E-04   8.34807E-05   6.86663E-04   2.72120E-05  -4.80502E-04  -1.01337E-04   3.53946E-04   1.31771E-04  -2.42890E-04  -1.34091E-04   1.54551E-04   1.19581E-04  -8.69295E-05  -9.66095E-05   3.66410E-05   7.11377E-05   3.58025E-07  -4.72286E-05  -2.91293E-05   2.52574E-05   3.60259E-05
 3.66500E+02  -9.81099E-03   7.61642E-03   9.03340E-03  -5.27601E-03  -7.49935E-03   2.34341E-03   5.93264E-03  -4.91388E-04  -4.46785E-03  -6.19691E-04   3.20486E-03   1.19733E-03  -2.17923E-03  -1.41349E-03   1.38879E-03   1.40125E-03  -8.08159E-04  -1.24616E-03   4.91871E-04   1.10793E-03  -2.86745E-04  -8.52609E-04   1.60816E-04   6.47980E-04  -3.53681E-05  -4.62420E-04  -4.80549E-05   3.50739E-04   8.97699E-05  -2.49488E-04  -1.03321E-04   1.66568E-04   9.92295E-05  -1.01037E-04  -8.54652E-05   5.05639E-05   6.78710E-05  -1.20867E-05  -5.07857E-05  -1.85373E-05   3.13307E-05   2.87339E-05
 3.69100E+02  -9.53177E-03   7.47376E-03   8.73553E-03  -5.28410E-03  -7.24955E-03   2.47332E-03   5.75718E-03  -6.88102E-04  -4.37084E-03  -3.98991E-04   3.17668E-03   9.83532E-04  -2.20383E-03  -1.22589E-03   1.44864E-03   1.24946E-03  -8.86127E-04  -1.13324E-03   5.79225E-04   1.02004E-03  -3.65665E-04  -7.88609E-04   2.29549E-04   6.02232E-04  -9.21784E-05  -4.37382E-04   1.64532E-06   3.40508E-04   4.94509E-05  -2.49696E-04  -7.27630E-05   1.73263E-04   7.80410E-05  -1.11143E-04  -7.27941E-05   6.19120E-05   6.26538E-05  -2.33635E-05  -5.20955E-05  -7.78149E-06   3.55173E-05   2.06468E-05
 3.71800E+02  -9.26042E-03   7.32233E-03   8.44108E-03  -5.28167E-03  -6.99804E-03   2.59236E-03   5.57513E-03  -8.75150E-04  -4.26343E-03  -1.85379E-04   3.13579E-03   7.73418E-04  -2.21498E-03  -1.03837E-03   1.49565E-03   1.09446E-03  -9.53004E-04  -1.01463E-03   6.56633E-04   9.24537E-04  -4.36280E-04  -7.16798E-04   2.91511E-04   5.48865E-04  -1.44531E-04  -4.05340E-04   4.87258E-05   3.23529E-04   1.01851E-05  -2.43933E-04  -4.20539E-05   1.75064E-04   5.58399E-05  -1.17603E-04  -5.85358E-05   7.09153E-05   5.54839E-05  -3.35594E-05  -5.11776E-05   3.08186E-06   3.78364E-05   1.18811E-05
 3.74500E+02  -9.00755E-03   7.16865E-03   8.16176E-03  -5.26956E-03  -6.75516E-03   2.69658E-03   5.39438E-03  -1.04567E-03  -4.15074E-03   1.28650E-05   3.08468E-03   5.75542E-04  -2.21296E-03  -8.58958E-04   1.52845E-03   9.43300E-04  -1.00632E-03  -8.96065E-04   7.20931E-04   8.26393E-04  -4.95505E-04  -6.41187E-04   3.43815E-04   4.91101E-04  -1.89804E-04  -3.68463E-04   9.06589E-05   3.01194E-04  -2.57801E-05  -2.32932E-04  -1.30580E-05   1.72185E-04   3.40499E-05  -1.20237E-04  -4.36554E-05   7.71046E-05   4.68807E-05  -4.19920E-05  -4.81346E-05   1.31911E-05   3.81603E-05   3.19685E-06
 3.77200E+02  -8.77264E-03   7.01373E-03   7.89750E-03  -5.24906E-03  -6.52139E-03   2.78732E-03   5.21594E-03  -1.20073E-03  -4.03413E-03   1.96348E-04   3.02489E-03   3.89859E-04  -2.19927E-03  -6.88173E-04   1.54831E-03   7.96941E-04  -1.04697E-03  -7.78806E-04   7.72732E-04   7.27100E-04  -5.43703E-04  -5.63291E-04   3.86612E-04   4.30406E-04  -2.27897E-04  -3.28011E-04   1.27120E-04   2.74603E-04  -5.79776E-05  -2.17563E-04   1.36955E-05   1.65239E-04   1.31932E-05  -1.19391E-04  -2.86161E-05   8.05671E-05   3.72178E-05  -4.85081E-05  -4.32410E-05   2.21672E-05   3.66510E-05  -4.99685E-06
 3.79900E+02  -8.55514E-03   6.85854E-03   7.64813E-03  -5.22146E-03  -6.29709E-03   2.86590E-03   5.04068E-03  -1.34145E-03  -3.91488E-03   3.65769E-04   2.95787E-03   2.16181E-04  -2.17535E-03  -5.26330E-04   1.55648E-03   6.56133E-04  -1.07594E-03  -6.63901E-04   8.12777E-04   6.27959E-04  -5.81390E-04  -4.84448E-04   4.20231E-04   3.68094E-04  -2.58890E-04  -2.85140E-04   1.57967E-04   2.44792E-04  -8.61080E-05  -1.98672E-04   3.78142E-05   1.54848E-04  -6.30257E-06  -1.15448E-04  -1.38359E-05   8.14466E-05   2.68748E-05  -5.30242E-05  -3.68287E-05   2.97111E-05   3.35414E-05  -1.23577E-05
 3.82700E+02  -8.34734E-03   6.69828E-03   7.40500E-03  -5.18661E-03  -6.07476E-03   2.93591E-03   4.86308E-03  -1.47343E-03  -3.78961E-03   5.27435E-04   2.88216E-03   4.84094E-05  -2.14120E-03  -3.68096E-04   1.55395E-03   5.16572E-04  -1.09472E-03  -5.48139E-04   8.42766E-04   5.26482E-04  -6.10049E-04  -4.02918E-04   4.45899E-04   3.02996E-04  -2.83772E-04  -2.39230E-04   1.84042E-04   2.11494E-04  -1.10819E-04  -1.76221E-04   5.97536E-05   1.41090E-04  -2.47204E-05  -1.08520E-04   8.23414E-07   7.98341E-05   1.58295E-05  -5.55783E-05  -2.89689E-05   3.57937E-05   2.89299E-05  -1.88269E-05
 3.85400E+02  -8.16344E-03   6.54525E-03   7.18515E-03  -5.14818E-03  -5.87043E-03   2.99366E-03   4.69646E-03  -1.58840E-03  -3.66828E-03   6.70653E-04   2.80442E-03  -1.01914E-04  -2.10057E-03  -2.24768E-04   1.54215E-03   3.88616E-04  -1.10301E-03  -4.40480E-04   8.61456E-04   4.30853E-04  -6.28362E-04  -3.25527E-04   4.62363E-04   2.40778E-04  -3.01110E-04  -1.94493E-04   2.03619E-04   1.77970E-04  -1.30307E-04  -1.52576E-04   7.77749E-05   1.25553E-04  -4.04777E-05  -9.95273E-05   1.39854E-05   7.60804E-05   5.23866E-06  -5.60367E-05  -2.06206E-05   3.98499E-05   2.34705E-05  -2.37494E-05
 3.88200E+02  -7.98913E-03   6.38897E-03   6.97191E-03  -5.10452E-03  -5.66902E-03   3.04472E-03   4.52901E-03  -1.69610E-03  -3.54283E-03   8.06976E-04   2.72005E-03  -2.46486E-04  -2.05174E-03  -8.55811E-05   1.52142E-03   2.63022E-04  -1.10250E-03  -3.33488E-04   8.71189E-04   3.34775E-04  -6.38499E-04  -2.47407E-04   4.71519E-04   1.77719E-04  -3.12634E-04  -1.48450E-04   2.18393E-04   1.42551E-04  -1.46080E-04  -1.26713E-04   9.31280E-05   1.07686E-04  -5.45402E-05  -8.82495E-05   2.63348E-05   7.01861E-05  -5.32510E-06  -5.45466E-05  -1.15815E-05   4.21338E-05   1.71123E-05  -2.73724E-05
 3.91000E+02  -7.83079E-03   6.23596E-03   6.77322E-03  -5.05810E-03  -5.47825E-03   3.08809E-03   4.36737E-03  -1.79329E-03  -3.41852E-03   9.31865E-04   2.63291E-03  -3.80183E-04  -1.99724E-03   4.42563E-05   1.49321E-03   1.44747E-04  -1.09374E-03  -2.31618E-04   8.72063E-04   2.42462E-04  -6.40459E-04  -1.72166E-04   4.73338E-04   1.16887E-04  -3.18094E-04  -1.03479E-04   2.27862E-04   1.07183E-04  -1.57483E-04  -1.00144E-04   1.05079E-04   8.85978E-05  -6.61489E-05  -7.54266E-05   3.71215E-05   6.25616E-05  -1.51367E-05  -5.12261E-05  -2.55767E-06   4.24984E-05   1.03998E-05  -2.94493E-05
 3.93800E+02  -7.68766E-03   6.08697E-03   6.58855E-03  -5.01000E-03  -5.29796E-03   3.12500E-03   4.21183E-03  -1.88116E-03  -3.29600E-03   1.04633E-03   2.54390E-03  -5.03718E-04  -1.93812E-03   1.65117E-04   1.45859E-03   3.37513E-05  -1.07773E-03  -1.35114E-04   8.65013E-04   1.54380E-04  -6.35080E-04  -1.00353E-04   4.68557E-04   5.88725E-05  -3.18030E-04  -6.01704E-05   2.32401E-04   7.24814E-05  -1.64727E-04  -7.34567E-05   1.13689E-04   6.88097E-05  -7.52320E-05  -6.14903E-05   4.61599E-05   5.35345E-05  -2.39131E-05  -4.62942E-05   6.07676E-06   4.10582E-05   3.67071E-06  -3.00160E-05
 3.96700E+02  -7.55462E-03   5.93761E-03   6.41145E-03  -4.95948E-03  -5.12201E-03   3.15767E-03   4.05731E-03  -1.96360E-03  -3.17151E-03   1.15497E-03   2.45054E-03  -6.21749E-04  -1.87299E-03   2.81305E-04   1.41699E-03  -7.36883E-05  -1.05446E-03  -4.09491E-05   8.50299E-04   6.79592E-05  -6.22626E-04  -3.00290E-05   4.57418E-04   2.23970E-06  -3.12729E-04  -1.75723E-05   2.32336E-04   3.77936E-05  -1.68115E-04  -4.62350E-05   1.19204E-04   4.80809E-05  -8.19613E-05  -4.63211E-05   5.35398E-05   4.30644E-05  -3.16651E-05  -3.97606E-05   1.42604E-05   3.78544E-05  -2.99220E-06  -2.91178E-05
 3.99500E+02  -7.44003E-03   5.79882E-03   6.25348E-03  -4.91098E-03  -4.96221E-03   3.18498E-03   3.91448E-03  -2.03605E-03  -3.05400E-03   1.25130E-03   2.35989E-03  -7.26919E-04  -1.80713E-03   3.85316E-04   1.37215E-03  -1.70389E-04  -1.02638E-03   4.43578E-05   8.29773E-04  -1.06239E-05  -6.04734E-04   3.36544E-05   4.41400E-04  -4.87572E-05  -3.03111E-04   2.09940E-05   2.28102E-04   5.94914E-06  -1.67708E-04  -2.08084E-05   1.21405E-04   2.82772E-05  -8.59086E-05  -3.13633E-05   5.86739E-05   3.22207E-05  -3.76766E-05  -3.23661E-05   2.11494E-05   3.33438E-05  -8.86130E-06  -2.69728E-05
 4.02400E+02  -7.33483E-03   5.66131E-03   6.10263E-03  -4.86195E-03  -4.80671E-03   3.20999E-03   3.77305E-03  -2.10483E-03  -2.93530E-03   1.34322E-03   2.26598E-03  -8.27552E-04  -1.73652E-03   4.85138E-04   1.32163E-03  -2.63554E-04  -9.92257E-04   1.26952E-04   8.02767E-04  -8.68522E-05  -5.80877E-04   9.50301E-05   4.20060E-04  -9.74988E-05  -2.89054E-04   5.79746E-05   2.19849E-04  -2.49525E-05  -1.63805E-04   4.23544E-06   1.20654E-04   8.39044E-06  -8.74412E-05  -1.59375E-05   6.19026E-05   2.05870E-05  -4.22479E-05  -2.39038E-05   2.70084E-05   2.74903E-05  -1.41283E-05  -2.36334E-05
 4.05300E+02  -7.24248E-03   5.53067E-03   5.96398E-03  -4.81499E-03  -4.66086E-03   3.23268E-03   3.63804E-03  -2.16829E-03  -2.81977E-03   1.42812E-03   2.17242E-03  -9.20548E-04  -1.66403E-03   5.77493E-04   1.26763E-03  -3.49943E-04  -9.53697E-04   2.03797E-04   7.70640E-04  -1.57772E-04  -5.52301E-04   1.51605E-04   3.94547E-04  -1.41910E-04  -2.71373E-04   9.17041E-05   2.08114E-04  -5.34307E-05  -1.56707E-04   2.76183E-05   1.17058E-04  -1.04963E-05  -8.65034E-05  -9.43395E-07   6.30326E-05   8.89538E-06  -4.50657E-05  -1.49570E-05   3.14072E-05   2.07507E-05  -1.83957E-05  -1.93952E-05
 4.08300E+02  -7.15948E-03   5.40328E-03   5.83252E-03  -4.76940E-03  -4.51952E-03   3.25473E-03   3.50480E-03  -2.22941E-03  -2.70361E-03   1.50955E-03   2.07628E-03  -1.00953E-03  -1.58753E-03   6.65781E-04   1.20870E-03  -4.32558E-04  -9.09777E-04   2.77400E-04   7.32712E-04  -2.25548E-04  -5.18454E-04   2.04997E-04   3.64418E-04  -1.83167E-04  -2.49822E-04   1.22989E-04   1.92788E-04  -8.00775E-05  -1.46385E-04   4.97459E-05   1.10625E-04  -2.86387E-05  -8.31146E-05   1.37569E-05   6.20756E-05  -2.90154E-06  -4.61251E-05  -5.54621E-06   3.43213E-05   1.31983E-05  -2.16345E-05  -1.43387E-05
 4.11200E+02  -7.09043E-03   5.28806E-03   5.71615E-03  -4.72892E-03  -4.39144E-03   3.27553E-03   3.38185E-03  -2.28502E-03  -2.59444E-03   1.58293E-03   1.98409E-03  -1.08929E-03  -1.51244E-03   7.44667E-04   1.14923E-03  -5.06251E-04  -8.63953E-04   3.43025E-04   6.92102E-04  -2.85695E-04  -4.82188E-04   2.51609E-04   3.32263E-04  -2.18449E-04  -2.26337E-04   1.49615E-04   1.75339E-04  -1.02917E-04  -1.33900E-04   6.88917E-05   1.02078E-04  -4.45409E-05  -7.77109E-05   2.68750E-05   5.92233E-05  -1.36960E-05  -4.54044E-05   3.37225E-06   3.55295E-05   5.67466E-06  -2.35686E-05  -9.07013E-06
 4.14200E+02  -7.02962E-03   5.17742E-03   5.60592E-03  -4.69139E-03  -4.26706E-03   3.29733E-03   3.26020E-03  -2.33982E-03  -2.48453E-03   1.65415E-03   1.88954E-03  -1.16604E-03  -1.43384E-03   8.20127E-04   1.08550E-03  -5.76463E-04  -8.13530E-04   4.05381E-04   6.46555E-04  -3.42419E-04  -4.41561E-04   2.94652E-04   2.96422E-04  -2.50151E-04  -1.99794E-04   1.73329E-04   1.55017E-04  -1.23363E-04  -1.18787E-04   8.61620E-05   9.11520E-05  -5.90457E-05  -7.01721E-05   3.90328E-05   5.44581E-05  -2.39285E-05  -4.29616E-05   1.20932E-05   3.51541E-05  -2.00050E-06  -2.43263E-05  -3.50023E-06
 4.17200E+02  -6.97860E-03   5.07580E-03   5.50505E-03  -4.65882E-03  -4.15014E-03   3.32012E-03   3.14365E-03  -2.39260E-03  -2.37740E-03   1.72130E-03   1.79577E-03  -1.23753E-03  -1.35444E-03   8.89820E-04   1.01984E-03  -6.40879E-04  -7.60433E-04   4.62288E-04   5.97900E-04  -3.93619E-04  -3.98290E-04   3.32443E-04   2.58488E-04  -2.76966E-04  -1.71438E-04   1.93088E-04   1.32833E-04  -1.40455E-04  -1.01839E-04   1.00682E-04   7.84542E-05  -7.13592E-05  -6.09374E-05   4.95092E-05   4.80706E-05  -3.29400E-05  -3.89544E-05   2.00071E-05   3.32283E-05  -9.24778E-06  -2.38687E-05   1.92970E-06
 4.20200E+02  -6.93642E-03   4.98345E-03   5.41259E-03  -4.63167E-03  -4.03986E-03   3.34450E-03   3.03161E-03  -2.44403E-03  -2.27270E-03   1.78503E-03   1.70267E-03  -1.30431E-03  -1.27433E-03   9.54170E-04   9.52458E-04  -6.99792E-04  -7.05004E-04   5.13907E-04   5.46575E-04  -4.39360E-04  -3.52854E-04   3.65008E-04   2.18959E-04  -2.98905E-04  -1.41728E-04   2.08866E-04   1.09231E-04  -1.54108E-04  -8.34651E-05   1.12321E-04   6.43480E-05  -8.13124E-05  -5.03205E-05   5.81019E-05   4.03218E-05  -4.04993E-05  -3.35909E-05   2.68567E-05   2.99098E-05  -1.57812E-05  -2.22926E-05   6.98084E-06
 4.23200E+02  -6.90210E-03   4.90052E-03   5.32758E-03  -4.61031E-03  -3.93540E-03   3.37096E-03   2.92344E-03  -2.49463E-03  -2.17003E-03   1.84585E-03   1.61006E-03  -1.36684E-03  -1.19352E-03   1.01353E-03   8.83552E-04  -7.53446E-04  -6.47533E-04   5.60371E-04   4.92978E-04  -4.79700E-04  -3.05704E-04   3.92378E-04   1.78307E-04  -3.15997E-04  -1.11103E-04   2.20661E-04   8.46433E-05  -1.64276E-04  -6.40750E-05   1.20993E-04   4.92082E-05  -8.87827E-05  -3.86551E-05   6.46566E-05   3.15018E-05  -4.64228E-05  -2.71168E-05   3.24304E-05   2.54022E-05  -2.13583E-05  -1.97347E-05   1.14469E-05
 4.26300E+02  -6.87393E-03   4.82485E-03   5.24656E-03  -4.59461E-03  -3.83269E-03   3.40092E-03   2.81506E-03  -2.54652E-03  -2.06563E-03   1.90608E-03   1.51465E-03  -1.42737E-03  -1.10927E-03   1.06993E-03   8.10885E-04  -8.03569E-04  -5.86273E-04   6.03081E-04   4.35597E-04  -5.15759E-04  -2.55631E-04   4.15239E-04   1.35604E-04  -3.28616E-04  -7.89514E-05   2.28690E-04   5.86564E-05  -1.71112E-04  -4.34062E-05   1.26791E-04   3.28841E-05  -9.38145E-05  -2.58701E-05   6.91783E-05   2.15940E-05  -5.06842E-05  -1.95524E-05   3.66781E-05   1.97503E-05  -2.59112E-05  -1.62397E-05   1.52680E-05
 4.29400E+02  -6.85215E-03   4.75944E-03   5.17145E-03  -4.58561E-03  -3.73439E-03   3.43386E-03   2.70940E-03  -2.59837E-03  -1.96244E-03   1.96401E-03   1.41927E-03  -1.48405E-03  -1.02420E-03   1.12153E-03   7.36850E-04  -8.48442E-04  -5.23358E-04   6.40484E-04   3.76565E-04  -5.46138E-04  -2.04634E-04   4.32634E-04   9.26757E-05  -3.36177E-04  -4.67443E-05   2.32551E-04   3.25406E-05  -1.74245E-04  -2.25404E-05   1.29375E-04   1.62904E-05  -9.60884E-05  -1.27330E-05   7.13562E-05   1.12365E-05  -5.29702E-05  -1.14217E-05   3.92728E-05   1.33792E-05  -2.90825E-05  -1.20897E-05   1.81439E-05
 4.32500E+02  -6.83580E-03   4.70425E-03   5.10127E-03  -4.58344E-03  -3.63960E-03   3.47000E-03   2.60576E-03  -2.65044E-03  -1.85998E-03   2.01988E-03   1.32364E-03  -1.53708E-03  -9.38231E-04   1.16850E-03   6.61551E-04  -8.88167E-04  -4.59029E-04   6.72630E-04   3.16250E-04  -5.70862E-04  -1.53158E-04   4.44613E-04   5.00038E-05  -3.38774E-04  -1.49355E-05   2.32333E-04   6.75432E-06  -1.73752E-04  -1.92338E-06   1.28800E-04  -1.48739E-07  -9.56354E-05   3.58830E-07   7.11955E-05   7.97480E-07  -5.32574E-05  -3.06312E-06   4.01599E-05   6.60132E-06  -3.07818E-05  -7.51470E-06   1.99836E-05
 4.35600E+02  -6.82394E-03   4.65925E-03   5.03504E-03  -4.58814E-03  -3.54746E-03   3.50946E-03   2.50344E-03  -2.70288E-03  -1.75775E-03   2.07383E-03   1.22750E-03  -1.58658E-03  -8.51302E-04   1.21092E-03   5.85086E-04  -9.22794E-04  -3.93521E-04   6.99541E-04   2.55022E-04  -5.89948E-04  -1.01645E-04   4.51240E-04   8.06255E-06  -3.36528E-04   1.60293E-05   2.28166E-04  -1.82543E-05  -1.69753E-04   1.80094E-05   1.25175E-04  -1.60178E-05  -9.25463E-05   1.30145E-05   6.87640E-05  -9.35807E-06  -5.15866E-05   5.18369E-06   3.93494E-05  -2.65013E-07  -3.09832E-05  -2.75249E-06   2.07459E-05
 4.38700E+02  -6.81567E-03   4.62429E-03   4.97182E-03  -4.59968E-03  -3.45713E-03   3.55228E-03   2.40176E-03  -2.75573E-03  -1.65530E-03   2.12592E-03   1.13058E-03  -1.63259E-03  -7.63347E-04   1.24880E-03   5.07564E-04  -9.52328E-04  -3.27074E-04   7.21215E-04   1.93251E-04  -6.03408E-04  -5.05375E-05   4.52593E-04  -3.26794E-05  -3.29593E-04   4.57153E-05   2.20220E-04  -4.20516E-05  -1.62422E-04   3.68390E-05   1.18665E-04  -3.09186E-05  -8.69719E-05   2.48589E-05   6.41924E-05  -1.88787E-05  -4.80627E-05   1.29895E-05   3.69154E-05  -6.90734E-06  -2.97252E-05   1.96122E-06   2.04398E-05
 4.41900E+02  -6.80997E-03   4.59857E-03   4.90880E-03  -4.61867E-03  -3.36492E-03   3.59995E-03   2.29680E-03  -2.81070E-03  -1.54883E-03   2.17770E-03   1.02947E-03  -1.67638E-03  -6.71435E-04   1.28310E-03   4.26561E-04  -9.77438E-04  -2.57766E-04   7.38071E-04   1.29324E-04  -6.11416E-04   1.32189E-06   4.48568E-04  -7.29891E-05  -3.17720E-04   7.45731E-05   2.08280E-04  -6.49088E-05  -1.51594E-04   5.47008E-05   1.09153E-04  -4.48901E-05  -7.88342E-05   3.58651E-05   5.74320E-05  -2.76947E-05  -4.26581E-05   2.02591E-05   3.28441E-05  -1.32170E-05  -2.70019E-05   6.53840E-06   1.90633E-05
 4.45100E+02  -6.80625E-03   4.58313E-03   4.84710E-03  -4.64467E-03  -3.27294E-03   3.65100E-03   2.19118E-03  -2.86594E-03  -1.44120E-03   2.22732E-03   9.27076E-04  -1.71629E-03  -5.78375E-04   1.31244E-03   3.44726E-04  -9.97012E-04  -1.88025E-04   7.49286E-04   6.56584E-05  -6.13471E-04   5.17848E-05   4.39180E-04  -1.11036E-04  -3.01315E-04   1.01183E-04   1.92827E-04  -8.56133E-05  -1.37756E-04   7.05703E-05   9.71063E-05  -5.70647E-05  -6.85665E-05   4.52938E-05   4.88700E-05  -3.51676E-05  -3.57032E-05   2.64308E-05   2.74000E-05  -1.86832E-05  -2.30025E-05   1.06009E-05   1.67196E-05
 4.48300E+02  -6.80365E-03   4.57767E-03   4.78584E-03  -4.67740E-03  -3.18041E-03   3.70519E-03   2.08431E-03  -2.92124E-03  -1.33202E-03   2.27458E-03   8.23215E-04  -1.75213E-03  -4.84196E-04   1.33665E-03   2.62257E-04  -1.01095E-03  -1.18175E-04   7.54817E-04   2.70478E-06  -6.09613E-04   1.00362E-04   4.24609E-04  -1.46348E-04  -2.80688E-04   1.25141E-04   1.74201E-04  -1.03785E-04  -1.21267E-04   8.40993E-05   8.28872E-05  -6.71264E-05  -5.65212E-05   5.28569E-05   3.88388E-05  -4.10319E-05  -2.75017E-05   3.12543E-05   2.08516E-05  -2.30606E-05  -1.79557E-05   1.39571E-05   1.35634E-05
 4.51500E+02  -6.80134E-03   4.58187E-03   4.72421E-03  -4.71657E-03  -3.08659E-03   3.76222E-03   1.97563E-03  -2.97631E-03  -1.22096E-03   2.31922E-03   7.17777E-04  -1.78366E-03  -3.88979E-04   1.35555E-03   1.79394E-04  -1.01914E-03  -4.85719E-05   7.54624E-04  -5.90702E-05  -5.99909E-04   1.46569E-04   4.05082E-04  -1.78480E-04  -2.56200E-04   1.46080E-04   1.52792E-04  -1.19094E-04  -1.02537E-04   9.49988E-05   6.69088E-05  -7.48224E-05  -4.31005E-05   5.83318E-05   2.77184E-05  -4.50864E-05  -1.84039E-05   3.45403E-05   1.35129E-05  -2.61600E-05  -1.21357E-05   1.64558E-05   9.78512E-06
 4.54800E+02  -6.79846E-03   4.59589E-03   4.65942E-03  -4.76328E-03  -2.98781E-03   3.82362E-03   1.86116E-03  -3.03247E-03  -1.10419E-03   2.36213E-03   6.07339E-04  -1.81137E-03  -2.89843E-04   1.36925E-03   9.38277E-05  -1.02143E-03   2.25420E-05   7.48399E-04  -1.21031E-04  -5.83883E-04   1.91237E-04   3.80040E-04  -2.07854E-04  -2.27342E-04   1.64179E-04   1.28260E-04  -1.31601E-04  -8.13574E-05   1.03252E-04   4.90702E-05  -8.00920E-05  -2.82861E-05   6.16346E-05   1.55501E-05  -4.72372E-05  -8.48910E-06   3.61928E-05   5.48351E-06  -2.78868E-05  -5.64864E-06   1.80250E-05   5.46645E-06
 4.58100E+02  -6.79429E-03   4.61930E-03   4.59263E-03  -4.81595E-03  -2.88632E-03   3.88717E-03   1.74383E-03  -3.08754E-03  -9.84936E-04   2.40147E-03   4.95189E-04  -1.83384E-03  -1.89963E-04   1.37684E-03   8.50671E-06  -1.01734E-03   9.25286E-05   7.36049E-04  -1.80683E-04  -5.61893E-04   2.32382E-04   3.50366E-04  -2.33014E-04  -1.95327E-04   1.78454E-04   1.01757E-04  -1.40563E-04  -5.88203E-05   1.08319E-04   3.03772E-05  -8.25481E-05  -1.29885E-05   6.24878E-05   3.14477E-06  -4.72762E-05   1.53046E-06   3.60371E-05  -2.61997E-06  -2.80647E-05   9.78395E-07   1.85153E-05   9.70764E-07
 4.61400E+02  -6.78810E-03   4.65160E-03   4.52312E-03  -4.87405E-03  -2.78156E-03   3.95235E-03   1.62326E-03  -3.14100E-03  -8.63074E-04   2.43677E-03   3.81427E-04  -1.85073E-03  -8.96202E-05   1.37807E-03  -7.61538E-05  -1.00675E-03   1.60898E-04   7.17598E-04  -2.37476E-04  -5.34141E-04   2.69530E-04   3.16466E-04  -2.53626E-04  -1.60712E-04   1.88698E-04   7.38429E-05  -1.45850E-04  -3.54926E-05   1.10135E-04   1.13808E-05  -8.21798E-05   2.27135E-06   6.09160E-05  -9.01445E-06  -4.52456E-05   1.12136E-05   3.41153E-05  -1.03995E-05  -2.67185E-05   7.38743E-06   1.79306E-05  -3.44412E-06
 4.64700E+02  -6.77923E-03   4.69223E-03   4.45027E-03  -4.93702E-03  -2.67304E-03   4.01858E-03   1.49921E-03  -3.19230E-03  -7.38570E-04   2.46756E-03   2.66234E-04  -1.86164E-03   1.08319E-05   1.37268E-03  -1.59688E-04  -9.89598E-04   2.27132E-04   6.93117E-04  -2.90855E-04  -5.00883E-04   3.02245E-04   2.78801E-04  -2.69420E-04  -1.24096E-04   1.94785E-04   4.51018E-05  -1.47421E-04  -1.19537E-05   1.08734E-04  -7.36727E-06  -7.90735E-05   1.69809E-05   5.70397E-05  -2.04602E-05  -4.12797E-05   2.01389E-05   3.05564E-05  -1.74771E-05  -2.39540E-05   1.32375E-05   1.63341E-05  -7.53084E-06
 4.68100E+02  -6.76663E-03   4.74223E-03   4.37112E-03  -5.00635E-03  -2.55688E-03   4.08728E-03   1.36756E-03  -3.24230E-03  -6.07592E-04   2.49403E-03   1.46332E-04  -1.86624E-03   1.14001E-04   1.36001E-03  -2.44032E-04  -9.65003E-04   2.92566E-04   6.61714E-04  -3.41702E-04  -4.61197E-04   3.30901E-04   2.36601E-04  -2.80454E-04  -8.49467E-05   1.96665E-04   1.52560E-05  -1.45208E-04   1.19100E-05   1.04059E-04  -2.58588E-05  -7.32008E-05   3.10493E-05   5.08599E-05  -3.10510E-05  -3.54038E-05   2.81390E-05   2.54000E-05  -2.36778E-05  -1.98137E-05   1.83579E-05   1.37566E-05  -1.11624E-05
 4.71500E+02  -6.74994E-03   4.79984E-03   4.28731E-03  -5.07951E-03  -2.43599E-03   4.15575E-03   1.23192E-03  -3.28875E-03  -4.74028E-04   2.51463E-03   2.55623E-05  -1.86372E-03   2.16316E-04   1.33991E-03  -3.26033E-04  -9.33398E-04   3.54550E-04   6.24240E-04  -3.87762E-04  -4.16430E-04   3.54062E-04   1.91568E-04  -2.86051E-04  -4.50615E-05   1.94139E-04  -1.41820E-05  -1.39264E-04   3.47762E-05   9.63428E-05  -4.29725E-05  -6.49081E-05   4.35421E-05   4.27814E-05  -4.00157E-05  -2.80343E-05   3.45769E-05   1.90359E-05  -2.84679E-05  -1.46293E-05   2.22848E-05   1.04139E-05  -1.40047E-05
 4.74900E+02  -6.72863E-03   4.86441E-03   4.19839E-03  -5.15580E-03  -2.31010E-03   4.22328E-03   1.09231E-03  -3.33100E-03  -3.38134E-04   2.52885E-03  -9.56184E-05  -1.85376E-03   3.17192E-04   1.31226E-03  -4.05050E-04  -8.94871E-04   4.12467E-04   5.80971E-04  -4.28483E-04  -3.67080E-04   3.71427E-04   1.44372E-04  -2.86188E-04  -5.16968E-06   1.87352E-04  -4.25774E-05  -1.29842E-04   5.60746E-05   8.59162E-05  -5.82195E-05  -5.45741E-05   5.40535E-05   3.32029E-05  -4.70237E-05  -1.95654E-05   3.91835E-05   1.18326E-05  -3.16221E-05  -8.72676E-06   2.48166E-05   6.53080E-06  -1.59062E-05
 4.78300E+02  -6.70225E-03   4.93525E-03   4.10402E-03  -5.23449E-03  -2.17908E-03   4.28917E-03   9.48818E-04  -3.36841E-03  -2.00252E-04   2.53620E-03  -2.16682E-04  -1.83604E-03   4.15993E-04   1.27699E-03  -4.80424E-04  -8.49584E-04   4.65713E-04   5.32265E-04  -4.63353E-04  -3.13724E-04   3.82770E-04   9.57224E-05  -2.80938E-04   3.40000E-05   1.76543E-04  -6.93271E-05  -1.17281E-04   7.52894E-05   7.31887E-05  -7.11848E-05  -4.26451E-05   6.22647E-05   2.25796E-05  -5.18395E-05  -1.04382E-05   4.17868E-05   4.19836E-06  -3.30093E-05  -2.46850E-06   2.58376E-05   2.36010E-06  -1.67768E-05
 4.81700E+02  -6.67038E-03   5.01169E-03   4.00391E-03  -5.31484E-03  -2.04286E-03   4.35270E-03   8.01644E-04  -3.40037E-03  -6.08066E-05   2.53621E-03  -3.37036E-04  -1.81036E-03   5.12044E-04   1.23412E-03  -5.51488E-04  -7.97789E-04   5.13703E-04   4.78562E-04  -4.91921E-04  -2.57012E-04   3.87951E-04   4.63661E-05  -2.70471E-04   7.17328E-05   1.62035E-04  -9.38730E-05  -1.01999E-04   9.19736E-05   5.86312E-05  -8.15396E-05  -2.96142E-05   6.79556E-05   1.14003E-05  -5.43323E-05  -1.11644E-06   4.23199E-05  -3.44238E-06  -3.25987E-05   3.76892E-06   2.53243E-05  -1.83399E-06  -1.65917E-05
 4.85200E+02  -6.63151E-03   5.09551E-03   3.89465E-03  -5.39854E-03  -1.89724E-03   4.41490E-03   6.46586E-04  -3.42696E-03   8.38497E-05   2.52816E-03  -4.59512E-04  -1.77543E-03   6.07315E-04   1.18218E-03  -6.19443E-04  -7.38033E-04   5.57038E-04   4.18616E-04  -5.14344E-04  -1.95888E-04   3.86802E-04  -4.36918E-06  -2.54530E-04   1.08350E-04   1.43657E-04  -1.16312E-04  -8.39296E-05   1.06118E-04   4.22768E-05  -8.92266E-05  -1.55960E-05   7.10601E-05  -1.63459E-07  -5.44486E-05   8.19578E-06   4.07492E-05  -1.08761E-05  -3.03728E-05   9.78056E-06   2.32664E-05  -5.90269E-06  -1.53425E-05
 4.88700E+02  -6.58619E-03   5.18377E-03   3.77896E-03  -5.48246E-03  -1.74626E-03   4.47312E-03   4.88303E-04  -3.44655E-03   2.29027E-04   2.51157E-03  -5.79812E-04  -1.73182E-03   6.98166E-04   1.12250E-03  -6.81439E-04  -6.72212E-04   5.93686E-04   3.54591E-04  -5.29364E-04  -1.32821E-04   3.79135E-04  -5.41881E-05  -2.33737E-04   1.42012E-04   1.22294E-04  -1.35415E-04  -6.40548E-05   1.16888E-04   2.51154E-05  -9.37558E-05  -1.52710E-06   7.13626E-05  -1.12627E-05  -5.21723E-05   1.67519E-05   3.71842E-05  -1.74589E-05  -2.64987E-05   1.50152E-05   1.98264E-05  -9.46294E-06  -1.31323E-05
 4.92300E+02  -6.53260E-03   5.27844E-03   3.65320E-03  -5.56817E-03  -1.58557E-03   4.52811E-03   3.22621E-04  -3.45885E-03   3.78194E-04   2.48529E-03  -7.00466E-04  -1.67791E-03   7.86201E-04   1.05339E-03  -7.38305E-04  -5.98784E-04   6.23920E-04   2.85262E-04  -5.36864E-04  -6.68773E-05   3.64634E-04  -1.03583E-04  -2.07804E-04   1.72877E-04   9.78093E-05  -1.51180E-04  -4.23677E-05   1.24233E-04   7.24455E-06  -9.50867E-05   1.24224E-05   6.88615E-05  -2.16865E-05  -4.75491E-05   2.43259E-05   3.17107E-05  -2.29688E-05  -2.10853E-05   1.92659E-05   1.51152E-05  -1.23654E-05  -1.00403E-05
 4.95800E+02  -6.47354E-03   5.37348E-03   3.52437E-03  -5.65017E-03  -1.42439E-03   4.57614E-03   1.59286E-04  -3.46267E-03   5.22332E-04   2.45057E-03  -8.13969E-04  -1.61681E-03   8.65775E-04   9.79112E-04  -7.86283E-04  -5.22503E-04   6.45683E-04   2.15311E-04  -5.36335E-04  -2.68514E-06   3.44407E-04  -1.48965E-04  -1.78768E-04   1.98648E-04   7.21994E-05  -1.62437E-04  -2.07096E-05   1.27651E-04  -9.75520E-06  -9.32245E-05   2.49660E-05   6.39104E-05  -3.04303E-05  -4.11420E-05   3.01529E-05   2.49861E-05  -2.68218E-05  -1.47922E-05   2.20631E-05   9.72317E-06  -1.42825E-05  -6.46510E-06
 4.99400E+02  -6.40551E-03   5.47359E-03   3.38521E-03  -5.73236E-03  -1.25388E-03   4.61929E-03  -1.04115E-05  -3.45780E-03   6.68887E-04   2.40531E-03  -9.25975E-04  -1.54527E-03   9.40696E-04   8.95964E-04  -8.27572E-04  -4.39798E-04   6.59935E-04   1.41660E-04  -5.27787E-04   6.24053E-05   3.17736E-04  -1.92097E-04  -1.45670E-04   2.20291E-04   4.46971E-05  -1.69631E-04   1.49885E-06   1.27349E-04  -2.62842E-05  -8.82522E-05   3.63588E-05   5.65450E-05  -3.76433E-05  -3.29836E-05   3.43120E-05   1.70588E-05  -2.90554E-05  -7.68604E-06   2.34225E-05   3.72905E-06  -1.52205E-05  -2.47110E-06
 5.03000E+02  -6.33006E-03   5.57530E-03   3.23945E-03  -5.81161E-03  -1.07902E-03   4.65548E-03  -1.81142E-04  -3.44364E-03   8.12889E-04   2.35033E-03  -1.03235E-03  -1.46522E-03   1.00790E-03   8.06622E-04  -8.60238E-04  -3.53662E-04   6.65780E-04   6.72574E-05  -5.11311E-04   1.25518E-04   2.85685E-04  -2.30854E-04  -1.10077E-04   2.36599E-04   1.67423E-05  -1.72292E-04   2.29927E-05   1.23302E-04  -4.13226E-05  -8.04694E-05   4.58401E-05   4.72757E-05  -4.28018E-05  -2.36960E-05   3.64700E-05   8.58382E-06  -2.94657E-05  -3.94570E-07   2.32041E-05  -2.30896E-06  -1.50812E-05   1.55833E-06
 5.06600E+02  -6.24718E-03   5.67789E-03   3.08735E-03  -5.88721E-03  -9.00303E-04   4.68414E-03  -3.52168E-04  -3.41989E-03   9.53493E-04   2.28570E-03  -1.13228E-03  -1.37711E-03   1.06677E-03   7.11826E-04  -8.83934E-04  -2.65037E-04   6.63185E-04  -6.89142E-06  -4.87242E-04   1.85646E-04   2.48939E-04  -2.64540E-04  -7.28336E-05   2.47289E-04  -1.09331E-05  -1.70449E-04   4.31602E-05   1.15739E-04  -5.44187E-05  -7.02509E-05   5.31248E-05   3.65632E-05  -4.57700E-05  -1.37745E-05   3.66049E-05   5.06373E-08  -2.81007E-05   6.62702E-06   2.14770E-05  -7.98740E-06  -1.39121E-05   5.34229E-06
 5.10300E+02  -6.15432E-03   5.78349E-03   2.92470E-03  -5.96040E-03  -7.13213E-04   4.70524E-03  -5.27445E-04  -3.38530E-03   1.09357E-03   2.20940E-03  -1.22749E-03  -1.27871E-03   1.11803E-03   6.09573E-04  -8.98703E-04  -1.72389E-04   6.51831E-04  -8.17800E-05  -4.55094E-04   2.43329E-04   2.07106E-04  -2.93261E-04  -3.37594E-05   2.52269E-04  -3.83353E-05  -1.64019E-04   6.19217E-05   1.04646E-04  -6.54704E-05  -5.76744E-05   5.81347E-05   2.45681E-05  -4.65170E-05  -3.43954E-06   3.47360E-05  -8.28871E-06  -2.50154E-05   1.31219E-05   1.83085E-05  -1.30657E-05  -1.17622E-05   8.70919E-06
 5.14000E+02  -6.05379E-03   5.88852E-03   2.75604E-03  -6.02834E-03  -5.23318E-04   4.71739E-03  -7.01363E-04  -3.34025E-03   1.22828E-03   2.12336E-03  -1.31433E-03  -1.17301E-03   1.15943E-03   5.03378E-04  -9.03643E-04  -7.92443E-05   6.31928E-04  -1.54273E-04  -4.16094E-04   2.95900E-04   1.62085E-04  -3.15505E-04   5.16230E-06   2.51153E-04  -6.39536E-05  -1.53272E-04   7.81695E-05   9.06332E-05  -7.37901E-05  -4.35215E-05   6.05564E-05   1.21159E-05  -4.50257E-05   6.52675E-06   3.10485E-05  -1.57421E-05  -2.05000E-05   1.85028E-05   1.40024E-05  -1.70529E-05  -8.84351E-06   1.13232E-05
 5.17700E+02  -5.94577E-03   5.99227E-03   2.58179E-03  -6.09041E-03  -3.31326E-04   4.72022E-03  -8.73048E-04  -3.28471E-03   1.35672E-03   2.02797E-03  -1.39211E-03  -1.06077E-03   1.19061E-03   3.94252E-04  -8.98779E-04   1.32971E-05   6.03874E-04  -2.23351E-04  -3.71033E-04   3.42517E-04   1.14883E-04  -3.30928E-04   4.29771E-05   2.44093E-04  -8.71152E-05  -1.38609E-04   9.14696E-05   7.42254E-05  -7.91919E-05  -2.83550E-05   6.04238E-05  -2.61097E-07  -4.15002E-05   1.56638E-05   2.58554E-05  -2.19359E-05  -1.49138E-05   2.24761E-05   8.90618E-06  -1.97137E-05  -5.39942E-06   1.30234E-05
 5.21400E+02  -5.83047E-03   6.09407E-03   2.40245E-03  -6.14604E-03  -1.37972E-04   4.71341E-03  -1.04162E-03  -3.21876E-03   1.47808E-03   1.92371E-03  -1.46023E-03  -9.42837E-04   1.21132E-03   2.83245E-04  -8.84271E-04   1.04146E-04   5.68198E-04  -2.88058E-04  -3.20813E-04   3.82467E-04   6.65428E-05  -3.39345E-04   7.87716E-05   2.31396E-04  -1.07228E-04  -1.20539E-04   1.01492E-04   5.60100E-05  -8.15998E-05  -1.27491E-05   5.78740E-05  -1.20657E-05  -3.62322E-05   2.35838E-05   1.95398E-05  -2.65942E-05  -8.66955E-06   2.48570E-05   3.40884E-06  -2.09183E-05  -1.70197E-06   1.37231E-05
 5.25200E+02  -5.70477E-03   6.19593E-03   2.21351E-03  -6.19594E-03   6.12255E-05   4.69616E-03  -1.21061E-03  -3.14035E-03   1.59453E-03   1.80801E-03  -1.51958E-03  -8.16731E-04   1.22156E-03   1.68409E-04  -8.59640E-04   1.94576E-04   5.24305E-04  -3.49051E-04  -2.64907E-04   4.15959E-04   1.68158E-05  -3.40684E-04   1.12543E-04   2.12964E-04  -1.24196E-04  -9.90620E-05   1.08143E-04   3.60819E-05  -8.09897E-05   3.14161E-06   5.29778E-05  -2.31275E-05  -2.93835E-05   3.01366E-05   1.23300E-05  -2.96054E-05  -2.02740E-06   2.55729E-05  -2.23409E-06  -2.06190E-05   2.06610E-06   1.33914E-05
 5.29000E+02  -5.57200E-03   6.29445E-03   2.02035E-03  -6.23804E-03   2.60219E-04   4.66836E-03  -1.37450E-03  -3.05142E-03   1.70189E-03   1.68427E-03  -1.56776E-03  -6.86604E-04   1.22062E-03   5.38964E-05  -8.25601E-04   2.81010E-04   4.73875E-04  -4.03682E-04  -2.05740E-04   4.41368E-04  -3.18866E-05  -3.34782E-04   1.42479E-04   1.89697E-04  -1.37021E-04  -7.53492E-05   1.10998E-04   1.56167E-05  -7.73996E-05   1.83154E-05   4.60976E-05  -3.27101E-05  -2.15061E-05   3.48694E-05   4.85468E-06  -3.07619E-05   4.39158E-06   2.45867E-05  -7.46483E-06  -1.88571E-05   5.52087E-06   1.20678E-05
 5.32800E+02  -5.43254E-03   6.38903E-03   1.82360E-03  -6.27193E-03   4.58166E-04   4.62996E-03  -1.53240E-03  -2.95234E-03   1.79949E-03   1.55330E-03  -1.60442E-03  -5.53541E-04   1.20864E-03  -5.91292E-05  -7.82738E-04   3.62422E-04   4.17818E-04  -4.51240E-04  -1.44491E-04   4.58420E-04  -7.85034E-05  -3.21976E-04   1.67896E-04   1.62352E-04  -1.45436E-04  -5.01823E-05   1.10079E-04  -4.68009E-06  -7.10776E-05   3.22374E-05   3.76222E-05  -4.04921E-05  -1.30512E-05   3.76703E-05  -2.43323E-06  -3.01220E-05   1.01711E-05   2.20633E-05  -1.19218E-05  -1.58317E-05   8.41392E-06   9.89801E-06
 5.36600E+02  -5.28677E-03   6.47912E-03   1.62393E-03  -6.29728E-03   6.54230E-04   4.58096E-03  -1.68348E-03  -2.84356E-03   1.88669E-03   1.41596E-03  -1.62937E-03  -4.18658E-04   1.18589E-03  -1.69529E-04  -7.31754E-04   4.37873E-04   3.57126E-04  -4.91151E-04  -8.23481E-05   4.67014E-04  -1.22056E-04  -3.02762E-04   1.88257E-04   1.31784E-04  -1.49320E-04  -2.43706E-05   1.05539E-04  -2.41269E-05  -6.23625E-05   4.44389E-05   2.79831E-05  -4.62445E-05  -4.46398E-06   3.85320E-05  -9.12654E-06  -2.78477E-05   1.49653E-05   1.82635E-05  -1.53198E-05  -1.18258E-05   1.05524E-05   7.08600E-06
 5.40500E+02  -5.13105E-03   6.56642E-03   1.41666E-03  -6.31412E-03   8.52635E-04   4.51979E-03  -1.83064E-03  -2.72243E-03   1.96486E-03   1.26936E-03  -1.64269E-03  -2.79520E-04   1.15176E-03  -2.78954E-04  -6.71834E-04   5.08232E-04   2.91116E-04  -5.23705E-04  -1.88714E-05   4.67119E-04  -1.62657E-04  -2.77046E-04   2.03506E-04   9.80254E-05  -1.48625E-04   1.94281E-06   9.74028E-05  -4.25376E-05  -5.13654E-05   5.47653E-05   1.73564E-05  -4.98983E-05   4.04984E-06   3.74925E-05  -1.50222E-05  -2.40739E-05   1.85938E-05   1.33844E-05  -1.75063E-05  -7.05239E-06   1.18317E-05   3.78728E-06
 5.44400E+02  -4.96963E-03   6.64800E-03   1.20774E-03  -6.32146E-03   1.04733E-03   4.44778E-03  -1.96902E-03  -2.59234E-03   2.03110E-03   1.11809E-03  -1.64363E-03  -1.40876E-04   1.10727E-03  -3.83339E-04  -6.05187E-04   5.70646E-04   2.22500E-04  -5.47437E-04   4.30868E-05   4.58652E-04  -1.98310E-04  -2.46060E-04   2.12819E-04   6.28739E-05  -1.43377E-04   2.72427E-05   8.61583E-05  -5.87788E-05  -3.87979E-05   6.25513E-05   6.47633E-06  -5.12326E-05   1.18642E-05   3.46872E-05  -1.96583E-05  -1.91734E-05   2.07513E-05   7.91376E-06  -1.82827E-05  -2.00371E-06   1.21305E-05   3.50245E-07
 5.48400E+02  -4.79867E-03   6.72529E-03   9.92531E-04  -6.31896E-03   1.24228E-03   4.36296E-03  -2.10110E-03  -2.45040E-03   2.08632E-03   9.59224E-04  -1.63192E-03  -4.48697E-07   1.05160E-03  -4.84081E-04  -5.30953E-04   6.25732E-04   1.50661E-04  -5.62465E-04   1.03848E-04   4.41514E-04  -2.29060E-04  -2.09763E-04   2.16174E-04   2.64576E-05  -1.33624E-04   5.13244E-05   7.19426E-05  -7.26521E-05  -2.48600E-05   6.76811E-05  -4.44531E-06  -5.02535E-05   1.88034E-05   3.02449E-05  -2.29222E-05  -1.33698E-05   2.13874E-05   2.12486E-06  -1.76368E-05   3.04515E-06   1.14474E-05  -3.02784E-06
 5.52300E+02  -4.62726E-03   6.79403E-03   7.82536E-04  -6.30667E-03   1.42695E-03   4.26995E-03  -2.21966E-03  -2.30453E-03   2.12753E-03   8.01848E-04  -1.60847E-03   1.33550E-04   9.88368E-04  -5.75185E-04  -4.53986E-04   6.70225E-04   8.03986E-05  -5.68056E-04   1.59292E-04   4.17158E-04  -2.52879E-04  -1.70972E-04   2.13559E-04  -8.38116E-06  -1.20338E-04   7.22845E-05   5.60809E-05  -8.30682E-05  -1.08382E-05   6.98068E-05  -1.44097E-05  -4.71645E-05   2.42595E-05   2.47047E-05  -2.45777E-05  -7.34859E-06   2.05367E-05  -3.28697E-06  -1.57317E-05   7.47170E-06   9.92156E-06  -5.92228E-06
 5.56300E+02  -4.44717E-03   6.85741E-03   5.67753E-04  -6.28394E-03   1.61000E-03   4.16443E-03  -2.33022E-03  -2.14815E-03   2.15676E-03   6.39073E-04  -1.57255E-03   2.66820E-04   9.15273E-04  -6.60453E-04  -3.71566E-04   7.06042E-04   9.32728E-06  -5.64691E-04   2.11262E-04   3.85095E-04  -2.70662E-04  -1.28776E-04   2.05177E-04  -4.24428E-05  -1.03453E-04   9.05965E-05   3.84524E-05  -9.02923E-05   3.38037E-06   6.90684E-05  -2.35138E-05  -4.20532E-05   2.83294E-05   1.81449E-05  -2.47373E-05  -1.19526E-06   1.83283E-05  -8.22974E-06  -1.26992E-05   1.11848E-05   7.64900E-06  -8.26599E-06
 5.60300E+02  -4.26334E-03   6.91328E-03   3.54334E-04  -6.25102E-03   1.78588E-03   4.04917E-03  -2.42914E-03  -1.98588E-03   2.17282E-03   4.76107E-04  -1.52520E-03   3.94754E-04   8.34886E-04  -7.36695E-04  -2.86885E-04   7.31717E-04  -5.95633E-05  -5.52470E-04   2.57404E-04   3.46756E-04  -2.81568E-04  -8.52462E-05   1.91526E-04  -7.39156E-05  -8.39828E-05   1.05217E-04   2.01748E-05  -9.38911E-05   1.68502E-05   6.55292E-05  -3.11383E-05  -3.52965E-05   3.07585E-05   1.10779E-05  -2.34592E-05   4.57510E-06   1.50256E-05  -1.22578E-05  -8.87800E-06   1.38258E-05   4.88437E-06  -9.82358E-06
 5.64400E+02  -4.07165E-03   6.96250E-03   1.37775E-04  -6.20684E-03   1.95800E-03   3.92157E-03  -2.51806E-03  -1.81448E-03   2.17577E-03   3.10100E-04  -1.46555E-03   5.19264E-04   7.46102E-04  -8.04837E-04  -1.99068E-04   7.47473E-04  -1.26757E-04  -5.31294E-04   2.97896E-04   3.02000E-04  -2.85640E-04  -4.03891E-05   1.72734E-04  -1.02675E-04  -6.21566E-05   1.16044E-04   1.52854E-06  -9.38476E-05   2.93214E-05   5.92778E-05  -3.71351E-05  -2.70633E-05   3.15359E-05   3.70496E-06  -2.08628E-05   9.77309E-06   1.08376E-05  -1.52181E-05  -4.50651E-06   1.52787E-05   1.80438E-06  -1.05206E-05
 5.68400E+02  -3.88207E-03   7.00248E-03  -7.06266E-05  -6.15374E-03   2.11732E-03   3.78850E-03  -2.59238E-03  -1.64335E-03   2.16575E-03   1.50318E-04  -1.39734E-03   6.33318E-04   6.54452E-04  -8.61080E-04  -1.13665E-04   7.52677E-04  -1.87951E-04  -5.02866E-04   3.30201E-04   2.54113E-04  -2.82886E-04   2.53515E-06   1.50481E-04  -1.26672E-04  -3.98550E-05   1.22394E-04  -1.58720E-05  -9.03411E-05   3.97209E-05   5.09969E-05  -4.10290E-05  -1.81848E-05   3.06963E-05  -3.24989E-06  -1.73321E-05   1.39067E-05   6.32213E-06  -1.68545E-05  -1.63420E-07   1.54428E-05  -1.17921E-06  -1.03197E-05
 5.72500E+02  -3.68575E-03   7.03509E-03  -2.80568E-04  -6.08933E-03   2.27124E-03   3.64404E-03  -2.65564E-03  -1.46504E-03   2.14266E-03  -1.00744E-05  -1.31811E-03   7.41740E-04   5.56617E-04  -9.07908E-04  -2.76600E-05   7.47893E-04  -2.45277E-04  -4.66587E-04   3.55538E-04   2.01894E-04  -2.73546E-04   4.46406E-05   1.24517E-04  -1.46605E-04  -1.67961E-05   1.24590E-04  -3.22393E-05  -8.35183E-05   4.81904E-05   4.07466E-05  -4.29271E-05  -8.68029E-06   2.83469E-05  -9.79750E-06  -1.29914E-05   1.70188E-05   1.61850E-06  -1.72383E-05   4.01181E-06   1.44016E-05  -3.96497E-06  -9.28362E-06
 5.76700E+02  -3.48319E-03   7.05960E-03  -4.91053E-04  -6.01321E-03   2.41852E-03   3.48843E-03  -2.70682E-03  -1.28046E-03   2.10609E-03  -1.69671E-04  -1.22826E-03   8.43106E-04   4.53657E-04  -9.44338E-04   5.75874E-05   7.32857E-04  -2.97501E-04  -4.22910E-04   3.73116E-04   1.46395E-04  -2.57692E-04   8.47994E-05   9.55732E-05  -1.61782E-04   6.19935E-06   1.22486E-04  -4.68730E-05  -7.36057E-05   5.42928E-05   2.89602E-05  -4.26903E-05   9.92507E-07   2.46009E-05  -1.55939E-05  -8.11905E-06   1.89419E-05  -2.92312E-06  -1.63644E-05   7.67372E-06   1.22431E-05  -6.30999E-06  -7.49653E-06
 5.80800E+02  -3.28469E-03   7.07482E-03  -6.91388E-04  -5.92939E-03   2.55170E-03   3.32989E-03  -2.74353E-03  -1.09953E-03   2.05843E-03  -3.19811E-04  -1.13318E-03   9.31937E-04   3.51782E-04  -9.68618E-04   1.36892E-04   7.08908E-04  -3.41484E-04  -3.74964E-04   3.82083E-04   9.15148E-05  -2.36761E-04   1.20251E-04   6.59878E-05  -1.71315E-04   2.72890E-05   1.16497E-04  -5.86168E-05  -6.16276E-05   5.75977E-05   1.67854E-05  -4.04472E-05   9.91870E-06   1.99058E-05  -2.01315E-05  -3.26487E-06   1.95838E-05  -6.79013E-06  -1.44469E-05   1.04023E-05   9.31922E-06  -7.94101E-06  -5.23748E-06
 5.85000E+02  -3.08120E-03   7.08149E-03  -8.90704E-04  -5.83424E-03   2.67693E-03   3.16161E-03  -2.76772E-03  -9.14536E-04   1.99812E-03  -4.66815E-04  -1.02945E-03   1.01204E-03   2.47339E-04  -9.82074E-04   2.13081E-04   6.75649E-04  -3.78872E-04  -3.21555E-04   3.83060E-04   3.58277E-05  -2.10543E-04   1.51994E-04   3.52911E-05  -1.75675E-04   4.68325E-05   1.06782E-04  -6.77115E-05  -4.76362E-05   5.82598E-05   4.23449E-06  -3.63062E-05   1.81132E-05   1.43450E-05  -2.34659E-05   1.50769E-06   1.90510E-05  -9.93905E-06  -1.16346E-05   1.21695E-05   5.79321E-06  -8.84097E-06  -2.62775E-06
 5.89300E+02  -2.87337E-03   7.07903E-03  -1.08795E-03  -5.72760E-03   2.79310E-03   2.98410E-03  -2.77869E-03  -7.26664E-04   1.92522E-03  -6.09235E-04  -9.17915E-04   1.08222E-03   1.41651E-04  -9.84192E-04   2.84833E-04   6.33380E-04  -4.08775E-04  -2.63610E-04   3.75842E-04  -1.93822E-05  -1.79644E-04   1.79095E-04   4.43208E-06  -1.74658E-04   6.41030E-05   9.36667E-05  -7.37517E-05  -3.22130E-05   5.62152E-05  -8.09007E-06  -3.04510E-05   2.51356E-05   8.21280E-06  -2.54087E-05   5.91267E-06   1.74035E-05  -1.21555E-05  -8.16289E-06   1.28353E-05   1.97024E-06  -8.93032E-06   1.00373E-07
 5.93500E+02  -2.67151E-03   7.06769E-03  -1.27340E-03  -5.61500E-03   2.89459E-03   2.80657E-03  -2.77632E-03  -5.45725E-04   1.84408E-03  -7.39621E-04  -8.05065E-04   1.13896E-03   4.08713E-05  -9.75323E-04   3.48020E-04   5.85072E-04  -4.29658E-04  -2.05045E-04   3.61320E-04  -7.04262E-05  -1.46495E-04   1.99875E-04  -2.42697E-05  -1.68645E-04   7.78670E-05   7.84089E-05  -7.64188E-05  -1.67681E-05   5.18130E-05  -1.90777E-05  -2.35319E-05   3.03810E-05   2.13761E-06  -2.58574E-05   9.53351E-06   1.49099E-05  -1.32733E-05  -4.49837E-06   1.24042E-05  -1.64479E-06  -8.25443E-06   2.58425E-06
 5.97800E+02  -2.46663E-03   7.04707E-03  -1.45538E-03  -5.49167E-03   2.98614E-03   2.62154E-03  -2.76096E-03  -3.64151E-04   1.75189E-03  -8.63451E-04  -6.86857E-04   1.18486E-03  -5.86205E-05  -9.55646E-04   4.04998E-04   5.29527E-04  -4.42553E-04  -1.44301E-04   3.39533E-04  -1.18714E-04  -1.10569E-04   2.15076E-04  -5.13725E-05  -1.57839E-04   8.84859E-05   6.09943E-05  -7.59491E-05  -1.24474E-06   4.52122E-05  -2.87868E-05  -1.56537E-05   3.39150E-05  -3.83301E-06  -2.48992E-05   1.23882E-05   1.16830E-05  -1.33693E-05  -7.68502E-07   1.09831E-05  -4.92636E-06  -6.89764E-06   4.73412E-06
 6.02100E+02  -2.26415E-03   7.01756E-03  -1.62890E-03  -5.36084E-03   3.06515E-03   2.43417E-03  -2.73312E-03  -1.87281E-04   1.65160E-03  -9.76897E-04  -5.67268E-04   1.21849E-03  -1.53296E-04  -9.25977E-04   4.53682E-04   4.68985E-04  -4.47074E-04  -8.39515E-05   3.11613E-04  -1.62107E-04  -7.36936E-05   2.24069E-04  -7.54730E-05  -1.42934E-04   9.54438E-05   4.24990E-05  -7.24844E-05   1.33646E-05   3.69468E-05  -3.65777E-05  -7.42974E-06   3.55147E-05  -9.24484E-06  -2.26455E-05   1.42906E-05   8.02363E-06  -1.25055E-05   2.66922E-06   8.77269E-06  -7.54528E-06  -5.03643E-06   6.32754E-06
 6.06500E+02  -2.06005E-03   6.97842E-03  -1.79731E-03  -5.21992E-03   3.13308E-03   2.24101E-03  -2.69239E-03  -1.21189E-05   1.54179E-03  -1.08173E-03  -4.44812E-04   1.24040E-03  -2.44177E-04  -8.86153E-04   4.94569E-04   4.03103E-04  -4.43422E-04  -2.37708E-05   2.77709E-04  -2.00705E-04  -3.60546E-05   2.26962E-04  -9.64434E-05  -1.24177E-04   9.87706E-05   2.32102E-05  -6.62099E-05   2.68083E-05   2.72962E-05  -4.23143E-05   8.70615E-07   3.51839E-05  -1.39327E-05  -1.92082E-05   1.52244E-05   4.09340E-06  -1.07979E-05   5.65595E-06   5.95729E-06  -9.37100E-06  -2.81915E-06   7.28046E-06
 6.10900E+02  -1.85965E-03   6.93057E-03  -1.95609E-03  -5.07259E-03   3.18809E-03   2.04741E-03  -2.64005E-03   1.56278E-04   1.42595E-03  -1.17482E-03  -3.23574E-04   1.25001E-03  -3.28100E-04  -8.37743E-04   5.26255E-04   3.34503E-04  -4.31944E-04   3.37405E-05   2.39511E-04  -2.32871E-04   4.62160E-07   2.23773E-04  -1.13247E-04  -1.02687E-04   9.83996E-05   4.27873E-06  -5.76428E-05   3.82737E-05   1.69999E-05  -4.56714E-05   8.60942E-06   3.30074E-05  -1.75489E-05  -1.48916E-05   1.51688E-05   2.26138E-07  -8.47364E-06   7.94103E-06   2.87382E-06  -1.02529E-05  -5.09964E-07   7.51539E-06
 6.15300E+02  -1.66349E-03   6.87434E-03  -2.10497E-03  -4.91961E-03   3.23041E-03   1.85430E-03  -2.57695E-03   3.17125E-04   1.30535E-03  -1.25593E-03  -2.04786E-04   1.24782E-03  -4.04318E-04  -7.81817E-04   5.48737E-04   2.64426E-04  -4.13322E-04   8.76216E-05   1.98167E-04  -2.58241E-04   3.49212E-05   2.14962E-04  -1.25613E-04  -7.93224E-05   9.45973E-05  -1.36333E-05  -4.73153E-05   4.74272E-05   6.61123E-06  -4.66623E-05   1.53993E-05   2.92267E-05  -1.99535E-05  -9.99632E-06   1.42136E-05  -3.35410E-06  -5.77197E-06   9.43201E-06  -1.88476E-07  -1.02012E-05   1.67570E-06   7.06785E-06
 6.19700E+02  -1.47207E-03   6.81013E-03  -2.24373E-03  -4.76173E-03   3.26035E-03   1.66262E-03  -2.50399E-03   4.69740E-04   1.18122E-03  -1.32497E-03  -8.95845E-05   1.23446E-03  -4.72240E-04  -7.19494E-04   5.62173E-04   1.94064E-04  -3.88342E-04   1.37051E-04   1.54825E-04  -2.76646E-04   6.65102E-05   2.01123E-04  -1.33434E-04  -5.49429E-05   8.77368E-05  -2.99519E-05  -3.57900E-05   5.40643E-05  -3.35818E-06  -4.54213E-05   2.09341E-05   2.41583E-05  -2.10850E-05  -4.83825E-06   1.24918E-05  -6.46154E-06  -2.93176E-06   1.01079E-05  -2.97062E-06  -9.30654E-06   3.55219E-06   6.03253E-06
 6.24200E+02  -1.28168E-03   6.73664E-03  -2.37500E-03  -4.59600E-03   3.27856E-03   1.46895E-03  -2.42011E-03   6.16703E-04   1.05187E-03  -1.38314E-03   2.34554E-05   1.20998E-03  -5.32671E-04  -6.50339E-04   5.66879E-04   1.22980E-04  -3.57120E-04   1.82297E-04   1.09596E-04  -2.88280E-04   9.51486E-05   1.82498E-04  -1.36786E-04  -2.98307E-05   7.80336E-05  -4.45015E-05  -2.33523E-05   5.81678E-05  -1.26565E-05  -4.20900E-05   2.50756E-05   1.80261E-05  -2.09421E-05   3.84252E-07   1.01096E-05  -9.00361E-06  -1.12617E-07   1.00006E-05  -5.30903E-06  -7.68139E-06   5.00438E-06   4.51149E-06
 6.28700E+02  -1.09715E-03   6.65571E-03  -2.49542E-03  -4.42675E-03   3.28467E-03   1.27853E-03  -2.32790E-03   7.53936E-04   9.21328E-04  -1.42888E-03   1.30695E-04   1.17542E-03  -5.83666E-04  -5.76942E-04   5.62913E-04   5.38830E-05  -3.21137E-04   2.21625E-04   6.45781E-05  -2.92840E-04   1.19527E-04   1.60175E-04  -1.35650E-04  -5.36836E-06   6.61632E-05  -5.65054E-05  -1.08314E-05   5.95976E-05  -2.06641E-05  -3.70096E-05   2.75632E-05   1.13509E-05  -1.95793E-05   5.24675E-06   7.29461E-06  -1.08040E-05   2.42272E-06   9.18643E-06  -6.98157E-06  -5.54922E-06   5.89141E-06   2.70126E-06
 6.33200E+02  -9.18874E-04   6.56783E-03  -2.60496E-03  -4.25478E-03   3.27922E-03   1.09217E-03  -2.22838E-03   8.81037E-04   7.90782E-04  -1.46249E-03   2.31296E-04   1.13175E-03  -6.25089E-04  -5.00530E-04   5.50869E-04  -1.22261E-05  -2.81411E-04   2.54643E-04   2.08178E-05  -2.90690E-04   1.39258E-04   1.35030E-04  -1.30375E-04   1.76906E-05   5.27188E-05  -6.57040E-05   1.24210E-06   5.85060E-05  -2.70979E-05  -3.05766E-05   2.83854E-05   4.55084E-06  -1.71596E-05   9.48235E-06   4.25118E-06  -1.18159E-05   4.52240E-06   7.80698E-06  -7.90919E-06  -3.14528E-06   6.18052E-06   7.91770E-07
 6.37800E+02  -7.43460E-04   6.47136E-03  -2.70572E-03  -4.07699E-03   3.26230E-03   9.06628E-04  -2.12017E-03   1.00019E-03   6.58483E-04  -1.48473E-03   3.26538E-04   1.07871E-03  -6.57556E-04  -4.20550E-04   5.30936E-04  -7.58007E-05  -2.37998E-04   2.81634E-04  -2.16419E-05  -2.82079E-04   1.54398E-04   1.07341E-04  -1.21190E-04   3.91368E-05   3.79806E-05  -7.20692E-05   1.26385E-05   5.50409E-05  -3.18657E-05  -2.30477E-05   2.75963E-05  -2.12368E-06  -1.38203E-05   1.29453E-05   1.11217E-06  -1.20388E-05   6.11494E-06   5.98467E-06  -8.08291E-06  -6.50658E-07   5.88488E-06  -1.07393E-06
 6.42400E+02  -5.75251E-04   6.36872E-03  -2.79527E-03  -3.89798E-03   3.23458E-03   7.26811E-04  -2.00649E-03   1.10824E-03   5.28432E-04  -1.49524E-03   4.13508E-04   1.01830E-03  -6.80210E-04  -3.39895E-04   5.04129E-04  -1.34535E-04  -1.92819E-04   3.01713E-04  -6.09456E-05  -2.67642E-04   1.64394E-04   7.85758E-05  -1.08763E-04   5.78765E-05   2.28682E-05  -7.53516E-05   2.26728E-05   4.95406E-05  -3.47318E-05  -1.50130E-05   2.53439E-05  -8.15869E-06  -9.87498E-06   1.53800E-05  -1.85956E-06  -1.14939E-05   7.09814E-06   3.92890E-06  -7.53977E-06   1.65751E-06   5.07240E-06  -2.68665E-06
 6.47000E+02  -4.14505E-04   6.26048E-03  -2.87376E-03  -3.71853E-03   3.19678E-03   5.53354E-04  -1.88844E-03   1.20510E-03   4.01630E-04  -1.49464E-03   4.91754E-04   9.51646E-04  -6.93363E-04  -2.59712E-04   4.71350E-04  -1.87776E-04  -1.46906E-04   3.14962E-04  -9.63764E-05  -2.48141E-04   1.69347E-04   4.96270E-05  -9.37563E-05   7.34893E-05   7.98211E-06  -7.56610E-05   3.10314E-05   4.24046E-05  -3.57271E-05  -6.91223E-06   2.18847E-05  -1.32639E-05  -5.61421E-06   1.67104E-05  -4.49367E-06  -1.02759E-05   7.47432E-06   1.81683E-06  -6.40350E-06   3.59563E-06   3.86533E-06  -3.91946E-06
 6.51700E+02  -2.58191E-04   6.14470E-03  -2.94277E-03  -3.53549E-03   3.14850E-03   3.83272E-04  -1.76438E-03   1.29251E-03   2.76361E-04  -1.48328E-03   5.62373E-04   8.78283E-04  -6.97448E-04  -1.79379E-04   4.32672E-04  -2.35980E-04  -1.00245E-04   3.21676E-04  -1.27993E-04  -2.23845E-04   1.69452E-04   2.07159E-05  -7.64838E-05   8.59271E-05  -6.42927E-06  -7.31329E-05   3.76194E-05   3.38751E-05  -3.49397E-05   1.01932E-06   1.74206E-05  -1.73055E-05  -1.23530E-06   1.69304E-05  -6.69519E-06  -8.46960E-06   7.28051E-06  -2.35744E-07  -4.79945E-06   5.05941E-06   2.37782E-06  -4.70499E-06
 6.56400E+02  -1.10057E-04   6.02427E-03  -3.00079E-03  -3.35352E-03   3.09129E-03   2.20917E-04  -1.63791E-03   1.36836E-03   1.56266E-04  -1.46186E-03   6.23389E-04   8.00790E-04  -6.92657E-04  -1.01670E-04   3.89775E-04  -2.77548E-04  -5.47739E-05   3.21866E-04  -1.54550E-04  -1.96056E-04   1.64933E-04  -6.74496E-06  -5.79970E-05   9.46759E-05  -1.95391E-05  -6.80567E-05   4.21146E-05   2.45661E-05  -3.25377E-05   8.24299E-06   1.23639E-05  -2.00359E-05   2.88630E-06   1.60759E-05  -8.30046E-06  -6.25547E-06   6.58835E-06  -2.04611E-06  -2.94064E-06   5.92805E-06   7.98207E-07  -4.98233E-06
 6.61200E+02   3.26645E-05   5.89712E-03  -3.04905E-03  -3.16951E-03   3.02451E-03   6.35219E-05  -1.50735E-03   1.43408E-03   3.97111E-05  -1.43050E-03   6.75758E-04   7.18596E-04  -6.79313E-04  -2.59573E-05   3.42677E-04  -3.12921E-04  -1.04370E-05   3.15836E-04  -1.76177E-04  -1.65050E-04   1.56062E-04  -3.25979E-05  -3.86189E-05   9.98123E-05  -3.11661E-05  -6.06629E-05   4.45276E-05   1.47395E-05  -2.86986E-05   1.45916E-05   6.95076E-06  -2.14383E-05   6.57637E-06   1.42432E-05  -9.26656E-06  -3.75425E-06   5.48280E-06  -3.54135E-06  -9.81391E-07   6.19033E-06  -7.46111E-07  -4.76462E-06
 6.65900E+02   1.63955E-04   5.76914E-03  -3.08595E-03  -2.99181E-03   2.95181E-03  -8.20140E-05  -1.37910E-03   1.48726E-03  -6.78310E-05  -1.39143E-03   7.17398E-04   6.36262E-04  -6.58746E-04   4.38126E-05   2.94362E-04  -3.40549E-04   3.01830E-05   3.04433E-04  -1.91871E-04  -1.33067E-04   1.43792E-04  -5.52108E-05  -1.98458E-05   1.01266E-04  -4.05232E-05  -5.17239E-05   4.48364E-05   5.25025E-06  -2.38961E-05   1.95910E-05   1.73835E-06  -2.15086E-05   9.48876E-06   1.17052E-05  -9.54366E-06  -1.24830E-06   4.13599E-06  -4.59718E-06   8.17495E-07   5.88249E-06  -2.05354E-06  -4.12897E-06
 6.70800E+02   2.91897E-04   5.63269E-03  -3.11400E-03  -2.80979E-03   2.86923E-03  -2.24429E-04  -1.24597E-03   1.53130E-03  -1.72481E-04  -1.34288E-03   7.50897E-04   5.49618E-04  -6.30291E-04   1.11248E-04   2.42717E-04  -3.62035E-04   6.89400E-05   2.87466E-04  -2.02513E-04  -9.89834E-05   1.27912E-04  -7.54884E-05  -1.14288E-06   9.92897E-05  -4.79377E-05  -4.11403E-05   4.31685E-05  -4.07722E-06  -1.81448E-05   2.33863E-05  -3.29437E-06  -2.03451E-05   1.16509E-05   8.52106E-06  -9.16523E-06   1.24524E-06   2.58949E-06  -5.24251E-06   2.41133E-06   5.06619E-06  -3.09113E-06  -3.12965E-06
 6.75600E+02   4.08408E-04   5.49664E-03  -3.13167E-03  -2.63530E-03   2.78252E-03  -3.54534E-04  -1.11701E-03   1.56365E-03  -2.67203E-04  -1.28858E-03   7.74256E-04   4.64994E-04  -5.96399E-04   1.71502E-04   1.91835E-04  -3.76037E-04   1.02848E-04   2.66575E-04  -2.07480E-04  -6.57594E-05   1.10007E-04  -9.17822E-05   1.57630E-05   9.42719E-05  -5.27981E-05  -3.00453E-05   3.98104E-05  -1.22975E-05  -1.21240E-05   2.56534E-05  -7.58079E-06  -1.81751E-05   1.28417E-05   5.12550E-06  -8.21214E-06   3.41517E-06   1.05954E-06  -5.43492E-06   3.58528E-06   3.90765E-06  -3.71991E-06  -1.94574E-06
 6.80500E+02   5.18412E-04   5.35591E-03  -3.14026E-03  -2.46162E-03   2.68900E-03  -4.77648E-04  -9.87710E-04   1.58620E-03  -3.55653E-04  -1.22731E-03   7.88918E-04   3.79858E-04  -5.56635E-04   2.26659E-04   1.40517E-04  -3.83465E-04   1.32945E-04   2.41703E-04  -2.07320E-04  -3.28486E-05   9.00705E-05  -1.04596E-04   3.11124E-05   8.64653E-05  -5.53302E-05  -1.84982E-05   3.49331E-05  -1.94611E-05  -5.92561E-06   2.65167E-05  -1.11149E-05  -1.51490E-05   1.31190E-05   1.63591E-06  -6.75955E-06   5.22377E-06  -4.04548E-07  -5.22456E-06   4.32740E-06   2.51117E-06  -3.94471E-06  -6.66546E-07
 6.85400E+02   6.19503E-04   5.21393E-03  -3.13989E-03  -2.29291E-03   2.59132E-03  -5.90940E-04  -8.61540E-04   1.59879E-03  -4.35599E-04  -1.16116E-03   7.94869E-04   2.96883E-04  -5.12640E-04   2.75107E-04   9.06636E-05  -3.84387E-04   1.58237E-04   2.14073E-04  -2.02334E-04  -1.69308E-06   6.91876E-05  -1.13511E-04   4.41833E-05   7.64644E-05  -5.55334E-05  -7.21104E-06   2.89437E-05  -2.51751E-05   1.39011E-08   2.60143E-05  -1.36864E-05  -1.15674E-05   1.25224E-05  -1.64092E-06  -4.96229E-06   6.53136E-06  -1.67876E-06  -4.66908E-06   4.59818E-06   1.05261E-06  -3.77044E-06   5.52658E-07
 6.90300E+02   7.11834E-04   5.07124E-03  -3.13119E-03  -2.12961E-03   2.49035E-03  -6.94470E-04  -7.39191E-04   1.60206E-03  -5.06975E-04  -1.09111E-03   7.92751E-04   2.16864E-04  -4.65396E-04   3.16693E-04   4.30133E-05  -3.79325E-04   1.78619E-04   1.84499E-04  -1.93070E-04   2.70817E-05   4.80507E-05  -1.18609E-04   5.47420E-05   6.48157E-05  -5.36199E-05   3.39043E-06   2.22139E-05  -2.93166E-05   5.42750E-06   2.43048E-05  -1.52534E-05  -7.69617E-06   1.11796E-05  -4.50721E-06  -2.97343E-06   7.28969E-06  -2.69742E-06  -3.84979E-06   4.43243E-06  -3.28044E-07  -3.25613E-06   1.60051E-06
 6.95300E+02   7.97215E-04   4.92548E-03  -3.11437E-03  -1.96892E-03   2.38481E-03  -7.90186E-04  -6.18900E-04   1.59654E-03  -5.71017E-04  -1.01661E-03   7.82994E-04   1.38962E-04  -4.14818E-04   3.52029E-04  -2.68806E-06  -3.68599E-04   1.94370E-04   1.53126E-04  -1.79843E-04   5.34721E-05   2.68775E-05  -1.20078E-04   6.28032E-05   5.17990E-05  -4.97751E-05   1.31367E-05   1.49668E-05  -3.18834E-05   1.01894E-05   2.15250E-05  -1.58409E-05  -3.70675E-06   9.21250E-06  -6.85607E-06  -9.05565E-07   7.49179E-06  -3.43313E-06  -2.83354E-06   3.88652E-06  -1.53868E-06  -2.46959E-06   2.40836E-06
 7.00300E+02   8.73906E-04   4.78009E-03  -3.09019E-03  -1.81455E-03   2.27757E-03  -8.76087E-04  -5.03745E-04   1.58282E-03  -6.26317E-04  -9.40001E-04   7.66341E-04   6.54424E-05  -3.62792E-04   3.80293E-04  -4.48965E-05  -3.52929E-04   2.05157E-04   1.21309E-04  -1.63487E-04   7.64706E-05   6.69257E-06  -1.18079E-04   6.81107E-05   3.81979E-05  -4.43626E-05   2.15161E-05   7.70413E-06  -3.28185E-05   1.40202E-05   1.79417E-05  -1.54884E-05   8.97251E-08   6.84005E-06  -8.52670E-06   1.05089E-06   7.15278E-06  -3.84791E-06  -1.72836E-06   3.05965E-06  -2.46460E-06  -1.52444E-06   2.90218E-06
 7.05400E+02   9.43453E-04   4.63269E-03  -3.05865E-03  -1.66388E-03   2.16725E-03  -9.53882E-04  -3.92035E-04   1.56120E-03  -6.73955E-04  -8.60620E-04   7.43082E-04  -4.53829E-06  -3.09151E-04   4.02056E-04  -8.39103E-05  -3.32584E-04   2.11288E-04   8.91275E-05  -1.44311E-04   9.61671E-05  -1.23578E-05  -1.12863E-04   7.07782E-05   2.42632E-05  -3.76147E-05   2.84516E-05   6.25118E-07  -3.22144E-05   1.68674E-05   1.37269E-05  -1.42919E-05   3.56364E-06   4.21423E-06  -9.49312E-06   2.79768E-06   6.32502E-06  -3.95062E-06  -5.99859E-07   2.04335E-06  -3.06773E-06  -5.10540E-07   3.06877E-06
 7.10500E+02   1.00454E-03   4.48669E-03  -3.02086E-03  -1.52026E-03   2.05676E-03  -1.02211E-03  -2.86496E-04   1.53269E-03  -7.13062E-04  -7.80851E-04   7.14343E-04  -6.90812E-05  -2.55781E-04   4.17005E-04  -1.18523E-04  -3.08593E-04   2.12834E-04   5.78753E-05  -1.23349E-04   1.11927E-04  -2.94309E-05  -1.04904E-04   7.08553E-05   1.07576E-05  -3.00295E-05   3.36467E-05  -5.82546E-06  -3.02250E-05   1.86073E-05   9.21843E-06  -1.24163E-05   6.48224E-06   1.58407E-06  -9.73329E-06   4.18863E-06   5.11624E-06  -3.76126E-06   4.50221E-07   9.70322E-07  -3.31711E-06   4.47282E-07   2.91699E-06
 7.15600E+02   1.05751E-03   4.34254E-03  -2.97752E-03  -1.38382E-03   1.94680E-03  -1.08116E-03  -1.87403E-04   1.49814E-03  -7.44032E-04  -7.01486E-04   6.80973E-04  -1.27923E-04  -2.03445E-04   4.25554E-04  -1.48532E-04  -2.81716E-04   2.10202E-04   2.81201E-05  -1.01309E-04   1.23738E-04  -4.42095E-05  -9.47075E-05   6.86002E-05  -1.89481E-06  -2.20001E-05   3.70749E-05  -1.14133E-05  -2.70863E-05   1.92644E-05   4.67556E-06  -1.00467E-05   8.74418E-06  -8.71046E-07  -9.31558E-06   5.15542E-06   3.65122E-06  -3.32754E-06   1.35766E-06  -5.28602E-08  -3.23842E-06   1.26075E-06   2.49832E-06
 7.20800E+02   1.10353E-03   4.19791E-03  -2.92831E-03  -1.25220E-03   1.83590E-03  -1.13241E-03  -9.31912E-05   1.45753E-03  -7.67701E-04  -6.21719E-04   6.43041E-04  -1.81891E-04  -1.51837E-04   4.28180E-04  -1.74295E-04  -2.52106E-04   2.03696E-04  -1.89036E-07  -7.84073E-05   1.31816E-04  -5.66992E-05  -8.25491E-05   6.42245E-05  -1.35589E-05  -1.37337E-05   3.88049E-05  -1.60515E-05  -2.29778E-05   1.89007E-05   2.48982E-07  -7.31815E-06   1.03224E-05  -3.04534E-06  -8.32241E-06   5.67408E-06   2.03000E-06  -2.69411E-06   2.08824E-06  -9.55736E-07  -2.87512E-06   1.87652E-06   1.87106E-06
 7.26000E+02   1.14186E-03   4.05604E-03  -2.87472E-03  -1.12816E-03   1.72684E-03  -1.17509E-03  -5.97141E-06   1.41231E-03  -7.83912E-04  -5.43776E-04   6.02000E-04  -2.29718E-04  -1.02593E-04   4.25215E-04  -1.95191E-04  -2.21009E-04   1.93852E-04  -2.60559E-05  -5.56971E-05   1.36092E-04  -6.64748E-05  -6.91582E-05   5.81217E-05  -2.36977E-05  -5.72816E-06   3.88755E-05  -1.95195E-05  -1.82437E-05   1.76212E-05  -3.76360E-06  -4.46534E-06   1.11620E-05  -4.78023E-06  -6.89414E-06   5.72957E-06   4.14165E-07  -1.93449E-06   2.59348E-06  -1.65356E-06  -2.30021E-06   2.24069E-06   1.12790E-06
 7.31200E+02   1.17293E-03   3.91730E-03  -2.81741E-03  -1.01169E-03   1.62014E-03  -1.20977E-03   7.42384E-05   1.36329E-03  -7.93231E-04  -4.68229E-04   5.58644E-04  -2.71447E-04  -5.62045E-05   4.17262E-04  -2.11332E-04  -1.89117E-04   1.81213E-04  -4.91865E-05  -3.37296E-05   1.36852E-04  -7.35258E-05  -5.50616E-05   5.06840E-05  -3.21205E-05   1.72656E-06   3.74650E-05  -2.17861E-05  -1.31728E-05   1.55889E-05  -7.19959E-06  -1.66268E-06   1.13020E-05  -6.01371E-06  -5.18120E-06   5.36520E-06  -1.07616E-06  -1.11629E-06   2.86349E-06  -2.11181E-06  -1.59684E-06   2.34713E-06   3.56314E-07
 7.36500E+02   1.19756E-03   3.77942E-03  -2.75585E-03  -9.00677E-04   1.51431E-03  -1.23744E-03   1.48838E-04   1.31021E-03  -7.96249E-04  -3.94193E-04   5.12840E-04  -3.07834E-04  -1.22578E-05   4.04663E-04  -2.23092E-04  -1.56449E-04   1.66021E-04  -6.97434E-05  -1.25859E-05   1.34370E-04  -7.79906E-05  -4.04727E-05   4.21388E-05  -3.88298E-05   8.51849E-06   3.47291E-05  -2.28926E-05  -7.93644E-06   1.29338E-05  -9.99102E-06   9.88281E-07   1.08011E-05  -6.73621E-06  -3.29689E-06   4.63530E-06  -2.36537E-06  -2.87675E-07   2.90444E-06  -2.32550E-06  -8.32898E-07   2.21172E-06  -3.77635E-07
 7.41800E+02   1.21553E-03   3.64542E-03  -2.69172E-03  -7.97317E-04   1.41183E-03  -1.25797E-03   2.16352E-04   1.25473E-03  -7.93362E-04  -3.23565E-04   4.66117E-04  -3.38229E-04   2.80264E-05   3.88186E-04  -2.30396E-04  -1.24209E-04   1.49061E-04  -8.71426E-05   6.90326E-06   1.29013E-04  -7.98695E-05  -2.61186E-05   3.30220E-05  -4.36174E-05   1.43178E-05   3.09373E-05  -2.28724E-05  -2.88189E-06   9.89239E-06  -1.19984E-05   3.30736E-06   9.75430E-06  -6.94047E-06  -1.41706E-06   3.63786E-06  -3.35012E-06   4.77359E-07   2.73226E-06  -2.30167E-06  -9.86423E-08   1.87375E-06  -9.91912E-07
 7.47200E+02   1.22746E-03   3.51312E-03  -2.62438E-03  -6.99697E-04   1.31122E-03  -1.27216E-03   2.78057E-04   1.19647E-03  -7.85014E-04  -2.55447E-04   4.18238E-04  -3.63319E-04   6.50995E-05   3.68084E-04  -2.33603E-04  -9.23346E-05   1.30520E-04  -1.01599E-04   2.47436E-05   1.21058E-04  -7.93586E-05  -1.21459E-05   2.35352E-05  -4.65666E-05   1.90856E-05   2.62652E-05  -2.18301E-05   1.86369E-06   6.60390E-06  -1.32203E-05   5.23567E-06   8.25258E-06  -6.67208E-06   3.65863E-07   2.45495E-06  -3.99845E-06   1.14262E-06   2.37449E-06  -2.07219E-06   5.54455E-07   1.38164E-06  -1.44711E-06
 7.52600E+02   1.23345E-03   3.38531E-03  -2.55560E-03  -6.09619E-04   1.21474E-03  -1.28020E-03   3.32881E-04   1.13712E-03  -7.71876E-04  -1.91460E-04   3.70681E-04  -3.82822E-04   9.80548E-05   3.45297E-04  -2.32939E-04  -6.18995E-05   1.11233E-04  -1.12810E-04   4.03251E-05   1.11059E-04  -7.66874E-05   8.25608E-07   1.42028E-05  -4.76840E-05   2.26434E-05   2.10560E-05  -1.99279E-05   6.03002E-06   3.31949E-06  -1.36416E-05   6.66799E-06   6.44801E-06  -6.00501E-06   1.91419E-06   1.21403E-06  -4.27959E-06   1.65706E-06   1.87873E-06  -1.68842E-06   1.06604E-06   8.08710E-07  -1.70587E-06
 7.58000E+02   1.23398E-03   3.26216E-03  -2.48594E-03  -5.26826E-04   1.12260E-03  -1.28272E-03   3.81140E-04   1.07731E-03  -7.54605E-04  -1.31776E-04   3.23972E-04  -3.97126E-04   1.26870E-04   3.20454E-04  -2.28835E-04  -3.32768E-05   9.16821E-05  -1.20905E-04   5.35137E-05   9.94957E-05  -7.21776E-05   1.25273E-05   5.33046E-06  -4.71391E-05   2.49902E-05   1.55767E-05  -1.73561E-05   9.49649E-06   2.10946E-07  -1.33332E-05   7.58213E-06   4.47726E-06  -5.03693E-06   3.15794E-06   1.67387E-08  -4.21488E-06   1.99980E-06   1.29578E-06  -1.20918E-06   1.41119E-06   2.22497E-07  -1.76718E-06
 7.63500E+02   1.22939E-03   3.14167E-03  -2.41460E-03  -4.49693E-04   1.03337E-03  -1.28023E-03   4.23912E-04   1.01647E-03  -7.33418E-04  -7.55049E-05   2.77729E-04  -4.06785E-04   1.52021E-04   2.93644E-04  -2.21585E-04  -6.28525E-06   7.19373E-05  -1.26137E-04   6.44344E-05   8.65824E-05  -6.60439E-05   2.29408E-05  -2.97566E-06  -4.50917E-05   2.61860E-05   9.96987E-06  -1.42512E-05   1.22350E-05  -2.62962E-06  -1.23743E-05   7.99080E-06   2.43199E-06  -3.84795E-06   4.07176E-06  -1.06979E-06  -3.84105E-06   2.16599E-06   6.65343E-07  -6.82715E-07   1.58634E-06  -3.26732E-07  -1.64644E-06
 7.69000E+02   1.22012E-03   3.02625E-03  -2.34334E-03  -3.79489E-04   9.48895E-04  -1.27328E-03   4.60649E-04   9.56223E-04  -7.09228E-04  -2.38182E-05   2.33213E-04  -4.11947E-04   1.73061E-04   2.65873E-04  -2.11709E-04   1.83067E-05   5.27461E-05  -1.28568E-04   7.28430E-05   7.29725E-05  -5.87130E-05   3.17077E-05  -1.03450E-05  -4.17849E-05   2.62702E-05   4.55985E-06  -1.08567E-05   1.41485E-05  -5.03222E-06  -1.08934E-05   7.91124E-06   4.67965E-07  -2.55917E-06   4.61920E-06  -1.95519E-06  -3.22313E-06   2.15521E-06   4.81431E-08  -1.71489E-07   1.59563E-06  -7.78917E-07  -1.37680E-06
 7.74600E+02   1.20638E-03   2.91400E-03  -2.27132E-03  -3.14766E-04   8.67812E-04  -1.26222E-03   4.92294E-04   8.95928E-04  -6.82123E-04   2.41408E-05   1.89981E-04  -4.13065E-04   1.90453E-04   2.37131E-04  -1.99438E-04   4.07338E-05   3.41063E-05  -1.28449E-04   7.89157E-05   5.88238E-05  -5.03794E-05   3.88810E-05  -1.67421E-05  -3.73940E-05   2.53457E-05  -5.53459E-07  -7.29590E-06   1.52665E-05  -6.95507E-06  -8.99453E-06   7.39258E-06  -1.34476E-06  -1.24319E-06   4.81634E-06  -2.60636E-06  -2.42322E-06   1.98277E-06  -5.21386E-07   2.88491E-07   1.46109E-06  -1.10629E-06  -9.96949E-07
 7.80200E+02   1.18877E-03   2.80710E-03  -2.20026E-03  -2.56476E-04   7.91683E-04  -1.24773E-03   5.18589E-04   8.37074E-04  -6.53091E-04   6.74933E-05   1.49106E-04  -4.10497E-04   2.04017E-04   2.08382E-04  -1.85401E-04   6.04515E-05   1.66439E-05  -1.26024E-04   8.26271E-05   4.47606E-05  -4.15119E-05   4.42873E-05  -2.19387E-05  -3.22446E-05   2.35596E-05  -5.11506E-06  -3.80198E-06   1.56013E-05  -8.31483E-06  -6.85005E-06   6.51419E-06  -2.88816E-06  -8.01205E-09   4.68780E-06  -2.98700E-06  -1.53471E-06   1.67777E-06  -9.95175E-07   6.55534E-07   1.21688E-06  -1.28415E-06  -5.63086E-07
 7.85800E+02   1.16777E-03   2.70553E-03  -2.13049E-03  -2.04219E-04   7.20444E-04  -1.23036E-03   5.40003E-04   7.79977E-04  -6.22653E-04   1.06393E-04   1.10765E-04  -4.04722E-04   2.14032E-04   1.80027E-04  -1.70042E-04   7.74509E-05   5.64050E-07  -1.21613E-04   8.41710E-05   3.11089E-05  -3.24249E-05   4.79829E-05  -2.59059E-05  -2.66020E-05   2.10844E-05  -9.01438E-06  -5.20475E-07   1.52357E-05  -9.11216E-06  -4.60191E-06   5.36834E-06  -4.10711E-06   1.08006E-06   4.28665E-06  -3.10312E-06  -6.36945E-07   1.27718E-06  -1.34798E-06   9.11873E-07   9.02641E-07  -1.31447E-06  -1.25631E-07
 7.91500E+02   1.14338E-03   2.60756E-03  -2.06114E-03  -1.56806E-04   6.52841E-04  -1.21027E-03   5.57268E-04   7.23920E-04  -5.90712E-04   1.41616E-04   7.44527E-05  -3.96025E-04   2.20892E-04   1.51914E-04  -1.53468E-04   9.20115E-05  -1.42343E-05  -1.15415E-04   8.37487E-05   1.79135E-05  -2.32366E-05   5.00919E-05  -2.87016E-05  -2.06052E-05   1.80399E-05  -1.22324E-05   2.48287E-06   1.42504E-05  -9.37823E-06  -2.33839E-06   4.02606E-06  -4.98431E-06   1.98857E-06   3.66231E-06  -2.97652E-06   2.15546E-07   8.12428E-07  -1.56908E-06   1.05448E-06   5.51065E-07  -1.21089E-06   2.78465E-07
 7.97200E+02   1.11638E-03   2.51498E-03  -1.99373E-03  -1.14792E-04   5.90039E-04  -1.18824E-03   5.70438E-04   6.70138E-04  -5.58233E-04   1.72668E-04   4.09339E-05  -3.84939E-04   2.24716E-04   1.24840E-04  -1.36331E-04   1.03904E-04  -2.73567E-05  -1.07822E-04   8.15698E-05   5.64602E-06  -1.43577E-05   5.06750E-05  -3.03061E-05  -1.45818E-05   1.46468E-05  -1.46615E-05   5.05873E-06   1.27662E-05  -9.15131E-06  -2.12106E-07   2.60340E-06  -5.48911E-06   2.66795E-06   2.88826E-06  -2.64565E-06   9.49800E-07   3.31509E-07  -1.64904E-06   1.08473E-06   2.03811E-07  -1.00004E-06   6.06347E-07
 8.02900E+02   1.08720E-03   2.42768E-03  -1.92849E-03  -7.77510E-05   5.31853E-04  -1.16472E-03   5.79976E-04   6.18769E-04  -5.25593E-04   1.99811E-04   1.02112E-05  -3.71886E-04   2.25838E-04   9.90257E-05  -1.18969E-04   1.13265E-04  -3.87604E-05  -9.91429E-05   7.78990E-05  -5.52751E-06  -5.99267E-06   4.98998E-05  -3.08145E-05  -8.72936E-06   1.10756E-05  -1.63064E-05   7.15044E-06   1.09084E-05  -8.50659E-06   1.68815E-06   1.18981E-06  -5.63791E-06   3.10823E-06   2.03149E-06  -2.16291E-06   1.52682E-06  -1.27541E-07  -1.59684E-06   1.01848E-06  -1.09605E-07  -7.16992E-07   8.35849E-07
 8.08700E+02   1.05566E-03   2.34413E-03  -1.86450E-03  -4.47296E-05   4.77166E-04  -1.13968E-03   5.86407E-04   5.69061E-04  -4.92546E-04   2.23707E-04  -1.82231E-05  -3.56986E-04   2.24545E-04   7.42228E-05  -1.01374E-04   1.20365E-04  -4.86011E-05  -8.94960E-05   7.29043E-05  -1.56576E-05   1.82637E-06   4.79060E-05  -3.03293E-05  -3.11755E-06   7.41736E-06  -1.72112E-05   8.75342E-06   8.76172E-06  -7.51000E-06   3.32402E-06  -1.59800E-07  -5.45954E-06   3.31691E-06   1.13827E-06  -1.57374E-06   1.93097E-06  -5.39144E-07  -1.42654E-06   8.74183E-07  -3.71986E-07  -3.93069E-07   9.58918E-07
 8.14600E+02   1.02207E-03   2.26442E-03  -1.80206E-03  -1.55282E-05   4.25964E-04  -1.11345E-03   5.90008E-04   5.21189E-04  -4.59386E-04   2.44475E-04  -4.43054E-05  -3.40533E-04   2.21052E-04   5.06293E-05  -8.38143E-05   1.25279E-04  -5.68274E-05  -7.91207E-05   6.67946E-05  -2.46088E-05   8.93637E-06   4.48367E-05  -2.89426E-05   2.09820E-06   3.81374E-06  -1.73996E-05   9.83826E-06   6.43841E-06  -6.24031E-06   4.63762E-06  -1.37413E-06  -4.98873E-06   3.30171E-06   2.64987E-07  -9.32091E-07   2.14821E-06  -8.74210E-07  -1.15843E-06   6.73823E-07  -5.66960E-07  -6.41571E-08   9.72707E-07
 8.20500E+02   9.87319E-04   2.18987E-03  -1.74237E-03   9.68267E-06   3.78958E-04  -1.08682E-03   5.91066E-04   4.76030E-04  -4.26923E-04   2.61990E-04  -6.76381E-05  -3.23113E-04   2.15691E-04   2.87617E-05  -6.68185E-05   1.28081E-04  -6.33279E-05  -6.84347E-05   5.99101E-05  -3.21678E-05   1.51095E-05   4.09270E-05  -2.68104E-05   6.71424E-06   4.48760E-07  -1.69343E-05   1.03946E-05   4.09010E-06  -4.80903E-06   5.57927E-06  -2.37908E-06  -4.28871E-06   3.08811E-06  -5.25039E-07  -3.01797E-07   2.18114E-06  -1.10784E-06  -8.25832E-07   4.45770E-07  -6.84631E-07   2.31425E-07   8.87865E-07
 8.26400E+02   9.51739E-04   2.12025E-03  -1.68552E-03   3.13230E-05   3.35866E-04  -1.06008E-03   5.89971E-04   4.33539E-04  -3.95340E-04   2.76568E-04  -8.83624E-05  -3.05025E-04   2.08768E-04   8.65225E-06  -5.05618E-05   1.28995E-04  -6.82009E-05  -5.76616E-05   5.24929E-05  -3.83458E-05   2.02990E-05   3.63804E-05  -2.40899E-05   1.06623E-05  -2.58394E-06  -1.59134E-05   1.04638E-05   1.81775E-06  -3.30634E-06   6.15186E-06  -3.14382E-06  -3.42702E-06   2.71418E-06  -1.19594E-06   2.72313E-07   2.05331E-06  -1.23274E-06  -4.61469E-07   2.14000E-07  -7.27846E-07   4.68950E-07   7.25921E-07
 8.32400E+02   9.15018E-04   2.05429E-03  -1.63064E-03   5.00788E-05   2.95760E-04  -1.03305E-03   5.87013E-04   3.92988E-04  -3.64266E-04   2.88695E-04  -1.06925E-04  -2.86211E-04   2.00414E-04  -9.99796E-06  -3.49246E-05   1.28219E-04  -7.16069E-05  -4.68130E-05   4.46275E-05  -4.32554E-05   2.45546E-05   3.13005E-05  -2.08773E-05   1.39543E-05  -5.25790E-06  -1.44131E-05   1.00921E-05  -3.29092E-07  -1.78722E-06   6.37677E-06  -3.66194E-06  -2.45443E-06   2.21246E-06  -1.73149E-06   7.64068E-07   1.79125E-06  -1.25026E-06  -9.06942E-08  -5.07023E-09  -7.04385E-07   6.35106E-07   5.08876E-07
 8.38400E+02   8.78036E-04   1.99297E-03  -1.57870E-03   6.59472E-05   2.59103E-04  -1.00641E-03   5.82525E-04   3.55014E-04  -3.34345E-04   2.98404E-04  -1.23129E-04  -2.67199E-04   1.90998E-04  -2.68656E-05  -2.02898E-05   1.25945E-04  -7.35830E-05  -3.62378E-05   3.66355E-05  -4.68488E-05   2.77965E-05   2.59427E-05  -1.73646E-05   1.65067E-05  -7.47370E-06  -1.25572E-05   9.34336E-06  -2.24226E-06  -3.47472E-07   6.27659E-06  -3.92160E-06  -1.45089E-06   1.63256E-06  -2.10609E-06   1.14054E-06   1.43379E-06  -1.16772E-06   2.51323E-07  -1.91912E-07  -6.26089E-07   7.18951E-07   2.67308E-07
 8.44400E+02   8.41044E-04   1.93603E-03  -1.52968E-03   7.92948E-05   2.25597E-04  -9.80328E-04   5.76801E-04   3.19492E-04  -3.05636E-04   3.05977E-04  -1.37152E-04  -2.48176E-04   1.80751E-04  -4.20059E-05  -6.72327E-06   1.22387E-04  -7.42684E-05  -2.60707E-05   2.86887E-05  -4.92129E-05   3.00654E-05   2.04705E-05  -1.36897E-05   1.83330E-05  -9.20965E-06  -1.04533E-05   8.29230E-06  -3.87208E-06   9.56525E-07   5.89661E-06  -3.94019E-06  -4.75385E-07   1.01722E-06  -2.31744E-06   1.39121E-06   1.01977E-06  -1.00211E-06   5.41030E-07  -3.36525E-07  -5.08278E-07   7.23061E-07   2.78861E-08
 8.50500E+02   8.03647E-04   1.88239E-03  -1.48277E-03   9.06297E-05   1.94464E-04  -9.54545E-04   5.69975E-04   2.85746E-04  -2.77723E-04   3.11756E-04  -1.49357E-04  -2.28980E-04   1.69692E-04  -5.57019E-05   5.93567E-06   1.17658E-04  -7.37867E-05  -1.62619E-05   2.08042E-05  -5.04585E-05   3.14357E-05   1.49360E-05  -9.91336E-06   1.94789E-05  -1.04808E-05  -8.16374E-06   6.99282E-06  -5.20608E-06   2.09988E-06   5.27622E-06  -3.74110E-06   4.36959E-07   3.95475E-07  -2.37217E-06   1.51729E-06   5.78579E-07  -7.70647E-07   7.64618E-07  -4.35384E-07  -3.64194E-07   6.55657E-07  -1.90011E-07
 8.56700E+02   7.66058E-04   1.83197E-03  -1.43803E-03   1.00174E-04   1.65551E-04  -9.29210E-04   5.62234E-04   2.53733E-04  -2.50669E-04   3.15900E-04  -1.59829E-04  -2.09745E-04   1.57976E-04  -6.79583E-05   1.76158E-05   1.11896E-04  -7.22277E-05  -6.92416E-06   1.31193E-05  -5.06427E-05   3.19394E-05   9.47062E-06  -6.14823E-06   1.99600E-05  -1.12787E-05  -5.77891E-06   5.51433E-06  -6.21219E-06   3.04334E-06   4.46174E-06  -3.35216E-06   1.24123E-06  -1.96205E-07  -2.27803E-06   1.52200E-06   1.43742E-07  -4.95673E-07   9.08273E-07  -4.85960E-07  -2.08491E-07   5.29415E-07  -3.66791E-07
 8.62900E+02   7.29067E-04   1.78542E-03  -1.39614E-03   1.08035E-04   1.39103E-04  -9.04835E-04   5.53883E-04   2.23855E-04  -2.24921E-04   3.18531E-04  -1.68529E-04  -1.90888E-04   1.45941E-04  -7.86344E-05   2.81048E-05   1.05350E-04  -6.97357E-05   1.71253E-06   5.86992E-06  -4.98567E-05   3.16362E-05   4.27552E-06  -2.55522E-06   1.98161E-05  -1.16090E-05  -3.42339E-06   3.95452E-06  -6.86548E-06   3.74956E-06   3.52067E-06  -2.81932E-06   1.89240E-06  -7.17209E-07  -2.05525E-06   1.41925E-06  -2.48825E-07  -2.06801E-07   9.64971E-07  -4.90132E-07  -5.74380E-08   3.64792E-07  -4.86835E-07
 8.69100E+02   6.92815E-04   1.74247E-03  -1.35697E-03   1.14488E-04   1.14848E-04  -8.81473E-04   5.45090E-04   1.95942E-04  -2.00440E-04   3.19854E-04  -1.75627E-04  -1.72482E-04   1.33725E-04  -8.78304E-05   3.74231E-05   9.81813E-05  -6.64485E-05   9.60457E-06  -8.62642E-07  -4.82213E-05   3.06215E-05  -5.61149E-07   7.84813E-07   1.91199E-05  -1.15136E-05  -1.17198E-06   2.38438E-06  -7.17957E-06   4.21413E-06   2.50952E-06  -2.18865E-06   2.37361E-06  -1.14486E-06  -1.73070E-06   1.23084E-06  -5.77902E-07   7.15681E-08   9.39159E-07  -4.54773E-07   7.77833E-08   1.82648E-07  -5.45490E-07
 8.75400E+02   6.56855E-04   1.70225E-03  -1.31982E-03   1.19859E-04   9.21901E-05  -8.58796E-04   5.35842E-04   1.69421E-04  -1.76808E-04   3.20040E-04  -1.81355E-04  -1.54292E-04   1.21241E-04  -9.57608E-05   4.57251E-05   9.04046E-05  -6.24258E-05   1.68339E-05  -7.11188E-06  -4.58114E-05   2.89626E-05  -5.03842E-06   3.85414E-06   1.79267E-05  -1.10316E-05   9.45859E-07   8.42374E-07  -7.17692E-06   4.44514E-06   1.46389E-06  -1.49385E-06   2.68286E-06  -1.46847E-06  -1.32691E-06   9.76534E-07  -8.33265E-07   3.22201E-07   8.39140E-07  -3.87316E-07   1.90729E-07  -1.11013E-10  -5.44117E-07
 8.81700E+02   6.21871E-04   1.66519E-03  -1.28519E-03   1.24259E-04   7.12963E-05  -8.37194E-04   5.26389E-04   1.44588E-04  -1.54367E-04   3.19219E-04  -1.85732E-04  -1.36656E-04   1.08783E-04  -1.02366E-04   5.28923E-05   8.22616E-05  -5.78386E-05   2.32538E-05  -1.27195E-05  -4.27664E-05   2.67725E-05  -9.02222E-06   6.54690E-06   1.63272E-05  -1.02183E-05   2.84196E-06  -5.91095E-07  -6.88493E-06   4.44903E-06   4.48212E-07  -7.88054E-07   2.81558E-06  -1.67268E-06  -8.79848E-07   6.84412E-07  -1.00231E-06   5.23549E-07   6.80264E-07  -2.98011E-07   2.73972E-07  -1.62955E-07  -4.88828E-07
 8.88100E+02   5.87399E-04   1.63055E-03  -1.25244E-03   1.27937E-04   5.16527E-05  -8.16333E-04   5.16665E-04   1.20927E-04  -1.32718E-04   3.17491E-04  -1.88929E-04  -1.19328E-04   9.62359E-05  -1.07817E-04   5.90589E-05   7.37321E-05  -5.27179E-05   2.89451E-05  -1.77292E-05  -3.91397E-05   2.41064E-05  -1.25266E-05   8.86180E-06   1.43727E-05  -9.11471E-06   4.50222E-06  -1.89085E-06  -6.33498E-06   4.24450E-06  -5.10235E-07  -9.92385E-08   2.78325E-06  -1.75779E-06  -4.12800E-07   3.73906E-07  -1.08563E-06   6.66144E-07   4.77698E-07  -1.95142E-07   3.26056E-07  -2.94153E-07  -3.89540E-07
 8.94500E+02   5.54051E-04   1.59867E-03  -1.22197E-03   1.30993E-04   3.33997E-05  -7.96531E-04   5.06885E-04   9.86911E-05  -1.12154E-04   3.14980E-04  -1.90985E-04  -1.02605E-04   8.38651E-05  -1.12090E-04   6.41540E-05   6.50474E-05  -4.72410E-05   3.38074E-05  -2.20301E-05  -3.50871E-05   2.10959E-05  -1.54614E-05   1.07321E-05   1.21711E-05  -7.79488E-06   5.86768E-06  -2.99843E-06  -5.57756E-06   3.86012E-06  -1.35951E-06   5.27912E-07   2.60310E-06  -1.72652E-06   3.80190E-08   7.19942E-08  -1.08562E-06   7.40894E-07   2.54218E-07  -8.95972E-08   3.46064E-07  -3.81942E-07  -2.61642E-07
 9.00900E+02   5.21851E-04   1.56931E-03  -1.19361E-03   1.33576E-04   1.63562E-05  -7.77742E-04   4.97095E-04   7.77402E-05  -9.26043E-05   3.11784E-04  -1.92006E-04  -8.64892E-05   7.17270E-05  -1.15273E-04   6.82304E-05   5.62996E-05  -4.15073E-05   3.78560E-05  -2.56176E-05  -3.07136E-05   1.78368E-05  -1.78170E-05   1.21504E-05   9.80478E-06  -6.32171E-06   6.92307E-06  -3.89034E-06  -4.66276E-06   3.33044E-06  -2.07256E-06   1.06738E-06   2.30078E-06  -1.59179E-06   4.47140E-07  -2.02562E-07  -1.01258E-06   7.48360E-07   3.00019E-08   1.03340E-08   3.36880E-07  -4.22654E-07  -1.20938E-07
 9.07400E+02   4.90330E-04   1.54186E-03  -1.16683E-03   1.35842E-04   1.21078E-07  -7.59641E-04   4.87173E-04   5.76465E-05  -7.37181E-05   3.07916E-04  -1.92078E-04  -7.07429E-05   5.96855E-05  -1.17467E-04   7.13829E-05   4.74335E-05  -3.55142E-05   4.11572E-05  -2.85369E-05  -2.60437E-05   1.43648E-05  -1.96190E-05   1.31325E-05   7.31204E-06  -4.73087E-06   7.67277E-06  -4.56212E-06  -3.62417E-06   2.68178E-06  -2.63817E-06   1.50663E-06   1.89805E-06  -1.36720E-06   7.98828E-07  -4.38568E-07  -8.77457E-07   6.93124E-07  -1.79818E-07   9.92695E-08   3.02322E-07  -4.17138E-07   1.95393E-08
 9.14000E+02   4.59535E-04   1.51621E-03  -1.14154E-03   1.37883E-04  -1.54028E-05  -7.42211E-04   4.77140E-04   3.83448E-05  -5.54737E-05   3.03418E-04  -1.91240E-04  -5.53910E-05   4.77960E-05  -1.18703E-04   7.36224E-05   3.85265E-05  -2.93422E-05   4.37018E-05  -3.07697E-05  -2.11638E-05   1.07623E-05  -2.08530E-05   1.36726E-05   4.76503E-06  -3.07912E-06   8.10698E-06  -4.99936E-06  -2.50866E-06   1.94945E-06  -3.03791E-06   1.82890E-06   1.42229E-06  -1.07107E-06   1.07411E-06  -6.23440E-07  -6.93801E-07   5.83187E-07  -3.58482E-07   1.71498E-07   2.47195E-07  -3.69119E-07   1.45679E-07
 9.20600E+02   4.29932E-04   1.49258E-03  -1.11802E-03   1.39750E-04  -3.00865E-05  -7.25669E-04   4.67157E-04   2.00448E-05  -3.81080E-05   2.98401E-04  -1.89562E-04  -4.06753E-05   3.62839E-05  -1.19010E-04   7.49503E-05   2.97852E-05  -2.31651E-05   4.54661E-05  -3.22894E-05  -1.62353E-05   7.16611E-06  -2.15100E-05   1.37777E-05   2.27220E-06  -1.44795E-06   8.22621E-06  -5.19573E-06  -1.38120E-06   1.18330E-06  -3.25913E-06   2.02222E-06   9.11164E-07  -7.31137E-07   1.25716E-06  -7.47200E-07  -4.80751E-07   4.33437E-07  -4.90802E-07   2.22326E-07   1.78529E-07  -2.87852E-07   2.44254E-07
 9.27200E+02   4.01486E-04   1.47081E-03  -1.09613E-03   1.41513E-04  -4.40394E-05  -7.09948E-04   4.57227E-04   2.65285E-06  -2.15669E-05   2.92911E-04  -1.87110E-04  -2.65908E-05   2.51820E-05  -1.18455E-04   7.54238E-05   2.12718E-05  -1.70581E-05   4.64878E-05  -3.31272E-05  -1.13419E-05   3.65320E-06  -2.16223E-05   1.34814E-05  -1.03945E-07   1.10983E-07   8.05312E-06  -5.16537E-06  -2.86862E-07   4.21627E-07  -3.30725E-06   2.08923E-06   3.94914E-07  -3.72684E-07   1.34473E-06  -8.08428E-07  -2.55436E-07   2.60236E-07  -5.70058E-07   2.50489E-07   1.03056E-07  -1.85065E-07   3.08248E-07
 9.33900E+02   3.73744E-04   1.45042E-03  -1.07544E-03   1.43249E-04  -5.75508E-05  -6.94760E-04   4.47195E-04  -1.41568E-05  -5.57069E-06   2.86895E-04  -1.83892E-04  -1.29342E-05   1.43622E-05  -1.17074E-04   7.50888E-05   1.29201E-05  -1.10008E-05   4.68079E-05  -3.33187E-05  -6.48845E-06   2.42853E-07  -2.12197E-05   1.28115E-05  -2.34132E-06   1.57352E-06   7.60875E-06  -4.92421E-06   7.49735E-07  -3.11395E-07  -3.19195E-06   2.03687E-06  -1.06439E-07  -1.46068E-08   1.33896E-06  -8.09292E-07  -3.04273E-08   7.75578E-08  -5.94571E-07   2.56389E-07   2.59880E-08  -7.15896E-08   3.34955E-07
 9.40700E+02   3.46699E-04   1.43135E-03  -1.05588E-03   1.44998E-04  -7.06731E-05  -6.80072E-04   4.37057E-04  -3.04193E-05   9.88737E-06   2.80366E-04  -1.79933E-04   2.68678E-07   3.87350E-06  -1.14892E-04   7.39689E-05   4.79692E-06  -5.06594E-06   4.64417E-05  -3.28803E-05  -1.75313E-06  -2.99357E-06  -2.03281E-05   1.18004E-05  -4.38391E-06   2.89422E-06   6.91839E-06  -4.49107E-06   1.69002E-06  -9.82092E-07  -2.92573E-06   1.87410E-06  -5.67010E-07   3.19832E-07   1.24461E-06  -7.53392E-07   1.79369E-07  -9.82716E-08  -5.65143E-07   2.41098E-07  -4.67198E-08   4.01273E-08   3.23937E-07
 9.47500E+02   3.20710E-04   1.41376E-03  -1.03766E-03   1.46763E-04  -8.32698E-05  -6.66055E-04   4.26956E-04  -4.59416E-05   2.45995E-05   2.73441E-04  -1.75329E-04   1.28111E-05  -6.09220E-06  -1.11986E-04   7.21251E-05  -2.92168E-06   5.94073E-07   4.54313E-05  -3.18566E-05   2.72403E-06  -5.94775E-06  -1.90059E-05   1.05092E-05  -6.15763E-06   4.01799E-06   6.02946E-06  -3.90138E-06   2.48938E-06  -1.55284E-06  -2.53460E-06   1.61962E-06  -9.58668E-07   6.05712E-07   1.07514E-06  -6.49630E-07   3.58277E-07  -2.50059E-07  -4.88748E-07   2.07766E-07  -1.08900E-07   1.37069E-07   2.79584E-07
 9.54300E+02   2.95710E-04   1.39754E-03  -1.02068E-03   1.48567E-04  -9.53991E-05  -6.52650E-04   4.16882E-04  -6.07779E-05   3.85969E-05   2.66148E-04  -1.70134E-04   2.46941E-05  -1.55108E-05  -1.08416E-04   6.96198E-05  -1.01922E-05   5.92551E-06   4.38318E-05  -3.03047E-05   6.88511E-06  -8.57373E-06  -1.73134E-05   8.99495E-06  -7.63333E-06   4.92161E-06   4.98759E-06  -3.19142E-06   3.12722E-06  -2.00433E-06  -2.04770E-06   1.29504E-06  -1.26648E-06   8.28535E-07   8.48250E-07  -5.09398E-07   4.97268E-07  -3.66871E-07  -3.76452E-07   1.60714E-07  -1.56850E-07   2.10615E-07   2.09854E-07
 9.61200E+02   2.71283E-04   1.38238E-03  -1.00461E-03   1.50451E-04  -1.07279E-04  -6.39622E-04   4.06683E-04  -7.51790E-05   5.20967E-05   2.58399E-04  -1.64307E-04   3.60783E-05  -2.44867E-05  -1.04174E-04   6.64661E-05  -1.70728E-05   1.09517E-05   4.16660E-05  -2.82525E-05   1.07337E-05  -1.08662E-05  -1.52830E-05   7.28992E-06  -8.80643E-06   5.59898E-06   3.82226E-06  -2.38680E-06   3.59629E-06  -2.32828E-06  -1.48773E-06   9.17816E-07  -1.48356E-06   9.80907E-07   5.79669E-07  -3.42713E-07   5.91715E-07  -4.42662E-07  -2.39230E-07   1.03923E-07  -1.88589E-07   2.55878E-07   1.23139E-07
 9.68100E+02   2.47736E-04   1.36844E-03  -9.89648E-04   1.52399E-04  -1.18773E-04  -6.27126E-04   3.96499E-04  -8.89642E-05   6.49118E-05   2.50323E-04  -1.57970E-04   4.67843E-05  -3.28582E-05  -9.93670E-05   6.27619E-05  -2.34195E-05   1.55504E-05   3.90154E-05  -2.57854E-05   1.41640E-05  -1.27574E-05  -1.30050E-05   5.47529E-06  -9.64301E-06   6.02956E-06   2.59644E-06  -1.53649E-06   3.88065E-06  -2.51214E-06  -8.94064E-07   5.16751E-07  -1.60079E-06   1.05540E-06   2.93643E-07  -1.64830E-07   6.36897E-07  -4.72807E-07  -9.28264E-08   4.32208E-08  -2.02348E-07   2.69681E-07   3.10556E-08
 9.75100E+02   2.24678E-04   1.35546E-03  -9.75516E-04   1.54449E-04  -1.30077E-04  -6.14952E-04   3.86180E-04  -1.02358E-04   7.72347E-05   2.41821E-04  -1.51069E-04   5.69536E-05  -4.07170E-05  -9.39747E-05   5.85097E-05  -2.92843E-05   1.97447E-05   3.58964E-05  -2.29290E-05   1.71828E-05  -1.42495E-05  -1.05112E-05   3.58267E-06  -1.01476E-05   6.21742E-06   1.33911E-06  -6.66077E-07   3.98270E-06  -2.55781E-06  -2.89825E-07   1.09762E-07  -1.61929E-06   1.05330E-06   6.62561E-09   1.37810E-08   6.33427E-07  -4.58456E-07   5.10285E-08  -1.71894E-08  -1.98389E-07   2.53156E-07  -5.73746E-08
 9.82200E+02   2.02079E-04   1.34343E-03  -9.62200E-04   1.56610E-04  -1.41214E-04  -6.03086E-04   3.75724E-04  -1.15372E-04   8.90570E-05   2.32907E-04  -1.43634E-04   6.65588E-05  -4.80227E-05  -8.80359E-05   5.37583E-05  -3.46194E-05   2.34865E-05   3.23593E-05  -1.97420E-05   1.97451E-05  -1.53178E-05  -7.86532E-06   1.66922E-06  -1.03147E-05   6.16366E-06   9.60379E-08   1.87277E-07   3.90421E-06  -2.46847E-06   2.94232E-07  -2.80065E-07  -1.54170E-06   9.78460E-07  -2.61771E-07   1.80538E-07   5.83478E-07  -4.03395E-07   1.79466E-07  -7.24432E-08  -1.77744E-07   2.09824E-07  -1.32724E-07
 9.89300E+02   1.80213E-04   1.33249E-03  -9.49858E-04   1.58862E-04  -1.52055E-04  -5.91673E-04   3.65277E-04  -1.27846E-04   1.00218E-04   2.23724E-04  -1.35808E-04   7.54534E-05  -5.46492E-05  -8.16856E-05   4.86360E-05  -3.93202E-05   2.66923E-05   2.85155E-05  -1.63380E-05   2.17888E-05  -1.59420E-05  -5.17231E-06  -1.82181E-07  -1.01532E-05   5.88340E-06  -1.07233E-06   9.76964E-07   3.65897E-06  -2.25782E-06   8.22114E-07  -6.26416E-07  -1.37882E-06   8.41943E-07  -4.90960E-07   3.22080E-07   4.93901E-07  -3.16440E-07   2.80346E-07  -1.17596E-07  -1.43304E-07   1.47010E-07  -1.86766E-07
 9.96400E+02   1.59027E-04   1.32262E-03  -9.38444E-04   1.61217E-04  -1.62636E-04  -5.80685E-04   3.54839E-04  -1.39813E-04   1.10737E-04   2.14297E-04  -1.27638E-04   8.36435E-05  -6.05911E-05  -7.49836E-05   4.32126E-05  -4.33764E-05   2.93498E-05   2.44342E-05  -1.27908E-05   2.33079E-05  -1.61355E-05  -2.49844E-06  -1.92133E-06  -9.68922E-06   5.40253E-06  -2.12949E-06   1.67406E-06   3.26909E-06  -1.94587E-06   1.27171E-06  -9.12817E-07  -1.14615E-06   6.58417E-07  -6.68798E-07   4.30182E-07   3.73980E-07  -2.08483E-07   3.47190E-07  -1.49671E-07  -9.88748E-08   7.33863E-08  -2.15597E-07
 1.00360E+03   1.38190E-04   1.31366E-03  -9.27779E-04   1.63723E-04  -1.73136E-04  -5.69954E-04   3.44262E-04  -1.51464E-04   1.20769E-04   2.04510E-04  -1.19048E-04   9.12374E-05  -6.59160E-05  -6.78871E-05   3.74745E-05  -4.68273E-05   3.14801E-05   2.01217E-05  -9.12046E-06   2.43160E-05  -1.59149E-05   1.30877E-07  -3.52575E-06  -8.94367E-06   4.74152E-06  -3.05743E-06   2.26283E-06   2.75303E-06  -1.54992E-06   1.63093E-06  -1.12978E-06  -8.57530E-07   4.41116E-07  -7.89017E-07   5.00185E-07   2.32324E-07  -8.95098E-08   3.77412E-07  -1.67049E-07  -4.80417E-08  -3.11428E-09  -2.18264E-07
 1.01090E+03   1.17691E-04   1.30563E-03  -9.17868E-04   1.66406E-04  -1.83584E-04  -5.59471E-04   3.33545E-04  -1.62814E-04   1.30308E-04   1.94377E-04  -1.10069E-04   9.82154E-05  -7.05970E-05  -6.04423E-05   3.14809E-05  -4.96469E-05   3.30619E-05   1.56398E-05  -5.39588E-06   2.48031E-05  -1.52938E-05   2.65368E-06  -4.95045E-06  -7.94545E-06   3.92942E-06  -3.82595E-06   2.72070E-06   2.13681E-06  -1.09321E-06   1.88474E-06  -1.26668E-06  -5.31659E-07   2.06632E-07  -8.46093E-07   5.27991E-07   8.00767E-08   2.88955E-08   3.70344E-07  -1.68596E-07   4.67886E-09  -7.37647E-08  -1.95861E-07
 1.01820E+03   9.77913E-05   1.29866E-03  -9.08835E-04   1.69254E-04  -1.93872E-04  -5.49366E-04   3.22831E-04  -1.73734E-04   1.39230E-04   1.84051E-04  -1.00861E-04   1.04479E-04  -7.45609E-05  -5.28026E-05   2.53773E-05  -5.17901E-05   3.40707E-05   1.11141E-05  -1.73631E-06   2.47722E-05  -1.43114E-05   4.98040E-06  -6.14138E-06  -6.74839E-06   3.01344E-06  -4.40434E-06   3.02782E-06   1.46015E-06  -6.08303E-07   2.02266E-06  -1.31757E-06  -1.93898E-07  -2.47472E-08  -8.39579E-07   5.13118E-07  -6.88869E-08   1.34379E-07   3.29602E-07  -1.54804E-07   5.39563E-08  -1.30152E-07  -1.52979E-07
 1.02550E+03   7.84721E-05   1.29273E-03  -9.00650E-04   1.72297E-04  -2.04041E-04  -5.39614E-04   3.12113E-04  -1.84256E-04   1.47558E-04   1.73548E-04  -9.14621E-05   1.10042E-04  -7.78162E-05  -4.50217E-05   1.92272E-05  -5.32695E-05   3.45220E-05   6.60775E-06   1.79521E-06   2.42511E-05  -1.30116E-05   7.06661E-06  -7.07680E-06  -5.40033E-06   2.03343E-06  -4.78367E-06   3.18052E-06   7.56523E-07  -1.21842E-07   2.04603E-06  -1.28516E-06   1.34928E-07  -2.37484E-07  -7.75271E-07   4.59389E-07  -2.03566E-07   2.18518E-07   2.62125E-07  -1.27739E-07   9.56901E-08  -1.67220E-07  -9.62365E-08
 1.03290E+03   5.94691E-05   1.28777E-03  -8.93191E-04   1.75616E-04  -2.14271E-04  -5.30062E-04   3.01235E-04  -1.94552E-04   1.55412E-04   1.62733E-04  -8.17755E-05   1.14978E-04  -8.04040E-05  -3.70419E-05   1.30066E-05  -5.41087E-05   3.44319E-05   2.11958E-06   5.18599E-06   2.32574E-05  -1.14196E-05   8.89882E-06  -7.75089E-06  -3.92976E-06   1.01479E-06  -4.96347E-06   3.18089E-06   4.88040E-08   3.47713E-07   1.95973E-06  -1.17483E-06   4.39810E-07  -4.20985E-07  -6.60409E-07   3.71846E-07  -3.16010E-07   2.76292E-07   1.75286E-07  -8.99036E-08   1.26967E-07  -1.82573E-07  -3.22763E-08
 1.04040E+03   4.08040E-05   1.28384E-03  -8.86461E-04   1.79259E-04  -2.24604E-04  -5.20695E-04   2.90180E-04  -2.04640E-04   1.62787E-04   1.51610E-04  -7.18283E-05   1.19274E-04  -8.23086E-05  -2.89095E-05   6.77533E-06  -5.43024E-05   3.38050E-05  -2.28948E-06   8.37457E-06   2.18139E-05  -9.57810E-06   1.04358E-05  -8.14748E-06  -2.38387E-06  -3.85426E-09  -4.94111E-06   3.03245E-06  -6.31153E-07   7.76552E-07   1.77142E-06  -9.95355E-07   7.02637E-07  -5.63821E-07  -5.05105E-07   2.58082E-07  -3.97831E-07   3.03844E-07   7.82702E-08  -4.48899E-08   1.45032E-07  -1.75495E-07   3.11865E-08
 1.04790E+03   2.27448E-05   1.28098E-03  -8.80534E-04   1.83227E-04  -2.34947E-04  -5.11607E-04   2.79078E-04  -2.14410E-04   1.69590E-04   1.40330E-04  -6.17810E-05   1.22871E-04  -8.35047E-05  -2.07799E-05   6.74047E-07  -5.38599E-05   3.26706E-05  -6.50418E-06   1.12659E-05   1.99776E-05  -7.56378E-06   1.16295E-05  -8.25898E-06  -8.32639E-07  -9.71512E-07  -4.72529E-06   2.74988E-06  -1.24520E-06   1.13886E-06   1.49792E-06  -7.63120E-07   9.05693E-07  -6.56780E-07  -3.24449E-07   1.29588E-07  -4.42678E-07   3.00561E-07  -1.79432E-08   2.35605E-09   1.48351E-07  -1.48369E-07   8.60741E-08
 1.05540E+03   5.30717E-06   1.27921E-03  -8.75371E-04   1.87569E-04  -2.45343E-04  -5.02760E-04   2.67903E-04  -2.23890E-04   1.75834E-04   1.28896E-04  -5.16614E-05   1.25781E-04  -8.40074E-05  -1.26986E-05  -5.24479E-06  -5.28090E-05   3.10642E-05  -1.04755E-05   1.38193E-05   1.77993E-05  -5.43398E-06   1.24670E-05  -8.09664E-06   6.76165E-07  -1.85493E-06  -4.33446E-06   2.35368E-06  -1.76959E-06   1.42000E-06   1.15863E-06  -4.95706E-07   1.04009E-06  -6.97259E-07  -1.32744E-07  -2.57173E-09  -4.49033E-07   2.69603E-07  -1.04549E-07   4.73288E-08   1.37259E-07  -1.05970E-07   1.26768E-07
 1.06310E+03  -1.19249E-05   1.27849E-03  -8.70823E-04   1.92466E-04  -2.56115E-04  -4.93880E-04   2.56324E-04  -2.33345E-04   1.81672E-04   1.16996E-04  -4.12236E-05   1.28062E-04  -8.38185E-05  -4.49768E-06  -1.10803E-05  -5.11286E-05   2.89641E-05  -1.42532E-05   1.60542E-05   1.52629E-05  -3.18689E-06   1.29520E-05  -7.66423E-06   2.13508E-06  -2.64445E-06  -3.77568E-06   1.85390E-06  -2.19538E-06   1.61402E-06   7.64206E-07  -2.04043E-07   1.10229E-06  -6.85334E-07   6.10797E-08  -1.30787E-07  -4.17172E-07   2.14649E-07  -1.76100E-07   8.68140E-08   1.12597E-07  -5.29362E-08   1.50093E-07
 1.07070E+03  -2.82364E-05   1.27887E-03  -8.67033E-04   1.97788E-04  -2.66886E-04  -4.85264E-04   2.44758E-04  -2.42420E-04   1.86871E-04   1.05089E-04  -3.08988E-05   1.29618E-04  -8.29478E-05   3.45755E-06  -1.65523E-05  -4.89061E-05   2.64865E-05  -1.76426E-05   1.78480E-05   1.25197E-05  -9.66794E-07   1.30619E-05  -6.99894E-06   3.44457E-06  -3.28292E-06  -3.09632E-06   1.29585E-06  -2.49053E-06   1.70662E-06   3.52294E-07   8.15845E-08   1.08889E-06  -6.24945E-07   2.36318E-07  -2.39850E-07  -3.52205E-07   1.44533E-07  -2.24442E-07   1.15609E-07   7.79459E-08   1.93762E-09   1.53515E-07
 1.07850E+03  -4.42202E-05   1.28036E-03  -8.63806E-04   2.03807E-04  -2.78118E-04  -4.76516E-04   2.32706E-04  -2.51478E-04   1.91622E-04   9.26996E-05  -2.03054E-05   1.30501E-04  -8.13645E-05   1.14329E-05  -2.18240E-05  -4.60796E-05   2.35733E-05  -2.07322E-05   1.92421E-05   9.51908E-06   1.25597E-06   1.28060E-05  -6.10217E-06   4.61681E-06  -3.77397E-06  -2.30022E-06   6.86351E-07  -2.65682E-06   1.69977E-06  -6.97812E-08   3.53650E-07   1.00324E-06  -5.20446E-07   3.88017E-07  -3.25205E-07  -2.58330E-07   6.44115E-08  -2.48434E-07   1.32087E-07   3.56685E-08   5.39333E-08   1.37931E-07
 1.08630E+03  -5.93953E-05   1.28293E-03  -8.61187E-04   2.10442E-04  -2.89561E-04  -4.67798E-04   2.20429E-04  -2.60282E-04   1.95774E-04   8.01359E-05  -9.74292E-06   1.30661E-04  -7.91003E-05   1.91703E-05  -2.67016E-05  -4.27408E-05   2.03362E-05  -2.33934E-05   2.01696E-05   6.39552E-06   3.36680E-06   1.21969E-05  -5.02642E-06   5.58421E-06  -4.08645E-06  -1.43983E-06   7.02633E-08  -2.68369E-06   1.59527E-06  -4.68050E-07   5.87778E-07   8.54427E-07  -3.83033E-07   5.02191E-07  -3.77666E-07  -1.46386E-07  -1.56524E-08  -2.46483E-07   1.34098E-07  -8.86546E-09   9.55837E-08   1.06360E-07
 1.09410E+03  -7.37171E-05   1.28655E-03  -8.59104E-04   2.17741E-04  -3.01237E-04  -4.59039E-04   2.07885E-04  -2.68827E-04   1.99313E-04   6.73970E-05   7.58587E-07   1.30096E-04  -7.61745E-05   2.66225E-05  -3.11420E-05  -3.89328E-05   1.68293E-05  -2.55964E-05   2.06241E-05   3.21481E-06   5.31421E-06   1.12625E-05  -3.81356E-06   6.32276E-06  -4.21512E-06  -5.52212E-07  -5.22798E-07  -2.57638E-06   1.40350E-06  -8.21552E-07   7.70633E-07   6.55699E-07  -2.24492E-07   5.72875E-07  -3.94299E-07  -2.70072E-08  -8.80794E-08  -2.21003E-07   1.21895E-07  -5.09775E-08   1.22574E-07   6.38234E-08
 1.10200E+03  -8.73061E-05   1.29124E-03  -8.57460E-04   2.25854E-04  -3.13314E-04  -4.50050E-04   1.94865E-04  -2.77201E-04   2.02253E-04   5.43182E-05   1.12986E-05   1.28781E-04  -7.25581E-05   3.38299E-05  -3.51523E-05  -3.46448E-05   1.30605E-05  -2.73355E-05   2.06044E-05   2.19689E-09   7.07267E-06   1.00197E-05  -2.49094E-06   6.82072E-06  -4.15999E-06   3.37008E-07  -1.07216E-06  -2.34221E-06   1.13521E-06  -1.11586E-06   8.94062E-07   4.19591E-07  -5.51897E-08   5.97418E-07  -3.74931E-07   9.04571E-08  -1.47346E-07  -1.75681E-07   9.67869E-08  -8.67516E-08   1.32685E-07   1.56587E-08
 1.11000E+03  -1.00079E-04   1.29699E-03  -8.56186E-04   2.34848E-04  -3.25805E-04  -4.40745E-04   1.81314E-04  -2.85369E-04   2.04541E-04   4.08998E-05   2.18340E-05   1.26681E-04  -6.82514E-05   4.07269E-05  -3.86740E-05  -2.99129E-05   9.08407E-06  -2.85717E-05   2.01027E-05  -3.17346E-06   8.59147E-06   8.50040E-06  -1.10373E-06   7.05952E-06  -3.92320E-06   1.19034E-06  -1.55075E-06  -1.99345E-06   8.06446E-07  -1.33415E-06   9.50548E-07   1.62792E-07   1.12069E-07   5.74709E-07  -3.21760E-07   1.95325E-07  -1.88343E-07  -1.15834E-07   6.14127E-08  -1.12219E-07   1.25228E-07  -3.18562E-08
 1.11800E+03  -1.11813E-04   1.30368E-03  -8.55211E-04   2.44656E-04  -3.38551E-04  -4.31156E-04   1.67357E-04  -2.93187E-04   2.06105E-04   2.73195E-05   3.21852E-05   1.23803E-04  -6.33257E-05   4.71650E-05  -4.16159E-05  -2.48462E-05   5.01271E-06  -2.92658E-05   1.91359E-05  -6.20338E-06   9.81090E-06   6.76782E-06   2.81862E-07   7.03073E-06  -3.52060E-06   1.96164E-06  -1.93029E-06  -1.55423E-06   4.41897E-07  -1.46258E-06   9.37706E-07  -9.33288E-08   2.62744E-07   5.08185E-07  -2.41325E-07   2.77095E-07  -2.07777E-07  -4.88705E-08   2.02035E-08  -1.24350E-07   1.02138E-07  -7.21672E-08
 1.12610E+03  -1.22590E-04   1.31133E-03  -8.54427E-04   2.55438E-04  -3.51698E-04  -4.21073E-04   1.52779E-04  -3.00701E-04   2.06914E-04   1.34257E-05   4.24262E-05   1.20092E-04  -5.77434E-05   5.31588E-05  -4.39702E-05  -1.94382E-05   8.63675E-07  -2.94093E-05   1.77126E-05  -9.05630E-06   1.07122E-05   4.85182E-06   1.63309E-06   6.73743E-06  -2.96720E-06   2.62788E-06  -2.19787E-06  -1.04345E-06   5.98907E-08  -1.49683E-06   8.58448E-07  -3.33993E-07   3.87499E-07   4.03397E-07  -1.41037E-07   3.29777E-07  -2.05295E-07   1.90031E-08  -2.26136E-08  -1.22026E-07   6.69175E-08  -1.00897E-07
 1.13420E+03  -1.32219E-04   1.31980E-03  -8.53745E-04   2.67087E-04  -3.65057E-04  -4.10532E-04   1.37725E-04  -3.07755E-04   2.06904E-04  -5.82824E-07   5.23672E-05   1.15578E-04  -5.16049E-05   5.85668E-05  -4.56674E-05  -1.38194E-05  -3.24012E-06  -2.89911E-05   1.58812E-05  -1.16303E-05   1.12589E-05   2.83281E-06   2.88442E-06   6.19580E-06  -2.29606E-06   3.15293E-06  -2.33835E-06  -4.94950E-07  -3.11318E-07  -1.43622E-06   7.21263E-07  -5.39910E-07   4.75777E-07   2.70722E-07  -3.21567E-08   3.48664E-07  -1.82464E-07   8.03044E-08  -6.16075E-08  -1.05649E-07   2.51407E-08  -1.14549E-07
 1.14240E+03  -1.40764E-04   1.32911E-03  -8.53048E-04   2.79767E-04  -3.78752E-04  -3.99316E-04   1.21983E-04  -3.14364E-04   2.06022E-04  -1.48409E-05   6.20598E-05   1.10195E-04  -4.48756E-05   6.33866E-05  -4.66934E-05  -7.99186E-06  -7.27370E-06  -2.80061E-05   1.36608E-05  -1.38936E-05   1.14415E-05   7.47732E-07   4.00459E-06   5.42108E-06  -1.53081E-06   3.52099E-06  -2.34795E-06   6.81662E-08  -6.53138E-07  -1.28558E-06   5.36000E-07  -6.99809E-07   5.22415E-07   1.19830E-07   7.58417E-08   3.33212E-07  -1.42448E-07   1.30046E-07  -9.26857E-08  -7.70541E-08  -1.78312E-08  -1.12204E-07
 1.15060E+03  -1.48073E-04   1.33907E-03  -8.52237E-04   2.93327E-04  -3.92563E-04  -3.87477E-04   1.05730E-04  -3.20369E-04   2.04221E-04  -2.91256E-05   7.13071E-05   1.04006E-04  -3.76880E-05   6.74909E-05  -4.70077E-05  -2.10438E-06  -1.11106E-05  -2.64763E-05   1.11301E-05  -1.57608E-05   1.12522E-05  -1.31358E-06   4.93795E-06   4.45333E-06  -7.16721E-07   3.71246E-06  -2.22792E-06   6.08717E-07  -9.40404E-07  -1.05785E-06   3.19488E-07  -8.01582E-07   5.23970E-07  -3.49037E-08   1.71261E-07   2.86191E-07  -9.06205E-08   1.63359E-07  -1.11850E-07  -4.00599E-08  -5.57380E-08  -9.49588E-08
 1.15890E+03  -1.54196E-04   1.34971E-03  -8.51191E-04   3.07926E-04  -4.06594E-04  -3.74795E-04   8.87643E-05  -3.25756E-04   2.01428E-04  -4.35497E-05   8.01365E-05   9.69401E-05  -3.00168E-05   7.08630E-05  -4.65947E-05   3.82971E-06  -1.47191E-05  -2.44047E-05   8.32047E-06  -1.72041E-05   1.06949E-05  -3.31004E-06   5.65981E-06   3.31981E-06   1.17159E-07   3.72238E-06  -1.98519E-06   1.10363E-06  -1.15888E-06  -7.66500E-07   8.58903E-08  -8.40525E-07   4.81238E-07  -1.82370E-07   2.46201E-07   2.12733E-07  -3.22256E-08   1.78153E-07  -1.17086E-07   1.20442E-09  -8.41195E-08  -6.56566E-08
 1.16730E+03  -1.59078E-04   1.36095E-03  -8.49793E-04   3.23559E-04  -4.20766E-04  -3.61184E-04   7.10862E-05  -3.30419E-04   1.97575E-04  -5.80383E-05   8.84459E-05   8.90005E-05  -2.19294E-05   7.34256E-05  -4.54323E-05   9.71796E-06  -1.80158E-05  -2.18161E-05   5.29998E-06  -1.81736E-05   9.78118E-06  -5.17375E-06   6.13769E-06   2.06454E-06   9.30420E-07   3.54878E-06  -1.63300E-06   1.52449E-06  -1.29401E-06  -4.31005E-07  -1.47093E-07  -8.14248E-07   3.97959E-07  -3.09942E-07   2.93435E-07   1.20706E-07   2.65319E-08   1.73551E-07  -1.07607E-07   4.16161E-08  -9.93353E-08  -2.87172E-08
 1.17570E+03  -1.62640E-04   1.37255E-03  -8.47949E-04   3.40009E-04  -4.34822E-04  -3.46746E-04   5.29306E-05  -3.34208E-04   1.92667E-04  -7.23332E-05   9.60411E-05   8.03115E-05  -1.36080E-05   7.50919E-05  -4.35375E-05   1.53944E-05  -2.08865E-05  -1.87880E-05   2.18460E-06  -1.86280E-05   8.55250E-06  -6.81976E-06   6.34730E-06   7.54581E-07   1.67386E-06   3.20396E-06  -1.19709E-06   1.84314E-06  -1.33671E-06  -7.86338E-08  -3.59192E-07  -7.26697E-07   2.83084E-07  -4.05475E-07   3.08624E-07   2.11475E-08   7.89399E-08   1.51036E-07  -8.48530E-08   7.56260E-08  -9.97226E-08   9.94564E-09
 1.18420E+03  -1.64916E-04   1.38455E-03  -8.45528E-04   3.57423E-04  -4.48828E-04  -3.31260E-04   3.41208E-05  -3.37073E-04   1.86611E-04  -8.65074E-05   1.02915E-04   7.08138E-05  -5.05147E-06   7.58343E-05  -4.09048E-05   2.08275E-05  -2.32960E-05  -1.53445E-05  -9.76053E-07  -1.85563E-05   7.03709E-06  -8.21024E-06   6.28348E-06  -5.69678E-07   2.31947E-06   2.70291E-06  -6.99207E-07   2.04580E-06  -1.28633E-06   2.70152E-07  -5.37013E-07  -5.85150E-07   1.46115E-07  -4.62204E-07   2.91566E-07  -7.65242E-08   1.20427E-07   1.13561E-07  -5.16341E-08   9.93071E-08  -8.59402E-08   4.52047E-08
 1.19280E+03  -1.65884E-04   1.39685E-03  -8.42418E-04   3.75755E-04  -4.62671E-04  -3.14672E-04   1.47051E-05  -3.38902E-04   1.79368E-04  -1.00448E-04   1.08955E-04   6.05553E-05   3.63340E-06   7.56000E-05  -3.75540E-05   2.59113E-05  -2.51736E-05  -1.15521E-05  -4.09065E-06  -1.79479E-05   5.28478E-06  -9.29061E-06   5.94566E-06  -1.85036E-06   2.83304E-06   2.07047E-06  -1.69380E-07   2.11974E-06  -1.14673E-06   5.90786E-07  -6.66767E-07  -4.01201E-07  -3.55263E-10  -4.75055E-07   2.44767E-07  -1.62085E-07   1.46905E-07   6.55458E-08  -1.22871E-08   1.09474E-07  -6.04326E-08   7.20718E-08
 1.20140E+03  -1.65548E-04   1.40918E-03  -8.38560E-04   3.94721E-04  -4.76076E-04  -2.97155E-04  -5.01981E-06  -3.39584E-04   1.71013E-04  -1.13876E-04   1.13997E-04   4.97311E-05   1.22282E-05   7.43697E-05  -3.35718E-05   3.04890E-05  -2.64466E-05  -7.53911E-06  -7.03113E-06  -1.68251E-05   3.37989E-06  -1.00097E-05   5.35434E-06  -3.01656E-06   3.18334E-06   1.34831E-06   3.53473E-07   2.06145E-06  -9.31253E-07   8.57552E-07  -7.37866E-07  -1.92576E-07  -1.40974E-07  -4.43633E-07   1.74883E-07  -2.26073E-07   1.55923E-07   1.31107E-08   2.74352E-08   1.04846E-07  -2.77573E-08   8.67680E-08
 1.21010E+03  -1.63931E-04   1.42160E-03  -8.33822E-04   4.14456E-04  -4.89078E-04  -2.78499E-04  -2.51972E-05  -3.39046E-04   1.61457E-04  -1.26827E-04   1.18013E-04   3.83075E-05   2.07084E-05   7.21233E-05  -2.89759E-05   3.45210E-05  -2.70924E-05  -3.35320E-06  -9.74171E-06  -1.52071E-05   1.37207E-06  -1.03499E-05   4.53135E-06  -4.02977E-06   3.35755E-06   5.67830E-07   8.42658E-07   1.87599E-06  -6.54730E-07   1.05543E-06  -7.46793E-07   2.55422E-08  -2.64192E-07  -3.71557E-07   8.95858E-08  -2.63284E-07   1.47347E-07  -3.84468E-08   6.25834E-08   8.62284E-08   7.25913E-09   8.78963E-08
 1.21880E+03  -1.61091E-04   1.43385E-03  -8.28185E-04   4.34642E-04  -5.01409E-04  -2.58927E-04  -4.54964E-05  -3.37223E-04   1.50835E-04  -1.39026E-04   1.20881E-04   2.65221E-05   2.88493E-05   6.88983E-05  -2.38977E-05   3.78766E-05  -2.70817E-05   8.56679E-07  -1.21078E-05  -1.31609E-05  -6.39784E-07  -1.02962E-05   3.52542E-06  -4.83369E-06   3.34658E-06  -2.19455E-07   1.26244E-06   1.57927E-06  -3.41683E-07   1.16952E-06  -6.94262E-07   2.32717E-07  -3.57377E-07  -2.67453E-07  -4.18024E-10  -2.70527E-07   1.22923E-07  -8.29900E-08   8.80653E-08   5.66030E-08   3.89446E-08   7.59706E-08
 1.22760E+03  -1.57047E-04   1.44597E-03  -8.21520E-04   4.55410E-04  -5.13092E-04  -2.38242E-04  -6.60391E-05  -3.34032E-04   1.39065E-04  -1.50489E-04   1.22568E-04   1.43597E-05   3.66155E-05   6.46884E-05  -1.83723E-05   4.05212E-05  -2.64097E-05   5.03295E-06  -1.40820E-05  -1.07273E-05  -2.60094E-06  -9.85237E-06   2.37380E-06  -5.40210E-06   3.15348E-06  -9.79042E-07   1.59183E-06   1.18909E-06  -1.25709E-08   1.19477E-06  -5.85614E-07   4.14303E-07  -4.13340E-07  -1.41089E-07  -8.61784E-08  -2.48477E-07   8.57167E-08  -1.16351E-07   1.00817E-07   1.99676E-08   6.30571E-08   5.33373E-08
 1.23650E+03  -1.51844E-04   1.45787E-03  -8.13763E-04   4.76656E-04  -5.23994E-04  -2.16471E-04  -8.67026E-05  -3.29405E-04   1.26191E-04  -1.61075E-04   1.23003E-04   1.95034E-06   4.38714E-05   5.95283E-05  -1.25001E-05   4.23818E-05  -2.50789E-05   9.06570E-06  -1.55942E-05  -7.97953E-06  -4.43319E-06  -9.03236E-06   1.13067E-06  -5.70660E-06   2.78889E-06  -1.66811E-06   1.80950E-06   7.31419E-07   3.07744E-07   1.13011E-06  -4.30625E-07   5.55107E-07  -4.27008E-07  -5.23030E-09  -1.58446E-07  -2.00477E-07   4.02132E-08  -1.35006E-07   9.91060E-08  -1.84553E-08   7.62018E-08   2.38590E-08
 1.24540E+03  -1.45614E-04   1.46934E-03  -8.04965E-04   4.98028E-04  -5.33884E-04  -1.93917E-04  -1.07125E-04  -3.23364E-04   1.12437E-04  -1.70548E-04   1.22151E-04  -1.04242E-05   5.04143E-05   5.35456E-05  -6.46387E-06   4.33940E-05  -2.31369E-05   1.28039E-05  -1.65801E-05  -5.03850E-06  -6.04471E-06  -7.88138E-06  -1.29569E-07  -5.73274E-06   2.28035E-06  -2.24135E-06   1.90119E-06   2.42901E-07   5.91941E-07   9.83580E-07  -2.45467E-07   6.42683E-07  -3.98199E-07   1.24895E-07  -2.09227E-07  -1.33562E-07  -7.62465E-09  -1.37184E-07   8.35448E-08  -5.27621E-08   7.68363E-08  -7.26725E-09
 1.25440E+03  -1.38372E-04   1.48042E-03  -7.95009E-04   5.19652E-04  -5.42771E-04  -1.70401E-04  -1.27398E-04  -3.15828E-04   9.77424E-05  -1.78902E-04   1.19988E-04  -2.27529E-05   5.62053E-05   4.67619E-05  -3.20822E-07   4.35441E-05  -2.06136E-05   1.61893E-05  -1.70214E-05  -1.97015E-06  -7.39068E-06  -6.43704E-06  -1.35916E-06  -5.48369E-06   1.65425E-06  -2.67429E-06   1.86478E-06  -2.48366E-07   8.22448E-07   7.67103E-07  -4.50905E-08   6.71871E-07  -3.30940E-07   2.37780E-07  -2.34557E-07  -5.53664E-08  -5.26927E-08  -1.23252E-07   5.65825E-08  -7.84884E-08   6.55809E-08  -3.54460E-08
 1.26350E+03  -1.30197E-04   1.49104E-03  -7.83872E-04   5.41411E-04  -5.50542E-04  -1.45998E-04  -1.47377E-04  -3.06776E-04   8.22080E-05  -1.86016E-04   1.16502E-04  -3.48779E-05   6.11297E-05   3.92723E-05   5.79913E-06   4.28126E-05  -1.75694E-05   1.91234E-05  -1.68986E-05   1.12241E-06  -8.41461E-06  -4.75816E-06  -2.49695E-06  -4.97195E-06   9.47857E-07  -2.94214E-06   1.70400E-06  -7.08879E-07   9.82111E-07   4.98459E-07   1.52521E-07   6.40883E-07  -2.32910E-07   3.22226E-07  -2.32551E-07   2.49743E-08  -8.97252E-08  -9.51720E-08   2.23272E-08  -9.19802E-08   4.47206E-08  -5.63686E-08
 1.27260E+03  -1.21279E-04   1.50104E-03  -7.71689E-04   5.62952E-04  -5.57033E-04  -1.21075E-04  -1.66702E-04  -2.96331E-04   6.61308E-05  -1.91726E-04   1.11761E-04  -4.65122E-05   6.50490E-05   3.12807E-05   1.16983E-05   4.12234E-05  -1.41233E-05   2.14958E-05  -1.62230E-05   4.10066E-06  -9.06811E-06  -2.93585E-06  -3.47578E-06  -4.23339E-06   2.12042E-07  -3.03007E-06   1.43495E-06  -1.10322E-06   1.05904E-06   2.02990E-07   3.27788E-07   5.54691E-07  -1.16370E-07   3.69820E-07  -2.04919E-07   9.75842E-08  -1.14223E-07  -5.70629E-08  -1.36062E-08  -9.15125E-08   1.83318E-08  -6.69638E-08
 1.28180E+03  -1.11626E-04   1.51049E-03  -7.58354E-04   5.84402E-04  -5.62249E-04  -9.54632E-05  -1.85449E-04  -2.84418E-04   4.94733E-05  -1.96025E-04   1.05764E-04  -5.76328E-05   6.79395E-05   2.28339E-05   1.73135E-05   3.87963E-05  -1.03362E-05   2.32701E-05  -1.50178E-05   6.89591E-06  -9.33730E-06  -1.02937E-06  -4.26004E-06  -3.30205E-06  -5.16532E-07  -2.93824E-06   1.07652E-06  -1.41035E-06   1.05071E-06  -9.83025E-08   4.67475E-07   4.22003E-07   7.06126E-09   3.77678E-07  -1.55875E-07   1.55506E-07  -1.23920E-07  -1.34752E-08  -4.61925E-08  -7.76371E-08  -9.30682E-09  -6.62915E-08
 1.29100E+03  -1.01453E-04   1.51926E-03  -7.44050E-04   6.05429E-04  -5.66083E-04  -6.95557E-05  -2.03282E-04  -2.71223E-04   3.25632E-05  -1.98814E-04   9.86482E-05  -6.79769E-05   6.97238E-05   1.41664E-05   2.24639E-05   3.56146E-05  -6.35732E-06   2.43832E-05  -1.33451E-05   9.38509E-06  -9.21544E-06   8.59552E-07  -4.80623E-06  -2.23908E-06  -1.18706E-06  -2.67786E-06   6.59927E-07  -1.60861E-06   9.60704E-07  -3.78383E-07   5.58750E-07   2.57810E-07   1.23077E-07   3.46662E-07  -9.25643E-08   1.92508E-07  -1.18048E-07   2.96714E-08  -7.03880E-08  -5.30548E-08  -3.34446E-08  -5.51790E-08
 1.30040E+03  -9.06428E-05   1.52754E-03  -7.28507E-04   6.26387E-04  -5.68562E-04  -4.29037E-05  -2.20452E-04  -2.56515E-04   1.51854E-05  -2.00095E-04   9.03337E-05  -7.76219E-05   7.03978E-05   5.23790E-06   2.71418E-05   3.16748E-05  -2.21402E-06   2.48243E-05  -1.12286E-05   1.15341E-05  -8.70738E-06   2.69004E-06  -5.09973E-06  -1.07815E-06  -1.77355E-06  -2.26150E-06   2.06821E-07  -1.69008E-06   7.96041E-07  -6.20919E-07   5.96089E-07   7.46213E-08   2.22062E-07   2.80638E-07  -2.14803E-08   2.06002E-07  -9.75231E-08   6.78792E-08  -8.32104E-08  -2.12762E-08  -5.08108E-08  -3.57422E-08
 1.30970E+03  -7.96490E-05   1.53506E-03  -7.12284E-04   6.46528E-04  -5.69588E-04  -1.64766E-05  -2.36297E-04  -2.40848E-04  -1.94879E-06  -1.99814E-04   8.11942E-05  -8.61413E-05   6.99373E-05  -3.51560E-06   3.11016E-05   2.71955E-05   1.84452E-06   2.45763E-05  -8.81673E-06   1.32076E-05  -7.85944E-06   4.32880E-06  -5.12306E-06   8.28306E-08  -2.22515E-06  -1.73181E-06  -2.36085E-07  -1.65061E-06   5.77606E-07  -8.00507E-07   5.77031E-07  -1.04433E-07   2.91573E-07   1.90170E-07   4.68479E-08   1.95394E-07  -6.60214E-08   9.54212E-08  -8.28321E-08   1.16652E-08  -5.85537E-08  -1.22334E-08
 1.31920E+03  -6.82259E-05   1.54209E-03  -6.94934E-04   6.66430E-04  -5.69191E-04   1.04588E-05  -2.51229E-04  -2.23819E-04  -1.92329E-05  -1.97970E-04   7.10605E-05  -9.37058E-05   6.83477E-05  -1.22245E-05   3.43897E-05   2.21414E-05   5.83184E-06   2.36498E-05  -6.12508E-06   1.44094E-05  -6.69028E-06   5.76124E-06  -4.88339E-06   1.21961E-06  -2.53256E-06  -1.10852E-06  -6.51415E-07  -1.49612E-06   3.18522E-07  -9.10435E-07   5.05111E-07  -2.68220E-07   3.27878E-07   8.33401E-08   1.06848E-07   1.62946E-07  -2.69935E-08   1.10001E-07  -6.98988E-08   4.16446E-08  -5.62917E-08   1.19019E-08
 1.32870E+03  -5.67134E-05   1.54852E-03  -6.76892E-04   6.85611E-04  -5.67369E-04   3.72194E-05  -2.64827E-04  -2.05881E-04  -3.61442E-05  -1.94602E-04   6.02703E-05  -1.00052E-04   6.56864E-05  -2.05558E-05   3.68630E-05   1.67311E-05   9.55041E-06   2.20923E-05  -3.30700E-06   1.50754E-05  -5.27826E-06   6.89809E-06  -4.40193E-06   2.24982E-06  -2.67325E-06  -4.44358E-07  -1.00181E-06  -1.24327E-06   4.61764E-08  -9.41163E-07   3.90009E-07  -3.98493E-07   3.27680E-07  -2.58266E-08   1.50844E-07   1.13904E-07   1.36098E-08   1.09722E-07  -4.70636E-08   6.35582E-08  -4.49936E-08   3.21991E-08
 1.33830E+03  -4.50860E-05   1.55447E-03  -6.58055E-04   7.04231E-04  -5.64132E-04   6.39776E-05  -2.77163E-04  -1.86963E-04  -5.27106E-05  -1.89722E-04   4.88570E-05  -1.05182E-04   6.19880E-05  -2.84589E-05   3.85055E-05   1.10361E-05   1.29370E-05   1.99453E-05  -4.36965E-07   1.52022E-05  -3.67738E-06   7.70996E-06  -3.70672E-06   3.13323E-06  -2.64588E-06   2.24889E-07  -1.26823E-06  -9.11391E-07  -2.19174E-07  -8.93697E-07   2.43430E-07  -4.85737E-07   2.92994E-07  -1.26697E-07   1.75129E-07   5.43482E-08   5.08415E-08   9.51678E-08  -1.81429E-08   7.46252E-08  -2.70699E-08   4.57661E-08
 1.34800E+03  -3.34304E-05   1.56001E-03  -6.38503E-04   7.22256E-04  -5.59497E-04   9.06274E-05  -2.88160E-04  -1.67178E-04  -6.87816E-05  -1.83368E-04   3.69663E-05  -1.09027E-04   5.73182E-05  -3.57981E-05   3.92828E-05   5.18622E-06   1.58954E-05   1.72751E-05   2.38144E-06   1.47915E-05  -1.96078E-06   8.16606E-06  -2.83845E-06   3.82564E-06  -2.45581E-06   8.57356E-07  -1.43348E-06  -5.26459E-07  -4.55595E-07  -7.74126E-07   8.04062E-08  -5.23010E-07   2.28956E-07  -2.08839E-07   1.77710E-07  -8.38614E-09   7.98441E-08   6.85950E-08   1.20976E-08   7.35211E-08  -5.90891E-09   5.07289E-08
 1.35770E+03  -2.19408E-05   1.56515E-03  -6.18527E-04   7.39492E-04  -5.53565E-04   1.16804E-04  -2.97664E-04  -1.46854E-04  -8.40613E-05  -1.75683E-04   2.48757E-05  -1.11523E-04   5.18222E-05  -4.23854E-05   3.91875E-05  -6.25566E-07   1.83209E-05   1.41979E-05   5.02112E-06   1.38772E-05  -2.24130E-07   8.25310E-06  -1.85747E-06   4.29024E-06  -2.12289E-06   1.40892E-06  -1.48816E-06  -1.22151E-07  -6.42372E-07  -5.96687E-07  -8.11542E-08  -5.08839E-07   1.44656E-07  -2.63801E-07   1.59468E-07  -6.62728E-08   9.68038E-08   3.42564E-08   3.85701E-08   6.10922E-08   1.45195E-08   4.68511E-08
 1.36750E+03  -1.05589E-05   1.57005E-03  -5.98006E-04   7.56124E-04  -5.46332E-04   1.42699E-04  -3.05751E-04  -1.25907E-04  -9.85894E-05  -1.66679E-04   1.26150E-05  -1.12691E-04   4.55539E-05  -4.81920E-05   3.82397E-05  -6.32940E-06   2.01815E-05   1.07811E-05   7.41981E-06   1.24973E-05   1.47334E-06   7.98016E-06  -8.09862E-07   4.51515E-06  -1.67010E-06   1.85381E-06  -1.43344E-06   2.75434E-07  -7.67926E-07  -3.77055E-07  -2.27453E-07  -4.47029E-07   4.94225E-08  -2.87830E-07   1.23491E-07  -1.13405E-07   1.00085E-07  -3.25648E-09   5.75737E-08   3.98158E-08   3.10315E-08   3.54129E-08
 1.37740E+03   6.66443E-07   1.57481E-03  -5.77017E-04   7.72164E-04  -5.37848E-04   1.68238E-04  -3.12388E-04  -1.04452E-04  -1.12248E-04  -1.56437E-04   3.35179E-07  -1.12523E-04   3.86239E-05  -5.31256E-05   3.64675E-05  -1.17986E-05   2.14299E-05   7.12711E-06   9.49538E-06   1.07083E-05   3.05771E-06   7.36591E-06   2.47187E-07   4.49354E-06  -1.12886E-06   2.16674E-06  -1.27634E-06   6.37441E-07  -8.23567E-07  -1.35071E-07  -3.44972E-07  -3.45295E-07  -4.60679E-08  -2.79699E-07   7.47094E-08  -1.44669E-07   8.96012E-08  -3.87429E-08   6.64200E-08   1.34612E-08   4.10741E-08   1.88233E-08
 1.38740E+03   1.17029E-05   1.57953E-03  -5.55628E-04   7.87640E-04  -5.28164E-04   1.93360E-04  -3.17555E-04  -8.26019E-05  -1.24930E-04  -1.45049E-04  -1.18152E-05  -1.11031E-04   3.11537E-05  -5.71105E-05   3.39180E-05  -1.69132E-05   2.20375E-05   3.34444E-06   1.11785E-05   8.58137E-06   4.46108E-06   6.44419E-06   1.25682E-06   4.23210E-06  -5.35687E-07   2.33132E-06  -1.03138E-06   9.38206E-07  -8.06816E-07   1.07941E-07  -4.23415E-07  -2.15036E-07  -1.31503E-07  -2.41702E-07   1.94261E-08  -1.56966E-07   6.71869E-08  -6.73460E-08   6.41594E-08  -1.35092E-08   4.33402E-08   2.48781E-10
 1.39740E+03   2.24303E-05   1.58430E-03  -5.34112E-04   8.02446E-04  -5.17448E-04   2.17776E-04  -3.21216E-04  -6.06845E-05  -1.36435E-04  -1.32742E-04  -2.35773E-05  -1.08276E-04   2.33515E-05  -6.00643E-05   3.06912E-05  -2.15192E-05   2.19986E-05  -4.18535E-07   1.24055E-05   6.22322E-06   5.61458E-06   5.27491E-06   2.15736E-06   3.75618E-06   6.43320E-08   2.34160E-06  -7.22667E-07   1.15546E-06  -7.22671E-07   3.29040E-07  -4.56558E-07  -7.15502E-08  -1.97502E-07  -1.79990E-07  -3.49339E-08  -1.49710E-07   3.66693E-08  -8.51340E-08   5.18578E-08  -3.65003E-08   3.80277E-08  -1.68194E-08
 1.40750E+03   3.29655E-05   1.58926E-03  -5.12303E-04   8.16793E-04  -5.05660E-04   2.41707E-04  -3.23433E-04  -3.85801E-05  -1.46816E-04  -1.19508E-04  -3.49411E-05  -1.04292E-04   1.52745E-05  -6.19926E-05   2.68425E-05  -2.55738E-05   2.13318E-05  -4.09219E-06   1.31589E-05   3.70189E-06   6.48742E-06   3.90656E-06   2.91361E-06   3.09454E-06   6.38836E-07   2.20329E-06  -3.72755E-07   1.27893E-06  -5.80703E-07   5.12576E-07  -4.43925E-07   7.19451E-08  -2.38689E-07  -1.01975E-07  -8.24143E-08  -1.24699E-07   2.38629E-09  -9.02626E-08   3.20087E-08  -5.22807E-08   2.65919E-08  -2.97269E-08
 1.41760E+03   4.32331E-05   1.59451E-03  -4.90448E-04   8.30607E-04  -4.92981E-04   2.64905E-04  -3.24212E-04  -1.65964E-05  -1.55924E-04  -1.05591E-04  -4.56788E-05  -9.91878E-05   7.13543E-06  -6.28693E-05   2.25070E-05  -2.89639E-05   2.00792E-05  -7.54048E-06   1.34199E-05   1.13513E-06   7.04285E-06   2.41844E-06   3.48368E-06   2.29529E-06   1.14742E-06   1.93229E-06  -1.23267E-08   1.30246E-06  -3.96980E-07   6.43114E-07  -3.89267E-07   2.00353E-07  -2.51661E-07  -1.76251E-08  -1.17236E-07  -8.60388E-08  -3.03908E-08  -8.25332E-08   8.44293E-09  -5.86441E-08   1.15648E-08  -3.64797E-08
 1.42790E+03   5.34820E-05   1.60025E-03  -4.68130E-04   8.44230E-04  -4.79200E-04   2.87818E-04  -3.23583E-04   5.61994E-06  -1.63882E-04  -9.08181E-05  -5.58873E-05  -9.29280E-05  -1.09582E-06  -6.27058E-05   1.76981E-05  -3.16883E-05   1.82593E-05  -1.07357E-05   1.31922E-05  -1.43501E-06   7.27328E-06   8.49652E-07   3.85212E-06   1.38902E-06   1.56912E-06   1.54410E-06   3.38358E-07   1.22769E-06  -1.85203E-07   7.13708E-07  -2.98511E-07   3.04168E-07  -2.36401E-07   6.52028E-08  -1.36231E-07  -3.82130E-08  -5.76386E-08  -6.33150E-08  -1.52464E-08  -5.51534E-08  -4.47992E-09  -3.64266E-08
 1.43820E+03   6.35791E-05   1.60650E-03  -4.45779E-04   8.57468E-04  -4.64619E-04   3.10000E-04  -3.21572E-04   2.75647E-05  -1.70491E-04  -7.55783E-05  -6.52630E-05  -8.57063E-05  -9.13159E-06  -6.15144E-05   1.26151E-05  -3.36418E-05   1.59645E-05  -1.35299E-05   1.24957E-05  -3.86883E-06   7.17022E-06  -6.99760E-07   3.99660E-06   4.43610E-07   1.87142E-06   1.07359E-06   6.46987E-07   1.06438E-06   3.16320E-08   7.18996E-07  -1.83517E-07   3.72321E-07  -1.95958E-07   1.36041E-07  -1.37249E-07   1.17180E-08  -7.51384E-08  -3.60831E-08  -3.47776E-08  -4.29489E-08  -1.84042E-08  -3.00194E-08
 1.44860E+03   7.37113E-05   1.61342E-03  -4.23157E-04   8.70528E-04  -4.49131E-04   3.31684E-04  -3.18194E-04   4.93899E-05  -1.75796E-04  -5.98294E-05  -7.38126E-05  -7.75463E-05  -1.69287E-05  -5.93219E-05   7.32335E-06  -3.48178E-05   1.32489E-05  -1.58812E-05   1.13617E-05  -6.10735E-06   6.74778E-06  -2.17691E-06   3.91851E-06  -4.97679E-07   2.04242E-06   5.49544E-07   8.95168E-07   8.26934E-07   2.36634E-07   6.61615E-07  -5.56891E-08   4.00596E-07  -1.35688E-07   1.88396E-07  -1.21010E-07   5.79110E-08  -8.09780E-08  -4.90344E-09  -4.74034E-08  -2.44933E-08  -2.80590E-08  -1.88188E-08
 1.45900E+03   8.38865E-05   1.62103E-03  -4.00443E-04   8.83358E-04  -4.32903E-04   3.52680E-04  -3.13511E-04   7.08326E-05  -1.79733E-04  -4.38232E-05  -8.13804E-05  -6.86227E-05  -2.42993E-05  -5.61989E-05   1.98802E-06  -3.51953E-05   1.02229E-05  -1.77123E-05   9.85209E-06  -8.05653E-06   6.03788E-06  -3.50576E-06   3.63015E-06  -1.37604E-06   2.07454E-06   1.20428E-08   1.06468E-06   5.38183E-07   4.10937E-07   5.49830E-07   7.07755E-08   3.87945E-07  -6.36975E-08   2.16989E-07  -9.04543E-08   9.43816E-08  -7.48128E-08   2.52615E-08  -5.14121E-08  -3.36544E-09  -3.20066E-08  -5.24428E-09
 1.46960E+03   9.44257E-05   1.62956E-03  -3.77140E-04   8.96268E-04  -4.15621E-04   3.73404E-04  -3.07439E-04   9.22515E-05  -1.82348E-04  -2.73465E-05  -8.80321E-05  -5.88537E-05  -3.12717E-05  -5.21337E-05  -3.37888E-06  -3.47758E-05   6.91626E-06  -1.90102E-05   7.99617E-06  -9.68710E-06   5.06287E-06  -4.65448E-06   3.14560E-06  -2.16135E-06   1.96937E-06  -5.13898E-07   1.14790E-06   2.15935E-07   5.43518E-07   3.92974E-07   1.85733E-07   3.36781E-07   1.28981E-08   2.19963E-07  -4.93525E-08   1.17452E-07  -5.78529E-08   5.05438E-08  -4.66681E-08   1.71640E-08  -2.99793E-08   8.38018E-09
 1.48020E+03   1.05271E-04   1.63893E-03  -3.53612E-04   9.09069E-04  -3.97591E-04   3.93474E-04  -3.00093E-04   1.13191E-04  -1.83566E-04  -1.08029E-05  -9.35698E-05  -4.85175E-05  -3.76075E-05  -4.72618E-05  -8.56289E-06  -3.35763E-05   3.48476E-06  -1.97165E-05   5.89731E-06  -1.09137E-05   3.88733E-06  -5.55314E-06   2.50327E-06  -2.79804E-06   1.73843E-06  -9.84904E-07   1.13918E-06  -1.08779E-07   6.21647E-07   2.08836E-07   2.76111E-07   2.54320E-07   8.40095E-08   1.97754E-07  -4.00426E-09   1.24157E-07  -3.32771E-08   6.69299E-08  -3.45048E-08   3.33660E-08  -2.27482E-08   1.93949E-08
 1.49090E+03   1.16677E-04   1.64926E-03  -3.29544E-04   9.21926E-04  -3.78621E-04   4.13092E-04  -2.91413E-04   1.33805E-04  -1.83392E-04   5.87018E-06  -9.79950E-05  -3.76227E-05  -4.32750E-05  -4.16179E-05  -1.35044E-05  -3.16202E-05  -4.83872E-09  -1.98276E-05   3.61599E-06  -1.17122E-05   2.55783E-06  -6.17600E-06   1.73692E-06  -3.26135E-06   1.39877E-06  -1.37639E-06   1.04246E-06  -4.14094E-07   6.41398E-07   1.30165E-08   3.34769E-07   1.49421E-07   1.42466E-07   1.53778E-07   3.99456E-08   1.14381E-07  -4.90276E-09   7.25491E-08  -1.73401E-08   4.29605E-08  -1.19387E-08   2.61154E-08
 1.50160E+03   1.28699E-04   1.66048E-03  -3.05058E-04   9.34744E-04  -3.58853E-04   4.32079E-04  -2.81485E-04   1.53852E-04  -1.81821E-04   2.24239E-05  -1.01223E-04  -2.63792E-05  -4.81390E-05  -3.53430E-05  -1.80550E-05  -2.89734E-05  -3.42167E-06  -1.93470E-05   1.25755E-06  -1.20546E-05   1.14910E-06  -6.49572E-06   8.98563E-07  -3.52631E-06   9.78807E-07  -1.66181E-06   8.69009E-07  -6.74771E-07   6.03120E-07  -1.75160E-07   3.56648E-07   3.43958E-08   1.81661E-07   9.43017E-08   7.64747E-08   9.01523E-08   2.26153E-08   6.70335E-08   1.49404E-09   4.47013E-08   1.60572E-10   2.75991E-08
 1.51250E+03   1.41739E-04   1.67281E-03  -2.79575E-04   9.47769E-04  -3.37862E-04   4.50772E-04  -2.70101E-04   1.73649E-04  -1.78800E-04   3.90696E-05  -1.03259E-04  -1.46856E-05  -5.22040E-05  -2.84095E-05  -2.21972E-05  -2.56386E-05  -6.73038E-06  -1.82779E-05  -1.13533E-06  -1.19354E-05  -2.99962E-07  -6.50543E-06   2.04753E-08  -3.58510E-06   5.00049E-07  -1.82902E-06   6.30656E-07  -8.76160E-07   5.10908E-07  -3.42424E-07   3.40867E-07  -8.08138E-08   1.98255E-07   2.55836E-08   1.01579E-07   5.46553E-08   4.56000E-08   5.15200E-08   1.90370E-08   3.87375E-08   1.14701E-08   2.39164E-08
 1.52340E+03   1.55745E-04   1.68600E-03  -2.53430E-04   9.60748E-04  -3.15964E-04   4.68795E-04  -2.57444E-04   1.92760E-04  -1.74359E-04   5.53981E-05  -1.04016E-04  -2.87122E-06  -5.53173E-05  -2.10436E-05  -2.57589E-05  -2.17424E-05  -9.77382E-06  -1.66672E-05  -3.43136E-06  -1.13607E-05  -1.69655E-06  -6.20570E-06  -8.31943E-07  -3.43510E-06   3.76046E-09  -1.86541E-06   3.51332E-07  -1.00003E-06   3.75816E-07  -4.71248E-07   2.90218E-07  -1.82367E-07   1.90585E-07  -4.29222E-08   1.11772E-07   1.35488E-08   6.03083E-08   2.89973E-08   3.20780E-08   2.65874E-08   1.97771E-08   1.61084E-08
 1.53440E+03   1.71022E-04   1.70012E-03  -2.26256E-04   9.73762E-04  -2.92899E-04   4.86272E-04  -2.43385E-04   2.11290E-04  -1.68453E-04   7.14524E-05  -1.03478E-04   9.04823E-06  -5.74515E-05  -1.32932E-05  -2.86930E-05  -1.73357E-05  -1.24914E-05  -1.45505E-05  -5.56684E-06  -1.03515E-05  -2.98910E-06  -5.61243E-06  -1.61839E-06  -3.08768E-06  -4.80523E-07  -1.77208E-06   5.17755E-08  -1.03995E-06   2.10336E-07  -5.52312E-07   2.10752E-07  -2.61087E-07   1.60382E-07  -1.03709E-07   1.06349E-07  -2.77384E-08   6.49997E-08   3.08739E-09   3.87824E-08   1.06343E-08   2.38276E-08   5.84625E-09
 1.54550E+03   1.87760E-04   1.71510E-03  -1.97910E-04   9.86745E-04  -2.68590E-04   5.03131E-04  -2.27892E-04   2.29143E-04  -1.61065E-04   8.71111E-05  -1.01609E-04   2.09412E-05  -5.85479E-05  -5.27837E-06  -3.09210E-05  -1.25111E-05  -1.47975E-05  -1.19859E-05  -7.45965E-06  -8.94364E-06  -4.11631E-06  -4.75356E-06  -2.29368E-06  -2.56383E-06  -9.19675E-07  -1.55667E-06  -2.43748E-07  -9.93882E-07   3.02762E-08  -5.78972E-07   1.11442E-07  -3.09130E-07   1.11788E-07  -1.49637E-07   8.64611E-08  -6.35293E-08   5.93025E-08  -2.20435E-08   3.83186E-08  -6.15853E-09   2.31082E-08  -4.80934E-09
 1.55660E+03   2.05976E-04   1.73071E-03  -1.68523E-04   9.99494E-04  -2.43194E-04   5.19139E-04  -2.11095E-04   2.46059E-04  -1.52266E-04   1.02109E-04  -9.84220E-05   3.25633E-05  -5.85645E-05   2.79689E-06  -3.23666E-05  -7.42103E-06  -1.66013E-05  -9.07395E-06  -9.02191E-06  -7.20562E-06  -5.01634E-06  -3.68040E-06  -2.81446E-06  -1.90138E-06  -1.28055E-06  -1.23842E-06  -5.09028E-07  -8.68083E-07  -1.45708E-07  -5.50096E-07   4.29565E-09  -3.21970E-07   5.17183E-08  -1.75273E-07   5.55749E-08  -8.88019E-08   4.46611E-08  -4.22986E-08   3.12317E-08  -2.06887E-08   1.80876E-08  -1.37478E-08
 1.56790E+03   2.26180E-04   1.74710E-03  -1.37431E-04   1.01212E-03  -2.16183E-04   5.34467E-04  -1.92670E-04   2.62215E-04  -1.41895E-04   1.16573E-04  -9.38469E-05   4.39730E-05  -5.74697E-05   1.09372E-05  -3.30036E-05  -2.09108E-06  -1.78705E-05  -5.84895E-06  -1.02164E-05  -5.17198E-06  -5.65991E-06  -2.42571E-06  -3.15894E-06  -1.12840E-06  -1.54439E-06  -8.34933E-07  -7.27105E-07  -6.71590E-07  -3.03977E-07  -4.68738E-07  -1.00730E-07  -2.99056E-07  -1.31620E-08  -1.78302E-07   1.78143E-08  -1.00691E-07   2.34960E-08  -5.49645E-08   1.90032E-08  -3.07448E-08   9.88565E-09  -1.95005E-08
 1.57920E+03   2.48182E-04   1.76383E-03  -1.05062E-04   1.02425E-03  -1.87975E-04   5.48706E-04  -1.72930E-04   2.77180E-04  -1.30145E-04   1.30091E-04  -8.79691E-05   5.48097E-05  -5.52680E-05   1.88495E-05  -3.27849E-05   3.25759E-06  -1.85321E-05  -2.46598E-06  -1.09697E-05  -2.95681E-06  -6.00216E-06  -1.07278E-06  -3.30021E-06  -3.05024E-07  -1.68820E-06  -3.82443E-07  -8.76490E-07  -4.24792E-07  -4.26867E-07  -3.44785E-07  -1.90358E-07  -2.43889E-07  -7.35490E-08  -1.58754E-07  -2.06455E-08  -9.76596E-08  -2.10432E-10  -5.80855E-08   4.26966E-09  -3.46123E-08   3.88862E-10  -2.10438E-08
 1.59060E+03   2.72308E-04   1.78086E-03  -7.10364E-05   1.03584E-03  -1.58290E-04   5.61835E-04  -1.51723E-04   2.90941E-04  -1.16956E-04   1.42629E-04  -8.07764E-05   6.50102E-05  -5.19591E-05   2.64508E-05  -3.17035E-05   8.53677E-06  -1.85668E-05   9.94625E-07  -1.12577E-05  -6.31552E-07  -6.03049E-06   3.21011E-07  -3.23315E-06   5.24671E-07  -1.70475E-06   8.92327E-08  -9.47260E-07  -1.47526E-07  -5.04329E-07  -1.90338E-07  -2.55801E-07  -1.63084E-07  -1.22439E-07  -1.19689E-07  -5.45652E-08  -8.07048E-08  -2.26881E-08  -5.16624E-08  -1.02862E-08  -3.20298E-08  -8.54357E-09  -1.83724E-08
 1.60210E+03   2.98695E-04   1.79802E-03  -3.52655E-05   1.04669E-03  -1.27101E-04   5.73672E-04  -1.29072E-04   3.03323E-04  -1.02375E-04   1.54012E-04  -7.23129E-05   7.44019E-05  -4.75699E-05   3.35797E-05  -2.97643E-05   1.36053E-05  -1.79607E-05   4.41718E-06  -1.10617E-05   1.70736E-06  -5.74078E-06   1.68363E-06  -2.96145E-06   1.30857E-06  -1.59316E-06   5.45056E-07  -9.33886E-07   1.36070E-07  -5.29203E-07  -2.10831E-08  -2.90021E-07  -6.62078E-08  -1.53767E-07  -6.65420E-08  -7.91217E-08  -5.26801E-08  -4.03038E-08  -3.71161E-08  -2.20366E-08  -2.38067E-08  -1.51813E-08  -1.22443E-08
 1.61370E+03   3.27459E-04   1.81505E-03   2.31767E-06   1.05657E-03  -9.44034E-05   5.84018E-04  -1.05023E-04   3.14135E-04  -8.64706E-05   1.64055E-04  -6.26479E-05   8.28083E-05  -4.21523E-05   4.00726E-05  -2.69962E-05   1.83189E-05  -1.67213E-05   7.68153E-06  -1.03828E-05   3.95900E-06  -5.14556E-06   2.94236E-06  -2.50191E-06   1.99620E-06  -1.36214E-06   9.50560E-07  -8.38123E-07   4.01017E-07  -4.99571E-07   1.45695E-07  -2.89561E-07   3.53034E-08  -1.63796E-07  -6.56913E-09  -9.09458E-08  -1.80455E-08  -5.03297E-08  -1.71816E-08  -2.89772E-08  -1.17545E-08  -1.83233E-08  -4.07521E-09
 1.62530E+03   3.58414E-04   1.83160E-03   4.14089E-05   1.06520E-03  -6.05202E-05   5.92589E-04  -7.98725E-05   3.23112E-04  -6.94931E-05   1.72507E-04  -5.19738E-05   8.99973E-05  -3.58428E-05   4.57230E-05  -2.34868E-05   2.25015E-05  -1.48975E-05   1.06433E-05  -9.25544E-06   6.00566E-06  -4.28284E-06   4.01944E-06  -1.88988E-06   2.53823E-06  -1.03298E-06   1.27220E-06  -6.70823E-07   6.22038E-07  -4.19986E-07   2.91723E-07  -2.55464E-07   1.28717E-07  -1.51845E-07   5.16278E-08  -8.87152E-08   1.75135E-08  -5.14229E-08   4.39248E-09  -3.00984E-08   1.56744E-09  -1.75489E-08   4.29696E-09
 1.63710E+03   3.92157E-04   1.84768E-03   8.26908E-05   1.07245E-03  -2.49226E-05   5.99309E-04  -5.32920E-05   3.30206E-04  -5.12772E-05   1.79330E-04  -4.02319E-05   9.59230E-05  -2.86389E-05   5.04743E-05  -1.92560E-05   2.60894E-05  -1.25124E-05   1.32382E-05  -7.70450E-06   7.78657E-06  -3.18323E-06   4.87177E-06  -1.15531E-06   2.90717E-06  -6.26150E-07   1.49030E-06  -4.44901E-07   7.83018E-07  -2.98021E-07   4.04414E-07  -1.91781E-07   2.04592E-07  -1.19819E-07   1.01202E-07  -7.31582E-08   4.91556E-08  -4.37910E-08   2.42315E-08  -2.55317E-08   1.38056E-08  -1.32233E-08   1.12767E-08
 1.64890E+03   4.28150E-04   1.86274E-03   1.25439E-04   1.07795E-03   1.16964E-05   6.03834E-04  -2.58694E-05   3.35097E-04  -3.22895E-05   1.84232E-04  -2.77747E-05   1.00327E-04  -2.07958E-05   5.41051E-05  -1.44807E-05   2.88986E-05  -9.68366E-06   1.53174E-05  -5.82106E-06   9.18576E-06  -1.92472E-06   5.43514E-06  -3.59583E-07   3.07145E-06  -1.80796E-07   1.58421E-06  -1.85226E-07   8.66960E-07  -1.49015E-07   4.70462E-07  -1.07680E-07   2.52910E-07  -7.30339E-08   1.34844E-07  -4.73061E-08   7.16873E-08  -2.92238E-08   3.87336E-08  -1.65261E-08   2.25359E-08  -6.50330E-09   1.53981E-08
 1.66080E+03   4.66668E-04   1.87666E-03   1.69937E-04   1.08151E-03   4.95087E-05   6.05998E-04   2.44523E-06   3.37662E-04  -1.25685E-05   1.87115E-04  -1.46885E-05   1.03126E-04  -1.24148E-05   5.65380E-05  -9.25694E-06   3.08569E-05  -6.49182E-06   1.68151E-05  -3.67699E-06   1.01488E-05  -5.69365E-07   5.68319E-06   4.48713E-07   3.02320E-06   2.70316E-07   1.54904E-06   8.54562E-08   8.68281E-07   1.16575E-08   4.84521E-07  -1.33043E-08   2.69029E-07  -1.80617E-08   1.48794E-07  -1.53855E-08   8.22318E-08  -1.04897E-08   4.58313E-08  -5.02513E-09   2.64171E-08   1.09909E-09   1.60314E-08
 1.67280E+03   5.07681E-04   1.88915E-03   2.16087E-04   1.08284E-03   8.83510E-05   6.05578E-04   3.14451E-05   3.37722E-04   7.66445E-06   1.87836E-04  -1.18392E-06   1.04202E-04  -3.68031E-06   5.76742E-05  -3.73595E-06   3.18811E-05  -3.05495E-06   1.76614E-05  -1.37174E-06   1.06234E-05   8.04422E-07   5.59893E-06   1.21307E-06   2.76542E-06   6.90188E-07   1.38812E-06   3.41402E-07   7.87568E-07   1.66410E-07   4.45774E-07   7.95290E-08   2.51579E-07   3.72612E-08   1.41617E-07   1.74392E-08   7.95581E-08   8.98537E-09   4.46381E-08   6.62606E-09   2.49956E-08   7.93111E-09   1.32465E-08
 1.68490E+03   5.51120E-04   1.89992E-03   2.63752E-04   1.08170E-03   1.28022E-04   6.02361E-04   6.08884E-05   3.35116E-04   2.81579E-05   1.86277E-04   1.25026E-05   1.03465E-04   5.20168E-06   5.74443E-05   1.91266E-06   3.19152E-05   4.93388E-07   1.78101E-05   9.83504E-07   1.05802E-05   2.11486E-06   5.18515E-06   1.87901E-06   2.31633E-06   1.04394E-06   1.11549E-06   5.58095E-07   6.33397E-07   2.98281E-07   3.59275E-07   1.59254E-07   2.03421E-07   8.51468E-08   1.14888E-07   4.59779E-08   6.45546E-08   2.57689E-08   3.57548E-08   1.61697E-08   1.88695E-08   1.25812E-08   7.84149E-09
 1.69700E+03   5.96499E-04   1.90863E-03   3.12354E-04   1.07786E-03   1.67952E-04   5.96215E-04   9.02584E-05   3.29767E-04   4.84668E-05   1.82392E-04   2.60031E-05   1.00890E-04   1.39374E-05   5.58323E-05   7.46130E-06   3.09476E-05   3.98108E-06   1.72510E-05   3.25309E-06   1.00224E-05   3.27321E-06   4.47223E-06   2.39473E-06   1.71414E-06   1.30029E-06   7.58173E-07   7.13761E-07   4.23582E-07   3.92299E-07   2.36596E-07   2.15704E-07   1.31984E-07   1.18781E-07   7.33535E-08   6.57362E-08   4.02875E-08   3.69722E-08   2.12578E-08   2.18505E-08   9.61227E-09   1.41789E-08   1.20015E-09
 1.70930E+03   6.44432E-04   1.91514E-03   3.62483E-04   1.07103E-03   2.08528E-04   5.86869E-04   1.19738E-04   3.21484E-04   6.86274E-05   1.76070E-04   3.92687E-05   9.64194E-05   2.24395E-05   5.28151E-05   1.28137E-05   2.89734E-05   7.31866E-06   1.59878E-05   5.35764E-06   8.96455E-06   4.22622E-06   3.49139E-06   2.73093E-06   9.93737E-07   1.44205E-06   3.41779E-07   7.96217E-07   1.76258E-07   4.39982E-07   9.03026E-08   2.43078E-07   4.58234E-08   1.34277E-07   2.27693E-08   7.41918E-08   1.06194E-08   4.10618E-08   3.77641E-09   2.28893E-08  -8.98688E-10   1.25917E-08  -5.25234E-09
 1.72160E+03   6.93969E-04   1.91910E-03   4.13081E-04   1.06110E-03   2.48788E-04   5.74336E-04   1.48523E-04   3.10339E-04   8.79988E-05   1.67406E-04   5.18057E-05   9.01549E-05   3.03373E-05   4.84863E-05   1.76973E-05   2.60726E-05   1.03090E-05   1.40849E-05   7.15368E-06   7.47417E-06   4.89885E-06   2.31871E-06   2.85802E-06   2.20364E-07   1.45574E-06  -9.05770E-08   7.96961E-07  -7.95358E-08   4.36040E-07  -6.02578E-08   2.38141E-07  -4.23046E-08   1.29721E-07  -2.85256E-08   7.03052E-08  -1.90335E-08   3.76179E-08  -1.31773E-08   1.93741E-08  -1.03654E-08   8.39420E-09  -1.00241E-08
 1.73410E+03   7.45711E-04   1.92032E-03   4.64690E-04   1.04772E-03   2.89053E-04   5.58309E-04   1.76735E-04   2.96133E-04   1.06570E-04   1.56303E-04   6.35356E-05   8.20704E-05   3.75293E-05   4.28637E-05   2.20128E-05   2.22842E-05   1.28664E-05   1.15876E-05   8.57334E-06   5.60385E-06   5.25876E-06   1.01033E-06   2.76953E-06  -5.59188E-07   1.34174E-06  -5.07213E-07   7.17217E-07  -3.21575E-07   3.81943E-07  -1.99834E-07   2.02309E-07  -1.22137E-07   1.06366E-07  -7.37508E-08   5.51579E-08  -4.42782E-08   2.76106E-08  -2.68293E-08   1.22655E-08  -1.71119E-08   2.63445E-09  -1.22337E-08
 1.74660E+03   7.98598E-04   1.91856E-03   5.16176E-04   1.03094E-03   3.28326E-04   5.38982E-04   2.03564E-04   2.79119E-04   1.23720E-04   1.43028E-04   7.39987E-05   7.24177E-05   4.36863E-05   3.61670E-05   2.55309E-05   1.77898E-05   1.48343E-05   8.63985E-06   9.51719E-06   3.48147E-06   5.27764E-06  -3.28852E-07   2.47518E-06  -1.27316E-06   1.11359E-06  -8.64763E-07   5.67782E-07  -5.21575E-07   2.85944E-07  -3.10251E-07   1.41694E-07  -1.82177E-07   6.86364E-08  -1.05767E-07   3.19236E-08  -6.07977E-08   1.33457E-08  -3.46994E-08   3.33350E-09  -1.98877E-08  -3.21193E-09  -1.15317E-08
 1.75920E+03   8.52777E-04   1.91365E-03   5.67621E-04   1.01056E-03   3.66564E-04   5.16226E-04   2.28882E-04   2.59276E-04   1.39286E-04   1.27641E-04   8.30393E-05   6.13070E-05   4.86788E-05   2.85247E-05   2.81538E-05   1.27148E-05   1.61440E-05   5.35203E-06   9.94676E-06   1.20764E-06   4.95968E-06  -1.62164E-06   1.99980E-06  -1.87329E-06   7.93063E-07  -1.13533E-06   3.65135E-07  -6.61652E-07   1.60120E-07  -3.80366E-07   6.49008E-08  -2.15696E-07   2.25236E-08  -1.20668E-07   4.69568E-09  -6.64684E-08  -2.41381E-09  -3.58037E-08  -5.54722E-09  -1.84858E-08  -7.86367E-09  -8.30812E-09
 1.77190E+03   9.07966E-04   1.90543E-03   6.18675E-04   9.86491E-04   4.03387E-04   4.90069E-04   2.52332E-04   2.36731E-04   1.52969E-04   1.10335E-04   9.04284E-05   4.89516E-05   5.23464E-05   2.01421E-05   2.97778E-05   7.23892E-06   1.67337E-05   1.87149E-06   9.83908E-06  -1.09282E-06   4.32787E-06  -2.78294E-06   1.38270E-06  -2.31390E-06   4.10921E-07  -1.29568E-06   1.31640E-07  -7.28400E-07   2.02425E-08  -4.02864E-07  -1.72529E-08  -2.19007E-07  -2.47464E-08  -1.16841E-07  -2.18286E-08  -6.08290E-08  -1.67106E-08  -3.03233E-08  -1.25937E-08  -1.34961E-08  -1.03519E-08  -3.47833E-09
 1.78470E+03   9.63857E-04   1.89376E-03   6.68970E-04   9.58690E-04   4.38414E-04   4.60596E-04   2.73568E-04   2.11669E-04   1.64493E-04   9.13493E-05   9.59709E-05   3.56049E-05   5.45664E-05   1.12545E-05   3.03366E-05   1.56222E-06   1.65757E-05  -1.64236E-06   9.20210E-06  -3.29196E-06   3.42706E-06  -3.73613E-06   6.74802E-07  -2.56226E-06   3.59826E-09  -1.33310E-06  -1.07226E-07  -7.16455E-07  -1.16429E-07  -3.76359E-07  -9.34300E-08  -1.92642E-07  -6.59612E-08  -9.55783E-08  -4.32361E-08  -4.53383E-08  -2.70029E-08  -1.96439E-08  -1.65180E-08  -6.20013E-09  -1.02696E-08   1.73029E-09
 1.79760E+03   1.02013E-03   1.87855E-03   7.18131E-04   9.27166E-04   4.71268E-04   4.27938E-04   2.92265E-04   1.84323E-04   1.73616E-04   7.09685E-05   9.95136E-05   2.15550E-05   5.52604E-05   2.12024E-06   2.98056E-05  -4.10293E-06   1.56783E-05  -5.02609E-06   8.07497E-06  -5.26653E-06   2.32120E-06  -4.41883E-06  -6.56204E-08  -2.60155E-06  -3.90337E-07  -1.24668E-06  -3.25708E-07  -6.29111E-07  -2.33325E-07  -3.05553E-07  -1.53373E-07  -1.41246E-07  -9.50450E-08  -6.08259E-08  -5.61443E-08  -2.30753E-08  -3.16209E-08  -6.04566E-09  -1.67629E-08   1.73835E-09  -7.83552E-09   6.08448E-09
 1.81060E+03   1.07645E-03   1.85972E-03   7.65780E-04   8.91970E-04   5.01582E-04   3.92280E-04   3.08127E-04   1.54975E-04   1.80139E-04   4.95174E-05   1.00951E-04   7.11697E-06   5.43985E-05  -6.98842E-06   2.82044E-05  -9.54118E-06   1.40870E-05  -8.12096E-06   6.52630E-06  -6.90598E-06   1.08881E-06  -4.78783E-06  -7.77858E-07  -2.43250E-06  -7.34007E-07  -1.04751E-06  -5.00691E-07  -4.77940E-07  -3.16674E-07  -2.00597E-07  -1.89353E-07  -7.28637E-08  -1.07995E-07  -1.85179E-08  -5.87550E-08   1.83663E-09  -3.00407E-08   7.76384E-09  -1.35692E-08   8.64374E-09  -3.80602E-09   8.63816E-09
 1.82360E+03   1.13204E-03   1.83746E-03   8.11203E-04   8.53511E-04   5.28815E-04   3.54158E-04   3.20809E-04   1.24195E-04   1.83892E-04   2.75239E-05   1.00247E-04  -7.26632E-06   5.20266E-05  -1.57300E-05   2.56207E-05  -1.45080E-05   1.19014E-05  -1.07634E-05   4.66547E-06  -8.11222E-06  -1.73084E-07  -4.82348E-06  -1.39978E-06  -2.07673E-06  -9.94317E-07  -7.59969E-07  -6.13729E-07  -2.83035E-07  -3.57121E-07  -7.67140E-08  -1.97295E-07   1.69477E-09  -1.03575E-07   2.40976E-08  -5.12143E-08   2.48175E-08  -2.30028E-08   1.91072E-08  -7.92029E-09   1.31559E-08   7.06502E-10   8.94712E-09
 1.83680E+03   1.18743E-03   1.81142E-03   8.54737E-04   8.11342E-04   5.53071E-04   3.13264E-04   3.30290E-04   9.18727E-05   1.84838E-04   5.02900E-06   9.73942E-05  -2.14770E-05   4.81813E-05  -2.39706E-05   2.21205E-05  -1.88888E-05   9.19897E-06  -1.28709E-05   2.57701E-06  -8.83945E-06  -1.39468E-06  -4.52993E-06  -1.89139E-06  -1.56276E-06  -1.15247E-06  -4.09936E-07  -6.56033E-07  -6.44449E-08  -3.51754E-07   5.16813E-08  -1.77326E-07   7.27338E-08  -8.31888E-08   6.09118E-08  -3.52273E-08   4.23068E-08  -1.20653E-08   2.61546E-08  -1.10241E-09   1.46036E-08   4.65790E-09   7.13415E-09
 1.85010E+03   1.24183E-03   1.78183E-03   8.95675E-04   7.65935E-04   5.73843E-04   2.70205E-04   3.36296E-04   5.86365E-05   1.82897E-04  -1.74028E-05   9.24546E-05  -3.50651E-05   4.29990E-05  -3.13880E-05   1.78650E-05  -2.24766E-05   6.13223E-06  -1.43261E-05   4.00616E-07  -9.04220E-06  -2.48098E-06  -3.93331E-06  -2.20994E-06  -9.39671E-07  -1.19397E-06  -3.51989E-08  -6.24284E-07   1.51307E-07  -3.02581E-07   1.67265E-07  -1.33331E-07   1.29715E-07  -5.07930E-08   8.60078E-08  -1.40507E-08   5.13369E-08   4.16338E-10   2.77330E-08   5.34000E-09   1.28999E-08   7.12484E-09   3.80831E-09
 1.86340E+03   1.29452E-03   1.74905E-03   9.33425E-04   7.17896E-04   5.90778E-04   2.25681E-04   3.38710E-04   2.51596E-05   1.78139E-04  -3.92088E-05   8.56074E-05  -4.76153E-05   3.67013E-05  -3.77129E-05   1.30687E-05  -2.51223E-05   2.88183E-06  -1.50649E-05  -1.71748E-06  -8.72311E-06  -3.35210E-06  -3.09040E-06  -2.33340E-06  -2.68214E-07  -1.11962E-06   3.24147E-07  -5.25798E-07   3.38812E-07  -2.18448E-07   2.55258E-07  -7.32234E-08   1.64889E-07  -1.24718E-08   9.59029E-08   8.13360E-09   5.07922E-08   1.18741E-08   2.39244E-08   1.00700E-08   8.70403E-09   7.65406E-09  -6.65090E-11
 1.87690E+03   1.34598E-03   1.71272E-03   9.68260E-04   6.66772E-04   6.03936E-04   1.79411E-04   3.37519E-04  -8.62778E-06   1.70578E-04  -6.03227E-05   7.69242E-05  -5.90166E-05   2.94027E-05  -4.28508E-05   7.85931E-06  -2.67729E-05  -4.36557E-07  -1.50750E-05  -3.68327E-06  -7.90821E-06  -3.96392E-06  -2.05582E-06  -2.25917E-06   4.02942E-07  -9.39830E-07   6.38436E-07  -3.72969E-07   4.80687E-07  -1.10511E-07   3.06809E-07  -5.63025E-09   1.74687E-07   2.58144E-08   8.98983E-08   2.76274E-08   4.12756E-08   2.03191E-08   1.57453E-08   1.23106E-08   3.04569E-09   6.30608E-09  -3.55824E-09
 1.89040E+03   1.39514E-03   1.67355E-03   9.99409E-04   6.13622E-04   6.12977E-04   1.32489E-04   3.32747E-04  -4.17904E-05   1.60467E-04  -8.00568E-05   6.67548E-05  -6.88358E-05   2.14506E-05  -4.65805E-05   2.52611E-06  -2.73557E-05  -3.61043E-06  -1.43710E-05  -5.35530E-06  -6.67005E-06  -4.27129E-06  -9.23846E-07  -2.00120E-06   1.00753E-06  -6.78819E-07   8.74061E-07  -1.87475E-07   5.60865E-07   4.77755E-09   3.16267E-07   5.83580E-08   1.58812E-07   5.73501E-08   6.98760E-08   4.08387E-08   2.51048E-08   2.41972E-08   5.15502E-09   1.17793E-08  -2.70092E-09   3.60153E-09  -5.81993E-09
 1.90410E+03   1.44246E-03   1.63117E-03   1.02711E-03   5.57991E-04   6.17945E-04   8.46486E-05   3.24394E-04  -7.43847E-05   1.47858E-04  -9.83509E-05   5.52145E-05  -7.69941E-05   1.29916E-05  -4.88594E-05  -2.79094E-06  -2.68771E-05  -6.53069E-06  -1.29949E-05  -6.66471E-06  -5.07744E-06  -4.26579E-06   2.36367E-07  -1.58463E-06   1.50463E-06  -3.62262E-07   1.01405E-06   1.05689E-08   5.74059E-07   1.13639E-07   2.84591E-07   1.10405E-07   1.20720E-07   7.77530E-08   3.96188E-08   4.59091E-08   5.36780E-09   2.30890E-08  -5.76275E-09   8.81945E-09  -7.39752E-09   2.96858E-10  -6.45224E-09
 1.91780E+03   1.48700E-03   1.58643E-03   1.05079E-03   5.01047E-04   6.18732E-04   3.70212E-05   3.12710E-04  -1.05517E-04   1.33185E-04  -1.14623E-04   4.27687E-05  -8.31983E-05   4.42367E-06  -4.96090E-05  -7.80302E-06  -2.53869E-05  -9.01740E-06  -1.10525E-05  -7.52510E-06  -3.25954E-06  -3.95843E-06   1.32349E-06  -1.05703E-06   1.84890E-06  -2.84344E-08   1.04664E-06   1.95224E-07   5.21741E-07   2.00764E-07   2.18434E-07   1.42817E-07   6.77318E-08   8.40291E-08   5.08462E-09   4.23251E-08  -1.38860E-08   1.75423E-08  -1.47040E-08   4.29746E-09  -1.00911E-08  -2.70377E-09  -5.45819E-09
 1.93170E+03   1.52918E-03   1.53895E-03   1.07066E-03   4.42330E-04   6.15368E-04  -1.06519E-05   2.97709E-04  -1.35245E-04   1.16530E-04  -1.28837E-04   2.95595E-05  -8.74179E-05  -4.09909E-06  -4.88484E-05  -1.23857E-05  -2.29503E-05  -1.09933E-05  -8.63077E-06  -7.91095E-06  -1.30916E-06  -3.37849E-06   2.27554E-06  -4.61407E-07   2.02154E-06   2.92824E-07   9.73902E-07   3.48315E-07   4.12511E-07   2.57033E-07   1.27468E-07   1.52336E-07   7.86910E-09   7.60569E-08  -2.81800E-08   3.12207E-08  -2.93963E-08   8.87256E-09  -2.01348E-08  -7.53879E-10  -1.04201E-08  -4.73365E-09  -3.23806E-09
 1.94560E+03   1.56822E-03   1.48968E-03   1.08635E-03   3.83068E-04   6.07978E-04  -5.72611E-05   2.79844E-04  -1.62775E-04   9.84648E-05  -1.40565E-04   1.61116E-05  -8.95292E-05  -1.21865E-05  -4.66484E-05  -1.63016E-05  -1.97265E-05  -1.23479E-05  -5.90009E-06  -7.81029E-06   6.23389E-07  -2.58696E-06   3.01492E-06   1.39636E-07   2.01268E-06   5.65448E-07   8.09166E-07   4.51745E-07   2.63403E-07   2.76030E-07   2.62490E-08   1.38787E-07  -4.87775E-08   5.61474E-08  -5.42780E-08   1.52530E-08  -3.83349E-08  -8.79482E-10  -2.11305E-08  -5.15966E-09  -8.51457E-09  -5.37382E-09  -4.92754E-10
 1.95970E+03   1.60453E-03   1.43824E-03   1.09805E-03   3.22794E-04   5.96581E-04  -1.03066E-04   2.59140E-04  -1.88177E-04   7.90902E-05  -1.49808E-04   2.57187E-06  -8.95579E-05  -1.97038E-05  -4.30872E-05  -1.94661E-05  -1.58263E-05  -1.30530E-05  -2.97157E-06  -7.24648E-06   2.44671E-06  -1.64033E-06   3.50581E-06   7.01465E-07   1.83129E-06   7.67847E-07   5.71579E-07   4.97528E-07   9.19899E-08   2.57666E-07  -7.25231E-08   1.05462E-07  -9.46498E-08   2.81656E-08  -6.96150E-08  -2.48966E-09  -3.95714E-08  -9.79812E-09  -1.77945E-08  -8.09272E-09  -4.94871E-09  -4.62532E-09   2.07586E-09
 1.97380E+03   1.63748E-03   1.38566E-03   1.10560E-03   2.62745E-04   5.81514E-04  -1.47033E-04   2.36212E-04  -2.10810E-04   5.90568E-05  -1.56324E-04  -1.05380E-05  -8.75555E-05  -2.63238E-05  -3.83672E-05  -2.17322E-05  -1.14842E-05  -1.30873E-05  -4.02176E-08  -6.28042E-06   4.02881E-06  -6.28001E-07   3.71616E-06   1.16943E-06   1.50388E-06   8.80469E-07   2.92197E-07   4.82975E-07  -7.82552E-08   2.06874E-07  -1.54617E-07   5.90599E-08  -1.22976E-07  -2.28071E-09  -7.21308E-08  -1.83475E-08  -3.33691E-08  -1.60208E-08  -1.11318E-08  -9.01846E-09  -6.67180E-10  -2.83588E-09   3.82311E-09
 1.98810E+03   1.66749E-03   1.33152E-03   1.10918E-03   2.02441E-04   5.62784E-04  -1.89430E-04   2.11087E-04  -2.30762E-04   3.84669E-05  -1.60155E-04  -2.30896E-05  -8.36012E-05  -3.19536E-05  -3.26121E-05  -2.30708E-05  -6.83388E-06  -1.24759E-05   2.78487E-06  -4.97590E-06   5.30389E-06   3.85268E-07   3.64602E-06   1.51331E-06   1.06221E-06   8.98180E-07  -1.80872E-09   4.13140E-07  -2.29633E-07   1.31822E-07  -2.11172E-07   6.87243E-09  -1.31012E-07  -3.02333E-08  -6.23212E-08  -2.96524E-08  -2.13344E-08  -1.85325E-08  -2.65016E-09  -7.92049E-09   3.40248E-09  -5.47160E-10   4.42911E-09
 2.00250E+03   1.69428E-03   1.27652E-03   1.10880E-03   1.42669E-04   5.40747E-04  -2.29617E-04   1.84299E-04  -2.47682E-04   1.78466E-05  -1.61253E-04  -3.46992E-05  -7.78597E-05  -3.63974E-05  -2.60714E-05  -2.34438E-05  -2.10626E-06  -1.12746E-05   5.34387E-06  -3.43446E-06   6.19512E-06   1.31683E-06   3.31181E-06   1.70567E-06   5.53160E-07   8.23479E-07  -2.77553E-07   2.99544E-07  -3.44219E-07   4.44302E-08  -2.35622E-07  -4.24839E-08  -1.18692E-07  -5.08858E-08  -4.26969E-08  -3.44568E-08  -6.19876E-09  -1.70170E-08   5.73102E-09  -5.19550E-09   6.36980E-09   1.60170E-09   3.86094E-09
 2.01690E+03   1.71770E-03   1.22137E-03   1.10467E-03   8.41644E-05   5.15875E-04  -2.67065E-04   1.56436E-04  -2.61363E-04  -2.29337E-06  -1.59704E-04  -4.50469E-05  -7.05871E-05  -3.95389E-05  -1.90342E-05  -2.28822E-05   2.47102E-06  -9.58390E-06   7.50452E-06  -1.77469E-06   6.66368E-06   2.09617E-06   2.75643E-06   1.73803E-06   2.91281E-08   6.70791E-07  -5.06261E-07   1.59422E-07  -4.10449E-07  -4.21124E-08  -2.26982E-07  -8.14590E-08  -8.95947E-08  -6.12019E-08  -1.75436E-08  -3.23552E-08   8.80856E-09  -1.21171E-08   1.22327E-08  -1.59962E-09   7.67848E-09   3.08141E-09   2.41225E-09
 2.03150E+03   1.73815E-03   1.16561E-03   1.09689E-03   2.64210E-05   4.88140E-04  -3.02060E-04   1.27504E-04  -2.71927E-04  -2.18831E-05  -1.55604E-04  -5.40660E-05  -6.19169E-05  -4.13706E-05  -1.16495E-05  -2.14412E-05   6.77922E-06  -7.48959E-06   9.20412E-06  -8.30660E-08   6.70762E-06   2.68318E-06   2.02564E-06   1.61692E-06  -4.69503E-07   4.58580E-07  -6.70165E-07   9.26884E-09  -4.24433E-07  -1.17304E-07  -1.88566E-07  -1.05365E-07  -4.90064E-08  -6.03312E-08   8.71494E-09  -2.42489E-08   2.10024E-08  -5.04097E-09   1.57073E-08   2.05462E-09   7.19668E-09   3.61963E-09   5.34335E-10
 2.04620E+03   1.75554E-03   1.10992E-03   1.08570E-03  -2.98759E-05   4.58038E-04  -3.34145E-04   9.80838E-05  -2.79251E-04  -4.04583E-05  -1.49120E-04  -6.15152E-05  -5.21564E-05  -4.18626E-05  -4.21277E-06  -1.92194E-05   1.06237E-05  -5.12729E-06   1.03625E-05   1.52322E-06   6.34149E-06   3.03851E-06   1.18679E-06   1.36130E-06  -8.96444E-07   2.13288E-07  -7.54649E-07  -1.31535E-07  -3.87359E-07  -1.71176E-07  -1.27616E-07  -1.11376E-07  -4.13874E-09  -4.92038E-08   3.13137E-08  -1.21681E-08   2.81456E-08   2.53319E-09   1.55912E-08   4.93711E-09   5.16390E-09   3.18485E-09  -1.24140E-09
 2.06090E+03   1.76990E-03   1.05496E-03   1.07142E-03  -8.41267E-05   4.26134E-04  -3.62993E-04   6.87518E-05  -2.83356E-04  -5.76209E-05  -1.40525E-04  -6.72453E-05  -4.16577E-05  -4.10662E-05   2.99027E-06  -1.63645E-05   1.38501E-05  -2.64726E-06   1.09458E-05   2.94039E-06   5.61570E-06   3.14850E-06   3.14767E-07   1.00461E-06  -1.21624E-06  -3.58985E-08  -7.56281E-07  -2.46171E-07  -3.07752E-07  -1.97857E-07  -5.45282E-08  -1.00062E-07   3.75454E-08  -3.07108E-08   4.65707E-08   1.13477E-09   2.92725E-08   8.91948E-09   1.22091E-08   6.46761E-09   2.17830E-09   2.01707E-09  -2.47472E-09
 2.07580E+03   1.78160E-03   1.00022E-03   1.05413E-03  -1.36871E-04   3.92337E-04  -3.88903E-04   3.94653E-05  -2.84378E-04  -7.33595E-05  -1.29938E-04  -7.12679E-05  -3.05627E-05  -3.90531E-05   9.83839E-06  -1.29845E-05   1.64004E-05  -1.48356E-07   1.09614E-05   4.10976E-06   4.58508E-06   3.02033E-06  -5.34550E-07   5.80041E-07  -1.41117E-06  -2.66126E-07  -6.80294E-07  -3.24241E-07  -1.96996E-07  -1.96035E-07   2.08303E-08  -7.43493E-08   7.04300E-08  -8.41596E-09   5.26457E-08   1.31421E-08   2.46753E-08   1.29226E-08   6.48952E-09   6.43350E-09  -1.05698E-09   4.88133E-10  -2.93832E-09
 2.09080E+03   1.79071E-03   9.46311E-04   1.03416E-03  -1.87573E-04   3.57197E-04  -4.11619E-04   1.07571E-05  -2.82402E-04  -8.73498E-05  -1.17674E-04  -7.35196E-05  -1.92258E-05  -3.59434E-05   1.60857E-05  -9.25781E-06   1.81823E-05   2.22658E-06   1.04328E-05   4.96323E-06   3.33372E-06   2.67608E-06  -1.29330E-06   1.31565E-07  -1.46925E-06  -4.53170E-07  -5.39451E-07  -3.58158E-07  -7.08821E-08  -1.67804E-07   8.76044E-08  -3.93355E-08   8.98725E-08   1.34105E-08   4.91339E-08   2.15424E-08   1.57092E-08   1.38208E-08  -1.43511E-10   4.95281E-09  -3.78094E-09  -9.65405E-10  -2.60415E-09
 2.10590E+03   1.79744E-03   8.93423E-04   1.01179E-03  -2.36113E-04   3.21041E-04  -4.31132E-04  -1.70706E-05  -2.77587E-04  -9.94343E-05  -1.04015E-04  -7.40278E-05  -7.92266E-06  -3.18853E-05   2.15666E-05  -5.35095E-06   1.91633E-05   4.36483E-06   9.41559E-06   5.46626E-06   1.95112E-06   2.15438E-06  -1.91011E-06  -2.99476E-07  -1.39400E-06  -5.80539E-07  -3.52731E-07  -3.47003E-07   5.44293E-08  -1.18980E-07   1.37340E-07  -1.14095E-09   9.39457E-08   3.10312E-08   3.74545E-08   2.50092E-08   4.50224E-09   1.16656E-08  -6.18346E-09   2.47320E-09  -5.41989E-09  -1.98672E-09  -1.65922E-09
 2.12110E+03   1.80202E-03   8.41712E-04   9.87279E-04  -2.82413E-04   2.84179E-04  -4.47470E-04  -4.37494E-05  -2.70119E-04  -1.09501E-04  -8.92481E-05  -7.28613E-05   3.08743E-06  -2.70494E-05   2.61491E-05  -1.42842E-06   1.93456E-05   6.17229E-06   7.98735E-06   5.60821E-06   5.29569E-07   1.50494E-06  -2.34751E-06  -6.75953E-07  -1.20063E-06  -6.39097E-07  -1.42625E-07  -2.95348E-07   1.64017E-07  -5.77738E-08   1.64541E-07   3.41010E-08   8.32472E-08   4.17559E-08   2.03268E-08   2.33012E-08  -6.55893E-09   7.17124E-09  -1.03664E-08  -3.65089E-10  -5.68655E-09  -2.37442E-09  -4.21168E-10
 2.13640E+03   1.80469E-03   7.91300E-04   9.60897E-04  -3.26431E-04   2.46900E-04  -4.60694E-04  -6.90465E-05  -2.60206E-04  -1.17480E-04  -7.36642E-05  -7.01253E-05   1.35676E-05  -2.16213E-05   2.97372E-05   2.35416E-06   1.87634E-05   7.57715E-06   6.24183E-06   5.40143E-06  -8.41823E-07   7.83984E-07  -2.58388E-06  -9.68032E-07  -9.13921E-07  -6.27512E-07   6.74866E-08  -2.12305E-07   2.45921E-07   6.52319E-09   1.67209E-07   6.11962E-08   6.06078E-08   4.43207E-08   1.18373E-09   1.72164E-08  -1.53259E-08   1.50981E-09  -1.19327E-08  -2.88648E-09  -4.62574E-09  -2.11365E-09   7.59482E-10
 2.15190E+03   1.80569E-03   7.41958E-04   9.32701E-04  -3.68422E-04   2.09221E-04  -4.70948E-04  -9.29130E-05  -2.47985E-04  -1.23375E-04  -5.74429E-05  -6.59243E-05   2.33680E-05  -1.57553E-05   3.22843E-05   5.87739E-06   1.74693E-05   8.53678E-06   4.26998E-06   4.87463E-06  -2.08998E-06   4.48543E-08  -2.61357E-06  -1.15619E-06  -5.62941E-07  -5.51161E-07   2.56949E-07  -1.09392E-07   2.92544E-07   6.52370E-08   1.46658E-07   7.66758E-08   3.02702E-08   3.89273E-08  -1.65892E-08   8.27939E-09  -2.03114E-08  -4.01452E-09  -1.07421E-08  -4.54269E-09  -2.56699E-09  -1.34948E-09   1.59649E-09
 2.16740E+03   1.80527E-03   6.94366E-04   9.03287E-04  -4.07870E-04   1.71866E-04  -4.78207E-04  -1.14879E-04  -2.33846E-04  -1.27120E-04  -4.10691E-05  -6.04739E-05   3.21810E-05  -9.72205E-06   3.37335E-05   8.97376E-06   1.55671E-05   9.01667E-06   2.20621E-06   4.08511E-06  -3.13094E-06  -6.47308E-07  -2.44681E-06  -1.22827E-06  -1.87257E-07  -4.23391E-07   4.05254E-07  -1.63205E-09   3.00328E-07   1.10056E-07   1.07729E-07   7.88951E-08  -2.09044E-09   2.72622E-08  -2.98160E-08  -1.39268E-09  -2.08284E-08  -8.13346E-09  -7.30459E-09  -4.99584E-09  -8.69113E-11  -3.50096E-10   1.91463E-09
 2.18300E+03   1.80368E-03   6.48209E-04   8.72683E-04  -4.45105E-04   1.34797E-04  -4.82669E-04  -1.34975E-04  -2.17951E-04  -1.28801E-04  -2.46986E-05  -5.39303E-05   3.99243E-05  -3.67323E-06   3.41147E-05   1.15686E-05   1.31560E-05   9.02710E-06   1.45342E-07   3.09365E-06  -3.92198E-06  -1.24867E-06  -2.10888E-06  -1.18693E-06   1.80330E-07  -2.60702E-07   5.01137E-07   9.83140E-08   2.71570E-07   1.36294E-07   5.70980E-08   6.87024E-08  -3.14702E-08   1.18757E-08  -3.67069E-08  -9.88777E-09  -1.72297E-08  -1.00948E-08  -2.57116E-09  -4.24301E-09   2.21542E-09   6.04737E-10   1.70840E-09
 2.19880E+03   1.80113E-03   6.03179E-04   8.40866E-04  -4.80414E-04   9.79610E-05  -4.84468E-04  -1.53212E-04  -2.00416E-04  -1.28480E-04  -8.47144E-06  -4.64348E-05   4.65193E-05   2.24965E-06   3.34609E-05   1.35991E-05   1.03360E-05   8.58919E-06  -1.82408E-06   1.96425E-06  -4.43223E-06  -1.72287E-06  -1.63189E-06  -1.04193E-06   5.09810E-07  -8.11843E-08   5.38340E-07   1.79498E-07   2.11914E-07   1.41752E-07   2.24583E-09   4.85162E-08  -5.36651E-08  -4.34393E-09  -3.65832E-08  -1.56801E-08  -1.05506E-08  -9.64246E-09   2.32870E-09  -2.53670E-09   3.82030E-09   1.28358E-09   1.09443E-09
 2.21470E+03   1.79786E-03   5.59513E-04   8.08188E-04  -5.13643E-04   6.17504E-05  -4.83702E-04  -1.69384E-04  -1.81568E-04  -1.26236E-04   7.28143E-06  -3.82288E-05   5.18265E-05   7.84132E-06   3.18350E-05   1.49984E-05   7.24979E-06   7.74749E-06  -3.59745E-06   7.79029E-07  -4.64129E-06  -2.03836E-06  -1.06156E-06  -8.12858E-07   7.71979E-07   9.43200E-08   5.16275E-07   2.32827E-07   1.30902E-07   1.27051E-07  -4.86244E-08   2.23327E-08  -6.55752E-08  -1.83902E-08  -3.00027E-08  -1.78208E-08  -2.40895E-09  -7.07305E-09   6.25643E-09  -3.55774E-10   4.38061E-09   1.54463E-09   2.83200E-10
 2.23070E+03   1.79407E-03   5.17117E-04   7.74773E-04  -5.44893E-04   2.62937E-05  -4.80506E-04  -1.83441E-04  -1.61629E-04  -1.22184E-04   2.23563E-05  -2.95171E-05   5.57913E-05   1.29542E-05   2.93296E-05   1.57443E-05   4.02908E-06   6.56491E-06  -5.09833E-06  -3.86974E-07  -4.55357E-06  -2.18121E-06  -4.46071E-07  -5.25504E-07   9.47746E-07   2.47704E-07   4.41294E-07   2.53849E-07   3.98927E-08   9.57686E-08  -8.87541E-08  -5.24918E-09  -6.61417E-08  -2.79698E-08  -1.86675E-08  -1.62249E-08   5.44886E-09  -3.15312E-09   8.41562E-09   1.74042E-09   3.83742E-09   1.37698E-09  -4.92551E-10

