#
#--------------------------------------------------------------------------------
### 
## 
## Courbe 0
## resp__3
## Courbe 1
## resp__2
## Courbe 2
## resp__1
## Courbe 3
## resp_0
## Courbe 4
## resp_1
## Courbe 5
## resp_2
## Courbe 6
## resp_3
## Courbe 7
## resp_4
## Courbe 8
## resp_5
## Courbe 9
## resp_6
## Courbe 10
## resp_7
## Courbe 11
## resp_8
## Courbe 12
## resp_9
## Courbe 13
## resp_10
## Courbe 14
## resp_11
## Courbe 15
## resp_12
## Courbe 16
## resp_13
## Courbe 17
## resp_14
## Courbe 18
## resp_15
## Courbe 19
## resp_16
## Courbe 20
## resp_17
FREQ          DZ_0_R        DZ_0_I        DZ_1_R        DZ_1_I        DZ_2_R        DZ_2_I        DZ_3_R        DZ_3_I        DZ_4_R        DZ_4_I        DZ_5_R        DZ_5_I        DZ_6_R        DZ_6_I        DZ_7_R        DZ_7_I        DZ_8_R        DZ_8_I        DZ_9_R        DZ_9_I        DZ_10_R       DZ_10_I       DZ_11_R       DZ_11_I       DZ_12_R       DZ_12_I       DZ_13_R       DZ_13_I       DZ_14_R       DZ_14_I       DZ_15_R       DZ_15_I       DZ_16_R       DZ_16_I       DZ_17_R       DZ_17_I       DZ_18_R       DZ_18_I       DZ_19_R       DZ_19_I       DZ_20_R       DZ_20_I     
 3.54000E+01   7.61157E-03  -1.66282E-02   3.74637E-03  -1.67715E-02   2.80316E-05  -1.61454E-02  -3.37501E-03  -1.48184E-02  -6.32188E-03  -1.28937E-02  -8.70435E-03  -1.05008E-02  -1.04498E-02  -7.78604E-03  -1.15223E-02  -4.90350E-03  -1.19218E-02  -2.00621E-03  -1.16813E-02   7.61962E-04  -1.08630E-02   3.27319E-03  -9.55272E-03   5.42126E-03  -7.85432E-03   7.12556E-03  -5.88276E-03   8.33349E-03  -3.75777E-03   9.02117E-03  -1.59748E-03   9.19271E-03   4.87323E-04   8.87807E-03   2.39814E-03   8.12970E-03   4.05271E-03   7.01830E-03   5.38780E-03   5.62797E-03   6.36094E-03   4.05098E-03
 3.56000E+01   7.47475E-03  -1.66980E-02   3.59564E-03  -1.68108E-02  -1.27769E-04  -1.61498E-02  -3.52645E-03  -1.47856E-02  -6.45962E-03  -1.28241E-02  -8.81973E-03  -1.03970E-02  -1.05355E-02  -7.65295E-03  -1.15727E-02  -4.74793E-03  -1.19334E-02  -1.83637E-03  -1.16531E-02   9.36964E-04  -1.07962E-02   3.44391E-03  -9.45103E-03   5.57851E-03  -7.72342E-03   7.26094E-03  -5.73005E-03   8.43985E-03  -3.59192E-03   9.09305E-03  -1.42785E-03   9.22661E-03   6.51236E-04   8.87256E-03   2.54725E-03   8.08551E-03   4.17887E-03   6.93823E-03   5.48430E-03   5.51665E-03   6.42284E-03   3.91461E-03
 3.59000E+01   7.26742E-03  -1.67985E-02   3.36805E-03  -1.68658E-02  -3.62183E-04  -1.61527E-02  -3.75343E-03  -1.47335E-02  -6.66504E-03  -1.27176E-02  -8.99061E-03  -1.02403E-02  -1.06608E-02  -7.45359E-03  -1.16442E-02  -4.51618E-03  -1.19462E-02  -1.58459E-03  -1.16056E-02   1.19516E-03  -1.06908E-02   3.69449E-03  -9.29340E-03   5.80790E-03  -7.52241E-03   7.45682E-03  -5.49709E-03   8.59188E-03  -3.34023E-03   9.19341E-03  -1.17170E-03   9.27042E-03   8.97424E-04   8.85813E-03   2.76977E-03   8.01431E-03   4.36553E-03   6.81477E-03   5.62512E-03   5.34814E-03   6.51056E-03   3.71049E-03
 3.61000E+01   7.12799E-03  -1.68627E-02   3.21549E-03  -1.68997E-02  -5.18830E-04  -1.61522E-02  -3.90456E-03  -1.46967E-02  -6.80121E-03  -1.26451E-02  -9.10313E-03  -1.01351E-02  -1.07424E-02  -7.32084E-03  -1.16895E-02  -4.36276E-03  -1.19518E-02  -1.41874E-03  -1.15709E-02   1.36438E-03  -1.06173E-02   3.85783E-03  -9.18520E-03   5.95645E-03  -7.38559E-03   7.58256E-03  -5.33944E-03   8.68814E-03  -3.17075E-03   9.25525E-03  -1.00001E-03   9.29488E-03   1.06162E-03   8.84434E-03   2.91729E-03   7.96352E-03   4.48826E-03   6.73020E-03   5.71644E-03   5.23477E-03   6.56577E-03   3.57472E-03
 3.64000E+01   6.91735E-03  -1.69545E-02   2.98563E-03  -1.69464E-02  -7.54176E-04  -1.61477E-02  -4.13090E-03  -1.46385E-02  -7.00427E-03  -1.25343E-02  -9.26990E-03  -9.97633E-03  -1.08620E-02  -7.12192E-03  -1.17538E-02  -4.13422E-03  -1.19563E-02  -1.17299E-03  -1.15144E-02   1.61383E-03  -1.05027E-02   4.09722E-03  -9.01871E-03   6.17263E-03  -7.17663E-03   7.76380E-03  -5.09993E-03   8.82481E-03  -2.91439E-03   9.34033E-03  -7.41437E-04   9.32435E-03   1.30775E-03   8.81733E-03   3.13717E-03   7.88228E-03   4.66973E-03   6.59991E-03   5.84969E-03   5.06316E-03   6.64390E-03   3.37156E-03
 3.66000E+01   6.77610E-03  -1.70129E-02   2.83187E-03  -1.69747E-02  -9.11215E-04  -1.61422E-02  -4.28148E-03  -1.45976E-02  -7.13885E-03  -1.24589E-02  -9.37979E-03  -9.86969E-03  -1.09399E-02  -6.98941E-03  -1.17945E-02  -3.98289E-03  -1.19568E-02  -1.01114E-03  -1.14742E-02   1.77722E-03  -1.04236E-02   4.25306E-03  -8.90521E-03   6.31231E-03  -7.03510E-03   7.87970E-03  -4.93849E-03   8.91074E-03  -2.74230E-03   9.39190E-03  -5.68559E-04   9.33915E-03   1.47159E-03   8.79506E-03   3.28274E-03   7.82472E-03   4.78894E-03   6.51073E-03   5.93608E-03   4.94770E-03   6.69298E-03   3.23644E-03
 3.69000E+01   6.56331E-03  -1.70961E-02   2.60069E-03  -1.70130E-02  -1.14680E-03  -1.61300E-02  -4.50678E-03  -1.45330E-02  -7.33949E-03  -1.23434E-02  -9.54274E-03  -9.70853E-03  -1.10544E-02  -6.79070E-03  -1.18526E-02  -3.75736E-03  -1.19541E-02  -7.71268E-04  -1.14102E-02   2.01800E-03  -1.03015E-02   4.48126E-03  -8.73162E-03   6.51522E-03  -6.81995E-03   8.04618E-03  -4.69414E-03   9.03187E-03  -2.48282E-03   9.46149E-03  -3.08850E-04   9.35403E-03   1.71669E-03   8.75523E-03   3.49938E-03   7.73323E-03   4.96505E-03   6.37345E-03   6.06207E-03   4.77289E-03   6.76226E-03   3.03420E-03
 3.72000E+01   6.34974E-03  -1.71741E-02   2.36915E-03  -1.70463E-02  -1.38221E-03  -1.61133E-02  -4.73126E-03  -1.44645E-02  -7.53863E-03  -1.22252E-02  -9.70350E-03  -9.54583E-03  -1.11660E-02  -6.59198E-03  -1.19074E-02  -3.53347E-03  -1.19478E-02  -5.34771E-04  -1.13423E-02   2.25372E-03  -1.01755E-02   4.70286E-03  -8.55456E-03   6.71025E-03  -6.60190E-03   8.20385E-03  -4.44767E-03   9.14371E-03  -2.22218E-03   9.52178E-03  -4.90818E-05   9.36014E-03   1.96070E-03   8.70766E-03   3.71377E-03   7.63552E-03   5.13783E-03   6.23190E-03   6.18380E-03   4.59608E-03   6.82656E-03   2.83244E-03
 3.74000E+01   6.20713E-03  -1.72232E-02   2.21475E-03  -1.70657E-02  -1.53892E-03  -1.60996E-02  -4.88038E-03  -1.44167E-02  -7.67052E-03  -1.21447E-02  -9.80947E-03  -9.43644E-03  -1.12389E-02  -6.45941E-03  -1.19421E-02  -3.38505E-03  -1.19417E-02  -3.78899E-04  -1.12952E-02   2.40814E-03  -1.00897E-02   4.84700E-03  -8.43487E-03   6.83596E-03  -6.45520E-03   8.30414E-03  -4.28245E-03   9.21315E-03  -2.04804E-03   9.55685E-03   1.23905E-04   9.35936E-03   2.12258E-03   8.67165E-03   3.85533E-03   7.56692E-03   5.25111E-03   6.13514E-03   6.26260E-03   4.47706E-03   6.86675E-03   2.69817E-03
 3.77000E+01   5.99309E-03  -1.72928E-02   1.98330E-03  -1.70907E-02  -1.77349E-03  -1.60752E-02  -5.10315E-03  -1.43417E-02  -7.86701E-03  -1.20215E-02  -9.96664E-03  -9.27090E-03  -1.13461E-02  -6.26032E-03  -1.19918E-02  -3.16354E-03  -1.19299E-02  -1.47635E-04  -1.12218E-02   2.63582E-03  -9.95853E-03   5.05799E-03  -8.25322E-03   7.01821E-03  -6.23354E-03   8.44744E-03  -4.03367E-03   9.30973E-03  -1.78663E-03   9.60181E-03   3.82769E-04   9.35093E-03   2.36395E-03   8.61121E-03   4.06542E-03   7.45882E-03   5.41809E-03   5.98637E-03   6.37729E-03   4.29677E-03   6.92313E-03   2.49703E-03
 3.80000E+01   5.77920E-03  -1.73576E-02   1.75229E-03  -1.71108E-02  -2.00727E-03  -1.60462E-02  -5.32469E-03  -1.42628E-02  -8.06180E-03  -1.18953E-02  -1.01217E-02  -9.10350E-03  -1.14508E-02  -6.06080E-03  -1.20387E-02  -2.94320E-03  -1.19152E-02   8.07687E-05  -1.11456E-02   2.85897E-03  -9.82478E-03   5.26289E-03  -8.06946E-03   7.19307E-03  -6.01040E-03   8.58236E-03  -3.78418E-03   9.39736E-03  -1.52539E-03   9.63774E-03   6.40511E-04   9.33389E-03   2.60327E-03   8.54309E-03   4.27258E-03   7.34448E-03   5.58141E-03   5.83323E-03   6.48776E-03   4.11430E-03   6.97496E-03   2.29613E-03
 3.83000E+01   5.56573E-03  -1.74178E-02   1.52195E-03  -1.71263E-02  -2.24003E-03  -1.60128E-02  -5.54484E-03  -1.41799E-02  -8.25481E-03  -1.17659E-02  -1.02746E-02  -8.93412E-03  -1.15531E-02  -5.86068E-03  -1.20830E-02  -2.72383E-03  -1.18979E-02   3.06547E-04  -1.10669E-02   3.07783E-03  -9.68884E-03   5.46198E-03  -7.88400E-03   7.36077E-03  -5.78622E-03   8.70913E-03  -3.53446E-03   9.47625E-03  -1.26480E-03   9.66480E-03   8.96718E-04   9.30837E-03   2.84018E-03   8.46739E-03   4.47657E-03   7.22393E-03   5.74091E-03   5.67569E-03   6.59398E-03   3.92959E-03   7.02233E-03   2.09536E-03
 3.85000E+01   5.42377E-03  -1.74554E-02   1.36888E-03  -1.71341E-02  -2.39454E-03  -1.59881E-02  -5.69076E-03  -1.41224E-02  -8.38245E-03  -1.16779E-02  -1.03753E-02  -8.82005E-03  -1.16199E-02  -5.72686E-03  -1.21112E-02  -2.57801E-03  -1.18849E-02   4.55729E-04  -1.10132E-02   3.22150E-03  -9.59715E-03   5.59160E-03  -7.75961E-03   7.46874E-03  -5.63641E-03   8.78924E-03  -3.36805E-03   9.52409E-03  -1.09163E-03   9.67800E-03   1.06647E-03   9.28670E-03   2.99662E-03   8.41275E-03   4.61065E-03   7.14014E-03   5.84505E-03   5.56822E-03   6.66241E-03   3.80517E-03   7.05146E-03   1.96153E-03
 3.88000E+01   5.21154E-03  -1.75083E-02   1.14017E-03  -1.71421E-02  -2.62518E-03  -1.59474E-02  -5.90824E-03  -1.40330E-02  -8.57226E-03  -1.15433E-02  -1.05245E-02  -8.64713E-03  -1.17182E-02  -5.52538E-03  -1.21513E-02  -2.35977E-03  -1.18636E-02   6.77686E-04  -1.09308E-02   3.43384E-03  -9.45824E-03   5.78159E-03  -7.57213E-03   7.62514E-03  -5.41141E-03   8.90300E-03  -3.11886E-03   9.58892E-03  -8.33007E-04   9.69071E-03   1.31926E-03   9.24737E-03   3.22877E-03   8.32462E-03   4.80874E-03   7.00935E-03   5.99780E-03   5.40334E-03   6.76140E-03   3.61658E-03   7.09153E-03   1.76073E-03
 3.91000E+01   5.00031E-03  -1.75572E-02   9.12685E-04  -1.71458E-02  -2.85432E-03  -1.59025E-02  -6.12393E-03  -1.39397E-02  -8.75999E-03  -1.14055E-02  -1.06714E-02  -8.47196E-03  -1.18140E-02  -5.32286E-03  -1.21890E-02  -2.14194E-03  -1.18399E-02   8.97686E-04  -1.08465E-02   3.64263E-03  -9.31787E-03   5.96654E-03  -7.38385E-03   7.77517E-03  -5.18637E-03   9.00935E-03  -2.87048E-03   9.64566E-03  -5.76081E-04   9.69511E-03   1.56950E-03   9.20000E-03   3.45762E-03   8.22921E-03   5.00293E-03   6.87253E-03   6.14627E-03   5.23408E-03   6.85593E-03   3.42561E-03   7.12724E-03   1.55978E-03
 3.94000E+01   4.79023E-03  -1.76022E-02   6.86586E-04  -1.71454E-02  -3.08181E-03  -1.58535E-02  -6.33768E-03  -1.38425E-02  -8.94552E-03  -1.12644E-02  -1.08160E-02  -8.29443E-03  -1.19074E-02  -5.11916E-03  -1.22243E-02  -1.92429E-03  -1.18141E-02   1.11598E-03  -1.07604E-02   3.84817E-03  -9.17623E-03   6.14673E-03  -7.19501E-03   7.91913E-03  -4.96158E-03   9.10858E-03  -2.62324E-03   9.69460E-03  -3.21185E-04   9.69147E-03   1.81687E-03   9.14479E-03   3.68288E-03   8.12669E-03   5.19296E-03   6.72976E-03   6.29023E-03   5.06047E-03   6.94589E-03   3.23222E-03   7.15856E-03   1.35857E-03
 3.97000E+01   4.58141E-03  -1.76436E-02   4.62006E-04  -1.71412E-02  -3.30749E-03  -1.58005E-02  -6.54935E-03  -1.37416E-02  -9.12873E-03  -1.11200E-02  -1.09580E-02  -8.11448E-03  -1.19982E-02  -4.91413E-03  -1.22572E-02  -1.70664E-03  -1.17860E-02   1.33281E-03  -1.06725E-02   4.05071E-03  -9.03347E-03   6.32247E-03  -7.00579E-03   8.05732E-03  -4.73729E-03   9.20099E-03  -2.37741E-03   9.73603E-03  -6.86294E-05   9.68002E-03   2.06105E-03   9.08198E-03   3.90422E-03   8.01721E-03   5.37856E-03   6.58117E-03   6.42949E-03   4.88257E-03   7.03113E-03   3.03640E-03   7.18547E-03   1.15702E-03
 4.00000E+01   4.37394E-03  -1.76818E-02   2.39052E-04  -1.71332E-02  -3.53124E-03  -1.57437E-02  -6.75879E-03  -1.36370E-02  -9.30947E-03  -1.09725E-02  -1.10974E-02  -7.93205E-03  -1.20863E-02  -4.70766E-03  -1.22875E-02  -1.48882E-03  -1.17558E-02   1.54839E-03  -1.05830E-02   4.25053E-03  -8.88966E-03   6.49404E-03  -6.81635E-03   8.19005E-03  -4.51370E-03   9.28690E-03  -2.13325E-03   9.77024E-03   1.81310E-04   9.66107E-03   2.30175E-03   9.01180E-03   4.12138E-03   7.90098E-03   5.55947E-03   6.42688E-03   6.56383E-03   4.70045E-03   7.11152E-03   2.83816E-03   7.20787E-03   9.55085E-04
 4.02000E+01   4.23641E-03  -1.77055E-02   9.13612E-05  -1.71259E-02  -3.67928E-03  -1.57037E-02  -6.89712E-03  -1.35653E-02  -9.42852E-03  -1.08723E-02  -1.11889E-02  -7.80902E-03  -1.21436E-02  -4.56916E-03  -1.23063E-02  -1.34342E-03  -1.17344E-02   1.69153E-03  -1.05223E-02   4.38236E-03  -8.79324E-03   6.60624E-03  -6.68999E-03   8.27565E-03  -4.36511E-03   9.34070E-03  -1.97151E-03   9.78919E-03   3.46358E-04   9.64439E-03   2.46015E-03   8.96104E-03   4.26368E-03   7.81984E-03   5.67735E-03   6.32094E-03   6.65054E-03   4.57673E-03   7.16232E-03   2.70467E-03   7.22025E-03   8.20214E-04
 4.05000E+01   4.03129E-03  -1.77385E-02  -1.28706E-04  -1.71121E-02  -3.89958E-03  -1.56408E-02  -7.10257E-03  -1.34547E-02  -9.60484E-03  -1.07193E-02  -1.13236E-02  -7.62235E-03  -1.22270E-02  -4.36006E-03  -1.23322E-02  -1.12496E-03  -1.17003E-02   1.90549E-03  -1.04298E-02   4.57818E-03  -8.64781E-03   6.77147E-03  -6.50041E-03   8.39993E-03  -4.14303E-03   9.41643E-03  -1.73059E-03   9.81204E-03   5.91397E-04   9.61352E-03   2.69446E-03   8.87913E-03   4.47326E-03   7.69282E-03   5.84988E-03   6.15752E-03   6.77618E-03   4.38780E-03   7.23422E-03   2.50246E-03   7.23494E-03   6.17523E-04
 4.08000E+01   3.82761E-03  -1.77689E-02  -3.46969E-04  -1.70952E-02  -4.11769E-03  -1.55744E-02  -7.30547E-03  -1.33406E-02  -9.77831E-03  -1.05632E-02  -1.14553E-02  -7.43311E-03  -1.23075E-02  -4.14928E-03  -1.23553E-02  -9.05943E-04  -1.16639E-02   2.11871E-03  -1.03356E-02   4.77188E-03  -8.50140E-03   6.93324E-03  -6.31082E-03   8.51950E-03  -3.92202E-03   9.48645E-03  -1.49183E-03   9.82846E-03   8.33218E-04   9.57589E-03   2.92462E-03   8.79053E-03   4.67794E-03   7.55963E-03   6.01706E-03   5.98887E-03   6.89631E-03   4.19494E-03   7.30080E-03   2.29794E-03   7.24482E-03   4.14363E-04
 4.11000E+01   3.62534E-03  -1.77967E-02  -5.63395E-04  -1.70752E-02  -4.33353E-03  -1.55046E-02  -7.50570E-03  -1.32231E-02  -9.94881E-03  -1.04039E-02  -1.15839E-02  -7.24131E-03  -1.23848E-02  -3.93679E-03  -1.23754E-02  -6.86287E-04  -1.16249E-02   2.33133E-03  -1.02395E-02   4.96365E-03  -8.35398E-03   7.09176E-03  -6.12125E-03   8.63463E-03  -3.70214E-03   9.55101E-03  -1.25536E-03   9.83873E-03   1.07164E-03   9.53177E-03   3.15041E-03   8.69552E-03   4.87751E-03   7.42051E-03   6.17864E-03   5.81519E-03   7.01070E-03   3.99830E-03   7.36186E-03   2.09122E-03   7.24978E-03   2.10753E-04
 4.14000E+01   3.42445E-03  -1.78222E-02  -7.77971E-04  -1.70523E-02  -4.54703E-03  -1.54316E-02  -7.70316E-03  -1.31024E-02  -1.01162E-02  -1.02416E-02  -1.17091E-02  -7.04698E-03  -1.24587E-02  -3.72256E-03  -1.23925E-02  -4.65925E-04  -1.15832E-02   2.54345E-03  -1.01414E-02   5.15365E-03  -8.20549E-03   7.24722E-03  -5.93168E-03   8.74554E-03  -3.48345E-03   9.61040E-03  -1.02128E-03   9.84313E-03   1.30652E-03   9.48145E-03   3.37165E-03   8.59437E-03   5.07174E-03   7.27571E-03   6.33441E-03   5.63669E-03   7.11914E-03   3.79807E-03   7.41721E-03   1.88239E-03   7.24967E-03   6.73578E-06
 4.17000E+01   3.22489E-03  -1.78455E-02  -9.90697E-04  -1.70267E-02  -4.75815E-03  -1.53556E-02  -7.89774E-03  -1.29785E-02  -1.02803E-02  -1.00764E-02  -1.18309E-02  -6.85017E-03  -1.25291E-02  -3.50659E-03  -1.24062E-02  -2.44818E-04  -1.15388E-02   2.75517E-03  -1.00412E-02   5.34199E-03  -8.05585E-03   7.39980E-03  -5.74208E-03   8.85243E-03  -3.26596E-03   9.66483E-03  -7.89684E-04   9.84193E-03   1.53772E-03   9.42521E-03   3.58817E-03   8.48736E-03   5.26044E-03   7.12551E-03   6.48415E-03   5.45362E-03   7.22143E-03   3.59443E-03   7.46668E-03   1.67160E-03   7.24432E-03  -1.97618E-04
 4.20000E+01   3.02659E-03  -1.78668E-02  -1.20159E-03  -1.69985E-02  -4.96685E-03  -1.52766E-02  -8.08936E-03  -1.28516E-02  -1.04410E-02  -9.90823E-03  -1.19490E-02  -6.65092E-03  -1.25959E-02  -3.28893E-03  -1.24164E-02  -2.29594E-05  -1.14913E-02   2.96652E-03  -9.93882E-03   5.52878E-03  -7.90495E-03   7.54964E-03  -5.55241E-03   8.95550E-03  -3.04970E-03   9.71454E-03  -5.60618E-04   9.83538E-03   1.76514E-03   9.36333E-03   3.79980E-03   8.37477E-03   5.44342E-03   6.97018E-03   6.62766E-03   5.26623E-03   7.31736E-03   3.38761E-03   7.51007E-03   1.45901E-03   7.23360E-03  -4.02213E-04
 4.23000E+01   2.82946E-03  -1.78863E-02  -1.41066E-03  -1.69679E-02  -5.17309E-03  -1.51949E-02  -8.27793E-03  -1.27217E-02  -1.05982E-02  -9.73731E-03  -1.20632E-02  -6.44935E-03  -1.26587E-02  -3.06962E-03  -1.24230E-02   1.99630E-04  -1.14406E-02   3.17753E-03  -9.83400E-03   5.71408E-03  -7.75269E-03   7.69685E-03  -5.36260E-03   9.05489E-03  -2.83463E-03   9.75973E-03  -3.34127E-04   9.82372E-03   1.98868E-03   9.29605E-03   4.00643E-03   8.25688E-03   5.62052E-03   6.80999E-03   6.76475E-03   5.07479E-03   7.40673E-03   3.17783E-03   7.54720E-03   1.24480E-03   7.21735E-03  -6.06925E-04
 4.26000E+01   2.63343E-03  -1.79039E-02  -1.61796E-03  -1.69350E-02  -5.37686E-03  -1.51104E-02  -8.46339E-03  -1.25891E-02  -1.07517E-02  -9.56375E-03  -1.21736E-02  -6.24553E-03  -1.27175E-02  -2.84874E-03  -1.24257E-02   4.22901E-04  -1.13867E-02   3.38820E-03  -9.72665E-03   5.89792E-03  -7.59895E-03   7.84151E-03  -5.17257E-03   9.15075E-03  -2.62074E-03   9.80057E-03  -1.10234E-04   9.80716E-03   2.20826E-03   9.22366E-03   4.20793E-03   8.13397E-03   5.79159E-03   6.64525E-03   6.89526E-03   4.87957E-03   7.48939E-03   2.96536E-03   7.57792E-03   1.02919E-03   7.19542E-03  -8.11605E-04
 4.29000E+01   2.43839E-03  -1.79199E-02  -1.82353E-03  -1.68999E-02  -5.57814E-03  -1.50234E-02  -8.64566E-03  -1.24538E-02  -1.09016E-02  -9.38767E-03  -1.22798E-02  -6.03961E-03  -1.27721E-02  -2.62641E-03  -1.24244E-02   6.46775E-04  -1.13292E-02   3.59847E-03  -9.61659E-03   6.08031E-03  -7.44361E-03   7.98368E-03  -4.98224E-03   9.24317E-03  -2.40799E-03   9.83723E-03   1.11051E-04   9.78593E-03   2.42384E-03   9.14639E-03   4.40420E-03   8.00633E-03   5.95649E-03   6.47625E-03   7.01904E-03   4.68088E-03   7.56516E-03   2.75046E-03   7.60206E-03   8.12418E-04   7.16768E-03  -1.01608E-03
 4.32000E+01   2.24426E-03  -1.79344E-02  -2.02740E-03  -1.68627E-02  -5.77692E-03  -1.49340E-02  -8.82469E-03  -1.23159E-02  -1.10475E-02  -9.20921E-03  -1.23817E-02  -5.83172E-03  -1.28224E-02  -2.40275E-03  -1.24189E-02   8.71152E-04  -1.12680E-02   3.80828E-03  -9.50370E-03   6.26123E-03  -7.28654E-03   8.12337E-03  -4.79153E-03   9.33225E-03  -2.19633E-03   9.86986E-03   3.29730E-04   9.76022E-03   2.63538E-03   9.06449E-03   4.59517E-03   7.87423E-03   6.11513E-03   6.30328E-03   7.13595E-03   4.47901E-03   7.63391E-03   2.53342E-03   7.61948E-03   5.94723E-04   7.13401E-03  -1.22015E-03
 4.36000E+01   1.98663E-03  -1.79512E-02  -2.29670E-03  -1.68100E-02  -6.03810E-03  -1.48113E-02  -9.05830E-03  -1.21285E-02  -1.12360E-02  -8.96784E-03  -1.25109E-02  -5.55173E-03  -1.28823E-02  -2.10271E-03  -1.24048E-02   1.17088E-03  -1.11804E-02   4.08714E-03  -9.34850E-03   6.50005E-03  -7.07423E-03   8.30580E-03  -4.53649E-03   9.44591E-03  -1.91572E-03   9.90727E-03   6.17271E-04   9.71927E-03   2.91109E-03   8.94850E-03   4.84145E-03   7.69165E-03   6.31674E-03   6.06702E-03   7.28097E-03   4.20546E-03   7.71444E-03   2.24124E-03   7.63207E-03   3.03508E-04   7.07968E-03  -1.49124E-03
 4.39000E+01   1.79420E-03  -1.79622E-02  -2.49684E-03  -1.67683E-02  -6.23109E-03  -1.47167E-02  -9.22962E-03  -1.19853E-02  -1.13727E-02  -8.78444E-03  -1.26025E-02  -5.33986E-03  -1.29218E-02  -1.87654E-03  -1.23890E-02   1.39589E-03  -1.11101E-02   4.29547E-03  -9.22843E-03   6.67727E-03  -6.91267E-03   8.43970E-03  -4.34453E-03   9.52737E-03  -1.70640E-03   9.93091E-03   8.29930E-04   9.68377E-03   3.11309E-03   8.85669E-03   5.01984E-03   7.55022E-03   6.46042E-03   5.88600E-03   7.38147E-03   3.99743E-03   7.76637E-03   2.02042E-03   7.63340E-03   8.47541E-05   7.03176E-03  -1.69350E-03
 4.42000E+01   1.60235E-03  -1.79717E-02  -2.69547E-03  -1.67247E-02  -6.42162E-03  -1.46200E-02  -9.39760E-03  -1.18400E-02  -1.15053E-02  -8.59918E-03  -1.26895E-02  -5.12658E-03  -1.29565E-02  -1.64959E-03  -1.23685E-02   1.62090E-03  -1.10356E-02   4.50292E-03  -9.10508E-03   6.85275E-03  -6.74902E-03   8.57104E-03  -4.15191E-03   9.60560E-03  -1.49800E-03   9.95083E-03   1.04005E-03   9.64433E-03   3.31101E-03   8.76100E-03   5.19278E-03   7.40525E-03   6.59761E-03   5.70203E-03   7.47481E-03   3.78729E-03   7.81096E-03   1.79852E-03   7.62769E-03  -1.33954E-04   6.97761E-03  -1.89455E-03
 4.45000E+01   1.41097E-03  -1.79797E-02  -2.89266E-03  -1.66793E-02  -6.60972E-03  -1.45214E-02  -9.56223E-03  -1.16928E-02  -1.16338E-02  -8.41226E-03  -1.27719E-02  -4.91208E-03  -1.29863E-02  -1.42207E-03  -1.23433E-02   1.84572E-03  -1.09569E-02   4.70935E-03  -8.97836E-03   7.02635E-03  -6.58319E-03   8.69975E-03  -3.95854E-03   9.68058E-03  -1.29045E-03   9.96709E-03   1.24766E-03   9.60108E-03   3.50485E-03   8.66162E-03   5.36027E-03   7.25699E-03   6.72827E-03   5.51543E-03   7.56097E-03   3.57538E-03   7.84816E-03   1.57587E-03   7.61491E-03  -3.52301E-04   6.91719E-03  -2.09413E-03
 4.48000E+01   1.22000E-03  -1.79863E-02  -3.08846E-03  -1.66322E-02  -6.79541E-03  -1.44209E-02  -9.72349E-03  -1.15439E-02  -1.17581E-02  -8.22382E-03  -1.28496E-02  -4.69656E-03  -1.30112E-02  -1.19417E-03  -1.23132E-02   2.07014E-03  -1.08739E-02   4.91456E-03  -8.84818E-03   7.19794E-03  -6.41509E-03   8.82574E-03  -3.76436E-03   9.75228E-03  -1.08371E-03   9.97976E-03   1.45280E-03   9.55415E-03   3.69463E-03   8.55874E-03   5.52230E-03   7.10568E-03   6.85240E-03   5.32649E-03   7.63992E-03   3.36204E-03   7.87795E-03   1.35282E-03   7.59502E-03  -5.69964E-04   6.85047E-03  -2.29196E-03
 4.52000E+01   9.65841E-04  -1.79929E-02  -3.34746E-03  -1.65667E-02  -7.03931E-03  -1.42841E-02  -9.93331E-03  -1.13427E-02  -1.19174E-02  -7.97054E-03  -1.29458E-02  -4.40797E-03  -1.30366E-02  -8.90110E-04  -1.22655E-02   2.36839E-03  -1.07563E-02   5.18594E-03  -8.66913E-03   7.42332E-03  -6.18735E-03   8.98931E-03  -3.50411E-03   9.84273E-03  -8.09237E-04   9.99108E-03   1.72254E-03   9.48603E-03   3.94140E-03   8.41645E-03   5.72990E-03   6.89965E-03   7.00777E-03   5.07145E-03   7.73400E-03   3.07591E-03   7.90616E-03   1.05537E-03   7.55746E-03  -8.58547E-04   6.75172E-03  -2.55249E-03
 4.55000E+01   7.75500E-04  -1.79961E-02  -3.54022E-03  -1.65157E-02  -7.21951E-03  -1.41796E-02  -1.00868E-02  -1.11901E-02  -1.20320E-02  -7.77927E-03  -1.30124E-02  -4.19085E-03  -1.30498E-02  -6.62199E-04  -1.22240E-02   2.59104E-03  -1.06630E-02   5.38754E-03  -8.53067E-03   7.58958E-03  -6.01378E-03   9.10851E-03  -3.30787E-03   9.90663E-03  -6.04222E-04   9.99543E-03   1.92205E-03   9.43089E-03   4.12181E-03   8.30610E-03   5.87930E-03   6.74220E-03   7.11674E-03   4.87821E-03   7.79621E-03   2.86049E-03   7.91873E-03   8.32696E-04   7.52106E-03  -1.07333E-03   6.67037E-03  -2.74508E-03
 4.58000E+01   5.85330E-04  -1.79978E-02  -3.73177E-03  -1.64630E-02  -7.39743E-03  -1.40735E-02  -1.02370E-02  -1.10361E-02  -1.21425E-02  -7.58706E-03  -1.30743E-02  -3.97340E-03  -1.30580E-02  -4.34651E-04  -1.21776E-02   2.81256E-03  -1.05652E-02   5.58725E-03  -8.38863E-03   7.75326E-03  -5.83781E-03   9.22460E-03  -3.11069E-03   9.96707E-03  -3.99893E-04   9.99624E-03   2.11920E-03   9.37238E-03   4.29828E-03   8.19281E-03   6.02336E-03   6.58250E-03   7.21929E-03   4.68359E-03   7.85132E-03   2.64472E-03   7.92401E-03   6.10743E-04   7.47767E-03  -1.28633E-03   6.58284E-03  -2.93493E-03
 4.61000E+01   3.95283E-04  -1.79980E-02  -3.92215E-03  -1.64087E-02  -7.57311E-03  -1.39658E-02  -1.03839E-02  -1.08808E-02  -1.22489E-02  -7.39409E-03  -1.31315E-02  -3.75580E-03  -1.30612E-02  -2.07688E-04  -1.21263E-02   3.03272E-03  -1.04630E-02   5.78485E-03  -8.24302E-03   7.91418E-03  -5.65946E-03   9.33744E-03  -2.91257E-03   1.00240E-02  -1.96230E-04   9.99349E-03   2.31403E-03   9.31056E-03   4.47084E-03   8.07673E-03   6.16214E-03   6.42076E-03   7.31549E-03   4.48787E-03   7.89942E-03   2.42889E-03   7.92208E-03   3.89841E-04   7.42738E-03  -1.49723E-03   6.48920E-03  -3.12175E-03
 4.65000E+01   1.42015E-04  -1.79956E-02  -4.17424E-03  -1.63337E-02  -7.80393E-03  -1.38200E-02  -1.05749E-02  -1.06721E-02  -1.23844E-02  -7.13587E-03  -1.32005E-02  -3.46578E-03  -1.30579E-02   9.36466E-05  -1.20503E-02   3.32378E-03  -1.03199E-02   6.04468E-03  -8.04336E-03   8.12413E-03  -5.41798E-03   9.48258E-03  -2.64695E-03   1.00942E-02   7.43034E-05   9.98427E-03   2.57025E-03   9.22310E-03   4.69494E-03   7.91786E-03   6.33908E-03   6.20228E-03   7.43403E-03   4.22564E-03   7.95282E-03   2.14157E-03   7.90849E-03   9.74918E-05   7.34979E-03  -1.77461E-03   6.35507E-03  -3.36561E-03
 4.68000E+01  -4.78754E-05  -1.79919E-02  -4.36205E-03  -1.62756E-02  -7.97454E-03  -1.37090E-02  -1.07144E-02  -1.05144E-02  -1.24814E-02  -6.94170E-03  -1.32469E-02  -3.24858E-03  -1.30496E-02   3.18414E-04  -1.19878E-02   3.53991E-03  -1.02076E-02   6.23655E-03  -7.88956E-03   8.27789E-03  -5.23415E-03   9.58728E-03  -2.44667E-03   1.01426E-02   2.76442E-04   9.97317E-03   2.75977E-03   9.15380E-03   4.85859E-03   7.79577E-03   6.46582E-03   6.03654E-03   7.51576E-03   4.02833E-03   7.98498E-03   1.92678E-03   7.89021E-03  -1.19735E-04   7.28388E-03  -1.97938E-03   6.24769E-03  -3.54423E-03
 4.71000E+01  -2.37731E-04  -1.79865E-02  -4.54880E-03  -1.62158E-02  -8.14306E-03  -1.35966E-02  -1.08509E-02  -1.03558E-02  -1.25745E-02  -6.74727E-03  -1.32889E-02  -3.03186E-03  -1.30367E-02   5.41904E-04  -1.19206E-02   3.75397E-03  -1.00910E-02   6.42562E-03  -7.73235E-03   8.42829E-03  -5.04806E-03   9.68827E-03  -2.24552E-03   1.01871E-02   4.77917E-04   9.95846E-03   2.94705E-03   9.08137E-03   5.01851E-03   7.67131E-03   6.58752E-03   5.86940E-03   7.59148E-03   3.83074E-03   8.01052E-03   1.71289E-03   7.86517E-03  -3.34894E-04   7.21154E-03  -2.18103E-03   6.13467E-03  -3.71888E-03
 4.75000E+01  -4.90828E-04  -1.79764E-02  -4.79622E-03  -1.61336E-02  -8.36458E-03  -1.34448E-02  -1.10282E-02  -1.01431E-02  -1.26928E-02  -6.48782E-03  -1.33380E-02  -2.74391E-03  -1.30122E-02   8.37581E-04  -1.18239E-02   4.03581E-03  -9.92919E-03   6.67303E-03  -7.51762E-03   8.62330E-03  -4.79657E-03   9.81690E-03  -1.97604E-03   1.02404E-02   7.45486E-04   9.93317E-03   3.19330E-03   8.97998E-03   5.22603E-03   7.50183E-03   6.74214E-03   5.64462E-03   7.68331E-03   3.56719E-03   8.03457E-03   1.42954E-03   7.82158E-03  -6.18086E-04   7.10542E-03  -2.44457E-03   5.97553E-03  -3.94513E-03
 4.78000E+01  -6.80612E-04  -1.79667E-02  -4.98062E-03  -1.60699E-02  -8.52840E-03  -1.33294E-02  -1.11577E-02  -9.98268E-03  -1.27771E-02  -6.29323E-03  -1.33698E-02  -2.52890E-03  -1.29886E-02   1.05738E-03  -1.17462E-02   4.24428E-03  -9.80322E-03   6.85485E-03  -7.35289E-03   8.76521E-03  -4.60553E-03   9.90869E-03  -1.77307E-03   1.02758E-02   9.45324E-04   9.90991E-03   3.37542E-03   8.90037E-03   5.37745E-03   7.37219E-03   6.85249E-03   5.47479E-03   7.74551E-03   3.36972E-03   8.04532E-03   1.21871E-03   7.78149E-03  -8.27386E-04   7.01885E-03  -2.63790E-03   5.85011E-03  -4.10955E-03
 4.82000E+01  -9.33578E-04  -1.79508E-02  -5.22495E-03  -1.59824E-02  -8.74381E-03  -1.31736E-02  -1.13261E-02  -9.76784E-03  -1.28841E-02  -6.03396E-03  -1.34060E-02  -2.24375E-03  -1.29503E-02   1.34755E-03  -1.16360E-02   4.51803E-03  -9.62938E-03   7.09197E-03  -7.12857E-03   8.94833E-03  -4.34781E-03   1.00246E-02  -1.50143E-03   1.03165E-02   1.21058E-03   9.87312E-03   3.61482E-03   8.78952E-03   5.57384E-03   7.19612E-03   6.99232E-03   5.24694E-03   7.81983E-03   3.10703E-03   8.05029E-03   9.40234E-04   7.71857E-03  -1.10189E-03   6.89452E-03  -2.88946E-03   5.67524E-03  -4.32133E-03
 4.85000E+01  -1.12321E-03  -1.79365E-02  -5.40708E-03  -1.59148E-02  -8.90316E-03  -1.30553E-02  -1.14491E-02  -9.60605E-03  -1.29602E-02  -5.83978E-03  -1.34284E-02  -2.03118E-03  -1.29168E-02   1.56282E-03  -1.15487E-02   4.72001E-03  -9.49478E-03   7.26566E-03  -6.95701E-03   9.08093E-03  -4.15243E-03   1.01066E-02  -1.29707E-03   1.03422E-02   1.40857E-03   9.84116E-03   3.79180E-03   8.70287E-03   5.71706E-03   7.06174E-03   7.09186E-03   5.07515E-03   7.86930E-03   2.91066E-03   8.04724E-03   7.33605E-04   7.66458E-03  -1.30407E-03   6.79493E-03  -3.07319E-03   5.53866E-03  -4.47432E-03
 4.89000E+01  -1.37588E-03  -1.79144E-02  -5.64840E-03  -1.58220E-02  -9.11277E-03  -1.28956E-02  -1.16091E-02  -9.38950E-03  -1.30566E-02  -5.58135E-03  -1.34525E-02  -1.74968E-03  -1.28659E-02   1.84649E-03  -1.14263E-02   4.98461E-03  -9.31004E-03   7.49144E-03  -6.72416E-03   9.25121E-03  -3.88938E-03   1.02090E-02  -1.02393E-03   1.03698E-02   1.67116E-03   9.79266E-03   4.02433E-03   8.58270E-03   5.90269E-03   6.87959E-03   7.21766E-03   4.84509E-03   7.92720E-03   2.64997E-03   8.03453E-03   4.61388E-04   7.58395E-03  -1.56837E-03   6.65416E-03  -3.31124E-03   5.34979E-03  -4.67018E-03
 4.92000E+01  -1.56520E-03  -1.78953E-02  -5.82826E-03  -1.57504E-02  -9.26788E-03  -1.27745E-02  -1.17260E-02  -9.22652E-03  -1.31251E-02  -5.38797E-03  -1.34663E-02  -1.54009E-03  -1.28233E-02   2.05660E-03  -1.13302E-02   5.17940E-03  -9.16775E-03   7.65629E-03  -6.54666E-03   9.37388E-03  -3.69038E-03   1.02807E-02  -8.18730E-04   1.03855E-02   1.86697E-03   9.75185E-03   4.19613E-03   8.48910E-03   6.03796E-03   6.74080E-03   7.30696E-03   4.67190E-03   7.96479E-03   2.45546E-03   8.01878E-03   2.59880E-04   7.51733E-03  -1.76244E-03   6.54293E-03  -3.48437E-03   5.20343E-03  -4.81079E-03
 4.96000E+01  -1.81730E-03  -1.78666E-02  -6.06656E-03  -1.56521E-02  -9.47195E-03  -1.26111E-02  -1.18781E-02  -9.00851E-03  -1.32117E-02  -5.13080E-03  -1.34794E-02  -1.26281E-03  -1.27609E-02   2.33305E-03  -1.11967E-02   5.43408E-03  -8.97341E-03   7.86994E-03  -6.30650E-03   9.53058E-03  -3.42307E-03   1.03691E-02  -5.44900E-04   1.03996E-02   2.12640E-03   9.69148E-03   4.42170E-03   8.35971E-03   6.21314E-03   6.55294E-03   7.41946E-03   4.44028E-03   8.00742E-03   2.19766E-03   7.98988E-03  -5.01936E-06   7.42075E-03  -2.01538E-03   6.38760E-03  -3.70772E-03   5.00251E-03  -4.98964E-03
 4.99000E+01  -2.00607E-03  -1.78426E-02  -6.24412E-03  -1.55763E-02  -9.62299E-03  -1.24872E-02  -1.19894E-02  -8.84449E-03  -1.32732E-02  -4.93847E-03  -1.34854E-02  -1.05655E-03  -1.27102E-02   2.53756E-03  -1.10929E-02   5.62121E-03  -8.82444E-03   8.02548E-03  -6.12401E-03   9.64288E-03  -3.22130E-03   1.04299E-02  -3.39518E-04   1.04050E-02   2.31964E-03   9.64171E-03   4.58821E-03   8.25924E-03   6.34069E-03   6.41000E-03   7.49905E-03   4.26611E-03   8.03399E-03   2.00558E-03   7.96255E-03  -2.00728E-04   7.34283E-03  -2.20058E-03   6.26619E-03  -3.86948E-03   4.84786E-03  -5.11717E-03
 5.03000E+01  -2.25725E-03  -1.78071E-02  -6.47931E-03  -1.54725E-02  -9.82173E-03  -1.23200E-02  -1.21341E-02  -8.62512E-03  -1.33508E-02  -4.68279E-03  -1.34884E-02  -7.83859E-04  -1.26375E-02   2.80637E-03  -1.09498E-02   5.86546E-03  -8.62187E-03   8.22650E-03  -5.87787E-03   9.78555E-03  -2.95088E-03   1.05039E-02  -6.59128E-05   1.04053E-02   2.57534E-03   9.56937E-03   4.80662E-03   8.12072E-03   6.50567E-03   6.21672E-03   7.59896E-03   4.03339E-03   8.06247E-03   1.75130E-03   7.91895E-03  -4.57559E-04   7.23208E-03  -2.44133E-03   6.09828E-03  -4.07732E-03   4.63690E-03  -5.27824E-03
 5.07000E+01  -2.50772E-03  -1.77677E-02  -6.71265E-03  -1.53653E-02  -1.00175E-02  -1.21507E-02  -1.22748E-02  -8.40498E-03  -1.34236E-02  -4.42800E-03  -1.34862E-02  -5.13843E-04  -1.25596E-02   3.07073E-03  -1.08017E-02   6.10366E-03  -8.41523E-03   8.42019E-03  -5.62890E-03   9.92008E-03  -2.67923E-03   1.05695E-02   2.07128E-04   1.03977E-02   2.82861E-03   9.49017E-03   5.02082E-03   7.97702E-03   6.66491E-03   6.02044E-03   7.69195E-03   3.80019E-03   8.08335E-03   1.49923E-03   7.86761E-03  -7.09553E-04   7.11403E-03  -2.67488E-03   5.92406E-03  -4.27605E-03   4.42111E-03  -5.42894E-03
 5.10000E+01  -2.69503E-03  -1.77356E-02  -6.88642E-03  -1.52829E-02  -1.01624E-02  -1.20223E-02  -1.23778E-02  -8.23935E-03  -1.34751E-02  -4.23749E-03  -1.34813E-02  -3.13091E-04  -1.24978E-02   3.26606E-03  -1.06877E-02   6.27831E-03  -8.25784E-03   8.56063E-03  -5.44059E-03   1.00156E-02  -2.47493E-03   1.06132E-02   4.11341E-04   1.03868E-02   3.01683E-03   9.42629E-03   5.17864E-03   7.86587E-03   6.78058E-03   5.87130E-03   7.75726E-03   3.62502E-03   8.09422E-03   1.31168E-03   7.82430E-03  -8.95310E-04   7.02104E-03  -2.84526E-03   5.78963E-03  -4.41907E-03   4.25650E-03  -5.53511E-03
 5.14000E+01  -2.94393E-03  -1.76893E-02  -7.11639E-03  -1.51700E-02  -1.03530E-02  -1.18490E-02  -1.25117E-02  -8.01779E-03  -1.35400E-02  -3.98421E-03  -1.34705E-02  -4.77449E-05  -1.24114E-02   3.52260E-03  -1.05320E-02   6.50586E-03  -8.04510E-03   8.74144E-03  -5.18773E-03   1.01359E-02  -2.20207E-03   1.06641E-02   6.82609E-04   1.03654E-02   3.26529E-03   9.33514E-03   5.38522E-03   7.71320E-03   6.92982E-03   5.66990E-03   7.83856E-03   3.39116E-03   8.10255E-03   1.06367E-03   7.76049E-03  -1.13861E-03   6.89153E-03  -3.06598E-03   5.60587E-03  -4.60167E-03   4.03384E-03  -5.66751E-03
 5.18000E+01  -3.19175E-03  -1.76390E-02  -7.34435E-03  -1.50538E-02  -1.05406E-02  -1.16736E-02  -1.26420E-02  -7.79536E-03  -1.36006E-02  -3.73172E-03  -1.34553E-02   2.14998E-04  -1.23207E-02   3.77475E-03  -1.03725E-02   6.72740E-03  -7.82945E-03   8.91496E-03  -4.93321E-03   1.02481E-02  -1.92905E-03   1.07067E-02   9.52415E-04   1.03360E-02   3.51069E-03   9.23721E-03   5.58726E-03   7.55546E-03   7.07336E-03   5.46565E-03   7.91339E-03   3.15699E-03   8.10411E-03   8.18056E-04   7.69011E-03  -1.37689E-03   6.75620E-03  -3.27932E-03   5.41748E-03  -4.77503E-03   3.80812E-03  -5.78945E-03
 5.21000E+01  -3.37682E-03  -1.75987E-02  -7.51394E-03  -1.49645E-02  -1.06795E-02  -1.15404E-02  -1.27373E-02  -7.62794E-03  -1.36434E-02  -3.54284E-03  -1.34410E-02   4.10392E-04  -1.22499E-02   3.96102E-03  -1.02506E-02   6.88965E-03  -7.66603E-03   9.04035E-03  -4.74147E-03   1.03269E-02  -1.72441E-03   1.07333E-02   1.15362E-03   1.03089E-02   3.69257E-03   9.15935E-03   5.73574E-03   7.43386E-03   7.17727E-03   5.31061E-03   7.96533E-03   2.98118E-03   8.10098E-03   6.35427E-04   7.63326E-03  -1.55230E-03   6.65117E-03  -3.43450E-03   5.27348E-03  -4.89901E-03   3.63719E-03  -5.87409E-03
 5.25000E+01  -3.62240E-03  -1.75416E-02  -7.73816E-03  -1.48425E-02  -1.08620E-02  -1.13609E-02  -1.28612E-02  -7.40386E-03  -1.36969E-02  -3.29158E-03  -1.34184E-02   6.68779E-04  -1.21521E-02   4.20569E-03  -1.00851E-02   7.10088E-03  -7.44618E-03   9.20130E-03  -4.48497E-03   1.04251E-02  -1.45199E-03   1.07616E-02   1.42009E-03   1.02660E-02   3.93200E-03   9.04973E-03   5.92951E-03   7.26739E-03   7.31078E-03   5.10145E-03   8.02909E-03   2.74655E-03   8.09127E-03   3.94032E-04   7.55231E-03  -1.78179E-03   6.50680E-03  -3.63500E-03   5.07832E-03  -5.05632E-03   3.40755E-03  -5.97791E-03
 5.29000E+01  -3.86652E-03  -1.74806E-02  -7.96013E-03  -1.47172E-02  -1.10415E-02  -1.11790E-02  -1.29815E-02  -7.17875E-03  -1.37464E-02  -3.04090E-03  -1.33918E-02   9.24817E-04  -1.20507E-02   4.44623E-03  -9.91677E-03   7.30638E-03  -7.22440E-03   9.35525E-03  -4.22784E-03   1.05155E-02  -1.18040E-03   1.07818E-02   1.68424E-03   1.02154E-02   4.16769E-03   8.93356E-03   6.11835E-03   7.09603E-03   7.43850E-03   4.88958E-03   8.08663E-03   2.51168E-03   8.07541E-03   1.55043E-04   7.46576E-03  -2.00631E-03   6.35785E-03  -3.82826E-03   4.88000E-03  -5.20459E-03   3.17644E-03  -6.07156E-03
 5.33000E+01  -4.10905E-03  -1.74157E-02  -8.17975E-03  -1.45886E-02  -1.12180E-02  -1.09948E-02  -1.30982E-02  -6.95256E-03  -1.37921E-02  -2.79071E-03  -1.33614E-02   1.17862E-03  -1.19459E-02   4.68280E-03  -9.74570E-03   7.50630E-03  -7.00099E-03   9.50236E-03  -3.97039E-03   1.05982E-02  -9.09955E-04   1.07941E-02   1.94577E-03   1.01573E-02   4.39939E-03   8.81094E-03   6.30209E-03   6.91988E-03   7.56037E-03   4.67503E-03   8.13802E-03   2.27661E-03   8.05358E-03  -8.15581E-05   7.37391E-03  -2.22593E-03   6.20472E-03  -4.01437E-03   4.67899E-03  -5.34396E-03   2.94438E-03  -6.15520E-03
 5.37000E+01  -4.34986E-03  -1.73471E-02  -8.39692E-03  -1.44567E-02  -1.13913E-02  -1.08081E-02  -1.32114E-02  -6.72523E-03  -1.38340E-02  -2.54093E-03  -1.33273E-02   1.43032E-03  -1.18378E-02   4.91553E-03  -9.57216E-03   7.70081E-03  -6.77622E-03   9.64278E-03  -3.71293E-03   1.06734E-02  -6.40958E-04   1.07987E-02   2.20439E-03   1.00920E-02   4.62687E-03   8.68201E-03   6.48056E-03   6.73903E-03   7.67631E-03   4.45788E-03   8.18327E-03   2.04135E-03   8.02590E-03  -3.15793E-04   7.27701E-03  -2.44070E-03   6.04778E-03  -4.19344E-03   4.47573E-03  -5.47459E-03   2.71186E-03  -6.22904E-03
 5.41000E+01  -4.58886E-03  -1.72749E-02  -8.61156E-03  -1.43216E-02  -1.15615E-02  -1.06191E-02  -1.33209E-02  -6.49671E-03  -1.38720E-02  -2.29146E-03  -1.32895E-02   1.68002E-03  -1.17265E-02   5.14457E-03  -9.39634E-03   7.89008E-03  -6.55034E-03   9.77670E-03  -3.45571E-03   1.07413E-02  -3.73690E-04   1.07958E-02   2.45983E-03   1.00194E-02   4.84989E-03   8.54692E-03   6.65359E-03   6.55360E-03   7.78623E-03   4.23821E-03   8.22240E-03   1.80594E-03   7.99251E-03  -5.47682E-04   7.17529E-03  -2.65071E-03   5.88733E-03  -4.36562E-03   4.27063E-03  -5.59667E-03   2.47933E-03  -6.29328E-03
 5.44000E+01  -4.76684E-03  -1.72183E-02  -8.77081E-03  -1.42181E-02  -1.16870E-02  -1.04757E-02  -1.34007E-02  -6.32451E-03  -1.38981E-02  -2.10452E-03  -1.32588E-02   1.86606E-03  -1.16411E-02   5.31401E-03  -9.26308E-03   8.02868E-03  -6.38031E-03   9.87300E-03  -3.26312E-03   1.07876E-02  -1.74531E-04   1.07888E-02   2.64917E-03   9.96039E-03   5.01409E-03   8.44167E-03   6.77969E-03   6.41161E-03   7.86466E-03   4.07186E-03   8.24772E-03   1.62931E-03   7.96377E-03  -7.20069E-04   7.09595E-03  -2.80513E-03   5.76488E-03  -4.49032E-03   4.11580E-03  -5.68273E-03   2.30519E-03  -6.33532E-03
 5.48000E+01  -5.00240E-03  -1.71398E-02  -8.98076E-03  -1.40774E-02  -1.18515E-02  -1.02824E-02  -1.35038E-02  -6.09382E-03  -1.39295E-02  -1.85543E-03  -1.32147E-02   2.11254E-03  -1.15246E-02   5.53692E-03  -9.08364E-03   8.20917E-03  -6.15294E-03   9.99600E-03  -3.00691E-03   1.08433E-02   8.91027E-05   1.07731E-02   2.89846E-03   9.87576E-03   5.22878E-03   8.29621E-03   6.94279E-03   6.21851E-03   7.96380E-03   3.84800E-03   8.27611E-03   1.39374E-03   7.92057E-03  -9.47887E-04   6.98624E-03  -3.00698E-03   5.59898E-03  -4.65076E-03   3.90832E-03  -5.79030E-03   2.07363E-03  -6.38337E-03
 5.52000E+01  -5.23586E-03  -1.70578E-02  -9.18791E-03  -1.39336E-02  -1.20126E-02  -1.00868E-02  -1.36031E-02  -5.86186E-03  -1.39571E-02  -1.60646E-03  -1.31671E-02   2.35731E-03  -1.14052E-02   5.75653E-03  -8.90228E-03   8.38486E-03  -5.92494E-03   1.01130E-02  -2.75156E-03   1.08921E-02   3.50351E-04   1.07505E-02   3.14391E-03   9.78450E-03   5.43842E-03   8.14509E-03   7.09997E-03   6.02124E-03   8.05663E-03   3.62191E-03   8.29830E-03   1.15816E-03   7.87185E-03  -1.17338E-03   6.87215E-03  -3.20427E-03   5.43028E-03  -4.80469E-03   3.69990E-03  -5.88988E-03   1.84314E-03  -6.42254E-03
 5.56000E+01  -5.46715E-03  -1.69725E-02  -9.39216E-03  -1.37867E-02  -1.21701E-02  -9.88881E-03  -1.36986E-02  -5.62863E-03  -1.39808E-02  -1.35759E-03  -1.31159E-02   2.60046E-03  -1.12829E-02   5.97294E-03  -8.71909E-03   8.55591E-03  -5.69645E-03   1.02242E-02  -2.49723E-03   1.09345E-02   6.09017E-04   1.07211E-02   3.38531E-03   9.68684E-03   5.64280E-03   7.98851E-03   7.25108E-03   5.81998E-03   8.14304E-03   3.39373E-03   8.31427E-03   9.22650E-04   7.81764E-03  -1.39654E-03   6.75383E-03  -3.39706E-03   5.25901E-03  -4.95225E-03   3.49083E-03  -5.98166E-03   1.61403E-03  -6.45310E-03
 5.60000E+01  -5.69619E-03  -1.68839E-02  -9.59341E-03  -1.36369E-02  -1.23241E-02  -9.68854E-03  -1.37901E-02  -5.39414E-03  -1.40005E-02  -1.10878E-03  -1.30611E-02   2.84204E-03  -1.11577E-02   6.18625E-03  -8.53413E-03   8.72247E-03  -5.46757E-03   1.03298E-02  -2.24406E-03   1.09705E-02   8.64926E-04   1.06852E-02   3.62249E-03   9.58301E-03   5.84175E-03   7.82668E-03   7.39595E-03   5.61492E-03   8.22291E-03   3.16361E-03   8.32395E-03   6.87312E-04   7.75796E-03  -1.61734E-03   6.63136E-03  -3.58541E-03   5.08531E-03  -5.09356E-03   3.28134E-03  -6.06587E-03   1.38659E-03  -6.47531E-03
 5.64000E+01  -5.92293E-03  -1.67922E-02  -9.79160E-03  -1.34842E-02  -1.24744E-02  -9.48604E-03  -1.38776E-02  -5.15843E-03  -1.40161E-02  -8.60036E-04  -1.30026E-02   3.08209E-03  -1.10297E-02   6.39655E-03  -8.34742E-03   8.88465E-03  -5.23837E-03   1.04300E-02  -1.99218E-03   1.10004E-02   1.11792E-03   1.06429E-02   3.85527E-03   9.47325E-03   6.03510E-03   7.65985E-03   7.53443E-03   5.40628E-03   8.29613E-03   2.93171E-03   8.32730E-03   4.52258E-04   7.69282E-03  -1.83573E-03   6.50482E-03  -3.76934E-03   4.90936E-03  -5.22875E-03   3.07165E-03  -6.14269E-03   1.16109E-03  -6.48947E-03
 5.68000E+01  -6.14731E-03  -1.66974E-02  -9.98663E-03  -1.33287E-02  -1.26209E-02  -9.28137E-03  -1.39610E-02  -4.92153E-03  -1.40276E-02  -6.11366E-04  -1.29404E-02   3.32065E-03  -1.08987E-02   6.60391E-03  -8.15899E-03   9.04256E-03  -5.00893E-03   1.05248E-02  -1.74170E-03   1.10243E-02   1.36787E-03   1.05946E-02   4.08348E-03   9.35778E-03   6.22268E-03   7.48825E-03   7.66639E-03   5.19428E-03   8.36259E-03   2.69823E-03   8.32424E-03   2.17622E-04   7.62222E-03  -2.05165E-03   6.37429E-03  -3.94887E-03   4.73128E-03  -5.35793E-03   2.86196E-03  -6.21234E-03   9.37775E-04  -6.49586E-03
 5.73000E+01  -6.42440E-03  -1.65748E-02  -1.02259E-02  -1.31305E-02  -1.27986E-02  -9.02263E-03  -1.40592E-02  -4.62384E-03  -1.40361E-02  -3.00691E-04  -1.28573E-02   3.61675E-03  -1.07308E-02   6.85903E-03  -7.92104E-03   9.23410E-03  -4.72186E-03   1.06361E-02  -1.43068E-03   1.10461E-02   1.67584E-03   1.05259E-02   4.36214E-03   9.20580E-03   6.44884E-03   7.26743E-03   7.82195E-03   4.92492E-03   8.43601E-03   2.40446E-03   8.31133E-03  -7.48545E-05   7.52629E-03  -2.31796E-03   6.20559E-03  -4.16712E-03   4.50586E-03  -5.51110E-03   2.60008E-03  -6.28960E-03   6.61999E-04  -6.49331E-03
 5.77000E+01  -6.64331E-03  -1.64736E-02  -1.04136E-02  -1.29691E-02  -1.29363E-02  -8.81342E-03  -1.41329E-02  -4.38454E-03  -1.40380E-02  -5.23475E-05  -1.27864E-02   3.85192E-03  -1.05932E-02   7.05990E-03  -7.72875E-03   9.38273E-03  -4.49201E-03   1.07195E-02  -1.18362E-03   1.10573E-02   1.91853E-03   1.04647E-02   4.57963E-03   9.07839E-03   6.62296E-03   7.08602E-03   7.93876E-03   4.70624E-03   8.48691E-03   2.16819E-03   8.29367E-03  -3.07971E-04   7.44340E-03  -2.52800E-03   6.06626E-03  -4.33677E-03   4.32340E-03  -5.62709E-03   2.39095E-03  -6.34378E-03   4.44301E-04  -6.48319E-03
 5.81000E+01  -6.85974E-03  -1.63697E-02  -1.05979E-02  -1.28052E-02  -1.30700E-02  -8.60236E-03  -1.42022E-02  -4.14432E-03  -1.40355E-02   1.95739E-04  -1.27116E-02   4.08552E-03  -1.04525E-02   7.25789E-03  -7.53471E-03   9.52733E-03  -4.26203E-03   1.07979E-02  -9.38183E-04   1.10631E-02   2.15784E-03   1.03980E-02   4.79218E-03   8.94608E-03   6.79092E-03   6.90068E-03   8.04868E-03   4.48502E-03   8.53077E-03   1.93106E-03   8.26945E-03  -5.40115E-04   7.35504E-03  -2.73525E-03   5.92309E-03  -4.50198E-03   4.13914E-03  -5.73733E-03   2.18229E-03  -6.39136E-03   2.29372E-04  -6.46616E-03
 5.85000E+01  -7.07368E-03  -1.62631E-02  -1.07788E-02  -1.26390E-02  -1.31995E-02  -8.38957E-03  -1.42670E-02  -3.90330E-03  -1.40286E-02   4.43475E-04  -1.26329E-02   4.31749E-03  -1.03087E-02   7.45299E-03  -7.33893E-03   9.66794E-03  -4.03193E-03   1.08716E-02  -6.94407E-04   1.10636E-02   2.39372E-03   1.03262E-02   4.99971E-03   8.80910E-03   6.95264E-03   6.71168E-03   8.15162E-03   4.26152E-03   8.56752E-03   1.69331E-03   8.23863E-03  -7.71082E-04   7.26121E-03  -2.93956E-03   5.77614E-03  -4.66270E-03   3.95316E-03  -5.84187E-03   1.97422E-03  -6.43250E-03   1.73503E-05  -6.44248E-03
 5.89000E+01  -7.28510E-03  -1.61541E-02  -1.09563E-02  -1.24705E-02  -1.33249E-02  -8.17518E-03  -1.43273E-02  -3.66159E-03  -1.40170E-02   6.90751E-04  -1.25500E-02   4.54776E-03  -1.01619E-02   7.64517E-03  -7.14139E-03   9.80455E-03  -3.80172E-03   1.09405E-02  -4.52329E-04   1.10591E-02   2.62611E-03   1.02493E-02   5.20215E-03   8.66770E-03   7.10803E-03   6.51928E-03   8.24752E-03   4.03602E-03   8.59712E-03   1.45521E-03   8.20120E-03  -1.00065E-03   7.16194E-03  -3.14079E-03   5.62544E-03  -4.81887E-03   3.76555E-03  -5.94076E-03   1.76685E-03  -6.46734E-03  -1.91642E-04  -6.41239E-03
 5.94000E+01  -7.54584E-03  -1.60144E-02  -1.11732E-02  -1.22570E-02  -1.34756E-02  -7.90514E-03  -1.43960E-02  -3.35870E-03  -1.39961E-02   9.99007E-04  -1.24406E-02   4.83303E-03  -9.97382E-03   7.88118E-03  -6.89195E-03   9.96972E-03  -3.51380E-03   1.10200E-02  -1.52163E-04   1.10464E-02   2.91161E-03   1.01465E-02   5.44796E-03   8.48509E-03   7.29331E-03   6.27442E-03   8.35743E-03   3.75177E-03   8.62403E-03   1.15750E-03   8.14511E-03  -1.28530E-03   7.03022E-03  -3.38775E-03   5.43188E-03  -5.00756E-03   3.52885E-03  -6.05644E-03   1.50874E-03  -6.50223E-03  -4.48464E-04  -6.36611E-03
 5.98000E+01  -7.75159E-03  -1.59000E-02  -1.13428E-02  -1.20840E-02  -1.35915E-02  -7.68764E-03  -1.44458E-02  -3.11597E-03  -1.39742E-02   1.24478E-03  -1.23485E-02   5.05908E-03  -9.81982E-03   8.06653E-03  -6.69038E-03   1.00973E-02  -3.28337E-03   1.10784E-02   8.59971E-05   1.10308E-02   3.13599E-03   1.00590E-02   5.63877E-03   8.33460E-03   7.43431E-03   6.07537E-03   8.43736E-03   3.52282E-03   8.63747E-03   9.19608E-04   8.09282E-03  -1.51088E-03   6.91880E-03  -3.58142E-03   5.27297E-03  -5.15318E-03   3.33785E-03  -6.14266E-03   1.30326E-03  -6.52335E-03  -6.50276E-04  -6.32244E-03
 6.02000E+01  -7.95483E-03  -1.57835E-02  -1.15089E-02  -1.19091E-02  -1.37030E-02  -7.46898E-03  -1.44908E-02  -2.87303E-03  -1.39476E-02   1.48964E-03  -1.22521E-02   5.28305E-03  -9.66261E-03   8.24873E-03  -6.48703E-03   1.02209E-02  -3.05285E-03   1.11323E-02   3.22383E-04   1.10105E-02   3.35677E-03   9.96715E-03   5.82438E-03   8.18043E-03   7.56889E-03   5.87379E-03   8.51018E-03   3.29279E-03   8.64375E-03   6.82257E-04   8.03396E-03  -1.73428E-03   6.80205E-03  -3.77145E-03   5.11051E-03  -5.29396E-03   3.14546E-03  -6.22324E-03   1.09877E-03  -6.53855E-03  -8.48763E-04  -6.27308E-03
 6.06000E+01  -8.15557E-03  -1.56648E-02  -1.16714E-02  -1.17325E-02  -1.38102E-02  -7.24931E-03  -1.45312E-02  -2.63003E-03  -1.39162E-02   1.73345E-03  -1.21516E-02   5.50482E-03  -9.50222E-03   8.42767E-03  -6.28190E-03   1.03404E-02  -2.82226E-03   1.11815E-02   5.56976E-04   1.09855E-02   3.57393E-03   9.87099E-03   6.00476E-03   8.02281E-03   7.69705E-03   5.66997E-03   8.57591E-03   3.06198E-03   8.64290E-03   4.45732E-04   7.96860E-03  -1.95527E-03   6.68006E-03  -3.95762E-03   4.94459E-03  -5.42978E-03   2.95179E-03  -6.29819E-03   8.95338E-04  -6.54793E-03  -1.04385E-03  -6.21823E-03
 6.11000E+01  -8.40300E-03  -1.55135E-02  -1.18697E-02  -1.15095E-02  -1.39382E-02  -6.97351E-03  -1.45750E-02  -2.32645E-03  -1.38705E-02   2.03648E-03  -1.20201E-02   5.77871E-03  -9.29726E-03   8.64660E-03  -6.02300E-03   1.04840E-02  -2.53397E-03   1.12367E-02   8.47671E-04   1.09479E-02   3.84028E-03   9.74503E-03   6.22290E-03   7.82125E-03   7.84823E-03   5.41240E-03   8.64815E-03   2.77279E-03   8.63189E-03   1.51663E-04   7.87788E-03  -2.22770E-03   6.52032E-03  -4.18463E-03   4.73247E-03  -5.59240E-03   2.70803E-03  -6.38391E-03   6.42676E-04  -6.55158E-03  -1.28285E-03  -6.14225E-03
 6.15000E+01  -8.59817E-03  -1.53903E-02  -1.20244E-02  -1.13295E-02  -1.40358E-02  -6.75209E-03  -1.46047E-02  -2.08392E-03  -1.38286E-02   2.27732E-03  -1.19102E-02   5.99499E-03  -9.12976E-03   8.81782E-03  -5.81394E-03   1.05941E-02  -2.30331E-03   1.12757E-02   1.07817E-03   1.09127E-02   4.04927E-03   9.63980E-03   6.39156E-03   7.65662E-03   7.96202E-03   5.20442E-03   8.69808E-03   2.54123E-03   8.61524E-03  -8.19842E-05   7.79819E-03  -2.44232E-03   6.38687E-03  -4.36143E-03   4.55913E-03  -5.71663E-03   2.51180E-03  -6.44608E-03   4.41946E-04  -6.54815E-03  -1.47010E-03  -6.07573E-03
 6.20000E+01  -8.83869E-03  -1.52336E-02  -1.22129E-02  -1.11025E-02  -1.41519E-02  -6.47454E-03  -1.46353E-02  -1.78142E-03  -1.37698E-02   2.57613E-03  -1.17671E-02   6.26157E-03  -8.91603E-03   9.02674E-03  -5.55026E-03   1.07257E-02  -2.01502E-03   1.13180E-02   1.36368E-03   1.08626E-02   4.30540E-03   9.50291E-03   6.59510E-03   7.44692E-03   8.09537E-03   4.94243E-03   8.75079E-03   2.25196E-03   8.58477E-03  -3.71593E-04   7.68989E-03  -2.70601E-03   6.21318E-03  -4.57610E-03   4.33812E-03  -5.86438E-03   2.26519E-03  -6.51572E-03   1.92923E-04  -6.53601E-03  -1.69913E-03  -5.98571E-03
 6.24000E+01  -9.02839E-03  -1.51062E-02  -1.23599E-02  -1.09195E-02  -1.42400E-02  -6.25206E-03  -1.46547E-02  -1.54013E-03  -1.37176E-02   2.81320E-03  -1.16481E-02   6.47163E-03  -8.74165E-03   9.18966E-03  -5.33749E-03   1.08261E-02  -1.78447E-03   1.13467E-02   1.58997E-03   1.08175E-02   4.50621E-03   9.38927E-03   6.75215E-03   7.27624E-03   8.19503E-03   4.73151E-03   8.78531E-03   2.02100E-03   8.55281E-03  -6.01003E-04   7.59647E-03  -2.91301E-03   6.06892E-03  -4.74253E-03   4.15800E-03  -5.97641E-03   2.06698E-03  -6.56495E-03  -4.67609E-06  -6.52011E-03  -1.87828E-03  -5.90838E-03
 6.29000E+01  -9.26216E-03  -1.49444E-02  -1.25388E-02  -1.06892E-02  -1.43443E-02  -5.97359E-03  -1.46725E-02  -1.23966E-03  -1.36461E-02   3.10681E-03  -1.14938E-02   6.72998E-03  -8.51955E-03   9.38785E-03  -5.06937E-03   1.09453E-02  -1.49647E-03   1.13762E-02   1.87014E-03   1.07552E-02   4.75213E-03   9.24223E-03   6.94130E-03   7.05953E-03   8.31096E-03   4.46654E-03   8.81908E-03   1.73327E-03   8.50363E-03  -8.84513E-04   7.47148E-03  -3.16646E-03   5.88221E-03  -4.94365E-03   3.92898E-03  -6.10852E-03   1.81828E-03  -6.61831E-03  -2.49500E-04  -6.49258E-03  -2.09706E-03  -5.80531E-03
 6.33000E+01  -9.44652E-03  -1.48131E-02  -1.26782E-02  -1.05037E-02  -1.44232E-02  -5.75068E-03  -1.46818E-02  -1.00036E-03  -1.35840E-02   3.33934E-03  -1.13660E-02   6.93311E-03  -8.33869E-03   9.54191E-03  -4.85324E-03   1.10356E-02  -1.26629E-03   1.13945E-02   2.09208E-03   1.07006E-02   4.94478E-03   9.12074E-03   7.08693E-03   6.88367E-03   8.39689E-03   4.25376E-03   8.83874E-03   1.50413E-03   8.45708E-03  -1.10843E-03   7.36512E-03  -3.36470E-03   5.72796E-03  -5.09880E-03   3.74287E-03  -6.20773E-03   1.61875E-03  -6.65442E-03  -4.43501E-04  -6.46449E-03  -2.26790E-03  -5.71791E-03
 6.38000E+01  -9.67370E-03  -1.46466E-02  -1.28479E-02  -1.02706E-02  -1.45162E-02  -5.47203E-03  -1.46872E-02  -7.02789E-04  -1.35004E-02   3.62685E-03  -1.12011E-02   7.18239E-03  -8.10880E-03   9.72869E-03  -4.58121E-03   1.11420E-02  -9.78957E-04   1.14109E-02   2.36672E-03   1.06264E-02   5.18050E-03   8.96421E-03   7.26196E-03   6.66097E-03   8.49593E-03   3.98709E-03   8.85436E-03   1.21938E-03   8.39018E-03  -1.38437E-03   7.22455E-03  -3.60654E-03   5.52937E-03  -5.28528E-03   3.50691E-03  -6.32350E-03   1.36886E-03  -6.69128E-03  -6.83512E-04  -6.42189E-03  -2.47618E-03  -5.60268E-03
 6.42000E+01  -9.85286E-03  -1.45116E-02  -1.29800E-02  -1.00831E-02  -1.45863E-02  -5.24921E-03  -1.46869E-02  -4.66108E-04  -1.34288E-02   3.85418E-03  -1.10652E-02   7.37797E-03  -7.92199E-03   9.87337E-03  -4.36220E-03   1.12220E-02  -7.49503E-04   1.14188E-02   2.58413E-03   1.05623E-02   5.36501E-03   8.83536E-03   7.39642E-03   6.48067E-03   8.56860E-03   3.77341E-03   8.85987E-03   9.93147E-04   8.32990E-03  -1.60170E-03   7.10624E-03  -3.79501E-03   5.36613E-03  -5.42831E-03   3.31574E-03  -6.40940E-03   1.16877E-03  -6.71411E-03  -8.73398E-04  -6.38188E-03  -2.63852E-03  -5.50588E-03
 6.47000E+01  -1.00736E-02  -1.43406E-02  -1.31407E-02  -9.84757E-03  -1.46684E-02  -4.97098E-03  -1.46806E-02  -1.72149E-04  -1.33338E-02   4.13482E-03  -1.08904E-02   7.61746E-03  -7.68505E-03   1.00482E-02  -4.08689E-03   1.13152E-02  -4.63339E-04   1.14222E-02   2.85295E-03   1.04765E-02   5.59055E-03   8.66989E-03   7.55766E-03   6.25284E-03   8.65140E-03   3.50615E-03   8.85828E-03   7.12619E-04   8.24644E-03  -1.86878E-03   6.95139E-03  -4.02407E-03   5.15700E-03  -5.59921E-03   3.07409E-03  -6.50823E-03   9.18702E-04  -6.73431E-03  -1.10792E-03  -6.32452E-03  -2.83603E-03  -5.37928E-03
 6.52000E+01  -1.02909E-02  -1.41671E-02  -1.32965E-02  -9.61087E-03  -1.47448E-02  -4.69319E-03  -1.46681E-02   1.19547E-04  -1.32327E-02   4.41137E-03  -1.07106E-02   7.85126E-03  -7.44457E-03   1.02161E-02  -3.81010E-03   1.14010E-02  -1.78072E-04   1.14182E-02   3.11841E-03   1.03842E-02   5.81044E-03   8.49967E-03   7.71138E-03   6.02247E-03   8.72548E-03   3.23895E-03   8.84756E-03   4.34897E-04   8.15433E-03  -2.13049E-03   6.78922E-03  -4.24561E-03   4.94262E-03  -5.76112E-03   2.82985E-03  -6.59745E-03   6.69014E-04  -6.74521E-03  -1.33907E-03  -6.25911E-03  -3.02745E-03  -5.24668E-03
 6.56000E+01  -1.04622E-02  -1.40266E-02  -1.34178E-02  -9.42072E-03  -1.48019E-02  -4.47135E-03  -1.46539E-02   3.51177E-04  -1.31477E-02   4.62956E-03  -1.05633E-02   8.03410E-03  -7.24982E-03   1.03454E-02  -3.58777E-03   1.14643E-02   4.93660E-05   1.14098E-02   3.32827E-03   1.03059E-02   5.98228E-03   8.36017E-03   7.82901E-03   5.83650E-03   8.77861E-03   3.02543E-03   8.83263E-03   2.14931E-04   8.07468E-03  -2.33579E-03   6.65452E-03  -4.41726E-03   4.76768E-03  -5.88405E-03   2.63289E-03  -6.66185E-03   4.69775E-04  -6.74724E-03  -1.52141E-03  -6.20105E-03  -3.17614E-03  -5.13643E-03
 6.61000E+01  -1.06732E-02  -1.38489E-02  -1.35652E-02  -9.18212E-03  -1.48683E-02  -4.19465E-03  -1.46308E-02   6.38454E-04  -1.30366E-02   4.89839E-03  -1.03750E-02   8.25730E-03  -7.00367E-03   1.05006E-02  -3.30894E-03   1.15365E-02   3.32522E-04   1.13927E-02   3.58739E-03   1.02023E-02   6.19196E-03   8.18175E-03   7.96947E-03   5.60208E-03   8.83754E-03   2.75899E-03   8.80630E-03  -5.70551E-05   7.96802E-03  -2.58714E-03   6.48034E-03  -4.62467E-03   4.54508E-03  -6.02934E-03   2.38511E-03  -6.73354E-03   2.21672E-04  -6.74142E-03  -1.74590E-03  -6.12142E-03  -3.35637E-03  -4.99356E-03
 6.66000E+01  -1.08808E-02  -1.36689E-02  -1.37080E-02  -8.94254E-03  -1.49293E-02  -3.91867E-03  -1.46021E-02   9.23133E-04  -1.29202E-02   5.16278E-03  -1.01825E-02   8.47448E-03  -6.75479E-03   1.06488E-02  -3.02936E-03   1.16012E-02   6.14213E-04   1.13683E-02   3.84280E-03   1.00926E-02   6.39594E-03   7.99894E-03   8.10269E-03   5.36566E-03   8.88837E-03   2.49328E-03   8.77176E-03  -3.25537E-04   7.85386E-03  -2.83242E-03   6.30014E-03  -4.82396E-03   4.31858E-03  -6.16520E-03   2.13598E-03  -6.79541E-03  -2.50291E-05  -6.72635E-03  -1.96634E-03  -6.03405E-03  -3.53025E-03  -4.84528E-03
 6.71000E+01  -1.10851E-02  -1.34865E-02  -1.38464E-02  -8.70203E-03  -1.49852E-02  -3.64347E-03  -1.45680E-02   1.20514E-03  -1.27987E-02   5.42266E-03  -9.98592E-03   8.68558E-03  -6.50346E-03   1.07897E-02  -2.74929E-03   1.16582E-02   8.94219E-04   1.13366E-02   4.09437E-03   9.97670E-03   6.59419E-03   7.81188E-03   8.22876E-03   5.12740E-03   8.93128E-03   2.22846E-03   8.72932E-03  -5.90333E-04   7.73262E-03  -3.07147E-03   6.11440E-03  -5.01501E-03   4.08868E-03  -6.29157E-03   1.88598E-03  -6.84744E-03  -2.69950E-04  -6.70210E-03  -2.18246E-03  -5.93908E-03  -3.69767E-03  -4.69179E-03
 6.76000E+01  -1.12859E-02  -1.33019E-02  -1.39804E-02  -8.46061E-03  -1.50360E-02  -3.36909E-03  -1.45288E-02   1.48444E-03  -1.26726E-02   5.67799E-03  -9.78569E-03   8.89056E-03  -6.24999E-03   1.09235E-02  -2.46901E-03   1.17077E-02   1.17232E-03   1.12978E-02   4.34196E-03   9.85480E-03   6.78667E-03   7.62067E-03   8.34777E-03   4.88743E-03   8.96650E-03   1.96469E-03   8.67931E-03  -8.51287E-04   7.60469E-03  -3.30415E-03   5.92358E-03  -5.19771E-03   3.85585E-03  -6.40839E-03   1.63555E-03  -6.88966E-03  -5.12710E-04  -6.66875E-03  -2.39401E-03  -5.83667E-03  -3.85852E-03  -4.53329E-03
 6.80000E+01  -1.14442E-02  -1.31525E-02  -1.40845E-02  -8.26685E-03  -1.50732E-02  -3.15020E-03  -1.44938E-02   1.70591E-03  -1.25685E-02   5.87895E-03  -9.62304E-03   9.05014E-03  -6.04586E-03   1.10254E-02  -2.24481E-03   1.17419E-02   1.39328E-03   1.12616E-02   4.53707E-03   9.75300E-03   6.93646E-03   7.46480E-03   8.43792E-03   4.69432E-03   8.98924E-03   1.75452E-03   8.63404E-03  -1.05720E-03   7.49781E-03  -3.48565E-03   5.76758E-03  -5.33782E-03   3.66781E-03  -6.49497E-03   1.43520E-03  -6.91641E-03  -7.05106E-04  -6.63559E-03  -2.55978E-03  -5.74948E-03  -3.98240E-03  -4.40302E-03
 6.85000E+01  -1.16390E-02  -1.29638E-02  -1.42107E-02  -8.02386E-03  -1.51153E-02  -2.87735E-03  -1.44457E-02   1.98027E-03  -1.24344E-02   6.12604E-03  -9.41685E-03   9.24411E-03  -5.78925E-03   1.11463E-02  -1.96483E-03   1.17778E-02   1.66738E-03   1.12100E-02   4.77713E-03   9.62049E-03   7.11841E-03   7.26643E-03   8.54436E-03   4.45161E-03   9.01105E-03   1.49297E-03   8.57113E-03  -1.31094E-03   7.35884E-03  -3.70665E-03   5.56876E-03  -5.50538E-03   3.43092E-03  -6.59461E-03   1.18514E-03  -6.94111E-03  -9.43021E-04  -6.58616E-03  -2.76243E-03  -5.63409E-03  -4.13115E-03  -4.23603E-03
 6.90000E+01  -1.18304E-02  -1.27729E-02  -1.43328E-02  -7.78002E-03  -1.51527E-02  -2.60537E-03  -1.43930E-02   2.25190E-03  -1.22963E-02   6.36858E-03  -9.20773E-03   9.43201E-03  -5.53129E-03   1.12601E-02  -1.68538E-03   1.18064E-02   1.93896E-03   1.11514E-02   5.01278E-03   9.48223E-03   7.29444E-03   7.06425E-03   8.64389E-03   4.20755E-03   9.02565E-03   1.23282E-03   8.50144E-03  -1.56055E-03   7.21426E-03  -3.92107E-03   5.36610E-03  -5.66451E-03   3.19242E-03  -6.68478E-03   9.35902E-04  -6.95622E-03  -1.17772E-03  -6.52800E-03  -2.95977E-03  -5.51176E-03  -4.27300E-03  -4.06463E-03
 6.95000E+01  -1.20184E-02  -1.25797E-02  -1.44506E-02  -7.53533E-03  -1.51855E-02  -2.33425E-03  -1.43358E-02   2.52080E-03  -1.21544E-02   6.60659E-03  -8.99589E-03   9.61387E-03  -5.27222E-03   1.13669E-02  -1.40672E-03   1.18276E-02   2.20778E-03   1.10859E-02   5.24387E-03   9.33835E-03   7.46448E-03   6.85838E-03   8.73655E-03   3.96225E-03   9.03317E-03   9.74159E-04   8.42524E-03  -1.80595E-03   7.06441E-03  -4.12890E-03   5.16002E-03  -5.81524E-03   2.95274E-03  -6.76554E-03   6.87907E-04  -6.96187E-03  -1.40884E-03  -6.46129E-03  -3.15153E-03  -5.38269E-03  -4.40784E-03  -3.88902E-03
 7.00000E+01  -1.22030E-02  -1.23844E-02  -1.45642E-02  -7.28979E-03  -1.52138E-02  -2.06397E-03  -1.42742E-02   2.78701E-03  -1.20087E-02   6.84013E-03  -8.78158E-03   9.78977E-03  -5.01231E-03   1.14667E-02  -1.12909E-03   1.18416E-02   2.47365E-03   1.10137E-02   5.47025E-03   9.18898E-03   7.62844E-03   6.64895E-03   8.82235E-03   3.71584E-03   9.03377E-03   7.17084E-04   8.34275E-03  -2.04710E-03   6.90963E-03  -4.33012E-03   4.95091E-03  -5.95761E-03   2.71231E-03  -6.83701E-03   4.41566E-04  -6.95823E-03  -1.63604E-03  -6.38624E-03  -3.33747E-03  -5.24711E-03  -4.53554E-03  -3.70946E-03
 7.05000E+01  -1.23841E-02  -1.21868E-02  -1.46738E-02  -7.04342E-03  -1.52376E-02  -1.79453E-03  -1.42083E-02   3.05056E-03  -1.18595E-02   7.06924E-03  -8.56500E-03   9.95979E-03  -4.75176E-03   1.15598E-02  -8.52717E-04   1.18484E-02   2.73635E-03   1.09349E-02   5.69176E-03   9.03424E-03   7.78626E-03   6.43610E-03   8.90132E-03   3.46843E-03   9.02754E-03   4.61682E-04   8.25421E-03  -2.28394E-03   6.75021E-03  -4.52476E-03   4.73914E-03  -6.09171E-03   2.47153E-03  -6.89932E-03   1.97270E-04  -6.94546E-03  -1.85896E-03  -6.30307E-03  -3.51734E-03  -5.10526E-03  -4.65598E-03  -3.52617E-03
 7.10000E+01  -1.25617E-02  -1.19871E-02  -1.47791E-02  -6.79622E-03  -1.52571E-02  -1.52591E-03  -1.41383E-02   3.31148E-03  -1.17069E-02   7.29398E-03  -8.34632E-03   1.01240E-02  -4.49080E-03   1.16461E-02  -5.77817E-04   1.18483E-02   2.99569E-03   1.08496E-02   5.90826E-03   8.87431E-03   7.93785E-03   6.21997E-03   8.97347E-03   3.22015E-03   9.01461E-03   2.08037E-04   8.15980E-03  -2.51645E-03   6.58645E-03  -4.71282E-03   4.52507E-03  -6.21761E-03   2.23078E-03  -6.95261E-03  -4.46077E-05  -6.92378E-03  -2.07730E-03  -6.21201E-03  -3.69089E-03  -4.95742E-03  -4.76904E-03  -3.33941E-03
 7.16000E+01  -1.27702E-02  -1.17447E-02  -1.49000E-02  -6.49851E-03  -1.52746E-02  -1.20465E-03  -1.40489E-02   3.62115E-03  -1.15196E-02   7.55800E-03  -8.08138E-03   1.03135E-02  -4.17738E-03   1.17409E-02  -2.50164E-04   1.18392E-02   3.30221E-03   1.07389E-02   6.16123E-03   8.67574E-03   8.11142E-03   5.95649E-03   9.05103E-03   2.92123E-03   8.99037E-03  -9.38940E-05   8.03903E-03  -2.78970E-03   6.38458E-03  -4.92988E-03   4.26559E-03  -6.35803E-03   1.94242E-03  -7.00490E-03  -3.31174E-04  -6.88631E-03  -2.33280E-03  -6.09271E-03  -3.89051E-03  -4.77246E-03  -4.89481E-03  -3.11109E-03
 7.21000E+01  -1.29400E-02  -1.15405E-02  -1.49961E-02  -6.24956E-03  -1.52844E-02  -9.37834E-04  -1.39699E-02   3.87639E-03  -1.13600E-02   7.77335E-03  -7.85867E-03   1.04653E-02  -3.91617E-03   1.18128E-02   2.08038E-05   1.18242E-02   3.55352E-03   1.06399E-02   6.36619E-03   8.50494E-03   8.24902E-03   5.73370E-03   9.10814E-03   2.67148E-03   8.96298E-03  -3.43363E-04   7.93236E-03  -3.01256E-03   6.21218E-03  -5.10362E-03   4.04756E-03  -6.46627E-03   1.70296E-03  -7.03898E-03  -5.66521E-04  -6.84583E-03  -2.53997E-03  -5.98526E-03  -4.04941E-03  -4.61239E-03  -4.99124E-03  -2.91763E-03
 7.26000E+01  -1.31061E-02  -1.13342E-02  -1.50881E-02  -5.99984E-03  -1.52898E-02  -6.71836E-04  -1.38870E-02   4.12910E-03  -1.11974E-02   7.98453E-03  -7.63435E-03   1.06116E-02  -3.65511E-03   1.18784E-02   2.89702E-04   1.18028E-02   3.80091E-03   1.05350E-02   6.56569E-03   8.32948E-03   8.38013E-03   5.50814E-03   9.15841E-03   2.42128E-03   8.92914E-03  -5.90783E-04   7.82036E-03  -3.23099E-03   6.03622E-03  -5.27091E-03   3.82819E-03  -6.56669E-03   1.46460E-03  -7.06462E-03  -7.98397E-04  -6.79721E-03  -2.74163E-03  -5.87082E-03  -4.20131E-03  -4.44724E-03  -5.07995E-03  -2.72158E-03
 7.31000E+01  -1.32686E-02  -1.11259E-02  -1.51758E-02  -5.74941E-03  -1.52909E-02  -4.06673E-04  -1.38002E-02   4.37928E-03  -1.10319E-02   8.19158E-03  -7.40853E-03   1.07524E-02  -3.39434E-03   1.19378E-02   5.56375E-04   1.17750E-02   4.04423E-03   1.04244E-02   6.75960E-03   8.14955E-03   8.50467E-03   5.28000E-03   9.20183E-03   2.17079E-03   8.88890E-03  -8.36054E-04   7.70318E-03  -3.44494E-03   5.85691E-03  -5.43180E-03   3.60775E-03  -6.65939E-03   1.22763E-03  -7.08204E-03  -1.02652E-03  -6.74070E-03  -2.93752E-03  -5.74969E-03  -4.34604E-03  -4.27734E-03  -5.16085E-03  -2.52323E-03
 7.37000E+01  -1.34586E-02  -1.08736E-02  -1.52753E-02  -5.44802E-03  -1.52865E-02  -8.96172E-05  -1.36909E-02   4.67618E-03  -1.08294E-02   8.43465E-03  -7.13570E-03   1.09144E-02  -3.08198E-03   1.20010E-02   8.73245E-04   1.17335E-02   4.33066E-03   1.02843E-02   6.98477E-03   7.92803E-03   8.64537E-03   5.00310E-03   9.24486E-03   1.87005E-03   8.83227E-03  -1.12738E-03   7.55590E-03  -3.69572E-03   5.63759E-03  -5.61648E-03   3.34212E-03  -6.76063E-03   9.45454E-04  -7.09236E-03  -1.29495E-03  -6.66288E-03  -3.16468E-03  -5.59597E-03  -4.51003E-03  -4.06764E-03  -5.24750E-03  -2.28261E-03
 7.42000E+01  -1.36127E-02  -1.06612E-02  -1.53536E-02  -5.19619E-03  -1.52780E-02   1.73606E-04  -1.35955E-02   4.92082E-03  -1.06576E-02   8.63277E-03  -6.90691E-03   1.10436E-02  -2.82229E-03   1.20472E-02   1.13454E-03   1.16923E-02   4.56456E-03   1.01616E-02   7.16601E-03   7.73900E-03   8.75524E-03   4.76997E-03   9.27315E-03   1.61949E-03   8.77818E-03  -1.36752E-03   7.42776E-03  -3.89968E-03   5.45157E-03  -5.76342E-03   3.12013E-03  -6.83682E-03   7.12424E-04  -7.09241E-03  -1.51392E-03  -6.59002E-03  -3.34713E-03  -5.46127E-03  -4.63845E-03  -3.88845E-03  -5.31096E-03  -2.08029E-03
 7.47000E+01  -1.37631E-02  -1.04472E-02  -1.54274E-02  -4.94382E-03  -1.52651E-02   4.35879E-04  -1.34962E-02   5.16292E-03  -1.04829E-02   8.82686E-03  -6.67691E-03   1.11676E-02  -2.56326E-03   1.20875E-02   1.39320E-03   1.16453E-02   4.79400E-03   1.00338E-02   7.34134E-03   7.54616E-03   8.85834E-03   4.53490E-03   9.29456E-03   1.36919E-03   8.71788E-03  -1.60513E-03   7.29481E-03  -4.09901E-03   5.26277E-03  -5.90407E-03   2.89777E-03  -6.90570E-03   4.81552E-04  -7.08491E-03  -1.72839E-03  -6.51017E-03  -3.52318E-03  -5.32093E-03  -4.75924E-03  -3.70559E-03  -5.36642E-03  -1.87670E-03
 7.53000E+01  -1.39384E-02  -1.01882E-02  -1.55103E-02  -4.64039E-03  -1.52438E-02   7.49270E-04  -1.33721E-02   5.45005E-03  -1.02698E-02   9.05449E-03  -6.39939E-03   1.13097E-02  -2.25341E-03   1.21284E-02   1.69997E-03   1.15814E-02   5.06329E-03   9.87394E-03   7.54382E-03   7.31004E-03   8.97307E-03   4.25055E-03   9.31118E-03   1.06943E-03   8.63739E-03  -1.88673E-03   7.12910E-03  -4.33201E-03   5.03277E-03  -6.06460E-03   2.63071E-03  -6.97888E-03   2.07640E-04  -7.06624E-03  -1.97953E-03  -6.40556E-03  -3.72576E-03  -5.14557E-03  -4.89398E-03  -3.48181E-03  -5.42235E-03  -1.63115E-03
 7.58000E+01  -1.40801E-02  -9.97060E-03  -1.55744E-02  -4.38714E-03  -1.52212E-02   1.00923E-03  -1.32644E-02   5.68645E-03  -1.00892E-02   9.23978E-03  -6.16694E-03   1.14225E-02  -1.99613E-03   1.21563E-02   1.95249E-03   1.15221E-02   5.28256E-03   9.73553E-03   7.70588E-03   7.10960E-03   9.06115E-03   4.01198E-03   9.31747E-03   8.20365E-04   8.56362E-03  -2.11828E-03   6.98599E-03  -4.52093E-03   4.83840E-03  -6.19150E-03   2.40819E-03  -7.03211E-03  -1.77930E-05  -7.04287E-03  -2.18343E-03  -6.31138E-03  -3.88719E-03  -4.99403E-03  -4.99767E-03  -3.29214E-03  -5.46011E-03  -1.42590E-03
 7.64000E+01  -1.42450E-02  -9.70763E-03  -1.56456E-02  -4.08289E-03  -1.51882E-02   1.31964E-03  -1.31301E-02   5.96662E-03  -9.86901E-03   9.45683E-03  -5.88666E-03   1.15513E-02  -1.68862E-03   1.21826E-02   2.25164E-03   1.14440E-02   5.53943E-03   9.56349E-03   7.89227E-03   6.86499E-03   9.15778E-03   3.72408E-03   9.31599E-03   5.22666E-04   8.46717E-03  -2.39216E-03   6.80839E-03  -4.74123E-03   4.60215E-03  -6.33558E-03   2.14144E-03  -7.08684E-03  -2.84672E-04  -7.00577E-03  -2.42143E-03  -6.19040E-03  -4.07187E-03  -4.80621E-03  -5.11170E-03  -3.06123E-03  -5.49482E-03  -1.17935E-03
 7.69000E+01  -1.43781E-02  -9.48702E-03  -1.57000E-02  -3.82919E-03  -1.51559E-02   1.57692E-03  -1.30140E-02   6.19708E-03  -9.68262E-03   9.63326E-03  -5.65205E-03   1.16532E-02  -1.43346E-03   1.21985E-02   2.49763E-03   1.13732E-02   5.74820E-03   9.41541E-03   8.04080E-03   6.65803E-03   9.23075E-03   3.48310E-03   9.30726E-03   2.75813E-04   8.38027E-03  -2.61691E-03   6.65565E-03  -4.91936E-03   4.40292E-03  -6.44880E-03   1.91956E-03  -7.12496E-03  -5.03858E-04  -6.96755E-03  -2.61404E-03  -6.08329E-03  -4.21815E-03  -4.64512E-03  -5.19803E-03  -2.86648E-03  -5.51494E-03  -9.74091E-04
 7.75000E+01  -1.45325E-02  -9.22067E-03  -1.57593E-02  -3.52470E-03  -1.51112E-02   1.88384E-03  -1.28697E-02   6.46994E-03  -9.45557E-03   9.83963E-03  -5.36934E-03   1.17689E-02  -1.12867E-03   1.22107E-02   2.78876E-03   1.12817E-02   5.99229E-03   9.23233E-03   8.21087E-03   6.40624E-03   9.30924E-03   3.19297E-03   9.28788E-03  -1.86189E-05   8.26828E-03  -2.88216E-03   6.46683E-03  -5.12644E-03   4.16124E-03  -6.57646E-03   1.65402E-03  -7.16187E-03  -7.62821E-04  -6.91320E-03  -2.83815E-03  -5.94761E-03  -4.38443E-03  -4.44683E-03  -5.29117E-03  -2.63054E-03  -5.52861E-03  -7.28526E-04
 7.80000E+01  -1.46568E-02  -8.99749E-03  -1.58039E-02  -3.27106E-03  -1.50692E-02   2.13798E-03  -1.27453E-02   6.69414E-03  -9.26359E-03   1.00071E-02  -5.13283E-03   1.18599E-02  -8.75932E-04   1.22152E-02   3.02792E-03   1.12000E-02   6.19031E-03   9.07550E-03   8.34576E-03   6.19382E-03   9.36712E-03   2.95069E-03   9.26437E-03  -2.62236E-04   8.16866E-03  -3.09931E-03   6.30503E-03  -5.29334E-03   3.95784E-03  -6.67600E-03   1.43350E-03  -7.18537E-03  -9.75092E-04  -6.86108E-03  -3.01895E-03  -5.82892E-03  -4.51525E-03  -4.27783E-03  -5.36010E-03  -2.43246E-03  -5.53136E-03  -5.24907E-04
 7.86000E+01  -1.48007E-02  -8.72836E-03  -1.58515E-02  -2.96697E-03  -1.50129E-02   2.44083E-03  -1.25911E-02   6.95924E-03  -9.02996E-03   1.02026E-02  -4.84801E-03   1.19627E-02  -5.74228E-04   1.22137E-02   3.31070E-03   1.10959E-02   6.42141E-03   8.88245E-03   8.49943E-03   5.93612E-03   9.42760E-03   2.65968E-03   9.22743E-03  -5.52166E-04   8.04171E-03  -3.35497E-03   6.10572E-03  -5.48666E-03   3.71156E-03  -6.78722E-03   1.17001E-03  -7.20501E-03  -1.22541E-03  -6.79061E-03  -3.22864E-03  -5.68015E-03  -4.66288E-03  -4.07101E-03  -5.43243E-03  -2.19355E-03  -5.52444E-03  -2.82280E-04
 7.91000E+01  -1.49162E-02  -8.50310E-03  -1.58863E-02  -2.71392E-03  -1.49613E-02   2.69133E-03  -1.24587E-02   7.17678E-03  -8.83263E-03   1.03608E-02  -4.60989E-03   1.20429E-02  -3.24195E-04   1.22070E-02   3.54280E-03   1.10040E-02   6.60853E-03   8.71775E-03   8.62068E-03   5.71930E-03   9.47058E-03   2.41721E-03   9.18949E-03  -7.91519E-04   7.92988E-03  -3.56371E-03   5.93551E-03  -5.64186E-03   3.50468E-03  -6.87303E-03   9.51527E-04  -7.21433E-03  -1.43020E-03  -6.72550E-03  -3.39726E-03  -5.55119E-03  -4.77813E-03  -3.89567E-03  -5.48414E-03  -1.99383E-03  -5.51028E-03  -8.19033E-05
 7.97000E+01  -1.50497E-02  -8.23177E-03  -1.59222E-02  -2.41086E-03  -1.48936E-02   2.98950E-03  -1.22949E-02   7.43365E-03  -8.59275E-03   1.05452E-02  -4.32333E-03   1.21327E-02  -2.59084E-05   1.21923E-02   3.81698E-03   1.08880E-02   6.82652E-03   8.51576E-03   8.75804E-03   5.45693E-03   9.51334E-03   2.12662E-03   9.13551E-03  -1.07573E-03   7.78865E-03  -3.80880E-03   5.72653E-03  -5.82085E-03   3.25466E-03  -6.96775E-03   6.90866E-04  -7.21719E-03  -1.67125E-03  -6.63996E-03  -3.59218E-03  -5.39085E-03  -4.90710E-03  -3.68216E-03  -5.53602E-03  -1.75392E-03  -5.48344E-03   1.55905E-04
 8.03000E+01  -1.51774E-02  -7.95948E-03  -1.59519E-02  -2.10863E-03  -1.48199E-02   3.28485E-03  -1.21262E-02   7.68582E-03  -8.34964E-03   1.07233E-02  -4.03598E-03   1.22155E-02   2.70370E-04   1.21706E-02   4.08638E-03   1.07657E-02   7.03734E-03   8.30930E-03   8.88657E-03   5.19250E-03   9.54662E-03   1.83677E-03   9.07251E-03  -1.35632E-03   7.63998E-03  -4.04772E-03   5.51265E-03  -5.99178E-03   3.00298E-03  -7.05343E-03   4.32077E-04  -7.21109E-03  -1.90702E-03  -6.54662E-03  -3.77895E-03  -5.22479E-03  -5.02594E-03  -3.46574E-03  -5.57696E-03  -1.51426E-03  -5.44611E-03   3.90335E-04
 8.09000E+01  -1.52996E-02  -7.68639E-03  -1.59754E-02  -1.80742E-03  -1.47402E-02   3.57722E-03  -1.19524E-02   7.93313E-03  -8.10344E-03   1.08951E-02  -3.74799E-03   1.22911E-02   5.64533E-04   1.21418E-02   4.35094E-03   1.06374E-02   7.24099E-03   8.09864E-03   9.00637E-03   4.92633E-03   9.57056E-03   1.54803E-03   9.00070E-03  -1.63297E-03   7.48414E-03  -4.28022E-03   5.29418E-03  -6.15450E-03   2.74992E-03  -7.13005E-03   1.75393E-04  -7.19617E-03  -2.13735E-03  -6.44576E-03  -3.95752E-03  -5.05345E-03  -5.13475E-03  -3.24691E-03  -5.60716E-03  -1.27537E-03  -5.39860E-03   6.20891E-04
 8.15000E+01  -1.54162E-02  -7.41265E-03  -1.59928E-02  -1.50739E-03  -1.46546E-02   3.86643E-03  -1.17740E-02   8.17546E-03  -7.85431E-03   1.10605E-02  -3.45949E-03   1.23597E-02   8.56473E-04   1.21061E-02   4.61060E-03   1.05033E-02   7.43750E-03   7.88404E-03   9.11751E-03   4.65875E-03   9.58535E-03   1.26073E-03   8.92034E-03  -1.90536E-03   7.32141E-03  -4.50604E-03   5.07141E-03  -6.30886E-03   2.49576E-03  -7.19760E-03  -7.89560E-05  -7.17255E-03  -2.36211E-03  -6.33764E-03  -4.12787E-03  -4.87719E-03  -5.23362E-03  -3.02613E-03  -5.62686E-03  -1.03775E-03  -5.34123E-03   8.47103E-04
 8.20000E+01  -1.55092E-02  -7.18413E-03  -1.60027E-02  -1.25838E-03  -1.45790E-02   4.10491E-03  -1.16217E-02   8.37350E-03  -7.64457E-03   1.11935E-02  -3.21880E-03   1.24115E-02   1.09797E-03   1.20712E-02   4.82321E-03   1.03872E-02   7.59581E-03   7.70236E-03   9.20360E-03   4.43490E-03   9.59081E-03   1.02264E-03   8.84702E-03  -2.12889E-03   7.18078E-03  -4.68895E-03   4.88272E-03  -6.43101E-03   2.28334E-03  -7.24695E-03  -2.88960E-04  -7.14632E-03  -2.54505E-03  -6.24219E-03  -4.26355E-03  -4.72683E-03  -5.30851E-03  -2.84099E-03  -5.63542E-03  -8.41045E-04  -5.28616E-03   1.03198E-03
 8.26000E+01  -1.56159E-02  -6.90954E-03  -1.60093E-02  -9.60918E-04  -1.44830E-02   4.38793E-03  -1.14348E-02   8.60635E-03  -7.39050E-03   1.13470E-02  -2.92978E-03   1.24671E-02   1.38553E-03   1.20230E-02   5.07375E-03   1.02428E-02   7.77927E-03   7.48114E-03   9.29917E-03   4.16548E-03   9.58931E-03   7.38777E-04   8.75165E-03  -2.39272E-03   7.00625E-03  -4.90194E-03   4.65293E-03  -6.56971E-03   2.02797E-03  -7.29786E-03  -5.38416E-04  -7.10710E-03  -2.75924E-03  -6.12146E-03  -4.41881E-03  -4.54254E-03  -5.38949E-03  -2.61779E-03  -5.63653E-03  -6.06959E-04  -5.21169E-03   1.24912E-03
 8.32000E+01  -1.57172E-02  -6.63466E-03  -1.60101E-02  -6.65055E-04  -1.43817E-02   4.66738E-03  -1.12437E-02   8.83388E-03  -7.13399E-03   1.14940E-02  -2.64071E-03   1.25157E-02   1.67053E-03   1.19682E-02   5.31923E-03   1.00930E-02   7.95565E-03   7.25663E-03   9.38642E-03   3.89543E-03   9.57923E-03   4.57187E-04   8.64851E-03  -2.65152E-03   6.82576E-03  -5.10766E-03   4.41979E-03  -6.69971E-03   1.77236E-03  -7.33969E-03  -7.84866E-04  -7.05957E-03  -2.96748E-03  -5.99421E-03  -4.56585E-03  -4.35436E-03  -5.46094E-03  -2.39385E-03  -5.62789E-03  -3.75397E-04  -5.12844E-03   1.46076E-03
 8.38000E+01  -1.58133E-02  -6.35960E-03  -1.60053E-02  -3.70909E-04  -1.42751E-02   4.94314E-03  -1.10485E-02   9.05600E-03  -6.87525E-03   1.16344E-02  -2.35177E-03   1.25571E-02   1.95284E-03   1.19068E-02   5.55960E-03   9.93791E-03   8.12499E-03   7.02903E-03   9.46548E-03   3.62500E-03   9.56078E-03   1.78126E-04   8.53788E-03  -2.90505E-03   6.63965E-03  -5.30592E-03   4.18366E-03  -6.82093E-03   1.51685E-03  -7.37248E-03  -1.02807E-03  -7.00384E-03  -3.16965E-03  -5.86067E-03  -4.70469E-03  -4.16262E-03  -5.52300E-03  -2.16955E-03  -5.60983E-03  -1.46742E-04  -5.03683E-03   1.66657E-03
 8.44000E+01  -1.59043E-02  -6.08444E-03  -1.59949E-02  -7.85871E-05  -1.41634E-02   5.21512E-03  -1.08494E-02   9.27262E-03  -6.61448E-03   1.17681E-02  -2.06313E-03   1.25916E-02   2.23232E-03   1.18388E-02   5.79480E-03   9.77777E-03   8.28732E-03   6.79855E-03   9.53647E-03   3.35441E-03   9.53420E-03  -9.81761E-05   8.42008E-03  -3.15312E-03   6.44828E-03  -5.49658E-03   3.94491E-03  -6.93331E-03   1.26175E-03  -7.39627E-03  -1.26779E-03  -6.94009E-03  -3.36563E-03  -5.72110E-03  -4.83533E-03  -3.96763E-03  -5.57586E-03  -1.94523E-03  -5.58265E-03   7.86555E-05  -4.93730E-03   1.86623E-03
 8.51000E+01  -1.60041E-02  -5.76343E-03  -1.59762E-02   2.60031E-04  -1.40269E-02   5.52754E-03  -1.06125E-02   9.51831E-03  -6.30795E-03   1.19156E-02  -1.72702E-03   1.26229E-02   2.55464E-03   1.17514E-02   6.06259E-03   9.58468E-03   8.46788E-03   6.52626E-03   9.60928E-03   3.03881E-03   9.49322E-03  -4.16761E-04   8.27399E-03  -3.43539E-03   6.21882E-03  -5.70926E-03   3.66352E-03  -7.05320E-03   9.65101E-04  -7.41271E-03  -1.54272E-03  -6.85575E-03  -3.58628E-03  -5.55095E-03  -4.97745E-03  -3.73645E-03  -5.62613E-03  -1.68396E-03  -5.53984E-03   3.37077E-04  -4.81172E-03   2.09106E-03
 8.57000E+01  -1.60842E-02  -5.48835E-03  -1.59544E-02   5.48110E-04  -1.39049E-02   5.79105E-03  -1.04056E-02   9.72284E-03  -6.04349E-03   1.20348E-02  -1.43969E-03   1.26421E-02   2.82755E-03   1.16696E-02   6.28638E-03   9.41397E-03   8.61512E-03   6.29015E-03   9.66326E-03   2.76860E-03   9.44980E-03  -6.86390E-04   8.14171E-03  -3.67103E-03   6.01726E-03  -5.88309E-03   3.42032E-03  -7.14633E-03   7.12027E-04  -7.41721E-03  -1.77405E-03  -6.77512E-03  -3.76842E-03  -5.39912E-03  -5.09045E-03  -3.53545E-03  -5.65967E-03  -1.46073E-03  -5.49401E-03   5.54357E-04  -4.69648E-03   2.27655E-03
 8.63000E+01  -1.61594E-02  -5.21341E-03  -1.59276E-02   8.34124E-04  -1.37783E-02   6.05056E-03  -1.01955E-02   9.92173E-03  -5.77765E-03   1.21474E-02  -1.15325E-03   1.26545E-02   3.09719E-03   1.15815E-02   6.50479E-03   9.23862E-03   8.75544E-03   6.05172E-03   9.70959E-03   2.49885E-03   9.39898E-03  -9.52661E-04   8.00323E-03  -3.90071E-03   5.81157E-03  -6.04901E-03   3.17564E-03  -7.23056E-03   4.60402E-04  -7.41293E-03  -2.00112E-03  -6.68697E-03  -3.94399E-03  -5.24200E-03  -5.19536E-03  -3.33213E-03  -5.68458E-03  -1.23846E-03  -5.44010E-03   7.67464E-04  -4.57468E-03   2.45517E-03
 8.69000E+01  -1.62299E-02  -4.93867E-03  -1.58959E-02   1.11802E-03  -1.36473E-02   6.30604E-03  -9.98232E-03   1.01150E-02  -5.51064E-03   1.22532E-02  -8.67896E-04   1.26600E-02   3.36343E-03   1.14873E-02   6.71776E-03   9.05875E-03   8.88887E-03   5.81113E-03   9.74841E-03   2.22974E-03   9.34097E-03  -1.21543E-03   7.85886E-03  -4.12432E-03   5.60209E-03  -6.20700E-03   2.92985E-03  -7.30594E-03   2.10548E-04  -7.40000E-03  -2.22370E-03  -6.59148E-03  -4.11288E-03  -5.07985E-03  -5.29220E-03  -3.12675E-03  -5.70105E-03  -1.01744E-03  -5.37842E-03   9.76167E-04  -4.44677E-03   2.62674E-03
 8.75000E+01  -1.62956E-02  -4.66416E-03  -1.58594E-02   1.39976E-03  -1.35122E-02   6.55745E-03  -9.76628E-03   1.03026E-02  -5.24266E-03   1.23525E-02  -5.83813E-04   1.26587E-02   3.62614E-03   1.13871E-02   6.92523E-03   8.87452E-03   9.01543E-03   5.56853E-03   9.77983E-03   1.96141E-03   9.27600E-03  -1.47455E-03   7.70890E-03  -4.34178E-03   5.38918E-03  -6.35701E-03   2.68331E-03  -7.37250E-03  -3.72178E-05  -7.37853E-03  -2.44155E-03  -6.48885E-03  -4.27496E-03  -4.91291E-03  -5.38100E-03  -2.91958E-03  -5.70927E-03  -7.97899E-04  -5.30930E-03   1.18026E-03  -4.31315E-03   2.79115E-03
 8.82000E+01  -1.63663E-02  -4.34425E-03  -1.58108E-02   1.72569E-03  -1.33494E-02   6.84560E-03  -9.51086E-03   1.05143E-02  -4.92906E-03   1.24599E-02  -2.54230E-04   1.26487E-02   3.92797E-03   1.12628E-02   7.16022E-03   8.65425E-03   9.15442E-03   5.28319E-03   9.80730E-03   1.64957E-03   9.19167E-03  -1.77210E-03   7.52726E-03  -4.58762E-03   5.13688E-03  -6.52195E-03   2.39517E-03  -7.43912E-03  -3.23228E-04  -7.34289E-03  -2.68944E-03  -6.36037E-03  -4.45531E-03  -4.71240E-03  -5.47450E-03  -2.67597E-03  -5.70865E-03  -5.43972E-04  -5.21967E-03   1.41228E-03  -4.15063E-03   2.97375E-03
 8.88000E+01  -1.64220E-02  -4.07039E-03  -1.57641E-02   2.00266E-03  -1.32057E-02   7.08816E-03  -9.28924E-03   1.06897E-02  -4.65966E-03   1.25450E-02   2.64868E-05   1.26330E-02   4.18254E-03   1.11499E-02   7.35551E-03   8.46104E-03   9.26614E-03   5.03679E-03   9.82308E-03   1.38346E-03   9.11232E-03  -2.02293E-03   7.36616E-03  -4.79152E-03   4.91767E-03  -6.65470E-03   2.14815E-03  -7.48686E-03  -5.65421E-04  -7.30345E-03  -2.89628E-03  -6.24299E-03  -4.60228E-03  -4.53592E-03  -5.54601E-03  -2.46581E-03  -5.69958E-03  -3.28465E-04  -5.13549E-03   1.60577E-03  -4.00611E-03   3.12229E-03
 8.94000E+01  -1.64731E-02  -3.79689E-03  -1.57130E-02   2.27738E-03  -1.30582E-02   7.32664E-03  -9.06530E-03   1.08595E-02  -4.38987E-03   1.26236E-02   3.05378E-04   1.26108E-02   4.43313E-03   1.10315E-02   7.54506E-03   8.26394E-03   9.37104E-03   4.78888E-03   9.83182E-03   1.11860E-03   9.02665E-03  -2.26978E-03   7.20034E-03  -4.98909E-03   4.69606E-03  -6.77953E-03   1.90144E-03  -7.52606E-03  -8.04578E-04  -7.25599E-03  -3.09769E-03  -6.11916E-03  -4.74211E-03  -4.35544E-03  -5.60958E-03  -2.25467E-03  -5.68281E-03  -1.15166E-04  -5.04485E-03   1.79411E-03  -3.85718E-03   3.26340E-03
 9.01000E+01  -1.65270E-02  -3.47831E-03  -1.56478E-02   2.59503E-03  -1.28816E-02   7.59970E-03  -8.80133E-03   1.10506E-02  -4.07489E-03   1.27072E-02   6.28226E-04   1.25768E-02   4.72030E-03   1.08863E-02   7.75887E-03   8.02925E-03   9.48481E-03   4.49795E-03   9.83323E-03   8.11348E-04   8.91895E-03  -2.55261E-03   7.00128E-03  -5.21156E-03   4.43488E-03  -6.91520E-03   1.61440E-03  -7.56119E-03  -1.07939E-03  -7.19072E-03  -3.32555E-03  -5.96687E-03  -4.89611E-03  -4.14018E-03  -5.67377E-03  -2.00744E-03  -5.65375E-03   1.30618E-04  -4.93132E-03   2.00718E-03  -3.67837E-03   3.41861E-03
 9.07000E+01  -1.65683E-02  -3.20571E-03  -1.55872E-02   2.86483E-03  -1.27265E-02   7.82934E-03  -8.57291E-03   1.12084E-02  -3.80487E-03   1.27720E-02   9.02613E-04   1.25409E-02   4.96186E-03   1.07561E-02   7.93577E-03   7.82422E-03   9.57494E-03   4.24730E-03   9.82701E-03   5.49634E-04   8.82019E-03  -2.79052E-03   6.82613E-03  -5.39533E-03   4.20908E-03  -7.02302E-03   1.36939E-03  -7.58235E-03  -1.31103E-03  -7.12654E-03  -3.51453E-03  -5.82990E-03  -5.02016E-03  -3.95196E-03  -5.72028E-03  -1.79505E-03  -5.62088E-03   3.38433E-04  -4.82766E-03   2.18396E-03  -3.52119E-03   3.54355E-03
 9.14000E+01  -1.66109E-02  -2.88827E-03  -1.55111E-02   3.17669E-03  -1.25413E-02   8.09213E-03  -8.30410E-03   1.13857E-02  -3.49004E-03   1.28399E-02   1.21980E-03   1.24913E-02   5.23816E-03   1.05977E-02   8.13463E-03   7.58074E-03   9.67151E-03   3.95360E-03   9.81124E-03   2.46407E-04   8.69770E-03  -3.06270E-03   6.61683E-03  -5.60166E-03   3.94379E-03  -7.13903E-03   1.08512E-03  -7.59680E-03  -1.57638E-03  -7.04234E-03  -3.72737E-03  -5.66298E-03  -5.15552E-03  -3.72840E-03  -5.76467E-03  -1.54705E-03  -5.57347E-03   5.77279E-04  -4.69969E-03   2.38323E-03  -3.33374E-03   3.67987E-03
 9.21000E+01  -1.66474E-02  -2.57153E-03  -1.54293E-02   3.48539E-03  -1.23516E-02   8.34940E-03  -8.03298E-03   1.15556E-02  -3.17563E-03   1.28994E-02   1.53361E-03   1.24335E-02   5.50836E-03   1.04325E-02   8.32531E-03   7.33290E-03   9.75883E-03   3.65878E-03   9.78639E-03  -5.43534E-05   8.56762E-03  -3.32897E-03   6.40253E-03  -5.79928E-03   3.67688E-03  -7.24462E-03   8.02965E-04  -7.60048E-03  -1.83609E-03  -6.94846E-03  -3.93174E-03  -5.48878E-03  -5.28068E-03  -3.50101E-03  -5.79850E-03  -1.29921E-03  -5.51656E-03   8.11957E-04  -4.56455E-03   2.57484E-03  -3.14243E-03   3.80605E-03
 9.27000E+01  -1.66739E-02  -2.30066E-03  -1.53547E-02   3.74745E-03  -1.21856E-02   8.56554E-03  -7.79888E-03   1.16955E-02  -2.90661E-03   1.29439E-02   1.79976E-03   1.23776E-02   5.73497E-03   1.02857E-02   8.48216E-03   7.11721E-03   9.82632E-03   3.40538E-03   9.75799E-03  -3.10026E-04   8.45026E-03  -3.55240E-03   6.21512E-03  -5.96174E-03   3.44712E-03  -7.32693E-03   5.63092E-04  -7.59525E-03  -2.05395E-03  -6.86056E-03  -4.09999E-03  -5.33402E-03  -5.37977E-03  -3.30339E-03  -5.81914E-03  -1.08720E-03  -5.46041E-03   1.00957E-03  -4.44333E-03   2.73289E-03  -2.97575E-03   3.90617E-03
 9.34000E+01  -1.66994E-02  -1.98544E-03  -1.52625E-02   4.05018E-03  -1.19880E-02   8.81260E-03  -7.52393E-03   1.18519E-02  -2.59350E-03   1.29883E-02   2.10680E-03   1.23052E-02   5.99341E-03   1.01086E-02   8.65741E-03   6.86201E-03   9.89651E-03   3.10917E-03   9.71666E-03  -6.05647E-04   8.30670E-03  -3.80737E-03   5.99240E-03  -6.14320E-03   3.17823E-03  -7.41352E-03   2.85872E-04  -7.57963E-03  -2.30230E-03  -6.74968E-03  -4.28802E-03  -5.14750E-03  -5.48577E-03  -3.07009E-03  -5.83357E-03  -8.40727E-04  -5.38653E-03   1.23572E-03  -4.29595E-03   2.90993E-03  -2.77858E-03   4.01366E-03
 9.41000E+01  -1.67188E-02  -1.67114E-03  -1.51649E-02   4.34962E-03  -1.17863E-02   9.05418E-03  -7.24715E-03   1.20012E-02  -2.28135E-03   1.30249E-02   2.40993E-03   1.22253E-02   6.24532E-03   9.92537E-03   8.82426E-03   6.60327E-03   9.95751E-03   2.81260E-03   9.66664E-03  -8.98191E-04   8.15623E-03  -4.05609E-03   5.76560E-03  -6.31595E-03   2.90879E-03  -7.49010E-03   1.18147E-05  -7.55401E-03  -2.54411E-03  -6.63022E-03  -4.46696E-03  -4.95500E-03  -5.58136E-03  -2.83426E-03  -5.83771E-03  -5.95569E-04  -5.30387E-03   1.45687E-03  -4.14254E-03   3.07895E-03  -2.57894E-03   4.11118E-03
 9.47000E+01  -1.67308E-02  -1.40255E-03  -1.50768E-02   4.60362E-03  -1.16104E-02   9.25687E-03  -7.00858E-03   1.21236E-02  -2.01469E-03   1.30501E-02   2.66654E-03   1.21510E-02   6.45595E-03   9.76373E-03   8.96054E-03   6.37889E-03   1.00025E-02   2.55832E-03   9.61695E-03  -1.14633E-03   8.02191E-03  -4.26420E-03   5.56818E-03  -6.45711E-03   2.67764E-03  -7.54787E-03  -2.20332E-04  -7.52431E-03  -2.74598E-03  -6.52129E-03  -4.61300E-03  -4.78560E-03  -5.65500E-03  -2.63047E-03  -5.83315E-03  -3.86792E-04  -5.22624E-03   1.64223E-03  -4.00653E-03   3.21735E-03  -2.40618E-03   4.18691E-03
 9.54000E+01  -1.67392E-02  -1.09022E-03  -1.49691E-02   4.89680E-03  -1.14015E-02   9.48822E-03  -6.72880E-03   1.22598E-02  -1.70477E-03   1.30723E-02   2.96201E-03   1.20576E-02   6.69543E-03   9.57000E-03   9.11164E-03   6.11434E-03   1.00465E-02   2.26182E-03   9.55114E-03  -1.43257E-03   7.85917E-03  -4.50097E-03   5.33456E-03  -6.61374E-03   2.40802E-03  -7.60624E-03  -4.87687E-04  -7.48091E-03  -2.97497E-03  -6.38694E-03  -4.77467E-03  -4.58323E-03  -5.73122E-03  -2.39122E-03  -5.81850E-03  -1.45167E-04  -5.12800E-03   1.85334E-03  -3.84290E-03   3.37118E-03  -2.20312E-03   4.26617E-03
 9.61000E+01  -1.67418E-02  -7.79117E-04  -1.48562E-02   5.18650E-03  -1.11888E-02   9.71406E-03  -6.44759E-03   1.23891E-02  -1.39626E-03   1.30871E-02   3.25317E-03   1.19573E-02   6.92807E-03   9.37100E-03   9.25422E-03   5.84709E-03   1.00815E-02   1.96578E-03   9.47703E-03  -1.71509E-03   7.69014E-03  -4.73113E-03   5.09768E-03  -6.76168E-03   2.13873E-03  -7.65503E-03  -7.51029E-04  -7.42834E-03  -3.19675E-03  -6.24515E-03  -4.92689E-03  -4.37621E-03  -5.79704E-03  -2.15078E-03  -5.79394E-03   9.39739E-05  -5.02175E-03   2.05864E-03  -3.67431E-03   3.51669E-03  -1.99881E-03   4.33574E-03
 9.68000E+01  -1.67385E-02  -4.69339E-04  -1.47379E-02   5.47264E-03  -1.09725E-02   9.93435E-03  -6.16510E-03   1.25114E-02  -1.08930E-03   1.30945E-02   3.53989E-03   1.18502E-02   7.15381E-03   9.16699E-03   9.38827E-03   5.57743E-03   1.01075E-02   1.67047E-03   9.39477E-03  -1.99366E-03   7.51506E-03  -4.95455E-03   4.85780E-03  -6.90094E-03   1.87007E-03  -7.69438E-03  -1.01010E-03  -7.36691E-03  -3.41112E-03  -6.09633E-03  -5.06957E-03  -4.16502E-03  -5.85249E-03  -1.90965E-03  -5.75966E-03   3.30228E-04  -4.90779E-03   2.25786E-03  -3.50111E-03   3.65377E-03  -1.79364E-03   4.39572E-03
 9.75000E+01  -1.67293E-02  -1.61008E-04  -1.46146E-02   5.75514E-03  -1.07526E-02   1.01490E-02  -5.88144E-03   1.26269E-02  -7.84020E-04   1.30946E-02   3.82206E-03   1.17366E-02   7.37256E-03   8.95823E-03   9.51378E-03   5.30567E-03   1.01246E-02   1.37618E-03   9.30453E-03  -2.26806E-03   7.33413E-03  -5.17109E-03   4.61520E-03  -7.03153E-03   1.60230E-03  -7.72445E-03  -1.26467E-03  -7.29690E-03  -3.61794E-03  -5.94089E-03  -5.20265E-03  -3.95012E-03  -5.89765E-03  -1.66828E-03  -5.71584E-03   5.63197E-04  -4.78642E-03   2.45074E-03  -3.32367E-03   3.78234E-03  -1.58801E-03   4.44624E-03
 9.82000E+01  -1.67144E-02   1.45755E-04  -1.44861E-02   6.03391E-03  -1.05293E-02   1.03581E-02  -5.59675E-03   1.27355E-02  -4.80541E-04   1.30876E-02   4.09958E-03   1.16167E-02   7.58430E-03   8.74499E-03   9.63079E-03   5.03210E-03   1.01328E-02   1.08320E-03   9.20647E-03  -2.53805E-03   7.14761E-03  -5.38063E-03   4.37013E-03  -7.15345E-03   1.33569E-03  -7.74538E-03  -1.51453E-03  -7.21861E-03  -3.81707E-03  -5.77922E-03  -5.32611E-03  -3.73198E-03  -5.93262E-03  -1.42713E-03  -5.66271E-03   7.92494E-04  -4.65794E-03   2.63701E-03  -3.14235E-03   3.90233E-03  -1.38228E-03   4.48741E-03
 9.89000E+01  -1.66938E-02   4.50825E-04  -1.43527E-02   6.30884E-03  -1.03026E-02   1.05616E-02  -5.31114E-03   1.28372E-02  -1.78986E-04   1.30736E-02   4.37237E-03   1.14907E-02   7.78897E-03   8.52754E-03   9.73931E-03   4.75701E-03   1.01324E-02   7.91812E-04   9.10078E-03  -2.80342E-03   6.95573E-03  -5.58305E-03   4.12287E-03  -7.26670E-03   1.07049E-03  -7.75733E-03  -1.75946E-03  -7.13232E-03  -4.00839E-03  -5.61172E-03  -5.43996E-03  -3.51104E-03  -5.95752E-03  -1.18665E-03  -5.60050E-03   1.01774E-03  -4.52268E-03   2.81644E-03  -2.95752E-03   4.01365E-03  -1.17682E-03   4.51935E-03
 9.96000E+01  -1.66676E-02   7.54080E-04  -1.42143E-02   6.57985E-03  -1.00728E-02   1.07593E-02  -5.02475E-03   1.29322E-02   1.20530E-04   1.30527E-02   4.64033E-03   1.13587E-02   7.98656E-03   8.30612E-03   9.83940E-03   4.48069E-03   1.01233E-02   5.02289E-04   8.98766E-03  -3.06392E-03   6.75874E-03  -5.77822E-03   3.87367E-03  -7.37129E-03   8.06937E-04  -7.76044E-03  -1.99928E-03  -7.03830E-03  -4.19181E-03  -5.43876E-03  -5.54422E-03  -3.28774E-03  -5.97250E-03  -9.47279E-04  -5.52948E-03   1.23857E-03  -4.38098E-03   2.98877E-03  -2.76956E-03   4.11626E-03  -9.71966E-04   4.54219E-03
 1.00400E+02  -1.66307E-02   1.09828E-03  -1.40504E-02   6.88464E-03  -9.80629E-03   1.09782E-02  -4.69665E-03   1.30325E-02   4.60190E-04   1.30205E-02   4.94058E-03   1.12009E-02   8.20367E-03   8.04853E-03   9.94355E-03   4.16374E-03   1.01027E-02   1.74031E-04   8.84954E-03  -3.35544E-03   6.52766E-03  -5.99224E-03   3.58686E-03  -7.48022E-03   5.08074E-04  -7.75337E-03  -2.26689E-03  -6.92177E-03  -4.39168E-03  -5.23491E-03  -5.65168E-03  -3.03021E-03  -5.97769E-03  -6.75602E-04  -5.43786E-03   1.48509E-03  -4.21160E-03   3.17676E-03  -2.55139E-03   4.22277E-03  -7.39041E-04   4.55733E-03
 1.01100E+02  -1.65926E-02   1.39724E-03  -1.39019E-02   7.14691E-03  -9.56999E-03   1.11635E-02  -4.40902E-03   1.31131E-02   7.54952E-04   1.29852E-02   5.19798E-03   1.10568E-02   8.38604E-03   7.81944E-03   1.00258E-02   3.88571E-03   1.00758E-02  -1.10605E-04   8.72121E-03  -3.60484E-03   6.32058E-03  -6.17148E-03   3.33443E-03  -7.56628E-03   2.48876E-04  -7.73803E-03  -2.49520E-03  -6.81214E-03  -4.55796E-03  -5.05154E-03  -5.73557E-03  -2.80330E-03  -5.97202E-03  -4.39996E-04  -5.34889E-03   1.69530E-03  -4.05728E-03   3.33319E-03  -2.35797E-03   4.30651E-03  -5.36652E-04   4.56113E-03
 1.01800E+02  -1.65491E-02   1.69401E-03  -1.37489E-02   7.40497E-03  -9.33088E-03   1.13430E-02  -4.12102E-03   1.31869E-02   1.04732E-03   1.29433E-02   5.45034E-03   1.09073E-02   8.56130E-03   7.58714E-03   1.00998E-02   3.60728E-03   1.00407E-02  -3.92566E-04   8.58613E-03  -3.84875E-03   6.10920E-03  -6.34313E-03   3.08092E-03  -7.64371E-03  -7.92730E-06  -7.71432E-03  -2.71790E-03  -6.69565E-03  -4.71617E-03  -4.86388E-03  -5.81009E-03  -2.57534E-03  -5.95703E-03  -2.06764E-04  -5.25203E-03   1.90005E-03  -3.89766E-03   3.48188E-03  -2.16259E-03   4.38141E-03  -3.35933E-04   4.55629E-03
 1.02600E+02  -1.64928E-02   2.03035E-03  -1.35686E-02   7.69461E-03  -9.05438E-03   1.15410E-02  -3.79162E-03   1.32631E-02   1.37837E-03   1.28875E-02   5.73250E-03   1.07302E-02   8.75292E-03   7.31800E-03   1.01745E-02   3.28893E-03   9.99100E-03  -7.11230E-04   8.42381E-03  -4.12056E-03   5.86274E-03  -6.52988E-03   2.79022E-03  -7.72168E-03  -2.98194E-04  -7.67715E-03  -2.96536E-03  -6.55445E-03  -4.88708E-03  -4.64459E-03  -5.88391E-03  -2.31401E-03  -5.92879E-03   5.64120E-05  -5.13209E-03   2.12699E-03  -3.70923E-03   3.64214E-03  -1.93740E-03   4.45615E-03  -1.09000E-04   4.54035E-03
 1.03300E+02  -1.64381E-02   2.32208E-03  -1.34063E-02   7.94335E-03  -8.80976E-03   1.17078E-02  -3.50331E-03   1.33227E-02   1.66523E-03   1.28318E-02   5.97386E-03   1.05698E-02   8.91301E-03   7.07956E-03   1.02313E-02   3.01049E-03   9.93922E-03  -9.86684E-04   8.27511E-03  -4.35211E-03   5.64312E-03  -6.68496E-03   2.53531E-03  -7.78073E-03  -5.49105E-04  -7.63599E-03  -3.17557E-03  -6.42413E-03  -5.02793E-03  -4.44887E-03  -5.93872E-03  -2.08507E-03  -5.89464E-03   2.83351E-04  -5.01945E-03   2.31910E-03  -3.53953E-03   3.77373E-03  -1.73913E-03   4.51207E-03   8.70591E-05   4.51748E-03
 1.04000E+02  -1.63782E-02   2.61131E-03  -1.32398E-02   8.18762E-03  -8.56281E-03   1.18688E-02  -3.21509E-03   1.33756E-02   1.94933E-03   1.27699E-02   6.21001E-03   1.04045E-02   9.06605E-03   6.83858E-03   1.02802E-02   2.73241E-03   9.87992E-03  -1.25877E-03   8.12045E-03  -4.57764E-03   5.42009E-03  -6.83220E-03   2.28018E-03  -7.83126E-03  -7.96918E-04  -7.58693E-03  -3.37975E-03  -6.28776E-03  -5.16069E-03  -4.24991E-03  -5.98454E-03  -1.85622E-03  -5.85196E-03   5.06836E-04  -4.90000E-03   2.50490E-03  -3.36577E-03   3.89714E-03  -1.54012E-03   4.55915E-03   2.80451E-04   4.48647E-03
 1.04800E+02  -1.63037E-02   2.93867E-03  -1.30447E-02   8.46125E-03  -8.27793E-03   1.20454E-02  -2.88598E-03   1.34281E-02   2.27052E-03   1.26916E-02   6.47343E-03   1.02099E-02   9.23236E-03   6.56033E-03   1.03266E-02   2.41532E-03   9.80320E-03  -1.56535E-03   7.93673E-03  -4.82785E-03   5.16142E-03  -6.99080E-03   1.98870E-03  -7.87864E-03  -1.07606E-03  -7.52139E-03  -3.60557E-03  -6.12481E-03  -5.30249E-03  -4.01896E-03  -6.02609E-03  -1.59524E-03  -5.79306E-03   7.57634E-04  -4.75561E-03   2.70926E-03  -3.16270E-03   4.02802E-03  -1.31225E-03   4.60221E-03   4.97813E-04   4.44131E-03
 1.05500E+02  -1.62334E-02   3.22225E-03  -1.28698E-02   8.69576E-03  -8.02650E-03   1.21935E-02  -2.59843E-03   1.34670E-02   2.54835E-03   1.26166E-02   6.69823E-03   1.00348E-02   9.37040E-03   6.31458E-03   1.03590E-02   2.13870E-03   9.72846E-03  -1.82958E-03   7.77019E-03  -5.04005E-03   4.93209E-03  -7.12107E-03   1.73403E-03  -7.91110E-03  -1.31650E-03  -7.45594E-03  -3.79645E-03  -5.97632E-03  -5.41792E-03  -3.81410E-03  -6.05315E-03  -1.36770E-03  -5.73300E-03   9.72735E-04  -4.62279E-03   2.88087E-03  -2.98156E-03   4.13358E-03  -1.11293E-03   4.63053E-03   6.84471E-04   4.39348E-03
 1.06300E+02  -1.61472E-02   3.54298E-03  -1.26655E-02   8.95811E-03  -7.73691E-03   1.23554E-02  -2.27049E-03   1.35035E-02   2.86208E-03   1.25236E-02   6.94854E-03   9.82936E-03   9.51965E-03   6.03136E-03   1.03869E-02   1.82378E-03   9.63463E-03  -2.12674E-03   7.57359E-03  -5.27472E-03   4.66698E-03  -7.26020E-03   1.44380E-03  -7.93801E-03  -1.58667E-03  -7.37211E-03  -4.00677E-03  -5.80017E-03  -5.53999E-03  -3.57719E-03  -6.07367E-03  -1.10901E-03  -5.65499E-03   1.21326E-03  -4.46409E-03   3.06852E-03  -2.77114E-03   4.24390E-03  -8.85704E-04   4.65232E-03   8.93366E-04   4.32961E-03
 1.07100E+02  -1.60549E-02   3.86004E-03  -1.24566E-02   9.21435E-03  -7.44515E-03   1.25096E-02  -1.94348E-03   1.35316E-02   3.17158E-03   1.24230E-02   7.19176E-03   9.61842E-03   9.65986E-03   5.74588E-03   1.04051E-02   1.51042E-03   9.53211E-03  -2.41854E-03   7.37069E-03  -5.50090E-03   4.39906E-03  -7.38892E-03   1.15482E-03  -7.95417E-03  -1.85160E-03  -7.27889E-03  -4.20861E-03  -5.61752E-03  -5.65159E-03  -3.33772E-03  -6.08334E-03  -8.52164E-04  -5.56741E-03   1.44778E-03  -4.29856E-03   3.24694E-03  -2.55766E-03   4.34317E-03  -6.59632E-04   4.66297E-03   1.09714E-03   4.25623E-03
 1.07800E+02  -1.59694E-02   4.13438E-03  -1.22702E-02   9.43353E-03  -7.18826E-03   1.26380E-02  -1.65829E-03   1.35494E-02   3.43880E-03   1.23288E-02   7.39869E-03   9.42953E-03   9.77518E-03   5.49443E-03   1.04133E-02   1.23770E-03   9.43553E-03  -2.66931E-03   7.18829E-03  -5.69175E-03   4.16266E-03  -7.49302E-03   9.03300E-04  -7.95963E-03  -2.07889E-03  -7.18985E-03  -4.37816E-03  -5.45265E-03  -5.74069E-03  -3.12641E-03  -6.08310E-03  -6.29243E-04  -5.48326E-03   1.64783E-03  -4.14855E-03   3.39535E-03  -2.36883E-03   4.42098E-03  -4.63191E-04   4.66329E-03   1.27091E-03   4.18448E-03
 1.08600E+02  -1.58664E-02   4.44435E-03  -1.20532E-02   9.67824E-03  -6.89305E-03   1.27776E-02  -1.33363E-03   1.35621E-02   3.73995E-03   1.22144E-02   7.62841E-03   9.20892E-03   9.89859E-03   5.20539E-03   1.04140E-02   9.27922E-04   9.31756E-03  -2.95055E-03   6.97464E-03  -5.90172E-03   3.89063E-03  -7.60227E-03   6.17734E-04  -7.95607E-03  -2.33322E-03  -7.07980E-03  -4.56373E-03  -5.25879E-03  -5.83282E-03  -2.88324E-03  -6.07312E-03  -3.76893E-04  -5.37890E-03   1.87030E-03  -3.97171E-03   3.55601E-03  -2.15122E-03   4.49957E-03  -2.40733E-04   4.65356E-03   1.46399E-03   4.09418E-03
 1.09400E+02  -1.57577E-02   4.75044E-03  -1.18322E-02   9.91676E-03  -6.59634E-03   1.29094E-02  -1.01052E-03   1.35666E-02   4.03641E-03   1.20928E-02   7.85083E-03   8.98347E-03   1.00131E-02   4.91481E-03   1.04056E-02   6.20381E-04   9.19177E-03  -3.22589E-03   6.75581E-03  -6.10294E-03   3.61701E-03  -7.70121E-03   3.34543E-04  -7.94224E-03  -2.58148E-03  -6.96118E-03  -4.74043E-03  -5.05948E-03  -5.91467E-03  -2.63867E-03  -6.05303E-03  -1.27460E-04  -5.26622E-03   2.08596E-03  -3.78963E-03   3.70703E-03  -1.93225E-03   4.56720E-03  -2.09535E-05   4.63329E-03   1.65082E-03   3.99540E-03
 1.10200E+02  -1.56437E-02   5.05261E-03  -1.16074E-02   1.01491E-02  -6.29832E-03   1.30336E-02  -6.89186E-04   1.35632E-02   4.32804E-03   1.19643E-02   8.06588E-03   8.75341E-03   1.01188E-02   4.62293E-03   1.03883E-02   3.15295E-04   9.05847E-03  -3.49521E-03   6.53218E-03  -6.29537E-03   3.34220E-03  -7.78990E-03   5.40945E-05  -7.91834E-03  -2.82341E-03  -6.83430E-03  -4.90817E-03  -4.85510E-03  -5.98629E-03  -2.39308E-03  -6.02311E-03   1.18721E-04  -5.14564E-03   2.29458E-03  -3.60284E-03   3.84833E-03  -1.71247E-03   4.62397E-03   1.95651E-04   4.60273E-03   1.83106E-03   3.88852E-03
 1.11000E+02  -1.55243E-02   5.35082E-03  -1.13789E-02   1.03752E-02  -5.99923E-03   1.31501E-02  -3.69811E-04   1.35519E-02   4.61467E-03   1.18291E-02   8.27350E-03   8.51896E-03   1.02157E-02   4.32997E-03   1.03622E-02   1.28688E-05   8.91794E-03  -3.75836E-03   6.30412E-03  -6.47896E-03   3.06659E-03  -7.86844E-03  -2.23255E-04  -7.88459E-03  -3.05875E-03  -6.69948E-03  -5.06683E-03  -4.64602E-03  -6.04779E-03  -2.14685E-03  -5.98363E-03   3.61333E-04  -5.01760E-03   2.49596E-03  -3.41186E-03   3.97987E-03  -1.49242E-03   4.67002E-03   4.08603E-04   4.56218E-03   2.00437E-03   3.77397E-03
 1.11800E+02  -1.53999E-02   5.64503E-03  -1.11470E-02   1.05952E-02  -5.69925E-03   1.32591E-02  -5.25911E-05   1.35328E-02   4.89617E-03   1.16872E-02   8.47364E-03   8.28035E-03   1.03039E-02   4.03617E-03   1.03276E-02  -2.86700E-04   8.77045E-03  -4.01521E-03   6.07197E-03  -6.65370E-03   2.79057E-03  -7.93694E-03  -4.97164E-04  -7.84121E-03  -3.28726E-03  -6.55704E-03  -5.21632E-03  -4.43262E-03  -6.09925E-03  -1.90035E-03  -5.93485E-03   6.00073E-04  -4.88250E-03   2.68993E-03  -3.21720E-03   4.10164E-03  -1.27264E-03   4.70549E-03   6.17450E-04   4.51195E-03   2.17045E-03   3.65215E-03
 1.12600E+02  -1.52704E-02   5.93519E-03  -1.09119E-02   1.08090E-02  -5.39858E-03   1.33606E-02   2.62291E-04   1.35062E-02   5.17240E-03   1.15390E-02   8.66623E-03   8.03781E-03   1.03834E-02   3.74177E-03   1.02845E-02  -5.83220E-04   8.61629E-03  -4.26566E-03   5.83608E-03  -6.81959E-03   2.51450E-03  -7.99551E-03  -7.67308E-04  -7.78845E-03  -3.50872E-03  -6.40732E-03  -5.35657E-03  -4.21528E-03  -6.14076E-03  -1.65395E-03  -5.87704E-03   8.34653E-04  -4.74076E-03   2.87633E-03  -3.01936E-03   4.21363E-03  -1.05361E-03   4.73057E-03   8.21764E-04   4.45238E-03   2.32902E-03   3.52353E-03
 1.13400E+02  -1.51360E-02   6.22127E-03  -1.06736E-02   1.10166E-02  -5.09740E-03   1.34547E-02   5.74660E-04   1.34721E-02   5.44323E-03   1.13846E-02   8.85123E-03   7.79156E-03   1.04542E-02   3.44699E-03   1.02332E-02  -8.76504E-04   8.45572E-03  -4.50961E-03   5.59679E-03  -6.97664E-03   2.23873E-03  -8.04430E-03  -1.03338E-03  -7.72656E-03  -3.72291E-03  -6.25067E-03  -5.48751E-03  -3.99438E-03  -6.17243E-03  -1.40801E-03  -5.81047E-03   1.06480E-03  -4.59279E-03   3.05501E-03  -2.81881E-03   4.31589E-03  -8.35826E-04   4.74547E-03   1.02114E-03   4.38382E-03   2.47981E-03   3.38853E-03
 1.14200E+02  -1.49969E-02   6.50325E-03  -1.04324E-02   1.12181E-02  -4.79589E-03   1.35415E-02   8.84353E-04   1.34307E-02   5.70854E-03   1.12242E-02   9.02860E-03   7.54185E-03   1.05165E-02   3.15205E-03   1.01739E-02  -1.16637E-03   8.28900E-03  -4.74694E-03   5.35442E-03  -7.12487E-03   1.96359E-03  -8.08345E-03  -1.29509E-03  -7.65582E-03  -3.92965E-03  -6.08743E-03  -5.60909E-03  -3.77032E-03  -6.19437E-03  -1.16288E-03  -5.73542E-03   1.29024E-03  -4.43897E-03   3.22586E-03  -2.61602E-03   4.40845E-03  -6.19735E-04   4.75041E-03   1.21521E-03   4.30665E-03   2.62261E-03   3.24764E-03
 1.15100E+02  -1.48347E-02   6.81551E-03  -1.01576E-02   1.14374E-02  -4.45650E-03   1.36305E-02   1.22936E-03   1.33755E-02   6.00028E-03   1.10369E-02   9.21896E-03   7.25708E-03   1.05764E-02   2.82036E-03   1.00977E-02  -1.48816E-03   8.09440E-03  -5.00593E-03   5.07846E-03  -7.28111E-03   1.65522E-03  -8.11617E-03  -1.58395E-03  -7.56598E-03  -4.15311E-03  -5.89636E-03  -5.73465E-03  -3.51493E-03  -6.20758E-03  -8.88526E-04  -5.64118E-03   1.53792E-03  -4.25942E-03   3.40857E-03  -2.38575E-03   4.50110E-03  -3.79195E-04   4.74436E-03   1.42676E-03   4.21001E-03   2.77345E-03   3.08267E-03
 1.15900E+02  -1.46858E-02   7.08863E-03  -9.91054E-03   1.16259E-02  -4.15483E-03   1.37020E-02   1.53286E-03   1.33191E-02   6.25351E-03   1.08645E-02   9.37999E-03   7.00079E-03   1.06207E-02   2.52587E-03   1.00217E-02  -1.77016E-03   7.91543E-03  -5.22894E-03   4.83055E-03  -7.41069E-03   1.38247E-03  -8.13538E-03  -1.83550E-03  -7.47732E-03  -4.34345E-03  -5.72032E-03  -5.83625E-03  -3.28541E-03  -6.20927E-03  -6.46293E-04  -5.54900E-03   1.75254E-03  -4.09447E-03   3.56243E-03  -2.17965E-03   4.57332E-03  -1.68108E-04   4.72896E-03   1.60844E-03   4.11582E-03   2.89863E-03   2.93080E-03
 1.16700E+02  -1.45323E-02   7.35752E-03  -9.66096E-03   1.18083E-02  -3.85332E-03   1.37664E-02   1.83322E-03   1.32558E-02   6.50089E-03   1.06868E-02   9.53330E-03   6.74177E-03   1.06566E-02   2.23195E-03   9.93816E-03  -2.04819E-03   7.73110E-03  -5.44507E-03   4.58050E-03  -7.53155E-03   1.11131E-03  -8.14545E-03  -2.08189E-03  -7.38068E-03  -4.52585E-03  -5.53882E-03  -5.92844E-03  -3.05392E-03  -6.20166E-03  -4.05958E-04  -5.44919E-03   1.96169E-03  -3.92486E-03   3.70817E-03  -1.97263E-03   4.63612E-03   4.00150E-05   4.70441E-03   1.78381E-03   4.01426E-03   3.01528E-03   2.77453E-03
 1.17600E+02  -1.43545E-02   7.65492E-03  -9.37733E-03   1.20062E-02  -3.51449E-03   1.38305E-02   2.16721E-03   1.31766E-02   6.77211E-03   1.04807E-02   9.69652E-03   6.44741E-03   1.06871E-02   1.90225E-03   9.83536E-03  -2.35601E-03   7.51759E-03  -5.67990E-03   4.29698E-03  -7.65716E-03   8.08484E-04  -8.14610E-03  -2.35264E-03  -7.26277E-03  -4.72143E-03  -5.32856E-03  -6.02092E-03  -2.79163E-03  -6.18216E-03  -1.38272E-04  -5.32814E-03   2.19016E-03  -3.72894E-03   3.86232E-03  -1.73915E-03   4.69565E-03   2.70169E-04   4.66621E-03   1.97327E-03   3.89171E-03   3.13618E-03   2.59405E-03
 1.18400E+02  -1.41920E-02   7.91469E-03  -9.12283E-03   1.21757E-02  -3.21380E-03   1.38802E-02   2.46049E-03   1.30993E-02   7.00681E-03   1.02924E-02   9.83338E-03   6.18339E-03   1.07055E-02   1.61028E-03   9.73633E-03  -2.62503E-03   7.32263E-03  -5.88116E-03   4.04329E-03  -7.75966E-03   5.41580E-04  -8.13738E-03  -2.58737E-03  -7.15013E-03  -4.88660E-03  -5.13668E-03  -6.09318E-03  -2.55724E-03  -6.15530E-03   9.69166E-05  -5.21306E-03   2.38695E-03  -3.55065E-03   3.99058E-03  -1.53150E-03   4.73882E-03   4.70840E-04   4.62316E-03   2.13445E-03   3.77586E-03   3.23440E-03   2.43001E-03
 1.19300E+02  -1.40041E-02   8.20172E-03  -8.83398E-03   1.23591E-02  -2.87623E-03   1.39280E-02   2.78622E-03   1.30048E-02   7.26360E-03   1.00749E-02   9.97812E-03   5.88401E-03   1.07165E-02   1.28335E-03   9.61652E-03  -2.92228E-03   7.09778E-03  -6.09909E-03   3.75636E-03  -7.86474E-03   2.44191E-04  -8.11733E-03  -2.84452E-03  -7.01498E-03  -5.06257E-03  -4.91567E-03  -6.16335E-03  -2.29264E-03  -6.11460E-03   3.57986E-04  -5.07558E-03   2.60099E-03  -3.34588E-03   4.12494E-03  -1.29823E-03   4.77657E-03   6.91799E-04   4.56490E-03   2.30741E-03   3.63832E-03   3.33440E-03   2.24200E-03
 1.20100E+02  -1.38329E-02   8.45217E-03  -8.57512E-03   1.25157E-02  -2.57695E-03   1.39633E-02   3.07191E-03   1.29142E-02   7.48533E-03   9.87686E-03   1.00986E-02   5.61606E-03   1.07178E-02   9.94351E-04   9.50278E-03  -3.18153E-03   6.89328E-03  -6.28518E-03   3.50023E-03  -7.94911E-03  -1.73365E-05  -8.09063E-03  -3.06676E-03  -6.88767E-03  -5.21017E-03  -4.71505E-03  -6.21591E-03  -2.05705E-03  -6.06933E-03   5.86575E-04  -4.94656E-03   2.78449E-03  -3.16052E-03   4.23550E-03  -1.09159E-03   4.80069E-03   8.83625E-04   4.50472E-03   2.45351E-03   3.51010E-03   3.41396E-03   2.07234E-03
 1.21000E+02  -1.36355E-02   8.72860E-03  -8.28168E-03   1.26848E-02  -2.24129E-03   1.39952E-02   3.38884E-03   1.28050E-02   7.72740E-03   9.64901E-03   1.02249E-02   5.31285E-03   1.07099E-02   6.71317E-04   9.36689E-03  -3.46738E-03   6.65829E-03  -6.48587E-03   3.21121E-03  -8.03394E-03  -3.08093E-04  -8.05084E-03  -3.30946E-03  -6.73675E-03  -5.36625E-03  -4.48513E-03  -6.26414E-03  -1.79203E-03  -6.00844E-03   8.39437E-04  -4.79416E-03   2.98309E-03  -2.94870E-03   4.34988E-03  -8.60332E-04   4.81740E-03   1.09394E-03   4.42795E-03   2.60910E-03   3.35970E-03   3.49296E-03   1.87921E-03
 1.21900E+02  -1.34333E-02   8.99931E-03  -7.98607E-03   1.28461E-02  -1.90689E-03   1.40187E-02   3.70092E-03   1.26885E-02   7.96158E-03   9.41609E-03   1.03415E-02   5.00808E-03   1.06922E-02   3.50787E-04   9.22287E-03  -3.74688E-03   6.41842E-03  -6.67731E-03   2.92159E-03  -8.10819E-03  -5.94893E-04  -8.00097E-03  -3.54423E-03  -6.57809E-03  -5.51173E-03  -4.25121E-03  -6.30094E-03  -1.52751E-03  -5.93730E-03   1.08735E-03  -4.63448E-03   3.17316E-03  -2.73385E-03   4.45365E-03  -6.30814E-04   4.82327E-03   1.29809E-03   4.34202E-03   2.75525E-03   3.20336E-03   3.56092E-03   1.68431E-03
 1.22800E+02  -1.32264E-02   9.26425E-03  -7.68846E-03   1.29999E-02  -1.57393E-03   1.40341E-02   4.00801E-03   1.25646E-02   8.18784E-03   9.17838E-03   1.04486E-02   4.70206E-03   1.06648E-02   3.30526E-05   9.07100E-03  -4.01981E-03   6.17403E-03  -6.85943E-03   2.63173E-03  -8.17194E-03  -8.77445E-04  -7.94129E-03  -3.77089E-03  -6.41210E-03  -5.64662E-03  -4.01379E-03  -6.32650E-03  -1.26400E-03  -5.85627E-03   1.32991E-03  -4.46800E-03   3.35446E-03  -2.51649E-03   4.54680E-03  -4.03478E-04   4.81856E-03   1.49579E-03   4.24737E-03   2.89182E-03   3.04166E-03   3.61791E-03   1.48827E-03
 1.23600E+02  -1.30387E-02   9.49485E-03  -7.42238E-03   1.31303E-02  -1.27930E-03   1.40409E-02   4.27671E-03   1.24487E-02   8.38229E-03   8.96328E-03   1.05357E-02   4.42926E-03   1.06326E-02  -2.46801E-04   8.92965E-03  -4.25674E-03   5.95326E-03  -7.01344E-03   2.37415E-03  -8.21988E-03  -1.12481E-03  -7.88024E-03  -3.96545E-03  -6.25872E-03  -5.75764E-03  -3.80019E-03  -6.33994E-03  -1.03098E-03  -5.77620E-03   1.54072E-03  -4.31466E-03   3.50810E-03  -2.32154E-03   4.62070E-03  -2.03581E-04   4.80567E-03   1.66585E-03   4.15627E-03   3.00511E-03   2.89389E-03   3.65947E-03   1.31354E-03
 1.24500E+02  -1.28235E-02   9.74871E-03  -7.12148E-03   1.32697E-02  -9.49493E-04   1.40412E-02   4.57409E-03   1.23118E-02   8.59350E-03   8.71726E-03   1.06248E-02   4.12173E-03   1.05875E-02  -5.58489E-04   8.76375E-03  -4.51674E-03   5.70123E-03  -7.17778E-03   2.08476E-03  -8.26410E-03  -1.39860E-03  -7.80278E-03  -4.17641E-03  -6.07997E-03  -5.87258E-03  -3.55744E-03  -6.34482E-03  -7.70612E-04  -5.67743E-03   1.77218E-03  -4.13657E-03   3.67232E-03  -2.10073E-03   4.69385E-03   1.84734E-05   4.78162E-03   1.85055E-03   4.04637E-03   3.12338E-03   2.72363E-03   3.69614E-03   1.11698E-03
 1.25400E+02  -1.26040E-02   9.99662E-03  -6.81909E-03   1.34016E-02  -6.21595E-04   1.40335E-02   4.86616E-03   1.21682E-02   8.79672E-03   8.46724E-03   1.07045E-02   3.81382E-03   1.05335E-02  -8.66594E-04   8.59085E-03  -4.76962E-03   5.44568E-03  -7.33266E-03   1.79611E-03  -8.29814E-03  -1.66737E-03  -7.71631E-03  -4.37888E-03  -5.89505E-03  -5.97702E-03  -3.31253E-03  -6.33908E-03  -5.12548E-04  -5.56982E-03   1.99725E-03  -3.95300E-03   3.82725E-03  -1.87879E-03   4.75648E-03   2.37148E-04   4.74771E-03   2.02802E-03   3.92902E-03   3.23189E-03   2.54962E-03   3.72230E-03   9.20964E-04
 1.26300E+02  -1.23804E-02   1.02385E-02  -6.51540E-03   1.35260E-02  -2.95766E-04   1.40181E-02   5.15282E-03   1.20182E-02   8.99194E-03   8.21346E-03   1.07750E-02   3.50581E-03   1.04706E-02  -1.17087E-03   8.41125E-03  -5.01525E-03   5.18694E-03  -7.47803E-03   1.50852E-03  -8.32213E-03  -1.93088E-03  -7.62108E-03  -4.57275E-03  -5.70432E-03  -6.07104E-03  -3.06590E-03  -6.32296E-03  -2.57200E-04  -5.45377E-03   2.21565E-03  -3.76445E-03   3.97274E-03  -1.65619E-03   4.80865E-03   4.52058E-04   4.70422E-03   2.19802E-03   3.80468E-03   3.33065E-03   2.37242E-03   3.73817E-03   7.26037E-04
 1.27300E+02  -1.21275E-02   1.05002E-02  -6.17666E-03   1.36554E-02   6.36463E-05   1.39920E-02   5.46488E-03   1.18442E-02   9.19946E-03   7.92739E-03   1.08426E-02   3.16379E-03   1.03906E-02  -1.50417E-03   8.20423E-03  -5.27946E-03   4.89614E-03  -7.62838E-03   1.19062E-03  -8.33715E-03  -2.21722E-03  -7.50535E-03  -4.77799E-03  -5.48608E-03  -6.16340E-03  -2.79037E-03  -6.29321E-03   2.28587E-05  -5.31541E-03   2.45014E-03  -3.54967E-03   4.12320E-03  -1.40867E-03   4.85445E-03   6.85980E-04   4.64499E-03   2.37794E-03   3.65884E-03   3.42895E-03   2.17241E-03   3.74404E-03   5.11348E-04
 1.28200E+02  -1.18960E-02   1.07293E-02  -5.87082E-03   1.37639E-02   3.84587E-04   1.39606E-02   5.73981E-03   1.16813E-02   9.37778E-03   7.66651E-03   1.08939E-02   2.85644E-03   1.03098E-02  -1.79961E-03   8.01154E-03  -5.50927E-03   4.63182E-03  -7.75364E-03   9.06335E-04  -8.34036E-03  -2.46888E-03  -7.39256E-03  -4.95345E-03  -5.28437E-03  -6.23573E-03  -2.54149E-03  -6.25607E-03   2.71214E-04  -5.18286E-03   2.65354E-03  -3.35215E-03   4.24845E-03  -1.18622E-03   4.88486E-03   8.91740E-04   4.58221E-03   2.53157E-03   3.52116E-03   3.50718E-03   1.99014E-03   3.73901E-03   3.20361E-04
 1.29100E+02  -1.16609E-02   1.09523E-02  -5.56424E-03   1.38651E-02   7.02970E-04   1.39218E-02   6.00905E-03   1.15124E-02   9.54810E-03   7.40263E-03   1.09363E-02   2.54978E-03   1.02209E-02  -2.09053E-03   7.81312E-03  -5.73141E-03   4.36540E-03  -7.86939E-03   6.24104E-04  -8.33396E-03  -2.71458E-03  -7.27188E-03  -5.12008E-03  -5.07803E-03  -6.29796E-03  -2.29216E-03  -6.20943E-03   5.15706E-04  -5.04315E-03   2.84946E-03  -3.15113E-03   4.36399E-03  -9.64562E-04   4.90514E-03   1.09263E-03   4.51076E-03   2.67720E-03   3.37784E-03   3.57578E-03   1.80624E-03   3.72451E-03   1.31960E-04
 1.30000E+02  -1.14225E-02   1.11692E-02  -5.25710E-03   1.39588E-02   1.01864E-03   1.38757E-02   6.27250E-03   1.13379E-02   9.71044E-03   7.13600E-03   1.09699E-02   2.24407E-03   1.01241E-02  -2.37675E-03   7.60931E-03  -5.94577E-03   4.09722E-03  -7.97565E-03   3.44234E-04  -8.31811E-03  -2.95412E-03  -7.14361E-03  -5.27783E-03  -4.86743E-03  -6.35022E-03  -2.04276E-03  -6.15356E-03   7.56012E-04  -4.89670E-03   3.03771E-03  -2.94708E-03   4.46980E-03  -7.44123E-04   4.91546E-03   1.28832E-03   4.43096E-03   2.81468E-03   3.22932E-03   3.63483E-03   1.62118E-03   3.70084E-03  -5.34295E-05
 1.31000E+02  -1.11539E-02   1.14029E-02  -4.91540E-03   1.40543E-02   1.36602E-03   1.38161E-02   6.55833E-03   1.11376E-02   9.88147E-03   6.83677E-03   1.09971E-02   1.90575E-03   1.00077E-02  -2.68904E-03   7.37689E-03  -6.17473E-03   3.79758E-03  -8.08263E-03   3.63977E-05  -8.28963E-03  -3.21283E-03  -6.99252E-03  -5.44265E-03  -4.62886E-03  -6.39675E-03  -1.76601E-03  -6.08105E-03   1.01774E-03  -4.72658E-03   3.23765E-03  -2.71740E-03   4.57594E-03  -5.01154E-04   4.91544E-03   1.49929E-03   4.33290E-03   2.95774E-03   3.05870E-03   3.68937E-03   1.41475E-03   3.66415E-03  -2.55403E-04
 1.31900E+02  -1.09090E-02   1.16068E-02  -4.60767E-03   1.41326E-02   1.67548E-03   1.37551E-02   6.80930E-03   1.09517E-02   1.00270E-02   6.56505E-03   1.10127E-02   1.60274E-03   9.89502E-03  -2.96476E-03   7.16270E-03  -6.37242E-03   3.52679E-03  -8.16900E-03  -2.37519E-04  -8.25442E-03  -3.43874E-03  -6.84915E-03  -5.58153E-03  -4.41042E-03  -6.42840E-03  -1.51766E-03  -6.00673E-03   1.24824E-03  -4.56729E-03   3.40914E-03  -2.50851E-03   4.66120E-03  -2.84707E-04   4.90530E-03   1.68302E-03   4.23657E-03   3.07765E-03   2.90059E-03   3.72861E-03   1.22871E-03   3.62213E-03  -4.33160E-04
 1.32900E+02  -1.06336E-02   1.18261E-02  -4.26575E-03   1.42111E-02   2.01561E-03   1.36792E-02   7.08107E-03   1.07393E-02   1.01794E-02   6.26072E-03   1.10201E-02   1.26795E-03   9.76150E-03  -3.26500E-03   6.91953E-03  -6.58270E-03   3.22507E-03  -8.25403E-03  -5.38034E-04  -8.20488E-03  -3.68186E-03  -6.68200E-03  -5.72532E-03  -4.16401E-03  -6.45241E-03  -1.24292E-03  -5.91447E-03   1.49840E-03  -4.38394E-03   3.59011E-03  -2.27458E-03   4.74457E-03  -4.71938E-05   4.88304E-03   1.88000E-03   4.12098E-03   3.20095E-03   2.72039E-03   3.76144E-03   1.02227E-03   3.56587E-03  -6.25769E-04
 1.33800E+02  -1.03829E-02   1.20169E-02  -3.95819E-03   1.42743E-02   2.31822E-03   1.36038E-02   7.31922E-03   1.05429E-02   1.03083E-02   5.98488E-03   1.10182E-02   9.68574E-04   9.63406E-03  -3.52954E-03   6.69634E-03  -6.76347E-03   2.95312E-03  -8.32082E-03  -8.04748E-04  -8.15116E-03  -3.89338E-03  -6.52484E-03  -5.84525E-03  -3.93929E-03  -6.46414E-03  -9.97108E-04  -5.82307E-03   1.71792E-03  -4.21367E-03   3.74426E-03  -2.06288E-03   4.80945E-03   1.63457E-04   4.85337E-03   2.05054E-03   4.00965E-03   3.30291E-03   2.55459E-03   3.78145E-03   8.37162E-04   3.50699E-03  -7.94360E-04
 1.34800E+02  -1.01014E-02   1.22218E-02  -3.61686E-03   1.43361E-02   2.65039E-03   1.35122E-02   7.57657E-03   1.03192E-02   1.04422E-02   5.67650E-03   1.10066E-02   6.38312E-04   9.48468E-03  -3.81703E-03   6.44390E-03  -6.95487E-03   2.65089E-03  -8.38431E-03  -1.09660E-03  -8.08157E-03  -4.12011E-03  -6.34312E-03  -5.96797E-03  -3.68674E-03  -6.46641E-03  -7.25996E-04  -5.71260E-03   1.95531E-03  -4.01915E-03   3.90574E-03  -1.82690E-03   4.87037E-03   3.93588E-04   4.81000E-03   2.23226E-03   3.87831E-03   3.40613E-03   2.36688E-03   3.79330E-03   6.32745E-04   3.43283E-03  -9.76030E-04
 1.35800E+02  -9.81706E-03   1.24190E-02  -3.27616E-03   1.43893E-02   2.97813E-03   1.34127E-02   7.82622E-03   1.00900E-02   1.05664E-02   5.36641E-03   1.09852E-02   3.10804E-04   9.32741E-03  -4.09755E-03   6.18718E-03  -7.13628E-03   2.34900E-03  -8.43665E-03  -1.38340E-03  -8.00187E-03  -4.33794E-03  -6.15434E-03  -6.07962E-03  -3.43164E-03  -6.45758E-03  -4.57402E-04  -5.59318E-03   2.18555E-03  -3.81956E-03   4.05683E-03  -1.59070E-03   4.91967E-03   6.19117E-04   4.75604E-03   2.40551E-03   3.73941E-03   3.49871E-03   2.17607E-03   3.79443E-03   4.30161E-04   3.34993E-03  -1.15139E-03
 1.36800E+02  -9.53006E-03   1.26088E-02  -2.93631E-03   1.44340E-02   3.30126E-03   1.33055E-02   8.06806E-03   9.85553E-03   1.06810E-02   5.05489E-03   1.09542E-02  -1.37030E-05   9.16256E-03  -4.37097E-03   5.92655E-03  -7.30770E-03   2.04783E-03  -8.47801E-03  -1.66482E-03  -7.91235E-03  -4.54668E-03  -5.95890E-03  -6.18021E-03  -3.17443E-03  -6.43790E-03  -1.91729E-04  -5.46523E-03   2.40839E-03  -3.61543E-03   4.19747E-03  -1.35481E-03   4.95752E-03   8.39587E-04   4.69185E-03   2.57001E-03   3.59348E-03   3.58064E-03   1.98271E-03   3.78511E-03   2.29913E-04   3.25878E-03  -1.32010E-03
 1.37700E+02  -9.26963E-03   1.27731E-02  -2.63132E-03   1.44671E-02   3.58801E-03   1.32025E-02   8.27900E-03   9.64024E-03   1.07760E-02   4.77353E-03   1.09182E-02  -3.02994E-04   9.00797E-03  -4.61085E-03   5.68897E-03  -7.45344E-03   1.77773E-03  -8.50599E-03  -1.91325E-03  -7.82366E-03  -4.72666E-03  -5.77768E-03  -6.26134E-03  -2.94152E-03  -6.41111E-03   4.45600E-05  -5.34313E-03   2.60241E-03  -3.42827E-03   4.31509E-03  -1.14323E-03   4.98195E-03   1.03333E-03   4.62567E-03   2.71040E-03   3.45657E-03   3.64528E-03   1.80697E-03   3.76800E-03   5.20891E-05   3.17008E-03  -1.46601E-03
 1.38700E+02  -8.97809E-03   1.29485E-02  -2.29360E-03   1.44960E-02   3.90195E-03   1.30811E-02   8.50584E-03   9.39650E-03   1.08725E-02   4.46006E-03   1.08695E-02  -6.21142E-04   8.82957E-03  -4.87039E-03   5.42197E-03  -7.60590E-03   1.47899E-03  -8.52696E-03  -2.18362E-03  -7.71640E-03  -4.91775E-03  -5.57079E-03  -6.34108E-03  -2.68157E-03  -6.37150E-03   3.03629E-04  -5.20015E-03   2.81054E-03  -3.21698E-03   4.43581E-03  -9.09409E-04   4.99861E-03   1.24303E-03   4.54318E-03   2.85768E-03   3.29875E-03   3.70703E-03   1.61033E-03   3.73956E-03  -1.42400E-04   3.06458E-03  -1.62127E-03
 1.39700E+02  -8.68443E-03   1.31165E-02  -1.95729E-03   1.45167E-02   4.21085E-03   1.29525E-02   8.72471E-03   9.14826E-03   1.09595E-02   4.14597E-03   1.08117E-02  -9.35611E-04   8.64447E-03  -5.12244E-03   5.15215E-03  -7.74842E-03   1.18206E-03  -8.53747E-03  -2.44778E-03  -7.60029E-03  -5.09936E-03  -5.35850E-03  -6.40995E-03  -2.42080E-03  -6.32179E-03   5.58690E-04  -5.04987E-03   3.01062E-03  -3.00265E-03   4.54605E-03  -6.77387E-04   5.00444E-03   1.44650E-03   4.45167E-03   2.99562E-03   3.13545E-03   3.75825E-03   1.41275E-03   3.70150E-03  -3.33198E-04   2.95222E-03  -1.76908E-03
 1.40700E+02  -8.38882E-03   1.32771E-02  -1.62254E-03   1.45293E-02   4.51457E-03   1.28169E-02   8.93555E-03   8.89579E-03   1.10371E-02   3.83153E-03   1.07451E-02  -1.24618E-03   8.45298E-03  -5.36688E-03   4.87985E-03  -7.88102E-03   8.87257E-04  -8.53772E-03  -2.70549E-03  -7.47567E-03  -5.27141E-03  -5.14123E-03  -6.46804E-03  -2.15967E-03  -6.26226E-03   8.09395E-04  -4.89272E-03   3.20247E-03  -2.78578E-03   4.64584E-03  -4.47632E-04   4.99971E-03   1.64341E-03   4.35157E-03   3.12408E-03   2.96722E-03   3.79902E-03   1.21479E-03   3.65411E-03  -5.19878E-04   2.83350E-03  -1.90920E-03
 1.41800E+02  -8.06162E-03   1.34452E-02  -1.25635E-03   1.45341E-02   4.84253E-03   1.26600E-02   9.15816E-03   8.61350E-03   1.11118E-02   3.48556E-03   1.06619E-02  -1.58304E-03   8.23530E-03  -5.62686E-03   4.57788E-03  -8.01550E-03   5.65827E-04  -8.52640E-03  -2.98123E-03  -7.32916E-03  -5.44951E-03  -4.89699E-03  -6.51960E-03  -1.87250E-03  -6.18578E-03   1.07974E-03  -4.71243E-03   3.40381E-03  -2.54486E-03   4.74361E-03  -1.98046E-04   4.98263E-03   1.85206E-03   4.23209E-03   3.25430E-03   2.77712E-03   3.83193E-03   9.97215E-04   3.59163E-03  -7.19980E-04   2.69614E-03  -2.05421E-03
 1.42800E+02  -7.76250E-03   1.35903E-02  -9.25460E-04   1.45302E-02   5.13498E-03   1.25105E-02   9.35204E-03   8.35298E-03   1.11699E-02   3.17125E-03   1.05774E-02  -1.88471E-03   8.03133E-03  -5.85500E-03   4.30150E-03  -8.12745E-03   2.76545E-04  -8.50578E-03  -3.22464E-03  -7.18780E-03  -5.60123E-03  -4.67065E-03  -6.55541E-03  -1.61196E-03  -6.10656E-03   1.32022E-03  -4.54222E-03   3.57786E-03  -2.32419E-03   4.82165E-03   2.55372E-05   4.95661E-03   2.03420E-03   4.11544E-03   3.36252E-03   2.60029E-03   3.85117E-03   8.00151E-04   3.52579E-03  -8.96701E-04   2.56563E-03  -2.17756E-03
 1.43800E+02  -7.46196E-03   1.37282E-02  -5.96652E-04   1.45187E-02   5.42190E-03   1.23547E-02   9.53780E-03   8.08905E-03   1.12190E-02   2.85741E-03   1.04846E-02  -2.18183E-03   7.82187E-03  -6.07523E-03   4.02368E-03  -8.22965E-03  -9.64754E-06  -8.47558E-03  -3.46093E-03  -7.03901E-03  -5.74320E-03  -4.44066E-03  -6.58082E-03  -1.35234E-03  -6.01845E-03   1.55534E-03  -4.36644E-03   3.74321E-03  -2.10243E-03   4.88944E-03   2.45560E-04   4.92090E-03   2.20891E-03   3.99161E-03   3.46101E-03   2.42020E-03   3.86041E-03   6.04304E-04   3.45171E-03  -1.06810E-03   2.43026E-03  -2.29269E-03
 1.44900E+02  -7.12991E-03   1.38714E-02  -2.37545E-04   1.44974E-02   5.73099E-03   1.21763E-02   9.73276E-03   7.79506E-03   1.12625E-02   2.51304E-03   1.03733E-02  -2.50317E-03   7.58547E-03  -6.30825E-03   3.71680E-03  -8.33090E-03  -3.20557E-04  -8.43153E-03  -3.71243E-03  -6.86717E-03  -5.88809E-03  -4.18393E-03  -6.59694E-03  -1.06831E-03  -5.91161E-03   1.80744E-03  -4.16715E-03   3.91492E-03  -1.85774E-03   4.95231E-03   4.83029E-04   4.87079E-03   2.39223E-03   3.84766E-03   3.55809E-03   2.21897E-03   3.85926E-03   3.90858E-04   3.36116E-03  -1.25008E-03   2.27633E-03  -2.40967E-03
 1.45900E+02  -6.82691E-03   1.39940E-02   8.64123E-05   1.44703E-02   6.00597E-03   1.20079E-02   9.90146E-03   7.52476E-03   1.12927E-02   2.20101E-03   1.02640E-02  -2.79010E-03   7.36543E-03  -6.51161E-03   3.43699E-03  -8.41287E-03  -5.99365E-04  -8.38190E-03  -3.93324E-03  -6.70392E-03  -6.00955E-03  -3.94759E-03  -6.60104E-03  -8.11914E-04  -5.80583E-03   2.03038E-03  -3.98104E-03   4.06166E-03  -1.63508E-03   4.99893E-03   6.94391E-04   4.81574E-03   2.55064E-03   3.71026E-03   3.63612E-03   2.03374E-03   3.84817E-03   1.99134E-04   3.27103E-03  -1.40920E-03   2.13233E-03  -2.50714E-03
 1.47000E+02  -6.49254E-03   1.41205E-02   4.39839E-04   1.44320E-02   6.30172E-03   1.18161E-02   1.00777E-02   7.22439E-03   1.13158E-02   1.85923E-03   1.01350E-02  -3.09977E-03   7.11810E-03  -6.72590E-03   3.12867E-03  -8.49204E-03  -9.01522E-04  -8.31705E-03  -4.16735E-03  -6.51704E-03  -6.13189E-03  -3.68488E-03  -6.59416E-03  -5.32348E-04  -5.68035E-03   2.26843E-03  -3.77139E-03   4.21266E-03  -1.39044E-03   5.03879E-03   9.21515E-04   4.74513E-03   2.71560E-03   3.55250E-03   3.71076E-03   1.82809E-03   3.82521E-03  -8.66032E-06   3.16378E-03  -1.57693E-03   1.97007E-03  -2.60448E-03
 1.48000E+02  -6.18777E-03   1.42281E-02   7.58330E-04   1.43898E-02   6.56440E-03   1.16360E-02   1.02293E-02   6.94882E-03   1.13277E-02   1.55010E-03   1.00100E-02  -3.37570E-03   6.88876E-03  -6.91210E-03   2.84822E-03  -8.55412E-03  -1.17183E-03  -8.24902E-03  -4.37206E-03  -6.34087E-03  -6.23293E-03  -3.44398E-03  -6.57778E-03  -2.80828E-04  -5.55837E-03   2.47804E-03  -3.57677E-03   4.34041E-03  -1.16873E-03   5.06479E-03   1.12278E-03   4.67215E-03   2.85698E-03   3.40356E-03   3.76851E-03   1.63996E-03   3.79486E-03  -1.94276E-04   3.05936E-03  -1.72247E-03   1.81957E-03  -2.68394E-03
 1.49100E+02  -5.85183E-03   1.43383E-02   1.10542E-03   1.43352E-02   6.84644E-03   1.14319E-02   1.03869E-02   6.64323E-03   1.13309E-02   1.21207E-03   9.86437E-03  -3.67287E-03   6.63189E-03  -7.10738E-03   2.53991E-03  -8.61164E-03  -1.46406E-03  -8.16450E-03  -4.58818E-03  -6.14061E-03  -6.33291E-03  -3.17719E-03  -6.54888E-03  -7.47765E-06  -5.41591E-03   2.70085E-03  -3.35876E-03   4.47040E-03  -9.26082E-04   5.08233E-03   1.33807E-03   4.58263E-03   3.00292E-03   3.23420E-03   3.82104E-03   1.43230E-03   3.75139E-03  -3.94336E-04   2.93742E-03  -1.87463E-03   1.65129E-03  -2.76139E-03
 1.50200E+02  -5.51535E-03   1.44399E-02   1.44895E-03   1.42724E-02   7.12118E-03   1.12216E-02   1.05346E-02   6.33537E-03   1.13240E-02   8.76442E-04   9.71048E-03  -3.96318E-03   6.37060E-03  -7.29262E-03   2.23217E-03  -8.65801E-03  -1.75067E-03  -8.07014E-03  -4.79469E-03  -5.93400E-03  -6.42130E-03  -2.90901E-03  -6.50889E-03   2.61968E-04  -5.26523E-03   2.91526E-03  -3.13718E-03   4.58930E-03  -6.85228E-04   5.08848E-03   1.54665E-03   4.48385E-03   3.13870E-03   3.05964E-03   3.86220E-03   1.22450E-03   3.69776E-03  -5.89586E-04   2.80860E-03  -2.01819E-03   1.48079E-03  -2.82840E-03
 1.51200E+02  -5.20917E-03   1.45250E-02   1.75802E-03   1.42082E-02   7.36453E-03   1.10254E-02   1.06606E-02   6.05379E-03   1.13091E-02   5.73643E-04   9.56367E-03  -4.22098E-03   6.12953E-03  -7.45226E-03   1.95320E-03  -8.69061E-03  -2.00610E-03  -7.97608E-03  -4.97399E-03  -5.74105E-03  -6.49169E-03  -2.66439E-03  -6.46317E-03   5.03178E-04  -5.12151E-03   3.10268E-03  -2.93308E-03   4.68776E-03  -4.68235E-04   5.08439E-03   1.73015E-03   4.38639E-03   3.25326E-03   2.89693E-03   3.88991E-03   1.03596E-03   3.64054E-03  -7.62512E-04   2.68603E-03  -2.14103E-03   1.32436E-03  -2.88028E-03
 1.52300E+02  -4.87224E-03   1.46106E-02   2.09429E-03   1.41300E-02   7.62511E-03   1.08042E-02   1.07900E-02   5.74243E-03   1.12834E-02   2.43369E-04   9.39488E-03  -4.49767E-03   5.86082E-03  -7.61823E-03   1.64756E-03  -8.71611E-03  -2.28120E-03  -7.86382E-03  -5.16187E-03  -5.52356E-03  -6.55827E-03  -2.39486E-03  -6.40289E-03   7.64029E-04  -4.95647E-03   3.30039E-03  -2.70616E-03   4.78547E-03  -2.32144E-04   5.06948E-03   1.92501E-03   4.27120E-03   3.36946E-03   2.71404E-03   3.90990E-03   8.29514E-04   3.56870E-03  -9.47286E-04   2.54574E-03  -2.26751E-03   1.15128E-03  -2.92747E-03
 1.53400E+02  -4.53535E-03   1.46879E-02   2.42654E-03   1.40440E-02   7.87818E-03   1.05777E-02   1.09098E-02   5.42965E-03   1.12482E-02  -8.37141E-05   9.21875E-03  -4.76698E-03   5.58879E-03  -7.77407E-03   1.34355E-03  -8.73090E-03  -2.54991E-03  -7.74266E-03  -5.33988E-03  -5.30101E-03  -6.61362E-03  -2.12529E-03  -6.33247E-03   1.01982E-03  -4.78462E-03   3.48904E-03  -2.47721E-03   4.87212E-03   7.79863E-07   5.04391E-03   2.11226E-03   4.14808E-03   3.47533E-03   2.52762E-03   3.91914E-03   6.24580E-04   3.48798E-03  -1.12596E-03   2.40028E-03  -2.38477E-03   9.77727E-04  -2.96439E-03
 1.54500E+02  -4.19869E-03   1.47569E-02   2.75461E-03   1.39504E-02   8.12369E-03   1.03461E-02   1.10201E-02   5.11574E-03   1.12036E-02  -4.07358E-04   9.03560E-03  -5.02876E-03   5.31381E-03  -7.91978E-03   1.04151E-03  -8.73517E-03  -2.81198E-03  -7.61294E-03  -5.50797E-03  -5.07383E-03  -6.65790E-03  -1.85613E-03  -6.25228E-03   1.27021E-03  -4.60643E-03   3.66845E-03  -2.24675E-03   4.94775E-03   2.30096E-04   5.00799E-03   2.29166E-03   4.01749E-03   3.57089E-03   2.33821E-03   3.91789E-03   4.21680E-04   3.39887E-03  -1.29816E-03   2.25026E-03  -2.49265E-03   8.04282E-04  -2.99118E-03
 1.55700E+02  -3.83192E-03   1.48230E-02   3.10757E-03   1.38398E-02   8.38282E-03   1.00878E-02   1.11297E-02   4.77233E-03   1.11446E-02  -7.56224E-04   8.82816E-03  -5.30560E-03   5.01090E-03  -8.06722E-03   7.14662E-04  -8.72803E-03  -3.09006E-03  -7.46203E-03  -5.67996E-03  -4.82120E-03  -6.69377E-03  -1.56345E-03  -6.15407E-03   1.53682E-03  -4.40541E-03   3.85348E-03  -1.99424E-03   5.01778E-03   4.75648E-04   4.95732E-03   2.47813E-03   3.86708E-03   3.66338E-03   2.12881E-03   3.90489E-03   2.03236E-04   3.29265E-03  -1.47824E-03   2.08209E-03  -2.59954E-03   6.15859E-04  -3.00902E-03
 1.56800E+02  -3.49637E-03   1.48751E-02   3.42644E-03   1.37308E-02   8.61235E-03   9.84627E-03   1.12204E-02   4.45692E-03   1.10811E-02  -1.07193E-03   8.63136E-03  -5.55121E-03   4.73094E-03  -8.19184E-03   4.17836E-04  -8.71089E-03  -3.33756E-03  -7.31547E-03  -5.82718E-03  -4.58567E-03  -6.71547E-03  -1.29648E-03  -6.05461E-03   1.77488E-03  -4.21557E-03   4.01315E-03  -1.76229E-03   5.07066E-03   6.96078E-04   4.90070E-03   2.64038E-03   3.72241E-03   3.73745E-03   1.93489E-03   3.88262E-03   6.15824E-06   3.18757E-03  -1.63585E-03   1.92443E-03  -2.68754E-03   4.44450E-04  -3.01516E-03
 1.57900E+02  -3.16162E-03   1.49192E-02   3.74071E-03   1.36147E-02   8.83417E-03   9.60036E-03   1.13019E-02   4.14120E-03   1.10090E-02  -1.38350E-03   8.42854E-03  -5.78892E-03   4.44915E-03  -8.30642E-03   1.24001E-04  -8.68381E-03  -3.57779E-03  -7.16137E-03  -5.96438E-03  -4.34680E-03  -6.72666E-03  -1.03116E-03  -5.94651E-03   2.00659E-03  -4.02091E-03   4.16321E-03  -1.53039E-03   5.11284E-03   9.11655E-04   4.83469E-03   2.79412E-03   3.57173E-03   3.80134E-03   1.73961E-03   3.85078E-03  -1.87442E-04   3.07560E-03  -1.78605E-03   1.76401E-03  -2.76596E-03   2.74842E-04  -3.01174E-03
 1.59100E+02  -2.79758E-03   1.49583E-02   4.07815E-03   1.34802E-02   9.06733E-03   9.32741E-03   1.13803E-02   3.79671E-03   1.09207E-02  -1.71844E-03   8.20076E-03  -6.03912E-03   4.14008E-03  -8.42003E-03  -1.92775E-04  -8.64321E-03  -3.83133E-03  -6.98507E-03  -6.10265E-03  -4.08286E-03  -6.72712E-03  -7.44065E-04  -5.81918E-03   2.25184E-03  -3.80360E-03   4.31587E-03  -1.27801E-03   5.14681E-03   1.14087E-03   4.75236E-03   2.95196E-03   3.40105E-03   3.85953E-03   1.52561E-03   3.80552E-03  -3.94189E-04   2.94621E-03  -1.94118E-03   1.58653E-03  -2.84060E-03   9.24645E-05  -2.99740E-03
 1.60200E+02  -2.46510E-03   1.49861E-02   4.38237E-03   1.33499E-02   9.27293E-03   9.07316E-03   1.14428E-02   3.48113E-03   1.08311E-02  -2.02073E-03   7.98635E-03  -6.26001E-03   3.85561E-03  -8.51382E-03  -4.79377E-04  -8.59607E-03  -4.05577E-03  -6.81632E-03  -6.21894E-03  -3.83826E-03  -6.71700E-03  -4.83419E-04  -5.69424E-03   2.46949E-03  -3.60038E-03   4.44564E-03  -1.04773E-03   5.16711E-03   1.34515E-03   4.66783E-03   3.08744E-03   3.23932E-03   3.90243E-03   1.32908E-03   3.75474E-03  -5.79208E-04   2.82150E-03  -2.07518E-03   1.42217E-03  -2.89906E-03  -7.17661E-05  -2.97483E-03
 1.61400E+02  -2.10393E-03   1.50077E-02   4.70856E-03   1.32003E-02   9.48833E-03   8.79166E-03   1.15008E-02   3.13737E-03   1.07243E-02  -2.34510E-03   7.74668E-03  -6.49168E-03   3.54443E-03  -8.60493E-03  -7.87573E-04  -8.53412E-03  -4.29170E-03  -6.62487E-03  -6.33445E-03  -3.56902E-03  -6.69474E-03  -2.02254E-04  -5.54944E-03   2.69884E-03  -3.37486E-03   4.57609E-03  -7.98191E-04   5.17764E-03   1.56126E-03   4.56617E-03   3.22506E-03   3.05771E-03   3.93801E-03   1.11485E-03   3.68963E-03  -7.75700E-04   2.67940E-03  -2.21220E-03   1.24169E-03  -2.95206E-03  -2.47156E-04  -2.94029E-03
 1.62500E+02  -1.77444E-03   1.50196E-02   5.00223E-03   1.30566E-02   9.67761E-03   8.53009E-03   1.15446E-02   2.82296E-03   1.06183E-02  -2.63731E-03   7.52202E-03  -6.69545E-03   3.25874E-03  -8.67828E-03  -1.06571E-03  -8.46793E-03  -4.49967E-03  -6.44298E-03  -6.42996E-03  -3.32042E-03  -6.66428E-03   5.22112E-05  -5.40932E-03   2.90147E-03  -3.16512E-03   4.68547E-03  -5.71457E-04   5.17687E-03   1.75286E-03   4.46472E-03   3.34178E-03   2.88700E-03   3.96048E-03   9.19137E-04   3.62144E-03  -9.50554E-04   2.54413E-03  -2.32927E-03   1.07574E-03  -2.99086E-03  -4.04009E-04  -2.89987E-03
 1.63700E+02  -1.41693E-03   1.50240E-02   5.31664E-03   1.28927E-02   9.87518E-03   8.24115E-03   1.15826E-02   2.48104E-03   1.04941E-02  -2.95030E-03   7.27191E-03  -6.90833E-03   2.94699E-03  -8.74733E-03  -1.36404E-03  -8.38577E-03  -4.71733E-03  -6.23803E-03  -6.52290E-03  -3.04771E-03  -6.62039E-03   3.25860E-04  -5.24887E-03   3.11400E-03  -2.93355E-03   4.79368E-03  -3.26795E-04   5.16493E-03   1.95444E-03   4.34551E-03   3.45875E-03   2.69672E-03   3.97415E-03   7.06874E-04   3.53820E-03  -1.13518E-03   2.39168E-03  -2.44753E-03   8.94752E-04  -3.02269E-03  -5.70356E-04  -2.84663E-03
 1.64900E+02  -1.06160E-03   1.50198E-02   5.62471E-03   1.27218E-02   1.00634E-02   7.94876E-03   1.16103E-02   2.14048E-03   1.03611E-02  -3.25704E-03   7.01691E-03  -7.11132E-03   2.63554E-03  -8.80506E-03  -1.65675E-03  -8.29354E-03  -4.92523E-03  -6.02668E-03  -6.60418E-03  -2.77390E-03  -6.56566E-03   5.95002E-04  -5.08098E-03   3.31745E-03  -2.69965E-03   4.89036E-03  -8.54227E-05   5.14170E-03   2.14796E-03   4.21790E-03   3.56484E-03   2.50278E-03   3.97672E-03   4.96453E-04   3.44622E-03  -1.31306E-03   2.23476E-03  -2.55583E-03   7.14436E-04  -3.04375E-03  -7.31259E-04  -2.78432E-03
 1.66100E+02  -7.08660E-04   1.50070E-02   5.92633E-03   1.25441E-02   1.02423E-02   7.65321E-03   1.16279E-02   1.80159E-03   1.02198E-02  -3.55736E-03   6.75740E-03  -7.30439E-03   2.32478E-03  -8.85164E-03  -1.94355E-03  -8.19156E-03  -5.12326E-03  -5.80941E-03  -6.67390E-03  -2.49945E-03  -6.50044E-03   8.59260E-04  -4.90612E-03   3.51162E-03  -2.46397E-03   4.97558E-03   1.52178E-04   5.10753E-03   2.33313E-03   4.08239E-03   3.66003E-03   2.30580E-03   3.96846E-03   2.88409E-04   3.34597E-03  -1.48384E-03   2.07398E-03  -2.65412E-03   5.35392E-04  -3.05429E-03  -8.86270E-04  -2.71341E-03
 1.67300E+02  -3.58283E-04   1.49858E-02   6.22138E-03   1.23598E-02   1.04119E-02   7.35480E-03   1.16355E-02   1.46463E-03   1.00704E-02  -3.85106E-03   6.49375E-03  -7.48752E-03   2.01506E-03  -8.88723E-03  -2.22415E-03  -8.08020E-03  -5.31130E-03  -5.58665E-03  -6.73219E-03  -2.22483E-03  -6.42504E-03   1.11827E-03  -4.72480E-03   3.69637E-03  -2.22705E-03   5.04942E-03   3.85554E-04   5.06274E-03   2.50968E-03   3.93952E-03   3.74434E-03   2.10635E-03   3.94964E-03   8.32569E-05   3.23796E-03  -1.64721E-03   1.90995E-03  -2.74235E-03   3.58194E-04  -3.05457E-03  -1.03498E-03  -2.63441E-03
 1.68500E+02  -1.06464E-05   1.49564E-02   6.50976E-03   1.21692E-02   1.05722E-02   7.05382E-03   1.16334E-02   1.12987E-03   9.91315E-03  -4.13798E-03   6.22634E-03  -7.66070E-03   1.70677E-03  -8.91200E-03  -2.49830E-03  -7.95977E-03  -5.48928E-03  -5.35885E-03  -6.77917E-03  -1.95050E-03  -6.33981E-03   1.37170E-03  -4.53748E-03   3.87154E-03  -1.98939E-03   5.11201E-03   6.14278E-04   5.00771E-03   2.67738E-03   3.78981E-03   3.81778E-03   1.90502E-03   3.92056E-03  -1.18510E-04   3.12269E-03  -1.80288E-03   1.74327E-03  -2.82053E-03   1.83386E-04  -3.04487E-03  -1.17704E-03  -2.54783E-03
 1.69700E+02   3.34084E-04   1.49188E-02   6.79137E-03   1.19724E-02   1.07233E-02   6.75054E-03   1.16217E-02   7.97561E-04   9.74838E-03  -4.41796E-03   5.95551E-03  -7.82393E-03   1.40023E-03  -8.92614E-03  -2.76575E-03  -7.83065E-03  -5.65714E-03  -5.12647E-03  -6.81501E-03  -1.67688E-03  -6.24511E-03   1.61922E-03  -4.34466E-03   4.03703E-03  -1.75151E-03   5.16348E-03   8.37948E-04   4.94280E-03   2.83604E-03   3.63380E-03   3.88043E-03   1.70238E-03   3.88155E-03  -3.16420E-04   3.00068E-03  -1.95061E-03   1.57452E-03  -2.88869E-03   1.14844E-05  -3.02552E-03  -1.31210E-03  -2.45421E-03
 1.70900E+02   6.75747E-04   1.48733E-02   7.06614E-03   1.17698E-02   1.08651E-02   6.44524E-03   1.16005E-02   4.67967E-04   9.57638E-03  -4.69085E-03   5.68163E-03  -7.97721E-03   1.09579E-03  -8.92984E-03  -3.02627E-03  -7.69317E-03  -5.81481E-03  -4.88994E-03  -6.83985E-03  -1.40442E-03  -6.14129E-03   1.86052E-03  -4.14681E-03   4.19273E-03  -1.51389E-03   5.20397E-03   1.05619E-03   4.86838E-03   2.98549E-03   3.47202E-03   3.93238E-03   1.49898E-03   3.83295E-03  -5.10026E-04   2.87244E-03  -2.09016E-03   1.40425E-03  -2.94688E-03  -1.57027E-04  -2.99684E-03  -1.43988E-03  -2.35407E-03
 1.72200E+02   1.04224E-03   1.48152E-02   7.35598E-03   1.15439E-02   1.10083E-02   6.11256E-03   1.15671E-02   1.14250E-04   9.38220E-03  -4.97830E-03   5.38187E-03  -8.13206E-03   7.68722E-04  -8.92230E-03  -3.30045E-03  -7.53521E-03  -5.97412E-03  -4.62952E-03  -6.85459E-03  -1.11103E-03  -6.01895E-03   2.11458E-03  -3.92734E-03   4.35027E-03  -1.25730E-03   5.23567E-03   1.28609E-03   4.77751E-03   3.13685E-03   3.29085E-03   3.97673E-03   1.27842E-03   3.76988E-03  -7.14416E-04   2.72707E-03  -2.23188E-03   1.21873E-03  -2.99878E-03  -3.35229E-04  -2.95566E-03  -1.56983E-03  -2.23887E-03
 1.73400E+02   1.37703E-03   1.47536E-02   7.61623E-03   1.13298E-02   1.11310E-02   5.80395E-03   1.15269E-02  -2.08919E-04   9.19605E-03  -5.23597E-03   5.10272E-03  -8.26469E-03   4.69669E-04  -8.90490E-03  -3.54590E-03  -7.38146E-03  -6.11053E-03  -4.38574E-03  -6.85715E-03  -8.42281E-04  -5.89731E-03   2.34202E-03  -3.72052E-03   4.48536E-03  -1.02170E-03   5.25388E-03   1.49193E-03   4.68457E-03   3.26671E-03   3.11873E-03   4.00681E-03   1.07518E-03   3.70246E-03  -8.97720E-04   2.58750E-03  -2.35380E-03   1.04708E-03  -3.03651E-03  -4.95252E-04  -2.90870E-03  -1.68171E-03  -2.12690E-03
 1.74700E+02   1.73573E-03   1.46785E-02   7.89020E-03   1.10921E-02   1.12537E-02   5.46831E-03   1.14732E-02  -5.55129E-04   8.98723E-03  -5.50664E-03   4.79805E-03  -8.39724E-03   1.49144E-04  -8.87498E-03  -3.80332E-03  -7.20671E-03  -6.24681E-03  -4.11847E-03  -6.84823E-03  -5.53849E-04  -5.75655E-03   2.58044E-03  -3.49242E-03   4.62046E-03  -7.68352E-04   5.26188E-03   1.70766E-03   4.57458E-03   3.39663E-03   2.92759E-03   4.02783E-03   8.55994E-04   3.61991E-03  -1.09004E-03   2.43108E-03  -2.47606E-03   8.61300E-04  -3.06653E-03  -6.63300E-04  -2.84860E-03  -1.79398E-03  -2.00015E-03
 1.75900E+02   2.06302E-03   1.46015E-02   8.13568E-03   1.08676E-02   1.13575E-02   5.15754E-03   1.14147E-02  -8.70881E-04   8.78820E-03  -5.74855E-03   4.51510E-03  -8.50938E-03  -1.43234E-04  -8.83739E-03  -4.03294E-03  -7.03822E-03  -6.36200E-03  -3.86926E-03  -6.82942E-03  -2.90504E-04  -5.61874E-03   2.79293E-03  -3.27864E-03   4.73477E-03  -5.36675E-04   5.25867E-03   1.89980E-03   4.46488E-03   3.50656E-03   2.74738E-03   4.03678E-03   6.55115E-04   3.53535E-03  -1.26143E-03   2.28241E-03  -2.57974E-03   6.90507E-04  -3.08439E-03  -8.13130E-04  -2.78503E-03  -1.88922E-03  -1.87869E-03
 1.77200E+02   2.41329E-03   1.45101E-02   8.39352E-03   1.06191E-02   1.14599E-02   4.82015E-03   1.13417E-02  -1.20855E-03   8.56612E-03  -6.00190E-03   4.20708E-03  -8.61985E-03  -4.55870E-04  -8.78611E-03  -4.27286E-03  -6.84834E-03  -6.47536E-03  -3.59708E-03  -6.79789E-03  -8.78172E-06  -5.46136E-03   3.01464E-03  -3.04408E-03   4.84733E-03  -2.88539E-04   5.24398E-03   2.10009E-03   4.33768E-03   3.61481E-03   2.54868E-03   4.03541E-03   4.39620E-04   3.43521E-03  -1.44007E-03   2.11735E-03  -2.68202E-03   5.06814E-04  -3.09329E-03  -9.69318E-04  -2.70788E-03  -1.98320E-03  -1.74292E-03
 1.78500E+02   2.75894E-03   1.44105E-02   8.64289E-03   1.03655E-02   1.15519E-02   4.48231E-03   1.12590E-02  -1.54140E-03   8.33768E-03  -6.24607E-03   3.89792E-03  -8.71895E-03  -7.63909E-04  -8.72415E-03  -4.50342E-03  -6.65123E-03  -6.57691E-03  -3.32308E-03  -6.75506E-03   2.68808E-04  -5.29607E-03   3.22728E-03  -2.80698E-03   4.94820E-03  -4.38425E-05   5.21794E-03   2.29190E-03   4.20231E-03   3.71178E-03   2.34696E-03   4.02283E-03   2.26888E-04   3.32670E-03  -1.61103E-03   1.94874E-03  -2.77381E-03   3.25083E-04  -3.09156E-03  -1.11876E-03  -2.62262E-03  -2.06752E-03  -1.60344E-03
 1.79800E+02   3.09982E-03   1.43029E-02   8.88376E-03   1.01069E-02   1.16336E-02   4.14434E-03   1.11668E-02  -1.86918E-03   8.10326E-03  -6.48097E-03   3.58800E-03  -8.80678E-03  -1.06703E-03  -8.65179E-03  -4.72450E-03  -6.44734E-03  -6.66674E-03  -3.04776E-03  -6.70126E-03   5.41853E-04  -5.12337E-03   3.43064E-03  -2.56790E-03   5.03743E-03   1.96943E-04   5.18087E-03   2.47499E-03   4.05930E-03   3.79750E-03   2.14284E-03   3.99936E-03   1.74630E-05   3.21037E-03  -1.77399E-03   1.77722E-03  -2.85506E-03   1.45880E-04  -3.07951E-03  -1.26110E-03  -2.52979E-03  -2.14215E-03  -1.46089E-03
 1.81100E+02   3.43577E-03   1.41876E-02   9.11608E-03   9.84377E-03   1.17051E-02   3.80653E-03   1.10655E-02  -2.19167E-03   7.86322E-03  -6.70650E-03   3.27772E-03  -8.88344E-03  -1.36493E-03  -8.56934E-03  -4.93595E-03  -6.23712E-03  -6.74496E-03  -2.77159E-03  -6.63683E-03   8.09965E-04  -4.94375E-03   3.62453E-03  -2.32740E-03   5.11509E-03   4.33369E-04   5.13310E-03   2.64913E-03   3.90917E-03   3.87205E-03   1.93692E-03   3.96537E-03  -1.88144E-04   3.08680E-03  -1.92865E-03   1.60343E-03  -2.92578E-03  -3.02553E-05  -3.05744E-03  -1.39604E-03  -2.42994E-03  -2.20709E-03  -1.31592E-03
 1.82400E+02   3.76666E-03   1.40646E-02   9.33983E-03   9.57627E-03   1.17666E-02   3.46916E-03   1.09553E-02  -2.50864E-03   7.61793E-03  -6.92259E-03   2.96746E-03  -8.94905E-03  -1.65732E-03  -8.47709E-03  -5.13768E-03  -6.02099E-03  -6.81170E-03  -2.49504E-03  -6.56212E-03   1.07277E-03  -4.75773E-03   3.80877E-03  -2.08599E-03   5.18126E-03   6.65010E-04   5.07498E-03   2.81412E-03   3.75246E-03   3.93551E-03   1.72978E-03   3.92122E-03  -3.89452E-04   2.95654E-03  -2.07476E-03   1.42799E-03  -2.98602E-03  -2.02808E-04  -3.02568E-03  -1.52330E-03  -2.32360E-03  -2.26238E-03  -1.16916E-03
 1.83700E+02   4.09236E-03   1.39343E-02   9.55498E-03   9.30470E-03   1.18181E-02   3.13251E-03   1.08365E-02  -2.81990E-03   7.36777E-03  -7.12918E-03   2.65760E-03  -9.00374E-03  -1.94393E-03  -8.37537E-03  -5.32960E-03  -5.79939E-03  -6.86709E-03  -2.21854E-03  -6.47749E-03   1.32994E-03  -4.56581E-03   3.98324E-03  -1.84421E-03   5.23608E-03   8.91460E-04   5.00688E-03   2.96979E-03   3.58970E-03   3.98799E-03   1.52197E-03   3.86730E-03  -5.86008E-04   2.82017E-03  -2.21209E-03   1.25149E-03  -3.03586E-03  -3.71291E-04  -2.98459E-03  -1.64263E-03  -2.21134E-03  -2.30808E-03  -1.02120E-03
 1.85000E+02   4.41272E-03   1.37968E-02   9.76153E-03   9.02933E-03   1.18599E-02   2.79685E-03   1.07093E-02  -3.12524E-03   7.11308E-03  -7.32622E-03   2.34849E-03  -9.04765E-03  -2.22448E-03  -8.26449E-03  -5.51162E-03  -5.57275E-03  -6.91129E-03  -1.94254E-03  -6.38331E-03   1.58113E-03  -4.36848E-03   4.14781E-03  -1.60257E-03   5.27968E-03   1.11234E-03   4.92918E-03   3.11598E-03   3.42140E-03   4.02964E-03   1.31405E-03   3.80402E-03  -7.77390E-04   2.67824E-03  -2.34047E-03   1.07454E-03  -3.07539E-03  -5.35247E-04  -2.93456E-03  -1.75384E-03  -2.09371E-03  -2.34432E-03  -8.72640E-04
 1.86300E+02   4.72764E-03   1.36523E-02   9.95947E-03   8.75043E-03   1.18920E-02   2.46245E-03   1.05740E-02  -3.42449E-03   6.85423E-03  -7.51369E-03   2.04049E-03  -9.08094E-03  -2.49874E-03  -8.14476E-03  -5.68369E-03  -5.34148E-03  -6.94447E-03  -1.66746E-03  -6.27995E-03   1.82604E-03  -4.16624E-03   4.30239E-03  -1.36155E-03   5.31223E-03   1.32728E-03   4.84226E-03   3.25259E-03   3.24811E-03   4.06063E-03   1.10654E-03   3.73179E-03  -9.63208E-04   2.53134E-03  -2.45975E-03   8.97705E-04  -3.10477E-03  -6.94245E-04  -2.87598E-03  -1.85676E-03  -1.97125E-03  -2.37121E-03  -7.24040E-04
 1.87700E+02   5.06056E-03   1.34892E-02   1.01630E-02   8.44642E-03   1.19159E-02   2.10401E-03   1.04196E-02  -3.73975E-03   6.57121E-03  -7.70484E-03   1.71042E-03  -9.10508E-03  -2.78678E-03  -8.00631E-03  -5.85782E-03  -5.08773E-03  -6.96808E-03  -1.37271E-03  -6.15882E-03   2.08246E-03  -3.94353E-03   4.45762E-03  -1.10324E-03   5.33512E-03   1.55175E-03   4.73880E-03   3.38887E-03   3.05648E-03   4.08229E-03   8.84107E-04   3.64448E-03  -1.15668E-03   2.36822E-03  -2.57788E-03   7.08032E-04  -3.12524E-03  -8.59472E-04  -2.80380E-03  -1.95815E-03  -1.83462E-03  -2.38992E-03  -5.64593E-04
 1.89000E+02   5.36381E-03   1.33309E-02   1.03430E-02   8.16100E-03   1.19284E-02   1.77302E-03   1.02684E-02  -4.02582E-03   6.30483E-03  -7.87237E-03   1.40580E-03  -9.11681E-03  -3.04722E-03  -7.86926E-03  -6.00909E-03  -4.84819E-03  -6.97896E-03  -1.10082E-03  -6.03761E-03   2.31347E-03  -3.73266E-03   4.59126E-03  -8.65044E-04   5.34529E-03   1.75333E-03   4.63402E-03   3.50528E-03   2.87445E-03   4.09174E-03   6.79056E-04   3.55504E-03  -1.32982E-03   2.21277E-03  -2.67793E-03   5.33187E-04  -3.13410E-03  -1.00693E-03  -2.72880E-03  -2.04344E-03  -1.70392E-03  -2.39798E-03  -4.17635E-04
 1.90400E+02   5.68390E-03   1.31533E-02   1.05273E-02   7.85057E-03   1.19315E-02   1.41881E-03   1.00975E-02  -4.32652E-03   6.01451E-03  -8.04204E-03   1.08014E-03  -9.11815E-03  -3.31990E-03  -7.71292E-03  -6.16078E-03  -4.58649E-03  -6.97901E-03  -8.10397E-04  -5.89815E-03   2.55433E-03  -3.50177E-03   4.72387E-03  -6.10825E-04   5.34459E-03   1.96270E-03   4.51228E-03   3.61969E-03   2.67460E-03   4.09070E-03   4.60389E-04   3.45022E-03  -1.50891E-03   2.04173E-03  -2.77521E-03   3.46874E-04  -3.13297E-03  -1.15891E-03  -2.63996E-03  -2.12565E-03  -1.55968E-03  -2.39688E-03  -2.61149E-04
 1.91800E+02   5.99716E-03   1.29686E-02   1.07016E-02   7.53727E-03   1.19242E-02   1.06722E-03   9.91858E-03  -4.61943E-03   5.72101E-03  -8.20060E-03   7.57332E-04  -9.10802E-03  -3.58425E-03  -7.54791E-03  -6.30082E-03  -4.32140E-03  -6.96724E-03  -5.22891E-04  -5.74989E-03   2.78672E-03  -3.26749E-03   4.84473E-03  -3.59514E-04   5.33207E-03   2.16375E-03   4.38184E-03   3.72271E-03   2.47142E-03   4.07832E-03   2.44508E-04   3.33714E-03  -1.68002E-03   1.86758E-03  -2.86162E-03   1.63209E-04  -3.12108E-03  -1.30345E-03  -2.54331E-03  -2.19784E-03  -1.41249E-03  -2.38595E-03  -1.07086E-04
 1.93200E+02   6.30348E-03   1.27771E-02   1.08660E-02   7.22140E-03   1.19065E-02   7.18533E-04   9.73191E-03  -4.90438E-03   5.42476E-03  -8.34809E-03   4.37746E-04  -9.08665E-03  -3.84007E-03  -7.37466E-03  -6.42924E-03  -4.05342E-03  -6.94391E-03  -2.38740E-04  -5.59331E-03   3.01037E-03  -3.03041E-03   4.95388E-03  -1.11619E-04   5.30805E-03   2.35618E-03   4.24321E-03   3.81435E-03   2.26552E-03   4.05493E-03   3.19504E-05   3.21635E-03  -1.84285E-03   1.69097E-03  -2.93720E-03  -1.72286E-05  -3.09879E-03  -1.44020E-03  -2.43942E-03  -2.25998E-03  -1.26300E-03  -2.36550E-03   4.39864E-05
 1.94600E+02   6.60274E-03   1.25790E-02   1.10205E-02   6.90327E-03   1.18788E-02   3.73005E-04   9.53787E-03  -5.18122E-03   5.12614E-03  -8.48453E-03   1.21739E-04  -9.05431E-03  -4.08715E-03  -7.19358E-03  -6.54608E-03  -3.78305E-03  -6.90932E-03   4.16370E-05  -5.42891E-03   3.22508E-03  -2.79108E-03   5.05136E-03   1.32378E-04   5.27286E-03   2.53972E-03   4.09696E-03   3.89463E-03   2.05750E-03   4.02088E-03  -1.76774E-04   3.08844E-03  -1.99713E-03   1.51255E-03  -3.00199E-03  -1.93896E-04  -3.06645E-03  -1.56888E-03  -2.32889E-03  -2.31212E-03  -1.11187E-03  -2.33590E-03   1.91534E-04
 1.96000E+02   6.89487E-03   1.23745E-02   1.11652E-02   6.58318E-03   1.18412E-02   3.09000E-05   9.33679E-03  -5.44983E-03   4.82555E-03  -8.61001E-03  -1.90350E-04  -9.01125E-03  -4.32533E-03  -7.00510E-03  -6.65139E-03  -3.51074E-03  -6.86377E-03   3.17840E-04  -5.25716E-03   3.43063E-03  -2.55005E-03   5.13725E-03   3.72020E-04   5.22686E-03   2.71415E-03   3.94360E-03   3.96364E-03   1.84798E-03   3.97652E-03  -3.81182E-04   2.95396E-03  -2.14263E-03   1.33295E-03  -3.05607E-03  -3.66282E-04  -3.02447E-03  -1.68923E-03  -2.21232E-03  -2.35432E-03  -9.59731E-04  -2.29754E-03   3.35055E-04
 1.97400E+02   7.17976E-03   1.21639E-02   1.13000E-02   6.26142E-03   1.17939E-02  -3.07531E-04   9.12900E-03  -5.71008E-03   4.52338E-03  -8.72458E-03  -4.98198E-04  -8.95776E-03  -4.55443E-03  -6.80964E-03  -6.74524E-03  -3.23698E-03  -6.80758E-03   5.89486E-04  -5.07856E-03   3.62686E-03  -2.30785E-03   5.21165E-03   6.06875E-04   5.17040E-03   2.87926E-03   3.78371E-03   4.02147E-03   1.63752E-03   3.92223E-03  -5.80814E-04   2.81349E-03  -2.27914E-03   1.15277E-03  -3.09958E-03  -5.33912E-04  -2.97325E-03  -1.80103E-03  -2.09031E-03  -2.38672E-03  -8.07210E-04  -2.25081E-03   4.74080E-04
 1.98800E+02   7.45733E-03   1.19476E-02   1.14251E-02   5.93828E-03   1.17372E-02  -6.42048E-04   8.91485E-03  -5.96186E-03   4.22000E-03  -8.82832E-03  -8.01496E-04  -8.89411E-03  -4.77432E-03  -6.60763E-03  -6.82774E-03  -2.96223E-03  -6.74105E-03   8.56208E-04  -4.89358E-03   3.81360E-03  -2.06500E-03   5.27467E-03   8.36537E-04   5.10386E-03   3.03488E-03   3.61781E-03   4.06823E-03   1.42670E-03   3.85841E-03  -7.75240E-04   2.66759E-03  -2.40651E-03   9.72598E-04  -3.13267E-03  -6.96344E-04  -2.91325E-03  -1.90411E-03  -1.96344E-03  -2.40944E-03  -6.54906E-04  -2.19615E-03   6.08174E-04
 2.00200E+02   7.72752E-03   1.17256E-02   1.15406E-02   5.61404E-03   1.16711E-02  -9.72417E-04   8.69466E-03  -6.20509E-03   3.91577E-03  -8.92134E-03  -1.09995E-03  -8.82058E-03  -4.98488E-03  -6.39948E-03  -6.89898E-03  -2.68693E-03  -6.66454E-03   1.11766E-03  -4.70271E-03   3.99071E-03  -1.82200E-03   5.32645E-03   1.06062E-03   5.02764E-03   3.18086E-03   3.44645E-03   4.10408E-03   1.21606E-03   3.78548E-03  -9.64055E-04   2.51683E-03  -2.52459E-03   7.92995E-04  -3.15550E-03  -8.53174E-04  -2.84489E-03  -1.99835E-03  -1.83234E-03  -2.42266E-03  -5.03399E-04  -2.13399E-03   7.36934E-04
 2.01700E+02   8.00874E-03   1.14818E-02   1.16537E-02   5.26574E-03   1.15904E-02  -1.32153E-03   8.45242E-03  -6.45608E-03   3.58928E-03  -9.00920E-03  -1.41404E-03  -8.73118E-03  -5.20000E-03  -6.17014E-03  -6.96297E-03  -2.39185E-03  -6.57186E-03   1.39157E-03  -4.49220E-03   4.16968E-03  -1.56203E-03   5.36963E-03   1.29413E-03   4.93567E-03   3.32645E-03   3.25740E-03   4.13058E-03   9.91196E-04   3.69770E-03  -1.15971E-03   2.35055E-03  -2.64068E-03   6.01814E-04  -3.16883E-03  -1.01457E-03  -2.76292E-03  -2.08940E-03  -1.68782E-03  -2.42655E-03  -3.42589E-04  -2.05960E-03   8.68556E-04
 2.03100E+02   8.26344E-03   1.12491E-02   1.17493E-02   4.94010E-03   1.15060E-02  -1.64261E-03   8.22077E-03  -6.68129E-03   3.28442E-03  -9.08032E-03  -1.70159E-03  -8.63812E-03  -5.39092E-03  -5.95061E-03  -7.01131E-03  -2.11679E-03  -6.47574E-03   1.64108E-03  -4.29063E-03   4.32654E-03  -1.32025E-03   5.39863E-03   1.50557E-03   4.84064E-03   3.45214E-03   3.07645E-03   4.14441E-03   7.82629E-04   3.60724E-03  -1.33574E-03   2.19151E-03  -2.73923E-03   4.25096E-04  -3.17111E-03  -1.15865E-03  -2.67875E-03  -2.16506E-03  -1.54980E-03  -2.42083E-03  -1.94483E-04  -1.98340E-03   9.85141E-04
 2.04600E+02   8.52795E-03   1.09944E-02   1.18414E-02   4.59091E-03   1.14060E-02  -1.98128E-03   7.96700E-03  -6.91283E-03   2.95805E-03  -9.14498E-03  -2.00341E-03  -8.52847E-03  -5.58482E-03  -5.71001E-03  -7.05111E-03  -1.82293E-03  -6.36285E-03   1.90150E-03  -4.06975E-03   4.48361E-03  -1.06265E-03   5.41782E-03   1.72480E-03   4.72946E-03   3.57584E-03   2.87834E-03   4.14780E-03   5.61142E-04   3.50169E-03  -1.51692E-03   2.01761E-03  -2.83425E-03   2.38173E-04  -3.16296E-03  -1.30565E-03  -2.58093E-03  -2.23611E-03  -1.39921E-03  -2.40501E-03  -3.85139E-05  -1.89506E-03   1.10300E-03
 2.06100E+02   8.78373E-03   1.07344E-02   1.19227E-02   4.24173E-03   1.12964E-02  -2.31421E-03   7.70786E-03  -7.13420E-03   2.63233E-03  -9.19788E-03  -2.29845E-03  -8.40889E-03  -5.76764E-03  -5.46434E-03  -7.07868E-03  -1.53044E-03  -6.24018E-03   2.15445E-03  -3.84435E-03   4.62925E-03  -8.07079E-04   5.42497E-03   1.93612E-03   4.60911E-03   3.68814E-03   2.67649E-03   4.13966E-03   3.42272E-04   3.38777E-03  -1.69008E-03   1.84076E-03  -2.91834E-03   5.43184E-05  -3.14419E-03  -1.44471E-03  -2.47580E-03  -2.29685E-03  -1.24650E-03  -2.37952E-03   1.14071E-04  -1.80038E-03   1.21325E-03
 2.07600E+02   9.03074E-03   1.04695E-02   1.19935E-02   3.89287E-03   1.11777E-02  -2.64115E-03   7.44373E-03  -7.34534E-03   2.30767E-03  -9.23916E-03  -2.58645E-03  -8.27976E-03  -5.93934E-03  -5.21407E-03  -7.09425E-03  -1.23978E-03  -6.10815E-03   2.39961E-03  -3.61498E-03   4.76343E-03  -5.54052E-04   5.42035E-03   2.13923E-03   4.48008E-03   3.78904E-03   2.47152E-03   4.12031E-03   1.26574E-04   3.26604E-03  -1.85491E-03   1.66161E-03  -2.99151E-03  -1.25917E-04  -3.11516E-03  -1.57554E-03  -2.36394E-03  -2.34732E-03  -1.09234E-03  -2.34476E-03   2.62719E-04  -1.70000E-03   1.31563E-03
 2.09100E+02   9.26895E-03   1.01999E-02   1.20539E-02   3.54463E-03   1.10499E-02  -2.96190E-03   7.17501E-03  -7.54623E-03   1.98445E-03  -9.26903E-03  -2.86716E-03  -8.14145E-03  -6.09988E-03  -4.95970E-03  -7.09807E-03  -9.51410E-04  -5.96724E-03   2.63670E-03  -3.38222E-03   4.88614E-03  -3.04067E-04   5.40424E-03   2.33384E-03   4.34292E-03   3.87859E-03   2.26405E-03   4.09011E-03  -8.54225E-05   3.13708E-03  -2.01111E-03   1.48079E-03  -3.05382E-03  -3.02016E-04  -3.07624E-03  -1.69790E-03  -2.24598E-03  -2.38763E-03  -9.37396E-04  -2.30116E-03   4.06917E-04  -1.59451E-03   1.40990E-03
 2.10600E+02   9.49833E-03   9.92590E-03   1.21039E-02   3.19731E-03   1.09135E-02  -3.27626E-03   6.90208E-03  -7.73682E-03   1.66303E-03  -9.28765E-03  -3.14033E-03  -7.99433E-03  -6.24928E-03  -4.70169E-03  -7.09039E-03  -6.65769E-04  -5.81790E-03   2.86546E-03  -3.14661E-03   4.99739E-03  -5.75986E-05   5.37695E-03   2.51969E-03   4.19814E-03   3.95682E-03   2.05468E-03   4.04941E-03  -2.93219E-04   3.00147E-03  -2.15844E-03   1.29893E-03  -3.10535E-03  -4.73489E-04  -3.02785E-03  -1.81159E-03  -2.12251E-03  -2.41794E-03  -7.82291E-04  -2.24916E-03   5.46188E-04  -1.48456E-03   1.49589E-03
 2.12100E+02   9.71887E-03   9.64783E-03   1.21437E-02   2.85118E-03   1.07688E-02  -3.58402E-03   6.62533E-03  -7.91712E-03   1.34378E-03  -9.29524E-03  -3.40576E-03  -7.83879E-03  -6.38753E-03  -4.44052E-03  -7.07148E-03  -3.83276E-04  -5.66061E-03   3.08565E-03  -2.90868E-03   5.09722E-03   1.84898E-04   5.33881E-03   2.69658E-03   4.04627E-03   4.02384E-03   1.84399E-03   3.99861E-03  -4.96345E-04   2.85979E-03  -2.29669E-03   1.11665E-03  -3.14622E-03  -6.39883E-04  -2.97040E-03  -1.91644E-03  -1.99414E-03  -2.43841E-03  -6.27637E-04  -2.18922E-03   6.80099E-04  -1.37075E-03   1.57346E-03
 2.13600E+02   9.93055E-03   9.36594E-03   1.21736E-02   2.50652E-03   1.06159E-02  -3.88503E-03   6.34513E-03  -8.08710E-03   1.02704E-03  -9.29199E-03  -3.66324E-03  -7.67522E-03  -6.51468E-03  -4.17665E-03  -7.04161E-03  -1.04333E-04  -5.49582E-03   3.29707E-03  -2.66897E-03   5.18568E-03   4.22992E-04   5.29014E-03   2.86429E-03   3.88784E-03   4.07975E-03   1.63255E-03   3.93811E-03  -6.94362E-04   2.71262E-03  -2.42569E-03   9.34524E-04  -3.17659E-03  -8.00774E-04  -2.90433E-03  -2.01232E-03  -1.86146E-03  -2.44925E-03  -4.74017E-04  -2.12185E-03   8.08253E-04  -1.25370E-03   1.64252E-03
 2.15200E+02   1.01466E-02   9.06136E-03   1.21946E-02   2.14079E-03   1.04443E-02  -4.19847E-03   6.04287E-03  -8.25708E-03   6.92325E-04  -9.27683E-03  -3.92892E-03  -7.49231E-03  -6.63810E-03  -3.89272E-03  -6.99800E-03   1.88864E-04  -5.31232E-03   3.51269E-03  -2.41190E-03   5.26762E-03   6.71645E-04   5.22703E-03   3.03288E-03   3.71221E-03   4.12730E-03   1.40680E-03   3.86336E-03  -8.99487E-04   2.55024E-03  -2.55294E-03   7.41078E-04  -3.19761E-03  -9.65885E-04  -2.82487E-03  -2.10461E-03  -1.71587E-03  -2.45048E-03  -3.11923E-04  -2.04235E-03   9.38207E-04  -1.12597E-03   1.70676E-03
 2.16700E+02   1.03400E-02   8.77245E-03   1.22042E-02   1.80000E-03   1.02757E-02  -4.48499E-03   5.75671E-03  -8.40582E-03   3.81825E-04  -9.25189E-03  -4.16940E-03  -7.31333E-03  -6.74244E-03  -3.62468E-03  -6.94642E-03   4.59280E-04  -5.13354E-03   3.70540E-03  -2.17014E-03   5.33289E-03   8.99367E-04   5.15774E-03   3.18113E-03   3.54188E-03   4.16071E-03   1.19554E-03   3.78414E-03  -1.08568E-03   2.39356E-03  -2.66241E-03   5.61073E-04  -3.20688E-03  -1.11420E-03  -2.74245E-03  -2.18171E-03  -1.57618E-03  -2.44223E-03  -1.62175E-04  -1.96119E-03   1.05338E-03  -1.00416E-03   1.75813E-03
 2.18300E+02   1.05365E-02   8.46097E-03   1.22040E-02   1.43897E-03   1.00880E-02  -4.78264E-03   5.44891E-03  -8.55320E-03   5.44913E-05  -9.21411E-03  -4.41658E-03  -7.11487E-03  -6.84170E-03  -3.33728E-03  -6.88034E-03   7.42575E-04  -4.93617E-03   3.90072E-03  -1.91201E-03   5.39035E-03   1.13610E-03   5.07346E-03   3.32867E-03   3.35475E-03   4.18467E-03   9.71173E-04   3.69041E-03  -1.27736E-03   2.22233E-03  -2.76863E-03   3.71114E-04  -3.20590E-03  -1.26512E-03  -2.64661E-03  -2.25389E-03  -1.42442E-03  -2.42374E-03  -5.38320E-06  -1.86815E-03   1.16883E-03  -8.72685E-04   1.80352E-03
 2.19900E+02   1.07230E-02   8.14641E-03   1.21932E-02   1.08079E-03   9.89251E-03  -5.07192E-03   5.13888E-03  -8.68900E-03  -2.68498E-04  -9.16507E-03  -4.65397E-03  -6.90905E-03  -6.92864E-03  -3.04886E-03  -6.80322E-03   1.02017E-03  -4.73247E-03   4.08534E-03  -1.65418E-03   5.43543E-03   1.36607E-03   4.97895E-03   3.46519E-03   3.16260E-03   4.19681E-03   7.48416E-04   3.58769E-03  -1.46152E-03   2.04754E-03  -2.86391E-03   1.83866E-04  -3.19401E-03  -1.40819E-03  -2.54320E-03  -2.31570E-03  -1.27050E-03  -2.39561E-03   1.47815E-04  -1.76905E-03   1.27634E-03  -7.40307E-04   1.83930E-03
 2.21500E+02   1.08994E-02   7.82907E-03   1.21720E-02   7.25754E-04   9.68957E-03  -5.35266E-03   4.82705E-03  -8.81329E-03  -5.86799E-04  -9.10508E-03  -4.88141E-03  -6.69635E-03  -7.00338E-03  -2.75990E-03  -6.71546E-03   1.29168E-03  -4.52300E-03   4.25913E-03  -1.39723E-03   5.46832E-03   1.58888E-03   4.87466E-03   3.59060E-03   2.96606E-03   4.19739E-03   5.27840E-04   3.47651E-03  -1.63781E-03   1.86986E-03  -2.94825E-03  -9.14794E-08  -3.17157E-03  -1.54308E-03  -2.43279E-03  -2.36719E-03  -1.11508E-03  -2.35826E-03   2.96885E-04  -1.66454E-03   1.37569E-03  -6.07691E-04   1.86559E-03
 2.23100E+02   1.10659E-02   7.50925E-03   1.21405E-02   3.74115E-04   9.47957E-03  -5.62476E-03   4.51381E-03  -8.92614E-03  -9.00084E-04  -9.03443E-03  -5.09878E-03  -6.47722E-03  -7.06608E-03  -2.47089E-03  -6.61745E-03   1.55677E-03  -4.30831E-03   4.42202E-03  -1.14167E-03   5.48925E-03   1.80419E-03   4.76110E-03   3.70485E-03   2.76574E-03   4.18673E-03   3.09998E-04   3.35745E-03  -1.80591E-03   1.68994E-03  -3.02168E-03  -1.80212E-04  -3.13895E-03  -1.66953E-03  -2.31600E-03  -2.40846E-03  -9.58809E-04  -2.31212E-03   4.41330E-04  -1.55524E-03   1.46669E-03  -4.75478E-04   1.88257E-03
 2.24700E+02   1.12225E-02   7.18727E-03   1.20991E-02   2.61364E-05   9.26285E-03  -5.88808E-03   4.19957E-03  -9.02766E-03  -1.20804E-03  -8.95346E-03  -5.30597E-03  -6.25213E-03  -7.11690E-03  -2.18229E-03  -6.50960E-03   1.81511E-03  -4.08894E-03   4.57393E-03  -8.88049E-04   5.49846E-03   2.01167E-03   4.63875E-03   3.80795E-03   2.56224E-03   4.16513E-03   9.54132E-05   3.23106E-03  -1.96555E-03   1.50842E-03  -3.08426E-03  -3.55982E-04  -3.09654E-03  -1.78732E-03  -2.19344E-03  -2.43965E-03  -8.02330E-04  -2.25764E-03   5.80692E-04  -1.44180E-03   1.54919E-03  -3.44284E-04   1.89046E-03
 2.26300E+02   1.13691E-02   6.86340E-03   1.20478E-02  -3.17933E-04   9.03976E-03  -6.14253E-03   3.88470E-03  -9.11796E-03  -1.51038E-03  -8.86246E-03  -5.50290E-03  -6.02152E-03  -7.15600E-03  -1.89457E-03  -6.39232E-03   2.06639E-03  -3.86543E-03   4.71483E-03  -6.36846E-04   5.49622E-03   2.21103E-03   4.50811E-03   3.89990E-03   2.35616E-03   4.13294E-03  -1.15413E-04   3.09791E-03  -2.11649E-03   1.32591E-03  -3.13609E-03  -5.26921E-04  -3.04477E-03  -1.89626E-03  -2.06572E-03  -2.46092E-03  -6.46251E-04  -2.19530E-03   7.14547E-04  -1.32483E-03   1.62309E-03  -2.14694E-04   1.88951E-03
 2.27900E+02   1.15059E-02   6.53795E-03   1.19871E-02  -6.57853E-04   8.81066E-03  -6.38802E-03   3.56960E-03  -9.19715E-03  -1.80681E-03  -8.76177E-03  -5.68949E-03  -5.78585E-03  -7.18358E-03  -1.60817E-03  -6.26604E-03   2.31032E-03  -3.63831E-03   4.84470E-03  -3.88542E-04   5.48279E-03   2.40200E-03   4.36970E-03   3.98075E-03   2.14807E-03   4.09051E-03  -3.22009E-04   2.95857E-03  -2.25851E-03   1.14303E-03  -3.17730E-03  -6.92584E-04  -2.98407E-03  -1.99620E-03  -1.93345E-03  -2.47248E-03  -4.91162E-04  -2.12559E-03   8.42514E-04  -1.20495E-03   1.68834E-03  -8.72609E-05   1.87999E-03
 2.29600E+02   1.16406E-02   6.19074E-03   1.19123E-02  -1.01422E-03   8.56103E-03  -6.63894E-03   3.23495E-03  -9.26926E-03  -2.11501E-03  -8.64453E-03  -5.87636E-03  -5.53041E-03  -7.20049E-03  -1.30578E-03  -6.12246E-03   2.56115E-03  -3.39362E-03   4.97060E-03  -1.28403E-04   5.45661E-03   2.59546E-03   4.21467E-03   4.05458E-03   1.92542E-03   4.03463E-03  -5.36381E-04   2.80437E-03  -2.39944E-03   9.48939E-04  -3.20964E-03  -8.62360E-04  -2.91030E-03  -2.09241E-03  -1.78860E-03  -2.47437E-03  -3.28096E-04  -2.04399E-03   9.71639E-04  -1.07507E-03   1.74817E-03   4.51891E-05   1.86085E-03
 2.31200E+02   1.17574E-02   5.86291E-03   1.18325E-02  -1.34487E-03   8.32061E-03  -6.86570E-03   2.92049E-03  -9.32596E-03  -2.39846E-03  -8.52489E-03  -6.04149E-03  -5.28570E-03  -7.20496E-03  -1.02342E-03  -5.97892E-03   2.78913E-03  -3.16069E-03   5.07775E-03   1.12512E-04   5.42107E-03   2.76842E-03   4.06182E-03   4.11280E-03   1.71498E-03   3.97229E-03  -7.32867E-04   2.65403E-03  -2.52255E-03   7.67075E-04  -3.22950E-03  -1.01588E-03  -2.83263E-03  -2.17349E-03  -1.64884E-03  -2.46665E-03  -1.76806E-04  -1.96065E-03   1.08641E-03  -9.51101E-04   1.79556E-03   1.66561E-04   1.83470E-03
 2.32900E+02   1.18710E-02   5.51380E-03   1.17381E-02  -1.69090E-03   8.05974E-03  -7.09659E-03   2.58732E-03  -9.37450E-03  -2.69232E-03  -8.38828E-03  -6.20549E-03  -5.02163E-03  -7.19783E-03  -7.26255E-04  -5.81797E-03   3.02249E-03  -2.91095E-03   5.17961E-03   3.63849E-04   5.37211E-03   2.94230E-03   3.89261E-03   4.16283E-03   1.49106E-03   3.89614E-03  -9.35581E-04   2.48942E-03  -2.64311E-03   5.75313E-04  -3.23960E-03  -1.17195E-03  -2.74190E-03  -2.24954E-03  -1.49738E-03  -2.44869E-03  -1.89643E-05  -1.86573E-03   1.20086E-03  -8.18197E-04   1.83650E-03   2.91512E-04   1.79868E-03
 2.34600E+02   1.19738E-02   5.16417E-03   1.16340E-02  -2.03125E-03   7.79367E-03  -7.31707E-03   2.25551E-03  -9.41117E-03  -2.97841E-03  -8.24227E-03  -6.35771E-03  -4.75389E-03  -7.17872E-03  -4.32453E-04  -5.64883E-03   3.24649E-03  -2.65949E-03   5.26918E-03   6.09956E-04   5.31201E-03   3.10582E-03   3.71699E-03   4.20086E-03   1.26743E-03   3.81028E-03  -1.13163E-03   2.32041E-03  -2.75302E-03   3.85667E-04  -3.23866E-03  -1.32039E-03  -2.64328E-03  -2.31521E-03  -1.34354E-03  -2.42105E-03   1.35316E-04  -1.76487E-03   1.30732E-03  -6.84729E-04   1.86786E-03   4.11844E-04   1.75464E-03
 2.36300E+02   1.20659E-02   4.81435E-03   1.15205E-02  -2.36569E-03   7.52280E-03  -7.52710E-03   1.92545E-03  -9.43617E-03  -3.25650E-03  -8.08728E-03  -6.49816E-03  -4.48297E-03  -7.14795E-03  -1.42457E-04  -5.47200E-03   3.46090E-03  -2.40686E-03   5.34659E-03   8.50397E-04   5.24117E-03   3.25883E-03   3.53556E-03   4.22710E-03   1.04468E-03   3.71521E-03  -1.32062E-03   2.14768E-03  -2.85221E-03   1.98725E-04  -3.22699E-03  -1.46090E-03  -2.53738E-03  -2.37054E-03  -1.18801E-03  -2.38412E-03   2.85492E-04  -1.65870E-03   1.40557E-03  -5.51346E-04   1.88980E-03   5.27104E-04   1.70305E-03
 2.38000E+02   1.21476E-02   4.46463E-03   1.13979E-02  -2.69401E-03   7.24752E-03  -7.72666E-03   1.59752E-03  -9.44970E-03  -3.52636E-03  -7.92371E-03  -6.62687E-03  -4.20937E-03  -7.10584E-03   1.43315E-04  -5.28802E-03   3.66555E-03  -2.15363E-03   5.41194E-03   1.08476E-03   5.16002E-03   3.40122E-03   3.34893E-03   4.24177E-03   8.23400E-04   3.61146E-03  -1.50217E-03   1.97185E-03  -2.94067E-03   1.50410E-05  -3.20492E-03  -1.59318E-03  -2.42478E-03  -2.41561E-03  -1.03144E-03  -2.33835E-03   4.31057E-04  -1.54784E-03   1.49540E-03  -4.18672E-04   1.90250E-03   6.36881E-04   1.64443E-03
 2.39700E+02   1.22188E-02   4.11532E-03   1.12665E-02  -3.01600E-03   6.96822E-03  -7.91573E-03   1.27207E-03  -9.45198E-03  -3.78778E-03  -7.75198E-03  -6.74392E-03  -3.93357E-03  -7.05271E-03   4.24465E-04  -5.09738E-03   3.86027E-03  -1.90033E-03   5.46541E-03   1.31267E-03   5.06901E-03   3.53290E-03   3.15769E-03   4.24515E-03   6.04146E-04   3.49957E-03  -1.67596E-03   1.79358E-03  -3.01841E-03  -1.64859E-04  -3.17283E-03  -1.71699E-03  -2.30609E-03  -2.45056E-03  -8.74470E-04  -2.28418E-03   5.71545E-04  -1.43294E-03   1.57669E-03  -2.87301E-04   1.90619E-03   7.40808E-04   1.57929E-03
 2.41400E+02   1.22798E-02   3.76669E-03   1.11265E-02  -3.33147E-03   6.68530E-03  -8.09431E-03   9.49462E-04  -9.44324E-03  -4.04060E-03  -7.57249E-03  -6.84936E-03  -3.65605E-03  -6.98889E-03   7.00615E-04  -4.90061E-03   4.04493E-03  -1.64748E-03   5.50715E-03   1.53377E-03   4.96857E-03   3.65382E-03   2.96242E-03   4.23751E-03   3.87453E-04   3.38006E-03  -1.84168E-03   1.61347E-03  -3.08548E-03  -3.40480E-04  -3.13111E-03  -1.83214E-03  -2.18190E-03  -2.47555E-03  -7.17720E-04  -2.22210E-03   7.06526E-04  -1.31461E-03   1.64934E-03  -1.57802E-04   1.90113E-03   8.38564E-04   1.50815E-03
 2.43200E+02   1.23334E-02   3.39863E-03   1.09693E-02  -3.65820E-03   6.38219E-03  -8.27198E-03   6.11342E-04  -9.42222E-03  -4.29872E-03  -7.37445E-03  -6.94847E-03  -3.36084E-03  -6.91007E-03   9.87163E-04  -4.68613E-03   4.22934E-03  -1.38082E-03   5.53878E-03   1.76008E-03   4.85246E-03   3.77010E-03   2.75193E-03   4.21775E-03   1.61370E-04   3.24583E-03  -2.00807E-03   1.42145E-03  -3.14495E-03  -5.21254E-04  -3.07686E-03  -1.94444E-03  -2.04509E-03  -2.49137E-03  -5.52649E-04  -2.14828E-03   8.43013E-04  -1.18627E-03   1.71677E-03  -2.33221E-05   1.88658E-03   9.35033E-04   1.42691E-03
 2.44900E+02   1.23737E-02   3.05229E-03   1.08127E-02  -3.95970E-03   6.09297E-03  -8.42901E-03   2.95620E-04  -9.39153E-03  -4.53331E-03  -7.18028E-03  -7.03034E-03  -3.08121E-03  -6.82536E-03   1.25192E-03  -4.47832E-03   4.39292E-03  -1.13049E-03   5.55701E-03   1.96615E-03   4.73405E-03   3.86883E-03   2.55019E-03   4.18841E-03  -4.84742E-05   3.11237E-03  -2.15640E-03   1.23946E-03  -3.19033E-03  -6.86644E-04  -3.01658E-03  -2.04129E-03  -1.91148E-03  -2.49651E-03  -3.98192E-04  -2.07146E-03   9.65475E-04  -1.06282E-03   1.77149E-03   1.00665E-04   1.86447E-03   1.01925E-03   1.34515E-03
 2.46700E+02   1.24056E-02   2.68725E-03   1.06386E-02  -4.27128E-03   5.78402E-03  -8.58392E-03  -3.44972E-05  -9.34782E-03  -4.77182E-03  -6.96760E-03  -7.10475E-03  -2.78475E-03  -6.72523E-03   1.52567E-03  -4.25329E-03   4.55485E-03  -8.67571E-04   5.56423E-03   2.17591E-03   4.59996E-03   3.96166E-03   2.33409E-03   4.14644E-03  -2.66252E-04   2.96460E-03  -2.30389E-03   1.04674E-03  -3.22712E-03  -8.55656E-04  -2.94366E-03  -2.13397E-03  -1.76602E-03  -2.49186E-03  -2.36790E-04  -1.98317E-03   1.08797E-03  -9.30420E-04   1.81995E-03   2.28209E-04   1.83262E-03   1.10090E-03   1.25387E-03
 2.48500E+02   1.24268E-02   2.32421E-03   1.04563E-02  -4.57480E-03   5.47270E-03  -8.72720E-03  -3.59973E-04  -9.29288E-03  -5.00003E-03  -6.74809E-03  -7.16668E-03  -2.48842E-03  -6.61478E-03   1.79231E-03  -4.02368E-03   4.70512E-03  -6.07376E-04   5.55932E-03   2.37671E-03   4.45743E-03   4.04250E-03   2.11608E-03   4.09365E-03  -4.78992E-04   2.81081E-03  -2.44137E-03   8.54642E-04  -3.25253E-03  -1.01796E-03  -2.86191E-03  -2.21646E-03  -1.61712E-03  -2.47717E-03  -7.81860E-05  -1.88836E-03   1.20278E-03  -7.96949E-04   1.85875E-03   3.51400E-04   1.79249E-03   1.17465E-03   1.15839E-03
 2.50300E+02   1.24373E-02   1.96346E-03   1.02661E-02  -4.87011E-03   5.15943E-03  -8.85892E-03  -6.80470E-04  -9.22702E-03  -5.21783E-03  -6.52225E-03  -7.21632E-03  -2.19268E-03  -6.49446E-03   2.05152E-03  -3.79010E-03   4.84372E-03  -3.50421E-04   5.54258E-03   2.56828E-03   4.30703E-03   4.11147E-03   1.89676E-03   4.03050E-03  -6.86218E-04   2.65167E-03  -2.56867E-03   6.63791E-04  -3.26678E-03  -1.17317E-03  -2.77188E-03  -2.28874E-03  -1.46547E-03  -2.45280E-03   7.70477E-05  -1.78764E-03   1.30963E-03  -6.63077E-04   1.88800E-03   4.69757E-04   1.74458E-03   1.24035E-03   1.05935E-03
 2.52100E+02   1.24373E-02   1.60529E-03   1.00685E-02  -5.15707E-03   4.84461E-03  -8.97916E-03  -9.95671E-04  -9.15056E-03  -5.42512E-03  -6.29052E-03  -7.25386E-03  -1.89802E-03  -6.36472E-03   2.30299E-03  -3.55309E-03   4.97063E-03  -9.71948E-05   5.51434E-03   2.75040E-03   4.14932E-03   4.16869E-03   1.67676E-03   3.95744E-03  -8.87487E-04   2.48781E-03  -2.68568E-03   4.74794E-04  -3.27015E-03  -1.32092E-03  -2.67413E-03  -2.35083E-03  -1.31173E-03  -2.41915E-03   2.28375E-04  -1.68165E-03   1.40829E-03  -5.29450E-04   1.90788E-03   5.82844E-04   1.68935E-03   1.29794E-03   9.57386E-04
 2.53900E+02   1.24271E-02   1.24996E-03   9.86365E-03  -5.43555E-03   4.52864E-03  -9.08801E-03  -1.30527E-03  -9.06381E-03  -5.62183E-03  -6.05340E-03  -7.27951E-03  -1.60490E-03  -6.22600E-03   2.54645E-03  -3.31321E-03   5.08589E-03   1.51836E-04   5.47494E-03   2.92286E-03   3.98487E-03   4.21431E-03   1.45666E-03   3.87494E-03  -1.08239E-03   2.31986E-03  -2.79232E-03   2.88226E-04  -3.26293E-03  -1.46091E-03  -2.56923E-03  -2.40279E-03  -1.15654E-03  -2.37664E-03   3.75298E-04  -1.57102E-03   1.49860E-03  -3.96683E-04   1.91858E-03   6.90269E-04   1.62733E-03   1.34736E-03   8.53136E-04
 2.55700E+02   1.24068E-02   8.97748E-04   9.65205E-03  -5.70543E-03   4.21191E-03  -9.18558E-03  -1.60899E-03  -8.96711E-03  -5.80789E-03  -5.81132E-03  -7.29350E-03  -1.31375E-03  -6.07878E-03   2.78164E-03  -3.07102E-03   5.18954E-03   3.96228E-04   5.42475E-03   3.08550E-03   3.81422E-03   4.24851E-03   1.23704E-03   3.78349E-03  -1.27054E-03   2.14845E-03  -2.88856E-03   1.04635E-04  -3.24543E-03  -1.59285E-03  -2.45775E-03  -2.44473E-03  -1.00054E-03  -2.32571E-03   5.17352E-04  -1.45636E-03   1.58042E-03  -2.65369E-04   1.92034E-03   7.91681E-04   1.55903E-03   1.38864E-03   7.47213E-04
 2.57600E+02   1.23747E-02   5.29613E-04   9.42171E-03  -5.98086E-03   3.87717E-03  -9.27646E-03  -1.92289E-03  -8.85461E-03  -5.99270E-03  -5.55094E-03  -7.29587E-03  -1.00904E-03  -5.91466E-03   3.02068E-03  -2.81345E-03   5.28643E-03   6.48706E-04   5.36046E-03   3.24636E-03   3.62800E-03   4.27245E-03   1.00634E-03   3.67780E-03  -1.46144E-03   1.96444E-03  -2.97885E-03  -8.53526E-05  -3.21620E-03  -1.72314E-03  -2.33358E-03  -2.47826E-03  -8.35654E-04  -2.26331E-03   6.61548E-04  -1.33166E-03   1.65746E-03  -1.28952E-04   1.91281E-03   8.91866E-04   1.48071E-03   1.42342E-03   6.34254E-04
 2.59500E+02   1.23318E-02   1.65506E-04   9.18457E-03  -6.24648E-03   3.54245E-03  -9.35505E-03  -2.22963E-03  -8.73178E-03  -6.16558E-03  -5.28609E-03  -7.28579E-03  -7.07484E-04  -5.74210E-03   3.25001E-03  -2.55450E-03   5.37058E-03   8.95089E-04   5.28501E-03   3.39599E-03   3.43616E-03   4.28417E-03   7.77418E-04   3.56327E-03  -1.64406E-03   1.77797E-03  -3.05756E-03  -2.70872E-04  -3.17634E-03  -1.84397E-03  -2.20342E-03  -2.50097E-03  -6.71236E-04  -2.19260E-03   7.99392E-04  -1.20388E-03   1.72489E-03   4.60254E-06   1.89598E-03   9.84705E-04   1.39663E-03   1.44929E-03   5.20788E-04
 2.61300E+02   1.22816E-02  -1.75475E-04   8.95403E-03  -6.48900E-03   3.22573E-03  -9.41831E-03  -2.51337E-03  -8.60625E-03  -6.31835E-03  -5.03154E-03  -7.26505E-03  -4.25128E-04  -5.57134E-03   3.45812E-03  -2.30845E-03   5.43866E-03   1.12249E-03   5.20365E-03   3.52729E-03   3.24981E-03   4.28427E-03   5.62721E-04   3.44715E-03  -1.80915E-03   1.59966E-03  -3.12151E-03  -4.42020E-04  -3.12918E-03  -1.94955E-03  -2.07518E-03  -2.51270E-03  -5.16502E-04  -2.11845E-03   9.23751E-04  -1.08063E-03   1.77989E-03   1.27961E-04   1.87182E-03   1.06565E-03   1.31225E-03   1.46571E-03   4.13426E-04
 2.63200E+02   1.22186E-02  -5.30967E-04   8.70483E-03  -6.73527E-03   2.89221E-03  -9.47343E-03  -2.80538E-03  -8.46447E-03  -6.46799E-03  -4.75947E-03  -7.23164E-03  -1.31019E-04  -5.38391E-03   3.66795E-03  -2.04852E-03   5.49839E-03   1.35580E-03   5.10780E-03   3.65480E-03   3.04887E-03   4.27305E-03   3.38943E-04   3.31712E-03  -1.97475E-03   1.41034E-03  -3.17791E-03  -6.17336E-04  -3.06994E-03  -2.05148E-03  -1.93529E-03  -2.51503E-03  -3.54868E-04  -2.03319E-03   1.04809E-03  -9.48862E-04   1.82861E-03   2.54313E-04   1.83804E-03   1.14350E-03   1.21881E-03   1.47470E-03   3.00848E-04
 2.65100E+02   1.21456E-02  -8.81662E-04   8.45001E-03  -6.97151E-03   2.55991E-03  -9.51677E-03  -3.08947E-03  -8.31355E-03  -6.60573E-03  -4.48445E-03  -7.18673E-03   1.58636E-04  -5.18965E-03   3.86750E-03  -1.78890E-03   5.54584E-03   1.58183E-03   5.00218E-03   3.77088E-03   2.84419E-03   4.25055E-03   1.18626E-04   3.18002E-03  -2.13121E-03   1.22054E-03  -3.22305E-03  -7.86715E-04  -3.00146E-03  -2.14353E-03  -1.79138E-03  -2.50732E-03  -1.95572E-04  -1.94133E-03   1.16501E-03  -8.16042E-04   1.86781E-03   3.76212E-04   1.79620E-03   1.21340E-03   1.12151E-03   1.47535E-03   1.89633E-04
 2.67000E+02   1.20629E-02  -1.22732E-03   8.18997E-03  -7.19764E-03   2.22920E-03  -9.54852E-03  -3.36540E-03  -8.15390E-03  -6.73163E-03  -4.20697E-03  -7.13066E-03   4.43439E-04  -4.98908E-03   4.05665E-03  -1.53016E-03   5.58121E-03   1.80024E-03   4.88729E-03   3.87555E-03   2.63638E-03   4.21712E-03  -9.77137E-05   3.03645E-03  -2.27832E-03   1.03087E-03  -3.25709E-03  -9.49734E-04  -2.92425E-03  -2.22566E-03  -1.64413E-03  -2.48991E-03  -3.91893E-05  -1.84346E-03   1.27422E-03  -6.82815E-04   1.89763E-03   4.93201E-04   1.74678E-03   1.27525E-03   1.02099E-03   1.46794E-03   8.03557E-05
 2.69000E+02   1.19657E-02  -1.58548E-03   7.91101E-03  -7.42473E-03   1.88321E-03  -9.56963E-03  -3.64683E-03  -7.97686E-03  -6.85144E-03  -3.91276E-03  -7.05996E-03   7.37571E-04  -4.77172E-03   4.24439E-03  -1.25930E-03   5.60564E-03   2.02157E-03   4.75689E-03   3.97342E-03   2.41493E-03   4.17055E-03  -3.20604E-04   2.87900E-03  -2.42286E-03   8.32039E-04  -3.28115E-03  -1.11404E-03  -2.83412E-03  -2.30136E-03  -1.48624E-03  -2.46150E-03   1.21682E-04  -1.73463E-03   1.38060E-03  -5.42819E-04   1.91904E-03   6.10590E-04   1.68710E-03   1.33159E-03   9.12397E-04   1.45177E-03  -3.19854E-05
 2.70900E+02   1.18639E-02  -1.92010E-03   7.64142E-03  -7.63004E-03   1.55691E-03  -9.57823E-03  -3.90541E-03  -7.80057E-03  -6.95326E-03  -3.63173E-03  -6.98210E-03   1.01125E-03  -4.55986E-03   4.41184E-03  -1.00395E-03   5.61692E-03   2.22339E-03   4.62453E-03   4.05478E-03   2.20260E-03   4.11591E-03  -5.27274E-04   2.72404E-03  -2.55022E-03   6.44536E-04  -3.29308E-03  -1.26285E-03  -2.74063E-03  -2.36310E-03  -1.33416E-03  -2.42534E-03   2.70426E-04  -1.62635E-03   1.47331E-03  -4.10677E-04   1.93013E-03   7.16255E-04   1.62365E-03   1.37679E-03   8.07243E-04   1.42883E-03  -1.35630E-04
 2.72900E+02   1.17471E-02  -2.26617E-03   7.35325E-03  -7.83515E-03   1.21635E-03  -9.57545E-03  -4.16818E-03  -7.60693E-03  -7.04793E-03  -3.33481E-03  -6.88927E-03   1.29290E-03  -4.33178E-03   4.57656E-03  -7.37751E-04   5.61654E-03   2.42667E-03   4.47686E-03   4.12828E-03   1.97768E-03   4.04792E-03  -7.39000E-04   2.55593E-03  -2.67368E-03   4.49244E-04  -3.29441E-03  -1.41147E-03  -2.63456E-03  -2.41744E-03  -1.17257E-03  -2.37807E-03   4.22173E-04  -1.50789E-03   1.56196E-03  -2.73117E-04   1.93231E-03   8.20955E-04   1.55034E-03   1.41563E-03   6.95130E-04   1.39710E-03  -2.40966E-04
 2.74800E+02   1.16273E-02  -2.58889E-03   7.07570E-03  -8.01955E-03   8.95917E-04  -9.56182E-03  -4.40870E-03  -7.41572E-03  -7.12611E-03  -3.05217E-03  -6.79117E-03   1.55402E-03  -4.11082E-03   4.72203E-03  -4.87817E-04   5.60482E-03   2.61084E-03   4.32918E-03   4.18669E-03   1.76325E-03   3.97381E-03  -9.34191E-04   2.39209E-03  -2.78082E-03   2.66248E-04  -3.28530E-03  -1.54476E-03  -2.52707E-03  -2.45905E-03  -1.01827E-03  -2.32488E-03   5.61293E-04  -1.39172E-03   1.63758E-03  -1.44460E-04   1.92564E-03   9.13928E-04   1.47504E-03   1.44431E-03   5.87885E-04   1.36018E-03  -3.37015E-04
 2.76800E+02   1.14922E-02  -2.92202E-03   6.77996E-03  -8.20266E-03   5.62243E-04  -9.53616E-03  -4.65215E-03  -7.20727E-03  -7.19618E-03  -2.75454E-03  -6.67788E-03   1.82179E-03  -3.87429E-03   4.86355E-03  -2.28327E-04   5.58085E-03   2.79507E-03   4.16650E-03   4.23632E-03   1.53735E-03   3.88628E-03  -1.13298E-03   2.21594E-03  -2.88286E-03   7.68487E-05  -3.26514E-03  -1.67651E-03  -2.40747E-03  -2.49245E-03  -8.55660E-04  -2.26066E-03   7.01987E-04  -1.26628E-03   1.70804E-03  -1.17331E-05   1.90975E-03   1.00469E-03   1.39043E-03   1.46600E-03   4.74851E-04   1.31466E-03  -4.33453E-04
 2.78800E+02   1.13481E-02  -3.24821E-03   6.48095E-03  -8.37452E-03   2.32633E-04  -9.49918E-03  -4.88547E-03  -6.99193E-03  -7.25387E-03  -2.45729E-03  -6.55476E-03   2.08195E-03  -3.63429E-03   4.99317E-03   2.69906E-05   5.54530E-03   2.96922E-03   3.99699E-03   4.27399E-03   1.31186E-03   3.78950E-03  -1.32453E-03   2.03664E-03  -2.97388E-03  -1.08693E-04  -3.23452E-03  -1.79924E-03  -2.28187E-03  -2.51540E-03  -6.93510E-04  -2.18853E-03   8.36371E-04  -1.13827E-03   1.76912E-03   1.17672E-04   1.88512E-03   1.08795E-03   1.30095E-03   1.47912E-03   3.62294E-04   1.26279E-03  -5.24709E-04
 2.80800E+02   1.11955E-02  -3.56728E-03   6.17907E-03  -8.53517E-03  -9.25733E-05  -9.45117E-03  -5.10856E-03  -6.77015E-03  -7.29939E-03  -2.16088E-03  -6.42227E-03   2.33422E-03  -3.39139E-03   5.11090E-03   2.77673E-04   5.49853E-03   3.13314E-03   3.82126E-03   4.29990E-03   1.08738E-03   3.68402E-03  -1.50848E-03   1.85487E-03  -3.05388E-03  -2.89855E-04  -3.19384E-03  -1.91277E-03  -2.15092E-03  -2.52810E-03  -5.32447E-04  -2.10906E-03   9.64067E-04  -1.00835E-03   1.82082E-03   2.43234E-04   1.85217E-03   1.16351E-03   1.20722E-03   1.48391E-03   2.50817E-04   1.20511E-03  -6.10427E-04
 2.82900E+02   1.10263E-02  -3.89445E-03   5.85946E-03  -8.69183E-03  -4.28947E-04  -9.38921E-03  -5.33169E-03  -6.53087E-03  -7.33429E-03  -1.85107E-03  -6.27357E-03   2.59030E-03  -3.13383E-03   5.22179E-03   5.35421E-04   5.43777E-03   3.29409E-03   3.63067E-03   4.31473E-03   8.53378E-04   3.56448E-03  -1.69310E-03   1.66203E-03  -3.12611E-03  -4.74825E-04  -3.14076E-03  -2.02193E-03  -2.00836E-03  -2.53070E-03  -3.65159E-04  -2.01831E-03   1.09059E-03  -8.70601E-04   1.86510E-03   3.70412E-04   1.80908E-03   1.23444E-03   1.10492E-03   1.48024E-03   1.35556E-04   1.13888E-03  -6.94133E-04
 2.84900E+02   1.08571E-02  -4.19838E-03   5.55296E-03  -8.82965E-03  -7.44133E-04  -9.31951E-03  -5.53351E-03  -6.29735E-03  -7.35548E-03  -1.55782E-03  -6.12332E-03   2.82555E-03  -2.88672E-03   5.31536E-03   7.75257E-04   5.36923E-03   3.43663E-03   3.44398E-03   4.31734E-03   6.32709E-04   3.44284E-03  -1.86050E-03   1.47716E-03  -3.18376E-03  -6.45515E-04  -3.08080E-03  -2.11620E-03  -1.86841E-03  -2.52325E-03  -2.08171E-04  -1.92554E-03   1.20358E-03  -7.38788E-04   1.89783E-03   4.86633E-04   1.76042E-03   1.29387E-03   1.00442E-03   1.46879E-03   2.80527E-05   1.07097E-03  -7.67586E-04
 2.87000E+02   1.06711E-02  -4.50932E-03   5.22935E-03  -8.96249E-03  -1.06932E-03  -9.23546E-03  -5.73416E-03  -6.04675E-03  -7.36535E-03  -1.25230E-03  -5.95699E-03   3.06325E-03  -2.62592E-03   5.40107E-03   1.02074E-03   5.28649E-03   3.57494E-03   3.24317E-03   4.30831E-03   4.03884E-04   3.30755E-03  -2.02714E-03   1.28242E-03  -3.23275E-03  -8.18526E-04  -3.00849E-03  -2.20495E-03  -1.71779E-03  -2.50538E-03  -4.63877E-05  -1.82210E-03   1.31407E-03  -6.00407E-04   1.92246E-03   6.03074E-04   1.70184E-03   1.34772E-03   8.96356E-04   1.44875E-03  -8.18839E-05   9.95224E-04  -8.37898E-04
 2.89000E+02   1.04866E-02  -4.79750E-03   4.91983E-03  -9.07779E-03  -1.37326E-03  -9.14538E-03  -5.91447E-03  -5.80339E-03  -7.36320E-03  -9.64022E-04  -5.79091E-03   3.28055E-03  -2.37682E-03   5.47089E-03   1.24810E-03   5.19788E-03   3.69580E-03   3.04795E-03   4.28883E-03   1.89212E-04   3.17208E-03  -2.17692E-03   1.09698E-03  -3.26857E-03  -9.76983E-04  -2.93119E-03  -2.27969E-03  -1.57147E-03  -2.47913E-03   1.04255E-04  -1.71844E-03   1.41132E-03  -4.69247E-04   1.93682E-03   7.08272E-04   1.63943E-03   1.39085E-03   7.91635E-04   1.42241E-03  -1.83296E-04   9.19416E-04  -8.98202E-04
 2.91100E+02   1.02853E-02  -5.09160E-03   4.59387E-03  -9.18719E-03  -1.68605E-03  -9.04061E-03  -6.09244E-03  -5.54344E-03  -7.34910E-03  -6.64603E-04  -5.60900E-03   3.49899E-03  -2.11507E-03   5.53194E-03   1.47972E-03   5.09500E-03   3.81127E-03   2.83941E-03   4.25731E-03  -3.22526E-05   3.02348E-03  -2.32461E-03   9.02928E-04  -3.29500E-03  -1.13634E-03  -2.84173E-03  -2.34791E-03  -1.41548E-03  -2.44229E-03   2.58294E-04  -1.60486E-03   1.50489E-03  -3.32813E-04   1.94258E-03   8.12394E-04   1.56751E-03   1.42763E-03   6.80430E-04   1.38754E-03  -2.85845E-04   8.36584E-04  -9.54396E-04
 2.93200E+02   1.00767E-02  -5.37689E-03   4.26732E-03  -9.28475E-03  -1.99205E-03  -8.92578E-03  -6.25879E-03  -5.27944E-03  -7.32319E-03  -3.68965E-04  -5.41991E-03   3.70730E-03  -1.85366E-03   5.58063E-03   1.70370E-03   4.98255E-03   3.91506E-03   2.62787E-03   4.21485E-03  -2.49174E-04   2.86902E-03  -2.46232E-03   7.10162E-04  -3.31022E-03  -1.28815E-03  -2.74433E-03  -2.40568E-03  -1.25776E-03  -2.39639E-03   4.07591E-04  -1.48707E-03   1.58955E-03  -1.98297E-04   1.93909E-03   9.09712E-04   1.48961E-03   1.45578E-03   5.68588E-04   1.34575E-03  -3.83917E-04   7.51061E-04  -1.00321E-03
 2.95300E+02   9.86114E-03  -5.65324E-03   3.94058E-03  -9.37061E-03  -2.29101E-03  -8.80127E-03  -6.41350E-03  -5.01190E-03  -7.28578E-03  -7.75268E-05  -5.22417E-03   3.90531E-03  -1.59315E-03   5.61715E-03   1.91972E-03   4.86102E-03   4.00719E-03   2.41392E-03   4.16186E-03  -4.61070E-04   2.70933E-03  -2.58989E-03   5.19285E-04  -3.31451E-03  -1.43210E-03  -2.63957E-03  -2.45309E-03  -1.09896E-03  -2.34191E-03   5.51674E-04  -1.36573E-03   1.66523E-03  -6.62797E-05   1.92666E-03   9.99955E-04   1.40633E-03   1.47545E-03   4.56737E-04   1.29752E-03  -4.77104E-04   6.63466E-04  -1.04460E-03
 2.97500E+02   9.62827E-03  -5.93305E-03   3.59850E-03  -9.44817E-03  -2.59638E-03  -8.66085E-03  -6.56315E-03  -4.72834E-03  -7.23461E-03   2.22853E-04  -5.01255E-03   4.10158E-03  -1.32177E-03   5.64262E-03   2.13715E-03   4.72454E-03   4.09130E-03   2.18789E-03   4.09553E-03  -6.77175E-04   2.53710E-03  -2.71257E-03   3.21971E-04  -3.30758E-03  -1.57414E-03  -2.52258E-03  -2.49178E-03  -9.32150E-04  -2.27616E-03   6.96557E-04  -1.23551E-03   1.73481E-03   6.87497E-05   1.90443E-03   1.08666E-03   1.31397E-03   1.48715E-03   3.40206E-04   1.24062E-03  -5.69093E-04   5.70140E-04  -1.08003E-03
 2.99600E+02   9.39962E-03  -6.19079E-03   3.27258E-03  -9.51054E-03  -2.88016E-03  -8.51770E-03  -6.69417E-03  -4.45504E-03  -7.17470E-03   5.04475E-04  -4.80484E-03   4.27815E-03  -1.06470E-03   5.65496E-03   2.33596E-03   4.58604E-03   4.15984E-03   1.97092E-03   4.02235E-03  -8.77404E-04   2.36864E-03  -2.81913E-03   1.36721E-04  -3.29043E-03  -1.70114E-03  -2.40460E-03  -2.51842E-03  -7.73130E-04  -2.20563E-03   8.28659E-04  -1.10891E-03   1.79196E-03   1.93988E-04   1.87481E-03   1.16177E-03   1.22156E-03   1.49005E-03   2.30187E-04   1.18077E-03  -6.51190E-04   4.80180E-04  -1.10632E-03
 3.01800E+02   9.15381E-03  -6.45093E-03   2.93218E-03  -9.56385E-03  -3.16914E-03  -8.35858E-03  -6.81911E-03  -4.16648E-03  -7.10072E-03   7.93768E-04  -4.58183E-03   4.45176E-03  -7.98012E-04   5.65566E-03   2.53482E-03   4.43292E-03   4.21947E-03   1.74300E-03   3.93586E-03  -1.08040E-03   2.18858E-03  -2.91968E-03  -5.35380E-05  -3.26179E-03  -1.82495E-03  -2.27505E-03  -2.53575E-03  -6.07416E-04  -2.12420E-03   9.60174E-04  -9.74568E-04   1.84217E-03   3.20844E-04   1.83543E-03   1.23229E-03   1.12095E-03   1.48471E-03   1.16805E-04   1.11283E-03  -7.30913E-04   3.85648E-04  -1.12610E-03
 3.04000E+02   8.90198E-03  -6.70088E-03   2.59324E-03  -9.60503E-03  -3.44938E-03  -8.19056E-03  -6.93153E-03  -3.87614E-03  -7.01567E-03   1.07681E-03  -4.35387E-03   4.61367E-03  -5.34521E-04   5.64415E-03   2.72380E-03   4.27218E-03   4.26684E-03   1.51507E-03   3.83985E-03  -1.27606E-03   2.00554E-03  -3.00890E-03  -2.39351E-04  -3.22266E-03  -1.93913E-03  -2.14009E-03  -2.54252E-03  -4.43243E-04  -2.03563E-03   1.08430E-03  -8.39147E-04   1.88258E-03   4.42764E-04   1.78799E-03   1.29437E-03   1.01712E-03   1.47111E-03   5.92236E-06   1.04015E-03  -8.03953E-04   2.91438E-04  -1.13810E-03
 3.06200E+02   8.64453E-03  -6.94059E-03   2.25617E-03  -9.63431E-03  -3.72070E-03  -8.01406E-03  -7.03155E-03  -3.58454E-03  -6.91998E-03   1.35323E-03  -4.12155E-03   4.76384E-03  -2.74736E-04   5.62076E-03   2.90271E-03   4.10440E-03   4.30214E-03   1.28774E-03   3.73486E-03  -1.46401E-03   1.82020E-03  -3.08681E-03  -4.20200E-04  -3.17347E-03  -2.04355E-03  -2.00039E-03  -2.53904E-03  -2.81236E-04  -1.94055E-03   1.20073E-03  -7.03324E-04   1.91331E-03   5.59299E-04   1.73300E-03   1.34794E-03   9.10742E-04   1.44963E-03  -1.01910E-04   9.63325E-04  -8.70102E-04   1.98149E-04  -1.14252E-03
 3.08400E+02   8.38187E-03  -7.17000E-03   1.92134E-03  -9.65190E-03  -3.98290E-03  -7.82953E-03  -7.11930E-03  -3.29217E-03  -6.81406E-03   1.62269E-03  -3.88543E-03   4.90228E-03  -1.91377E-05   5.58587E-03   3.07137E-03   3.93020E-03   4.32560E-03   1.06161E-03   3.62146E-03  -1.64392E-03   1.63321E-03  -3.15350E-03  -5.95603E-04  -3.11471E-03  -2.13810E-03  -1.85662E-03  -2.52564E-03  -1.21985E-04  -1.83957E-03   1.30920E-03  -5.67746E-04   1.93454E-03   6.70046E-04   1.67098E-03   1.39303E-03   8.02480E-04   1.42067E-03  -2.06183E-04   8.82974E-04  -9.29203E-04   1.06346E-04  -1.13960E-03
 3.10600E+02   8.11438E-03  -7.38908E-03   1.58911E-03  -9.65804E-03  -4.23582E-03  -7.63740E-03  -7.19491E-03  -2.99951E-03  -6.69836E-03   1.88489E-03  -3.64608E-03   5.02898E-03   2.31817E-04   5.53983E-03   3.22964E-03   3.75015E-03   4.33748E-03   8.37249E-04   3.50021E-03  -1.81549E-03   1.44521E-03  -3.20907E-03  -7.65116E-04  -3.04685E-03  -2.22274E-03  -1.70944E-03  -2.50268E-03   3.39548E-05  -1.73332E-03   1.40948E-03  -4.33033E-04   1.94648E-03   7.74647E-04   1.60248E-03   1.42967E-03   6.92970E-04   1.38463E-03  -3.06429E-04   7.99704E-04  -9.81149E-04   1.65616E-05  -1.12965E-03
 3.12800E+02   7.84244E-03  -7.59782E-03   1.25984E-03  -9.65296E-03  -4.47931E-03  -7.43813E-03  -7.25855E-03  -2.70703E-03  -6.57331E-03   2.13953E-03  -3.40405E-03   5.14399E-03   4.77698E-04   5.48302E-03   3.37741E-03   3.56484E-03   4.33807E-03   6.15210E-04   3.37168E-03  -1.97844E-03   1.25683E-03  -3.25366E-03  -9.28332E-04  -2.97040E-03  -2.29744E-03  -1.55949E-03  -2.47053E-03   1.86061E-04  -1.62241E-03   1.50141E-03  -2.99780E-04   1.94937E-03   8.72791E-04   1.52804E-03   1.45796E-03   5.82831E-04   1.34199E-03  -4.02222E-04   7.14116E-04  -1.02588E-03  -7.07097E-05  -1.11296E-03
 3.15100E+02   7.55382E-03  -7.80497E-03   9.19143E-04  -9.63592E-03  -4.72365E-03  -7.22262E-03  -7.31247E-03  -2.40194E-03  -6.43306E-03   2.39737E-03  -3.14873E-03   5.25180E-03   7.28890E-04   5.41256E-03   3.52058E-03   3.36613E-03   4.32693E-03   3.86123E-04   3.23014E-03  -2.13935E-03   1.06012E-03  -3.28874E-03  -1.09183E-03  -2.88182E-03  -2.36494E-03  -1.40046E-03  -2.42756E-03   3.40454E-04  -1.50217E-03   1.58845E-03  -1.62638E-04   1.94302E-03   9.68200E-04   1.44449E-03   1.47876E-03   4.67664E-04   1.29083E-03  -4.97196E-04   6.22799E-04  -1.06493E-03  -1.58763E-04  -1.08870E-03
 3.17400E+02   7.26119E-03  -8.00080E-03   5.82417E-04  -9.60719E-03  -4.95742E-03  -7.00026E-03  -7.35371E-03  -2.09806E-03  -6.28359E-03   2.64637E-03  -2.89168E-03   5.34699E-03   9.73661E-04   5.33124E-03   3.65213E-03   3.16296E-03   4.30414E-03   1.60706E-04   3.08192E-03  -2.29036E-03   8.64313E-04  -3.31223E-03  -1.24766E-03  -2.78500E-03  -2.42168E-03  -1.23980E-03  -2.37550E-03   4.89613E-04  -1.37822E-03   1.66611E-03  -2.83125E-05   1.92743E-03   1.05601E-03   1.35571E-03   1.49078E-03   3.53119E-04   1.23350E-03  -5.86501E-04   5.30250E-04  -1.09611E-03  -2.43090E-04  -1.05789E-03
 3.19700E+02   6.96497E-03  -8.18533E-03   2.50022E-04  -9.56705E-03  -5.18051E-03  -6.77154E-03  -7.38252E-03  -1.79585E-03  -6.12540E-03   2.88627E-03  -2.63348E-03   5.42968E-03   1.21161E-03   5.23952E-03   3.77203E-03   2.95599E-03   4.27009E-03  -6.05049E-05   2.92766E-03  -2.43130E-03   6.70030E-04  -3.32440E-03  -1.39549E-03  -2.68054E-03  -2.46776E-03  -1.07821E-03  -2.31486E-03   6.33066E-04  -1.25126E-03   1.73435E-03   1.02631E-04   1.90299E-03   1.13600E-03   1.26236E-03   1.49425E-03   2.39819E-04   1.17057E-03  -6.69804E-04   4.37104E-04  -1.11953E-03  -3.23257E-04  -1.02098E-03
 3.22000E+02   6.66558E-03  -8.35860E-03  -7.77062E-05  -9.51581E-03  -5.39283E-03  -6.53695E-03  -7.39913E-03  -1.49580E-03  -5.95900E-03   3.11687E-03  -2.37470E-03   5.50002E-03   1.44235E-03   5.13790E-03   3.88030E-03   2.74583E-03   4.22519E-03  -2.77006E-04   2.76801E-03  -2.56202E-03   4.77881E-04  -3.32554E-03  -1.53501E-03  -2.56903E-03  -2.50334E-03  -9.16349E-04  -2.24617E-03   7.70387E-04  -1.12196E-03   1.79316E-03   2.29663E-04   1.87011E-03   1.20804E-03   1.16506E-03   1.48947E-03   1.28355E-04   1.10261E-03  -7.46821E-04   3.43974E-04  -1.13530E-03  -3.98881E-04  -9.78456E-04
 3.24300E+02   6.36342E-03  -8.52064E-03  -4.00445E-04  -9.45379E-03  -5.59433E-03  -6.29697E-03  -7.40380E-03  -1.19834E-03  -5.78492E-03   3.33794E-03  -2.11589E-03   5.55818E-03   1.66556E-03   5.02686E-03   3.97696E-03   2.53311E-03   4.16986E-03  -4.88323E-04   2.60362E-03  -2.68242E-03   2.88442E-04  -3.31598E-03  -1.66598E-03  -2.45111E-03  -2.52859E-03  -7.54852E-04  -2.16997E-03   9.01192E-04  -9.90987E-04   1.84258E-03   3.52296E-04   1.82924E-03   1.27202E-03   1.06448E-03   1.47674E-03   1.92802E-05   1.03021E-03  -8.17321E-04   2.51448E-04  -1.14362E-03  -4.69623E-04  -9.30799E-04
 3.26600E+02   6.05890E-03  -8.67151E-03  -7.17890E-04  -9.38131E-03  -5.78495E-03  -6.05207E-03  -7.39682E-03  -9.03904E-04  -5.60364E-03   3.54931E-03  -1.85759E-03   5.60433E-03   1.88090E-03   4.90690E-03   4.06209E-03   2.31844E-03   4.10454E-03  -6.94014E-04   2.43511E-03  -2.79241E-03   1.02258E-04  -3.29604E-03  -1.78817E-03  -2.32738E-03  -2.54375E-03  -5.94334E-04  -2.08682E-03   1.02514E-03  -8.58979E-04   1.88268E-03   4.70085E-04   1.78082E-03   1.32787E-03   9.61220E-04   1.45641E-03  -8.68866E-05   9.53934E-04  -8.81120E-04   1.60082E-04  -1.14469E-03  -5.35195E-04  -8.78517E-04
 3.29000E+02   5.73903E-03  -8.81711E-03  -1.04318E-03  -9.29485E-03  -5.97224E-03  -5.79178E-03  -7.37741E-03  -6.00341E-04  -5.40738E-03   3.75937E-03  -1.58916E-03   5.63992E-03   2.09692E-03   4.77276E-03   4.13872E-03   2.09299E-03   4.02622E-03  -9.02208E-04   2.25556E-03  -2.89606E-03  -8.79929E-05  -3.26458E-03  -1.90615E-03  -2.19273E-03  -2.54906E-03  -4.28515E-04  -1.99325E-03   1.14684E-03  -7.20803E-04   1.91474E-03   5.87392E-04   1.72279E-03   1.37748E-03   8.51301E-04   1.42750E-03  -1.94051E-04   8.70856E-04  -9.40402E-04   6.65498E-05  -1.13836E-03  -5.97844E-04  -8.19586E-04
 3.31400E+02   5.41744E-03  -8.95072E-03  -1.36208E-03  -9.19772E-03  -6.14763E-03  -5.52717E-03  -7.34595E-03  -3.00967E-04  -5.20443E-03   3.95856E-03  -1.32240E-03   5.66292E-03   2.30379E-03   4.63004E-03   4.20304E-03   1.86670E-03   3.93805E-03  -1.10340E-03   2.07290E-03  -2.98835E-03  -2.73589E-04  -3.22267E-03  -2.01423E-03  -2.05312E-03  -2.54397E-03  -2.65034E-04  -1.89337E-03   1.26047E-03  -5.82861E-04   1.93696E-03   6.98572E-04   1.65763E-03   1.41827E-03   7.39837E-04   1.39117E-03  -2.97026E-04   7.84860E-04  -9.92141E-04  -2.45881E-05  -1.12476E-03  -6.54379E-04  -7.56771E-04
 3.33800E+02   5.09455E-03  -9.07243E-03  -1.67430E-03  -9.09029E-03  -6.31114E-03  -5.25875E-03  -7.30280E-03  -6.20493E-06  -4.99534E-03   4.14676E-03  -1.05786E-03   5.67361E-03   2.50124E-03   4.47930E-03   4.25521E-03   1.64020E-03   3.84057E-03  -1.29719E-03   1.88781E-03  -3.06930E-03  -4.54019E-04  -3.17077E-03  -2.11232E-03  -1.90922E-03  -2.52882E-03  -1.04491E-04  -1.78783E-03   1.36576E-03  -4.45805E-04   1.94959E-03   8.03262E-04   1.58593E-03   1.45032E-03   6.27495E-04   1.34790E-03  -3.95358E-04   6.96589E-04  -1.03629E-03  -1.12814E-04  -1.10423E-03  -7.04632E-04  -6.90661E-04
 3.36200E+02   4.77076E-03  -9.18237E-03  -1.97956E-03  -8.97294E-03  -6.46279E-03  -4.98702E-03  -7.24830E-03   2.83542E-04  -4.78070E-03   4.32388E-03  -7.96067E-04   5.67229E-03   2.68904E-03   4.32114E-03   4.29541E-03   1.41411E-03   3.73432E-03  -1.48324E-03   1.70095E-03  -3.13900E-03  -6.28808E-04  -3.10936E-03  -2.20036E-03  -1.76172E-03  -2.50399E-03   5.25498E-05  -1.67728E-03   1.46254E-03  -3.10258E-04   1.95286E-03   9.01149E-04   1.50827E-03   1.47377E-03   5.14917E-04   1.29818E-03  -4.88641E-04   6.06675E-04  -1.07285E-03  -1.97652E-04  -1.07718E-03  -7.48489E-04  -6.21846E-04
 3.38600E+02   4.44649E-03  -9.28065E-03  -2.27762E-03  -8.84605E-03  -6.60264E-03  -4.71248E-03  -7.18284E-03   5.67895E-04  -4.56104E-03   4.48985E-03  -5.37506E-04   5.65927E-03   2.86701E-03   4.15612E-03   4.32388E-03   1.18900E-03   3.61987E-03  -1.66121E-03   1.51297E-03  -3.19754E-03  -7.97521E-04  -3.03894E-03  -2.27831E-03  -1.61127E-03  -2.46989E-03   2.05562E-04  -1.56237E-03   1.55065E-03  -1.76807E-04   1.94709E-03   9.91968E-04   1.42525E-03   1.48877E-03   4.02721E-04   1.24255E-03  -5.76514E-04   5.15731E-04  -1.10188E-03  -2.78672E-04  -1.04402E-03  -7.85887E-04  -5.50907E-04
 3.41000E+02   4.12212E-03  -9.36743E-03  -2.56823E-03  -8.71001E-03  -6.73073E-03  -4.43561E-03  -7.10678E-03   8.46493E-04  -4.33692E-03   4.64464E-03  -2.82653E-04   5.63487E-03   3.03498E-03   3.98481E-03   4.34086E-03   9.65443E-04   3.49776E-03  -1.83082E-03   1.32450E-03  -3.24507E-03  -9.59758E-04  -2.96001E-03  -2.34619E-03  -1.45853E-03  -2.42694E-03   3.54054E-04  -1.44372E-03   1.62999E-03  -4.60087E-05   1.93259E-03   1.07550E-03   1.33747E-03   1.49555E-03   2.91497E-04   1.18152E-03  -6.58664E-04   4.24351E-04  -1.12346E-03  -3.55488E-04  -1.00521E-03  -8.16810E-04  -4.78416E-04
 3.43500E+02   3.78453E-03  -9.44574E-03  -2.86280E-03  -8.55897E-03  -6.85176E-03  -4.14524E-03  -7.01670E-03   1.13022E-03  -4.09931E-03   4.79395E-03  -2.16069E-05   5.59774E-03   3.19918E-03   3.80031E-03   4.34662E-03   7.34806E-04   3.36304E-03  -1.99833E-03   1.12829E-03  -3.28305E-03  -1.12148E-03  -2.86931E-03  -2.40626E-03  -1.29767E-03  -2.37328E-03   5.03438E-04  -1.31685E-03   1.70325E-03   8.68587E-05   1.90858E-03   1.15458E-03   1.24161E-03   1.49412E-03   1.77276E-04   1.11278E-03  -7.37864E-04   3.29313E-04  -1.13817E-03  -4.30666E-04  -9.59247E-04  -8.42170E-04  -4.01854E-04
 3.46000E+02   3.44765E-03  -9.51190E-03  -3.14882E-03  -8.39887E-03  -6.96023E-03  -3.85337E-03  -6.91598E-03   1.40698E-03  -3.85803E-03   4.93110E-03   2.34451E-04   5.54904E-03   3.35226E-03   3.61025E-03   4.34053E-03   5.07023E-04   3.22127E-03  -2.15626E-03   9.32854E-04  -3.30948E-03  -1.27542E-03  -2.77055E-03  -2.45558E-03  -1.13572E-03  -2.31103E-03   6.46957E-04  -1.18732E-03   1.76689E-03   2.15737E-04   1.87592E-03   1.22543E-03   1.14190E-03   1.48435E-03   6.53158E-05   1.03939E-03  -8.10317E-04   2.35037E-04  -1.14517E-03  -5.00577E-04  -9.08177E-04  -8.60624E-04  -3.24819E-04
 3.48500E+02   3.11189E-03  -9.56610E-03  -3.42609E-03  -8.23012E-03  -7.05627E-03  -3.56052E-03  -6.80508E-03   1.67644E-03  -3.61369E-03   5.05613E-03   4.85068E-04   5.48920E-03   3.49415E-03   3.41527E-03   4.32295E-03   2.82648E-04   3.07309E-03  -2.30440E-03   7.38820E-04  -3.32462E-03  -1.42126E-03  -2.66434E-03  -2.49428E-03  -9.73335E-04  -2.24073E-03   7.84186E-04  -1.05582E-03   1.82095E-03   3.40122E-04   1.83507E-03   1.28795E-03   1.03901E-03   1.46660E-03  -4.38263E-05   9.61953E-04  -8.75826E-04   1.42104E-04  -1.14467E-03  -5.64939E-04  -8.52545E-04  -8.72304E-04  -2.47896E-04
 3.51000E+02   2.77763E-03  -9.60854E-03  -3.69442E-03  -8.05317E-03  -7.14003E-03  -3.26718E-03  -6.68443E-03   1.93829E-03  -3.36686E-03   5.16909E-03   7.29824E-04   5.41864E-03   3.62480E-03   3.21599E-03   4.29423E-03   6.22057E-05   2.91913E-03  -2.44257E-03   5.46790E-04  -3.32876E-03  -1.55871E-03  -2.55128E-03  -2.52255E-03  -8.11178E-04  -2.16296E-03   9.14744E-04  -9.23009E-04   1.86550E-03   4.59553E-04   1.78649E-03   1.34211E-03   9.33590E-04   1.44123E-03  -1.49631E-04   8.81088E-04  -9.34247E-04   5.10627E-05  -1.13698E-03  -6.23523E-04  -7.92906E-04  -8.77389E-04  -1.71640E-04
 3.53500E+02   2.44525E-03  -9.63943E-03  -3.95364E-03  -7.86846E-03  -7.21166E-03  -2.97383E-03  -6.55451E-03   2.19226E-03  -3.11808E-03   5.27007E-03   9.68321E-04   5.33781E-03   3.74418E-03   3.01301E-03   4.25478E-03  -1.53808E-04   2.76003E-03  -2.57066E-03   3.57337E-04  -3.32221E-03  -1.68753E-03  -2.43199E-03  -2.54059E-03  -6.49871E-04  -2.07826E-03   1.03830E-03  -7.89542E-04   1.90064E-03   5.73614E-04   1.73069E-03   1.38791E-03   8.26284E-04   1.40867E-03  -2.51623E-04   7.97405E-04  -9.85486E-04  -3.75742E-05  -1.12240E-03  -6.76148E-04  -7.29817E-04  -8.76096E-04  -9.65770E-05
 3.56100E+02   2.10195E-03  -9.65953E-03  -4.21340E-03  -7.66859E-03  -7.27349E-03  -2.66923E-03  -6.41005E-03   2.44774E-03  -2.85790E-03   5.36247E-03   1.20932E-03   5.24332E-03   3.85640E-03   2.79866E-03   4.20279E-03  -3.73265E-04   2.58977E-03  -2.69306E-03   1.63623E-04  -3.30442E-03  -1.81216E-03  -2.30198E-03  -2.54880E-03  -4.83656E-04  -1.98345E-03   1.15904E-03  -6.50707E-04   1.92737E-03   6.86139E-04   1.66555E-03   1.42672E-03   7.13356E-04   1.36764E-03  -3.53180E-04   7.08028E-04  -1.03110E-03  -1.26697E-04  -1.10030E-03  -7.24418E-04  -6.61143E-04  -8.68262E-04  -2.03071E-05
 3.58700E+02   1.76146E-03  -9.66763E-03  -4.46300E-03  -7.46129E-03  -7.32260E-03  -2.36562E-03  -6.25656E-03   2.69415E-03  -2.59681E-03   5.44216E-03   1.44278E-03   5.13872E-03   3.95650E-03   2.58162E-03   4.14010E-03  -5.86941E-04   2.41530E-03  -2.80439E-03  -2.61388E-05  -3.27583E-03  -1.92706E-03  -2.16659E-03  -2.54653E-03  -3.19646E-04  -1.88244E-03   1.27161E-03  -5.12508E-04   1.94431E-03   7.92081E-04   1.59374E-03   1.45664E-03   5.99742E-04   1.31981E-03  -4.49702E-04   6.16912E-04  -1.06890E-03  -2.12219E-04  -1.07154E-03  -7.66009E-04  -5.89958E-04  -8.54130E-04   5.36246E-05
 3.61300E+02   1.42417E-03  -9.66399E-03  -4.70230E-03  -7.24702E-03  -7.35923E-03  -2.06349E-03  -6.09458E-03   2.93124E-03  -2.33540E-03   5.50929E-03   1.66834E-03   5.02453E-03   4.04453E-03   2.36255E-03   4.06721E-03  -7.94381E-04   2.23732E-03  -2.90460E-03  -2.11408E-04  -3.23687E-03  -2.03212E-03  -2.02649E-03  -2.53414E-03  -1.58445E-04  -1.77587E-03   1.37576E-03  -3.75588E-04   1.95169E-03   8.91120E-04   1.51587E-03   1.47782E-03   4.86097E-04   1.26572E-03  -5.40797E-04   5.24701E-04  -1.09893E-03  -2.93698E-04  -1.03658E-03  -8.00883E-04  -5.16873E-04  -8.34061E-04   1.24746E-04
 3.63900E+02   1.09041E-03  -9.64888E-03  -4.93120E-03  -7.02627E-03  -7.38363E-03  -1.76330E-03  -5.92462E-03   3.15880E-03  -2.07423E-03   5.56406E-03   1.88568E-03   4.90128E-03   4.12062E-03   2.14208E-03   3.98461E-03  -9.95167E-04   2.05648E-03  -2.99372E-03  -3.91680E-04  -3.18799E-03  -2.12724E-03  -1.88236E-03  -2.51200E-03  -6.22313E-07  -1.66441E-03   1.47132E-03  -2.40557E-04   1.94980E-03   9.82987E-04   1.43255E-03   1.49046E-03   3.73048E-04   1.20591E-03  -6.26124E-04   4.32016E-04  -1.12129E-03  -3.70740E-04  -9.95883E-04  -8.29051E-04  -4.42481E-04  -8.08440E-04   1.92630E-04
 3.66500E+02   7.60547E-04  -9.62258E-03  -5.14961E-03  -6.79952E-03  -7.39605E-03  -1.46552E-03  -5.74720E-03   3.37666E-03  -1.81384E-03   5.60666E-03   2.09452E-03   4.76949E-03   4.18490E-03   1.92081E-03   3.89281E-03  -1.18892E-03   1.87344E-03  -3.07179E-03  -5.66487E-04  -3.12966E-03  -2.21238E-03  -1.73486E-03  -2.48052E-03   1.53289E-04  -1.54870E-03   1.55815E-03  -1.07992E-04   1.93897E-03   1.06746E-03   1.34438E-03   1.49479E-03   2.61193E-04   1.14093E-03  -7.05393E-04   3.39455E-04  -1.13612E-03  -4.42999E-04  -9.49932E-04  -8.50571E-04  -3.67362E-04  -7.77682E-04   2.56892E-04
 3.69100E+02   4.34900E-04  -9.58538E-03  -5.35746E-03  -6.56723E-03  -7.39676E-03  -1.17057E-03  -5.56284E-03   3.58463E-03  -1.55475E-03   5.63734E-03   2.29460E-03   4.62970E-03   4.23752E-03   1.69935E-03   3.79235E-03  -1.37528E-03   1.68883E-03  -3.13889E-03  -7.35398E-04  -3.06237E-03  -2.28753E-03  -1.58464E-03  -2.44011E-03   3.02793E-04  -1.42938E-03   1.63616E-03   2.15647E-05   1.91955E-03   1.14436E-03   1.25199E-03   1.49108E-03   1.51096E-04   1.07135E-03  -7.78360E-04   2.47589E-04  -1.14360E-03  -5.10177E-04  -8.99232E-04  -8.65549E-04  -2.92070E-04  -7.42217E-04   3.17196E-04
 3.71800E+02   1.01527E-04  -9.53552E-03  -5.56207E-03  -6.32065E-03  -7.38541E-03  -8.67707E-04  -5.36460E-03   3.79002E-03  -1.28762E-03   5.65683E-03   2.49286E-03   4.47664E-03   4.28004E-03   1.46976E-03   3.67941E-03  -1.56065E-03   1.49613E-03  -3.19708E-03  -9.04143E-04  -2.98352E-03  -2.35503E-03  -1.42646E-03  -2.38918E-03   4.52891E-04  -1.30234E-03   1.70776E-03   1.52381E-04   1.89069E-03   1.21608E-03   1.15221E-03   1.47903E-03   3.91960E-05   9.94832E-04  -8.47255E-04   1.53503E-04  -1.14384E-03  -5.74290E-04  -8.42103E-04  -8.74334E-04  -2.14272E-04  -7.00887E-04   3.75316E-04
 3.74500E+02  -2.26628E-04  -9.47455E-03  -5.75520E-03  -6.06911E-03  -7.36206E-03  -5.68786E-04  -5.15999E-03   3.98448E-03  -1.02297E-03   5.66400E-03   2.68121E-03   4.31614E-03   4.31042E-03   1.24118E-03   3.55828E-03  -1.73739E-03   1.30307E-03  -3.24372E-03  -1.06570E-03  -2.89611E-03  -2.41186E-03  -1.26673E-03  -2.32963E-03   5.97274E-04  -1.17279E-03   1.76979E-03   2.78886E-04   1.85341E-03   1.27940E-03   1.04921E-03   1.45900E-03  -6.96786E-05   9.14600E-04  -9.08978E-04   6.13210E-05  -1.13670E-03  -6.32425E-04  -7.80982E-04  -8.76428E-04  -1.37428E-04  -6.55479E-04   4.28577E-04
 3.77200E+02  -5.49249E-04  -9.40281E-03  -5.93683E-03  -5.81311E-03  -7.32706E-03  -2.74226E-04  -4.94959E-03   4.16793E-03  -7.61323E-04   5.65918E-03   2.85945E-03   4.14879E-03   4.32893E-03   1.01422E-03   3.42958E-03  -1.90524E-03   1.11029E-03  -3.27901E-03  -1.21972E-03  -2.80071E-03  -2.45815E-03  -1.10613E-03  -2.26199E-03   7.35512E-04  -1.04141E-03   1.82227E-03   4.00601E-04   1.80820E-03   1.33429E-03   9.43639E-04   1.43140E-03  -1.75014E-04   8.31281E-04  -9.63418E-04  -2.84270E-05  -1.12249E-03  -6.84406E-04  -7.16450E-04  -8.72079E-04  -6.20720E-05  -6.06514E-04   4.76755E-04
 3.79900E+02  -8.66039E-04  -9.32065E-03  -6.10695E-03  -5.55315E-03  -7.28076E-03   1.55743E-05  -4.73396E-03   4.34028E-03  -5.03169E-04   5.64270E-03   3.02743E-03   3.97518E-03   4.33586E-03   7.89421E-04   3.29389E-03  -2.06396E-03   9.18432E-04  -3.30317E-03  -1.36588E-03  -2.69791E-03  -2.49404E-03  -9.45314E-04  -2.18681E-03   8.67225E-04  -9.08870E-04   1.86528E-03   5.17090E-04   1.75555E-03   1.38075E-03   8.36149E-04   1.39666E-03  -2.76338E-04   7.45496E-04  -1.01051E-03  -1.15249E-04  -1.10158E-03  -7.30110E-04  -6.49087E-04  -8.61573E-04   1.13003E-05  -5.54519E-04   5.19679E-04
 3.82700E+02  -1.18810E-03  -9.22481E-03  -6.27126E-03  -5.27991E-03  -7.22119E-03   3.10678E-04  -4.50539E-03   4.50725E-03  -2.39640E-04   5.61364E-03   3.19067E-03   3.78917E-03   4.33115E-03   5.59170E-04   3.14646E-03  -2.21868E-03   7.21060E-04  -3.31674E-03  -1.50886E-03  -2.58412E-03  -2.52049E-03  -7.78977E-04  -2.10147E-03   9.96559E-04  -7.70867E-04   1.90002E-03   6.31956E-04   1.69363E-03   1.42008E-03   7.23329E-04   1.35356E-03  -3.76721E-04   6.54579E-04  -1.05157E-03  -2.01714E-04  -1.07323E-03  -7.70798E-04  -5.76849E-04  -8.44514E-04   8.48042E-05  -4.97959E-04   5.58511E-04
 3.85400E+02  -1.49217E-03  -9.12250E-03  -6.41804E-03  -5.01337E-03  -7.15299E-03   5.89638E-04  -4.28078E-03   4.65689E-03   9.98500E-06   5.57447E-03   3.33740E-03   3.60464E-03   4.31546E-03   3.40440E-04   2.99843E-03  -2.35819E-03   5.32859E-04  -3.31905E-03  -1.63819E-03  -2.46809E-03  -2.53584E-03  -6.19623E-04  -2.01266E-03   1.11397E-03  -6.37897E-04   1.92416E-03   7.36639E-04   1.62742E-03   1.44957E-03   6.13869E-04   1.30567E-03  -4.68597E-04   5.65636E-04  -1.08370E-03  -2.81227E-04  -1.03989E-03  -8.03538E-04  -5.05475E-04  -8.22480E-04   1.52757E-04  -4.41410E-04   5.90402E-04
 3.88200E+02  -1.80048E-03  -9.00652E-03  -6.55824E-03  -4.73432E-03  -7.07150E-03   8.72757E-04  -4.04407E-03   4.80028E-03   2.63746E-04   5.52268E-03   3.47843E-03   3.40855E-03   4.28801E-03   1.17553E-04   2.83947E-03  -2.49268E-03   3.40472E-04  -3.31060E-03  -1.76326E-03  -2.34184E-03  -2.54149E-03  -4.56069E-04  -1.91442E-03   1.22789E-03  -5.00750E-04   1.93971E-03   8.38564E-04   1.55258E-03   1.47155E-03   5.00298E-04   1.24998E-03  -5.58405E-04   4.72701E-04  -1.10936E-03  -3.59284E-04  -9.99553E-04  -8.30779E-04  -4.30273E-04  -7.94240E-04   2.19783E-04  -3.81236E-04   6.17685E-04
 3.91000E+02  -2.10142E-03  -8.88088E-03  -6.68627E-03  -4.45307E-03  -6.97949E-03   1.14925E-03  -3.80407E-03   4.93168E-03   5.11873E-04   5.45994E-03   3.60808E-03   3.20826E-03   4.24959E-03  -1.00813E-04   2.67563E-03  -2.61668E-03   1.51480E-04  -3.29146E-03  -1.87894E-03  -2.21024E-03  -2.53701E-03  -2.94848E-04  -1.81056E-03   1.33358E-03  -3.64983E-04   1.94586E-03   9.33453E-04   1.47205E-03   1.48497E-03   3.87294E-04   1.18869E-03  -6.42319E-04   3.79664E-04  -1.12735E-03  -4.32507E-04  -9.53848E-04  -8.51257E-04  -3.54448E-04  -7.60946E-04   2.82934E-04  -3.20052E-04   6.39093E-04
 3.93800E+02  -2.39472E-03  -8.74597E-03  -6.80224E-03  -4.17012E-03  -6.87737E-03   1.41878E-03  -3.56137E-03   5.05115E-03   7.53960E-04   5.38669E-03   3.72634E-03   3.00441E-03   4.20061E-03  -3.14179E-04   2.50755E-03  -2.73014E-03  -3.35802E-05  -3.26204E-03  -1.98508E-03  -2.07393E-03  -2.52274E-03  -1.36534E-04  -1.70173E-03   1.43086E-03  -2.31192E-04   1.94289E-03   1.02106E-03   1.38644E-03   1.49005E-03   2.75456E-04   1.12238E-03  -7.20061E-04   2.87116E-04  -1.13785E-03  -5.00589E-04  -9.03287E-04  -8.65090E-04  -2.78570E-04  -7.23054E-04   3.41880E-04  -2.58396E-04   6.54693E-04
 3.96700E+02  -2.69024E-03  -8.59691E-03  -6.90974E-03  -3.87578E-03  -6.76143E-03   1.69028E-03  -3.30773E-03   5.16239E-03   9.97920E-04   5.30022E-03   3.83684E-03   2.79017E-03   4.13922E-03  -5.29416E-04   2.32968E-03  -2.83649E-03  -2.20572E-04  -3.22116E-03  -2.08488E-03  -1.92849E-03  -2.49804E-03   2.37946E-05  -1.58443E-03   1.52259E-03  -9.53034E-05   1.93055E-03   1.10393E-03   1.29308E-03   1.48681E-03   1.61458E-04   1.04901E-03  -7.93826E-04   1.92375E-04  -1.14104E-03  -5.65407E-04  -8.46361E-04  -8.72586E-04  -2.00504E-04  -6.79465E-04   3.98204E-04  -1.94589E-04   6.64847E-04
 3.99500E+02  -2.96737E-03  -8.44439E-03  -7.00151E-03  -3.59085E-03  -6.64012E-03   1.94475E-03  -3.06122E-03   5.25782E-03   1.22656E-03   5.20696E-03   3.93201E-03   2.58093E-03   4.07013E-03  -7.31254E-04   2.15494E-03  -2.92840E-03  -3.96118E-04  -3.17208E-03  -2.17139E-03  -1.78459E-03  -2.46502E-03   1.74563E-04  -1.46742E-03   1.60235E-03   3.27702E-05   1.91005E-03   1.17619E-03   1.19903E-03   1.47579E-03   5.37129E-05   9.74231E-04  -8.58344E-04   1.02522E-04  -1.13698E-03  -6.22276E-04  -7.87540E-04  -8.73435E-04  -1.26164E-04  -6.33681E-04   4.47783E-04  -1.33537E-04   6.69011E-04
 4.02400E+02  -3.24572E-03  -8.27795E-03  -7.08426E-03  -3.29544E-03  -6.50524E-03   2.20007E-03  -2.80478E-03   5.34438E-03   1.45588E-03   5.10076E-03   4.01875E-03   2.36236E-03   3.98889E-03  -9.33695E-04   1.97150E-03  -3.01248E-03  -5.72292E-04  -3.11178E-03  -2.25079E-03  -1.63264E-03  -2.42178E-03   3.26035E-04  -1.34300E-03   1.67576E-03   1.61649E-04   1.88034E-03   1.24291E-03   1.09821E-03   1.45656E-03  -5.49391E-05   8.93319E-04  -9.18078E-04   1.16712E-05  -1.12568E-03  -6.75084E-04  -7.23196E-04  -8.67955E-04  -5.07605E-05  -5.82955E-04   4.93959E-04  -7.13774E-05   6.67689E-04
 4.05300E+02  -3.51506E-03  -8.10333E-03  -7.15466E-03  -3.00023E-03  -6.36145E-03   2.44677E-03  -2.54776E-03   5.41861E-03   1.67724E-03   4.98529E-03   4.09355E-03   2.14253E-03   3.89833E-03  -1.12903E-03   1.78621E-03  -3.08531E-03  -7.42290E-04  -3.04236E-03  -2.31982E-03  -1.47840E-03  -2.36981E-03   4.72272E-04  -1.21596E-03   1.73981E-03   2.86198E-04   1.84245E-03   1.30128E-03   9.94579E-04   1.42978E-03  -1.60093E-04   8.09505E-04  -9.70504E-04  -7.64244E-05  -1.10750E-03  -7.21567E-04  -6.55951E-04  -8.56300E-04   2.25305E-05  -5.29400E-04   5.34723E-04  -1.07832E-05   6.60883E-04
 4.08300E+02  -3.78403E-03  -7.91455E-03  -7.21471E-03  -2.69555E-03  -6.20386E-03   2.69266E-03  -2.28187E-03   5.48261E-03   1.89755E-03   4.85665E-03   4.15852E-03   1.91443E-03   3.79541E-03  -1.32324E-03   1.59329E-03  -3.14893E-03  -9.11223E-04  -2.96151E-03  -2.38041E-03  -1.31713E-03  -2.30740E-03   6.17580E-04  -1.08250E-03   1.79624E-03   4.09997E-04   1.79513E-03   1.35290E-03   8.85106E-04   1.39457E-03  -2.64692E-04   7.20405E-04  -1.01700E-03  -1.64159E-04  -1.08187E-03  -7.62916E-04  -5.83953E-04  -8.38101E-04   9.56375E-05  -4.71595E-04   5.71089E-04   4.97822E-05   6.48374E-04
 4.11200E+02  -4.03455E-03  -7.72464E-03  -7.26062E-03  -2.40218E-03  -6.04348E-03   2.92112E-03  -2.02537E-03   5.53230E-03   2.10185E-03   4.72394E-03   4.20952E-03   1.69388E-03   3.68753E-03  -1.50306E-03   1.40623E-03  -3.19926E-03  -1.06746E-03  -2.87516E-03  -2.42862E-03  -1.16025E-03  -2.23924E-03   7.51865E-04  -9.52177E-04   1.84136E-03   5.24366E-04   1.74204E-03   1.39434E-03   7.77735E-04   1.35376E-03  -3.61326E-04   6.32582E-04  -1.05447E-03  -2.45247E-04  -1.05091E-03  -7.96347E-04  -5.12589E-04  -8.14944E-04   1.63257E-04  -4.13940E-04   6.00581E-04   1.05866E-04   6.31322E-04
 4.14200E+02  -4.28375E-03  -7.52100E-03  -7.29579E-03  -2.10035E-03  -5.86979E-03   3.14772E-03  -1.76112E-03   5.57135E-03   2.30396E-03   4.57860E-03   4.25026E-03   1.46629E-03   3.56787E-03  -1.68058E-03   1.21278E-03  -3.23994E-03  -1.22142E-03  -2.77796E-03  -2.46793E-03  -9.97599E-04  -2.16121E-03   8.84010E-04  -8.16669E-04   1.87840E-03   6.36792E-04   1.68007E-03   1.42854E-03   6.65719E-04   1.30503E-03  -4.56249E-04   5.40614E-04  -1.08554E-03  -3.24868E-04  -1.01295E-03  -8.24187E-04  -4.37536E-04  -7.85647E-04   2.29648E-04  -3.53016E-04   6.25229E-04   1.60945E-04   6.08920E-04
 4.17200E+02  -4.52273E-03  -7.31051E-03  -7.31869E-03  -1.80069E-03  -5.68873E-03   3.36424E-03  -1.49853E-03   5.59809E-03   2.49647E-03   4.42564E-03   4.27904E-03   1.23985E-03   3.44058E-03  -1.84918E-03   1.02002E-03  -3.26927E-03  -1.36728E-03  -2.67334E-03  -2.49670E-03  -8.35245E-04  -2.07612E-03   1.00893E-03  -6.81116E-04   1.90581E-03   7.42873E-04   1.61150E-03   1.45408E-03   5.53392E-04   1.25021E-03  -5.45676E-04   4.48130E-04  -1.10889E-03  -3.99784E-04  -9.69451E-04  -8.45238E-04  -3.61825E-04  -7.51363E-04   2.92056E-04  -2.91342E-04   6.43961E-04   2.12684E-04   5.82073E-04
 4.20200E+02  -4.75137E-03  -7.09365E-03  -7.32959E-03  -1.50363E-03  -5.50082E-03   3.57054E-03  -1.23812E-03   5.61281E-03   2.67918E-03   4.26565E-03   4.29612E-03   1.01515E-03   3.30630E-03  -2.00863E-03   8.28585E-04  -3.28751E-03  -1.50477E-03  -2.56193E-03  -2.51514E-03  -6.73818E-04  -1.98458E-03   1.12633E-03  -5.46158E-04   1.92378E-03   8.42295E-04   1.53689E-03   1.47111E-03   4.41378E-04   1.18985E-03  -6.29284E-04   3.55737E-04  -1.12468E-03  -4.69671E-04  -9.20914E-04  -8.59620E-04  -2.86028E-04  -7.12558E-04   3.50162E-04  -2.29455E-04   6.56871E-04   2.60774E-04   5.51205E-04
 4.23200E+02  -4.96960E-03  -6.87091E-03  -7.32879E-03  -1.20961E-03  -5.30662E-03   3.76648E-03  -9.80392E-04   5.61578E-03   2.85192E-03   4.09920E-03   4.30179E-03   7.92735E-04   3.16562E-03  -2.15872E-03   6.39047E-04  -3.29492E-03  -1.63366E-03  -2.44434E-03  -2.52354E-03  -5.13925E-04  -1.88719E-03   1.23595E-03  -4.12402E-04   1.93256E-03   9.34792E-04   1.45685E-03   1.47985E-03   3.30276E-04   1.12450E-03  -7.06800E-04   2.64011E-04  -1.13308E-03  -5.34256E-04  -8.67865E-04  -8.67494E-04  -2.10694E-04  -6.69714E-04   4.03697E-04  -1.67867E-04   6.64095E-04   3.04955E-04   5.16752E-04
 4.26300E+02  -5.18410E-03  -6.63505E-03  -7.31598E-03  -9.09426E-04  -5.09989E-03   3.95798E-03  -7.17392E-04   5.60686E-03   3.01981E-03   3.92105E-03   4.29601E-03   5.65874E-04   3.01417E-03  -2.30381E-03   4.45781E-04  -3.29155E-03  -1.75760E-03  -2.31700E-03  -2.52196E-03  -3.50924E-04  -1.78105E-03   1.34084E-03  -2.76063E-04   1.93227E-03   1.02286E-03   1.36905E-03   1.48044E-03   2.17031E-04   1.05233E-03  -7.80260E-04   1.70507E-04  -1.13425E-03  -5.95182E-04  -8.08869E-04  -8.69006E-04  -1.33884E-04  -6.21716E-04   4.53978E-04  -1.05056E-04   6.65774E-04   3.46274E-04   4.77861E-04
 4.29400E+02  -5.38737E-03  -6.39390E-03  -7.29132E-03  -6.13353E-04  -4.88759E-03   4.13824E-03  -4.58261E-04   5.58610E-03   3.17680E-03   3.73726E-03   4.27875E-03   3.42570E-04   2.85721E-03  -2.43859E-03   2.55725E-04  -3.27732E-03  -1.87200E-03  -2.18438E-03  -2.51031E-03  -1.90774E-04  -1.67000E-03   1.43703E-03  -1.42225E-04   1.92279E-03   1.10311E-03   1.27673E-03   1.47277E-03   1.05954E-04   9.76070E-04  -8.46778E-04   7.88653E-05  -1.12807E-03  -6.50010E-04  -7.46206E-04  -8.64047E-04  -5.86594E-05  -5.70470E-04   4.98950E-04  -4.35839E-05   6.61807E-04   3.83006E-04   4.36118E-04
 4.32500E+02  -5.57938E-03  -6.14796E-03  -7.25516E-03  -3.21805E-04  -4.67027E-03   4.30720E-03  -2.03472E-04   5.55388E-03   3.32281E-03   3.54845E-03   4.25040E-03   1.23343E-04   2.69538E-03  -2.56296E-03   6.94284E-05  -3.25263E-03  -1.97672E-03  -2.04717E-03  -2.48897E-03  -3.40396E-05  -1.55469E-03   1.52437E-03  -1.14497E-05   1.90449E-03   1.17540E-03   1.18054E-03   1.45718E-03  -2.40583E-06   8.96330E-04  -9.06212E-04  -1.03867E-05  -1.11486E-03  -6.98596E-04  -6.80460E-04  -8.52915E-04   1.44819E-05  -5.16520E-04   5.38474E-04   1.60839E-05   6.52468E-04   4.15019E-04   3.92025E-04
 4.35600E+02  -5.76012E-03  -5.89773E-03  -7.20788E-03  -3.51708E-05  -4.44851E-03   4.46484E-03   4.65272E-05   5.51059E-03   3.45779E-03   3.35524E-03   4.21138E-03  -9.13168E-05   2.52934E-03  -2.67685E-03  -1.12593E-04  -3.21788E-03  -2.07168E-03  -1.90602E-03  -2.45836E-03   1.18754E-04  -1.43578E-03   1.60280E-03   1.15738E-04   1.87778E-03   1.23964E-03   1.08111E-03   1.43405E-03  -1.07536E-04   8.13728E-04  -9.58467E-04  -9.67606E-05  -1.09498E-03  -7.40848E-04  -6.12212E-04  -8.35944E-04   8.50795E-05  -4.60406E-04   5.72462E-04   7.35205E-05   6.38060E-04   4.42229E-04   3.46078E-04
 4.38700E+02  -5.92961E-03  -5.64368E-03  -7.14983E-03   2.46185E-04  -4.22286E-03   4.61115E-03   2.91318E-04   5.45663E-03   3.58171E-03   3.15824E-03   4.16209E-03  -3.00953E-04   2.35972E-03  -2.78023E-03  -2.89860E-04  -3.17351E-03  -2.15686E-03  -1.76159E-03  -2.41891E-03   2.67118E-04  -1.31391E-03   1.67226E-03   2.38855E-04   1.84306E-03   1.29578E-03   9.79084E-04   1.40379E-03  -2.08969E-04   7.28869E-04  -1.00350E-03  -1.79810E-04  -1.06883E-03  -7.76725E-04  -5.42032E-04  -8.13494E-04   1.52715E-04  -4.02656E-04   6.00874E-04   1.28339E-04   6.18920E-04   4.64601E-04   2.98765E-04
 4.41900E+02  -6.09278E-03  -5.37794E-03  -7.07901E-03   5.30714E-04  -3.98642E-03   4.75031E-03   5.38126E-04   5.39017E-03   3.69806E-03   2.95152E-03   4.10092E-03  -5.11629E-04   2.18152E-03  -2.87594E-03  -4.67385E-04  -3.11810E-03  -2.23452E-03  -1.60972E-03  -2.36938E-03   4.15143E-04  -1.18569E-03   1.73455E-03   3.61202E-04   1.79931E-03   1.34524E-03   8.71690E-04   1.36553E-03  -3.09340E-04   6.39530E-04  -1.04241E-03  -2.61621E-04  -1.03566E-03  -8.07076E-04  -4.68153E-04  -7.84980E-04   2.19025E-04  -3.41880E-04   6.24362E-04   1.81814E-04   5.94577E-04   4.82632E-04   2.48998E-04
 4.45100E+02  -6.24404E-03  -5.10914E-03  -6.99755E-03   8.08896E-04  -3.74700E-03   4.87746E-03   7.78562E-04   5.31324E-03   3.80268E-03   2.74203E-03   4.02978E-03  -7.16063E-04   2.00085E-03  -2.96049E-03  -6.38918E-04  -3.05341E-03  -2.30179E-03  -1.45571E-03  -2.31141E-03   5.57515E-04  -1.05568E-03   1.78733E-03   4.78295E-04   1.74801E-03   1.38612E-03   7.62844E-04   1.32062E-03  -4.04891E-04   5.49048E-04  -1.07368E-03  -3.39061E-04  -9.96716E-04  -8.30693E-04  -3.93404E-04  -7.51483E-04   2.81410E-04  -2.80466E-04   6.41972E-04   2.31798E-04   5.65986E-04   4.95578E-04   1.98788E-04
 4.48300E+02  -6.38346E-03  -4.83780E-03  -6.90586E-03   1.08040E-03  -3.50516E-03   4.99267E-03   1.01225E-03   5.22632E-03   3.89565E-03   2.53038E-03   3.94916E-03  -9.13854E-04   1.81835E-03  -3.03396E-03  -8.04047E-04  -2.97999E-03  -2.35875E-03  -1.30023E-03  -2.24554E-03   6.93824E-04  -9.24545E-04   1.83069E-03   5.89736E-04   1.68969E-03   1.41851E-03   6.53187E-04   1.26957E-03  -4.95246E-04   4.58034E-04  -1.09740E-03  -4.11781E-04  -9.52469E-04  -8.47676E-04  -3.18359E-04  -7.13466E-04   3.39552E-04  -2.18946E-04   6.53808E-04   2.78006E-04   5.33579E-04   5.03542E-04   1.48621E-04
 4.51500E+02  -6.51110E-03  -4.56438E-03  -6.80439E-03   1.34492E-03  -3.26145E-03   5.09603E-03   1.23886E-03   5.12988E-03   3.97708E-03   2.31718E-03   3.85959E-03  -1.10464E-03   1.63465E-03  -3.09647E-03  -9.62399E-04  -2.89836E-03  -2.40553E-03  -1.14391E-03  -2.17232E-03   8.23702E-04  -7.92913E-04   1.86475E-03   6.95175E-04   1.62489E-03   1.44255E-03   5.43336E-04   1.21290E-03  -5.80075E-04   3.67076E-04  -1.11372E-03  -4.79479E-04  -9.03426E-04  -8.58170E-04  -2.43566E-04  -6.71405E-04   3.93180E-04  -1.57825E-04   6.60015E-04   3.20198E-04   4.97802E-04   5.06670E-04   9.89547E-05
 4.54800E+02  -6.63053E-03  -4.28076E-03  -6.68995E-03   1.61009E-03  -3.00875E-03   5.19033E-03   1.46478E-03   5.02097E-03   4.04908E-03   2.09631E-03   3.75840E-03  -1.29369E-03   1.44461E-03  -3.14960E-03  -1.11825E-03  -2.80615E-03  -2.44326E-03  -9.82494E-04  -2.08967E-03   9.50561E-04  -6.57301E-04   1.89031E-03   7.97298E-04   1.55186E-03   1.45878E-03   4.30475E-04   1.14915E-03  -6.61470E-04   2.73924E-04  -1.12298E-03  -5.43767E-04  -8.48371E-04  -8.62391E-04  -1.67250E-04  -6.24307E-04   4.43523E-04  -9.57161E-05   6.60717E-04   3.59301E-04   4.57852E-04   5.05023E-04   4.87179E-05
 4.58100E+02  -6.73768E-03  -3.99594E-03  -6.56605E-03   1.86725E-03  -2.75521E-03   5.27231E-03   1.68252E-03   4.90300E-03   4.10911E-03   1.87504E-03   3.64881E-03  -1.47462E-03   1.25460E-03  -3.19140E-03  -1.26622E-03  -2.70639E-03  -2.47052E-03  -8.21509E-04  -2.00040E-03   1.06993E-03  -5.22460E-04   1.90639E-03   8.92425E-04   1.47313E-03   1.46654E-03   3.18655E-04   1.08059E-03  -7.36434E-04   1.82008E-04  -1.12480E-03  -6.02221E-04  -7.89329E-04  -8.60152E-04  -9.22940E-05  -5.73958E-04   4.88639E-04  -3.50285E-05   6.55873E-04   3.93773E-04   4.15296E-04   4.98665E-04  -8.79374E-08
 4.61400E+02  -6.83270E-03  -3.71042E-03  -6.43317E-03   2.11613E-03  -2.50141E-03   5.34212E-03   1.89180E-03   4.77650E-03   4.15736E-03   1.65397E-03   3.53142E-03  -1.64712E-03   1.06525E-03  -3.22211E-03  -1.40602E-03  -2.59970E-03  -2.48757E-03  -6.61582E-04  -1.90512E-03   1.18154E-03  -3.89004E-04   1.91324E-03   9.80320E-04   1.38931E-03   1.46612E-03   2.08460E-04   1.00782E-03  -8.04760E-04   9.18737E-05  -1.11946E-03  -6.54670E-04  -7.26869E-04  -8.51734E-04  -1.91987E-05  -5.20896E-04   5.28390E-04   2.37851E-05   6.45761E-04   4.23506E-04   3.70630E-04   4.87867E-04  -4.70605E-05
 4.64700E+02  -6.91575E-03  -3.42467E-03  -6.29178E-03   2.35650E-03  -2.24786E-03   5.39996E-03   2.09235E-03   4.64202E-03   4.19404E-03   1.43367E-03   3.40680E-03  -1.81096E-03   8.77146E-04  -3.24195E-03  -1.53742E-03  -2.48667E-03  -2.49466E-03  -5.03310E-04  -1.80444E-03   1.28518E-03  -2.57513E-04   1.91115E-03   1.06080E-03   1.30102E-03   1.45781E-03   1.00440E-04   9.31425E-04  -8.66294E-04   4.03089E-06  -1.10727E-03  -7.00990E-04  -6.61559E-04  -8.37451E-04   5.15724E-05  -4.65650E-04   5.62684E-04   8.03104E-05   6.30691E-04   4.48441E-04   3.24345E-04   4.72928E-04  -9.18357E-05
 4.68100E+02  -6.98900E-03  -3.13051E-03  -6.13774E-03   2.59503E-03  -1.98745E-03   5.44726E-03   2.28963E-03   4.49569E-03   4.22000E-03   1.20809E-03   3.27147E-03  -1.97047E-03   6.85255E-04  -3.25134E-03  -1.66380E-03  -2.36423E-03  -2.49188E-03  -3.42571E-04  -1.69572E-03   1.38344E-03  -1.24668E-04   1.90000E-03   1.13580E-03   1.20601E-03   1.44135E-03  -8.03687E-06   8.49556E-04  -9.22473E-04  -8.35795E-05  -1.08791E-03  -7.42228E-04  -5.91879E-04  -8.16963E-04   1.21610E-04  -4.07001E-04   5.92270E-04   1.35760E-04   6.10335E-04   4.69099E-04   2.75472E-04   4.53549E-04  -1.35327E-04
 4.71500E+02  -7.04994E-03  -2.83709E-03  -5.97572E-03   2.82410E-03  -1.72841E-03   5.48232E-03   2.47722E-03   4.34205E-03   4.23424E-03   9.84502E-04   3.12972E-03  -2.12035E-03   4.95892E-04  -3.24983E-03  -1.78088E-03  -2.23638E-03  -2.47923E-03  -1.84774E-04  -1.58259E-03   1.47292E-03   4.95365E-06   1.88008E-03   1.20267E-03   1.10756E-03   1.41729E-03  -1.13141E-04   7.65108E-04  -9.71263E-04  -1.67786E-04  -1.06205E-03  -7.76854E-04  -5.20369E-04  -7.91016E-04   1.88311E-04  -3.47148E-04   6.16025E-04   1.88021E-04   5.85465E-04   4.84685E-04   2.25902E-04   4.30497E-04  -1.75833E-04
 4.74900E+02  -7.09879E-03  -2.54486E-03  -5.80625E-03   3.04353E-03  -1.47127E-03   5.50543E-03   2.65493E-03   4.18170E-03   4.23707E-03   7.63460E-04   2.98219E-03  -2.26045E-03   3.09616E-04  -3.23778E-03  -1.88852E-03  -2.10378E-03  -2.45708E-03  -3.04661E-05  -1.46573E-03   1.55352E-03   1.30834E-04   1.85182E-03   1.26136E-03   1.00631E-03   1.38603E-03  -2.14397E-04   6.78703E-04  -1.01265E-03  -2.48162E-04  -1.03012E-03  -8.04889E-04  -4.47615E-04  -7.60035E-04   2.51306E-04  -2.86632E-04   6.34006E-04   2.36774E-04   5.56496E-04   4.95279E-04   1.76126E-04   4.04164E-04  -2.13089E-04
 4.78300E+02  -7.13581E-03  -2.25428E-03  -5.62985E-03   3.25317E-03  -1.21652E-03   5.51686E-03   2.82263E-03   4.01521E-03   4.22884E-03   5.45489E-04   2.82951E-03  -2.39064E-03   1.26954E-04  -3.21556E-03  -1.98664E-03  -1.96706E-03  -2.42585E-03   1.19842E-04  -1.34577E-03   1.62518E-03   2.52497E-04   1.81565E-03   1.31185E-03   9.02905E-04   1.34804E-03  -3.11372E-04   5.90948E-04  -1.04665E-03  -3.24328E-04  -9.92566E-04  -8.26402E-04  -3.74184E-04  -7.24466E-04   3.10267E-04  -2.25973E-04   6.46310E-04   2.81751E-04   5.23856E-04   5.01005E-04   1.26610E-04   3.74956E-04  -2.46879E-04
 4.81700E+02  -7.16122E-03  -1.96579E-03  -5.44705E-03   3.45289E-03  -9.64636E-04   5.51692E-03   2.98020E-03   3.84317E-03   4.20988E-03   3.31084E-04   2.67230E-03  -2.51084E-03  -5.15971E-05  -3.18357E-03  -2.07519E-03  -1.82688E-03  -2.38598E-03   2.65679E-04  -1.22336E-03   1.68791E-03   3.69507E-04   1.77203E-03   1.35419E-03   7.97959E-04   1.30378E-03  -4.03678E-04   5.02431E-04  -1.07336E-03  -3.95949E-04  -9.49866E-04  -8.41504E-04  -3.00620E-04  -6.84765E-04   3.64917E-04  -1.65666E-04   6.53077E-04   3.22729E-04   4.87983E-04   5.02025E-04   7.77968E-05   3.43287E-04  -2.77031E-04
 4.85200E+02  -7.17555E-03  -1.67142E-03  -5.25271E-03   3.64802E-03  -7.08825E-04   5.50545E-03   3.13174E-03   3.66087E-03   4.17957E-03   1.14593E-04   2.50637E-03  -2.62408E-03  -2.30621E-04  -3.14088E-03  -2.15633E-03  -1.67960E-03  -2.33638E-03   4.10674E-04  -1.09545E-03   1.74318E-03   4.84682E-04   1.71983E-03   1.38933E-03   6.88952E-04   1.25217E-03  -4.93459E-04   4.11112E-04  -1.09336E-03  -4.64625E-04  -9.01037E-04  -8.50514E-04  -2.25303E-04  -6.40074E-04   4.16428E-04  -1.04445E-04   6.54451E-04   3.60547E-04   4.48149E-04   4.98370E-04   2.87153E-05   3.08553E-04  -3.04135E-04
 4.88700E+02  -7.17817E-03  -1.38012E-03  -5.05269E-03   3.83244E-03  -4.57004E-04   5.48262E-03   3.27240E-03   3.47391E-03   4.13871E-03  -9.71432E-05   2.33693E-03  -2.72666E-03  -4.04337E-04  -3.08875E-03  -2.22735E-03  -1.52998E-03  -2.27860E-03   5.50038E-04  -9.66250E-04   1.78910E-03   5.94124E-04   1.66077E-03   1.41603E-03   5.79582E-04   1.19498E-03  -5.77603E-04   3.20175E-04  -1.10592E-03  -5.27916E-04  -8.47795E-04  -8.53100E-04  -1.50934E-04  -5.92018E-04   4.62922E-04  -4.45701E-05   6.50382E-04   3.93796E-04   4.05850E-04   4.90188E-04  -1.87708E-05   2.72104E-04  -3.27159E-04
 4.92300E+02  -7.16898E-03  -1.08415E-03  -4.84158E-03   4.01090E-03  -2.02616E-04   5.44770E-03   3.40569E-03   3.27738E-03   4.08615E-03  -3.09497E-04   2.15967E-03  -2.82107E-03  -5.77026E-04  -3.02579E-03  -2.28991E-03  -1.37432E-03  -2.21119E-03   6.87097E-04  -8.32696E-04   1.82670E-03   7.00356E-04   1.59343E-03   1.43488E-03   4.67349E-04   1.13089E-03  -6.57976E-04   2.27628E-04  -1.11130E-03  -5.87172E-04  -7.88995E-04  -8.49317E-04  -7.59607E-05  -5.39621E-04   5.05351E-04   1.51462E-05   6.40801E-04   4.23128E-04   3.60281E-04   4.77346E-04  -6.55514E-05   2.33291E-04  -3.46538E-04
 4.95800E+02  -7.14880E-03  -8.00334E-04  -4.63168E-03   4.17344E-03   3.97787E-05   5.40302E-03   3.52422E-03   3.08280E-03   4.02527E-03  -5.10246E-04   1.98508E-03  -2.90210E-03  -7.38695E-04  -2.95602E-03  -2.34064E-03  -1.22191E-03  -2.13845E-03   8.13882E-04  -7.02832E-04   1.85406E-03   7.97179E-04   1.52212E-03   1.44504E-03   3.59077E-04   1.06404E-03  -7.29880E-04   1.39153E-04  -1.10946E-03  -6.38930E-04  -7.28458E-04  -8.39660E-04  -5.02717E-06  -4.86322E-04   5.41251E-04   7.09724E-05   6.26547E-04   4.46865E-04   3.14462E-04   4.60874E-04  -1.08681E-04   1.94716E-04  -3.61195E-04
 4.99400E+02  -7.11684E-03  -5.12860E-04  -4.41155E-03   4.32933E-03   2.83618E-04   5.34646E-03   3.63478E-03   2.87968E-03   3.95307E-03  -7.10456E-04   1.80381E-03  -2.97449E-03  -8.98209E-04  -2.87600E-03  -2.38258E-03  -1.06469E-03  -2.05679E-03   9.37313E-04  -5.69861E-04   1.87294E-03   8.89864E-04   1.44337E-03   1.44735E-03   2.49161E-04   9.91204E-04  -7.97230E-04   5.02197E-05  -1.10060E-03  -6.86027E-04  -6.63298E-04  -8.23909E-04   6.54609E-05  -4.29616E-04   5.72616E-04   1.25710E-04   6.07152E-04   4.66362E-04   2.66273E-04   4.40179E-04  -1.50305E-04   1.54621E-04  -3.72014E-04
 5.03000E+02  -7.07387E-03  -2.30273E-04  -4.18768E-03   4.47379E-03   5.21508E-04   5.27957E-03   3.73390E-03   2.67414E-03   3.87167E-03  -9.03925E-04   1.62146E-03  -3.03588E-03  -1.05051E-03  -2.78815E-03  -2.41434E-03  -9.07635E-04  -1.96879E-03   1.05339E-03  -4.38104E-04   1.88268E-03   9.75330E-04   1.35972E-03   1.44170E-03   1.41270E-04   9.14825E-04  -8.57733E-04  -3.61221E-05  -1.08500E-03  -7.26819E-04  -5.95776E-04  -8.02621E-04   1.33019E-04  -3.71533E-04   5.98330E-04   1.77377E-04   5.83330E-04   4.80915E-04   2.17495E-04   4.16053E-04  -1.88877E-04   1.14536E-04  -3.78605E-04
 5.06600E+02  -7.02028E-03   4.70682E-05  -3.96063E-03   4.60684E-03   7.53081E-04   5.20281E-03   3.82166E-03   2.46678E-03   3.78159E-03  -1.09031E-03   1.43867E-03  -3.08644E-03  -1.19530E-03  -2.69305E-03  -2.43613E-03  -7.51360E-04  -1.87505E-03   1.16186E-03  -3.08138E-04   1.88356E-03   1.05340E-03   1.27180E-03   1.42842E-03   3.59281E-05   8.35504E-04  -9.11290E-04  -1.19415E-04  -1.06305E-03  -7.61279E-04  -5.26460E-04  -7.76185E-04   1.97262E-04  -3.12599E-04   6.18426E-04   2.25664E-04   5.55479E-04   4.90611E-04   1.68600E-04   3.88888E-04  -2.24160E-04   7.48734E-05  -3.81097E-04
 5.10300E+02  -6.95453E-03   3.26292E-04  -3.72452E-03   4.73176E-03   9.84149E-04   5.11411E-03   3.90015E-03   2.25237E-03   3.68052E-03  -1.27415E-03   1.25095E-03  -3.12729E-03  -1.33601E-03  -2.58835E-03  -2.44841E-03  -5.92164E-04  -1.77335E-03   1.26521E-03  -1.76997E-04   1.87556E-03   1.12582E-03   1.17762E-03   1.40722E-03  -6.91743E-05   7.51531E-04  -9.59045E-04  -2.01406E-04  -1.03427E-03  -7.90118E-04  -4.53933E-04  -7.44084E-04   2.59479E-04  -2.51674E-04   6.33312E-04   2.71492E-04   5.23090E-04   4.95651E-04   1.18697E-04   3.58221E-04  -2.56796E-04   3.49563E-05  -3.79561E-04
 5.14000E+02  -6.87837E-03   5.99278E-04  -3.48619E-03   4.84479E-03   1.20785E-03   5.01599E-03   3.96692E-03   2.03727E-03   3.57140E-03  -1.44988E-03   1.06400E-03  -3.15712E-03  -1.46825E-03  -2.47723E-03  -2.45073E-03  -4.35001E-04  -1.66687E-03   1.36016E-03  -4.88727E-05   1.85891E-03   1.19020E-03   1.08021E-03   1.37876E-03  -1.70588E-04   6.65695E-04  -9.99403E-04  -2.79332E-04  -9.99630E-04  -8.12357E-04  -3.80677E-04  -7.07445E-04   3.17514E-04  -1.90909E-04   6.42480E-04   3.13234E-04   4.87341E-04   4.95877E-04   6.96025E-05   3.25207E-04  -2.85598E-04  -3.71780E-06  -3.74083E-04
 5.17700E+02  -6.79223E-03   8.65707E-04  -3.24619E-03   4.94602E-03   1.42388E-03   4.90893E-03   4.02216E-03   1.82207E-03   3.45482E-03  -1.61722E-03   8.78409E-04  -3.17619E-03  -1.59184E-03  -2.36029E-03  -2.44342E-03  -2.80438E-04  -1.55625E-03   1.44659E-03   7.57243E-05   1.83400E-03   1.24652E-03   9.80203E-04   1.34349E-03  -2.67871E-04   5.78603E-04  -1.03241E-03  -3.52835E-04  -9.59608E-04  -8.28107E-04  -3.07253E-04  -6.66743E-04   3.71096E-04  -1.30800E-04   6.46101E-04   3.50702E-04   4.48697E-04   4.91505E-04   2.17433E-05   2.90285E-04  -3.10454E-04  -4.07954E-05  -3.64909E-04
 5.21400E+02  -6.69654E-03   1.12529E-03  -3.00506E-03   5.03558E-03   1.63196E-03   4.79347E-03   4.06606E-03   1.60733E-03   3.33136E-03  -1.77595E-03   6.94750E-04  -3.18478E-03  -1.70662E-03  -2.23817E-03  -2.42686E-03  -1.29004E-04  -1.44212E-03   1.52440E-03   1.96322E-04   1.80126E-03   1.29478E-03   8.78224E-04   1.30187E-03  -3.60630E-04   4.90842E-04  -1.05814E-03  -4.21604E-04  -9.14686E-04  -8.37526E-04  -2.34192E-04  -6.22463E-04   4.20003E-04  -7.18149E-05   6.44388E-04   3.83756E-04   4.07627E-04   4.82783E-04  -2.44880E-05   2.53892E-04  -3.31300E-04  -7.59597E-05  -3.52310E-04
 5.25200E+02  -6.58877E-03   1.38447E-03  -2.75679E-03   5.11559E-03   1.83714E-03   4.66667E-03   4.09961E-03   1.38784E-03   3.19800E-03  -1.92980E-03   5.08697E-04  -3.18303E-03  -1.81518E-03  -2.10800E-03  -2.40062E-03   2.27442E-05  -1.32192E-03   1.59532E-03   3.15562E-04   1.75993E-03   1.33600E-03   7.72073E-04   1.25303E-03  -4.50815E-04   4.00605E-04  -1.07714E-03  -4.87026E-04  -8.63968E-04  -8.40812E-04  -1.60066E-04  -5.73776E-04   4.65179E-04  -1.28594E-05   6.37331E-04   4.13011E-04   3.63409E-04   4.69591E-04  -6.99003E-05   2.15433E-04  -3.48513E-04  -1.09790E-04  -3.36115E-04
 5.29000E+02  -6.47185E-03   1.63586E-03  -2.50842E-03   5.18363E-03   2.03343E-03   4.53209E-03   4.12172E-03   1.16998E-03   3.05861E-03  -2.07420E-03   3.25791E-04  -3.17092E-03  -1.91424E-03  -1.97366E-03  -2.36546E-03   1.70170E-04  -1.19934E-03   1.65713E-03   4.29704E-04   1.71131E-03   1.36888E-03   6.65114E-04   1.19852E-03  -5.35524E-04   3.10839E-04  -1.08879E-03  -5.46941E-04  -8.09143E-04  -8.37873E-04  -8.73677E-05  -5.22361E-04   5.05097E-04   4.40232E-05   6.25202E-04   4.37459E-04   3.17620E-04   4.52431E-04  -1.12874E-04   1.76323E-04  -3.61495E-04  -1.41047E-04  -3.16955E-04
 5.32800E+02  -6.34626E-03   1.87924E-03  -2.26049E-03   5.23993E-03   2.22065E-03   4.39030E-03   4.13270E-03   9.54287E-04   2.91381E-03  -2.20900E-03   1.46548E-04  -3.14884E-03  -2.00373E-03  -1.83580E-03  -2.32183E-03   3.12815E-04  -1.07502E-03   1.70987E-03   5.38370E-04   1.65589E-03   1.39354E-03   5.57958E-04   1.13890E-03  -6.14472E-04   2.22098E-04  -1.09330E-03  -6.01164E-04  -7.50758E-04  -8.28991E-04  -1.65754E-05  -4.68742E-04   5.39669E-04   9.84415E-05   6.08328E-04   4.57095E-04   2.70746E-04   4.31651E-04  -1.53107E-04   1.36995E-04  -3.70313E-04  -1.69513E-04  -2.95182E-04
 5.36600E+02  -6.21247E-03   2.11437E-03  -2.01349E-03   5.28468E-03   2.39860E-03   4.24185E-03   4.13286E-03   7.41277E-04   2.76420E-03  -2.33410E-03  -2.85516E-05  -3.11718E-03  -2.08365E-03  -1.69505E-03  -2.27021E-03   4.50259E-04  -9.49584E-04   1.75363E-03   6.41227E-04   1.59420E-03   1.41017E-03   4.51189E-04   1.07471E-03  -6.87422E-04   1.34900E-04  -1.09095E-03  -6.49559E-04  -6.89355E-04  -8.14482E-04   5.18722E-05  -4.13436E-04   5.68850E-04   1.50045E-04   5.87058E-04   4.71958E-04   2.23257E-04   4.07618E-04  -1.90338E-04   9.78608E-05  -3.75072E-04  -1.95014E-04  -2.71155E-04
 5.40500E+02  -6.06712E-03   2.34692E-03  -1.76148E-03   5.31888E-03   2.57147E-03   4.08314E-03   4.12212E-03   5.25960E-04   2.60629E-03  -2.45235E-03  -2.03480E-04  -3.07518E-03  -2.15574E-03  -1.54825E-03  -2.20943E-03   5.85516E-04  -8.20325E-04   1.78935E-03   7.40445E-04   1.52493E-03   1.41912E-03   3.42594E-04   1.00466E-03  -7.55856E-04   4.75211E-05  -1.08168E-03  -6.93072E-04  -6.23763E-04  -7.94097E-04   1.19263E-04  -3.55449E-04   5.93197E-04   1.99757E-04   5.61047E-04   4.82336E-04   1.74352E-04   3.79965E-04  -2.25201E-04   5.83037E-05  -3.75883E-04  -2.17964E-04  -2.44538E-04
 5.44400E+02  -5.91413E-03   2.57039E-03  -1.51147E-03   5.34147E-03   2.73431E-03   3.91858E-03   4.10071E-03   3.14474E-04   2.44460E-03  -2.56029E-03  -3.73125E-04  -3.02400E-03  -2.21786E-03  -1.39970E-03  -2.14130E-03   7.14528E-04  -6.91152E-04   1.81592E-03   8.32972E-04   1.45021E-03   1.42009E-03   2.35558E-04   9.30958E-04  -8.17618E-04  -3.72352E-05  -1.06582E-03  -7.30305E-04  -5.56134E-04  -7.68536E-04   1.83374E-04  -2.96744E-04   6.11920E-04   2.45893E-04   5.31213E-04   4.87901E-04   1.25739E-04   3.49699E-04  -2.56486E-04   1.97476E-05  -3.72757E-04  -2.37552E-04  -2.16330E-04
 5.48400E+02  -5.74982E-03   2.78999E-03  -1.25764E-03   5.35287E-03   2.89082E-03   3.74433E-03   4.06808E-03   1.02032E-04   2.27547E-03  -2.66028E-03  -5.41203E-04  -2.96250E-03  -2.27131E-03  -1.24620E-03  -2.06435E-03   8.40024E-04  -5.59383E-04   1.83388E-03   9.20692E-04   1.36851E-03   1.41314E-03   1.27955E-04   8.52202E-04  -8.73919E-04  -1.20975E-04  -1.04309E-03  -7.61967E-04  -4.85238E-04  -7.37377E-04   2.45360E-04  -2.36318E-04   6.25377E-04   2.89245E-04   4.97093E-04   4.88786E-04   7.66409E-05   3.16384E-04  -2.84707E-04  -1.83832E-05  -3.65690E-04  -2.54093E-04  -1.86155E-04
 5.52300E+02  -5.58291E-03   2.99461E-03  -1.01314E-03   5.35284E-03   3.03309E-03   3.56970E-03   4.02629E-03  -1.00301E-04   2.10800E-03  -2.74736E-03  -6.98928E-04  -2.89425E-03  -2.31356E-03  -1.09604E-03  -1.98301E-03   9.55440E-04  -4.32184E-04   1.84260E-03   9.99043E-04   1.28452E-03   1.39893E-03   2.56705E-05   7.72917E-04  -9.21884E-04  -1.99099E-04  -1.01504E-03  -7.86522E-04  -4.15175E-04  -7.02616E-04   3.01818E-04  -1.77687E-04   6.33034E-04   3.27447E-04   4.60840E-04   4.85154E-04   2.99284E-05   2.82114E-04  -3.08354E-04  -5.38521E-05  -3.55290E-04  -2.66747E-04  -1.55916E-04
 5.56300E+02  -5.40536E-03   3.19462E-03  -7.65884E-04   5.34171E-03   3.16841E-03   3.38632E-03   3.97364E-03  -3.02475E-04   1.93422E-03  -2.82606E-03  -8.54035E-04  -2.81628E-03  -2.34698E-03  -9.42136E-04  -1.89368E-03   1.06644E-03  -3.03600E-04   1.84281E-03   1.07191E-03   1.19454E-03   1.37713E-03  -7.60556E-05   6.89634E-04  -9.63957E-04  -2.75234E-04  -9.80652E-04  -8.05323E-04  -3.42905E-04  -6.62937E-04   3.55375E-04  -1.18325E-04   6.35467E-04   3.62302E-04   4.21059E-04   4.77067E-04  -1.63987E-05   2.45571E-04  -3.28585E-04  -8.81745E-05  -3.41311E-04  -2.76190E-04  -1.24453E-04
 5.60300E+02  -5.22191E-03   3.38454E-03  -5.22632E-04   5.31971E-03   3.29296E-03   3.19920E-03   3.91154E-03  -4.98836E-04   1.75902E-03  -2.89412E-03  -1.00208E-03  -2.73080E-03  -2.37056E-03  -7.88937E-04  -1.79898E-03   1.16977E-03  -1.77455E-04   1.83449E-03   1.13709E-03   1.10130E-03   1.34842E-03  -1.74112E-04   6.04951E-04  -9.98848E-04  -3.46987E-04  -9.41046E-04  -8.17796E-04  -2.70753E-04  -6.19661E-04   4.04304E-04  -6.02004E-05   6.32630E-04   3.92663E-04   3.79118E-04   4.64842E-04  -6.07585E-05   2.08051E-04  -3.44729E-04  -1.20147E-04  -3.24288E-04  -2.82122E-04  -9.29168E-05
 5.64400E+02  -5.02828E-03   3.56868E-03  -2.77886E-04   5.28626E-03   3.40949E-03   3.00414E-03   3.83857E-03  -6.93687E-04   1.57859E-03  -2.95299E-03  -1.14619E-03  -2.63596E-03  -2.38479E-03  -6.33243E-04  -1.69697E-03   1.26753E-03  -5.12188E-05   1.81750E-03   1.19589E-03   1.00297E-03   1.31226E-03  -2.70381E-04   5.17302E-04  -1.02723E-03  -4.15674E-04  -8.95532E-04  -8.24197E-04  -1.97456E-04  -5.72082E-04   4.49468E-04  -2.35394E-06   6.24523E-04   4.19051E-04   3.34377E-04   4.48337E-04  -1.03842E-04   1.69021E-04  -3.57067E-04  -1.50240E-04  -3.04024E-04  -2.84668E-04  -6.08948E-05
 5.68400E+02  -4.83446E-03   3.73799E-03  -4.39832E-05   5.24340E-03   3.51235E-03   2.81124E-03   3.75880E-03  -8.77179E-04   1.40233E-03  -2.99995E-03  -1.27910E-03  -2.53696E-03  -2.38926E-03  -4.83205E-04  -1.59324E-03   1.35484E-03   6.84693E-05   1.79305E-03   1.24543E-03   9.04958E-04   1.27088E-03  -3.59791E-04   4.31526E-04  -1.04785E-03  -4.77692E-04  -8.46827E-04  -8.24435E-04  -1.27080E-04  -5.23019E-04   4.88532E-04   5.19951E-05   6.11832E-04   4.40158E-04   2.89487E-04   4.28693E-04  -1.43252E-04   1.30802E-04  -3.65070E-04  -1.76794E-04  -2.81857E-04  -2.83846E-04  -3.02952E-05
 5.72500E+02  -4.63127E-03   3.90092E-03   1.90389E-04   5.18938E-03   3.60678E-03   2.61144E-03   3.66875E-03  -1.05817E-03   1.22202E-03  -3.03756E-03  -1.40723E-03  -2.42945E-03  -2.38452E-03  -3.31864E-04  -1.48321E-03   1.43595E-03   1.87137E-04   1.76033E-03   1.28822E-03   8.02973E-04   1.22271E-03  -4.46471E-04   3.43892E-04  -1.06188E-03  -5.35925E-04  -7.93014E-04  -8.18780E-04  -5.65819E-05  -4.70530E-04   5.23358E-04   1.05192E-04   5.94249E-04   4.57061E-04   2.42675E-04   4.05289E-04  -1.80699E-04   9.18897E-05  -3.69251E-04  -2.00979E-04  -2.57045E-04  -2.79793E-04   8.24961E-08
 5.76700E+02  -4.41895E-03   4.05668E-03   4.24454E-04   5.12391E-03   3.69206E-03   2.40517E-03   3.56836E-03  -1.23582E-03   1.03826E-03  -3.06528E-03  -1.52979E-03  -2.31360E-03  -2.37024E-03  -1.79941E-04  -1.36728E-03   1.51021E-03   3.04047E-04   1.71925E-03   1.32377E-03   6.97527E-04   1.16783E-03  -5.29738E-04   2.54982E-04  -1.06903E-03  -5.89800E-04  -7.34356E-04  -8.07103E-04   1.34536E-05  -4.14984E-04   5.53515E-04   1.56701E-04   5.71808E-04   4.69479E-04   1.94363E-04   3.78280E-04  -2.15730E-04   5.27081E-05  -3.69468E-04  -2.22452E-04  -2.29823E-04  -2.72489E-04   2.98488E-05
 5.80800E+02  -4.20813E-03   4.19786E-03   6.46722E-04   5.05056E-03   3.76427E-03   2.20285E-03   3.46296E-03  -1.40142E-03   8.60383E-04  -3.08206E-03  -1.64080E-03  -2.19553E-03  -2.34750E-03  -3.51662E-05  -1.25157E-03   1.57407E-03   4.13240E-04   1.67224E-03   1.35051E-03   5.94235E-04   1.10941E-03  -6.05364E-04   1.69550E-04  -1.06918E-03  -6.36626E-04  -6.74187E-04  -7.90294E-04   7.92735E-05  -3.59538E-04   5.77567E-04   2.03768E-04   5.45959E-04   4.76929E-04   1.47300E-04   3.49352E-04  -2.46496E-04   1.54922E-05  -3.65902E-04  -2.40114E-04  -2.01872E-04  -2.62520E-04   5.73082E-05
 5.85000E+02  -3.98908E-03   4.33139E-03   8.67711E-04   4.96622E-03   3.82710E-03   1.99516E-03   3.34797E-03  -1.56281E-03   6.80250E-04  -3.08901E-03  -1.74557E-03  -2.07010E-03  -2.31559E-03   1.09048E-04  -1.13108E-03   1.63067E-03   5.19682E-04   1.61752E-03   1.36991E-03   4.88642E-04   1.04513E-03  -6.76814E-04   8.39284E-05  -1.06265E-03  -6.78603E-04  -6.10123E-04  -7.67898E-04   1.43698E-04  -3.01996E-04   5.96735E-04   2.48423E-04   5.15852E-04   4.79925E-04   9.96316E-05   3.17507E-04  -2.74352E-04  -2.12247E-05  -3.58603E-04  -2.54792E-04  -1.72216E-04  -2.49668E-04   8.35494E-05
 5.89300E+02  -3.76212E-03   4.45654E-03   1.08662E-03   4.87072E-03   3.87994E-03   1.78266E-03   3.22349E-03  -1.71918E-03   4.98562E-04  -3.08574E-03  -1.84338E-03  -1.93765E-03  -2.27436E-03   2.51945E-04  -1.00630E-03   1.67946E-03   6.22648E-04   1.55515E-03   1.38162E-03   3.81353E-04   9.75270E-04  -7.43468E-04  -1.25386E-06  -1.04926E-03  -7.15262E-04  -5.42560E-04  -7.39952E-04   2.06144E-04  -2.42826E-04   6.10716E-04   2.90175E-04   4.81670E-04   4.78329E-04   5.18299E-05   2.83027E-04  -2.98929E-04  -5.70087E-05  -3.47574E-04  -2.66245E-04  -1.41183E-04  -2.34043E-04   1.08210E-04
 5.93500E+02  -3.53833E-03   4.56757E-03   1.29299E-03   4.76901E-03   3.92056E-03   1.57579E-03   3.09588E-03  -1.86307E-03   3.24278E-04  -3.07275E-03  -1.92964E-03  -1.80496E-03  -2.22619E-03   3.86463E-04  -8.83664E-04   1.71828E-03   7.17066E-04   1.48858E-03   1.38534E-03   2.77906E-04   9.03638E-04  -8.02089E-04  -8.15909E-05  -1.03001E-03  -7.44905E-04  -4.75191E-04  -7.08179E-04   2.63391E-04  -1.85263E-04   6.18994E-04   3.26900E-04   4.45446E-04   4.72444E-04   6.51398E-06   2.47942E-04  -3.19026E-04  -8.99058E-05  -3.33614E-04  -2.73986E-04  -1.10594E-04  -2.16679E-04   1.29961E-04
 5.97800E+02  -3.30761E-03   4.66990E-03   1.49640E-03   4.65674E-03   3.95115E-03   1.36522E-03   2.95968E-03  -2.00121E-03   1.49590E-04  -3.04982E-03  -2.00846E-03  -1.66634E-03  -2.16930E-03   5.18622E-04  -7.57925E-04   1.74913E-03   8.07185E-04   1.41522E-03   1.38154E-03   1.73907E-04   8.27411E-04  -8.55376E-04  -1.60492E-04  -1.00437E-03  -7.68999E-04  -4.05354E-04  -6.71515E-04   3.17884E-04  -1.27043E-04   6.22140E-04   3.60205E-04   4.05917E-04   4.62254E-04  -3.81020E-05   2.11012E-04  -3.35584E-04  -1.21223E-04  -3.16370E-04  -2.78471E-04  -7.93666E-05  -1.97075E-04   1.49689E-04
 6.02100E+02  -3.07578E-03   4.76086E-03   1.69159E-03   4.53677E-03   3.97088E-03   1.15644E-03   2.81844E-03  -2.12995E-03  -2.08448E-05  -3.01755E-03  -2.07772E-03  -1.52554E-03  -2.10526E-03   6.44803E-04  -6.32593E-04   1.77117E-03   8.90476E-04   1.33715E-03   1.37037E-03   7.23422E-05   7.48840E-04  -9.01809E-04  -2.35628E-04  -9.73151E-04  -7.86863E-04  -3.35180E-04  -6.31131E-04   3.67975E-04  -6.99911E-05   6.20109E-04   3.89069E-04   3.64380E-04   4.48144E-04  -8.05792E-05   1.73485E-04  -3.48105E-04  -1.49929E-04  -2.96474E-04  -2.79597E-04  -4.85835E-05  -1.75956E-04   1.66737E-04
 6.06500E+02  -2.83794E-03   4.84235E-03   1.88262E-03   4.40658E-03   3.98015E-03   9.45170E-04   2.66934E-03  -2.25186E-03  -1.90390E-04  -2.97532E-03  -2.13877E-03  -1.37985E-03  -2.03288E-03   7.67407E-04  -5.05358E-04   1.78486E-03   9.68471E-04   1.25300E-03   1.35167E-03  -2.85759E-05   6.66612E-04  -9.42223E-04  -3.08262E-04  -9.35880E-04  -7.98839E-04  -2.63558E-04  -5.86452E-04   4.14476E-04  -1.32593E-05   6.12933E-04   4.13953E-04   3.20278E-04   4.29980E-04  -1.21515E-04   1.34893E-04  -3.56807E-04  -1.76409E-04  -2.73729E-04  -2.77434E-04  -1.78904E-05  -1.53128E-04   1.81333E-04
 6.10900E+02  -2.60000E-03   4.91230E-03   2.06465E-03   4.26944E-03   3.97869E-03   7.36795E-04   2.51623E-03  -2.36381E-03  -3.54604E-04  -2.92423E-03  -2.19000E-03  -1.23315E-03  -1.95414E-03   8.83137E-04  -3.79714E-04   1.78985E-03   1.03903E-03   1.16515E-03   1.32603E-03  -1.25995E-04   5.83121E-04  -9.75501E-04  -3.76288E-04  -8.93706E-04  -8.04628E-04  -1.92641E-04  -5.38881E-04   4.56012E-04   4.13998E-05   6.00895E-04   4.34124E-04   2.75037E-04   4.08404E-04  -1.59613E-04   9.65200E-05  -3.61463E-04  -1.99814E-04  -2.48945E-04  -2.72113E-04   1.16655E-05  -1.29419E-04   1.93015E-04
 6.15300E+02  -2.36247E-03   4.97092E-03   2.23753E-03   4.12589E-03   3.96688E-03   5.31799E-04   2.35971E-03  -2.46577E-03  -5.13098E-04  -2.86479E-03  -2.23158E-03  -1.08604E-03  -1.86961E-03   9.91748E-04  -2.56199E-04   1.78645E-03   1.10206E-03   1.07420E-03   1.29387E-03  -2.19498E-04   4.98942E-04  -1.00173E-03  -4.39440E-04  -8.47122E-04  -8.04456E-04  -1.22919E-04  -4.88925E-04   4.92476E-04   9.36152E-05   5.84321E-04   4.49618E-04   2.29123E-04   3.83790E-04  -1.94638E-04   5.87553E-05  -3.62223E-04  -2.20035E-04  -2.22497E-04  -2.63860E-04   3.97918E-05  -1.05174E-04   2.01786E-04
 6.19700E+02  -2.12583E-03   5.01843E-03   2.40113E-03   3.97649E-03   3.94508E-03   3.30634E-04   2.20039E-03  -2.55777E-03  -6.65521E-04  -2.79748E-03  -2.26368E-03  -9.39120E-04  -1.77988E-03   1.09304E-03  -1.35318E-04   1.77499E-03   1.15755E-03   9.80749E-04   1.25564E-03  -3.08711E-04   4.14624E-04  -1.02104E-03  -4.97500E-04  -7.96629E-04  -7.98583E-04  -5.48455E-05  -4.37081E-04   5.23807E-04   1.43057E-04   5.63555E-04   4.60512E-04   1.82984E-04   3.56522E-04  -2.26394E-04   2.19616E-05  -3.59268E-04  -2.37007E-04  -1.94763E-04  -2.52919E-04   6.62303E-05  -8.07220E-05   2.07688E-04
 6.24200E+02  -1.88523E-03   5.05578E-03   2.55875E-03   3.81820E-03   3.91285E-03   1.29299E-04   2.03516E-03  -2.64162E-03  -8.14801E-04  -2.72104E-03  -2.28694E-03  -7.89629E-04  -1.68332E-03   1.18888E-03  -1.49007E-05   1.75532E-03   1.20649E-03   8.83188E-04   1.21074E-03  -3.95168E-04   3.28793E-04  -1.03380E-03  -5.51431E-04  -7.41467E-04  -7.86982E-04   1.26299E-05  -3.82615E-04   5.50523E-04   1.90452E-04   5.38363E-04   4.67016E-04   1.36009E-04   3.26295E-04  -2.55334E-04  -1.43186E-05  -3.52624E-04  -2.50980E-04  -1.65450E-04  -2.39225E-04   9.12916E-05  -5.58280E-05   2.10835E-04
 6.28700E+02  -1.64653E-03   5.08203E-03   2.70649E-03   3.65492E-03   3.87100E-03  -6.71653E-05   1.86822E-03  -2.71519E-03  -9.57105E-04  -2.63744E-03  -2.30078E-03  -6.41481E-04  -1.58253E-03   1.27678E-03   1.01810E-04   1.72800E-03   1.24760E-03   7.84218E-04   1.16047E-03  -4.76481E-04   2.43897E-04  -1.03972E-03  -5.99718E-04  -6.83277E-04  -7.70056E-04   7.75292E-05  -3.27192E-04   5.71880E-04   2.34379E-04   5.09574E-04   4.68991E-04   8.96723E-05   2.94115E-04  -2.80582E-04  -4.89160E-05  -3.42566E-04  -2.61542E-04  -1.35559E-04  -2.23293E-04   1.14154E-04  -3.13608E-05   2.11173E-04
 6.33200E+02  -1.41018E-03   5.09748E-03   2.84430E-03   3.48723E-03   3.81996E-03  -2.58371E-04   1.70016E-03  -2.77860E-03  -1.09217E-03  -2.54725E-03  -2.30548E-03  -4.95213E-04  -1.47810E-03   1.35662E-03   2.14393E-04   1.69347E-03   1.28096E-03   6.84421E-04   1.10534E-03  -5.52387E-04   1.60433E-04  -1.03903E-03  -6.42271E-04  -6.22589E-04  -7.48166E-04   1.39482E-04  -2.71301E-04   5.87946E-04   2.74618E-04   4.77601E-04   4.66632E-04   4.43748E-05   2.60397E-04  -3.02065E-04  -8.15468E-05  -3.29371E-04  -2.68746E-04  -1.05456E-04  -2.05430E-04   1.34654E-04  -7.61042E-06   2.08846E-04
 6.37800E+02  -1.17146E-03   5.10241E-03   2.97489E-03   3.31181E-03   3.75877E-03  -4.48017E-04   1.52779E-03  -2.83309E-03  -1.22254E-03  -2.44880E-03  -2.30118E-03  -3.48165E-04  -1.36821E-03   1.42988E-03   3.24813E-04   1.65118E-03   1.30719E-03   5.82133E-04   1.04450E-03  -6.24163E-04   7.70805E-05  -1.03179E-03  -6.79795E-04  -5.58512E-04  -7.21054E-04   1.99425E-04  -2.14168E-04   5.99016E-04   3.11757E-04   4.42065E-04   4.59975E-04  -4.72195E-07   2.24762E-04  -3.20101E-04  -1.12613E-04  -3.12944E-04  -2.72731E-04  -7.48281E-05  -1.85498E-04   1.53042E-04   1.56526E-05   2.03888E-04
 6.42400E+02  -9.36093E-04   5.09670E-03   3.09509E-03   3.13293E-03   3.68894E-03  -6.31444E-04   1.35541E-03  -2.87730E-03  -1.34491E-03  -2.34462E-03  -2.28801E-03  -2.04118E-04  -1.25575E-03   1.49468E-03   4.30155E-04   1.60230E-03   1.32564E-03   4.80136E-04   9.79674E-04  -6.89875E-04  -3.82942E-06  -1.01827E-03  -7.11277E-04  -4.92912E-04  -6.89572E-04   2.55640E-04  -1.57506E-04   6.04829E-04   3.44717E-04   4.04093E-04   4.49294E-04  -4.34914E-05   1.88366E-04  -3.34181E-04  -1.41143E-04  -2.93872E-04  -2.73428E-04  -4.46919E-05  -1.64210E-04   1.68741E-04   3.76403E-05   1.96526E-04
 6.47000E+02  -7.04483E-04   5.08070E-03   3.20494E-03   2.95114E-03   3.61095E-03  -8.08336E-04   1.18360E-03  -2.91145E-03  -1.45914E-03  -2.23529E-03  -2.26637E-03  -6.35425E-05  -1.14133E-03   1.55104E-03   5.30096E-04   1.54733E-03   1.33652E-03   3.78972E-04   9.11414E-04  -7.49382E-04  -8.18764E-05  -9.98834E-04  -7.36758E-04  -4.26317E-04  -6.54155E-04   3.07865E-04  -1.01757E-04   6.05576E-04   3.73403E-04   3.64135E-04   4.34882E-04  -8.43624E-05   1.51615E-04  -3.44356E-04  -1.66954E-04  -2.72495E-04  -2.70996E-04  -1.53705E-05  -1.41897E-04   1.81700E-04   5.81335E-05   1.86983E-04
 6.51700E+02  -4.72124E-04   5.05410E-03   3.30655E-03   2.76298E-03   3.52336E-03  -9.82029E-04   1.00917E-03  -2.93621E-03  -1.56732E-03  -2.11887E-03  -2.23592E-03   7.60485E-05  -1.02301E-03   1.59999E-03   6.26340E-04   1.48540E-03   1.34008E-03   2.77003E-04   8.38685E-04  -8.03675E-04  -1.58268E-04  -9.73242E-04  -7.56680E-04  -3.57774E-04  -6.14362E-04   3.56878E-04  -4.61685E-05   6.01341E-04   3.98244E-04   3.21717E-04   4.16630E-04  -1.23610E-04   1.14101E-04  -3.50808E-04  -1.90371E-04  -2.48630E-04  -2.65474E-04   1.34404E-05  -1.18379E-04   1.92092E-04   7.73353E-05   1.75229E-04
 6.56400E+02  -2.44478E-04   5.01751E-03   3.39751E-03   2.57293E-03   3.42830E-03  -1.14834E-03   8.36430E-04  -2.95101E-03  -1.66678E-03  -1.99827E-03  -2.19748E-03   2.11132E-04  -9.03849E-04   1.64032E-03   7.16399E-04   1.41820E-03   1.33628E-03   1.76950E-04   7.63508E-04  -8.51335E-04  -2.30910E-04  -9.42274E-04  -7.70552E-04  -2.89238E-04  -5.71398E-04   4.01315E-04   7.63113E-06   5.92322E-04   4.18556E-04   2.78147E-04   3.95160E-04  -1.60062E-04   7.70102E-05  -3.53405E-04  -2.10692E-04  -2.23088E-04  -2.57106E-04   4.08111E-05  -9.44672E-05   1.99628E-04   9.46200E-05   1.61716E-04
 6.61200E+02  -1.72290E-05   4.97027E-03   3.47954E-03   2.37747E-03   3.32408E-03  -1.31031E-03   6.62271E-04  -2.95614E-03  -1.75930E-03  -1.87144E-03  -2.15044E-03   3.44033E-04  -7.81887E-04   1.67276E-03   8.01774E-04   1.34468E-03   1.32514E-03   7.72406E-05   6.84784E-04  -8.93150E-04  -3.00898E-04  -9.05553E-04  -7.78647E-04  -2.19763E-04  -5.24742E-04   4.41831E-04   6.03469E-05   5.78481E-04   4.34660E-04   2.32927E-04   3.70291E-04  -1.94177E-04   3.99444E-05  -3.52248E-04  -2.28179E-04  -1.95651E-04  -2.45877E-04   6.70198E-05  -6.99722E-05   2.04433E-04   1.10162E-04   1.46384E-04
 6.65900E+02   1.99816E-04   4.91475E-03   3.54936E-03   2.18526E-03   3.21557E-03  -1.46101E-03   4.94445E-04  -2.95172E-03  -1.84102E-03  -1.74423E-03  -2.09726E-03   4.68858E-04  -6.62767E-04   1.69615E-03   8.78737E-04   1.26847E-03   1.30748E-03  -1.75220E-05   6.06344E-04  -9.27410E-04  -3.65035E-04  -8.65062E-04  -7.80833E-04  -1.52713E-04  -4.76819E-04   4.76641E-04   1.09447E-04   5.60720E-04   4.45955E-04   1.88378E-04   3.43435E-04  -2.24357E-04   4.78757E-06  -3.47583E-04  -2.42074E-04  -1.67831E-04  -2.32521E-04   9.07575E-05  -4.62225E-05   2.06399E-04   1.23220E-04   1.30154E-04
 6.70800E+02   4.20002E-04   4.84756E-03   3.61127E-03   1.98459E-03   3.09621E-03  -1.60961E-03   3.22819E-04  -2.93755E-03  -1.91688E-03  -1.60907E-03  -2.03481E-03   5.93064E-04  -5.39468E-04   1.71194E-03   9.51853E-04   1.18516E-03   1.28236E-03  -1.12857E-04   5.23708E-04  -9.56161E-04  -4.27021E-04  -8.18564E-04  -7.77319E-04  -8.43086E-05  -4.25003E-04   5.07756E-04   1.57669E-04   5.38135E-04   4.53135E-04   1.42089E-04   3.13206E-04  -2.52278E-04  -3.03382E-05  -3.39235E-04  -2.53170E-04  -1.38202E-04  -2.16410E-04   1.13284E-04  -2.20153E-05   2.05689E-04   1.34497E-04   1.12255E-04
 6.75600E+02   6.29357E-04   4.77298E-03   3.66135E-03   1.78826E-03   2.97369E-03  -1.74659E-03   1.58455E-04  -2.91457E-03  -1.98201E-03  -1.47475E-03  -1.96725E-03   7.08571E-04  -4.20101E-04   1.71916E-03   1.01634E-03   1.10031E-03   1.25151E-03  -2.02430E-04   4.42450E-04  -9.77547E-04  -4.82709E-04  -7.69270E-04  -7.68422E-04  -1.92123E-05  -3.72899E-04   5.33103E-04   2.01698E-04   5.12365E-04   4.55774E-04   9.73137E-05   2.81789E-04  -2.76021E-04  -6.29444E-05  -3.27869E-04  -2.60732E-04  -1.08920E-04  -1.98768E-04   1.33000E-04   8.73553E-07   2.02418E-04   1.43206E-04   9.40430E-05
 6.80500E+02   8.36321E-04   4.68837E-03   3.70192E-03   1.58861E-03   2.84348E-03  -1.87757E-03  -5.05874E-06  -2.88225E-03  -2.03922E-03  -1.33626E-03  -1.89228E-03   8.19928E-04  -3.00211E-04   1.71841E-03   1.07483E-03   1.01098E-03   1.21409E-03  -2.89610E-04   3.59718E-04  -9.92617E-04  -5.34255E-04  -7.15638E-04  -7.54089E-04   4.48822E-05  -3.18828E-04   5.53772E-04   2.43136E-04   4.82739E-04   4.54172E-04   5.25844E-05   2.48287E-04  -2.96515E-04  -9.41258E-05  -3.13300E-04  -2.65162E-04  -7.91229E-05  -1.79179E-04   1.50606E-04   2.31394E-05   1.96635E-04   1.49717E-04   7.50553E-05
 6.85400E+02   1.03620E-03   4.59567E-03   3.73206E-03   1.39024E-03   2.70866E-03  -1.99950E-03  -1.63849E-04  -2.84141E-03  -2.08719E-03  -1.19698E-03  -1.81182E-03   9.24437E-04  -1.82798E-04   1.70978E-03   1.12590E-03   9.19469E-04   1.17116E-03  -3.72164E-04   2.77720E-04  -1.00105E-03  -5.80326E-04  -6.59174E-04  -7.34797E-04   1.06224E-04  -2.64342E-04   5.69255E-04   2.80833E-04   4.50176E-04   4.48454E-04   9.21495E-06   2.13748E-04  -3.13207E-04  -1.22953E-04  -2.96043E-04  -2.66387E-04  -4.97575E-05  -1.58318E-04   1.65586E-04   4.40640E-05   1.88590E-04   1.53866E-04   5.59515E-05
 6.90300E+02   1.22877E-03   4.49537E-03   3.75206E-03   1.19365E-03   2.56979E-03  -2.11232E-03  -3.17543E-04  -2.79249E-03  -2.12606E-03  -1.05747E-03  -1.72641E-03   1.02191E-03  -6.83223E-05   1.69361E-03   1.16959E-03   8.26358E-04   1.12320E-03  -4.49809E-04   1.96940E-04  -1.00308E-03  -6.20845E-04  -6.00389E-04  -7.10912E-04   1.64480E-04  -2.09900E-04   5.79668E-04   3.14641E-04   4.15097E-04   4.38873E-04  -3.24547E-05   1.78569E-04  -3.26119E-04  -1.49236E-04  -2.76419E-04  -2.64560E-04  -2.11390E-05  -1.36508E-04   1.77894E-04   6.34470E-05   1.78510E-04   1.55727E-04   3.70019E-05
 6.95300E+02   1.41752E-03   4.38569E-03   3.76232E-03   9.95350E-04   2.42450E-03  -2.21805E-03  -4.68768E-04  -2.73473E-03  -2.15657E-03  -9.15432E-04  -1.63474E-03   1.11398E-03   4.50226E-05   1.66974E-03   1.20662E-03   7.30265E-04   1.06956E-03  -5.23732E-04   1.16236E-04  -9.98826E-04  -6.56435E-04  -5.38534E-04  -6.82203E-04   2.20442E-04  -1.54842E-04   5.85223E-04   3.45015E-04   3.77146E-04   4.25399E-04  -7.29062E-05   1.42409E-04  -3.35456E-04  -1.73274E-04  -2.54295E-04  -2.59734E-04   6.99527E-06  -1.13601E-04   1.87690E-04   8.14629E-05   1.66376E-04   1.55370E-04   1.80856E-05
 7.00300E+02   1.59824E-03   4.26909E-03   3.76263E-03   7.99840E-04   2.27617E-03  -2.31429E-03  -6.14009E-04  -2.66953E-03  -2.17803E-03  -7.74267E-04  -1.53908E-03   1.19845E-03   1.54456E-04   1.63884E-03   1.23616E-03   6.33636E-04   1.01169E-03  -5.92085E-04   3.77157E-05  -9.88477E-04  -6.86219E-04  -4.75305E-04  -6.49530E-04   2.72621E-04  -1.00712E-04   5.85847E-04   3.71155E-04   3.37456E-04   4.08502E-04  -1.10985E-04   1.06367E-04  -3.41015E-04  -1.94384E-04  -2.30401E-04  -2.52129E-04   3.37778E-05  -9.03562E-05   1.94722E-04   9.75562E-05   1.52636E-04   1.52866E-04  -1.63709E-07
 7.05400E+02   1.77415E-03   4.14357E-03   3.75307E-03   6.03744E-04   2.12232E-03  -2.40271E-03  -7.55693E-04  -2.59588E-03  -2.19089E-03  -6.31715E-04  -1.43799E-03   1.27673E-03   2.61663E-04   1.60051E-03   1.25871E-03   5.35080E-04   9.48852E-04  -6.55897E-04  -3.97010E-05  -9.71988E-04  -7.10671E-04  -4.09916E-04  -6.12562E-04   3.21715E-04  -4.68699E-05   5.81639E-04   3.93425E-04   2.95633E-04   3.88081E-04  -1.47125E-04   7.01011E-05  -3.42930E-04  -2.12815E-04  -2.04571E-04  -2.41751E-04   5.94523E-05  -6.66175E-05   1.99109E-04   1.11878E-04   1.37247E-04   1.48261E-04  -1.78632E-05
 7.10500E+02   1.94141E-03   4.01193E-03   3.73391E-03   4.11433E-04   1.96647E-03  -2.48138E-03  -8.90584E-04  -2.51555E-03  -2.19491E-03  -4.91129E-04  -1.33394E-03   1.34699E-03   3.64060E-04   1.55578E-03   1.27382E-03   4.37067E-04   8.82696E-04  -7.13612E-04  -1.14027E-04  -9.49877E-04  -7.29229E-04  -3.44131E-04  -5.72376E-04   3.66451E-04   5.19964E-06   5.72804E-04   4.11271E-04   2.52900E-04   3.64800E-04  -1.80321E-04   3.46910E-05  -3.41224E-04  -2.28069E-04  -1.77633E-04  -2.28991E-04   8.32469E-05  -4.31541E-05   2.00778E-04   1.24009E-04   1.20756E-04   1.41766E-04  -3.44356E-05
 7.15600E+02   2.09990E-03   3.87468E-03   3.70552E-03   2.23312E-04   1.80919E-03  -2.55039E-03  -1.01845E-03  -2.42906E-03  -2.19042E-03  -3.52998E-04  -1.22750E-03   1.40925E-03   4.61333E-04   1.50513E-03   1.28169E-03   3.40110E-04   8.13765E-04  -7.65146E-04  -1.84912E-04  -9.22537E-04  -7.42027E-04  -2.78438E-04  -5.29429E-04   4.06681E-04   5.51435E-05   5.59634E-04   4.24746E-04   2.09690E-04   3.39028E-04  -2.10395E-04   4.64266E-07  -3.36099E-04  -2.40140E-04  -1.49948E-04  -2.14128E-04   1.04976E-04  -2.02504E-05   1.99855E-04   1.33903E-04   1.03447E-04   1.33584E-04  -4.97054E-05
 7.20800E+02   2.25238E-03   3.72950E-03   3.66750E-03   3.62036E-05   1.64791E-03  -2.61095E-03  -1.14140E-03  -2.33511E-03  -2.17743E-03  -2.15157E-04  -1.11712E-03   1.46452E-03   5.54959E-04   1.44789E-03   1.28255E-03   2.42839E-04   7.41171E-04  -8.11282E-04  -2.53320E-04  -8.89697E-04  -7.49318E-04  -2.12031E-04  -4.83274E-04   4.42957E-04   1.03551E-04   5.42070E-04   4.34077E-04   1.65566E-04   3.10571E-04  -2.37702E-04  -3.29090E-05  -3.27587E-04  -2.49203E-04  -1.21308E-04  -1.97106E-04   1.24852E-04   2.25703E-06   1.96403E-04   1.41680E-04   8.52456E-05   1.23721E-04  -6.37832E-05
 7.26000E+02   2.39559E-03   3.57959E-03   3.62074E-03  -1.45796E-04   1.48627E-03  -2.66176E-03  -1.25668E-03  -2.23587E-03  -2.15632E-03  -8.07882E-05  -1.00542E-03   1.51158E-03   6.42733E-04   1.38552E-03   1.27647E-03   1.47643E-04   6.66789E-04  -8.50943E-04  -3.17541E-04  -8.52288E-04  -7.51007E-04  -1.46660E-04  -4.35205E-04   4.74378E-04   1.49125E-04   5.20678E-04   4.39090E-04   1.21787E-04   2.80307E-04  -2.61519E-04  -6.44663E-05  -3.16017E-04  -2.55056E-04  -9.26016E-05  -1.78506E-04   1.42305E-04   2.36653E-05   1.90598E-04   1.47145E-04   6.67672E-05   1.12556E-04  -7.62343E-05
 7.31200E+02   2.52950E-03   3.42546E-03   3.56569E-03  -3.22352E-04   1.32480E-03  -2.70303E-03  -1.36416E-03  -2.13192E-03  -2.12751E-03   4.96946E-05  -8.92980E-04   1.55056E-03   7.24454E-04   1.31855E-03   1.26376E-03   5.49623E-05   5.91148E-04  -8.84169E-04  -3.77333E-04  -8.10761E-04  -7.47336E-04  -8.27517E-05  -3.85690E-04   5.00925E-04   1.91613E-04   4.95824E-04   4.39949E-04   7.87379E-05   2.48626E-04  -2.81784E-04  -9.39652E-05  -3.01669E-04  -2.57801E-04  -6.41582E-05  -1.58639E-04   1.57254E-04   4.37569E-05   1.82644E-04   1.50351E-04   4.82824E-05   1.00327E-04  -8.69689E-05
 7.36500E+02   2.65640E-03   3.26457E-03   3.50150E-03  -4.96388E-04   1.16092E-03  -2.73549E-03  -1.46558E-03  -2.02169E-03  -2.09064E-03   1.78298E-04  -7.78159E-04   1.58210E-03   8.01351E-04   1.24609E-03   1.24437E-03  -3.64923E-05   5.13287E-04  -9.11491E-04  -4.33510E-04  -7.64670E-04  -7.38359E-04  -1.95280E-05  -3.34205E-04   5.22986E-04   2.31523E-04   4.67318E-04   4.36751E-04   3.59825E-05   2.15273E-04  -2.98761E-04  -1.21700E-04  -2.84490E-04  -2.57537E-04  -3.57571E-05  -1.37404E-04   1.69865E-04   6.26869E-05   1.72553E-04   1.51380E-04   2.96978E-05   8.70136E-05  -9.60831E-05
 7.41800E+02   2.77363E-03   3.10038E-03   3.42964E-03  -6.64164E-04   9.98258E-04  -2.75851E-03  -1.55874E-03  -1.90770E-03  -2.04663E-03   3.02112E-04  -6.63659E-04   1.60558E-03   8.71665E-04   1.16994E-03   1.21885E-03  -1.24523E-04   4.35170E-04  -9.32325E-04  -4.84712E-04  -7.15262E-04  -7.24406E-04   4.13856E-05  -2.82155E-04   5.40063E-04   2.67823E-04   4.36009E-04   4.29675E-04  -5.29622E-06   1.81237E-04  -3.12043E-04  -1.46902E-04  -2.65050E-04  -2.54348E-04  -8.24824E-06  -1.15491E-04   1.79813E-04   7.98907E-05   1.60702E-04   1.50261E-04   1.16173E-05   7.30905E-05  -1.03323E-04
 7.47200E+02   2.88318E-03   2.93025E-03   3.34902E-03  -8.28401E-04   8.34280E-04  -2.77252E-03  -1.64513E-03  -1.78829E-03  -1.99494E-03   4.23000E-04  -5.47860E-04   1.62142E-03   9.36446E-04   1.08912E-03   1.18697E-03  -2.10332E-04   3.55826E-04  -9.47042E-04  -5.31635E-04  -6.62009E-04  -7.05413E-04   1.00718E-04  -2.29000E-04   5.52439E-04   3.00951E-04   4.01648E-04   4.18744E-04  -4.55115E-05   1.46246E-04  -3.21830E-04  -1.69830E-04  -2.43256E-04  -2.48289E-04   1.85820E-05  -9.27830E-05   1.87231E-04   9.55081E-05   1.47080E-04   1.47054E-04  -6.05335E-06   5.85281E-05  -1.08772E-04
 7.52600E+02   2.98281E-03   2.75778E-03   3.26143E-03  -9.85631E-04   6.72553E-04  -2.77733E-03  -1.72291E-03  -1.66614E-03  -1.93682E-03   5.38276E-04  -4.33442E-04   1.62937E-03   9.94255E-04   1.00559E-03   1.14959E-03  -2.91895E-04   2.77224E-04  -9.55383E-04  -5.73180E-04  -6.06318E-04  -6.81968E-04   1.56975E-04  -1.76161E-04   5.59884E-04   3.30082E-04   3.65228E-04   4.04348E-04  -8.35753E-05   1.11317E-04  -3.27928E-04  -1.89874E-04  -2.19802E-04  -2.39617E-04   4.39507E-05  -6.99994E-05   1.91962E-04   1.09094E-04   1.32166E-04   1.41924E-04  -2.27560E-05   4.38293E-05  -1.12307E-04
 7.58000E+02   3.07261E-03   2.58350E-03   3.16739E-03  -1.13565E-03   5.13532E-04  -2.77326E-03  -1.79212E-03  -1.54183E-03  -1.87278E-03   6.47676E-04  -3.20886E-04   1.62972E-03   1.04508E-03   9.19906E-04   1.10717E-03  -3.68926E-04   1.99826E-04  -9.57578E-04  -6.09303E-04  -5.48685E-04  -6.54455E-04   2.09877E-04  -1.24057E-04   5.62573E-04   3.55154E-04   3.27173E-04   3.86798E-04  -1.19232E-04   7.68044E-05  -3.30465E-04  -2.06965E-04  -1.95035E-04  -2.28575E-04   6.76363E-05  -4.74313E-05   1.94094E-04   1.20579E-04   1.16232E-04   1.35055E-04  -3.83068E-05   2.92252E-05  -1.13983E-04
 7.63500E+02   3.15409E-03   2.40464E-03   3.06551E-03  -1.28085E-03   3.54790E-04  -2.76033E-03  -1.85388E-03  -1.41355E-03  -1.80197E-03   7.52828E-04  -2.08626E-04   1.62256E-03   1.08970E-03   8.30966E-04   1.05925E-03  -4.42470E-04   1.22682E-04  -9.53763E-04  -6.40521E-04  -4.88488E-04  -6.22658E-04   2.60060E-04  -7.21431E-05   5.60634E-04   3.76494E-04   2.87160E-04   3.66017E-04  -1.52849E-04   4.24236E-05  -3.29548E-04  -2.21301E-04  -1.68809E-04  -2.15155E-04   8.98364E-05  -2.49471E-05   1.93713E-04   1.30080E-04   9.92353E-05   1.26475E-04  -5.28010E-05   1.46701E-05  -1.13867E-04
 7.69000E+02   3.22565E-03   2.22495E-03   2.95798E-03  -1.41822E-03   1.99715E-04  -2.73892E-03  -1.90693E-03  -1.28415E-03  -1.72606E-03   8.51450E-04  -9.92059E-05   1.60818E-03   1.12718E-03   7.40887E-04   1.00707E-03  -5.10843E-04   4.76592E-05  -9.44139E-04  -6.66150E-04  -4.27273E-04  -5.87475E-04   3.06303E-04  -2.17710E-05   5.54219E-04   3.93618E-04   2.46305E-04   3.42652E-04  -1.83553E-04   9.13924E-06  -3.25292E-04  -2.32542E-04  -1.41922E-04  -1.99823E-04   1.09933E-04  -3.22925E-06   1.90902E-04   1.37358E-04   8.17380E-05   1.16512E-04  -6.58056E-05   6.43025E-07  -1.12019E-04
 7.74600E+02   3.28847E-03   2.04163E-03   2.84325E-03  -1.54994E-03   4.59872E-05  -2.70882E-03  -1.95215E-03  -1.15181E-03  -1.64409E-03   9.44990E-04   8.86805E-06   1.58650E-03   1.15811E-03   6.48541E-04   9.50054E-04  -5.74965E-04  -2.61502E-05  -9.28702E-04  -6.86584E-04  -3.64391E-04  -5.48616E-04   3.49166E-04   2.75783E-05   5.43366E-04   4.06776E-04   2.04263E-04   3.16576E-04  -2.11668E-04  -2.33239E-05  -3.17751E-04  -2.40847E-04  -1.14213E-04  -1.82544E-04   1.28103E-04   1.78527E-05   1.85720E-04   1.42513E-04   6.36845E-05   1.05179E-04  -7.74100E-05  -1.29053E-05  -1.08494E-04
 7.80200E+02   3.34137E-03   1.85846E-03   2.72377E-03  -1.67332E-03  -1.03165E-04  -2.67076E-03  -1.98865E-03  -1.01940E-03  -1.55793E-03   1.03147E-03   1.13189E-04   1.55811E-03   1.18188E-03   5.56088E-04   8.89642E-04  -6.33407E-04  -9.69923E-05  -9.07937E-04  -7.01424E-04  -3.01426E-04  -5.07141E-04   3.87637E-04   7.46485E-05   5.28456E-04   4.15715E-04   1.62182E-04   2.88570E-04  -2.36489E-04  -5.40772E-05  -3.07223E-04  -2.46056E-04  -8.65031E-05  -1.63885E-04   1.43865E-04   3.76769E-05   1.78395E-04   1.45450E-04   4.56561E-05   9.28839E-05  -8.72869E-05  -2.55439E-05  -1.03464E-04
 7.85800E+02   3.38457E-03   1.67590E-03   2.60007E-03  -1.78831E-03  -2.47403E-04  -2.62518E-03  -2.01663E-03  -8.87446E-04  -1.46814E-03   1.11079E-03   2.13406E-04   1.52343E-03   1.19869E-03   4.64032E-04   8.26341E-04  -6.86069E-04  -1.64538E-04  -8.82219E-04  -7.10823E-04  -2.38832E-04  -4.63499E-04   4.21625E-04   1.19152E-04   5.09815E-04   4.20562E-04   1.20449E-04   2.59009E-04  -2.57942E-04  -8.28832E-05  -2.93977E-04  -2.48277E-04  -5.91087E-05  -1.44148E-04   1.57156E-04   5.60549E-05   1.69143E-04   1.46253E-04   2.79023E-05   7.98656E-05  -9.53906E-05  -3.71281E-05  -9.70980E-05
 7.91500E+02   3.41880E-03   1.49120E-03   2.47039E-03  -1.89669E-03  -3.88853E-04  -2.57152E-03  -2.03661E-03  -7.54116E-04  -1.37357E-03   1.18412E-03   3.10874E-04   1.48211E-03   1.20884E-03   3.71231E-04   7.59459E-04  -7.33678E-04  -2.29606E-04  -8.51360E-04  -7.14995E-04  -1.75943E-04  -4.17307E-04   4.51566E-04   1.61559E-04   4.87358E-04   4.21459E-04   7.87014E-05   2.27705E-04  -2.76278E-04  -1.09995E-04  -2.77993E-04  -2.47608E-04  -3.18521E-05  -1.23262E-04   1.68122E-04   7.31132E-05   1.57981E-04   1.44995E-04   1.03505E-05   6.61127E-05  -1.01802E-04  -4.77142E-05  -8.94299E-05
 7.97200E+02   3.44349E-03   1.30808E-03   2.33744E-03  -1.99634E-03  -5.24605E-04  -2.51100E-03  -2.04828E-03  -6.22260E-04  -1.27633E-03   1.24996E-03   4.03475E-04   1.43519E-03   1.21224E-03   2.79806E-04   6.90619E-04  -7.75223E-04  -2.90696E-04  -8.16197E-04  -7.13948E-04  -1.14301E-04  -3.69780E-04   4.76800E-04   2.00827E-04   4.61753E-04   4.18482E-04   3.80422E-05   1.95552E-04  -2.91081E-04  -1.34703E-04  -2.59793E-04  -2.44149E-04  -5.50949E-06  -1.01875E-04   1.76508E-04   8.83767E-05   1.45307E-04   1.41781E-04  -6.45996E-06   5.20895E-05  -1.06371E-04  -5.69886E-05  -8.07573E-05
 8.02900E+02   3.45891E-03   1.12696E-03   2.20174E-03  -2.08726E-03  -6.54405E-04  -2.44409E-03  -2.05190E-03  -4.92339E-04  -1.17698E-03   1.30833E-03   4.90959E-04   1.38313E-03   1.20916E-03   1.90196E-04   6.20323E-04  -8.10722E-04  -3.47584E-04  -7.77162E-04  -7.07934E-04  -5.42945E-05  -3.21357E-04   4.97354E-04   2.36775E-04   4.33375E-04   4.11853E-04  -1.20649E-06   1.62916E-04  -3.02386E-04  -1.56869E-04  -2.39689E-04  -2.38092E-04   1.96641E-05  -8.02782E-05   1.82353E-04   1.01745E-04   1.31372E-04   1.36767E-04  -2.23349E-05   3.80220E-05  -1.09140E-04  -6.48824E-05  -7.12784E-05
 8.08700E+02   3.46539E-03   9.45155E-04   2.06138E-03  -2.17087E-03  -7.80146E-04  -2.36995E-03  -2.04766E-03  -3.62570E-04  -1.07425E-03   1.36010E-03   5.74504E-04   1.32536E-03   1.19967E-03   1.01298E-04   5.47800E-04  -8.40697E-04  -4.00970E-04  -7.33912E-04  -6.97003E-04   4.72034E-06  -2.71600E-04   5.13531E-04   2.69798E-04   4.02042E-04   4.01611E-04  -3.93966E-05   1.29571E-04  -3.10370E-04  -1.76708E-04  -2.17602E-04  -2.29478E-04   4.38463E-05  -5.83736E-05   1.85763E-04   1.13331E-04   1.16161E-04   1.29999E-04  -3.73544E-05   2.38811E-05  -1.10174E-04  -7.14539E-05  -6.10100E-05
 8.14600E+02   3.46278E-03   7.63199E-04   1.91679E-03  -2.24680E-03  -9.01295E-04  -2.28878E-03  -2.03549E-03  -2.33513E-04  -9.68608E-04   1.40497E-03   6.53637E-04   1.26215E-03   1.18379E-03   1.36362E-05   4.73503E-04  -8.64925E-04  -4.50466E-04  -6.86734E-04  -6.81221E-04   6.22904E-05  -2.20920E-04   5.25190E-04   2.99600E-04   3.68033E-04   3.87860E-04  -7.61589E-05   9.58671E-05  -3.14954E-04  -1.94006E-04  -1.93788E-04  -2.18421E-04   6.67514E-05  -3.64442E-05   1.86708E-04   1.22990E-04   9.98921E-05   1.21589E-04  -5.13066E-05   9.88661E-06  -1.09474E-04  -7.66095E-05  -5.01297E-05
 8.20500E+02   3.45125E-03   5.84651E-04   1.77089E-03  -2.31363E-03  -1.01546E-03  -2.20234E-03  -2.01576E-03  -1.07840E-04  -8.62338E-04   1.44210E-03   7.26717E-04   1.19497E-03   1.16199E-03  -7.08596E-05   3.99166E-04  -8.82972E-04  -4.94995E-04  -6.36819E-04  -6.61082E-04   1.17062E-04  -1.70592E-04   5.32151E-04   3.25505E-04   3.32282E-04   3.71053E-04  -1.10571E-04   6.27200E-05  -3.16113E-04  -2.08358E-04  -1.68956E-04  -2.05313E-04   8.77669E-05  -1.51327E-05   1.85239E-04   1.30493E-04   8.30896E-05   1.11855E-04  -6.37951E-05  -3.51950E-06  -1.07125E-04  -8.02317E-05  -3.90177E-05
 8.26400E+02   3.43116E-03   4.09879E-04   1.62420E-03  -2.37150E-03  -1.12249E-03  -2.11113E-03  -1.98887E-03   1.40739E-05  -7.55961E-04   1.47164E-03   7.93630E-04   1.12435E-03   1.13468E-03  -1.51850E-04   3.25258E-04  -8.95007E-04  -5.34484E-04  -5.84641E-04  -6.36947E-04   1.68759E-04  -1.21012E-04   5.34590E-04   3.47479E-04   2.95196E-04   3.51510E-04  -1.42423E-04   3.04448E-05  -3.14015E-04  -2.19765E-04  -1.43438E-04  -1.90422E-04   1.06745E-04   5.32171E-06   1.81511E-04   1.35863E-04   6.60153E-05   1.01017E-04  -7.47234E-05  -1.61639E-05  -1.03263E-04  -8.23547E-05  -2.78721E-05
 8.32400E+02   3.40233E-03   2.36371E-04   1.47473E-03  -2.42133E-03  -1.22393E-03  -2.01404E-03  -1.95459E-03   1.33845E-04  -6.48175E-04   1.49409E-03   8.55279E-04   1.04950E-03   1.10164E-03  -2.30309E-04   2.50990E-04  -9.01284E-04  -5.69439E-04  -5.29732E-04  -6.08688E-04   2.17932E-04  -7.17370E-05   5.32641E-04   3.65798E-04   2.56518E-04   3.29167E-04  -1.72012E-04  -1.18760E-06  -3.08740E-04  -2.28376E-04  -1.17114E-04  -1.73736E-04   1.23838E-04   2.50248E-05   1.75585E-04   1.39186E-04   4.86289E-05   8.90922E-05  -8.41677E-05  -2.80872E-05  -9.79372E-05  -8.30347E-05  -1.66936E-05
 8.38400E+02   3.36544E-03   6.74529E-05   1.32546E-03  -2.46225E-03  -1.31781E-03  -1.91310E-03  -1.91374E-03   2.49051E-04  -5.41269E-04   1.50911E-03   9.10435E-04   9.72135E-04   1.06373E-03  -3.04556E-04   1.78051E-04  -9.01788E-04  -5.99150E-04  -4.73432E-04  -5.77079E-04   2.63468E-04  -2.39676E-05   5.26463E-04   3.80098E-04   2.17266E-04   3.04683E-04  -1.98632E-04  -3.13511E-05  -3.00522E-04  -2.34041E-04  -9.07325E-05  -1.55783E-04   1.38622E-04   4.34273E-05   1.67704E-04   1.40434E-04   3.14624E-05   7.64876E-05  -9.18887E-05  -3.89363E-05  -9.13718E-05  -8.23039E-05  -5.84992E-06
 8.44400E+02   3.32090E-03  -9.65725E-05   1.17685E-03  -2.49448E-03  -1.40411E-03  -1.80883E-03  -1.86677E-03   3.59403E-04  -4.35703E-04   1.51694E-03   9.59099E-04   8.92757E-04   1.02138E-03  -3.74354E-04   1.06841E-04  -8.96780E-04  -6.23660E-04  -4.16197E-04  -5.42522E-04   3.05197E-04   2.19753E-05   5.16318E-04   3.90454E-04   1.77823E-04   2.78406E-04  -2.22180E-04  -5.98075E-05  -2.89604E-04  -2.36856E-04  -6.45944E-05  -1.36852E-04   1.51046E-04   6.03642E-05   1.58081E-04   1.39708E-04   1.47413E-05   6.34298E-05  -9.78745E-05  -4.86055E-05  -8.37448E-05  -8.02617E-05   4.49852E-06
 8.50500E+02   3.26819E-03  -2.58035E-04   1.02692E-03  -2.51857E-03  -1.48404E-03  -1.69994E-03  -1.81320E-03   4.66357E-04  -3.30193E-04   1.51781E-03   1.00195E-03   8.10504E-04   9.74232E-04  -4.40552E-04   3.65962E-05  -8.86332E-04  -6.43324E-04  -3.57502E-04  -5.04783E-04   3.43586E-04   6.65159E-05   5.02225E-04   3.97051E-04   1.37899E-04   2.50213E-04  -2.42900E-04  -8.67761E-05  -2.76002E-04  -2.36923E-04  -3.85586E-05  -1.16892E-04   1.61239E-04   7.59421E-05   1.46744E-04   1.37076E-04  -1.59143E-06   4.99150E-05  -1.02197E-04  -5.71443E-05  -7.50913E-05  -7.69593E-05   1.43664E-05
 8.56700E+02   3.20739E-03  -4.16406E-04   8.76165E-04  -2.53438E-03  -1.55726E-03  -1.58683E-03  -1.75323E-03   5.69419E-04  -2.25259E-04   1.51168E-03   1.03873E-03   7.25812E-04   9.22553E-04  -5.02740E-04  -3.22182E-05  -8.70506E-04  -6.58000E-04  -2.97772E-04  -4.64165E-04   3.78334E-04   1.09275E-04   4.84314E-04   3.99842E-04   9.78679E-05   2.20395E-04  -2.60599E-04  -1.11974E-04  -2.59880E-04  -2.34263E-04  -1.29277E-05  -9.61640E-05   1.69094E-04   8.99664E-05   1.33860E-04   1.32598E-04  -1.73071E-05   3.61544E-05  -1.04811E-04  -6.44306E-05  -6.55655E-05  -7.24726E-05   2.35918E-05
 8.62900E+02   3.13976E-03  -5.68755E-04   7.27510E-04  -2.54172E-03  -1.62244E-03  -1.47179E-03  -1.68817E-03   6.66588E-04  -1.23053E-04   1.49881E-03   1.06880E-03   6.40524E-04   8.67567E-04  -5.59658E-04  -9.81005E-05  -8.49781E-04  -6.67476E-04  -2.38403E-04  -4.21699E-04   4.08716E-04   1.49263E-04   4.63126E-04   3.98866E-04   5.87325E-05   1.89769E-04  -2.74912E-04  -1.34788E-04  -2.41743E-04  -2.29036E-04   1.16111E-05  -7.52760E-05   1.74468E-04   1.02084E-04   1.19858E-04   1.26473E-04  -3.19577E-05   2.25820E-05  -1.05699E-04  -7.02807E-05  -5.55044E-05  -6.69962E-05   3.18975E-05
 8.69100E+02   3.06578E-03  -7.14871E-04   5.81362E-04  -2.54091E-03  -1.67966E-03  -1.35534E-03  -1.61852E-03   7.57696E-04  -2.39467E-05   1.47955E-03   1.09229E-03   5.55123E-04   8.09750E-04  -6.11210E-04  -1.60758E-04  -8.24523E-04  -6.71933E-04  -1.79802E-04  -3.77811E-04   4.34711E-04   1.86279E-04   4.39007E-04   3.94327E-04   2.08103E-05   1.58686E-04  -2.85874E-04  -1.55100E-04  -2.21899E-04  -2.21447E-04   3.48318E-05  -5.44996E-05   1.77435E-04   1.12243E-04   1.04991E-04   1.18888E-04  -4.53961E-05   9.39388E-06  -1.04954E-04  -7.46884E-05  -4.51047E-05  -6.06870E-05   3.91981E-05
 8.75400E+02   2.98455E-03  -8.56772E-04   4.35820E-04  -2.53208E-03  -1.72976E-03  -1.23607E-03  -1.54356E-03   8.43930E-04   7.32355E-05   1.45383E-03   1.10959E-03   4.68701E-04   7.48587E-04  -6.58038E-04  -2.20860E-04  -7.94604E-04  -6.71539E-04  -1.21437E-04  -3.32184E-04   4.56645E-04   2.20679E-04   4.11862E-04   3.86299E-04  -1.61853E-05   1.26979E-04  -2.93651E-04  -1.73092E-04  -2.00302E-04  -2.11541E-04   5.68750E-05  -3.37621E-05   1.78087E-04   1.20538E-04   8.92532E-05   1.09886E-04  -5.76866E-05  -3.43102E-06  -1.02637E-04  -7.77079E-05  -3.43850E-05  -5.35886E-05   4.55230E-05
 8.81700E+02   2.89771E-03  -9.91889E-04   2.93635E-04  -2.51553E-03  -1.77190E-03  -1.11635E-03  -1.46487E-03   9.23670E-04   1.66551E-04   1.42230E-03   1.12047E-03   3.83090E-04   6.85470E-04  -6.99244E-04  -2.77140E-04  -7.60798E-04  -6.66427E-04  -6.46279E-05  -2.85931E-04   4.74115E-04   2.51706E-04   3.82430E-04   3.75085E-04  -5.13637E-05   9.54762E-05  -2.98143E-04  -1.88364E-04  -1.77576E-04  -1.99665E-04   7.71808E-05  -1.36431E-05   1.76485E-04   1.26795E-04   7.31310E-05   9.97855E-05  -6.85053E-05  -1.55124E-05  -9.88781E-05  -7.92984E-05  -2.36977E-05  -4.59651E-05   5.07051E-05
 8.88100E+02   2.80423E-03  -1.12207E-03   1.52984E-04  -2.49118E-03  -1.80674E-03  -9.94759E-04  -1.38162E-03   9.97957E-04   2.57098E-04   1.38473E-03   1.12520E-03   2.97387E-04   6.19830E-04  -7.35363E-04  -3.30206E-04  -7.22895E-04  -6.56678E-04  -8.85519E-06  -2.38714E-04   4.87378E-04   2.79677E-04   3.50570E-04   3.60710E-04  -8.49983E-05   6.40013E-05  -2.99476E-04  -2.01074E-04  -1.53654E-04  -1.85841E-04   9.58843E-05   5.93650E-06   1.72704E-04   1.31100E-04   5.66072E-05   8.86198E-05  -7.79184E-05  -2.68792E-05  -9.37347E-05  -7.95158E-05  -1.30526E-05  -3.78541E-05   5.47812E-05
 8.94500E+02   2.70592E-03  -1.24500E-03   1.64811E-05  -2.45964E-03  -1.83373E-03  -8.73674E-04  -1.29556E-03   1.06544E-03   3.43106E-04   1.34202E-03   1.12381E-03   2.13373E-04   5.53131E-04  -7.65744E-04  -3.78973E-04  -6.81830E-04  -6.42635E-04   4.46482E-05  -1.91657E-04   4.96243E-04   3.04008E-04   3.17117E-04   3.43625E-04  -1.16305E-04   3.33549E-05  -2.97716E-04  -2.10972E-04  -1.29204E-04  -1.70510E-04   1.12533E-04   2.44483E-05   1.66928E-04   1.33402E-04   4.01733E-05   7.67612E-05  -8.56988E-05  -3.72101E-05  -8.74188E-05  -7.84087E-05  -2.78542E-06  -2.95416E-05   5.76641E-05
 9.00900E+02   2.60329E-03  -1.36061E-03  -1.15577E-04  -2.42131E-03  -1.85311E-03  -7.53541E-04  -1.20718E-03   1.12611E-03   4.24353E-04   1.29461E-03   1.11660E-03   1.31433E-04   4.85825E-04  -7.90473E-04  -4.23322E-04  -6.38032E-04  -6.24613E-04   9.56005E-05  -1.45132E-04   5.00861E-04   3.24675E-04   2.82447E-04   3.24136E-04  -1.45109E-04   3.80809E-06  -2.93050E-04  -2.18106E-04  -1.04527E-04  -1.53940E-04   1.27044E-04   4.17163E-05   1.59345E-04   1.33786E-04   2.40500E-05   6.44261E-05  -9.18308E-05  -4.64070E-05  -8.01017E-05  -7.60790E-05   6.95628E-06  -2.11875E-05   5.93791E-05
 9.07400E+02   2.49510E-03  -1.47048E-03  -2.44875E-04  -2.37583E-03  -1.86525E-03  -6.32942E-04  -1.11554E-03   1.18079E-03   5.01806E-04   1.24210E-03   1.10362E-03   5.06959E-05   4.17295E-04  -8.09922E-04  -4.63755E-04  -5.91185E-04  -6.02574E-04   1.44484E-04  -9.87773E-05   5.01385E-04   3.41924E-04   2.46366E-04   3.02204E-04  -1.71658E-04  -2.48252E-05  -2.85547E-04  -2.22597E-04  -7.95259E-05  -1.36120E-04   1.39542E-04   5.78284E-05   1.50002E-04   1.32326E-04   8.20052E-06   5.16252E-05  -9.63818E-05  -5.45117E-05  -7.18261E-05  -7.25801E-05   1.61804E-05  -1.28143E-05   5.99717E-05
 9.14000E+02   2.38167E-03  -1.57422E-03  -3.70935E-04  -2.32336E-03  -1.87008E-03  -5.12365E-04  -1.02106E-03   1.22922E-03   5.75068E-04   1.18475E-03   1.08495E-03  -2.83819E-05   3.47972E-04  -8.23980E-04  -5.00009E-04  -5.41624E-04  -5.76704E-04   1.90939E-04  -5.29765E-05   4.97839E-04   3.55626E-04   2.09207E-04   2.78063E-04  -1.95713E-04  -5.22521E-05  -2.75315E-04  -2.24425E-04  -5.44883E-05  -1.17282E-04   1.49899E-04   7.25894E-05   1.39047E-04   1.29069E-04  -7.15664E-06   3.85586E-05  -9.93099E-05  -6.14141E-05  -6.27417E-05  -6.79943E-05   2.47401E-05  -4.57368E-06   5.94543E-05
 9.20600E+02   2.26514E-03  -1.67008E-03  -4.91500E-04  -2.26499E-03  -1.86766E-03  -3.94084E-04  -9.25631E-04   1.27060E-03   6.42782E-04   1.12381E-03   1.06112E-03  -1.04224E-04   2.79336E-04  -8.32491E-04  -5.31411E-04  -4.90497E-04  -5.47690E-04   2.33997E-04  -8.76727E-06   4.90422E-04   3.65565E-04   1.71887E-04   2.52376E-04  -2.16763E-04  -7.78191E-05  -2.62705E-04  -2.23635E-04  -3.00697E-05  -9.79722E-05   1.57912E-04   8.56384E-05   1.26844E-04   1.24180E-04  -2.15983E-05   2.56255E-05  -1.00593E-04  -6.69517E-05  -5.31610E-05  -6.25133E-05   3.23917E-05   3.26994E-06   5.78924E-05
 9.27200E+02   2.14599E-03  -1.75809E-03  -6.06377E-04  -2.20116E-03  -1.85831E-03  -2.78473E-04  -8.29718E-04   1.30505E-03   7.04854E-04   1.05976E-03   1.03250E-03  -1.76554E-04   2.11783E-04  -8.35668E-04  -5.57982E-04  -4.38233E-04  -5.15909E-04   2.73503E-04   3.35659E-05   4.79398E-04   3.71851E-04   1.34751E-04   2.25480E-04  -2.34766E-04  -1.01358E-04  -2.47982E-04  -2.20383E-04  -6.51503E-06  -7.84557E-05   1.63618E-04   9.69037E-05   1.13630E-04   1.17826E-04  -3.49751E-05   1.30136E-05  -1.00312E-04  -7.11209E-05  -4.32700E-05  -5.62888E-05   3.90621E-05   1.05994E-05   5.53828E-05
 9.33900E+02   2.02283E-03  -1.83945E-03  -7.17007E-04  -2.13126E-03  -1.84207E-03  -1.64196E-04  -7.32326E-04   1.33310E-03   7.62040E-04   9.92032E-04   9.98939E-04  -2.46139E-04   1.44692E-04  -8.33677E-04  -5.80072E-04  -3.84439E-04  -4.81207E-04   3.09852E-04   7.43629E-05   4.64801E-04   3.74634E-04   9.75739E-05   1.97274E-04  -2.49914E-04  -1.23038E-04  -2.31153E-04  -2.14747E-04   1.62876E-05  -5.86899E-05   1.67117E-04   1.06471E-04   9.94213E-05   1.10059E-04  -4.73377E-05   7.13701E-07  -9.85320E-05  -7.39732E-05  -3.30946E-05  -4.93674E-05   4.47775E-05   1.74120E-05   5.19763E-05
 9.40700E+02   1.89605E-03  -1.91389E-03  -8.22977E-04  -2.05552E-03  -1.81901E-03  -5.17277E-05  -6.33908E-04   1.35461E-03   8.14052E-04   9.20986E-04   9.60652E-04  -3.12585E-04   7.84910E-05  -8.26557E-04  -5.97550E-04  -3.29505E-04  -4.43873E-04   3.42786E-04   1.13292E-04   4.46785E-04   3.73925E-04   6.06984E-05   1.68058E-04  -2.62087E-04  -1.42649E-04  -2.12429E-04  -2.06824E-04   3.80824E-05  -3.89272E-05   1.68399E-04   1.14241E-04   8.44253E-05   1.01018E-04  -5.85260E-05  -1.10905E-05  -9.53082E-05  -7.54891E-05  -2.28081E-05  -4.18857E-05   4.94591E-05   2.35933E-05   4.77571E-05
 9.47500E+02   1.76796E-03  -1.98022E-03  -9.22473E-04  -1.97545E-03  -1.78971E-03   5.68912E-05  -5.36362E-04   1.36934E-03   8.60001E-04   8.48095E-04   9.18533E-04  -3.74636E-04   1.45299E-05  -8.14597E-04  -6.10176E-04  -2.74640E-04  -4.04810E-04   3.71680E-04   1.49523E-04   4.25869E-04   3.69855E-04   2.49830E-05   1.38574E-04  -2.71090E-04  -1.59771E-04  -1.92347E-04  -1.96904E-04   5.83399E-05  -1.96984E-05   1.67512E-04   1.20067E-04   6.90901E-05   9.10147E-05  -6.82661E-05  -2.20690E-05  -9.07970E-05  -7.56794E-05  -1.27314E-05  -3.41062E-05   5.30038E-05   2.89690E-05   4.29008E-05
 9.54300E+02   1.63900E-03  -2.03857E-03  -1.01541E-03  -1.89150E-03  -1.75457E-03   1.61383E-04  -4.40101E-04   1.37752E-03   8.99929E-04   7.73823E-04   8.73009E-04  -4.32141E-04  -4.68897E-05  -7.98110E-04  -6.18104E-04  -2.20229E-04  -3.64413E-04   3.96517E-04   1.82891E-04   4.02383E-04   3.62643E-04  -9.30299E-06   1.09137E-04  -2.77008E-04  -1.74358E-04  -1.71203E-04  -1.85220E-04   7.69098E-05  -1.21607E-06   1.64597E-04   1.23986E-04   5.36447E-05   8.02530E-05  -7.65049E-05  -3.21024E-05  -8.51495E-05  -7.46258E-05  -3.01831E-06  -2.61859E-05   5.54234E-05   3.34920E-05   3.75411E-05
 9.61200E+02   1.50772E-03  -2.08978E-03  -1.10296E-03  -1.80284E-03  -1.71334E-03   2.62940E-04  -3.44132E-04   1.37939E-03   9.34364E-04   6.97507E-04   8.23769E-04  -4.85728E-04  -1.06339E-04  -7.77087E-04  -6.21530E-04  -1.65853E-04  -3.22449E-04   4.17589E-04   2.13686E-04   3.76268E-04   3.52354E-04  -4.23866E-05   7.96132E-05  -2.79972E-04  -1.86551E-04  -1.48959E-04  -1.71806E-04   9.39049E-05   1.65814E-05   1.59725E-04   1.26079E-04   3.80809E-05   6.87661E-05  -8.33027E-05  -4.12192E-05  -7.84203E-05  -7.23851E-05   6.32532E-06  -1.81572E-05   5.67603E-05   3.71814E-05   3.17248E-05
 9.68100E+02   1.37644E-03  -2.13311E-03  -1.18368E-03  -1.71115E-03  -1.66691E-03   3.59772E-04  -2.50256E-04   1.37507E-03   9.62781E-04   6.20678E-04   7.71896E-04  -5.34431E-04  -1.62652E-04  -7.52090E-04  -6.20513E-04  -1.12664E-04  -2.79885E-04   4.34549E-04   2.41295E-04   3.48200E-04   3.39332E-04  -7.35344E-05   5.07200E-05  -2.80014E-04  -1.96133E-04  -1.26210E-04  -1.57072E-04   1.08944E-04   3.32446E-05   1.53102E-04   1.26359E-04   2.28335E-05   5.69124E-05  -8.85243E-05  -4.91882E-05  -7.08545E-05  -6.90775E-05   1.50297E-05  -1.02793E-05   5.70210E-05   3.99552E-05   2.56637E-05
 9.75100E+02   1.24370E-03  -2.16920E-03  -1.25858E-03  -1.61551E-03  -1.61495E-03   4.52983E-04  -1.57509E-04   1.36466E-03   9.85595E-04   5.42647E-04   7.17022E-04  -5.78801E-04  -2.16360E-04  -7.23035E-04  -6.15181E-04  -6.02445E-05  -2.36466E-04   4.47637E-04   2.65979E-04   3.18081E-04   3.23607E-04  -1.02965E-04   2.23171E-05  -2.77236E-04  -2.03230E-04  -1.02902E-04  -1.41034E-04   1.22138E-04   4.88413E-05   1.44788E-04   1.24901E-04   7.88326E-06   4.47138E-05  -9.22327E-05  -5.60465E-05  -6.25002E-05  -6.47594E-05   2.31001E-05  -2.57482E-06   5.62536E-05   4.18430E-05   1.93989E-05
 9.82200E+02   1.10992E-03  -2.19794E-03  -1.32740E-03  -1.51630E-03  -1.55768E-03   5.42185E-04  -6.63311E-05   1.34826E-03   1.00272E-03   4.63842E-04   6.59495E-04  -6.18602E-04  -2.67129E-04  -6.90150E-04  -6.05614E-04  -8.97072E-06  -1.92548E-04   4.56789E-04   2.87557E-04   2.86202E-04   3.05364E-04  -1.30421E-04  -5.30855E-06  -2.71710E-04  -2.07802E-04  -7.93051E-05  -1.23909E-04   1.33357E-04   6.31888E-05   1.34923E-04   1.21760E-04  -6.56697E-06   3.23605E-05  -9.44053E-05  -6.17099E-05  -5.35092E-05  -5.95291E-05   3.04143E-05   4.82085E-06   5.44988E-05   4.28322E-05   1.30567E-05
 9.89300E+02   9.77422E-04  -2.21900E-03  -1.38906E-03  -1.41533E-03  -1.49628E-03   6.25871E-04   2.16262E-05   1.32631E-03   1.01397E-03   3.85790E-04   6.00526E-04  -6.53178E-04  -3.14013E-04  -6.54218E-04  -5.92145E-04   4.01147E-05  -1.49104E-04   4.61935E-04   3.05650E-04   2.53339E-04   2.85117E-04  -1.55332E-04  -3.15199E-05  -2.63669E-04  -2.09831E-04  -5.60188E-05  -1.06183E-04   1.42391E-04   7.59539E-05   1.23834E-04   1.17093E-04  -2.01379E-05   2.02135E-05  -9.50460E-05  -6.60632E-05  -4.41769E-05  -5.35892E-05   3.67819E-05   1.16867E-05   5.18587E-05   4.29338E-05   6.84986E-06
 9.96400E+02   8.46576E-04  -2.23265E-03  -1.44367E-03  -1.31305E-03  -1.43118E-03   7.03933E-04   1.06089E-04   1.29919E-03   1.01958E-03   3.08877E-04   5.40541E-04  -6.82580E-04  -3.56896E-04  -6.15633E-04  -5.75075E-04   8.67631E-05  -1.06459E-04   4.63245E-04   3.20286E-04   2.19836E-04   2.63173E-04  -1.77600E-04  -5.61226E-05  -2.53341E-04  -2.09443E-04  -3.32892E-05  -8.81071E-05   1.49258E-04   8.70643E-05   1.11740E-04   1.11061E-04  -3.26920E-05   8.44367E-06  -9.42418E-05  -6.91205E-05  -3.46763E-05  -4.70889E-05   4.21554E-05   1.79321E-05   4.84412E-05   4.22065E-05   8.90320E-07
 1.00360E+03   7.15940E-04  -2.23919E-03  -1.49194E-03  -1.20846E-03  -1.36185E-03   7.77273E-04   1.87926E-04   1.26677E-03   1.01975E-03   2.32410E-04   4.79093E-04  -7.07191E-04  -3.96211E-04  -5.74194E-04  -5.54405E-04   1.31359E-04  -6.43382E-05   4.60853E-04   3.31658E-04   1.85545E-04   2.39498E-04  -1.97414E-04  -7.92601E-05  -2.40774E-04  -2.06727E-04  -1.10373E-05  -6.96667E-05   1.54056E-04   9.65951E-05   9.86758E-05   1.03723E-04  -4.42682E-05  -2.94960E-06  -9.20567E-05  -7.09326E-05  -2.50377E-05  -4.00766E-05   4.65619E-05   2.35579E-05   4.42991E-05   4.06950E-05  -4.79968E-06
 1.01090E+03   5.85953E-04  -2.23863E-03  -1.53371E-03  -1.10196E-03  -1.28861E-03   8.45598E-04   2.66754E-04   1.22926E-03   1.01453E-03   1.56805E-04   4.16568E-04  -7.26904E-04  -4.31730E-04  -5.30211E-04  -5.30334E-04   1.73594E-04  -2.30789E-05   4.54828E-04   3.39711E-04   1.50784E-04   2.14351E-04  -2.14620E-04  -1.00713E-04  -2.26140E-04  -2.01760E-04   1.04908E-05  -5.10971E-05   1.56765E-04   1.04453E-04   8.48350E-05   9.52149E-05  -5.47233E-05  -1.38009E-05  -8.85576E-05  -7.15016E-05  -1.54225E-05  -3.26886E-05   4.99505E-05   2.84770E-05   3.95298E-05   3.84522E-05  -1.01158E-05
 1.01820E+03   4.58774E-04  -2.23115E-03  -1.56843E-03  -9.95433E-04  -1.21286E-03   9.07829E-04   3.41216E-04   1.18748E-03   1.00415E-03   8.34626E-05   3.54218E-04  -7.41485E-04  -4.62858E-04  -4.84650E-04  -5.03472E-04   2.12668E-04   1.64595E-05   4.45423E-04   3.44385E-04   1.16346E-04   1.88367E-04  -2.28915E-04  -1.20032E-04  -2.09868E-04  -1.94752E-04   3.07895E-05  -3.28809E-05   1.57402E-04   1.10500E-04   7.06195E-05   8.58214E-05  -6.38169E-05  -2.38237E-05  -8.39034E-05  -7.08679E-05  -6.11495E-06  -2.51701E-05   5.22651E-05   3.25669E-05   3.43158E-05   3.55889E-05  -1.49011E-05
 1.02550E+03   3.34708E-04  -2.21706E-03  -1.59629E-03  -8.89286E-04  -1.13505E-03   9.63975E-04   4.11152E-04   1.14183E-03   9.88948E-04   1.26769E-05   2.92417E-04  -7.51101E-04  -4.89608E-04  -4.37902E-04  -4.74169E-04   2.48452E-04   5.40424E-05   4.32900E-04   3.45823E-04   8.25240E-05   1.61850E-04  -2.40324E-04  -1.37132E-04  -1.92227E-04  -1.85906E-04   4.96958E-05  -1.52252E-05   1.56084E-04   1.14764E-04   5.62441E-05   7.57347E-05  -7.15033E-05  -3.29158E-05  -7.82406E-05  -6.91208E-05   2.75084E-06  -1.76625E-05   5.35367E-05   3.58073E-05   2.87855E-05   3.22054E-05  -1.90969E-05
 1.03290E+03   2.12403E-04  -2.19639E-03  -1.61772E-03  -7.82472E-04  -1.05452E-03   1.01472E-03   4.77297E-04   1.09203E-03   9.68924E-04  -5.61987E-05   2.30689E-04  -7.55974E-04  -5.12300E-04  -3.89690E-04  -4.42331E-04   2.81271E-04   8.99358E-05   4.17299E-04   3.44147E-04   4.91449E-05   1.34723E-04  -2.48996E-04  -1.52149E-04  -1.73221E-04  -1.75279E-04   6.73012E-05   1.91013E-06   1.52891E-04   1.17324E-04   4.17160E-05   6.49956E-05  -7.78364E-05  -4.11005E-05  -7.16266E-05  -6.63178E-05   1.11675E-05  -1.01974E-05   5.38099E-05   3.82226E-05   2.29846E-05   2.83503E-05  -2.27053E-05
 1.04040E+03   9.22661E-05  -2.16923E-03  -1.63269E-03  -6.75410E-04  -9.71632E-04   1.05988E-03   5.39356E-04   1.03837E-03   9.44244E-04  -1.22800E-04   1.69416E-04  -7.56130E-04  -5.30830E-04  -3.40365E-04  -4.08233E-04   3.10918E-04   1.23867E-04   3.98798E-04   3.39426E-04   1.65054E-05   1.07266E-04  -2.54893E-04  -1.64959E-04  -1.53082E-04  -1.63032E-04   8.34268E-05   1.83202E-05   1.47903E-04   1.18182E-04   2.72361E-05   5.37771E-05  -8.27574E-05  -4.82737E-05  -6.41899E-05  -6.25349E-05   1.90068E-05  -2.90667E-06   5.31088E-05   3.97919E-05   1.70313E-05   2.41165E-05  -2.56723E-05
 1.04790E+03  -2.37827E-05  -2.13621E-03  -1.64111E-03  -5.69918E-04  -8.87905E-04   1.09882E-03   5.96329E-04   9.81917E-04   9.15508E-04  -1.85957E-04   1.09763E-04  -7.51713E-04  -5.44967E-04  -2.90943E-04  -3.72657E-04   3.36891E-04   1.55181E-04   3.77896E-04   3.31877E-04  -1.46995E-05   8.01224E-05  -2.57988E-04  -1.75345E-04  -1.32335E-04  -1.49533E-04   9.77352E-05   3.36154E-05   1.41326E-04   1.17392E-04   1.31874E-05   4.24102E-05  -8.61943E-05  -5.42770E-05  -5.61813E-05  -5.79313E-05   2.60635E-05   3.99370E-06   5.15028E-05   4.05078E-05   1.11235E-05   1.96637E-05  -2.79328E-05
 1.05540E+03  -1.35529E-04  -2.09768E-03  -1.64326E-03  -4.66338E-04  -8.03752E-04   1.13167E-03   6.48178E-04   9.23095E-04   8.83079E-04  -2.45486E-04   5.20205E-05  -7.42987E-04  -5.54843E-04  -2.41776E-04  -3.35955E-04   3.59187E-04   1.83757E-04   3.54900E-04   3.21728E-04  -4.42620E-05   5.35473E-05  -2.58410E-04  -1.83338E-04  -1.11241E-04  -1.35018E-04   1.10166E-04   4.76685E-05   1.33340E-04   1.15068E-04  -2.63795E-07   3.10727E-05  -8.81913E-05  -5.90918E-05  -4.77654E-05  -5.26396E-05   3.22704E-05   1.04057E-05   4.90825E-05   4.04157E-05   5.37154E-06   1.50983E-05  -2.94906E-05
 1.06310E+03  -2.45582E-04  -2.05281E-03  -1.63922E-03  -3.62316E-04  -7.17322E-04   1.15919E-03   6.96068E-04   8.60669E-04   8.46329E-04  -3.02668E-04  -4.99708E-06  -7.29831E-04  -5.60710E-04  -1.91905E-04  -2.97461E-04   3.78282E-04   2.10153E-04   3.29438E-04   3.08855E-04  -7.27162E-05   2.71000E-05  -2.56220E-04  -1.89108E-04  -8.94866E-05  -1.19303E-04   1.20940E-04   6.06969E-05   1.23874E-04   1.11220E-04  -1.32984E-05   1.96359E-05  -8.88097E-05  -6.28009E-05  -3.88678E-05  -4.66324E-05   3.77089E-05   1.63951E-05   4.58541E-05   3.95413E-05  -2.68087E-07   1.03992E-05  -3.03779E-05
 1.07070E+03  -3.49394E-04  -2.00363E-03  -1.62935E-03  -2.62252E-04  -6.32370E-04   1.18038E-03   7.38045E-04   7.97445E-04   8.07001E-04  -3.55069E-04  -5.87806E-05  -7.12976E-04  -5.62441E-04  -1.43602E-04  -2.59000E-04   3.93413E-04   2.33221E-04   3.02782E-04   2.93970E-04  -9.87594E-05   2.04649E-06  -2.51625E-04  -1.92466E-04  -6.81626E-05  -1.03220E-04   1.29591E-04   7.20848E-05   1.13471E-04   1.06115E-04  -2.52621E-05   8.70621E-06  -8.80804E-05  -6.52575E-05  -2.99886E-05  -4.02731E-05   4.21190E-05   2.16488E-05   4.20381E-05   3.79745E-05  -5.48019E-06   5.84645E-06  -3.05785E-05
 1.07850E+03  -4.50821E-04  -1.94850E-03  -1.61345E-03  -1.62537E-04  -5.45933E-04   1.19614E-03   7.75712E-04   7.31315E-04   7.63878E-04  -4.04580E-04  -1.11181E-04  -6.91999E-04  -5.60235E-04  -9.52844E-05  -2.19383E-04   4.05192E-04   2.53780E-04   2.74177E-04   2.76716E-04  -1.23246E-04  -2.23785E-05  -2.44592E-04  -1.93603E-04  -4.66671E-05  -8.63602E-05   1.36438E-04   8.21939E-05   1.01909E-04   9.96855E-05  -3.64949E-05  -1.99440E-06  -8.60498E-05  -6.65768E-05  -2.09306E-05  -3.34459E-05   4.56442E-05   2.63084E-05   3.75893E-05   3.57227E-05  -1.03837E-05   1.35367E-06  -3.01330E-05
 1.08630E+03  -5.46942E-04  -1.88908E-03  -1.59206E-03  -6.61037E-05  -4.60618E-04   1.20606E-03   8.07969E-04   6.64333E-04   7.18354E-04  -4.49697E-04  -1.60553E-04  -6.67628E-04  -5.54227E-04  -4.85197E-05  -1.79945E-04   4.13287E-04   2.71180E-04   2.44630E-04   2.57742E-04  -1.45357E-04  -4.53204E-05  -2.35425E-04  -1.92529E-04  -2.57869E-05  -6.93717E-05   1.41269E-04   9.06705E-05   8.96598E-05   9.22206E-05  -4.65759E-05  -1.20417E-05  -8.28369E-05  -6.67382E-05  -1.20733E-05  -2.64550E-05   4.81628E-05   3.01903E-05   3.27219E-05   3.29098E-05  -1.47699E-05  -2.87505E-06  -2.90847E-05
 1.09410E+03  -6.37660E-04  -1.82577E-03  -1.56553E-03   2.68095E-05  -3.76766E-04   1.21039E-03   8.34919E-04   5.96891E-04   6.70819E-04  -4.90381E-04  -2.06735E-04  -6.40201E-04  -5.44665E-04  -3.56282E-06  -1.40991E-04   4.17837E-04   2.85447E-04   2.14453E-04   2.37327E-04  -1.65019E-04  -6.66269E-05  -2.24345E-04  -1.89389E-04  -5.72204E-06  -5.24715E-05   1.44151E-04   9.75050E-05   7.69299E-05   8.38936E-05  -5.54353E-05  -2.13243E-05  -7.85689E-05  -6.58168E-05  -3.54877E-06  -1.94345E-05   4.96995E-05   3.32762E-05   2.75565E-05   2.96320E-05  -1.85883E-05  -6.76929E-06  -2.74994E-05
 1.10200E+03  -7.23963E-04  -1.75811E-03  -1.53376E-03   1.17113E-04  -2.93650E-04   1.20932E-03   8.56933E-04   5.28498E-04   6.21012E-04  -5.27060E-04  -2.50121E-04  -6.09654E-04  -5.31625E-04   3.98972E-05  -1.02318E-04   4.18994E-04   2.96758E-04   1.83553E-04   2.15468E-04  -1.82389E-04  -8.64123E-05  -2.11406E-04  -1.84268E-04   1.35880E-05  -3.56502E-05   1.45169E-04   1.02767E-04   6.37494E-05   7.47589E-05  -6.31151E-05  -2.98535E-05  -7.33081E-05  -6.38698E-05   4.62629E-06  -1.24211E-05   5.02965E-05   3.55884E-05   2.21405E-05   2.59384E-05  -2.18407E-05  -1.03136E-05  -2.54205E-05
 1.11000E+03  -8.05591E-04  -1.68637E-03  -1.49696E-03   2.04472E-04  -2.11644E-04   1.20293E-03   8.73967E-04   4.59521E-04   5.69258E-04  -5.59581E-04  -2.90478E-04  -5.76236E-04  -5.15263E-04   8.15737E-05  -6.42304E-05   4.16816E-04   3.05073E-04   1.52214E-04   1.92404E-04  -1.97350E-04  -1.04505E-04  -1.96789E-04  -1.77274E-04   3.19424E-05  -1.91130E-05   1.44359E-04   1.06431E-04   5.03060E-05   6.49707E-05  -6.95393E-05  -3.75206E-05  -6.71658E-05  -6.09618E-05   1.23281E-05  -5.53823E-06   4.99743E-05   3.71101E-05   1.65847E-05   2.19179E-05  -2.44824E-05  -1.34455E-05  -2.29107E-05
 1.11800E+03  -8.81390E-04  -1.61180E-03  -1.45588E-03   2.87554E-04  -1.32091E-04   1.19150E-03   8.85887E-04   3.91181E-04   5.16558E-04  -5.87498E-04  -3.27157E-04  -5.40675E-04  -4.96019E-04   1.20723E-04  -2.74733E-05   4.11473E-04   3.10339E-04   1.21112E-04   1.68689E-04  -2.09677E-04  -1.20567E-04  -1.80894E-04  -1.68652E-04   4.89503E-05  -3.25237E-06   1.41825E-04   1.08476E-04   3.69547E-05   5.48198E-05  -7.45975E-05  -4.41567E-05  -6.03546E-05  -5.72247E-05   1.93597E-05   1.01560E-06   4.87902E-05   3.78362E-05   1.10686E-05   1.77179E-05  -2.64617E-05  -1.60833E-05  -2.00780E-05
 1.12610E+03  -9.52202E-04  -1.53383E-03  -1.41030E-03   3.67176E-04  -5.43023E-05   1.17510E-03   8.92947E-04   3.22973E-04   4.62607E-04  -6.11152E-04  -3.60500E-04  -5.02846E-04  -4.73906E-04   1.57634E-04   8.15878E-06   4.03066E-04   3.12693E-04   9.01320E-05   1.44290E-04  -2.19508E-04  -1.34712E-04  -1.63751E-04  -1.58469E-04   6.46828E-05   1.19577E-05   1.37645E-04   1.08977E-04   2.37088E-05   4.43478E-05  -7.83438E-05  -4.97898E-05  -5.29313E-05  -5.27180E-05   2.57230E-05   7.21974E-06   4.67962E-05   3.78045E-05   5.62863E-06   1.33830E-05  -2.77987E-05  -1.82298E-05  -1.69676E-05
 1.13420E+03  -1.01707E-03  -1.45379E-03  -1.36110E-03   4.42160E-04   2.04801E-05   1.15416E-03   8.95191E-04   2.56074E-04   4.08416E-04  -6.30266E-04  -3.90007E-04  -4.63534E-04  -4.49459E-04   1.91678E-04   4.19941E-05   3.91882E-04   3.12206E-04   5.99154E-05   1.19764E-04  -2.26735E-04  -1.46701E-04  -1.45800E-04  -1.47033E-04   7.88266E-05   2.61751E-05   1.31996E-04   1.07993E-04   1.09003E-05   3.38476E-05  -8.07424E-05  -5.43149E-05  -4.51310E-05  -4.76103E-05   3.12697E-05   1.29077E-05   4.40944E-05   3.70567E-05   4.29304E-07   9.06023E-06  -2.84860E-05  -1.98410E-05  -1.36996E-05
 1.14240E+03  -1.07672E-03  -1.37103E-03  -1.30799E-03   5.13258E-04   9.29158E-05   1.12868E-03   8.92796E-04   1.89978E-04   3.53657E-04  -6.45121E-04  -4.15983E-04  -4.22577E-04  -4.22649E-04   2.23126E-04   7.42382E-05   3.77988E-04   3.08991E-04   3.03362E-05   9.50616E-05  -2.31483E-04  -1.56646E-04  -1.27053E-04  -1.34396E-04   9.14593E-05   3.94378E-05   1.24950E-04   1.05596E-04  -1.47137E-06   2.33483E-05  -8.18531E-05  -5.77706E-05  -3.70020E-05  -4.19577E-05   3.60150E-05   1.80723E-05   4.07388E-05   3.56375E-05  -4.50450E-06   4.78599E-06  -2.85539E-05  -2.09317E-05  -1.03151E-05
 1.15060E+03  -1.13041E-03  -1.28694E-03  -1.25196E-03   5.79455E-04   1.61881E-04   1.09922E-03   8.85965E-04   1.25793E-04   2.99326E-04  -6.55603E-04  -4.38077E-04  -3.80795E-04  -3.94084E-04   2.51473E-04   1.04310E-04   3.61768E-04   3.03227E-04   1.98315E-06   7.07240E-05  -2.33756E-04  -1.64412E-04  -1.07966E-04  -1.20908E-04   1.02353E-04   5.14665E-05   1.16743E-04   1.01915E-04  -1.31129E-05   1.31274E-05  -8.17099E-05  -6.01162E-05  -2.87845E-05  -3.59505E-05   3.98647E-05   2.25876E-05   3.68642E-05   3.36276E-05  -9.03443E-06   6.95288E-07  -2.80351E-05  -2.14952E-05  -6.93424E-06
 1.15890E+03  -1.17876E-03  -1.20084E-03  -1.19266E-03   6.41431E-04   2.27996E-04   1.06572E-03   8.74805E-04   6.30248E-05   2.45081E-04  -6.61934E-04  -4.56552E-04  -3.37996E-04  -3.63701E-04   2.76968E-04   1.32409E-04   3.43255E-04   2.95003E-04  -2.52779E-05   4.66854E-05  -2.33663E-04  -1.70104E-04  -8.85321E-05  -1.06605E-04   1.11589E-04   6.23098E-05   1.07438E-04   9.70188E-05  -2.40381E-05   3.20089E-06  -8.03757E-05  -6.13988E-05  -2.05162E-05  -2.96383E-05   4.28458E-05   2.64598E-05   3.25234E-05   3.10749E-05  -1.31483E-05  -3.18593E-06  -2.69673E-05  -2.15565E-05  -3.59133E-06
 1.16730E+03  -1.22167E-03  -1.11307E-03  -1.13038E-03   6.98993E-04   2.90996E-04   1.02838E-03   8.59455E-04   1.98278E-06   1.91246E-04  -6.64156E-04  -4.71359E-04  -2.94489E-04  -3.31767E-04   2.99485E-04   1.58351E-04   3.22654E-04   2.84453E-04  -5.12267E-05   2.31771E-05  -2.31268E-04  -1.73717E-04  -6.89715E-05  -9.16796E-05   1.19106E-04   7.18648E-05   9.71846E-05   9.10134E-05  -3.41189E-05  -6.29326E-06  -7.79096E-05  -6.16346E-05  -1.23311E-05  -2.31403E-05   4.49384E-05   2.96418E-05   2.78134E-05   2.80504E-05  -1.67818E-05  -6.78516E-06  -2.53950E-05  -2.11350E-05  -3.58812E-07
 1.17570E+03  -1.25866E-03  -1.02502E-03  -1.06620E-03   7.51376E-04   3.49954E-04   9.87966E-04   8.40324E-04  -5.63563E-05   1.38758E-04  -6.62381E-04  -4.82366E-04  -2.51100E-04  -2.98953E-04   3.18711E-04   1.81707E-04   3.00461E-04   2.71897E-04  -7.53819E-05   6.82384E-07  -2.26723E-04  -1.75265E-04  -4.97294E-05  -7.65098E-05   1.24809E-04   7.99603E-05   8.62799E-05   8.41063E-05  -4.31408E-05  -1.51256E-05  -7.44343E-05  -6.08716E-05  -4.45058E-06  -1.66532E-05   4.61300E-05   3.20764E-05   2.28952E-05   2.46748E-05  -1.98487E-05  -1.00021E-05  -2.33980E-05  -2.02734E-05   2.66086E-06
 1.18420E+03  -1.29022E-03  -9.36003E-04  -9.99708E-04   7.99150E-04   4.05421E-04   9.44293E-04   8.17431E-04  -1.12457E-04   8.72702E-05  -6.56751E-04  -4.89776E-04  -2.07612E-04  -2.65159E-04   3.34858E-04   2.02665E-04   2.76669E-04   2.57388E-04  -9.78799E-05  -2.08785E-05  -2.20116E-04  -1.74843E-04  -3.07793E-05  -6.11126E-05   1.28781E-04   8.66560E-05   7.47704E-05   7.63593E-05  -5.11346E-05  -2.32989E-05  -7.00141E-05  -5.91662E-05   3.10452E-06  -1.02144E-05   4.64623E-05   3.37879E-05   1.78153E-05   2.09962E-05  -2.23558E-05  -1.28279E-05  -2.10206E-05  -1.90076E-05   5.44720E-06
 1.19280E+03  -1.31633E-03  -8.46354E-04  -9.31226E-04   8.42191E-04   4.57194E-04   8.97636E-04   7.90974E-04  -1.66058E-04   3.70785E-05  -6.47380E-04  -4.93618E-04  -1.64326E-04  -2.30667E-04   3.47877E-04   2.21106E-04   2.51519E-04   2.41113E-04  -1.18557E-04  -4.13133E-05  -2.11572E-04  -1.72513E-04  -1.23223E-05  -4.56803E-05   1.31027E-04   9.19097E-05   6.28254E-05   6.79098E-05  -5.80222E-05  -3.07119E-05  -6.47491E-05  -5.65804E-05   1.02227E-05  -3.93481E-06   4.59620E-05   3.47725E-05   1.26753E-05   1.71007E-05  -2.42756E-05  -1.52189E-05  -1.83293E-05  -1.73837E-05   7.94729E-06
 1.20140E+03  -1.33677E-03  -7.57447E-04  -8.61892E-04   8.79990E-04   5.04566E-04   8.48858E-04   7.61531E-04  -2.16350E-04  -1.09889E-05  -6.34579E-04  -4.93966E-04  -1.22021E-04  -1.96160E-04   3.57650E-04   2.36775E-04   2.25565E-04   2.23486E-04  -1.37066E-04  -6.02339E-05  -2.01363E-04  -1.68417E-04   5.25095E-06  -3.05756E-05   1.31579E-04   9.56646E-05   5.07580E-05   5.90086E-05  -6.36848E-05  -3.72080E-05  -5.88233E-05  -5.32332E-05   1.67305E-05   2.01333E-06   4.46894E-05   3.50419E-05   7.63280E-06   1.31226E-05  -2.55822E-05  -1.71230E-05  -1.54304E-05  -1.54786E-05   1.00937E-05
 1.21010E+03  -1.35189E-03  -6.68571E-04  -7.91240E-04   9.13004E-04   5.48009E-04   7.97718E-04   7.29044E-04  -2.63755E-04  -5.72649E-05  -6.18414E-04  -4.90961E-04  -8.04705E-05  -1.61510E-04   3.64349E-04   2.49836E-04   1.98769E-04   2.04531E-04  -1.53541E-04  -7.77301E-05  -1.89555E-04  -1.62639E-04   2.19843E-05  -1.57957E-05   1.30517E-04   9.79887E-05   3.85974E-05   4.97057E-05  -6.81685E-05  -4.28087E-05  -5.22959E-05  -4.91836E-05   2.26267E-05   7.60979E-06   4.26960E-05   3.46347E-05   2.72149E-06   9.10273E-06  -2.62996E-05  -1.85497E-05  -1.23666E-05  -1.33320E-05   1.18829E-05
 1.21880E+03  -1.36164E-03  -5.81055E-04  -7.20412E-04   9.40890E-04   5.86967E-04   7.45126E-04   6.94170E-04  -3.07589E-04  -1.01015E-04  -5.99299E-04  -4.84796E-04  -4.03956E-05  -1.27379E-04   3.67976E-04   2.60144E-04   1.71694E-04   1.84697E-04  -1.67736E-04  -9.34928E-05  -1.76473E-04  -1.55386E-04   3.75437E-05  -1.66931E-06   1.27947E-04   9.88974E-05   2.66442E-05   4.02579E-05  -7.14202E-05  -4.74132E-05  -4.53719E-05  -4.45816E-05   2.77816E-05   1.27130E-05   4.00792E-05   3.36019E-05  -1.91875E-06   5.16934E-06  -2.64399E-05  -1.94810E-05  -9.24747E-06  -1.10315E-05   1.32762E-05
 1.22760E+03  -1.36629E-03  -4.94190E-04  -6.48920E-04   9.64028E-04   6.21856E-04   6.90799E-04   6.56802E-04  -3.48241E-04  -1.42559E-04  -5.77257E-04  -4.75573E-04  -1.56400E-06  -9.36252E-05   3.68675E-04   2.67848E-04   1.44280E-04   1.63989E-04  -1.79777E-04  -1.07617E-04  -1.62166E-04  -1.46731E-04   5.19842E-05   1.18204E-05   1.23944E-04   9.84604E-05   1.49134E-05   3.07032E-05  -7.34938E-05  -5.10549E-05  -3.81025E-05  -3.94831E-05   3.22076E-05   1.73165E-05   3.68919E-05   3.19879E-05  -6.26647E-06   1.35386E-06  -2.60359E-05  -1.99372E-05  -6.10962E-06  -8.61435E-06   1.42813E-05
 1.23650E+03  -1.36592E-03  -4.08291E-04  -5.77084E-04   9.82412E-04   6.52591E-04   6.35043E-04   6.17204E-04  -3.85557E-04  -1.81692E-04  -5.52493E-04  -4.63435E-04   3.57844E-05  -6.05002E-05   3.66519E-04   2.72955E-04   1.16772E-04   1.42627E-04  -1.89616E-04  -1.20006E-04  -1.46820E-04  -1.36816E-04   6.51783E-05   2.45287E-05   1.18607E-04   9.67308E-05   3.55385E-06   2.11836E-05  -7.44023E-05  -5.37135E-05  -3.06141E-05  -3.39929E-05   3.58592E-05   2.13578E-05   3.32146E-05   2.98483E-05  -1.02505E-05  -2.27059E-06  -2.51197E-05  -1.99296E-05  -3.02243E-06  -6.14209E-06   1.48930E-05
 1.24540E+03  -1.36071E-03  -3.24591E-04  -5.06018E-04   9.95936E-04   6.78842E-04   5.78798E-04   5.76119E-04  -4.19050E-04  -2.17835E-04  -5.25547E-04  -4.48722E-04   7.10402E-05  -2.85984E-05   3.61671E-04   2.75482E-04   8.97140E-05   1.21079E-04  -1.97152E-04  -1.30478E-04  -1.30812E-04  -1.25924E-04   7.68930E-05   3.61989E-05   1.12127E-04   9.38176E-05  -7.17730E-06   1.19390E-05  -7.41844E-05  -5.53720E-05  -2.31171E-05  -2.82850E-05   3.86787E-05   2.47525E-05   2.91816E-05   2.72783E-05  -1.37721E-05  -5.60164E-06  -2.37509E-05  -1.94870E-05  -8.39010E-08  -3.70255E-06   1.51151E-05
 1.25440E+03  -1.35079E-03  -2.42405E-04  -4.35221E-04   1.00487E-03   7.00941E-04   5.21745E-04   5.33388E-04  -4.49054E-04  -2.51281E-04  -4.96384E-04  -4.31488E-04   1.04431E-04   2.23310E-06   3.54236E-04   2.75550E-04   6.30232E-05   9.93245E-05  -2.02504E-04  -1.39131E-04  -1.14167E-04  -1.14110E-04   8.71948E-05   4.68655E-05   1.04571E-04   8.97901E-05  -1.72846E-05   2.98922E-06  -7.29015E-05  -5.60775E-05  -1.56489E-05  -2.24063E-05   4.06957E-05   2.75131E-05   2.48430E-05   2.43257E-05  -1.68284E-05  -8.62396E-06  -2.19706E-05  -1.86415E-05   2.68195E-06  -1.32473E-06   1.49695E-05
 1.26350E+03  -1.33631E-03  -1.62015E-04  -3.64995E-04   1.00928E-03   7.18873E-04   4.64187E-04   4.89291E-04  -4.75484E-04  -2.81886E-04  -4.65245E-04  -4.11921E-04   1.35769E-04   3.17813E-05   3.44344E-04   2.73232E-04   3.69221E-05   7.75782E-05  -2.05687E-04  -1.45931E-04  -9.70805E-05  -1.01541E-04   9.60133E-05   5.64303E-05   9.60744E-05   8.47444E-05  -2.66536E-05  -5.54537E-06  -7.06132E-05  -5.58566E-05  -8.32656E-06  -1.64642E-05   4.19090E-05   2.96161E-05   2.02912E-05   2.10650E-05  -1.93800E-05  -1.12885E-05  -1.98347E-05  -1.74308E-05   5.22169E-06   9.38118E-07   1.44776E-05
 1.27260E+03  -1.31764E-03  -8.45256E-05  -2.96383E-04   1.00928E-03   7.32521E-04   4.07050E-04   4.44607E-04  -4.98053E-04  -3.09248E-04  -4.32747E-04  -3.90474E-04   1.64585E-04   5.95530E-05   3.32293E-04   2.68685E-04   1.18917E-05   5.62826E-05  -2.06741E-04  -1.50826E-04  -7.99384E-05  -8.85344E-05   1.03227E-04   6.47280E-05   8.68818E-05   7.88571E-05  -3.50959E-05  -1.34706E-05  -6.74324E-05  -5.47670E-05  -1.33640E-06  -1.06271E-05   4.23311E-05   3.10393E-05   1.56706E-05   1.76134E-05  -2.13803E-05  -1.35332E-05  -1.74324E-05  -1.59178E-05   7.46601E-06   3.01577E-06   1.36785E-05
 1.28180E+03  -1.29481E-03  -9.29147E-06  -2.28886E-04   1.00502E-03   7.42136E-04   3.49991E-04   3.99136E-04  -5.17034E-04  -3.33623E-04  -3.98808E-04  -3.67154E-04   1.91092E-04   8.57047E-05   3.18145E-04   2.62004E-04  -1.21646E-05   3.53958E-05  -2.05769E-04  -1.53909E-04  -6.27432E-05  -7.51256E-05   1.08910E-04   7.18080E-05   7.70485E-05   7.21918E-05  -4.26348E-05  -2.07864E-05  -6.34220E-05  -5.28638E-05   5.30244E-06  -4.92762E-06   4.20050E-05   3.18119E-05   1.10217E-05   1.40144E-05  -2.28443E-05  -1.53604E-05  -1.48058E-05  -1.41399E-05   9.40684E-06   4.89242E-06   1.26030E-05
 1.29100E+03  -1.26831E-03   6.26843E-05  -1.63476E-04   9.96745E-04   7.47729E-04   2.93900E-04   3.53653E-04  -5.32268E-04  -3.54724E-04  -3.64066E-04  -3.42456E-04   2.14922E-04   1.09825E-04   3.02260E-04   2.53418E-04  -3.48263E-05   1.53213E-05  -2.02888E-04  -1.55205E-04  -4.58620E-05  -6.16323E-05   1.13016E-04   7.75701E-05   6.68363E-05   6.49521E-05  -4.91363E-05  -2.73410E-05  -5.87293E-05  -5.02435E-05   1.14340E-05   4.84313E-07   4.09832E-05   3.19501E-05   6.48083E-06   1.03856E-05  -2.37604E-05  -1.67387E-05  -1.20516E-05  -1.21723E-05   1.09997E-05   6.51682E-06   1.13058E-05
 1.30040E+03  -1.23776E-03   1.32743E-04  -9.89902E-05   9.84412E-04   7.49495E-04   2.37835E-04   3.07445E-04  -5.44093E-04  -3.72959E-04  -3.28027E-04  -3.16074E-04   2.36490E-04   1.32297E-04   2.84480E-04   2.42882E-04  -5.64195E-05  -4.19870E-06  -1.98131E-04  -1.54791E-04  -2.91064E-05  -4.79297E-05   1.15640E-04   8.21126E-05   5.61735E-05   5.71076E-05  -5.46885E-05  -3.32057E-05  -5.33533E-05  -4.69233E-05   1.71099E-05   5.64127E-06   3.92922E-05   3.14829E-05   2.03212E-06   6.72449E-06  -2.41552E-05  -1.76890E-05  -9.17693E-06  -1.00279E-05   1.22590E-05   7.89655E-06   9.80264E-06
 1.30970E+03  -1.20439E-03   1.98499E-04  -3.76918E-05   9.68621E-04   7.47528E-04   1.83828E-04   2.62248E-04  -5.52218E-04  -3.87768E-04  -2.92101E-04  -2.89094E-04   2.55071E-04   1.52320E-04   2.65588E-04   2.30911E-04  -7.61331E-05  -2.23951E-05  -1.91782E-04  -1.52769E-04  -1.31690E-05  -3.46133E-05   1.16747E-04   8.53021E-05   4.55498E-05   4.90422E-05  -5.90953E-05  -3.81505E-05  -4.75788E-05  -4.30995E-05   2.20899E-05   1.03101E-05   3.70529E-05   3.04699E-05  -2.11039E-06   3.21851E-06  -2.40408E-05  -1.81892E-05  -6.33861E-06  -7.83251E-06   1.31392E-05   8.97233E-06   8.18917E-06
 1.31920E+03  -1.16738E-03   2.61943E-04   2.22076E-05   9.49086E-04   7.41933E-04   1.30368E-04   2.16859E-04  -5.57013E-04  -3.99672E-04  -2.55390E-04  -2.60893E-04   2.71252E-04   1.70473E-04   2.45198E-04   2.17307E-04  -9.44993E-05  -3.97234E-05  -1.83786E-04  -1.49183E-04   2.31733E-06  -2.14049E-05   1.16439E-04   8.72704E-05   3.47691E-05   4.06301E-05  -6.24956E-05  -4.23067E-05  -4.13363E-05  -3.87451E-05   2.64880E-05   1.45827E-05   3.42680E-05   2.89324E-05  -6.01571E-06  -1.79850E-07  -2.34480E-05  -1.82727E-05  -3.50780E-06  -5.57204E-06   1.36722E-05   9.77141E-06   6.46252E-06
 1.32870E+03  -1.12775E-03   3.21568E-04   7.92344E-05   9.26397E-04   7.32952E-04   7.88190E-05   1.72484E-04  -5.58443E-04  -4.08434E-04  -2.18913E-04  -2.32297E-04   2.84654E-04   1.86296E-04   2.23943E-04   2.02526E-04  -1.11020E-04  -5.56861E-05  -1.74445E-04  -1.44200E-04   1.68828E-05  -8.72824E-06   1.14779E-04   8.79994E-05   2.41977E-05   3.21754E-05  -6.48132E-05  -4.55596E-05  -3.48678E-05  -3.40434E-05   3.01678E-05   1.83147E-05   3.10679E-05   2.69548E-05  -9.54161E-06  -3.33798E-06  -2.24236E-05  -1.79566E-05  -8.02676E-07  -3.34762E-06   1.38524E-05   1.02725E-05   4.70577E-06
 1.33830E+03  -1.08534E-03   3.77908E-04   1.33837E-04   9.00555E-04   7.20686E-04   2.88363E-05   1.28883E-04  -5.56666E-04  -4.14230E-04  -1.82527E-04  -2.03243E-04   2.95446E-04   1.99934E-04   2.01823E-04   1.86611E-04  -1.25805E-04  -7.03561E-05  -1.63824E-04  -1.37898E-04   3.05643E-05   3.42240E-06   1.11843E-04   8.75552E-05   1.38545E-05   2.37144E-05  -6.60998E-05  -4.79444E-05  -2.82198E-05  -2.90450E-05   3.31483E-05   2.15103E-05   2.75020E-05   2.45823E-05  -1.26801E-05  -6.23859E-06  -2.10056E-05  -1.72705E-05   1.75327E-06  -1.18610E-06   1.37009E-05   1.04885E-05   2.94667E-06
 1.34800E+03  -1.04039E-03   4.30827E-04   1.85835E-04   8.71761E-04   7.05291E-04  -1.93670E-05   8.62872E-05  -5.51786E-04  -4.17112E-04  -1.46468E-04  -1.73958E-04   3.03632E-04   2.11348E-04   1.79047E-04   1.69745E-04  -1.38782E-04  -8.36335E-05  -1.52076E-04  -1.30397E-04   4.32448E-05   1.49217E-05   1.07716E-04   8.59915E-05   3.86562E-06   1.53675E-05  -6.63807E-05  -4.94625E-05  -2.15022E-05  -2.38461E-05   3.54116E-05   2.41375E-05   2.36512E-05   2.18792E-05  -1.53897E-05  -8.83498E-06  -1.92427E-05  -1.62483E-05   4.11169E-06   8.65390E-07   1.32387E-05   1.04295E-05   1.22901E-06
 1.35770E+03  -9.93637E-04   4.79724E-04   2.34578E-04   8.40565E-04   6.87139E-04  -6.51333E-05   4.53311E-05  -5.44021E-04  -4.17169E-04  -1.11322E-04  -1.44965E-04   3.09195E-04   2.20439E-04   1.56064E-04   1.52300E-04  -1.49793E-04  -9.53239E-05  -1.39497E-04  -1.21917E-04   5.47106E-05   2.55513E-05   1.02555E-04   8.34071E-05  -5.55775E-06   7.33055E-06  -6.57067E-05  -5.01262E-05  -1.48899E-05  -1.85970E-05   3.69407E-05   2.61581E-05   1.96401E-05   1.89452E-05  -1.76184E-05  -1.10676E-05  -1.72106E-05  -1.49448E-05   6.21042E-06   2.74593E-06   1.25020E-05   1.01163E-05  -3.90321E-07
 1.36750E+03  -9.44877E-04   5.25068E-04   2.80475E-04   8.06898E-04   6.66266E-04  -1.08792E-04   5.77041E-06  -5.33471E-04  -4.14533E-04  -7.69282E-05  -1.16176E-04   3.12275E-04   2.27337E-04   1.32846E-04   1.34291E-04  -1.58947E-04  -1.05509E-04  -1.26130E-04  -1.12521E-04   6.50139E-05   3.53361E-05   9.64268E-05   7.98679E-05  -1.44167E-05  -3.79033E-07  -6.41360E-05  -4.99824E-05  -8.41343E-06  -1.33367E-05   3.77697E-05   2.75934E-05   1.55113E-05   1.58225E-05  -1.93758E-05  -1.29360E-05  -1.49490E-05  -1.33945E-05   8.04106E-06   4.44136E-06   1.15197E-05   9.57130E-06  -1.89351E-06
 1.37740E+03  -8.94356E-04   5.66777E-04   3.23401E-04   7.70986E-04   6.42863E-04  -1.50180E-04  -3.22054E-05  -5.20287E-04  -4.09310E-04  -4.34903E-05  -8.77980E-05   3.12934E-04   2.32062E-04   1.09593E-04   1.15904E-04  -1.66228E-04  -1.14142E-04  -1.12142E-04  -1.02349E-04   7.40863E-05   4.41918E-05   8.94460E-05   7.54612E-05  -2.26180E-05  -7.66475E-06  -6.17303E-05  -4.90698E-05  -2.16750E-06  -8.15392E-06   3.79173E-05   2.84457E-05   1.13449E-05   1.25811E-05  -2.06512E-05  -1.44199E-05  -1.25163E-05  -1.16447E-05   9.57707E-06   5.92161E-06   1.03280E-05   8.82114E-06  -3.24920E-06
 1.38740E+03  -8.42327E-04   6.04790E-04   3.63245E-04   7.33060E-04   6.17130E-04  -1.89151E-04  -6.84214E-05  -5.04631E-04  -4.01621E-04  -1.12003E-05  -6.00296E-05   3.11251E-04   2.34655E-04   8.65002E-05   9.73233E-05  -1.71639E-04  -1.21196E-04  -9.76990E-05  -9.15470E-05   8.18755E-05   5.20484E-05   8.17339E-05   7.02834E-05  -3.00802E-05  -1.44398E-05  -5.85620E-05  -4.74382E-05   3.76041E-06  -3.13286E-06   3.74133E-05   2.87279E-05   7.21887E-06   9.29041E-06  -2.14438E-05  -1.55082E-05  -9.97262E-06  -9.74544E-06   1.07998E-05   7.16313E-06   8.96704E-06   7.89642E-06  -4.43125E-06
 1.39740E+03  -7.89575E-04   6.38744E-04   3.99574E-04   6.93757E-04   5.89562E-04  -2.25229E-04  -1.02391E-04  -4.86867E-04  -3.91714E-04   1.94647E-05  -3.33208E-05   3.07372E-04   2.35177E-04   6.39789E-05   7.89130E-05  -1.75176E-04  -1.26615E-04  -8.31147E-05  -8.03764E-05   8.82889E-05   5.87894E-05   7.35017E-05   6.44989E-05  -3.66738E-05  -2.05701E-05  -5.47531E-05  -4.51727E-05   9.23882E-06   1.60260E-06   3.63119E-05   2.84684E-05   3.24593E-06   6.05005E-06  -2.17620E-05  -1.61938E-05  -7.40324E-06  -7.76767E-06   1.16913E-05   8.14082E-06   7.49421E-06   6.84193E-06  -5.41051E-06
 1.40750E+03  -7.35829E-04   6.69013E-04   4.32731E-04   6.52941E-04   5.60123E-04  -2.58710E-04  -1.34346E-04  -4.67030E-04  -3.79668E-04   4.86746E-05  -7.56174E-06   3.01400E-04   2.33735E-04   4.19713E-05   6.06582E-05  -1.76938E-04  -1.30484E-04  -6.84060E-05  -6.88762E-05   9.33925E-05   6.44601E-05   6.48014E-05   5.81654E-05  -4.24241E-05  -2.60635E-05  -5.03610E-05  -4.23265E-05   1.42611E-05   6.03482E-06   3.46586E-05   2.77043E-05  -5.48680E-07   2.88969E-06  -2.16335E-05  -1.64958E-05  -4.83966E-06  -5.74261E-06   1.22626E-05   8.85890E-06   5.93874E-06   5.68393E-06  -6.18567E-06
 1.41760E+03  -6.81870E-04   6.95347E-04   4.62388E-04   6.11262E-04   5.29340E-04  -2.89213E-04  -1.63886E-04  -4.45530E-04  -3.65785E-04   7.60223E-05   1.68529E-05   2.93542E-04   2.30457E-04   2.08478E-05   4.28961E-05  -1.76986E-04  -1.32811E-04  -5.38721E-05  -5.73047E-05   9.71526E-05   6.89973E-05   5.58507E-05   5.14608E-05  -4.72481E-05  -3.08254E-05  -4.55268E-05  -3.90072E-05   1.87279E-05   1.00650E-05   3.25321E-05   2.64892E-05  -4.07066E-06  -1.03621E-07  -2.10915E-05  -1.64306E-05  -2.35992E-06  -3.73833E-06   1.25173E-05   9.31149E-06   4.35852E-06   4.47035E-06  -6.74417E-06
 1.42790E+03  -6.26871E-04   7.18275E-04   4.89098E-04   5.68132E-04   4.96823E-04  -3.17271E-04  -1.91488E-04  -4.22135E-04  -3.49957E-04   1.01920E-04   4.02608E-05   2.83776E-04   2.25378E-04   3.44058E-07   2.54300E-05  -1.75390E-04  -1.33679E-04  -3.93753E-05  -4.55733E-05   9.96564E-05   7.24818E-05   4.65991E-05   4.43636E-05  -5.12153E-05  -3.49116E-05  -4.02493E-05  -3.52267E-05   2.26806E-05   1.37211E-05   2.99517E-05   2.48454E-05  -7.33621E-06  -2.93645E-06  -2.01581E-05  -1.60183E-05   3.51144E-08  -1.76103E-06   1.24721E-05   9.51136E-06   2.76318E-06   3.21268E-06  -7.09489E-06
 1.43820E+03  -5.72136E-04   7.37375E-04   5.12323E-04   5.24618E-04   4.63421E-04  -3.42283E-04  -2.16530E-04  -3.97498E-04  -3.32661E-04   1.25752E-04   6.20777E-05   2.72433E-04   2.18707E-04  -1.90016E-05   8.74306E-06  -1.72259E-04  -1.33125E-04  -2.53386E-05  -3.40439E-05   1.00882E-04   7.48511E-05   3.73498E-05   3.71221E-05  -5.42363E-05  -3.82168E-05  -3.47268E-05  -3.11389E-05   2.60068E-05   1.68902E-05   2.70329E-05   2.28564E-05  -1.02367E-05  -5.50776E-06  -1.88900E-05  -1.52943E-05   2.25411E-06   1.08754E-07   1.21457E-05   9.46443E-06   1.22216E-06   1.96950E-06  -7.23445E-06
 1.44860E+03  -5.17359E-04   7.52928E-04   5.32340E-04   4.80534E-04   4.29042E-04  -3.64499E-04  -2.39223E-04  -3.71598E-04  -3.13928E-04   1.47685E-04   8.24240E-05   2.59576E-04   2.10524E-04  -3.72671E-05  -7.20565E-06  -1.67680E-04  -1.31228E-04  -1.17516E-05  -2.27297E-05   1.00900E-04   7.61632E-05   2.81329E-05   2.97765E-05  -5.63548E-05  -4.07705E-05  -2.90050E-05  -2.67912E-05   2.87234E-05   1.95779E-05   2.38214E-05   2.05637E-05  -1.27687E-05  -7.80726E-06  -1.73237E-05  -1.42888E-05   4.28191E-06   1.85279E-06   1.15623E-05   9.18913E-06  -2.44800E-07   7.60794E-07  -7.17596E-06
 1.45900E+03  -4.63278E-04   7.64891E-04   5.49020E-04   4.36527E-04   3.94240E-04  -3.83729E-04  -2.59335E-04  -3.44899E-04  -2.94136E-04   1.67461E-04   1.01031E-04   2.45502E-04   2.01057E-04  -5.41839E-05  -2.21570E-05  -1.61817E-04  -1.28101E-04   1.14255E-06  -1.18535E-05   9.97796E-05   7.64518E-05   1.91475E-05   2.25020E-05  -5.75768E-05  -4.25578E-05  -2.32344E-05  -2.23102E-05   3.07999E-05   2.17438E-05   2.04216E-05   1.80514E-05  -1.48858E-05  -9.78596E-06  -1.55251E-05  -1.30523E-05   6.06941E-06   3.42381E-06   1.07588E-05   8.71116E-06  -1.59362E-06  -3.73361E-07  -6.93601E-06
 1.46960E+03  -4.09069E-04   7.73562E-04   5.62717E-04   3.91968E-04   3.58560E-04  -4.00339E-04  -2.77217E-04  -3.17088E-04  -2.73087E-04   1.85399E-04   1.18174E-04   2.30105E-04   1.90260E-04  -6.99799E-05  -3.62915E-05  -1.54670E-04  -1.23773E-04   1.34804E-05  -1.31726E-06   9.75641E-05   7.57660E-05   1.03285E-05   1.52593E-05  -5.79508E-05  -4.36227E-05  -1.73960E-05  -1.76916E-05   3.22737E-05   2.34175E-05   1.68394E-05   1.53319E-05  -1.66098E-05  -1.14581E-05  -1.35101E-05  -1.16017E-05   7.62452E-06   4.82449E-06   9.75160E-06   8.04550E-06  -2.82288E-06  -1.42859E-06  -6.52750E-06
 1.48020E+03  -3.55957E-04   7.78859E-04   5.73218E-04   3.47910E-04   3.22882E-04  -4.14029E-04  -2.92514E-04  -2.88890E-04  -2.51363E-04   2.01117E-04   1.33463E-04   2.13837E-04   1.78479E-04  -8.42752E-05  -4.92495E-05  -1.46493E-04  -1.18420E-04   2.49301E-05   8.57944E-06   9.43690E-05   7.41724E-05   1.94105E-06   8.27931E-06  -5.75056E-05  -4.39656E-05  -1.16873E-05  -1.31018E-05   3.31246E-05   2.45647E-05   1.32124E-05   1.25171E-05  -1.78977E-05  -1.27763E-05  -1.13679E-05  -1.00068E-05   8.89840E-06   6.00682E-06   8.59428E-06   7.23189E-06  -3.88701E-06  -2.36281E-06  -5.97890E-06
 1.49090E+03  -3.03623E-04   7.80973E-04   5.80728E-04   3.04133E-04   2.87075E-04  -4.24997E-04  -3.05406E-04  -2.60240E-04  -2.28952E-04   2.14765E-04   1.47021E-04   1.96725E-04   1.65765E-04  -9.71592E-05  -6.10912E-05  -1.37348E-04  -1.12111E-04   3.55259E-05   1.78490E-05   9.02606E-05   7.17319E-05  -6.01005E-06   1.57956E-06  -5.62942E-05  -4.36301E-05  -6.13478E-06  -8.57256E-06   3.33869E-05   2.52106E-05   9.57508E-06   9.64186E-06  -1.87662E-05  -1.37500E-05  -9.13208E-06  -8.29851E-06   9.89444E-06   6.96944E-06   7.31437E-06   6.29426E-06  -4.78109E-06  -3.16860E-06  -5.31041E-06
 1.50160E+03  -2.52718E-04   7.80031E-04   5.85293E-04   2.61227E-04   2.51663E-04  -4.33225E-04  -3.15822E-04  -2.31597E-04  -2.06247E-04   2.26237E-04   1.58712E-04   1.79102E-04   1.52394E-04  -1.08482E-04  -7.16594E-05  -1.27461E-04  -1.05024E-04   4.51095E-05   2.63373E-05   8.53782E-05   6.85490E-05  -1.33784E-05  -4.70401E-06  -5.43919E-05  -4.26675E-05  -8.62210E-07  -4.21464E-06   3.30921E-05   2.53711E-05   6.02491E-06   6.79056E-06  -1.92195E-05  -1.43744E-05  -6.87464E-06  -6.53751E-06   1.06016E-05   7.69712E-06   5.96205E-06   5.27348E-06  -5.48739E-06  -3.82706E-06  -4.55472E-06
 1.51250E+03  -2.02465E-04   7.76131E-04   5.87084E-04   2.18576E-04   2.16173E-04  -4.38921E-04  -3.23987E-04  -2.02612E-04  -1.83004E-04   2.35751E-04   1.68738E-04   1.60803E-04   1.38265E-04  -1.18420E-04  -8.11014E-05  -1.16780E-04  -9.71408E-05   5.37999E-05   3.41363E-05   7.97260E-05   6.46425E-05  -2.02319E-05  -1.06185E-05  -5.18250E-05  -4.11069E-05   4.16035E-06  -1.17658E-08   3.22690E-05   2.50725E-05   2.55602E-06   3.96495E-06  -1.92800E-05  -1.46679E-05  -4.60253E-06  -4.73392E-06   1.10339E-05   8.19987E-06   4.54919E-06   4.18197E-06  -6.01237E-06  -4.34163E-06  -3.72399E-06
 1.52340E+03  -1.53947E-04   7.69467E-04   5.86166E-04   1.77136E-04   1.81435E-04  -4.42053E-04  -3.29792E-04  -1.73995E-04  -1.59819E-04   2.43150E-04   1.76911E-04   1.42327E-04   1.23785E-04  -1.26769E-04  -8.92085E-05  -1.05632E-04  -8.87226E-05   6.13910E-05   4.10488E-05   7.35072E-05   6.01670E-05  -2.63861E-05  -1.59948E-05  -4.87083E-05  -3.90305E-05   8.78048E-06   3.90070E-06   3.09736E-05   2.43504E-05  -7.12996E-07   1.26762E-06  -1.89675E-05  -1.46381E-05  -2.40341E-06  -2.96179E-06   1.11903E-05   8.47053E-06   3.13761E-06   3.07074E-06  -6.34476E-06  -4.69858E-06  -2.85978E-06
 1.53440E+03  -1.06845E-04   7.60149E-04   5.82674E-04   1.36671E-04   1.47290E-04  -4.42765E-04  -3.33381E-04  -1.45650E-04  -1.36647E-04   2.48565E-04   1.83345E-04   1.23664E-04   1.08974E-04  -1.33622E-04  -9.60515E-05  -9.40554E-05  -7.98169E-05   6.79342E-05   4.71083E-05   6.67745E-05   5.51762E-05  -3.18594E-05  -2.08388E-05  -4.50931E-05  -3.64853E-05   1.29943E-05   7.51151E-06   2.92475E-05   2.32402E-05  -3.76580E-06  -1.28187E-06  -1.83111E-05  -1.43084E-05  -2.98511E-07  -1.24278E-06   1.10887E-05   8.52213E-06   1.74848E-06   1.95978E-06  -6.49353E-06  -4.90347E-06  -1.98051E-06
 1.54550E+03  -6.12935E-05   7.48316E-04   5.76725E-04   9.73348E-05   1.13897E-04  -4.41150E-04  -3.34822E-04  -1.17736E-04  -1.13646E-04   2.52041E-04   1.88063E-04   1.04966E-04   9.39746E-05  -1.38984E-04  -1.01623E-04  -8.21801E-05  -7.05414E-05   7.34090E-05   5.22851E-05   5.96319E-05   4.97599E-05  -3.66154E-05  -2.51099E-05  -4.10557E-05  -3.35350E-05   1.67588E-05   1.07772E-05   2.71424E-05   2.17831E-05  -6.55974E-06  -3.64276E-06  -1.73431E-05  -1.37030E-05   1.67402E-06   3.88058E-07   1.07468E-05   8.36688E-06   4.13457E-07   8.77287E-07  -6.46642E-06  -4.96054E-06  -1.11091E-06
 1.55660E+03  -1.78013E-05   7.34250E-04   5.68529E-04   5.95981E-05   8.16899E-05  -4.37355E-04  -3.34211E-04  -9.06491E-05  -9.11678E-05   2.53632E-04   1.91085E-04   8.65454E-05   7.90589E-05  -1.42849E-04  -1.05894E-04  -7.02428E-05  -6.10986E-05   7.77735E-05   5.65275E-05   5.22509E-05   4.40619E-05  -4.05964E-05  -2.87475E-05  -3.67153E-05  -3.02768E-05   2.00131E-05   1.36383E-05   2.47371E-05   2.00418E-05  -9.03818E-06  -5.76213E-06  -1.61123E-05  -1.28594E-05   3.46557E-06   1.88673E-06   1.01926E-05   8.02519E-06  -8.28140E-07  -1.42034E-07  -6.27768E-06  -4.87915E-06  -2.81280E-07
 1.56790E+03   2.43041E-05   7.17848E-04   5.58070E-04   2.29085E-05   5.02255E-05  -4.31424E-04  -3.31627E-04  -6.40420E-05  -6.89512E-05   2.53435E-04   1.92516E-04   6.82099E-05   6.40915E-05  -1.45320E-04  -1.08960E-04  -5.81527E-05  -5.14325E-05   8.11109E-05   5.99059E-05   4.46014E-05   3.80707E-05  -4.38598E-05  -3.17967E-05  -3.20732E-05  -2.67207E-05   2.27912E-05   1.61192E-05   2.20463E-05   1.80335E-05  -1.12173E-05  -7.64955E-06  -1.46366E-05  -1.17949E-05   5.08049E-06   3.25360E-06   9.44190E-06   7.51099E-06  -1.97381E-06  -1.09370E-06  -5.93922E-06  -4.66920E-06   5.02648E-07
 1.57920E+03   6.41792E-05   6.99554E-04   5.45670E-04  -1.19705E-05   2.01856E-05  -4.23579E-04  -3.27214E-04  -3.85167E-05  -4.75213E-05   2.51535E-04   1.92392E-04   5.04141E-05   4.94628E-05  -1.46395E-04  -1.10796E-04  -4.62419E-05  -4.18233E-05   8.33779E-05   6.23655E-05   3.69181E-05   3.19816E-05  -4.63444E-05  -3.41933E-05  -2.72904E-05  -2.29983E-05   2.50287E-05   1.81572E-05   1.91768E-05   1.58438E-05  -1.30377E-05  -9.24966E-06  -1.29840E-05  -1.05630E-05   6.46807E-06   4.44286E-06   8.53633E-06   6.85616E-06  -2.98261E-06  -1.94154E-06  -5.47506E-06  -4.34840E-06   1.20920E-06
 1.59060E+03   1.02121E-04   6.79388E-04   5.31386E-04  -4.52703E-05  -8.60193E-06  -4.13902E-04  -3.21065E-04  -1.39523E-05  -2.68002E-05   2.48024E-04   1.90801E-04   3.31149E-05   3.51566E-05  -1.46158E-04  -1.11473E-04  -3.45146E-05  -3.22896E-05   8.46352E-05   6.39558E-05   2.92293E-05   2.58285E-05  -4.80886E-05  -3.59662E-05  -2.24037E-05  -1.91469E-05   2.67460E-05   1.97655E-05   1.61646E-05   1.35067E-05  -1.45066E-05  -1.05650E-05  -1.11858E-05  -9.19148E-06   7.62723E-06   5.45076E-06   7.50024E-06   6.08169E-06  -3.84895E-06  -2.67873E-06  -4.90300E-06  -3.93162E-06   1.83092E-06
 1.60210E+03   1.38057E-04   6.57508E-04   5.15365E-04  -7.69022E-05  -3.60368E-05  -4.02523E-04  -3.13293E-04   9.54340E-06  -6.89933E-06   2.42999E-04   1.87824E-04   1.64241E-05   2.12822E-05  -1.44672E-04  -1.11040E-04  -2.30755E-05  -2.29301E-05   8.49193E-05   6.47021E-05   2.16263E-05   1.96948E-05  -4.91086E-05  -3.71236E-05  -1.74881E-05  -1.52331E-05   2.79450E-05   2.09414E-05   1.30685E-05   1.10732E-05  -1.56176E-05  -1.15868E-05  -9.28560E-06  -7.71771E-06   8.54744E-06   6.26579E-06   6.36517E-06   5.21393E-06  -4.56093E-06  -3.29346E-06  -4.24484E-06  -3.43672E-06   2.35633E-06
 1.61370E+03   1.71927E-04   6.34074E-04   4.97754E-04  -1.06790E-04  -6.20308E-05  -3.89576E-04  -3.04016E-04   3.18741E-05   1.20806E-05   2.36563E-04   1.83549E-04   4.43513E-07   7.94027E-06  -1.42010E-04  -1.09557E-04  -1.20218E-05  -1.38369E-05   8.42758E-05   6.46388E-05   1.41950E-05   1.36593E-05  -4.94291E-05  -3.76823E-05  -1.26152E-05  -1.13212E-05   2.86359E-05   2.16895E-05   9.94540E-06   8.59334E-06  -1.63714E-05  -1.23123E-05  -7.32703E-06  -6.17916E-06   9.22383E-06   6.88152E-06   5.16313E-06   4.27999E-06  -5.11113E-06  -3.77778E-06  -3.52335E-06  -2.88268E-06   2.77736E-06
 1.62530E+03   2.03421E-04   6.09465E-04   4.78873E-04  -1.34639E-04  -8.63065E-05  -3.75327E-04  -2.93456E-04   5.27817E-05   2.99017E-05   2.28897E-04   1.78121E-04  -1.46096E-05  -4.67257E-06  -1.38287E-04  -1.07113E-04  -1.53023E-06  -5.16743E-06   8.27752E-05   6.38190E-05   7.07487E-06   7.84484E-06  -4.90890E-05  -3.76694E-05  -7.89239E-06  -7.50441E-06   2.88367E-05   2.20207E-05   6.87585E-06   6.13625E-06  -1.67732E-05  -1.27427E-05  -5.36912E-06  -4.62598E-06   9.65439E-06   7.29381E-06   3.93643E-06   3.31539E-06  -5.49399E-06  -4.12526E-06  -2.76819E-06  -2.29412E-06   3.08716E-06
 1.63710E+03   2.33047E-04   5.83413E-04   4.58547E-04  -1.60878E-04  -1.09219E-04  -3.59672E-04  -2.81558E-04   7.25547E-05   4.67938E-05   2.19982E-04   1.71547E-04  -2.89144E-05  -1.66929E-05  -1.33526E-04  -1.03741E-04   8.50079E-06   3.15125E-06   8.04521E-05   6.22782E-05   2.15580E-07   2.21868E-06  -4.81222E-05  -3.71163E-05  -3.30025E-06  -3.77346E-06   2.85752E-05   2.19589E-05   3.85774E-06   3.70486E-06  -1.68430E-05  -1.28944E-05  -3.41814E-06  -3.06645E-06   9.85233E-06   7.51296E-06   2.69443E-06   2.32984E-06  -5.71733E-06  -4.34165E-06  -1.98891E-06  -1.68011E-06   3.28975E-06
 1.64890E+03   2.60279E-04   5.56518E-04   4.37270E-04  -1.85023E-04  -1.30330E-04  -3.43014E-04  -2.68651E-04   9.07985E-05   6.24051E-05   2.10085E-04   1.64039E-04  -4.21596E-05  -2.78470E-05  -1.27897E-04  -9.95733E-05   1.78318E-05   1.09108E-05   7.74117E-05   6.00977E-05  -6.20246E-06  -3.06363E-06  -4.65911E-05  -3.60698E-05   1.02757E-06  -2.42619E-07   2.78859E-05   2.15290E-05   9.88465E-07   1.38186E-06  -1.65982E-05  -1.27790E-05  -1.54402E-06  -1.55954E-06   9.82470E-06   7.54271E-06   1.48666E-06   1.36481E-06  -5.78245E-06  -4.42652E-06  -1.22015E-06  -1.06947E-06   3.38351E-06
 1.66080E+03   2.85364E-04   5.28714E-04   4.15020E-04  -2.07279E-04  -1.49801E-04  -3.25365E-04  -2.54767E-04   1.07639E-04   7.68301E-05   1.99251E-04   1.55652E-04  -5.44131E-05  -3.81807E-05  -1.21456E-04  -9.46679E-05   2.64910E-05   1.81257E-05   7.37080E-05   5.73276E-05  -1.21831E-05  -7.99818E-06  -4.45405E-05  -3.45697E-05   5.08166E-06   3.07507E-06   2.68034E-05   2.07606E-05  -1.71670E-06  -8.16387E-07  -1.60639E-05  -1.24172E-05   2.36609E-07  -1.21517E-07   9.58867E-06   7.39701E-06   3.28623E-07   4.34777E-07  -5.70054E-06  -4.38870E-06  -4.75152E-07  -4.74182E-07   3.37531E-06
 1.67280E+03   3.08301E-04   5.00151E-04   3.91942E-04  -2.27628E-04  -1.67606E-04  -3.06862E-04  -2.40036E-04   1.23041E-04   9.00263E-05   1.87599E-04   1.46493E-04  -6.56280E-05  -4.76449E-05  -1.14300E-04  -8.91091E-05   3.44286E-05   2.47465E-05   6.94152E-05   5.40319E-05  -1.76786E-05  -1.25394E-05  -4.20256E-05  -3.26627E-05   8.81929E-06   6.13999E-06   2.53671E-05   1.96866E-05  -4.22147E-06  -2.85695E-06  -1.52672E-05  -1.18314E-05   1.89415E-06   1.22120E-06   9.16239E-06   7.09048E-06  -7.56282E-07  -4.39690E-07  -5.48328E-06  -4.23744E-06   2.28078E-07   9.01083E-08   3.27241E-06
 1.68490E+03   3.29097E-04   4.70976E-04   3.68181E-04  -2.46065E-04  -1.83727E-04  -2.87642E-04  -2.24586E-04   1.36978E-04   1.01962E-04   1.75249E-04   1.36671E-04  -7.57684E-05  -5.62008E-05  -1.06526E-04  -8.29842E-05   4.16043E-05   3.07329E-05   6.46102E-05   5.02780E-05  -2.26493E-05  -1.66494E-05  -3.91048E-05  -3.03992E-05   1.22046E-05   8.91868E-06   2.36198E-05   1.83433E-05  -6.49500E-06  -4.71171E-06  -1.42387E-05  -1.10472E-05   3.40315E-06   2.44582E-06   8.56707E-06   6.64063E-06  -1.74776E-06  -1.24065E-06  -5.14502E-06  -3.98444E-06   8.73782E-07   6.09634E-07   3.08426E-06
 1.69700E+03   3.47625E-04   4.41573E-04   3.44073E-04  -2.62469E-04  -1.98049E-04  -2.68003E-04  -2.08676E-04   1.49341E-04   1.12535E-04   1.62425E-04   1.26381E-04  -8.47393E-05  -6.37612E-05  -9.83028E-05  -7.64374E-05   4.79388E-05   3.60130E-05   5.94163E-05   4.61707E-05  -2.70306E-05  -2.02701E-05  -3.58668E-05  -2.78538E-05   1.51858E-05   1.13653E-05   2.16245E-05   1.67833E-05  -8.49679E-06  -6.34504E-06  -1.30222E-05  -1.01010E-05   4.73246E-06   3.52515E-06   7.83288E-06   6.07235E-06  -2.62222E-06  -1.94768E-06  -4.70623E-06  -3.64645E-06   1.44435E-06   1.06926E-06   2.82456E-06
 1.70930E+03   3.64217E-04   4.11593E-04   3.19357E-04  -2.77124E-04  -2.10811E-04  -2.47750E-04  -1.92168E-04   1.60330E-04   1.21909E-04   1.49031E-04   1.15560E-04  -9.26737E-05  -7.04324E-05  -8.95919E-05  -6.94489E-05   5.35157E-05   4.06519E-05   5.38265E-05   4.17122E-05  -3.08722E-05  -2.34390E-05  -3.23197E-05  -2.50385E-05   1.77907E-05   1.34997E-05   1.93949E-05   1.50213E-05  -1.02407E-05  -7.76620E-06  -1.16324E-05  -9.00676E-06   5.88781E-06   4.46234E-06   6.97286E-06   5.39754E-06  -3.38089E-06  -2.56068E-06  -4.17757E-06  -3.23292E-06   1.93878E-06   1.46740E-06   2.50156E-06
 1.72160E+03   3.78638E-04   3.81650E-04   2.94560E-04  -2.89814E-04  -2.21820E-04  -2.27336E-04  -1.75448E-04   1.69771E-04   1.29931E-04   1.35398E-04   1.04487E-04  -9.94368E-05  -7.60965E-05  -8.06305E-05  -6.22188E-05   5.82327E-05   4.45607E-05   4.80097E-05   3.70444E-05  -3.40974E-05  -2.60900E-05  -2.85827E-05  -2.20531E-05   1.99623E-05   1.52732E-05   1.70146E-05   1.31269E-05  -1.16851E-05  -8.93964E-06  -1.01271E-05  -7.81265E-06   6.83894E-06   5.23167E-06   6.02694E-06   4.64925E-06  -4.00197E-06  -3.06119E-06  -3.58637E-06  -2.76640E-06   2.34147E-06   1.79089E-06   2.13384E-06
 1.73410E+03   3.91164E-04   3.51383E-04   2.69405E-04  -3.00778E-04  -2.31276E-04  -2.06551E-04  -1.58361E-04   1.77834E-04   1.36740E-04   1.21414E-04   9.30860E-05  -1.05142E-04  -8.08455E-05  -7.13672E-05  -5.47156E-05   6.21632E-05   4.77979E-05   4.19490E-05   3.21610E-05  -3.67522E-05  -2.82589E-05  -2.46568E-05  -1.89034E-05   2.17283E-05   1.67069E-05   1.44925E-05   1.11107E-05  -1.28459E-05  -9.87709E-06  -8.51805E-06  -6.53034E-06   7.59440E-06   5.83924E-06   5.00645E-06   3.83814E-06  -4.48971E-06  -3.45205E-06  -2.94246E-06  -2.25578E-06   2.65421E-06   2.04076E-06   1.72935E-06
 1.74660E+03   4.01642E-04   3.21391E-04   2.44409E-04  -3.09877E-04  -2.39059E-04  -1.85843E-04  -1.41292E-04   1.84411E-04   1.42244E-04   1.07406E-04   8.16365E-05  -1.09711E-04  -8.46116E-05  -6.20409E-05  -4.71422E-05   6.52495E-05   5.03144E-05   3.58163E-05   2.72073E-05  -3.87949E-05  -2.99106E-05  -2.06646E-05  -1.56929E-05   2.30592E-05   1.77759E-05   1.19154E-05   9.04579E-06  -1.37022E-05  -1.05612E-05  -6.86615E-06  -5.21084E-06   8.13973E-06   6.27299E-06   3.95393E-06   2.99968E-06  -4.83403E-06  -3.72490E-06  -2.27532E-06  -1.72557E-06   2.87006E-06   2.21125E-06   1.30840E-06
 1.75920E+03   4.10233E-04   2.91542E-04   2.19483E-04  -3.17253E-04  -2.45288E-04  -1.65153E-04  -1.24208E-04   1.89604E-04   1.46528E-04   9.33645E-05   7.01414E-05  -1.13212E-04  -8.74524E-05  -5.26643E-05  -3.95183E-05   6.75392E-05   5.21491E-05   2.96352E-05   2.22092E-05  -4.02574E-05  -3.10709E-05  -1.66326E-05  -1.24474E-05   2.39758E-05   1.84971E-05   9.30826E-06   6.95529E-06  -1.42675E-05  -1.10029E-05  -5.19279E-06  -3.87352E-06   8.48363E-06   6.53991E-06   2.88675E-06   2.14925E-06  -5.04056E-06  -3.88422E-06  -1.59850E-06  -1.18757E-06   2.99260E-06   2.30522E-06   8.81247E-07
 1.77190E+03   4.16998E-04   2.61936E-04   1.94728E-04  -3.22955E-04  -2.50007E-04  -1.44584E-04  -1.07209E-04   1.93450E-04   1.49622E-04   7.93827E-05   5.86895E-05  -1.15674E-04  -8.93914E-05  -4.33198E-05  -3.19191E-05   6.90519E-05   5.33188E-05   2.34742E-05   1.72281E-05  -4.11539E-05  -3.17521E-05  -1.26157E-05  -9.21555E-06   2.44887E-05   1.88796E-05   6.71370E-06   4.87651E-06  -1.45498E-05  -1.12089E-05  -3.53037E-06  -2.54637E-06   8.63187E-06   6.64495E-06   1.82899E-06   1.30749E-06  -5.11355E-06  -3.93367E-06  -9.29598E-07  -6.56759E-07   3.02497E-06   2.32537E-06   4.60559E-07
 1.78470E+03   4.21999E-04   2.32668E-04   1.70242E-04  -3.27039E-04  -2.53264E-04  -1.24231E-04  -9.03880E-05   1.95992E-04   1.51566E-04   6.55499E-05   4.73646E-05  -1.17130E-04  -9.04582E-05  -3.40851E-05  -2.44159E-05   6.98141E-05   5.38467E-05   1.73978E-05   1.23219E-05  -4.15050E-05  -3.19722E-05  -8.66535E-06  -6.04292E-06   2.46137E-05   1.89373E-05   4.17172E-06   2.84434E-06  -1.45612E-05  -1.11897E-05  -1.90913E-06  -1.25549E-06   8.59383E-06   6.59629E-06   8.03043E-07   4.93525E-07  -5.06011E-06  -3.87945E-06  -2.84890E-07  -1.46915E-07   2.97255E-06   2.27636E-06   5.79750E-08
 1.79760E+03   4.25303E-04   2.03826E-04   1.46114E-04  -3.29568E-04  -2.55114E-04  -1.04185E-04  -7.38324E-05   1.97279E-04   1.52403E-04   5.19496E-05   3.62450E-05  -1.17620E-04  -9.06885E-05  -2.50326E-05  -1.70749E-05   6.98576E-05   5.37616E-05   1.14660E-05   7.54455E-06  -4.13364E-05  -3.17541E-05  -4.82941E-06  -2.97164E-06   2.43712E-05   1.86883E-05   1.71920E-06   8.90822E-07  -1.43178E-05  -1.09598E-05  -3.56755E-07  -2.46588E-08   8.38202E-06   6.40491E-06  -1.70770E-07  -2.75364E-07  -4.88987E-06  -3.72992E-06   3.21009E-07   3.29644E-07   2.84261E-06   2.16447E-06  -3.16171E-07
 1.81060E+03   4.26982E-04   1.75491E-04   1.22428E-04  -3.30603E-04  -2.55617E-04  -8.45276E-05  -5.76228E-05   1.97366E-04   1.52183E-04   3.86588E-05   2.54031E-05  -1.17189E-04  -9.01234E-05  -1.62294E-05  -9.95747E-06   6.92199E-05   5.30972E-05   5.73406E-06   2.94526E-06  -4.06785E-05  -3.11253E-05  -1.15152E-06  -4.00032E-08   2.37860E-05   1.81546E-05  -6.10515E-07  -9.55224E-07  -1.38392E-05  -1.05364E-05   1.10200E-06   1.12501E-06   8.01171E-06   6.08424E-06  -1.07453E-06  -9.84062E-07  -4.61456E-06  -3.49532E-06   8.75404E-07   7.62312E-07   2.64405E-06   1.99740E-06  -6.53058E-07
 1.82360E+03   4.27111E-04   1.47945E-04   9.94330E-05  -3.30223E-04  -2.54846E-04  -6.54794E-05  -4.19515E-05   1.96322E-04   1.50973E-04   2.58447E-05   1.49835E-05  -1.15899E-04  -8.88211E-05  -7.79992E-06  -3.17000E-06   6.79545E-05   5.19027E-05   2.92658E-07  -1.39911E-06  -3.95760E-05  -3.01261E-05   2.30353E-06   2.69763E-06   2.28940E-05   1.73684E-05  -2.77203E-06  -2.65604E-06  -1.31538E-05  -9.94446E-06   2.43590E-06   2.16776E-06   7.50480E-06   5.65336E-06  -1.88711E-06  -1.61529E-06  -4.25073E-06  -3.18996E-06   1.36424E-06   1.13970E-06   2.38916E-06   1.78570E-06  -9.43495E-07
 1.83680E+03   4.25769E-04   1.20828E-04   7.68434E-05  -3.28489E-04  -2.52853E-04  -4.68156E-05  -2.66446E-05   1.94193E-04   1.48811E-04   1.33743E-05   4.88577E-06  -1.13783E-04  -8.68104E-05   3.30596E-07   3.34219E-06   6.60872E-05   5.02010E-05  -4.89752E-06  -5.51622E-06  -3.80495E-05  -2.87752E-05   5.55472E-06   5.25386E-06   2.17122E-05   1.63450E-05  -4.77334E-06  -4.21639E-06  -1.22754E-05  -9.19663E-06   3.64744E-06   3.10463E-06   6.87262E-06   5.12241E-06  -2.60858E-06  -2.16858E-06  -3.80743E-06  -2.82184E-06   1.78674E-06   1.46091E-06   2.08499E-06   1.53554E-06  -1.18659E-06
 1.85010E+03   4.23022E-04   9.44165E-05   5.49009E-05  -3.25472E-04  -2.49708E-04  -2.87476E-05  -1.18855E-05   1.91047E-04   1.45762E-04   1.40585E-06  -4.75445E-06  -1.10905E-04  -8.41512E-05   8.04662E-06   9.48135E-06   6.36738E-05   4.80439E-05  -9.75431E-06  -9.33743E-06  -3.61467E-05  -2.71158E-05   8.54508E-06   7.58171E-06   2.02796E-05   1.51193E-05  -6.57596E-06  -5.60494E-06  -1.12352E-05  -8.32022E-06   4.71132E-06   3.91528E-06   6.13913E-06   4.51226E-06  -3.22277E-06  -2.63112E-06  -3.30272E-06  -2.40654E-06   2.13287E-06   1.71815E-06   1.74491E-06   1.25832E-06  -1.37633E-06
 1.86340E+03   4.18983E-04   6.89489E-05   3.38158E-05  -3.21280E-04  -2.45516E-04  -1.14578E-05   2.16881E-06   1.86982E-04   1.41921E-04  -9.92671E-06  -1.38237E-05  -1.07353E-04  -8.09246E-05   1.52529E-05   1.51682E-05   6.07886E-05   4.54986E-05  -1.42123E-05  -1.28092E-05  -3.39279E-05  -2.52018E-05   1.12312E-05   9.64622E-06   1.86440E-05   1.37334E-05  -8.15206E-06  -6.79977E-06  -1.00699E-05  -7.34719E-06   5.61046E-06   4.58660E-06   5.33192E-06   3.84662E-06  -3.71972E-06  -2.99553E-06  -2.75689E-06  -1.96128E-06   2.39724E-06   1.90760E-06   1.38348E-06   9.66319E-07  -1.51013E-06
 1.87690E+03   4.13666E-04   4.40884E-05   1.33195E-05  -3.15923E-04  -2.40284E-04   5.26480E-06   1.56821E-05   1.82006E-04   1.37294E-04  -2.07490E-05  -2.24174E-05  -1.03132E-04  -7.71384E-05   2.20211E-05   2.04560E-05   5.74405E-05   4.25752E-05  -1.83107E-05  -1.59602E-05  -3.14038E-05  -2.30443E-05   1.36339E-05   1.14627E-05   1.68165E-05   1.21982E-05  -9.51285E-06  -7.80915E-06  -8.78995E-06  -6.28756E-06   6.35105E-06   5.12332E-06   4.46035E-06   3.13408E-06  -4.10316E-06  -3.26482E-06  -2.17769E-06  -1.49303E-06   2.58239E-06   2.03145E-06   1.00688E-06   6.64930E-07  -1.58989E-06
 1.89040E+03   4.07225E-04   2.02427E-05  -6.24251E-06  -3.09552E-04  -2.34159E-04   2.11302E-05   2.84132E-05   1.76260E-04   1.32014E-04  -3.08625E-05  -3.03735E-05  -9.83675E-05  -7.29056E-05   2.82203E-05   2.52402E-05   5.37319E-05   3.93654E-05  -2.19668E-05  -1.87259E-05  -2.86560E-05  -2.07152E-05   1.57035E-05   1.29932E-05   1.48600E-05   1.05683E-05  -1.06299E-05  -8.61228E-06  -7.44240E-06  -5.18141E-06   6.91827E-06   5.51523E-06   3.55844E-06   2.40335E-06  -4.36641E-06  -3.43496E-06  -1.58923E-06  -1.02186E-06   2.68624E-06   2.08901E-06   6.31749E-07   3.67874E-07  -1.61593E-06
 1.90410E+03   3.99638E-04  -2.90793E-06  -2.51237E-05  -3.02146E-04  -2.27122E-04   3.63367E-05   4.05156E-05   1.69726E-04   1.26068E-04  -4.03844E-05  -3.77809E-05  -9.30495E-05  -6.82217E-05   3.39174E-05   2.95707E-05   4.96618E-05   3.58713E-05  -2.52179E-05  -2.11341E-05  -2.56889E-05  -1.82205E-05   1.74608E-05   1.42537E-05   1.27816E-05   8.85125E-06  -1.15156E-05  -9.21889E-06  -6.03512E-06  -4.03656E-06   7.31996E-06   5.76885E-06   2.63363E-06   1.66135E-06  -4.51501E-06  -3.51075E-06  -9.97764E-07  -5.53393E-07   2.71300E-06   2.08404E-06   2.63002E-07   7.94084E-08  -1.59159E-06
 1.91780E+03   3.91087E-04  -2.49971E-05  -4.30176E-05  -2.93883E-04  -2.19344E-04   5.06315E-05   5.17830E-05   1.62567E-04   1.19607E-04  -4.91491E-05  -4.45083E-05  -8.73176E-05  -6.32128E-05   3.90100E-05   3.33690E-05   4.53433E-05   3.21930E-05  -2.80051E-05  -2.31416E-05  -2.25902E-05  -1.56365E-05   1.88752E-05   1.52232E-05   1.06469E-05   7.10318E-06  -1.21566E-05  -9.62143E-06  -4.61551E-06  -2.89279E-06   7.55283E-06   5.88391E-06   1.71910E-06   9.35495E-07  -4.55077E-06  -3.49537E-06  -4.25833E-07  -1.05966E-07   2.66667E-06   2.02094E-06  -8.45195E-08  -1.88562E-07  -1.52139E-06
 1.93170E+03   3.81518E-04  -4.63240E-05  -6.01599E-05  -2.84714E-04  -2.10781E-04   6.41974E-05   6.23559E-05   1.54747E-04   1.12602E-04  -5.72631E-05  -5.06360E-05  -8.11500E-05  -5.78637E-05   4.35582E-05   3.66803E-05   4.07669E-05   2.83256E-05  -3.03623E-05  -2.47743E-05  -1.93588E-05  -1.29647E-05   1.99667E-05   1.59176E-05   8.45935E-06   5.32867E-06  -1.25657E-05  -9.83041E-06  -3.18879E-06  -1.75550E-06   7.62577E-06   5.86809E-06   8.20100E-07   2.30719E-07  -4.48045E-06  -3.39482E-06   1.22125E-07   3.16512E-07   2.55261E-06   1.90449E-06  -4.07467E-07  -4.33234E-07  -1.40961E-06
 1.94560E+03   3.71138E-04  -6.65629E-05  -7.62829E-05  -2.74838E-04  -2.01624E-04   7.68184E-05   7.20632E-05   1.46443E-04   1.05219E-04  -6.45937E-05  -5.60634E-05  -7.46958E-05  -5.23081E-05   4.74880E-05   3.94519E-05   3.60507E-05   2.43724E-05  -3.22539E-05  -2.60098E-05  -1.60839E-05  -1.02812E-05   2.07229E-05   1.63322E-05   6.28333E-06   3.58164E-06  -1.27435E-05  -9.85035E-06  -1.79967E-06  -6.61404E-07   7.54575E-06   5.72980E-06  -3.35193E-08  -4.28961E-07  -4.31312E-06  -3.21827E-06   6.26977E-07   6.98973E-07   2.37971E-06   1.74307E-06  -6.94115E-07  -6.45598E-07  -1.26391E-06
 1.95970E+03   3.59863E-04  -8.59900E-05  -9.16019E-05  -2.64181E-04  -1.91808E-04   8.86599E-05   8.10301E-05   1.37604E-04   9.74128E-05  -7.12350E-05  -6.08607E-05  -6.79224E-05  -4.65222E-05   5.08517E-05   4.17230E-05   3.11783E-05   2.03231E-05  -3.37096E-05  -2.68710E-05  -1.27597E-05  -7.58392E-06   2.11622E-05   1.64817E-05   4.11905E-06   1.86382E-06  -1.27026E-05  -9.69190E-06  -4.50753E-07   3.86511E-07   7.32208E-06   5.47729E-06  -8.38744E-07  -1.04074E-06  -4.05615E-06  -2.97233E-06   1.08626E-06   1.03936E-06   2.15389E-06   1.54193E-06  -9.42828E-07  -8.24429E-07  -1.08896E-06
 1.97380E+03   3.47916E-04  -1.04319E-04  -1.05887E-04  -2.52958E-04  -1.81537E-04   9.95418E-05   8.91196E-05   1.28416E-04   8.93568E-05  -7.70860E-05  -6.49567E-05  -6.09840E-05  -4.06420E-05   5.36020E-05   4.34652E-05   2.62683E-05   1.62794E-05  -3.47155E-05  -2.73548E-05  -9.47267E-06  -4.94518E-06   2.12889E-05   1.63759E-05   2.02639E-06   2.24124E-07  -1.24559E-05  -9.36989E-06   8.18501E-07   1.35684E-06   6.97025E-06   5.12591E-06  -1.57094E-06  -1.58558E-06  -3.72418E-06  -2.67058E-06   1.48552E-06   1.32692E-06   1.88744E-06   1.31200E-06  -1.14581E-06  -9.64233E-07  -8.94304E-07
 1.98810E+03   3.35189E-04  -1.21801E-04  -1.19331E-04  -2.41072E-04  -1.70729E-04   1.09610E-04   9.64405E-05   1.18812E-04   8.09969E-05  -8.22272E-05  -6.84107E-05  -5.38391E-05  -3.46370E-05   5.57828E-05   4.47112E-05   2.12992E-05   1.22269E-05  -3.52966E-05  -2.74808E-05  -6.21369E-06  -2.35974E-06   2.11192E-05   1.60283E-05   2.80558E-09  -1.33823E-06  -1.20150E-05  -8.89453E-06   2.00787E-06   2.24889E-06   6.49943E-06   4.68391E-06  -2.22927E-06  -2.06274E-06  -3.32463E-06  -2.31965E-06   1.82425E-06   1.56143E-06   1.58626E-06   1.05849E-06  -1.30310E-06  -1.06531E-06  -6.84472E-07
 2.00250E+03   3.21825E-04  -1.38297E-04  -1.31824E-04  -2.28664E-04  -1.59516E-04   1.18779E-04   1.02930E-04   1.08918E-04   7.24484E-05  -8.66157E-05  -7.11963E-05  -4.65922E-05  -2.86000E-05   5.73811E-05   4.54588E-05   1.63517E-05   8.23520E-06  -3.54585E-05  -2.72603E-05  -3.04150E-06   1.23545E-07   2.06680E-05   1.54560E-05  -1.91180E-06  -2.79125E-06  -1.13982E-05  -8.28414E-06   3.09219E-06   3.04327E-06   5.92724E-06   4.16776E-06  -2.79919E-06  -2.46165E-06  -2.87254E-06  -1.93297E-06   2.09504E-06   1.73798E-06   1.26212E-06   7.91516E-07  -1.41172E-06  -1.12613E-06  -4.68062E-07
 2.01690E+03   3.07977E-04  -1.53701E-04  -1.43285E-04  -2.15881E-04  -1.48040E-04   1.26994E-04   1.08554E-04   9.88635E-05   6.38282E-05  -9.02339E-05  -7.33100E-05  -3.93469E-05  -2.26212E-05   5.84042E-05   4.57229E-05   1.15031E-05   4.36882E-06  -3.52217E-05  -2.67171E-05  -9.26028E-09   2.46183E-06   1.99607E-05   1.46848E-05  -3.68362E-06  -4.10888E-06  -1.06303E-05  -7.56203E-06   4.05194E-06   3.72588E-06   5.27503E-06   3.59659E-06  -3.27097E-06  -2.77601E-06  -2.38470E-06  -1.52505E-06   2.29426E-06   1.85492E-06   9.27336E-07   5.21394E-07  -1.47146E-06  -1.14748E-06  -2.53556E-07
 2.03150E+03   2.93506E-04  -1.68226E-04  -1.53873E-04  -2.02603E-04  -1.36199E-04   1.34369E-04   1.13394E-04   8.85650E-05   5.50715E-05  -9.31406E-05  -7.47933E-05  -3.20538E-05  -1.66640E-05   5.88820E-05   4.55259E-05   6.72713E-06   6.09487E-07  -3.46032E-05  -2.58652E-05   2.89545E-06   4.66339E-06   1.90092E-05   1.37251E-05  -5.31814E-06  -5.29488E-06  -9.72096E-06  -6.73703E-06   4.88988E-06   4.29896E-06   4.55090E-06   2.97775E-06  -3.64663E-06  -3.00784E-06  -1.86769E-06  -1.10168E-06   2.42398E-06   1.91439E-06   5.86935E-07   2.52385E-07  -1.48452E-06  -1.13155E-06  -4.45034E-08
 2.04620E+03   2.78558E-04  -1.81762E-04  -1.63506E-04  -1.88971E-04  -1.24126E-04   1.40848E-04   1.17416E-04   7.81476E-05   4.62909E-05  -9.53191E-05  -7.56446E-05  -2.48124E-05  -1.08144E-05   5.88241E-05   4.48855E-05   2.09645E-06  -2.98267E-06  -3.36266E-05  -2.47309E-05   5.62412E-06   6.69008E-06   1.78413E-05   1.26046E-05  -6.78625E-06  -6.32778E-06  -8.69639E-06  -5.83341E-06   5.59088E-06   4.75252E-06   3.77669E-06   2.33045E-06  -3.92023E-06  -3.15425E-06  -1.33806E-06  -6.76828E-07   2.48358E-06   1.91738E-06   2.52466E-07  -6.13356E-09  -1.45292E-06  -1.08098E-06   1.51632E-07
 2.06090E+03   2.63287E-04  -1.94228E-04  -1.72130E-04  -1.75133E-04  -1.11960E-04   1.46401E-04   1.20611E-04   6.77354E-05   3.75962E-05  -9.67762E-05  -7.58826E-05  -1.77173E-05  -5.15204E-06   5.82578E-05   4.38342E-05  -2.32372E-06  -6.35566E-06  -3.23269E-05  -2.33503E-05   8.13653E-06   8.51191E-06   1.64919E-05   1.13559E-05  -8.06660E-06  -7.19332E-06  -7.58653E-06  -4.87777E-06   6.14636E-06   5.08233E-06   2.97551E-06   1.67434E-06  -4.09080E-06  -3.21660E-06  -8.12175E-07  -2.63834E-07   2.47596E-06   1.86769E-06  -6.54145E-08  -2.45839E-07  -1.38094E-06  -1.00019E-06   3.28507E-07
 2.07580E+03   2.47533E-04  -2.05796E-04  -1.79868E-04  -1.60951E-04  -9.95871E-05   1.51111E-04   1.23033E-04   5.72381E-05   2.89175E-05  -9.75483E-05  -7.55313E-05  -1.07162E-05   3.61351E-07   5.71993E-05   4.23841E-05  -6.56062E-06  -9.52867E-06  -3.07138E-05  -2.17317E-05   1.04462E-05   1.01385E-05   1.49689E-05   9.98681E-06  -9.16632E-06  -7.89718E-06  -6.39865E-06  -3.87699E-06   6.56114E-06   5.29281E-06   2.15370E-06   1.01509E-06  -4.16253E-06  -3.19895E-06  -2.94949E-07   1.33164E-07   2.40506E-06   1.76915E-06  -3.63352E-07  -4.64120E-07  -1.27217E-06  -8.92493E-07   4.84185E-07
 2.09080E+03   2.31441E-04  -2.16382E-04  -1.86661E-04  -1.46567E-04  -8.71396E-05   1.54948E-04   1.24672E-04   4.67763E-05   2.03612E-05  -9.76422E-05  -7.46103E-05  -3.90003E-06   5.65010E-06   5.56773E-05   4.05691E-05  -1.05533E-05  -1.24542E-05  -2.88241E-05  -1.99123E-05   1.25175E-05   1.15446E-05   1.33080E-05   8.53037E-06  -1.00687E-05  -8.42954E-06  -5.16259E-06  -2.85712E-06   6.83076E-06   5.38346E-06   1.33341E-06   3.71082E-07  -4.13773E-06  -3.10545E-06   1.98754E-07   5.02464E-07   2.27610E-06   1.62741E-06  -6.32391E-07  -6.54346E-07  -1.13234E-06  -7.63355E-07   6.13952E-07
 2.10590E+03   2.15056E-04  -2.25987E-04  -1.92516E-04  -1.32030E-04  -7.46669E-05   1.57921E-04   1.25546E-04   3.63979E-05   1.19719E-05  -9.70792E-05  -7.31452E-05   2.69138E-06   1.06805E-05   5.37202E-05   3.84195E-05  -1.42746E-05  -1.51116E-05  -2.66882E-05  -1.79216E-05   1.43360E-05   1.27212E-05   1.15370E-05   7.01188E-06  -1.07695E-05  -8.78977E-06  -3.90064E-06  -1.83729E-06   6.95745E-06   5.35853E-06   5.30621E-07  -2.44747E-07  -4.02196E-06  -2.94236E-06   6.58763E-07   8.36348E-07   2.09554E-06   1.44881E-06  -8.66918E-07  -8.12651E-07  -9.67370E-07  -6.18128E-07   7.15346E-07
 2.12110E+03   1.98420E-04  -2.34615E-04  -1.97440E-04  -1.17384E-04  -6.22166E-05   1.60044E-04   1.25671E-04   2.61493E-05   3.79227E-06  -9.58827E-05  -7.11636E-05   9.02076E-06   1.54216E-05   5.13586E-05   3.59672E-05  -1.77003E-05  -1.74835E-05  -2.43379E-05  -1.57901E-05   1.58904E-05   1.36623E-05   9.68398E-06   5.45641E-06  -1.12670E-05  -8.97986E-06  -2.63454E-06  -8.35795E-07   6.94572E-06   5.22423E-06  -2.39764E-07  -8.20633E-07  -3.82238E-06  -2.71718E-06   1.07615E-06   1.12834E-06   1.87081E-06   1.24032E-06  -1.06251E-06  -9.36274E-07  -7.83568E-07  -4.62351E-07   7.86903E-07
 2.13640E+03   1.81572E-04  -2.42270E-04  -2.01442E-04  -1.02676E-04  -4.98350E-05   1.61329E-04   1.25068E-04   1.60751E-05  -4.13702E-06  -9.40780E-05  -6.86951E-05   1.50533E-05   1.98453E-05   4.86247E-05   3.32451E-05  -2.08093E-05  -1.95554E-05  -2.18056E-05  -1.35484E-05   1.71725E-05   1.43651E-05   7.77691E-06   3.88857E-06  -1.15627E-05  -9.00429E-06  -1.38524E-06   1.30146E-07   6.80224E-06   4.98852E-06  -9.64080E-07  -1.34617E-06  -3.54752E-06  -2.43845E-06   1.44337E-06   1.37331E-06   1.60998E-06   1.00933E-06  -1.21601E-06  -1.02359E-06  -5.87443E-07  -3.01582E-07   8.28150E-07
 2.15190E+03   1.64442E-04  -2.48993E-04  -2.04545E-04  -8.78530E-05  -3.74886E-05   1.61792E-04   1.23748E-04   6.15550E-06  -1.18258E-05  -9.16751E-05  -6.57507E-05   2.07922E-05   2.39515E-05   4.55312E-05   3.02677E-05  -2.36006E-05  -2.13268E-05  -1.91068E-05  -1.12122E-05   1.81830E-05   1.48319E-05   5.83088E-06   2.32224E-06  -1.16605E-05  -8.86852E-06  -1.64903E-07   1.05034E-06   6.53352E-06   4.65851E-06  -1.63421E-06  -1.81525E-06  -3.20467E-06  -2.11327E-06   1.75615E-06   1.56859E-06   1.31971E-06   7.61807E-07  -1.32606E-06  -1.07429E-06  -3.84204E-07  -1.40203E-07   8.39546E-07
 2.16740E+03   1.47290E-04  -2.54702E-04  -2.06719E-04  -7.31514E-05  -2.53810E-05   1.61443E-04   1.21750E-04  -3.43954E-06  -1.91380E-05  -8.87344E-05  -6.24016E-05   2.61335E-05   2.76648E-05   4.21533E-05   2.71088E-05  -2.60230E-05  -2.27666E-05  -1.63102E-05  -8.84264E-06   1.89068E-05   1.50596E-05   3.89819E-06   8.00613E-07  -1.15659E-05  -8.58337E-06   9.92060E-07   1.89842E-06   6.15345E-06   4.24938E-06  -2.23083E-06  -2.21449E-06  -2.80894E-06  -1.75579E-06   2.00591E-06   1.70934E-06   1.01264E-06   5.08632E-07  -1.39061E-06  -1.08830E-06  -1.82857E-07   1.45682E-08   8.22330E-07
 2.18300E+03   1.30045E-04  -2.59446E-04  -2.07997E-04  -5.85179E-05  -1.34754E-05   1.60306E-04   1.19095E-04  -1.27347E-05  -2.60898E-05  -8.52729E-05  -5.86650E-05   3.10881E-05   3.09933E-05   3.85084E-05   2.37858E-05  -2.80840E-05  -2.38828E-05  -1.34323E-05  -6.45509E-06   1.93527E-05   1.50577E-05   1.99248E-06  -6.64896E-07  -1.12891E-05  -8.15948E-06   2.07665E-06   2.66781E-06   5.67260E-06   3.77122E-06  -2.74961E-06  -2.54151E-06  -2.36964E-06  -1.37430E-06   2.19191E-06   1.79608E-06   6.95892E-07   2.55692E-07  -1.41112E-06  -1.06766E-06   1.18877E-08   1.59118E-07   7.78863E-07
 2.19880E+03   1.12635E-04  -2.63248E-04  -2.08390E-04  -4.39036E-05  -1.74112E-06   1.58386E-04   1.15785E-04  -2.17469E-05  -3.26889E-05  -8.12968E-05  -5.45500E-05   3.56585E-05   3.39377E-05   3.46085E-05   2.03127E-05  -2.97846E-05  -2.46777E-05  -1.04883E-05  -4.06432E-06   1.95249E-05   1.48327E-05   1.27259E-07  -2.06268E-06  -1.08379E-05  -7.60576E-06   3.07957E-06   3.35161E-06   5.10035E-06   3.23329E-06  -3.18596E-06  -2.79381E-06  -1.89547E-06  -9.76618E-07   2.31334E-06   1.82935E-06   3.76197E-07   8.56568E-09  -1.38905E-06  -1.01446E-06   1.95611E-07   2.90109E-07   7.11555E-07
 2.21470E+03   9.52110E-05  -2.66078E-04  -2.07897E-04  -2.94465E-05   9.70181E-06   1.55708E-04   1.11865E-04  -3.03772E-05  -3.88585E-05  -7.68617E-05  -5.01177E-05   3.97892E-05   3.64618E-05   3.05153E-05   1.67477E-05  -3.11049E-05  -2.51447E-05  -7.53046E-06  -1.71504E-06   1.94269E-05   1.43949E-05  -1.66095E-06  -3.36433E-06  -1.02272E-05  -6.93915E-06   3.97990E-06   3.93551E-06   4.45404E-06   2.65214E-06  -3.53107E-06  -2.96690E-06  -1.40135E-06  -5.75561E-07   2.36903E-06   1.81027E-06   6.41172E-08  -2.24417E-07  -1.32704E-06  -9.32154E-07   3.62039E-07   4.03062E-07   6.24168E-07
 2.23070E+03   7.78137E-05  -2.67938E-04  -2.06533E-04  -1.51901E-05   2.08114E-05   1.52296E-04   1.07366E-04  -3.85889E-05  -4.45697E-05  -7.20045E-05  -4.54079E-05   4.34606E-05   3.85550E-05   2.62684E-05   1.31284E-05  -3.20426E-05  -2.52886E-05  -4.59204E-06   5.64561E-07   1.90688E-05   1.37579E-05  -3.34965E-06  -4.55301E-06  -9.47255E-06  -6.17565E-06   4.76606E-06   4.41249E-06   3.74909E-06   2.04178E-06  -3.78168E-06  -3.06047E-06  -8.99437E-07  -1.81220E-07   2.36072E-06   1.74195E-06  -2.32366E-07  -4.37258E-07  -1.22892E-06  -8.24852E-07   5.06930E-07   4.95221E-07   5.20735E-07

