#
#--------------------------------------------------------------------------------
### 
## 
## Courbe 0
## resp__3
## Courbe 1
## resp__2
## Courbe 2
## resp__1
## Courbe 3
## resp_0
## Courbe 4
## resp_1
## Courbe 5
## resp_2
## Courbe 6
## resp_3
## Courbe 7
## resp_4
## Courbe 8
## resp_5
## Courbe 9
## resp_6
## Courbe 10
## resp_7
## Courbe 11
## resp_8
## Courbe 12
## resp_9
## Courbe 13
## resp_10
## Courbe 14
## resp_11
## Courbe 15
## resp_12
## Courbe 16
## resp_13
## Courbe 17
## resp_14
## Courbe 18
## resp_15
## Courbe 19
## resp_16
## Courbe 20
## resp_17
FREQ          DZ_0_R        DZ_0_I        DZ_1_R        DZ_1_I        DZ_2_R        DZ_2_I        DZ_3_R        DZ_3_I        DZ_4_R        DZ_4_I        DZ_5_R        DZ_5_I        DZ_6_R        DZ_6_I        DZ_7_R        DZ_7_I        DZ_8_R        DZ_8_I        DZ_9_R        DZ_9_I        DZ_10_R       DZ_10_I       DZ_11_R       DZ_11_I       DZ_12_R       DZ_12_I       DZ_13_R       DZ_13_I       DZ_14_R       DZ_14_I       DZ_15_R       DZ_15_I       DZ_16_R       DZ_16_I       DZ_17_R       DZ_17_I       DZ_18_R       DZ_18_I       DZ_19_R       DZ_19_I       DZ_20_R       DZ_20_I     
 3.54000E+01   3.90880E-03   5.28709E-03   4.83001E-03   5.56777E-03   5.39413E-03   5.05495E-03   5.58442E-03   3.87878E-03   5.40648E-03   2.17806E-03   4.88751E-03   9.64121E-05   4.07362E-03  -2.22262E-03   3.02585E-03  -4.64125E-03   1.81481E-03  -7.03345E-03   5.14625E-04  -9.29110E-03  -8.03648E-04  -1.13297E-02  -2.01934E-03  -1.28170E-02  -2.96794E-03  -1.34214E-02  -3.55351E-03  -1.31375E-02  -3.73140E-03  -1.20350E-02  -3.51126E-03  -1.02567E-02  -2.95539E-03  -8.01018E-03  -2.17313E-03  -5.55830E-03  -1.31197E-03  -3.20634E-03  -5.46828E-04  -1.28903E-03  -6.91000E-05  -1.58259E-04
 3.56000E+01   3.95048E-03   5.34879E-03   4.88343E-03   5.64631E-03   5.45486E-03   5.14593E-03   5.64692E-03   3.97751E-03   5.46470E-03   2.27976E-03   4.93539E-03   1.96556E-04   4.10566E-03  -2.12808E-03   3.03751E-03  -4.55567E-03   1.80284E-03  -6.95945E-03   4.77263E-04  -9.23045E-03  -8.66684E-04  -1.12834E-02  -2.10557E-03  -1.27852E-02  -3.07109E-03  -1.34032E-02  -3.66511E-03  -1.31306E-02  -3.84197E-03  -1.20365E-02  -3.61157E-03  -1.02632E-02  -3.03780E-03  -8.01849E-03  -2.23271E-03  -5.56590E-03  -1.34751E-03  -3.21158E-03  -5.61505E-04  -1.29142E-03  -7.09417E-05  -1.58581E-04
 3.59000E+01   4.01490E-03   5.44104E-03   4.96626E-03   5.76361E-03   5.54934E-03   5.28168E-03   5.74459E-03   4.12458E-03   5.55623E-03   2.43099E-03   5.01146E-03   3.45150E-04   4.15773E-03  -1.98818E-03   3.05851E-03  -4.42952E-03   1.78771E-03  -6.85091E-03   4.23180E-04  -9.14211E-03  -9.60225E-04  -1.12166E-02  -2.23489E-03  -1.27404E-02  -3.22671E-03  -1.33787E-02  -3.83412E-03  -1.31229E-02  -4.00985E-03  -1.20410E-02  -3.76418E-03  -1.02747E-02  -3.16334E-03  -8.03232E-03  -2.32358E-03  -5.57821E-03  -1.40175E-03  -3.21996E-03  -5.83924E-04  -1.29521E-03  -7.37564E-05  -1.59088E-04
 3.61000E+01   4.05912E-03   5.50235E-03   5.02328E-03   5.84148E-03   5.61461E-03   5.37169E-03   5.81234E-03   4.22196E-03   5.62008E-03   2.53095E-03   5.06500E-03   4.43149E-04   4.19509E-03  -1.89617E-03   3.07482E-03  -4.34686E-03   1.77944E-03  -6.78014E-03   3.88361E-04  -9.08494E-03  -1.02200E-03  -1.11740E-02  -2.32120E-03  -1.27123E-02  -3.33118E-03  -1.33642E-02  -3.94800E-03  -1.31194E-02  -4.12325E-03  -1.20453E-02  -3.86745E-03  -1.02835E-02  -3.24842E-03  -8.04240E-03  -2.38522E-03  -5.58699E-03  -1.43857E-03  -3.22586E-03  -5.99154E-04  -1.29786E-03  -7.56696E-05  -1.59441E-04
 3.64000E+01   4.12739E-03   5.59400E-03   5.11158E-03   5.95779E-03   5.71598E-03   5.50596E-03   5.91795E-03   4.36702E-03   5.72012E-03   2.67959E-03   5.14958E-03   5.88570E-04   4.25512E-03  -1.76001E-03   3.10273E-03  -4.22496E-03   1.76972E-03  -6.67629E-03   3.37876E-04  -9.00167E-03  -1.11394E-03  -1.11126E-02  -2.45099E-03  -1.26729E-02  -3.48917E-03  -1.33448E-02  -4.12083E-03  -1.31164E-02  -4.29579E-03  -1.20538E-02  -4.02486E-03  -1.02983E-02  -3.37826E-03  -8.05869E-03  -2.47939E-03  -5.60095E-03  -1.49488E-03  -3.23516E-03  -6.22453E-04  -1.30200E-03  -7.85978E-05  -1.59991E-04
 3.66000E+01   4.17422E-03   5.65489E-03   5.17230E-03   6.03499E-03   5.78590E-03   5.59498E-03   5.99105E-03   4.46305E-03   5.78968E-03   2.77783E-03   5.20883E-03   6.84475E-04   4.29780E-03  -1.67046E-03   3.12360E-03  -4.14507E-03   1.76497E-03  -6.60857E-03   3.05321E-04  -8.94776E-03  -1.17484E-03  -1.10733E-02  -2.53784E-03  -1.26483E-02  -3.59547E-03  -1.33335E-02  -4.23752E-03  -1.31159E-02  -4.41256E-03  -1.20607E-02  -4.13157E-03  -1.03092E-02  -3.46639E-03  -8.07029E-03  -2.54338E-03  -5.61074E-03  -1.53316E-03  -3.24163E-03  -6.38304E-04  -1.30487E-03  -8.05908E-05  -1.60371E-04
 3.69000E+01   4.24647E-03   5.74591E-03   5.26624E-03   6.15026E-03   5.89435E-03   5.72775E-03   6.10479E-03   4.60609E-03   5.89838E-03   2.92390E-03   5.30201E-03   8.26778E-04   4.36579E-03  -1.53793E-03   3.15830E-03  -4.02726E-03   1.76041E-03  -6.50918E-03   2.58041E-04  -8.86922E-03  -1.26572E-03  -1.10168E-02  -2.66877E-03  -1.26138E-02  -3.75658E-03  -1.33189E-02  -4.41498E-03  -1.31171E-02  -4.59053E-03  -1.20728E-02  -4.29447E-03  -1.03268E-02  -3.60110E-03  -8.08870E-03  -2.64126E-03  -5.62610E-03  -1.59177E-03  -3.25170E-03  -6.62585E-04  -1.30932E-03  -8.36450E-05  -1.60957E-04
 3.72000E+01   4.32118E-03   5.83652E-03   5.36364E-03   6.26489E-03   6.00715E-03   5.85959E-03   6.22351E-03   4.74788E-03   6.01237E-03   3.06840E-03   5.40044E-03   9.67212E-04   4.43860E-03  -1.40754E-03   3.19704E-03  -3.91182E-03   1.75885E-03  -6.41236E-03   2.12518E-04  -8.79337E-03  -1.35620E-03  -1.09631E-02  -2.80069E-03  -1.25820E-02  -3.91993E-03  -1.33067E-02  -4.59558E-03  -1.31205E-02  -4.77213E-03  -1.20868E-02  -4.46100E-03  -1.03460E-02  -3.73901E-03  -8.10820E-03  -2.74157E-03  -5.64217E-03  -1.65188E-03  -3.26216E-03  -6.87504E-04  -1.31391E-03  -8.67810E-05  -1.61560E-04
 3.74000E+01   4.37238E-03   5.89669E-03   5.43055E-03   6.34093E-03   6.08482E-03   5.94694E-03   6.30548E-03   4.84170E-03   6.09134E-03   3.16386E-03   5.46899E-03   1.05979E-03   4.48983E-03  -1.32181E-03   3.22511E-03  -3.83618E-03   1.75944E-03  -6.34920E-03   1.83088E-04  -8.74426E-03  -1.41639E-03  -1.09287E-02  -2.88929E-03  -1.25622E-02  -4.03019E-03  -1.33000E-02  -4.71787E-03  -1.31240E-02  -4.89535E-03  -1.20971E-02  -4.57417E-03  -1.03595E-02  -3.83282E-03  -8.12173E-03  -2.80987E-03  -5.65322E-03  -1.69283E-03  -3.26932E-03  -7.04489E-04  -1.31705E-03  -8.89194E-05  -1.61971E-04
 3.77000E+01   4.45131E-03   5.98657E-03   5.53392E-03   6.45439E-03   6.20508E-03   6.07713E-03   6.43273E-03   4.98133E-03   6.21434E-03   3.30570E-03   5.57629E-03   1.19709E-03   4.57073E-03  -1.19498E-03   3.27057E-03  -3.72464E-03   1.76275E-03  -6.25651E-03   1.40242E-04  -8.67268E-03  -1.50658E-03  -1.08793E-02  -3.02335E-03  -1.25346E-02  -4.19784E-03  -1.32917E-02  -4.90435E-03  -1.31308E-02  -5.08361E-03  -1.21138E-02  -4.74731E-03  -1.03808E-02  -3.97650E-03  -8.14274E-03  -2.91456E-03  -5.67025E-03  -1.75564E-03  -3.28029E-03  -7.30552E-04  -1.32183E-03  -9.22020E-05  -1.62596E-04
 3.80000E+01   4.53286E-03   6.07597E-03   5.64099E-03   6.56711E-03   6.32996E-03   6.20627E-03   6.56523E-03   5.11961E-03   6.34289E-03   3.44589E-03   5.68901E-03   1.33246E-03   4.65655E-03  -1.07030E-03   3.32008E-03  -3.61540E-03   1.76893E-03  -6.16623E-03   9.88648E-05  -8.60354E-03  -1.59683E-03  -1.08323E-02  -3.15899E-03  -1.25093E-02  -4.36840E-03  -1.32854E-02  -5.09471E-03  -1.31393E-02  -5.27625E-03  -1.21319E-02  -4.92476E-03  -1.04031E-02  -4.12394E-03  -8.16445E-03  -3.02207E-03  -5.68771E-03  -1.82019E-03  -3.29148E-03  -7.57353E-04  -1.32670E-03  -9.55789E-05  -1.63231E-04
 3.83000E+01   4.61709E-03   6.16485E-03   5.75183E-03   6.67902E-03   6.45955E-03   6.33430E-03   6.70310E-03   5.25646E-03   6.47709E-03   3.58436E-03   5.80727E-03   1.46586E-03   4.74735E-03  -9.47781E-04   3.37365E-03  -3.50846E-03   1.77793E-03  -6.07829E-03   5.88641E-05  -8.53674E-03  -1.68726E-03  -1.07875E-02  -3.29640E-03  -1.24860E-02  -4.54214E-03  -1.32810E-02  -5.28925E-03  -1.31494E-02  -5.47352E-03  -1.21512E-02  -5.10677E-03  -1.04263E-02  -4.27532E-03  -8.18670E-03  -3.13257E-03  -5.70548E-03  -1.88658E-03  -3.30282E-03  -7.84929E-04  -1.33162E-03  -9.90549E-05  -1.63871E-04
 3.85000E+01   4.67477E-03   6.22379E-03   5.82788E-03   6.75315E-03   6.54863E-03   6.41900E-03   6.79806E-03   5.34686E-03   6.56976E-03   3.67568E-03   5.88922E-03   1.55367E-03   4.81068E-03  -8.67320E-04   3.41163E-03  -3.43844E-03   1.78549E-03  -6.02095E-03   3.29184E-05  -8.49347E-03  -1.74774E-03  -1.07589E-02  -3.38910E-03  -1.24716E-02  -4.65985E-03  -1.32789E-02  -5.42139E-03  -1.31568E-02  -5.60776E-03  -1.21646E-02  -5.23076E-03  -1.04421E-02  -4.37855E-03  -8.20175E-03  -3.20796E-03  -5.71745E-03  -1.93190E-03  -3.31043E-03  -8.03763E-04  -1.33491E-03  -1.01430E-04  -1.64298E-04
 3.88000E+01   4.76364E-03   6.31169E-03   5.94525E-03   6.86357E-03   6.68635E-03   6.54500E-03   6.94517E-03   5.48116E-03   6.71365E-03   3.81112E-03   6.01691E-03   1.68366E-03   4.90994E-03  -7.48488E-04   3.47203E-03  -3.33533E-03   1.79915E-03  -5.93686E-03  -4.97837E-06  -8.43039E-03  -1.83883E-03  -1.07176E-02  -3.52994E-03  -1.24515E-02  -4.83943E-03  -1.32771E-02  -5.62349E-03  -1.31688E-02  -5.81339E-03  -1.21853E-02  -5.42092E-03  -1.04661E-02  -4.53701E-03  -8.22453E-03  -3.32377E-03  -5.73547E-03  -2.00154E-03  -3.32186E-03  -8.32716E-04  -1.33984E-03  -1.05081E-04  -1.64938E-04
 3.91000E+01   4.85538E-03   6.39894E-03   6.06666E-03   6.97301E-03   6.82911E-03   6.66966E-03   7.09799E-03   5.61379E-03   6.86354E-03   3.94462E-03   6.15042E-03   1.81149E-03   5.01439E-03  -6.31938E-04   3.53657E-03  -3.23453E-03   1.81558E-03  -5.85502E-03  -4.17169E-05  -8.36943E-03  -1.93051E-03  -1.06783E-02  -3.67311E-03  -1.24330E-02  -5.02284E-03  -1.32766E-02  -5.83049E-03  -1.31818E-02  -6.02441E-03  -1.22065E-02  -5.61633E-03  -1.04904E-02  -4.69999E-03  -8.24737E-03  -3.44297E-03  -5.75346E-03  -2.07327E-03  -3.33323E-03  -8.62549E-04  -1.34474E-03  -1.08845E-04  -1.65571E-04
 3.94000E+01   4.95007E-03   6.48547E-03   6.19224E-03   7.08136E-03   6.97705E-03   6.79288E-03   7.25668E-03   5.74464E-03   7.01956E-03   4.07606E-03   6.28986E-03   1.93707E-03   5.12412E-03  -5.17740E-04   3.60531E-03  -3.13609E-03   1.83478E-03  -5.77543E-03  -7.73687E-05  -8.31054E-03  -2.02290E-03  -1.06407E-02  -3.81879E-03  -1.24160E-02  -5.21035E-03  -1.32770E-02  -6.04268E-03  -1.31953E-02  -6.24109E-03  -1.22280E-02  -5.81723E-03  -1.05148E-02  -4.86771E-03  -8.27008E-03  -3.56573E-03  -5.77127E-03  -2.14718E-03  -3.34446E-03  -8.93299E-04  -1.34956E-03  -1.12727E-04  -1.66195E-04
 3.97000E+01   5.04781E-03   6.57120E-03   6.32208E-03   7.18853E-03   7.13029E-03   6.91454E-03   7.42138E-03   5.87358E-03   7.18186E-03   4.20531E-03   6.43538E-03   2.06028E-03   5.23923E-03  -4.05978E-04   3.67830E-03  -3.04003E-03   1.85673E-03  -5.69807E-03  -1.12001E-04  -8.25362E-03  -2.11615E-03  -1.06049E-02  -3.96720E-03  -1.24002E-02  -5.40219E-03  -1.32783E-02  -6.26032E-03  -1.32092E-02  -6.46372E-03  -1.22495E-02  -6.02390E-03  -1.05389E-02  -5.04039E-03  -8.29245E-03  -3.69219E-03  -5.78874E-03  -2.22336E-03  -3.35545E-03  -9.25008E-04  -1.35427E-03  -1.16730E-04  -1.66803E-04
 4.00000E+01   5.14867E-03   6.65606E-03   6.45632E-03   7.29441E-03   7.28899E-03   7.03449E-03   7.59225E-03   6.00046E-03   7.35060E-03   4.33223E-03   6.58710E-03   2.18100E-03   5.35982E-03  -2.96753E-04   3.75559E-03  -2.94642E-03   1.88145E-03  -5.62295E-03  -1.45675E-04  -8.19862E-03  -2.21037E-03  -1.05705E-02  -4.11852E-03  -1.23855E-02  -5.59861E-03  -1.32802E-02  -6.48370E-03  -1.32232E-02  -6.69258E-03  -1.22707E-02  -6.23658E-03  -1.05625E-02  -5.21824E-03  -8.31424E-03  -3.82253E-03  -5.80572E-03  -2.30191E-03  -3.36609E-03  -9.57717E-04  -1.35883E-03  -1.20860E-04  -1.67391E-04
 4.02000E+01   5.21769E-03   6.71210E-03   6.54831E-03   7.36422E-03   7.39789E-03   7.11343E-03   7.70966E-03   6.08382E-03   7.46675E-03   4.41546E-03   6.69177E-03   2.26001E-03   5.44331E-03  -2.25403E-04   3.80954E-03  -2.88540E-03   1.89946E-03  -5.57411E-03  -1.67621E-04  -8.16298E-03  -2.27380E-03  -1.05484E-02  -4.22112E-03  -1.23762E-02  -5.73222E-03  -1.32815E-02  -6.63594E-03  -1.32325E-02  -6.84876E-03  -1.22846E-02  -6.38184E-03  -1.05778E-02  -5.33980E-03  -8.32833E-03  -3.91166E-03  -5.81667E-03  -2.35564E-03  -3.37295E-03  -9.80097E-04  -1.36176E-03  -1.23687E-04  -1.67768E-04
 4.05000E+01   5.32394E-03   6.79530E-03   6.69012E-03   7.46766E-03   7.56599E-03   7.23020E-03   7.89116E-03   6.20688E-03   7.64657E-03   4.53809E-03   6.85416E-03   2.37621E-03   5.57328E-03  -1.20674E-04   3.89415E-03  -2.79602E-03   1.92880E-03  -5.50272E-03  -1.99827E-04  -8.11103E-03  -2.36994E-03  -1.05163E-02  -4.37772E-03  -1.23628E-02  -5.93681E-03  -1.32837E-02  -6.86948E-03  -1.32459E-02  -7.08863E-03  -1.23046E-02  -6.60515E-03  -1.05999E-02  -5.52678E-03  -8.34862E-03  -4.04881E-03  -5.83240E-03  -2.43836E-03  -3.38278E-03  -1.01456E-03  -1.36596E-03  -1.28042E-04  -1.68308E-04
 4.08000E+01   5.43356E-03   6.87735E-03   6.83665E-03   7.56944E-03   7.73995E-03   7.34482E-03   8.07927E-03   6.32738E-03   7.83326E-03   4.65790E-03   7.02315E-03   2.48947E-03   5.70905E-03  -1.88340E-05   3.98325E-03  -2.70930E-03   1.96092E-03  -5.43359E-03  -2.31222E-04  -8.06083E-03  -2.46740E-03  -1.04853E-02  -4.53774E-03  -1.23498E-02  -6.14663E-03  -1.32856E-02  -7.10950E-03  -1.32586E-02  -7.33548E-03  -1.23235E-02  -6.83517E-03  -1.06206E-02  -5.71952E-03  -8.36765E-03  -4.19027E-03  -5.84712E-03  -2.52371E-03  -3.39197E-03  -1.05013E-03  -1.36988E-03  -1.32537E-04  -1.68812E-04
 4.11000E+01   5.54662E-03   6.95816E-03   6.98802E-03   7.66941E-03   7.91990E-03   7.45709E-03   8.27415E-03   6.44512E-03   8.02700E-03   4.77466E-03   7.19889E-03   2.59957E-03   5.85072E-03   7.99524E-05   4.07692E-03  -2.62533E-03   1.99585E-03  -5.36677E-03  -2.61855E-04  -8.01233E-03  -2.56629E-03  -1.04553E-02  -4.70137E-03  -1.23371E-02  -6.36191E-03  -1.32870E-02  -7.35626E-03  -1.32701E-02  -7.58960E-03  -1.23408E-02  -7.07218E-03  -1.06397E-02  -5.91824E-03  -8.38512E-03  -4.33620E-03  -5.86062E-03  -2.61179E-03  -3.40038E-03  -1.08685E-03  -1.37346E-03  -1.37179E-04  -1.69271E-04
 4.14000E+01   5.66322E-03   7.03758E-03   7.14436E-03   7.76737E-03   8.10601E-03   7.56680E-03   8.47596E-03   6.55983E-03   8.22794E-03   4.88811E-03   7.38155E-03   2.70629E-03   5.99843E-03   1.75499E-04   4.17523E-03  -2.54425E-03   2.03361E-03  -5.30228E-03  -2.91772E-04  -7.96546E-03  -2.66672E-03  -1.04262E-02  -4.86878E-03  -1.23243E-02  -6.58290E-03  -1.32876E-02  -7.61003E-03  -1.32801E-02  -7.85126E-03  -1.23562E-02  -7.31644E-03  -1.06568E-02  -6.12318E-03  -8.40072E-03  -4.48675E-03  -5.87266E-03  -2.70270E-03  -3.40786E-03  -1.12476E-03  -1.37664E-03  -1.41972E-04  -1.69679E-04
 4.17000E+01   5.78345E-03   7.11549E-03   7.30578E-03   7.86314E-03   8.29843E-03   7.67370E-03   8.68489E-03   6.67125E-03   8.43627E-03   4.99799E-03   7.57127E-03   2.80938E-03   6.15230E-03   2.67599E-04   4.27826E-03  -2.46620E-03   2.07421E-03  -5.24018E-03  -3.21015E-04  -7.92019E-03  -2.76881E-03  -1.03977E-02  -5.04017E-03  -1.23113E-02  -6.80982E-03  -1.32869E-02  -7.87108E-03  -1.32882E-02  -8.12074E-03  -1.23692E-02  -7.56820E-03  -1.06713E-02  -6.33453E-03  -8.41411E-03  -4.64210E-03  -5.88299E-03  -2.79653E-03  -3.41428E-03  -1.16390E-03  -1.37937E-03  -1.46921E-04  -1.70027E-04
 4.20000E+01   5.90740E-03   7.19171E-03   7.47242E-03   7.95651E-03   8.49731E-03   7.77753E-03   8.90111E-03   6.77910E-03   8.65216E-03   5.10399E-03   7.76821E-03   2.90855E-03   6.31246E-03   3.56022E-04   4.38609E-03  -2.39132E-03   2.11769E-03  -5.18053E-03  -3.49626E-04  -7.87647E-03  -2.87266E-03  -1.03698E-02  -5.21569E-03  -1.22978E-02  -7.04291E-03  -1.32847E-02  -8.13967E-03  -1.32939E-02  -8.39830E-03  -1.23795E-02  -7.82771E-03  -1.06831E-02  -6.55251E-03  -8.42493E-03  -4.80238E-03  -5.89134E-03  -2.89338E-03  -3.41946E-03  -1.20431E-03  -1.38156E-03  -1.52032E-04  -1.70308E-04
 4.23000E+01   6.03516E-03   7.26610E-03   7.64440E-03   8.04723E-03   8.70281E-03   7.87800E-03   9.12477E-03   6.88304E-03   8.87577E-03   5.20579E-03   7.97253E-03   3.00351E-03   6.47903E-03   4.40515E-04   4.49881E-03  -2.31979E-03   2.16406E-03  -5.12340E-03  -3.77642E-04  -7.83424E-03  -2.97839E-03  -1.03423E-02  -5.39552E-03  -1.22834E-02  -7.28239E-03  -1.32806E-02  -8.41605E-03  -1.32968E-02  -8.68421E-03  -1.23864E-02  -8.09522E-03  -1.06915E-02  -6.77734E-03  -8.43280E-03  -4.96776E-03  -5.89743E-03  -2.99333E-03  -3.42323E-03  -1.24602E-03  -1.38315E-03  -1.57309E-04  -1.70510E-04
 4.26000E+01   6.16682E-03   7.33846E-03   7.82184E-03   8.13506E-03   8.91506E-03   7.97479E-03   9.35604E-03   6.98272E-03   9.10727E-03   5.30302E-03   8.18438E-03   3.09391E-03   6.65214E-03   5.20800E-04   4.61648E-03  -2.25180E-03   2.21336E-03  -5.06887E-03  -4.05100E-04  -7.79346E-03  -3.08609E-03  -1.03149E-02  -5.57982E-03  -1.22678E-02  -7.52846E-03  -1.32740E-02  -8.70047E-03  -1.32964E-02  -8.97872E-03  -1.23895E-02  -8.37096E-03  -1.06960E-02  -7.00920E-03  -8.43729E-03  -5.13839E-03  -5.90095E-03  -3.09649E-03  -3.42540E-03  -1.28908E-03  -1.38406E-03  -1.62757E-04  -1.70626E-04
 4.29000E+01   6.30245E-03   7.40861E-03   8.00486E-03   8.21971E-03   9.13422E-03   8.06758E-03   9.59508E-03   7.07778E-03   9.34682E-03   5.39530E-03   8.40391E-03   3.17940E-03   6.83189E-03   5.96572E-04   4.73920E-03  -2.18758E-03   2.26561E-03  -5.01704E-03  -4.32032E-04  -7.75410E-03  -3.19585E-03  -1.02875E-02  -5.76875E-03  -1.22507E-02  -7.78133E-03  -1.32646E-02  -8.99317E-03  -1.32922E-02  -9.28208E-03  -1.23883E-02  -8.65517E-03  -1.06962E-02  -7.24829E-03  -8.43796E-03  -5.31439E-03  -5.90156E-03  -3.20293E-03  -3.42578E-03  -1.33352E-03  -1.38421E-03  -1.68381E-04  -1.70643E-04
 4.32000E+01   6.44214E-03   7.47632E-03   8.19355E-03   8.30090E-03   9.36040E-03   8.15598E-03   9.84203E-03   7.16779E-03   9.59455E-03   5.48221E-03   8.63124E-03   3.25957E-03   7.01840E-03   6.67500E-04   4.86702E-03  -2.12734E-03   2.32082E-03  -4.96802E-03  -4.58472E-04  -7.71612E-03  -3.30777E-03  -1.02599E-02  -5.96245E-03  -1.22319E-02  -8.04119E-03  -1.32519E-02  -9.29436E-03  -1.32835E-02  -9.59451E-03  -1.23821E-02  -8.94806E-03  -1.06915E-02  -7.49479E-03  -8.43433E-03  -5.49591E-03  -5.89892E-03  -3.31273E-03  -3.42414E-03  -1.37937E-03  -1.38350E-03  -1.74185E-04  -1.70551E-04
 4.36000E+01   6.63482E-03   7.56242E-03   8.45416E-03   8.40320E-03   9.67314E-03   8.26636E-03   1.01838E-02   7.27918E-03   9.93785E-03   5.58893E-03   8.94671E-03   3.35745E-03   7.27777E-03   7.53909E-04   5.04551E-03  -2.05367E-03   2.39910E-03  -4.90723E-03  -4.93010E-04  -7.66754E-03  -3.46049E-03  -1.02225E-02  -6.22837E-03  -1.22032E-02  -8.39886E-03  -1.32290E-02  -9.70950E-03  -1.32641E-02  -1.00255E-02  -1.23650E-02  -9.35240E-03  -1.06766E-02  -7.83526E-03  -8.42192E-03  -5.74673E-03  -5.88966E-03  -3.46449E-03  -3.41842E-03  -1.44276E-03  -1.38106E-03  -1.82209E-04  -1.70236E-04
 4.39000E+01   6.78423E-03   7.62353E-03   8.65649E-03   8.47501E-03   9.91619E-03   8.34295E-03   1.04498E-02   7.35562E-03   1.02052E-02   5.66146E-03   9.19273E-03   3.42350E-03   7.48042E-03   8.12081E-04   5.18549E-03  -2.00377E-03   2.46131E-03  -4.86524E-03  -5.18414E-04  -7.63262E-03  -3.57776E-03  -1.01936E-02  -6.43370E-03  -1.21785E-02  -8.67570E-03  -1.32065E-02  -1.00313E-02  -1.32427E-02  -1.03599E-02  -1.23447E-02  -9.66626E-03  -1.06580E-02  -8.09966E-03  -8.40622E-03  -5.94157E-03  -5.87790E-03  -3.58242E-03  -3.41116E-03  -1.49203E-03  -1.37797E-03  -1.88447E-04  -1.69839E-04
 4.42000E+01   6.93791E-03   7.68138E-03   8.86478E-03   8.54218E-03   1.01666E-02   8.41372E-03   1.07240E-02   7.42541E-03   1.04812E-02   5.72695E-03   9.44690E-03   3.48268E-03   7.69012E-03   8.64093E-04   5.33076E-03  -1.95880E-03   2.52655E-03  -4.82650E-03  -5.43421E-04  -7.59896E-03  -3.69743E-03  -1.01638E-02  -6.64421E-03  -1.21507E-02  -8.96005E-03  -1.31789E-02  -1.03621E-02  -1.32148E-02  -1.07040E-02  -1.23172E-02  -9.98936E-03  -1.06324E-02  -8.37194E-03  -8.38439E-03  -6.14227E-03  -5.86152E-03  -3.70391E-03  -3.40105E-03  -1.54279E-03  -1.37368E-03  -1.94875E-04  -1.69287E-04
 4.45000E+01   7.09588E-03   7.73568E-03   9.07910E-03   8.60431E-03   1.04245E-02   8.47817E-03   1.10066E-02   7.48797E-03   1.07658E-02   5.78482E-03   9.70931E-03   3.53443E-03   7.90691E-03   9.09479E-04   5.48135E-03  -1.91908E-03   2.59482E-03  -4.79119E-03  -5.68056E-04  -7.56652E-03  -3.81956E-03  -1.01328E-02  -6.85997E-03  -1.21193E-02  -9.25201E-03  -1.31456E-02  -1.07021E-02  -1.31796E-02  -1.10578E-02  -1.22816E-02  -1.03218E-02  -1.05989E-02  -8.65220E-03  -8.35579E-03  -6.34891E-03  -5.84004E-03  -3.82903E-03  -3.38782E-03  -1.59508E-03  -1.36806E-03  -2.01497E-04  -1.68567E-04
 4.48000E+01   7.25819E-03   7.78611E-03   9.29948E-03   8.66097E-03   1.06899E-02   8.53576E-03   1.12976E-02   7.54271E-03   1.10591E-02   5.83446E-03   9.97998E-03   3.57817E-03   8.13082E-03   9.47745E-04   5.63726E-03  -1.88499E-03   2.66610E-03  -4.75946E-03  -5.92343E-04  -7.53529E-03  -3.94419E-03  -1.01004E-02  -7.08105E-03  -1.20839E-02  -9.55167E-03  -1.31058E-02  -1.10515E-02  -1.31363E-02  -1.14215E-02  -1.22372E-02  -1.06637E-02  -1.05569E-02  -8.94050E-03  -8.31975E-03  -6.56152E-03  -5.81298E-03  -3.95779E-03  -3.37115E-03  -1.64889E-03  -1.36099E-03  -2.08313E-04  -1.67661E-04
 4.52000E+01   7.48134E-03   7.84678E-03   9.60276E-03   8.72720E-03   1.10554E-02   8.60089E-03   1.16987E-02   7.60240E-03   1.14637E-02   5.88668E-03   1.03537E-02   3.62295E-03   8.44044E-03   9.86772E-04   5.85343E-03  -1.84893E-03   2.76581E-03  -4.72310E-03  -6.24227E-04  -7.49545E-03  -4.11432E-03  -1.00546E-02  -7.38414E-03  -1.20294E-02  -9.96324E-03  -1.30416E-02  -1.15317E-02  -1.30645E-02  -1.19220E-02  -1.21627E-02  -1.11343E-02  -1.04860E-02  -9.33745E-03  -8.25891E-03  -6.85434E-03  -5.76730E-03  -4.13515E-03  -3.34303E-03  -1.72303E-03  -1.34907E-03  -2.17704E-04  -1.66135E-04
 4.55000E+01   7.65375E-03   7.88689E-03   9.83728E-03   8.76925E-03   1.13382E-02   8.64020E-03   1.20094E-02   7.63632E-03   1.17773E-02   5.91446E-03   1.06437E-02   3.64552E-03   8.68091E-03   1.00631E-03   6.02172E-03  -1.82947E-03   2.84406E-03  -4.70054E-03  -6.47793E-04  -7.46689E-03  -4.24490E-03  -1.00179E-02  -7.61772E-03  -1.19824E-02  -1.02809E-02  -1.29841E-02  -1.19028E-02  -1.29991E-02  -1.23088E-02  -1.20942E-02  -1.14982E-02  -1.04206E-02  -9.64455E-03  -8.20271E-03  -7.08093E-03  -5.72510E-03  -4.27242E-03  -3.31707E-03  -1.78042E-03  -1.33808E-03  -2.24974E-04  -1.64728E-04
 4.58000E+01   7.83043E-03   7.92197E-03   1.00778E-02   8.80418E-03   1.16285E-02   8.67062E-03   1.23283E-02   7.66012E-03   1.20994E-02   5.93165E-03   1.09417E-02   3.65785E-03   8.92838E-03   1.01684E-03   6.19522E-03  -1.81700E-03   2.92522E-03  -4.68228E-03  -6.71087E-04  -7.43945E-03  -4.37803E-03  -9.97877E-03  -7.85663E-03  -1.19296E-02  -1.06063E-02  -1.29177E-02  -1.22831E-02  -1.29226E-02  -1.27055E-02  -1.20138E-02  -1.18715E-02  -1.03436E-02  -9.95962E-03  -8.13656E-03  -7.31344E-03  -5.67545E-03  -4.41329E-03  -3.28654E-03  -1.83933E-03  -1.32516E-03  -2.32437E-04  -1.63075E-04
 4.61000E+01   8.01133E-03   7.95163E-03   1.03242E-02   8.83145E-03   1.19260E-02   8.69147E-03   1.26554E-02   7.67304E-03   1.24300E-02   5.93745E-03   1.12478E-02   3.65921E-03   9.18272E-03   1.01772E-03   6.37384E-03  -1.81198E-03   3.00925E-03  -4.66854E-03  -6.94130E-04  -7.41310E-03  -4.51369E-03  -9.93704E-03  -8.10080E-03  -1.18705E-02  -1.09393E-02  -1.28416E-02  -1.26725E-02  -1.28341E-02  -1.31118E-02  -1.19203E-02  -1.22540E-02  -1.02541E-02  -1.02825E-02  -8.05962E-03  -7.55177E-03  -5.61772E-03  -4.55772E-03  -3.25106E-03  -1.89972E-03  -1.31015E-03  -2.40089E-04  -1.61156E-04
 4.65000E+01   8.25891E-03   7.98201E-03   1.06617E-02   8.85488E-03   1.23338E-02   8.70313E-03   1.31040E-02   7.67196E-03   1.28835E-02   5.92604E-03   1.16679E-02   3.64257E-03   9.53222E-03   1.00273E-03   6.61973E-03  -1.81771E-03   3.12559E-03  -4.65771E-03  -7.24498E-04  -7.37961E-03  -4.69842E-03  -9.87675E-03  -8.43434E-03  -1.17805E-02  -1.13946E-02  -1.27237E-02  -1.32055E-02  -1.26958E-02  -1.36682E-02  -1.17737E-02  -1.27779E-02  -1.01135E-02  -1.07249E-02  -7.93874E-03  -7.87835E-03  -5.52705E-03  -4.75564E-03  -3.19536E-03  -1.98249E-03  -1.28660E-03  -2.50577E-04  -1.58145E-04
 4.68000E+01   8.44921E-03   7.99738E-03   1.09212E-02   8.86198E-03   1.26475E-02   8.69881E-03   1.34493E-02   7.65632E-03   1.32329E-02   5.90199E-03   1.19918E-02   3.61519E-03   9.80183E-03   9.78447E-04   6.80971E-03  -1.83200E-03   3.21593E-03  -4.65554E-03  -7.47033E-04  -7.35571E-03  -4.83976E-03  -9.82760E-03  -8.69026E-03  -1.17040E-02  -1.17444E-02  -1.26216E-02  -1.36152E-02  -1.25753E-02  -1.40961E-02  -1.16457E-02  -1.31809E-02  -9.99064E-03  -1.10652E-02  -7.83317E-03  -8.12962E-03  -5.44789E-03  -4.90794E-03  -3.14675E-03  -2.04619E-03  -1.26605E-03  -2.58649E-04  -1.55520E-04
 4.71000E+01   8.64328E-03   8.00589E-03   1.11860E-02   8.85940E-03   1.29678E-02   8.68242E-03   1.38019E-02   7.62700E-03   1.35898E-02   5.86367E-03   1.23228E-02   3.57409E-03   1.00775E-02   9.42188E-04   7.00420E-03  -1.85544E-03   3.30878E-03  -4.65878E-03  -7.69383E-04  -7.33283E-03  -4.98339E-03  -9.77473E-03  -8.95089E-03  -1.16190E-02  -1.21009E-02  -1.25069E-02  -1.40330E-02  -1.24393E-02  -1.45325E-02  -1.15010E-02  -1.35920E-02  -9.85173E-03  -1.14125E-02  -7.71378E-03  -8.38603E-03  -5.35839E-03  -5.06336E-03  -3.09181E-03  -2.11119E-03  -1.24284E-03  -2.66887E-04  -1.52554E-04
 4.75000E+01   8.90750E-03   8.00577E-03   1.15468E-02   8.83979E-03   1.34042E-02   8.64043E-03   1.42827E-02   7.56508E-03   1.40765E-02   5.78876E-03   1.27743E-02   3.49644E-03   1.04539E-02   8.73907E-04   7.27005E-03  -1.90188E-03   3.43618E-03  -4.67202E-03  -7.98928E-04  -7.30387E-03  -5.17820E-03  -9.69783E-03  -9.30519E-03  -1.14913E-02  -1.25860E-02  -1.23327E-02  -1.46016E-02  -1.22319E-02  -1.51267E-02  -1.12800E-02  -1.41519E-02  -9.63949E-03  -1.18855E-02  -7.53139E-03  -8.73530E-03  -5.22172E-03  -5.27509E-03  -3.00795E-03  -2.19976E-03  -1.20742E-03  -2.78111E-04  -1.48030E-04
 4.78000E+01   9.10941E-03   7.99648E-03   1.18226E-02   8.81210E-03   1.37380E-02   8.59276E-03   1.46504E-02   7.50032E-03   1.44490E-02   5.71348E-03   1.31200E-02   3.41989E-03   1.07422E-02   8.06751E-04   7.47389E-03  -1.94883E-03   3.53419E-03  -4.68902E-03  -8.20922E-04  -7.28330E-03  -5.32657E-03  -9.63490E-03  -9.57555E-03  -1.13838E-02  -1.29565E-02  -1.21848E-02  -1.50360E-02  -1.20553E-02  -1.55807E-02  -1.10917E-02  -1.45798E-02  -9.45854E-03  -1.22470E-02  -7.37593E-03  -9.00226E-03  -5.10526E-03  -5.43693E-03  -2.93651E-03  -2.26745E-03  -1.17725E-03  -2.86691E-04  -1.44178E-04
 4.82000E+01   9.38300E-03   7.97091E-03   1.21964E-02   8.75661E-03   1.41906E-02   8.50608E-03   1.51492E-02   7.38778E-03   1.49542E-02   5.58584E-03   1.35891E-02   3.29168E-03   1.11336E-02   6.94473E-04   7.75081E-03  -2.02865E-03   3.66769E-03  -4.72167E-03  -8.50061E-04  -7.25736E-03  -5.52701E-03  -9.54332E-03  -9.94136E-03  -1.12236E-02  -1.34580E-02  -1.19628E-02  -1.56243E-02  -1.17895E-02  -1.61956E-02  -1.08080E-02  -1.51593E-02  -9.18600E-03  -1.27366E-02  -7.14182E-03  -9.36391E-03  -4.92994E-03  -5.65618E-03  -2.82901E-03  -2.35917E-03  -1.13187E-03  -2.98314E-04  -1.38385E-04
 4.85000E+01   9.59096E-03   7.94123E-03   1.24806E-02   8.70020E-03   1.45347E-02   8.42265E-03   1.55285E-02   7.28254E-03   1.53385E-02   5.46840E-03   1.39460E-02   3.17474E-03   1.14315E-02   5.92210E-04   7.96170E-03  -2.10218E-03   3.76958E-03  -4.75403E-03  -8.71802E-04  -7.23901E-03  -5.67896E-03  -9.46843E-03  -1.02190E-02  -1.10900E-02  -1.38388E-02  -1.17765E-02  -1.60710E-02  -1.15660E-02  -1.66627E-02  -1.05692E-02  -1.55996E-02  -8.95664E-03  -1.31086E-02  -6.94485E-03  -9.63862E-03  -4.78247E-03  -5.82273E-03  -2.73860E-03  -2.42884E-03  -1.09371E-03  -3.07144E-04  -1.33515E-04
 4.89000E+01   9.87104E-03   7.88679E-03   1.28634E-02   8.60403E-03   1.49983E-02   8.28532E-03   1.60395E-02   7.11270E-03   1.58564E-02   5.28111E-03   1.44269E-02   2.98943E-03   1.18329E-02   4.30342E-04   8.24607E-03  -2.21949E-03   3.90717E-03  -4.80825E-03  -9.00674E-04  -7.21599E-03  -5.88316E-03  -9.35964E-03  -1.05925E-02  -1.08925E-02  -1.43511E-02  -1.14997E-02  -1.66721E-02  -1.12335E-02  -1.72911E-02  -1.02139E-02  -1.61918E-02  -8.61536E-03  -1.36090E-02  -6.65182E-03  -1.00082E-02  -4.56314E-03  -6.04678E-03  -2.60418E-03  -2.52256E-03  -1.03699E-03  -3.19022E-04  -1.26277E-04
 4.92000E+01   1.00825E-02   7.83423E-03   1.31524E-02   8.51536E-03   1.53484E-02   8.16176E-03   1.64255E-02   6.96206E-03   1.62474E-02   5.11644E-03   1.47901E-02   2.82729E-03   1.21361E-02   2.88858E-04   8.46085E-03  -2.32261E-03   4.01118E-03  -4.85756E-03  -9.22267E-04  -7.19979E-03  -6.03703E-03  -9.27092E-03  -1.08740E-02  -1.07290E-02  -1.47373E-02  -1.12698E-02  -1.71253E-02  -1.09569E-02  -1.77649E-02  -9.91824E-03  -1.66384E-02  -8.33138E-03  -1.39863E-02  -6.40804E-03  -1.02868E-02  -4.38072E-03  -6.21566E-03  -2.49240E-03  -2.59320E-03  -9.89833E-04  -3.27974E-04  -1.20260E-04
 4.96000E+01   1.03652E-02   7.74770E-03   1.35388E-02   8.37400E-03   1.58163E-02   7.96821E-03   1.69412E-02   6.72863E-03   1.67700E-02   4.86300E-03   1.52754E-02   2.57871E-03   1.25412E-02   7.21379E-05   8.74782E-03  -2.48126E-03   4.15018E-03  -4.93536E-03  -9.51015E-04  -7.17958E-03  -6.24239E-03  -9.14254E-03  -1.12498E-02  -1.04895E-02  -1.52528E-02  -1.09318E-02  -1.77300E-02  -1.05498E-02  -1.83969E-02  -9.48304E-03  -1.72339E-02  -7.91341E-03  -1.44894E-02  -6.04930E-03  -1.06583E-02  -4.11234E-03  -6.44085E-03  -2.32799E-03  -2.68738E-03  -9.20483E-04  -3.39910E-04  -1.11413E-04
 4.99000E+01   1.05768E-02   7.66999E-03   1.38281E-02   8.24992E-03   1.61665E-02   7.80059E-03   1.73272E-02   6.52816E-03   1.71609E-02   4.64652E-03   1.56384E-02   2.36704E-03   1.28441E-02  -1.12258E-04   8.96237E-03  -2.61668E-03   4.25406E-03  -5.00305E-03  -9.72569E-04  -7.16546E-03  -6.39597E-03  -9.03833E-03  -1.15306E-02  -1.02931E-02  -1.56380E-02  -1.06536E-02  -1.81817E-02  -1.02146E-02  -1.88690E-02  -9.12464E-03  -1.76787E-02  -7.56922E-03  -1.48650E-02  -5.75396E-03  -1.09356E-02  -3.89143E-03  -6.60893E-03  -2.19268E-03  -2.75767E-03  -8.63418E-04  -3.48817E-04  -1.04134E-04
 5.03000E+01   1.08571E-02   7.54867E-03   1.42110E-02   8.05954E-03   1.66300E-02   7.54609E-03   1.78378E-02   6.22583E-03   1.76780E-02   4.32145E-03   1.61183E-02   2.05000E-03   1.32445E-02  -3.88269E-04   9.24576E-03  -2.81991E-03   4.39107E-03  -5.10614E-03  -1.00134E-03  -7.14798E-03  -6.59916E-03  -8.88835E-03  -1.19019E-02  -1.00077E-02  -1.61468E-02  -1.02487E-02  -1.87782E-02  -9.72628E-03  -1.94921E-02  -8.60248E-03  -1.82655E-02  -7.06784E-03  -1.53605E-02  -5.32379E-03  -1.13014E-02  -3.56973E-03  -6.83057E-03  -1.99567E-03  -2.85035E-03  -7.80345E-04  -3.60559E-04  -9.35394E-05
 5.07000E+01   1.11334E-02   7.40655E-03   1.45883E-02   7.83990E-03   1.70863E-02   7.25520E-03   1.83403E-02   5.88235E-03   1.81866E-02   3.95362E-03   1.65900E-02   1.69211E-03   1.36377E-02  -6.99629E-04   9.52381E-03  -3.04968E-03   4.52515E-03  -5.22424E-03  -1.03019E-03  -7.13201E-03  -6.79932E-03  -8.72535E-03  -1.22670E-02  -9.69472E-03  -1.66466E-02  -9.80380E-03  -1.93637E-02  -9.18934E-03  -2.01033E-02  -8.02827E-03  -1.88409E-02  -6.51654E-03  -1.58462E-02  -4.85088E-03  -1.16598E-02  -3.21614E-03  -7.04768E-03  -1.77917E-03  -2.94112E-03  -6.89066E-04  -3.72057E-04  -8.18992E-05
 5.10000E+01   1.13367E-02   7.28609E-03   1.48657E-02   7.65562E-03   1.74217E-02   7.01271E-03   1.87093E-02   5.59727E-03   1.85598E-02   3.64919E-03   1.69359E-02   1.39643E-03   1.39258E-02  -9.56744E-04   9.72726E-03  -3.23972E-03   4.62292E-03  -5.32281E-03  -1.05192E-03  -7.12101E-03  -6.94657E-03  -8.59435E-03  -1.25349E-02  -9.44156E-03  -1.70130E-02  -9.44328E-03  -1.97925E-02  -8.75411E-03  -2.05507E-02  -7.56281E-03  -1.92618E-02  -6.06969E-03  -1.62013E-02  -4.46763E-03  -1.19217E-02  -2.92963E-03  -7.20632E-03  -1.60377E-03  -3.00742E-03  -6.15120E-04  -3.80455E-04  -7.24703E-05
 5.14000E+01   1.16007E-02   7.10682E-03   1.52255E-02   7.38366E-03   1.78563E-02   6.65676E-03   1.91871E-02   5.18028E-03   1.90427E-02   3.20496E-03   1.73830E-02   9.65573E-04   1.42978E-02  -1.33123E-03   9.98944E-03  -3.51687E-03   4.74829E-03  -5.46763E-03  -1.08104E-03  -7.10763E-03  -7.13783E-03  -8.40791E-03  -1.28818E-02  -9.07921E-03  -1.74865E-02  -8.92656E-03  -2.03461E-02  -8.13006E-03  -2.11278E-02  -6.89541E-03  -1.98044E-02  -5.42904E-03  -1.66588E-02  -3.91823E-03  -1.22590E-02  -2.51896E-03  -7.41051E-03  -1.35238E-03  -3.09274E-03  -5.09155E-04  -3.91258E-04  -5.89596E-05
 5.18000E+01   1.18543E-02   6.90635E-03   1.55708E-02   7.08185E-03   1.82728E-02   6.26370E-03   1.96444E-02   4.72134E-03   1.95042E-02   2.71715E-03   1.78098E-02   4.93104E-04   1.46521E-02  -1.74171E-03   1.02385E-02  -3.82101E-03   4.86647E-03  -5.62766E-03  -1.11038E-03  -7.09567E-03  -7.32177E-03  -8.20805E-03  -1.32139E-02  -8.68861E-03  -1.79386E-02  -8.36881E-03  -2.08737E-02  -7.45626E-03  -2.16770E-02  -6.17478E-03  -2.03203E-02  -4.73736E-03  -1.70934E-02  -3.32515E-03  -1.25792E-02  -2.07569E-03  -7.60423E-03  -1.08107E-03  -3.17364E-03  -3.94803E-04  -4.01498E-04  -4.43807E-05
 5.21000E+01   1.20363E-02   6.74233E-03   1.58181E-02   6.83625E-03   1.85706E-02   5.94498E-03   1.99710E-02   4.35011E-03   1.98332E-02   2.32320E-03   1.81135E-02   1.11923E-04   1.49038E-02  -2.07277E-03   1.04148E-02  -4.06652E-03   4.94937E-03  -5.75749E-03  -1.13257E-03  -7.08761E-03  -7.45391E-03  -8.04949E-03  -1.34510E-02  -8.37743E-03  -1.82607E-02  -7.92405E-03  -2.12488E-02  -6.91881E-03  -2.20668E-02  -5.59997E-03  -2.06860E-02  -4.18568E-03  -1.74011E-02  -2.85215E-03  -1.28057E-02  -1.72222E-03  -7.74122E-03  -8.64741E-04  -3.23082E-03  -3.03630E-04  -4.08733E-04  -3.27575E-05
 5.25000E+01   1.22659E-02   6.50602E-03   1.61294E-02   6.48399E-03   1.89448E-02   5.48918E-03   2.03804E-02   3.82026E-03   2.02450E-02   1.76170E-03   1.84928E-02  -4.30922E-04   1.52172E-02  -2.54412E-03   1.06335E-02  -4.41633E-03   5.05089E-03  -5.94324E-03  -1.16243E-03  -7.07806E-03  -7.62094E-03  -7.82692E-03  -1.37487E-02  -7.93904E-03  -1.86632E-02  -7.29691E-03  -2.17165E-02  -6.16081E-03  -2.25520E-02  -4.78927E-03  -2.11403E-02  -3.40764E-03  -1.77831E-02  -2.18514E-03  -1.30866E-02  -1.22379E-03  -7.91089E-03  -5.59719E-04  -3.30160E-03  -1.75085E-04  -4.17683E-04  -1.63709E-05
 5.29000E+01   1.24781E-02   6.25060E-03   1.64163E-02   6.10480E-03   1.92888E-02   4.99989E-03   2.07557E-02   3.25257E-03   2.06213E-02   1.16087E-03   1.88382E-02  -1.01134E-03   1.55015E-02  -3.04798E-03   1.08304E-02  -4.79054E-03   5.14055E-03  -6.14276E-03  -1.19266E-03  -7.06984E-03  -7.77593E-03  -7.59226E-03  -1.40218E-02  -7.47517E-03  -1.90306E-02  -6.63275E-03  -2.21416E-02  -5.35788E-03  -2.29917E-02  -3.93050E-03  -2.15512E-02  -2.58351E-03  -1.81277E-02  -1.47866E-03  -1.33396E-02  -6.95903E-04  -8.06354E-03  -2.36693E-04  -3.36520E-03  -3.89613E-05  -4.25719E-04   9.81087E-07
 5.33000E+01   1.26707E-02   5.97754E-03   1.66756E-02   5.70078E-03   1.95982E-02   4.47971E-03   2.10920E-02   2.64995E-03   2.09571E-02   5.23722E-04   1.91451E-02  -1.62646E-03   1.57525E-02  -3.58189E-03   1.10027E-02  -5.18731E-03   5.21668E-03  -6.35503E-03  -1.22332E-03  -7.06290E-03  -7.91721E-03  -7.34651E-03  -1.42672E-02  -6.98783E-03  -1.93580E-02  -5.93448E-03  -2.25184E-02  -4.51352E-03  -2.33798E-02  -3.02737E-03  -2.19125E-02  -1.71683E-03  -1.84299E-02  -7.35744E-04  -1.35610E-02  -1.40827E-04  -8.19685E-03   1.02954E-04  -3.42067E-03   1.04161E-04  -4.32718E-04   1.92245E-05
 5.37000E+01   1.28413E-02   5.68873E-03   1.69038E-02   5.27456E-03   1.98691E-02   3.93191E-03   2.13849E-02   2.01608E-03   2.12478E-02  -1.45927E-04   1.94089E-02  -2.27266E-03   1.59665E-02  -4.14272E-03   1.11474E-02  -5.60434E-03   5.27776E-03  -6.57880E-03  -1.25444E-03  -7.05719E-03  -8.04323E-03  -7.09093E-03  -1.44815E-02  -6.47960E-03  -1.96409E-02  -5.20575E-03  -2.28413E-02  -3.63215E-03  -2.37103E-02  -2.08461E-03  -2.22187E-02  -8.12120E-04  -1.86850E-02   3.97534E-05  -1.37472E-02   4.38574E-04  -8.30867E-03   4.57474E-04  -3.46708E-03   2.53546E-04  -4.38564E-04   3.82658E-05
 5.41000E+01   1.29878E-02   5.38642E-03   1.70982E-02   4.82931E-03   2.00980E-02   3.36041E-03   2.16301E-02   1.35539E-03   2.14891E-02  -8.43501E-04   1.96257E-02  -2.94558E-03   1.61399E-02  -4.72673E-03   1.12620E-02  -6.03885E-03   5.32238E-03  -6.81254E-03  -1.28608E-03  -7.05267E-03  -8.15258E-03  -6.82704E-03  -1.46620E-02  -5.95355E-03  -1.98750E-02  -4.45099E-03  -2.31055E-02  -2.71909E-03  -2.39781E-02  -1.10786E-03  -2.24649E-02   1.25215E-04  -1.88887E-02   8.43210E-04  -1.38950E-02   1.03885E-03  -8.39703E-03   8.24764E-04  -3.50362E-03   4.08309E-04  -4.43153E-04   5.79924E-05
 5.44000E+01   1.30808E-02   5.15237E-03   1.72203E-02   4.48505E-03   2.02401E-02   2.91893E-03   2.17807E-02   8.45300E-04   2.16355E-02  -1.38186E-03   1.97553E-02  -3.46483E-03   1.62417E-02  -5.17740E-03   1.13269E-02  -6.37430E-03   5.34432E-03  -6.99336E-03  -1.31017E-03  -7.05002E-03  -8.22292E-03  -6.62471E-03  -1.47737E-02  -5.54944E-03  -2.00166E-02  -3.87088E-03  -2.32625E-02  -2.01715E-03  -2.41351E-02  -3.56904E-04  -2.26074E-02   8.45901E-04  -1.90055E-02   1.46097E-03  -1.39791E-02   1.50040E-03  -8.44689E-03   1.10717E-03  -3.52411E-03   5.27303E-04  -4.45714E-04   7.31597E-05
 5.48000E+01   1.31812E-02   4.83284E-03   1.73497E-02   4.01549E-03   2.03882E-02   2.31711E-03   2.19349E-02   1.50236E-04   2.17822E-02  -2.11529E-03   1.98820E-02  -4.17216E-03   1.63376E-02  -5.79137E-03   1.13839E-02  -6.83154E-03   5.35742E-03  -7.24028E-03  -1.34281E-03  -7.04744E-03  -8.30037E-03  -6.35062E-03  -1.48894E-02  -5.00101E-03  -2.01578E-02  -3.08315E-03  -2.34143E-02  -1.06379E-03  -2.42828E-02   6.63154E-04  -2.27386E-02   1.82490E-03  -1.91108E-02   2.30018E-03  -1.40535E-02   2.12741E-03  -8.49041E-03   1.49082E-03  -3.54177E-03   6.88961E-04  -4.47898E-04   9.37651E-05
 5.52000E+01   1.32536E-02   4.50757E-03   1.74398E-02   3.53780E-03   2.04874E-02   1.70513E-03   2.20338E-02  -5.56407E-04   2.18717E-02  -2.86086E-03   1.99541E-02  -4.89121E-03   1.63864E-02  -6.41564E-03   1.14059E-02  -7.29670E-03   5.35140E-03  -7.49197E-03  -1.37606E-03  -7.04590E-03  -8.35849E-03  -6.07350E-03  -1.49659E-02  -4.44542E-03  -2.02425E-02  -2.28467E-03  -2.34979E-02  -9.71283E-05  -2.43579E-02   1.69760E-03  -2.28002E-02   2.81781E-03  -1.91565E-02   3.15137E-03  -1.40835E-02   2.76340E-03  -8.50675E-03   1.87997E-03  -3.54800E-03   8.52941E-04  -4.48626E-04   1.14667E-04
 5.56000E+01   1.32974E-02   4.17978E-03   1.74897E-02   3.05650E-03   2.05366E-02   1.08856E-03   2.20762E-02  -1.26834E-03   2.19025E-02  -3.61206E-03   1.99704E-02  -5.61580E-03   1.63872E-02  -7.04491E-03   1.13922E-02  -7.76588E-03   5.32582E-03  -7.74630E-03  -1.40997E-03  -7.04533E-03  -8.39689E-03  -5.79553E-03  -1.50023E-02  -3.88709E-03  -2.02696E-02  -1.48173E-03  -2.35119E-02   8.75237E-04  -2.43587E-02   2.73836E-03  -2.27905E-02   3.81690E-03  -1.91413E-02   4.00794E-03  -1.40681E-02   3.40345E-03  -8.49533E-03   2.27163E-03  -3.54253E-03   1.01798E-03  -4.47864E-04   1.35705E-04
 5.60000E+01   1.33125E-02   3.85273E-03   1.74991E-02   2.57618E-03   2.05355E-02   4.73115E-04   2.20618E-02  -1.97914E-03   2.18744E-02  -4.36223E-03   1.99305E-02  -6.33961E-03   1.63396E-02  -7.67373E-03   1.13426E-02  -8.23503E-03   5.28058E-03  -8.00106E-03  -1.44454E-03  -7.04569E-03  -8.41549E-03  -5.51894E-03  -1.49985E-02  -3.33053E-03  -2.02389E-02  -6.80782E-04  -2.34560E-02   1.84554E-03  -2.42848E-02   3.77716E-03  -2.27094E-02   4.81428E-03  -1.90649E-02   4.86314E-03  -1.40070E-02   4.04254E-03  -8.45600E-03   2.66273E-03  -3.52532E-03   1.18280E-03  -4.45606E-04   1.56715E-04
 5.64000E+01   1.32992E-02   3.52968E-03   1.74685E-02   2.10141E-03   2.04848E-02  -1.35540E-04   2.19914E-02  -2.68241E-03   2.17881E-02  -5.10477E-03   1.98351E-02  -7.05634E-03   1.62442E-02  -8.29671E-03   1.12574E-02  -8.70016E-03   5.21587E-03  -8.25410E-03  -1.47980E-03  -7.04691E-03  -8.41453E-03  -5.24595E-03  -1.49549E-02  -2.78021E-03  -2.01509E-02   1.11754E-04  -2.33310E-02   2.80607E-03  -2.41370E-02   4.80578E-03  -2.25575E-02   5.80209E-03  -1.89280E-02   5.71028E-03  -1.39008E-02   4.67567E-03  -8.38907E-03   3.05022E-03  -3.49648E-03   1.34611E-03  -4.41868E-04   1.77534E-04
 5.68000E+01   1.32583E-02   3.21379E-03   1.73992E-02   1.63662E-03   2.03859E-02  -7.31916E-04   2.18665E-02  -3.37197E-03   2.16453E-02  -5.83327E-03   1.96859E-02  -7.75993E-03   1.61025E-02  -8.90864E-03   1.11378E-02  -9.15741E-03   5.13223E-03  -8.50330E-03  -1.51577E-03  -7.04894E-03  -8.39461E-03  -4.97871E-03  -1.48726E-02  -2.24047E-03  -2.00074E-02   8.89680E-04  -2.31388E-02   3.74934E-03  -2.39175E-02   5.81628E-03  -2.23369E-02   6.77274E-03  -1.87323E-02   6.54285E-03  -1.37506E-02   5.29802E-03  -8.29531E-03   3.43116E-03  -3.45635E-03   1.50667E-03  -4.36690E-04   1.98003E-04
 5.73000E+01   1.31705E-02   2.83347E-03   1.72607E-02   1.07596E-03   2.01978E-02  -1.45232E-03   2.16376E-02  -4.20585E-03   2.13912E-02  -6.71506E-03   1.94274E-02  -8.61228E-03   1.58632E-02  -9.65057E-03   1.09420E-02  -9.71238E-03   5.00231E-03  -8.80642E-03  -1.56172E-03  -7.05254E-03  -8.34443E-03  -4.65580E-03  -1.47183E-02  -1.58683E-03  -1.97538E-02   1.83272E-03  -2.28088E-02   4.89357E-03  -2.35472E-02   7.04260E-03  -2.19692E-02   7.95111E-03  -1.84089E-02   7.55387E-03  -1.35041E-02   6.05391E-03  -8.14217E-03   3.89391E-03  -3.39105E-03   1.70174E-03  -4.28291E-04   2.22875E-04
 5.77000E+01   1.30729E-02   2.54408E-03   1.71114E-02   6.48240E-04   1.99995E-02  -2.00295E-03   2.14004E-02  -4.84416E-03   2.11317E-02  -7.39086E-03   1.91669E-02  -9.26620E-03   1.56255E-02  -1.02204E-02   1.07509E-02  -1.01391E-02   4.87943E-03  -9.04004E-03  -1.59928E-03  -7.05621E-03  -8.28550E-03  -4.40858E-03  -1.45564E-02  -1.08519E-03  -1.94956E-02   2.55730E-03  -2.24778E-02   5.77339E-03  -2.31794E-02   7.98606E-03  -2.16064E-02   8.85806E-03  -1.80914E-02   8.33227E-03  -1.32631E-02   6.63603E-03  -7.99284E-03   4.25035E-03  -3.32752E-03   1.85202E-03  -4.20133E-04   2.42039E-04
 5.81000E+01   1.29532E-02   2.27039E-03   1.69310E-02   2.42512E-04   1.97624E-02  -2.52640E-03   2.11194E-02  -5.45197E-03   2.08267E-02  -8.03524E-03   1.88630E-02  -9.89046E-03   1.53503E-02  -1.07649E-02   1.05319E-02  -1.05475E-02   4.74115E-03  -9.26410E-03  -1.63755E-03  -7.06055E-03  -8.21141E-03  -4.17294E-03  -1.43634E-02  -6.05903E-04  -1.91925E-02   3.25043E-03  -2.20925E-02   6.61568E-03  -2.27536E-02   8.88981E-03  -2.11879E-02   9.72721E-03  -1.77261E-02   9.07850E-03  -1.29864E-02   7.19425E-03  -7.82172E-03   4.59223E-03  -3.25481E-03   1.99618E-03  -4.10804E-04   2.60425E-04
 5.85000E+01   1.28136E-02   2.01433E-03   1.67227E-02  -1.38538E-04   1.94905E-02  -3.01935E-03   2.07991E-02  -6.02554E-03   2.04808E-02  -8.64433E-03   1.85200E-02  -1.04814E-02   1.50414E-02  -1.12811E-02   1.02878E-02  -1.09351E-02   4.58896E-03  -9.47733E-03  -1.67653E-03  -7.06550E-03  -8.12376E-03  -3.95018E-03  -1.41426E-02  -1.51575E-04  -1.88492E-02   3.90836E-03  -2.16584E-02   7.41593E-03  -2.22754E-02   9.74903E-03  -2.07192E-02   1.05540E-02  -1.73179E-02   9.78862E-03  -1.26776E-02   7.72563E-03  -7.63094E-03   4.91776E-03  -3.17381E-03   2.13347E-03  -4.00420E-04   2.77938E-04
 5.89000E+01   1.26568E-02   1.77739E-03   1.64899E-02  -4.92780E-04   1.91882E-02  -3.47915E-03   2.04442E-02  -6.56190E-03   2.00990E-02  -9.21504E-03   1.81428E-02  -1.10360E-02   1.47028E-02  -1.17663E-02   1.00214E-02  -1.13001E-02   4.42446E-03  -9.67870E-03  -1.71620E-03  -7.07104E-03  -8.02425E-03  -3.74131E-03  -1.38973E-02   2.75712E-04  -1.84704E-02   4.52811E-03  -2.11813E-02   8.17056E-03  -2.17512E-02   1.05599E-02  -2.02063E-02   1.13347E-02  -1.68717E-02   1.04595E-02  -1.23404E-02   8.22785E-03  -7.42278E-03   5.22551E-03  -3.08549E-03   2.26330E-03  -3.89103E-04   2.94501E-04
 5.94000E+01   1.24401E-02   1.50980E-03   1.61699E-02  -8.95539E-04   1.87742E-02  -4.00438E-03   1.99597E-02  -7.17672E-03   1.95792E-02  -9.87107E-03   1.76304E-02  -1.16750E-02   1.42442E-02  -1.23265E-02   9.66200E-03  -1.17225E-02   4.20407E-03  -9.91261E-03  -1.76678E-03  -7.07875E-03  -7.88589E-03  -3.50088E-03  -1.35616E-02   7.69518E-04  -1.79548E-02   5.24584E-03  -2.05336E-02   9.04573E-03  -2.10408E-02   1.15013E-02  -1.95121E-02   1.22418E-02  -1.62685E-02   1.12396E-02  -1.18849E-02   8.81207E-03  -7.14175E-03   5.58366E-03  -2.96631E-03   2.41444E-03  -3.73835E-04   3.13788E-04
 5.98000E+01   1.22535E-02   1.31943E-03   1.58951E-02  -1.18453E-03   1.84195E-02  -4.38348E-03   1.95455E-02  -7.62244E-03   1.91354E-02  -1.03483E-02   1.71938E-02  -1.21412E-02   1.38542E-02  -1.27363E-02   9.35704E-03  -1.20323E-02   4.01797E-03  -1.00849E-02  -1.80801E-03  -7.08551E-03  -7.76618E-03  -3.32563E-03  -1.32742E-02   1.13118E-03  -1.75146E-02   5.77283E-03  -1.99817E-02   9.68942E-03  -2.04363E-02   1.21946E-02  -1.89219E-02   1.29105E-02  -1.57559E-02   1.18150E-02  -1.14981E-02   9.24331E-03  -6.90315E-03   5.84816E-03  -2.86515E-03   2.52610E-03  -3.60879E-04   3.28041E-04
 6.02000E+01   1.20578E-02   1.15046E-03   1.56074E-02  -1.44354E-03   1.80486E-02  -4.72549E-03   1.91129E-02  -8.02649E-03   1.86725E-02  -1.07826E-02   1.67386E-02  -1.25668E-02   1.34481E-02  -1.31114E-02   9.03987E-03  -1.23167E-02   3.82493E-03  -1.02439E-02  -1.84993E-03  -7.09279E-03  -7.64033E-03  -3.16577E-03  -1.29736E-02   1.46273E-03  -1.70553E-02   6.25722E-03  -1.94063E-02   1.02821E-02  -1.98064E-02   1.28338E-02  -1.83072E-02   1.35278E-02  -1.52222E-02   1.23466E-02  -1.10953E-02   9.64194E-03  -6.65482E-03   6.09277E-03  -2.75988E-03   2.62940E-03  -3.47398E-04   3.41231E-04
 6.06000E+01   1.18553E-02   1.00286E-03   1.53101E-02  -1.67259E-03   1.76657E-02  -5.03046E-03   1.86665E-02  -8.38893E-03   1.81950E-02  -1.11739E-02   1.62695E-02  -1.29517E-02   1.30297E-02  -1.34518E-02   8.71340E-03  -1.25757E-02   3.62652E-03  -1.03894E-02  -1.89252E-03  -7.10056E-03  -7.51000E-03  -3.02128E-03  -1.26633E-02   1.76423E-03  -1.65815E-02   6.69910E-03  -1.88130E-02   1.08240E-02  -1.91570E-02   1.34191E-02  -1.76736E-02   1.40936E-02  -1.46723E-02   1.28344E-02  -1.06804E-02   1.00080E-02  -6.39897E-03   6.31754E-03  -2.65142E-03   2.72437E-03  -3.33510E-04   3.53362E-04
 6.11000E+01   1.15962E-02   8.47914E-04   1.49298E-02  -1.91749E-03   1.71761E-02  -5.36044E-03   1.80958E-02  -8.78444E-03   1.75848E-02  -1.16037E-02   1.56701E-02  -1.33767E-02   1.24951E-02  -1.38295E-02   8.29632E-03  -1.28644E-02   3.37315E-03  -1.05528E-02  -1.94671E-03  -7.11096E-03  -7.34314E-03  -2.86189E-03  -1.22664E-02   2.09957E-03  -1.59755E-02   7.19268E-03  -1.80543E-02   1.14310E-02  -1.83266E-02   1.40762E-02  -1.68634E-02   1.47298E-02  -1.39689E-02   1.33835E-02  -1.01497E-02   1.04206E-02  -6.07173E-03   6.57105E-03  -2.51271E-03   2.83155E-03  -3.15746E-04   3.67058E-04
 6.15000E+01   1.13865E-02   7.46897E-04   1.46221E-02  -2.08127E-03   1.67799E-02  -5.58467E-03   1.76341E-02  -9.05619E-03   1.70909E-02  -1.19015E-02   1.51848E-02  -1.36731E-02   1.20622E-02  -1.40944E-02   7.95847E-03  -1.30681E-02   3.16777E-03  -1.06691E-02  -1.99082E-03  -7.11982E-03  -7.20823E-03  -2.75087E-03  -1.19450E-02   2.33560E-03  -1.54846E-02   7.54194E-03  -1.74395E-02   1.18620E-02  -1.76535E-02   1.45440E-02  -1.62065E-02   1.51837E-02  -1.33985E-02   1.37759E-02  -9.71923E-03   1.07157E-02  -5.80630E-03   6.75256E-03  -2.40017E-03   2.90834E-03  -3.01335E-04   3.76877E-04
 6.20000E+01   1.11244E-02   6.48024E-04   1.42373E-02  -2.24759E-03   1.62843E-02  -5.81748E-03   1.70560E-02  -9.34255E-03   1.64724E-02  -1.22187E-02   1.45767E-02  -1.39916E-02   1.15194E-02  -1.43811E-02   7.53452E-03  -1.32902E-02   2.90964E-03  -1.07974E-02  -2.04692E-03  -7.13155E-03  -7.03989E-03  -2.63178E-03  -1.15427E-02   2.59212E-03  -1.48693E-02   7.92404E-03  -1.66682E-02   1.23357E-02  -1.68086E-02   1.50597E-02  -1.53815E-02   1.56852E-02  -1.26820E-02   1.42103E-02  -9.17837E-03   1.10428E-02  -5.47269E-03   6.95403E-03  -2.25872E-03   2.99366E-03  -2.83216E-04   3.87794E-04
 6.24000E+01   1.09166E-02   5.89706E-04   1.39320E-02  -2.35154E-03   1.58907E-02  -5.96772E-03   1.65968E-02  -9.53122E-03   1.59806E-02  -1.24308E-02   1.40928E-02  -1.42070E-02   1.10870E-02  -1.45769E-02   7.19637E-03  -1.34433E-02   2.70325E-03  -1.08871E-02  -2.09257E-03  -7.14145E-03  -6.90680E-03  -2.55147E-03  -1.12230E-02   2.76813E-03  -1.43794E-02   8.18843E-03  -1.60535E-02   1.26652E-02  -1.61348E-02   1.54198E-02  -1.47231E-02   1.60366E-02  -1.21099E-02   1.45153E-02  -8.74634E-03   1.12730E-02  -5.20613E-03   7.09594E-03  -2.14566E-03   3.05382E-03  -2.68733E-04   3.95498E-04
 6.29000E+01   1.06615E-02   5.41078E-04   1.35568E-02  -2.44748E-03   1.54065E-02  -6.11350E-03   1.60310E-02  -9.71987E-03   1.53741E-02  -1.26472E-02   1.34953E-02  -1.44302E-02   1.05525E-02  -1.47824E-02   6.77762E-03  -1.36060E-02   2.44683E-03  -1.09841E-02  -2.15062E-03  -7.15448E-03  -6.74398E-03  -2.46856E-03  -1.08292E-02   2.95402E-03  -1.37745E-02   8.47069E-03  -1.52932E-02   1.30194E-02  -1.53005E-02   1.58089E-02  -1.39074E-02   1.64175E-02  -1.14006E-02   1.48469E-02  -8.21048E-03   1.15238E-02  -4.87537E-03   7.25085E-03  -2.00534E-03   3.11957E-03  -2.50753E-04   4.03927E-04
 6.33000E+01   1.04626E-02   5.20243E-04   1.32636E-02  -2.49893E-03   1.50275E-02  -6.19884E-03   1.55876E-02  -9.83567E-03   1.48982E-02  -1.27842E-02   1.30258E-02  -1.45745E-02   1.01319E-02  -1.49176E-02   6.44742E-03  -1.37149E-02   2.24383E-03  -1.10505E-02  -2.19785E-03  -7.16543E-03  -6.61752E-03  -2.41529E-03  -1.05207E-02   3.07732E-03  -1.32991E-02   8.66060E-03  -1.46948E-02   1.32599E-02  -1.46429E-02   1.60748E-02  -1.32639E-02   1.66790E-02  -1.08406E-02   1.50753E-02  -7.78719E-03   1.16970E-02  -4.61399E-03   7.35806E-03  -1.89441E-03   3.16515E-03  -2.36535E-04   4.09777E-04
 6.38000E+01   1.02218E-02   5.14927E-04   1.29081E-02  -2.53421E-03   1.45671E-02  -6.26966E-03   1.50481E-02  -9.94018E-03   1.43180E-02  -1.29139E-02   1.24526E-02  -1.47158E-02   9.61736E-03  -1.50532E-02   6.04247E-03  -1.38265E-02   1.99370E-03  -1.11207E-02  -2.25792E-03  -7.17975E-03  -6.46527E-03  -2.36369E-03  -1.01454E-02   3.20226E-03  -1.27187E-02   8.85680E-03  -1.39625E-02   1.35113E-02  -1.38371E-02   1.63549E-02  -1.24744E-02   1.69561E-02  -1.01531E-02   1.53185E-02  -7.26709E-03   1.18820E-02  -4.29265E-03   7.47290E-03  -1.75798E-03   3.21408E-03  -2.19042E-04   4.16066E-04
 6.42000E+01   1.00363E-02   5.25875E-04   1.26336E-02  -2.54116E-03   1.42110E-02  -6.30002E-03   1.46299E-02  -9.99430E-03   1.38675E-02  -1.29873E-02   1.20066E-02  -1.48001E-02   9.21614E-03  -1.51373E-02   5.72582E-03  -1.38980E-02   1.79705E-03  -1.11676E-02  -2.30681E-03  -7.19172E-03  -6.34876E-03  -2.33345E-03  -9.85459E-03   3.28080E-03  -1.22671E-02   8.98357E-03  -1.33913E-02   1.36763E-02  -1.32075E-02   1.65408E-02  -1.18568E-02   1.71415E-02  -9.61470E-03   1.54821E-02  -6.85953E-03   1.20071E-02  -4.04070E-03   7.55074E-03  -1.65096E-03   3.24732E-03  -2.05316E-04   4.20348E-04
 6.47000E+01   9.81451E-03   5.56743E-04   1.23043E-02  -2.52579E-03   1.37826E-02  -6.30828E-03   1.41257E-02  -1.00286E-02   1.33232E-02  -1.30448E-02   1.14666E-02  -1.48731E-02   8.72914E-03  -1.52148E-02   5.34022E-03  -1.39672E-02   1.55613E-03  -1.12157E-02  -2.36901E-03  -7.20732E-03  -6.21041E-03  -2.30817E-03  -9.50422E-03   3.35475E-03  -1.17203E-02   9.10788E-03  -1.26978E-02   1.38419E-02  -1.24417E-02   1.67300E-02  -1.11045E-02   1.73321E-02  -8.95816E-03   1.56516E-02  -6.36209E-03   1.21373E-02  -3.73297E-03   7.63220E-03  -1.52018E-03   3.28222E-03  -1.88535E-04   4.24854E-04
 6.52000E+01   9.60449E-03   6.04763E-04   1.19914E-02  -2.48644E-03   1.33742E-02  -6.28691E-03   1.36437E-02  -1.00298E-02   1.28014E-02  -1.30681E-02   1.09473E-02  -1.49138E-02   8.25943E-03  -1.52649E-02   4.96682E-03  -1.40165E-02   1.32106E-03  -1.12534E-02  -2.43246E-03  -7.22363E-03  -6.08070E-03  -2.29542E-03  -9.16947E-03   3.40449E-03  -1.11947E-02   9.19812E-03  -1.20289E-02   1.39667E-02  -1.17012E-02   1.68761E-02  -1.03757E-02   1.74817E-02  -8.32128E-03   1.57862E-02  -5.87904E-03   1.22417E-02  -3.43389E-03   7.69786E-03  -1.39299E-03   3.31049E-03  -1.72208E-04   4.28516E-04
 6.56000E+01   9.44534E-03   6.54201E-04   1.17533E-02  -2.43954E-03   1.30625E-02  -6.25080E-03   1.32747E-02  -1.00094E-02   1.24008E-02  -1.30648E-02   1.05476E-02  -1.49257E-02   7.89671E-03  -1.52874E-02   4.67729E-03  -1.40431E-02   1.13743E-03  -1.12769E-02  -2.48414E-03  -7.23717E-03  -5.98343E-03  -2.29332E-03  -8.91343E-03   3.42870E-03  -1.07901E-02   9.24841E-03  -1.15121E-02   1.40405E-02  -1.11278E-02   1.69654E-02  -9.81042E-03   1.75751E-02  -7.82662E-03   1.58716E-02  -5.50346E-03   1.23085E-02  -3.20116E-03   7.74026E-03  -1.29396E-03   3.32885E-03  -1.59488E-04   4.30905E-04
 6.61000E+01   9.25779E-03   7.28223E-04   1.14715E-02  -2.36384E-03   1.26922E-02  -6.18460E-03   1.28348E-02  -9.96029E-03   1.19216E-02  -1.30365E-02   1.00680E-02  -1.49178E-02   7.45999E-03  -1.52961E-02   4.32714E-03  -1.40623E-02   9.13551E-04  -1.12991E-02  -2.54995E-03  -7.25472E-03  -5.87019E-03  -2.29972E-03  -8.60847E-03   3.44166E-03  -1.03048E-02   9.28698E-03  -1.08898E-02   1.41038E-02  -1.04354E-02   1.70464E-02  -9.12656E-03   1.76628E-02  -7.22731E-03   1.59534E-02  -5.04789E-03   1.23736E-02  -2.91862E-03   7.78203E-03  -1.17364E-03   3.34709E-03  -1.44027E-04   4.33293E-04
 6.66000E+01   9.08303E-03   8.14233E-04   1.12074E-02  -2.27138E-03   1.23434E-02  -6.09775E-03   1.24188E-02  -9.88810E-03   1.14668E-02  -1.29844E-02   9.61092E-03  -1.48875E-02   7.04200E-03  -1.52859E-02   3.99018E-03  -1.40678E-02   6.95984E-04  -1.13142E-02  -2.61714E-03  -7.27295E-03  -5.76634E-03  -2.31503E-03  -8.32046E-03   3.43761E-03  -9.84237E-03   9.30172E-03  -1.02940E-02   1.41387E-02  -9.77042E-03   1.70974E-02  -8.46815E-03   1.77219E-02  -6.64927E-03   1.60110E-02  -4.60788E-03   1.24207E-02  -2.64543E-03   7.81282E-03  -1.05721E-03   3.36071E-03  -1.29055E-04   4.35093E-04
 6.71000E+01   8.92105E-03   9.10659E-04   1.09611E-02  -2.16439E-03   1.20163E-02  -5.99300E-03   1.20267E-02  -9.79590E-03   1.10361E-02  -1.29118E-02   9.17627E-03  -1.48379E-02   6.64265E-03  -1.52593E-02   3.66632E-03  -1.40615E-02   4.84656E-04  -1.13233E-02  -2.68578E-03  -7.29184E-03  -5.67193E-03  -2.33813E-03  -8.04940E-03   3.41876E-03  -9.40284E-03   9.29574E-03  -9.72468E-03   1.41490E-02  -9.13264E-03   1.71224E-02  -7.83505E-03   1.77563E-02  -6.09235E-03   1.60475E-02  -4.18330E-03   1.24522E-02  -2.38151E-03   7.83407E-03  -9.44630E-04   3.37033E-03  -1.14569E-04   4.36386E-04
 6.76000E+01   8.77174E-03   1.01608E-03   1.07322E-02  -2.04486E-03   1.17106E-02  -5.87282E-03   1.16583E-02  -9.68645E-03   1.06295E-02  -1.28214E-02   8.76378E-03  -1.47717E-02   6.26167E-03  -1.52187E-02   3.35534E-03  -1.40450E-02   2.79413E-04  -1.13273E-02  -2.75593E-03  -7.31138E-03  -5.58690E-03  -2.36801E-03  -7.79511E-03   3.38710E-03  -8.98588E-03   9.27186E-03  -9.18133E-03   1.41380E-02  -8.52162E-03   1.71249E-02  -7.22679E-03   1.77694E-02  -5.55616E-03   1.60659E-02  -3.77385E-03   1.24701E-02  -2.12667E-03   7.84711E-03  -8.35816E-04   3.37650E-03  -1.00556E-04   4.37239E-04
 6.80000E+01   8.66128E-03   1.10602E-03   1.05616E-02  -1.94142E-03   1.14812E-02  -5.76707E-03   1.13803E-02  -9.58817E-03   1.03210E-02  -1.27382E-02   8.44941E-03  -1.47084E-02   5.96982E-03  -1.51775E-02   3.11560E-03  -1.40256E-02   1.19453E-04  -1.13274E-02  -2.81317E-03  -7.32746E-03  -5.52555E-03  -2.39619E-03  -7.60356E-03   3.35375E-03  -8.66823E-03   9.24159E-03  -8.76497E-03   1.41159E-02  -8.05160E-03   1.71130E-02  -6.75762E-03   1.77665E-02  -5.14171E-03   1.60692E-02  -3.45687E-03   1.24761E-02  -1.92915E-03   7.85242E-03  -7.51395E-04   3.37929E-03  -8.96773E-05   4.37648E-04
 6.85000E+01   8.53419E-03   1.22449E-03   1.03635E-02  -1.80371E-03   1.12129E-02  -5.62456E-03   1.10531E-02  -9.45382E-03   9.95609E-03  -1.26224E-02   8.07548E-03  -1.46183E-02   5.62073E-03  -1.51168E-02   2.82686E-03  -1.39946E-02  -7.54262E-05  -1.13242E-02  -2.88618E-03  -7.34811E-03  -5.45707E-03  -2.43605E-03  -7.37862E-03   3.30340E-03  -8.29057E-03   9.19171E-03  -8.26675E-03   1.40741E-02  -7.48685E-03   1.70829E-02  -6.19223E-03   1.77486E-02  -4.64116E-03   1.60613E-02  -3.07340E-03   1.24745E-02  -1.68987E-03   7.85355E-03  -6.49030E-04   3.38045E-03  -7.64759E-05   4.37866E-04
 6.90000E+01   8.41900E-03   1.34870E-03   1.01819E-02  -1.65803E-03   1.09646E-02  -5.47227E-03   1.07481E-02  -9.30859E-03   9.61340E-03  -1.24955E-02   7.72202E-03  -1.45177E-02   5.28851E-03  -1.50473E-02   2.54981E-03  -1.39574E-02  -2.64952E-04  -1.13179E-02  -2.96088E-03  -7.36934E-03  -5.39755E-03  -2.48037E-03  -7.16938E-03   3.24479E-03  -7.93377E-03   9.13037E-03  -7.79239E-03   1.40187E-02  -6.94648E-03   1.70385E-02  -5.64933E-03   1.77171E-02  -4.15927E-03   1.60417E-02  -2.70348E-03   1.24643E-02  -1.45870E-03   7.84944E-03  -5.50017E-04   3.37942E-03  -6.36956E-05   4.37804E-04
 6.95000E+01   8.31536E-03   1.47771E-03   1.00162E-02  -1.50568E-03   1.07357E-02  -5.31182E-03   1.04643E-02  -9.15429E-03   9.29215E-03  -1.23593E-02   7.38827E-03  -1.44086E-02   4.97247E-03  -1.49705E-02   2.28393E-03  -1.39151E-02  -4.49450E-04  -1.13091E-02  -3.03733E-03  -7.39112E-03  -5.34676E-03  -2.52848E-03  -6.97531E-03   3.17922E-03  -7.59707E-03   9.05940E-03  -7.34089E-03   1.39518E-02  -6.42938E-03   1.69822E-02  -5.12786E-03   1.76742E-02  -3.69511E-03   1.60125E-02  -2.34642E-03   1.24469E-02  -1.23521E-03   7.84093E-03  -4.54173E-04   3.37654E-03  -5.13126E-05   4.37506E-04
 7.00000E+01   8.22288E-03   1.61071E-03   9.86583E-03  -1.34781E-03   1.05254E-02  -5.14462E-03   1.02010E-02  -8.99250E-03   8.99151E-03  -1.22155E-02   7.07340E-03  -1.42923E-02   4.67189E-03  -1.48878E-02   2.02864E-03  -1.38686E-02  -6.29262E-04  -1.12984E-02  -3.11562E-03  -7.41343E-03  -5.30447E-03  -2.57979E-03  -6.79587E-03   3.10784E-03  -7.27961E-03   8.98042E-03  -6.91123E-03   1.38755E-02  -5.93442E-03   1.69158E-02  -4.62669E-03   1.76218E-02  -3.24769E-03   1.59751E-02  -2.00146E-03   1.24235E-02  -1.01893E-03   7.82874E-03  -3.61300E-04   3.37211E-03  -3.93018E-05   4.37012E-04
 7.05000E+01   8.14117E-03   1.74697E-03   9.73032E-03  -1.18544E-03   1.03331E-02  -4.97193E-03   9.95744E-03  -8.82465E-03   8.71061E-03  -1.20656E-02   6.77657E-03  -1.41704E-02   4.38602E-03  -1.48004E-02   1.78337E-03  -1.38188E-02  -8.04740E-04  -1.12861E-02  -3.19580E-03  -7.43623E-03  -5.27044E-03  -2.63375E-03  -6.63050E-03   3.03167E-03  -6.98055E-03   8.89485E-03  -6.50230E-03   1.37914E-02  -5.46040E-03   1.68412E-02  -4.14466E-03   1.75615E-02  -2.81601E-03   1.59311E-02  -1.66785E-03   1.23951E-02  -8.09378E-04   7.81352E-03  -2.71198E-04   3.36641E-03  -2.76373E-05   4.36356E-04
 7.10000E+01   8.06983E-03   1.88584E-03   9.60906E-03  -1.01945E-03   1.01580E-02  -4.79486E-03   9.73272E-03  -8.65196E-03   8.44857E-03  -1.19108E-02   6.49694E-03  -1.40439E-02   4.11411E-03  -1.47092E-02   1.54752E-03  -1.37663E-02  -9.76240E-04  -1.12726E-02  -3.27797E-03  -7.45948E-03  -5.24445E-03  -2.68989E-03  -6.47864E-03   2.95160E-03  -6.69903E-03   8.80394E-03  -6.11303E-03   1.37010E-02  -5.00613E-03   1.67599E-02  -3.68059E-03   1.74949E-02  -2.39903E-03   1.58817E-02  -1.34481E-03   1.23626E-02  -6.06090E-04   7.79583E-03  -1.83664E-04   3.35967E-03  -1.62931E-05   4.35566E-04
 7.16000E+01   7.99735E-03   2.05517E-03   9.48159E-03  -8.16610E-04   9.96971E-03  -4.57795E-03   9.48682E-03  -8.43988E-03   8.15783E-03  -1.17201E-02   6.18289E-03  -1.38876E-02   3.80519E-03  -1.45961E-02   1.27613E-03  -1.37008E-02  -1.17729E-03  -1.12553E-02  -3.37928E-03  -7.48792E-03  -5.22353E-03  -2.75957E-03  -6.31345E-03   2.85149E-03  -6.38313E-03   8.68931E-03  -5.67033E-03   1.35859E-02  -4.48539E-03   1.66554E-02  -3.14578E-03   1.74084E-02  -1.91664E-03   1.58166E-02  -9.70019E-04   1.23194E-02  -3.69731E-04   7.77198E-03  -8.17245E-05   3.35047E-03  -3.06604E-06   4.34477E-04
 7.21000E+01   7.94745E-03   2.19792E-03   9.38974E-03  -6.45320E-04   9.83010E-03  -4.39448E-03   9.30076E-03  -8.26018E-03   7.93430E-03  -1.15582E-02   5.93815E-03  -1.37546E-02   3.56136E-03  -1.44996E-02   1.05899E-03  -1.36447E-02  -1.34128E-03  -1.12402E-02  -3.46606E-03  -7.51201E-03  -5.21439E-03  -2.81910E-03  -6.18935E-03   2.76550E-03  -6.13717E-03   8.59028E-03  -5.32053E-03   1.34859E-02  -4.07041E-03   1.65639E-02  -2.71716E-03   1.73320E-02  -1.52846E-03   1.57588E-02  -6.67522E-04   1.22806E-02  -1.78537E-04   7.75040E-03   8.74389E-07   3.34208E-03   7.66505E-06   4.33478E-04
 7.26000E+01   7.90670E-03   2.34173E-03   9.31041E-03  -4.72614E-04   9.70554E-03  -4.20932E-03   9.13105E-03  -8.07867E-03   7.72696E-03  -1.13946E-02   5.70796E-03  -1.36200E-02   3.32915E-03  -1.44018E-02   8.49438E-04  -1.35877E-02  -1.50241E-03  -1.12249E-02  -3.55507E-03  -7.53641E-03  -5.21257E-03  -2.87963E-03  -6.07703E-03   2.67783E-03  -5.90607E-03   8.48892E-03  -4.98699E-03   1.33831E-02  -3.67144E-03   1.64694E-02  -2.30283E-03   1.72526E-02  -1.15178E-03   1.56983E-02  -3.73166E-04   1.22399E-02   7.90311E-06   7.72762E-03   8.15458E-05   3.33318E-03   1.81580E-05   4.32412E-04
 7.31000E+01   7.87475E-03   2.48621E-03   9.24309E-03  -2.99009E-04   9.59539E-03  -4.02311E-03   8.97693E-03  -7.89603E-03   7.53503E-03  -1.12298E-02   5.49158E-03  -1.34845E-02   3.10787E-03  -1.43032E-02   6.46949E-04  -1.35302E-02  -1.66102E-03  -1.12093E-02  -3.64640E-03  -7.56106E-03  -5.21787E-03  -2.94085E-03  -5.97599E-03   2.58898E-03  -5.68904E-03   8.38595E-03  -4.66875E-03   1.32782E-02  -3.28739E-03   1.63728E-02  -1.90172E-03   1.71711E-02  -7.85667E-04   1.56360E-02  -8.62300E-05   1.21978E-02   1.90036E-04   7.70393E-03   1.60480E-04   3.32388E-03   2.84374E-05   4.31296E-04
 7.37000E+01   7.84757E-03   2.66003E-03   9.17751E-03  -9.01297E-05   9.48138E-03  -3.79905E-03   8.81161E-03  -7.67625E-03   7.32399E-03  -1.10315E-02   5.24911E-03  -1.33213E-02   2.85584E-03  -1.41845E-02   4.12548E-04  -1.34610E-02  -1.84848E-03  -1.11907E-02  -3.75916E-03  -7.59089E-03  -5.23335E-03  -3.01486E-03  -5.86895E-03   2.48146E-03  -5.44613E-03   8.26108E-03  -4.30569E-03   1.31508E-02  -2.84474E-03   1.62548E-02  -1.43636E-03   1.70714E-02  -3.58977E-04   1.55595E-02   2.49282E-04   1.21458E-02   4.03519E-04   7.67460E-03   2.53169E-04   3.31234E-03   4.05242E-05   4.29904E-04
 7.42000E+01   7.83386E-03   2.80491E-03   9.13501E-03   8.39332E-05   9.40085E-03  -3.61238E-03   8.68943E-03  -7.49321E-03   7.16339E-03  -1.08664E-02   5.06056E-03  -1.31855E-02   2.65633E-03  -1.40857E-02   2.23788E-04  -1.34035E-02  -2.00267E-03  -1.11753E-02  -3.85587E-03  -7.61589E-03  -5.25366E-03  -3.07671E-03  -5.79107E-03   2.39159E-03  -5.25749E-03   8.15654E-03  -4.01777E-03   1.30439E-02  -2.48985E-03   1.61557E-02  -1.06070E-03   1.69873E-02  -1.29108E-05   1.54947E-02   5.22317E-04   1.21017E-02   5.77681E-04   7.64963E-03   3.28924E-04   3.30248E-03   5.04162E-05   4.28714E-04
 7.47000E+01   7.82796E-03   2.94954E-03   9.10309E-03   2.57625E-04   9.33293E-03  -3.42621E-03   8.58075E-03  -7.31075E-03   7.01594E-03  -1.07019E-02   4.88360E-03  -1.30503E-02   2.46576E-03  -1.39875E-02   4.04973E-05  -1.33464E-02  -2.15533E-03  -1.11602E-02  -3.95516E-03  -7.64094E-03  -5.28054E-03  -3.13849E-03  -5.72304E-03   2.30182E-03  -5.08067E-03   8.05205E-03  -3.74223E-03   1.29369E-02  -2.14665E-03   1.60562E-02  -6.95063E-04   1.69027E-02   3.25409E-04   1.54294E-02   7.90078E-04   1.20571E-02   7.48868E-04   7.62433E-03   4.03510E-04   3.29247E-03   6.01677E-05   4.27501E-04
 7.53000E+01   7.83082E-03   3.12248E-03   9.07825E-03   4.65137E-04   9.26736E-03  -3.20397E-03   8.46735E-03  -7.09313E-03   6.85550E-03  -1.05059E-02   4.68566E-03  -1.28893E-02   2.24807E-03  -1.38707E-02  -1.72863E-04  -1.32785E-02  -2.33693E-03  -1.11423E-02  -4.07786E-03  -7.67097E-03  -5.32128E-03  -3.21225E-03  -5.65385E-03   2.19470E-03  -4.88319E-03   7.92725E-03  -3.42680E-03   1.28089E-02  -1.74895E-03   1.59370E-02  -2.68237E-04   1.68012E-02   7.22297E-04   1.53508E-02   1.10529E-03   1.20032E-02   9.50906E-04   7.59367E-03   4.91703E-04   3.28031E-03   7.17140E-05   4.26026E-04
 7.58000E+01   7.84119E-03   3.26583E-03   9.06833E-03   6.36985E-04   9.22547E-03  -3.02012E-03   8.38641E-03  -6.91329E-03   6.73488E-03  -1.03442E-02   4.53205E-03  -1.27566E-02   2.07521E-03  -1.37745E-02  -3.45674E-04  -1.32228E-02  -2.48725E-03  -1.11277E-02  -4.18317E-03  -7.69587E-03  -5.36214E-03  -3.27318E-03  -5.60615E-03   2.10624E-03  -4.73020E-03   7.82412E-03  -3.17571E-03   1.27029E-02  -1.42831E-03   1.58381E-02   7.85142E-05   1.67167E-02   1.04636E-03   1.52852E-02   1.36357E-03   1.19581E-02   1.11688E-03   7.56798E-03   5.64287E-04   3.27009E-03   8.12299E-05   4.24783E-04
 7.64000E+01   7.86291E-03   3.43669E-03   9.06889E-03   8.41549E-04   9.18988E-03  -2.80154E-03   8.30481E-03  -6.69977E-03   6.60502E-03  -1.01523E-02   4.36053E-03  -1.25994E-02   1.87729E-03  -1.36607E-02  -5.47663E-04  -1.31569E-02  -2.66683E-03  -1.11107E-02  -4.31334E-03  -7.72548E-03  -5.41932E-03  -3.34539E-03  -5.56037E-03   2.00142E-03  -4.55968E-03   7.70181E-03  -2.88744E-03   1.25771E-02  -1.05524E-03   1.57205E-02   4.85117E-04   1.66159E-02   1.42829E-03   1.52067E-02   1.66908E-03   1.19040E-02   1.31369E-03   7.53702E-03   6.50521E-04   3.25774E-03   9.25508E-05   4.23277E-04
 7.69000E+01   7.88848E-03   3.57791E-03   9.07939E-03   1.01039E-03   9.17199E-03  -2.62140E-03   8.24922E-03  -6.52403E-03   6.50863E-03  -9.99461E-03   4.22768E-03  -1.24703E-02   1.71976E-03  -1.35674E-02  -7.11946E-04  -1.31031E-02  -2.81610E-03  -1.10968E-02  -4.42511E-03  -7.74981E-03  -5.47364E-03  -3.40462E-03  -5.53141E-03   1.91544E-03  -4.42787E-03   7.60137E-03  -2.65730E-03   1.24736E-02  -7.53202E-04   1.56234E-02   8.16946E-04   1.65324E-02   1.74161E-03   1.51415E-02   1.92058E-03   1.18589E-02   1.47614E-03   7.51114E-03   7.21828E-04   3.24739E-03   1.01925E-04   4.22011E-04
 7.75000E+01   7.92787E-03   3.74577E-03   9.10362E-03   1.21075E-03   9.16413E-03  -2.40796E-03   8.19678E-03  -6.31615E-03   6.40646E-03  -9.80836E-03   4.07966E-03  -1.23181E-02   1.53893E-03  -1.34575E-02  -9.04775E-04  -1.30396E-02  -2.99515E-03  -1.10805E-02  -4.56330E-03  -7.77847E-03  -5.54672E-03  -3.47432E-03  -5.50727E-03   1.81420E-03  -4.28135E-03   7.48292E-03  -2.39229E-03   1.23512E-02  -4.00289E-04   1.55083E-02   1.20783E-03   1.64332E-02   2.11261E-03   1.50636E-02   2.21946E-03   1.18049E-02   1.66967E-03   7.47997E-03   8.06933E-04   3.23487E-03   1.13127E-04   4.20477E-04
 7.80000E+01   7.96775E-03   3.88414E-03   9.13323E-03   1.37564E-03   9.16855E-03  -2.23263E-03   8.16452E-03  -6.14566E-03   6.33208E-03  -9.65586E-03   3.96531E-03  -1.21937E-02   1.39462E-03  -1.33677E-02  -1.06227E-03  -1.29879E-02  -3.14456E-03  -1.10671E-02  -4.68199E-03  -7.80177E-03  -5.61411E-03  -3.53108E-03  -5.49571E-03   1.73166E-03  -4.16844E-03   7.38615E-03  -2.18004E-03   1.22509E-02  -1.13338E-04   1.54136E-02   1.52829E-03   1.63511E-02   2.41836E-03   1.49990E-02   2.46664E-03   1.17598E-02   1.83012E-03   7.45387E-03   8.77621E-04   3.22436E-03   1.22444E-04   4.19183E-04
 7.86000E+01   8.02385E-03   4.04820E-03   9.17973E-03   1.57075E-03   9.18656E-03  -2.02554E-03   8.13901E-03  -5.94465E-03   6.25515E-03  -9.47634E-03   3.83828E-03  -1.20474E-02   1.22853E-03  -1.32623E-02  -1.24791E-03  -1.29270E-02  -3.32443E-03  -1.10513E-02  -4.82877E-03  -7.82885E-03  -5.70270E-03  -3.59735E-03  -5.49175E-03   1.63507E-03  -4.04336E-03   7.27256E-03  -1.93483E-03   1.21327E-02   2.23391E-04   1.53015E-02   1.90749E-03   1.62535E-02   2.78203E-03   1.49217E-02   2.76168E-03   1.17056E-02   2.02211E-03   7.42233E-03   9.62353E-04   3.21159E-03   1.33627E-04   4.17607E-04
 7.91000E+01   8.07731E-03   4.18310E-03   9.22738E-03   1.73086E-03   9.21187E-03  -1.85594E-03   8.12839E-03  -5.78035E-03   6.20090E-03  -9.32983E-03   3.74049E-03  -1.19281E-02   1.09561E-03  -1.31764E-02  -1.40016E-03  -1.28774E-02  -3.47506E-03  -1.10382E-02  -4.95484E-03  -7.85054E-03  -5.78290E-03  -3.65086E-03  -5.49648E-03   1.55681E-03  -3.94737E-03   7.18015E-03  -1.73779E-03   1.20361E-02   4.98364E-04   1.52093E-02   2.21975E-03   1.61728E-02   3.08306E-03   1.48573E-02   3.00674E-03   1.16602E-02   2.18197E-03   7.39578E-03   1.03302E-03   3.20079E-03   1.42965E-04   4.16268E-04
 7.97000E+01   8.14935E-03   4.34263E-03   9.29498E-03   1.91978E-03   9.25424E-03  -1.65626E-03   8.12796E-03  -5.58727E-03   6.14713E-03  -9.15794E-03   3.63231E-03  -1.17883E-02   9.42205E-04  -1.30757E-02  -1.58035E-03  -1.28190E-02  -3.65701E-03  -1.10224E-02  -5.11077E-03  -7.87533E-03  -5.88675E-03  -3.71277E-03  -5.51151E-03   1.46580E-03  -3.84156E-03   7.07215E-03  -1.50937E-03   1.19225E-02   8.22423E-04   1.51002E-02   2.59086E-03   1.60766E-02   3.44264E-03   1.47800E-02   3.30046E-03   1.16053E-02   2.37401E-03   7.36347E-03   1.11806E-03   3.18757E-03   1.54215E-04   4.14622E-04
 8.03000E+01   8.22981E-03   4.49941E-03   9.37369E-03   2.10494E-03   9.30934E-03  -1.46103E-03   8.14056E-03  -5.39890E-03   6.10524E-03  -8.99053E-03   3.53361E-03  -1.16523E-02   7.94953E-04  -1.29776E-02  -1.75823E-03  -1.27620E-02  -3.84057E-03  -1.10064E-02  -5.27193E-03  -7.89852E-03  -5.99886E-03  -3.77191E-03  -5.53646E-03   1.37822E-03  -3.74544E-03   6.96743E-03  -1.28899E-03   1.18114E-02   1.14090E-03   1.49926E-02   2.95893E-03   1.59808E-02   3.80124E-03   1.47024E-02   3.59444E-03   1.15497E-02   2.56670E-03   7.33049E-03   1.20354E-03   3.17400E-03   1.65538E-04   4.12923E-04
 8.09000E+01   8.31854E-03   4.65321E-03   9.46327E-03   2.28608E-03   9.37686E-03  -1.27055E-03   8.16575E-03  -5.21553E-03   6.07476E-03  -8.82782E-03   3.44390E-03  -1.15201E-02   6.53363E-04  -1.28822E-02  -1.93424E-03  -1.27060E-02  -4.02607E-03  -1.09901E-02  -5.43848E-03  -7.91985E-03  -6.11920E-03  -3.82797E-03  -5.57108E-03   1.29432E-03  -3.65852E-03   6.86615E-03  -1.07591E-03   1.17029E-02   1.45467E-03   1.48864E-02   3.32486E-03   1.58851E-02   4.15966E-03   1.46241E-02   3.88930E-03   1.14930E-02   2.76044E-03   7.29664E-03   1.28963E-03   3.15997E-03   1.76956E-04   4.11157E-04
 8.15000E+01   8.41540E-03   4.80382E-03   9.56349E-03   2.46293E-03   9.45648E-03  -1.08510E-03   8.20318E-03  -5.03741E-03   6.05526E-03  -8.67000E-03   3.36270E-03  -1.13920E-02   5.16981E-04  -1.27894E-02  -2.10878E-03  -1.26511E-02  -4.21382E-03  -1.09731E-02  -5.61059E-03  -7.93902E-03  -6.24776E-03  -3.88063E-03  -5.61514E-03   1.21438E-03  -3.58033E-03   6.76844E-03  -8.69471E-04   1.15969E-02   1.76453E-03   1.47812E-02   3.68948E-03   1.57893E-02   4.51869E-03   1.45448E-02   4.18566E-03   1.14351E-02   2.95561E-03   7.26168E-03   1.37650E-03   3.14538E-03   1.88489E-04   4.09309E-04
 8.20000E+01   8.50224E-03   4.92674E-03   9.65501E-03   2.60681E-03   9.53190E-03  -9.34620E-04   8.24348E-03  -4.89319E-03   6.04712E-03  -8.54236E-03   3.30125E-03  -1.12883E-02   4.07003E-04  -1.27140E-02  -2.25338E-03  -1.26060E-02  -4.37219E-03  -1.09582E-02  -5.75837E-03  -7.95313E-03  -6.36116E-03  -3.92169E-03  -5.65891E-03   1.15098E-03  -3.52152E-03   6.68983E-03  -7.02054E-04   1.15104E-02   2.02030E-03   1.46943E-02   3.99291E-03   1.57090E-02   4.81885E-03   1.44775E-02   4.43417E-03   1.13855E-02   3.11960E-03   7.23151E-03   1.44959E-03   3.13270E-03   1.98204E-04   4.07695E-04
 8.26000E+01   8.61371E-03   5.07093E-03   9.77429E-03   2.77505E-03   9.63307E-03  -7.59189E-04   8.30250E-03  -4.72542E-03   6.04675E-03  -8.39403E-03   3.23460E-03  -1.11676E-02   2.79098E-04  -1.26260E-02  -2.42619E-03  -1.25526E-02  -4.56479E-03  -1.09394E-02  -5.94108E-03  -7.96753E-03  -6.50477E-03  -3.96726E-03  -5.71974E-03   1.07900E-03  -3.45823E-03   6.59898E-03  -5.06191E-04   1.14088E-02   2.32490E-03   1.45904E-02   4.35715E-03   1.56118E-02   5.18080E-03   1.43951E-02   4.73469E-03   1.13240E-02   3.31831E-03   7.19379E-03   1.53828E-03   3.11674E-03   2.10003E-04   4.05653E-04
 8.32000E+01   8.73299E-03   5.21126E-03   9.90373E-03   2.93815E-03   9.74566E-03  -5.89676E-04   8.37288E-03  -4.56370E-03   6.05634E-03  -8.25117E-03   3.17536E-03  -1.10512E-02   1.55287E-04  -1.25404E-02  -2.59852E-03  -1.24997E-02  -4.76040E-03  -1.09191E-02  -6.12977E-03  -7.97882E-03  -6.65660E-03  -4.00843E-03  -5.78948E-03   1.01178E-03  -3.40254E-03   6.51204E-03  -3.15311E-04   1.13094E-02   2.62759E-03   1.44869E-02   4.72218E-03   1.55132E-02   5.54525E-03   1.43102E-02   5.03821E-03   1.12599E-02   3.51940E-03   7.15413E-03   1.62816E-03   3.09984E-03   2.21973E-04   4.03477E-04
 8.38000E+01   8.86001E-03   5.34749E-03   1.00432E-02   3.09581E-03   9.86949E-03  -4.26423E-04   8.45437E-03  -4.40833E-03   6.07557E-03  -8.11399E-03   3.12319E-03  -1.09392E-02   3.52302E-05  -1.24573E-02  -2.77070E-03  -1.24472E-02  -4.95928E-03  -1.08972E-02  -6.32459E-03  -7.98662E-03  -6.81665E-03  -4.04482E-03  -5.86795E-03   9.49625E-04  -3.35410E-03   6.42910E-03  -1.28913E-04   1.12121E-02   2.92897E-03   1.43832E-02   5.08863E-03   1.54126E-02   5.91280E-03   1.42223E-02   5.34519E-03   1.11928E-02   3.72317E-03   7.11216E-03   1.71935E-03   3.08182E-03   2.34129E-04   4.01145E-04
 8.44000E+01   8.99468E-03   5.47932E-03   1.01926E-02   3.24766E-03   1.00044E-02  -2.69794E-04   8.54672E-03  -4.25964E-03   6.10417E-03  -7.98271E-03   3.07778E-03  -1.08315E-02  -8.13854E-05  -1.23766E-02  -2.94300E-03  -1.23947E-02  -5.16163E-03  -1.08731E-02  -6.52567E-03  -7.99052E-03  -6.98493E-03  -4.07600E-03  -5.95501E-03   8.92864E-04  -3.31261E-03   6.35030E-03   5.34683E-05   1.11167E-02   3.22962E-03   1.42791E-02   5.45710E-03   1.53095E-02   6.28399E-03   1.41308E-02   5.65605E-03   1.11220E-02   3.92990E-03   7.06752E-03   1.81199E-03   3.06251E-03   2.46488E-04   3.98633E-04
 8.51000E+01   9.16136E-03   5.62718E-03   1.03791E-02   3.41700E-03   1.01754E-02  -9.59511E-05   8.66789E-03  -4.09507E-03   6.14900E-03  -7.83734E-03   3.03296E-03  -1.07115E-02  -2.13474E-04  -1.22854E-02  -3.14452E-03  -1.23334E-02  -5.40237E-03  -1.08420E-02  -6.76830E-03  -7.98954E-03  -7.19164E-03  -4.10518E-03  -6.06724E-03   8.33931E-04  -3.27256E-03   6.26374E-03   2.61740E-04   1.10076E-02   3.58011E-03   1.41563E-02   5.89024E-03   1.51851E-02   6.72229E-03   1.40185E-02   6.02412E-03   1.10341E-02   4.17512E-03   7.01150E-03   1.92202E-03   3.03812E-03   2.61181E-04   3.95443E-04
 8.57000E+01   9.31234E-03   5.74845E-03   1.05495E-02   3.55499E-03   1.03336E-02   4.49585E-05   8.78302E-03  -3.96205E-03   6.19698E-03  -7.71969E-03   3.00122E-03  -1.06137E-02  -3.23603E-04  -1.22095E-02  -3.31795E-03  -1.22804E-02  -5.61291E-03  -1.08121E-02  -6.98327E-03  -7.98342E-03  -7.37770E-03  -4.12348E-03  -6.17242E-03   7.90091E-04  -3.24510E-03   6.19430E-03   4.36844E-04   1.09158E-02   3.88085E-03   1.40494E-02   6.26484E-03   1.50743E-02   7.10296E-03   1.39166E-02   6.34464E-03   1.09533E-02   4.38903E-03   6.95960E-03   2.01811E-03   3.01537E-03   2.74024E-04   3.92453E-04
 8.63000E+01   9.47071E-03   5.86432E-03   1.07293E-02   3.68592E-03   1.05023E-02   1.77921E-04   8.90831E-03  -3.83688E-03   6.25351E-03  -7.60876E-03   2.97537E-03  -1.05206E-02  -4.31138E-04  -1.21357E-02  -3.49225E-03  -1.22266E-02  -5.82749E-03  -1.07790E-02  -7.20477E-03  -7.97188E-03  -7.57193E-03  -4.13501E-03  -6.28573E-03   7.52834E-04  -3.22370E-03   6.12939E-03   6.09174E-04   1.08253E-02   4.18231E-03   1.39405E-02   6.64298E-03   1.49588E-02   7.48863E-03   1.38088E-02   6.67011E-03   1.08669E-02   4.60657E-03   6.90361E-03   2.11593E-03   2.99069E-03   2.87107E-04   3.89197E-04
 8.69000E+01   9.63637E-03   5.97442E-03   1.09185E-02   3.80933E-03   1.06813E-02   3.02457E-04   9.04355E-03  -3.71998E-03   6.31835E-03  -7.50484E-03   2.95516E-03  -1.04323E-02  -5.36305E-04  -1.20640E-02  -3.66761E-03  -1.21719E-02  -6.04622E-03  -1.07421E-02  -7.43285E-03  -7.95438E-03  -7.77428E-03  -4.13924E-03  -6.40702E-03   7.22587E-04  -3.20810E-03   6.06914E-03   7.79055E-04   1.07360E-02   4.48486E-03   1.38291E-02   7.02500E-03   1.48378E-02   7.87962E-03   1.36942E-02   7.00075E-03   1.07741E-02   4.82787E-03   6.84304E-03   2.21553E-03   2.96386E-03   3.00438E-04   3.85644E-04
 8.75000E+01   9.80923E-03   6.07835E-03   1.11169E-02   3.92474E-03   1.08704E-02   4.18056E-04   9.18851E-03  -3.61180E-03   6.39126E-03  -7.40824E-03   2.94037E-03  -1.03489E-02  -6.39313E-04  -1.19941E-02  -3.84417E-03  -1.21158E-02  -6.26919E-03  -1.07008E-02  -7.66751E-03  -7.93035E-03  -7.98466E-03  -4.13557E-03  -6.53612E-03   6.99805E-04  -3.19806E-03   6.01371E-03   9.46780E-04   1.06475E-02   4.78881E-03   1.37144E-02   7.41120E-03   1.47105E-02   8.27618E-03   1.35719E-02   7.33677E-03   1.06740E-02   5.05306E-03   6.77734E-03   2.31698E-03   2.93462E-03   3.14023E-04   3.81759E-04
 8.82000E+01   1.00198E-02   6.19126E-03   1.13598E-02   4.04858E-03   1.11035E-02   5.40900E-04   9.36958E-03  -3.49724E-03   6.48619E-03  -7.30525E-03   2.92965E-03  -1.02580E-02  -7.57014E-04  -1.19149E-02  -4.05187E-03  -1.20482E-02  -6.53476E-03  -1.06467E-02  -7.94956E-03  -7.89323E-03  -8.24012E-03  -4.12046E-03  -6.69636E-03   6.83302E-04  -3.19306E-03   5.95535E-03   1.14008E-03   1.05451E-02   5.14554E-03   1.35758E-02   7.86736E-03   1.45529E-02   8.74611E-03   1.34182E-02   7.73574E-03   1.05471E-02   5.32078E-03   6.69344E-03   2.43769E-03   2.89712E-03   3.30197E-04   3.76761E-04
 8.88000E+01   1.02078E-02   6.28038E-03   1.15774E-02   4.14483E-03   1.13137E-02   6.35231E-04   9.53474E-03  -3.40964E-03   6.57571E-03  -7.22570E-03   2.92580E-03  -1.01857E-02  -8.55976E-04  -1.18487E-02  -4.23148E-03  -1.19881E-02  -6.76708E-03  -1.05945E-02  -8.19834E-03  -7.85289E-03  -8.46749E-03  -4.09749E-03  -6.84172E-03   6.78380E-04  -3.19426E-03   5.91094E-03   1.30400E-03   1.04577E-02   5.45334E-03   1.34522E-02   8.26332E-03   1.44089E-02   9.15525E-03   1.32758E-02   8.08373E-03   1.04286E-02   5.55456E-03   6.61464E-03   2.54319E-03   2.86176E-03   3.44341E-04   3.72036E-04
 8.94000E+01   1.04025E-02   6.36194E-03   1.18036E-02   4.23134E-03   1.15333E-02   7.18795E-04   9.70877E-03  -3.33237E-03   6.67248E-03  -7.15460E-03   2.92664E-03  -1.01189E-02  -9.53327E-04  -1.17842E-02  -4.41261E-03  -1.19256E-02  -7.00369E-03  -1.05363E-02  -8.45347E-03  -7.80398E-03  -8.70242E-03  -4.06452E-03  -6.99421E-03   6.82541E-04  -3.20026E-03   5.87189E-03   1.46650E-03   1.03705E-02   5.76316E-03   1.33233E-02   8.66393E-03   1.42557E-02   9.57027E-03   1.31226E-02   8.43726E-03   1.03001E-02   5.79231E-03   6.52882E-03   2.65054E-03   2.82312E-03   3.58741E-04   3.66862E-04
 9.01000E+01   1.06379E-02   6.44688E-03   1.20780E-02   4.31914E-03   1.18008E-02   8.01819E-04   9.92257E-03  -3.25607E-03   6.79412E-03  -7.08288E-03   2.93322E-03  -1.00478E-02  -1.06506E-03  -1.17106E-02  -4.62591E-03  -1.18490E-02  -7.28506E-03  -1.04600E-02  -8.75894E-03  -7.73511E-03  -8.98571E-03  -4.01245E-03  -7.18076E-03   6.99631E-04  -3.21301E-03   5.83338E-03   1.65450E-03   1.02684E-02   6.12726E-03   1.31653E-02   9.13715E-03   1.40641E-02   1.00618E-02   1.29287E-02   8.85657E-03   1.01363E-02   6.07456E-03   6.41892E-03   2.77808E-03   2.77351E-03   3.75856E-04   3.60203E-04
 9.07000E+01   1.08463E-02   6.51034E-03   1.23217E-02   4.38240E-03   1.20393E-02   8.59813E-04   1.01146E-02  -3.20320E-03   6.90552E-03  -7.03152E-03   2.94340E-03  -9.99316E-03  -1.15938E-03  -1.16490E-02  -4.81041E-03  -1.17799E-02  -7.53064E-03  -1.03869E-02  -9.02718E-03  -7.66513E-03  -9.23607E-03  -3.95528E-03  -7.34770E-03   7.25444E-04  -3.22856E-03   5.80665E-03   1.81443E-03   1.01804E-02   6.44161E-03   1.30227E-02   9.54763E-03   1.38875E-02   1.04891E-02   1.27481E-02   9.22164E-03   9.98282E-03   6.32052E-03   6.31558E-03   2.88928E-03   2.72673E-03   3.90785E-04   3.53915E-04
 9.14000E+01   1.10970E-02   6.57274E-03   1.26154E-02   4.44129E-03   1.23279E-02   9.11124E-04   1.03484E-02  -3.15703E-03   7.04328E-03  -6.98400E-03   2.96022E-03  -9.93685E-03  -1.26789E-03  -1.15786E-02  -5.02757E-03  -1.16946E-02  -7.82204E-03  -1.02915E-02  -9.34718E-03  -7.56962E-03  -9.53641E-03  -3.87286E-03  -7.55013E-03   7.69448E-04  -3.25173E-03   5.78309E-03   1.99977E-03   1.00768E-02   6.81087E-03   1.28466E-02   1.00319E-02   1.36656E-02   1.09943E-02   1.25191E-02   9.65374E-03   9.78714E-03   6.61187E-03   6.18335E-03   3.02106E-03   2.66674E-03   4.08484E-04   3.45838E-04
 9.21000E+01   1.13552E-02   6.62176E-03   1.29187E-02   4.48309E-03   1.26268E-02   9.43739E-04   1.05918E-02  -3.12854E-03   7.18882E-03  -6.95054E-03   2.98194E-03  -9.88888E-03  -1.37490E-03  -1.15096E-02  -5.24664E-03  -1.16036E-02  -8.11829E-03  -1.01843E-02  -9.67419E-03  -7.45800E-03  -9.84493E-03  -3.77228E-03  -7.76016E-03   8.29365E-04  -3.27987E-03   5.76809E-03   2.18383E-03   9.97161E-03   7.18257E-03   1.26591E-02   1.05214E-02   1.34249E-02   1.15059E-02   1.22685E-02   1.00919E-02   9.57193E-03   6.90749E-03   6.03746E-03   3.15485E-03   2.60042E-03   4.26458E-04   3.36896E-04
 9.27000E+01   1.15819E-02   6.65247E-03   1.31855E-02   4.50445E-03   1.28904E-02   9.55926E-04   1.08075E-02  -3.11897E-03   7.31923E-03  -6.93360E-03   3.00413E-03  -9.85464E-03  -1.46551E-03  -1.14515E-02  -5.43575E-03  -1.15207E-02  -8.37567E-03  -1.00822E-02  -9.95947E-03  -7.34854E-03  -1.01152E-02  -3.67060E-03  -7.94562E-03   8.94166E-04  -3.30757E-03   5.76231E-03   2.34062E-03   9.87990E-03   7.50279E-03   1.24882E-02   1.09445E-02   1.32023E-02   1.19489E-02   1.20350E-02   1.04716E-02   9.37061E-03   7.16384E-03   5.90065E-03   3.27091E-03   2.53813E-03   4.42053E-04   3.28488E-04
 9.34000E+01   1.18522E-02   6.67430E-03   1.35039E-02   4.51153E-03   1.32057E-02   9.50705E-04   1.10664E-02  -3.12608E-03   7.47723E-03  -6.92821E-03   3.03374E-03  -9.82298E-03  -1.57001E-03  -1.13846E-02  -5.65767E-03  -1.14174E-02  -8.67941E-03  -9.95038E-03  -1.02973E-02  -7.20363E-03  -1.04364E-02  -3.53279E-03  -8.16748E-03   9.86362E-04  -3.34360E-03   5.76417E-03   2.52237E-03   9.77066E-03   7.87775E-03   1.22760E-02   1.14414E-02   1.29221E-02   1.24699E-02   1.17392E-02   1.09185E-02   9.11458E-03   7.46568E-03   5.72628E-03   3.40761E-03   2.45862E-03   4.60427E-04   3.17747E-04
 9.41000E+01   1.21277E-02   6.68020E-03   1.38290E-02   4.49834E-03   1.35281E-02   9.23433E-04   1.13320E-02  -3.15385E-03   7.64067E-03  -6.93901E-03   3.06684E-03  -9.80055E-03  -1.67327E-03  -1.13186E-02  -5.88061E-03  -1.13066E-02  -8.98608E-03  -9.80375E-03  -1.06395E-02  -7.03896E-03  -1.07628E-02  -3.37307E-03  -8.39424E-03   1.09741E-03  -3.38305E-03   5.77564E-03   2.70278E-03   9.65858E-03   8.25346E-03   1.20488E-02   1.19407E-02   1.26180E-02   1.29940E-02   1.14162E-02   1.13683E-02   8.83415E-03   7.76965E-03   5.53490E-03   3.54531E-03   2.37125E-03   4.78937E-04   3.05933E-04
 9.47000E+01   1.23672E-02   6.67193E-03   1.41119E-02   4.47006E-03   1.38092E-02   8.81639E-04   1.15641E-02  -3.19488E-03   7.78432E-03  -6.96169E-03   3.09757E-03  -9.78890E-03  -1.76083E-03  -1.12626E-02  -6.07212E-03  -1.12051E-02  -9.25057E-03  -9.66554E-03  -1.09353E-02  -6.88116E-03  -1.10455E-02  -3.21774E-03  -8.59157E-03   1.20835E-03  -3.41912E-03   5.79340E-03   2.85623E-03   9.55991E-03   8.57540E-03   1.18411E-02   1.23693E-02   1.23371E-02   1.34444E-02   1.11163E-02   1.17550E-02   8.57309E-03   8.03106E-03   5.35647E-03   3.66375E-03   2.28970E-03   4.94861E-04   2.94899E-04
 9.54000E+01   1.26497E-02   6.64600E-03   1.44458E-02   4.41636E-03   1.41411E-02   8.10425E-04   1.18386E-02  -3.26370E-03   7.95507E-03  -7.00443E-03   3.13561E-03  -9.78439E-03  -1.86189E-03  -1.11977E-02  -6.29553E-03  -1.10786E-02  -9.56003E-03  -9.48881E-03  -1.12820E-02  -6.67659E-03  -1.13775E-02  -3.01397E-03  -8.82405E-03   1.35701E-03  -3.46321E-03   5.82366E-03   3.03367E-03   9.44138E-03   8.94986E-03   1.15827E-02   1.28687E-02   1.19842E-02   1.39694E-02   1.07380E-02   1.22060E-02   8.24300E-03   8.33594E-03   5.13055E-03   3.80189E-03   2.18636E-03   5.13435E-04   2.80908E-04
 9.61000E+01   1.29342E-02   6.60180E-03   1.47821E-02   4.33945E-03   1.44756E-02   7.14066E-04   1.21157E-02  -3.35596E-03   8.12800E-03  -7.06532E-03   3.17536E-03  -9.78993E-03  -1.96176E-03  -1.11333E-02  -6.51826E-03  -1.09428E-02  -9.86926E-03  -9.29455E-03  -1.16289E-02  -6.44893E-03  -1.17101E-02  -2.78481E-03  -9.05747E-03   1.52722E-03  -3.50874E-03   5.86450E-03   3.20913E-03   9.31879E-03   9.32187E-03   1.13060E-02   1.33654E-02   1.16027E-02   1.44918E-02   1.03275E-02   1.26548E-02   7.88402E-03   8.63935E-03   4.88453E-03   3.93938E-03   2.07374E-03   5.31921E-04   2.65653E-04
 9.68000E+01   1.32192E-02   6.53864E-03   1.51190E-02   4.23846E-03   1.48108E-02   5.91659E-04   1.23935E-02  -3.47244E-03   8.30173E-03  -7.14491E-03   3.21608E-03  -9.80574E-03  -2.06042E-03  -1.10690E-02  -6.73952E-03  -1.07971E-02  -1.01768E-02  -9.08194E-03  -1.19741E-02  -6.19718E-03  -1.20411E-02  -2.52926E-03  -9.29015E-03   1.71978E-03  -3.55491E-03   5.91621E-03   3.38223E-03   9.19177E-03   9.68991E-03   1.10100E-02   1.38570E-02   1.11914E-02   1.50089E-02   9.88326E-03   1.30991E-02   7.49481E-03   8.93966E-03   4.61752E-03   4.07544E-03   1.95143E-03   5.50214E-04   2.49078E-04
 9.75000E+01   1.35031E-02   6.45595E-03   1.54545E-02   4.11270E-03   1.51446E-02   4.42455E-04   1.26701E-02  -3.61382E-03   8.47477E-03  -7.24369E-03   3.25698E-03  -9.83200E-03  -2.15781E-03  -1.10049E-02  -6.95839E-03  -1.06412E-02  -1.04811E-02  -8.85030E-03  -1.23155E-02  -5.92051E-03  -1.23684E-02  -2.24648E-03  -9.52019E-03   1.93534E-03  -3.60083E-03   5.97899E-03   3.55255E-03   9.06000E-03   1.00523E-02   1.06939E-02   1.43410E-02   1.07489E-02   1.55178E-02   9.40398E-03   1.35362E-02   7.07428E-03   9.23506E-03   4.32875E-03   4.20926E-03   1.81908E-03   5.68202E-04   2.31134E-04
 9.82000E+01   1.37843E-02   6.35329E-03   1.57865E-02   3.96161E-03   1.54745E-02   2.65893E-04   1.29432E-02  -3.78059E-03   8.64546E-03  -7.36199E-03   3.29722E-03  -9.86885E-03  -2.25385E-03  -1.09407E-02  -7.17389E-03  -1.04746E-02  -1.07803E-02  -8.59908E-03  -1.26509E-02  -5.61830E-03  -1.26896E-02  -1.93579E-03  -9.74557E-03   2.17439E-03  -3.64556E-03   6.05302E-03   3.71960E-03   8.92321E-03   1.04071E-02   1.03570E-02   1.48144E-02   1.02745E-02   1.60153E-02   8.88869E-03   1.39632E-02   6.62153E-03   9.52355E-03   4.01763E-03   4.33990E-03   1.67640E-03   5.85759E-04   2.11786E-04
 9.89000E+01   1.40608E-02   6.23042E-03   1.61127E-02   3.78489E-03   1.57980E-02   6.16398E-05   1.32105E-02  -3.97305E-03   8.81206E-03  -7.50001E-03   3.33589E-03  -9.91634E-03  -2.34843E-03  -1.08764E-02  -7.38492E-03  -1.02972E-02  -1.10726E-02  -8.32795E-03  -1.29777E-02  -5.29014E-03  -1.30019E-02  -1.59682E-03  -9.96408E-03   2.43724E-03  -3.68809E-03   6.13837E-03   3.88280E-03   8.78123E-03   1.07522E-02   9.99886E-03   1.52742E-02   9.76742E-03   1.64978E-02   8.33674E-03   1.43771E-02   6.13601E-03   9.80297E-03   3.68376E-03   4.46637E-03   1.52324E-03   6.02750E-04   1.91009E-04
 9.96000E+01   1.43308E-02   6.08727E-03   1.64304E-02   3.58245E-03   1.61126E-02  -1.70367E-04   1.34697E-02  -4.19122E-03   8.97274E-03  -7.65774E-03   3.37206E-03  -9.97444E-03  -2.44145E-03  -1.08119E-02  -7.59032E-03  -1.01087E-02  -1.13559E-02  -8.03678E-03  -1.32935E-02  -4.93589E-03  -1.33026E-02  -1.22944E-03  -1.01734E-02   2.72394E-03  -3.72737E-03   6.23502E-03   4.04154E-03   8.63393E-03   1.10856E-02   9.61929E-03   1.57169E-02   9.22749E-03   1.69618E-02   7.74789E-03   1.47745E-02   5.61752E-03   1.00710E-02   3.32700E-03   4.58762E-03   1.35951E-03   6.19031E-04   1.68795E-04
 1.00400E+02   1.46285E-02   5.89906E-03   1.67799E-02   3.31992E-03   1.64575E-02  -4.69173E-04   1.37526E-02  -4.47175E-03   9.14665E-03  -7.86190E-03   3.40909E-03  -1.00537E-02  -2.54565E-03  -1.07379E-02  -7.81659E-03  -9.88002E-03  -1.16659E-02  -7.67963E-03  -1.36373E-02  -4.49934E-03  -1.36282E-02  -7.75081E-04  -1.03983E-02   3.08054E-03  -3.76689E-03   6.35915E-03   4.21667E-03   8.45905E-03   1.14490E-02   9.15940E-03   1.61976E-02   8.57042E-03   1.74641E-02   7.03000E-03   1.52040E-02   4.98483E-03   1.03603E-02   2.89145E-03   4.71835E-03   1.15957E-03   6.36573E-04   1.41660E-04
 1.01100E+02   1.48772E-02   5.71336E-03   1.70708E-02   3.06356E-03   1.67433E-02  -7.59392E-04   1.39855E-02  -4.74385E-03   9.28810E-03  -8.06096E-03   3.43659E-03  -1.01339E-02  -2.63482E-03  -1.06728E-02  -8.00572E-03  -9.66844E-03  -1.19226E-02  -7.34626E-03  -1.39200E-02  -4.09025E-03  -1.38940E-02  -3.48014E-04  -1.05797E-02   3.41732E-03  -3.79552E-03   6.47943E-03   4.36363E-03   8.30042E-03   1.17490E-02   8.73463E-03   1.65919E-02   7.96124E-03   1.78747E-02   6.36341E-03   1.55542E-02   4.39690E-03   1.05958E-02   2.48653E-03   4.82459E-03   9.73630E-04   6.50814E-04   1.16421E-04
 1.01800E+02   1.51127E-02   5.50881E-03   1.73449E-02   2.78330E-03   1.70111E-02  -1.07542E-03   1.42021E-02  -5.03988E-03   9.41747E-03  -8.27834E-03   3.45849E-03  -1.02240E-02  -2.72196E-03  -1.06076E-02  -8.18525E-03  -9.44659E-03  -1.21634E-02  -6.99418E-03  -1.41828E-02  -3.65683E-03  -1.41387E-02   1.05526E-04  -1.07441E-02   3.77631E-03  -3.81743E-03   6.61020E-03   4.50399E-03   8.13676E-03   1.20295E-02   8.28980E-03   1.69578E-02   7.32134E-03   1.82540E-02   5.66233E-03   1.58766E-02   3.77815E-03   1.08120E-02   2.06023E-03   4.92201E-03   7.77832E-04   6.63857E-04   8.98409E-05
 1.02600E+02   1.53630E-02   5.25330E-03   1.76343E-02   2.43543E-03   1.72916E-02  -1.46637E-03   1.44261E-02  -5.40581E-03   9.54803E-03  -8.54796E-03   3.47539E-03  -1.03384E-02  -2.81887E-03  -1.05328E-02  -8.37701E-03  -9.18126E-03  -1.24163E-02  -6.57027E-03  -1.44551E-02  -3.13346E-03  -1.43888E-02   6.54400E-04  -1.09081E-02   4.21223E-03  -3.83282E-03   6.77179E-03   4.65542E-03   7.94397E-03   1.23233E-02   7.75835E-03   1.73366E-02   6.55463E-03   1.86439E-02   4.82136E-03   1.62065E-02   3.03551E-03   1.10325E-02   1.54840E-03   5.02107E-03   5.42701E-04   6.77094E-04   5.79162E-05
 1.03300E+02   1.55631E-02   5.01221E-03   1.78638E-02   2.10882E-03   1.75115E-02  -1.83248E-03   1.45989E-02  -5.74831E-03   9.64504E-03  -8.80103E-03   3.48201E-03  -1.04478E-02  -2.90114E-03  -1.04673E-02  -8.53169E-03  -8.93970E-03  -1.26157E-02  -6.18206E-03  -1.46660E-02  -2.65296E-03  -1.45784E-02   1.15926E-03  -1.10280E-02   4.61435E-03  -3.83666E-03   6.92302E-03   4.77933E-03   7.77076E-03   1.25542E-02   7.27487E-03   1.76297E-02   5.85539E-03   1.89426E-02   4.05361E-03   1.64575E-02   2.35718E-03   1.11994E-02   1.08076E-03   5.09577E-03   3.27830E-04   6.87047E-04   2.87389E-05
 1.04000E+02   1.57438E-02   4.75653E-03   1.80687E-02   1.76366E-03   1.77050E-02  -2.21867E-03   1.47476E-02  -6.10948E-03   9.72413E-03  -9.06851E-03   3.48009E-03  -1.05650E-02  -2.98091E-03  -1.04019E-02  -8.67295E-03  -8.69042E-03  -1.27927E-02  -5.77954E-03  -1.48486E-02  -2.15371E-03  -1.47380E-02   1.68463E-03  -1.11235E-02   5.03378E-03  -3.83047E-03   7.08258E-03   4.89455E-03   7.59391E-03   1.27585E-02   6.77613E-03   1.78835E-02   5.13262E-03   1.91979E-02   3.25939E-03   1.66699E-02   1.65517E-03   1.13397E-02   5.96673E-04   5.15820E-03   1.05370E-04   6.95332E-04  -1.47193E-06
 1.04800E+02   1.59241E-02   4.44895E-03   1.82698E-02   1.34963E-03   1.78908E-02  -2.68127E-03   1.48852E-02  -6.54207E-03   9.79058E-03  -9.38957E-03   3.46641E-03  -1.07075E-02  -3.06888E-03  -1.03275E-02  -8.81665E-03  -8.39760E-03  -1.29651E-02  -5.30460E-03  -1.50198E-02  -1.56350E-03  -1.48805E-02   2.30664E-03  -1.12003E-02   5.53144E-03  -3.81000E-03   7.27387E-03   5.01489E-03   7.38823E-03   1.29568E-02   6.19039E-03   1.81216E-02   4.28214E-03   1.94322E-02   2.32409E-03   1.68618E-02   8.28130E-04   1.14647E-02   2.62400E-05   5.21334E-03  -1.56808E-04   7.02599E-04  -3.70800E-05
 1.05500E+02   1.60575E-02   4.16884E-03   1.84150E-02   9.73343E-04   1.80203E-02  -3.10129E-03   1.49753E-02  -6.93489E-03   9.82628E-03  -9.68169E-03   3.44364E-03  -1.08385E-02  -3.14294E-03  -1.02628E-02  -8.92589E-03  -8.13599E-03  -1.30882E-02  -4.87859E-03  -1.51345E-02  -1.03315E-03  -1.49679E-02   2.86629E-03  -1.12372E-02   5.98007E-03  -3.77950E-03   7.44783E-03   5.10975E-03   7.20601E-03   1.30977E-02   5.66697E-03   1.82819E-02   3.52086E-03   1.95839E-02   1.48632E-03   1.69823E-02   8.70610E-05   1.15414E-02  -4.85006E-04   5.24653E-03  -3.91814E-04   7.06909E-04  -6.90005E-05
 1.06300E+02   1.61806E-02   3.83944E-03   1.85438E-02   5.31392E-04   1.81285E-02  -3.59437E-03   1.50420E-02  -7.39620E-03   9.83998E-03  -1.00254E-02   3.40454E-03  -1.09941E-02  -3.22418E-03  -1.01899E-02  -9.03100E-03  -7.83287E-03  -1.31956E-02  -4.38321E-03  -1.52238E-02  -4.15483E-04  -1.50232E-02   3.51887E-03  -1.12429E-02   6.50408E-03  -3.72940E-03   7.65257E-03   5.20576E-03   6.99635E-03   1.32198E-02   5.06015E-03   1.84074E-02   2.63696E-03   1.96934E-02   5.13001E-04   1.70634E-02  -7.74193E-04   1.15899E-02  -1.07928E-03   5.26641E-03  -6.65019E-04   7.09380E-04  -1.06113E-04
 1.07100E+02   1.62712E-02   3.50385E-03   1.86315E-02   8.14166E-05   1.81928E-02  -4.09639E-03   1.50683E-02  -7.86614E-03   9.82374E-03  -1.03762E-02   3.35091E-03  -1.11541E-02  -3.30176E-03  -1.01182E-02  -9.11443E-03  -7.52764E-03  -1.32663E-02  -3.88270E-03  -1.52667E-02   2.09567E-04  -1.50291E-02   4.18003E-03  -1.12085E-02   7.03584E-03  -3.66244E-03   7.86178E-03   5.28823E-03   6.78653E-03   1.32991E-02   4.44849E-03   1.84696E-02   1.74476E-03   1.97327E-02  -4.70042E-04   1.70820E-02  -1.64433E-03   1.15952E-02  -1.67980E-03   5.26643E-03  -9.41129E-04   7.09151E-04  -1.43622E-04
 1.07800E+02   1.63234E-02   3.20832E-03   1.86741E-02  -3.14905E-04   1.82122E-02  -4.53872E-03   1.50578E-02  -8.28056E-03   9.78449E-03  -1.06860E-02   3.29181E-03  -1.12965E-02  -3.36665E-03  -1.00568E-02  -9.16942E-03  -7.26083E-03  -1.32978E-02  -3.44390E-03  -1.52658E-02   7.58312E-04  -1.49932E-02   4.76109E-03  -1.11449E-02   7.50383E-03  -3.58969E-03   8.04695E-03   5.34922E-03   6.60395E-03   1.33329E-02   3.91308E-03   1.84713E-02   9.62836E-04   1.97086E-02  -1.33203E-03   1.70464E-02  -2.40752E-03   1.15640E-02  -2.20660E-03   5.24990E-03  -1.18338E-03   7.06700E-04  -1.76534E-04
 1.08600E+02   1.63522E-02   2.87209E-03   1.86837E-02  -7.66192E-04   1.81926E-02  -5.04284E-03   1.50074E-02  -8.75337E-03   9.71099E-03  -1.10403E-02   3.21028E-03  -1.14602E-02  -3.43749E-03  -9.98861E-03  -9.21176E-03  -6.95849E-03  -1.32989E-02  -2.94532E-03  -1.52207E-02   1.38264E-03  -1.49051E-02   5.42288E-03  -1.10338E-02   8.03753E-03  -3.49029E-03   8.25917E-03   5.40625E-03   6.39779E-03   1.33310E-02   3.30527E-03   1.84130E-02   7.42145E-05   1.96143E-02  -2.31210E-03   1.69463E-02  -3.27551E-03   1.14872E-02  -2.80585E-03   5.21209E-03  -1.45896E-03   7.01327E-04  -2.13979E-04
 1.09400E+02   1.63486E-02   2.54132E-03   1.86524E-02  -1.21087E-03   1.81290E-02  -5.54028E-03   1.49166E-02  -9.22060E-03   9.60738E-03  -1.13910E-02   3.11401E-03  -1.16234E-02  -3.50494E-03  -9.92283E-03  -9.23269E-03  -6.66133E-03  -1.32635E-02  -2.45393E-03  -1.51294E-02   1.99884E-03  -1.47678E-02   6.07675E-03  -1.08823E-02   8.56555E-03  -3.37373E-03   8.47013E-03   5.45009E-03   6.19570E-03   1.32866E-02   2.70638E-03   1.82916E-02  -8.02305E-04   1.94499E-02  -3.27931E-03   1.67840E-02  -4.13235E-03   1.13673E-02  -3.39749E-03   5.15444E-03  -1.73109E-03   6.93254E-04  -2.50956E-04
 1.10200E+02   1.63138E-02   2.21987E-03   1.85818E-02  -1.64410E-03   1.80230E-02  -6.02588E-03   1.47870E-02  -9.67756E-03   9.47470E-03  -1.17349E-02   3.00343E-03  -1.17842E-02  -3.56922E-03  -9.85986E-03  -9.23305E-03  -6.37176E-03  -1.31931E-02  -1.97380E-03  -1.49937E-02   2.60176E-03  -1.45828E-02   6.71725E-03  -1.06918E-02   9.08345E-03  -3.24048E-03   8.67792E-03   5.48132E-03   5.99907E-03   1.32013E-02   2.12096E-03   1.81094E-02  -1.65997E-03   1.92178E-02  -4.22615E-03   1.65615E-02  -4.97138E-03   1.12057E-02  -3.97696E-03   5.07759E-03  -1.99765E-03   6.82570E-04  -2.87180E-04
 1.11000E+02   1.62498E-02   1.91131E-03   1.84739E-02  -2.06140E-03   1.78770E-02  -6.49485E-03   1.46207E-02  -1.01199E-02   9.31444E-03  -1.20686E-02   2.87920E-03  -1.19411E-02  -3.63062E-03  -9.80002E-03  -9.21404E-03  -6.09200E-03  -1.30895E-02  -1.50871E-03  -1.48157E-02   3.18666E-03  -1.43526E-02   7.33933E-03  -1.04642E-02   9.58709E-03  -3.09127E-03   8.88079E-03   5.50070E-03   5.80920E-03   1.30773E-02   1.55323E-03   1.78694E-02  -2.49251E-03   1.89216E-02  -5.14570E-03   1.62818E-02  -5.78646E-03   1.10046E-02  -4.53999E-03   4.98250E-03  -2.25668E-03   6.69404E-04  -3.22385E-04
 1.11800E+02   1.61586E-02   1.61883E-03   1.83316E-02  -2.45874E-03   1.76940E-02  -6.94291E-03   1.44202E-02  -1.05437E-02   9.12852E-03  -1.23892E-02   2.74220E-03  -1.20926E-02  -3.68947E-03  -9.74363E-03  -9.17716E-03  -5.82404E-03  -1.29552E-02  -1.06204E-03  -1.45986E-02   3.74926E-03  -1.40803E-02   7.93844E-03  -1.02020E-02   1.00728E-02  -2.92707E-03   9.07714E-03   5.50919E-03   5.62723E-03   1.29173E-02   1.00696E-03   1.75757E-02  -3.29433E-03   1.85654E-02  -6.03175E-03   1.59489E-02  -6.57208E-03   1.07665E-02  -5.08278E-03   4.87038E-03  -2.50644E-03   6.53919E-04  -3.56332E-04
 1.12600E+02   1.60429E-02   1.34519E-03   1.81583E-02  -2.83268E-03   1.74774E-02  -7.36636E-03   1.41887E-02  -1.09456E-02   8.91924E-03  -1.26943E-02   2.59347E-03  -1.22376E-02  -3.74615E-03  -9.69093E-03  -9.12415E-03  -5.56959E-03  -1.27929E-02  -6.36697E-04  -1.43459E-02   4.28591E-03  -1.37696E-02   8.51068E-03  -9.90800E-03   1.05373E-02  -2.74902E-03   9.26559E-03   5.50788E-03   5.45415E-03   1.27245E-02   4.85402E-04   1.72329E-02  -4.06061E-03   1.81545E-02  -6.87892E-03   1.55671E-02  -7.32348E-03   1.04945E-02  -5.60205E-03   4.74264E-03  -2.74540E-03   6.36308E-04  -3.88816E-04
 1.13400E+02   1.59056E-02   1.09265E-03   1.79575E-02  -3.18035E-03   1.72310E-02  -7.76215E-03   1.39297E-02  -1.13227E-02   8.68911E-03  -1.29817E-02   2.43416E-03  -1.23751E-02  -3.80107E-03  -9.64213E-03  -9.05693E-03  -5.33006E-03  -1.26059E-02  -2.35073E-04  -1.40613E-02   4.79356E-03  -1.34244E-02   9.05281E-03  -9.58555E-03   1.09781E-02  -2.55840E-03   9.44501E-03   5.49798E-03   5.29076E-03   1.25025E-02  -8.78813E-06   1.68461E-02  -4.78736E-03   1.76946E-02  -7.68283E-03   1.51415E-02  -8.03674E-03   1.01922E-02  -6.09507E-03   4.60086E-03  -2.97233E-03   6.16784E-04  -4.19668E-04
 1.14200E+02   1.57499E-02   8.62972E-04   1.77331E-02  -3.49955E-03   1.69591E-02  -8.12791E-03   1.36469E-02  -1.16731E-02   8.44083E-03  -1.32498E-02   2.26551E-03  -1.25041E-02  -3.85465E-03  -9.59736E-03  -8.97754E-03  -5.10652E-03  -1.23974E-02   1.40987E-04  -1.37490E-02   5.26989E-03  -1.30493E-02   9.56235E-03  -9.23804E-03   1.13930E-02  -2.35659E-03   9.61448E-03   5.48076E-03   5.13767E-03   1.22551E-02  -4.73555E-04   1.64209E-02  -5.47152E-03   1.71915E-02  -8.44004E-03   1.46773E-02  -8.70883E-03   9.86307E-03  -6.55976E-03   4.44671E-03  -3.18626E-03   5.95574E-04  -4.48755E-04
 1.15100E+02   1.55567E-02   6.33441E-04   1.74575E-02  -3.82268E-03   1.66279E-02  -8.50144E-03   1.33050E-02  -1.20332E-02   8.14327E-03  -1.35270E-02   2.06622E-03  -1.26386E-02  -3.91389E-03  -9.55191E-03  -8.87630E-03  -4.87506E-03  -1.21416E-02   5.31896E-04  -1.33699E-02   5.76627E-03  -1.25968E-02   1.00944E-02  -8.82158E-03   1.18271E-02  -2.11792E-03   9.79245E-03   5.45425E-03   4.97824E-03   1.19511E-02  -9.59473E-04   1.59036E-02  -6.18762E-03   1.65818E-02  -9.23311E-03   1.41159E-02  -9.41306E-03   9.46548E-03  -7.04682E-03   4.26065E-03  -3.41054E-03   5.69989E-04  -4.79255E-04
 1.15900E+02   1.53723E-02   4.55874E-04   1.71963E-02  -4.07691E-03   1.63156E-02  -8.79861E-03   1.29843E-02  -1.23220E-02   7.86564E-03  -1.37509E-02   1.88198E-03  -1.27481E-02  -3.96611E-03  -9.51593E-03  -8.77800E-03  -4.68758E-03  -1.18989E-02   8.49955E-04  -1.30129E-02   6.17131E-03  -1.21724E-02   1.05296E-02  -8.43261E-03   1.21829E-02  -1.89700E-03   9.93889E-03   5.42578E-03   4.84815E-03   1.16623E-02  -1.35765E-03   1.54153E-02  -6.77512E-03   1.60076E-02  -9.88424E-03   1.35880E-02  -9.99152E-03   9.09191E-03  -7.44704E-03   4.08593E-03  -3.59487E-03   5.45970E-04  -5.04327E-04
 1.16700E+02   1.51794E-02   3.03487E-04   1.69239E-02  -4.29972E-03   1.59908E-02  -9.06260E-03   1.26515E-02  -1.25811E-02   7.57843E-03  -1.39533E-02   1.69236E-03  -1.28481E-02  -4.01834E-03  -9.48405E-03  -8.67402E-03  -4.51743E-03  -1.16455E-02   1.14006E-03  -1.26413E-02   6.54194E-03  -1.17317E-02   1.09288E-02  -8.02955E-03   1.25101E-02  -1.66925E-03   1.00741E-02   5.39402E-03   4.72903E-03   1.13601E-02  -1.72377E-03   1.49060E-02  -7.31602E-03   1.54095E-02  -1.04842E-02   1.30384E-02  -1.05248E-02   8.70315E-03  -7.81611E-03   3.90415E-03  -3.76490E-03   5.20986E-04  -5.27459E-04
 1.17600E+02   1.49557E-02   1.61951E-04   1.66086E-02  -4.51309E-03   1.56153E-02  -9.32017E-03   1.22672E-02  -1.28372E-02   7.24706E-03  -1.41554E-02   1.47405E-03  -1.29492E-02  -4.07765E-03  -9.45302E-03  -8.55264E-03  -4.34652E-03  -1.13513E-02   1.43328E-03  -1.22106E-02   6.91802E-03  -1.12215E-02   1.13351E-02  -7.56330E-03   1.28440E-02  -1.40647E-03   1.02127E-02   5.35583E-03   4.60799E-03   1.10083E-02  -2.09764E-03   1.43142E-02  -7.86919E-03   1.47150E-02  -1.10982E-02   1.24003E-02  -1.10709E-02   8.25190E-03  -8.19429E-03   3.69316E-03  -3.93919E-03   4.91990E-04  -5.51174E-04
 1.18400E+02   1.47541E-02   6.21515E-05   1.63243E-02  -4.67029E-03   1.52765E-02  -9.51480E-03   1.19203E-02  -1.30340E-02   6.94777E-03  -1.43128E-02   1.27677E-03  -1.30290E-02  -4.13127E-03  -9.42960E-03  -8.44282E-03  -4.21241E-03  -1.10850E-02   1.66507E-03  -1.18207E-02   7.21673E-03  -1.07593E-02   1.16591E-02  -7.14078E-03   1.31111E-02  -1.16835E-03   1.03242E-02   5.32094E-03   4.51162E-03   1.06888E-02  -2.39692E-03   1.37768E-02  -8.31272E-03   1.40842E-02  -1.15911E-02   1.18207E-02  -1.15096E-02   7.84195E-03  -8.49821E-03   3.50147E-03  -4.07930E-03   4.65643E-04  -5.70244E-04
 1.19300E+02   1.45273E-02  -2.19146E-05   1.60038E-02  -4.81194E-03   1.48940E-02  -9.69654E-03   1.15278E-02  -1.32220E-02   6.60852E-03  -1.44657E-02   1.05246E-03  -1.31081E-02  -4.19307E-03  -9.40773E-03  -8.31922E-03  -4.08086E-03  -1.07835E-02   1.89454E-03  -1.13781E-02   7.51417E-03  -1.02339E-02   1.19831E-02  -6.65989E-03   1.33793E-02  -8.96771E-04   1.04368E-02   5.28196E-03   4.41536E-03   1.03256E-02  -2.69772E-03   1.31649E-02  -8.75938E-03   1.33655E-02  -1.20880E-02   1.11601E-02  -1.19523E-02   7.37453E-03  -8.80503E-03   3.28285E-03  -4.22081E-03   4.35590E-04  -5.89510E-04
 1.20100E+02   1.43281E-02  -7.27256E-05   1.57215E-02  -4.90800E-03   1.45560E-02  -9.82653E-03   1.11800E-02  -1.33607E-02   6.30677E-03  -1.45811E-02   8.51905E-04  -1.31691E-02  -4.24967E-03  -9.39208E-03  -8.21092E-03  -3.98029E-03  -1.05163E-02   2.07197E-03  -1.09845E-02   7.74577E-03  -9.76540E-03   1.22368E-02  -6.23013E-03   1.35902E-02  -6.53100E-04   1.05259E-02   5.24856E-03   4.34007E-03   1.00023E-02  -2.93464E-03   1.26189E-02  -9.11195E-03   1.27234E-02  -1.24808E-02   1.05693E-02  -1.23024E-02   6.95631E-03  -9.04793E-03   3.08717E-03  -4.33289E-03   4.08684E-04  -6.04773E-04
 1.21000E+02   1.41093E-02  -1.04567E-04   1.54099E-02  -4.98446E-03   1.41812E-02  -9.93934E-03   1.07927E-02  -1.34868E-02   5.96924E-03  -1.46891E-02   6.25926E-04  -1.32280E-02  -4.31562E-03  -9.37847E-03  -8.09249E-03  -3.88450E-03  -1.02194E-02   2.24344E-03  -1.05447E-02   7.97153E-03  -9.24018E-03   1.24857E-02  -5.74676E-03   1.37982E-02  -3.77457E-04   1.06145E-02   5.21342E-03   4.26625E-03   9.64113E-03  -3.16884E-03   1.20065E-02  -9.46137E-03   1.20019E-02  -1.28707E-02   9.90487E-03  -1.26504E-02   6.48558E-03  -9.28945E-03   2.86681E-03  -4.44439E-03   3.78373E-04  -6.19964E-04
 1.21900E+02   1.38983E-02  -1.11440E-04   1.51075E-02  -5.02976E-03   1.38153E-02  -1.00192E-02   1.04124E-02  -1.35832E-02   5.63564E-03  -1.47757E-02   4.00412E-04  -1.32772E-02  -4.38432E-03  -9.36881E-03  -7.97919E-03  -3.80583E-03  -9.92878E-03   2.38709E-03  -1.01110E-02   8.16290E-03  -8.71990E-03   1.26985E-02  -5.26589E-03   1.39774E-02  -1.01118E-04   1.06916E-02   5.18184E-03   4.20315E-03   9.28528E-03  -3.37106E-03   1.13999E-02  -9.76401E-03   1.12856E-02  -1.32090E-02   9.24429E-03  -1.29527E-02   6.01714E-03  -9.49949E-03   2.64738E-03  -4.54142E-03   3.48176E-04  -6.33189E-04
 1.22800E+02   1.36972E-02  -9.53598E-05   1.48166E-02  -5.04641E-03   1.34608E-02  -1.00687E-02   1.00413E-02  -1.36523E-02   5.30762E-03  -1.48426E-02   1.76075E-04  -1.33176E-02  -4.45611E-03  -9.36276E-03  -7.87233E-03  -3.74293E-03  -9.64651E-03   2.50512E-03  -9.68605E-03   8.32253E-03  -8.20715E-03   1.28779E-02  -4.78955E-03   1.41297E-02   1.75163E-04   1.07578E-02   5.15464E-03   4.14990E-03   8.93710E-03  -3.54375E-03   1.08025E-02  -1.00234E-02   1.05781E-02  -1.34996E-02   8.59075E-03  -1.32128E-02   5.55318E-03  -9.68037E-03   2.42987E-03  -4.62503E-03   3.18228E-04  -6.44591E-04
 1.23600E+02   1.35279E-02  -6.34597E-05   1.45694E-02  -5.03922E-03   1.31570E-02  -1.00895E-02   9.72068E-03  -1.36929E-02   5.02179E-03  -1.48868E-02  -2.19017E-05  -1.33466E-02  -4.52274E-03  -9.36015E-03  -7.78361E-03  -3.69913E-03  -9.40399E-03   2.59030E-03  -9.31723E-03   8.43998E-03  -7.75940E-03   1.30117E-02  -4.37125E-03   1.42445E-02   4.20229E-04   1.08084E-02   5.13473E-03   4.11013E-03   8.63558E-03  -3.67447E-03   1.02814E-02  -1.02206E-02   9.95906E-03  -1.37210E-02   8.01778E-03  -1.34113E-02   5.14591E-03  -9.81855E-03   2.23878E-03  -4.68896E-03   2.91902E-04  -6.53314E-04
 1.24500E+02   1.33494E-02  -9.62875E-06   1.43054E-02  -5.00874E-03   1.28293E-02  -1.00892E-02   9.37175E-03  -1.37172E-02   4.70761E-03  -1.49211E-02  -2.42633E-04  -1.33723E-02  -4.60111E-03  -9.36004E-03  -7.69167E-03  -3.66224E-03  -9.14182E-03   2.66595E-03  -8.91383E-03   8.54705E-03  -7.26618E-03   1.31359E-02  -3.90755E-03   1.43523E-02   6.94964E-04   1.08566E-02   5.11765E-03   4.07309E-03   8.30670E-03  -3.79814E-03   9.70807E-03  -1.04080E-02   9.27563E-03  -1.39321E-02   7.38393E-03  -1.36008E-02   4.69475E-03  -9.95071E-03   2.02690E-03  -4.75016E-03   2.62691E-04  -6.61668E-04
 1.25400E+02   1.31844E-02   6.12705E-05   1.40577E-02  -4.95693E-03   1.25179E-02  -1.00662E-02   9.03630E-03  -1.37211E-02   4.40198E-03  -1.49406E-02  -4.60976E-04  -1.33913E-02  -4.68330E-03  -9.36260E-03  -7.60870E-03  -3.63716E-03  -8.89195E-03   2.72230E-03  -8.52378E-03   8.63011E-03  -6.78525E-03   1.32346E-02  -3.45201E-03   1.44397E-02   9.68409E-04   1.08965E-02   5.10665E-03   4.04337E-03   7.98985E-03  -3.89939E-03   9.15008E-03  -1.05624E-02   8.60761E-03  -1.41065E-02   6.76284E-03  -1.37579E-02   4.25194E-03  -1.00604E-02   1.81870E-03  -4.80099E-03   2.33968E-04  -6.68612E-04
 1.26300E+02   1.30337E-02   1.47306E-04   1.38272E-02  -4.88621E-03   1.22236E-02  -1.00233E-02   8.71513E-03  -1.37070E-02   4.10543E-03  -1.49470E-02  -6.76751E-04  -1.34043E-02  -4.76951E-03  -9.36749E-03  -7.53525E-03  -3.62259E-03  -8.65512E-03   2.76141E-03  -8.14797E-03   8.69168E-03  -6.31745E-03   1.33107E-02  -3.00524E-03   1.45086E-02   1.24041E-03   1.09287E-02   5.10210E-03   4.02014E-03   7.68587E-03  -3.98051E-03   8.60850E-03  -1.06870E-02   7.95618E-03  -1.42480E-02   6.15551E-03  -1.38856E-02   3.81818E-03  -1.01497E-02   1.61452E-03  -4.84243E-03   2.05774E-04  -6.74279E-04
 1.27300E+02   1.28837E-02   2.58420E-04   1.35918E-02  -4.78823E-03   1.19175E-02  -9.95494E-03   8.37567E-03  -1.36726E-02   3.78698E-03  -1.49405E-02  -9.13387E-04  -1.34125E-02  -4.87022E-03  -9.37527E-03  -7.46525E-03  -3.61720E-03  -8.40793E-03   2.78705E-03  -7.74779E-03   8.73777E-03  -5.81371E-03   1.33714E-02  -2.51955E-03   1.45658E-02   1.54087E-03   1.09563E-02   5.10497E-03   4.00094E-03   7.36388E-03  -4.04970E-03   8.02686E-03  -1.07943E-02   7.25271E-03  -1.43705E-02   5.49759E-03  -1.39965E-02   3.34731E-03  -1.02275E-02   1.39255E-03  -4.87859E-03   1.75095E-04  -6.79228E-04
 1.28200E+02   1.27647E-02   3.70504E-04   1.33992E-02  -4.68492E-03   1.16612E-02  -9.87737E-03   8.08613E-03  -1.36272E-02   3.51049E-03  -1.49240E-02  -1.12356E-03  -1.34150E-02  -4.96543E-03  -9.38406E-03  -7.41299E-03  -3.62081E-03  -8.20014E-03   2.79610E-03  -7.40361E-03   8.76159E-03  -5.37506E-03   1.34072E-02  -2.09219E-03   1.46018E-02   1.80977E-03   1.09746E-02   5.11491E-03   3.98878E-03   7.08863E-03  -4.09537E-03   7.52188E-03  -1.08661E-02   6.63825E-03  -1.44530E-02   4.92093E-03  -1.40716E-02   2.93367E-03  -1.02802E-02   1.19726E-03  -4.90316E-03   1.48077E-04  -6.82594E-04
 1.29100E+02   1.26610E-02   4.92365E-04   1.32249E-02  -4.56935E-03   1.14232E-02  -9.78673E-03   7.81181E-03  -1.35699E-02   3.24359E-03  -1.48986E-02  -1.33115E-03  -1.34133E-02  -5.06513E-03  -9.39420E-03  -7.37107E-03  -3.63127E-03  -8.00642E-03   2.79363E-03  -7.07467E-03   8.77079E-03  -4.95036E-03   1.34273E-02  -1.67403E-03   1.46248E-02   2.07736E-03   1.09872E-02   5.13197E-03   3.98071E-03   6.82729E-03  -4.12727E-03   7.03450E-03  -1.09170E-02   6.04149E-03  -1.45121E-02   4.35891E-03  -1.41257E-02   2.52962E-03  -1.03184E-02   1.00622E-03  -4.92097E-03   1.21618E-04  -6.85038E-04
 1.30000E+02   1.25728E-02   6.22515E-04   1.30690E-02  -4.44336E-03   1.12036E-02  -9.68494E-03   7.55266E-03  -1.35024E-02   2.98620E-03  -1.48658E-02  -1.53628E-03  -1.34080E-02  -5.16942E-03  -9.40540E-03  -7.33956E-03  -3.64757E-03  -7.82676E-03   2.78122E-03  -6.76089E-03   8.76725E-03  -4.53946E-03   1.34335E-02  -1.26485E-03   1.46362E-02   2.34382E-03   1.09945E-02   5.15625E-03   3.97606E-03   6.57984E-03  -4.14713E-03   6.56458E-03  -1.09497E-02   5.46221E-03  -1.45505E-02   3.81129E-03  -1.41611E-02   2.13498E-03  -1.03435E-02   8.19310E-04  -4.93271E-03   9.57033E-05  -6.86652E-04
 1.31000E+02   1.24927E-02   7.75177E-04   1.29173E-02  -4.29321E-03   1.09810E-02  -9.56092E-03   7.28229E-03  -1.34173E-02   2.71111E-03  -1.48216E-02  -1.76151E-03  -1.33983E-02  -5.29082E-03  -9.41874E-03  -7.31677E-03  -3.67138E-03  -7.64353E-03   2.75751E-03  -6.42976E-03   8.75044E-03  -4.09871E-03   1.34263E-02  -8.20356E-04   1.46368E-02   2.63885E-03   1.09969E-02   5.19178E-03   3.97410E-03   6.32100E-03  -4.15700E-03   6.06251E-03  -1.09670E-02   4.83853E-03  -1.45717E-02   3.21919E-03  -1.41810E-02   1.70712E-03  -1.03578E-02   6.16314E-04  -4.93941E-03   6.75236E-05  -6.87575E-04
 1.31900E+02   1.24367E-02   9.18435E-04   1.27998E-02  -4.15063E-03   1.07996E-02  -9.44123E-03   7.05449E-03  -1.33332E-02   2.47308E-03  -1.47761E-02  -1.96203E-03  -1.33866E-02  -5.40515E-03  -9.43122E-03  -7.30722E-03  -3.69696E-03  -7.49316E-03   2.72871E-03  -6.14717E-03   8.72540E-03  -3.71581E-03   1.34086E-02  -4.28985E-04   1.46277E-02   2.90375E-03   1.09944E-02   5.23148E-03   3.97458E-03   6.10226E-03  -4.15650E-03   5.62819E-03  -1.09678E-02   4.29455E-03  -1.45737E-02   2.70043E-03  -1.41834E-02   1.33120E-03  -1.03596E-02   4.37617E-04  -4.94031E-03   4.26855E-05  -6.87700E-04
 1.32900E+02   1.23921E-02   1.08267E-03   1.26901E-02  -3.98573E-03   1.06186E-02  -9.30110E-03   6.81820E-03  -1.32329E-02   2.21880E-03  -1.47202E-02  -2.18267E-03  -1.33706E-02  -5.53794E-03  -9.44527E-03  -7.30868E-03  -3.72897E-03  -7.34193E-03   2.68992E-03  -5.84981E-03   8.68832E-03  -3.30503E-03   1.33785E-02  -3.15834E-06   1.46082E-02   3.19777E-03   1.09867E-02   5.28418E-03   3.97686E-03   5.87462E-03  -4.14714E-03   5.16437E-03  -1.09545E-02   3.70849E-03  -1.45593E-02   2.13888E-03  -1.41707E-02   9.23059E-04  -1.03508E-02   2.43225E-04  -4.93620E-03   1.56302E-05  -6.87137E-04
 1.33800E+02   1.23675E-02   1.23387E-03   1.26099E-02  -3.83289E-03   1.04739E-02  -9.17002E-03   6.62025E-03  -1.31379E-02   1.99875E-03  -1.46659E-02  -2.37957E-03  -1.33539E-02  -5.66270E-03  -9.45774E-03  -7.32076E-03  -3.76017E-03  -7.21974E-03   2.65009E-03  -5.59665E-03   8.64796E-03  -2.94793E-03   1.33431E-02   3.72541E-04   1.45831E-02   3.46245E-03   1.09756E-02   5.33934E-03   3.97990E-03   5.68320E-03  -4.13208E-03   4.76309E-03  -1.09313E-02   3.19670E-03  -1.45331E-02   1.64606E-03  -1.41470E-02   5.63757E-04  -1.03340E-02   7.17447E-05  -4.92836E-03  -8.26888E-06  -6.86055E-04
 1.34800E+02   1.23572E-02   1.40441E-03   1.25408E-02  -3.65964E-03   1.03328E-02  -9.02037E-03   6.41610E-03  -1.30281E-02   1.76356E-03  -1.46020E-02  -2.59679E-03  -1.33329E-02  -5.80728E-03  -9.47107E-03  -7.34596E-03  -3.79661E-03  -7.09905E-03   2.60162E-03  -5.33082E-03   8.59674E-03  -2.56438E-03   1.32958E-02   7.82312E-04   1.45476E-02   3.75703E-03   1.09587E-02   5.40916E-03   3.98372E-03   5.48495E-03  -4.10928E-03   4.33428E-03  -1.08948E-02   2.64437E-03  -1.44909E-02   1.11144E-03  -1.41083E-02   1.72741E-04  -1.03066E-02  -1.15263E-04  -4.91545E-03  -3.43685E-05  -6.84272E-04
 1.35800E+02   1.23643E-02   1.57644E-03   1.24923E-02  -3.48422E-03   1.02118E-02  -8.86794E-03   6.22800E-03  -1.29153E-02   1.53767E-03  -1.45350E-02  -2.81273E-03  -1.33096E-02  -5.95821E-03  -9.48344E-03  -7.38340E-03  -3.83405E-03  -6.99375E-03   2.54990E-03  -5.08056E-03   8.54009E-03  -2.19394E-03   1.32415E-02   1.18478E-03   1.45050E-02   4.05256E-03   1.09371E-02   5.48794E-03   3.98736E-03   5.30132E-03  -4.08135E-03   3.92246E-03  -1.08486E-02   2.10806E-03  -1.44367E-02   5.89394E-04  -1.40581E-02  -2.10406E-04  -1.02707E-02  -2.98921E-04  -4.89851E-03  -6.00390E-05  -6.81924E-04
 1.36800E+02   1.23886E-02   1.74884E-03   1.24638E-02  -3.30798E-03   1.01102E-02  -8.71409E-03   6.05529E-03  -1.28004E-02   1.32052E-03  -1.44657E-02  -3.02775E-03  -1.32840E-02  -6.11560E-03  -9.49445E-03  -7.43285E-03  -3.87163E-03  -6.90335E-03   2.49604E-03  -4.84515E-03   8.47919E-03  -1.83572E-03   1.31811E-02   1.58074E-03   1.44559E-02   4.34953E-03   1.09108E-02   5.57560E-03   3.99017E-03   5.13170E-03  -4.04944E-03   3.52656E-03  -1.07941E-02   1.58655E-03  -1.43717E-02   7.87812E-05  -1.39974E-02  -5.86488E-04  -1.02271E-02  -4.79606E-04  -4.87782E-03  -8.53325E-05  -6.79052E-04
 1.37700E+02   1.24247E-02   1.90344E-03   1.24549E-02  -3.14970E-03   1.00349E-02  -8.57543E-03   5.91251E-03  -1.26961E-02   1.13211E-03  -1.44018E-02  -3.22075E-03  -1.32593E-02  -6.26283E-03  -9.50286E-03  -7.48746E-03  -3.90492E-03  -6.83432E-03   2.44659E-03  -4.64536E-03   8.42161E-03  -1.52305E-03   1.31223E-02   1.93221E-03   1.44064E-02   4.61839E-03   1.08831E-02   5.66205E-03   3.99145E-03   4.99052E-03  -4.01815E-03   3.18303E-03  -1.07389E-02   1.12883E-03  -1.43050E-02  -3.71927E-04  -1.39345E-02  -9.19584E-04  -1.01816E-02  -6.39992E-04  -4.85619E-03  -1.07817E-04  -6.76042E-04
 1.38700E+02   1.24804E-02   2.07369E-03   1.24630E-02  -2.97525E-03   9.96863E-03  -8.42217E-03   5.76733E-03  -1.25800E-02   9.30099E-04  -1.43295E-02  -3.43496E-03  -1.32298E-02  -6.43272E-03  -9.51014E-03  -7.55917E-03  -3.94061E-03  -6.77085E-03   2.39141E-03  -4.43614E-03   8.35539E-03  -1.18568E-03   1.30527E-02   2.31802E-03   1.43461E-02   4.91929E-03   1.08476E-02   5.76642E-03   3.99094E-03   4.84583E-03  -3.98139E-03   2.81457E-03  -1.06717E-02   6.32079E-04  -1.42224E-02  -8.63906E-04  -1.38560E-02  -1.28444E-03  -1.01246E-02  -8.16057E-04  -4.82897E-03  -1.32535E-04  -6.72244E-04
 1.39700E+02   1.25519E-02   2.24145E-03   1.24896E-02  -2.80335E-03   9.91998E-03  -8.27077E-03   5.63573E-03  -1.24646E-02   7.35288E-04  -1.42563E-02  -3.64923E-03  -1.31982E-02  -6.60928E-03  -9.51483E-03  -7.64227E-03  -3.97422E-03  -6.72083E-03   2.33680E-03  -4.23966E-03   8.28758E-03  -8.58046E-04   1.29792E-02   2.69958E-03   1.42802E-02   5.22289E-03   1.08070E-02   5.87946E-03   3.98778E-03   4.71340E-03  -3.94332E-03   2.45908E-03  -1.05991E-02   1.46641E-04  -1.41318E-02  -1.34765E-03  -1.37689E-02  -1.64449E-03  -1.00609E-02  -9.90212E-04  -4.79848E-03  -1.57023E-04  -6.67980E-04
 1.40700E+02   1.26390E-02   2.40585E-03   1.25342E-02  -2.63502E-03   9.88837E-03  -8.12220E-03   5.51712E-03  -1.23504E-02   5.47177E-04  -1.41826E-02  -3.86387E-03  -1.31644E-02  -6.79260E-03  -9.51647E-03  -7.73656E-03  -4.00505E-03  -6.68378E-03   2.28358E-03  -4.05524E-03   8.21890E-03  -5.39356E-04   1.29022E-02   3.07765E-03   1.42090E-02   5.52959E-03   1.07610E-02   6.00111E-03   3.98138E-03   4.59262E-03  -3.90467E-03   2.11561E-03  -1.05219E-02  -3.28607E-04  -1.40335E-02  -1.82420E-03  -1.36737E-02  -2.00048E-03  -9.99086E-03  -1.16279E-03  -4.76477E-03  -1.81326E-04  -6.63253E-04
 1.41800E+02   1.27523E-02   2.58179E-03   1.26033E-02  -2.45511E-03   9.87258E-03  -7.96310E-03   5.40093E-03  -1.22271E-02   3.47418E-04  -1.41012E-02  -4.10078E-03  -1.31245E-02  -7.00210E-03  -9.51418E-03  -7.85291E-03  -4.03491E-03  -6.65744E-03   2.22750E-03  -3.86550E-03   8.14308E-03  -1.98201E-04   1.28139E-02   3.49029E-03   1.41244E-02   5.87096E-03   1.07036E-02   6.14472E-03   3.96985E-03   4.47256E-03  -3.86231E-03   1.75055E-03  -1.04321E-02  -8.40887E-04  -1.39170E-02  -2.34124E-03  -1.35596E-02  -2.38818E-03  -9.90639E-03  -1.35120E-03  -4.72396E-03  -2.07899E-04  -6.57515E-04
 1.42800E+02   1.28707E-02   2.73641E-03   1.26838E-02  -2.29735E-03   9.87483E-03  -7.82333E-03   5.30769E-03  -1.21178E-02   1.71832E-04  -1.40272E-02  -4.31716E-03  -1.30856E-02  -7.19974E-03  -9.50784E-03  -7.96995E-03  -4.05764E-03  -6.64609E-03   2.17954E-03  -3.70425E-03   8.07449E-03   1.04180E-04   1.27308E-02   3.86317E-03   1.40418E-02   6.18530E-03   1.06449E-02   6.28409E-03   3.95462E-03   4.37444E-03  -3.82458E-03   1.42934E-03  -1.03467E-02  -1.29815E-03  -1.38038E-02  -2.80576E-03  -1.34474E-02  -2.73779E-03  -9.82280E-03  -1.52150E-03  -4.68341E-03  -2.31953E-04  -6.51797E-04
 1.43800E+02   1.30034E-02   2.88513E-03   1.27807E-02  -2.14601E-03   9.89233E-03  -7.68901E-03   5.22569E-03  -1.20115E-02   1.52288E-06  -1.39533E-02  -4.53478E-03  -1.30440E-02  -7.40423E-03  -9.49691E-03  -8.09745E-03  -4.07544E-03  -6.64627E-03   2.13513E-03  -3.55307E-03   8.00673E-03   3.99880E-04   1.26450E-02   4.23453E-03   1.39535E-02   6.50375E-03   1.05794E-02   6.43171E-03   3.93422E-03   4.28629E-03  -3.78817E-03   1.11742E-03  -1.02579E-02  -1.74832E-03  -1.36836E-02  -3.26589E-03  -1.33270E-02  -3.08531E-03  -9.73255E-03  -1.69114E-03  -4.63945E-03  -2.55949E-04  -6.45584E-04
 1.44900E+02   1.31654E-02   3.04098E-03   1.29055E-02  -1.98802E-03   9.92852E-03  -7.54847E-03   5.14783E-03  -1.18990E-02  -1.80209E-04  -1.38723E-02  -4.77584E-03  -1.29949E-02  -7.63707E-03  -9.47892E-03  -8.24952E-03  -4.08853E-03  -6.65926E-03   2.09114E-03  -3.39772E-03   7.93364E-03   7.18190E-04   1.25478E-02   4.64191E-03   1.38495E-02   6.85909E-03   1.04988E-02   6.60347E-03   3.90503E-03   4.20022E-03  -3.75023E-03   7.84133E-04  -1.01566E-02  -2.23636E-03  -1.35433E-02  -3.76788E-03  -1.31849E-02  -3.46579E-03  -9.62529E-03  -1.87728E-03  -4.58699E-03  -2.82314E-04  -6.38147E-04
 1.45900E+02   1.33269E-02   3.17478E-03   1.30350E-02  -1.85301E-03   9.97621E-03  -7.42810E-03   5.08772E-03  -1.18010E-02  -3.40736E-04  -1.37991E-02  -4.99671E-03  -1.29467E-02  -7.85589E-03  -9.45653E-03  -8.39822E-03  -4.09376E-03  -6.68221E-03   2.05624E-03  -3.26583E-03   7.86892E-03   1.00187E-03   1.24568E-02   5.01173E-03   1.37483E-02   7.18691E-03   1.04171E-02   6.76796E-03   3.87165E-03   4.13135E-03  -3.71819E-03   4.89302E-04  -1.00615E-02  -2.67436E-03  -1.34082E-02  -4.22117E-03  -1.30465E-02  -3.81054E-03  -9.52013E-03  -2.04629E-03  -4.53535E-03  -3.06287E-04  -6.30809E-04
 1.47000E+02   1.35195E-02   3.31232E-03   1.31945E-02  -1.71505E-03   1.00443E-02  -7.30469E-03   5.03272E-03  -1.16985E-02  -5.12601E-04  -1.37190E-02  -5.24178E-03  -1.28896E-02  -8.10437E-03  -9.42451E-03  -8.57295E-03  -4.09134E-03  -6.71918E-03   2.02418E-03  -3.13038E-03   7.80003E-03   1.30832E-03   1.23538E-02   5.41847E-03   1.36291E-02   7.55294E-03   1.03172E-02   6.95784E-03   3.82656E-03   4.06531E-03  -3.68616E-03   1.73156E-04  -9.95356E-03  -3.15077E-03  -1.32509E-02  -4.71717E-03  -1.28836E-02  -4.18899E-03  -9.39553E-03  -2.23220E-03  -4.47392E-03  -3.32691E-04  -6.22059E-04
 1.48000E+02   1.37079E-02   3.42776E-03   1.33544E-02  -1.60014E-03   1.01197E-02  -7.20149E-03   4.99233E-03  -1.16107E-02  -6.64911E-04  -1.36468E-02  -5.46661E-03  -1.28334E-02  -8.33721E-03  -9.38801E-03  -8.74160E-03  -4.08092E-03  -6.76296E-03   2.00145E-03  -3.01544E-03   7.73982E-03   1.58234E-03   1.22573E-02   5.78852E-03   1.35131E-02   7.89070E-03   1.02164E-02   7.13834E-03   3.77719E-03   4.01362E-03  -3.66041E-03  -1.07463E-04  -9.85237E-03  -3.57962E-03  -1.30996E-02  -5.16621E-03  -1.27251E-02  -4.53270E-03  -9.27361E-03  -2.40136E-03  -4.41359E-03  -3.56744E-04  -6.13444E-04
 1.49100E+02   1.39291E-02   3.54321E-03   1.35459E-02  -1.48635E-03   1.02170E-02  -7.09873E-03   4.95786E-03  -1.15205E-02  -8.28498E-04  -1.35678E-02  -5.71626E-03  -1.27666E-02  -8.60081E-03  -9.33892E-03  -8.93749E-03  -4.05952E-03  -6.82174E-03   1.98421E-03  -2.89745E-03   7.67658E-03   1.87925E-03   1.21480E-02   6.19622E-03   1.33763E-02   8.26772E-03   1.00936E-02   7.34522E-03   3.71279E-03   3.96536E-03  -3.63629E-03  -4.09332E-04  -9.73765E-03  -4.04727E-03  -1.29235E-02  -5.65857E-03  -1.25387E-02  -4.91067E-03  -9.12928E-03  -2.58772E-03  -4.34192E-03  -3.83272E-04  -6.03187E-04
 1.50200E+02   1.41642E-02   3.64553E-03   1.37531E-02  -1.38688E-03   1.03284E-02  -7.00815E-03   4.93324E-03  -1.14374E-02  -9.88294E-04  -1.34893E-02  -5.96840E-03  -1.26938E-02  -8.87196E-03  -9.27958E-03  -9.14376E-03  -4.02676E-03  -6.89104E-03   1.97586E-03  -2.78769E-03   7.61678E-03   2.17191E-03   1.20351E-02   6.60480E-03   1.32292E-02   8.65038E-03   9.95717E-03   7.56043E-03   3.63685E-03   3.92555E-03  -3.61703E-03  -7.04663E-04  -9.61919E-03  -4.51116E-03  -1.27367E-02  -6.14962E-03  -1.23385E-02  -5.28873E-03  -8.97347E-03  -2.77444E-03  -4.26428E-03  -4.09882E-04  -5.92051E-04
 1.51200E+02   1.43895E-02   3.72625E-03   1.39544E-02  -1.30985E-03   1.04413E-02  -6.93719E-03   4.91885E-03  -1.13685E-02  -1.13055E-03  -1.34184E-02  -6.19976E-03  -1.26221E-02  -9.12473E-03  -9.21597E-03  -9.33980E-03  -3.98628E-03  -6.96263E-03   1.97663E-03  -2.69457E-03   7.56564E-03   2.43462E-03   1.19290E-02   6.97708E-03   1.30856E-02   9.00293E-03   9.82036E-03   7.76288E-03   3.55695E-03   3.89619E-03  -3.60416E-03  -9.67921E-04  -9.50807E-03  -4.92993E-03  -1.25567E-02  -6.59506E-03  -1.21438E-02  -5.63255E-03  -8.82109E-03  -2.94452E-03  -4.18811E-03  -4.34143E-04  -5.81106E-04
 1.52300E+02   1.46494E-02   3.80051E-03   1.41891E-02  -1.24092E-03   1.05774E-02  -6.87252E-03   4.91125E-03  -1.13004E-02  -1.28398E-03  -1.33408E-02  -6.45651E-03  -1.25365E-02  -9.40927E-03  -9.13445E-03  -9.56422E-03  -3.92903E-03  -7.05018E-03   1.98738E-03  -2.59892E-03   7.51320E-03   2.72021E-03   1.18082E-02   7.38750E-03   1.29162E-02   9.39554E-03   9.65467E-03   7.99251E-03   3.45614E-03   3.87085E-03  -3.59551E-03  -1.25217E-03  -9.38180E-03  -5.38753E-03  -1.23468E-02  -7.08400E-03  -1.19146E-02  -6.01084E-03  -8.64079E-03  -3.13191E-03  -4.09773E-03  -4.60896E-04  -5.68096E-04
 1.53400E+02   1.49208E-02   3.85849E-03   1.44368E-02  -1.18969E-03   1.07252E-02  -6.82279E-03   4.91162E-03  -1.12410E-02  -1.43446E-03  -1.32634E-02  -6.71547E-03  -1.24433E-02  -9.70009E-03  -9.03989E-03  -9.79714E-03  -3.85745E-03  -7.14624E-03   2.00926E-03  -2.50985E-03   7.46498E-03   3.00248E-03   1.16827E-02   7.79871E-03   1.27336E-02   9.79267E-03   9.47185E-03   8.22875E-03   3.34078E-03   3.85221E-03  -3.59308E-03  -1.53116E-03  -9.25100E-03  -5.84201E-03  -1.21235E-02  -7.57171E-03  -1.16684E-02  -6.38902E-03  -8.44625E-03  -3.31949E-03  -3.99993E-03  -4.87699E-04  -5.53995E-04
 1.54500E+02   1.52030E-02   3.89908E-03   1.46964E-02  -1.15732E-03   1.08837E-02  -6.78893E-03   4.91930E-03  -1.11905E-02  -1.58222E-03  -1.31862E-02  -6.97637E-03  -1.23417E-02  -9.99657E-03  -8.93131E-03  -1.00377E-02  -3.77052E-03  -7.25001E-03   2.04301E-03  -2.42682E-03   7.42121E-03   3.28159E-03   1.15520E-02   8.21040E-03   1.25368E-02   1.01936E-02   9.27061E-03   8.47081E-03   3.20981E-03   3.83966E-03  -3.59729E-03  -1.80517E-03  -9.11530E-03  -6.29323E-03  -1.18859E-02  -8.05784E-03  -1.14040E-02  -6.76673E-03  -8.23642E-03  -3.50705E-03  -3.89419E-03  -5.14519E-04  -5.38723E-04
 1.55700E+02   1.55218E-02   3.92227E-03   1.49917E-02  -1.14484E-03   1.10674E-02  -6.77117E-03   4.93518E-03  -1.11464E-02  -1.74051E-03  -1.31020E-02  -7.26279E-03  -1.22206E-02  -1.03255E-02  -8.79569E-03  -1.03078E-02  -3.65697E-03  -7.37101E-03   2.09425E-03  -2.34249E-03   7.37878E-03   3.58252E-03   1.14032E-02   8.65947E-03   1.23048E-02   1.06344E-02   9.02855E-03   8.74043E-03   3.04791E-03   3.83216E-03  -3.60994E-03  -2.09858E-03  -8.96124E-03  -6.78143E-03  -1.16091E-02  -8.58570E-03  -1.10934E-02  -7.17761E-03  -7.98884E-03  -3.71130E-03  -3.76912E-03  -5.43744E-04  -5.20636E-04
 1.56800E+02   1.58227E-02   3.92304E-03   1.52721E-02  -1.15555E-03   1.12445E-02  -6.77344E-03   4.95583E-03  -1.11163E-02  -1.88310E-03  -1.30248E-02  -7.52650E-03  -1.20995E-02  -1.06312E-02  -8.65457E-03  -1.05612E-02  -3.53464E-03  -7.48806E-03   2.15520E-03  -2.27035E-03   7.34497E-03   3.85507E-03   1.12604E-02   9.07040E-03   1.20750E-02   1.10404E-02   8.78463E-03   8.99154E-03   2.88094E-03   3.83024E-03  -3.62934E-03  -2.36257E-03  -8.81406E-03  -7.22469E-03  -1.13381E-02  -9.06647E-03  -1.07870E-02  -7.55242E-03  -7.74365E-03  -3.89778E-03  -3.64500E-03  -5.70441E-04  -5.02661E-04
 1.57900E+02   1.61306E-02   3.90317E-03   1.55603E-02  -1.18855E-03   1.14287E-02  -6.79433E-03   4.98152E-03  -1.10966E-02  -2.02340E-03  -1.29472E-02  -7.79075E-03  -1.19681E-02  -1.09398E-02  -8.49642E-03  -1.08189E-02  -3.39386E-03  -7.60993E-03   2.23026E-03  -2.20261E-03   7.31620E-03   4.12432E-03   1.11110E-02   9.47977E-03   1.18279E-02   1.14470E-02   8.51837E-03   9.24520E-03   2.69518E-03   3.83235E-03  -3.65659E-03  -2.62175E-03  -8.66077E-03  -7.66317E-03  -1.10495E-02  -9.54325E-03  -1.04584E-02  -7.92455E-03  -7.47994E-03  -4.08305E-03  -3.51126E-03  -5.96974E-04  -4.83272E-04
 1.59100E+02   1.64726E-02   3.85683E-03   1.58815E-02  -1.25115E-03   1.16360E-02  -6.83928E-03   5.01430E-03  -1.10874E-02  -2.17392E-03  -1.28622E-02  -8.07886E-03  -1.18122E-02  -1.12783E-02  -8.30341E-03  -1.11035E-02  -3.21818E-03  -7.74708E-03   2.32896E-03  -2.13309E-03   7.29074E-03   4.41399E-03   1.09401E-02   9.92338E-03   1.15374E-02   1.18894E-02   8.20102E-03   9.52324E-03   2.47001E-03   3.83839E-03  -3.69566E-03  -2.89886E-03  -8.48610E-03  -8.13501E-03  -1.07136E-02  -1.00573E-02  -1.00735E-02  -8.32616E-03  -7.16999E-03  -4.28310E-03  -3.35379E-03  -6.25632E-04  -4.60420E-04
 1.60200E+02   1.67900E-02   3.79080E-03   1.61804E-02  -1.33390E-03   1.18302E-02  -6.90158E-03   5.04779E-03  -1.10905E-02  -2.30962E-03  -1.27837E-02  -8.34196E-03  -1.16572E-02  -1.15889E-02  -8.10682E-03  -1.13658E-02  -3.03598E-03  -7.87534E-03   2.43548E-03  -2.07281E-03   7.27297E-03   4.67542E-03   1.07757E-02   1.03260E-02   1.12509E-02   1.22922E-02   7.88432E-03   9.77769E-03   2.24202E-03   3.84652E-03  -3.74037E-03  -3.14744E-03  -8.31877E-03  -8.56036E-03  -1.03853E-02  -1.05214E-02  -9.69510E-03  -8.68894E-03  -6.86447E-03  -4.46385E-03  -3.19835E-03  -6.51530E-04  -4.37841E-04
 1.61400E+02   1.71383E-02   3.69216E-03   1.65089E-02  -1.45280E-03   1.20447E-02  -6.99332E-03   5.08696E-03  -1.11070E-02  -2.45515E-03  -1.26973E-02  -8.62683E-03  -1.14744E-02  -1.19262E-02  -7.87003E-03  -1.16516E-02  -2.81325E-03  -8.01648E-03   2.56982E-03  -2.01015E-03   7.25979E-03   4.95563E-03   1.05874E-02   1.07591E-02   1.09154E-02   1.27263E-02   7.50951E-03   1.00528E-02   1.96886E-03   3.85724E-03  -3.79915E-03  -3.41227E-03  -8.12793E-03  -9.01497E-03  -1.00040E-02  -1.10178E-02  -9.25327E-03  -9.07704E-03  -6.50687E-03  -4.65723E-03  -3.01616E-03  -6.79237E-04  -4.11357E-04
 1.62500E+02   1.74573E-02   3.57669E-03   1.68100E-02  -1.58874E-03   1.22419E-02  -7.09974E-03   5.12424E-03  -1.11343E-02  -2.58622E-03  -1.26172E-02  -8.88491E-03  -1.12937E-02  -1.22323E-02  -7.63186E-03  -1.19113E-02  -2.58648E-03  -8.14546E-03   2.71000E-03  -1.95497E-03   7.25347E-03   5.20731E-03   1.04062E-02   1.11488E-02   1.05860E-02   1.31171E-02   7.13822E-03   1.03007E-02   1.69540E-03   3.86786E-03  -3.86243E-03  -3.64874E-03  -7.94509E-03  -9.42143E-03  -9.63245E-03  -1.14616E-02  -8.82076E-03  -9.42398E-03  -6.15608E-03  -4.83005E-03  -2.83723E-03  -7.03995E-04  -3.85328E-04
 1.63700E+02   1.78026E-02   3.42285E-03   1.71358E-02  -1.76698E-03   1.24553E-02  -7.24062E-03   5.16517E-03  -1.11775E-02  -2.72658E-03  -1.25289E-02  -9.16178E-03  -1.10820E-02  -1.25606E-02  -7.34849E-03  -1.21898E-02  -2.31390E-03  -8.28393E-03   2.88188E-03  -1.89654E-03   7.25293E-03   5.47546E-03   1.01990E-02   1.15638E-02   1.02024E-02   1.35327E-02   6.70223E-03   1.05641E-02   1.37136E-03   3.87922E-03  -3.94188E-03  -3.89920E-03  -7.73672E-03  -9.85156E-03  -9.20255E-03  -1.19309E-02  -8.31823E-03  -9.79057E-03  -5.74772E-03  -5.01257E-03  -2.62872E-03  -7.30132E-04  -3.54978E-04
 1.64900E+02   1.81421E-02   3.23965E-03   1.74556E-02  -1.97676E-03   1.26644E-02  -7.40758E-03   5.20502E-03  -1.12348E-02  -2.86407E-03  -1.24394E-02  -9.43228E-03  -1.08547E-02  -1.28807E-02  -7.04022E-03  -1.24607E-02  -2.01475E-03  -8.41810E-03   3.07372E-03  -1.83926E-03   7.25900E-03   5.73602E-03   9.98147E-03   1.19659E-02   9.79289E-03   1.39342E-02   6.23355E-03   1.08175E-02   1.02019E-03   3.88918E-03  -4.03228E-03  -4.14105E-03  -7.51889E-03  -1.02655E-02  -8.74662E-03  -1.23817E-02  -7.78323E-03  -1.01422E-02  -5.31221E-03  -5.18748E-03  -2.40614E-03  -7.55164E-04  -3.22561E-04
 1.66100E+02   1.84728E-02   3.02709E-03   1.77663E-02  -2.21806E-03   1.28666E-02  -7.60058E-03   5.24237E-03  -1.13062E-02  -2.99854E-03  -1.23486E-02  -9.69475E-03  -1.06119E-02  -1.31899E-02  -6.70703E-03  -1.27212E-02  -1.68901E-03  -8.54582E-03   3.28549E-03  -1.78238E-03   7.27166E-03   5.98795E-03   9.75368E-03   1.23523E-02   9.35753E-03   1.43179E-02   5.73212E-03   1.10580E-02   6.41884E-04   3.89651E-03  -4.13359E-03  -4.37339E-03  -7.29154E-03  -1.06605E-02  -8.26461E-03  -1.28105E-02  -7.21570E-03  -1.04760E-02  -4.84953E-03  -5.35332E-03  -2.16948E-03  -7.78873E-04  -2.88077E-04
 1.67300E+02   1.87917E-02   2.78556E-03   1.80645E-02  -2.49045E-03   1.30591E-02  -7.81927E-03   5.27575E-03  -1.13915E-02  -3.12979E-03  -1.22567E-02  -9.94744E-03  -1.03536E-02  -1.34855E-02  -6.34920E-03  -1.29683E-02  -1.33702E-03  -8.66490E-03   3.51693E-03  -1.72516E-03   7.29078E-03   6.23016E-03   9.51567E-03   1.27202E-02   8.89658E-03   1.46805E-02   5.19836E-03   1.12826E-02   2.36791E-04   3.89993E-03  -4.24567E-03  -4.59525E-03  -7.05476E-03  -1.10338E-02  -7.75681E-03  -1.32138E-02  -6.61605E-03  -1.07891E-02  -4.36001E-03  -5.50852E-03  -1.91892E-03  -8.01034E-04  -2.51552E-04
 1.68500E+02   1.90953E-02   2.51585E-03   1.83467E-02  -2.79310E-03   1.32390E-02  -8.06296E-03   5.30368E-03  -1.14903E-02  -3.25762E-03  -1.21635E-02  -1.01886E-02  -1.00804E-02  -1.37646E-02  -5.96742E-03  -1.31990E-02  -9.59495E-04  -8.77312E-03   3.76751E-03  -1.66687E-03   7.31619E-03   6.46148E-03   9.26773E-03   1.30668E-02   8.41076E-03   1.50180E-02   4.63313E-03   1.14881E-02  -1.94351E-04   3.89817E-03  -4.36821E-03  -4.80562E-03  -6.80883E-03  -1.13826E-02  -7.22395E-03  -1.35881E-02  -5.98517E-03  -1.10784E-02  -3.84442E-03  -5.65153E-03  -1.65484E-03  -8.21412E-04  -2.13044E-04
 1.69700E+02   1.93807E-02   2.21916E-03   1.86096E-02  -3.12473E-03   1.34037E-02  -8.33059E-03   5.32470E-03  -1.16020E-02  -3.38180E-03  -1.20693E-02  -1.04164E-02  -9.79290E-03  -1.40245E-02  -5.56272E-03  -1.34104E-02  -5.57539E-04  -8.86824E-03   4.03640E-03  -1.60677E-03   7.34764E-03   6.68076E-03   9.01033E-03   1.33890E-02   7.90117E-03   1.53269E-02   4.03786E-03   1.16715E-02  -6.50384E-04   3.88998E-03  -4.50075E-03  -5.00343E-03  -6.55417E-03  -1.17038E-02  -6.66720E-03  -1.39296E-02  -5.32452E-03  -1.13408E-02  -3.30395E-03  -5.78073E-03  -1.37787E-03  -8.39775E-04  -1.72643E-04
 1.70900E+02   1.96446E-02   1.89715E-03   1.88497E-02  -3.48357E-03   1.35503E-02  -8.62075E-03   5.33738E-03  -1.17259E-02  -3.50212E-03  -1.19740E-02  -1.06291E-02  -9.49202E-03  -1.42624E-02  -5.13658E-03  -1.35996E-02  -1.32679E-04  -8.94809E-03   4.32250E-03  -1.54417E-03   7.38482E-03   6.88684E-03   8.74412E-03   1.36841E-02   7.36940E-03   1.56035E-02   3.41450E-03   1.18298E-02  -1.12972E-03   3.87410E-03  -4.64271E-03  -5.18767E-03  -6.29141E-03  -1.19947E-02  -6.08816E-03  -1.42348E-02  -4.63607E-03  -1.15734E-02  -2.74026E-03  -5.89455E-03  -1.08888E-03  -8.55889E-04  -1.30476E-04
 1.72200E+02   1.99029E-02   1.52218E-03   1.90806E-02  -3.90042E-03   1.36858E-02  -8.95839E-03   5.34014E-03  -1.18729E-02  -3.62786E-03  -1.18700E-02  -1.08405E-02  -9.15242E-03  -1.44923E-02  -4.65290E-03  -1.37763E-02   3.51161E-04  -9.01499E-03   4.65020E-03  -1.47277E-03   7.43108E-03   7.09391E-03   8.44683E-03   1.39700E-02   6.77063E-03   1.58627E-02   2.71038E-03   1.19696E-02  -1.67293E-03   3.84689E-03  -4.80622E-03  -5.37079E-03  -5.99858E-03  -1.22723E-02  -5.43816E-03  -1.45203E-02  -3.86188E-03  -1.17882E-02  -2.10587E-03  -5.99878E-03  -7.63503E-04  -8.70556E-04  -8.29893E-05
 1.73400E+02   2.01128E-02   1.15468E-03   1.92636E-02  -4.30825E-03   1.37867E-02  -9.28925E-03   5.33122E-03  -1.20191E-02  -3.73948E-03  -1.17735E-02  -1.10165E-02  -8.82796E-03  -1.46761E-02  -4.18855E-03  -1.39105E-02   8.17007E-04  -9.05659E-03   4.96726E-03  -1.40289E-03   7.47883E-03   7.26903E-03   8.16534E-03   1.41999E-02   6.19965E-03   1.60612E-02   2.03712E-03   1.20665E-02  -2.19381E-03   3.81136E-03  -4.96517E-03  -5.52364E-03  -5.72180E-03  -1.24912E-02  -4.81992E-03  -1.47389E-02  -3.12440E-03  -1.19493E-02  -1.50117E-03  -6.07589E-03  -4.53246E-04  -8.81300E-04  -3.76999E-05
 1.74700E+02   2.03066E-02   7.36931E-04   1.94262E-02  -4.77128E-03   1.38675E-02  -9.66542E-03   5.30780E-03  -1.21874E-02  -3.85539E-03  -1.16687E-02  -1.11848E-02  -8.46666E-03  -1.48422E-02  -3.66932E-03  -1.40221E-02   1.33921E-03  -9.07784E-03   5.32414E-03  -1.32221E-03   7.53536E-03   7.44036E-03   7.85425E-03   1.44097E-02   5.56473E-03   1.62288E-02   1.28674E-03   1.21339E-02  -2.77574E-03   3.76044E-03  -5.14477E-03  -5.67076E-03  -5.41636E-03  -1.26853E-02  -4.13397E-03  -1.49237E-02  -2.30509E-03  -1.20810E-02  -8.28990E-04  -6.13728E-03  -1.08266E-04  -8.89698E-04   1.26667E-05
 1.75900E+02   2.04523E-02   3.36796E-04   1.95410E-02  -5.21449E-03   1.39137E-02  -1.00260E-02   5.27248E-03  -1.23504E-02  -3.95765E-03  -1.15722E-02  -1.13183E-02  -8.12623E-03  -1.49630E-02  -3.17831E-03  -1.40917E-02   1.83409E-03  -9.07394E-03   5.66354E-03  -1.24263E-03   7.59136E-03   7.58078E-03   7.56297E-03   1.45650E-02   4.96708E-03   1.63371E-02   5.78996E-04   1.21594E-02  -3.32572E-03   3.70108E-03  -5.31612E-03  -5.78884E-03  -5.13070E-03  -1.28227E-02  -3.48945E-03  -1.50437E-02  -1.53441E-03  -1.21608E-02  -1.96414E-04  -6.17244E-03   2.16469E-04  -8.94300E-04   6.00843E-05
 1.77200E+02   2.05723E-02  -1.08080E-04   1.96252E-02  -5.70715E-03   1.39315E-02  -1.04274E-02   5.21852E-03  -1.25335E-02  -4.06322E-03  -1.14683E-02  -1.14384E-02  -7.75252E-03  -1.50571E-02  -2.63758E-03  -1.41293E-02   2.38009E-03  -9.04295E-03   6.03911E-03  -1.15042E-03   7.65537E-03   7.71312E-03   7.24484E-03   1.46902E-02   4.31133E-03   1.64022E-02  -1.98857E-04   1.21453E-02  -3.93121E-03   3.62260E-03  -5.50624E-03  -5.89703E-03  -4.81894E-03  -1.29247E-02  -2.78332E-03  -1.51169E-02  -6.89298E-04  -1.22002E-02   4.97532E-04  -6.18630E-03   5.72781E-04  -8.95738E-04   1.12119E-04
 1.78500E+02   2.06519E-02  -5.60031E-04   1.96664E-02  -6.20777E-03   1.39147E-02  -1.08359E-02   5.14758E-03  -1.27211E-02  -4.16340E-03  -1.13656E-02  -1.15323E-02  -7.37656E-03  -1.51119E-02  -2.09203E-03  -1.41265E-02   2.93191E-03  -8.98322E-03   6.41968E-03  -1.05159E-03   7.72203E-03   7.82454E-03   6.92609E-03   1.47696E-02   3.65168E-03   1.64115E-02  -9.82516E-04   1.20868E-02  -4.54212E-03   3.52881E-03  -5.69933E-03  -5.98443E-03  -4.50675E-03  -1.29770E-02  -2.07383E-03  -1.51297E-02   1.60507E-04  -1.21897E-02   1.19556E-03  -6.17436E-03   9.31251E-04  -8.93398E-04   1.64474E-04
 1.79800E+02   2.06905E-02  -1.01400E-03   1.96641E-02  -6.71100E-03   1.38627E-02  -1.12471E-02   5.05933E-03  -1.29113E-02  -4.25825E-03  -1.12647E-02  -1.15998E-02  -7.00136E-03  -1.51271E-02  -1.54621E-03  -1.40827E-02   3.48484E-03  -8.89429E-03   6.80187E-03  -9.45866E-04   7.79045E-03   7.91506E-03   6.60892E-03   1.48029E-02   2.99310E-03   1.63646E-02  -1.76588E-03   1.19831E-02  -5.15353E-03   3.41934E-03  -5.89360E-03  -6.05104E-03  -4.19618E-03  -1.29793E-02  -1.36611E-03  -1.50816E-02   1.00872E-03  -1.21287E-02   1.89246E-03  -6.13640E-03   1.28919E-03  -8.87245E-04   2.16755E-04
 1.81100E+02   2.06885E-02  -1.46494E-03   1.96184E-02  -7.21150E-03   1.37757E-02  -1.16569E-02   4.95376E-03  -1.31019E-02  -4.34798E-03  -1.11662E-02  -1.16412E-02  -6.62995E-03  -1.51030E-02  -1.00469E-03  -1.39983E-02   4.03415E-03  -8.77624E-03   7.18227E-03  -8.33115E-04   7.85972E-03   7.98500E-03   6.29555E-03   1.47904E-02   2.34059E-03   1.62617E-02  -2.54283E-03   1.18346E-02  -5.76052E-03   3.29414E-03  -6.08723E-03  -6.09719E-03  -3.88929E-03  -1.29321E-02  -6.65306E-04  -1.49732E-02   1.84904E-03  -1.20177E-02   2.58301E-03  -6.07258E-03   1.64390E-03  -8.77301E-04   2.68567E-04
 1.82400E+02   2.06468E-02  -1.90791E-03   1.95305E-02  -7.70405E-03   1.36545E-02  -1.20611E-02   4.83116E-03  -1.32908E-02  -4.43285E-03  -1.10704E-02  -1.16574E-02  -6.26527E-03  -1.50406E-02  -4.71923E-04  -1.38741E-02   4.57525E-03  -8.62964E-03   7.55757E-03  -7.13327E-04   7.92898E-03   8.03504E-03   5.98812E-03   1.47335E-02   1.69900E-03   1.61043E-02  -3.30740E-03   1.16421E-02  -6.35827E-03   3.15338E-03  -6.27848E-03  -6.12351E-03  -3.58809E-03  -1.28365E-02   2.35515E-05  -1.48057E-02   2.67531E-03  -1.18577E-02   3.26210E-03  -5.98346E-03   1.99274E-03  -8.63648E-04   3.19524E-04
 1.83700E+02   2.05673E-02  -2.33827E-03   1.94021E-02  -8.18371E-03   1.35005E-02  -1.24555E-02   4.69212E-03  -1.34759E-02  -4.51323E-03  -1.09781E-02  -1.16494E-02  -5.91012E-03  -1.49414E-02   4.78805E-05  -1.37118E-02   5.10377E-03  -8.45553E-03   7.92464E-03  -5.86609E-04   7.99738E-03   8.06616E-03   5.68864E-03   1.46340E-02   1.07295E-03   1.58943E-02  -4.05394E-03   1.14073E-02  -6.94221E-03   2.99748E-03  -6.46565E-03  -6.13091E-03  -3.29446E-03  -1.26945E-02   6.95715E-04  -1.45814E-02   3.48170E-03  -1.16505E-02   3.92490E-03  -5.86997E-03   2.33322E-03  -8.46422E-04   3.69259E-04
 1.85000E+02   2.04523E-02  -2.75173E-03   1.92358E-02  -8.64597E-03   1.33156E-02  -1.28366E-02   4.53750E-03  -1.36555E-02  -4.58953E-03  -1.08895E-02  -1.16188E-02  -5.56701E-03  -1.48078E-02   5.50865E-04  -1.35135E-02   5.61572E-03  -8.25537E-03   8.28058E-03  -4.53177E-04   8.06415E-03   8.07963E-03   5.39896E-03   1.44944E-02   4.66632E-04   1.56349E-02  -4.77726E-03   1.11322E-02  -7.50816E-03   2.82709E-03  -6.64720E-03  -6.12059E-03  -3.01014E-03  -1.25087E-02   1.34682E-03  -1.43035E-02   4.26288E-03  -1.13987E-02   4.56696E-03  -5.73339E-03   2.66304E-03  -8.25806E-04   4.17437E-04
 1.86300E+02   2.03047E-02  -3.14454E-03   1.90346E-02  -9.08682E-03   1.31021E-02  -1.32012E-02   4.36839E-03  -1.38279E-02  -4.66227E-03  -1.08051E-02  -1.15676E-02  -5.23821E-03  -1.46425E-02   1.03362E-03  -1.32819E-02   6.10755E-03  -8.03099E-03   8.62283E-03  -3.13334E-04   8.12859E-03   8.07696E-03   5.12070E-03   1.43178E-02  -1.16212E-04   1.53294E-02  -5.47277E-03   1.08198E-02  -8.05238E-03   2.64304E-03  -6.82173E-03  -6.09393E-03  -2.73664E-03  -1.22822E-02   1.97301E-03  -1.39755E-02   5.01407E-03  -1.11053E-02   5.18433E-03  -5.57524E-03   2.98016E-03  -8.02026E-04   4.63757E-04
 1.87700E+02   2.01133E-02  -3.54077E-03   1.87829E-02  -9.53373E-03   1.28435E-02  -1.35722E-02   4.17150E-03  -1.40040E-02  -4.73723E-03  -1.07193E-02  -1.14918E-02  -4.90228E-03  -1.44325E-02   1.52756E-03  -1.29988E-02   6.61125E-03  -7.76468E-03   8.97357E-03  -1.56000E-04   8.19466E-03   8.05798E-03   4.83537E-03   1.40902E-02  -7.14019E-04   1.49537E-02  -6.18618E-03   1.04450E-02  -8.61050E-03   2.43069E-03  -7.00046E-03  -6.04877E-03  -2.45567E-03  -1.19968E-02   2.61572E-03  -1.35712E-02   5.78487E-03  -1.07467E-02   5.81770E-03  -5.38287E-03   3.30546E-03  -7.73174E-04   5.11269E-04
 1.89000E+02   1.99093E-02  -3.88106E-03   1.85208E-02  -9.91993E-03   1.25800E-02  -1.38942E-02   3.97646E-03  -1.41573E-02  -4.80434E-03  -1.06445E-02  -1.14048E-02  -4.60881E-03  -1.42115E-02   1.95964E-03  -1.27084E-02   7.05226E-03  -7.49697E-03   9.28078E-03  -4.11113E-06   8.25237E-03   8.02737E-03   4.58486E-03   1.38482E-02  -1.23868E-03   1.45662E-02  -6.81218E-03   1.00652E-02  -9.10001E-03   2.22153E-03  -7.15678E-03  -5.99338E-03  -2.20847E-03  -1.16975E-02   3.18030E-03  -1.31533E-02   6.46165E-03  -1.03782E-02   6.37367E-03  -5.18580E-03   3.59095E-03  -7.43673E-04   5.52962E-04
 1.90400E+02   1.96660E-02  -4.21550E-03   1.82128E-02  -1.03024E-02   1.22746E-02  -1.42147E-02   3.75501E-03  -1.43105E-02  -4.87464E-03  -1.05694E-02  -1.12961E-02  -4.31399E-03  -1.39496E-02   2.39428E-03  -1.23700E-02   7.49627E-03  -7.18955E-03   9.59012E-03   1.65150E-04   8.31010E-03   7.98268E-03   4.33155E-03   1.35592E-02  -1.76869E-03   1.41127E-02  -7.44428E-03   9.62606E-03  -9.59387E-03   1.98475E-03  -7.31382E-03  -5.92131E-03  -1.95786E-03  -1.13430E-02   3.75126E-03  -1.26632E-02   7.14559E-03  -9.94784E-03   6.93530E-03  -4.95612E-03   3.87928E-03  -7.09332E-04   5.95062E-04
 1.91800E+02   1.94029E-02  -4.51515E-03   1.78831E-02  -1.06485E-02   1.19510E-02  -1.45067E-02   3.52355E-03  -1.44505E-02  -4.94363E-03  -1.05001E-02  -1.11748E-02  -4.04202E-03  -1.36674E-02   2.79572E-03  -1.20096E-02   7.90668E-03  -6.86535E-03   9.87600E-03   3.39724E-04   8.36285E-03   7.92820E-03   4.09591E-03   1.32457E-02  -2.26086E-03   1.36276E-02  -8.03077E-03   9.16029E-03  -1.00515E-02   1.73746E-03  -7.45842E-03  -5.83857E-03  -1.72402E-03  -1.09600E-02   4.28216E-03  -1.21376E-02   7.78089E-03  -9.48754E-03   7.45670E-03  -4.71085E-03   4.14686E-03  -6.72695E-04   6.34123E-04
 1.93200E+02   1.91249E-02  -4.77919E-03   1.75369E-02  -1.09573E-02   1.16131E-02  -1.47693E-02   3.28398E-03  -1.45769E-02  -5.01206E-03  -1.04366E-02  -1.10442E-02  -3.79335E-03  -1.33694E-02   3.16321E-03  -1.16316E-02   8.28266E-03  -6.52747E-03   1.01377E-02   5.19012E-04   8.41033E-03   7.86633E-03   3.87817E-03   1.29127E-02  -2.71440E-03   1.31167E-02  -8.57055E-03   8.67242E-03  -1.04720E-02   1.48111E-03  -7.59011E-03  -5.74738E-03  -1.50721E-03  -1.05537E-02   4.77210E-03  -1.15824E-02   8.36637E-03  -9.00230E-03   7.93684E-03  -4.45254E-03   4.39316E-03  -6.34131E-04   6.70066E-04
 1.94600E+02   1.88369E-02  -5.00748E-03   1.71790E-02  -1.12287E-02   1.12648E-02  -1.50023E-02   3.03808E-03  -1.46895E-02  -5.08068E-03  -1.03786E-02  -1.09071E-02  -3.56793E-03  -1.30599E-02   3.49667E-03  -1.12403E-02   8.62403E-03  -6.17888E-03   1.03751E-02   7.02444E-04   8.45234E-03   7.79938E-03   3.67825E-03   1.25650E-02  -3.12925E-03   1.25857E-02  -9.06337E-03   8.16682E-03  -1.08549E-02   1.21711E-03  -7.70864E-03  -5.64986E-03  -1.30737E-03  -1.01290E-02   5.22090E-03  -1.10036E-02   8.90171E-03  -8.49691E-03   8.37543E-03  -4.18364E-03   4.61799E-03  -5.93998E-04   7.02863E-04
 1.96000E+02   1.85432E-02  -5.20054E-03   1.68142E-02  -1.14631E-02   1.09097E-02  -1.52061E-02   2.78754E-03  -1.47884E-02  -5.15016E-03  -1.03261E-02  -1.07664E-02  -3.36537E-03  -1.27430E-02   3.79656E-03  -1.08399E-02   8.93119E-03  -5.82236E-03   1.05884E-02   8.89485E-04   8.48880E-03   7.72954E-03   3.49577E-03   1.22070E-02  -3.50593E-03   1.20399E-02  -9.50973E-03   7.64761E-03  -1.12005E-02   9.46785E-04  -7.81397E-03  -5.54802E-03  -1.12420E-03  -9.69048E-03   5.62900E-03  -1.04067E-02   9.38734E-03  -7.97583E-03   8.77278E-03  -3.90645E-03   4.82151E-03  -5.52630E-04   7.32535E-04
 1.97400E+02   1.82479E-02  -5.35942E-03   1.64467E-02  -1.16617E-02   1.05512E-02  -1.53815E-02   2.53391E-03  -1.48738E-02  -5.22115E-03  -1.02787E-02  -1.06247E-02  -3.18494E-03  -1.24224E-02   4.06387E-03  -1.04340E-02   9.20503E-03  -5.46048E-03   1.07780E-02   1.07966E-03   8.51968E-03   7.65881E-03   3.33010E-03   1.18431E-02  -3.84551E-03   1.14842E-02  -9.91073E-03   7.11854E-03  -1.15096E-02   6.71321E-04  -7.90622E-03  -5.44370E-03  -9.57162E-04  -9.24226E-03   5.99740E-03  -9.79650E-03   9.82436E-03  -7.44319E-03   9.12972E-03  -3.62306E-03   5.00413E-03  -5.10333E-04   7.59142E-04
 1.98800E+02   1.79548E-02  -5.48559E-03   1.60803E-02  -1.18259E-02   1.01924E-02  -1.55295E-02   2.27859E-03  -1.49462E-02  -5.29424E-03  -1.02361E-02  -1.04843E-02  -3.02562E-03  -1.21014E-02   4.29994E-03  -1.00261E-02   9.44683E-03  -5.09553E-03   1.09447E-02   1.27254E-03   8.54502E-03   7.58902E-03   3.18041E-03   1.14768E-02  -4.14951E-03   1.09229E-02  -1.02680E-02   6.58300E-03  -1.17834E-02   3.91786E-04  -7.98563E-03  -5.33859E-03  -8.05537E-04  -8.78817E-03   6.32750E-03  -9.17769E-03   1.02143E-02  -6.90265E-03   9.44753E-03  -3.33537E-03   5.16649E-03  -4.67383E-04   7.82774E-04
 2.00200E+02   1.76670E-02  -5.58088E-03   1.57185E-02  -1.19575E-02   9.83579E-03  -1.56517E-02   2.02277E-03  -1.50063E-02  -5.36997E-03  -1.01980E-02  -1.03473E-02  -2.88621E-03  -1.17831E-02   4.50642E-03  -9.61907E-03   9.65816E-03  -4.72952E-03   1.10896E-02   1.46777E-03   8.56490E-03   7.52178E-03   3.04572E-03   1.11115E-02  -4.41973E-03   1.03599E-02  -1.05836E-02   6.04394E-03  -1.20232E-02   1.09104E-04  -8.05256E-03  -5.23415E-03  -6.68463E-04  -8.33154E-03   6.62103E-03  -8.55419E-03   1.05593E-02  -6.35747E-03   9.72778E-03  -3.04502E-03   5.30939E-03  -4.24021E-04   8.03545E-04
 2.01700E+02   1.73680E-02  -5.65105E-03   1.53392E-02  -1.20649E-02   9.45886E-03  -1.57558E-02   1.74933E-03  -1.50577E-02  -5.45456E-03  -1.01615E-02  -1.02063E-02  -2.75737E-03  -1.14480E-02   4.69697E-03  -9.18684E-03   9.85285E-03  -4.33817E-03   1.12220E-02   1.67922E-03   8.58026E-03   7.45419E-03   2.91681E-03   1.07245E-02  -4.67414E-03   9.75857E-03  -1.08780E-02   5.46537E-03  -1.22443E-02  -1.96375E-04  -8.11087E-03  -5.12446E-03  -5.36646E-04  -7.84275E-03   6.89717E-03  -7.88482E-03   1.08814E-02  -5.77135E-03   9.98841E-03  -2.73261E-03   5.44191E-03  -3.77340E-04   8.22775E-04
 2.03100E+02   1.71000E-02  -5.68910E-03   1.49957E-02  -1.21362E-02   9.11392E-03  -1.58297E-02   1.49563E-03  -1.50944E-02  -5.53719E-03  -1.01312E-02  -1.00818E-02  -2.65474E-03  -1.11430E-02   4.84831E-03  -8.78935E-03   1.00070E-02  -3.97517E-03   1.13255E-02   1.87846E-03   8.58917E-03   7.39653E-03   2.80960E-03   1.03700E-02  -4.88116E-03   9.20209E-03  -1.11146E-02   4.92669E-03  -1.24192E-02  -4.83242E-04  -8.15328E-03  -5.02533E-03  -4.26563E-04  -7.38955E-03   7.12137E-03  -7.26187E-03   1.11404E-02  -5.22493E-03   1.01967E-02  -2.44106E-03   5.54744E-03  -3.33749E-04   8.38049E-04
 2.04600E+02   1.68272E-02  -5.70319E-03   1.46413E-02  -1.21843E-02   8.75352E-03  -1.58861E-02   1.22626E-03  -1.51225E-02  -5.63006E-03  -1.01021E-02  -9.95755E-03  -2.56185E-03  -1.08267E-02   4.98454E-03  -8.37187E-03   1.01450E-02  -3.59006E-03   1.14164E-02   2.09375E-03   8.59306E-03   7.34175E-03   2.70734E-03   9.99954E-03  -5.07305E-03   8.61362E-03  -1.13302E-02   4.35296E-03  -1.25751E-02  -7.91887E-04  -8.18636E-03  -4.92364E-03  -3.21234E-04  -6.90952E-03   7.32818E-03  -6.59911E-03   1.13761E-02  -4.64237E-03   1.03848E-02  -2.12986E-03   5.64222E-03  -2.87184E-04   8.51719E-04
 2.06100E+02   1.65711E-02  -5.69253E-03   1.43031E-02  -1.22061E-02   8.40415E-03  -1.59213E-02   9.60063E-04  -1.51400E-02  -5.72780E-03  -1.00760E-02  -9.84390E-03  -2.48476E-03  -1.05230E-02   5.09651E-03  -7.96478E-03   1.02573E-02  -3.20999E-03   1.14882E-02   2.31077E-03   8.59123E-03   7.29521E-03   2.61661E-03   9.64081E-03  -5.23682E-03   8.03537E-03  -1.15097E-02   3.78442E-03  -1.27004E-02  -1.10140E-03  -8.20719E-03  -4.82754E-03  -2.27642E-04  -6.43715E-03   7.50310E-03  -5.94343E-03   1.15717E-02  -4.06463E-03   1.05390E-02  -1.82079E-03   5.71929E-03  -2.40900E-04   8.62774E-04
 2.07600E+02   1.63332E-02  -5.66002E-03   1.39824E-02  -1.22045E-02   8.06700E-03  -1.59374E-02   6.97553E-04  -1.51477E-02  -5.83072E-03  -1.00522E-02  -9.74190E-03  -2.42155E-03  -1.02332E-02   5.18684E-03  -7.56941E-03   1.03465E-02  -2.83584E-03   1.15426E-02   2.52944E-03   8.58378E-03   7.25772E-03   2.53587E-03   9.29532E-03  -5.37530E-03   7.46909E-03  -1.16562E-02   3.22235E-03  -1.27976E-02  -1.41145E-03  -8.21630E-03  -4.73775E-03  -1.44451E-04  -5.97395E-03   7.64877E-03  -5.29661E-03   1.17301E-02  -3.49314E-03   1.06617E-02  -1.51459E-03   5.77986E-03  -1.95002E-04   8.71388E-04
 2.09100E+02   1.61146E-02  -5.60849E-03   1.36807E-02  -1.21825E-02   7.74296E-03  -1.59367E-02   4.39076E-04  -1.51466E-02  -5.93908E-03  -1.00301E-02  -9.65231E-03  -2.37034E-03  -9.95842E-03   5.25806E-03  -7.18673E-03   1.04149E-02  -2.46821E-03   1.15809E-02   2.74974E-03   8.57079E-03   7.22990E-03   2.46358E-03   8.96422E-03  -5.49126E-03   6.91602E-03  -1.17727E-02   2.66766E-03  -1.28685E-02  -1.72180E-03  -8.21413E-03  -4.65482E-03  -7.03514E-05  -5.52105E-03   7.76775E-03  -4.65993E-03   1.18542E-02  -2.92892E-03   1.07552E-02  -1.21178E-03   5.82505E-03  -1.49565E-04   8.77723E-04
 2.10600E+02   1.59163E-02  -5.54067E-03   1.33985E-02  -1.21429E-02   7.43260E-03  -1.59212E-02   1.84851E-04  -1.51376E-02  -6.05308E-03  -1.00091E-02  -9.57569E-03  -2.32931E-03  -9.69934E-03   5.31263E-03  -6.81741E-03   1.04649E-02  -2.10751E-03   1.16047E-02   2.97166E-03   8.55232E-03   7.21220E-03   2.39826E-03   8.64832E-03  -5.58736E-03   6.37704E-03  -1.18619E-02   2.12096E-03  -1.29153E-02  -2.03234E-03  -8.20107E-03  -4.57914E-03  -4.07484E-06  -5.07922E-03   7.86244E-03  -4.03429E-03   1.19467E-02  -2.37270E-03   1.08215E-02  -9.12711E-04   5.85593E-03  -1.04641E-04   8.81929E-04
 2.12100E+02   1.57386E-02  -5.45918E-03   1.31366E-02  -1.20883E-02   7.13629E-03  -1.58930E-02  -6.50130E-05  -1.51213E-02  -6.17287E-03  -9.98861E-03  -9.51240E-03  -2.29670E-03  -9.45640E-03   5.35287E-03  -6.46184E-03   1.04986E-02  -1.75394E-03   1.16152E-02   3.19523E-03   8.52836E-03   7.20494E-03   2.33845E-03   8.34811E-03  -5.66610E-03   5.85267E-03  -1.19266E-02   1.58260E-03  -1.29397E-02  -2.34301E-03  -8.17742E-03  -4.51100E-03   5.55942E-05  -4.64895E-03   7.93510E-03  -3.42022E-03   1.20101E-02  -1.82490E-03   1.08627E-02  -6.17605E-04   5.87344E-03  -6.02619E-05   8.84143E-04
 2.13600E+02   1.55819E-02  -5.36650E-03   1.28950E-02  -1.20212E-02   6.85417E-03  -1.58538E-02  -3.10497E-04  -1.50986E-02  -6.29856E-03  -9.96804E-03  -9.46263E-03  -2.27085E-03  -9.22985E-03   5.38097E-03  -6.12020E-03   1.05180E-02  -1.40760E-03   1.16136E-02   3.42052E-03   8.49885E-03   7.20830E-03   2.28276E-03   8.06386E-03  -5.72984E-03   5.34315E-03  -1.19692E-02   1.05272E-03  -1.29432E-02  -2.65382E-03  -8.14341E-03  -4.45053E-03   1.09814E-04  -4.23049E-03   7.98779E-03  -2.81800E-03   1.20466E-02  -1.28573E-03   1.08803E-02  -3.26562E-04   5.87842E-03  -1.64410E-05   8.84485E-04
 2.15200E+02   1.54379E-02  -5.25794E-03   1.26598E-02  -1.19385E-02   6.56887E-03  -1.58020E-02  -5.67577E-04  -1.50679E-02  -6.43923E-03  -9.94530E-03  -9.42453E-03  -2.24891E-03  -9.00628E-03   5.39988E-03  -5.77113E-03   1.05250E-02  -1.04608E-03   1.15997E-02   3.66279E-03   8.46115E-03   7.22366E-03   2.22640E-03   7.77831E-03  -5.78377E-03   4.81603E-03  -1.19927E-02   4.96822E-04  -1.29256E-02  -2.98555E-03  -8.09587E-03  -4.39455E-03   1.62880E-04  -3.79722E-03   8.02408E-03  -2.18873E-03   1.20581E-02  -7.20144E-04   1.08750E-02  -2.06091E-05   5.87077E-03   2.96836E-05   8.82901E-04
 2.16700E+02   1.53244E-02  -5.14937E-03   1.24602E-02  -1.18529E-02   6.31590E-03  -1.57457E-02  -8.04234E-04  -1.50336E-02  -6.57731E-03  -9.92262E-03  -9.40279E-03  -2.23203E-03  -8.81350E-03   5.40926E-03  -5.45810E-03   1.05206E-02  -7.14421E-04   1.15764E-02   3.89182E-03   8.41982E-03   7.24908E-03   2.17504E-03   7.52700E-03  -5.82331E-03   4.33703E-03  -1.19963E-02  -1.57518E-05  -1.28904E-02  -3.29682E-03  -8.04077E-03  -4.35003E-03   2.09254E-04  -3.40317E-03   8.04122E-03  -1.61093E-03   1.20451E-02  -1.98739E-04   1.08487E-02   2.62068E-04   5.85208E-03   7.23546E-05   8.79682E-04
 2.18300E+02   1.52260E-02  -5.02868E-03   1.22692E-02  -1.17552E-02   6.06120E-03  -1.56789E-02  -1.05219E-03  -1.49918E-02  -6.73121E-03  -9.89627E-03  -9.39433E-03  -2.21632E-03  -8.62551E-03   5.41240E-03  -5.13905E-03   1.05059E-02  -3.68169E-04   1.15414E-02   4.13823E-03   8.36912E-03   7.28780E-03   2.12042E-03   7.27614E-03  -5.85588E-03   3.84192E-03  -1.19825E-02  -5.53622E-04  -1.28339E-02  -3.62921E-03  -7.97073E-03  -4.31091E-03   2.56244E-04  -2.99555E-03   8.04320E-03  -1.00726E-03   1.20075E-02   3.48243E-04   1.07991E-02   5.59274E-04   5.82047E-03   1.17278E-04   8.74478E-04
 2.19900E+02   1.51506E-02  -4.90522E-03   1.21004E-02  -1.16533E-02   5.82172E-03  -1.56069E-02  -1.29575E-03  -1.49449E-02  -6.89189E-03  -9.86698E-03  -9.40079E-03  -2.20137E-03  -8.45530E-03   5.41039E-03  -4.83488E-03   1.04826E-02  -2.93800E-05   1.14967E-02   4.38686E-03   8.31130E-03   7.33828E-03   2.06457E-03   7.04257E-03  -5.88058E-03   3.36265E-03  -1.19524E-02  -1.08268E-03  -1.27589E-02  -3.96206E-03  -7.88888E-03  -4.28025E-03   3.01770E-04  -2.60066E-03   8.02991E-03  -4.16251E-04   1.19469E-02   8.86054E-04   1.07284E-02   8.52176E-04   5.77726E-03   1.61611E-04   8.67510E-04
 2.21500E+02   1.50974E-02  -4.78116E-03   1.19531E-02  -1.15492E-02   5.59694E-03  -1.55310E-02  -1.53513E-03  -1.48935E-02  -7.05924E-03  -9.83403E-03  -9.42176E-03  -2.18562E-03  -8.30229E-03   5.40509E-03  -4.54507E-03   1.04521E-02   3.02286E-04   1.14430E-02   4.63775E-03   8.24598E-03   7.40018E-03   2.00611E-03   6.82572E-03  -5.89933E-03   2.89861E-03  -1.19075E-02  -1.60331E-03  -1.26663E-02  -4.29542E-03  -7.79498E-03  -4.25776E-03   3.46884E-04  -2.21806E-03   8.00271E-03   1.62570E-04   1.18645E-02   1.41504E-03   1.06375E-02   1.14094E-03   5.72281E-03   2.05376E-04   8.58824E-04
 2.23100E+02   1.50658E-02  -4.65849E-03   1.18265E-02  -1.14449E-02   5.38627E-03  -1.54527E-02  -1.77058E-03  -1.48378E-02  -7.23311E-03  -9.79669E-03  -9.45676E-03  -2.16761E-03  -8.16586E-03   5.39817E-03  -4.26900E-03   1.04158E-02   6.27183E-04   1.13810E-02   4.89087E-03   8.17276E-03   7.47311E-03   1.94372E-03   6.62492E-03  -5.91385E-03   2.44917E-03  -1.18492E-02  -2.11589E-03  -1.25564E-02  -4.62930E-03  -7.68864E-03  -4.24314E-03   3.92572E-04  -1.84724E-03   7.96277E-03   7.29688E-04   1.17613E-02   1.93555E-03   1.05267E-02   1.42572E-03   5.65736E-03   2.48595E-04   8.48449E-04
 2.24700E+02   1.50549E-02  -4.53911E-03   1.17198E-02  -1.13421E-02   5.18910E-03  -1.53730E-02  -2.00234E-03  -1.47780E-02  -7.41329E-03  -9.75422E-03  -9.50522E-03  -2.14594E-03  -8.04527E-03   5.39119E-03  -4.00604E-03   1.03750E-02   9.45657E-04   1.13110E-02   5.14616E-03   8.09118E-03   7.55657E-03   1.87611E-03   6.43942E-03  -5.92574E-03   2.01364E-03  -1.17788E-02  -2.62078E-03  -1.24297E-02  -4.96364E-03  -7.56942E-03  -4.23601E-03   4.39767E-04  -1.48771E-03   7.91106E-03   1.28556E-03   1.16380E-02   2.44788E-03   1.03967E-02   1.70664E-03   5.58103E-03   2.91283E-04   8.36395E-04
 2.26300E+02   1.50638E-02  -4.42477E-03   1.16321E-02  -1.12426E-02   5.00474E-03  -1.52931E-02  -2.23064E-03  -1.47143E-02  -7.59953E-03  -9.70591E-03  -9.56653E-03  -2.11928E-03  -7.93974E-03   5.38561E-03  -3.75553E-03   1.03306E-02   1.25804E-03   1.12334E-02   5.40349E-03   8.00071E-03   7.65000E-03   1.80208E-03   6.26845E-03  -5.93645E-03   1.59137E-03  -1.16972E-02  -3.11826E-03  -1.22863E-02  -5.29831E-03  -7.43678E-03  -4.23593E-03   4.89347E-04  -1.13894E-03   7.84839E-03   1.83061E-03   1.14951E-02   2.95227E-03   1.02475E-02   1.98381E-03   5.49386E-03   3.33451E-04   8.22660E-04
 2.27900E+02   1.50914E-02  -4.31711E-03   1.15623E-02  -1.11478E-02   4.83251E-03  -1.52138E-02  -2.45568E-03  -1.46469E-02  -7.79151E-03  -9.65103E-03  -9.63996E-03  -2.08638E-03  -7.84843E-03   5.38273E-03  -3.51678E-03   1.02835E-02   1.56462E-03   1.11484E-02   5.66268E-03   7.90082E-03   7.75275E-03   1.72042E-03   6.11115E-03  -5.94729E-03   1.18171E-03  -1.16053E-02  -3.60854E-03  -1.21264E-02  -5.63308E-03  -7.29012E-03  -4.24243E-03   5.42143E-04  -8.00474E-04   7.77544E-03   2.36515E-03   1.13329E-02   3.44888E-03   1.00792E-02   2.25724E-03   5.39577E-03   3.75100E-04   8.07228E-04
 2.29600E+02   1.51402E-02  -4.21176E-03   1.15066E-02  -1.10539E-02   4.66202E-03  -1.51314E-02  -2.69140E-03  -1.45712E-02  -8.00134E-03  -9.58470E-03  -9.73040E-03  -2.04324E-03  -7.76599E-03   5.38401E-03  -3.27522E-03   1.02316E-02   1.88430E-03   1.10501E-02   5.93981E-03   7.78370E-03   7.87133E-03   1.62404E-03   5.95801E-03  -5.96029E-03   7.59591E-04  -1.14970E-02  -4.12170E-03  -1.19381E-02  -5.98851E-03  -7.11819E-03  -4.25598E-03   6.02639E-04  -4.51635E-04   7.68724E-03   2.92184E-03   1.11397E-02   3.96803E-03   9.87929E-03   2.54365E-03   5.27944E-03   4.18773E-04   7.88940E-04
 2.31200E+02   1.52031E-02  -4.12262E-03   1.14705E-02  -1.09733E-02   4.51255E-03  -1.50562E-02  -2.91022E-03  -1.44960E-02  -8.20386E-03  -9.51399E-03  -9.82630E-03  -1.99374E-03  -7.70116E-03   5.39049E-03  -3.05856E-03   1.01817E-02   2.17967E-03   1.09502E-02   6.20189E-03   7.66249E-03   7.99093E-03   1.52312E-03   5.82610E-03  -5.97508E-03   3.74090E-04  -1.13856E-02  -4.59735E-03  -1.17435E-02  -6.32231E-03  -6.94048E-03  -4.27438E-03   6.64495E-04  -1.33057E-04   7.59459E-03   3.43529E-03   1.09380E-02   4.44855E-03   9.67104E-03   2.80921E-03   5.15834E-03   4.59309E-04   7.69909E-04
 2.32900E+02   1.52866E-02  -4.04008E-03   1.14481E-02  -1.08974E-02   4.36459E-03  -1.49796E-02  -3.13962E-03  -1.44121E-02  -8.42379E-03  -9.42925E-03  -9.93859E-03  -1.93048E-03  -7.64468E-03   5.40416E-03  -2.83893E-03   1.01282E-02   2.48780E-03   1.08361E-02   6.48117E-03   7.52135E-03   8.12547E-03   1.40386E-03   5.69784E-03  -5.99463E-03  -2.35282E-05  -1.12577E-02  -5.09477E-03  -1.15177E-02  -6.67555E-03  -6.73395E-03  -4.29922E-03   7.36232E-04   1.95453E-04   7.48627E-03   3.96963E-03   1.07027E-02   4.95021E-03   9.42804E-03   3.08691E-03   5.01705E-03   5.01733E-04   7.47708E-04
 2.34600E+02   1.53858E-02  -3.97153E-03   1.14407E-02  -1.08327E-02   4.22692E-03  -1.49073E-02  -3.36588E-03  -1.43239E-02  -8.64789E-03  -9.33383E-03  -1.00604E-02  -1.85505E-03  -7.59979E-03   5.42593E-03  -2.62942E-03   1.00749E-02   2.79015E-03   1.07139E-02   6.76065E-03   7.36676E-03   8.26651E-03   1.27104E-03   5.58069E-03  -6.01918E-03  -4.09283E-04  -1.11203E-02  -5.58364E-03  -1.12721E-02  -7.02647E-03  -6.50829E-03  -4.32873E-03   8.14923E-04   5.13978E-04   7.36803E-03   4.49218E-03   1.04453E-02   5.44222E-03   9.16216E-03   3.35965E-03   4.86242E-03   5.43434E-04   7.23407E-04
 2.36300E+02   1.54990E-02  -3.91831E-03   1.14468E-02  -1.07804E-02   4.09865E-03  -1.48398E-02  -3.58902E-03  -1.42312E-02  -8.87533E-03  -9.22695E-03  -1.01904E-02  -1.76633E-03  -7.56519E-03   5.45682E-03  -2.42926E-03   1.00223E-02   3.08671E-03   1.05834E-02   7.03954E-03   7.19799E-03   8.41273E-03   1.12355E-03   5.47344E-03  -6.04967E-03  -7.83560E-04  -1.09736E-02  -6.06342E-03  -1.10061E-02  -7.37401E-03  -6.26263E-03  -4.36204E-03   9.01280E-04   8.22725E-04   7.24005E-03   5.00249E-03   1.01655E-02   5.92388E-03   8.87287E-03   3.62695E-03   4.69410E-03   5.84330E-04   6.96946E-04
 2.38000E+02   1.56243E-02  -3.88166E-03   1.14648E-02  -1.07416E-02   3.97884E-03  -1.47778E-02  -3.80898E-03  -1.41340E-02  -9.10517E-03  -9.10790E-03  -1.03271E-02  -1.66330E-03  -7.53952E-03   5.49774E-03  -2.23766E-03   9.97094E-03   3.37737E-03   1.04444E-02   7.31691E-03   7.01438E-03   8.56269E-03   9.60386E-04   5.37485E-03  -6.08697E-03  -1.14664E-03  -1.08178E-02  -6.53332E-03  -1.07191E-02  -7.71694E-03  -5.99615E-03  -4.39821E-03   9.95942E-04   1.12180E-03   7.10247E-03   5.49987E-03   9.86306E-03   6.39423E-03   8.55962E-03   3.88821E-03   4.51171E-03   6.24319E-04   6.68265E-04
 2.39700E+02   1.57600E-02  -3.86263E-03   1.14929E-02  -1.07172E-02   3.86660E-03  -1.47216E-02  -4.02565E-03  -1.40322E-02  -9.33636E-03  -8.97604E-03  -1.04691E-02  -1.54508E-03  -7.52137E-03   5.54951E-03  -2.05391E-03   9.92121E-03   3.66192E-03   1.02970E-02   7.59170E-03   6.81530E-03   8.71480E-03   7.80658E-04   5.28364E-03  -6.13180E-03  -1.49868E-03  -1.06531E-02  -6.99240E-03  -1.04107E-02  -8.05381E-03  -5.70810E-03  -4.43625E-03   1.09948E-03   1.41121E-03   6.95536E-03   5.98342E-03   9.53752E-03   6.85210E-03   8.22192E-03   4.14267E-03   4.31494E-03   6.63277E-04   6.37309E-04
 2.41400E+02   1.59041E-02  -3.86216E-03   1.15295E-02  -1.07081E-02   3.76097E-03  -1.46717E-02  -4.23885E-03  -1.39256E-02  -9.56774E-03  -8.83081E-03  -1.06147E-02  -1.41089E-03  -7.50928E-03   5.61280E-03  -1.87726E-03   9.87343E-03   3.94007E-03   1.01408E-02   7.86269E-03   6.60023E-03   8.86735E-03   5.83597E-04   5.19850E-03  -6.18477E-03  -1.83975E-03  -1.04796E-02  -7.43945E-03  -1.00806E-02  -8.38300E-03  -5.39783E-03  -4.47508E-03   1.21236E-03   1.69084E-03   6.79880E-03   6.45200E-03   9.18860E-03   7.29608E-03   7.85932E-03   4.38945E-03   4.10349E-03   7.01061E-04   6.04031E-04
 2.43200E+02   1.60634E-02  -3.88269E-03   1.15755E-02  -1.07157E-02   3.65530E-03  -1.46260E-02  -4.46055E-03  -1.38075E-02  -9.81154E-03  -8.66198E-03  -1.07708E-02  -1.25072E-03  -7.50138E-03   5.69297E-03  -1.69720E-03   9.82528E-03   4.22717E-03   9.96592E-03   8.14399E-03   6.35460E-03   9.02732E-03   3.55379E-04   5.11347E-03  -6.25030E-03  -2.18887E-03  -1.02863E-02  -7.89818E-03  -9.70689E-03  -8.72115E-03  -5.04455E-03  -4.51580E-03   1.34250E-03   1.97603E-03   6.62283E-03   6.93034E-03   8.79344E-03   7.74922E-03   7.44791E-03   4.64125E-03   3.86339E-03   7.39603E-04   5.66227E-04
 2.44900E+02   1.62179E-02  -3.92250E-03   1.16237E-02  -1.07398E-02   3.56033E-03  -1.45900E-02  -4.66581E-03  -1.36908E-02  -1.00392E-02  -8.48796E-03  -1.09181E-02  -1.08189E-03  -7.49689E-03   5.78154E-03  -1.53302E-03   9.78233E-03   4.49080E-03   9.79169E-03   8.40281E-03   6.10543E-03   9.17490E-03   1.20912E-04   5.03656E-03  -6.32149E-03  -2.50707E-03  -1.00950E-02  -8.31594E-03  -9.33104E-03  -9.02860E-03  -4.68719E-03  -4.55263E-03   1.47573E-03   2.23479E-03   6.44710E-03   7.36364E-03   8.39588E-03   8.15923E-03   7.03325E-03   4.86889E-03   3.62120E-03   7.74429E-04   5.28078E-04
 2.46700E+02   1.63834E-02  -3.98664E-03   1.16776E-02  -1.07834E-02   3.46383E-03  -1.45596E-02  -4.87838E-03  -1.35620E-02  -1.02760E-02  -8.28810E-03  -1.10718E-02  -8.84260E-04  -7.49345E-03   5.88922E-03  -1.36467E-03   9.73971E-03   4.76135E-03   9.59764E-03   8.66781E-03   5.82326E-03   9.32512E-03  -1.47635E-04   4.95713E-03  -6.40701E-03  -2.83152E-03  -9.88319E-03  -8.73991E-03  -8.90884E-03  -9.33907E-03  -4.28363E-03  -4.58851E-03   1.62787E-03   2.49710E-03   6.25113E-03   7.80090E-03   7.94929E-03   8.57202E-03   6.56667E-03   5.09774E-03   3.34846E-03   8.09405E-04   4.85101E-04
 2.48500E+02   1.65480E-02  -4.07347E-03   1.17322E-02  -1.08458E-02   3.37038E-03  -1.45371E-02  -5.08561E-03  -1.34277E-02  -1.05065E-02  -8.07221E-03  -1.12208E-02  -6.67187E-04  -7.48945E-03   6.01127E-03  -1.20120E-03   9.70017E-03   5.02231E-03   9.39389E-03   8.92156E-03   5.52234E-03   9.46665E-03  -4.37029E-04   4.87812E-03  -6.50306E-03  -3.14275E-03  -9.66222E-03  -9.14278E-03  -8.46203E-03  -9.63138E-03  -3.85438E-03  -4.61967E-03   1.79142E-03   2.74686E-03   6.04522E-03   8.21381E-03   7.47674E-03   8.96032E-03   6.07215E-03   5.31248E-03   3.05920E-03   8.42177E-04   4.39502E-04
 2.50300E+02   1.67091E-02  -4.18273E-03   1.17851E-02  -1.09268E-02   3.27889E-03  -1.45225E-02  -5.28698E-03  -1.32881E-02  -1.07290E-02  -7.84053E-03  -1.13628E-02  -4.30919E-04  -7.48292E-03   6.14756E-03  -1.04192E-03   9.66376E-03   5.27288E-03   9.18070E-03   9.16199E-03   5.20303E-03   9.59691E-03  -7.46940E-04   4.79787E-03  -6.60958E-03  -3.44027E-03  -9.43243E-03  -9.52217E-03  -7.99124E-03  -9.90272E-03  -3.40001E-03  -4.64456E-03   1.96620E-03   2.98344E-03   5.82976E-03   8.59994E-03   6.97901E-03   9.32134E-03   5.55047E-03   5.51145E-03   2.75384E-03   8.72476E-04   3.91350E-04
 2.52100E+02   1.68638E-02  -4.31385E-03   1.18341E-02  -1.10259E-02   3.18827E-03  -1.45157E-02  -5.48198E-03  -1.31434E-02  -1.09415E-02  -7.59357E-03  -1.14953E-02  -1.76012E-04  -7.47189E-03   6.29775E-03  -8.86104E-04   9.63050E-03   5.51219E-03   8.95848E-03   9.38702E-03   4.86600E-03   9.71331E-03  -1.07670E-03   4.71471E-03  -6.72633E-03  -3.72356E-03  -9.19429E-03  -9.87562E-03  -7.49749E-03  -1.01502E-02  -2.92152E-03  -4.66164E-03   2.15184E-03   3.20615E-03   5.60524E-03   8.95681E-03   6.45720E-03   9.65227E-03   5.00281E-03   5.69292E-03   2.43309E-03   9.00023E-04   3.40755E-04
 2.53900E+02   1.70095E-02  -4.46588E-03   1.18767E-02  -1.11423E-02   3.09745E-03  -1.45165E-02  -5.67006E-03  -1.29939E-02  -1.11422E-02  -7.33211E-03  -1.16159E-02   9.66574E-05  -7.45446E-03   6.46122E-03  -7.33106E-04   9.60035E-03   5.73938E-03   8.72779E-03   9.59457E-03   4.51220E-03   9.81328E-03  -1.42530E-03   4.62704E-03  -6.85288E-03  -3.99206E-03  -8.94841E-03  -1.02007E-02  -6.98216E-03  -1.03710E-02  -2.42030E-03  -4.66935E-03   2.34778E-03   3.41429E-03   5.37228E-03   9.28190E-03   5.91285E-03   9.95023E-03   4.43079E-03   5.85516E-03   2.09789E-03   9.24542E-04   2.87867E-04
 2.55700E+02   1.71435E-02  -4.63753E-03   1.19109E-02  -1.12752E-02   3.00544E-03  -1.45244E-02  -5.85072E-03  -1.28401E-02  -1.13293E-02  -7.05718E-03  -1.17224E-02   3.85884E-04  -7.42879E-03   6.63715E-03  -5.82293E-04   9.57322E-03   5.95360E-03   8.48936E-03   9.78260E-03   4.14293E-03   9.89433E-03  -1.79137E-03   4.53329E-03  -6.98858E-03  -4.24519E-03  -8.69552E-03  -1.04950E-02  -6.44704E-03  -1.05622E-02  -1.89817E-03  -4.66622E-03   2.55323E-03   3.60714E-03   5.13168E-03   9.57278E-03   5.34789E-03   1.02125E-02   3.83650E-03   5.99650E-03   1.74949E-03   9.45763E-04   2.32882E-04
 2.57600E+02   1.72696E-02  -4.83816E-03   1.19354E-02  -1.14316E-02   2.90598E-03  -1.45401E-02  -6.03282E-03  -1.26737E-02  -1.15102E-02  -6.75383E-03  -1.18170E-02   7.07450E-04  -7.39085E-03   6.83518E-03  -4.24818E-04   9.54770E-03   6.16478E-03   8.23027E-03   9.95784E-03   3.73812E-03   9.95680E-03  -2.19480E-03   4.42614E-03  -7.14086E-03  -4.49515E-03  -8.42196E-03  -1.07697E-02  -5.86318E-03  -1.07292E-02  -1.32687E-03  -4.64963E-03   2.77933E-03   3.79341E-03   4.87043E-03   9.84014E-03   4.73182E-03   1.04476E-02   3.18781E-03   6.12125E-03   1.36905E-03   9.64304E-04   1.72830E-04
 2.59500E+02   1.73775E-02  -5.05646E-03   1.19460E-02  -1.16030E-02   2.80311E-03  -1.45625E-02  -6.20561E-03  -1.25039E-02  -1.16724E-02  -6.43881E-03  -1.18913E-02   1.04360E-03  -7.33996E-03   7.04436E-03  -2.68472E-04   9.52518E-03   6.35979E-03   7.96479E-03   1.01072E-02   3.32011E-03   9.99313E-03  -2.61333E-03   4.30905E-03  -7.30127E-03  -4.72686E-03  -8.14278E-03  -1.10052E-02  -5.26279E-03  -1.08576E-02  -7.37973E-04  -4.61791E-03   3.01356E-03   3.96123E-03   4.60295E-03   1.00644E-02   4.09868E-03   1.06373E-02   2.52063E-03   6.21926E-03   9.77628E-04   9.78618E-04   1.11035E-04
 2.61300E+02   1.74608E-02  -5.27711E-03   1.19415E-02  -1.17770E-02   2.70171E-03  -1.45893E-02  -6.36034E-03  -1.23406E-02  -1.18074E-02  -6.13155E-03  -1.19410E-02   1.37324E-03  -7.27835E-03   7.25121E-03  -1.20858E-04   9.50636E-03   6.52902E-03   7.70866E-03   1.02234E-02   2.91424E-03   1.00015E-02  -3.02121E-03   4.18767E-03  -7.45950E-03  -4.92917E-03  -7.87434E-03  -1.11904E-02  -4.68190E-03  -1.09415E-02  -1.67112E-04  -4.57273E-03   3.24150E-03   4.10270E-03   4.34510E-03   1.02351E-02   3.48648E-03   1.07728E-02   1.87511E-03   6.28614E-03   5.98832E-04   9.88068E-04   5.12254E-05
 2.63200E+02   1.75271E-02  -5.52172E-03   1.19199E-02  -1.19709E-02   2.58976E-03  -1.46225E-02  -6.51395E-03  -1.21666E-02  -1.19290E-02  -5.80020E-03  -1.19702E-02   1.73035E-03  -7.19789E-03   7.47681E-03   3.49402E-05   9.48886E-03   6.69080E-03   7.43491E-03   1.03179E-02   2.47816E-03   9.98113E-03  -3.46077E-03   4.04742E-03  -7.63166E-03  -5.12431E-03  -7.58823E-03  -1.13443E-02  -4.05965E-03  -1.09885E-02   4.45305E-04  -4.50804E-03   3.48678E-03   4.23315E-03   4.06970E-03   1.03698E-02   2.83110E-03   1.08675E-02   1.18376E-03   6.32823E-03   1.93068E-04   9.93530E-04  -1.28468E-05
 2.65100E+02   1.75698E-02  -5.77517E-03   1.18797E-02  -1.21725E-02   2.47216E-03  -1.46600E-02  -6.65744E-03  -1.19919E-02  -1.20285E-02  -5.46415E-03  -1.19743E-02   2.09389E-03  -7.10057E-03   7.70776E-03   1.91190E-04   9.47345E-03   6.83501E-03   7.15932E-03   1.03826E-02   2.03723E-03   9.92956E-03  -3.90628E-03   3.89378E-03  -7.80747E-03  -5.30047E-03  -7.30084E-03  -1.14544E-02  -3.43213E-03  -1.09913E-02   1.06359E-03  -4.42509E-03   3.73496E-03   4.34403E-03   3.79264E-03   1.04567E-02   2.17060E-03   1.09114E-02   4.86794E-04   6.34028E-03  -2.16024E-04   9.94232E-04  -7.74467E-05
 2.67000E+02   1.75882E-02  -6.03402E-03   1.18203E-02  -1.23791E-02   2.34842E-03  -1.47005E-02  -6.79082E-03  -1.18178E-02  -1.21053E-02  -5.12611E-03  -1.19526E-02   2.46072E-03  -6.98570E-03   7.94181E-03   3.48310E-04   9.45976E-03   6.96160E-03   6.88363E-03   1.04171E-02   1.59467E-03   9.84597E-03  -4.35421E-03   3.72607E-03  -7.98518E-03  -5.45780E-03  -7.01381E-03  -1.15203E-02  -2.80365E-03  -1.09493E-02   1.68325E-03  -4.32335E-03   3.98402E-03   4.43536E-03   3.51562E-03   1.04954E-02   1.50955E-03   1.09037E-02  -2.10838E-04   6.32190E-03  -6.25512E-04   9.90108E-04  -1.42109E-04
 2.69000E+02   1.75809E-02  -6.30851E-03   1.17366E-02  -1.25991E-02   2.21121E-03  -1.47455E-02  -6.92052E-03  -1.16361E-02  -1.21617E-02  -4.77111E-03  -1.19018E-02   2.84689E-03  -6.84544E-03   8.18899E-03   5.15027E-04   9.44679E-03   7.07609E-03   6.59525E-03   1.04208E-02   1.13065E-03   9.72314E-03  -4.82436E-03   3.53389E-03  -8.17230E-03  -5.60348E-03  -6.71387E-03  -1.15422E-02  -2.14585E-03  -1.08566E-02   2.33193E-03  -4.19569E-03   4.24486E-03   4.51067E-03   3.22600E-03   1.04841E-02   8.18212E-04   1.08401E-02  -9.40391E-04   6.26968E-03  -1.05370E-03   9.80554E-04  -2.09719E-04
 2.70900E+02   1.75489E-02  -6.56761E-03   1.16370E-02  -1.28074E-02   2.07410E-03  -1.47892E-02  -7.03393E-03  -1.14662E-02  -1.21925E-02  -4.43749E-03  -1.18271E-02   3.21046E-03  -6.69383E-03   8.42220E-03   6.74977E-04   9.43542E-03   7.16754E-03   6.32483E-03   1.03938E-02   6.94964E-04   9.57366E-03  -5.26599E-03   3.33630E-03  -8.34824E-03  -5.72357E-03  -6.43270E-03  -1.15187E-02  -1.52905E-03  -1.07231E-02   2.94004E-03  -4.05495E-03   4.48924E-03   4.56295E-03   2.95452E-03   1.04251E-02   1.70509E-04   1.07277E-02  -1.62371E-03   6.18933E-03  -1.45469E-03   9.66597E-04  -2.73027E-04
 2.72900E+02   1.74899E-02  -6.83490E-03   1.15117E-02  -1.30230E-02   1.92267E-03  -1.48352E-02  -7.14357E-03  -1.12914E-02  -1.22019E-02  -4.09301E-03  -1.17216E-02   3.58630E-03  -6.51532E-03   8.66350E-03   8.45257E-04   9.42401E-03   7.24641E-03   6.04573E-03   1.03343E-02   2.45213E-04   9.38271E-03  -5.72172E-03   3.11266E-03  -8.52958E-03  -5.83167E-03  -6.14243E-03  -1.14489E-02  -8.92950E-04  -1.05361E-02   3.56666E-03  -3.88674E-03   4.74065E-03   4.59854E-03   2.67444E-03   1.03135E-02  -4.96802E-04   1.05564E-02  -2.32738E-03   6.07333E-03  -1.86749E-03   9.46918E-04  -3.38188E-04
 2.74800E+02   1.74110E-02  -7.08043E-03   1.13742E-02  -1.32218E-02   1.77222E-03  -1.48779E-02  -7.23921E-03  -1.11300E-02  -1.21901E-02  -3.77463E-03  -1.15972E-02   3.93385E-03  -6.32847E-03   8.88661E-03   1.00903E-03   9.41329E-03   7.30587E-03   5.78747E-03   1.02498E-02  -1.70606E-04   9.17074E-03  -6.14262E-03   2.88571E-03  -8.69645E-03  -5.91806E-03  -5.87355E-03  -1.13419E-02  -3.05215E-04  -1.03162E-02   4.14485E-03  -3.70854E-03   4.97199E-03   4.61488E-03   2.41535E-03   1.01629E-02  -1.11269E-03   1.03455E-02  -2.97635E-03   5.93459E-03  -2.24804E-03   9.23686E-04  -3.98244E-04
 2.76800E+02   1.73059E-02  -7.32698E-03   1.12114E-02  -1.34222E-02   1.60724E-03  -1.49208E-02  -7.33180E-03  -1.09660E-02  -1.21578E-02  -3.45122E-03  -1.14424E-02   4.28682E-03  -6.11468E-03   9.11291E-03   1.18367E-03   9.40171E-03   7.35349E-03   5.52435E-03   1.01334E-02  -5.93351E-04   8.91740E-03  -6.56971E-03   2.63223E-03  -8.86469E-03  -5.99323E-03  -5.59917E-03  -1.11892E-02   2.92122E-04  -1.00431E-02   4.73132E-03  -3.50257E-03   5.20566E-03   4.61500E-03   2.15150E-03   9.96019E-03  -1.73781E-03   1.00759E-02  -3.63437E-03   5.76025E-03  -2.63369E-03   8.94732E-04  -4.59085E-04
 2.78800E+02   1.71806E-02  -7.55858E-03   1.10319E-02  -1.36112E-02   1.43595E-03  -1.49607E-02  -7.41717E-03  -1.08089E-02  -1.21071E-02  -3.14195E-03  -1.12655E-02   4.62406E-03  -5.88471E-03   9.32853E-03   1.36073E-03   9.38942E-03   7.38735E-03   5.27151E-03   9.99128E-03  -9.98171E-04   8.63544E-03  -6.97749E-03   2.36466E-03  -9.02379E-03  -6.05382E-03  -5.33485E-03  -1.09988E-02   8.64109E-04  -9.73028E-03   5.29131E-03  -3.27899E-03   5.42750E-03   4.59910E-03   1.89809E-03   9.71572E-03  -2.33543E-03   9.76114E-03  -4.26258E-03   5.55901E-03  -3.00159E-03   8.61497E-04  -5.17098E-04
 2.80800E+02   1.70379E-02  -7.77295E-03   1.08379E-02  -1.37870E-02   1.25888E-03  -1.49968E-02  -7.49649E-03  -1.06593E-02  -1.20403E-02  -2.84857E-03  -1.10691E-02   4.94341E-03  -5.64016E-03   9.53185E-03   1.54026E-03   9.37601E-03   7.40919E-03   5.03002E-03   9.82625E-03  -1.38290E-03   8.32763E-03  -7.36346E-03   2.08407E-03  -9.17235E-03  -6.10157E-03  -5.08157E-03  -1.07744E-02   1.40782E-03  -9.38158E-03   5.82165E-03  -3.03923E-03   5.63597E-03   4.56883E-03   1.65624E-03   9.43336E-03  -2.90236E-03   9.40522E-03  -4.85747E-03   5.33326E-03  -3.34964E-03   8.24360E-04  -5.71951E-04
 2.82900E+02   1.68725E-02  -7.97757E-03   1.06208E-02  -1.39558E-02   1.06746E-03  -1.50299E-02  -7.57461E-03  -1.05106E-02  -1.19558E-02  -2.55906E-03  -1.08448E-02   5.25767E-03  -5.36962E-03   9.73068E-03   1.73146E-03   9.36035E-03   7.42120E-03   4.78951E-03   9.63152E-03  -1.76340E-03   7.97984E-03  -7.74307E-03   1.77672E-03  -9.31575E-03  -6.13992E-03  -4.82827E-03  -1.05066E-02   1.94578E-03  -8.98107E-03   6.34380E-03  -2.77179E-03   5.83911E-03   4.52353E-03   1.41564E-03   9.10066E-03  -3.46189E-03   8.99203E-03  -5.44321E-03   5.07267E-03  -3.69190E-03   7.81608E-04  -6.25851E-04
 2.84900E+02   1.67035E-02  -8.15169E-03   1.04040E-02  -1.41003E-02   8.80603E-04  -1.50564E-02  -7.64542E-03  -1.03774E-02  -1.18643E-02  -2.30191E-03  -1.06169E-02   5.53568E-03  -5.10076E-03   9.90506E-03   1.91612E-03   9.34357E-03   7.42420E-03   4.57340E-03   9.42882E-03  -2.10221E-03   7.62842E-03  -8.07862E-03   1.47317E-03  -9.43937E-03  -6.16716E-03  -4.59953E-03  -1.02253E-02   2.42506E-03  -8.57112E-03   6.80608E-03  -2.50385E-03   6.01655E-03   4.46936E-03   1.19983E-03   8.75378E-03  -3.95880E-03   8.56563E-03  -5.96185E-03   4.80481E-03  -3.99447E-03   7.37749E-04  -6.73456E-04
 2.87000E+02   1.65173E-02  -8.31198E-03   1.01682E-02  -1.42344E-02   6.80397E-04  -1.50785E-02  -7.71739E-03  -1.02463E-02  -1.17596E-02  -2.05193E-03  -1.03659E-02   5.80448E-03  -4.80875E-03   1.00717E-02   2.11270E-03   9.32364E-03   7.42058E-03   4.36031E-03   9.20127E-03  -2.43244E-03   7.24166E-03  -8.40260E-03   1.14450E-03  -9.55483E-03  -6.18805E-03  -4.37264E-03  -9.90684E-03   2.89250E-03  -8.11528E-03   7.25334E-03  -2.21043E-03   6.18526E-03   4.40289E-03   9.87553E-04   8.36279E-03  -4.44149E-03   8.08840E-03  -6.46373E-03   4.50583E-03  -4.28666E-03   6.88863E-04  -7.19373E-04
 2.89000E+02   1.63350E-02  -8.44295E-03   9.93850E-03  -1.43450E-02   4.86617E-04  -1.50938E-02  -7.78494E-03  -1.01296E-02  -1.16543E-02  -1.83296E-03  -1.01186E-02   6.03819E-03  -4.52328E-03   1.02144E-02   2.30244E-03   9.30217E-03   7.41258E-03   4.17047E-03   8.97366E-03  -2.72239E-03   6.85956E-03  -8.68365E-03   8.23282E-04  -9.65061E-03  -6.20249E-03  -4.16911E-03  -9.58577E-03   3.30316E-03  -7.66109E-03   7.64230E-03  -1.92117E-03   6.32869E-03   4.33225E-03   7.99105E-04   7.96925E-03  -4.86337E-03   7.61039E-03  -6.90030E-03   4.20691E-03  -4.54017E-03   6.40029E-04  -7.59149E-04
 2.91100E+02   1.61414E-02  -8.55799E-03   9.69428E-03  -1.44432E-02   2.80608E-04  -1.51037E-02  -7.85610E-03  -1.00155E-02  -1.15407E-02  -1.62280E-03  -9.85316E-03   6.26035E-03  -4.21773E-03   1.03473E-02   2.50430E-03   9.27671E-03   7.40133E-03   3.98455E-03   8.72637E-03  -3.00125E-03   6.44710E-03  -8.94977E-03   4.78743E-04  -9.73598E-03  -6.21380E-03  -3.96823E-03  -9.23421E-03   3.69824E-03  -7.16734E-03   8.01173E-03  -1.60886E-03   6.46093E-03   4.25220E-03   6.15470E-04   7.53822E-03  -5.26660E-03   7.08844E-03  -7.31504E-03   3.88089E-03  -4.78019E-03   5.86798E-04  -7.96734E-04
 2.93200E+02   1.59488E-02  -8.65074E-03   9.44932E-03  -1.45236E-02   7.26864E-05  -1.51072E-02  -7.92874E-03  -9.90939E-03  -1.14265E-02  -1.43216E-03  -9.58471E-03   6.45927E-03  -3.90807E-03   1.04630E-02   2.70882E-03   9.24798E-03   7.38899E-03   3.81180E-03   8.47358E-03  -3.25447E-03   6.02618E-03  -9.18654E-03   1.28032E-04  -9.80560E-03  -6.22295E-03  -3.77990E-03  -8.87192E-03   4.05702E-03  -6.66033E-03   8.34162E-03  -1.28939E-03   6.57431E-03   4.16785E-03   4.46026E-04   7.09315E-03  -5.62962E-03   6.55042E-03  -7.68543E-03   3.54503E-03  -4.99360E-03   5.31976E-04  -8.30064E-04
 2.95300E+02   1.57600E-02  -8.72230E-03   9.20579E-03  -1.45868E-02  -1.36512E-04  -1.51045E-02  -8.00398E-03  -9.81067E-03  -1.13140E-02  -1.26004E-03  -9.31584E-03   6.63586E-03  -3.59599E-03   1.05620E-02   2.91596E-03   9.21569E-03   7.37724E-03   3.65141E-03   8.21805E-03  -3.48301E-03   5.59962E-03  -9.39464E-03  -2.27671E-04  -9.85946E-03  -6.23161E-03  -3.60331E-03  -8.50262E-03   4.38062E-03  -6.14380E-03   8.63281E-03  -9.64287E-04   6.66894E-03   4.08082E-03   2.90188E-04   6.63793E-03  -5.95337E-03   6.00045E-03  -8.01234E-03   3.20176E-03  -5.18086E-03   4.75946E-04  -8.59205E-04
 2.97500E+02   1.55691E-02  -8.77613E-03   8.95429E-03  -1.46358E-02  -3.56429E-04  -1.50951E-02  -8.08668E-03  -9.71435E-03  -1.12005E-02  -1.09820E-03  -9.03622E-03   6.79820E-03  -3.26808E-03   1.06482E-02   3.13575E-03   9.17775E-03   7.36721E-03   3.49558E-03   7.95012E-03  -3.69729E-03   5.14944E-03  -9.58294E-03  -6.04518E-04  -9.89908E-03  -6.24174E-03  -3.42986E-03  -8.11187E-03   4.68351E-03  -5.59605E-03   8.89762E-03  -6.19154E-04   6.74826E-03   3.98832E-03   1.40722E-04   6.15393E-03  -6.25184E-03   5.41550E-03  -8.30952E-03   2.83656E-03  -5.34971E-03   4.16327E-04  -8.85353E-04
 2.99600E+02   1.53955E-02  -8.80907E-03   8.71943E-03  -1.46673E-02  -5.66570E-04  -1.50799E-02  -8.17025E-03  -9.62830E-03  -1.10981E-02  -9.59823E-04  -8.77337E-03   6.93297E-03  -2.95552E-03   1.07147E-02   3.34819E-03   9.13730E-03   7.36116E-03   3.35734E-03   7.69637E-03  -3.87931E-03   4.71887E-03  -9.73553E-03  -9.67288E-04  -9.92104E-03  -6.25376E-03  -3.27419E-03  -7.73820E-03   4.93997E-03  -5.06991E-03   9.11346E-03  -2.86616E-04   6.80542E-03   3.90005E-03   1.03348E-05   5.68834E-03  -6.49951E-03   4.85212E-03  -8.55151E-03   2.48461E-03  -5.48568E-03   3.58852E-04  -9.06263E-04
 3.01800E+02   1.52250E-02  -8.82629E-03   8.48037E-03  -1.46857E-02  -7.86496E-04  -1.50579E-02  -8.26345E-03  -9.54329E-03  -1.09988E-02  -8.29964E-04  -8.50412E-03   7.05471E-03  -2.62976E-03   1.07686E-02   3.57347E-03   9.09017E-03   7.35973E-03   3.22218E-03   7.43464E-03  -4.04815E-03   4.26895E-03  -9.86837E-03  -1.34964E-03  -9.92765E-03  -6.27001E-03  -3.12015E-03  -7.34879E-03   5.17656E-03  -4.51805E-03   9.30265E-03   6.38422E-05   6.84633E-03   3.80878E-03  -1.14422E-04   5.19969E-03  -6.72191E-03   4.25972E-03  -8.76321E-03   2.11421E-03  -5.60274E-03   2.98335E-04  -9.24084E-04
 3.04000E+02   1.50676E-02  -8.82806E-03   8.24976E-03  -1.46907E-02  -1.00582E-03  -1.50297E-02  -8.36312E-03  -9.46243E-03  -1.09090E-02  -7.13636E-04  -8.24272E-03   7.15839E-03  -2.30676E-03   1.08073E-02   3.80152E-03   9.03783E-03   7.36436E-03   3.09546E-03   7.17884E-03  -4.19652E-03   3.82201E-03  -9.97513E-03  -1.73359E-03  -9.91774E-03  -6.29100E-03  -2.97395E-03  -6.96382E-03   5.38262E-03  -3.96786E-03   9.45596E-03   4.15423E-04   6.86830E-03   3.71974E-03  -2.28175E-04   4.71266E-03  -6.90844E-03   3.66779E-03  -8.93411E-03   1.74368E-03  -5.69493E-03   2.37759E-04  -9.37894E-04
 3.06200E+02   1.49247E-02  -8.81670E-03   8.02863E-03  -1.46840E-02  -1.22423E-03  -1.49958E-02  -8.46979E-03  -9.38455E-03  -1.08300E-02  -6.08826E-04  -7.99045E-03   7.24594E-03  -1.98738E-03   1.08318E-02   4.03229E-03   8.97991E-03   7.37585E-03   2.97569E-03   6.93035E-03  -4.32638E-03   3.37950E-03  -1.00574E-02  -2.11847E-03  -9.89156E-03  -6.31754E-03  -2.83411E-03  -6.58525E-03   5.56055E-03  -3.42137E-03   9.57532E-03   7.67256E-04   6.87183E-03   3.63375E-03  -3.32081E-04   4.22935E-03  -7.06124E-03   3.07857E-03  -9.06628E-03   1.37435E-03  -5.76340E-03   1.77338E-04  -9.47866E-04
 3.08400E+02   1.47974E-02  -8.79457E-03   7.81776E-03  -1.46672E-02  -1.44149E-03  -1.49562E-02  -8.58386E-03  -9.30846E-03  -1.07627E-02  -5.13497E-04  -7.74826E-03   7.31927E-03  -1.67226E-03   1.08430E-02   4.26572E-03   8.91600E-03   7.39483E-03   2.86133E-03   6.69026E-03  -4.43969E-03   2.94261E-03  -1.01167E-02  -2.50371E-03  -9.84930E-03  -6.35023E-03  -2.69912E-03  -6.21461E-03   5.71272E-03  -2.88018E-03   9.66267E-03   1.11860E-03   6.85737E-03   3.55146E-03  -4.27300E-04   3.75147E-03  -7.18241E-03   2.49395E-03  -9.16170E-03   1.00735E-03  -5.80926E-03   1.17248E-04  -9.54170E-04
 3.10600E+02   1.46863E-02  -8.76402E-03   7.61770E-03  -1.46420E-02  -1.65741E-03  -1.49114E-02  -8.70558E-03  -9.23296E-03  -1.07075E-02  -4.25624E-04  -7.51686E-03   7.38030E-03  -1.36193E-03   1.08419E-02   4.50172E-03   8.84568E-03   7.42171E-03   2.75085E-03   6.45936E-03  -4.53837E-03   2.51224E-03  -1.01547E-02  -2.88883E-03  -9.79113E-03  -6.38947E-03  -2.56749E-03  -5.85309E-03   5.84145E-03  -2.34561E-03   9.71984E-03   1.46884E-03   6.82532E-03   3.47333E-03  -5.14978E-04   3.28038E-03  -7.27399E-03   1.91542E-03  -9.22230E-03   6.43591E-04  -5.83353E-03   5.76385E-05  -9.56962E-04
 3.12800E+02   1.45918E-02  -8.72733E-03   7.42876E-03  -1.46099E-02  -1.87187E-03  -1.48614E-02  -8.83507E-03  -9.15685E-03  -1.06648E-02  -3.43219E-04  -7.29669E-03   7.43086E-03  -1.05675E-03   1.08293E-02   4.74019E-03   8.76850E-03   7.45672E-03   2.64275E-03   6.23819E-03  -4.62430E-03   2.08908E-03  -1.01727E-02  -3.27338E-03  -9.71714E-03  -6.43551E-03  -2.43771E-03  -5.50154E-03   5.94896E-03  -1.81868E-03   9.74852E-03   1.81741E-03   6.77602E-03   3.39970E-03  -5.96227E-04   2.81714E-03  -7.33786E-03   1.34423E-03  -9.24983E-03   2.83818E-04  -5.83719E-03  -1.37033E-06  -9.56387E-04
 3.15100E+02   1.45109E-02  -8.68483E-03   7.24328E-03  -1.45706E-02  -2.09438E-03  -1.48038E-02  -8.97874E-03  -9.07536E-03  -1.06338E-02  -2.60814E-04  -7.07877E-03   7.47444E-03  -7.43468E-04   1.08048E-02   4.99198E-03   8.67995E-03   7.50209E-03   2.53066E-03   6.01773E-03  -4.70243E-03   1.65495E-03  -1.01716E-02  -3.67437E-03  -9.62287E-03  -6.49095E-03  -2.30243E-03  -5.14533E-03   6.04094E-03  -1.27684E-03   9.74976E-03   2.17952E-03   6.70631E-03   3.32774E-03  -6.75460E-04   2.34215E-03  -7.37695E-03   7.55987E-04  -9.24500E-03  -8.73688E-05  -5.81992E-03  -6.23084E-05  -9.52326E-04
 3.17400E+02   1.44482E-02  -8.64050E-03   7.07010E-03  -1.45270E-02  -2.31509E-03  -1.47410E-02  -9.13075E-03  -8.99057E-03  -1.06164E-02  -1.80140E-04  -6.87343E-03   7.51041E-03  -4.36280E-04   1.07694E-02   5.24606E-03   8.58281E-03   7.55632E-03   2.41791E-03   5.80840E-03  -4.77049E-03   1.22966E-03  -1.01514E-02  -4.07385E-03  -9.51127E-03  -6.55377E-03  -2.16596E-03  -4.80109E-03   6.11426E-03  -7.44936E-04   9.72319E-03   2.53875E-03   6.61822E-03   3.26099E-03  -7.50005E-04   1.87736E-03  -7.38953E-03   1.77758E-04  -9.20744E-03  -4.52918E-04  -5.78191E-03  -1.22379E-04  -9.44852E-04
 3.19700E+02   1.44032E-02  -8.59666E-03   6.90901E-03  -1.44808E-02  -2.53391E-03  -1.46730E-02  -9.29080E-03  -8.90120E-03  -1.06126E-02  -9.91606E-05  -6.68050E-03   7.54057E-03  -1.35290E-04   1.07239E-02   5.50216E-03   8.47646E-03   7.61913E-03   2.30293E-03   5.61016E-03  -4.83026E-03   8.13508E-04  -1.01135E-02  -4.47135E-03  -9.38218E-03  -6.62368E-03  -2.02674E-03  -4.46899E-03   6.17098E-03  -2.23540E-04   9.67023E-03   2.89458E-03   6.51186E-03   3.19942E-03  -8.20961E-04   1.42332E-03  -7.37726E-03  -3.89681E-04  -9.13855E-03  -8.12308E-04  -5.72392E-03  -1.81492E-04  -9.34073E-04
 3.22000E+02   1.43755E-02  -8.55552E-03   6.75967E-03  -1.44333E-02  -2.75076E-03  -1.45999E-02  -9.45847E-03  -8.80598E-03  -1.06216E-02  -1.59454E-05  -6.49969E-03   7.56658E-03   1.59450E-04   1.06690E-02   5.75991E-03   8.36029E-03   7.69009E-03   2.18418E-03   5.42279E-03  -4.88342E-03   4.06662E-04  -1.00588E-02  -4.86635E-03  -9.23538E-03  -6.70022E-03  -1.88325E-03  -4.14904E-03   6.21299E-03   2.86883E-04   9.59210E-03   3.24647E-03   6.38724E-03   3.14287E-03  -8.89358E-04   9.80424E-04  -7.34159E-03  -9.45648E-04  -9.03957E-03  -1.16506E-03  -5.64655E-03  -2.39565E-04  -9.20076E-04
 3.24300E+02   1.43641E-02  -8.51911E-03   6.62163E-03  -1.43859E-02  -2.96557E-03  -1.45218E-02  -9.63322E-03  -8.70371E-03  -1.06428E-02   7.13254E-05  -6.33051E-03   7.58998E-03   4.47924E-04   1.06051E-02   6.01885E-03   8.23367E-03   7.76860E-03   2.06024E-03   5.24593E-03  -4.93150E-03   9.25585E-06  -9.98833E-03  -5.25825E-03  -9.07059E-03  -6.78280E-03  -1.73406E-03  -3.84110E-03   6.24201E-03   7.85921E-04   9.48986E-03   3.59384E-03   6.24430E-03   3.09110E-03  -9.56154E-04   5.49011E-04  -7.28379E-03  -1.48950E-03  -8.91150E-03  -1.51070E-03  -5.55030E-03  -2.96515E-04  -9.02931E-04
 3.26600E+02   1.43682E-02  -8.48938E-03   6.49429E-03  -1.43398E-02  -3.17824E-03  -1.44386E-02  -9.81436E-03  -8.59322E-03  -1.06754E-02   1.64353E-04  -6.17241E-03   7.61218E-03   7.30131E-04   1.05328E-02   6.27845E-03   8.09598E-03   7.85394E-03   1.92975E-03   5.07911E-03  -4.97591E-03  -3.78614E-04  -9.90284E-03  -5.64640E-03  -8.88746E-03  -6.87065E-03  -1.57784E-03  -3.54491E-03   6.25956E-03   1.27318E-03   9.36437E-03   3.93603E-03   6.08294E-03   3.04380E-03  -1.02223E-03   1.29364E-04  -7.20496E-03  -2.02060E-03  -8.75521E-03  -1.84873E-03  -5.43558E-03  -3.52253E-04  -8.82692E-04
 3.29000E+02   1.43876E-02  -8.46737E-03   6.37212E-03  -1.42943E-02  -3.39773E-03  -1.43464E-02  -1.00093E-02  -8.46801E-03  -1.07203E-02   2.69263E-04  -6.01849E-03   7.63546E-03   1.01792E-03   1.04488E-02   6.54934E-03   7.93984E-03   7.94931E-03   1.78525E-03   4.91512E-03  -5.01969E-03  -7.73076E-04  -9.79839E-03  -6.04657E-03  -8.67643E-03  -6.96697E-03  -1.40595E-03  -3.24801E-03   6.26715E-03   1.76860E-03   9.20947E-03   4.28676E-03   5.89475E-03   2.99877E-03  -1.09129E-03  -2.95686E-04  -7.10134E-03  -2.56044E-03  -8.56280E-03  -2.19278E-03  -5.29651E-03  -4.09018E-04  -8.58317E-04
 3.31400E+02   1.44209E-02  -8.45637E-03   6.26004E-03  -1.42526E-02  -3.61458E-03  -1.42486E-02  -1.02093E-02  -8.33153E-03  -1.07752E-02   3.83790E-04  -5.87499E-03   7.66013E-03   1.29888E-03   1.03564E-02   6.81942E-03   7.77031E-03   8.05003E-03   1.63093E-03   4.76069E-03  -5.06215E-03  -1.15692E-03  -9.67901E-03  -6.44077E-03  -8.44462E-03  -7.06687E-03  -1.22371E-03  -2.96308E-03   6.26515E-03   2.25020E-03   9.03079E-03   4.63007E-03   5.68611E-03   2.95763E-03  -1.16127E-03  -7.07288E-04  -6.97681E-03  -3.08476E-03  -8.34110E-03  -2.52729E-03  -5.13796E-03  -4.64237E-04  -8.30655E-04
 3.33800E+02   1.44666E-02  -8.45802E-03   6.15709E-03  -1.42156E-02  -3.82856E-03  -1.41452E-02  -1.04131E-02  -8.18275E-03  -1.08385E-02   5.09398E-04  -5.74093E-03   7.68737E-03   1.57294E-03   1.02560E-02   7.08769E-03   7.58679E-03   8.15479E-03   1.46561E-03   4.61499E-03  -5.10443E-03  -1.52998E-03  -9.54528E-03  -6.82784E-03  -8.19164E-03  -7.16901E-03  -1.02994E-03  -2.68962E-03   6.25480E-03   2.71736E-03   8.82896E-03   4.96486E-03   5.45684E-03   2.91978E-03  -1.23291E-03  -1.10506E-03  -6.83221E-03  -3.59259E-03  -8.09067E-03  -2.85150E-03  -4.96018E-03  -5.17770E-04  -7.99735E-04
 3.36200E+02   1.45228E-02  -8.47374E-03   6.06228E-03  -1.41842E-02  -4.03941E-03  -1.40361E-02  -1.06194E-02  -8.02075E-03  -1.09085E-02   6.47370E-04  -5.61528E-03   7.71819E-03   1.84005E-03   1.01478E-02   7.35307E-03   7.38873E-03   8.26217E-03   1.28824E-03   4.47711E-03  -5.14755E-03  -1.89203E-03  -9.39770E-03  -7.20643E-03  -7.91713E-03  -7.27189E-03  -8.23621E-04  -2.42709E-03   6.23717E-03   3.16935E-03   8.60453E-03   5.28989E-03   5.20677E-03   2.88457E-03  -1.30686E-03  -1.48855E-03  -6.66826E-03  -4.08279E-03  -7.81207E-03  -3.16453E-03  -4.76339E-03  -5.69461E-04  -7.65587E-04
 3.38600E+02   1.45875E-02  -8.50475E-03   5.97453E-03  -1.41593E-02  -4.24681E-03  -1.39213E-02  -1.08267E-02  -7.84478E-03  -1.09836E-02   7.98794E-04  -5.49691E-03   7.75347E-03   2.10006E-03   1.00321E-02   7.61434E-03   7.17570E-03   8.37061E-03   1.09797E-03   4.34611E-03  -5.19236E-03  -2.24276E-03  -9.23673E-03  -7.57505E-03  -7.62085E-03  -7.37390E-03  -6.03885E-04  -2.17496E-03   6.21320E-03   3.60534E-03   8.35802E-03   5.60376E-03   4.93582E-03   2.85127E-03  -1.38367E-03  -1.85722E-03  -6.48566E-03  -4.55407E-03  -7.50580E-03  -3.46541E-03  -4.54785E-03  -6.19132E-04  -7.28245E-04
 3.41000E+02   1.46587E-02  -8.55202E-03   5.89271E-03  -1.41414E-02  -4.45039E-03  -1.38008E-02  -1.10335E-02  -7.65422E-03  -1.10617E-02   9.64544E-04  -5.38466E-03   7.79391E-03   2.35281E-03   9.90912E-03   7.87015E-03   6.94739E-03   8.47842E-03   8.94099E-04   4.22100E-03  -5.23960E-03  -2.58183E-03  -9.06282E-03  -7.93205E-03  -7.30267E-03  -7.47327E-03  -3.70067E-04  -1.93268E-03   6.18374E-03   4.02436E-03   8.08998E-03   5.90495E-03   4.64401E-03   2.81912E-03  -1.46379E-03  -2.21045E-03  -6.28506E-03  -5.00500E-03  -7.17245E-03  -3.75303E-03  -4.31386E-03  -6.66588E-04  -6.87753E-04
 3.43500E+02   1.47373E-02  -8.61933E-03   5.81254E-03  -1.41307E-02  -4.65796E-03  -1.36692E-02  -1.12464E-02  -7.43977E-03  -1.11442E-02   1.15313E-03  -5.27294E-03   7.84216E-03   2.60814E-03   9.77355E-03   8.12926E-03   6.69313E-03   8.58814E-03   6.66744E-04   4.09581E-03  -5.29203E-03  -2.92215E-03  -8.86839E-03  -8.28964E-03  -6.94799E-03  -7.57196E-03  -1.11039E-04  -1.69018E-03   6.14797E-03   4.44165E-03   7.78853E-03   6.20340E-03   4.31805E-03   2.78599E-03  -1.55113E-03  -2.56121E-03  -6.05770E-03  -5.45138E-03  -6.79714E-03  -4.03725E-03  -4.05091E-03  -7.13435E-04  -6.42289E-04
 3.46000E+02   1.48179E-02  -8.70559E-03   5.73619E-03  -1.41285E-02  -4.86045E-03  -1.35314E-02  -1.14549E-02  -7.20881E-03  -1.12255E-02   1.35841E-03  -5.16516E-03   7.89712E-03   2.85506E-03   9.63067E-03   8.37915E-03   6.42211E-03   8.69315E-03   4.23802E-04   3.97469E-03  -5.34824E-03  -3.24877E-03  -8.66094E-03  -8.63050E-03  -6.56987E-03  -7.66355E-03   1.64022E-04  -1.45718E-03   6.10773E-03   4.83802E-03   7.46515E-03   6.48428E-03   3.97002E-03   2.75229E-03  -1.64271E-03  -2.89356E-03  -5.81238E-03  -5.87202E-03  -6.39411E-03  -4.30433E-03  -3.76892E-03  -7.57385E-04  -5.93563E-04
 3.48500E+02   1.48980E-02  -8.81097E-03   5.66231E-03  -1.41350E-02  -5.05731E-03  -1.33878E-02  -1.16568E-02  -6.96138E-03  -1.13032E-02   1.58051E-03  -5.05989E-03   7.95907E-03   3.09325E-03   9.48082E-03   8.61801E-03   6.13456E-03   8.79126E-03   1.65248E-04   3.85645E-03  -5.40858E-03  -3.56107E-03  -8.44111E-03  -8.95238E-03  -6.16887E-03  -7.74575E-03   4.55079E-04  -1.23310E-03   6.06362E-03   5.21205E-03   7.12080E-03   6.74546E-03   3.60059E-03   2.71708E-03  -1.73866E-03  -3.20652E-03  -5.55000E-03  -6.26485E-03  -5.96451E-03  -4.55273E-03  -3.46864E-03  -7.98164E-04  -5.41697E-04
 3.51000E+02   1.49748E-02  -8.93532E-03   5.58953E-03  -1.41503E-02  -5.24798E-03  -1.32384E-02  -1.18501E-02  -6.69780E-03  -1.13748E-02   1.81927E-03  -4.95574E-03   8.02813E-03   3.32234E-03   9.32439E-03   8.84399E-03   5.83098E-03   8.88029E-03  -1.08645E-04   3.73989E-03  -5.47325E-03  -3.85837E-03  -8.20960E-03  -9.25293E-03  -5.74585E-03  -7.81624E-03   7.61783E-04  -1.01738E-03   6.01619E-03   5.56224E-03   6.75659E-03   6.98479E-03   3.21067E-03   2.67937E-03  -1.83898E-03  -3.49907E-03  -5.27159E-03  -6.62772E-03  -5.50974E-03  -4.78084E-03  -3.15099E-03  -8.35488E-04  -4.86851E-04
 3.53500E+02   1.50459E-02  -9.07812E-03   5.51650E-03  -1.41742E-02  -5.43189E-03  -1.30836E-02  -1.20327E-02  -6.41868E-03  -1.14381E-02   2.07415E-03  -4.85131E-03   8.10424E-03   3.54196E-03   9.16186E-03   9.05523E-03   5.51212E-03   8.95804E-03  -3.97300E-04   3.62383E-03  -5.54228E-03  -4.13999E-03  -7.96721E-03  -9.52982E-03  -5.30201E-03  -7.87273E-03   1.08346E-03  -8.09493E-04   5.96590E-03   5.88705E-03   6.37388E-03   7.20008E-03   2.80150E-03   2.63820E-03  -1.94356E-03  -3.77015E-03  -4.97834E-03  -6.95848E-03  -5.03154E-03  -4.98706E-03  -2.81715E-03  -8.69069E-04  -4.29221E-04
 3.56100E+02   1.51108E-02  -9.24527E-03   5.43890E-03  -1.42078E-02  -5.61539E-03  -1.29175E-02  -1.22090E-02  -6.11292E-03  -1.14923E-02   2.35542E-03  -4.74097E-03   8.19058E-03   3.75990E-03   8.98693E-03   9.25736E-03   5.16542E-03   9.02465E-03  -7.12198E-04   3.50245E-03  -5.61857E-03  -4.41548E-03  -7.70461E-03  -9.79021E-03  -4.82001E-03  -7.91419E-03   1.43281E-03  -6.01058E-04   5.91100E-03   6.19633E-03   5.95794E-03   7.39619E-03   2.35722E-03   2.59073E-03  -2.05655E-03  -4.02820E-03  -4.65905E-03  -7.26610E-03  -4.51156E-03  -5.17660E-03  -2.45428E-03  -8.99724E-04  -3.66593E-04
 3.58700E+02   1.51640E-02  -9.43004E-03   5.35825E-03  -1.42498E-02  -5.79038E-03  -1.27466E-02  -1.23693E-02  -5.79274E-03  -1.15324E-02   2.65187E-03  -4.62745E-03   8.28380E-03   3.96680E-03   8.80669E-03   9.43968E-03   4.80480E-03   9.07449E-03  -1.04074E-03   3.37917E-03  -5.69915E-03  -4.67255E-03  -7.43247E-03  -1.00201E-02  -4.31935E-03  -7.93566E-03   1.79577E-03  -4.00004E-04   5.85384E-03   6.47495E-03   5.52577E-03   7.56171E-03   1.89593E-03   2.53751E-03  -2.17341E-03  -4.26080E-03  -4.32688E-03  -7.53440E-03  -3.97113E-03  -5.33905E-03  -2.07727E-03  -9.25727E-04  -3.01537E-04
 3.61300E+02   1.52030E-02  -9.63066E-03   5.27327E-03  -1.42995E-02  -5.95634E-03  -1.25717E-02  -1.25117E-02  -5.45988E-03  -1.15560E-02   2.96178E-03  -4.50943E-03   8.38322E-03   4.16232E-03   8.62194E-03   9.60044E-03   4.43206E-03   9.10548E-03  -1.38123E-03   3.25287E-03  -5.78355E-03  -4.91053E-03  -7.15215E-03  -1.02172E-02  -3.80259E-03  -7.93493E-03   2.17046E-03  -2.05810E-04   5.79478E-03   6.72147E-03   5.07974E-03   7.69457E-03   1.42015E-03   2.47763E-03  -2.29354E-03  -4.46698E-03  -3.98373E-03  -7.76132E-03  -3.41335E-03  -5.47289E-03  -1.68828E-03  -9.46807E-04  -2.34423E-04
 3.63900E+02   1.52257E-02  -9.84501E-03   5.18283E-03  -1.43561E-02  -6.11284E-03  -1.23936E-02  -1.26343E-02  -5.11637E-03  -1.15612E-02   3.28312E-03  -4.38570E-03   8.48801E-03   4.34617E-03   8.43356E-03   9.73813E-03   4.04930E-03   9.11579E-03  -1.73164E-03   3.12252E-03  -5.87117E-03  -5.12891E-03  -6.86515E-03  -1.03797E-02  -3.27268E-03  -7.91006E-03   2.55467E-03  -1.79750E-05   5.73411E-03   6.93466E-03   4.62247E-03   7.79297E-03   9.32719E-04   2.41025E-03  -2.41622E-03  -4.64589E-03  -3.63171E-03  -7.94508E-03  -2.84166E-03  -5.57678E-03  -1.28972E-03  -9.62727E-04  -1.65669E-04
 3.66500E+02   1.52301E-02  -1.00706E-02   5.08594E-03  -1.44185E-02  -6.25954E-03  -1.22132E-02  -1.27359E-02  -4.76452E-03  -1.15462E-02   3.61354E-03  -4.25525E-03   8.59717E-03   4.51821E-03   8.24251E-03   9.85152E-03   3.65884E-03   9.10390E-03  -2.08968E-03   2.98723E-03  -5.96127E-03  -5.32734E-03  -6.57308E-03  -1.05059E-02  -2.73287E-03  -7.85943E-03   2.94590E-03   1.63983E-04   5.67210E-03   7.11361E-03   4.15683E-03   7.85544E-03   4.36801E-04   2.33467E-03  -2.54060E-03  -4.79693E-03  -3.27311E-03  -8.08430E-03  -2.25983E-03  -5.64967E-03  -8.84235E-04  -9.73299E-04  -9.57345E-05
 3.69100E+02   1.52149E-02  -1.03049E-02   4.98180E-03  -1.44854E-02  -6.39624E-03  -1.20316E-02  -1.28154E-02  -4.40685E-03  -1.15097E-02   3.95046E-03  -4.11721E-03   8.70959E-03   4.67837E-03   8.04980E-03   9.93974E-03   3.26325E-03   9.06862E-03  -2.45283E-03   2.84625E-03  -6.05302E-03  -5.50564E-03  -6.27766E-03  -1.05949E-02  -2.18671E-03  -7.78177E-03   3.34141E-03   3.40533E-04   5.60897E-03   7.25771E-03   3.68584E-03   7.88095E-03  -6.42070E-05   2.25032E-03  -2.66575E-03  -4.91974E-03  -2.91032E-03  -8.17805E-03  -1.67187E-03  -5.69083E-03  -4.74654E-04  -9.78391E-04  -2.51094E-05
 3.71800E+02   1.51773E-02  -1.05542E-02   4.86533E-03  -1.45586E-02  -6.52758E-03  -1.18427E-02  -1.28738E-02  -4.03212E-03  -1.14480E-02   4.30429E-03  -3.96512E-03   8.82851E-03   4.83222E-03   7.84905E-03   1.00042E-02   2.84986E-03   9.00641E-03  -2.83251E-03   2.69319E-03  -6.14906E-03  -5.66954E-03  -5.96923E-03  -1.06471E-02  -1.61677E-03  -7.67162E-03   3.75352E-03   5.18640E-04   5.54243E-03   7.37025E-03   3.19449E-03   7.86767E-03  -5.86048E-04   2.15297E-03  -2.79545E-03  -5.01730E-03  -2.53182E-03  -8.22679E-03  -1.05929E-03  -5.69959E-03  -4.81573E-05  -9.77804E-04   4.84118E-05
 3.74500E+02   1.51169E-02  -1.08065E-02   4.73994E-03  -1.46339E-02  -6.64820E-03  -1.16547E-02  -1.29073E-02  -3.65707E-03  -1.13618E-02   4.65902E-03  -3.80362E-03   8.94825E-03   4.97361E-03   7.64882E-03   1.00408E-02   2.43688E-03   8.91773E-03  -3.21174E-03   2.53286E-03  -6.24479E-03  -5.81211E-03  -5.66109E-03  -1.06584E-02  -1.04821E-03  -7.53096E-03   4.16373E-03   6.91908E-04   5.47507E-03   7.44522E-03   2.70439E-03   7.81377E-03  -1.10544E-03   2.04540E-03  -2.92368E-03  -5.08459E-03  -2.15430E-03  -8.22613E-03  -4.49396E-04  -5.67375E-03   3.76186E-04  -9.71230E-04   1.21536E-04
 3.77200E+02   1.50337E-02  -1.10583E-02   4.60544E-03  -1.47101E-02  -6.75842E-03  -1.14687E-02  -1.29163E-02  -3.28475E-03  -1.12509E-02   5.01146E-03  -3.63246E-03   9.06736E-03   5.10297E-03   7.45028E-03   1.00499E-02   2.02736E-03   8.80266E-03  -3.58743E-03   2.36498E-03  -6.33909E-03  -5.93393E-03  -5.35521E-03  -1.06292E-02  -4.85251E-04  -7.35984E-03   4.56863E-03   8.60831E-04   5.40700E-03   7.48335E-03   2.21910E-03   7.71970E-03  -1.61830E-03   1.92749E-03  -3.04926E-03  -5.12224E-03  -1.78057E-03  -8.17683E-03   1.53067E-04  -5.61378E-03   7.95008E-04  -9.58744E-04   1.93677E-04
 3.79900E+02   1.49281E-02  -1.13066E-02   4.46185E-03  -1.47856E-02  -6.85873E-03  -1.12859E-02  -1.29013E-02  -2.91813E-03  -1.11159E-02   5.35852E-03  -3.45160E-03   9.18445E-03   5.22089E-03   7.25452E-03   1.00324E-02   1.62426E-03   8.66175E-03  -3.95656E-03   2.18941E-03  -6.43085E-03  -6.03586E-03  -5.05346E-03  -1.05608E-02   6.80143E-05  -7.15884E-03   4.96493E-03   1.02589E-03   5.33833E-03   7.48581E-03   1.74206E-03   7.58649E-03  -2.12067E-03   1.79930E-03  -3.17099E-03  -5.13124E-03  -1.41330E-03  -8.08026E-03   7.43498E-04  -5.52059E-03   1.20504E-03  -9.40503E-04   2.64267E-04
 3.82700E+02   1.47961E-02  -1.15570E-02   4.30362E-03  -1.48618E-02  -6.95296E-03  -1.11008E-02  -1.28619E-02  -2.54692E-03  -1.09514E-02   5.70964E-03  -3.25397E-03   9.30230E-03   5.33191E-03   7.05553E-03   9.98754E-03   1.21598E-03   8.48940E-03  -4.32938E-03   1.99931E-03  -6.52219E-03  -6.12175E-03  -4.74675E-03  -1.04501E-02   6.27419E-04  -6.91991E-03   5.36344E-03   1.19349E-03   5.26653E-03   7.45246E-03   1.25950E-03   7.40865E-03  -2.62654E-03   1.65576E-03  -3.29192E-03  -5.11170E-03  -1.04196E-03  -7.93231E-03   1.33845E-03  -5.39030E-03   1.61767E-03  -9.15748E-04   3.35255E-04
 3.85400E+02   1.46486E-02  -1.17889E-02   4.14253E-03  -1.49319E-02  -7.03523E-03  -1.09275E-02  -1.28024E-02  -2.20024E-03  -1.07707E-02   6.03699E-03  -3.05411E-03   9.41117E-03   5.42900E-03   6.86843E-03   9.92009E-03   8.34270E-04   8.29934E-03  -4.67659E-03   1.80848E-03  -6.60552E-03  -6.18684E-03  -4.45858E-03  -1.03075E-02   1.14939E-03  -6.66163E-03   5.73271E-03   1.35213E-03   5.19672E-03   7.38777E-03   8.08914E-04   7.20097E-03  -3.09623E-03   1.50753E-03  -3.40231E-03  -5.06671E-03  -6.95412E-04  -7.74612E-03   1.89131E-03  -5.23398E-03   2.00050E-03  -8.86552E-04   4.01062E-04
 3.88200E+02   1.44767E-02  -1.20168E-02   3.96730E-03  -1.49999E-02  -7.11263E-03  -1.07539E-02  -1.27205E-02  -1.85475E-03  -1.05623E-02   6.36230E-03  -2.83779E-03   9.51793E-03   5.52045E-03   6.68018E-03   9.82723E-03   4.53211E-04   8.07939E-03  -5.02141E-03   1.60317E-03  -6.68602E-03  -6.23761E-03  -4.16905E-03  -1.01251E-02   1.66928E-03  -6.36681E-03   6.09727E-03   1.51406E-03   5.12370E-03   7.28952E-03   3.59695E-04   6.95068E-03  -3.56122E-03   1.34418E-03  -3.50926E-03  -4.99495E-03  -3.50179E-04  -7.51106E-03   2.43923E-03  -5.04224E-03   2.37915E-03  -8.51129E-04   4.66082E-04
 3.91000E+02   1.42877E-02  -1.22297E-02   3.78461E-03  -1.50622E-02  -7.18309E-03  -1.05874E-02  -1.26204E-02  -1.52554E-03  -1.03348E-02   6.67102E-03  -2.61302E-03   9.61734E-03   5.60367E-03   6.49844E-03   9.71349E-03   8.92104E-05   7.83836E-03  -5.34855E-03   1.39083E-03  -6.75960E-03  -6.27315E-03  -3.89018E-03  -9.91100E-03   2.16449E-03  -6.04686E-03   6.44066E-03   1.67382E-03   5.04994E-03   7.16244E-03  -6.87640E-05   6.66787E-03  -4.00080E-03   1.17172E-03  -3.60759E-03  -4.89991E-03  -2.12220E-05  -7.23691E-03   2.95792E-03  -4.82286E-03   2.73671E-03  -8.10899E-04   5.27400E-04
 3.93800E+02   1.40844E-02  -1.24258E-02   3.59540E-03  -1.51178E-02  -7.24782E-03  -1.04284E-02  -1.25048E-02  -1.21416E-03  -1.00906E-02   6.96141E-03  -2.38068E-03   9.70847E-03   5.67996E-03   6.32368E-03   9.58154E-03  -2.56154E-04   7.57869E-03  -5.65626E-03   1.17208E-03  -6.82546E-03  -6.29543E-03  -3.62285E-03  -9.66873E-03   2.63274E-03  -5.70433E-03   6.76081E-03   1.83187E-03   4.97528E-03   7.00966E-03  -4.74542E-04   6.35582E-03  -4.41258E-03   9.90955E-04  -3.69646E-03  -4.78403E-03   2.89935E-04  -6.92760E-03   3.44462E-03  -4.57856E-03   3.07117E-03  -7.66334E-04   5.84664E-04
 3.96700E+02   1.38615E-02  -1.26099E-02   3.39366E-03  -1.51677E-02  -7.31014E-03  -1.02719E-02  -1.23716E-02  -9.11618E-04  -9.82297E-03   7.24148E-03  -2.13307E-03   9.79336E-03   5.75302E-03   6.15029E-03   9.42862E-03  -5.93018E-04   7.29284E-03  -5.95308E-03   9.39487E-04  -6.88484E-03  -6.30666E-03  -3.35876E-03  -9.39209E-03   3.08747E-03  -5.32867E-03   7.06618E-03   1.99423E-03   4.89681E-03   6.82778E-03  -8.69387E-04   6.00548E-03  -4.80776E-03   7.95883E-04  -3.77776E-03  -4.64474E-03   5.92223E-04  -6.57453E-03   3.91269E-03  -4.30231E-03   3.39155E-03  -7.16132E-04   6.39403E-04
 3.99500E+02   1.36374E-02  -1.27685E-02   3.19439E-03  -1.52079E-02  -7.36704E-03  -1.01287E-02  -1.22330E-02  -6.39405E-04  -9.55310E-03   7.49109E-03  -1.88830E-03   9.86559E-03   5.81914E-03   5.99029E-03   9.26816E-03  -8.97464E-04   7.00321E-03  -6.21763E-03   7.09834E-04  -6.93310E-03  -6.30809E-03  -3.11641E-03  -9.10406E-03   3.49617E-03  -4.94862E-03   7.33450E-03   2.15010E-03   4.81965E-03   6.63267E-03  -1.22511E-03   5.64461E-03  -5.15771E-03   6.00872E-04  -3.84532E-03  -4.49424E-03   8.64004E-04  -6.20631E-03   4.32828E-03  -4.01614E-03   3.67459E-03  -6.64270E-04   6.87633E-04
 4.02400E+02   1.33989E-02  -1.29126E-02   2.98450E-03  -1.52409E-02  -7.42388E-03  -9.98867E-03  -1.20819E-02  -3.78269E-04  -9.26457E-03   7.72765E-03  -1.62995E-03   9.92991E-03   5.88440E-03   5.83214E-03   9.09166E-03  -1.19098E-03   6.69188E-03  -6.46830E-03   4.67506E-04  -6.97326E-03  -6.30193E-03  -2.87849E-03  -8.78802E-03   3.88746E-03  -4.54000E-03   7.58412E-03   2.31101E-03   4.73800E-03   6.41384E-03  -1.56661E-03   5.25114E-03  -5.48651E-03   3.92955E-04  -3.90349E-03  -4.32447E-03   1.12424E-03  -5.80101E-03   4.72004E-03  -3.70267E-03   3.93970E-03  -6.07572E-04   7.32654E-04
 4.05300E+02   1.31568E-02  -1.30361E-02   2.77215E-03  -1.52652E-02  -7.47984E-03  -9.85664E-03  -1.19260E-02  -1.38044E-04  -8.96964E-03   7.94188E-03  -1.36775E-03   9.98331E-03   5.94764E-03   5.68133E-03   8.90754E-03  -1.46249E-03   6.37171E-03  -6.69510E-03   2.21420E-04  -7.00310E-03  -6.28998E-03  -2.65357E-03  -8.45786E-03   4.24612E-03  -4.11903E-03   7.80453E-03   2.47172E-03   4.65418E-03   6.18128E-03  -1.88067E-03   4.84125E-03  -5.78064E-03   1.79958E-04  -3.94929E-03  -4.14315E-03   1.36275E-03  -5.37566E-03   5.07195E-03  -3.37484E-03   4.17586E-03  -5.48360E-04   7.72576E-04
 4.08300E+02   1.29056E-02  -1.31431E-02   2.55102E-03  -1.52812E-02  -7.53805E-03  -9.72803E-03  -1.17626E-02   8.91517E-05  -8.66061E-03   8.14042E-03  -1.09352E-03   1.00270E-02   6.01223E-03   5.53253E-03   8.71192E-03  -1.72080E-03   6.03393E-03  -6.90489E-03  -3.62869E-05  -7.02289E-03  -6.27352E-03  -2.43398E-03  -8.10534E-03   4.58330E-03  -3.67349E-03   8.00175E-03   2.63808E-03   4.56473E-03   5.92961E-03  -2.17704E-03   4.40364E-03  -6.04844E-03  -4.47282E-05  -3.98340E-03  -3.94605E-03   1.58684E-03  -4.91890E-03   5.39410E-03  -3.02365E-03   4.38962E-03  -4.84991E-04   8.08490E-04
 4.11200E+02   1.26645E-02  -1.32271E-02   2.33685E-03  -1.52878E-02  -7.59572E-03  -9.61078E-03  -1.16051E-02   2.89191E-04  -8.36053E-03   8.31081E-03  -8.26524E-04   1.00580E-02   6.07497E-03   5.39499E-03   8.52037E-03  -1.94959E-03   5.70350E-03  -7.08424E-03  -2.87686E-04  -7.03117E-03  -6.25539E-03  -2.23355E-03  -7.75743E-03   4.87743E-03  -3.23575E-03   8.16288E-03   2.79924E-03   4.47514E-03   5.67858E-03  -2.43669E-03   3.97079E-03  -6.27242E-03  -2.65204E-04  -4.00337E-03  -3.74864E-03   1.78204E-03  -4.46506E-03   5.66545E-03  -2.67526E-03   4.56697E-03  -4.22167E-04   8.38031E-04
 4.14200E+02   1.24192E-02  -1.32953E-02   2.11579E-03  -1.52860E-02  -7.65782E-03  -9.49602E-03  -1.14449E-02   4.77232E-04  -8.05101E-03   8.46587E-03  -5.49264E-04   1.00787E-02   6.14117E-03   5.25841E-03   8.32203E-03  -2.16587E-03   5.35988E-03  -7.24639E-03  -5.49388E-04  -7.02845E-03  -6.23594E-03  -2.03742E-03  -7.39339E-03   5.15007E-03  -2.77814E-03   8.29954E-03   2.96651E-03   4.37867E-03   5.41366E-03  -2.67859E-03   3.51601E-03  -6.46875E-03  -4.95770E-04  -4.01050E-03  -3.53949E-03   1.96256E-03  -3.98658E-03   5.90556E-03  -2.30828E-03   4.72062E-03  -3.56014E-04   8.63315E-04
 4.17200E+02   1.21801E-02  -1.33459E-02   1.89607E-03  -1.52758E-02  -7.72325E-03  -9.38700E-03  -1.12896E-02   6.47675E-04  -7.74444E-03   8.60069E-03  -2.71760E-04   1.00881E-02   6.20956E-03   5.12668E-03   8.12556E-03  -2.36290E-03   5.01649E-03  -7.38582E-03  -8.12070E-04  -7.01424E-03  -6.21716E-03  -1.85149E-03  -7.02802E-03   5.39217E-03  -2.31799E-03   8.40640E-03   3.13445E-03   4.27775E-03   5.14593E-03  -2.89462E-03   3.05696E-03  -6.63005E-03  -7.28006E-04  -4.00382E-03  -3.32731E-03   2.12221E-03  -3.50232E-03   6.10551E-03  -1.93701E-03   4.84463E-03  -2.89098E-04   8.83342E-04
 4.20200E+02   1.19491E-02  -1.33808E-02   1.67839E-03  -1.52576E-02  -7.79272E-03  -9.28275E-03  -1.11408E-02   8.02327E-04  -7.44254E-03   8.71676E-03   5.24807E-06   1.00864E-02   6.28085E-03   4.99878E-03   7.93271E-03  -2.54234E-03   4.67508E-03  -7.50379E-03  -1.07510E-03  -6.98857E-03  -6.20020E-03  -1.67440E-03  -6.66383E-03   5.60555E-03  -1.85735E-03   8.48434E-03   3.30310E-03   4.17175E-03   4.87756E-03  -3.08629E-03   2.59624E-03  -6.75748E-03  -9.61099E-04  -3.98333E-03  -3.11383E-03   2.26205E-03  -3.01532E-03   6.26664E-03  -1.56364E-03   4.93985E-03  -2.21800E-04   8.98247E-04
 4.23200E+02   1.17274E-02  -1.34018E-02   1.46334E-03  -1.52321E-02  -7.86677E-03  -9.18221E-03  -1.09999E-02   9.43105E-04  -7.14674E-03   8.81568E-03   2.81118E-04   1.00740E-02   6.35556E-03   4.87361E-03   7.74492E-03  -2.70593E-03   4.33713E-03  -7.60161E-03  -1.33790E-03  -6.95148E-03  -6.18598E-03  -1.50475E-03  -6.30294E-03   5.79215E-03  -1.39807E-03   8.53429E-03   3.47240E-03   4.06001E-03   4.61039E-03  -3.25516E-03   2.13609E-03  -6.85225E-03  -1.19429E-03  -3.94904E-03  -2.90054E-03   2.38321E-03  -2.52827E-03   6.39040E-03  -1.19011E-03   5.00718E-03  -1.54461E-04   9.08177E-04
 4.26300E+02   1.15094E-02  -1.34108E-02   1.24440E-03  -1.51985E-02  -7.94851E-03  -9.08111E-03  -1.08638E-02   1.07610E-03  -6.84866E-03   8.90164E-03   5.64400E-04   1.00503E-02   6.43674E-03   4.74598E-03   7.55735E-03  -2.86026E-03   3.99287E-03  -7.68297E-03  -1.60863E-03  -6.90119E-03  -6.17485E-03  -1.33571E-03  -5.93532E-03   5.95899E-03  -9.26565E-04   8.55757E-03   3.64790E-03   3.93781E-03   4.33719E-03  -3.40746E-03   1.66331E-03  -6.91725E-03  -1.43457E-03  -3.89913E-03  -2.68167E-03   2.49002E-03  -2.02740E-03   6.48061E-03  -8.05755E-04   5.04845E-03  -8.51545E-05   9.13374E-04
 4.29400E+02   1.13033E-02  -1.34091E-02   1.02918E-03  -1.51582E-02  -8.03580E-03  -8.98166E-03  -1.07380E-02   1.19858E-03  -6.55921E-03   8.97287E-03   8.45347E-04   1.00158E-02   6.52218E-03   4.61886E-03   7.37726E-03  -3.00162E-03   3.65469E-03  -7.74579E-03  -1.87798E-03  -6.83880E-03  -6.16784E-03  -1.17145E-03  -5.57457E-03   6.10160E-03  -4.59732E-04   8.55310E-03   3.82369E-03   3.80802E-03   4.06827E-03  -3.53899E-03   1.19515E-03  -6.95017E-03  -1.67341E-03  -3.83452E-03  -2.46549E-03   2.57941E-03  -1.53120E-03   6.53418E-03  -4.24722E-04   5.06199E-03  -1.64253E-05   9.13592E-04
 4.32500E+02   1.11098E-02  -1.33987E-02   8.17987E-04  -1.51118E-02  -8.12873E-03  -8.88268E-03  -1.06231E-02   1.31271E-03  -6.27905E-03   9.03117E-03   1.12350E-03   9.97094E-03   6.61193E-03   4.49101E-03   7.20524E-03  -3.13200E-03   3.32343E-03  -7.79153E-03  -2.14539E-03  -6.76434E-03  -6.16518E-03  -1.01036E-03  -5.22187E-03   6.22218E-03   1.08516E-06   8.52195E-03   3.99943E-03   3.66989E-03   3.80469E-03  -3.65152E-03   7.33280E-04  -6.95238E-03  -1.91004E-03  -3.75520E-03  -2.25293E-03   2.65267E-03  -1.04164E-03   6.55273E-03  -4.84960E-05   5.04880E-03   5.14586E-05   9.08993E-04
 4.35600E+02   1.09290E-02  -1.33817E-02   6.11039E-04  -1.50599E-02  -8.22724E-03  -8.78304E-03  -1.05193E-02   1.42058E-03  -6.00855E-03   9.07826E-03   1.39846E-03   9.91604E-03   6.70586E-03   4.36126E-03   7.04161E-03  -3.25329E-03   2.99973E-03  -7.82162E-03  -2.41033E-03  -6.67782E-03  -6.16687E-03  -8.50911E-04  -4.87807E-03   6.32281E-03   4.54685E-04   8.46509E-03   4.17462E-03   3.52269E-03   3.54725E-03  -3.74676E-03   2.79150E-04  -6.92519E-03  -2.14369E-03  -3.66118E-03  -2.04473E-03   2.71099E-03  -5.60444E-04   6.53781E-03   3.21575E-04   5.00985E-03   1.18252E-04   8.99736E-04
 4.38700E+02   1.07610E-02  -1.33600E-02   4.08477E-04  -1.50031E-02  -8.33109E-03  -8.68162E-03  -1.04263E-02   1.52420E-03  -5.74791E-03   9.11579E-03   1.66986E-03   9.85139E-03   6.80367E-03   4.22844E-03   6.88643E-03  -3.36733E-03   2.68404E-03  -7.83740E-03  -2.67224E-03  -6.57924E-03  -6.17271E-03  -6.91613E-04  -4.54373E-03   6.40548E-03   8.99974E-04   8.38347E-03   4.34866E-03   3.36571E-03   3.29654E-03  -3.82634E-03  -1.65925E-04  -6.86985E-03  -2.37357E-03  -3.55244E-03  -1.84147E-03   2.75555E-03  -8.91537E-05   6.49088E-03   6.84249E-04   4.94606E-03   1.83725E-04   8.85966E-04
 4.41900E+02   1.06005E-02  -1.33345E-02   2.04064E-04  -1.49397E-02  -8.44352E-03  -8.57398E-03  -1.03415E-02   1.62870E-03  -5.48916E-03   9.14613E-03   1.94592E-03   9.77474E-03   6.90826E-03   4.08699E-03   6.73494E-03  -3.47924E-03   2.36688E-03  -7.83999E-03  -2.93883E-03  -6.46484E-03  -6.18266E-03  -5.25865E-04  -4.20891E-03   6.47397E-03   1.34983E-03   8.27416E-03   4.52638E-03   3.19271E-03   3.04521E-03  -3.89368E-03  -6.14589E-04  -6.78440E-03  -2.60603E-03  -3.42474E-03  -1.63732E-03   2.78825E-03   3.85447E-04   6.41031E-03   1.04962E-03   4.85505E-03   2.49694E-04   8.67164E-04
 4.45100E+02   1.04528E-02  -1.33078E-02   4.44269E-06  -1.48721E-02  -8.56073E-03  -8.46226E-03  -1.02674E-02   1.73259E-03  -5.24068E-03   9.16948E-03   2.21744E-03   9.68827E-03   7.01589E-03   3.94001E-03   6.59189E-03  -3.58698E-03   2.05877E-03  -7.82993E-03  -3.20091E-03  -6.33759E-03  -6.19596E-03  -3.57387E-04  -3.88473E-03   6.52719E-03   1.78867E-03   8.14027E-03   4.70119E-03   3.00789E-03   2.80171E-03  -3.94749E-03  -1.05108E-03  -6.67137E-03  -2.83264E-03  -3.28133E-03  -1.43929E-03   2.80853E-03   8.46527E-04   6.29850E-03   1.40463E-03   4.73935E-03   3.13789E-04   8.43844E-04
 4.48300E+02   1.03170E-02  -1.32815E-02  -1.90395E-04  -1.48006E-02  -8.68205E-03  -8.34551E-03  -1.02031E-02   1.83762E-03  -5.00212E-03   9.18726E-03   2.48407E-03   9.59225E-03   7.12576E-03   3.78651E-03   6.45671E-03  -3.69212E-03   1.75981E-03  -7.80839E-03  -3.45778E-03  -6.19750E-03  -6.21178E-03  -1.84903E-04  -3.57118E-03   6.56690E-03   2.21544E-03   7.98263E-03   4.87206E-03   2.81069E-03   2.56616E-03  -3.98921E-03  -1.47420E-03  -6.53187E-03  -3.05236E-03  -3.12224E-03  -1.24768E-03   2.81743E-03   1.29269E-03   6.15680E-03   1.74803E-03   4.59981E-03   3.75774E-04   8.16145E-04
 4.51500E+02   1.01924E-02  -1.32570E-02  -3.80487E-04  -1.47258E-02  -8.80668E-03  -8.22286E-03  -1.01476E-02   1.94534E-03  -4.77298E-03   9.20076E-03   2.74543E-03   9.48691E-03   7.23695E-03   3.62561E-03   6.32864E-03  -3.79608E-03   1.47001E-03  -7.77642E-03  -3.70867E-03  -6.04460E-03  -6.22913E-03  -7.29093E-06  -3.26810E-03   6.59465E-03   2.62906E-03   7.80206E-03   5.03780E-03   2.60061E-03   2.33854E-03  -4.02012E-03  -1.88277E-03  -6.36698E-03  -3.26409E-03  -2.94754E-03  -1.06269E-03   2.81588E-03   1.72256E-03   5.98647E-03   2.07860E-03   4.43726E-03   4.35411E-04   7.84204E-04
 4.54800E+02   1.00744E-02  -1.32352E-02  -5.71611E-04  -1.46455E-02  -8.93773E-03  -8.08943E-03  -1.00985E-02   2.06069E-03  -4.54594E-03   9.21138E-03   3.00899E-03   9.36879E-03   7.35189E-03   3.45114E-03   6.20309E-03  -3.90337E-03   1.18070E-03  -7.73354E-03  -3.96024E-03  -5.87361E-03  -6.24742E-03   1.82248E-04  -2.96625E-03   6.61224E-03   3.04069E-03   7.59267E-03   5.20196E-03   2.37011E-03   2.11200E-03  -4.04192E-03  -2.28759E-03  -6.17145E-03  -3.47283E-03  -2.75119E-03  -8.79009E-04   2.80424E-03   2.14735E-03   5.78217E-03   2.40471E-03   4.24642E-03   4.94192E-04   7.46970E-04
 4.58100E+02   9.96586E-03  -1.32180E-02  -7.57832E-04  -1.45624E-02  -9.07024E-03  -7.94827E-03  -1.00560E-02   2.18161E-03  -4.32756E-03   9.21973E-03   3.26606E-03   9.24131E-03   7.46585E-03   3.26736E-03   6.08308E-03  -4.01186E-03   9.00983E-04  -7.68156E-03  -4.20359E-03  -5.68925E-03  -6.26474E-03   3.79091E-04  -2.67488E-03   6.62001E-03   3.43593E-03   7.36066E-03   5.35774E-03   2.12531E-03   1.89359E-03  -4.05461E-03  -2.67433E-03  -5.95119E-03  -3.67045E-03  -2.53867E-03  -7.02652E-04   2.78327E-03   2.55182E-03   5.55014E-03   2.71441E-03   4.03295E-03   5.49938E-04   7.05540E-04
 4.61400E+02   9.86539E-03  -1.32064E-02  -9.39237E-04  -1.44768E-02  -9.20305E-03  -7.79892E-03  -1.00188E-02   2.30910E-03  -4.11703E-03   9.22673E-03   3.51614E-03   9.10477E-03   7.57746E-03   3.07382E-03   5.96741E-03  -4.12251E-03   6.30723E-04  -7.62133E-03  -4.43768E-03  -5.49179E-03  -6.27960E-03   5.83852E-04  -2.39353E-03   6.61917E-03   3.81352E-03   7.10697E-03   5.50348E-03   1.86619E-03   1.68305E-03  -4.05922E-03  -3.04161E-03  -5.70742E-03  -3.85553E-03  -2.31035E-03  -5.33707E-04   2.75377E-03   2.93443E-03   5.29181E-03   3.00624E-03   3.79788E-03   6.02362E-04   6.60093E-04
 4.64700E+02   9.77156E-03  -1.32012E-02  -1.11592E-03  -1.43889E-02  -9.33490E-03  -7.64105E-03  -9.98500E-03   2.44390E-03  -3.91351E-03   9.23314E-03   3.75871E-03   8.95955E-03   7.68529E-03   2.87027E-03   5.85481E-03  -4.23604E-03   3.69771E-04  -7.55366E-03  -4.66146E-03  -5.28159E-03  -6.29040E-03   7.96909E-04  -2.12171E-03   6.61081E-03   4.17213E-03   6.83268E-03   5.63744E-03   1.59293E-03   1.48010E-03  -4.05666E-03  -3.38806E-03  -5.44143E-03  -4.02657E-03  -2.06681E-03  -3.72240E-04   2.71648E-03   3.29360E-03   5.00868E-03   3.27869E-03   3.54235E-03   6.51170E-04   6.10835E-04
 4.68100E+02   9.68026E-03  -1.32031E-02  -1.29312E-03  -1.42965E-02  -9.46841E-03  -7.46937E-03  -9.95211E-03   2.59093E-03  -3.71022E-03   9.23977E-03   4.00025E-03   8.80127E-03   7.79087E-03   2.65003E-03   5.74063E-03  -4.35656E-03   1.10469E-04  -7.47691E-03  -4.88005E-03  -5.05225E-03  -6.29557E-03   1.02523E-03  -1.85105E-03   6.59529E-03   4.52035E-03   6.52978E-03   5.76128E-03   1.29706E-03   1.27857E-03  -4.04737E-03  -3.72174E-03  -5.14561E-03  -4.18649E-03  -1.80073E-03  -2.13753E-04   2.67067E-03   3.63746E-03   4.69278E-03   3.53754E-03   3.25903E-03   6.97362E-04   5.56342E-04
 4.71500E+02   9.59280E-03  -1.32127E-02  -1.46552E-03  -1.42023E-02  -9.59813E-03  -7.28862E-03  -9.91929E-03   2.74647E-03  -3.51244E-03   9.24692E-03   4.23269E-03   8.63472E-03   7.88923E-03   2.41935E-03   5.62687E-03  -4.48099E-03  -1.39324E-04  -7.39377E-03  -5.08532E-03  -4.81065E-03  -6.29289E-03   1.26235E-03  -1.58931E-03   6.57365E-03   4.84557E-03   6.20772E-03   5.86878E-03   9.87396E-04   1.08437E-03  -4.03208E-03  -4.03029E-03  -4.82939E-03  -4.32823E-03  -1.52028E-03  -6.32897E-05   2.61806E-03   3.95305E-03   4.35425E-03   3.77260E-03   2.95692E-03   7.39080E-04   4.98341E-04
 4.74900E+02   9.50757E-03  -1.32299E-02  -1.63322E-03  -1.41067E-02  -9.72270E-03  -7.09911E-03  -9.88470E-03   2.91044E-03  -3.31922E-03   9.25493E-03   4.45549E-03   8.46052E-03   7.97875E-03   2.17868E-03   5.51210E-03  -4.60941E-03  -3.79810E-04  -7.30493E-03  -5.27607E-03  -4.55768E-03  -6.28060E-03   1.50783E-03  -1.33588E-03   6.54664E-03   5.14636E-03   5.86815E-03   5.95802E-03   6.64978E-04   8.97104E-04  -4.01148E-03  -4.31226E-03  -4.49463E-03  -4.45015E-03  -1.22672E-03   7.91282E-05   2.55936E-03   4.23872E-03   3.99525E-03   3.98227E-03   2.63781E-03   7.76010E-04   4.37164E-04
 4.78300E+02   9.42302E-03  -1.32548E-02  -1.79635E-03  -1.40099E-02  -9.84077E-03  -6.90139E-03  -9.84657E-03   3.08248E-03  -3.12960E-03   9.26399E-03   4.66813E-03   8.27938E-03   8.05791E-03   1.92876E-03   5.39493E-03  -4.74166E-03  -6.11202E-04  -7.21104E-03  -5.45119E-03  -4.29443E-03  -6.25696E-03   1.76094E-03  -1.09014E-03   6.51488E-03   5.42142E-03   5.51291E-03   6.02717E-03   3.31163E-04   7.16376E-04  -3.98614E-03  -4.56627E-03  -4.14341E-03  -4.55070E-03  -9.21566E-04   2.13500E-04   2.49525E-03   4.49292E-03   3.61816E-03   4.16507E-03   2.30368E-03   8.07857E-04   3.73186E-04
 4.81700E+02   9.33770E-03  -1.32868E-02  -1.95501E-03  -1.39121E-02  -9.95113E-03  -6.69619E-03  -9.80325E-03   3.26196E-03  -2.94268E-03   9.27415E-03   4.87014E-03   8.09208E-03   8.12527E-03   1.67057E-03   5.27404E-03  -4.87737E-03  -8.33730E-04  -7.11272E-03  -5.60968E-03  -4.02214E-03  -6.22040E-03   2.02069E-03  -8.51482E-04   6.47892E-03   5.66954E-03   5.14406E-03   6.07454E-03  -1.24067E-05   5.41793E-04  -3.95657E-03  -4.79109E-03  -3.77800E-03  -4.62848E-03  -6.06551E-04   3.39847E-04   2.42639E-03   4.71426E-03   3.22558E-03   4.31964E-03   1.95676E-03   8.34355E-04   3.06828E-04
 4.85200E+02   9.24765E-03  -1.33266E-02  -2.11383E-03  -1.38109E-02  -1.00555E-02  -6.47817E-03  -9.75163E-03   3.45355E-03  -2.75221E-03   9.28569E-03   5.06660E-03   7.89378E-03   8.18095E-03   1.39741E-03   5.14446E-03  -5.02007E-03  -1.05380E-03  -7.00751E-03  -5.75450E-03  -3.73393E-03  -6.16774E-03   2.29368E-03  -6.12582E-04   6.43796E-03   5.89578E-03   4.75249E-03   6.09896E-03  -3.74245E-04   3.68082E-04  -3.92219E-03  -4.99093E-03  -3.38961E-03  -4.68343E-03  -2.74058E-04   4.61581E-04   2.35123E-03   4.90654E-03   2.80821E-03   4.44806E-03   1.58884E-03   8.55800E-04   2.36518E-04
 4.88700E+02   9.15409E-03  -1.33724E-02  -2.26823E-03  -1.37092E-02  -1.01496E-02  -6.25446E-03  -9.69149E-03   3.65087E-03  -2.56286E-03   9.29811E-03   5.25110E-03   7.69092E-03   8.22161E-03   1.11830E-03   5.00852E-03  -5.16500E-03  -1.26503E-03  -6.89885E-03  -5.87998E-03  -3.43938E-03  -6.09851E-03   2.57075E-03  -3.79934E-04   6.39338E-03   6.09156E-03   4.35150E-03   6.09735E-03  -7.42026E-04   2.00049E-04  -3.88422E-03  -5.15785E-03  -2.99167E-03  -4.71182E-03   6.44148E-05   5.74957E-04   2.27244E-03   5.06177E-03   2.38066E-03   4.54433E-03   1.21279E-03   8.71132E-04   1.64718E-04
 4.92300E+02   9.05308E-03  -1.34247E-02  -2.42262E-03  -1.36044E-02  -1.02348E-02  -6.01987E-03  -9.61951E-03   3.85832E-03  -2.36850E-03   9.31147E-03   5.42821E-03   7.47868E-03   8.24681E-03   8.26802E-04   4.86105E-03  -5.31536E-03  -1.47342E-03  -6.78412E-03  -5.98830E-03  -3.13174E-03  -6.00888E-03   2.85807E-03  -1.46532E-04   6.34404E-03   6.26059E-03   3.93215E-03   6.06744E-03  -1.12379E-03   3.27052E-05  -3.84177E-03  -5.29460E-03  -2.57557E-03  -4.71244E-03   4.16099E-04   6.82995E-04   2.18832E-03   5.18208E-03   1.93389E-03   4.60910E-03   8.20683E-04   8.80375E-04   8.99199E-05
 4.95800E+02   8.94936E-03  -1.34794E-02  -2.56864E-03  -1.35026E-02  -1.03057E-02  -5.78897E-03  -9.53878E-03   4.06275E-03  -2.17927E-03   9.32462E-03   5.58808E-03   7.27001E-03   8.25451E-03   5.41022E-04   4.70946E-03  -5.46163E-03  -1.66776E-03  -6.67026E-03  -6.07314E-03  -2.83011E-03  -5.90305E-03   3.13764E-03   7.52419E-05   6.29291E-03   6.39326E-03   3.52068E-03   6.01019E-03  -1.49551E-03  -1.25065E-04  -3.79750E-03  -5.39337E-03  -2.16763E-03  -4.68476E-03   7.58697E-04   7.79883E-04   2.10423E-03   5.26054E-03   1.49633E-03   4.63843E-03   4.37522E-04   8.82946E-04   1.68946E-05
 4.99400E+02   8.83637E-03  -1.35383E-02  -2.71488E-03  -1.33983E-02  -1.03663E-02  -5.55022E-03  -9.44408E-03   4.27408E-03  -1.98379E-03   9.33780E-03   5.74001E-03   7.05422E-03   8.24482E-03   2.46678E-04   4.54451E-03  -5.61088E-03  -1.85959E-03  -6.55131E-03  -6.13935E-03  -2.51935E-03  -5.77448E-03   3.42319E-03   2.98633E-04   6.23721E-03   6.49734E-03   3.09668E-03   5.92205E-03  -1.87541E-03  -2.82693E-04  -3.74912E-03  -5.45997E-03  -1.74789E-03  -4.62708E-03   1.10884E-03   8.71413E-04   2.01604E-03   5.30180E-03   1.04681E-03   4.63406E-03   4.48008E-05   8.78994E-04  -5.78794E-05
 5.03000E+02   8.71664E-03  -1.35984E-02  -2.85740E-03  -1.32946E-02  -1.04144E-02  -5.31186E-03  -9.33727E-03   4.48464E-03  -1.78701E-03   9.35008E-03   5.87959E-03   6.83845E-03   8.21730E-03  -4.59710E-05   4.37008E-03  -5.75755E-03  -2.04372E-03  -6.43101E-03  -6.18450E-03  -2.21020E-03  -5.62582E-03   3.70442E-03   5.17784E-04   6.17843E-03   6.56915E-03   2.67498E-03   5.80439E-03  -2.24971E-03  -4.36013E-04  -3.69806E-03  -5.49169E-03  -1.33137E-03  -4.54004E-03   1.45371E-03   9.55017E-04   1.92678E-03   5.30373E-03   6.01670E-04   4.59515E-03  -3.43092E-04   8.68441E-04  -1.31653E-04
 5.06600E+02   8.59007E-03  -1.36583E-02  -2.99650E-03  -1.31917E-02  -1.04502E-02  -5.07556E-03  -9.21842E-03   4.69258E-03  -1.58860E-03   9.36086E-03   6.00735E-03   6.62387E-03   8.17230E-03  -3.34852E-04   4.18606E-03  -5.90026E-03  -2.22067E-03  -6.30981E-03  -6.20921E-03  -1.90474E-03  -5.45731E-03   3.97903E-03   7.33205E-04   6.11659E-03   6.60968E-03   2.25862E-03   5.65778E-03  -2.61535E-03  -5.85424E-04  -3.64444E-03  -5.48958E-03  -9.21373E-04  -4.42430E-03   1.79034E-03   1.03107E-03   1.83707E-03   5.26744E-03   1.64652E-04   4.52263E-03  -7.22794E-04   8.51458E-04  -2.03777E-04
 5.10300E+02   8.45303E-03  -1.37183E-02  -3.13627E-03  -1.30870E-02  -1.04748E-02  -4.83646E-03  -9.08411E-03   4.90173E-03  -1.38279E-03   9.36974E-03   6.12708E-03   6.40568E-03   8.10857E-03  -6.25772E-04   3.98710E-03  -6.04138E-03  -2.39564E-03  -6.18469E-03  -6.21426E-03  -1.59669E-03  -5.26406E-03   4.25202E-03   9.51219E-04   6.04979E-03   6.62022E-03   1.83924E-03   5.47802E-03  -2.97902E-03  -7.35311E-04  -3.58677E-03  -5.45365E-03  -5.10029E-04  -4.27657E-03   2.12476E-03   1.10182E-03   1.74497E-03   5.19199E-03  -2.72306E-04   4.41446E-03  -1.10115E-03   8.27567E-04  -2.75538E-04
 5.14000E+02   8.30937E-03  -1.37752E-02  -3.27318E-03  -1.29833E-02  -1.04882E-02  -4.60267E-03  -8.93821E-03   5.10452E-03  -1.17495E-03   9.37576E-03   6.23598E-03   6.19088E-03   8.02818E-03  -9.08703E-04   3.77858E-03  -6.17552E-03  -2.56428E-03  -6.05934E-03  -6.19993E-03  -1.29651E-03  -5.05145E-03   4.51344E-03   1.16626E-03   5.97959E-03   6.60105E-03   1.43129E-03   5.27028E-03  -3.32746E-03  -8.81860E-04  -3.52652E-03  -5.38543E-03  -1.11928E-04  -4.10118E-03   2.44463E-03   1.16557E-03   1.65349E-03   5.08000E-03  -6.93381E-04   4.27405E-03  -1.46426E-03   7.97501E-04  -3.44284E-04
 5.17700E+02   8.15975E-03  -1.38280E-02  -3.40764E-03  -1.28809E-02  -1.04913E-02  -4.37546E-03  -8.78171E-03   5.29942E-03  -9.65097E-04   9.37830E-03   6.33510E-03   5.98029E-03   7.93249E-03  -1.18195E-03   3.56109E-03  -6.30141E-03  -2.72722E-03  -5.93399E-03  -6.16774E-03  -1.00588E-03  -4.82079E-03   4.76126E-03   1.37873E-03   5.90583E-03   6.55439E-03   1.03724E-03   5.03645E-03  -3.65800E-03  -1.02544E-03  -3.46369E-03  -5.28722E-03   2.70187E-04  -3.89998E-03   2.74736E-03   1.22286E-03   1.56306E-03   4.93402E-03  -1.09540E-03   4.10360E-03  -1.80925E-03   7.61678E-04  -4.09456E-04
 5.21400E+02   8.00499E-03  -1.38756E-02  -3.54005E-03  -1.27798E-02  -1.04856E-02  -4.15588E-03  -8.61586E-03   5.48512E-03  -7.53347E-04   9.37682E-03   6.42558E-03   5.77458E-03   7.82305E-03  -1.44410E-03   3.33541E-03  -6.41796E-03  -2.88515E-03  -5.80876E-03  -6.11937E-03  -7.26186E-04  -4.57361E-03   4.99371E-03   1.58902E-03   5.82828E-03   6.48266E-03   6.59152E-04   4.77871E-03  -3.96830E-03  -1.16638E-03  -3.39819E-03  -5.16156E-03   6.33966E-04  -3.67510E-03   3.03070E-03   1.27427E-03   1.47403E-03   4.75687E-03  -1.47560E-03   3.90560E-03  -2.13358E-03   7.20575E-04  -4.70563E-04
 5.25200E+02   7.84173E-03  -1.39183E-02  -3.67433E-03  -1.26771E-02  -1.04721E-02  -3.93908E-03  -8.43722E-03   5.66522E-03  -5.34097E-04   9.37056E-03   6.51080E-03   5.56883E-03   7.69816E-03  -1.70062E-03   3.09606E-03  -6.52695E-03  -3.04282E-03  -5.68031E-03  -6.05478E-03  -4.51462E-04  -4.30437E-03   5.21491E-03   1.80304E-03   5.74441E-03   6.38567E-03   2.89207E-04   4.49163E-03  -4.26385E-03  -1.30869E-03  -3.32802E-03  -5.00682E-03   9.86460E-04  -3.42196E-03   3.29948E-03   1.32158E-03   1.38433E-03   4.54572E-03  -1.84096E-03   3.67641E-03  -2.44295E-03   6.73407E-04  -5.28655E-04
 5.29000E+02   7.67521E-03  -1.39540E-02  -3.80732E-03  -1.25756E-02  -1.04524E-02  -3.73161E-03  -8.25177E-03   5.83378E-03  -3.13315E-04   9.35905E-03   6.58951E-03   5.36892E-03   7.56255E-03  -1.94342E-03   2.85012E-03  -6.62429E-03  -3.19657E-03  -5.55194E-03  -5.97709E-03  -1.90265E-04  -4.02153E-03   5.41709E-03   2.01535E-03   5.65592E-03   6.26793E-03  -6.08098E-05   4.18463E-03  -4.53427E-03  -1.44883E-03  -3.25472E-03  -4.82912E-03   1.31595E-03  -3.14897E-03   3.54409E-03   1.36394E-03   1.29655E-03   4.30839E-03  -2.17890E-03   3.42406E-03  -2.72644E-03   6.21800E-04  -5.81657E-04
 5.32800E+02   7.50661E-03  -1.39824E-02  -3.93939E-03  -1.24750E-02  -1.04283E-02  -3.53365E-03  -8.06115E-03   5.99033E-03  -9.13267E-05   9.34186E-03   6.66303E-03   5.17487E-03   7.41820E-03  -2.17201E-03   2.59872E-03  -6.70937E-03  -3.34705E-03  -5.42346E-03  -5.88837E-03   5.69018E-05  -3.72715E-03   5.59930E-03   2.22617E-03   5.56244E-03   6.13239E-03  -3.90022E-04   3.86054E-03  -4.77829E-03  -1.58702E-03  -3.17807E-03  -4.63159E-03   1.62126E-03  -2.85889E-03   3.76324E-03   1.40198E-03   1.21077E-03   4.04840E-03  -2.48795E-03   3.15169E-03  -2.98262E-03   5.66357E-04  -6.29289E-04
 5.36600E+02   7.33709E-03  -1.40034E-02  -4.07093E-03  -1.23752E-02  -1.04014E-02  -3.34511E-03  -7.86699E-03   6.13469E-03   1.31511E-04   9.31865E-03   6.73260E-03   4.98647E-03   7.26707E-03  -2.38621E-03   2.34304E-03  -6.78175E-03  -3.49484E-03  -5.29458E-03  -5.79062E-03   2.89855E-04  -3.42332E-03   5.76090E-03   2.43565E-03   5.46354E-03   5.98195E-03  -6.97985E-04   3.52221E-03  -4.99502E-03  -1.72344E-03  -3.09779E-03  -4.41729E-03   1.90168E-03  -2.55445E-03   3.95601E-03   1.43626E-03   1.12699E-03   3.76923E-03  -2.76710E-03   2.86242E-03  -3.21051E-03   5.07679E-04  -6.71349E-04
 5.40500E+02   7.16333E-03  -1.40172E-02  -4.20571E-03  -1.22732E-02  -1.03724E-02  -3.16100E-03  -7.66569E-03   6.27029E-03   3.60699E-04   9.28829E-03   6.80111E-03   4.79859E-03   7.10686E-03  -2.59122E-03   2.07738E-03  -6.84258E-03  -3.64425E-03  -5.16151E-03  -5.68292E-03   5.14270E-04  -3.10380E-03   5.90498E-03   2.64932E-03   5.35593E-03   5.81494E-03  -9.91906E-04   3.16307E-03  -5.18854E-03  -1.86174E-03  -3.01129E-03  -4.18305E-03   2.16324E-03  -2.22992E-03   4.12579E-03   1.46811E-03   1.04298E-03   3.46635E-03  -3.02192E-03   2.55117E-03  -3.41432E-03   4.44712E-04  -7.08590E-04
 5.44400E+02   6.99089E-03  -1.40236E-02  -4.34054E-03  -1.21712E-02  -1.03436E-02  -2.98574E-03  -7.46386E-03   6.39354E-03   5.89961E-04   9.25107E-03   6.86778E-03   4.61565E-03   6.94332E-03  -2.78165E-03   1.80963E-03  -6.88967E-03  -3.79181E-03  -5.02713E-03  -5.56964E-03   7.24216E-04  -2.77858E-03   6.02689E-03   2.86165E-03   5.24163E-03   5.63791E-03  -1.26371E-03   2.79474E-03  -5.35256E-03  -1.99837E-03  -2.92026E-03  -3.93734E-03   2.39826E-03  -1.89592E-03   4.26685E-03   1.49709E-03   9.60783E-04   3.15035E-03  -3.24446E-03   2.22852E-03  -3.58738E-03   3.79574E-04  -7.39760E-04
 5.48400E+02   6.81646E-03  -1.40227E-02  -4.47912E-03  -1.20664E-02  -1.03154E-02  -2.81424E-03  -7.25780E-03   6.50775E-03   8.24733E-04   9.20558E-03   6.93526E-03   4.43235E-03   6.77389E-03  -2.96252E-03   1.53402E-03  -6.92376E-03  -3.94159E-03  -4.88736E-03  -5.44946E-03   9.25175E-04  -2.44120E-03   6.12906E-03   3.07793E-03   5.11688E-03   5.44860E-03  -1.52019E-03   2.41029E-03  -5.49027E-03  -2.13676E-03  -2.82178E-03  -3.67638E-03   2.61211E-03  -1.54635E-03   4.38169E-03   1.52428E-03   8.78115E-04   2.81608E-03  -3.43935E-03   1.88890E-03  -3.73295E-03   3.11122E-04  -7.65417E-04
 5.52300E+02   6.64964E-03  -1.40153E-02  -4.61467E-03  -1.19634E-02  -1.02905E-02  -2.65401E-03  -7.05904E-03   6.60799E-03   1.05284E-03   9.15396E-03   7.00095E-03   4.25694E-03   6.60854E-03  -3.12568E-03   1.26543E-03  -6.94329E-03  -4.08635E-03  -4.74858E-03  -5.32994E-03   1.10793E-03  -2.11039E-03   6.20671E-03   3.28716E-03   4.98736E-03   5.25880E-03  -1.74945E-03   2.03155E-03  -5.59513E-03  -2.26989E-03  -2.72034E-03  -3.41586E-03   2.79474E-03  -1.20125E-03   4.46477E-03   1.54869E-03   7.98804E-04   2.48338E-03  -3.59731E-03   1.55218E-03  -3.84404E-03   2.43342E-04  -7.84323E-04
 5.56300E+02   6.48262E-03  -1.40018E-02  -4.75424E-03  -1.18565E-02  -1.02685E-02  -2.49557E-03  -6.85849E-03   6.70037E-03   1.28554E-03   9.09345E-03   7.06883E-03   4.07941E-03   6.44008E-03  -3.28059E-03   9.91108E-04  -6.94955E-03  -4.23362E-03  -4.60297E-03  -5.20631E-03   1.28288E-03  -1.77099E-03   6.26434E-03   3.49977E-03   4.84584E-03   5.06084E-03  -1.96439E-03   1.64158E-03  -5.67311E-03  -2.40441E-03  -2.61030E-03  -3.14488E-03   2.95640E-03  -8.45428E-04   4.52079E-03   1.57188E-03   7.18434E-04   2.13814E-03  -3.72719E-03   1.20385E-03  -3.92689E-03   1.73301E-04  -7.97539E-04
 5.60300E+02   6.32032E-03  -1.39830E-02  -4.89436E-03  -1.17478E-02  -1.02506E-02  -2.34174E-03  -6.66215E-03   6.78327E-03   1.51653E-03   9.02522E-03   7.13763E-03   3.90317E-03   6.27384E-03  -3.42409E-03   7.18920E-04  -6.94222E-03  -4.37965E-03  -4.45335E-03  -5.08273E-03   1.44631E-03  -1.43313E-03   6.30034E-03   3.70996E-03   4.69497E-03   4.86137E-03  -2.16023E-03   1.25238E-03  -5.72191E-03  -2.53659E-03  -2.49374E-03  -2.87228E-03   3.09314E-03  -4.90040E-04   4.54784E-03   1.59339E-03   6.38669E-04   1.79160E-03  -3.82549E-03   8.55119E-04  -3.97897E-03   1.03241E-04  -8.04627E-04
 5.64400E+02   6.15929E-03  -1.39593E-02  -5.03845E-03  -1.16340E-02  -1.02371E-02  -2.18739E-03  -6.46596E-03   6.85960E-03   1.75103E-03   8.94723E-03   7.20931E-03   3.72269E-03   6.10660E-03  -3.56070E-03   4.43051E-04  -6.92102E-03  -4.52789E-03  -4.29508E-03  -4.95706E-03   1.60312E-03  -1.08997E-03   6.31556E-03   3.92233E-03   4.53001E-03   4.65690E-03  -2.34264E-03   8.56502E-04  -5.74256E-03  -2.66925E-03  -2.36703E-03  -2.59324E-03   3.20868E-03  -1.28520E-04   4.54627E-03   1.61383E-03   5.57126E-04   1.43765E-03  -3.89460E-03   4.99762E-04  -4.00130E-03   3.19117E-05  -8.05695E-04
 5.68400E+02   6.00767E-03  -1.39326E-02  -5.17931E-03  -1.15202E-02  -1.02286E-02  -2.03858E-03  -6.27994E-03   6.92681E-03   1.97716E-03   8.86328E-03   7.28035E-03   3.54561E-03   5.94712E-03  -3.68506E-03   1.77767E-04  -6.88745E-03  -4.67079E-03  -4.13517E-03  -4.83608E-03   1.74692E-03  -7.59627E-04   6.31008E-03   4.12587E-03   4.35850E-03   4.45864E-03  -2.50422E-03   4.75230E-04  -5.73506E-03  -2.79545E-03  -2.23594E-03  -2.32311E-03   3.29866E-03   2.19412E-04   4.51697E-03   1.63223E-03   4.77385E-04   1.09588E-03  -3.93238E-03   1.57392E-04  -3.99377E-03  -3.67527E-05  -8.00869E-04
 5.72500E+02   5.85798E-03  -1.39025E-02  -5.32373E-03  -1.14001E-02  -1.02247E-02  -1.88644E-03  -6.09505E-03   6.98950E-03   2.20572E-03   8.76918E-03   7.35406E-03   3.36194E-03   5.78777E-03  -3.80475E-03  -8.94381E-05  -6.84034E-03  -4.81505E-03  -3.96496E-03  -4.71420E-03   1.88619E-03  -4.26865E-04   6.28450E-03   4.32995E-03   4.17135E-03   4.25766E-03  -2.65463E-03   9.13891E-05  -5.70013E-03  -2.92087E-03  -2.09354E-03  -2.04994E-03   3.36896E-03   5.69140E-04   4.45943E-03   1.64944E-03   3.95067E-04   7.51339E-04  -3.94205E-03  -1.86932E-04  -3.95710E-03  -1.05746E-04  -7.90107E-04
 5.76700E+02   5.71058E-03  -1.38699E-02  -5.47133E-03  -1.12732E-02  -1.02253E-02  -1.72954E-03  -5.91179E-03   7.04842E-03   2.43598E-03   8.66439E-03   7.43007E-03   3.17040E-03   5.62903E-03  -3.92057E-03  -3.57483E-04  -6.77929E-03  -4.95988E-03  -3.78333E-03  -4.59179E-03   2.02160E-03  -9.33344E-05   6.23833E-03   4.53325E-03   3.96731E-03   4.05485E-03  -2.79435E-03  -2.92673E-04  -5.63695E-03  -3.04450E-03  -1.93888E-03  -1.77540E-03   3.41939E-03   9.18149E-04   4.37266E-03   1.66518E-03   3.09744E-04   4.06545E-04  -3.92292E-03  -5.30575E-04  -3.89035E-03  -1.74527E-04  -7.73209E-04
 5.80800E+02   5.57233E-03  -1.38370E-02  -5.61463E-03  -1.11449E-02  -1.02298E-02  -1.57406E-03  -5.73875E-03   7.10191E-03   2.65643E-03   8.55398E-03   7.50410E-03   2.97910E-03   5.47838E-03  -4.02826E-03  -6.12940E-04  -6.70778E-03  -5.09764E-03  -3.59837E-03  -4.47474E-03   2.14793E-03   2.23994E-04   6.17472E-03   4.72502E-03   3.75575E-03   3.86037E-03  -2.91823E-03  -6.56995E-04  -5.54976E-03  -3.15961E-03  -1.77910E-03  -1.51376E-03   3.44896E-03   1.24795E-03   4.26191E-03   1.67848E-03   2.25149E-04   7.97722E-05  -3.87736E-03  -8.55192E-04  -3.79798E-03  -2.39413E-04  -7.51216E-04
 5.85000E+02   5.43614E-03  -1.38032E-02  -5.76009E-03  -1.10087E-02  -1.02376E-02  -1.41122E-03  -5.56720E-03   7.15366E-03   2.87726E-03   8.43269E-03   7.57891E-03   2.77783E-03   5.32822E-03  -4.13429E-03  -8.67634E-04  -6.62290E-03  -5.23415E-03  -3.40063E-03  -4.35716E-03   2.27246E-03   5.39571E-04   6.09158E-03   4.91338E-03   3.52617E-03   3.66498E-03  -3.03378E-03  -1.01774E-03  -5.43560E-03  -3.27086E-03  -1.60623E-03  -1.25327E-03   3.46054E-03   1.57279E-03   4.12299E-03   1.68966E-03   1.36871E-04  -2.43159E-04  -3.80470E-03  -1.17469E-03  -3.67684E-03  -3.03168E-04  -7.23317E-04
 5.89300E+02   5.30196E-03  -1.37691E-02  -5.90697E-03  -1.08640E-02  -1.02477E-02  -1.23970E-03  -5.39710E-03   7.20446E-03   3.09752E-03   8.30013E-03   7.65337E-03   2.56543E-03   5.17841E-03  -4.23946E-03  -1.12043E-03  -6.52445E-03  -5.36801E-03  -3.18917E-03  -4.23889E-03   2.39591E-03   8.51710E-04   5.98869E-03   5.09635E-03   3.27758E-03   3.46906E-03  -3.14159E-03  -1.37240E-03  -5.29412E-03  -3.37669E-03  -1.41959E-03  -9.95423E-04   3.45424E-03   1.88986E-03   3.95541E-03   1.69814E-03   4.45662E-05  -5.59678E-04  -3.70472E-03  -1.48618E-03  -3.52652E-03  -3.65190E-04  -6.89417E-04
 5.93500E+02   5.17549E-03  -1.37370E-02  -6.04775E-03  -1.07174E-02  -1.02586E-02  -1.06665E-03  -5.23579E-03   7.25281E-03   3.30635E-03   8.16271E-03   7.72286E-03   2.35125E-03   5.03535E-03  -4.33984E-03  -1.35899E-03  -6.41767E-03  -5.49186E-03  -2.97369E-03  -4.12496E-03   2.51344E-03   1.14498E-03   5.87192E-03   5.26396E-03   3.02169E-03   3.28162E-03  -3.23791E-03  -1.70301E-03  -5.13335E-03  -3.47104E-03  -1.22798E-03  -7.52973E-04   3.43176E-03   2.18266E-03   3.76840E-03   1.70308E-03  -4.76111E-05  -8.53503E-04  -3.58375E-03  -1.77337E-03  -3.35560E-03  -4.22209E-04  -6.51404E-04
 5.97800E+02   5.05006E-03  -1.37059E-02  -6.18838E-03  -1.05618E-02  -1.02693E-02  -8.83244E-04  -5.07489E-03   7.30175E-03   3.51307E-03   8.01422E-03   7.78936E-03   2.12474E-03   4.89150E-03  -4.44101E-03  -1.59411E-03  -6.29817E-03  -5.61037E-03  -2.74395E-03  -4.00935E-03   2.63140E-03   1.43249E-03   5.73686E-03   5.42263E-03   2.74667E-03   3.09348E-03  -3.32845E-03  -2.02386E-03  -4.94720E-03  -3.55718E-03  -1.02258E-03  -5.15049E-04   3.39343E-03   2.46339E-03   3.55466E-03   1.70419E-03  -1.44100E-04  -1.13713E-03  -3.43779E-03  -2.04816E-03  -3.15766E-03  -4.76562E-04  -6.07812E-04
 6.02100E+02   4.92804E-03  -1.36770E-02  -6.32469E-03  -1.04007E-02  -1.02781E-02  -6.93170E-04  -4.91753E-03   7.35070E-03   3.71198E-03   7.85827E-03   7.84979E-03   1.89081E-03   4.74951E-03  -4.54120E-03  -1.81947E-03  -6.16913E-03  -5.71920E-03  -2.50522E-03  -3.89410E-03   2.74758E-03   1.70629E-03   5.58730E-03   5.56661E-03   2.45907E-03   2.90881E-03  -3.41180E-03  -2.32552E-03  -4.74092E-03  -3.63148E-03  -8.08334E-04  -2.88113E-04   3.34097E-03   2.72319E-03   3.32013E-03   1.70076E-03  -2.42680E-04  -1.40198E-03  -3.27133E-03  -2.30178E-03  -2.93837E-03  -5.26481E-04  -5.59869E-04
 6.06500E+02   4.80597E-03  -1.36499E-02  -6.45888E-03  -1.02304E-02  -1.02837E-02  -4.91704E-04  -4.75933E-03   7.40124E-03   3.90682E-03   7.69149E-03   7.90385E-03   1.64393E-03   4.60524E-03  -4.64318E-03  -2.03946E-03  -6.02802E-03  -5.81918E-03  -2.25212E-03  -3.77575E-03   2.86505E-03   1.97149E-03   5.42056E-03   5.69707E-03   2.15265E-03   2.72296E-03  -3.49052E-03  -2.61301E-03  -4.51089E-03  -3.69397E-03  -5.80665E-04  -6.77659E-05   3.27407E-03   2.96570E-03   3.06059E-03   1.69199E-03  -3.45549E-04  -1.65221E-03  -3.08180E-03  -2.53774E-03  -2.69399E-03  -5.72613E-04  -5.06736E-04
 6.10900E+02   4.68592E-03  -1.36254E-02  -6.58692E-03  -1.00550E-02  -1.02841E-02  -2.83408E-04  -4.60308E-03   7.45250E-03   4.09224E-03   7.51808E-03   7.94858E-03   1.38990E-03   4.46108E-03  -4.74489E-03  -2.24825E-03  -5.87865E-03  -5.90633E-03  -1.99083E-03  -3.65616E-03   2.98135E-03   2.22088E-03   5.24135E-03   5.80884E-03   1.83515E-03   2.53973E-03  -3.56327E-03  -2.87785E-03  -4.26368E-03  -3.74147E-03  -3.45417E-04   1.40180E-04   3.19522E-03   3.18309E-03   2.78349E-03   1.67729E-03  -4.50152E-04  -1.88022E-03  -2.87501E-03  -2.74833E-03  -2.43169E-03  -6.13405E-04  -4.49957E-04
 6.15300E+02   4.56713E-03  -1.36037E-02  -6.70804E-03  -9.87501E-03  -1.02778E-02  -6.87966E-05  -4.44791E-03   7.50459E-03   4.26769E-03   7.33879E-03   7.98256E-03   1.12944E-03   4.31610E-03  -4.84641E-03  -2.44545E-03  -5.72197E-03  -5.97938E-03  -1.72232E-03  -3.53452E-03   3.09656E-03   2.45385E-03   5.05112E-03   5.90040E-03   1.50804E-03   2.35857E-03  -3.63061E-03  -3.11899E-03  -4.00144E-03  -3.77279E-03  -1.03769E-04   3.35422E-04   3.10578E-03   3.37399E-03   2.49119E-03   1.65613E-03  -5.56085E-04  -2.08496E-03  -2.65323E-03  -2.93219E-03  -2.15396E-03  -6.48560E-04  -3.90046E-04
 6.19700E+02   4.44887E-03  -1.35845E-02  -6.82159E-03  -9.69103E-03  -1.02634E-02   1.51344E-04  -4.29299E-03   7.55744E-03   4.43270E-03   7.15444E-03   8.00452E-03   8.63509E-04   4.16942E-03  -4.94765E-03  -2.63075E-03  -5.55898E-03  -6.03721E-03  -1.44779E-03  -3.41005E-03   3.21059E-03   2.66995E-03   4.85138E-03   5.97040E-03   1.17303E-03   2.17889E-03  -3.69290E-03  -3.33554E-03  -3.72643E-03  -3.78687E-03   1.42894E-04   5.17760E-04   3.00713E-03   3.53723E-03   2.18625E-03   1.62798E-03  -6.62835E-04  -2.26556E-03  -2.41880E-03  -3.08816E-03  -1.86341E-03  -6.77826E-04  -3.27554E-04
 6.24200E+02   4.32779E-03  -1.35673E-02  -6.92928E-03  -9.49960E-03  -1.02391E-02   3.81134E-04  -4.13400E-03   7.61207E-03   4.59030E-03   6.96165E-03   8.01338E-03   5.87139E-04   4.01681E-03  -5.05061E-03  -2.80773E-03  -5.38684E-03  -6.07961E-03  -1.16223E-03  -3.27908E-03   3.32569E-03   2.87315E-03   4.63889E-03   6.01851E-03   8.24285E-04   1.99610E-03  -3.75162E-03  -3.53089E-03  -3.43440E-03  -3.78251E-03   3.98715E-04   6.90792E-04   2.89809E-03   3.67465E-03   1.86410E-03   1.59152E-03  -7.72218E-04  -2.42464E-03  -2.16850E-03  -3.21791E-03  -1.55589E-03  -7.01459E-04  -2.61577E-04
 6.28700E+02   4.20593E-03  -1.35521E-02  -7.02799E-03  -9.30578E-03  -1.02039E-02   6.14306E-04  -3.97374E-03   7.66694E-03   4.73635E-03   6.76560E-03   8.00755E-03   3.07805E-04   3.86081E-03  -5.15256E-03  -2.97194E-03  -5.21033E-03  -6.10428E-03  -8.73497E-04  -3.14375E-03   3.43885E-03   3.05817E-03   4.41977E-03   6.04196E-03   4.71631E-04   1.81375E-03  -3.80539E-03  -3.69938E-03  -3.13406E-03  -3.75844E-03   6.56293E-04   8.50234E-04   2.78219E-03   3.78154E-03   1.53452E-03   1.54694E-03  -8.81069E-04  -2.55738E-03  -1.91016E-03  -3.31691E-03  -1.24093E-03  -7.18578E-04  -1.94155E-04
 6.33200E+02   4.08279E-03  -1.35384E-02  -7.11742E-03  -9.11059E-03  -1.01571E-02   8.49366E-04  -3.81159E-03   7.72156E-03   4.87075E-03   6.56738E-03   7.98633E-03   2.71565E-05   3.70081E-03  -5.25293E-03  -3.12338E-03  -5.03060E-03  -6.11070E-03  -5.83381E-04  -3.00351E-03   3.54951E-03   3.22502E-03   4.19573E-03   6.04016E-03   1.17518E-04   1.63134E-03  -3.85418E-03  -3.84086E-03  -2.82804E-03  -3.71419E-03   9.13655E-04   9.96210E-04   2.66078E-03   3.85757E-03   1.20060E-03   1.49399E-03  -9.88568E-04  -2.66360E-03  -1.64648E-03  -3.38485E-03  -9.21656E-04  -7.29110E-04  -1.25955E-04
 6.37800E+02   3.95515E-03  -1.35256E-02  -7.19912E-03  -8.91076E-03  -1.00967E-02   1.08992E-03  -3.64336E-03   7.77658E-03   4.99614E-03   6.36367E-03   7.94832E-03  -2.59257E-04   3.53261E-03  -5.35319E-03  -3.26519E-03  -4.84474E-03  -6.09813E-03  -2.87355E-04  -2.85466E-03   3.65935E-03   3.37699E-03   3.96338E-03   6.01197E-03  -2.43320E-04   1.44441E-03  -3.89876E-03  -3.95769E-03  -2.51207E-03  -3.64790E-03   1.17437E-03   1.13177E-03   2.53231E-03   3.90345E-03   8.57972E-04   1.43105E-03  -1.09615E-03  -2.74493E-03  -1.37420E-03  -3.42227E-03  -5.94128E-04  -7.33072E-04  -5.61338E-05
 6.42400E+02   3.82542E-03  -1.35132E-02  -7.27108E-03  -8.71176E-03  -1.00234E-02   1.32897E-03  -3.47228E-03   7.83010E-03   5.10965E-03   6.16005E-03   7.89373E-03  -5.43283E-04   3.35937E-03  -5.45030E-03  -3.39416E-03  -4.65791E-03  -6.06627E-03   6.10072E-06  -2.69998E-03   3.76512E-03   3.51059E-03   3.72940E-03   5.95727E-03  -6.00273E-04   1.25664E-03  -3.93777E-03  -4.04691E-03  -2.19566E-03  -3.56040E-03   1.43048E-03   1.25389E-03   2.40075E-03   3.91757E-03   5.17312E-04   1.35921E-03  -1.20045E-03  -2.79916E-03  -1.10191E-03  -3.42774E-03  -2.68735E-04  -7.30245E-04   1.30871E-05
 6.47000E+02   3.69342E-03  -1.35007E-02  -7.33357E-03  -8.51470E-03  -9.93718E-03   1.56475E-03  -3.29810E-03   7.88145E-03   5.21168E-03   5.95763E-03   7.82279E-03  -8.23014E-04   3.18091E-03  -5.54343E-03  -3.51079E-03  -4.47121E-03  -6.01549E-03   2.94974E-04  -2.53937E-03   3.86602E-03   3.62643E-03   3.49543E-03   5.87660E-03  -9.50639E-04   1.06778E-03  -3.97088E-03  -4.10932E-03  -1.88145E-03  -3.45211E-03   1.67978E-03   1.36309E-03   2.26729E-03   3.90076E-03   1.81788E-04   1.27861E-03  -1.30049E-03  -2.82707E-03  -8.32315E-04  -3.40211E-03   5.12915E-05  -7.20804E-04   8.10162E-05
 6.51700E+02   3.55616E-03  -1.34871E-02  -7.38810E-03  -8.31644E-03  -9.83627E-03   1.80050E-03  -3.11686E-03   7.93094E-03   5.30467E-03   5.75314E-03   7.73401E-03  -1.10249E-03   2.99317E-03  -5.63362E-03  -3.61783E-03  -4.28168E-03  -5.94475E-03   5.83397E-04  -2.36917E-03   3.96323E-03   3.72731E-03   3.25799E-03   5.76831E-03  -1.29913E-03   8.73527E-04  -3.99825E-03  -4.14656E-03  -1.56525E-03  -3.32072E-03   1.92525E-03   1.46195E-03   2.13013E-03   3.85289E-03  -1.52597E-04   1.18750E-03  -1.39733E-03  -2.82951E-03  -5.62265E-04  -3.34506E-03   3.69544E-04  -7.04593E-04   1.48404E-04
 6.56400E+02   3.41654E-03  -1.34721E-02  -7.43388E-03  -8.12230E-03  -9.72314E-03   2.02938E-03  -2.93236E-03   7.97671E-03   5.38704E-03   5.55199E-03   7.62963E-03  -1.37378E-03   2.80013E-03  -5.71793E-03  -3.71340E-03  -4.09434E-03  -5.85596E-03   8.63140E-04  -2.19303E-03   4.05365E-03   3.81156E-03   3.02363E-03   5.63522E-03  -1.63548E-03   6.77916E-04  -4.01870E-03  -4.15843E-03  -1.25633E-03  -3.16942E-03   2.15926E-03   1.54870E-03   1.99320E-03   3.77564E-03  -4.75515E-04   1.08796E-03  -1.48778E-03  -2.80702E-03  -3.00144E-04  -3.25848E-03   6.75962E-04  -6.82095E-04   2.13105E-04
 6.61200E+02   3.27171E-03  -1.34546E-02  -7.47246E-03  -7.92918E-03  -9.59606E-03   2.25449E-03  -2.74078E-03   8.01893E-03   5.46114E-03   5.35090E-03   7.50816E-03  -1.64074E-03   2.59784E-03  -5.79715E-03  -3.80011E-03  -3.90615E-03  -5.74798E-03   1.13813E-03  -2.00737E-03   4.13818E-03   3.88167E-03   2.78878E-03   5.47544E-03  -1.96408E-03   4.76778E-04  -4.03199E-03  -4.14619E-03  -9.50585E-04  -2.99572E-03   2.38440E-03   1.62566E-03   1.85455E-03   3.66847E-03  -7.90692E-04   9.78182E-04  -1.57264E-03  -2.76005E-03  -4.29402E-05  -3.14163E-03   9.73842E-04  -6.53069E-04   2.75795E-04
 6.65900E+02   3.12799E-03  -1.34348E-02  -7.50318E-03  -7.74583E-03  -9.46157E-03   2.46520E-03  -2.55040E-03   8.05524E-03   5.52489E-03   5.15892E-03   7.37606E-03  -1.89088E-03   2.39516E-03  -5.86724E-03  -3.87531E-03  -3.72562E-03  -5.62680E-03   1.39545E-03  -1.82041E-03   4.21256E-03   3.93606E-03   2.56428E-03   5.29760E-03  -2.26920E-03   2.78626E-04  -4.03713E-03  -4.11229E-03  -6.62604E-04  -2.80842E-03   2.58955E-03   1.69052E-03   1.72071E-03   3.53812E-03  -1.08262E-03   8.63426E-04  -1.64754E-03  -2.69247E-03   1.96660E-04  -3.00166E-03   1.24833E-03  -6.19211E-04   3.33336E-04
 6.70800E+02   2.97651E-03  -1.34111E-02  -7.52890E-03  -7.56126E-03  -9.31231E-03   2.67358E-03  -2.34941E-03   8.08724E-03   5.58324E-03   4.96449E-03   7.22615E-03  -2.13864E-03   2.17961E-03  -5.93178E-03  -3.94461E-03  -3.54188E-03  -5.48596E-03   1.64988E-03  -1.62068E-03   4.28060E-03   3.97925E-03   2.33687E-03   5.09198E-03  -2.56800E-03   7.10060E-05  -4.03377E-03  -4.05612E-03  -3.75997E-04  -2.59687E-03   2.78571E-03   1.74810E-03   1.58386E-03   3.37807E-03  -1.36727E-03   7.36948E-04  -1.71625E-03  -2.60146E-03   4.31791E-04  -2.83146E-03   1.51416E-03  -5.78754E-04   3.88793E-04
 6.75600E+02   2.82695E-03  -1.33843E-02  -7.54899E-03  -7.38732E-03  -9.15874E-03   2.86581E-03  -2.15051E-03   8.11236E-03   5.63352E-03   4.78001E-03   7.06899E-03  -2.36761E-03   1.96491E-03  -5.98600E-03  -4.00461E-03  -3.36665E-03  -5.33548E-03   1.88448E-03  -1.42097E-03   4.33729E-03   4.00969E-03   2.12127E-03   4.87298E-03  -2.84019E-03  -1.33096E-04  -4.02144E-03  -3.98277E-03  -1.09969E-04  -2.37550E-03   2.95905E-03   1.79555E-03   1.45291E-03   3.20013E-03  -1.62490E-03   6.07165E-04  -1.77362E-03  -2.49424E-03   6.46202E-04  -2.64349E-03   1.75266E-03  -5.34610E-04   4.38241E-04
 6.80500E+02   2.67353E-03  -1.33531E-02  -7.56546E-03  -7.21689E-03  -8.99618E-03   3.04943E-03  -1.94599E-03   8.13128E-03   5.67904E-03   4.59793E-03   6.89991E-03  -2.58681E-03   1.74286E-03  -6.03174E-03  -4.05893E-03  -3.19280E-03  -5.17107E-03   2.10838E-03  -1.21375E-03   4.38453E-03   4.03022E-03   1.90890E-03   4.63407E-03  -3.09609E-03  -3.41793E-04  -3.99924E-03  -3.89160E-03   1.45653E-04  -2.13719E-03   3.11574E-03   1.83585E-03   1.32275E-03   2.99978E-03  -1.86489E-03   4.69633E-04  -1.82151E-03  -2.36872E-03   8.47718E-04  -2.43284E-03   1.97231E-03  -4.85574E-04   4.83424E-04
 6.85400E+02   2.51989E-03  -1.33178E-02  -7.57903E-03  -7.05358E-03  -8.82948E-03   3.22019E-03  -1.74056E-03   8.14317E-03   5.71986E-03   4.42208E-03   6.72395E-03  -2.79106E-03   1.51870E-03  -6.06745E-03  -4.10734E-03  -3.02400E-03  -4.99768E-03   2.31619E-03  -1.00397E-03   4.42068E-03   4.04158E-03   1.70446E-03   4.38226E-03  -3.32912E-03  -5.50385E-04  -3.96698E-03  -3.78635E-03   3.84600E-04  -1.88859E-03   3.25121E-03   1.86892E-03   1.19629E-03   2.78347E-03  -2.08070E-03   3.28007E-04  -1.85818E-03  -2.22938E-03   1.03091E-03  -2.20622E-03   2.16684E-03  -4.33168E-04   5.23021E-04
 6.90300E+02   2.36651E-03  -1.32783E-02  -7.59079E-03  -6.89713E-03  -8.66028E-03   3.37823E-03  -1.53481E-03   8.14790E-03   5.75706E-03   4.25220E-03   6.54291E-03  -2.98045E-03   1.29322E-03  -6.09293E-03  -4.15087E-03  -2.86006E-03  -4.81723E-03   2.50785E-03  -7.92488E-04   4.44552E-03   4.04522E-03   1.50785E-03   4.12011E-03  -3.53897E-03  -7.58359E-04  -3.92434E-03  -3.66934E-03   6.06635E-04  -1.63187E-03   3.36496E-03   1.89566E-03   1.07355E-03   2.55407E-03  -2.27172E-03   1.83312E-04  -1.88332E-03  -2.07858E-03   1.19531E-03  -1.96658E-03   2.33556E-03  -3.78031E-04   5.56876E-04
 6.95300E+02   2.21075E-03  -1.32338E-02  -7.60194E-03  -6.74411E-03  -8.48662E-03   3.52679E-03  -1.32513E-03   8.14528E-03   5.79231E-03   4.08459E-03   6.35467E-03  -3.15870E-03   1.06259E-03  -6.10831E-03  -4.19119E-03  -2.69742E-03  -4.62765E-03   2.68698E-03  -5.75816E-04   4.45906E-03   4.04232E-03   1.31502E-03   3.84447E-03  -3.72923E-03  -9.69363E-04  -3.86986E-03  -3.54006E-03   8.15825E-04  -1.36372E-03   3.45838E-03   1.91728E-03   9.52038E-04   2.30940E-03  -2.44084E-03   3.35619E-05  -1.89687E-03  -1.91522E-03   1.34347E-03  -1.71159E-03   2.48076E-03  -3.19600E-04   5.85415E-04
 7.00300E+02   2.05624E-03  -1.31850E-02  -7.61316E-03  -6.59717E-03  -8.31340E-03   3.66318E-03  -1.11631E-03   8.13517E-03   5.82573E-03   3.92220E-03   6.16451E-03  -3.32236E-03   8.32204E-04  -6.11296E-03  -4.22822E-03  -2.53900E-03  -4.43431E-03   2.84993E-03  -3.59137E-04   4.46064E-03   4.03392E-03   1.12959E-03   3.56303E-03  -3.89566E-03  -1.17851E-03  -3.80407E-03  -3.40291E-03   1.00778E-03  -1.09148E-03   3.52890E-03   1.93393E-03   8.34067E-04   2.05680E-03  -2.58395E-03  -1.17246E-04  -1.89807E-03  -1.74454E-03   1.47190E-03  -1.44893E-03   2.59865E-03  -2.59609E-04   6.07863E-04
 7.05400E+02   1.90034E-03  -1.31311E-02  -7.62545E-03  -6.45281E-03  -8.13845E-03   3.79061E-03  -9.04770E-04   8.11726E-03   5.85869E-03   3.76121E-03   5.97003E-03  -3.47505E-03   5.98265E-04  -6.10676E-03  -4.26330E-03  -2.38116E-03  -4.23483E-03   3.00013E-03  -1.39006E-04   4.44999E-03   4.02078E-03   9.47422E-04   3.27229E-03  -4.04145E-03  -1.38921E-03  -3.72511E-03  -3.25689E-03   1.18639E-03  -8.11701E-04   3.57740E-03   1.94646E-03   7.17066E-04   1.79370E-03  -2.70346E-03  -2.71065E-04  -1.88654E-03  -1.56509E-03   1.58284E-03  -1.17596E-03   2.69098E-03  -1.97437E-04   6.24523E-04
 7.10500E+02   1.74654E-03  -1.30731E-02  -7.63923E-03  -6.31316E-03  -7.96636E-03   3.90727E-03  -6.95232E-04   8.09184E-03   5.89113E-03   3.60412E-03   5.77630E-03  -3.61430E-03   3.66146E-04  -6.08968E-03  -4.29622E-03  -2.22641E-03  -4.03449E-03   3.13499E-03   7.93680E-05   4.42706E-03   4.00390E-03   7.71558E-04   2.97996E-03  -4.16380E-03  -1.59651E-03  -3.63402E-03  -3.10646E-03   1.34838E-03  -5.31858E-04   3.60261E-03   1.95506E-03   6.03034E-04   1.52766E-03  -2.79681E-03  -4.23793E-04  -1.86220E-03  -1.38227E-03   1.67398E-03  -9.00607E-04   2.75557E-03  -1.34873E-04   6.34974E-04
 7.15600E+02   1.59518E-03  -1.30113E-02  -7.65493E-03  -6.17732E-03  -7.79798E-03   4.01427E-03  -4.88182E-04   8.05914E-03   5.92348E-03   3.45007E-03   5.58439E-03  -3.74116E-03   1.36560E-04  -6.06195E-03  -4.32737E-03  -2.07401E-03  -3.83451E-03   3.25541E-03   2.95146E-04   4.39206E-03   3.98394E-03   6.01174E-04   2.68796E-03  -4.26366E-03  -1.79959E-03  -3.53071E-03  -2.95316E-03   1.49464E-03  -2.53888E-04   3.60501E-03   1.96013E-03   4.91534E-04   1.26105E-03  -2.86474E-03  -5.74361E-04  -1.82518E-03  -1.19795E-03   1.74596E-03  -6.25408E-04   2.79309E-03  -7.24849E-05   6.39350E-04
 7.20800E+02   1.44365E-03  -1.29448E-02  -7.67321E-03  -6.04179E-03  -7.63079E-03   4.11466E-03  -2.80087E-04   8.01856E-03   5.95662E-03   3.29523E-03   5.39142E-03  -3.85893E-03  -9.42329E-05  -6.02303E-03  -4.35754E-03  -1.92027E-03  -3.63203E-03   3.36437E-03   5.11652E-04   4.34419E-03   3.96093E-03   4.32213E-04   2.39232E-03  -4.34342E-03  -2.00142E-03  -3.41277E-03  -2.79528E-03   1.62857E-03   2.57165E-05   3.58464E-03   1.96196E-03   3.79987E-04   9.90861E-04  -2.90878E-03  -7.24573E-04  -1.77460E-03  -1.01024E-03   1.80036E-03  -3.47430E-04   2.80432E-03  -9.60429E-06   6.37734E-04
 7.26000E+02   1.29516E-03  -1.28748E-02  -7.69386E-03  -5.90828E-03  -7.46854E-03   4.20748E-03  -7.54463E-05   7.97098E-03   5.99000E-03   3.14173E-03   5.20185E-03  -3.96617E-03  -3.21051E-04  -5.97369E-03  -4.38617E-03  -1.76742E-03  -3.43185E-03   3.46046E-03   7.23811E-04   4.28433E-03   3.93550E-03   2.67177E-04   2.10032E-03  -4.40208E-03  -2.19702E-03  -3.28212E-03  -2.63693E-03   1.74822E-03   2.99674E-04   3.54200E-03   1.96058E-03   2.70129E-04   7.24411E-04  -2.92841E-03  -8.70370E-04  -1.71134E-03  -8.24361E-04   1.83647E-03  -7.44086E-05   2.78928E-03   5.20150E-05   6.30195E-04
 7.31200E+02   1.14987E-03  -1.28019E-02  -7.71682E-03  -5.77588E-03  -7.31146E-03   4.29397E-03   1.25374E-04   7.91671E-03   6.02353E-03   2.98871E-03   5.01607E-03  -4.06408E-03  -5.43289E-04  -5.91431E-03  -4.41316E-03  -1.61475E-03  -3.23460E-03   3.54476E-03   9.30840E-04   4.21286E-03   3.90775E-03   1.05218E-04   1.81330E-03  -4.44090E-03  -2.38540E-03  -3.13888E-03  -2.47905E-03   1.85468E-03   5.66287E-04   3.47796E-03   1.95603E-03   1.61516E-04   4.63596E-04  -2.92481E-03  -1.01069E-03  -1.63579E-03  -6.41767E-04   1.85521E-03   1.91493E-04   2.74908E-03   1.11880E-04   6.16974E-04
 7.36500E+02   1.00523E-03  -1.27248E-02  -7.74234E-03  -5.64118E-03  -7.15668E-03   4.37680E-03   3.25787E-04   7.85487E-03   6.05758E-03   2.83244E-03   4.83088E-03  -4.15543E-03  -7.64503E-04  -5.84390E-03  -4.43871E-03  -1.45864E-03  -3.03709E-03   3.61965E-03   1.13579E-03   4.12847E-03   3.87699E-03  -5.74941E-05   1.52708E-03  -4.46133E-03  -2.56889E-03  -2.98015E-03  -2.31936E-03   1.95071E-03   8.28819E-04   3.39166E-03   1.94805E-03   5.16858E-05   2.05347E-04  -2.89851E-03  -1.14698E-03  -1.54659E-03  -4.60390E-04   1.85746E-03   4.53104E-04   2.68353E-03   1.70611E-04   5.97930E-04
 7.41800E+02   8.64126E-04  -1.26453E-02  -7.76961E-03  -5.50595E-03  -7.00708E-03   4.45537E-03   5.21587E-04   7.78679E-03   6.09110E-03   2.67512E-03   4.64994E-03  -4.23937E-03  -9.79816E-04  -5.76395E-03  -4.46190E-03  -1.30143E-03  -2.84346E-03   3.68445E-03   1.33386E-03   4.03292E-03   3.84346E-03  -2.18535E-04   1.24827E-03  -4.46377E-03  -2.74268E-03  -2.80892E-03  -2.16147E-03   2.03524E-03   1.08047E-03   3.28524E-03   1.93649E-03  -5.76123E-05  -4.36044E-05  -2.85074E-03  -1.27542E-03  -1.44563E-03  -2.85010E-04   1.84378E-03   7.03258E-04   2.59455E-03   2.26580E-04   5.73576E-04
 7.47200E+02   7.24046E-04  -1.25620E-02  -7.79865E-03  -5.36690E-03  -6.85965E-03   4.53208E-03   7.16058E-04   7.71141E-03   6.12414E-03   2.51315E-03   4.46985E-03  -4.31834E-03  -1.19259E-03  -5.67320E-03  -4.48256E-03  -1.13964E-03  -2.65036E-03   3.74113E-03   1.52783E-03   3.92466E-03   3.80604E-03  -3.81508E-04   9.72699E-04  -4.44912E-03  -2.90856E-03  -2.62206E-03  -2.00287E-03   2.11057E-03   1.32415E-03   3.15735E-03   1.92075E-03  -1.68698E-04  -2.86139E-04  -2.78147E-03  -1.39711E-03  -1.33135E-03  -1.13627E-04   1.81461E-03   9.44454E-04   2.48138E-03   2.80318E-04   5.43648E-04
 7.52600E+02   5.87687E-04  -1.24767E-02  -7.82830E-03  -5.22600E-03  -6.71675E-03   4.60634E-03   9.05212E-04   7.63036E-03   6.15540E-03   2.34898E-03   4.29381E-03  -4.39161E-03  -1.39818E-03  -5.57363E-03  -4.49959E-03  -9.75854E-04  -2.46154E-03   3.78934E-03   1.71314E-03   3.80601E-03   3.76479E-03  -5.43832E-04   7.06480E-04  -4.41852E-03  -3.06195E-03  -2.42336E-03  -1.84684E-03   2.17601E-03   1.55351E-03   3.01119E-03   1.90064E-03  -2.79678E-04  -5.16035E-04  -2.69298E-03  -1.50847E-03  -1.20632E-03   4.93593E-05   1.77126E-03   1.17006E-03   2.34718E-03   3.30317E-04   5.08943E-04
 7.58000E+02   4.55024E-04  -1.23898E-02  -7.85785E-03  -5.08285E-03  -6.57777E-03   4.67890E-03   1.08883E-03   7.54405E-03   6.18413E-03   2.18230E-03   4.12149E-03  -4.46001E-03  -1.59614E-03  -5.46582E-03  -4.51230E-03  -8.09883E-04  -2.27694E-03   3.82994E-03   1.88908E-03   3.67768E-03   3.71908E-03  -7.05810E-04   4.50233E-04  -4.37331E-03  -3.20162E-03  -2.21360E-03  -1.69352E-03   2.23245E-03   1.76719E-03   2.84823E-03   1.87573E-03  -3.90614E-04  -7.32008E-04  -2.58689E-03  -1.60847E-03  -1.07147E-03   2.03038E-04   1.71496E-03   1.37845E-03   2.19380E-03   3.76185E-04   4.69878E-04
 7.63500E+02   3.23648E-04  -1.22999E-02  -7.88704E-03  -4.93446E-03  -6.43956E-03   4.75165E-03   1.26997E-03   7.45117E-03   6.20998E-03   2.00980E-03   3.94933E-03  -4.52536E-03  -1.78948E-03  -5.34820E-03  -4.52002E-03  -6.38551E-04  -2.09314E-03   3.86425E-03   2.05799E-03   3.53782E-03   3.66722E-03  -8.70562E-04   2.00010E-04  -4.31359E-03  -3.32860E-03  -1.98963E-03  -1.54020E-03   2.28152E-03   1.96741E-03   2.66662E-03   1.84496E-03  -5.03495E-04  -9.36496E-04  -2.46251E-03  -1.69764E-03  -9.25070E-04   3.49177E-04   1.64559E-03   1.57145E-03   2.01984E-03   4.18288E-04   4.26070E-04
 7.69000E+02   1.95970E-04  -1.22087E-02  -7.91449E-03  -4.78338E-03  -6.30396E-03   4.82367E-03   1.44503E-03   7.35374E-03   6.23155E-03   1.83456E-03   3.78005E-03  -4.58691E-03  -1.97406E-03  -5.22340E-03  -4.52170E-03  -4.65050E-04  -1.91338E-03   3.89214E-03   2.21587E-03   3.38962E-03   3.60928E-03  -1.03503E-03  -3.89396E-05  -4.24140E-03  -3.43900E-03  -1.75643E-03  -1.38971E-03   2.32282E-03   2.14890E-03   2.47102E-03   1.80825E-03  -6.16074E-04  -1.12433E-03  -2.32347E-03  -1.77310E-03  -7.70738E-04   4.84125E-04   1.56544E-03   1.74366E-03   1.83017E-03   4.55400E-04   3.78710E-04
 7.74600E+02   6.96706E-05  -1.21150E-02  -7.93983E-03  -4.62688E-03  -6.16779E-03   4.89653E-03   1.61690E-03   7.25035E-03   6.24828E-03   1.65353E-03   3.61010E-03  -4.64608E-03  -2.15267E-03  -5.08970E-03  -4.51643E-03  -2.86487E-04  -1.73422E-03   3.91452E-03   2.36476E-03   3.23115E-03   3.54330E-03  -1.20194E-03  -2.70346E-04  -4.15643E-03  -3.53333E-03  -1.51096E-03  -1.23929E-03   2.35756E-03   2.31338E-03   2.25945E-03   1.76429E-03  -7.30054E-04  -1.29756E-03  -2.16881E-03  -1.83498E-03  -6.06822E-04   6.09421E-04   1.47416E-03   1.89642E-03   1.62325E-03   4.87760E-04   3.27396E-04
 7.80200E+02  -5.30170E-05  -1.20204E-02  -7.96176E-03  -4.46793E-03  -6.03276E-03   4.96901E-03   1.78227E-03   7.14323E-03   6.25896E-03   1.47028E-03   3.44199E-03  -4.70200E-03  -2.32161E-03  -4.95014E-03  -4.50337E-03  -1.06498E-04  -1.55867E-03   3.93135E-03   2.50119E-03   3.06611E-03   3.46957E-03  -1.36786E-03  -4.89563E-04  -4.06120E-03  -3.60847E-03  -1.25903E-03  -1.09155E-03   2.38545E-03   2.45652E-03   2.03747E-03   1.71324E-03  -8.42917E-04  -1.45189E-03  -2.00299E-03  -1.88107E-03  -4.37582E-04   7.22023E-04   1.37458E-03   2.02539E-03   1.40494E-03   5.14399E-04   2.73556E-04
 7.85800E+02  -1.72227E-04  -1.19253E-02  -7.97958E-03  -4.30697E-03  -5.89814E-03   5.04105E-03   1.94111E-03   7.03287E-03   6.26290E-03   1.28535E-03   3.27520E-03  -4.75481E-03  -2.48068E-03  -4.80555E-03  -4.48192E-03   7.42655E-05  -1.38642E-03   3.94299E-03   2.62482E-03   2.89565E-03   3.38746E-03  -1.53217E-03  -6.96504E-04  -3.95702E-03  -3.66371E-03  -1.00244E-03  -9.46314E-04   2.40696E-03   2.57766E-03   1.80728E-03   1.65473E-03  -9.54077E-04  -1.58681E-03  -1.82810E-03  -1.91081E-03  -2.64642E-04   8.21589E-04   1.26818E-03   2.12982E-03   1.17785E-03   5.35132E-04   2.17815E-04
 7.91500E+02  -2.90146E-04  -1.18281E-02  -7.99292E-03  -4.14160E-03  -5.76087E-03   5.11370E-03   2.09612E-03   6.91776E-03   6.25941E-03   1.09610E-03   3.10626E-03  -4.80537E-03  -2.63239E-03  -4.65410E-03  -4.45093E-03   2.58241E-04  -1.21417E-03   3.94982E-03   2.73729E-03   2.71782E-03   3.29479E-03  -1.69699E-03  -8.94558E-04  -3.84304E-03  -3.69896E-03  -7.38485E-04  -8.00877E-04   2.42265E-03   2.67796E-03   1.56689E-03   1.58721E-03  -1.06476E-03  -1.70388E-03  -1.64297E-03  -1.92392E-03  -8.65780E-05   9.09347E-04   1.15439E-03   2.21043E-03   9.40471E-04   5.50049E-04   1.59791E-04
 7.97200E+02  -4.04777E-04  -1.17306E-02  -8.00096E-03  -3.97538E-03  -5.62281E-03   5.18534E-03   2.24450E-03   6.80034E-03   6.24793E-03   9.06654E-04   2.93771E-03  -4.85262E-03  -2.77381E-03  -4.49922E-03  -4.41035E-03   4.41277E-04  -1.04469E-03   3.95180E-03   2.83621E-03   2.53688E-03   3.19257E-03  -1.85843E-03  -1.08006E-03  -3.72229E-03  -3.71280E-03  -4.73817E-04  -6.57664E-04   2.43237E-03   2.75489E-03   1.32279E-03   1.51148E-03  -1.17217E-03  -1.80044E-03  -1.45285E-03  -1.91954E-03   9.16934E-05   9.83357E-04   1.03658E-03   2.26498E-03   6.99646E-04   5.58681E-04   1.01154E-04
 8.02900E+02  -5.16294E-04  -1.16330E-02  -8.00341E-03  -3.80903E-03  -5.48350E-03   5.25556E-03   2.38641E-03   6.68111E-03   6.22822E-03   7.17914E-04   2.76918E-03  -4.89635E-03  -2.90507E-03  -4.34181E-03  -4.35998E-03   6.22371E-04  -8.77722E-04   3.94906E-03   2.92165E-03   2.35409E-03   3.08061E-03  -2.01548E-03  -1.25324E-03  -3.59593E-03  -3.70523E-03  -2.10601E-04  -5.16501E-04   2.43631E-03   2.80859E-03   1.07737E-03   1.42750E-03  -1.27542E-03  -1.87665E-03  -1.25993E-03  -1.89776E-03   2.68295E-04   1.04374E-03   9.16273E-04   2.29362E-03   4.58225E-04   5.61066E-04   4.25912E-05
 8.08700E+02  -6.26753E-04  -1.15337E-02  -8.00004E-03  -3.64044E-03  -5.34017E-03   5.32502E-03   2.52437E-03   6.55840E-03   6.19963E-03   5.27546E-04   2.59742E-03  -4.93698E-03  -3.02846E-03  -4.17990E-03  -4.29868E-03   8.03584E-04  -7.10146E-04   3.94149E-03   2.99501E-03   2.16748E-03   2.95670E-03  -2.16970E-03  -1.41717E-03  -3.46271E-03  -3.67588E-03   5.35236E-05  -3.74819E-04   2.43451E-03   2.83983E-03   8.28746E-04   1.33367E-03  -1.37530E-03  -1.93371E-03  -1.06294E-03  -1.85803E-03   4.44359E-04   1.09147E-03   7.92764E-04   2.29667E-03   2.14833E-04   5.57201E-04  -1.62248E-05
 8.14600E+02  -7.36190E-04  -1.14328E-02  -7.99060E-03  -3.47045E-03  -5.19253E-03   5.39309E-03   2.65835E-03   6.43260E-03   6.16186E-03   3.36634E-04   2.42222E-03  -4.97398E-03  -3.14382E-03  -4.01426E-03  -4.22610E-03   9.83650E-04  -5.41870E-04   3.92884E-03   3.05603E-03   1.97828E-03   2.82050E-03  -2.31962E-03  -1.57169E-03  -3.32345E-03  -3.62428E-03   3.16106E-04  -2.32602E-04   2.42674E-03   2.84815E-03   5.79415E-04   1.22979E-03  -1.47054E-03  -1.97125E-03  -8.64011E-04  -1.80003E-03   6.17743E-04   1.12631E-03   6.67474E-04   2.27367E-03  -2.75225E-05   5.46972E-04  -7.45511E-05
 8.20500E+02  -8.42874E-04  -1.13320E-02  -7.97532E-03  -3.30279E-03  -5.04303E-03   5.45795E-03   2.78626E-03   6.30620E-03   6.11565E-03   1.49444E-04   2.24646E-03  -5.00623E-03  -3.24940E-03  -3.84843E-03  -4.14360E-03   1.15833E-03  -3.75642E-04   3.91114E-03   3.10392E-03   1.79090E-03   2.67448E-03  -2.46138E-03  -1.71441E-03  -3.18138E-03  -3.55170E-03   5.70364E-04  -9.22309E-05   2.41298E-03   2.83387E-03   3.36028E-04   1.11784E-03  -1.55840E-03  -1.98905E-03  -6.68610E-04  -1.72515E-03   7.83475E-04   1.14794E-03   5.43932E-04   2.22558E-03  -2.61830E-04   5.30695E-04  -1.30685E-04
 8.26400E+02  -9.46999E-04  -1.12314E-02  -7.95459E-03  -3.13816E-03  -4.89175E-03   5.51909E-03   2.90848E-03   6.17953E-03   6.06148E-03  -3.31496E-05   2.07015E-03  -5.03338E-03  -3.34578E-03  -3.68311E-03  -4.05175E-03   1.32661E-03  -2.11356E-04   3.88831E-03   3.13942E-03   1.60641E-03   2.51922E-03  -2.59389E-03  -1.84596E-03  -3.03733E-03  -3.45939E-03   8.14288E-04   4.63194E-05   2.39320E-03   2.79832E-03   1.00726E-04   9.98368E-04  -1.63795E-03  -1.98826E-03  -4.78618E-04  -1.63444E-03   9.39799E-04   1.15714E-03   4.23407E-04   2.15396E-03  -4.85533E-04   5.08752E-04  -1.84002E-04
 8.32400E+02  -1.05046E-03  -1.11292E-02  -7.92847E-03  -2.97445E-03  -4.73631E-03   5.57693E-03   3.02738E-03   6.05070E-03   5.99890E-03  -2.13353E-04   1.89040E-03  -5.05539E-03  -3.43501E-03  -3.51606E-03  -3.94949E-03   1.49030E-03  -4.62274E-05   3.85971E-03   3.16370E-03   1.42271E-03   2.35266E-03  -2.71812E-03  -1.96900E-03  -2.88952E-03  -3.34681E-03   1.04990E-03   1.85325E-04   2.36684E-03   2.74197E-03  -1.28316E-04   8.69885E-04  -1.70943E-03  -1.96977E-03  -2.92666E-04  -1.52730E-03   1.08749E-03   1.15464E-03   3.05093E-04   2.05887E-03  -6.99793E-04   4.81086E-04  -2.34756E-04
 8.38400E+02  -1.15164E-03  -1.10272E-02  -7.89789E-03  -2.81496E-03  -4.57960E-03   5.63000E-03   3.14127E-03   5.92203E-03   5.92955E-03  -3.87397E-04   1.71040E-03  -5.07143E-03  -3.51608E-03  -3.35057E-03  -3.83918E-03   1.64568E-03   1.16931E-04   3.82555E-03   3.17704E-03   1.24375E-03   2.17829E-03  -2.83085E-03  -2.08192E-03  -2.74098E-03  -3.21712E-03   1.27137E-03   3.22338E-04   2.33408E-03   2.66704E-03  -3.45322E-04   7.35203E-04  -1.77063E-03  -1.93498E-03  -1.15527E-04  -1.40664E-03   1.22237E-03   1.14122E-03   1.92076E-04   1.94346E-03  -8.98632E-04   4.48550E-04  -2.81502E-04
 8.44400E+02  -1.25072E-03  -1.09253E-02  -7.86356E-03  -2.66000E-03  -4.42204E-03   5.67795E-03   3.25061E-03   5.79360E-03   5.85428E-03  -5.54821E-04   1.53042E-03  -5.08119E-03  -3.58971E-03  -3.18692E-03  -3.72178E-03   1.79217E-03   2.78050E-04   3.78567E-03   3.18047E-03   1.07014E-03   1.99719E-03  -2.93132E-03  -2.18546E-03  -2.59212E-03  -3.07223E-03   1.47735E-03   4.57218E-04   2.29482E-03   2.57549E-03  -5.48881E-04   5.95280E-04  -1.82086E-03  -1.88554E-03   5.15588E-05  -1.27411E-03   1.34321E-03   1.11795E-03   8.51961E-05   1.81004E-03  -1.08029E-03   4.11714E-04  -3.23809E-04
 8.50500E+02  -1.34944E-03  -1.08217E-02  -7.82558E-03  -2.50726E-03  -4.26144E-03   5.72123E-03   3.35752E-03   5.66328E-03   5.77262E-03  -7.17958E-04   1.34782E-03  -5.08445E-03  -3.65767E-03  -3.02262E-03  -3.59622E-03   1.93151E-03   4.39635E-04   3.73911E-03   3.17488E-03   8.99560E-04   1.80735E-03  -3.02026E-03  -2.28184E-03  -2.44078E-03  -2.91138E-03   1.66983E-03   5.91957E-04   2.24813E-03   2.46746E-03  -7.40910E-04   4.48715E-04  -1.86009E-03  -1.82202E-03   2.10117E-04  -1.12900E-03   1.45065E-03   1.08536E-03  -1.64886E-05   1.65845E-03  -1.24593E-03   3.70477E-04  -3.61912E-04
 8.56700E+02  -1.44782E-03  -1.07163E-02  -7.78455E-03  -2.35696E-03  -4.09832E-03   5.75945E-03   3.46222E-03   5.53099E-03   5.68528E-03  -8.76338E-04   1.16303E-03  -5.08071E-03  -3.72034E-03  -2.85783E-03  -3.46331E-03   2.06296E-03   6.01382E-04   3.68543E-03   3.16091E-03   7.32591E-04   1.60978E-03  -3.09657E-03  -2.37131E-03  -2.28713E-03  -2.73609E-03   1.84718E-03   7.26165E-04   2.19353E-03   2.34442E-03  -9.19803E-04   2.96469E-04  -1.88728E-03  -1.74560E-03   3.58812E-04  -9.72740E-04   1.54313E-03   1.04423E-03  -1.12099E-04   1.49056E-03  -1.39344E-03   3.25317E-04  -3.95282E-04
 8.62900E+02  -1.54433E-03  -1.06107E-02  -7.74181E-03  -2.21149E-03  -3.93583E-03   5.79183E-03   3.56326E-03   5.39872E-03   5.59450E-03  -1.02728E-03   9.79485E-04  -5.06972E-03  -3.77721E-03  -2.69516E-03  -3.32618E-03   2.18403E-03   7.60372E-04   3.62521E-03   3.13968E-03   5.72179E-04   1.40890E-03  -3.15838E-03  -2.45288E-03  -2.13371E-03  -2.55113E-03   2.00559E-03   8.57273E-04   2.13165E-03   2.21024E-03  -1.08171E-03   1.42156E-04  -1.90135E-03  -1.65911E-03   4.94418E-04  -8.09633E-04   1.61819E-03   9.96252E-04  -1.99538E-04   1.31149E-03  -1.51914E-03   2.77566E-04  -4.23050E-04
 8.69100E+02  -1.63903E-03  -1.05047E-02  -7.69803E-03  -2.07052E-03  -3.77450E-03   5.81845E-03   3.66094E-03   5.26624E-03   5.50114E-03  -1.17101E-03   7.97673E-04  -5.05145E-03  -3.82887E-03  -2.53444E-03  -3.18590E-03   2.29477E-03   9.16301E-04   3.55833E-03   3.11218E-03   4.18272E-04   1.20606E-03  -3.20557E-03  -2.52709E-03  -1.98046E-03  -2.35866E-03   2.14486E-03   9.84886E-04   2.06239E-03   2.06710E-03  -1.22636E-03  -1.29606E-05  -1.90211E-03  -1.56435E-03   6.16655E-04  -6.41680E-04   1.67551E-03   9.42607E-04  -2.78600E-04   1.12395E-03  -1.62256E-03   2.27907E-04  -4.45099E-04
 8.75400E+02  -1.73343E-03  -1.03965E-02  -7.65301E-03  -1.93145E-03  -3.61224E-03   5.83980E-03   3.75695E-03   5.13115E-03   5.40442E-03  -1.31001E-03   6.15189E-04  -5.02543E-03  -3.87650E-03  -2.37285E-03  -3.04117E-03   2.39693E-03   1.07125E-03   3.48348E-03   3.07871E-03   2.68354E-04   9.99295E-04  -3.23858E-03  -2.59540E-03  -1.82480E-03  -2.15754E-03   2.26681E-03   1.11051E-03   1.98440E-03   1.91460E-03  -1.35564E-03  -1.70095E-04  -1.88920E-03  -1.46137E-03   7.27107E-04  -4.68071E-04   1.71548E-03   8.83459E-04  -3.50292E-04   9.27427E-04  -1.70467E-03   1.76175E-04  -4.61605E-04
 8.81700E+02  -1.82597E-03  -1.02877E-02  -7.60789E-03  -1.79606E-03  -3.45211E-03   5.85564E-03   3.84980E-03   4.99527E-03   5.30650E-03  -1.44238E-03   4.35482E-04  -4.99201E-03  -3.91959E-03  -2.21264E-03  -2.89518E-03   2.48896E-03   1.22226E-03   3.40164E-03   3.04050E-03   1.24661E-04   7.93189E-04  -3.25672E-03  -2.65690E-03  -1.66900E-03  -1.95285E-03   2.36934E-03   1.23154E-03   1.89874E-03   1.75701E-03  -1.46729E-03  -3.25429E-04  -1.86258E-03  -1.35332E-03   8.23826E-04  -2.93472E-04   1.73716E-03   8.20738E-04  -4.13336E-04   7.27544E-04  -1.76377E-03   1.23832E-04  -4.72201E-04
 8.88100E+02  -1.91803E-03  -1.01763E-02  -7.56225E-03  -1.66169E-03  -3.29198E-03   5.86644E-03   3.94093E-03   4.85611E-03   5.20634E-03  -1.57063E-03   2.56267E-04  -4.95060E-03  -3.95897E-03  -2.05093E-03  -2.74646E-03   2.57252E-03   1.37117E-03   3.31134E-03   2.99750E-03  -1.53286E-05   5.85795E-04  -3.26026E-03  -2.71260E-03  -1.51037E-03  -1.74323E-03   2.45410E-03   1.34919E-03   1.80391E-03   1.59363E-03  -1.56310E-03  -4.80049E-04  -1.82172E-03  -1.23997E-03   9.08331E-04  -1.17051E-04   1.74078E-03   7.54412E-04  -4.68708E-04   5.23646E-04  -1.80066E-03   7.06931E-05  -4.77017E-04
 8.94500E+02  -2.00802E-03  -1.00640E-02  -7.51695E-03  -1.52988E-03  -3.13473E-03   5.87228E-03   4.02874E-03   4.71551E-03   5.10589E-03  -1.69321E-03   8.09137E-05  -4.90191E-03  -3.99401E-03  -1.88986E-03  -2.59806E-03   2.64659E-03   1.51505E-03   3.21391E-03   2.95084E-03  -1.49729E-04   3.81643E-04  -3.24926E-03  -2.76157E-03  -1.35115E-03  -1.53371E-03   2.52001E-03   1.46085E-03   1.70133E-03   1.42873E-03  -1.64177E-03  -6.30147E-04  -1.76730E-03  -1.12447E-03   9.79436E-04   5.65226E-05   1.72639E-03   6.86422E-04  -5.15620E-04   3.21371E-04  -1.81490E-03   1.82228E-05  -4.76010E-04
 9.00900E+02  -2.09582E-03  -9.95056E-03  -7.47197E-03  -1.40001E-03  -2.98060E-03   5.87355E-03   4.11307E-03   4.57322E-03   5.00541E-03  -1.81073E-03  -9.01088E-05  -4.84619E-03  -4.02472E-03  -1.72907E-03  -2.45062E-03   2.71175E-03   1.65334E-03   3.10946E-03   2.90093E-03  -2.79003E-04   1.81896E-04  -3.22429E-03  -2.80375E-03  -1.19115E-03  -1.32595E-03   2.56790E-03   1.56585E-03   1.59120E-03   1.26390E-03  -1.70403E-03  -7.74441E-04  -1.69981E-03  -1.00816E-03   1.03772E-03   2.25462E-04   1.69468E-03   6.17640E-04  -5.54426E-04   1.23035E-04  -1.80739E-03  -3.29821E-05  -4.69407E-04
 9.07400E+02  -2.18259E-03  -9.83423E-03  -7.42648E-03  -1.26952E-03  -2.82742E-03   5.87061E-03   4.19490E-03   4.42673E-03   4.90344E-03  -1.92553E-03  -2.58916E-04  -4.78273E-03  -4.05131E-03  -1.56573E-03  -2.30239E-03   2.76941E-03   1.78751E-03   2.99641E-03   2.84721E-03  -4.05513E-04  -1.53595E-05  -3.18534E-03  -2.83948E-03  -1.02768E-03  -1.11823E-03   2.59907E-03   1.66494E-03   1.47191E-03   1.09804E-03  -1.75136E-03  -9.13789E-04  -1.61851E-03  -8.90411E-04   1.08446E-03   3.90582E-04   1.64563E-03   5.47766E-04  -5.85968E-04  -7.21699E-05  -1.77860E-03  -8.31214E-05  -4.57261E-04
 9.14000E+02  -2.26802E-03  -9.71488E-03  -7.38019E-03  -1.13793E-03  -2.67544E-03   5.86367E-03   4.27370E-03   4.27582E-03   4.79998E-03  -2.03799E-03  -4.24843E-04  -4.71159E-03  -4.07334E-03  -1.39956E-03  -2.15386E-03   2.81983E-03   1.91666E-03   2.87474E-03   2.78969E-03  -5.29483E-04  -2.08814E-04  -3.13256E-03  -2.86817E-03  -8.60652E-04  -9.12103E-04   2.61379E-03   1.75700E-03   1.34353E-03   9.32578E-04  -1.78401E-03  -1.04661E-03  -1.52361E-03  -7.72341E-04   1.11987E-03   5.49930E-04   1.57952E-03   4.77525E-04  -6.10369E-04  -2.61861E-04  -1.72891E-03  -1.31561E-04  -4.39668E-04
 9.20600E+02  -2.35054E-03  -9.59429E-03  -7.33340E-03  -1.00685E-03  -2.52707E-03   5.85318E-03   4.34778E-03   4.12265E-03   4.69647E-03  -2.14684E-03  -5.84843E-04  -4.63414E-03  -4.09000E-03  -1.23292E-03  -2.00766E-03   2.86271E-03   2.03807E-03   2.74652E-03   2.72924E-03  -6.49327E-04  -3.94421E-04  -3.06736E-03  -2.88886E-03  -6.92588E-04  -7.12015E-04   2.61265E-03   1.83968E-03   1.20838E-03   7.71256E-04  -1.80223E-03  -1.16951E-03  -1.41720E-03  -6.56747E-04   1.14397E-03   6.99366E-04   1.49820E-03   4.08636E-04  -6.27616E-04  -4.41044E-04  -1.66013E-03  -1.77006E-04  -4.17174E-04
 9.27200E+02  -2.42992E-03  -9.47253E-03  -7.28563E-03  -8.75945E-04  -2.38227E-03   5.83954E-03   4.41668E-03   3.96727E-03   4.59269E-03  -2.25249E-03  -7.38552E-04  -4.55086E-03  -4.10089E-03  -1.06576E-03  -1.86400E-03   2.89864E-03   2.15112E-03   2.61226E-03   2.66582E-03  -7.65365E-04  -5.71328E-04  -2.99073E-03  -2.90113E-03  -5.23647E-04  -5.19018E-04   2.59689E-03   1.91222E-03   1.06710E-03   6.15093E-04  -1.80712E-03  -1.28140E-03  -1.30032E-03  -5.44459E-04   1.15763E-03   8.37505E-04   1.40305E-03   3.41645E-04  -6.38260E-04  -6.07999E-04  -1.57395E-03  -2.19000E-04  -3.90222E-04
 9.33900E+02  -2.50707E-03  -9.34785E-03  -7.23558E-03  -7.43078E-04  -2.23885E-03   5.82282E-03   4.48089E-03   3.80743E-03   4.48675E-03  -2.35681E-03  -8.87830E-04  -4.46088E-03  -4.10559E-03  -8.95617E-04  -1.72090E-03   2.92862E-03   2.25679E-03   2.47038E-03   2.59831E-03  -8.79502E-04  -7.41258E-04  -2.90229E-03  -2.90453E-03  -3.51538E-04  -3.31251E-04   2.56724E-03   1.97478E-03   9.18233E-04   4.62708E-04  -1.79964E-03  -1.38270E-03  -1.17219E-03  -4.34564E-04   1.16174E-03   9.64929E-04   1.29383E-03   2.76051E-04  -6.42893E-04  -7.63434E-04  -1.47053E-03  -2.57690E-04  -3.58796E-04
 9.40700E+02  -2.58162E-03  -9.22036E-03  -7.18260E-03  -6.08218E-04  -2.09684E-03   5.80324E-03   4.53966E-03   3.64331E-03   4.37829E-03  -2.45990E-03  -1.03210E-03  -4.36456E-03  -4.10335E-03  -7.22691E-04  -1.57856E-03   2.95290E-03   2.35414E-03   2.32136E-03   2.52639E-03  -9.91716E-04  -9.03116E-04  -2.80273E-03  -2.89820E-03  -1.76679E-04  -1.49845E-04   2.52445E-03   2.02617E-03   7.62473E-04   3.15118E-04  -1.78046E-03  -1.47198E-03  -1.03376E-03  -3.27852E-04   1.15682E-03   1.07995E-03   1.17166E-03   2.12362E-04  -6.41840E-04  -9.05355E-04  -1.35120E-03  -2.92536E-04  -3.23260E-04
 9.47500E+02  -2.65220E-03  -9.09216E-03  -7.12683E-03  -4.73471E-04  -1.95824E-03   5.78132E-03   4.59157E-03   3.47771E-03   4.26849E-03  -2.56026E-03  -1.16886E-03  -4.26382E-03  -4.09358E-03  -5.49889E-04  -1.43914E-03   2.97149E-03   2.44104E-03   2.16810E-03   2.45089E-03  -1.10032E-03  -1.05375E-03  -2.69452E-03  -2.88160E-03  -2.22945E-06   2.17227E-05   2.47027E-03   2.06479E-03   6.03104E-04   1.75236E-04  -1.75085E-03  -1.54684E-03  -8.88368E-04  -2.26485E-04   1.14368E-03   1.17963E-03   1.03990E-03   1.51903E-04  -6.35601E-04  -1.03020E-03  -1.21958E-03  -3.22626E-04  -2.84641E-04
 9.54300E+02  -2.71863E-03  -8.96351E-03  -7.06775E-03  -3.39104E-04  -1.82288E-03   5.75728E-03   4.63624E-03   3.31111E-03   4.15701E-03  -2.65789E-03  -1.29797E-03  -4.15933E-03  -4.07590E-03  -3.77703E-04  -1.30260E-03   2.98486E-03   2.51715E-03   2.01151E-03   2.37161E-03  -1.20524E-03  -1.19277E-03  -2.57890E-03  -2.85437E-03   1.71087E-04   1.83011E-04   2.40607E-03   2.09020E-03   4.41325E-04   4.35027E-05  -1.71203E-03  -1.60670E-03  -7.37624E-04  -1.30829E-04   1.12328E-03   1.26326E-03   9.00447E-04   9.49177E-05  -6.24776E-04  -1.13711E-03  -1.07791E-03  -3.47729E-04  -2.43550E-04
 9.61200E+02  -2.78171E-03  -8.83285E-03  -7.00395E-03  -2.03549E-04  -1.68864E-03   5.73094E-03   4.67389E-03   3.14167E-03   4.04184E-03  -2.75404E-03  -1.42109E-03  -4.05014E-03  -4.04957E-03  -2.04238E-04  -1.16691E-03   2.99347E-03   2.58310E-03   1.85022E-03   2.28717E-03  -1.30778E-03  -1.32171E-03  -2.45531E-03  -2.81562E-03   3.44937E-04   3.35871E-04   2.33208E-03   2.10215E-03   2.76022E-04  -8.15367E-05  -1.66445E-03  -1.65171E-03  -5.80895E-04  -3.98649E-05   1.09610E-03   1.33124E-03   7.53079E-04   4.08234E-05  -6.09703E-04  -1.22665E-03  -9.26269E-04  -3.67943E-04  -1.99969E-04
 9.68100E+02  -2.84037E-03  -8.70240E-03  -6.93592E-03  -6.92995E-05  -1.55734E-03   5.70277E-03   4.70363E-03   2.97252E-03   3.92434E-03  -2.84701E-03  -1.53629E-03  -3.93845E-03  -4.01459E-03  -3.27511E-05  -1.03401E-03   2.99743E-03   2.63757E-03   1.68755E-03   2.19859E-03  -1.40614E-03  -1.43833E-03  -2.32670E-03  -2.76556E-03   5.15799E-04   4.77713E-04   2.25054E-03   2.10004E-03   1.10958E-04  -1.97714E-04  -1.60984E-03  -1.68068E-03  -4.22130E-04   4.48015E-05   1.06330E-03   1.38195E-03   6.01838E-04  -9.40545E-06  -5.91094E-04  -1.29681E-03  -7.69057E-04  -3.82779E-04  -1.55141E-04
 9.75100E+02  -2.89539E-03  -8.57067E-03  -6.86234E-03   6.49603E-05  -1.42693E-03   5.67245E-03   4.72568E-03   2.80195E-03   3.80254E-03  -2.93778E-03  -1.64516E-03  -3.82330E-03  -3.97018E-03   1.38397E-04  -9.01921E-04   2.99697E-03   2.68116E-03   1.52222E-03   2.10446E-03  -1.50131E-03  -1.54411E-03  -2.19240E-03  -2.70322E-03   6.85033E-04   6.10356E-04   2.16144E-03   2.08357E-03  -5.47904E-05  -3.06480E-04  -1.54839E-03  -1.69372E-03  -2.60805E-04   1.24201E-04   1.02518E-03   1.41576E-03   4.46533E-04  -5.63659E-05  -5.69170E-04  -1.34814E-03  -6.06313E-04  -3.92333E-04  -1.09057E-04
 9.82200E+02  -2.94664E-03  -8.43807E-03  -6.78292E-03   1.98476E-04  -1.29735E-03   5.63996E-03   4.73977E-03   2.63083E-03   3.67625E-03  -3.02581E-03  -1.74755E-03  -3.70527E-03  -3.91606E-03   3.08221E-04  -7.70631E-04   2.99215E-03   2.71353E-03   1.35533E-03   2.00463E-03  -1.59273E-03  -1.63870E-03  -2.05356E-03  -2.62832E-03   8.51343E-04   7.33466E-04   2.06579E-03   2.05237E-03  -2.19633E-04  -4.07527E-04  -1.48101E-03  -1.69039E-03  -9.87650E-05   1.98090E-04   9.82390E-04   1.43219E-03   2.89194E-04  -9.98990E-05  -5.44354E-04  -1.38009E-03  -4.40353E-04  -3.96449E-04  -6.23676E-05
 9.89300E+02  -2.99349E-03  -8.30687E-03  -6.69874E-03   3.28621E-04  -1.17031E-03   5.60576E-03   4.74578E-03   2.46236E-03   3.54717E-03  -3.10937E-03  -1.84215E-03  -3.58666E-03  -3.85303E-03   4.73374E-04  -6.41932E-04   2.98312E-03   2.73435E-03   1.19035E-03   1.90054E-03  -1.67858E-03  -1.72088E-03  -1.91331E-03  -2.54202E-03   1.01114E-03   8.45351E-04   1.96607E-03   2.00706E-03  -3.79682E-04  -4.99433E-04  -1.40960E-03  -1.67090E-03   5.98589E-05   2.65409E-04   9.36263E-04   1.43115E-03   1.34093E-04  -1.39374E-04  -5.17459E-04  -1.39233E-03  -2.75873E-04  -3.95120E-04  -1.63869E-05
 9.96400E+02  -3.03614E-03  -8.17742E-03  -6.61001E-03   4.54729E-04  -1.04566E-03   5.56987E-03   4.74407E-03   2.29731E-03   3.41542E-03  -3.18804E-03  -1.92930E-03  -3.46807E-03  -3.78150E-03   6.33016E-04  -5.15723E-04   2.97004E-03   2.74412E-03   1.02831E-03   1.79243E-03  -1.75843E-03  -1.79115E-03  -1.77280E-03  -2.44490E-03   1.16334E-03   9.46412E-04   1.86339E-03   1.94828E-03  -5.33513E-04  -5.82497E-04  -1.33512E-03  -1.63599E-03   2.13352E-04   3.26355E-04   8.87536E-04   1.41342E-03  -1.68426E-05  -1.74910E-04  -4.88957E-04  -1.38575E-03  -1.15103E-04  -3.88589E-04   2.82669E-05
 1.00360E+03  -3.07541E-03  -8.04823E-03  -6.51574E-03   5.77868E-04  -9.21567E-04   5.53174E-03   4.73497E-03   2.13409E-03   3.27929E-03  -3.26242E-03  -2.01051E-03  -3.34833E-03  -3.70081E-03   7.88489E-04  -3.90192E-04   2.95274E-03   2.74338E-03   8.67923E-04   1.67899E-03  -1.83289E-03  -1.85088E-03  -1.63109E-03  -2.33607E-03   1.30887E-03   1.03835E-03   1.75725E-03   1.87580E-03  -6.81817E-04  -6.58091E-04  -1.25736E-03  -1.58581E-03   3.62155E-04   3.81914E-04   8.36141E-04   1.37942E-03  -1.63838E-04  -2.07084E-04  -4.58847E-04  -1.36096E-03   4.20499E-05  -3.76977E-04   7.16138E-05
 1.01090E+03  -3.11148E-03  -7.91966E-03  -6.41623E-03   6.97287E-04  -7.98034E-04   5.49125E-03   4.71880E-03   1.97347E-03   3.13899E-03  -3.33189E-03  -2.08598E-03  -3.22795E-03  -3.61132E-03   9.38807E-04  -2.65377E-04   2.93112E-03   2.73248E-03   7.10223E-04   1.56048E-03  -1.90127E-03  -1.90033E-03  -1.48915E-03  -2.21602E-03   1.44641E-03   1.12132E-03   1.64847E-03   1.79013E-03  -8.23022E-04  -7.26318E-04  -1.17702E-03  -1.52091E-03   5.04487E-04   4.32148E-04   7.82604E-04   1.32972E-03  -3.04963E-04  -2.35935E-04  -4.27470E-04  -1.31861E-03   1.93405E-04  -3.60472E-04   1.13035E-04
 1.01820E+03  -3.14417E-03  -7.79370E-03  -6.31338E-03   8.10794E-04  -6.76722E-04   5.44889E-03   4.69637E-03   1.81823E-03   2.99679E-03  -3.39507E-03  -2.15507E-03  -3.10894E-03  -3.51491E-03   1.08116E-03  -1.43001E-04   2.90545E-03   2.71224E-03   5.58188E-04   1.43894E-03  -1.96214E-03  -1.93943E-03  -1.34976E-03  -2.08723E-03   1.57302E-03   1.19464E-03   1.53931E-03   1.69342E-03  -9.53916E-04  -7.86592E-04  -1.09585E-03  -1.44326E-03   6.36910E-04   4.76605E-04   7.28157E-04   1.26613E-03  -4.36646E-04  -2.61214E-04  -3.95579E-04  -1.26051E-03   3.35019E-04  -3.39657E-04   1.51435E-04
 1.02550E+03  -3.17388E-03  -7.67047E-03  -6.20783E-03   9.18071E-04  -5.57584E-04   5.40462E-03   4.66844E-03   1.66871E-03   2.85315E-03  -3.45170E-03  -2.21834E-03  -2.99156E-03  -3.41245E-03   1.21508E-03  -2.30536E-05   2.87575E-03   2.68361E-03   4.12384E-04   1.31492E-03  -2.01524E-03  -1.96905E-03  -1.21356E-03  -1.95085E-03   1.68801E-03   1.25900E-03   1.43039E-03   1.58699E-03  -1.07359E-03  -8.39457E-04  -1.01442E-03  -1.35430E-03   7.58326E-04   5.15665E-04   6.73234E-04   1.19020E-03  -5.57647E-04  -2.83162E-04  -3.63457E-04  -1.18841E-03   4.65458E-04  -3.15029E-04   1.86414E-04
 1.03290E+03  -3.20138E-03  -7.54838E-03  -6.09881E-03   1.02028E-03  -4.39011E-04   5.35773E-03   4.63534E-03   1.52318E-03   2.70658E-03  -3.50224E-03  -2.27710E-03  -2.87443E-03  -3.30336E-03   1.34190E-03   9.60374E-05   2.84156E-03   2.64701E-03   2.71358E-04   1.18729E-03  -2.06091E-03  -1.99032E-03  -1.07924E-03  -1.80610E-03   1.79216E-03   1.31581E-03   1.32073E-03   1.47060E-03  -1.18272E-03  -8.86048E-04  -9.32078E-04  -1.25418E-03   8.69276E-04   5.50148E-04   6.17435E-04   1.10233E-03  -6.68384E-04  -3.02262E-04  -3.30895E-04  -1.10289E-03   5.85091E-04  -2.86710E-04   2.18049E-04
 1.04040E+03  -3.22697E-03  -7.42751E-03  -5.98698E-03   1.11710E-03  -3.21096E-04   5.30810E-03   4.59769E-03   1.38195E-03   2.55758E-03  -3.54635E-03  -2.33168E-03  -2.75767E-03  -3.18840E-03   1.46109E-03   2.14117E-04   2.80271E-03   2.60315E-03   1.35653E-04   1.05663E-03  -2.09867E-03  -2.00381E-03  -9.47289E-04  -1.65402E-03   1.88460E-03   1.36544E-03   1.21073E-03   1.34542E-03  -1.28028E-03  -9.26647E-04  -8.49178E-04  -1.14417E-03   9.68577E-04   5.80245E-04   5.61038E-04   1.00385E-03  -7.67574E-04  -3.18639E-04  -2.98083E-04  -1.00544E-03   6.92470E-04  -2.55135E-04   2.45923E-04
 1.04790E+03  -3.25067E-03  -7.30942E-03  -5.87454E-03   1.20720E-03  -2.05480E-04   5.25631E-03   4.55672E-03   1.24695E-03   2.40871E-03  -3.58327E-03  -2.38176E-03  -2.64288E-03  -3.07000E-03   1.57081E-03   3.29471E-04   2.75964E-03   2.55348E-03   7.33696E-06   9.25322E-04  -2.12781E-03  -2.01006E-03  -8.19759E-04  -1.49788E-03   1.96362E-03   1.40773E-03   1.10215E-03   1.21452E-03  -1.36434E-03  -9.61120E-04  -7.67099E-04  -1.02727E-03   1.05417E-03   6.05838E-04   5.05012E-04   8.97700E-04  -8.53074E-04  -3.32261E-04  -2.65604E-04  -8.99172E-04   7.85221E-04  -2.21253E-04   2.69398E-04
 1.05540E+03  -3.27282E-03  -7.19395E-03  -5.76215E-03   1.29080E-03  -9.22104E-05   5.20233E-03   4.51316E-03   1.11799E-03   2.26050E-03  -3.61310E-03  -2.42782E-03  -2.52997E-03  -2.94909E-03   1.67119E-03   4.41982E-04   2.71236E-03   2.49894E-03  -1.13614E-04   7.94064E-04  -2.14834E-03  -2.00990E-03  -6.96717E-04  -1.33900E-03   2.02916E-03   1.44332E-03   9.95136E-04   1.07941E-03  -1.43475E-03  -9.89964E-04  -6.86009E-04  -9.05168E-04   1.12581E-03   6.27278E-04   4.49504E-04   7.85689E-04  -9.24563E-04  -3.43355E-04  -2.33558E-04  -7.86092E-04   8.62946E-04  -1.85645E-04   2.88362E-04
 1.06310E+03  -3.29425E-03  -7.07788E-03  -5.64745E-03   1.37019E-03   2.15727E-05   5.14461E-03   4.46643E-03   9.91564E-04   2.10958E-03  -3.63652E-03  -2.47132E-03  -2.41583E-03  -2.82324E-03   1.76472E-03   5.54382E-04   2.65946E-03   2.43878E-03  -2.30277E-04   6.60056E-04  -2.16057E-03  -2.00386E-03  -5.75022E-04  -1.17438E-03   2.08253E-03   1.47344E-03   8.86953E-04   9.37856E-04  -1.49285E-03  -1.01418E-03  -6.03880E-04  -7.76116E-04   1.18480E-03   6.45293E-04   3.93150E-04   6.66419E-04  -9.83271E-04  -3.52329E-04  -2.01177E-04  -6.64952E-04   9.26951E-04  -1.47887E-04   3.03100E-04
 1.07070E+03  -3.31435E-03  -6.96554E-03  -5.53545E-03   1.44257E-03   1.31304E-04   5.08535E-03   4.41887E-03   8.72318E-04   1.96235E-03  -3.65270E-03  -2.51082E-03  -2.30475E-03  -2.69814E-03   1.84793E-03   6.62049E-04   2.60295E-03   2.37607E-03  -3.38210E-04   5.29210E-04  -2.16402E-03  -1.99272E-03  -4.59374E-04  -1.01167E-03   2.12164E-03   1.49728E-03   7.81842E-04   7.96791E-04  -1.53631E-03  -1.03310E-03  -5.23974E-04  -6.46704E-04   1.22868E-03   6.59376E-04   3.38211E-04   5.46202E-04  -1.02672E-03  -3.58970E-04  -1.69770E-04  -5.42323E-04   9.74510E-04  -1.09997E-04   3.12972E-04
 1.07850E+03  -3.33405E-03  -6.85224E-03  -5.42221E-03   1.51117E-03   2.41164E-04   5.02218E-03   4.36907E-03   7.55193E-04   1.81350E-03  -3.66243E-03  -2.54807E-03  -2.19213E-03  -2.56960E-03   1.92433E-03   7.68948E-04   2.54056E-03   2.30899E-03  -4.41869E-04   3.97063E-04  -2.15893E-03  -1.97655E-03  -3.45090E-04  -8.45701E-04   2.14814E-03   1.51606E-03   6.75627E-04   6.52059E-04  -1.56690E-03  -1.04770E-03  -4.43154E-04  -5.13396E-04   1.25922E-03   6.70244E-04   2.82553E-04   4.21969E-04  -1.05664E-03  -3.63656E-04  -1.38129E-04  -4.15231E-04   1.00748E-03  -7.10343E-05   3.18366E-04
 1.08630E+03  -3.35293E-03  -6.74064E-03  -5.31102E-03   1.57455E-03   3.48115E-04   4.95664E-03   4.31862E-03   6.42893E-04   1.66736E-03  -3.66556E-03  -2.58215E-03  -2.08066E-03  -2.44155E-03   1.99210E-03   8.71954E-04   2.47382E-03   2.23978E-03  -5.38718E-04   2.67730E-04  -2.14541E-03  -1.95607E-03  -2.35024E-04  -6.81947E-04   2.16134E-03   1.52939E-03   5.71008E-04   5.08734E-04  -1.58378E-03  -1.05768E-03  -3.63510E-04  -3.81122E-04   1.27556E-03   6.77660E-04   2.27637E-04   2.98512E-04  -1.07215E-03  -3.66316E-04  -1.07091E-04  -2.88718E-04   1.02490E-03  -3.25383E-05   3.19111E-04
 1.09410E+03  -3.37103E-03  -6.63045E-03  -5.20212E-03   1.63327E-03   4.52033E-04   4.88881E-03   4.26778E-03   5.34906E-04   1.52430E-03  -3.66246E-03  -2.61315E-03  -1.97010E-03  -2.31454E-03   2.05179E-03   9.70802E-04   2.40285E-03   2.16893E-03  -6.29187E-04   1.41815E-04  -2.12383E-03  -1.93165E-03  -1.28905E-04  -5.21495E-04   2.16185E-03   1.53748E-03   4.67893E-04   3.68079E-04  -1.58758E-03  -1.06321E-03  -2.85011E-04  -2.51304E-04   1.27833E-03   6.81757E-04   1.73463E-04   1.77360E-04  -1.07388E-03  -3.67049E-04  -7.66581E-05  -1.64494E-04   1.02744E-03   4.98200E-06   3.15412E-04
 1.10200E+03  -3.38853E-03  -6.52000E-03  -5.09427E-03   1.68854E-03   5.54059E-04   4.81782E-03   4.21601E-03   4.29431E-04   1.38285E-03  -3.65338E-03  -2.64140E-03  -1.85882E-03  -2.18743E-03   2.10456E-03   1.06639E-03   2.32682E-03   2.09592E-03  -7.14758E-04   1.83388E-05  -2.09420E-03  -1.90319E-03  -2.51830E-05  -3.63361E-04   2.15014E-03   1.54046E-03   3.64913E-04   2.29517E-04  -1.57880E-03  -1.06441E-03  -2.06648E-04  -1.23652E-04   1.26805E-03   6.82607E-04   1.19359E-04   5.84337E-05  -1.06237E-03  -3.65899E-04  -4.64519E-05  -4.26067E-05   1.01568E-03   4.15093E-05   3.07389E-04
 1.11000E+03  -3.40532E-03  -6.40910E-03  -4.98760E-03   1.74073E-03   6.53934E-04   4.74371E-03   4.16336E-03   3.26138E-04   1.24341E-03  -3.63854E-03  -2.66673E-03  -1.74667E-03  -2.06062E-03   2.15068E-03   1.15826E-03   2.24578E-03   2.02100E-03  -7.95647E-04  -1.02012E-04  -2.05674E-03  -1.87074E-03   7.62489E-05  -2.08643E-04   2.12655E-03   1.53819E-03   2.62079E-04   9.42872E-05  -1.55782E-03  -1.06115E-03  -1.28469E-04   4.50983E-07   1.24511E-03   6.80132E-04   6.53776E-05  -5.67882E-05  -1.03800E-03  -3.62844E-04  -1.65059E-05   7.53007E-05   9.90063E-04   7.65367E-05   2.95187E-04
 1.11800E+03  -3.42103E-03  -6.29892E-03  -4.88340E-03   1.78962E-03   7.50209E-04   4.66748E-03   4.11041E-03   2.25964E-04   1.10799E-03  -3.61845E-03  -2.68864E-03  -1.63493E-03  -1.93603E-03   2.19003E-03   1.24485E-03   2.16094E-03   1.94532E-03  -8.71156E-04  -2.17164E-04  -2.01230E-03  -1.83474E-03   1.74263E-04  -6.02076E-05   2.09201E-03   1.53061E-03   1.60713E-04  -3.48479E-05  -1.52558E-03  -1.05341E-03  -5.15145E-05   1.18243E-04   1.21054E-03   6.74312E-04   1.22637E-05  -1.65564E-04  -1.00190E-03  -3.57913E-04   1.27700E-05   1.86303E-04   9.51789E-04   1.09180E-04   2.79231E-04
 1.12610E+03  -3.43567E-03  -6.18795E-03  -4.78029E-03   1.83620E-03   8.43887E-04   4.58831E-03   4.05638E-03   1.27356E-04   9.75133E-04  -3.59321E-03  -2.70717E-03  -1.52216E-03  -1.81232E-03   2.22352E-03   1.32686E-03   2.07150E-03   1.86805E-03  -9.42513E-04  -3.28028E-04  -1.96080E-03  -1.79473E-03   2.70173E-04   8.29462E-05   2.04684E-03   1.51745E-03   5.96490E-05  -1.58516E-04  -1.48248E-03  -1.04099E-03   2.50592E-05   2.30080E-04   1.16481E-03   6.64999E-04  -4.05409E-05  -2.68051E-04  -9.54532E-04  -3.51023E-04   4.16869E-05   2.90450E-04   9.01407E-04   1.39434E-04   2.59645E-04
 1.13420E+03  -3.44883E-03  -6.07748E-03  -4.67940E-03   1.88019E-03   9.33624E-04   4.50733E-03   4.00176E-03   3.13084E-05   8.46665E-04  -3.56350E-03  -2.72183E-03  -1.40976E-03  -1.69118E-03   2.25112E-03   1.40291E-03   1.97888E-03   1.79022E-03  -1.00908E-03  -4.32759E-04  -1.90339E-03  -1.75114E-03   3.62821E-04   2.18295E-04   1.99239E-03   1.49870E-03  -3.96889E-05  -2.74314E-04  -1.42994E-03  -1.02390E-03   1.00132E-04   3.33589E-04   1.10944E-03   6.52222E-04  -9.22364E-05  -3.61915E-04  -8.97520E-04  -3.42227E-04   6.98104E-05   3.85264E-04   8.40688E-04   1.66554E-04   2.37035E-04
 1.14240E+03  -3.46043E-03  -5.96612E-03  -4.57927E-03   1.92239E-03   1.02035E-03   4.42371E-03   3.94564E-03  -6.35120E-05   7.21141E-04  -3.52929E-03  -2.73256E-03  -1.29643E-03  -1.57125E-03   2.27356E-03   1.47357E-03   1.88232E-03   1.71089E-03  -1.07187E-03  -5.32230E-04  -1.83993E-03  -1.70332E-03   4.53304E-04   3.46846E-04   1.92886E-03   1.47395E-03  -1.38268E-04  -3.82901E-04  -1.36827E-03  -1.00180E-03   1.74388E-04   4.29173E-04   1.04482E-03   6.35733E-04  -1.43266E-04  -4.47372E-04  -8.31315E-04  -3.31382E-04   9.73850E-05   4.70865E-04   7.70162E-04   1.90548E-04   2.11531E-04
 1.15060E+03  -3.47012E-03  -5.85526E-03  -4.48091E-03   1.96245E-03   1.10287E-03   4.33869E-03   3.88848E-03  -1.56011E-04   6.00194E-04  -3.49134E-03  -2.73894E-03  -1.18374E-03  -1.45404E-03   2.29088E-03   1.53768E-03   1.78343E-03   1.63101E-03  -1.13024E-03  -6.24875E-04  -1.77177E-03  -1.65177E-03   5.40400E-04   4.66477E-04   1.85793E-03   1.44332E-03  -2.34545E-04  -4.82305E-04  -1.29924E-03  -9.74848E-04   2.46616E-04   5.14931E-04   9.72888E-04   6.15655E-04  -1.92765E-04  -5.22590E-04  -7.57955E-04  -3.18591E-04   1.23947E-04   5.45331E-04   6.92059E-04   2.10851E-04   1.83883E-04
 1.15890E+03  -3.47778E-03  -5.74365E-03  -4.38290E-03   2.00096E-03   1.18204E-03   4.25147E-03   3.82935E-03  -2.47298E-04   4.82414E-04  -3.44953E-03  -2.74085E-03  -1.07054E-03  -1.33815E-03   2.30361E-03   1.59577E-03   1.68151E-03   1.54960E-03  -1.18500E-03  -7.11538E-04  -1.69872E-03  -1.59575E-03   6.24975E-04   5.78199E-04   1.77970E-03   1.40629E-03  -3.29272E-04  -5.73216E-04  -1.22309E-03  -9.42612E-04   3.17325E-04   5.91317E-04   8.93985E-04   5.91688E-04  -2.41049E-04  -5.87849E-04  -6.77865E-04  -3.03680E-04   1.49665E-04   6.08864E-04   6.06896E-04   2.27491E-04   1.54228E-04
 1.16730E+03  -3.48319E-03  -5.63143E-03  -4.28506E-03   2.03792E-03   1.25772E-03   4.16230E-03   3.76801E-03  -3.37237E-04   3.67916E-04  -3.40412E-03  -2.73799E-03  -9.57177E-04  -1.22365E-03   2.31191E-03   1.64751E-03   1.57706E-03   1.46661E-03  -1.23609E-03  -7.91879E-04  -1.62138E-03  -1.53514E-03   7.06701E-04   6.81508E-04   1.69503E-03   1.36267E-03  -4.21895E-04  -6.55064E-04  -1.14082E-03  -9.04959E-04   3.86036E-04   6.57699E-04   8.09283E-04   5.63742E-04  -2.87751E-04  -6.42481E-04  -5.92333E-04  -2.86612E-04   1.74341E-04   6.60729E-04   5.16118E-04   2.40238E-04   1.23041E-04
 1.17570E+03  -3.48613E-03  -5.52014E-03  -4.18835E-03   2.07286E-03   1.32894E-03   4.07249E-03   3.70503E-03  -4.24598E-04   2.58063E-04  -3.35596E-03  -2.73027E-03  -8.45362E-04  -1.11188E-03   2.31589E-03   1.69217E-03   1.47191E-03   1.38302E-03  -1.28286E-03  -8.64813E-04  -1.54133E-03  -1.47065E-03   7.84278E-04   7.74960E-04   1.60595E-03   1.31297E-03  -5.10751E-04  -7.26625E-04  -1.05456E-03  -8.62350E-04   4.51449E-04   7.13008E-04   7.21097E-04   5.32174E-04  -3.31947E-04  -6.85547E-04  -5.03799E-04  -2.67615E-04   1.97483E-04   6.99994E-04   4.22395E-04   2.48849E-04   9.12108E-05
 1.18420E+03  -3.48655E-03  -5.40867E-03  -4.09147E-03   2.10612E-03   1.39653E-03   3.98127E-03   3.63954E-03  -5.10209E-04   1.51518E-04  -3.30476E-03  -2.71755E-03  -7.34171E-04  -1.00150E-03   2.31579E-03   1.73024E-03   1.36541E-03   1.29786E-03  -1.32582E-03  -9.31162E-04  -1.45831E-03  -1.40154E-03   8.58258E-04   8.59575E-04   1.51237E-03   1.25665E-03  -5.96286E-04  -7.88640E-04  -9.64434E-04  -8.14363E-04   5.13821E-04   7.57794E-04   6.29697E-04   4.96688E-04  -3.73768E-04  -7.17456E-04  -4.12651E-04  -2.46514E-04   2.19154E-04   7.27019E-04   3.26223E-04   2.53401E-04   5.88861E-05
 1.19280E+03  -3.48433E-03  -5.29728E-03  -3.99434E-03   2.13754E-03   1.46045E-03   3.88890E-03   3.57146E-03  -5.93773E-04   4.83127E-05  -3.25073E-03  -2.69975E-03  -6.24074E-04  -8.92546E-04   2.31166E-03   1.76166E-03   1.25817E-03   1.21116E-03  -1.36476E-03  -9.90831E-04  -1.37293E-03  -1.32786E-03   9.28150E-04   9.35206E-04   1.41524E-03   1.19379E-03  -6.77776E-04  -8.40961E-04  -8.71528E-04  -7.61084E-04   5.72535E-04   7.91918E-04   5.36362E-04   4.57361E-04  -4.12745E-04  -7.38087E-04  -3.20305E-04  -2.23364E-04   2.39097E-04   7.41687E-04   2.29195E-04   2.53869E-04   2.65954E-05
 1.20140E+03  -3.47953E-03  -5.18751E-03  -3.89802E-03   2.16662E-03   1.52003E-03   3.79671E-03   3.50161E-03  -6.74052E-04  -5.04236E-05  -3.19475E-03  -2.67717E-03  -5.16785E-04  -7.86278E-04   2.30367E-03   1.78618E-03   1.15201E-03   1.12402E-03  -1.39911E-03  -1.04324E-03  -1.28685E-03  -1.25067E-03   9.92717E-04   1.00111E-03   1.31662E-03   1.12539E-03  -7.53624E-04  -8.83151E-04  -7.78015E-04  -7.03387E-04   6.26356E-04   8.15207E-04   4.43444E-04   4.14858E-04  -4.48010E-04  -7.47471E-04  -2.29226E-04  -1.98557E-04   2.56855E-04   7.44144E-04   1.34000E-04   2.50365E-04  -4.77233E-06
 1.21010E+03  -3.47215E-03  -5.07830E-03  -3.80139E-03   2.19355E-03   1.57607E-03   3.70388E-03   3.42925E-03  -7.51713E-04  -1.45921E-04  -3.13635E-03  -2.64973E-03  -4.11477E-04  -6.81470E-04   2.29180E-03   1.80431E-03   1.04626E-03   1.03556E-03  -1.42912E-03  -1.08920E-03  -1.19964E-03  -1.16934E-03   1.05229E-03   1.05831E-03   1.21624E-03   1.05104E-03  -8.24074E-04  -9.16005E-04  -6.83842E-04  -6.40951E-04   6.75369E-04   8.28316E-04   3.51068E-04   3.68959E-04  -4.79564E-04  -7.46166E-04  -1.39682E-04  -1.71967E-04   2.72414E-04   7.34940E-04   4.10193E-05   2.43034E-04  -3.50904E-05
 1.21880E+03  -3.46237E-03  -4.97112E-03  -3.70562E-03   2.21788E-03   1.62804E-03   3.61168E-03   3.35537E-03  -8.25616E-04  -2.37171E-04  -3.07640E-03  -2.61799E-03  -3.09746E-04  -5.79356E-04   2.27626E-03   1.81613E-03   9.42650E-04   9.46968E-04  -1.45430E-03  -1.12842E-03  -1.11286E-03  -1.08515E-03   1.10577E-03   1.10648E-03   1.11605E-03   9.72071E-04  -8.87718E-04  -9.39556E-04  -5.91034E-04  -5.74926E-04   7.18502E-04   8.31609E-04   2.61401E-04   3.20532E-04  -5.06661E-04  -7.34791E-04  -5.39221E-05  -1.44095E-04   2.85386E-04   7.14879E-04  -4.73063E-05   2.32206E-04  -6.35576E-05
 1.22760E+03  -3.45024E-03  -4.86489E-03  -3.60970E-03   2.23976E-03   1.67671E-03   3.51922E-03   3.27932E-03  -8.96394E-04  -3.25311E-04  -3.01435E-03  -2.58189E-03  -2.10762E-04  -4.78812E-04   2.25691E-03   1.82211E-03   8.40426E-04   8.57464E-04  -1.47480E-03  -1.16167E-03  -1.02598E-03  -9.97579E-04   1.15342E-03   1.14658E-03   1.01562E-03   8.88165E-04  -9.44740E-04  -9.54588E-04  -4.99376E-04  -5.05070E-04   7.55785E-04   8.25772E-04   1.74415E-04   2.69422E-04  -5.29262E-04  -7.13967E-04   2.79299E-05  -1.14853E-04   2.95730E-04   6.84596E-04  -1.30746E-04   2.18062E-04  -9.00891E-05
 1.23650E+03  -3.43589E-03  -4.75979E-03  -3.51377E-03   2.25906E-03   1.72219E-03   3.42665E-03   3.20134E-03  -9.63804E-04  -4.10356E-04  -2.95029E-03  -2.54173E-03  -1.14871E-04  -3.79959E-04   2.23374E-03   1.82255E-03   7.40019E-04   7.67315E-04  -1.49042E-03  -1.18917E-03  -9.39447E-04  -9.07069E-04   1.19480E-03   1.17894E-03   9.15593E-04   7.99924E-04  -9.94535E-04  -9.61550E-04  -4.09660E-04  -4.31928E-04   7.86701E-04   8.11403E-04   9.10604E-05   2.16059E-04  -5.46976E-04  -6.84418E-04   1.04808E-04  -8.44911E-05   3.03232E-04   6.44942E-04  -2.08094E-04   2.00901E-04  -1.14281E-04
 1.24540E+03  -3.41966E-03  -4.65708E-03  -3.41908E-03   2.27548E-03   1.76412E-03   3.33511E-03   3.12259E-03  -1.02697E-03  -4.91423E-04  -2.88503E-03  -2.49835E-03  -2.33677E-05  -2.84008E-04   2.20702E-03   1.81787E-03   6.42863E-04   6.77839E-04  -1.50090E-03  -1.21098E-03  -8.54563E-04  -8.15193E-04   1.22919E-03   1.20371E-03   8.17616E-04   7.09079E-04  -1.03615E-03  -9.61014E-04  -3.23528E-04  -3.56981E-04   8.10568E-04   7.89494E-04   1.30231E-05   1.61557E-04  -5.59352E-04  -6.47450E-04   1.75019E-04  -5.36460E-05   3.07672E-04   5.97489E-04  -2.77550E-04   1.81313E-04  -1.35555E-04
 1.25440E+03  -3.40157E-03  -4.55563E-03  -3.32473E-03   2.28920E-03   1.80313E-03   3.24362E-03   3.04249E-03  -1.08653E-03  -5.69481E-04  -2.81792E-03  -2.45166E-03   6.46327E-05  -1.90003E-04   2.17652E-03   1.80844E-03   5.48096E-04   5.88370E-04  -1.50629E-03  -1.22773E-03  -7.70653E-04  -7.21519E-04   1.25678E-03   1.22168E-03   7.21017E-04   6.15412E-04  -1.06976E-03  -9.53665E-04  -2.40530E-04  -2.80101E-04   8.27400E-04   7.60691E-04  -5.99627E-05   1.05859E-04  -5.66341E-04  -6.03699E-04   2.38680E-04  -2.22919E-05   3.08998E-04   5.42925E-04  -3.39140E-04   1.59503E-04  -1.53904E-04
 1.26350E+03  -3.38175E-03  -4.45547E-03  -3.23093E-03   2.30018E-03   1.83933E-03   3.15224E-03   2.96135E-03  -1.14240E-03  -6.44498E-04  -2.74898E-03  -2.40203E-03   1.48977E-04  -9.81439E-05   2.14222E-03   1.79463E-03   4.55935E-04   4.99288E-04  -1.50649E-03  -1.23970E-03  -6.87955E-04  -6.26669E-04   1.27734E-03   1.23328E-03   6.26174E-04   5.19743E-04  -1.09502E-03  -9.40104E-04  -1.61141E-04  -2.02032E-04   8.36912E-04   7.25817E-04  -1.27325E-04   4.95519E-05  -5.67728E-04  -5.54169E-04   2.95153E-04   9.23040E-06   3.07097E-04   4.82431E-04  -3.92145E-04   1.35891E-04  -1.69089E-04
 1.27260E+03  -3.36058E-03  -4.35765E-03  -3.13889E-03   2.30835E-03   1.87244E-03   3.06195E-03   2.88035E-03  -1.19401E-03  -7.15664E-04  -2.67904E-03  -2.35041E-03   2.28727E-04  -9.60758E-06   2.10455E-03   1.77701E-03   3.67482E-04   4.11955E-04  -1.50153E-03  -1.24710E-03  -6.07524E-04  -5.32338E-04   1.29061E-03   1.23888E-03   5.34378E-04   4.23994E-04  -1.11157E-03  -9.21185E-04  -8.65285E-05  -1.24414E-04   8.38929E-04   6.86190E-04  -1.87991E-04  -6.13127E-06  -5.63451E-04  -5.00526E-04   3.43465E-04   4.02191E-05   3.01968E-04   4.17987E-04  -4.35600E-04   1.11198E-04  -1.80823E-04
 1.28180E+03  -3.33794E-03  -4.26102E-03  -3.04776E-03   2.31389E-03   1.90289E-03   2.97175E-03   2.79889E-03  -1.24203E-03  -7.83746E-04  -2.60736E-03  -2.29659E-03   3.04803E-04   7.63915E-05   2.06321E-03   1.75575E-03   2.81797E-04   3.25799E-04  -1.49143E-03  -1.25035E-03  -5.28572E-04  -4.38150E-04   1.29679E-03   1.23903E-03   4.44794E-04   3.27992E-04  -1.11962E-03  -8.97389E-04  -1.60653E-05  -4.71922E-05   8.33504E-04   6.42309E-04  -2.42428E-04  -6.11736E-05  -5.53495E-04  -4.43309E-04   3.83952E-04   7.06500E-05   2.93582E-04   3.50206E-04  -4.69781E-04   8.56202E-05  -1.89179E-04
 1.29100E+03  -3.31416E-03  -4.16654E-03  -2.95868E-03   2.31685E-03   1.93043E-03   2.88260E-03   2.71810E-03  -1.28604E-03  -8.47963E-04  -2.53478E-03  -2.24149E-03   3.76465E-04   1.58719E-04   2.01874E-03   1.73144E-03   1.99799E-04   2.42147E-04  -1.47642E-03  -1.24970E-03  -4.52013E-04  -3.45775E-04   1.29594E-03   1.23417E-03   3.58507E-04   2.33646E-04  -1.11920E-03  -8.69620E-04   4.93792E-05   2.80041E-05   8.20824E-04   5.95541E-04  -2.89967E-04  -1.14353E-04  -5.38076E-04  -3.84231E-04   4.16131E-04   9.98291E-05   2.82100E-04   2.81115E-04  -4.94290E-04   5.98912E-05  -1.94071E-04
 1.30040E+03  -3.28874E-03  -4.07207E-03  -2.86987E-03   2.31740E-03   1.95561E-03   2.79253E-03   2.63646E-03  -1.32711E-03  -9.09585E-04  -2.45977E-03  -2.18419E-03   4.45327E-04   2.38892E-04   1.97027E-03   1.70381E-03   1.19715E-04   1.59610E-04  -1.45629E-03  -1.24531E-03  -3.76249E-04  -2.53878E-04   1.28813E-03   1.22450E-03   2.73763E-04   1.39794E-04  -1.11042E-03  -8.37828E-04   1.11119E-04   1.01985E-04   8.00729E-04   5.45697E-04  -3.31562E-04  -1.66166E-04  -5.16966E-04  -3.23056E-04   4.40662E-04   1.28003E-04   2.67343E-04   2.10468E-04  -5.09650E-04   3.39030E-05  -1.95616E-04
 1.30970E+03  -3.26249E-03  -3.98055E-03  -2.78426E-03   2.31566E-03   1.97762E-03   2.70442E-03   2.55673E-03  -1.36410E-03  -9.66560E-04  -2.38481E-03  -2.12674E-03   5.09333E-04   3.14139E-04   1.91953E-03   1.67399E-03   4.40330E-05   8.11915E-05  -1.43188E-03  -1.23754E-03  -3.03712E-04  -1.65996E-04   1.27390E-03   1.21066E-03   1.93300E-04   5.02372E-05  -1.09390E-03  -8.03580E-04   1.67217E-04   1.71640E-04   7.74184E-04   4.95166E-04  -3.66017E-04  -2.14362E-04  -4.91105E-04  -2.62734E-04   4.56982E-04   1.53924E-04   2.49947E-04   1.41709E-04  -5.15665E-04   8.90920E-06  -1.93884E-04
 1.31920E+03  -3.23451E-03  -3.88894E-03  -2.69914E-03   2.31173E-03   1.99714E-03   2.61542E-03   2.47650E-03  -1.39838E-03  -1.02063E-03  -2.30760E-03  -2.06751E-03   5.70707E-04   3.86675E-04   1.86509E-03   1.64122E-03  -2.97655E-05   4.71603E-06  -1.40268E-03  -1.22630E-03  -2.32071E-04  -7.98667E-05   1.25315E-03   1.19252E-03   1.14541E-04  -3.71414E-05  -1.06953E-03  -7.66281E-04   2.19569E-04   2.38499E-04   7.40759E-04   4.43068E-04  -3.94663E-04  -2.59921E-04  -4.60011E-04  -2.02268E-04   4.65961E-04   1.78090E-04   2.29566E-04   7.37519E-05  -5.12976E-04  -1.54922E-05  -1.88995E-04
 1.32870E+03  -3.20533E-03  -3.79915E-03  -2.61638E-03   2.30583E-03   2.01364E-03   2.52746E-03   2.39756E-03  -1.42936E-03  -1.07049E-03  -2.22989E-03  -2.00788E-03   6.28247E-04   4.54703E-04   1.80830E-03   1.60634E-03  -1.00145E-04  -6.78256E-05  -1.36956E-03  -1.21193E-03  -1.62887E-04   2.11640E-06   1.22663E-03   1.17063E-03   3.92136E-05  -1.19733E-04  -1.03825E-03  -7.27128E-04   2.67114E-04   3.00423E-04   7.01571E-04   3.91170E-04  -4.17082E-04  -3.01295E-04  -4.24692E-04  -1.43807E-04   4.67731E-04   1.99645E-04   2.06849E-04   9.09387E-06  -5.02074E-04  -3.84003E-05  -1.81225E-04
 1.33830E+03  -3.17453E-03  -3.71023E-03  -2.53513E-03   2.29803E-03   2.02722E-03   2.43968E-03   2.31916E-03  -1.45754E-03  -1.11655E-03  -2.15105E-03  -1.94734E-03   6.82703E-04   5.18756E-04   1.74886E-03   1.56911E-03  -1.67909E-04  -1.36907E-04  -1.33253E-03  -1.19436E-03  -9.54633E-05   8.03474E-05   1.19456E-03   1.14498E-03  -3.34548E-05  -1.97773E-04  -1.00034E-03  -6.86107E-04   3.10497E-04   3.57468E-04   6.56805E-04   3.39529E-04  -4.33861E-04  -3.38441E-04  -3.85273E-04  -8.75096E-05   4.62845E-04   2.18534E-04   1.81862E-04  -5.20165E-05  -4.83536E-04  -5.97234E-05  -1.70758E-04
 1.34800E+03  -3.14200E-03  -3.62221E-03  -2.45541E-03   2.28844E-03   2.03777E-03   2.35221E-03   2.24135E-03  -1.48304E-03  -1.15866E-03  -2.07130E-03  -1.88598E-03   7.34147E-04   5.78604E-04   1.68706E-03   1.52960E-03  -2.33046E-04  -2.02213E-04  -1.29192E-03  -1.17365E-03  -2.98901E-05   1.54347E-04   1.15738E-03   1.11569E-03  -1.03372E-04  -2.70623E-04  -9.56388E-04  -6.43544E-04   3.49805E-04   4.09026E-04   6.07061E-04   2.88692E-04  -4.45307E-04  -3.70868E-04  -3.42263E-04  -3.40989E-05   4.51814E-04   2.34466E-04   1.54920E-04  -1.08698E-04  -4.58040E-04  -7.91412E-05  -1.57859E-04
 1.35770E+03  -3.10797E-03  -3.53609E-03  -2.37802E-03   2.27727E-03   2.04510E-03   2.26609E-03   2.16495E-03  -1.50572E-03  -1.19631E-03  -1.99170E-03  -1.82451E-03   7.82151E-04   6.33507E-04   1.62390E-03   1.48831E-03  -2.94902E-04  -2.62870E-04  -1.24857E-03  -1.15009E-03   3.30806E-05   2.23021E-04   1.11606E-03   1.08322E-03  -1.69759E-04  -3.37076E-04  -9.07581E-04  -6.00178E-04   3.84795E-04   4.54137E-04   5.53585E-04   2.39634E-04  -4.51732E-04  -3.97901E-04  -2.96723E-04   1.53050E-05   4.35418E-04   2.47080E-04   1.26679E-04  -1.59687E-04  -4.26717E-04  -9.62115E-05  -1.42996E-04
 1.36750E+03  -3.07202E-03  -3.45108E-03  -2.30213E-03   2.26452E-03   2.04925E-03   2.18063E-03   2.08919E-03  -1.52594E-03  -1.22985E-03  -1.91172E-03  -1.76233E-03   8.27289E-04   6.83949E-04   1.55908E-03   1.44491E-03  -3.54104E-04  -3.19356E-04  -1.20249E-03  -1.12352E-03   9.39966E-05   2.86820E-04   1.07077E-03   1.04740E-03  -2.33218E-04  -3.97464E-04  -8.54205E-04  -5.55822E-04   4.15988E-04   4.92939E-04   4.96615E-04   1.92224E-04  -4.53654E-04  -4.19561E-04  -2.48847E-04   6.07497E-05   4.14203E-04   2.56357E-04   9.72566E-05  -2.04966E-04  -3.90177E-04  -1.10919E-04  -1.26376E-04
 1.37740E+03  -3.03406E-03  -3.36735E-03  -2.22774E-03   2.25025E-03   2.05015E-03   2.09604E-03   2.01409E-03  -1.54374E-03  -1.25920E-03  -1.83167E-03  -1.69949E-03   8.69563E-04   7.29821E-04   1.49301E-03   1.39943E-03  -4.10566E-04  -3.71506E-04  -1.15410E-03  -1.09399E-03   1.52691E-04   3.45482E-04   1.02207E-03   1.00834E-03  -2.93586E-04  -4.51436E-04  -7.97015E-04  -5.10699E-04   4.43475E-04   5.25108E-04   4.36932E-04   1.46797E-04  -4.51471E-04  -4.35595E-04  -1.99305E-04   1.01814E-04   3.88842E-04   2.62151E-04   6.70702E-05  -2.44036E-04  -3.49324E-04  -1.23087E-04  -1.08351E-04
 1.38740E+03  -2.99405E-03  -3.28511E-03  -2.15484E-03   2.23450E-03   2.04778E-03   2.01260E-03   1.93966E-03  -1.55917E-03  -1.28434E-03  -1.75187E-03  -1.63605E-03   9.08954E-04   7.71064E-04   1.42609E-03   1.35196E-03  -4.64181E-04  -4.19216E-04  -1.10383E-03  -1.06157E-03   2.08973E-04   3.98826E-04   9.70576E-04   9.66155E-04  -3.50679E-04  -4.98748E-04  -7.36801E-04  -4.65006E-04   4.67341E-04   5.50429E-04   3.75358E-04   1.03623E-04  -4.45593E-04  -4.45842E-04  -1.48804E-04   1.38182E-04   3.60044E-04   2.64376E-04   3.65603E-05  -2.76536E-04  -3.05108E-04  -1.32591E-04  -8.92944E-05
 1.39740E+03  -2.95240E-03  -3.20537E-03  -2.08413E-03   2.21748E-03   2.04222E-03   1.93139E-03   1.86665E-03  -1.57212E-03  -1.30510E-03  -1.67346E-03  -1.57270E-03   9.45079E-04   8.07338E-04   1.35939E-03   1.30309E-03  -5.14336E-04  -4.62035E-04  -1.05267E-03  -1.02671E-03   2.62122E-04   4.46306E-04   9.17414E-04   9.21463E-04  -4.03783E-04  -5.38902E-04  -6.74990E-04  -4.19383E-04   4.87479E-04   5.68658E-04   3.13354E-04   6.32973E-05  -4.36541E-04  -4.50229E-04  -9.85702E-05   1.69358E-04   3.28850E-04   2.63038E-04   6.47809E-06  -3.02026E-04  -2.58971E-04  -1.39309E-04  -6.97837E-05
 1.40750E+03  -2.90875E-03  -3.12751E-03  -2.01488E-03   2.19906E-03   2.03354E-03   1.85183E-03   1.79436E-03  -1.58275E-03  -1.32182E-03  -1.59597E-03  -1.50889E-03   9.78297E-04   8.39134E-04   1.29264E-03   1.25245E-03  -5.61449E-04  -5.00477E-04  -1.00053E-03  -9.89225E-04   3.12506E-04   4.88466E-04   8.62661E-04   8.74026E-04  -4.53280E-04  -5.72384E-04  -6.11768E-04  -3.73539E-04   5.04211E-04   5.80101E-04   2.51129E-04   2.55165E-05  -4.24667E-04  -4.48928E-04  -4.88084E-05   1.95627E-04   2.95685E-04   2.58214E-04  -2.30384E-05  -3.20790E-04  -2.11431E-04  -1.43334E-04  -5.00041E-05
 1.41760E+03  -2.86364E-03  -3.05251E-03  -1.94775E-03   2.17945E-03   2.02197E-03   1.77494E-03   1.72353E-03  -1.59099E-03  -1.33453E-03  -1.52047E-03  -1.44535E-03   1.00827E-03   8.66312E-04   1.22686E-03   1.20071E-03  -6.04966E-04  -5.34299E-04  -9.48357E-04  -9.49686E-04   3.59462E-04   5.25028E-04   8.07422E-04   8.24555E-04  -4.98531E-04  -5.99044E-04  -5.48515E-04  -3.28084E-04   5.17477E-04   5.84872E-04   1.90079E-04  -9.29998E-06  -4.10505E-04  -4.42173E-04  -6.81702E-07   2.16798E-04   2.61572E-04   2.50101E-04  -5.12803E-05  -3.32796E-04  -1.63882E-04  -1.44706E-04  -3.05111E-05
 1.42790E+03  -2.81631E-03  -2.97909E-03  -1.88145E-03   2.15827E-03   2.00744E-03   1.69946E-03   1.65282E-03  -1.59699E-03  -1.34364E-03  -1.44576E-03  -1.38093E-03   1.03553E-03   8.89565E-04   1.16113E-03   1.14702E-03  -6.45611E-04  -5.64291E-04  -8.95496E-04  -9.07502E-04   4.03719E-04   5.56840E-04   7.51130E-04   7.72313E-04  -5.40225E-04  -6.19587E-04  -4.84692E-04  -2.82278E-04   5.27590E-04   5.83303E-04   1.29756E-04  -4.18002E-05  -3.94135E-04  -4.30062E-04   4.60997E-05   2.33376E-04   2.26483E-04   2.38698E-04  -7.83906E-05  -3.38465E-04  -1.16266E-04  -1.43537E-04  -1.12662E-05
 1.43820E+03  -2.76783E-03  -2.90886E-03  -1.81730E-03   2.13593E-03   1.99043E-03   1.62709E-03   1.58369E-03  -1.60061E-03  -1.34919E-03  -1.37357E-03  -1.31703E-03   1.05949E-03   9.08641E-04   1.09702E-03   1.09261E-03  -6.82471E-04  -5.90032E-04  -8.43326E-04  -8.63720E-04   4.44231E-04   5.83470E-04   6.95354E-04   7.18591E-04  -5.77363E-04  -6.33877E-04  -4.22191E-04  -2.37169E-04   5.34393E-04   5.75752E-04   7.20313E-05  -7.13526E-05  -3.76204E-04  -4.13147E-04   9.00150E-05   2.45200E-04   1.91695E-04   2.24439E-04  -1.03457E-04  -3.37979E-04  -7.03211E-05  -1.39985E-04   7.03559E-06
 1.44860E+03  -2.71795E-03  -2.84126E-03  -1.75469E-03   2.11225E-03   1.97105E-03   1.55726E-03   1.51555E-03  -1.60193E-03  -1.35152E-03  -1.30341E-03  -1.25317E-03   1.08039E-03   9.24019E-04   1.03419E-03   1.03719E-03  -7.15851E-04  -6.12033E-04  -7.91642E-04  -8.18199E-04   4.81280E-04   6.05485E-04   6.39970E-04   6.63198E-04  -6.10204E-04  -6.42476E-04  -3.60973E-04  -1.92473E-04   5.38041E-04   5.62646E-04   1.69389E-05  -9.83198E-05  -3.56863E-04  -3.91728E-04   1.30978E-04   2.52689E-04   1.57409E-04   2.07491E-04  -1.26405E-04  -3.31815E-04  -2.63192E-05  -1.34220E-04   2.42937E-05
 1.45900E+03  -2.66739E-03  -2.77700E-03  -1.69426E-03   2.08748E-03   1.94975E-03   1.49074E-03   1.44914E-03  -1.60097E-03  -1.35093E-03  -1.23609E-03  -1.19015E-03   1.09804E-03   9.35860E-04   9.73441E-04   9.81544E-04  -7.45403E-04  -6.30359E-04  -7.41188E-04  -7.71674E-04   5.14435E-04   6.23011E-04   5.85861E-04   6.07015E-04  -6.38360E-04  -6.45770E-04  -3.02105E-04  -1.48772E-04   5.38583E-04   5.44662E-04  -3.44922E-05  -1.22541E-04  -3.36577E-04  -3.66524E-04   1.68163E-04   2.56119E-04   1.24415E-04   1.88352E-04  -1.46743E-04  -3.20579E-04   1.47060E-05  -1.26531E-04   4.01056E-05
 1.46960E+03  -2.61539E-03  -2.71494E-03  -1.63491E-03   2.06116E-03   1.92639E-03   1.42637E-03   1.38329E-03  -1.59773E-03  -1.34767E-03  -1.17047E-03  -1.12693E-03   1.11279E-03   9.44668E-04   9.13790E-04   9.24864E-04  -7.71642E-04  -6.45605E-04  -6.91212E-04  -7.23555E-04   5.44233E-04   6.36682E-04   5.32297E-04   5.49323E-04  -6.62270E-04  -6.44258E-04  -2.44887E-04  -1.05402E-04   5.36073E-04   5.21991E-04  -8.27842E-05  -1.44558E-04  -3.15190E-04  -3.37559E-04   2.01876E-04   2.55891E-04   9.24906E-05   1.66995E-04  -1.64605E-04  -3.04598E-04   5.29832E-05  -1.17005E-04   5.45557E-05
 1.48020E+03  -2.56318E-03  -2.65628E-03  -1.57783E-03   2.03383E-03   1.90169E-03   1.36542E-03   1.31940E-03  -1.59230E-03  -1.34211E-03  -1.10788E-03  -1.06492E-03   1.12437E-03   9.50554E-04   8.56504E-04   8.68490E-04  -7.94047E-04  -6.57732E-04  -6.42828E-04  -6.75064E-04   5.70049E-04   6.46549E-04   4.80534E-04   4.91587E-04  -6.81416E-04  -6.38426E-04  -1.90746E-04  -6.33649E-05   5.30606E-04   4.95629E-04  -1.26651E-04  -1.64043E-04  -2.93306E-04  -3.05927E-04   2.31150E-04   2.52373E-04   6.25800E-05   1.44187E-04  -1.79447E-04  -2.84761E-04   8.73315E-05  -1.06072E-04   6.71927E-05
 1.49090E+03  -2.51049E-03  -2.60042E-03  -1.52253E-03   2.00527E-03   1.87568E-03   1.30728E-03   1.25695E-03  -1.58470E-03  -1.33448E-03  -1.04775E-03  -1.00370E-03   1.13296E-03   9.53890E-04   8.01104E-04   8.12163E-04  -8.12895E-04  -6.67143E-04  -5.95687E-04  -6.26072E-04   5.92158E-04   6.53073E-04   4.30251E-04   4.33648E-04  -6.96024E-04  -6.28750E-04  -1.39398E-04  -2.24327E-05   5.22232E-04   4.65972E-04  -1.66285E-04  -1.81306E-04  -2.70896E-04  -2.71935E-04   2.56080E-04   2.45960E-04   3.46455E-05   1.20115E-04  -1.91299E-04  -2.61553E-04   1.17771E-04  -9.39140E-05   7.80234E-05
 1.50160E+03  -2.45802E-03  -2.54778E-03  -1.46957E-03   1.97582E-03   1.84887E-03   1.25244E-03   1.19663E-03  -1.57510E-03  -1.32516E-03  -9.90611E-04  -9.44031E-04   1.13859E-03   9.54940E-04   7.48128E-04   7.56675E-04  -8.28101E-04  -6.74025E-04  -5.50291E-04  -5.77353E-04   6.10424E-04   6.56541E-04   3.82026E-04   3.76430E-04  -7.06042E-04  -6.15837E-04  -9.14663E-05   1.68396E-05   5.11138E-04   4.33929E-04  -2.01187E-04  -1.96309E-04  -2.48315E-04  -2.36506E-04   2.76332E-04   2.37138E-04   9.12099E-06   9.54069E-05  -1.99995E-04  -2.35862E-04   1.43819E-04  -8.09302E-05   8.68767E-05
 1.51250E+03  -2.40499E-03  -2.49733E-03  -1.41803E-03   1.94499E-03   1.82098E-03   1.19982E-03   1.13745E-03  -1.56341E-03  -1.31422E-03  -9.35372E-04  -8.84998E-04   1.14145E-03   9.53968E-04   6.96603E-04   7.01257E-04  -8.40023E-04  -6.78727E-04  -5.05846E-04  -5.28312E-04   6.25238E-04   6.57307E-04   3.35051E-04   3.19253E-04  -7.11719E-04  -5.99901E-04  -4.61797E-05   5.49857E-05   4.97206E-04   3.99497E-04  -2.31896E-04  -2.09418E-04  -2.25261E-04  -1.99563E-04   2.92200E-04   2.26132E-04  -1.43264E-05   6.99956E-05  -2.05650E-04  -2.07848E-04   1.65795E-04  -6.71525E-05   9.38602E-05
 1.52340E+03  -2.35252E-03  -2.44989E-03  -1.36895E-03   1.91341E-03   1.79273E-03   1.15030E-03   1.08062E-03  -1.54993E-03  -1.30207E-03  -8.83003E-04  -8.27870E-04   1.14160E-03   9.51211E-04   6.47466E-04   6.47185E-04  -8.48547E-04  -6.81365E-04  -4.63193E-04  -4.80154E-04   6.36415E-04   6.55624E-04   2.90238E-04   2.63545E-04  -7.13057E-04  -5.81670E-04  -4.43027E-06   9.11043E-05   4.80794E-04   3.63882E-04  -2.57816E-04  -2.20466E-04  -2.02258E-04  -1.62353E-04   3.03386E-04   2.13520E-04  -3.51796E-05   4.47370E-05  -2.08166E-04  -1.78648E-04   1.83222E-04  -5.31034E-05   9.88256E-05
 1.53440E+03  -2.30027E-03  -2.40487E-03  -1.32189E-03   1.88089E-03   1.76402E-03   1.10330E-03   1.02570E-03  -1.53468E-03  -1.28880E-03  -8.32918E-04  -7.72274E-04   1.13921E-03   9.46865E-04   6.00201E-04   5.94187E-04  -8.53927E-04  -6.82169E-04  -4.21920E-04  -4.32710E-04   6.44227E-04   6.51753E-04   2.47171E-04   2.09142E-04  -7.10276E-04  -5.61410E-04   3.42051E-05   1.25353E-04   4.61914E-04   3.27324E-04  -2.79289E-04  -2.29651E-04  -1.79184E-04  -1.25092E-04   3.10118E-04   1.99570E-04  -5.36304E-05   1.97764E-05  -2.07662E-04  -1.48615E-04   1.96330E-04  -3.89193E-05   1.01862E-04
 1.54550E+03  -2.24833E-03  -2.36218E-03  -1.27693E-03   1.84752E-03   1.73499E-03   1.05872E-03   9.72804E-04  -1.51778E-03  -1.27459E-03  -7.85042E-04  -7.18374E-04   1.13442E-03   9.41095E-04   5.54765E-04   5.42489E-04  -8.56319E-04  -6.81296E-04  -3.82018E-04  -3.86248E-04   6.48824E-04   6.45910E-04   2.05847E-04   1.56393E-04  -7.03564E-04  -5.39495E-04   6.97622E-05   1.57534E-04   4.40715E-04   2.90340E-04  -2.96418E-04  -2.37028E-04  -1.56118E-04  -8.83084E-05   3.12529E-04   1.84621E-04  -6.96887E-05  -4.52254E-06  -2.04241E-04  -1.18324E-04   2.05201E-04  -2.48503E-05   1.03017E-04
 1.55660E+03  -2.19723E-03  -2.32203E-03  -1.23449E-03   1.81370E-03   1.70601E-03   1.01681E-03   9.22464E-04  -1.49954E-03  -1.25969E-03  -7.39689E-04  -6.66770E-04   1.12746E-03   9.34114E-04   5.11486E-04   4.92735E-04  -8.55919E-04  -6.78908E-04  -3.43806E-04  -3.41412E-04   6.50383E-04   6.38358E-04   1.66594E-04   1.06063E-04  -6.93255E-04  -5.16473E-04   1.02037E-04   1.87200E-04   4.17589E-04   2.53737E-04  -3.09267E-04  -2.42600E-04  -1.33340E-04  -5.28085E-05   3.10845E-04   1.69129E-04  -8.32919E-05  -2.76148E-05  -1.98113E-04  -8.85783E-05   2.09967E-04  -1.12516E-05   1.02383E-04
 1.56790E+03  -2.14610E-03  -2.28361E-03  -1.19386E-03   1.77892E-03   1.67665E-03   9.76730E-04   8.73856E-04  -1.47977E-03  -1.24395E-03  -6.95962E-04  -6.16662E-04   1.11840E-03   9.25915E-04   4.69531E-04   4.44209E-04  -8.52918E-04  -6.75074E-04  -3.06574E-04  -2.97611E-04   6.49130E-04   6.29124E-04   1.28679E-04   5.75420E-05  -6.79425E-04  -4.92230E-04   1.31709E-04   2.14707E-04   3.92318E-04   2.17290E-04  -3.18275E-04  -2.46505E-04  -1.10514E-04  -1.84054E-05   3.05282E-04   1.53100E-04  -9.47668E-05  -4.96008E-05  -1.89355E-04  -5.93348E-05   2.10925E-04   1.90592E-06   1.00056E-04
 1.57920E+03  -2.09586E-03  -2.24749E-03  -1.15579E-03   1.74392E-03   1.64748E-03   9.39091E-04   8.27909E-04  -1.45900E-03  -1.22774E-03  -6.54562E-04  -5.69043E-04   1.10757E-03   9.16739E-04   4.29597E-04   3.97926E-04  -8.47579E-04  -6.69955E-04  -2.70963E-04  -2.55811E-04   6.45304E-04   6.18509E-04   9.27440E-05   1.19475E-05  -6.62608E-04  -4.67453E-04   1.58370E-04   2.39410E-04   3.65571E-04   1.82029E-04  -3.23529E-04  -2.48703E-04  -8.81237E-05   1.38890E-05   2.96232E-04   1.37071E-04  -1.04018E-04  -6.98091E-05  -1.78341E-04  -3.15511E-05   2.08324E-04   1.41967E-05   9.62049E-05
 1.59060E+03  -2.04608E-03  -2.21325E-03  -1.11994E-03   1.70850E-03   1.61829E-03   9.03453E-04   7.84235E-04  -1.43720E-03  -1.21098E-03  -6.15031E-04  -5.23547E-04   1.09511E-03   9.06601E-04   3.91261E-04   3.53574E-04  -8.40109E-04  -6.63603E-04  -2.36625E-04  -2.15775E-04   6.39139E-04   6.06555E-04   5.84194E-05  -3.09408E-05  -6.43009E-04  -4.42156E-04   1.82425E-04   2.61425E-04   3.37375E-04   1.47961E-04  -3.25403E-04  -2.49265E-04  -6.60465E-05   4.40364E-05   2.83996E-04   1.21122E-04  -1.11283E-04  -8.81951E-05  -1.65254E-04  -5.34773E-06   2.02494E-04   2.55718E-05   9.09648E-05
 1.60210E+03  -1.99674E-03  -2.18083E-03  -1.08634E-03   1.67277E-03   1.58911E-03   8.69757E-04   7.42869E-04  -1.41453E-03  -1.19374E-03  -5.77320E-04  -4.80237E-04   1.08122E-03   8.95572E-04   3.54496E-04   3.11252E-04  -8.30741E-04  -6.56090E-04  -2.03555E-04  -1.77632E-04   6.30877E-04   5.93366E-04   2.56831E-05  -7.09427E-05  -6.20966E-04  -4.16532E-04   2.04011E-04   2.80641E-04   3.07996E-04   1.15366E-04  -3.24201E-04  -2.48216E-04  -4.43710E-05   7.17397E-05   2.68939E-04   1.05444E-04  -1.16708E-04  -1.04551E-04  -1.50368E-04   1.89470E-05   1.93780E-04   3.58880E-05   8.45011E-05
 1.61370E+03  -1.94785E-03  -2.15019E-03  -1.05499E-03   1.63686E-03   1.55996E-03   8.37960E-04   7.03832E-04  -1.39118E-03  -1.17606E-03  -5.41393E-04  -4.39155E-04   1.06611E-03   8.83716E-04   3.19283E-04   2.71032E-04  -8.19711E-04  -6.47480E-04  -1.71756E-04  -1.41477E-04   6.20768E-04   5.79034E-04  -5.48032E-06  -1.07922E-04  -5.96831E-04  -3.90742E-04   2.23267E-04   2.96979E-04   2.77714E-04   8.44783E-05  -3.20243E-04  -2.45589E-04  -2.31922E-05   9.67592E-05   2.51455E-04   9.01959E-05  -1.20447E-04  -1.18709E-04  -1.33982E-04   4.10634E-05   1.82551E-04   4.50284E-05   7.69924E-05
 1.62530E+03  -1.89979E-03  -2.12153E-03  -1.02612E-03   1.60119E-03   1.53114E-03   8.08280E-04   6.67430E-04  -1.36751E-03  -1.15816E-03  -5.07510E-04  -4.00642E-04   1.05013E-03   8.71210E-04   2.85891E-04   2.33273E-04  -8.07370E-04  -6.37926E-04  -1.41495E-04  -1.07657E-04   6.09172E-04   5.63780E-04  -3.48341E-05  -1.41516E-04  -5.71193E-04  -3.65143E-04   2.40196E-04   3.10292E-04   2.47088E-04   5.57143E-05  -3.13926E-04  -2.41462E-04  -2.78282E-06   1.18739E-04   2.32127E-04   7.56314E-05  -1.22648E-04  -1.30457E-04  -1.16560E-04   6.06352E-05   1.69318E-04   5.28428E-05   6.87008E-05
 1.63710E+03  -1.85174E-03  -2.09437E-03  -9.99234E-04   1.56527E-03   1.50215E-03   7.80190E-04   6.33023E-04  -1.34328E-03  -1.13978E-03  -4.75076E-04  -3.64032E-04   1.03319E-03   8.57903E-04   2.53746E-04   1.97338E-04  -7.93740E-04  -6.27329E-04  -1.12268E-04  -7.56200E-05   5.96139E-04   5.47425E-04  -6.28862E-05  -1.72262E-04  -5.43973E-04  -3.39406E-04   2.55223E-04   3.20802E-04   2.15888E-04   2.87068E-05  -3.05471E-04  -2.35809E-04   1.71051E-05   1.37938E-04   2.11037E-04   6.16006E-05  -1.23512E-04  -1.39918E-04  -9.81206E-05   7.78520E-05   1.54249E-04   5.94058E-05   5.96747E-05
 1.64890E+03  -1.80452E-03  -2.06917E-03  -9.74761E-04   1.52982E-03   1.47355E-03   7.54164E-04   6.01166E-04  -1.31907E-03  -1.12130E-03  -4.44638E-04  -3.29920E-04   1.01580E-03   8.44095E-04   2.23399E-04   1.63825E-04  -7.79277E-04  -6.15941E-04  -8.45938E-05  -4.59103E-05   5.82133E-04   5.30328E-04  -8.91580E-05  -1.99646E-04  -5.15983E-04  -3.14057E-04   2.68220E-04   3.28363E-04   1.84934E-04   3.99334E-06  -2.95347E-04  -2.28782E-04   3.60301E-05   1.53971E-04   1.88952E-04   4.84153E-05  -1.23185E-04  -1.46899E-04  -7.92891E-05   9.23340E-05   1.37990E-04   6.45739E-05   5.02564E-05
 1.66080E+03  -1.75774E-03  -2.04569E-03  -9.52432E-04   1.49464E-03   1.44513E-03   7.29958E-04   5.71516E-04  -1.29482E-03  -1.10263E-03  -4.15912E-04  -2.97942E-04   9.97994E-04   8.29753E-04   1.94577E-04   1.32383E-04  -7.64085E-04  -6.03756E-04  -5.82421E-05  -1.82190E-05   5.67277E-04   5.12441E-04  -1.13889E-04  -2.23992E-04  -4.87336E-04  -2.88952E-04   2.79443E-04   3.33143E-04   1.54247E-04  -1.86302E-05  -2.83800E-04  -2.20405E-04   5.40612E-05   1.67011E-04   1.66096E-04   3.60025E-05  -1.21832E-04  -1.51500E-04  -6.02184E-05   1.04207E-04   1.20800E-04   6.84029E-05   4.05565E-05
 1.67280E+03  -1.71142E-03  -2.02396E-03  -9.32209E-04   1.45983E-03   1.41696E-03   7.07576E-04   5.44018E-04  -1.27067E-03  -1.08385E-03  -3.88902E-04  -2.68037E-04   9.79950E-04   8.14966E-04   1.67291E-04   1.02952E-04  -7.48367E-04  -5.90860E-04  -3.32352E-05   7.50797E-06   5.51787E-04   4.93851E-04  -1.37074E-04  -2.45394E-04  -4.58350E-04  -2.64150E-04   2.89002E-04   3.35247E-04   1.24096E-04  -3.91701E-05  -2.71127E-04  -2.10758E-04   7.10992E-05   1.77106E-04   1.42848E-04   2.43897E-05  -1.19600E-04  -1.53771E-04  -4.12024E-05   1.13489E-04   1.03045E-04   7.09119E-05   3.07524E-05
 1.68490E+03  -1.66562E-03  -2.00400E-03  -9.14046E-04   1.42551E-03   1.38910E-03   6.87023E-04   5.18604E-04  -1.24677E-03  -1.06505E-03  -3.63606E-04  -2.40127E-04   9.61835E-04   7.99834E-04   1.41542E-04   7.54523E-05  -7.32308E-04  -5.77350E-04  -9.59035E-06   3.13483E-05   5.35861E-04   4.74654E-04  -1.58709E-04  -2.63982E-04  -4.29317E-04  -2.39699E-04   2.97002E-04   3.34813E-04   9.47301E-05  -5.76690E-05  -2.57601E-04  -1.99933E-04   8.70511E-05   1.84354E-04   1.19563E-04   1.35854E-05  -1.16626E-04  -1.53798E-04  -2.25172E-05   1.20249E-04   8.50665E-05   7.21427E-05   2.10109E-05
 1.69700E+03  -1.62074E-03  -1.98596E-03  -8.98014E-04   1.39203E-03   1.36187E-03   6.68443E-04   4.95381E-04  -1.22344E-03  -1.04650E-03  -3.40200E-04  -2.14326E-04   9.43945E-04   7.84589E-04   1.17518E-04   4.99892E-05  -7.16210E-04  -5.63444E-04   1.25067E-05   5.32264E-05   5.19812E-04   4.55111E-04  -1.78640E-04  -2.79801E-04  -4.00733E-04  -2.15833E-04   3.03489E-04   3.32039E-04   6.66000E-05  -7.40735E-05  -2.43587E-04  -1.88131E-04   1.01717E-04   1.88864E-04   9.67477E-05   3.65988E-06  -1.13065E-04  -1.51727E-04  -4.56038E-06   1.24566E-04   6.73240E-05   7.21614E-05   1.15616E-05
 1.70930E+03  -1.57613E-03  -1.96956E-03  -8.83794E-04   1.35893E-03   1.33491E-03   6.51519E-04   4.73881E-04  -1.20040E-03  -1.02799E-03  -3.18280E-04  -1.90103E-04   9.26119E-04   7.69092E-04   9.48082E-05   2.60314E-05  -6.99954E-04  -5.49023E-04   3.34221E-05   7.36170E-05   5.03527E-04   4.35001E-04  -1.97204E-04  -2.93300E-04  -3.72349E-04  -1.92186E-04   3.08658E-04   3.27069E-04   3.94335E-05  -8.87530E-05  -2.29073E-04  -1.75268E-04   1.15266E-04   1.90883E-04   7.43122E-05  -5.57220E-06  -1.08969E-04  -1.47668E-04   1.27400E-05   1.26654E-04   4.98040E-05   7.10459E-05   2.38486E-06
 1.72160E+03  -1.53256E-03  -1.95505E-03  -8.71557E-04   1.32682E-03   1.30876E-03   6.36506E-04   4.54366E-04  -1.17812E-03  -1.00993E-03  -2.98172E-04  -1.67746E-04   9.08764E-04   7.53710E-04   7.37541E-05   3.84923E-06  -6.83932E-04  -5.34430E-04   5.28286E-05   9.23117E-05   4.87403E-04   4.14754E-04  -2.14120E-04  -3.04463E-04  -3.44812E-04  -1.69168E-04   3.12504E-04   3.20187E-04   1.38313E-05  -1.01585E-04  -2.14481E-04  -1.61668E-04   1.27418E-04   1.90571E-04   5.28649E-05  -1.39920E-05  -1.04501E-04  -1.41852E-04   2.89087E-05   1.26643E-04   3.30336E-05   6.89039E-05  -6.25178E-06
 1.73410E+03  -1.48942E-03  -1.94220E-03  -8.61043E-04   1.29526E-03   1.28310E-03   6.23128E-04   4.36424E-04  -1.15636E-03  -9.92161E-04  -2.79507E-04  -1.46773E-04   8.91700E-04   7.38312E-04   5.39726E-05  -1.70458E-05  -6.67990E-04  -5.19541E-04   7.10681E-05   1.09747E-04   4.71286E-04   3.94143E-04  -2.29690E-04  -3.13693E-04  -3.17824E-04  -1.46423E-04   3.15164E-04   3.11497E-04  -1.04967E-05  -1.12910E-04  -1.99731E-04  -1.47231E-04   1.38323E-04   1.88140E-04   3.22634E-05  -2.17758E-05  -9.96697E-05  -1.34365E-04   4.40437E-05   1.24719E-04   1.69478E-05   6.58010E-05  -1.43873E-05
 1.74660E+03  -1.44747E-03  -1.93118E-03  -8.52358E-04   1.26482E-03   1.25844E-03   6.11553E-04   4.20247E-04  -1.13552E-03  -9.75070E-04  -2.62524E-04  -1.27404E-04   8.75285E-04   7.23259E-04   3.57252E-05  -3.64495E-05  -6.52468E-04  -5.04704E-04   8.78888E-05   1.25780E-04   4.55516E-04   3.73597E-04  -2.43705E-04  -3.21063E-04  -2.91923E-04  -1.24328E-04   3.16659E-04   3.01360E-04  -3.30700E-05  -1.22683E-04  -1.85185E-04  -1.32310E-04   1.47772E-04   1.83853E-04   1.30016E-05  -2.88428E-05  -9.46209E-05  -1.25518E-04   5.77694E-05   1.21113E-04   1.97338E-06   6.18926E-05  -2.18089E-05
 1.75920E+03  -1.40645E-03  -1.92186E-03  -8.45350E-04   1.23529E-03   1.23468E-03   6.01610E-04   4.05591E-04  -1.11550E-03  -9.58628E-04  -2.46997E-04  -1.09345E-04   8.59452E-04   7.08539E-04   1.87784E-05  -5.46654E-05  -6.37304E-04  -4.89905E-04   1.03496E-04   1.40690E-04   4.40024E-04   3.53046E-04  -2.56345E-04  -3.26876E-04  -2.66961E-04  -1.02712E-04   3.17075E-04   2.89930E-04  -5.40317E-05  -1.31142E-04  -1.70818E-04  -1.16913E-04   1.55837E-04   1.77926E-04  -4.96546E-06  -3.53039E-05  -8.93704E-05  -1.15451E-04   7.01091E-05   1.16018E-04  -1.18895E-05   5.72655E-05  -2.85193E-05
 1.77190E+03  -1.36641E-03  -1.91419E-03  -8.39959E-04   1.20675E-03   1.21192E-03   5.93230E-04   3.92361E-04  -1.09638E-03  -9.42942E-04  -2.32842E-04  -9.24797E-05   8.44257E-04   6.94254E-04   3.04970E-06  -7.18218E-05  -6.22546E-04  -4.75242E-04   1.17955E-04   1.54610E-04   4.24850E-04   3.32579E-04  -2.67668E-04  -3.31346E-04  -2.42974E-04  -8.15813E-05   3.16466E-04   2.77418E-04  -7.33542E-05  -1.38425E-04  -1.56700E-04  -1.01158E-04   1.62510E-04   1.70585E-04  -2.15492E-05  -4.12050E-05  -8.39594E-05  -1.04357E-04   8.09871E-05   1.09638E-04  -2.45409E-05   5.20289E-05  -3.44698E-05
 1.78470E+03  -1.32744E-03  -1.90812E-03  -8.36126E-04   1.17923E-03   1.19024E-03   5.86333E-04   3.80464E-04  -1.07819E-03  -9.28111E-04  -2.19962E-04  -7.66936E-05   8.29746E-04   6.80501E-04  -1.15561E-05  -8.80437E-05  -6.08227E-04  -4.60804E-04   1.31343E-04   1.67666E-04   4.10015E-04   3.12274E-04  -2.77744E-04  -3.34674E-04  -2.19965E-04  -6.09431E-05   3.14881E-04   2.64025E-04  -9.10377E-05  -1.44662E-04  -1.42872E-04  -8.51612E-05   1.67792E-04   1.62051E-04  -3.66938E-05  -4.65903E-05  -7.84175E-05  -9.24270E-05   9.03533E-05   1.02175E-04  -3.59111E-05   4.62903E-05  -3.96266E-05
 1.79760E+03  -1.28960E-03  -1.90360E-03  -8.33794E-04   1.15278E-03   1.16974E-03   5.80830E-04   3.69810E-04  -1.06100E-03  -9.14224E-04  -2.08249E-04  -6.18750E-05   8.15953E-04   6.67363E-04  -2.51452E-05  -1.03451E-04  -5.94364E-04  -4.46669E-04   1.43750E-04   1.79979E-04   3.95521E-04   2.92201E-04  -2.86647E-04  -3.37048E-04  -1.97911E-04  -4.08016E-05   3.12363E-04   2.49940E-04  -1.07106E-04  -1.49978E-04  -1.29354E-04  -6.90321E-05   1.71695E-04   1.52531E-04  -5.03730E-05  -5.15006E-05  -7.27641E-05  -7.98449E-05   9.81795E-05   9.38221E-05  -4.59576E-05   4.01540E-05  -4.39691E-05
 1.81060E+03  -1.25293E-03  -1.90056E-03  -8.32905E-04   1.12747E-03   1.15049E-03   5.76625E-04   3.60310E-04  -1.04485E-03  -9.01359E-04  -1.97587E-04  -4.79161E-05   8.02905E-04   6.54912E-04  -3.78332E-05  -1.18156E-04  -5.80963E-04  -4.32903E-04   1.55272E-04   1.91659E-04   3.81357E-04   2.72419E-04  -2.94459E-04  -3.38638E-04  -1.76764E-04  -2.11603E-05   3.08950E-04   2.35333E-04  -1.21606E-04  -1.54484E-04  -1.16149E-04  -5.28752E-05   1.74239E-04   1.42222E-04  -6.25854E-05  -5.59721E-05  -6.70096E-05  -6.67865E-05   1.04457E-04   8.47621E-05  -5.46613E-05   3.37196E-05  -4.74881E-05
 1.82360E+03  -1.21777E-03  -1.89895E-03  -8.33396E-04   1.10351E-03   1.13268E-03   5.73635E-04   3.51937E-04  -1.02988E-03  -8.89667E-04  -1.87923E-04  -3.48109E-05   7.90711E-04   6.43292E-04  -4.96549E-05  -1.32162E-04  -5.68114E-04  -4.19658E-04   1.65933E-04   2.02724E-04   3.67604E-04   2.53120E-04  -3.01217E-04  -3.39586E-04  -1.56607E-04  -2.16531E-06   3.04712E-04   2.20471E-04  -1.34504E-04  -1.58251E-04  -1.03336E-04  -3.69105E-05   1.75443E-04   1.31387E-04  -7.32745E-05  -6.00058E-05  -6.12018E-05  -5.35201E-05   1.09165E-04   7.52415E-05  -6.19719E-05   2.71328E-05  -5.01669E-05
 1.83680E+03  -1.18360E-03  -1.89868E-03  -8.35220E-04   1.08057E-03   1.11610E-03   5.71709E-04   3.44477E-04  -1.01591E-03  -8.79021E-04  -1.78980E-04  -2.22583E-05   7.79194E-04   6.32368E-04  -6.09200E-05  -1.45781E-04  -5.55606E-04  -4.06769E-04   1.76004E-04   2.13435E-04   3.54014E-04   2.34041E-04  -3.07114E-04  -3.40033E-04  -1.37048E-04   1.64732E-05   2.99612E-04   2.05257E-04  -1.46074E-04  -1.61421E-04  -9.06910E-05  -2.09837E-05   1.75358E-04   1.20021E-04  -8.26406E-05  -6.36875E-05  -5.52482E-05  -3.99960E-05   1.12394E-04   6.52713E-05  -6.80185E-05   2.03801E-05  -5.20553E-05
 1.85010E+03  -1.15073E-03  -1.89970E-03  -8.38324E-04   1.05891E-03   1.10094E-03   5.70767E-04   3.37915E-04  -1.00309E-03  -8.69556E-04  -1.70704E-04  -1.02659E-05   7.68460E-04   6.22260E-04  -7.16666E-05  -1.58995E-04  -5.43517E-04  -3.94362E-04   1.85511E-04   2.23781E-04   3.40651E-04   2.15353E-04  -3.12183E-04  -3.40071E-04  -1.18147E-04   3.46041E-05   2.93704E-04   1.89916E-04  -1.56294E-04  -1.64027E-04  -7.82752E-05  -5.30470E-06   1.74003E-04   1.08349E-04  -9.06451E-05  -6.70012E-05  -4.91854E-05  -2.64603E-05   1.14136E-04   5.50684E-05  -7.27690E-05   1.35945E-05  -5.31446E-05
 1.86340E+03  -1.11942E-03  -1.90192E-03  -8.42614E-04   1.03872E-03   1.08732E-03   5.70698E-04   3.32206E-04  -9.91531E-04  -8.61356E-04  -1.63016E-04   1.17594E-06   7.58582E-04   6.13050E-04  -8.19528E-05  -1.71795E-04  -5.31903E-04  -3.82534E-04   1.94501E-04   2.33758E-04   3.27561E-04   1.97200E-04  -3.16480E-04  -3.39785E-04  -9.99350E-05   5.20949E-05   2.87061E-04   1.74657E-04  -1.65190E-04  -1.66109E-04  -6.61331E-05   9.93300E-06   1.71437E-04   9.65851E-05  -9.73014E-05  -6.99355E-05  -4.30489E-05  -1.31469E-05   1.14433E-04   4.48414E-05  -7.62417E-05   6.90327E-06  -5.34556E-05
 1.87690E+03  -1.08923E-03  -1.90531E-03  -8.48098E-04   1.01973E-03   1.07508E-03   5.71394E-04   3.27178E-04  -9.81104E-04  -8.54313E-04  -1.55665E-04   1.23300E-05   7.49410E-04   6.04597E-04  -9.20669E-05  -1.84449E-04  -5.20555E-04  -3.71100E-04   2.03217E-04   2.43570E-04   3.14491E-04   1.79303E-04  -3.20154E-04  -3.39225E-04  -8.20286E-05   6.92039E-05   2.79600E-04   1.59320E-04  -1.72988E-04  -1.67729E-04  -5.40322E-05   2.48823E-05   1.67658E-04   8.46623E-05  -1.02773E-04  -7.25357E-05  -3.67337E-05   1.93577E-08   1.13335E-04   3.45553E-05  -7.85351E-05   2.77376E-07  -5.30171E-05
 1.89040E+03  -1.06062E-03  -1.90978E-03  -8.54635E-04   1.00230E-03   1.06442E-03   5.72737E-04   3.22820E-04  -9.71989E-04  -8.48535E-04  -1.48627E-04   2.31194E-05   7.41076E-04   5.97011E-04  -1.01990E-04  -1.96841E-04  -5.09602E-04  -3.60210E-04   2.11638E-04   2.53117E-04   3.01575E-04   1.61913E-04  -3.23230E-04  -3.38432E-04  -6.45832E-05   8.56704E-05   2.71440E-04   1.44186E-04  -1.79659E-04  -1.68882E-04  -4.21007E-05   3.92492E-05   1.62759E-04   7.28487E-05  -1.07046E-04  -7.47564E-05  -3.03205E-05   1.27271E-05   1.10909E-04   2.44691E-05  -7.96658E-05  -6.11818E-06  -5.18623E-05
 1.90410E+03  -1.03319E-03  -1.91533E-03  -8.62257E-04   9.86197E-04   1.05518E-03   5.74643E-04   3.18976E-04  -9.64084E-04  -8.43928E-04  -1.41664E-04   3.37923E-05   7.33447E-04   5.90149E-04  -1.11998E-04  -2.09219E-04  -4.98839E-04  -3.49668E-04   2.19991E-04   2.62572E-04   2.88556E-04   1.44745E-04  -3.25825E-04  -3.37404E-04  -4.72307E-05   1.01729E-04   2.62470E-04   1.29068E-04  -1.85389E-04  -1.69586E-04  -3.01112E-05   5.31754E-05   1.56705E-04   6.10478E-05  -1.10251E-04  -7.66158E-05  -2.37022E-05   2.50535E-05   1.07173E-04   1.45308E-05  -7.97058E-05  -1.23143E-05  -5.00042E-05
 1.91780E+03  -1.00734E-03  -1.92184E-03  -8.70783E-04   9.71724E-04   1.04752E-03   5.76983E-04   3.15610E-04  -9.57531E-04  -8.40537E-04  -1.34750E-04   4.42802E-05   7.26622E-04   5.84067E-04  -1.22068E-04  -2.21459E-04  -4.88375E-04  -3.39580E-04   2.28250E-04   2.71822E-04   2.75562E-04   1.28011E-04  -3.27965E-04  -3.36145E-04  -3.01200E-05   1.17130E-04   2.52823E-04   1.14209E-04  -1.90175E-04  -1.69815E-04  -1.81920E-05   6.63876E-05   1.49623E-04   4.94969E-05  -1.12406E-04  -7.80642E-05  -1.69663E-05   3.67131E-05   1.02240E-04   4.97369E-06  -7.87107E-05  -1.81600E-05  -4.75016E-05
 1.93170E+03  -9.82726E-04  -1.92934E-03  -8.80265E-04   9.58718E-04   1.04132E-03   5.79688E-04   3.12576E-04  -9.52260E-04  -8.38284E-04  -1.27656E-04   5.48242E-05   7.20485E-04   5.78618E-04  -1.32468E-04  -2.33794E-04  -4.78005E-04  -3.29738E-04   2.36624E-04   2.81011E-04   2.62335E-04   1.11421E-04  -3.29739E-04  -3.34603E-04  -1.29029E-05   1.32082E-04   2.42362E-04   9.93974E-05  -1.94157E-04  -1.69545E-04  -6.12775E-06   7.90075E-05   1.41447E-04   3.80820E-05  -1.13608E-04  -7.90923E-05  -1.00094E-05   4.77730E-05   9.60982E-05  -4.25999E-06  -7.67253E-05  -2.36816E-05  -4.43529E-05
 1.94560E+03  -9.59708E-04  -1.93768E-03  -8.90485E-04   9.47417E-04   1.03667E-03   5.82624E-04   3.09813E-04  -9.48369E-04  -8.37158E-04  -1.20363E-04   6.53603E-05   7.15104E-04   5.73811E-04  -1.43157E-04  -2.46093E-04  -4.67826E-04  -3.20209E-04   2.45073E-04   2.90008E-04   2.49001E-04   9.51589E-05  -3.31163E-04  -3.32750E-04   4.26075E-06   1.46346E-04   2.31236E-04   8.48437E-05  -1.97343E-04  -1.68734E-04   5.94065E-06   9.07814E-05   1.32337E-04   2.70123E-05  -1.13898E-04  -7.96482E-05  -2.93207E-06   5.79742E-05   8.89025E-05  -1.29620E-05  -7.38376E-05  -2.87424E-05  -4.06409E-05
 1.95970E+03  -9.37976E-04  -1.94694E-03  -9.01504E-04   9.37706E-04   1.03350E-03   5.85734E-04   3.07175E-04  -9.45818E-04  -8.37094E-04  -1.12647E-04   7.61292E-05   7.10371E-04   5.69490E-04  -1.54393E-04  -2.58575E-04  -4.57632E-04  -3.10773E-04   2.53785E-04   2.98935E-04   2.35302E-04   7.89293E-05  -3.32293E-04  -3.30489E-04   2.16941E-05   1.60097E-04   2.19283E-04   7.03243E-05  -1.99829E-04  -1.67315E-04   1.82090E-05   1.01804E-04   1.22206E-04   1.61662E-05  -1.13336E-04  -7.96959E-05   4.35953E-06   6.73635E-05   8.06211E-05  -2.11860E-05  -7.00684E-05  -3.33586E-05  -3.63534E-05
 1.97380E+03  -9.17857E-04  -1.95695E-03  -9.13072E-04   9.29766E-04   1.03184E-03   5.88882E-04   3.04586E-04  -9.44653E-04  -8.38030E-04  -1.04507E-04   8.70663E-05   7.06321E-04   5.65625E-04  -1.66109E-04  -2.71097E-04  -4.47507E-04  -3.01468E-04   2.62693E-04   3.07645E-04   2.21372E-04   6.28963E-05  -3.33130E-04  -3.27766E-04   3.92105E-05   1.73105E-04   2.06673E-04   5.60241E-05  -2.01620E-04  -1.65242E-04   3.05121E-05   1.11841E-04   1.11245E-04   5.72954E-06  -1.11980E-04  -7.91858E-05   1.17451E-05   7.57097E-05   7.14498E-05  -2.87481E-05  -6.55349E-05  -3.74091E-05  -3.15966E-05
 1.98810E+03  -8.99086E-04  -1.96780E-03  -9.25255E-04   9.23523E-04   1.03164E-03   5.92020E-04   3.01893E-04  -9.44860E-04  -8.39912E-04  -9.57210E-05   9.84158E-05   7.02855E-04   5.62052E-04  -1.78553E-04  -2.83869E-04  -4.37241E-04  -2.92061E-04   2.71966E-04   3.16232E-04   2.06953E-04   4.67626E-05  -3.33695E-04  -3.24442E-04   5.71018E-05   1.85513E-04   1.93228E-04   4.17135E-05  -2.02769E-04  -1.62408E-04   4.30179E-05   1.20954E-04   9.93562E-05  -4.41818E-06  -1.09857E-04  -7.80571E-05   1.93018E-05   8.30330E-05   6.13467E-05  -3.56909E-05  -6.02405E-05  -4.08965E-05  -2.63543E-05
 2.00250E+03  -8.81836E-04  -1.97937E-03  -9.37864E-04   9.19074E-04   1.03292E-03   5.95033E-04   2.98989E-04  -9.46446E-04  -8.42657E-04  -8.62464E-05   1.10190E-04   6.99952E-04   5.58684E-04  -1.91712E-04  -2.96824E-04  -4.26837E-04  -2.82505E-04   2.81567E-04   3.24596E-04   1.92088E-04   3.05709E-05  -3.33969E-04  -3.20421E-04   7.52680E-05   1.97176E-04   1.79038E-04   2.74649E-05  -2.03274E-04  -1.58742E-04   5.56149E-05   1.28986E-04   8.66777E-05  -1.41764E-05  -1.07017E-04  -7.62555E-05   2.69373E-05   8.91736E-05   5.04736E-05  -4.18963E-05  -5.42869E-05  -4.37358E-05  -2.07168E-05
 2.01690E+03  -8.66235E-04  -1.99154E-03  -9.50699E-04   9.16454E-04   1.03561E-03   5.97813E-04   2.95774E-04  -9.49367E-04  -8.46152E-04  -7.60651E-05   1.22388E-04   6.97569E-04   5.55420E-04  -2.05543E-04  -3.09889E-04  -4.16299E-04  -2.72754E-04   2.91437E-04   3.32634E-04   1.76836E-04   1.43631E-05  -3.33932E-04  -3.15619E-04   9.35826E-05   2.07968E-04   1.64218E-04   1.33457E-05  -2.03140E-04  -1.54192E-04   6.81719E-05   1.35808E-04   7.33796E-05  -2.34589E-05  -1.03521E-04  -7.37448E-05   3.45453E-05   9.40088E-05   3.90246E-05  -4.72711E-05  -4.77984E-05  -4.58633E-05  -1.47918E-05
 2.03150E+03  -8.52091E-04  -2.00443E-03  -9.63823E-04   9.15643E-04   1.03974E-03   6.00311E-04   2.92075E-04  -9.53636E-04  -8.50353E-04  -6.49531E-05   1.35265E-04   6.95603E-04   5.52084E-04  -2.20277E-04  -3.23255E-04  -4.05404E-04  -2.62554E-04   3.01703E-04   3.40402E-04   1.60941E-04  -2.15287E-06  -3.33541E-04  -3.09843E-04   1.12277E-04   2.17977E-04   1.48577E-04  -8.68167E-07  -2.02349E-04  -1.48608E-04   8.07984E-05   1.41433E-04   5.93643E-05  -3.23720E-05  -9.93571E-05  -7.04367E-05   4.21634E-05   9.75177E-05   2.69676E-05  -5.18352E-05  -4.07684E-05  -4.72607E-05  -8.57106E-06
 2.04620E+03  -8.39546E-04  -2.01788E-03  -9.77028E-04   9.16671E-04   1.04527E-03   6.02419E-04   2.87785E-04  -9.59195E-04  -8.55142E-04  -5.29050E-05   1.48816E-04   6.93992E-04   5.48564E-04  -2.35843E-04  -3.36834E-04  -3.94148E-04  -2.51855E-04   3.12273E-04   3.47782E-04   1.44474E-04  -1.89264E-05  -3.32741E-04  -3.02995E-04   1.31178E-04   2.27060E-04   1.32238E-04  -1.51017E-05  -2.00873E-04  -1.41934E-04   9.33190E-05   1.45728E-04   4.48232E-05  -4.08262E-05  -9.45761E-05  -6.62977E-05   4.96548E-05   9.95821E-05   1.45240E-05  -5.54986E-05  -3.33312E-05  -4.78681E-05  -2.17824E-06
 2.06090E+03  -8.28694E-04  -2.03176E-03  -9.90106E-04   9.19508E-04   1.05210E-03   6.04041E-04   2.82813E-04  -9.65940E-04  -8.60377E-04  -3.99476E-05   1.63017E-04   6.92656E-04   5.44749E-04  -2.52136E-04  -3.50527E-04  -3.82532E-04  -2.40618E-04   3.23024E-04   3.54659E-04   1.27522E-04  -3.58945E-05  -3.31470E-04  -2.95010E-04   1.50081E-04   2.35098E-04   1.15350E-04  -2.92748E-05  -1.98689E-04  -1.34153E-04   1.05542E-04   1.48602E-04   2.99742E-05  -4.87453E-05  -8.92450E-05  -6.13250E-05   5.68723E-05   1.00135E-04   1.93999E-06  -5.82032E-05  -2.56386E-05  -4.76544E-05   4.24990E-06
 2.07580E+03  -8.19414E-04  -2.04618E-03  -1.00312E-03   9.24179E-04   1.06029E-03   6.05115E-04   2.76971E-04  -9.73895E-04  -8.66024E-04  -2.58499E-05   1.78127E-04   6.91475E-04   5.40453E-04  -2.69366E-04  -3.64506E-04  -3.70317E-04  -2.28582E-04   3.34041E-04   3.61055E-04   1.09838E-04  -5.33295E-05  -3.29626E-04  -2.85662E-04   1.69144E-04   2.42128E-04   9.77224E-05  -4.35863E-05  -1.95715E-04  -1.25097E-04   1.17502E-04   1.50028E-04   1.47455E-05  -5.62115E-05  -8.33180E-05  -5.54241E-05   6.38009E-05   9.91317E-05  -1.07795E-05  -5.99515E-05  -1.76922E-05  -4.65913E-05   1.06990E-05
 2.09080E+03  -8.11807E-04  -2.06098E-03  -1.01585E-03   9.30644E-04   1.06977E-03   6.05543E-04   2.70171E-04  -9.82937E-04  -8.71940E-04  -1.06512E-05   1.94107E-04   6.90351E-04   5.35565E-04  -2.87398E-04  -3.78653E-04  -3.57497E-04  -2.15720E-04   3.45166E-04   3.66842E-04   9.15257E-05  -7.11444E-05  -3.27116E-04  -2.74897E-04   1.88115E-04   2.48023E-04   7.95193E-05  -5.79333E-05  -1.91900E-04  -1.14772E-04   1.28961E-04   1.49928E-04  -6.17231E-07  -6.31414E-05  -7.68556E-05  -4.86148E-05   7.02629E-05   9.65307E-05  -2.33566E-05  -6.06982E-05  -9.65782E-06  -4.46643E-05   1.70144E-05
 2.10590E+03  -8.05892E-04  -2.07609E-03  -1.02819E-03   9.38868E-04   1.08049E-03   6.05242E-04   2.62306E-04  -9.92972E-04  -8.78013E-04   5.68484E-06   2.11005E-04   6.89164E-04   5.29956E-04  -3.06189E-04  -3.92934E-04  -3.43990E-04  -2.01943E-04   3.56300E-04   3.71942E-04   7.25838E-05  -8.93497E-05  -3.23830E-04  -2.62629E-04   2.06845E-04   2.52713E-04   6.08012E-05  -7.22940E-05  -1.87173E-04  -1.03155E-04   1.39749E-04   1.48264E-04  -1.59550E-05  -6.95052E-05  -6.98842E-05  -4.09057E-05   7.61198E-05   9.23242E-05  -3.55856E-05  -6.04323E-05  -1.65612E-06  -4.18747E-05   2.30779E-05
 2.12110E+03  -8.01684E-04  -2.09143E-03  -1.04004E-03   9.48806E-04   1.09240E-03   6.04128E-04   2.53276E-04  -1.00390E-03  -8.84134E-04   2.31862E-05   2.28851E-04   6.87787E-04   5.23504E-04  -3.25683E-04  -4.07305E-04  -3.29714E-04  -1.87177E-04   3.67328E-04   3.76272E-04   5.30213E-05  -1.07937E-04  -3.19648E-04  -2.48792E-04   2.25166E-04   2.56133E-04   4.16385E-05  -8.66296E-05  -1.81458E-04  -9.02528E-05   1.49681E-04   1.45015E-04  -3.10977E-05  -7.52707E-05  -6.24307E-05  -3.23289E-05   8.12249E-05   8.65328E-05  -4.72507E-05  -5.91582E-05   6.18717E-06  -3.82413E-05   2.87664E-05
 2.13640E+03  -7.99192E-04  -2.10692E-03  -1.05129E-03   9.60407E-04   1.10544E-03   6.02121E-04   2.42992E-04  -1.01560E-03  -8.90189E-04   4.18729E-05   2.47664E-04   6.86088E-04   5.16095E-04  -3.45809E-04  -4.21708E-04  -3.14588E-04  -1.71364E-04   3.78124E-04   3.79750E-04   3.28555E-05  -1.26875E-04  -3.14446E-04  -2.33346E-04   2.42895E-04   2.58221E-04   2.21105E-05  -1.00882E-04  -1.74675E-04  -7.61021E-05   1.58562E-04   1.40184E-04  -4.58670E-05  -8.04033E-05  -5.45237E-05  -2.29420E-05   8.54275E-05   7.92095E-05  -5.81312E-05  -5.68969E-05   1.37436E-05  -3.38019E-05   3.39545E-05
 2.15190E+03  -7.98419E-04  -2.12258E-03  -1.06192E-03   9.73704E-04   1.11966E-03   5.99118E-04   2.31300E-04  -1.02804E-03  -8.96107E-04   6.18901E-05   2.67577E-04   6.83914E-04   5.07567E-04  -3.66621E-04  -4.36168E-04  -2.98426E-04  -1.54353E-04   3.88618E-04   3.82307E-04   1.19763E-05  -1.46235E-04  -3.08050E-04  -2.16164E-04   2.59942E-04   2.58921E-04   2.17557E-06  -1.15063E-04  -1.66690E-04  -6.06705E-05   1.66238E-04   1.33752E-04  -6.01700E-05  -8.48926E-05  -4.61391E-05  -1.27637E-05   8.85943E-05   7.03805E-05  -6.80666E-05  -5.36638E-05   2.09295E-05  -2.85791E-05   3.85450E-05
 2.16740E+03  -7.99371E-04  -2.13813E-03  -1.07169E-03   9.88464E-04   1.13481E-03   5.95078E-04   2.18289E-04  -1.04093E-03  -9.01697E-04   8.29857E-05   2.88320E-04   6.81157E-04   4.97937E-04  -3.87760E-04  -4.50418E-04  -2.81364E-04  -1.36345E-04   3.98531E-04   3.83828E-04  -9.31272E-06  -1.65689E-04  -3.00416E-04  -1.97487E-04   2.75885E-04   2.58175E-04  -1.78138E-05  -1.28887E-04  -1.57533E-04  -4.42645E-05   1.72411E-04   1.25855E-04  -7.36381E-05  -8.86411E-05  -3.74194E-05  -2.04128E-06   9.05400E-05   6.02846E-05  -7.67138E-05  -4.95594E-05   2.75262E-05  -2.27208E-05   4.23586E-05
 2.18300E+03  -8.02026E-04  -2.15357E-03  -1.08060E-03   1.00470E-03   1.15089E-03   5.89910E-04   2.03838E-04  -1.05422E-03  -9.06890E-04   1.05285E-04   3.09987E-04   6.77665E-04   4.87071E-04  -4.09263E-04  -4.64457E-04  -2.63233E-04  -1.17236E-04   4.07788E-04   3.84250E-04  -3.11031E-05  -1.85256E-04  -2.91388E-04  -1.77258E-04   2.90634E-04   2.55952E-04  -3.78853E-05  -1.42327E-04  -1.47092E-04  -2.69307E-05   1.76950E-04   1.16535E-04  -8.61873E-05  -9.16383E-05  -2.83502E-05   9.14357E-06   9.11571E-05   4.90301E-05  -8.39401E-05  -4.46430E-05   3.34633E-05  -1.62973E-05   4.53167E-05
 2.19880E+03  -8.06401E-04  -2.16893E-03  -1.08862E-03   1.02248E-03   1.16796E-03   5.83498E-04   1.87805E-04  -1.06787E-03  -9.11600E-04   1.28935E-04   3.32675E-04   6.73275E-04   4.74816E-04  -4.31165E-04  -4.78267E-04  -2.43849E-04  -9.69159E-05   4.16296E-04   3.83483E-04  -5.34875E-05  -2.04934E-04  -2.80784E-04  -1.55415E-04   3.04073E-04   2.52187E-04  -5.80600E-05  -1.55317E-04  -1.35237E-04  -8.73057E-06   1.79693E-04   1.05824E-04  -9.77171E-05  -9.38521E-05  -1.89148E-05   2.06906E-05   9.03221E-05   3.67326E-05  -8.95963E-05  -3.89728E-05   3.86627E-05  -9.38620E-06   4.73319E-05
 2.21470E+03  -8.12459E-04  -2.18403E-03  -1.09563E-03   1.04162E-03   1.18582E-03   5.75802E-04   1.70254E-04  -1.08167E-03  -9.15679E-04   1.53784E-04   3.56185E-04   6.67878E-04   4.61173E-04  -4.53223E-04  -4.91635E-04  -2.23275E-04  -7.55472E-05   4.23851E-04   3.81439E-04  -7.62685E-05  -2.24440E-04  -2.68563E-04  -1.32196E-04   3.15912E-04   2.46862E-04  -7.80967E-05  -1.67605E-04  -1.22001E-04   1.00115E-05   1.80457E-04   9.39092E-05  -1.07985E-04  -9.52147E-05  -9.22140E-06   3.23257E-05   8.79364E-05   2.36941E-05  -9.34766E-05  -3.26930E-05   4.29876E-05  -2.17140E-06   4.83017E-05
 2.23070E+03  -8.20173E-04  -2.19878E-03  -1.10155E-03   1.06205E-03   1.20438E-03   5.66756E-04   1.51168E-04  -1.09549E-03  -9.19010E-04   1.79812E-04   3.80435E-04   6.61351E-04   4.46090E-04  -4.75325E-04  -5.04431E-04  -2.01475E-04  -5.31904E-05   4.30319E-04   3.78036E-04  -9.93779E-05  -2.43600E-04  -2.54649E-04  -1.07739E-04   3.25975E-04   2.39957E-04  -9.78786E-05  -1.79007E-04  -1.07373E-04   2.90500E-05   1.79120E-04   8.09440E-05  -1.16850E-04  -9.56796E-05   6.71457E-07   4.38222E-05   8.39405E-05   1.01766E-05  -9.54621E-05  -2.59343E-05   4.63593E-05   5.18636E-06   4.81678E-05

