#
#--------------------------------------------------------------------------------
### 
## 
## Courbe 0
## resp__3
## Courbe 1
## resp__2
## Courbe 2
## resp__1
## Courbe 3
## resp_0
## Courbe 4
## resp_1
## Courbe 5
## resp_2
## Courbe 6
## resp_3
## Courbe 7
## resp_4
## Courbe 8
## resp_5
## Courbe 9
## resp_6
## Courbe 10
## resp_7
## Courbe 11
## resp_8
## Courbe 12
## resp_9
## Courbe 13
## resp_10
## Courbe 14
## resp_11
## Courbe 15
## resp_12
## Courbe 16
## resp_13
## Courbe 17
## resp_14
## Courbe 18
## resp_15
## Courbe 19
## resp_16
## Courbe 20
## resp_17
FREQ          DZ_0_R        DZ_0_I        DZ_1_R        DZ_1_I        DZ_2_R        DZ_2_I        DZ_3_R        DZ_3_I        DZ_4_R        DZ_4_I        DZ_5_R        DZ_5_I        DZ_6_R        DZ_6_I        DZ_7_R        DZ_7_I        DZ_8_R        DZ_8_I        DZ_9_R        DZ_9_I        DZ_10_R       DZ_10_I       DZ_11_R       DZ_11_I       DZ_12_R       DZ_12_I       DZ_13_R       DZ_13_I       DZ_14_R       DZ_14_I       DZ_15_R       DZ_15_I       DZ_16_R       DZ_16_I       DZ_17_R       DZ_17_I       DZ_18_R       DZ_18_I       DZ_19_R       DZ_19_I       DZ_20_R       DZ_20_I     
 3.54000E+01   7.99048E-03   1.71837E-02   1.01941E-02   1.96447E-02   1.15559E-02   1.98751E-02   1.18973E-02   1.80180E-02   1.11492E-02   1.43401E-02   9.47034E-03   9.36410E-03   7.24571E-03   3.79785E-03   4.45175E-03  -2.13062E-03   1.29444E-03  -7.95869E-03  -1.89694E-03  -1.31598E-02  -4.79511E-03  -1.72655E-02  -7.10468E-03  -1.98978E-02  -8.58830E-03  -2.07940E-02  -9.08673E-03  -1.98220E-02  -8.53047E-03  -1.69844E-02  -6.94190E-03  -1.24110E-02  -4.42726E-03  -6.33928E-03  -1.15890E-03   9.15877E-04   2.65120E-03   9.00164E-03   6.78488E-03   1.75743E-02   1.10564E-02   2.63514E-02
 3.56000E+01   8.23073E-03   1.74350E-02   1.05180E-02   1.99684E-02   1.19397E-02   2.02459E-02   1.23067E-02   1.84048E-02   1.15442E-02   1.47095E-02   9.81449E-03   9.68729E-03   7.51626E-03   4.05792E-03   4.62321E-03  -1.95166E-03   1.34847E-03  -7.87282E-03  -1.96558E-03  -1.31693E-02  -4.97816E-03  -1.73629E-02  -7.38116E-03  -2.00672E-02  -8.92667E-03  -2.10124E-02  -9.44795E-03  -2.00619E-02  -8.87173E-03  -1.72162E-02  -7.22059E-03  -1.26057E-02  -4.60465E-03  -6.47084E-03  -1.20316E-03   8.68535E-04   2.76313E-03   9.05370E-03   7.06687E-03   1.77348E-02   1.15144E-02   2.66242E-02
 3.59000E+01   8.61321E-03   1.78160E-02   1.10342E-02   2.04594E-02   1.25518E-02   2.08085E-02   1.29603E-02   1.89916E-02   1.21753E-02   1.52696E-02   1.03649E-02   1.01770E-02   7.94965E-03   4.45130E-03   4.89871E-03  -1.68195E-03   1.43665E-03  -7.74503E-03  -2.07333E-03  -1.31868E-02  -5.26878E-03  -1.75144E-02  -7.82130E-03  -2.03281E-02  -9.46605E-03  -2.13477E-02  -1.00242E-02  -2.04294E-02  -9.41657E-03  -1.75707E-02  -7.66588E-03  -1.29029E-02  -4.88849E-03  -6.67117E-03  -1.27464E-03   7.97448E-04   2.94090E-03   9.13504E-03   7.51606E-03   1.79824E-02   1.22445E-02   2.70440E-02
 3.61000E+01   8.88397E-03   1.80725E-02   1.14000E-02   2.07900E-02   1.29859E-02   2.11873E-02   1.34241E-02   1.93868E-02   1.26236E-02   1.56467E-02   1.07563E-02   1.05063E-02   8.25824E-03   4.71540E-03   5.09543E-03  -1.50153E-03   1.50049E-03  -7.66058E-03  -2.14860E-03  -1.32005E-02  -5.47401E-03  -1.76186E-02  -8.13291E-03  -2.05061E-02  -9.84838E-03  -2.15758E-02  -1.04331E-02  -2.06789E-02  -9.80337E-03  -1.78111E-02  -7.98224E-03  -1.31043E-02  -5.09041E-03  -6.80646E-03  -1.32592E-03   7.50063E-04   3.06648E-03   9.19127E-03   7.83428E-03   1.81517E-02   1.27621E-02   2.73302E-02
 3.64000E+01   9.31569E-03   1.84603E-02   1.19837E-02   2.12900E-02   1.36792E-02   2.17603E-02   1.41655E-02   1.99842E-02   1.33407E-02   1.62164E-02   1.13829E-02   1.10035E-02   8.75301E-03   5.11355E-03   5.41170E-03  -1.23044E-03   1.60443E-03  -7.53514E-03  -2.26713E-03  -1.32240E-02  -5.80055E-03  -1.77793E-02  -8.62990E-03  -2.07786E-02  -1.04589E-02  -2.19238E-02  -1.10864E-02  -2.10592E-02  -1.04218E-02  -1.81770E-02  -8.48844E-03  -1.34101E-02  -5.41389E-03  -7.01148E-03  -1.40872E-03   6.79123E-04   3.26637E-03   9.27827E-03   8.34214E-03   1.84108E-02   1.35888E-02   2.77676E-02
 3.66000E+01   9.62177E-03   1.87204E-02   1.23979E-02   2.16254E-02   1.41715E-02   2.21446E-02   1.46924E-02   2.03849E-02   1.38506E-02   1.65983E-02   1.18289E-02   1.13364E-02   9.10562E-03   5.37975E-03   5.63764E-03  -1.04978E-03   1.67955E-03  -7.45247E-03  -2.35019E-03  -1.32415E-02  -6.03163E-03  -1.78889E-02  -8.98237E-03  -2.09632E-02  -1.08923E-02  -2.21590E-02  -1.15506E-02  -2.13157E-02  -1.08615E-02  -1.84235E-02  -8.84854E-03  -1.36160E-02  -5.64427E-03  -7.14914E-03  -1.46811E-03   6.32019E-04   3.40789E-03   9.33778E-03   8.70256E-03   1.85865E-02   1.41758E-02   2.80636E-02
 3.69000E+01   1.01105E-02   1.91120E-02   1.30598E-02   2.21302E-02   1.49588E-02   2.27229E-02   1.55355E-02   2.09875E-02   1.46672E-02   1.71724E-02   1.25437E-02   1.18364E-02   9.67145E-03   5.77895E-03   6.00104E-03  -7.79686E-04   1.80164E-03  -7.33015E-03  -2.48139E-03  -1.32701E-02  -6.40002E-03  -1.80562E-02  -9.54546E-03  -2.12433E-02  -1.15855E-02  -2.25151E-02  -1.22934E-02  -2.17035E-02  -1.15655E-02  -1.87958E-02  -9.42546E-03  -1.39264E-02  -6.01375E-03  -7.35629E-03  -1.56399E-03   5.61863E-04   3.63360E-03   9.42881E-03   9.27871E-03   1.88532E-02   1.51148E-02   2.85120E-02
 3.72000E+01   1.06377E-02   1.95036E-02   1.37744E-02   2.26349E-02   1.58096E-02   2.33009E-02   1.64472E-02   2.15895E-02   1.55509E-02   1.77453E-02   1.33181E-02   1.23349E-02   1.02852E-02   6.17617E-03   6.39620E-03  -5.11881E-04   1.93592E-03  -7.21028E-03  -2.62119E-03  -1.33011E-02  -6.79671E-03  -1.82258E-02  -1.01532E-02  -2.15254E-02  -1.23345E-02  -2.28726E-02  -1.30967E-02  -2.20924E-02  -1.23273E-02  -1.91686E-02  -1.00502E-02  -1.42369E-02  -6.41428E-03  -7.56295E-03  -1.66866E-03   4.92637E-04   3.87680E-03   9.52116E-03   9.90107E-03   1.91215E-02   1.61297E-02   2.89624E-02
 3.74000E+01   1.10123E-02   1.97637E-02   1.42825E-02   2.29700E-02   1.64148E-02   2.36844E-02   1.70961E-02   2.19886E-02   1.61804E-02   1.81249E-02   1.38700E-02   1.26647E-02   1.07231E-02   6.43861E-03   6.67869E-03  -3.35450E-04   2.03274E-03  -7.13203E-03  -2.71958E-03  -1.33229E-02  -7.07819E-03  -1.83393E-02  -1.05853E-02  -2.17132E-02  -1.28674E-02  -2.31103E-02  -1.36685E-02  -2.23505E-02  -1.28699E-02  -1.94158E-02  -1.04953E-02  -1.44425E-02  -6.69995E-03  -7.69960E-03  -1.74372E-03   4.47231E-04   4.04945E-03   9.58296E-03   1.03438E-02   1.93000E-02   1.68520E-02   2.92617E-02
 3.77000E+01   1.16114E-02   2.01505E-02   1.50959E-02   2.34678E-02   1.73842E-02   2.42536E-02   1.81362E-02   2.25805E-02   1.71898E-02   1.86872E-02   1.47557E-02   1.31529E-02   1.14265E-02   6.82635E-03   7.13326E-03  -7.55160E-05   2.18976E-03  -7.01771E-03  -2.87561E-03  -1.33567E-02  -7.52802E-03  -1.85087E-02  -1.12769E-02  -2.19925E-02  -1.37212E-02  -2.34628E-02  -1.45852E-02  -2.27329E-02  -1.37400E-02  -1.97816E-02  -1.12096E-02  -1.47465E-02  -7.15869E-03  -7.90130E-03  -1.86484E-03   3.80667E-04   4.32551E-03   9.67507E-03   1.10529E-02   1.95648E-02   1.80095E-02   2.97052E-02
 3.80000E+01   1.22589E-02   2.05305E-02   1.59756E-02   2.39561E-02   1.84334E-02   2.48111E-02   1.92626E-02   2.31593E-02   1.82836E-02   1.92363E-02   1.57161E-02   1.36286E-02   1.21901E-02   7.20346E-03   7.62772E-03   1.76461E-04   2.36203E-03  -6.90789E-03  -3.04259E-03  -1.33912E-02  -8.01361E-03  -1.86750E-02  -1.20249E-02  -2.22652E-02  -1.46455E-02  -2.38064E-02  -1.55782E-02  -2.31049E-02  -1.46831E-02  -2.01371E-02  -1.19841E-02  -1.50416E-02  -7.65657E-03  -8.09675E-03  -1.99701E-03   3.16589E-04   4.62371E-03   9.76510E-03   1.18203E-02   1.98225E-02   1.92629E-02   3.01362E-02
 3.83000E+01   1.29589E-02   2.08997E-02   1.69272E-02   2.44294E-02   1.95692E-02   2.53503E-02   2.04826E-02   2.37181E-02   1.94691E-02   1.97652E-02   1.67579E-02   1.40861E-02   1.30190E-02   7.56514E-03   8.16549E-03   4.17307E-04   2.55083E-03  -6.80376E-03  -3.22149E-03  -1.34253E-02  -8.53810E-03  -1.88352E-02  -1.28342E-02  -2.25267E-02  -1.56464E-02  -2.41351E-02  -1.66540E-02  -2.34604E-02  -1.57053E-02  -2.04763E-02  -1.28240E-02  -1.53228E-02  -8.19696E-03  -8.28275E-03  -2.14115E-03   2.55874E-04   4.94600E-03   9.85119E-03   1.26513E-02   2.00682E-02   2.06207E-02   3.05470E-02
 3.85000E+01   1.34569E-02   2.11376E-02   1.76046E-02   2.47335E-02   2.03779E-02   2.56958E-02   2.13518E-02   2.40753E-02   2.03140E-02   2.01027E-02   1.75007E-02   1.43773E-02   1.36106E-02   7.79479E-03   8.54980E-03   5.69782E-04   2.68654E-03  -6.73821E-03  -3.34789E-03  -1.34474E-02  -8.91096E-03  -1.89368E-02  -1.34103E-02  -2.26921E-02  -1.63593E-02  -2.43426E-02  -1.74207E-02  -2.36844E-02  -1.64340E-02  -2.06898E-02  -1.34231E-02  -1.54996E-02  -8.58257E-03  -8.39960E-03  -2.24438E-03   2.17792E-04   5.17523E-03   9.90529E-03   1.32432E-02   2.02224E-02   2.15881E-02   3.08047E-02
 3.88000E+01   1.42540E-02   2.14777E-02   1.86894E-02   2.51666E-02   2.16738E-02   2.61863E-02   2.27450E-02   2.45807E-02   2.16690E-02   2.05787E-02   1.86927E-02   1.47869E-02   1.45606E-02   8.11684E-03   9.16765E-03   7.82911E-04   2.90587E-03  -6.64697E-03  -3.54894E-03  -1.34784E-02  -9.50748E-03  -1.90782E-02  -1.43332E-02  -2.29218E-02  -1.75021E-02  -2.46301E-02  -1.86501E-02  -2.39942E-02  -1.76029E-02  -2.09847E-02  -1.43842E-02  -1.57435E-02  -9.20167E-03  -8.56069E-03  -2.41068E-03   1.65216E-04   5.54217E-03   9.97951E-03   1.41918E-02   2.04343E-02   2.31391E-02   3.11588E-02
 3.91000E+01   1.51151E-02   2.17920E-02   1.98620E-02   2.55640E-02   2.30754E-02   2.66334E-02   2.42526E-02   2.50388E-02   2.31359E-02   2.10081E-02   1.99838E-02   1.51546E-02   1.55903E-02   8.40447E-03   9.83834E-03   9.72371E-04   3.14534E-03  -6.56611E-03  -3.76464E-03  -1.35054E-02  -1.01516E-02  -1.92020E-02  -1.53310E-02  -2.31221E-02  -1.87385E-02  -2.48801E-02  -1.99809E-02  -2.42630E-02  -1.88687E-02  -2.12399E-02  -1.54254E-02  -1.59542E-02  -9.87274E-03  -8.69981E-03  -2.59159E-03   1.19470E-04   5.93862E-03   1.00426E-02   1.52181E-02   2.06153E-02   2.48178E-02   3.14615E-02
 3.94000E+01   1.60445E-02   2.20722E-02   2.11283E-02   2.59145E-02   2.45895E-02   2.70239E-02   2.58820E-02   2.54353E-02   2.47221E-02   2.13766E-02   2.13805E-02   1.54678E-02   1.67050E-02   8.64759E-03   1.05653E-02   1.13149E-03   3.40623E-03  -6.49816E-03  -3.99596E-03  -1.35266E-02  -1.08465E-02  -1.93019E-02  -1.64089E-02  -2.32835E-02  -2.00748E-02  -2.50807E-02  -2.14197E-02  -2.44777E-02  -2.02377E-02  -2.14430E-02  -1.65519E-02  -1.61216E-02  -1.05992E-02  -8.81033E-03  -2.78806E-03   8.24017E-05   6.36654E-03   1.00906E-02   1.63272E-02   2.07553E-02   2.66326E-02   3.16965E-02
 3.97000E+01   1.70458E-02   2.23087E-02   2.24934E-02   2.62049E-02   2.62224E-02   2.73417E-02   2.76399E-02   2.57528E-02   2.64340E-02   2.16673E-02   2.28886E-02   1.57116E-02   1.79095E-02   8.83411E-03   1.13517E-02   1.25228E-03   3.68972E-03  -6.44612E-03  -4.24380E-03  -1.35397E-02  -1.15949E-02  -1.93708E-02  -1.75711E-02  -2.33946E-02  -2.15166E-02  -2.52175E-02  -2.29726E-02  -2.46228E-02  -2.17156E-02  -2.15792E-02  -1.77684E-02  -1.62332E-02  -1.13841E-02  -8.88430E-03  -3.00094E-03   5.62283E-05   6.82768E-03   1.01192E-02   1.75239E-02   2.08426E-02   2.85911E-02   3.18440E-02
 4.00000E+01   1.81222E-02   2.24901E-02   2.39612E-02   2.64193E-02   2.79790E-02   2.75680E-02   2.95316E-02   2.59707E-02   2.82769E-02   2.18601E-02   2.45129E-02   1.58680E-02   1.92073E-02   8.94966E-03   1.21998E-02   1.32523E-03   3.99672E-03  -6.41362E-03  -4.50886E-03  -1.35420E-02  -1.23992E-02  -1.94000E-02  -1.88212E-02  -2.34416E-02  -2.30681E-02  -2.52736E-02  -2.46444E-02  -2.46799E-02  -2.33070E-02  -2.16308E-02  -1.90787E-02  -1.62747E-02  -1.22299E-02  -8.91228E-03  -3.23092E-03   4.35845E-05   7.32346E-03   1.01228E-02   1.88117E-02   2.08628E-02   3.06993E-02   3.18809E-02
 4.02000E+01   1.88823E-02   2.25738E-02   2.49983E-02   2.65111E-02   2.92204E-02   2.76570E-02   3.08688E-02   2.60490E-02   2.95799E-02   2.19228E-02   2.56616E-02   1.59136E-02   2.01256E-02   8.97907E-03   1.28004E-02   1.34184E-03   4.21475E-03  -6.40486E-03  -4.69536E-03  -1.35360E-02  -1.29670E-02  -1.93924E-02  -1.97045E-02  -2.34296E-02  -2.41648E-02  -2.52563E-02  -2.58264E-02  -2.46586E-02  -2.44325E-02  -2.16083E-02  -2.00055E-02  -1.62550E-02  -1.28284E-02  -8.90000E-03  -3.39395E-03   4.41791E-05   7.67367E-03   1.01083E-02   1.97220E-02   2.08309E-02   3.21898E-02   3.18308E-02
 4.05000E+01   2.00867E-02   2.26322E-02   2.66418E-02   2.65566E-02   3.11883E-02   2.76794E-02   3.29891E-02   2.60458E-02   3.16465E-02   2.18982E-02   2.74841E-02   1.58764E-02   2.15830E-02   8.93763E-03   1.37542E-02   1.30941E-03   4.56188E-03  -6.41464E-03  -4.98986E-03  -1.35130E-02  -1.38667E-02  -1.93320E-02  -2.11048E-02  -2.33333E-02  -2.59040E-02  -2.51320E-02  -2.77011E-02  -2.45194E-02  -2.62178E-02  -2.14718E-02  -2.14760E-02  -1.61403E-02  -1.37782E-02  -8.82594E-03  -3.65310E-03   6.11938E-05   8.22863E-03   1.00558E-02   2.11654E-02   2.07013E-02   3.45537E-02   3.16206E-02
 4.08000E+01   2.13665E-02   2.25950E-02   2.83888E-02   2.64704E-02   3.32806E-02   2.75432E-02   3.52440E-02   2.58704E-02   3.38448E-02   2.17048E-02   2.94232E-02   1.56889E-02   2.31342E-02   8.77450E-03   1.47700E-02   1.19555E-03   4.93261E-03  -6.45671E-03  -5.30174E-03  -1.34699E-02  -1.48225E-02  -1.92014E-02  -2.25936E-02  -2.31250E-02  -2.77536E-02  -2.48668E-02  -2.96952E-02  -2.42274E-02  -2.81172E-02  -2.11887E-02  -2.30408E-02  -1.59041E-02  -1.47892E-02  -8.67259E-03  -3.92942E-03   1.01056E-04   8.81844E-03   9.95944E-03   2.27006E-02   2.04547E-02   3.70681E-02   3.12177E-02
 4.11000E+01   2.27171E-02   2.24430E-02   3.02329E-02   2.62268E-02   3.54897E-02   2.72171E-02   3.76251E-02   2.54892E-02   3.61667E-02   2.13092E-02   3.14718E-02   1.53217E-02   2.47736E-02   8.46599E-03   1.58442E-02   9.84547E-04   5.32545E-03  -6.53704E-03  -5.62994E-03  -1.34021E-02  -1.58310E-02  -1.89864E-02  -2.41653E-02  -2.27823E-02  -2.97068E-02  -2.44329E-02  -3.18015E-02  -2.37521E-02  -3.01237E-02  -2.07301E-02  -2.46941E-02  -1.55224E-02  -1.58575E-02  -8.42443E-03  -4.22181E-03   1.68118E-04   9.44095E-03   9.81025E-03   2.43217E-02   2.00678E-02   3.97238E-02   3.05838E-02
 4.14000E+01   2.41299E-02   2.21559E-02   3.21622E-02   2.57973E-02   3.78012E-02   2.66672E-02   4.01171E-02   2.48653E-02   3.85970E-02   2.06755E-02   3.36164E-02   1.47429E-02   2.64902E-02   7.98638E-03   1.69694E-02   6.59385E-04   5.73764E-03  -6.66212E-03  -5.97249E-03  -1.33050E-02  -1.68857E-02  -1.86716E-02  -2.58098E-02  -2.22809E-02  -3.17508E-02  -2.37998E-02  -3.40061E-02  -2.30607E-02  -3.22241E-02  -2.00646E-02  -2.64248E-02  -1.49694E-02  -1.69762E-02  -8.06460E-03  -4.52829E-03   2.67105E-04   1.00921E-02   9.59864E-03   2.60182E-02   1.95153E-02   4.25032E-02   2.96773E-02
 4.17000E+01   2.55911E-02   2.17122E-02   3.41580E-02   2.51527E-02   4.01926E-02   2.58580E-02   4.26956E-02   2.39604E-02   4.11119E-02   1.97662E-02   3.58359E-02   1.39191E-02   2.82669E-02   7.30883E-03   1.81343E-02   2.02276E-04   6.16483E-03  -6.83872E-03  -6.32628E-03  -1.31736E-02  -1.79766E-02  -1.82408E-02  -2.75111E-02  -2.15954E-02  -3.38657E-02  -2.29359E-02  -3.62871E-02  -2.21189E-02  -3.43974E-02  -1.91593E-02  -2.82158E-02  -1.42179E-02  -1.81340E-02  -7.57550E-03  -4.84570E-03   4.02952E-04   1.07656E-02   9.31458E-03   2.77733E-02   1.87709E-02   4.53789E-02   2.84551E-02
 4.20000E+01   2.70812E-02   2.10906E-02   3.61934E-02   2.42638E-02   4.26317E-02   2.47546E-02   4.53254E-02   2.27365E-02   4.36769E-02   1.85440E-02   3.80997E-02   1.28174E-02   3.00792E-02   6.40677E-03   1.93227E-02  -4.04379E-04   6.60081E-03  -7.07353E-03  -6.68683E-03  -1.30030E-02  -1.90889E-02  -1.76782E-02  -2.92459E-02  -2.07007E-02  -3.60223E-02  -2.18099E-02  -3.86133E-02  -2.08928E-02  -3.66138E-02  -1.79819E-02  -3.00423E-02  -1.32410E-02  -1.93148E-02  -6.93971E-03  -5.16952E-03   5.80540E-04   1.14523E-02   8.94813E-03   2.95630E-02   1.78084E-02   4.83113E-02   2.68740E-02
 4.23000E+01   2.85740E-02   2.02717E-02   3.82322E-02   2.31040E-02   4.50747E-02   2.33248E-02   4.79594E-02   2.11590E-02   4.62460E-02   1.69750E-02   4.03669E-02   1.14076E-02   3.18941E-02   5.25598E-03   2.05127E-02  -1.17664E-03   7.03720E-03  -7.37269E-03  -7.04810E-03  -1.27886E-02  -2.02029E-02  -1.69692E-02  -3.09832E-02  -1.95740E-02  -3.81819E-02  -2.03930E-02  -4.09426E-02  -1.93512E-02  -3.88331E-02  -1.65027E-02  -3.18712E-02  -1.20144E-02  -2.04970E-02  -6.14133E-03  -5.49367E-03   8.04326E-04   1.21399E-02   8.49025E-03   3.13550E-02   1.66039E-02   5.12473E-02   2.48951E-02
 4.26000E+01   3.00359E-02   1.92403E-02   4.02287E-02   2.16522E-02   4.74666E-02   2.15433E-02   5.05380E-02   1.92003E-02   4.87605E-02   1.50323E-02   4.25857E-02   9.66599E-03   3.36698E-02   3.83722E-03   2.16765E-02  -2.12725E-03   7.46340E-03  -7.74102E-03  -7.40245E-03  -1.25270E-02  -2.12937E-02  -1.61024E-02  -3.26836E-02  -1.81971E-02  -4.02952E-02  -1.86626E-02  -4.32216E-02  -1.74697E-02  -4.10042E-02  -1.46982E-02  -3.36601E-02  -1.05185E-02  -2.16532E-02  -5.16776E-03  -5.81046E-03   1.07784E-03   1.28128E-02   7.93374E-03   3.31082E-02   1.51387E-02   5.41196E-02   2.24872E-02
 4.29000E+01   3.14269E-02   1.79875E-02   4.21278E-02   1.98963E-02   4.97413E-02   1.93956E-02   5.29894E-02   1.68448E-02   5.11504E-02   1.27005E-02   4.46936E-02   7.57879E-03   3.53561E-02   2.13946E-03   2.27808E-02  -3.26350E-03   7.86672E-03  -8.18131E-03  -7.74069E-03  -1.22161E-02  -2.23313E-02  -1.50710E-02  -3.42999E-02  -1.65595E-02  -4.23031E-02  -1.66056E-02  -4.53864E-02  -1.52341E-02  -4.30660E-02  -1.25549E-02  -3.53586E-02  -8.74222E-03  -2.27507E-02  -4.01175E-03  -6.11064E-03   1.40312E-03   1.34524E-02   7.27446E-03   3.47734E-02   1.34017E-02   5.68473E-02   1.96326E-02
 4.32000E+01   3.27017E-02   1.65138E-02   4.38673E-02   1.78369E-02   5.18237E-02   1.68824E-02   5.52325E-02   1.40933E-02   5.33360E-02   9.98032E-03   4.66204E-02   5.14668E-03   3.68962E-02   1.63246E-04   2.37881E-02  -4.58504E-03   8.23276E-03  -8.69342E-03  -8.05242E-03  -1.18560E-02  -2.32817E-02  -1.38753E-02  -3.57784E-02  -1.46617E-02  -4.41387E-02  -1.42227E-02  -4.73644E-02  -1.26451E-02  -4.49492E-02  -1.00734E-02  -3.69093E-02  -6.68609E-03  -2.37521E-02  -2.67363E-03  -6.38377E-03   1.78006E-03   1.40375E-02   6.51258E-03   3.62950E-02   1.13936E-02   5.93390E-02   1.63318E-02
 4.36000E+01   3.41376E-02   1.42279E-02   4.58243E-02   1.46503E-02   5.41640E-02   1.30006E-02   5.77508E-02   9.84915E-03   5.57872E-02   5.78922E-03   4.87784E-02   1.40279E-03   3.86182E-02  -2.87630E-03   2.49111E-02  -6.61637E-03   8.63648E-03  -9.48068E-03  -8.40778E-03  -1.13045E-02  -2.43514E-02  -1.20427E-02  -3.74377E-02  -1.17534E-02  -4.61956E-02  -1.05719E-02  -4.95786E-02  -8.67967E-03  -4.70555E-02  -6.27351E-03  -3.86424E-02  -3.53794E-03  -2.48698E-02  -6.24855E-04  -6.68672E-03   2.35776E-03   1.46942E-02   5.34775E-03   3.79985E-02   8.32202E-03   6.21267E-02   1.12829E-02
 4.39000E+01   3.49566E-02   1.23086E-02   4.69379E-02   1.19789E-02   5.54927E-02   9.75012E-03   5.91776E-02   6.29857E-03   5.71728E-02   2.28545E-03   4.99953E-02  -1.72533E-03   3.95860E-02  -5.41460E-03   2.55386E-02  -8.31213E-03   8.85696E-03  -1.01381E-02  -8.61531E-03  -1.08455E-02  -2.49605E-02  -1.05161E-02  -3.83771E-02  -9.33094E-03  -4.73567E-02  -7.53138E-03  -5.08260E-02  -5.37758E-03  -4.82400E-02  -3.10965E-03  -3.96153E-02  -9.16959E-04  -2.54957E-02   1.08088E-03  -6.85416E-03   2.83912E-03   1.50661E-02   4.37903E-03   3.89584E-02   5.76672E-03   6.36953E-02   7.08234E-03
 4.42000E+01   3.55107E-02   1.02601E-02   4.76877E-02   9.13014E-03   5.63836E-02   6.28586E-03   6.01301E-02   2.51616E-03   5.80937E-02  -1.44580E-03   5.07998E-02  -5.05567E-03   4.02212E-02  -8.11639E-03   2.59454E-02  -1.01169E-02   8.99298E-03  -1.08382E-02  -8.76223E-03  -1.03583E-02  -2.53712E-02  -8.89387E-03  -3.90034E-02  -6.75649E-03  -4.81261E-02  -4.30023E-03  -5.16489E-02  -1.86859E-03  -4.90188E-02   2.52328E-04  -4.02527E-02   1.86811E-03  -2.59037E-02   2.89352E-03  -6.96026E-03   3.35100E-03   1.53142E-02   3.35046E-03   3.95920E-02   3.05276E-03   6.47279E-02   2.62064E-03
 4.45000E+01   3.57725E-02   8.13628E-03   4.80363E-02   6.17760E-03   5.67913E-02   2.69649E-03   6.05593E-02  -1.40206E-03   5.85019E-02  -5.31049E-03   5.11494E-02  -8.50482E-03   4.04897E-02  -1.09145E-02   2.61090E-02  -1.19863E-02   9.03587E-03  -1.15640E-02  -8.84228E-03  -9.85523E-03  -2.55631E-02  -7.21615E-03  -3.92842E-02  -4.09339E-03  -4.84633E-02  -9.57573E-04  -5.20039E-02   1.76161E-03  -4.93502E-02   3.73053E-03  -4.05201E-02   4.74956E-03  -2.60712E-02   4.76907E-03  -6.99872E-03   3.88103E-03   1.54256E-02   2.28705E-03   3.98658E-02   2.45969E-04   6.51694E-02  -1.99401E-03
 4.48000E+01   3.57296E-02   5.99735E-03   4.79665E-02   3.20416E-03   5.66954E-02  -9.18303E-04   6.04432E-02  -5.34814E-03   5.83757E-02  -9.20288E-03   5.10249E-02  -1.19790E-02   4.03760E-02  -1.37333E-02   2.60189E-02  -1.38701E-02   8.98166E-03  -1.22964E-02  -8.85262E-03  -9.35011E-03  -2.55270E-02  -5.52806E-03  -3.92050E-02  -1.41282E-03  -4.83502E-02   2.40760E-03  -5.18710E-02   5.41667E-03  -4.92151E-02   7.23284E-03  -4.04019E-02   7.65126E-03  -2.59881E-02   6.65810E-03  -6.96667E-03   4.41534E-03   1.53948E-02   1.21692E-03   3.97647E-02  -2.57961E-03   6.49948E-02  -6.63999E-03
 4.52000E+01   3.52080E-02   3.22824E-03   4.72359E-02  -6.47077E-04   5.58000E-02  -5.60204E-03   5.94569E-02  -1.04629E-02   5.73927E-02  -1.42497E-02   5.01360E-02  -1.64851E-02   3.96417E-02  -1.73909E-02   2.55122E-02  -1.63160E-02   8.76135E-03  -1.32494E-02  -8.76022E-03  -8.69782E-03  -2.51312E-02  -3.34059E-03  -3.85505E-02   2.06316E-03  -4.75128E-02   6.77286E-03  -5.09501E-02   1.01591E-02  -4.83240E-02   1.17780E-02  -3.96562E-02   1.14177E-02  -2.54953E-02   9.11071E-03  -6.81644E-03   5.10992E-03   1.51366E-02  -1.70877E-04   3.90582E-02  -6.24594E-03   6.38226E-02  -1.26692E-02
 4.55000E+01   3.44978E-02   1.28645E-03   4.62499E-02  -3.35036E-03   5.46011E-02  -8.89233E-03   5.81460E-02  -1.40584E-02   5.60957E-02  -1.77997E-02   4.89727E-02  -1.96568E-02   3.86905E-02  -1.99673E-02   2.48665E-02  -1.80407E-02   8.49431E-03  -1.39234E-02  -8.61799E-03  -8.24125E-03  -2.45955E-02  -1.80202E-03  -3.76824E-02   4.51049E-03  -4.64129E-02   9.84799E-03  -4.97484E-02   1.35012E-02  -4.71669E-02   1.49821E-02  -3.86929E-02   1.40736E-02  -2.48631E-02   1.08408E-02  -6.62984E-03   5.60069E-03   1.47939E-02  -1.14844E-03   3.81354E-02  -8.83037E-03   6.22980E-02  -1.69201E-02
 4.58000E+01   3.35544E-02  -4.88622E-04   4.49437E-02  -5.82502E-03   5.30165E-02  -1.19077E-02   5.64174E-02  -1.73567E-02   5.43894E-02  -2.10589E-02   4.74462E-02  -2.25710E-02   3.74464E-02  -2.23368E-02   2.40264E-02  -1.96290E-02   8.15273E-03  -1.45463E-02  -8.42252E-03  -7.82433E-03  -2.38852E-02  -3.88995E-04  -3.65386E-02   6.76091E-03  -4.49680E-02   1.26776E-02  -4.81728E-02   1.65780E-02  -4.56525E-02   1.79329E-02  -3.74339E-02   1.65204E-02  -2.40388E-02   1.24355E-02  -6.38914E-03   6.05389E-03   1.43421E-02  -2.04803E-03   3.69252E-02  -1.12106E-02   6.03011E-02  -2.08361E-02
 4.61000E+01   3.24227E-02  -2.06483E-03   4.33789E-02  -8.02691E-03   5.11207E-02  -1.45951E-02   5.43515E-02  -2.03002E-02   5.23525E-02  -2.39710E-02   4.56262E-02  -2.51780E-02   3.59657E-02  -2.44592E-02   2.30291E-02  -2.10542E-02   7.75084E-03  -1.51081E-02  -8.18416E-03  -7.45445E-03  -2.30340E-02   8.74445E-04  -3.51721E-02   8.77650E-03  -4.32444E-02   1.52143E-02  -4.62953E-02   1.93381E-02  -4.38492E-02   2.05814E-02  -3.59360E-02   1.87176E-02  -2.30592E-02   1.38684E-02  -6.10467E-03   6.46212E-03   1.38023E-02  -2.85467E-03   3.54829E-02  -1.33472E-02   5.79226E-02  -2.43522E-02
 4.65000E+01   3.07041E-02  -3.82675E-03   4.10046E-02  -1.04968E-02   4.82460E-02  -1.76179E-02   5.12212E-02  -2.36186E-02   4.92681E-02  -2.72607E-02   4.28725E-02  -2.81286E-02   3.37274E-02  -2.68668E-02   2.15240E-02  -2.26756E-02   7.14746E-03  -1.57522E-02  -7.81875E-03  -7.04139E-03  -2.17421E-02   2.30368E-03  -3.31018E-02   1.10629E-02  -4.06352E-02   1.80962E-02  -4.34549E-02   2.24772E-02  -4.11224E-02   2.35963E-02  -3.36721E-02   2.12208E-02  -2.15797E-02   1.55023E-02  -5.67642E-03   6.92948E-03   1.29842E-02  -3.77147E-03   3.33007E-02  -1.57800E-02   5.43254E-02  -2.83576E-02
 4.68000E+01   2.93182E-02  -4.88798E-03   3.90906E-02  -1.19923E-02   4.59294E-02  -1.94558E-02   4.86993E-02  -2.56431E-02   4.67841E-02  -2.92736E-02   4.06554E-02  -2.99392E-02   3.19261E-02  -2.83490E-02   2.03136E-02  -2.36780E-02   6.66334E-03  -1.61549E-02  -7.52286E-03  -6.79293E-03  -2.07005E-02   3.18005E-03  -3.14339E-02   1.24706E-02  -3.85341E-02   1.98744E-02  -4.11681E-02   2.44171E-02  -3.89276E-02   2.54618E-02  -3.18502E-02   2.27715E-02  -2.03893E-02   1.65160E-02  -5.33237E-03   7.22105E-03   1.23251E-02  -4.33754E-03   3.15436E-02  -1.72858E-02   5.14295E-02  -3.08386E-02
 4.71000E+01   2.78953E-02  -5.73356E-03   3.71258E-02  -1.31920E-02   4.35514E-02  -2.09379E-02   4.61108E-02  -2.72828E-02   4.42345E-02  -3.09101E-02   3.83799E-02  -3.14165E-02   3.00774E-02  -2.95632E-02   1.90715E-02  -2.45034E-02   6.16674E-03  -1.64911E-02  -7.21887E-03  -6.59533E-03  -1.96311E-02   3.89435E-03  -2.97218E-02   1.36237E-02  -3.63775E-02   2.13351E-02  -3.88209E-02   2.60138E-02  -3.66747E-02   2.69996E-02  -2.99802E-02   2.40516E-02  -1.91676E-02   1.73543E-02  -4.97935E-03   7.46380E-03   1.16485E-02  -4.80289E-03   2.97400E-02  -1.85276E-02   4.84570E-02  -3.28863E-02
 4.75000E+01   2.59995E-02  -6.55121E-03   3.45075E-02  -1.43667E-02   4.03824E-02  -2.24031E-02   4.26609E-02  -2.89165E-02   4.08360E-02  -3.25514E-02   3.53465E-02  -3.29075E-02   2.76125E-02  -3.07973E-02   1.74149E-02  -2.53500E-02   5.50377E-03  -1.68440E-02  -6.81451E-03  -6.40507E-03  -1.82061E-02   4.61389E-03  -2.74396E-02   1.47956E-02  -3.35021E-02   2.28267E-02  -3.56911E-02   2.76496E-02  -3.36705E-02   2.85794E-02  -2.74863E-02   2.53699E-02  -1.75380E-02   1.82201E-02  -4.50818E-03   7.71746E-03   1.07465E-02  -5.27870E-03   2.73349E-02  -1.98041E-02   4.44930E-02  -3.49943E-02
 4.78000E+01   2.46127E-02  -6.95709E-03   3.25920E-02  -1.49634E-02   3.80634E-02  -2.31601E-02   4.01357E-02  -2.97719E-02   3.83478E-02  -3.34207E-02   3.31248E-02  -3.37055E-02   2.58066E-02  -3.14656E-02   1.62003E-02  -2.58152E-02   5.01671E-03  -1.70451E-02  -6.51982E-03  -6.31155E-03  -1.71636E-02   4.99760E-03  -2.57687E-02   1.54299E-02  -3.13962E-02   2.36403E-02  -3.33982E-02   2.85468E-02  -3.14692E-02   2.94495E-02  -2.56585E-02   2.60987E-02  -1.63433E-02   1.87011E-02  -4.16231E-03   7.86094E-03   1.00861E-02  -5.53873E-03   2.55728E-02  -2.05079E-02   4.15882E-02  -3.61592E-02
 4.82000E+01   2.28461E-02  -7.26222E-03   3.01507E-02  -1.54352E-02   3.51068E-02  -2.37804E-02   3.69150E-02  -3.04919E-02   3.51731E-02  -3.41684E-02   3.02889E-02  -3.44056E-02   2.34999E-02  -3.20642E-02   1.46475E-02  -2.62428E-02   4.39202E-03  -1.72412E-02  -6.14652E-03  -6.24311E-03  -1.58351E-02   5.33158E-03  -2.36370E-02   1.59972E-02  -2.87079E-02   2.43781E-02  -3.04702E-02   2.93680E-02  -2.86571E-02   3.02518E-02  -2.33228E-02   2.67753E-02  -1.48161E-02   1.91511E-02  -3.71929E-03   7.99926E-03   9.24336E-03  -5.77524E-03   2.33224E-02  -2.11578E-02   3.78777E-02  -3.72393E-02
 4.85000E+01   2.15983E-02  -7.34154E-03   2.84256E-02  -1.55842E-02   3.30165E-02  -2.39992E-02   3.46369E-02  -3.07656E-02   3.29263E-02  -3.44688E-02   2.82807E-02  -3.47004E-02   2.18652E-02  -3.23283E-02   1.35457E-02  -2.64418E-02   3.94691E-03  -1.73430E-02  -5.88484E-03  -6.22765E-03  -1.48964E-02   5.46944E-03  -2.21286E-02   1.62463E-02  -2.68042E-02   2.47118E-02  -2.83956E-02   2.97467E-02  -2.66639E-02   3.06273E-02  -2.16667E-02   2.70960E-02  -1.37325E-02   1.93677E-02  -3.40415E-03   8.06958E-03   8.64696E-03  -5.88281E-03   2.17279E-02  -2.14627E-02   3.52477E-02  -3.77500E-02
 4.89000E+01   2.00501E-02  -7.28552E-03   2.62836E-02  -1.55610E-02   3.04196E-02  -2.40247E-02   3.18049E-02  -3.08427E-02   3.01315E-02  -3.45883E-02   2.57808E-02  -3.48449E-02   1.98281E-02  -3.24811E-02   1.21705E-02  -2.65760E-02   3.38854E-03  -1.74303E-02  -5.56323E-03  -6.24623E-03  -1.37311E-02   5.53124E-03  -2.02526E-02   1.63878E-02  -2.44345E-02   2.49194E-02  -2.58116E-02   2.99954E-02  -2.41799E-02   3.08837E-02  -1.96016E-02   2.73223E-02  -1.23805E-02   1.95263E-02  -3.00967E-03   8.12746E-03   7.90512E-03  -5.95072E-03   1.97415E-02  -2.16721E-02   3.19702E-02  -3.81078E-02
 4.92000E+01   1.89788E-02  -7.14502E-03   2.48005E-02  -1.54087E-02   2.86201E-02  -2.38817E-02   2.98411E-02  -3.07256E-02   2.81919E-02  -3.45070E-02   2.40442E-02  -3.48024E-02   1.84115E-02  -3.24749E-02   1.12123E-02  -2.65974E-02   2.99713E-03  -1.74668E-02  -5.34330E-03  -6.28431E-03  -1.29244E-02   5.50321E-03  -1.89510E-02   1.63778E-02  -2.27884E-02   2.49308E-02  -2.40152E-02   3.00263E-02  -2.24520E-02   3.09277E-02  -1.81643E-02   2.73698E-02  -1.14387E-02   1.95663E-02  -2.73383E-03   8.14925E-03   7.39031E-03  -5.95570E-03   1.83605E-02  -2.17095E-02   2.96905E-02  -3.81800E-02
 4.96000E+01   1.76699E-02  -6.85530E-03   2.29866E-02  -1.50655E-02   2.64174E-02  -2.35229E-02   2.74351E-02  -3.03879E-02   2.58134E-02  -3.42216E-02   2.19125E-02  -3.45895E-02   1.66700E-02  -3.23416E-02   1.00318E-02  -2.65443E-02   2.51148E-03  -1.74858E-02  -5.07835E-03  -6.36063E-03  -1.19380E-02   5.38831E-03  -1.73553E-02   1.62441E-02  -2.07679E-02   2.47966E-02  -2.18082E-02   2.99065E-02  -2.03276E-02   3.08331E-02  -1.63959E-02   2.73069E-02  -1.02788E-02   1.95381E-02  -2.39258E-03   8.15614E-03   6.75906E-03  -5.91458E-03   1.66635E-02  -2.16352E-02   2.68877E-02  -3.80733E-02
 4.99000E+01   1.67750E-02  -6.57781E-03   2.17451E-02  -1.47258E-02   2.49081E-02  -2.31551E-02   2.57849E-02  -3.00283E-02   2.41803E-02  -3.39039E-02   2.04470E-02  -3.43384E-02   1.54709E-02  -3.21688E-02   9.21690E-03  -2.64569E-02   2.17349E-03  -1.74831E-02  -4.90022E-03  -6.43323E-03  -1.12631E-02   5.25642E-03  -1.62601E-02   1.60731E-02  -1.93788E-02   2.46082E-02  -2.02895E-02   2.97223E-02  -1.88644E-02   3.06725E-02  -1.51769E-02   2.71861E-02  -9.47830E-03   1.94694E-02  -2.15586E-03   8.14851E-03   6.32567E-03  -5.85568E-03   1.54956E-02  -2.15069E-02   2.49574E-02  -3.78744E-02
 5.03000E+01   1.56910E-02  -6.14763E-03   2.02394E-02  -1.41905E-02   2.30756E-02  -2.25662E-02   2.37788E-02  -2.94427E-02   2.21926E-02  -3.33771E-02   1.86607E-02  -3.39132E-02   1.40066E-02  -3.18664E-02   8.21881E-03  -2.62939E-02   1.75573E-03  -1.74634E-02  -4.68874E-03  -6.54589E-03  -1.04448E-02   5.03467E-03  -1.49275E-02   1.57744E-02  -1.76858E-02   2.42700E-02  -1.84361E-02   2.93833E-02  -1.70771E-02   3.03697E-02  -1.36865E-02   2.69521E-02  -8.49830E-03   1.93311E-02  -1.86435E-03   8.12595E-03   5.79822E-03  -5.74913E-03   1.40700E-02  -2.12637E-02   2.25996E-02  -3.74917E-02
 5.07000E+01   1.47229E-02  -5.66708E-03   1.88926E-02  -1.35865E-02   2.14339E-02  -2.18952E-02   2.19789E-02  -2.87690E-02   2.04062E-02  -3.27649E-02   1.70523E-02  -3.34132E-02   1.26849E-02  -3.15047E-02   7.31446E-03  -2.60930E-02   1.37269E-03  -1.74311E-02  -4.50504E-03  -6.67245E-03  -9.71329E-03   4.77427E-03  -1.37305E-02   1.54169E-02  -1.61615E-02   2.38594E-02  -1.67646E-02   2.89669E-02  -1.54632E-02   2.99936E-02  -1.23390E-02   2.66583E-02  -7.61076E-03   1.91545E-02  -1.59832E-03   8.09348E-03   5.32424E-03  -5.61918E-03   1.27841E-02  -2.09609E-02   2.04707E-02  -3.70117E-02
 5.10000E+01   1.40669E-02  -5.28329E-03   1.79784E-02  -1.31018E-02   2.03178E-02  -2.13540E-02   2.07533E-02  -2.82233E-02   1.91877E-02  -3.22667E-02   1.59532E-02  -3.30041E-02   1.17795E-02  -3.12069E-02   6.69254E-03  -2.59255E-02   1.10620E-03  -1.74017E-02  -4.38411E-03  -6.77428E-03  -9.21699E-03   4.56087E-03  -1.29145E-02   1.51216E-02  -1.51198E-02   2.35184E-02  -1.56206E-02   2.86194E-02  -1.43571E-02   2.96784E-02  -1.14144E-02   2.64109E-02  -7.00068E-03   1.90050E-02  -1.41408E-03   8.06487E-03   5.00098E-03  -5.51090E-03   1.19037E-02  -2.07066E-02   1.90118E-02  -3.66076E-02
 5.14000E+01   1.32774E-02  -4.75050E-03   1.68760E-02  -1.24269E-02   1.89696E-02  -2.05987E-02   1.92701E-02  -2.74597E-02   1.77104E-02  -3.15680E-02   1.46177E-02  -3.24291E-02   1.06763E-02  -3.07868E-02   5.93156E-03  -2.56882E-02   7.75919E-04  -1.73588E-02  -4.24349E-03  -6.91695E-03  -8.61892E-03   4.25976E-03  -1.19257E-02   1.47035E-02  -1.38541E-02   2.30345E-02  -1.42281E-02   2.81253E-02  -1.30088E-02   2.92294E-02  -1.02857E-02   2.60578E-02  -6.25453E-03   1.87910E-02  -1.18685E-03   8.02341E-03   4.60908E-03  -5.35683E-03   1.08318E-02  -2.03437E-02   1.72335E-02  -3.60304E-02
 5.18000E+01   1.25761E-02  -4.20251E-03   1.58945E-02  -1.17316E-02   1.77662E-02  -1.98195E-02   1.79433E-02  -2.66710E-02   1.63856E-02  -3.08456E-02   1.34167E-02  -3.18341E-02   9.68073E-03  -3.03519E-02   5.24096E-03  -2.54423E-02   4.71305E-04  -1.73146E-02  -4.12444E-03  -7.06548E-03  -8.08686E-03   3.94641E-03  -1.10396E-02   1.42683E-02  -1.27160E-02   2.25305E-02  -1.29729E-02   2.76104E-02  -1.17912E-02   2.87613E-02  -9.26446E-03   2.56896E-02  -5.57776E-03   1.85678E-02  -9.78547E-04   7.98022E-03   4.25766E-03  -5.19587E-03   9.86511E-03  -1.99647E-02   1.56276E-02  -3.54276E-02
 5.21000E+01   1.21024E-02  -3.78610E-03   1.52299E-02  -1.12030E-02   1.69496E-02  -1.92269E-02   1.70407E-02  -2.60712E-02   1.54823E-02  -3.02963E-02   1.25955E-02  -3.13818E-02   8.99755E-03  -3.00216E-02   4.76450E-03  -2.52561E-02   2.57862E-04  -1.72820E-02  -4.04805E-03  -7.17968E-03  -7.72698E-03   3.70676E-03  -1.04358E-02   1.39360E-02  -1.19377E-02   2.21460E-02  -1.21125E-02   2.72179E-02  -1.09550E-02   2.84047E-02  -8.56197E-03   2.54093E-02  -5.11108E-03   1.83981E-02  -8.33424E-04   7.94778E-03   4.01805E-03  -5.07276E-03   9.20229E-03  -1.96755E-02   1.45249E-02  -3.49679E-02
 5.25000E+01   1.15339E-02  -3.22823E-03   1.44300E-02  -1.04950E-02   1.59640E-02  -1.84335E-02   1.59485E-02  -2.52685E-02   1.43861E-02  -2.95618E-02   1.15959E-02  -3.07779E-02   8.16268E-03  -2.95815E-02   4.17876E-03  -2.50093E-02  -8.95734E-06  -1.72408E-02  -3.96189E-03  -7.33466E-03  -7.29423E-03   3.38452E-03  -9.70370E-03   1.34906E-02  -1.09903E-02   2.16317E-02  -1.10625E-02   2.66936E-02  -9.93237E-03   2.79290E-02  -7.70111E-03   2.50360E-02  -4.53765E-03   1.81727E-02  -6.53104E-04   7.90552E-03   3.72730E-03  -4.90760E-03   8.39294E-03  -1.92890E-02   1.31764E-02  -3.43543E-02
 5.29000E+01   1.10302E-02  -2.67120E-03   1.37187E-02  -9.78861E-03   1.50846E-02  -1.76428E-02   1.49707E-02  -2.44695E-02   1.34011E-02  -2.88320E-02   1.06941E-02  -3.01792E-02   7.40570E-03  -2.91468E-02   3.64364E-03  -2.47674E-02  -2.57816E-04  -1.72035E-02  -3.89211E-03  -7.49185E-03  -6.91002E-03   3.06209E-03  -9.04656E-03   1.30471E-02  -1.01355E-02   2.11211E-02  -1.01119E-02   2.61744E-02  -9.00415E-03   2.74591E-02  -6.91775E-03   2.46681E-02  -4.01407E-03   1.79515E-02  -4.86146E-04   7.86535E-03   3.46606E-03  -4.74313E-03   7.65980E-03  -1.89063E-02   1.19524E-02  -3.37478E-02
 5.33000E+01   1.05844E-02  -2.11815E-03   1.30865E-02  -9.08818E-03   1.42998E-02  -1.68598E-02   1.40946E-02  -2.36799E-02   1.25150E-02  -2.81122E-02   9.87916E-03  -2.95906E-02   6.71775E-03  -2.87215E-02   3.15321E-03  -2.45332E-02  -4.91039E-04  -1.71712E-02  -3.83716E-03  -7.65056E-03  -6.56915E-03   2.74183E-03  -8.45611E-03   1.26093E-02  -9.36299E-03   2.06192E-02  -9.24954E-03   2.56656E-02  -8.15950E-03   2.69999E-02  -6.20291E-03   2.43098E-02  -3.53448E-03   1.77371E-02  -3.30875E-04   7.82800E-03   3.23106E-03  -4.58084E-03   6.99419E-03  -1.85315E-02   1.08387E-02  -3.31552E-02
 5.37000E+01   1.01904E-02  -1.57126E-03   1.25248E-02  -8.39671E-03   1.35995E-02  -1.60884E-02   1.33092E-02  -2.29035E-02   1.17170E-02  -2.74065E-02   9.14136E-03  -2.90155E-02   6.09095E-03  -2.83083E-02   2.70219E-03  -2.43085E-02  -7.10706E-04  -1.71445E-02  -3.79571E-03  -7.81031E-03  -6.26701E-03   2.42541E-03  -7.92499E-03   1.21798E-02  -8.66347E-03   2.01290E-02  -8.46529E-03   2.51708E-02  -7.38881E-03   2.65548E-02  -5.54862E-03   2.39638E-02  -3.09367E-03   1.75314E-02  -1.85792E-04   7.79404E-03   3.01939E-03  -4.42177E-03   6.38839E-03  -1.81672E-02   9.82252E-03  -3.25808E-02
 5.41000E+01   9.84257E-03  -1.03198E-03   1.20263E-02  -7.71620E-03   1.29744E-02  -1.53309E-02   1.26046E-02  -2.21431E-02   1.09973E-02  -2.67174E-02   8.47208E-03  -2.84563E-02   5.51833E-03  -2.79092E-02   2.28591E-03  -2.40945E-02  -9.18674E-04  -1.71240E-02  -3.76659E-03  -7.97080E-03  -5.99953E-03   2.11392E-03  -7.44672E-03   1.17605E-02  -8.02879E-03   1.96531E-02  -7.75028E-03   2.46923E-02  -6.68353E-03   2.61264E-02  -4.94778E-03   2.36323E-02  -2.68700E-03   1.73358E-02  -4.95618E-05   7.76384E-03   2.82848E-03  -4.26665E-03   5.83554E-03  -1.78155E-02   8.89259E-03  -3.20280E-02
 5.44000E+01   9.60918E-03  -6.33089E-04   1.16898E-02  -7.21382E-03   1.25503E-02  -1.47728E-02   1.21240E-02  -2.15843E-02   1.05038E-02  -2.62126E-02   8.01049E-03  -2.80482E-02   5.12067E-03  -2.76199E-02   1.99398E-03  -2.39417E-02  -1.06797E-03  -1.71129E-02  -3.75222E-03  -8.09153E-03  -5.81951E-03   1.88399E-03  -7.11922E-03   1.14534E-02  -7.59095E-03   1.93063E-02  -7.25471E-03   2.43453E-02  -6.19293E-03   2.58168E-02  -4.52843E-03   2.33939E-02  -2.40194E-03   1.71962E-02   4.75200E-05   7.74381E-03   2.69755E-03  -4.15319E-03   5.45200E-03  -1.75608E-02   8.24572E-03  -3.16287E-02
 5.48000E+01   9.33118E-03  -1.09125E-04   1.12863E-02  -6.55527E-03   1.20386E-02  -1.40430E-02   1.15408E-02  -2.08555E-02   9.90130E-03  -2.55562E-02   7.44342E-03  -2.75201E-02   4.62844E-03  -2.72481E-02   1.62882E-03  -2.37486E-02  -1.25934E-03  -1.71040E-02  -3.74232E-03  -8.25290E-03  -5.60437E-03   1.58269E-03  -6.72006E-03   1.10543E-02  -7.05290E-03   1.88583E-02  -6.64254E-03   2.38991E-02  -5.58452E-03   2.54207E-02  -4.00649E-03   2.30905E-02  -2.04547E-03   1.70200E-02   1.71034E-04   7.72075E-03   2.53770E-03  -4.00598E-03   4.97772E-03  -1.72338E-02   7.44349E-03  -3.11181E-02
 5.52000E+01   9.08766E-03   4.05581E-04   1.09297E-02  -5.90998E-03   1.15826E-02  -1.33298E-02   1.10171E-02  -2.01457E-02   9.35616E-03  -2.49196E-02   6.92613E-03  -2.70106E-02   4.17514E-03  -2.68927E-02   1.28813E-03  -2.35679E-02  -1.44314E-03  -1.71020E-02  -3.74227E-03  -8.41471E-03  -5.41510E-03   1.28760E-03  -6.35964E-03   1.06674E-02  -6.56186E-03   1.84272E-02  -6.08020E-03   2.34723E-02  -5.02286E-03   2.50441E-02  -3.52250E-03   2.28039E-02  -1.71299E-03   1.68555E-02   2.88654E-04   7.70195E-03   2.39301E-03  -3.86358E-03   4.54146E-03  -1.69216E-02   6.70285E-03  -3.06328E-02
 5.56000E+01   8.87527E-03   9.10982E-04   1.06153E-02  -5.27801E-03   1.11767E-02  -1.26335E-02   1.05468E-02  -1.94550E-02   8.86239E-03  -2.43028E-02   6.45327E-03  -2.65200E-02   3.75640E-03  -2.65539E-02   9.68968E-04  -2.33997E-02  -1.62058E-03  -1.71070E-02  -3.75142E-03  -8.57698E-03  -5.24924E-03   9.98783E-04  -6.03394E-03   1.02929E-02  -6.11277E-03   1.80131E-02  -5.56215E-03   2.30652E-02  -4.50261E-03   2.46873E-02  -3.07199E-03   2.25343E-02  -1.40158E-03   1.67028E-02   4.01243E-04   7.68748E-03   2.26192E-03  -3.72604E-03   4.13893E-03  -1.66246E-02   6.01675E-03  -3.01734E-02
 5.60000E+01   8.69113E-03   1.40721E-03   1.03391E-02  -4.65920E-03   1.08162E-02  -1.19538E-02   1.01247E-02  -1.87833E-02   8.41476E-03  -2.37058E-02   6.02016E-03  -2.60481E-02   3.36839E-03  -2.62316E-02   6.68715E-04  -2.32441E-02  -1.79275E-03  -1.71190E-02  -3.76919E-03  -8.73977E-03  -5.10462E-03   7.16154E-04  -5.73945E-03   9.93074E-03  -5.70116E-03   1.76160E-02  -5.08348E-03   2.26777E-02  -4.01905E-03   2.43501E-02  -2.65103E-03   2.22819E-02  -1.10866E-03   1.65620E-02   5.09573E-04   7.67734E-03   2.14303E-03  -3.59333E-03   3.76638E-03  -1.63426E-02   5.37896E-03  -2.97396E-02
 5.64000E+01   8.53268E-03   1.89452E-03   1.00977E-02  -4.05322E-03   1.04968E-02  -1.12903E-02   9.74611E-03  -1.81302E-02   8.00866E-03  -2.31280E-02   5.62266E-03  -2.55947E-02   3.00771E-03  -2.59255E-02   3.85056E-04  -2.31008E-02  -1.96062E-03  -1.71381E-02  -3.79512E-03  -8.90319E-03  -4.97936E-03   4.39533E-04  -5.47310E-03   9.58061E-03  -5.32311E-03   1.72356E-02  -4.63990E-03   2.23096E-02  -3.56802E-03   2.40324E-02  -2.25614E-03   2.20464E-02  -8.31910E-04   1.64329E-02   6.14338E-04   7.67154E-03   2.03511E-03  -3.46538E-03   3.42048E-03  -1.60755E-02   4.78396E-03  -2.93313E-02
 5.68000E+01   8.39772E-03   2.37327E-03   9.88802E-03  -3.45958E-03   1.02147E-02  -1.06425E-02   9.40699E-03  -1.74951E-02   7.64006E-03  -2.25691E-02   5.25713E-03  -2.51592E-02   2.67137E-03  -2.56354E-02   1.15929E-04  -2.29699E-02  -2.12510E-03  -1.71641E-02  -3.82881E-03  -9.06733E-03  -4.87182E-03   1.68673E-04  -5.23216E-03   9.24219E-03  -4.97516E-03   1.68716E-02  -4.22759E-03   2.19605E-02  -3.14582E-03   2.37338E-02  -1.88422E-03   2.18275E-02  -5.69298E-04   1.63153E-02   7.16161E-04   7.67004E-03   1.93709E-03  -3.34205E-03   3.09828E-03  -1.58230E-02   4.22687E-03  -2.89480E-02
 5.73000E+01   8.25911E-03   2.96029E-03   9.66637E-03  -2.73406E-03   9.90970E-03  -9.85385E-03   9.03318E-03  -1.67254E-02   7.22667E-03  -2.18958E-02   4.84032E-03  -2.46393E-02   2.28114E-03  -2.52945E-02  -2.02826E-04  -2.28230E-02  -2.32713E-03  -1.72063E-02  -3.88134E-03  -9.27377E-03  -4.76016E-03  -1.62255E-04  -4.96316E-03   8.83500E-03  -4.57791E-03   1.64388E-02  -3.75106E-03   2.15499E-02  -2.65366E-03   2.33868E-02  -1.44745E-03   2.15767E-02  -2.58140E-04   1.61843E-02   8.40163E-04   7.67416E-03   1.82706E-03  -3.19414E-03   2.72492E-03  -1.55272E-02   3.57727E-03  -2.85031E-02
 5.77000E+01   8.17029E-03   3.42133E-03   9.51864E-03  -2.16611E-03   9.70034E-03  -9.23887E-03   8.77043E-03  -1.61281E-02   6.93009E-03  -2.13767E-02   4.53555E-03  -2.42421E-02   1.99029E-03  -2.50386E-02  -4.45687E-04  -2.27186E-02  -2.48680E-03  -1.72478E-02  -3.93140E-03  -9.44009E-03  -4.68754E-03  -4.21283E-04  -4.77117E-03   8.52134E-03  -4.28703E-03   1.61097E-02  -3.39735E-03   2.12415E-02  -2.28489E-03   2.31295E-02  -1.11759E-03   2.13938E-02  -2.09278E-05   1.60920E-02   9.37365E-04   7.68219E-03   1.74803E-03  -3.08060E-03   2.44696E-03  -1.53060E-02   3.09034E-03  -2.81737E-02
 5.81000E+01   8.09953E-03   3.87527E-03   9.39507E-03  -1.60854E-03   9.51916E-03  -8.63727E-03   8.53704E-03  -1.55465E-02   6.66094E-03  -2.08741E-02   4.25360E-03  -2.38610E-02   1.71617E-03  -2.47973E-02  -6.79326E-04  -2.26256E-02  -2.64545E-03  -1.72961E-02  -3.98839E-03  -9.60762E-03  -4.62866E-03  -6.75608E-04  -4.59789E-03   8.21790E-03  -4.01754E-03   1.57951E-02  -3.06525E-03   2.09502E-02  -1.93555E-03   2.28897E-02  -8.02780E-04   2.12262E-02   2.07439E-04   1.60104E-02   1.03329E-03   7.69437E-03   1.67622E-03  -2.97111E-03   2.18524E-03  -1.50981E-02   2.62888E-03  -2.78672E-02
 5.85000E+01   8.04560E-03   4.32261E-03   9.29394E-03  -1.06069E-03   9.36405E-03  -8.04825E-03   8.33068E-03  -1.49795E-02   6.41686E-03  -2.03873E-02   3.99232E-03  -2.34953E-02   1.45696E-03  -2.45699E-02  -9.05046E-04  -2.25437E-02  -2.80373E-03  -1.73511E-02  -4.05216E-03  -9.77653E-03  -4.58260E-03  -9.25590E-04  -4.44173E-03   7.92416E-03  -3.76739E-03   1.54945E-02  -2.75246E-03   2.06754E-02  -1.60336E-03   2.26667E-02  -5.01079E-04   2.10736E-02   4.28263E-04   1.59393E-02   1.12838E-03   7.71064E-03   1.61102E-03  -2.86547E-03   1.93796E-03  -1.49029E-02   2.18987E-03  -2.75827E-02
 5.89000E+01   8.00745E-03   4.76383E-03   9.21375E-03  -5.21883E-04   9.23316E-03  -7.47104E-03   8.14930E-03  -1.44265E-02   6.19578E-03  -1.99153E-02   3.74979E-03  -2.31443E-02   1.21103E-03  -2.43559E-02  -1.12403E-03  -2.24725E-02  -2.96220E-03  -1.74128E-02  -4.12264E-03  -9.94697E-03  -4.54860E-03  -1.17159E-03  -4.30132E-03   7.63960E-03  -3.53473E-03   1.52073E-02  -2.45692E-03   2.04166E-02  -1.28628E-03   2.24601E-02  -2.10748E-04   2.09353E-02   6.42726E-04   1.58785E-02   1.22302E-03   7.73094E-03   1.55185E-03  -2.76350E-03   1.70353E-03  -1.47200E-02   1.77061E-03  -2.73196E-02
 5.94000E+01   7.98054E-03   5.30752E-03   9.14103E-03   1.39901E-04   9.10119E-03  -6.76494E-03   7.95499E-03  -1.37535E-02   5.94900E-03  -1.93452E-02   3.47041E-03  -2.27252E-02   9.20060E-04  -2.41067E-02  -1.38991E-03  -2.23983E-02  -3.16141E-03  -1.74991E-02  -4.22009E-03  -1.01624E-02  -4.52205E-03  -1.47403E-03  -4.14612E-03   7.29606E-03  -3.26605E-03   1.48662E-02  -2.10893E-03   2.01144E-02  -9.08400E-04   2.22239E-02   1.38575E-04   2.07820E-02   9.03502E-04   1.58164E-02   1.34127E-03   7.76192E-03   1.48567E-03  -2.64088E-03   1.42635E-03  -1.45080E-02   1.27061E-03  -2.70197E-02
 5.98000E+01   7.97471E-03   5.73679E-03   9.10351E-03   6.60743E-04   9.01927E-03  -6.21147E-03   7.82358E-03  -1.32289E-02   5.77330E-03  -1.89041E-02   3.26412E-03  -2.24049E-02   6.98854E-04  -2.39213E-02  -1.59753E-03  -2.23504E-02  -3.32231E-03  -1.75756E-02  -4.30553E-03  -1.03369E-02  -4.51290E-03  -1.71237E-03  -4.03694E-03   7.03034E-03  -3.06708E-03   1.46069E-02  -1.84569E-03   1.98891E-02  -6.18847E-04   2.20520E-02   4.08903E-04   2.06746E-02   1.10748E-03   1.57775E-02   1.43625E-03   7.79113E-03   1.43841E-03  -2.54643E-03   1.21572E-03  -1.43512E-02   8.87180E-04  -2.68020E-02
 6.02000E+01   7.98213E-03   6.16150E-03   9.08336E-03   1.17464E-03   8.95709E-03  -5.66735E-03   7.71210E-03  -1.27155E-02   5.61539E-03  -1.84755E-02   3.07167E-03  -2.20973E-02   4.86655E-04  -2.37479E-02  -1.80161E-03  -2.23123E-02  -3.48513E-03  -1.76585E-02  -4.39765E-03  -1.05134E-02  -4.51400E-03  -1.94787E-03  -3.94007E-03   6.77220E-03  -2.88091E-03   1.43591E-02  -1.59431E-03   1.96778E-02  -3.39010E-04   2.18946E-02   6.72528E-04   2.05802E-02   1.30832E-03   1.57481E-02   1.53194E-03   7.82421E-03   1.39582E-03  -2.45503E-03   1.01373E-03  -1.42052E-02   5.16338E-04  -2.66033E-02
 6.06000E+01   8.00224E-03   6.58213E-03   9.07980E-03   1.68219E-03   8.91367E-03  -5.13185E-03   7.61939E-03  -1.22127E-02   5.47406E-03  -1.80587E-02   2.89189E-03  -2.18017E-02   2.82401E-04  -2.35859E-02  -2.00298E-03  -2.22838E-02  -3.65036E-03  -1.77478E-02  -4.49652E-03  -1.06922E-02  -4.52497E-03  -2.18087E-03  -3.85472E-03   6.52117E-03  -2.70643E-03   1.41223E-02  -1.35345E-03   1.94798E-02  -6.75242E-05   2.17513E-02   9.30650E-04   2.04984E-02   1.50687E-03   1.57278E-02   1.62866E-03   7.86112E-03   1.35756E-03  -2.36649E-03   8.19309E-04  -1.40696E-02   1.56264E-04  -2.64231E-02
 6.11000E+01   8.04457E-03   7.10283E-03   9.09767E-03   2.30862E-03   8.88447E-03  -4.47355E-03   7.52838E-03  -1.15981E-02   5.31909E-03  -1.75532E-02   2.68338E-03  -2.14483E-02   3.67842E-05  -2.33989E-02  -2.25207E-03  -2.22614E-02  -3.86101E-03  -1.78684E-02  -4.62978E-03  -1.09190E-02  -4.55211E-03  -2.46907E-03  -3.76317E-03   6.21671E-03  -2.50320E-03   1.38408E-02  -1.06533E-03   1.92505E-02   2.61993E-04   2.15912E-02   1.24725E-03   2.04133E-02   1.75302E-03   1.57149E-02   1.75149E-03   7.91259E-03   1.31540E-03  -2.25958E-03   5.85479E-04  -1.39142E-02  -2.81221E-04  -2.62227E-02
 6.15000E+01   8.09175E-03   7.51583E-03   9.12918E-03   2.80403E-03   8.88033E-03  -3.95498E-03   7.47444E-03  -1.11165E-02   5.21133E-03  -1.71605E-02   2.52841E-03  -2.11778E-02  -1.53023E-04  -2.32612E-02  -2.45012E-03  -2.22537E-02  -4.03339E-03  -1.79720E-02  -4.74429E-03  -1.11032E-02  -4.58428E-03  -2.69758E-03  -3.70132E-03   5.98008E-03  -2.35142E-03   1.36268E-02  -8.43861E-04   1.90809E-02   5.19139E-04   2.14778E-02   1.49696E-03   2.03586E-02   1.94924E-03   1.57143E-02   1.85167E-03   7.95799E-03   1.28591E-03  -2.17688E-03   4.04703E-04  -1.38007E-02  -6.22999E-04  -2.60816E-02
 6.20000E+01   8.16693E-03   8.02830E-03   9.18939E-03   3.41702E-03   8.89822E-03  -3.31581E-03   7.42946E-03  -1.05262E-02   5.09560E-03  -1.66832E-02   2.34812E-03  -2.08540E-02  -3.83247E-04  -2.31033E-02  -2.69730E-03  -2.22566E-02  -4.25449E-03  -1.81103E-02  -4.89759E-03  -1.13374E-02  -4.63729E-03  -2.98112E-03  -3.63740E-03   5.69230E-03  -2.17387E-03   1.33723E-02  -5.76647E-04   1.88853E-02   8.34237E-04   2.13536E-02   1.80621E-03   2.03062E-02   2.19480E-03   1.57255E-02   1.97980E-03   8.01996E-03   1.25398E-03  -2.07676E-03   1.85274E-04  -1.36717E-02  -1.04230E-03  -2.59283E-02
 6.24000E+01   8.23981E-03   8.43571E-03   9.25385E-03   3.90302E-03   8.93044E-03  -2.81098E-03   7.41071E-03  -1.00626E-02   5.01735E-03  -1.63115E-02   2.21373E-03  -2.06060E-02  -5.62701E-04  -2.29880E-02  -2.89553E-03  -2.22686E-02  -4.43644E-03  -1.82281E-02  -5.02863E-03  -1.15279E-02  -4.68981E-03  -3.20663E-03  -3.59645E-03   5.46802E-03  -2.04070E-03   1.31786E-02  -3.69457E-04   1.87416E-02   1.08246E-03   2.12680E-02   2.05242E-03   2.02769E-02   2.39229E-03   1.57437E-02   2.08499E-03   8.07368E-03   1.23217E-03  -1.99911E-03   1.40611E-05  -1.35785E-02  -1.37301E-03  -2.58236E-02
 6.29000E+01   8.34663E-03   8.94238E-03   9.35443E-03   4.50581E-03   8.99255E-03  -2.18717E-03   7.40804E-03  -9.49272E-03   4.93650E-03  -1.58586E-02   2.05696E-03  -2.03089E-02  -7.82237E-04  -2.28571E-02  -3.14498E-03  -2.22955E-02  -4.67102E-03  -1.83840E-02  -5.20332E-03  -1.17703E-02  -4.76803E-03  -3.48728E-03  -3.55742E-03   5.19451E-03  -1.88427E-03   1.29483E-02  -1.17306E-04   1.85770E-02   1.38944E-03   2.11773E-02   2.36013E-03   2.02554E-02   2.64156E-03   1.57778E-02   2.22035E-03   8.14597E-03   1.20930E-03  -1.90487E-03  -1.95671E-04  -1.34739E-02  -1.78257E-03  -2.57142E-02
 6.33000E+01   8.44461E-03   9.34604E-03   9.45074E-03   4.98483E-03   9.05942E-03  -1.69325E-03   7.42208E-03  -9.04398E-03   4.88479E-03  -1.55051E-02   1.93982E-03  -2.00810E-02  -9.54820E-04  -2.27625E-02  -3.34661E-03  -2.23262E-02  -4.86499E-03  -1.85158E-02  -5.35215E-03  -1.19677E-02  -4.84066E-03  -3.71113E-03  -3.53555E-03   4.98075E-03  -1.76644E-03   1.27729E-02   7.99062E-05   1.84570E-02   1.63348E-03   2.11174E-02   2.60728E-03   2.02499E-02   2.84368E-03   1.58139E-02   2.33210E-03   8.20789E-03   1.19438E-03  -1.83158E-03  -3.60814E-04  -1.33994E-02  -2.10858E-03  -2.56433E-02
 6.38000E+01   8.58275E-03   9.84906E-03   9.59086E-03   5.58032E-03   9.16424E-03  -1.08143E-03   7.45940E-03  -8.49111E-03   4.83571E-03  -1.50735E-02   1.80287E-03  -1.98078E-02  -1.16773E-03  -2.26564E-02  -3.60224E-03  -2.23760E-02  -5.11618E-03  -1.86892E-02  -5.55004E-03  -1.22191E-02  -4.94413E-03  -3.99047E-03  -3.51952E-03   4.71935E-03  -1.62745E-03   1.25643E-02   3.21994E-04   1.83210E-02   1.93796E-03   2.10580E-02   2.91877E-03   2.02574E-02   3.10075E-03   1.58698E-02   2.47666E-03   8.29035E-03   1.17974E-03  -1.74239E-03  -5.64941E-04  -1.33173E-02  -2.51594E-03  -2.55748E-02
 6.42000E+01   8.70589E-03   1.02506E-02   9.71880E-03   6.05455E-03   9.26502E-03  -5.95866E-04   7.50484E-03  -8.05467E-03   4.80848E-03  -1.47358E-02   1.70032E-03  -1.95981E-02  -1.33649E-03  -2.25810E-02  -3.81034E-03  -2.24247E-02  -5.32476E-03  -1.88348E-02  -5.71828E-03  -1.24240E-02  -5.03718E-03  -4.21384E-03  -3.51552E-03   4.51450E-03  -1.52233E-03   1.24055E-02   5.12969E-04   1.82229E-02   2.18210E-03   2.10223E-02   3.17099E-03   2.02746E-02   3.31073E-03   1.59230E-02   2.59659E-03   8.36033E-03   1.17115E-03  -1.67284E-03  -7.27105E-04  -1.32601E-02  -2.84304E-03  -2.55356E-02
 6.47000E+01   8.87585E-03   1.07519E-02   9.89871E-03   6.64527E-03   9.41221E-03   6.92543E-06   7.58098E-03  -7.51567E-03   4.78906E-03  -1.43224E-02   1.58022E-03  -1.93463E-02  -1.54639E-03  -2.24981E-02  -4.07594E-03  -2.24964E-02  -5.59592E-03  -1.90255E-02  -5.94164E-03  -1.26851E-02  -5.16659E-03  -4.49324E-03  -3.52134E-03   4.26332E-03  -1.39783E-03   1.22164E-02   7.49400E-04   1.81132E-02   2.48926E-03   2.09920E-02   3.49135E-03   2.03096E-02   3.57964E-03   1.59999E-02   2.75243E-03   8.45280E-03   1.16418E-03  -1.58798E-03  -9.29304E-04  -1.31988E-02  -3.25520E-03  -2.55055E-02
 6.52000E+01   9.06396E-03   1.12529E-02   1.01012E-02   7.23430E-03   9.58320E-03   6.05828E-04   7.67857E-03  -6.98321E-03   4.78553E-03  -1.39182E-02   1.46844E-03  -1.91057E-02  -1.75607E-03  -2.24274E-02  -4.34874E-03  -2.25799E-02  -5.87973E-03  -1.92258E-02  -6.18032E-03  -1.29519E-02  -5.31093E-03  -4.77319E-03  -3.53903E-03   4.01710E-03  -1.28028E-03   1.20373E-02   9.84441E-04   1.80172E-02   2.80006E-03   2.09772E-02   3.81879E-03   2.03593E-02   3.85688E-03   1.60880E-02   2.91550E-03   8.55077E-03   1.16131E-03  -1.50526E-03  -1.13192E-03  -1.31485E-02  -3.67294E-03  -2.54957E-02
 6.56000E+01   9.22787E-03   1.16539E-02   1.02798E-02   7.70473E-03   9.73738E-03   1.08263E-03   7.77217E-03  -6.56143E-03   4.79398E-03  -1.36008E-02   1.38455E-03  -1.89206E-02  -1.92432E-03  -2.23792E-02  -4.57296E-03  -2.26550E-02  -6.11669E-03  -1.93928E-02  -6.38293E-03  -1.31694E-02  -5.43751E-03  -4.99776E-03  -3.56167E-03   3.82339E-03  -1.19081E-03   1.19009E-02   1.17227E-03   1.79500E-02   3.05232E-03   2.09762E-02   4.08689E-03   2.04093E-02   4.08554E-03   1.61665E-02   3.05166E-03   8.63305E-03   1.16191E-03  -1.44050E-03  -1.29501E-03  -1.31158E-02  -4.01253E-03  -2.55020E-02
 6.61000E+01   9.45005E-03   1.21556E-02   1.05243E-02   8.29221E-03   9.95233E-03   1.67628E-03   7.90879E-03  -6.03889E-03   4.81853E-03  -1.32112E-02   1.28615E-03  -1.86983E-02  -2.13609E-03  -2.23292E-02  -4.86175E-03  -2.27589E-02  -6.42634E-03  -1.96100E-02  -6.65165E-03  -1.34466E-02  -5.61010E-03  -5.27946E-03  -3.60061E-03   3.58497E-03  -1.08414E-03   1.17386E-02   1.40779E-03   1.78773E-02   3.37347E-03   2.09878E-02   4.43104E-03   2.04843E-02   4.38107E-03   1.62742E-02   3.22963E-03   8.74073E-03   1.16627E-03  -1.36119E-03  -1.50096E-03  -1.30842E-02  -4.44552E-03  -2.55269E-02
 6.66000E+01   9.69214E-03   1.26582E-02   1.07933E-02   8.87954E-03   1.01926E-02   2.26783E-03   8.06763E-03  -5.52097E-03   4.85860E-03  -1.28287E-02   1.19445E-03  -1.84853E-02  -2.35037E-03  -2.22902E-02  -5.16119E-03  -2.28739E-02  -6.75218E-03  -1.98364E-02  -6.93863E-03  -1.37296E-02  -5.79933E-03  -5.56248E-03  -3.65146E-03   3.35034E-03  -9.82723E-04   1.15848E-02   1.64517E-03   1.78169E-02   3.70249E-03   2.10135E-02   4.78670E-03   2.05727E-02   4.68868E-03   1.63924E-02   3.41699E-03   8.85369E-03   1.17461E-03  -1.28357E-03  -1.71017E-03  -1.30622E-02  -4.88988E-03  -2.55702E-02
 6.71000E+01   9.95502E-03   1.31619E-02   1.10878E-02   9.46709E-03   1.04592E-02   2.85777E-03   8.24925E-03  -5.00714E-03   4.91428E-03  -1.24530E-02   1.10899E-03  -1.82813E-02  -2.56813E-03  -2.22616E-02  -5.47260E-03  -2.29995E-02  -7.09564E-03  -2.00720E-02  -7.24510E-03  -1.40186E-02  -6.00600E-03  -5.84699E-03  -3.71441E-03   3.11916E-03  -8.86035E-04   1.14391E-02   1.88555E-03   1.77682E-02   4.04095E-03   2.10527E-02   5.15557E-03   2.06741E-02   5.00979E-03   1.65208E-02   3.61463E-03   8.97182E-03   1.18696E-03  -1.20749E-03  -1.92367E-03  -1.30497E-02  -5.34775E-03  -2.56311E-02
 6.76000E+01   1.02397E-02   1.36671E-02   1.14089E-02   1.00552E-02   1.07531E-02   3.44648E-03   8.45438E-03  -4.49696E-03   4.98578E-03  -1.20836E-02   1.02938E-03  -1.80858E-02  -2.79034E-03  -2.22431E-02  -5.79736E-03  -2.31354E-02  -7.45826E-03  -2.03165E-02  -7.57246E-03  -1.43134E-02  -6.23105E-03  -6.13312E-03  -3.78973E-03   2.89115E-03  -7.93615E-04   1.13011E-02   2.13007E-03   1.77306E-02   4.39043E-03   2.11048E-02   5.53938E-03   2.07881E-02   5.34595E-03   1.66590E-02   3.82346E-03   9.09497E-03   1.20338E-03  -1.13286E-03  -2.14248E-03  -1.30461E-02  -5.82134E-03  -2.57091E-02
 6.80000E+01   1.04839E-02   1.40723E-02   1.16858E-02   1.05262E-02   1.10087E-02   3.91675E-03   8.63600E-03  -4.09120E-03   5.05458E-03  -1.17922E-02   9.69670E-04  -1.79352E-02  -2.97198E-03  -2.22353E-02  -6.06776E-03  -2.32514E-02  -7.76326E-03  -2.05183E-02  -7.85038E-03  -1.45534E-02  -6.42502E-03  -6.36321E-03  -3.85913E-03   2.71087E-03  -7.22467E-04   1.11960E-02   2.32943E-03   1.77083E-02   4.67906E-03   2.11554E-02   5.85841E-03   2.08880E-02   5.62677E-03   1.67764E-02   3.99927E-03   9.19700E-03   1.21948E-03  -1.07412E-03  -2.32205E-03  -1.30494E-02  -6.21304E-03  -2.57832E-02
 6.85000E+01   1.08108E-02   1.45802E-02   1.20583E-02   1.11157E-02   1.13550E-02   4.50388E-03   8.88578E-03  -3.58679E-03   5.15543E-03  -1.14330E-02   8.99748E-04  -1.77539E-02  -3.20469E-03  -2.22339E-02  -6.42030E-03  -2.34050E-02  -8.16461E-03  -2.07780E-02  -8.21921E-03  -1.48584E-02  -6.68588E-03  -6.65230E-03  -3.95768E-03   2.48804E-03  -6.36687E-04   1.10709E-02   2.58429E-03   1.76896E-02   5.05260E-03   2.12293E-02   6.27378E-03   2.10231E-02   5.99409E-03   1.69313E-02   4.23084E-03   9.32871E-03   1.24342E-03  -1.00186E-03  -2.55307E-03  -1.30610E-02  -6.72070E-03  -2.58897E-02
 6.90000E+01   1.11630E-02   1.50895E-02   1.24615E-02   1.17059E-02   1.17325E-02   5.09024E-03   9.16198E-03  -3.08532E-03   5.27327E-03  -1.10791E-02   8.34820E-04  -1.75800E-02  -3.44469E-03  -2.22413E-02  -6.79050E-03  -2.35678E-02  -8.59007E-03  -2.10457E-02  -8.61350E-03  -1.51686E-02  -6.96837E-03  -6.94293E-03  -4.06984E-03   2.26787E-03  -5.54074E-04   1.09525E-02   2.84656E-03   1.76806E-02   5.44196E-03   2.13146E-02   6.70945E-03   2.11693E-02   6.38119E-03   1.70948E-02   4.47662E-03   9.46483E-03   1.27172E-03  -9.30818E-04  -2.79244E-03  -1.30802E-02  -7.25071E-03  -2.60110E-02
 6.95000E+01   1.15422E-02   1.56003E-02   1.28974E-02   1.22969E-02   1.21431E-02   5.67574E-03   9.46593E-03  -2.58679E-03   5.40874E-03  -1.07304E-02   7.74656E-04  -1.74131E-02  -3.69303E-03  -2.22572E-02  -7.18009E-03  -2.37391E-02  -9.04167E-03  -2.13207E-02  -9.03517E-03  -1.54837E-02  -7.27392E-03  -7.23487E-03  -4.19621E-03   2.05034E-03  -4.74291E-04   1.08404E-02   3.11745E-03   1.76808E-02   5.84904E-03   2.14104E-02   7.16755E-03   2.13256E-02   6.78999E-03   1.72663E-02   4.73782E-03   9.60500E-03   1.30454E-03  -8.60967E-04  -3.04130E-03  -1.31068E-02  -7.80567E-03  -2.61461E-02
 7.00000E+01   1.19501E-02   1.61120E-02   1.33679E-02   1.28881E-02   1.25888E-02   6.26010E-03   9.79918E-03  -2.09132E-03   5.56258E-03  -1.03867E-02   7.19063E-04  -1.72529E-02  -3.95084E-03  -2.22809E-02  -7.59091E-03  -2.39184E-02  -9.52160E-03  -2.16025E-02  -9.48633E-03  -1.58030E-02  -7.60409E-03  -7.52779E-03  -4.33750E-03   1.83546E-03  -3.97023E-04   1.07344E-02   3.39825E-03   1.76896E-02   6.27580E-03   2.15159E-02   7.65034E-03   2.14913E-02   7.22253E-03   1.74450E-02   5.01577E-03   9.74882E-03   1.34207E-03  -7.92295E-04  -3.30086E-03  -1.31402E-02  -8.38832E-03  -2.62938E-02
 7.05000E+01   1.23886E-02   1.66243E-02   1.38754E-02   1.34791E-02   1.30717E-02   6.84284E-03   1.01634E-02  -1.59922E-03   5.73566E-03  -1.00482E-02   6.67883E-04  -1.70993E-02  -4.21928E-03  -2.23120E-02  -8.02493E-03  -2.41050E-02  -1.00322E-02  -2.18901E-02  -9.96924E-03  -1.61259E-02  -7.96060E-03  -7.82122E-03  -4.49450E-03   1.62334E-03  -3.21978E-04   1.06341E-02   3.69029E-03   1.77062E-02   6.72435E-03   2.16304E-02   8.16024E-03   2.16654E-02   7.68099E-03   1.76301E-02   5.31191E-03   9.89575E-03   1.38453E-03  -7.24819E-04  -3.57242E-03  -1.31796E-02  -9.00158E-03  -2.64530E-02
 7.10000E+01   1.28599E-02   1.71365E-02   1.44224E-02   1.40691E-02   1.35942E-02   7.42325E-03   1.05606E-02  -1.11098E-03   5.92897E-03  -9.71487E-03   6.20987E-04  -1.69518E-02  -4.49959E-03  -2.23497E-02  -8.48424E-03  -2.42977E-02  -1.05761E-02  -2.21826E-02  -1.04864E-02  -1.64514E-02  -8.34533E-03  -8.11450E-03  -4.66812E-03   1.41421E-03  -2.48880E-04   1.05392E-02   3.99496E-03   1.77301E-02   7.19690E-03   2.17526E-02   8.69982E-03   2.18466E-02   8.16773E-03   1.78207E-02   5.62777E-03   1.00452E-02   1.43219E-03  -6.58588E-04  -3.85731E-03  -1.32246E-02  -9.64854E-03  -2.66221E-02
 7.16000E+01   1.34717E-02   1.77497E-02   1.51346E-02   1.47742E-02   1.42774E-02   8.11523E-03   1.10835E-02  -5.31252E-04   6.18920E-03  -9.32228E-03   5.70228E-04  -1.67827E-02  -4.85347E-03  -2.24028E-02  -9.07199E-03  -2.45357E-02  -1.12765E-02  -2.25382E-02  -1.11559E-02  -1.68437E-02  -8.84714E-03  -8.46502E-03  -4.89980E-03   1.16768E-03  -1.63368E-04   1.04322E-02   4.37932E-03   1.77670E-02   7.79897E-03   2.19078E-02   9.39036E-03   2.20717E-02   8.79267E-03   1.80547E-02   6.03516E-03   1.02266E-02   1.49663E-03  -5.80881E-04  -4.21878E-03  -1.32847E-02  -1.04740E-02  -2.68357E-02
 7.21000E+01   1.40231E-02   1.82581E-02   1.57782E-02   1.53579E-02   1.48970E-02   8.68654E-03   1.15607E-02  -5.44746E-05   6.43106E-03  -9.00182E-03   5.32444E-04  -1.66482E-02  -5.16455E-03  -2.24525E-02  -9.59508E-03  -2.47381E-02  -1.19034E-02  -2.28365E-02  -1.17580E-02  -1.71704E-02  -9.30138E-03  -8.75464E-03  -5.11363E-03   9.66486E-04  -9.36571E-05   1.03485E-02   4.71705E-03   1.78035E-02   8.33284E-03   2.20426E-02   1.00051E-02   2.22636E-02   9.35065E-03   1.82524E-02   6.40038E-03   1.03785E-02   1.55675E-03  -5.17756E-04  -4.53811E-03  -1.33389E-02  -1.12070E-02  -2.70203E-02
 7.26000E+01   1.46153E-02   1.87625E-02   1.64708E-02   1.59360E-02   1.55656E-02   9.25113E-03   1.20781E-02   4.15093E-04   6.69712E-03  -8.68817E-03   4.98719E-04  -1.65194E-02  -5.49189E-03  -2.25063E-02  -1.01512E-02  -2.49424E-02  -1.25730E-02  -2.31345E-02  -1.24036E-02  -1.74947E-02  -9.79099E-03  -9.04049E-03  -5.34761E-03   7.69868E-04  -2.51057E-05   1.02694E-02   5.07237E-03   1.78441E-02   8.89877E-03   2.21805E-02   1.06590E-02   2.24574E-02   9.94553E-03   1.84506E-02   6.79103E-03   1.05298E-02   1.62309E-03  -4.56313E-04  -4.87561E-03  -1.33956E-02  -1.19849E-02  -2.72082E-02
 7.31000E+01   1.52511E-02   1.92610E-02   1.72158E-02   1.65062E-02   1.62866E-02   9.80674E-03   1.26386E-02   8.75695E-04   6.98885E-03  -8.38226E-03   4.69035E-04  -1.63960E-02  -5.83701E-03  -2.25629E-02  -1.07430E-02  -2.51466E-02  -1.32887E-02  -2.34298E-02  -1.30960E-02  -1.78145E-02  -1.03185E-02  -9.32081E-03  -5.60306E-03   5.78676E-04   4.25095E-05   1.01947E-02   5.44698E-03   1.78875E-02   9.49959E-03   2.23193E-02   1.13552E-02   2.26505E-02   1.05804E-02   1.86471E-02   7.20915E-03   1.06789E-02   1.69604E-03  -3.96800E-04  -5.23296E-03  -1.34537E-02  -1.28116E-02  -2.73966E-02
 7.37000E+01   1.60759E-02   1.98481E-02   1.81842E-02   1.71761E-02   1.72261E-02   1.04577E-02   1.33720E-02   1.41346E-03   7.37510E-03  -8.02705E-03   4.38755E-04  -1.62551E-02  -6.27689E-03  -2.26326E-02  -1.15045E-02  -2.53884E-02  -1.42134E-02  -2.37766E-02  -1.39937E-02  -1.81882E-02  -1.10056E-02  -9.64680E-03  -5.93996E-03   3.57945E-04   1.22714E-04   1.01105E-02   5.92451E-03   1.79412E-02   1.02708E-02   2.24838E-02   1.22517E-02   2.28774E-02   1.13994E-02   1.88771E-02   7.75018E-03   1.08526E-02   1.79287E-03  -3.28380E-04  -5.69047E-03  -1.35229E-02  -1.38741E-02  -2.76185E-02
 7.42000E+01   1.68186E-02   2.03245E-02   1.90577E-02   1.77183E-02   1.80756E-02   1.09829E-02   1.40376E-02   1.84588E-03   7.72913E-03  -7.74271E-03   4.18001E-04  -1.61437E-02  -6.66684E-03  -2.26905E-02  -1.21854E-02  -2.55837E-02  -1.50433E-02  -2.40552E-02  -1.48017E-02  -1.84872E-02  -1.16265E-02  -9.90667E-03  -6.24776E-03   1.82852E-04   1.89015E-04   1.00447E-02   6.34797E-03   1.79851E-02   1.09590E-02   2.26156E-02   1.30537E-02   2.30584E-02   1.21337E-02   1.90600E-02   8.23644E-03   1.09904E-02   1.88184E-03  -2.74333E-04  -6.09779E-03  -1.35783E-02  -1.48233E-02  -2.77950E-02
 7.47000E+01   1.76154E-02   2.07856E-02   1.99961E-02   1.82412E-02   1.89897E-02   1.14879E-02   1.47560E-02   2.26039E-03   8.11430E-03  -7.47100E-03   4.01365E-04  -1.60377E-02  -7.07988E-03  -2.27461E-02  -1.29116E-02  -2.57699E-02  -1.59312E-02  -2.43199E-02  -1.56684E-02  -1.87705E-02  -1.22947E-02  -1.01523E-02  -6.58183E-03   1.76005E-05   2.55041E-04   9.98256E-03   6.79667E-03   1.80261E-02   1.16921E-02   2.27388E-02   1.39099E-02   2.32276E-02   1.29187E-02   1.92309E-02   8.75739E-03   1.11193E-02   1.97883E-03  -2.23521E-04  -6.53084E-03  -1.36293E-02  -1.58352E-02  -2.79586E-02
 7.53000E+01   1.86478E-02   2.13122E-02   2.12137E-02   1.88359E-02   2.01780E-02   1.20599E-02   1.56924E-02   2.72827E-03   8.62021E-03  -7.16489E-03   3.86917E-04  -1.59176E-02  -7.60845E-03  -2.28067E-02  -1.38475E-02  -2.59755E-02  -1.70790E-02  -2.46120E-02  -1.67914E-02  -1.90826E-02  -1.31631E-02  -1.04228E-02  -7.01967E-03  -1.64787E-04   3.34177E-04   9.91245E-03   7.37117E-03   1.80678E-02   1.26354E-02   2.28696E-02   1.50142E-02   2.34082E-02   1.39328E-02   1.94137E-02   9.43170E-03   1.12578E-02   2.10648E-03  -1.67688E-04  -7.08718E-03  -1.36812E-02  -1.71387E-02  -2.81298E-02
 7.58000E+01   1.95757E-02   2.17227E-02   2.23094E-02   1.92967E-02   2.12491E-02   1.25009E-02   1.65387E-02   3.08765E-03   9.08043E-03  -6.92977E-03   3.79548E-04  -1.58238E-02  -8.07840E-03  -2.28490E-02  -1.46848E-02  -2.61263E-02  -1.81087E-02  -2.48269E-02  -1.78011E-02  -1.93124E-02  -1.39461E-02  -1.06223E-02  -7.41724E-03  -3.00570E-04   4.00259E-04   9.85748E-03   7.88223E-03   1.80930E-02   1.34785E-02   2.29585E-02   1.60030E-02   2.35329E-02   1.48420E-02   1.95411E-02   1.00374E-02   1.13553E-02   2.22281E-03  -1.26328E-04  -7.58362E-03  -1.37133E-02  -1.83047E-02  -2.82432E-02
 7.64000E+01   2.07753E-02   2.21719E-02   2.37277E-02   1.97967E-02   2.26374E-02   1.29760E-02   1.76381E-02   3.47315E-03   9.68170E-03  -6.67674E-03   3.76412E-04  -1.57188E-02  -8.68018E-03  -2.28854E-02  -1.57630E-02  -2.62740E-02  -1.94379E-02  -2.50400E-02  -1.91069E-02  -1.95410E-02  -1.49612E-02  -1.08222E-02  -7.93591E-03  -4.39529E-04   4.79976E-04   9.79525E-03   8.53706E-03   1.81065E-02   1.45633E-02   2.30322E-02   1.72774E-02   2.36412E-02   1.60153E-02   1.96542E-02   1.08202E-02   1.14445E-02   2.37504E-03  -8.42587E-05  -8.22148E-03  -1.37333E-02  -1.98061E-02  -2.83319E-02
 7.69000E+01   2.18503E-02   2.25010E-02   2.50000E-02   2.01585E-02   2.38844E-02   1.33162E-02   1.86276E-02   3.74774E-03   1.02255E-02  -6.49501E-03   3.78621E-04  -1.56380E-02  -9.21499E-03  -2.28993E-02  -1.67260E-02  -2.63614E-02  -2.06276E-02  -2.51700E-02  -2.02776E-02  -1.96822E-02  -1.58732E-02  -1.09477E-02  -8.40445E-03  -5.31089E-04   5.46942E-04   9.74619E-03   9.11936E-03   1.80990E-02   1.55314E-02   2.30579E-02   1.84166E-02   2.36873E-02   1.70652E-02   1.97063E-02   1.15217E-02   1.14893E-02   2.51293E-03  -5.67842E-05  -8.79012E-03  -1.37296E-02  -2.11471E-02  -2.83547E-02
 7.75000E+01   2.32346E-02   2.28284E-02   2.66397E-02   2.05107E-02   2.54933E-02   1.36417E-02   1.99065E-02   4.00839E-03   1.09314E-02  -6.31924E-03   3.87117E-04  -1.55495E-02  -9.89864E-03  -2.28901E-02  -1.79625E-02  -2.64113E-02  -2.21580E-02  -2.52538E-02  -2.17858E-02  -1.97773E-02  -1.70504E-02  -1.10373E-02  -9.01203E-03  -6.05456E-04   6.28155E-04   9.69022E-03   9.86418E-03   1.80604E-02   1.67737E-02   2.30337E-02   1.98803E-02   2.36749E-02   1.84155E-02   1.97045E-02   1.24250E-02   1.14987E-02   2.69214E-03  -3.48491E-05  -9.51910E-03  -1.36935E-02  -2.28691E-02  -2.83038E-02
 7.80000E+01   2.44688E-02   2.30327E-02   2.81028E-02   2.07213E-02   2.69303E-02   1.38294E-02   2.10504E-02   4.15641E-03   1.15652E-02  -6.21477E-03   3.99069E-04  -1.54834E-02  -1.05043E-02  -2.28550E-02  -1.90621E-02  -2.63961E-02  -2.35213E-02  -2.52497E-02  -2.31311E-02  -1.97807E-02  -1.81021E-02  -1.10499E-02  -9.55703E-03  -6.31951E-04   6.96684E-04   9.64563E-03   1.05244E-02   1.79970E-02   1.78780E-02   2.29565E-02   2.11830E-02   2.35949E-02   1.96182E-02   1.96372E-02   1.32304E-02   1.14611E-02   2.85321E-03  -2.75418E-05  -1.01665E-02  -1.36307E-02  -2.44006E-02  -2.81803E-02
 7.86000E+01   2.60470E-02   2.31777E-02   2.99751E-02   2.08531E-02   2.87709E-02   1.39329E-02   2.25174E-02   4.23363E-03   1.23805E-02  -6.14979E-03   4.19175E-04  -1.54139E-02  -1.12746E-02  -2.27714E-02  -2.04655E-02  -2.62939E-02  -2.52637E-02  -2.51358E-02  -2.48523E-02  -1.96736E-02  -1.94495E-02  -1.09747E-02  -1.02577E-02  -6.12504E-04   7.80070E-04   9.59404E-03   1.13645E-02   1.78740E-02   1.92868E-02   2.27791E-02   2.28465E-02   2.33958E-02   2.11551E-02   1.94592E-02   1.42605E-02   1.13492E-02   3.06063E-03  -3.45562E-05  -1.09919E-02  -1.35063E-02  -2.63555E-02  -2.79119E-02
 7.91000E+01   2.74419E-02   2.31989E-02   3.16309E-02   2.08427E-02   3.03997E-02   1.38987E-02   2.38171E-02   4.19885E-03   1.31047E-02  -6.15482E-03   4.40570E-04  -1.53648E-02  -1.19522E-02  -2.26596E-02  -2.17036E-02  -2.61243E-02  -2.68027E-02  -2.49320E-02  -2.63741E-02  -1.94737E-02  -2.06422E-02  -1.08222E-02  -1.08797E-02  -5.45878E-04   8.50576E-04   9.55223E-03   1.21039E-02   1.77240E-02   2.05293E-02   2.25461E-02   2.43149E-02   2.31266E-02   2.25125E-02   1.92137E-02   1.51711E-02   1.11894E-02   3.24502E-03  -5.58864E-05  -1.17193E-02  -1.33533E-02  -2.80803E-02  -2.75679E-02
 7.97000E+01   2.92060E-02   2.30823E-02   3.37260E-02   2.06590E-02   3.24619E-02   1.36859E-02   2.54642E-02   4.01620E-03   1.40245E-02  -6.24451E-03   4.71437E-04  -1.53176E-02  -1.28058E-02  -2.24643E-02  -2.32671E-02  -2.57995E-02  -2.87481E-02  -2.45314E-02  -2.82992E-02  -1.90754E-02  -2.21525E-02  -1.05113E-02  -1.16692E-02  -3.94466E-04   9.36396E-04   9.50287E-03   1.30357E-02   1.74750E-02   2.20978E-02   2.21439E-02   2.61699E-02   2.26552E-02   2.42282E-02   1.87798E-02   1.63226E-02   1.09023E-02   3.47932E-03  -1.03375E-04  -1.26371E-02  -1.30985E-02  -3.02584E-02  -2.69818E-02
 8.03000E+01   3.10576E-02   2.27836E-02   3.59260E-02   2.02561E-02   3.46285E-02   1.32536E-02   2.71959E-02   3.65379E-03   1.49934E-02  -6.44043E-03   5.07305E-04  -1.52844E-02  -1.36987E-02  -2.21896E-02  -2.49059E-02  -2.53183E-02  -3.07890E-02  -2.39303E-02  -3.03201E-02  -1.84741E-02  -2.37393E-02  -1.00367E-02  -1.25004E-02  -1.52092E-04   1.02342E-03   9.45370E-03   1.40106E-02   1.71369E-02   2.37412E-02   2.15836E-02   2.81147E-02   2.19929E-02   2.60277E-02   1.81667E-02   1.75311E-02   1.04929E-02   3.72621E-03  -1.78679E-04  -1.35982E-02  -1.27520E-02  -3.25412E-02  -2.61725E-02
 8.09000E+01   3.29784E-02   2.22731E-02   3.82088E-02   1.95982E-02   3.68774E-02   1.25661E-02   2.89944E-02   3.08269E-03   1.60011E-02  -6.75922E-03   5.47133E-04  -1.52666E-02  -1.46225E-02  -2.18217E-02  -2.66039E-02  -2.46543E-02  -3.29049E-02  -2.30951E-02  -3.24162E-02  -1.76361E-02  -2.53861E-02  -9.37154E-03  -1.33643E-02   1.95683E-04   1.11138E-03   9.40399E-03   1.50192E-02   1.66938E-02   2.54433E-02   2.08382E-02   3.01298E-02   2.11075E-02   2.78928E-02   1.73446E-02   1.87842E-02   9.94087E-03   3.98297E-03  -2.86163E-04  -1.45933E-02  -1.22978E-02  -3.49058E-02  -2.51023E-02
 8.15000E+01   3.49416E-02   2.15210E-02   4.05423E-02   1.86495E-02   3.91766E-02   1.15881E-02   3.08336E-02   2.27414E-03   1.70323E-02  -7.21744E-03   5.89455E-04  -1.52654E-02  -1.55649E-02  -2.13465E-02  -2.83376E-02  -2.37812E-02  -3.50660E-02  -2.19926E-02  -3.45576E-02  -1.65280E-02  -2.70689E-02  -8.48933E-03  -1.42478E-02   6.63230E-04   1.19983E-03   9.35299E-03   1.60478E-02   1.61305E-02   2.71803E-02   1.98811E-02   3.21867E-02   1.99670E-02   2.97968E-02   1.62836E-02   2.00637E-02   9.22610E-03   4.24562E-03  -4.30173E-04  -1.56084E-02  -1.17204E-02  -3.73188E-02  -2.37336E-02
 8.20000E+01   3.65838E-02   2.06898E-02   4.24943E-02   1.76132E-02   4.10998E-02   1.05274E-02   3.23720E-02   1.39983E-03   1.78950E-02  -7.71682E-03   6.25234E-04  -1.52782E-02  -1.63525E-02  -2.08594E-02  -2.97867E-02  -2.28762E-02  -3.68724E-02  -2.08475E-02  -3.63475E-02  -1.53761E-02  -2.84755E-02  -7.57062E-03  -1.49864E-02   1.15390E-03   1.27343E-03   9.30902E-03   1.69069E-02   1.55588E-02   2.86313E-02   1.89040E-02   3.39049E-02   1.88005E-02   3.13874E-02   1.51972E-02   2.11326E-02   8.49267E-03   4.46516E-03  -5.80975E-04  -1.64560E-02  -1.11347E-02  -3.93341E-02  -2.23400E-02
 8.26000E+01   3.85224E-02   1.94280E-02   4.47979E-02   1.60516E-02   4.33689E-02   8.93681E-03   3.41866E-02   9.14170E-05   1.89119E-02  -8.46782E-03   6.66685E-04  -1.53107E-02  -1.72821E-02  -2.01565E-02  -3.14961E-02  -2.15603E-02  -3.90024E-02  -1.91800E-02  -3.84573E-02  -1.36979E-02  -3.01330E-02  -6.23070E-03  -1.58562E-02   1.87327E-03   1.36090E-03   9.25402E-03   1.79200E-02   1.47400E-02   3.03413E-02   1.74986E-02   3.59295E-02   1.71206E-02   3.32612E-02   1.36313E-02   2.23916E-02   7.43414E-03   4.72356E-03  -8.01699E-04  -1.74547E-02  -1.02962E-02  -4.17081E-02  -2.03398E-02
 8.32000E+01   4.03738E-02   1.78650E-02   4.69967E-02   1.41277E-02   4.55334E-02   6.98445E-03   3.59160E-02  -1.51212E-03   1.98797E-02  -9.39142E-03   7.03784E-04  -1.53627E-02  -1.81707E-02  -1.93185E-02  -3.31273E-02  -1.99823E-02  -4.10332E-02  -1.71782E-02  -4.04674E-02  -1.16826E-02  -3.17107E-02  -4.62028E-03  -1.66827E-02   2.74122E-03   1.44644E-03   9.19621E-03   1.88866E-02   1.37696E-02   3.19710E-02   1.58277E-02   3.78577E-02   1.51214E-02   3.50451E-02   1.17666E-02   2.35896E-02   6.17225E-03   4.96878E-03  -1.06767E-03  -1.84062E-02  -9.30300E-03  -4.39685E-02  -1.79655E-02
 8.38000E+01   4.20752E-02   1.59995E-02   4.90153E-02   1.18403E-02   4.75182E-02   4.66898E-03   3.74994E-02  -3.41182E-03   2.07629E-02  -1.04882E-02   7.33255E-04  -1.54341E-02  -1.89894E-02  -1.83447E-02  -3.46250E-02  -1.81410E-02  -4.28947E-02  -1.48408E-02  -4.23074E-02  -9.32879E-03  -3.31526E-02  -2.73829E-03  -1.74354E-02   3.75830E-03   1.52884E-03   9.13549E-03   1.97747E-02   1.26471E-02   3.34644E-02   1.38900E-02   3.96226E-02   1.28013E-02   3.66765E-02   9.60176E-03   2.46842E-02   4.70614E-03   5.19158E-03  -1.37903E-03  -1.92778E-02  -8.15436E-03  -4.60370E-02  -1.52155E-02
 8.44000E+01   4.35593E-02   1.38472E-02   5.07730E-02   9.20791E-03   4.92429E-02   2.00880E-03   3.88715E-02  -5.59271E-03   2.15240E-02  -1.17494E-02   7.51601E-04  -1.55240E-02  -1.97073E-02  -1.72421E-02  -3.59303E-02  -1.60498E-02  -4.45120E-02  -1.21846E-02  -4.39021E-02  -6.65356E-03  -3.43985E-02  -5.98413E-04  -1.80817E-02   4.91704E-03   1.60680E-03   9.07210E-03   2.05497E-02   1.13800E-02   3.47617E-02   1.16990E-02   4.11525E-02   1.01766E-02   3.80887E-02   7.15196E-03   2.56301E-02   3.04608E-03   5.38209E-03  -1.73354E-03  -2.00345E-02  -6.85812E-03  -4.78293E-02  -1.21087E-02
 8.51000E+01   4.49281E-02   1.10204E-02   5.23882E-02   5.75697E-03   5.08211E-02  -1.47427E-03   4.01198E-02  -8.44691E-03   2.22079E-02  -1.34024E-02   7.54361E-04  -1.56498E-02  -2.03769E-02  -1.58144E-02  -3.71323E-02  -1.33355E-02  -4.59921E-02  -8.73527E-03  -4.53538E-02  -3.17865E-03  -3.55258E-02   2.18223E-03  -1.86586E-02   6.42525E-03   1.69042E-03   8.99564E-03   2.12658E-02   9.74305E-03   3.59488E-02   8.86435E-03   4.25465E-02   6.77936E-03   3.93713E-02   3.98016E-03   2.64861E-02   8.95745E-04   5.55057E-03  -2.19478E-03  -2.07265E-02  -5.18357E-03  -4.94613E-02  -8.09163E-03
 8.57000E+01   4.57246E-02   8.39008E-03   5.33202E-02   2.54934E-03   5.17230E-02  -4.70956E-03   4.08235E-02  -1.10976E-02   2.25823E-02  -1.49393E-02   7.37306E-04  -1.57723E-02  -2.07765E-02  -1.44987E-02  -3.78295E-02  -1.08290E-02  -4.68385E-02  -5.54852E-03  -4.61740E-02   3.25148E-05  -3.61533E-02   4.75283E-03  -1.89691E-02   7.82142E-03   1.75454E-03   8.92918E-03   2.16844E-02   8.23633E-03   3.66278E-02   6.25206E-03   4.33358E-02   3.64734E-03   4.00923E-02   1.05527E-03   2.69632E-02  -1.08796E-03   5.63920E-03  -2.62171E-03  -2.11217E-02  -3.64186E-03  -5.03840E-02  -4.39066E-03
 8.63000E+01   4.61289E-02   5.64483E-03   5.37815E-02  -7.96936E-04   5.21557E-02  -8.08399E-03   4.11461E-02  -1.38627E-02   2.27362E-02  -1.65442E-02   6.99990E-04  -1.59042E-02  -2.09947E-02  -1.31333E-02  -3.81804E-02  -8.22374E-03  -4.72456E-02  -2.23452E-03  -4.65530E-02   3.37294E-03  -3.64286E-02   7.42801E-03  -1.90884E-02   9.27604E-03   1.81086E-03   8.86339E-03   2.19002E-02   6.67315E-03   3.69549E-02   3.53922E-03   4.37034E-02   3.93612E-04   4.04198E-02  -1.98401E-03   2.71734E-02  -3.14991E-03   5.66978E-03  -3.06658E-03  -2.13112E-02  -2.04164E-03  -5.08119E-02  -5.47242E-04
 8.69000E+01   4.61206E-02   2.86846E-03   5.37474E-02  -4.18133E-03   5.20948E-02  -1.14974E-02   4.10677E-02  -1.66608E-02   2.26581E-02  -1.81700E-02   6.41299E-04  -1.60414E-02  -2.10222E-02  -1.17568E-02  -3.81669E-02  -5.59331E-03  -4.71908E-02   1.11341E-03  -4.64679E-02   6.74897E-03  -3.63333E-02   1.01330E-02  -1.90064E-02   1.07486E-02   1.85903E-03   8.79994E-03   2.19026E-02   5.09651E-03   3.69119E-02   8.00323E-04   4.36277E-02  -2.89264E-03   4.03335E-02  -5.05445E-03   2.71028E-02  -5.23368E-03   5.63931E-03  -3.51713E-03  -2.12843E-02  -4.26379E-04  -5.07192E-02   3.33407E-03
 8.75000E+01   4.57033E-02   1.47749E-04   5.32222E-02  -7.49973E-03   5.15444E-02  -1.48463E-02   4.05917E-02  -1.94078E-02   2.23500E-02  -1.97682E-02   5.61331E-04  -1.61793E-02  -2.08607E-02  -1.04091E-02  -3.77922E-02  -3.01401E-03  -4.66777E-02   4.39860E-03  -4.59226E-02   1.00636E-02  -3.58705E-02   1.27905E-02  -1.87247E-02   1.21971E-02   1.89921E-03   8.74059E-03   2.16936E-02   3.55090E-03   3.65019E-02  -1.88746E-03   4.31122E-02  -6.11902E-03   3.98368E-02  -8.06989E-03   2.67539E-02  -7.28082E-03   5.54824E-03  -3.96064E-03  -2.10428E-02   1.15891E-03  -5.01104E-02   7.14497E-03
 8.82000E+01   4.47360E-02  -2.84795E-03   5.20327E-02  -1.11581E-02   5.03274E-02  -1.85424E-02   3.95693E-02  -2.24433E-02   2.17201E-02  -2.15373E-02   4.42906E-04  -1.63357E-02  -2.04503E-02  -8.92305E-03  -3.69309E-02  -1.64467E-04  -4.55411E-02   8.03166E-03  -4.47457E-02   1.37322E-02  -3.48987E-02   1.57345E-02  -1.81614E-02   1.38042E-02   1.93682E-03   8.67868E-03   2.12013E-02   1.84240E-03   3.55924E-02  -4.86249E-03   4.19942E-02  -9.69237E-03   3.87751E-02  -1.14110E-02   2.60196E-02  -9.55008E-03   5.37075E-03  -4.45335E-03  -2.05091E-02   2.91443E-03  -4.87937E-02   1.13671E-02
 8.88000E+01   4.35497E-02  -5.18538E-03   5.05841E-02  -1.40183E-02   4.88567E-02  -2.14373E-02   3.83454E-02  -2.48249E-02   2.09789E-02  -2.29284E-02   3.22539E-04  -1.64617E-02  -1.99336E-02  -7.75887E-03  -3.58771E-02   2.07317E-03  -4.41665E-02   1.08884E-02  -4.33345E-02   1.66203E-02  -3.37440E-02   1.80549E-02  -1.75036E-02   1.50736E-02   1.96235E-03   8.63347E-03   2.05947E-02   4.98790E-04   3.44919E-02  -7.20601E-03   4.06511E-02  -1.25094E-02   3.75059E-02  -1.40465E-02   2.51465E-02  -1.13410E-02   5.16548E-03  -4.84316E-03  -1.98639E-02   4.29850E-03  -4.72134E-02   1.46977E-02
 8.94000E+01   4.20983E-02  -7.25828E-03   4.88170E-02  -1.65620E-02   4.70682E-02  -2.40181E-02   3.68631E-02  -2.69530E-02   2.00879E-02  -2.41747E-02   1.87957E-04  -1.65778E-02  -1.92945E-02  -6.71972E-03  -3.45888E-02   4.07612E-03  -4.24941E-02   1.34499E-02  -4.16239E-02   1.92135E-02  -3.23501E-02   2.01415E-02  -1.67155E-02   1.62178E-02   1.98309E-03   8.59653E-03   1.98507E-02  -7.06674E-04   3.31526E-02  -9.31279E-03   3.90217E-02  -1.50443E-02   3.59693E-02  -1.64196E-02   2.40918E-02  -1.29548E-02   4.92059E-03  -5.19537E-03  -1.90791E-02   5.54429E-03  -4.52967E-02   1.76974E-02
 9.01000E+01   4.01595E-02  -9.30482E-03   4.64604E-02  -1.90845E-02   4.46873E-02  -2.65871E-02   3.48943E-02  -2.90788E-02   1.89094E-02  -2.54248E-02   1.74289E-05  -1.66986E-02  -1.84357E-02  -5.68264E-03  -3.28685E-02   6.08338E-03  -4.02668E-02   1.60234E-02  -3.93501E-02   2.18246E-02  -3.05012E-02   2.22472E-02  -1.56746E-02   1.73766E-02   2.00321E-03   8.56463E-03   1.88553E-02  -1.91929E-03   3.13683E-02  -1.14382E-02   3.68545E-02  -1.76054E-02   3.39277E-02  -1.88196E-02   2.26924E-02  -1.45883E-02   4.59788E-03  -5.55326E-03  -1.80335E-02   6.80355E-03  -4.27478E-02   2.07321E-02
 9.07000E+01   3.83629E-02  -1.07299E-02   4.42783E-02  -2.08527E-02   4.24845E-02  -2.83980E-02   3.30745E-02  -3.05850E-02   1.78222E-02  -2.63158E-02  -1.36575E-04  -1.67891E-02  -1.76375E-02  -4.94863E-03  -3.12742E-02   7.51243E-03  -3.82051E-02   1.78623E-02  -3.72473E-02   2.36960E-02  -2.87930E-02   2.37611E-02  -1.47148E-02   1.82139E-02   2.01859E-03   8.54707E-03   1.79319E-02  -2.78738E-03   2.97161E-02  -1.29661E-02   3.48492E-02  -1.94500E-02   3.20397E-02  -2.05506E-02   2.13989E-02  -1.57681E-02   4.30059E-03  -5.81309E-03  -1.70653E-02   7.71123E-03  -4.03892E-02   2.29222E-02
 9.14000E+01   3.61932E-02  -1.20188E-02   4.16435E-02  -2.24683E-02   3.98252E-02  -3.00666E-02   3.08781E-02  -3.19835E-02   1.65107E-02  -2.71502E-02  -3.21255E-04  -1.68799E-02  -1.66725E-02  -4.26826E-03  -2.93483E-02   8.84873E-03  -3.57151E-02   1.95909E-02  -3.47079E-02   2.54631E-02  -2.67306E-02   2.51972E-02  -1.35565E-02   1.90137E-02   2.03622E-03   8.53775E-03   1.68156E-02  -3.60567E-03   2.77196E-02  -1.44148E-02   3.24266E-02  -2.12040E-02   2.97589E-02  -2.22000E-02   1.98365E-02  -1.68944E-02   3.94180E-03  -6.06297E-03  -1.58952E-02   8.57532E-03  -3.75393E-02   2.50106E-02
 9.21000E+01   3.40188E-02  -1.29345E-02   3.90025E-02  -2.36372E-02   3.71588E-02  -3.12919E-02   2.86752E-02  -3.30242E-02   1.51944E-02  -2.77801E-02  -5.07664E-04  -1.69562E-02  -1.57057E-02  -3.76378E-03  -2.74170E-02   9.85453E-03  -3.32169E-02   2.09036E-02  -3.21593E-02   2.68148E-02  -2.46597E-02   2.63038E-02  -1.23925E-02   1.96372E-02   2.05516E-03   8.53982E-03   1.56959E-02  -4.22969E-03   2.57156E-02  -1.55303E-02   2.99939E-02  -2.25611E-02   2.74681E-02  -2.34801E-02   1.82670E-02  -1.77712E-02   3.58101E-03  -6.25982E-03  -1.47202E-02   9.24493E-03  -3.46768E-02   2.66334E-02
 9.27000E+01   3.21975E-02  -1.34541E-02   3.67891E-02  -2.43217E-02   3.49229E-02  -3.20273E-02   2.68264E-02  -3.36621E-02   1.40881E-02  -2.81752E-02  -6.66571E-04  -1.70117E-02  -1.48969E-02  -3.45666E-03  -2.57980E-02   1.04816E-02  -3.11207E-02   2.17332E-02  -3.00190E-02   2.76785E-02  -2.29191E-02   2.70187E-02  -1.14126E-02   2.00467E-02   2.07350E-03   8.54998E-03   1.47571E-02  -4.62638E-03   2.40329E-02  -1.62499E-02   2.79499E-02  -2.34422E-02   2.55424E-02  -2.43152E-02   1.69469E-02  -1.83458E-02   3.27688E-03  -6.39100E-03  -1.37331E-02   9.68072E-03  -3.22708E-02   2.76938E-02
 9.34000E+01   3.01608E-02  -1.37925E-02   3.43119E-02  -2.48000E-02   3.24180E-02  -3.25677E-02   2.47526E-02  -3.41503E-02   1.28446E-02  -2.84904E-02  -8.49110E-04  -1.70669E-02  -1.39945E-02  -3.22522E-03  -2.39856E-02   1.09759E-02  -2.87705E-02   2.24028E-02  -2.76164E-02   2.83889E-02  -2.09626E-02   2.76174E-02  -1.03085E-02   2.03988E-02   2.09826E-03   8.57075E-03   1.37063E-02  -4.94949E-03   2.21448E-02  -1.68505E-02   2.56541E-02  -2.41860E-02   2.33781E-02  -2.50254E-02   1.54622E-02  -1.88378E-02   2.93359E-03  -6.50638E-03  -1.26249E-02   1.00497E-02  -2.95674E-02   2.85977E-02
 9.41000E+01   2.82459E-02  -1.38876E-02   3.19800E-02  -2.49875E-02   3.00569E-02  -3.28200E-02   2.27945E-02  -3.44065E-02   1.16667E-02  -2.86740E-02  -1.02733E-03  -1.71142E-02  -1.31489E-02  -3.10952E-03  -2.22792E-02   1.12543E-02  -2.65530E-02   2.28018E-02  -2.53457E-02   2.88298E-02  -1.91101E-02   2.80031E-02  -9.25952E-03   2.06377E-02   2.12733E-03   8.60016E-03   1.27171E-02  -5.14548E-03   2.03616E-02  -1.72343E-02   2.34828E-02  -2.46719E-02   2.13291E-02  -2.54963E-02   1.40551E-02  -1.91684E-02   2.60661E-03  -6.58783E-03  -1.15775E-02   1.02922E-02  -2.70090E-02   2.91994E-02
 9.47000E+01   2.67141E-02  -1.38092E-02   3.01122E-02  -2.49575E-02   2.81626E-02  -3.28475E-02   2.12204E-02  -3.44745E-02   1.07163E-02  -2.87456E-02  -1.17613E-03  -1.71501E-02  -1.24753E-02  -3.08679E-03  -2.09121E-02   1.13511E-02  -2.47720E-02   2.29662E-02  -2.35183E-02   2.90311E-02  -1.76159E-02   2.81944E-02  -8.41014E-03   2.07686E-02   2.15605E-03   8.63155E-03   1.19248E-02  -5.22980E-03   1.89278E-02  -1.74211E-02   2.17340E-02  -2.49195E-02   1.96769E-02  -2.57432E-02   1.29192E-02  -1.93462E-02   2.34110E-03  -6.63561E-03  -1.07346E-02   1.04171E-02  -2.49472E-02   2.95171E-02
 9.54000E+01   2.50612E-02  -1.35669E-02   2.80932E-02  -2.47423E-02   2.61112E-02  -3.27017E-02   1.95114E-02  -3.44111E-02   9.67998E-03  -2.87488E-02  -1.34490E-03  -1.71883E-02  -1.17521E-02  -3.13303E-03  -1.94343E-02   1.13297E-02  -2.28407E-02   2.29905E-02  -2.15320E-02   2.90999E-02  -1.59877E-02   2.82869E-02  -7.48012E-03   2.08526E-02   2.19425E-03   8.67464E-03   1.10687E-02  -5.24887E-03   1.73711E-02  -1.75047E-02   1.98315E-02  -2.50494E-02   1.78771E-02  -2.58841E-02   1.16799E-02  -1.94547E-02   2.04939E-03  -6.67089E-03  -9.81851E-03   1.04845E-02  -2.27023E-02   2.97016E-02
 9.61000E+01   2.35534E-02  -1.31951E-02   2.62473E-02  -2.43730E-02   2.42309E-02  -3.24039E-02   1.79401E-02  -3.42263E-02   8.72185E-03  -2.86843E-02  -1.50859E-03  -1.72244E-02  -1.10967E-02  -3.24228E-03  -1.80828E-02   1.11932E-02  -2.10677E-02   2.28716E-02  -1.97029E-02   2.90271E-02  -1.44832E-02   2.82685E-02  -6.61571E-03   2.08786E-02   2.23766E-03   8.72401E-03   1.02862E-02  -5.19969E-03   1.59395E-02  -1.74736E-02   1.80775E-02  -2.50436E-02   1.62148E-02  -2.58995E-02   1.05333E-02  -1.94791E-02   1.77711E-03  -6.68902E-03  -8.97496E-03   1.04850E-02  -2.06306E-02   2.97273E-02
 9.68000E+01   2.21863E-02  -1.27232E-02   2.45695E-02  -2.38849E-02   2.25169E-02  -3.19894E-02   1.65024E-02  -3.39486E-02   7.83942E-03  -2.85684E-02  -1.66757E-03  -1.72597E-02  -1.05072E-02  -3.40089E-03  -1.68542E-02   1.09673E-02  -1.94482E-02   2.26423E-02  -1.80262E-02   2.88457E-02  -1.30988E-02   2.81654E-02  -5.81469E-03   2.08610E-02   2.28636E-03   8.77905E-03   9.57534E-03  -5.09749E-03   1.46294E-02  -1.73541E-02   1.64674E-02  -2.49338E-02   1.46859E-02  -2.58191E-02   9.47641E-03  -1.94393E-02   1.52355E-03  -6.69433E-03  -8.20178E-03   1.04340E-02  -1.87268E-02   2.96312E-02
 9.75000E+01   2.09532E-02  -1.21756E-02   2.30513E-02  -2.33071E-02   2.09606E-02  -3.14872E-02   1.51912E-02  -3.36016E-02   7.02855E-03  -2.84149E-02  -1.82236E-03  -1.72955E-02  -9.98065E-03  -3.59765E-03  -1.57422E-02   1.06736E-02  -1.79744E-02   2.23298E-02  -1.64937E-02   2.85830E-02  -1.18277E-02   2.79995E-02  -5.07339E-03   2.08116E-02   2.34036E-03   8.83928E-03   8.93243E-03  -4.95483E-03   1.34344E-02  -1.71680E-02   1.49935E-02  -2.47460E-02   1.32829E-02  -2.56671E-02   8.50416E-03  -1.93519E-02   1.28758E-03  -6.69042E-03  -7.49520E-03   1.03443E-02  -1.69815E-02   2.94440E-02
 9.82000E+01   1.98452E-02  -1.15719E-02   2.16822E-02  -2.26631E-02   1.95514E-02  -3.09206E-02   1.39980E-02  -3.32043E-02   6.28417E-03  -2.82347E-02  -1.97356E-03  -1.73328E-02  -9.51301E-03  -3.82347E-03  -1.47392E-02   1.03294E-02  -1.66363E-02   2.19562E-02  -1.50956E-02   2.82612E-02  -1.06619E-02   2.77884E-02  -4.38732E-03   2.07399E-02   2.39966E-03   8.90430E-03   8.35304E-03  -4.78186E-03   1.23464E-02  -1.69329E-02   1.36462E-02  -2.45014E-02   1.19969E-02  -2.54632E-02   7.61045E-03  -1.92302E-02   1.06780E-03  -6.68020E-03  -6.85059E-03   1.02262E-02  -1.53837E-02   2.91905E-02
 9.89000E+01   1.88528E-02  -1.09276E-02   2.04508E-02  -2.19717E-02   1.82780E-02  -3.03084E-02   1.29134E-02  -3.27720E-02   5.60081E-03  -2.80367E-02  -2.12184E-03  -1.73724E-02  -9.10007E-03  -4.07108E-03  -1.38369E-02   9.94865E-03  -1.54234E-02   2.15390E-02  -1.38209E-02   2.78979E-02  -9.59277E-03   2.75463E-02  -3.75162E-03   2.06536E-02   2.46426E-03   8.97380E-03   7.83235E-03  -4.58673E-03   1.13570E-02  -1.66630E-02   1.24152E-02  -2.42169E-02   1.08182E-02  -2.52234E-02   6.78863E-03  -1.90850E-02   8.62716E-04  -6.66599E-03  -6.26292E-03   1.00878E-02  -1.39211E-02   2.88906E-02
 9.96000E+01   1.79668E-02  -1.02551E-02   1.93458E-02  -2.12478E-02   1.71290E-02  -2.96654E-02   1.19281E-02  -3.23166E-02   4.97291E-03  -2.78277E-02  -2.26786E-03  -1.74149E-02  -8.73754E-03  -4.33477E-03  -1.30269E-02   9.54218E-03  -1.43248E-02   2.10921E-02  -1.26588E-02   2.75070E-02  -8.61135E-03   2.72843E-02  -3.16139E-03   2.05589E-02   2.53413E-03   9.04755E-03   7.36547E-03  -4.37586E-03   1.04576E-02  -1.63693E-02   1.12900E-02  -2.39059E-02   9.73696E-03  -2.49600E-02   6.03198E-03  -1.89248E-02   6.70801E-04  -6.64964E-03  -5.72712E-03   9.93589E-03  -1.25814E-02   2.85600E-02
 1.00400E+02   1.70723E-02  -9.46425E-03   1.82234E-02  -2.03953E-02   1.59538E-02  -2.89076E-02   1.09118E-02  -3.17800E-02   4.31634E-03  -2.75825E-02  -2.43282E-03  -1.74678E-02  -8.37967E-03  -4.65010E-03  -1.22037E-02   9.05711E-03  -1.31959E-02   2.05589E-02  -1.14549E-02   2.70406E-02  -7.58618E-03   2.69717E-02  -2.53639E-03   2.04463E-02   2.62048E-03   9.13681E-03   6.89174E-03  -4.12200E-03   9.52896E-03  -1.60158E-02   1.01205E-02  -2.35313E-02   8.60833E-03  -2.46426E-02   5.23867E-03  -1.87317E-02   4.65692E-04  -6.63019E-03  -5.17198E-03   9.75206E-03  -1.11854E-02   2.81603E-02
 1.01100E+02   1.63835E-02  -8.76101E-03   1.73524E-02  -1.96372E-02   1.50345E-02  -2.82342E-02   1.01090E-02  -3.13042E-02   3.78952E-03  -2.73669E-02  -2.57621E-03  -1.75182E-02  -8.11158E-03  -4.93444E-03  -1.15646E-02   8.62202E-03  -1.23080E-02   2.00819E-02  -1.04990E-02   2.66244E-02  -6.76449E-03   2.66941E-02  -2.02777E-03   2.03480E-02   2.70175E-03   9.21912E-03   6.52463E-03  -3.89290E-03   8.79452E-03  -1.56984E-02   9.18848E-03  -2.31959E-02   7.70436E-03  -2.43589E-02   4.60011E-03  -1.85597E-02   2.97085E-04  -6.61375E-03  -4.73108E-03   9.58669E-03  -1.00695E-02   2.78019E-02
 1.01800E+02   1.57739E-02  -8.05304E-03   1.65752E-02  -1.88747E-02   1.42068E-02  -2.75582E-02   9.37858E-03  -3.08282E-02   3.30230E-03  -2.71537E-02  -2.71937E-03  -1.75729E-02  -7.88183E-03  -5.22395E-03  -1.09940E-02   8.18214E-03  -1.15037E-02   1.96018E-02  -9.62445E-03   2.62075E-02  -6.00525E-03   2.64179E-02  -1.55046E-03   2.02530E-02   2.78842E-03   9.30527E-03   6.19748E-03  -3.66036E-03   8.12530E-03  -1.53786E-02   8.33230E-03  -2.28595E-02   6.86966E-03  -2.40758E-02   4.00741E-03  -1.83890E-02   1.37236E-04  -6.59873E-03  -4.32754E-03   9.42024E-03  -9.04119E-03   2.74431E-02
 1.02600E+02   1.51651E-02  -7.24335E-03   1.57906E-02  -1.80043E-02   1.33619E-02  -2.67885E-02   8.62323E-03  -3.02893E-02   2.78845E-03  -2.69160E-02  -2.88345E-03  -1.76407E-02  -7.66216E-03  -5.55870E-03  -1.04176E-02   7.67827E-03  -1.06765E-02   1.90553E-02  -8.71385E-03   2.57361E-02  -5.20526E-03   2.61091E-02  -1.03833E-03   2.01509E-02   2.89421E-03   9.40835E-03   5.86783E-03  -3.39314E-03   7.43187E-03  -1.50152E-02   7.43635E-03  -2.24800E-02   5.99076E-03  -2.37582E-02   3.37951E-03  -1.81992E-02  -3.62820E-05  -6.58414E-03  -3.90710E-03   9.23153E-03  -7.96102E-03   2.70393E-02
 1.03300E+02   1.47020E-02  -6.53770E-03   1.51860E-02  -1.72475E-02   1.27021E-02  -2.61218E-02   8.02452E-03  -2.98253E-02   2.37208E-03  -2.67150E-02  -3.02807E-03  -1.77051E-02  -7.50429E-03  -5.85346E-03  -9.97316E-03   7.23938E-03  -1.00249E-02   1.85828E-02  -7.98631E-03   2.53320E-02  -4.55754E-03   2.58479E-02  -6.15455E-04   2.00690E-02   2.99280E-03   9.50256E-03   5.61439E-03  -3.15984E-03   6.88086E-03  -1.47022E-02   6.71642E-03  -2.21559E-02   5.27962E-03  -2.34892E-02   2.86803E-03  -1.80401E-02  -1.81346E-04  -6.57415E-03  -3.57090E-03   9.06959E-03  -7.08931E-03   2.66960E-02
 1.04000E+02   1.42979E-02  -5.83692E-03   1.46508E-02  -1.64979E-02   1.21094E-02  -2.54641E-02   7.47780E-03  -2.93708E-02   1.98306E-03  -2.65220E-02  -3.17427E-03  -1.77742E-02  -7.37590E-03  -6.14890E-03  -9.57929E-03   6.80440E-03  -9.43367E-03   1.81184E-02  -7.31627E-03   2.49384E-02  -3.95275E-03   2.55973E-02  -2.12760E-04   1.99954E-02   3.09720E-03   9.60050E-03   5.39054E-03  -2.92823E-03   6.37626E-03  -1.43959E-02   6.04935E-03  -2.18418E-02   4.61598E-03  -2.32308E-02   2.38743E-03  -1.78893E-02  -3.21169E-04  -6.56713E-03  -3.26095E-03   8.91190E-03  -6.27800E-03   2.63651E-02
 1.04800E+02   1.39020E-02  -5.04386E-03   1.41160E-02  -1.56523E-02   1.15060E-02  -2.47256E-02   6.91001E-03  -2.88646E-02   1.56794E-03  -2.63123E-02  -3.34394E-03  -1.78591E-02  -7.26248E-03  -6.48649E-03  -9.18539E-03   6.31379E-03  -8.82451E-03   1.75995E-02  -6.61314E-03   2.45035E-02  -3.30770E-03   2.53256E-02   2.26488E-04   1.99222E-02   3.22384E-03   9.71700E-03   5.16765E-03  -2.66665E-03   5.85029E-03  -1.40559E-02   5.34418E-03  -2.14975E-02   3.90853E-03  -2.29507E-02   1.87103E-03  -1.77284E-02  -4.75754E-04  -6.56307E-03  -2.93525E-03   8.73796E-03  -5.41576E-03   2.60047E-02
 1.05500E+02   1.36082E-02  -4.35785E-03   1.37094E-02  -1.49234E-02   1.10367E-02  -2.40924E-02   6.45795E-03  -2.84345E-02   1.22732E-03  -2.61389E-02  -3.49527E-03  -1.79387E-02  -7.19029E-03  -6.78134E-03  -8.88554E-03   5.89120E-03  -8.34384E-03   1.71574E-02  -6.04661E-03   2.41376E-02  -2.77857E-03   2.51020E-02   5.95453E-04   1.98685E-02   3.34131E-03   9.82295E-03   4.99890E-03  -2.44110E-03   5.42967E-03  -1.37684E-02   4.77128E-03  -2.12102E-02   3.32847E-03  -2.27202E-02   1.44399E-03  -1.75985E-02  -6.07421E-04  -6.56317E-03  -2.67237E-03   8.59192E-03  -4.71111E-03   2.57065E-02
 1.06300E+02   1.33276E-02  -3.58362E-03   1.33086E-02  -1.41039E-02   1.05609E-02  -2.33844E-02   5.98706E-03  -2.79583E-02   8.60520E-04  -2.59527E-02  -3.67216E-03  -1.80358E-02  -7.13659E-03  -7.11732E-03  -8.58950E-03   5.41666E-03  -7.84820E-03   1.66665E-02  -5.44838E-03   2.37370E-02  -2.20878E-03   2.48633E-02   1.00279E-03   1.98193E-02   3.48353E-03   9.94863E-03   4.83343E-03  -2.18759E-03   4.98918E-03  -1.34520E-02   4.16067E-03  -2.08991E-02   2.70403E-03  -2.24743E-02   9.80063E-04  -1.74632E-02  -7.54856E-04  -6.56763E-03  -2.39419E-03   8.43257E-03  -3.95522E-03   2.53867E-02
 1.07100E+02   1.31009E-02  -2.82020E-03   1.29700E-02  -1.32993E-02   1.01438E-02  -2.26936E-02   5.55985E-03  -2.74990E-02   5.14469E-04  -2.57797E-02  -3.85401E-03  -1.81395E-02  -7.11170E-03  -7.45206E-03  -8.33899E-03   4.95147E-03  -7.40410E-03   1.61917E-02  -4.89658E-03   2.33559E-02  -1.67107E-03   2.46431E-02   1.39797E-03   1.97835E-02   3.63466E-03   1.00792E-02   4.69475E-03  -1.93890E-03   4.58684E-03  -1.31490E-02   3.59116E-03  -2.06068E-02   2.11487E-03  -2.22478E-02   5.37814E-04  -1.73424E-02  -9.00093E-04  -6.57682E-03  -2.13690E-03   8.28158E-03  -3.24486E-03   2.50899E-02
 1.07800E+02   1.29436E-02  -2.16112E-03   1.27207E-02  -1.26075E-02   9.82263E-03  -2.21034E-02   5.21822E-03  -2.71110E-02   2.26328E-04  -2.56392E-02  -4.01777E-03  -1.82357E-02  -7.11227E-03  -7.74391E-03  -8.15415E-03   4.55223E-03  -7.05368E-03   1.57894E-02  -4.44742E-03   2.30384E-02  -1.22309E-03   2.44659E-02   1.73615E-03   1.97633E-02   3.77457E-03   1.01976E-02   4.59366E-03  -1.72532E-03   4.26266E-03  -1.28952E-02   3.12218E-03  -2.03668E-02   1.62402E-03  -2.20657E-02   1.65605E-04  -1.72488E-02  -1.02618E-03  -6.58878E-03  -1.92682E-03   8.15643E-03  -2.65537E-03   2.48494E-02
 1.08600E+02   1.28074E-02  -1.41789E-03   1.24854E-02  -1.18307E-02   9.50152E-03  -2.14450E-02   4.86086E-03  -2.66834E-02  -8.86608E-05  -2.54909E-02  -4.21093E-03  -1.83519E-02  -7.13727E-03  -8.07629E-03  -7.97926E-03   4.10478E-03  -6.69270E-03   1.53449E-02  -3.96806E-03   2.26941E-02  -7.32912E-04   2.42809E-02   2.11644E-03   1.97528E-02   3.94375E-03   1.03375E-02   4.49963E-03  -1.48583E-03   3.92054E-03  -1.26180E-02   2.61526E-03  -2.01104E-02   1.08688E-03  -2.18761E-02  -2.46044E-04  -1.71555E-02  -1.16999E-03  -6.60694E-03  -1.70183E-03   8.02138E-03  -2.01290E-03   2.45965E-02
 1.09400E+02   1.27149E-02  -6.85010E-04   1.22994E-02  -1.10683E-02   9.22546E-03  -2.08034E-02   4.53534E-03  -2.62724E-02  -3.90717E-04  -2.53557E-02  -4.41125E-03  -1.84746E-02  -7.18724E-03  -8.40757E-03  -7.84051E-03   3.66654E-03  -6.37004E-03   1.49162E-02  -3.52070E-03   2.23690E-02  -2.62210E-04   2.41144E-02   2.49259E-03   1.97558E-02   4.12339E-03   1.04825E-02   4.42703E-03  -1.25113E-03   3.60542E-03  -1.23543E-02   2.13505E-03  -1.98730E-02   5.70893E-04  -2.17060E-02  -6.46101E-04  -1.70767E-02  -1.31438E-03  -6.62988E-03  -1.49092E-03   7.89476E-03  -1.39853E-03   2.43668E-02
 1.10200E+02   1.26635E-02   3.79876E-05   1.21594E-02  -1.03197E-02   8.99098E-03  -2.01781E-02   4.23851E-03  -2.58775E-02  -6.82052E-04  -2.52333E-02  -4.61952E-03  -1.86040E-02  -7.26139E-03  -8.73793E-03  -7.73558E-03   3.23716E-03  -6.08222E-03   1.45030E-02  -3.10139E-03   2.20629E-02   1.92608E-04   2.39662E-02   2.86702E-03   1.97720E-02   4.31416E-03   1.06324E-02   4.37455E-03  -1.02105E-03   3.31429E-03  -1.21039E-02   1.67754E-03  -1.96543E-02   7.20417E-05  -2.15550E-02  -1.03751E-03  -1.70123E-02  -1.46021E-03  -6.65752E-03  -1.29222E-03   7.77640E-03  -8.07307E-04   2.41600E-02
 1.11000E+02   1.26512E-02   7.51628E-04   1.20629E-02  -9.58430E-03   8.79513E-03  -1.95684E-02   3.96761E-03  -2.54983E-02  -9.64678E-04  -2.51233E-02  -4.83658E-03  -1.87400E-02  -7.35920E-03  -9.06756E-03  -7.66256E-03   2.81627E-03  -5.82626E-03   1.41048E-02  -2.70661E-03   2.17753E-02   6.34822E-04   2.38359E-02   3.24202E-03   1.98012E-02   4.51678E-03   1.07873E-02   4.34114E-03  -7.95401E-04   3.04450E-03  -1.18664E-02   1.23909E-03  -1.94537E-02  -4.13364E-04  -2.14228E-02  -1.42298E-03  -1.69620E-02  -1.60834E-03  -6.68981E-03  -1.10406E-03   7.66610E-03  -2.34725E-04   2.39755E-02
 1.11800E+02   1.26763E-02   1.45647E-03   1.20076E-02  -8.86145E-03   8.63541E-03  -1.89738E-02   3.72023E-03  -2.51342E-02  -1.24044E-03  -2.50255E-02  -5.06330E-03  -1.88824E-02  -7.48036E-03  -9.39666E-03  -7.61991E-03   2.40342E-03  -5.59957E-03   1.37209E-02  -2.33322E-03   2.15055E-02   1.06745E-03   2.37228E-02   3.61979E-03   1.98432E-02   4.73205E-03   1.09471E-02   4.32593E-03  -5.73950E-04   2.79370E-03  -1.16412E-02   8.16404E-04  -1.92708E-02  -8.88730E-04  -2.13088E-02  -1.80508E-03  -1.69253E-02  -1.75958E-03  -6.72663E-03  -9.24916E-04   7.56358E-03   3.23357E-04   2.38127E-02
 1.12600E+02   1.27377E-02   2.15306E-03   1.19917E-02  -8.15048E-03   8.50975E-03  -1.83935E-02   3.49428E-03  -2.47846E-02  -1.51103E-03  -2.49396E-02  -5.30058E-03  -1.90312E-02  -7.62478E-03  -9.72541E-03  -7.60641E-03   1.99819E-03  -5.39991E-03   1.33509E-02  -1.97840E-03   2.12529E-02   1.49331E-03   2.36266E-02   4.00245E-03   1.98975E-02   4.96085E-03   1.11118E-02   4.32828E-03  -3.56480E-04   2.55981E-03  -1.14281E-02   4.06466E-04  -1.91048E-02  -1.35723E-03  -2.12124E-02  -2.18622E-03  -1.69019E-02  -1.91475E-03  -6.76787E-03  -7.53432E-04   7.46859E-03   8.70778E-04   2.36707E-02
 1.13400E+02   1.28344E-02   2.84194E-03   1.20140E-02  -7.45072E-03   8.41643E-03  -1.78269E-02   3.28791E-03  -2.44491E-02  -1.77806E-03  -2.48650E-02  -5.54940E-03  -1.91863E-02  -7.79255E-03  -1.00540E-02  -7.62113E-03   1.60018E-03  -5.22540E-03   1.29940E-02  -1.63962E-03   2.10168E-02   1.91503E-03   2.35465E-02   4.39208E-03   1.99638E-02   5.20414E-03   1.12813E-02   4.34772E-03  -1.42781E-04   2.34096E-03  -1.12265E-02   6.48558E-06  -1.89553E-02  -1.82184E-03  -2.11330E-02  -2.56869E-03  -1.68912E-02  -2.07468E-03  -6.81337E-03  -5.88361E-04   7.38081E-03   1.41113E-03   2.35490E-02
 1.14200E+02   1.29658E-02   3.52357E-03   1.20734E-02  -6.76159E-03   8.35408E-03  -1.72733E-02   3.09954E-03  -2.41269E-02  -2.04300E-03  -2.48015E-02  -5.81077E-03  -1.93475E-02  -7.98398E-03  -1.03825E-02  -7.66342E-03   1.20899E-03  -5.07441E-03   1.26498E-02  -1.31454E-03   2.07967E-02   2.33511E-03   2.34820E-02   4.79072E-03   2.00416E-02   5.46295E-03   1.14554E-02   4.38393E-03   6.73341E-05   2.13553E-03  -1.10359E-02  -3.86131E-04  -1.88214E-02  -2.28540E-03  -2.10698E-02  -2.95473E-03  -1.68928E-02  -2.24020E-03  -6.86298E-03  -4.28560E-04   7.29995E-03   1.94780E-03   2.34465E-02
 1.15100E+02   1.31550E-02   4.28227E-03   1.21839E-02  -5.99833E-03   8.31963E-03  -1.66653E-02   2.90739E-03  -2.37797E-02  -2.34035E-03  -2.47426E-02  -6.12116E-03  -1.95359E-02  -8.22822E-03  -1.07520E-02  -7.74347E-03   7.76679E-04  -4.93099E-03   1.22769E-02  -9.62610E-04   2.05671E-02   2.80871E-03   2.34272E-02   5.25254E-03   2.01423E-02   5.77409E-03   1.16565E-02   4.44452E-03   2.99619E-04   1.91859E-03  -1.08339E-02  -8.22055E-04  -1.86886E-02  -2.80904E-03  -2.10172E-02  -3.39601E-03  -1.69084E-02  -2.43413E-03  -6.92345E-03  -2.53771E-04   7.21684E-03   2.55118E-03   2.33531E-02
 1.15900E+02   1.33598E-02   4.94978E-03   1.23205E-02  -5.33008E-03   8.31988E-03  -1.61375E-02   2.75285E-03  -2.34841E-02  -2.60553E-03  -2.47009E-02  -6.41288E-03  -1.97093E-02  -8.47173E-03  -1.10803E-02  -7.84332E-03   3.99021E-04  -4.82577E-03   1.19577E-02  -6.59881E-04   2.03784E-02   3.23314E-03   2.33934E-02   5.67720E-03   2.02429E-02   6.06979E-03   1.18395E-02   4.51601E-03   5.02575E-04   1.73692E-03  -1.06650E-02  -1.20697E-03  -1.85857E-02  -3.27931E-03  -2.09861E-02  -3.79685E-03  -1.69340E-02  -2.61436E-03  -6.98107E-03  -1.01752E-04   7.14959E-03   3.09065E-03   2.32885E-02
 1.16700E+02   1.35995E-02   5.61102E-03   1.24933E-02  -4.67109E-03   8.34865E-03  -1.56211E-02   2.61254E-03  -2.32002E-02  -2.87290E-03  -2.46688E-02  -6.72079E-03  -1.98879E-02  -8.74098E-03  -1.14085E-02  -7.97025E-03   2.74205E-05  -4.74055E-03   1.16496E-02  -3.64796E-04   2.02033E-02   3.66318E-03   2.33729E-02   6.11739E-03   2.03531E-02   6.38489E-03   1.20263E-02   4.60425E-03   7.02270E-04   1.56449E-03  -1.05056E-02  -1.59176E-03  -1.84961E-02  -3.75682E-03  -2.09686E-02  -4.20800E-03  -1.69698E-02  -2.80291E-03  -7.04204E-03   4.80754E-05   7.08822E-03   3.63621E-03   2.32402E-02
 1.17600E+02   1.39116E-02   6.34751E-03   1.27313E-02  -3.94054E-03   8.41478E-03  -1.50532E-02   2.47059E-03  -2.28942E-02  -3.17793E-03  -2.46436E-02  -7.08819E-03  -2.00946E-02  -9.07594E-03  -1.17772E-02  -8.14581E-03  -3.83464E-04  -4.66772E-03   1.13155E-02  -3.98899E-05   2.00219E-02   4.15646E-03   2.33647E-02   6.63389E-03   2.04877E-02   6.76440E-03   1.22403E-02   4.72386E-03   9.23011E-04   1.38025E-03  -1.03370E-02  -2.02716E-03  -1.84101E-02  -4.30586E-03  -2.09641E-02  -4.68557E-03  -1.70214E-02  -3.02616E-03  -7.11423E-03   2.15098E-04   7.02578E-03   4.26100E-03   2.32038E-02
 1.18400E+02   1.42277E-02   6.99548E-03   1.29822E-02  -3.30075E-03   8.50352E-03  -1.45600E-02   2.35772E-03  -2.26336E-02  -3.45426E-03  -2.46301E-02  -7.43501E-03  -2.02829E-02  -9.40352E-03  -1.21041E-02  -8.33153E-03  -7.42258E-04  -4.62285E-03   1.10294E-02   2.44371E-04   1.98736E-02   4.60582E-03   2.33695E-02   7.11441E-03   2.06159E-02   7.12574E-03   1.24333E-02   4.84870E-03   1.11564E-03   1.22405E-03  -1.01962E-02  -2.41872E-03  -1.83460E-02  -4.80726E-03  -2.09724E-02  -5.12586E-03  -1.70762E-02  -3.23559E-03  -7.18117E-03   3.63123E-04   6.97574E-03   4.82945E-03   2.31861E-02
 1.19300E+02   1.46281E-02   7.71656E-03   1.33099E-02  -2.59196E-03   8.63729E-03  -1.40178E-02   2.24491E-03  -2.23528E-02  -3.77261E-03  -2.46244E-02  -7.84996E-03  -2.04990E-02  -9.80742E-03  -1.24701E-02  -8.57477E-03  -1.13839E-03  -4.59427E-03   1.07195E-02   5.60975E-04   1.97205E-02   5.12649E-03   2.33873E-02   7.68210E-03   2.07682E-02   7.56148E-03   1.26526E-02   5.01067E-03   1.32806E-03   1.05570E-03  -1.00474E-02  -2.86701E-03  -1.82864E-02  -5.38973E-03  -2.09941E-02  -5.64188E-03  -1.71466E-02  -3.48493E-03  -7.25899E-03   5.30204E-04   6.92509E-03   5.48754E-03   2.31809E-02
 1.20100E+02   1.50253E-02   8.34997E-03   1.36427E-02  -1.97208E-03   8.78681E-03  -1.35472E-02   2.15664E-03  -2.21138E-02  -4.06366E-03  -2.46268E-02  -8.24264E-03  -2.06939E-02  -1.01996E-02  -1.27932E-02  -8.82248E-03  -1.48341E-03  -4.58806E-03   1.04543E-02   8.41135E-04   1.95956E-02   5.60529E-03   2.34127E-02   8.21354E-03   2.09095E-02   7.97684E-03   1.28484E-02   5.17448E-03   1.51274E-03   9.11714E-04  -9.92324E-03  -3.27467E-03  -1.82434E-02  -5.92675E-03  -2.10228E-02  -6.12151E-03  -1.72157E-02  -3.71998E-03  -7.32976E-03   6.80081E-04   6.88465E-03   6.09238E-03   2.31876E-02
 1.21000E+02   1.55208E-02   9.05306E-03   1.40655E-02  -1.28697E-03   8.99022E-03  -1.30310E-02   2.07031E-03  -2.18565E-02  -4.40188E-03  -2.46371E-02  -8.71349E-03  -2.09153E-02  -1.06805E-02  -1.31529E-02  -9.13801E-03  -1.86283E-03  -4.60260E-03   1.01676E-02   1.15666E-03   1.94669E-02   6.16491E-03   2.34506E-02   8.84490E-03   2.10733E-02   8.47825E-03   1.30682E-02   5.38210E-03   1.71529E-03   7.55125E-04  -9.79205E-03  -3.74627E-03  -1.82048E-02  -6.55606E-03  -2.10637E-02  -6.68779E-03  -1.72991E-02  -4.00102E-03  -7.41034E-03   8.51225E-04   6.84373E-03   6.79914E-03   2.32056E-02
 1.21900E+02   1.60703E-02   9.74463E-03   1.45418E-02  -6.16109E-04   9.23196E-03  -1.25293E-02   1.99727E-03  -2.16111E-02  -4.75333E-03  -2.46543E-02  -9.21772E-03  -2.11372E-02  -1.12059E-02  -1.35068E-02  -9.49434E-03  -2.23188E-03  -4.63998E-03   9.89320E-03   1.47438E-03   1.93494E-02   6.74999E-03   2.34961E-02   9.51541E-03   2.12397E-02   9.01874E-03   1.32857E-02   5.61562E-03   1.91150E-03   6.03304E-04  -9.66930E-03  -4.23445E-03  -1.81746E-02  -7.21580E-03  -2.11114E-02  -7.28573E-03  -1.73861E-02  -4.30135E-03  -7.49082E-03   1.02610E-03   6.80700E-03   7.53806E-03   2.32320E-02
 1.22800E+02   1.66765E-02   1.04226E-02   1.50741E-02   3.86677E-05   9.51340E-03  -1.20431E-02   1.93717E-03  -2.13774E-02  -5.11993E-03  -2.46769E-02  -9.75816E-03  -2.13575E-02  -1.17790E-02  -1.38529E-02  -9.89356E-03  -2.58898E-03  -4.70045E-03   9.63136E-03   1.79614E-03   1.92418E-02   7.36397E-03   2.35468E-02   1.02291E-02   2.14060E-02   9.60158E-03   1.34984E-02   5.87647E-03   2.10027E-03   4.55335E-04  -9.55442E-03  -4.74220E-03  -1.81509E-02  -7.91002E-03  -2.11630E-02  -7.91901E-03  -1.74742E-02  -4.62280E-03  -7.56983E-03   1.20579E-03   6.77371E-03   8.31373E-03   2.32634E-02
 1.23600E+02   1.72657E-02   1.10117E-02   1.55967E-02   6.05221E-04   9.79818E-03  -1.16250E-02   1.89440E-03  -2.11794E-02  -5.46011E-03  -2.47004E-02  -1.02714E-02  -2.15501E-02  -1.23311E-02  -1.41516E-02  -1.02863E-02  -2.89474E-03  -4.77393E-03   9.40955E-03   2.08699E-03   1.91535E-02   7.93687E-03   2.35940E-02   1.09031E-02   2.15507E-02   1.01580E-02   1.36810E-02   6.13256E-03   2.26068E-03   3.26348E-04  -9.45841E-03  -5.21239E-03  -1.81332E-02  -8.55941E-03  -2.12092E-02  -8.51469E-03  -1.75507E-02  -4.92785E-03  -7.63750E-03   1.37042E-03   6.74632E-03   9.03785E-03   2.32925E-02
 1.24500E+02   1.79883E-02   1.16562E-02   1.62431E-02   1.22235E-03   1.01591E-02  -1.11723E-02   1.85813E-03  -2.09675E-02  -5.86073E-03  -2.47289E-02  -1.08886E-02  -2.17603E-02  -1.30032E-02  -1.44745E-02  -1.07730E-02  -3.22323E-03  -4.87927E-03   9.17297E-03   2.42128E-03   1.90609E-02   8.61522E-03   2.36462E-02   1.17098E-02   2.17065E-02   1.08304E-02   1.38761E-02   6.44946E-03   2.43122E-03   1.83368E-04  -9.35672E-03  -5.76535E-03  -1.81145E-02  -9.33019E-03  -2.12581E-02  -9.22524E-03  -1.76315E-02  -5.29459E-03  -7.70897E-03   1.56215E-03   6.71711E-03   9.89578E-03   2.33226E-02
 1.25400E+02   1.87776E-02   1.22772E-02   1.69545E-02   1.81426E-03   1.05650E-02  -1.07405E-02   1.83434E-03  -2.07673E-02  -6.28228E-03  -2.47576E-02  -1.15510E-02  -2.19603E-02  -1.37329E-02  -1.47797E-02  -1.13099E-02  -3.53224E-03  -5.00925E-03   8.95108E-03   2.76473E-03   1.89739E-02   9.33291E-03   2.36939E-02   1.25722E-02   2.18500E-02   1.15556E-02   1.40561E-02   6.79857E-03   2.58914E-03   4.19151E-05  -9.26113E-03  -6.34667E-03  -1.80942E-02  -1.01477E-02  -2.12993E-02  -9.98242E-03  -1.77025E-02  -5.68827E-03  -7.77324E-03   1.76180E-03   6.68854E-03   1.08042E-02   2.33446E-02
 1.26300E+02   1.96375E-02   1.28696E-02   1.77346E-02   2.37609E-03   1.10177E-02  -1.03327E-02   1.82299E-03  -2.05790E-02  -6.72677E-03  -2.47839E-02  -1.22619E-02  -2.21456E-02  -1.45238E-02  -1.50619E-02  -1.18997E-02  -3.81778E-03  -5.16462E-03   8.74521E-03   3.11906E-03   1.88905E-02   1.00936E-02   2.37324E-02   1.34946E-02   2.19754E-02   1.23373E-02   1.42158E-02   7.18178E-03   2.73176E-03  -9.87213E-05  -9.17096E-03  -6.95939E-03  -1.80684E-02  -1.10162E-02  -2.13271E-02  -1.07903E-02  -1.77583E-02  -6.11099E-03  -7.82753E-03   1.97043E-03   6.65937E-03   1.17680E-02   2.33527E-02
 1.27300E+02   2.06803E-02   1.34866E-02   1.86860E-02   2.95777E-03   1.15783E-02  -9.91237E-03   1.82502E-03  -2.03843E-02  -7.24995E-03  -2.48070E-02  -1.31127E-02  -2.23281E-02  -1.54790E-02  -1.53413E-02  -1.26204E-02  -4.10164E-03  -5.36796E-03   8.53736E-03   3.52750E-03   1.87995E-02   1.09937E-02   2.37578E-02   1.45954E-02   2.20850E-02   1.32768E-02   1.43620E-02   7.64980E-03   2.86832E-03  -2.54833E-04  -9.07630E-03  -7.68061E-03  -1.80279E-02  -1.20463E-02  -2.13345E-02  -1.17520E-02  -1.77952E-02  -6.61724E-03  -7.87207E-03   2.21400E-03   6.62449E-03   1.29094E-02   2.33363E-02
 1.28200E+02   2.17014E-02   1.39963E-02   1.96223E-02   3.43497E-03   1.21369E-02  -9.56859E-03   1.84008E-03  -2.02228E-02  -7.74922E-03  -2.48183E-02  -1.39366E-02  -2.24646E-02  -1.64113E-02  -1.55539E-02  -1.33310E-02  -4.32059E-03  -5.57945E-03   8.37148E-03   3.91004E-03   1.87164E-02   1.18568E-02   2.37579E-02   1.56589E-02   2.21479E-02   1.41901E-02   1.44575E-02   8.11100E-03   2.96715E-03  -3.95868E-04  -8.99527E-03  -8.36917E-03  -1.79753E-02  -1.30362E-02  -2.13116E-02  -1.26795E-02  -1.77977E-02  -7.10793E-03  -7.89361E-03   2.44487E-03   6.58902E-03   1.40052E-02   2.32896E-02
 1.29100E+02   2.28042E-02   1.44533E-02   2.06374E-02   3.85921E-03   1.27487E-02  -9.26339E-03   1.86769E-03  -2.00751E-02  -8.27716E-03  -2.48166E-02  -1.48185E-02  -2.25671E-02  -1.74155E-02  -1.57207E-02  -1.41026E-02  -4.49761E-03  -5.81863E-03   8.22843E-03   4.30815E-03   1.86291E-02   1.27734E-02   2.37288E-02   1.67953E-02   2.21668E-02   1.51709E-02   1.45097E-02   8.61171E-03   3.03829E-03  -5.37982E-04  -8.91732E-03  -9.09768E-03  -1.79011E-02  -1.40893E-02  -2.12515E-02  -1.36691E-02  -1.77621E-02  -7.63365E-03  -7.89273E-03   2.68765E-03   6.54766E-03   1.51699E-02   2.32021E-02
 1.30000E+02   2.39912E-02   1.48466E-02   2.17338E-02   4.22005E-03   1.34149E-02  -9.00349E-03   1.90785E-03  -1.99423E-02  -8.83511E-03  -2.47971E-02  -1.57606E-02  -2.26270E-02  -1.84942E-02  -1.58313E-02  -1.49372E-02  -4.62434E-03  -6.08598E-03   8.11144E-03   4.72299E-03   1.85345E-02   1.37458E-02   2.36615E-02   1.80076E-02   2.21303E-02   1.62217E-02   1.45084E-02   9.15318E-03   3.07613E-03  -6.81658E-04  -8.84158E-03  -9.86818E-03  -1.77983E-02  -1.52086E-02  -2.11434E-02  -1.47233E-02  -1.76785E-02  -8.19579E-03  -7.86391E-03   2.94305E-03   6.49817E-03   1.64069E-02   2.30622E-02
 1.31000E+02   2.54106E-02   1.51933E-02   2.30488E-02   4.53180E-03   1.42199E-02  -8.77749E-03   1.96702E-03  -1.98136E-02  -9.49137E-03  -2.47482E-02  -1.68797E-02  -2.26315E-02  -1.97819E-02  -1.58739E-02  -1.59395E-02  -4.69425E-03  -6.41626E-03   8.01667E-03   5.20455E-03   1.84162E-02   1.48938E-02   2.35298E-02   1.94458E-02   2.20087E-02   1.74733E-02   1.44298E-02   9.80342E-03   3.07119E-03  -8.43605E-04  -8.75884E-03  -1.07752E-02  -1.76408E-02  -1.65321E-02  -2.09526E-02  -1.59727E-02  -1.75150E-02  -8.86412E-03  -7.79139E-03   3.24221E-03   6.43049E-03   1.78683E-02   2.28292E-02
 1.31900E+02   2.67784E-02   1.54080E-02   2.43193E-02   4.71668E-03   1.50023E-02  -8.64061E-03   2.03305E-03  -1.97167E-02  -1.01149E-02  -2.46728E-02  -1.79520E-02  -2.25672E-02  -2.10209E-02  -1.58247E-02  -1.69090E-02  -4.68102E-03  -6.74308E-03   7.96795E-03   5.65691E-03   1.82933E-02   1.59880E-02   2.33473E-02   2.08224E-02   2.18098E-02   1.86753E-02   1.42748E-02   1.04322E-02   3.01621E-03  -9.91736E-04  -8.68447E-03  -1.16376E-02  -1.74501E-02  -1.77953E-02  -2.07020E-02  -1.71674E-02  -1.72899E-02  -9.50503E-03  -7.68168E-03   3.52547E-03   6.35495E-03   1.92625E-02   2.25328E-02
 1.32900E+02   2.83955E-02   1.55173E-02   2.58244E-02   4.79562E-03   1.59340E-02  -8.57556E-03   2.11992E-03  -1.96320E-02  -1.08435E-02  -2.45456E-02  -1.92137E-02  -2.24035E-02  -2.24840E-02  -1.56532E-02  -1.80585E-02  -4.56560E-03  -7.13775E-03   7.96090E-03   6.18029E-03   1.81327E-02   1.72699E-02   2.30571E-02   2.24409E-02   2.14678E-02   2.00923E-02   1.39894E-02   1.11777E-02   2.88825E-03  -1.15913E-03  -8.60051E-03  -1.26459E-02  -1.71709E-02  -1.92768E-02  -2.03162E-02  -1.85709E-02  -1.69340E-02  -1.02596E-02  -7.50002E-03   3.85542E-03   6.25060E-03   2.08967E-02   2.20854E-02
 1.33800E+02   2.99324E-02   1.54790E-02   2.72574E-02   4.73340E-03   1.68245E-02  -8.60805E-03   2.20926E-03  -1.95788E-02  -1.15292E-02  -2.43837E-02  -2.04081E-02  -2.21574E-02  -2.38730E-02  -1.53749E-02  -1.91534E-02  -4.35552E-03  -7.51916E-03   8.00313E-03   6.66883E-03   1.79609E-02   1.84789E-02   2.27015E-02   2.39716E-02   2.10305E-02   2.14355E-02   1.36121E-02   1.18876E-02   2.70255E-03  -1.31222E-03  -8.52239E-03  -1.35950E-02  -1.68466E-02  -2.06752E-02  -1.98536E-02  -1.98973E-02  -1.65005E-02  -1.09741E-02  -7.27277E-03   4.16511E-03   6.13437E-03   2.24386E-02   2.15557E-02
 1.34800E+02   3.17186E-02   1.52593E-02   2.89249E-02   4.49209E-03   1.78639E-02  -8.76105E-03   2.31921E-03  -1.95481E-02  -1.23200E-02  -2.41407E-02  -2.17918E-02  -2.17548E-02  -2.54854E-02  -1.49043E-02  -2.04278E-02  -3.98485E-03  -7.96803E-03   8.11178E-03   7.22839E-03   1.77329E-02   1.98750E-02   2.21820E-02   2.57433E-02   2.03752E-02   2.29927E-02   1.30360E-02   1.27136E-02   2.40503E-03  -1.48466E-03  -8.43109E-03  -1.46895E-02  -1.63899E-02  -2.22908E-02  -1.91881E-02  -2.14313E-02  -1.58706E-02  -1.18016E-02  -6.93710E-03   4.52128E-03   5.97552E-03   2.42193E-02   2.08003E-02
 1.35800E+02   3.35681E-02   1.48259E-02   3.06532E-02   4.04327E-03   1.89437E-02  -9.05427E-03   2.43781E-03  -1.95502E-02  -1.31338E-02  -2.38201E-02  -2.32206E-02  -2.11954E-02  -2.71531E-02  -1.42384E-02  -2.17483E-02  -3.44873E-03  -8.43693E-03   8.29388E-03   7.80101E-03   1.74583E-02   2.13127E-02   2.15105E-02   2.75707E-02   1.95138E-02   2.46009E-02   1.22698E-02   1.35687E-02   1.99756E-03  -1.65874E-03  -8.33331E-03  -1.58148E-02  -1.58151E-02  -2.39546E-02  -1.83378E-02  -2.30122E-02  -1.50603E-02  -1.26554E-02  -6.50047E-03   4.88676E-03   5.78013E-03   2.60523E-02   1.98414E-02
 1.36800E+02   3.54529E-02   1.41510E-02   3.24151E-02   3.36045E-03   2.00457E-02  -9.50506E-03   2.56141E-03  -1.95883E-02  -1.39598E-02  -2.34108E-02  -2.46732E-02  -2.04577E-02  -2.88499E-02  -1.33516E-02  -2.30932E-02  -2.72601E-03  -8.91671E-03   8.55797E-03   8.37980E-03   1.71296E-02   2.27711E-02   2.06658E-02   2.94260E-02   1.84182E-02   2.62347E-02   1.12880E-02   1.44388E-02   1.46607E-03  -1.83316E-03  -8.22726E-03  -1.69548E-02  -1.51054E-02  -2.56415E-02  -1.72774E-02  -2.46157E-02  -1.40450E-02  -1.35219E-02  -5.94939E-03   5.25646E-03   5.54286E-03   2.79101E-02   1.86507E-02
 1.37700E+02   3.71484E-02   1.33167E-02   3.40000E-02   2.52633E-03   2.10369E-02  -1.00583E-02   2.67301E-03  -1.96557E-02  -1.47014E-02  -2.29583E-02  -2.59777E-02  -1.96257E-02  -3.03736E-02  -1.23456E-02  -2.43009E-02  -1.90040E-03  -9.34791E-03   8.87205E-03   8.89835E-03   1.67821E-02   2.40786E-02   1.97417E-02   3.10892E-02   1.72115E-02   2.76993E-02   1.02016E-02   1.52188E-02   8.71304E-04  -1.98891E-03  -8.12345E-03  -1.79754E-02  -1.43392E-02  -2.71520E-02  -1.61244E-02  -2.60515E-02  -1.29379E-02  -1.42979E-02  -5.34556E-03   5.58717E-03   5.28957E-03   2.95730E-02   1.73603E-02
 1.38700E+02   3.89887E-02   1.21205E-02   3.57187E-02   1.33913E-03   2.21105E-02  -1.08475E-02   2.79206E-03  -1.97691E-02  -1.55069E-02  -2.23549E-02  -2.73917E-02  -1.85013E-02  -3.20233E-02  -1.09809E-02  -2.56069E-02  -7.75307E-04  -9.81262E-03   9.31120E-03   9.46114E-03   1.63339E-02   2.54936E-02   1.85196E-02   3.28876E-02   1.56079E-02   2.92815E-02   8.75328E-03   1.60605E-02   7.23347E-05  -2.15842E-03  -7.99768E-03  -1.90787E-02  -1.33354E-02  -2.87835E-02  -1.46069E-02  -2.76017E-02  -1.14776E-02  -1.51353E-02  -4.54639E-03   5.94456E-03   4.96063E-03   3.13684E-02   1.56657E-02
 1.39700E+02   4.07295E-02   1.06320E-02   3.73417E-02  -1.30636E-04   2.31208E-02  -1.18260E-02   2.89926E-03  -1.99241E-02  -1.62718E-02  -2.16418E-02  -2.87280E-02  -1.71596E-02  -3.35782E-02  -9.34788E-03  -2.68343E-02   5.75293E-04  -1.02451E-02   9.84794E-03   9.99640E-03   1.58176E-02   2.68293E-02   1.70849E-02   3.45807E-02   1.37185E-02   3.07682E-02   7.04279E-03   1.68487E-02  -8.76594E-04  -2.32143E-03  -7.86026E-03  -2.01185E-02  -1.21659E-02  -3.03179E-02  -1.28320E-02  -2.90580E-02  -9.76689E-03  -1.59209E-02  -3.60776E-03   6.28152E-03   4.57989E-03   3.30558E-02   1.36872E-02
 1.40700E+02   4.23092E-02   8.85517E-03   3.88097E-02  -1.87917E-03   2.40289E-02  -1.29913E-02   2.98700E-03  -2.01200E-02  -1.69718E-02  -2.08206E-02  -2.99399E-02  -1.56032E-02  -3.49815E-02  -7.45000E-03  -2.79359E-02   2.14848E-03  -1.06258E-02   1.04810E-02   1.04885E-02   1.52341E-02   2.80395E-02   1.54402E-02   3.61075E-02   1.15467E-02   3.21037E-02   5.07337E-03   1.75520E-02  -1.97360E-03  -2.47470E-03  -7.71126E-03  -2.10586E-02  -1.08323E-02  -3.16999E-02  -1.08027E-02  -3.03669E-02  -7.80867E-03  -1.66252E-02  -2.53134E-03   6.58670E-03   4.14791E-03   3.45744E-02   1.14282E-02
 1.41800E+02   4.37839E-02   6.59265E-03   4.01717E-02  -4.10051E-03   2.48609E-02  -1.44729E-02   3.05156E-03  -2.03796E-02  -1.76366E-02  -1.98018E-02  -3.10711E-02  -1.36619E-02  -3.62792E-02  -5.07923E-03  -2.89436E-02   4.11711E-03  -1.09603E-02   1.12805E-02   1.09607E-02   1.45207E-02   2.91683E-02   1.34066E-02   3.75187E-02   8.85606E-03   3.33290E-02   2.63007E-03   1.81886E-02  -3.33883E-03  -2.62799E-03  -7.53520E-03  -2.19329E-02  -9.19025E-03  -3.29751E-02  -8.29852E-03  -3.15697E-02  -5.39001E-03  -1.72690E-02  -1.19986E-03   6.87154E-03   3.61803E-03   3.59738E-02   8.64330E-03
 1.42800E+02   4.48191E-02   4.29896E-03   4.11164E-02  -6.34938E-03   2.54234E-02  -1.59741E-02   3.07301E-03  -2.06503E-02  -1.81193E-02  -1.87877E-02  -3.18658E-02  -1.17213E-02  -3.71740E-02  -2.70622E-03  -2.96233E-02   6.09044E-03  -1.11665E-02   1.20876E-02   1.13101E-02   1.38179E-02   2.99610E-02   1.13859E-02   3.84919E-02   6.17808E-03   3.41613E-02   1.95681E-04   1.86090E-02  -4.70236E-03  -2.74994E-03  -7.36635E-03  -2.25435E-02  -7.56321E-03  -3.38522E-02  -5.81309E-03  -3.23902E-02  -2.98768E-03  -1.77035E-02   1.24086E-04   7.07200E-03   3.09445E-03   3.69340E-02   5.88110E-03
 1.43800E+02   4.55103E-02   1.83964E-03   4.17304E-02  -8.75926E-03   2.57678E-02  -1.75843E-02   3.05242E-03  -2.09469E-02  -1.84653E-02  -1.77136E-02  -3.23978E-02  -9.65847E-03  -3.77487E-02  -1.80870E-04  -3.00374E-02   8.19306E-03  -1.12627E-02   1.29522E-02   1.15702E-02   1.30787E-02   3.04916E-02   9.24609E-03   3.91174E-02   3.33838E-03   3.46777E-02  -2.38808E-03   1.88517E-02  -6.15229E-03  -2.85253E-03  -7.19235E-03  -2.29477E-02  -5.84314E-03  -3.44128E-02  -3.18210E-03  -3.29044E-02  -4.43177E-04  -1.79688E-02   1.52760E-03   7.20697E-03   2.54200E-03   3.75443E-02   2.95827E-03
 1.44900E+02   4.58322E-02  -9.69684E-04   4.19844E-02  -1.15124E-02   2.58684E-02  -1.94264E-02   2.97604E-03  -2.12923E-02  -1.86717E-02  -1.64969E-02  -3.26484E-02  -7.31411E-03  -3.79730E-02   2.69278E-03  -3.01544E-02   1.05889E-02  -1.12281E-02   1.39422E-02   1.17427E-02   1.22458E-02   3.07419E-02   6.81978E-03   3.93631E-02   1.14079E-04   3.48435E-02  -5.32454E-03   1.88923E-02  -7.80306E-03  -2.94095E-03  -6.99972E-03  -2.31299E-02  -3.89445E-03  -3.46271E-02  -1.97747E-04  -3.30808E-02   2.44470E-03  -1.80453E-02   3.12175E-03   7.27224E-03   1.91698E-03   3.77710E-02  -3.56508E-04
 1.45900E+02   4.57121E-02  -3.52982E-03   4.18186E-02  -1.40234E-02   2.56978E-02  -2.11097E-02   2.85583E-03  -2.16131E-02  -1.86957E-02  -1.53939E-02  -3.25615E-02  -5.18132E-03  -3.77931E-02   5.31097E-03  -2.99421E-02   1.27750E-02  -1.10644E-02   1.48498E-02   1.17930E-02   1.14931E-02   3.06558E-02   4.61409E-03   3.91702E-02  -2.82120E-03   3.46156E-02  -8.00049E-03   1.87161E-02  -9.30998E-03  -2.99852E-03  -6.82832E-03  -2.30487E-02  -2.12301E-03  -3.44434E-02   2.51837E-03  -3.28746E-02   5.07451E-03  -1.79123E-02   4.57449E-03   7.25336E-03   1.34934E-03   3.75586E-02  -3.37345E-03
 1.47000E+02   4.51392E-02  -6.25193E-03   4.12124E-02  -1.66978E-02   2.52301E-02  -2.29069E-02   2.66909E-03  -2.19613E-02  -1.85476E-02  -1.42239E-02  -3.21298E-02  -2.90982E-03  -3.71851E-02   8.10460E-03  -2.93679E-02   1.51119E-02  -1.07426E-02   1.58248E-02   1.17347E-02   1.06959E-02   3.02262E-02   2.26323E-03   3.85133E-02  -5.95480E-03   3.39604E-02  -1.08606E-02   1.82943E-02  -1.09236E-02  -3.03770E-03  -6.64938E-03  -2.26958E-02  -2.33387E-04  -3.38368E-02   5.41934E-03  -3.22562E-02   7.88506E-03  -1.75494E-02   6.12822E-03   7.14908E-03   7.44119E-04   3.68779E-02  -6.59655E-03
 1.48000E+02   4.42536E-02  -8.56083E-03   4.03103E-02  -1.89724E-02   2.45728E-02  -2.44408E-02   2.45384E-03  -2.22639E-02  -1.82686E-02  -1.32312E-02  -3.14589E-02  -9.73300E-04  -3.62924E-02   1.04919E-02  -2.85633E-02   1.71135E-02  -1.03322E-02   1.66646E-02   1.15879E-02   1.00195E-02   2.95583E-02   2.54512E-04   3.75473E-02  -8.63765E-03   3.30290E-02  -1.33130E-02   1.77215E-02  -1.23101E-02  -3.05355E-03  -6.49982E-03  -2.21565E-02   1.38404E-03  -3.29496E-02   7.90602E-03  -3.13690E-02   1.02960E-02  -1.70397E-02   7.46215E-03   6.98504E-03   2.26154E-04   3.58879E-02  -9.36074E-03
 1.49100E+02   4.29401E-02  -1.08453E-02   3.89914E-02  -2.12319E-02   2.36333E-02  -2.59719E-02   2.17420E-03  -2.25725E-02  -1.78277E-02  -1.22461E-02  -3.04619E-02   9.60354E-04  -3.49937E-02   1.28834E-02  -2.74143E-02   1.91247E-02  -9.77032E-03   1.75144E-02   1.13395E-02   9.34738E-03   2.85649E-02  -1.75931E-03   3.61405E-02  -1.13342E-02   3.16906E-02  -1.57825E-02   1.69140E-02  -1.37100E-02  -3.05293E-03  -6.35372E-03  -2.13593E-02   3.01021E-03  -3.16601E-02   1.04106E-02  -3.00890E-02   1.27266E-02  -1.63106E-02   8.80824E-03   6.73999E-03  -2.94714E-04   3.44520E-02  -1.21470E-02
 1.50200E+02   4.13499E-02  -1.28102E-02   3.74056E-02  -2.31874E-02   2.25166E-02  -2.73066E-02   1.85881E-03  -2.28494E-02  -1.72780E-02  -1.13936E-02  -2.92533E-02   2.64888E-03  -3.34354E-02   1.49812E-02  -2.60487E-02   2.08967E-02  -9.11712E-03   1.82701E-02   1.10206E-02   8.76371E-03   2.73599E-02  -3.52934E-03   3.44511E-02  -1.37127E-02   3.00941E-02  -1.79666E-02   1.59603E-02  -1.49527E-02  -3.03800E-03  -6.22971E-03  -2.03947E-02   4.44587E-03  -3.01127E-02   1.26270E-02  -2.85588E-02   1.48803E-02  -1.54428E-02   1.00026E-02   6.44193E-03  -7.54827E-04   3.27305E-02  -1.46157E-02
 1.51200E+02   3.97364E-02  -1.42957E-02   3.58016E-02  -2.46790E-02   2.13930E-02  -2.83346E-02   1.54948E-03  -2.30708E-02  -1.67127E-02  -1.07427E-02  -2.80256E-02   3.95350E-03  -3.18600E-02   1.66121E-02  -2.46739E-02   2.22821E-02  -8.46640E-03   1.88683E-02   1.06883E-02   8.31580E-03   2.61350E-02  -4.90953E-03   3.27415E-02  -1.55761E-02   2.84834E-02  -1.96835E-02   1.50025E-02  -1.59340E-02  -3.01625E-03  -6.13738E-03  -1.94148E-02   5.57216E-03  -2.85467E-02   1.43713E-02  -2.70129E-02   1.65779E-02  -1.45679E-02   1.09456E-02   6.13835E-03  -1.11612E-03   3.09890E-02  -1.65616E-02
 1.52300E+02   3.78527E-02  -1.55950E-02   3.39312E-02  -2.60010E-02   2.00852E-02  -2.92590E-02   1.19315E-03  -2.32804E-02  -1.60489E-02  -1.01649E-02  -2.65909E-02   5.13230E-03  -3.00220E-02   1.80987E-02  -2.30725E-02   2.35553E-02  -7.71147E-03   1.94271E-02   1.02958E-02   7.91494E-03   2.47020E-02  -6.17322E-03   3.07450E-02  -1.72934E-02   2.66044E-02  -2.12735E-02   1.38870E-02  -1.68485E-02  -2.98776E-03  -6.05843E-03  -1.82683E-02   6.61228E-03  -2.67169E-02   1.59889E-02  -2.52077E-02   1.81558E-02  -1.35470E-02   1.18241E-02   5.78265E-03  -1.45023E-03   2.89539E-02  -1.83704E-02
 1.53400E+02   3.59247E-02  -1.65575E-02   3.20165E-02  -2.70025E-02   1.87462E-02  -2.99761E-02   8.28050E-04  -2.34560E-02  -1.53691E-02  -9.72603E-03  -2.51209E-02   6.05333E-03  -2.81382E-02   1.92763E-02  -2.14306E-02   2.45764E-02  -6.93710E-03   1.98866E-02   9.89342E-03   7.60656E-03   2.32318E-02  -7.18101E-03   2.86959E-02  -1.86766E-02   2.46755E-02  -2.25633E-02   1.27415E-02  -1.75974E-02  -2.95863E-03  -6.00229E-03  -1.70908E-02   7.45260E-03  -2.48372E-02   1.73042E-02  -2.33530E-02   1.94431E-02  -1.24980E-02   1.25432E-02   5.41711E-03  -1.72069E-03   2.68627E-02  -1.98460E-02
 1.54500E+02   3.40118E-02  -1.72105E-02   3.01143E-02  -2.77097E-02   1.74131E-02  -3.05029E-02   4.60959E-04  -2.36010E-02  -1.46970E-02  -9.41528E-03  -2.36605E-02   6.73745E-03  -2.62629E-02   2.01702E-02  -1.97929E-02   2.53664E-02  -6.16144E-03   2.02552E-02   9.49665E-03   7.38352E-03   2.17689E-02  -7.95364E-03   2.66529E-02  -1.97531E-02   2.27494E-02  -2.35780E-02   1.15955E-02  -1.81946E-02  -2.93240E-03  -5.96740E-03  -1.59169E-02   8.10942E-03  -2.29605E-02   1.83420E-02  -2.14998E-02   2.04637E-02  -1.14491E-02   1.31161E-02   5.05274E-03  -1.93268E-03   2.47734E-02  -2.10158E-02
 1.55700E+02   3.19946E-02  -1.76109E-02   2.81036E-02  -2.81851E-02   1.59982E-02  -3.08867E-02   6.41390E-05  -2.37290E-02  -1.39937E-02  -9.20596E-03  -2.21182E-02   7.24486E-03  -2.42749E-02   2.08600E-02  -1.80508E-02   2.59961E-02  -5.32980E-03   2.05667E-02   9.08410E-03   7.22679E-03   2.02207E-02  -8.55943E-03   2.44828E-02  -2.06189E-02   2.06983E-02  -2.44083E-02   1.03707E-02  -1.86939E-02  -2.91034E-03  -5.95118E-03  -1.46713E-02   8.64105E-03  -2.09633E-02   1.91949E-02  -1.95249E-02   2.13091E-02  -1.03296E-02   1.35944E-02   4.66631E-03  -2.10499E-03   2.25481E-02  -2.19846E-02
 1.56800E+02   3.02433E-02  -1.77329E-02   2.63518E-02  -2.83883E-02   1.47585E-02  -3.10892E-02  -2.92593E-04  -2.38235E-02  -1.33902E-02  -9.11669E-03  -2.07767E-02   7.52205E-03  -2.25366E-02   2.12683E-02  -1.65198E-02   2.63918E-02  -4.59089E-03   2.07820E-02   8.73354E-03   7.15190E-03   1.88706E-02  -8.92825E-03   2.25806E-02  -2.11704E-02   1.88940E-02  -2.49528E-02   9.28789E-03  -1.90330E-02  -2.89830E-03  -5.95401E-03  -1.35812E-02   8.98309E-03  -1.92085E-02   1.97579E-02  -1.77863E-02   2.18740E-02  -9.34194E-03   1.39179E-02   4.32851E-03  -2.21655E-03   2.05906E-02  -2.26315E-02
 1.57900E+02   2.86061E-02  -1.76588E-02   2.47071E-02  -2.84061E-02   1.35862E-02  -3.11731E-02  -6.40512E-04  -2.39008E-02  -1.28345E-02  -9.11024E-03  -1.95200E-02   7.64872E-03  -2.08972E-02   2.14979E-02  -1.50673E-02   2.66432E-02  -3.88035E-03   2.09422E-02   8.41504E-03   7.13281E-03   1.76020E-02  -9.14773E-03   2.07816E-02  -2.15288E-02   1.71800E-02  -2.53251E-02   8.25301E-03  -1.92781E-02  -2.89550E-03  -5.97157E-03  -1.25526E-02   9.20892E-03  -1.75444E-02   2.01463E-02  -1.61337E-02   2.22718E-02  -8.40065E-03   1.41502E-02   4.01022E-03  -2.29097E-03   1.87316E-02  -2.30864E-02
 1.59100E+02   2.69629E-02  -1.73950E-02   2.30470E-02  -2.82528E-02   1.23920E-02  -3.11548E-02  -1.00893E-03  -2.39703E-02  -1.22881E-02  -9.18151E-03  -1.82554E-02   7.64610E-03  -1.92331E-02   2.15820E-02  -1.35811E-02   2.67839E-02  -3.14094E-03   2.10669E-02   8.10778E-03   7.16506E-03   1.63206E-02  -9.24749E-03   1.89490E-02  -2.17399E-02   1.54241E-02  -2.55715E-02   7.18447E-03  -1.94588E-02  -2.90406E-03  -6.00519E-03  -1.15080E-02   9.34679E-03  -1.58432E-02   2.04077E-02  -1.44390E-02   2.25506E-02  -7.43222E-03   1.43191E-02   3.68760E-03  -2.33740E-03   1.68279E-02  -2.34042E-02
 1.60200E+02   2.55920E-02  -1.70182E-02   2.16521E-02  -2.79856E-02   1.13773E-02  -3.10583E-02  -1.33636E-03  -2.40242E-02  -1.18442E-02  -9.30546E-03  -1.71970E-02   7.53972E-03  -1.78253E-02   2.15373E-02  -1.23118E-02   2.68158E-02  -2.49666E-03   2.11456E-02   7.86449E-03   7.23470E-03   1.52431E-02  -9.23584E-03   1.73921E-02  -2.18017E-02   1.39221E-02  -2.56808E-02   6.26191E-03  -1.95619E-02  -2.92310E-03  -6.04738E-03  -1.06238E-02   9.39326E-03  -1.43920E-02   2.05285E-02  -1.29879E-02   2.26929E-02  -6.59966E-03   1.44125E-02   3.41519E-03  -2.35431E-03   1.52005E-02  -2.35648E-02
 1.61400E+02   2.42434E-02  -1.64918E-02   2.02680E-02  -2.75864E-02   1.03566E-02  -3.08861E-02  -1.68293E-03  -2.40763E-02  -1.14221E-02  -9.49196E-03  -1.61518E-02   7.33445E-03  -1.64168E-02   2.13848E-02  -1.10274E-02   2.67688E-02  -1.82938E-03   2.12027E-02   7.64115E-03   7.34610E-03   1.41730E-02  -9.13472E-03   1.58264E-02  -2.17571E-02   1.23992E-02  -2.57018E-02   5.31636E-03  -1.96222E-02  -2.95645E-03  -6.10398E-03  -9.73861E-03   9.37566E-03  -1.29251E-02   2.05594E-02  -1.15149E-02   2.27524E-02  -5.75056E-03   1.44627E-02   3.14327E-03  -2.35073E-03   1.35515E-02  -2.36295E-02
 1.62500E+02   2.31377E-02  -1.59272E-02   1.91211E-02  -2.71444E-02   9.49698E-03  -3.06817E-02  -1.99187E-03  -2.41207E-02  -1.10908E-02  -9.70047E-03  -1.52908E-02   7.08255E-03  -1.52380E-02   2.11720E-02  -9.93786E-03   2.66690E-02  -1.24831E-03   2.12361E-02   7.47432E-03   7.47452E-03   1.32854E-02  -8.97891E-03   1.45080E-02  -2.16373E-02   1.11047E-02  -2.56524E-02   4.50251E-03  -1.96417E-02  -2.99866E-03  -6.16418E-03  -8.99723E-03   9.31098E-03  -1.16828E-02   2.05167E-02  -1.02609E-02   2.27400E-02  -5.02381E-03   1.44728E-02   2.91634E-03  -2.33173E-03   1.21507E-02  -2.36110E-02
 1.63700E+02   2.20670E-02  -1.52434E-02   1.79960E-02  -2.66001E-02   8.63732E-03  -3.04217E-02  -2.32077E-03  -2.41678E-02  -1.07876E-02  -9.96014E-03  -1.44521E-02   6.75486E-03  -1.40676E-02   2.08803E-02  -8.83914E-03   2.65149E-02  -6.44760E-04   2.12587E-02   7.33235E-03   7.63757E-03   1.24135E-02  -8.75666E-03   1.31898E-02  -2.14423E-02   9.79577E-03  -2.55435E-02   3.66790E-03  -1.96351E-02  -3.05746E-03  -6.23763E-03  -8.26050E-03   9.20047E-03  -1.04319E-02   2.04127E-02  -8.99087E-03   2.26726E-02  -4.28321E-03   1.44552E-02   2.69177E-03  -2.29799E-03   1.07356E-02  -2.35280E-02
 1.64900E+02   2.11291E-02  -1.45074E-02   1.69940E-02  -2.60087E-02   7.85321E-03  -3.01348E-02  -2.64286E-03  -2.42159E-02  -1.05425E-02  -1.02460E-02  -1.37119E-02   6.38603E-03  -1.30096E-02   2.05436E-02  -7.82670E-03   2.63277E-02  -6.92552E-05   2.12726E-02   7.23049E-03   7.81973E-03   1.16357E-02  -8.49383E-03   1.19873E-02  -2.11987E-02   8.58577E-03  -2.53940E-02   2.88343E-03  -1.96087E-02  -3.12957E-03  -6.31811E-03  -7.59360E-03   9.05924E-03  -9.28131E-03   2.02654E-02  -7.81435E-03   2.25651E-02  -3.59213E-03   1.44167E-02   2.48955E-03  -2.25413E-03   9.42855E-03  -2.33979E-02
 1.66100E+02   2.03147E-02  -1.37340E-02   1.61059E-02  -2.53845E-02   7.13821E-03  -2.98303E-02  -2.95995E-03  -2.42666E-02  -1.03520E-02  -1.05521E-02  -1.30632E-02   5.98755E-03  -1.20547E-02   2.01757E-02  -6.89249E-03   2.61189E-02   4.82144E-04   2.12825E-02   7.16695E-03   8.01699E-03   1.09448E-02  -8.20188E-03   1.08905E-02  -2.09216E-02   7.46499E-03  -2.52174E-02   2.14324E-03  -1.95702E-02  -3.21502E-03  -6.40468E-03  -6.99073E-03   8.89626E-03  -8.22146E-03   2.00885E-02  -6.72194E-03   2.24308E-02  -2.94520E-03   1.43645E-02   2.30787E-03  -2.20301E-03   8.21896E-03  -2.32358E-02
 1.67300E+02   1.96150E-02  -1.29351E-02   1.53227E-02  -2.47389E-02   6.48593E-03  -2.95156E-02  -3.27392E-03  -2.43212E-02  -1.02132E-02  -1.08736E-02  -1.24991E-02   5.56849E-03  -1.11938E-02   1.97877E-02  -6.02844E-03   2.58975E-02   1.01342E-03   2.12920E-02   7.14000E-03   8.22616E-03   1.03338E-02  -7.88983E-03   9.88933E-03  -2.06229E-02   6.42379E-03  -2.50244E-02   1.44141E-03  -1.95253E-02  -3.31385E-03  -6.49659E-03  -6.44611E-03   8.71861E-03  -7.24297E-03   1.98927E-02  -5.70423E-03   2.22799E-02  -2.33704E-03   1.43043E-02   2.14493E-03  -2.14689E-03   7.09624E-03  -2.30535E-02
 1.68500E+02   1.90212E-02  -1.21198E-02   1.46359E-02  -2.40805E-02   5.89024E-03  -2.91965E-02  -3.58661E-03  -2.43808E-02  -1.01232E-02  -1.12067E-02  -1.20129E-02   5.13586E-03  -1.04185E-02   1.93880E-02  -5.22680E-03   2.56704E-02   1.52848E-03   2.13039E-02   7.14809E-03   8.44474E-03   9.79608E-03  -7.56470E-03   8.97409E-03  -2.03118E-02   5.45279E-03  -2.48233E-02   7.72196E-04  -1.94788E-02  -3.42621E-03  -6.59319E-03  -5.95420E-03   8.53177E-03  -6.33672E-03   1.96863E-02  -4.75207E-03   2.21204E-02  -1.76237E-03   1.42404E-02   1.99903E-03  -2.08751E-03   6.05012E-03  -2.28601E-02
 1.69700E+02   1.85255E-02  -1.12953E-02   1.40373E-02  -2.34162E-02   5.34540E-03  -2.88772E-02  -3.89985E-03  -2.44460E-02  -1.00794E-02  -1.15485E-02  -1.15987E-02   4.69513E-03  -9.72048E-03   1.89831E-02  -4.48021E-03   2.54428E-02   2.03112E-03   2.13202E-02   7.18991E-03   8.67071E-03   9.32535E-03  -7.23193E-03   8.13571E-03  -1.99952E-02   4.54314E-03  -2.46204E-02   1.30052E-04  -1.94341E-02  -3.55231E-03  -6.69396E-03  -5.50984E-03   8.33999E-03  -5.49410E-03   1.94757E-02  -3.85680E-03   2.19585E-02  -1.21620E-03   1.41763E-02   1.86857E-03  -2.02622E-03   5.07088E-03  -2.26628E-02
 1.70900E+02   1.81208E-02  -1.04669E-02   1.35200E-02  -2.27510E-02   4.84611E-03  -2.85611E-02  -4.21545E-03  -2.45173E-02  -1.00797E-02  -1.18966E-02  -1.12509E-02   4.25049E-03  -9.09245E-03   1.85780E-02  -3.78188E-03   2.52189E-02   2.52498E-03   2.13424E-02   7.26439E-03   8.90245E-03   8.91601E-03  -6.89570E-03   7.36581E-03  -1.96785E-02   3.68655E-03  -2.44203E-02  -4.90264E-04  -1.93935E-02  -3.69246E-03  -6.79841E-03  -5.10828E-03   8.14649E-03  -4.70710E-03   1.92657E-02  -3.01029E-03   2.17986E-02  -6.93784E-04   1.41143E-02   1.75209E-03  -1.96407E-03   4.14942E-03  -2.24666E-02
 1.72200E+02   1.77780E-02  -9.56984E-03   1.30437E-02  -2.20340E-02   4.35104E-03  -2.82251E-02  -4.56208E-03  -2.46018E-02  -1.01277E-02  -1.22788E-02  -1.09435E-02   3.76810E-03  -8.48331E-03   1.81432E-02  -3.07251E-03   2.49837E-02   3.05412E-03   2.13742E-02   7.38103E-03   9.15851E-03   8.53604E-03  -6.53123E-03   6.60014E-03  -1.93399E-02   2.80958E-03  -2.42108E-02  -1.14338E-03  -1.93565E-02  -3.86063E-03  -6.91520E-03  -4.71657E-03   7.93776E-03  -3.90872E-03   1.90429E-02  -2.13951E-03   2.16316E-02  -1.49512E-04   1.40516E-02   1.64016E-03  -1.89667E-03   3.20661E-03  -2.22598E-02
 1.73400E+02   1.75440E-02  -8.74561E-03   1.26758E-02  -2.13786E-02   3.93171E-03  -2.79228E-02  -4.88827E-03  -2.46865E-02  -1.02144E-02  -1.26347E-02  -1.07195E-02   3.32480E-03  -7.98039E-03   1.77486E-02  -2.45509E-03   2.47757E-02   3.54070E-03   2.14115E-02   7.52135E-03   9.39831E-03   8.23917E-03  -6.19720E-03   5.94910E-03  -1.90347E-02   2.03957E-03  -2.40268E-02  -1.73382E-03  -1.93298E-02  -4.03150E-03  -7.02592E-03  -4.39086E-03   7.74786E-03  -3.21454E-03   1.88443E-02  -1.37094E-03   2.14856E-02   3.37318E-04   1.39991E-02   1.54876E-03  -1.83504E-03   2.37919E-03  -2.20772E-02
 1.74700E+02   1.73746E-02  -7.85966E-03   1.23491E-02  -2.06780E-02   3.51361E-03  -2.76052E-02  -5.25047E-03  -2.47855E-02  -1.03533E-02  -1.30221E-02  -1.05372E-02   2.84895E-03  -7.49360E-03   1.73307E-02  -1.82045E-03   2.45618E-02   4.06962E-03   2.14606E-02   7.70849E-03   9.66065E-03   7.97141E-03  -5.84011E-03   5.29676E-03  -1.87144E-02   1.24046E-03  -2.38393E-02  -2.36523E-03  -1.93100E-02  -4.23433E-03  -7.14849E-03  -4.07279E-03   7.54670E-03  -2.50150E-03   1.86389E-02  -5.68809E-04   2.13381E-02   8.52458E-04   1.39490E-02   1.46141E-03  -1.76942E-03   1.52074E-03  -2.18904E-02
 1.75900E+02   1.72918E-02  -7.05031E-03   1.21095E-02  -2.00420E-02   3.15736E-03  -2.73221E-02  -5.59483E-03  -2.48834E-02  -1.05221E-02  -1.33803E-02  -1.04215E-02   2.41532E-03  -7.09288E-03   1.69554E-02  -1.26113E-03   2.43759E-02   4.56284E-03   2.15140E-02   7.91374E-03   9.90421E-03   7.77049E-03  -5.51640E-03   4.73752E-03  -1.84298E-02   5.28778E-04  -2.36782E-02  -2.94495E-03  -1.93001E-02  -4.43870E-03  -7.26353E-03  -3.80807E-03   7.36624E-03  -1.87324E-03   1.84594E-02   1.49890E-04   2.12127E-02   1.32054E-03   1.39093E-02   1.39060E-03  -1.71026E-03   7.56297E-04  -2.17294E-02
 1.77200E+02   1.72783E-02  -6.18451E-03   1.19130E-02  -1.93658E-02   2.79991E-03  -2.70269E-02  -5.98081E-03  -2.49960E-02  -1.07488E-02  -1.37678E-02  -1.03504E-02   1.95306E-03  -6.70662E-03   1.65613E-02  -6.78677E-04   2.41874E-02   5.10615E-03   2.15802E-02   8.17169E-03   1.01685E-02   7.59967E-03  -5.17341E-03   4.17220E-03  -1.81345E-02  -2.20682E-04  -2.35172E-02  -3.57435E-03  -1.92985E-02  -4.67973E-03  -7.38957E-03  -3.54939E-03   7.17721E-03  -1.21891E-03   1.82766E-02   9.11566E-04   2.10887E-02   1.82368E-03   1.38734E-02   1.32359E-03  -1.64797E-03  -4.88206E-05  -2.15677E-02
 1.78500E+02   1.73414E-02  -5.33180E-03   1.17786E-02  -1.87043E-02   2.46872E-03  -2.67440E-02  -6.38244E-03  -2.51147E-02  -1.10212E-02  -1.41534E-02  -1.03332E-02   1.49987E-03  -6.36581E-03   1.61811E-02  -1.15682E-04   2.40126E-02   5.66248E-03   2.16544E-02   8.46743E-03   1.04321E-02   7.47478E-03  -4.83952E-03   3.64348E-03  -1.78532E-02  -9.54109E-04  -2.33702E-02  -4.20992E-03  -1.93056E-02  -4.94239E-03  -7.51630E-03  -3.31708E-03   6.99544E-03  -5.86008E-04   1.81059E-02   1.66209E-03   2.09770E-02   2.32674E-03   1.38444E-02   1.26585E-03  -1.58779E-03  -8.36991E-04  -2.14192E-02
 1.79800E+02   1.74790E-02  -4.49378E-03   1.17034E-02  -1.80586E-02   2.16071E-03  -2.64735E-02  -6.80202E-03  -2.52388E-02  -1.13397E-02  -1.45359E-02  -1.03684E-02   1.05694E-03  -6.06661E-03   1.58153E-02   4.32555E-04   2.38510E-02   6.23554E-03   2.17354E-02   8.80203E-03   1.06937E-02   7.39352E-03  -4.51571E-03   3.14627E-03  -1.75863E-02  -1.67760E-03  -2.32364E-02  -4.85642E-03  -1.93205E-02  -5.22810E-03  -7.64278E-03  -3.10854E-03   6.82131E-03   3.10455E-05   1.79470E-02   2.40770E-03   2.08766E-02   2.83368E-03   1.38218E-02   1.21663E-03  -1.52987E-03  -1.61494E-03  -2.12833E-02
 1.81100E+02   1.76898E-02  -3.67209E-03   1.16852E-02  -1.74297E-02   1.87314E-03  -2.62154E-02  -7.24192E-03  -2.53671E-02  -1.17052E-02  -1.49136E-02  -1.04545E-02   6.25458E-04  -5.80574E-03   1.54644E-02   9.70381E-04   2.37021E-02   6.82906E-03   2.18220E-02   9.17691E-03   1.09517E-02   7.35412E-03  -4.20288E-03   2.67599E-03  -1.73335E-02  -2.39690E-03  -2.31148E-02  -5.51844E-03  -1.93415E-02  -5.53843E-03  -7.76788E-03  -2.92155E-03   6.65504E-03   6.37435E-04   1.77992E-02   3.15429E-03   2.07863E-02   3.34835E-03   1.38044E-02   1.17534E-03  -1.47436E-03  -2.38900E-03  -2.11587E-02
 1.82400E+02   1.79733E-02  -2.86856E-03   1.17225E-02  -1.68187E-02   1.60360E-03  -2.59696E-02  -7.70456E-03  -2.54983E-02  -1.21192E-02  -1.52849E-02  -1.05910E-02   2.06736E-04  -5.58041E-03   1.51287E-02   1.50185E-03   2.35650E-02   7.44675E-03   2.19123E-02   9.59376E-03   1.12044E-02   7.35525E-03  -3.90196E-03   2.22851E-03  -1.70944E-02  -3.11741E-03  -2.30039E-02  -6.20055E-03  -1.93669E-02  -5.87509E-03  -7.89023E-03  -2.75417E-03   6.49676E-03   1.23801E-03   1.76614E-02   3.90750E-03   2.07044E-02   3.87445E-03   1.37908E-02   1.14146E-03  -1.42136E-03  -3.16518E-03  -2.10436E-02
 1.83700E+02   1.83296E-02  -2.08533E-03   1.18142E-02  -1.62268E-02   1.34993E-03  -2.57356E-02  -8.19245E-03  -2.56307E-02  -1.25831E-02  -1.56476E-02  -1.07776E-02  -1.97734E-04  -5.38830E-03   1.48084E-02   2.03075E-03   2.34383E-02   8.09235E-03   2.20041E-02   1.00546E-02   1.14495E-02   7.39597E-03  -3.61399E-03   1.80011E-03  -1.68684E-02  -3.84432E-03  -2.29016E-02  -6.90724E-03  -1.93941E-02  -6.23995E-03  -8.00821E-03  -2.60472E-03   6.34655E-03   1.83732E-03   1.75320E-02   4.67274E-03   2.06285E-02   4.41563E-03   1.37792E-02   1.11456E-03  -1.37100E-03  -3.94919E-03  -2.09359E-02
 1.85000E+02   1.87592E-02  -1.32497E-03   1.19598E-02  -1.56555E-02   1.11022E-03  -2.55132E-02  -8.70814E-03  -2.57625E-02  -1.30989E-02  -1.59990E-02  -1.10144E-02  -5.86175E-04  -5.22741E-03   1.45038E-02   2.56068E-03   2.33206E-02   8.76964E-03   2.20947E-02   1.05615E-02   1.16846E-02   7.47575E-03  -3.34016E-03   1.38741E-03  -1.66548E-02  -4.58259E-03  -2.28056E-02  -7.64298E-03  -1.94203E-02  -6.63500E-03  -8.11983E-03  -2.47175E-03   6.20443E-03   2.43968E-03   1.74092E-02   5.45526E-03   2.05558E-02   4.97545E-03   1.37675E-02   1.09429E-03  -1.32338E-03  -4.74653E-03  -2.08328E-02
 1.86300E+02   1.92632E-02  -5.90618E-04   1.21589E-02  -1.51066E-02   8.82758E-04  -2.53019E-02  -9.25426E-03  -2.58910E-02  -1.36688E-02  -1.63363E-02  -1.13020E-02  -9.56440E-04  -5.09613E-03   1.42152E-02   3.09502E-03   2.32101E-02   9.48240E-03   2.21809E-02   1.11170E-02   1.19065E-02   7.59433E-03  -3.08191E-03   9.87332E-04  -1.64525E-02  -5.33696E-03  -2.27127E-02  -8.41218E-03  -1.94419E-02  -7.06232E-03  -8.22274E-03  -2.35403E-03   6.07046E-03   3.04919E-03   1.72906E-02   6.26011E-03   2.04829E-02   5.55742E-03   1.37529E-02   1.08038E-03  -1.27864E-03  -5.56248E-03  -2.07309E-02
 1.87700E+02   1.98910E-02   1.66723E-04   1.24336E-02  -1.45431E-02   6.49736E-04  -2.50863E-02  -9.87943E-03  -2.60227E-02  -1.43458E-02  -1.66794E-02  -1.16693E-02  -1.33186E-03  -4.98630E-03   1.39228E-02   3.67908E-03   2.30966E-02   1.02940E-02   2.22644E-02   1.17726E-02   1.21264E-02   7.76543E-03  -2.82322E-03   5.67369E-04  -1.62460E-02  -6.17262E-03  -2.26123E-02  -9.28297E-03  -1.94553E-02  -7.56111E-03  -8.32055E-03  -2.24307E-03   5.93535E-03   3.71804E-03   1.71645E-02   7.15747E-03   2.03995E-02   6.21286E-03   1.37304E-02   1.07226E-03  -1.23387E-03  -6.46781E-03  -2.06180E-02
 1.89000E+02   2.05547E-02   8.33861E-04   1.27450E-02  -1.40485E-02   4.42984E-04  -2.48967E-02  -1.04972E-02  -2.61350E-02  -1.50358E-02  -1.69744E-02  -1.20650E-02  -1.65540E-03  -4.91243E-03   1.36690E-02   4.23263E-03   2.29937E-02   1.10924E-02   2.23283E-02   1.24373E-02   1.23082E-02   7.96484E-03  -2.60333E-03   1.84787E-04  -1.60633E-02  -6.97481E-03  -2.25141E-02  -1.01355E-02  -1.94530E-02  -8.06245E-03  -8.39568E-03  -2.15374E-03   5.81851E-03   4.35457E-03   1.70456E-02   8.02413E-03   2.03125E-02   6.85168E-03   1.36992E-02   1.07091E-03  -1.19570E-03  -7.33835E-03  -2.05050E-02
 1.90400E+02   2.13587E-02   1.50671E-03   1.31418E-02  -1.35506E-02   2.29252E-04  -2.47032E-02  -1.12055E-02  -2.62403E-02  -1.58481E-02  -1.72605E-02  -1.25512E-02  -1.97229E-03  -4.86208E-03   1.34157E-02   4.84416E-03   2.28821E-02   1.20046E-02   2.23760E-02   1.32166E-02   1.24734E-02   8.22364E-03  -2.39147E-03  -2.22004E-04  -1.58747E-02  -7.87177E-03  -2.23973E-02  -1.11056E-02  -1.94278E-02  -8.64598E-03  -8.45491E-03  -2.07137E-03   5.70215E-03   5.06074E-03   1.69110E-02   8.99862E-03   2.02016E-02   7.57583E-03   1.36492E-02   1.07594E-03  -1.15855E-03  -8.31336E-03  -2.03681E-02
 1.91800E+02   2.22575E-02   2.12382E-03   1.36029E-02  -1.30938E-02   2.34393E-05  -2.45203E-02  -1.19613E-02  -2.63237E-02  -1.67348E-02  -1.75060E-02  -1.31011E-02  -2.25076E-03  -4.84104E-03   1.31844E-02   5.47478E-03   2.27654E-02   1.29753E-02   2.23940E-02   1.40647E-02   1.25993E-02   8.52857E-03  -2.20931E-03  -6.25929E-04  -1.56923E-02  -8.80754E-03  -2.22620E-02  -1.21343E-02  -1.93705E-02  -9.27721E-03  -8.48581E-03  -2.00248E-03   5.59588E-03   5.79212E-03   1.67643E-02   1.00207E-02   2.00649E-02   8.34106E-03   1.35759E-02   1.08758E-03  -1.12589E-03  -9.33229E-03  -2.02074E-02
 1.93200E+02   2.32531E-02   2.67484E-03   1.41292E-02  -1.26844E-02  -1.75671E-04  -2.43471E-02  -1.27673E-02  -2.63779E-02  -1.76987E-02  -1.77013E-02  -1.37157E-02  -2.48382E-03  -4.84842E-03   1.29767E-02   6.12729E-03   2.26387E-02   1.40079E-02   2.23728E-02   1.49843E-02   1.26763E-02   8.87997E-03  -2.06160E-03  -1.02929E-03  -1.55138E-02  -9.78618E-03  -2.20997E-02  -1.32255E-02  -1.92707E-02  -9.95824E-03  -8.48125E-03  -1.94630E-03   5.50010E-03   6.55211E-03   1.65990E-02   1.10948E-02   1.98924E-02   9.15046E-03   1.34716E-02   1.10568E-03  -1.09821E-03  -1.03996E-02  -2.00132E-02
 1.94600E+02   2.43467E-02   3.14747E-03   1.47207E-02  -1.23299E-02  -3.69151E-04  -2.41829E-02  -1.36253E-02  -2.63946E-02  -1.87415E-02  -1.78352E-02  -1.43957E-02  -2.66318E-03  -4.88328E-03   1.27947E-02   6.80397E-03   2.24963E-02   1.51052E-02   2.23013E-02   1.59771E-02   1.26933E-02   9.27788E-03  -1.95395E-03  -1.43403E-03  -1.53365E-02  -1.08109E-02  -2.19007E-02  -1.43823E-02  -1.91164E-02  -1.06906E-02  -8.43292E-03  -1.90208E-03   5.41533E-03   7.34338E-03   1.64078E-02   1.22242E-02   1.96729E-02   1.00064E-02   1.33274E-02   1.13009E-03  -1.07611E-03  -1.15189E-02  -1.97744E-02
 1.96000E+02   2.55381E-02   3.52734E-03   1.53769E-02  -1.20392E-02  -5.57935E-04  -2.40270E-02  -1.45363E-02  -2.63643E-02  -1.98637E-02  -1.78946E-02  -1.51409E-02  -2.77912E-03  -4.94459E-03   1.26407E-02   7.50636E-03   2.23316E-02   1.62685E-02   2.21666E-02   1.70439E-02   1.26374E-02   9.72180E-03  -1.89298E-03  -1.84171E-03  -1.51573E-02  -1.18837E-02  -2.16538E-02  -1.56063E-02  -1.88938E-02  -1.14749E-02  -8.33119E-03  -1.86908E-03   5.34223E-03   8.16770E-03   1.61822E-02   1.34109E-02   1.93934E-02   1.09102E-02   1.31329E-02   1.16062E-03  -1.06029E-03  -1.26922E-02  -1.94784E-02
 1.97400E+02   2.68253E-02   3.79793E-03   1.60962E-02  -1.18223E-02  -7.42812E-04  -2.38785E-02  -1.55000E-02  -2.62759E-02  -2.10641E-02  -1.78647E-02  -1.59498E-02  -2.82053E-03  -5.03100E-03   1.25176E-02   8.23509E-03   2.21373E-02   1.74976E-02   2.19543E-02   1.81835E-02   1.24940E-02   1.02103E-02  -1.88627E-03  -2.25339E-03  -1.49729E-02  -1.30049E-02  -2.13463E-02  -1.68972E-02  -1.85870E-02  -1.23104E-02  -8.16507E-03  -1.84654E-03   5.28161E-03   9.02560E-03   1.59125E-02   1.46553E-02   1.90389E-02   1.18617E-02   1.28764E-02   1.19699E-03  -1.05156E-03  -1.39198E-02  -1.91105E-02
 1.98800E+02   2.82038E-02   3.94065E-03   1.68751E-02  -1.16908E-02  -9.24425E-04  -2.37366E-02  -1.65142E-02  -2.61171E-02  -2.23391E-02  -1.77286E-02  -1.68190E-02  -2.77484E-03  -5.14075E-03   1.24288E-02   8.98952E-03   2.19051E-02   1.87896E-02   2.16482E-02   1.93924E-02   1.22464E-02   1.07409E-02  -1.94239E-03  -2.66955E-03  -1.47796E-02  -1.41729E-02  -2.09641E-02  -1.82523E-02  -1.81786E-02  -1.31946E-02  -7.92226E-03  -1.83354E-03   5.23443E-03   9.91601E-03   1.55881E-02   1.59548E-02   1.85931E-02   1.28589E-02   1.25450E-02   1.23879E-03  -1.05085E-03  -1.51998E-02  -1.86547E-02
 2.00200E+02   2.96650E-02   3.93507E-03   1.77082E-02  -1.16572E-02  -1.10325E-03  -2.36004E-02  -1.75745E-02  -2.58747E-02  -2.36819E-02  -1.74680E-02  -1.77428E-02  -2.62830E-03  -5.27143E-03   1.23779E-02   9.76744E-03   2.16262E-02   2.01387E-02   2.12303E-02   2.06639E-02   1.18768E-02   1.13094E-02  -2.07075E-03  -3.08996E-03  -1.45735E-02  -1.53832E-02  -2.04917E-02  -1.96651E-02  -1.76494E-02  -1.41226E-02  -7.58933E-03  -1.82904E-03   5.20177E-03   1.08358E-02   1.51975E-02   1.73041E-02   1.80379E-02   1.38972E-02   1.21243E-02   1.28544E-03  -1.05918E-03  -1.65268E-02  -1.80935E-02
 2.01700E+02   3.13079E-02   3.73989E-03   1.86512E-02  -1.17452E-02  -1.29211E-03  -2.34598E-02  -1.87531E-02  -2.55059E-02  -2.51832E-02  -1.70286E-02  -1.87832E-02  -2.34278E-03  -5.43097E-03   1.23700E-02   1.06222E-02   2.12649E-02   2.16363E-02   2.06374E-02   2.20835E-02   1.13236E-02   1.19531E-02  -2.29980E-03  -3.54382E-03  -1.43338E-02  -1.67180E-02  -1.98672E-02  -2.12309E-02  -1.69253E-02  -1.51564E-02  -7.11645E-03  -1.83215E-03   5.18422E-03   1.18473E-02   1.46914E-02   1.87942E-02   1.73002E-02   1.50464E-02   1.15575E-02   1.33989E-03  -1.07939E-03  -1.79904E-02  -1.73542E-02
 2.03100E+02   3.28936E-02   3.35782E-03   1.95658E-02  -1.19575E-02  -1.46593E-03  -2.33326E-02  -1.98809E-02  -2.50448E-02  -2.66259E-02  -1.64480E-02  -1.97880E-02  -1.94060E-03  -5.59354E-03   1.24104E-02   1.14329E-02   2.08593E-02   2.30672E-02   1.99283E-02   2.34453E-02   1.06400E-02   1.25770E-02  -2.60976E-03  -3.96836E-03  -1.40880E-02  -1.79865E-02  -1.91565E-02  -2.27242E-02  -1.60810E-02  -1.61461E-02  -6.55138E-03  -1.84072E-03   5.18540E-03   1.28063E-02   1.41244E-02   2.02112E-02   1.64580E-02   1.61410E-02   1.09040E-02   1.39371E-03  -1.10996E-03  -1.93808E-02  -1.65155E-02
 2.04600E+02   3.46193E-02   2.71007E-03   2.05639E-02  -1.23395E-02  -1.64941E-03  -2.31996E-02  -2.11013E-02  -2.44098E-02  -2.81906E-02  -1.56218E-02  -2.08809E-02  -1.34802E-03  -5.77589E-03   1.25092E-02   1.23044E-02   2.03411E-02   2.46120E-02   1.89810E-02   2.49188E-02   9.70710E-03   1.32559E-02  -3.05610E-03  -4.42033E-03  -1.37966E-02  -1.93502E-02  -1.82398E-02  -2.43328E-02  -1.49735E-02  -1.72143E-02  -5.79756E-03  -1.85366E-03   5.20681E-03   1.38352E-02   1.34017E-02   2.17341E-02   1.53698E-02   1.73184E-02   1.00538E-02   1.45292E-03  -1.15649E-03  -2.08739E-02  -1.54371E-02
 2.06100E+02   3.63334E-02   1.79463E-03   2.15558E-02  -1.28943E-02  -1.82964E-03  -2.30693E-02  -2.23097E-02  -2.36149E-02  -2.97404E-02  -1.45653E-02  -2.19640E-02  -5.73943E-04  -5.95829E-03   1.26695E-02   1.31640E-02   1.97272E-02   2.61369E-02   1.78212E-02   2.63737E-02   8.54814E-03   1.39273E-02  -3.63036E-03  -4.86375E-03  -1.34720E-02  -2.06920E-02  -1.71470E-02  -2.59159E-02  -1.36362E-02  -1.82661E-02  -4.87636E-03  -1.86752E-03   5.25021E-03   1.48456E-02   1.25481E-02   2.32301E-02   1.40710E-02   1.84752E-02   9.03368E-03   1.51155E-03  -1.21833E-03  -2.23398E-02  -1.41544E-02
 2.07600E+02   3.79868E-02   5.97153E-04   2.25105E-02  -1.36309E-02  -2.00593E-03  -2.29409E-02  -2.34756E-02  -2.26509E-02  -3.12325E-02  -1.32656E-02  -2.30042E-02   3.91325E-04  -6.13045E-03   1.28936E-02   1.39926E-02   1.90112E-02   2.76018E-02   1.64363E-02   2.77679E-02   7.15035E-03   1.45680E-02  -4.33917E-03  -5.29136E-03  -1.31115E-02  -2.19780E-02  -1.58669E-02  -2.74302E-02  -1.20556E-02  -1.92700E-02  -3.77820E-03  -1.87876E-03   5.31631E-03   1.58123E-02   1.15552E-02   2.46594E-02   1.25487E-02   1.95795E-02   7.83347E-03   1.56690E-03  -1.29620E-03  -2.37396E-02  -1.26551E-02
 2.09100E+02   3.95226E-02  -8.85717E-04   2.33920E-02  -1.45511E-02  -2.17738E-03  -2.28140E-02  -2.45635E-02  -2.15152E-02  -3.26170E-02  -1.17195E-02  -2.39631E-02   1.55009E-03  -6.28058E-03   1.31821E-02   1.47681E-02   1.81913E-02   2.89596E-02   1.48229E-02   2.90527E-02   5.51042E-03   1.51514E-02  -5.18408E-03  -5.69455E-03  -1.27139E-02  -2.31688E-02  -1.43964E-02  -2.88253E-02  -1.02277E-02  -2.01902E-02  -2.50057E-03  -1.88338E-03   5.40517E-03   1.67059E-02   1.04205E-02   2.59753E-02   1.07992E-02   2.05939E-02   6.45035E-03   1.61589E-03  -1.39024E-03  -2.50282E-02  -1.09354E-02
 2.10600E+02   4.08792E-02  -2.64283E-03   2.41614E-02  -1.56478E-02  -2.34291E-03  -2.26886E-02  -2.55348E-02  -2.02144E-02  -3.38398E-02  -9.93643E-03  -2.47990E-02   2.89490E-03  -6.39599E-03   1.35325E-02   1.54662E-02   1.72715E-02   3.01596E-02   1.29898E-02   3.01750E-02   3.63756E-03   1.56484E-02  -6.15995E-03  -6.06386E-03  -1.22807E-02  -2.42213E-02  -1.27426E-02  -3.00463E-02  -8.16198E-03  -2.09872E-02  -1.05016E-03  -1.87708E-03   5.51594E-03   1.74943E-02   9.14929E-03   2.71271E-02   8.83100E-03   2.14778E-02   4.89111E-03   1.65516E-03  -1.49986E-03  -2.61562E-02  -9.00364E-03
 2.12100E+02   4.19946E-02  -4.64595E-03   2.47796E-02  -1.69033E-02  -2.50143E-03  -2.25653E-02  -2.63507E-02  -1.87662E-02  -3.48464E-02  -7.94115E-03  -2.54700E-02   4.40683E-03  -6.46396E-03   1.39390E-02   1.60625E-02   1.62627E-02   3.11505E-02   1.09600E-02   3.10815E-02   1.55570E-03   1.60301E-02  -7.25374E-03  -6.38975E-03  -1.18162E-02  -2.50925E-02  -1.09250E-02  -3.10380E-02  -5.88299E-03  -2.16215E-02   5.55375E-04  -1.85559E-03   5.64669E-03   1.81452E-02   7.75603E-03   2.80637E-02   6.66680E-03   2.21905E-02   3.17392E-03   1.68139E-03  -1.62355E-03  -2.70741E-02  -6.88178E-03
 2.13600E+02   4.28126E-02  -6.84890E-03   2.52112E-02  -1.82884E-02  -2.65196E-03  -2.24448E-02  -2.69760E-02  -1.71996E-02  -3.55875E-02  -5.77407E-03  -2.59383E-02   6.05487E-03  -6.47288E-03   1.43923E-02   1.65349E-02   1.51833E-02   3.18857E-02   8.77158E-03   3.17239E-02  -6.95747E-04   1.62701E-02  -8.44410E-03  -6.66354E-03  -1.13275E-02  -2.57429E-02  -8.97550E-03  -3.17503E-02  -3.43151E-03  -2.20574E-02   2.28698E-03  -1.81497E-03   5.79439E-03   1.86293E-02   6.26461E-03   2.87389E-02   4.34429E-03   2.26948E-02   1.32888E-03   1.69150E-03  -1.75890E-03  -2.77367E-02  -4.60646E-03
 2.15200E+02   4.33078E-02  -9.34837E-03   2.54344E-02  -1.98644E-02  -2.80293E-03  -2.23211E-02  -2.74020E-02  -1.54423E-02  -3.60418E-02  -3.33515E-03  -2.61806E-02   7.91539E-03  -6.40701E-03   1.49133E-02   1.68829E-02   1.39821E-02   3.23472E-02   6.32075E-03   3.20752E-02  -3.22380E-03   1.63464E-02  -9.78764E-03  -6.89066E-03  -1.07910E-02  -2.61588E-02  -6.80012E-03  -3.21579E-02  -6.89144E-04  -2.22717E-02   4.22835E-03  -1.74704E-03   5.96603E-03   1.89360E-02   4.60243E-03   2.91299E-02   1.75044E-03   2.29703E-02  -7.33829E-04   1.68182E-03  -1.91240E-03  -2.81224E-02  -2.06669E-03
 2.16700E+02   4.33909E-02  -1.17530E-02   2.54040E-02  -2.13847E-02  -2.93523E-03  -2.22113E-02  -2.75584E-02  -1.37638E-02  -3.61285E-02  -9.98600E-04  -2.61482E-02   9.70281E-03  -6.26866E-03   1.54213E-02   1.70524E-02   1.28407E-02   3.24549E-02   3.97929E-03   3.20679E-02  -5.64482E-03   1.62365E-02  -1.10799E-02  -7.03880E-03  -1.02863E-02  -2.62694E-02  -4.72610E-03  -3.21855E-02   1.93115E-03  -2.22202E-02   6.08688E-03  -1.65820E-03   6.13506E-03   1.90127E-02   3.01860E-03   2.91655E-02  -7.25574E-04   2.29646E-02  -2.70455E-03   1.65201E-03  -2.06074E-03  -2.81612E-02   3.56903E-04
 2.18300E+02   4.30688E-02  -1.42914E-02   2.51130E-02  -2.29942E-02  -3.06683E-03  -2.21029E-02  -2.74638E-02  -1.19984E-02  -3.58556E-02   1.46619E-03  -2.58334E-02   1.15936E-02  -6.03797E-03   1.59656E-02   1.70650E-02   1.16440E-02   3.22198E-02   1.51138E-03   3.16971E-02  -8.20270E-03   1.59231E-02  -1.24508E-02  -7.12762E-03  -9.76111E-03  -2.60866E-02  -2.54153E-03  -3.18328E-02   4.69678E-03  -2.18929E-02   8.05205E-03  -1.53592E-03   6.31810E-03   1.88679E-02   1.35023E-03   2.88468E-02  -3.33797E-03   2.26739E-02  -4.78552E-03   1.59771E-03  -2.21888E-03  -2.78548E-02   2.91365E-03
 2.19900E+02   4.23452E-02  -1.67108E-02   2.45690E-02  -2.45336E-02  -3.18966E-03  -2.20056E-02  -2.71142E-02  -1.03164E-02  -3.52256E-02   3.82204E-03  -2.52445E-02   1.34066E-02  -5.72535E-03   1.64943E-02   1.69138E-02   1.05053E-02   3.16426E-02  -8.49917E-04   3.09711E-02  -1.06567E-02   1.54173E-02  -1.37714E-02  -7.14939E-03  -9.26421E-03  -2.56101E-02  -4.49903E-04  -3.11063E-02   7.35054E-03  -2.12986E-02   9.94136E-03  -1.38626E-03   6.49808E-03   1.85014E-02  -2.48326E-04   2.81791E-02  -5.84523E-03   2.21043E-02  -6.78443E-03   1.52123E-03  -2.37214E-03  -2.72079E-02   5.36762E-03
 2.21500E+02   4.12678E-02  -1.89305E-02   2.38016E-02  -2.59522E-02  -3.30536E-03  -2.19212E-02  -2.65402E-02  -8.76892E-03  -3.42807E-02   5.99805E-03  -2.44132E-02   1.50876E-02  -5.33955E-03   1.69913E-02   1.66185E-02   9.45687E-03   3.07634E-02  -3.03773E-03   2.99306E-02  -1.29377E-02   1.47404E-02  -1.50046E-02  -7.11258E-03  -8.80862E-03  -2.48737E-02   1.49216E-03  -3.00484E-02   9.82066E-03  -2.04674E-02   1.17037E-02  -1.21179E-03   6.66980E-03   1.79386E-02  -1.73479E-03   2.72017E-02  -8.18089E-03   2.12874E-02  -8.64827E-03   1.42491E-03  -2.51629E-03  -2.62592E-02   7.65417E-03
 2.23100E+02   3.99017E-02  -2.08898E-02   2.28513E-02  -2.72120E-02  -3.41606E-03  -2.18511E-02  -2.57834E-02  -7.39405E-03  -3.30782E-02   7.94087E-03  -2.33828E-02   1.65957E-02  -4.89278E-03   1.74446E-02   1.62061E-02   8.52296E-03   2.96368E-02  -5.00175E-03   2.86314E-02  -1.49936E-02   1.39219E-02  -1.61222E-02  -7.02857E-03  -8.40406E-03  -2.39240E-02   3.24214E-03  -2.87174E-02   1.20532E-02  -1.94401E-02   1.33008E-02  -1.01619E-03   6.82933E-03   1.72143E-02  -3.07738E-03   2.59689E-02  -1.02950E-02   2.02659E-02  -1.03372E-02   1.31197E-03  -2.64816E-03  -2.50611E-02   9.72473E-03
 2.24700E+02   3.83212E-02  -2.25509E-02   2.17643E-02  -2.82891E-02  -3.52409E-03  -2.17959E-02  -2.48912E-02  -6.21549E-03  -3.16838E-02   9.61743E-03  -2.22031E-02   1.79057E-02  -4.39897E-03   1.78466E-02   1.57073E-02   7.71850E-03   2.83249E-02  -6.71090E-03   2.71369E-02  -1.67923E-02   1.29956E-02  -1.71069E-02  -6.91022E-03  -8.05649E-03  -2.28137E-02   4.77379E-03  -2.71796E-02   1.40147E-02  -1.82637E-02   1.47086E-02  -8.03692E-04   6.97418E-03   1.63680E-02  -4.25653E-03   2.45421E-02  -1.21567E-02   1.90887E-02  -1.18265E-02   1.18613E-03  -2.76575E-03  -2.36735E-02   1.15493E-02
 2.26300E+02   3.66009E-02  -2.38986E-02   2.05873E-02  -2.91739E-02  -3.63182E-03  -2.17560E-02  -2.39116E-02  -5.24269E-03  -3.01633E-02   1.10145E-02  -2.09238E-02   1.90074E-02  -3.87221E-03   1.81941E-02   1.51528E-02   7.04934E-03   2.68901E-02  -8.15279E-03   2.55113E-02  -1.83208E-02   1.19952E-02  -1.79515E-02  -6.77046E-03  -7.76813E-03  -2.15961E-02   6.07676E-03  -2.55019E-02   1.56921E-02  -1.69851E-02   1.59179E-02  -5.78561E-04   7.10329E-03   1.54394E-02  -5.26453E-03   2.29832E-02  -1.37538E-02   1.78051E-02  -1.31066E-02   1.05110E-03  -2.86824E-03  -2.21568E-02   1.31161E-02
 2.27900E+02   3.48098E-02  -2.49367E-02   1.93632E-02  -2.98687E-02  -3.74147E-03  -2.17310E-02  -2.28885E-02  -4.47301E-03  -2.85776E-02   1.21355E-02  -1.95910E-02   1.99033E-02  -3.32536E-03   1.84878E-02   1.45711E-02   6.51363E-03   2.53902E-02  -9.33096E-03   2.38135E-02  -1.95827E-02   1.09519E-02  -1.86579E-02  -6.62130E-03  -7.53809E-03  -2.03201E-02   7.15417E-03  -2.37454E-02   1.70891E-02  -1.56476E-02   1.69311E-02  -3.44668E-04   7.21680E-03   1.44651E-02  -6.10375E-03   2.13493E-02  -1.50900E-02   1.64601E-02  -1.41802E-02   9.10304E-04  -2.95583E-03  -2.05662E-02   1.44287E-02
 2.29600E+02   3.28947E-02  -2.57208E-02   1.80517E-02  -3.04115E-02  -3.86230E-03  -2.17201E-02  -2.17959E-02  -3.86460E-03  -2.68793E-02   1.30424E-02  -1.81599E-02   2.06434E-02  -2.73445E-03   1.87446E-02   1.39504E-02   6.08207E-03   2.37800E-02  -1.03112E-02   2.19863E-02  -2.06492E-02   9.82591E-03  -1.92663E-02  -6.46402E-03  -7.35389E-03  -1.89469E-02   8.06673E-03  -2.18514E-02   1.82849E-02  -1.42030E-02   1.78062E-02  -9.01448E-05   7.32149E-03   1.34145E-02  -6.82172E-03   1.95849E-02  -1.62412E-02   1.50068E-02  -1.51085E-02   7.57587E-04  -3.03359E-03  -1.88480E-02   1.55617E-02
 2.31200E+02   3.11301E-02  -2.61878E-02   1.68375E-02  -3.07565E-02  -3.98187E-03  -2.17237E-02  -2.07940E-02  -3.47042E-03  -2.53114E-02   1.36542E-02  -1.68313E-02   2.11604E-02  -2.17790E-03   1.89398E-02   1.33843E-02   5.79338E-03   2.22899E-02  -1.10028E-02   2.02864E-02  -2.14199E-02   8.77144E-03  -1.97185E-02  -6.32590E-03  -7.23214E-03  -1.76729E-02   8.72801E-03  -2.00860E-02   1.91653E-02  -1.28517E-02   1.84586E-02   1.52515E-04   7.40674E-03   1.24373E-02  -7.34966E-03   1.79379E-02  -1.70965E-02   1.36480E-02  -1.58018E-02   6.13263E-04  -3.09386E-03  -1.72434E-02   1.64057E-02
 2.32900E+02   2.93347E-02  -2.64328E-02   1.55932E-02  -3.09698E-02  -4.11674E-03  -2.17411E-02  -1.97828E-02  -3.21758E-03  -2.37126E-02   1.40800E-02  -1.54652E-02   2.15434E-02  -1.59299E-03   1.91051E-02   1.28184E-02   5.59622E-03   2.07666E-02  -1.15232E-02   1.85344E-02  -2.20232E-02   7.67385E-03  -2.00881E-02  -6.19687E-03  -7.15122E-03  -1.63667E-02   9.24722E-03  -1.82631E-02   1.98736E-02  -1.14488E-02   1.89937E-02   4.11788E-04   7.48538E-03   1.14319E-02  -7.77345E-03   1.62345E-02  -1.77937E-02   1.22390E-02  -1.63714E-02   4.61092E-04  -3.14606E-03  -1.55828E-02   1.70965E-02
 2.34600E+02   2.76486E-02  -2.64584E-02   1.44127E-02  -3.10497E-02  -4.26105E-03  -2.17713E-02  -1.88445E-02  -3.11057E-03  -2.22072E-02   1.43098E-02  -1.41638E-02   2.17817E-02  -1.01916E-03   1.92343E-02   1.23012E-02   5.49569E-03   1.93279E-02  -1.18559E-02   1.68611E-02  -2.24382E-02   6.61128E-03  -2.03614E-02  -6.09144E-03  -7.11338E-03  -1.51287E-02   9.60569E-03  -1.65183E-02   2.03835E-02  -1.00961E-02   1.93909E-02   6.71500E-04   7.55405E-03   1.04750E-02  -8.07706E-03   1.46008E-02  -1.83062E-02   1.08831E-02  -1.67952E-02   3.11288E-04  -3.18805E-03  -1.39893E-02   1.76070E-02
 2.36300E+02   2.60891E-02  -2.63030E-02   1.33065E-02  -3.10204E-02  -4.41593E-03  -2.18130E-02  -1.79905E-02  -3.12477E-03  -2.08101E-02   1.43774E-02  -1.29379E-02   2.19010E-02  -4.58746E-04   1.93348E-02   1.18402E-02   5.47587E-03   1.79879E-02  -1.20333E-02   1.52802E-02  -2.26981E-02   5.59039E-03  -2.05561E-02  -6.01323E-03  -7.11194E-03  -1.39710E-02   9.83101E-03  -1.48660E-02   2.07296E-02  -8.80327E-03   1.96746E-02   9.31310E-04   7.61496E-03   9.57513E-03  -8.28115E-03   1.30501E-02  -1.86659E-02   9.59049E-03  -1.70986E-02   1.64442E-04  -3.22177E-03  -1.24756E-02   1.79688E-02
 2.38000E+02   2.46645E-02  -2.60015E-02   1.22794E-02  -3.09034E-02  -4.58238E-03  -2.18651E-02  -1.72269E-02  -3.23774E-03  -1.95290E-02   1.43139E-02  -1.17926E-02   2.19247E-02   8.76670E-05   1.94131E-02   1.14398E-02   5.52226E-03   1.67536E-02  -1.20847E-02   1.37980E-02  -2.28331E-02   4.61376E-03  -2.06881E-02  -5.96452E-03  -7.14075E-03  -1.28993E-02   9.94824E-03  -1.33126E-02   2.09433E-02  -7.57427E-03   1.98671E-02   1.19147E-03   7.67011E-03   8.73667E-03  -8.40443E-03   1.15882E-02  -1.89021E-02   8.36560E-03  -1.73049E-02   2.06779E-05  -3.24898E-03  -1.10474E-02   1.82101E-02
 2.39700E+02   2.33772E-02  -2.55847E-02   1.13323E-02  -3.07180E-02  -4.76125E-03  -2.19267E-02  -1.65556E-02  -3.42979E-03  -1.83657E-02   1.41463E-02  -1.07286E-02   2.18733E-02   6.20780E-04   1.94748E-02   1.11016E-02   5.62207E-03   1.56270E-02  -1.20360E-02   1.24156E-02  -2.28695E-02   3.68101E-03  -2.07711E-02  -5.94660E-03  -7.19436E-03  -1.19151E-02   9.97932E-03  -1.18590E-02   2.10521E-02  -6.40908E-03   1.99875E-02   1.45267E-03   7.72114E-03   7.96044E-03  -8.46331E-03   1.02158E-02  -1.90403E-02   7.20860E-03  -1.74341E-02  -1.20231E-04  -3.27117E-03  -9.70538E-03   1.83556E-02
 2.41400E+02   2.22254E-02  -2.50784E-02   1.04635E-02  -3.04801E-02  -4.95336E-03  -2.19965E-02  -1.59761E-02  -3.68408E-03  -1.73185E-02   1.38978E-02  -9.74391E-03   2.17641E-02   1.14221E-03   1.95248E-02   1.08258E-02   5.76432E-03   1.46061E-02  -1.19090E-02   1.11298E-02  -2.28294E-02   2.78966E-03  -2.08169E-02  -5.96010E-03  -7.26803E-03  -1.10168E-02   9.94292E-03  -1.05021E-02   2.10793E-02  -5.30478E-03   2.00523E-02   1.71593E-03   7.76937E-03   7.24498E-03  -8.47172E-03   8.92982E-03  -1.91019E-02   6.11672E-03  -1.75034E-02  -2.58757E-04  -3.28958E-03  -8.44637E-03   1.84265E-02
 2.43200E+02   2.11483E-02  -2.44692E-02   9.62502E-03  -3.01861E-02  -5.17207E-03  -2.20786E-02  -1.54601E-02  -4.00547E-03  -1.63316E-02   1.35679E-02  -8.78315E-03   2.16014E-02   1.68407E-03   1.95691E-02   1.06006E-02   5.95088E-03   1.36359E-02  -1.17097E-02   9.86801E-03  -2.27242E-02   1.88673E-03  -2.08352E-02  -6.00892E-03  -7.36337E-03  -1.01550E-02   9.84812E-03  -9.16431E-03   2.10404E-02  -4.19659E-03   2.00749E-02   1.99833E-03   7.81851E-03   6.55038E-03  -8.43846E-03   7.65624E-03  -1.91036E-02   5.02633E-03  -1.75271E-02  -4.03550E-04  -3.30605E-03  -7.19784E-03   1.84393E-02
 2.44900E+02   2.02591E-02  -2.38434E-02   8.90539E-03  -2.98801E-02  -5.39396E-03  -2.21629E-02  -1.50615E-02  -4.34597E-03  -1.55089E-02   1.32098E-02  -7.94773E-03   2.14157E-02   2.18893E-03   1.96059E-02   1.04495E-02   6.15290E-03   1.28185E-02  -1.14759E-02   8.76316E-03  -2.25813E-02   1.06762E-03  -2.08321E-02  -6.08768E-03  -7.46609E-03  -9.42065E-03   9.71881E-03  -7.98669E-03   2.09562E-02  -3.20142E-03   2.00641E-02   2.26999E-03   7.86379E-03   5.94980E-03  -8.37715E-03   6.52931E-03  -1.90601E-02   4.05240E-03  -1.75143E-02  -5.39313E-04  -3.31953E-03  -6.09136E-03   1.84073E-02
 2.46700E+02   1.94454E-02  -2.31439E-02   8.21428E-03  -2.95360E-02  -5.64610E-03  -2.22583E-02  -1.47293E-02  -4.73472E-03  -1.47465E-02   1.27960E-02  -7.13295E-03   2.11957E-02   2.71942E-03   1.96418E-02   1.03527E-02   6.38683E-03   1.20509E-02  -1.11940E-02   7.67679E-03  -2.23974E-02   2.30110E-04  -2.08137E-02  -6.20566E-03  -7.58487E-03  -8.72115E-03   9.55145E-03  -6.82159E-03   2.08307E-02  -2.19476E-03   2.00282E-02   2.56461E-03   7.91094E-03   5.36772E-03  -8.28915E-03   5.40773E-03  -1.89794E-02   3.07294E-03  -1.74737E-02  -6.82954E-04  -3.33222E-03  -4.98820E-03   1.83392E-02
 2.48500E+02   1.87552E-02  -2.24200E-02   7.59015E-03  -2.91793E-02  -5.91703E-03  -2.23589E-02  -1.44854E-02  -5.14334E-03  -1.40885E-02   1.23585E-02  -6.38316E-03   2.09600E-02   3.24925E-03   1.96763E-02   1.03188E-02   6.63508E-03   1.13768E-02  -1.08879E-02   6.66725E-03  -2.21907E-02  -5.83016E-04  -2.07849E-02  -6.35927E-03  -7.71082E-03  -8.09556E-03   9.36230E-03  -5.73092E-03   2.06791E-02  -1.22861E-03   1.99745E-02   2.86833E-03   7.95737E-03   4.83586E-03  -8.18439E-03   4.35057E-03  -1.88732E-02   2.13883E-03  -1.74129E-02  -8.27489E-04  -3.34368E-03  -3.94629E-03   1.82459E-02
 2.50300E+02   1.81804E-02  -2.16827E-02   7.02712E-03  -2.88166E-02  -6.20795E-03  -2.24636E-02  -1.43257E-02  -5.56407E-03  -1.35279E-02   1.19072E-02  -5.69157E-03   2.07156E-02   3.78203E-03   1.97103E-02   1.03460E-02   6.89220E-03   1.07890E-02  -1.05670E-02   5.72548E-03  -2.19698E-02  -1.37816E-03  -2.07492E-02  -6.54872E-03  -7.84110E-03  -7.53754E-03   9.15907E-03  -4.70492E-03   2.05100E-02  -2.94882E-04   1.99083E-02   3.18315E-03   8.00283E-03   4.34909E-03  -8.06839E-03   3.34845E-03  -1.87493E-02   1.24204E-03  -1.73380E-02  -9.73971E-04  -3.35408E-03  -2.95640E-03   1.81350E-02
 2.52100E+02   1.77137E-02  -2.09412E-02   6.51965E-03  -2.84528E-02  -6.52015E-03  -2.25712E-02  -1.42465E-02  -5.99043E-03  -1.30579E-02   1.14500E-02  -5.05171E-03   2.04674E-02   4.32142E-03   1.97442E-02   1.04326E-02   7.15348E-03   1.02809E-02  -1.02387E-02   4.84277E-03  -2.17410E-02  -2.16161E-03  -2.07090E-02  -6.77442E-03  -7.97300E-03  -7.04108E-03   8.94783E-03  -3.73416E-03   2.03297E-02   6.14306E-04   1.98334E-02   3.51116E-03   8.04673E-03   3.90250E-03  -7.94543E-03   2.39226E-03  -1.86134E-02   3.74741E-04  -1.72531E-02  -1.12346E-03  -3.36343E-03  -2.00958E-03   1.80118E-02
 2.53900E+02   1.73485E-02  -2.02028E-02   6.06261E-03  -2.80918E-02  -6.85506E-03  -2.26802E-02  -1.42449E-02  -6.41681E-03  -1.26725E-02   1.09933E-02  -4.45754E-03   2.02193E-02   4.87104E-03   1.97776E-02   1.05777E-02   7.41467E-03   9.84652E-03  -9.90873E-03   4.01093E-03  -2.15087E-02  -2.93949E-03  -2.06652E-02  -7.03698E-03  -8.10388E-03  -6.60068E-03   8.73334E-03  -2.80971E-03   2.01428E-02   1.50657E-03   1.97518E-02   3.85446E-03   8.08817E-03   3.49152E-03  -7.81870E-03   1.47334E-03  -1.84694E-02  -4.70595E-04  -1.71605E-02  -1.27703E-03  -3.37153E-03  -1.09728E-03   1.78800E-02
 2.55700E+02   1.70792E-02  -1.94737E-02   5.65136E-03  -2.77366E-02  -7.21418E-03  -2.27891E-02  -1.43184E-02  -6.83820E-03  -1.23663E-02   1.05424E-02  -3.90346E-03   1.99739E-02   5.43446E-03   1.98096E-02   1.07803E-02   7.67176E-03   9.48041E-03  -9.58203E-03   3.22232E-03  -2.12762E-02  -3.71772E-03  -2.06179E-02  -7.33724E-03  -8.23103E-03  -6.21134E-03   8.51935E-03  -1.92320E-03   1.99521E-02   2.38918E-03   1.96644E-02   4.21524E-03   8.12588E-03   3.11193E-03  -7.69061E-03   5.83529E-04  -1.83194E-02  -1.30113E-03  -1.70616E-02  -1.43572E-03  -3.37801E-03  -2.11415E-04   1.77416E-02
 2.57600E+02   1.68935E-02  -1.87202E-02   5.26233E-03  -2.73704E-02  -7.62128E-03  -2.29019E-02  -1.44753E-02  -7.27242E-03  -1.21240E-02   1.00779E-02  -3.35647E-03   1.97201E-02   6.04804E-03   1.98402E-02   1.10563E-02   7.93437E-03   9.16278E-03  -9.24513E-03   2.42901E-03  -2.10326E-02  -4.54582E-03  -2.05631E-02  -7.69624E-03  -8.35800E-03  -5.85082E-03   8.29733E-03  -1.02001E-03   1.97483E-02   3.31801E-03   1.95653E-02   4.61741E-03   8.15981E-03   2.74108E-03  -7.55579E-03  -3.32589E-04  -1.81557E-02  -2.16921E-03  -1.69503E-02  -1.60996E-03  -3.38247E-03   7.03330E-04   1.75894E-02
 2.59500E+02   1.68042E-02  -1.79888E-02   4.91530E-03  -2.70154E-02  -8.05907E-03  -2.30098E-02  -1.47121E-02  -7.69043E-03  -1.19603E-02   9.62978E-03  -2.84303E-03   1.94728E-02   6.68495E-03   1.98649E-02   1.13961E-02   8.18326E-03   8.91108E-03  -8.92035E-03   1.66844E-03  -2.07919E-02  -5.38695E-03  -2.05011E-02  -8.09981E-03  -8.47385E-03  -5.53756E-03   8.08204E-03  -1.41955E-04   1.95423E-02   4.25147E-03   1.94574E-02   5.04403E-03   8.18530E-03   2.39686E-03  -7.42274E-03  -1.23316E-03  -1.79862E-02  -3.03582E-03  -1.68306E-02  -1.79229E-03  -3.38362E-03   1.60533E-03   1.74301E-02
 2.61300E+02   1.68050E-02  -1.73213E-02   4.62176E-03  -2.66907E-02  -8.50394E-03  -2.31049E-02  -1.50092E-02  -8.06640E-03  -1.18742E-02   9.22447E-03  -2.38311E-03   1.92453E-02   7.31339E-03   1.98801E-02   1.17770E-02   8.40178E-03   8.72964E-03  -8.62715E-03   9.71806E-04  -2.05665E-02  -6.20127E-03  -2.04327E-02  -8.52468E-03  -8.56950E-03  -5.28068E-03   7.88642E-03   6.73713E-04   1.93444E-02   5.14659E-03   1.93442E-02   5.47303E-03   8.19894E-03   2.09199E-03  -7.29908E-03  -2.07897E-03  -1.78187E-02  -3.86176E-03  -1.67072E-02  -1.97354E-03  -3.38062E-03   2.45505E-03   1.72712E-02
 2.63200E+02   1.68927E-02  -1.66489E-02   4.34586E-03  -2.63616E-02  -9.00717E-03  -2.31942E-02  -1.53988E-02  -8.43636E-03  -1.18529E-02   8.82118E-03  -1.92141E-03   1.90124E-02   8.00670E-03   1.98833E-02   1.22421E-02   8.60879E-03   8.59487E-03  -8.33626E-03   2.55742E-04  -2.03304E-02  -7.08460E-03  -2.03461E-02  -9.01960E-03  -8.65095E-03  -5.04820E-03   7.69065E-03   1.52437E-03   1.91307E-02   6.10917E-03   1.92090E-02   5.95438E-03   8.19876E-03   1.78948E-03  -7.17150E-03  -2.97075E-03  -1.76319E-02  -4.74494E-03  -1.65629E-02  -2.17493E-03  -3.37181E-03   3.35361E-03   1.70920E-02
 2.65100E+02   1.70668E-02  -1.60153E-02   4.10186E-03  -2.60475E-02  -9.54678E-03  -2.32680E-02  -1.58661E-02  -8.77216E-03  -1.19003E-02   8.44762E-03  -1.48025E-03   1.87866E-02   8.73411E-03   1.98686E-02   1.27724E-02   8.78522E-03   8.51531E-03  -8.06785E-03  -4.46036E-04  -2.00947E-02  -7.99732E-03  -2.02391E-02  -9.56374E-03  -8.70684E-03  -4.85234E-03   7.50767E-03   2.37065E-03   1.89089E-02   7.09589E-03   1.90520E-02   6.46722E-03   8.17931E-03   1.50392E-03  -7.04701E-03  -3.86771E-03  -1.74309E-02  -5.64546E-03  -1.63991E-02  -2.38764E-03  -3.35550E-03   4.26003E-03   1.68968E-02
 2.67000E+02   1.73247E-02  -1.54270E-02   3.88709E-03  -2.57496E-02  -1.01244E-02  -2.33213E-02  -1.64106E-02  -9.06628E-03  -1.20139E-02   8.10876E-03  -1.05617E-03   1.85673E-02   9.49857E-03   1.98300E-02   1.33684E-02   8.92377E-03   8.48814E-03  -7.82549E-03  -1.13847E-03  -1.98567E-02  -8.94387E-03  -2.01049E-02  -1.01584E-02  -8.73068E-03  -4.69030E-03   7.33924E-03   3.21810E-03   1.86751E-02   8.11198E-03   1.88662E-02   7.01347E-03   8.13546E-03   1.23274E-03  -6.92540E-03  -4.77539E-03  -1.72105E-02  -6.56837E-03  -1.62098E-02  -2.61256E-03  -3.32969E-03   5.17984E-03   1.66801E-02
 2.69000E+02   1.76841E-02  -1.48646E-02   3.68997E-03  -2.54543E-02  -1.07747E-02  -2.33490E-02  -1.70663E-02  -9.32146E-03  -1.22022E-02   7.79558E-03  -6.24910E-04   1.83421E-02   1.03459E-02   1.97556E-02   1.40669E-02   9.01950E-03   8.51327E-03  -7.60278E-03  -1.86188E-03  -1.96000E-02  -9.98073E-03  -1.99252E-02  -1.08399E-02  -8.71288E-03  -4.55347E-03   7.17954E-03   4.11658E-03   1.84102E-02   9.21798E-03   1.86300E-02   7.62613E-03   8.05626E-03   9.60373E-04  -6.79999E-03  -5.74749E-03  -1.69504E-02  -7.56860E-03  -1.59746E-02  -2.86324E-03  -3.28960E-03   6.16754E-03   1.64213E-02
 2.70900E+02   1.81061E-02  -1.43928E-02   3.52790E-03  -2.51923E-02  -1.14333E-02  -2.33413E-02  -1.77663E-02  -9.50202E-03  -1.24438E-02   7.54581E-03  -2.26898E-04   1.81322E-02   1.11928E-02   1.96444E-02   1.47974E-02   9.05283E-03   8.58544E-03  -7.42644E-03  -2.54752E-03  -1.93463E-02  -1.10068E-02  -1.97080E-02  -1.15402E-02  -8.64618E-03  -4.45306E-03   7.04646E-03   4.98004E-03   1.81342E-02   1.03064E-02   1.83566E-02   8.24473E-03   7.94232E-03   7.12040E-04  -6.68257E-03  -6.69045E-03  -1.66687E-02  -8.54921E-03  -1.57077E-02  -3.11502E-03  -3.23635E-03   7.12793E-03   1.61378E-02
 2.72900E+02   1.86309E-02  -1.39721E-02   3.38151E-03  -2.49371E-02  -1.21691E-02  -2.32888E-02  -1.85815E-02  -9.61463E-03  -1.27605E-02   7.34087E-03   1.82102E-04   1.79134E-02   1.21288E-02   1.94741E-02   1.56349E-02   9.01510E-03   8.70904E-03  -7.28320E-03  -3.27036E-03  -1.90634E-02  -1.21310E-02  -1.94181E-02  -1.23319E-02  -8.51257E-03  -4.37590E-03   6.92816E-03   5.90209E-03   1.78099E-02   1.14934E-02   1.80043E-02   8.93409E-03   7.77268E-03   4.59826E-04  -6.55980E-03  -7.70583E-03  -1.63255E-02  -9.61505E-03  -1.53696E-02  -3.39437E-03  -3.16076E-03   8.16428E-03   1.57894E-02
 2.74800E+02   1.92014E-02  -1.36553E-02   3.26329E-03  -2.47154E-02  -1.29070E-02  -2.31879E-02  -1.94261E-02  -9.63518E-03  -1.31166E-02   7.20922E-03   5.62852E-04   1.77056E-02   1.30588E-02   1.92508E-02   1.64920E-02   8.89742E-03   8.86822E-03  -7.19282E-03  -3.95962E-03  -1.87740E-02  -1.32400E-02  -1.90714E-02  -1.31332E-02  -8.31391E-03  -4.32723E-03   6.83865E-03   6.79147E-03   1.74610E-02   1.26595E-02   1.75947E-02   9.62364E-03   7.55492E-03   2.27642E-04  -6.44281E-03  -8.69239E-03  -1.59448E-02  -1.06590E-02  -1.49820E-02  -3.67277E-03  -3.06667E-03   9.17306E-03   1.53997E-02
 2.76800E+02   1.98702E-02  -1.34215E-02   3.15844E-03  -2.45052E-02  -1.37211E-02  -2.30176E-02  -2.03822E-02  -9.55081E-03  -1.35438E-02   7.14630E-03   9.56587E-04   1.74845E-02   1.40770E-02   1.89378E-02   1.74528E-02   8.67259E-03   9.07513E-03  -7.15211E-03  -4.68803E-03  -1.84409E-02  -1.44464E-02  -1.86164E-02  -1.40232E-02  -8.01586E-03  -4.29902E-03   6.77101E-03   7.74073E-03   1.70407E-02   1.39235E-02   1.70687E-02   1.03822E-02   7.25516E-03  -9.95290E-06  -6.31795E-03  -9.75188E-03  -1.54740E-02  -1.17879E-02  -1.44899E-02  -3.97811E-03  -2.93981E-03   1.02581E-02   1.49148E-02
 2.78800E+02   2.05991E-02  -1.33033E-02   3.07108E-03  -2.43202E-02  -1.45673E-02  -2.27700E-02  -2.13965E-02  -9.34144E-03  -1.40168E-02   7.17106E-03   1.34355E-03   1.72583E-02   1.51283E-02   1.85311E-02   1.84638E-02   8.32812E-03   9.31641E-03  -7.17404E-03  -5.41784E-03  -1.80715E-02  -1.56853E-02  -1.80523E-02  -1.49525E-02  -7.61200E-03  -4.29106E-03   6.73334E-03   8.69975E-03   1.65549E-02   1.52171E-02   1.64280E-02   1.11680E-02   6.87109E-03  -2.41139E-04  -6.18982E-03  -1.08277E-02  -1.49177E-02  -1.29406E-02  -1.38960E-02  -4.29358E-03  -2.77965E-03   1.13611E-02   1.43390E-02
 2.80800E+02   2.13745E-02  -1.33147E-02   2.99828E-03  -2.41619E-02  -1.54365E-02  -2.24336E-02  -2.24542E-02  -8.99026E-03  -1.45250E-02   7.29386E-03   1.72341E-03   1.70241E-02   1.62021E-02   1.80160E-02   1.95111E-02   7.84745E-03   9.58433E-03  -7.26565E-03  -6.14541E-03  -1.76582E-02  -1.69444E-02  -1.73622E-02  -1.59090E-02  -7.08730E-03  -4.29937E-03   6.72837E-03   9.66173E-03   1.59922E-02   1.65278E-02   1.56547E-02   1.19715E-02   6.39043E-03  -4.66001E-04  -6.05685E-03  -1.19107E-02  -1.42620E-02  -1.41061E-02  -1.31844E-02  -4.61542E-03  -2.58130E-03   1.24724E-02   1.36577E-02
 2.82900E+02   2.22191E-02  -1.34803E-02   2.93383E-03  -2.40259E-02  -1.63602E-02  -2.19727E-02  -2.35898E-02  -8.45157E-03  -1.50818E-02   7.53901E-03   2.11326E-03   1.67667E-02   1.73370E-02   1.73436E-02   2.06289E-02   7.17903E-03   9.88365E-03  -7.44404E-03  -6.90037E-03  -1.71691E-02  -1.82691E-02  -1.64842E-02  -1.69240E-02  -6.39074E-03  -4.32041E-03   6.76115E-03   1.06636E-02   1.53065E-02   1.79026E-02   1.46813E-02   1.28194E-02   5.76901E-03  -6.94798E-04  -5.91037E-03  -1.30410E-02  -1.34519E-02  -1.53261E-02  -1.22939E-02  -4.95444E-03  -2.32685E-03   1.36328E-02   1.28134E-02
 2.84900E+02   2.30295E-02  -1.37960E-02   2.87990E-03  -2.39263E-02  -1.72332E-02  -2.14213E-02  -2.46687E-02  -7.76272E-03  -1.56165E-02   7.89172E-03   2.47370E-03   1.65081E-02   1.84043E-02   1.65657E-02   2.16853E-02   6.37271E-03   1.01734E-02  -7.69800E-03  -7.60196E-03  -1.66445E-02  -1.95093E-02  -1.54875E-02  -1.78784E-02  -5.57610E-03  -4.34640E-03   6.83078E-03   1.15953E-02   1.45534E-02   1.91855E-02   1.35854E-02   1.36131E-02   5.05571E-03  -9.04673E-04  -5.76296E-03  -1.40921E-02  -1.25529E-02  -1.64624E-02  -1.12958E-02  -5.27122E-03  -2.03644E-03   1.47117E-02   1.18743E-02
 2.87000E+02   2.38567E-02  -1.43013E-02   2.82630E-03  -2.38538E-02  -1.81201E-02  -2.07173E-02  -2.57648E-02  -6.84489E-03  -1.61601E-02   8.39325E-03   2.83731E-03   1.62208E-02   1.94832E-02   1.55958E-02   2.27529E-02   5.33796E-03   1.04666E-02  -8.05693E-03  -8.30809E-03  -1.60271E-02  -2.07572E-02  -1.42622E-02  -1.88381E-02  -4.55287E-03  -4.37278E-03   6.94572E-03   1.25298E-02   1.36506E-02   2.04714E-02   1.22465E-02   1.44081E-02   4.17175E-03  -1.11486E-03  -5.59881E-03  -1.51440E-02  -1.14663E-02  -1.75991E-02  -1.00805E-02  -5.58804E-03  -1.67803E-03   1.57905E-02   1.07374E-02
 2.89000E+02   2.45900E-02  -1.49497E-02   2.77321E-03  -2.38152E-02  -1.89121E-02  -1.99259E-02  -2.67366E-02  -5.78316E-03  -1.66365E-02   8.99705E-03   3.16540E-03   1.59312E-02   2.04411E-02   1.45238E-02   2.36941E-02   4.17087E-03   1.07186E-02  -8.48744E-03  -8.93782E-03  -1.53741E-02  -2.18591E-02  -1.29220E-02  -1.96794E-02  -3.41613E-03  -4.38961E-03   7.09519E-03   1.33561E-02   1.26817E-02   2.16015E-02   1.07889E-02   1.51029E-02   3.19928E-03  -1.30322E-03  -5.43311E-03  -1.60687E-02  -1.02930E-02  -1.85955E-02  -8.76092E-03  -5.86447E-03  -1.28496E-03   1.67372E-02   9.50816E-03
 2.91100E+02   2.52658E-02  -1.57994E-02   2.70979E-03  -2.38056E-02  -1.96598E-02  -1.89728E-02  -2.76387E-02  -4.47865E-03  -1.70656E-02   9.75864E-03   3.48585E-03   1.56110E-02   2.13390E-02   1.32482E-02   2.45616E-02   2.76166E-03   1.09352E-02  -9.02919E-03  -9.53798E-03  -1.46227E-02  -2.28847E-02  -1.13393E-02  -2.04495E-02  -2.05831E-03  -4.39012E-03   7.29263E-03   1.41307E-02   1.15540E-02   2.26462E-02   9.07366E-03   1.57369E-02   2.04592E-03  -1.48597E-03  -5.24962E-03  -1.69262E-02  -8.92084E-03  -1.95135E-02  -7.21109E-03  -6.11625E-03  -8.19816E-04   1.76121E-02   8.06918E-03
 2.93200E+02   2.58073E-02  -1.68053E-02   2.63290E-03  -2.38250E-02  -2.02922E-02  -1.79075E-02  -2.83756E-02  -2.99926E-03  -1.73935E-02   1.06384E-02   3.77651E-03   1.52767E-02   2.20903E-02   1.18348E-02   2.52627E-02   1.18298E-03   1.10828E-02  -9.65422E-03  -1.00588E-02  -1.38115E-02  -2.37337E-02  -9.59540E-03  -2.10651E-02  -5.48977E-04  -4.36443E-03   7.52790E-03   1.47833E-02   1.03251E-02   2.35016E-02   7.18836E-03   1.62419E-02   7.70551E-04  -1.65052E-03  -5.05770E-03  -1.76339E-02  -7.41979E-03  -2.02612E-02  -5.51005E-03  -6.31632E-03  -3.06330E-04   1.83298E-02   6.49380E-03
 2.95300E+02   2.61794E-02  -1.79395E-02   2.53734E-03  -2.38696E-02  -2.07820E-02  -1.67520E-02  -2.89066E-02  -1.37757E-03  -1.75936E-02   1.16154E-02   4.03258E-03   1.49325E-02   2.26619E-02   1.03105E-02   2.57575E-02  -5.33542E-04   1.11430E-02  -1.03483E-02  -1.04847E-02  -1.29533E-02  -2.43674E-02  -7.72151E-03  -2.14906E-02   1.08358E-03  -4.30455E-03   7.79506E-03   1.52887E-02   9.01545E-03   2.41268E-02   5.16583E-03   1.65893E-02  -6.03933E-04  -1.79430E-03  -4.85972E-03  -1.81606E-02  -5.81511E-03  -2.08023E-02  -3.68693E-03  -6.45326E-03   2.46424E-04   1.88571E-02   4.80854E-03
 2.97500E+02   2.63575E-02  -1.92237E-02   2.41264E-03  -2.39378E-02  -2.11192E-02  -1.54778E-02  -2.92073E-02   4.25481E-04  -1.76435E-02   1.27124E-02   4.25981E-03   1.45677E-02   2.30396E-02   8.63493E-03   2.60210E-02  -2.43253E-03   1.10966E-02  -1.11283E-02  -1.08160E-02  -1.20235E-02  -2.47671E-02  -5.66593E-03  -2.17020E-02   2.88379E-03  -4.19816E-03   8.10040E-03   1.56393E-02   7.58745E-03   2.45002E-02   2.94899E-03   1.67595E-02  -2.11595E-03  -1.92055E-03  -4.64945E-03  -1.84916E-02  -4.06075E-03  -2.11167E-02  -1.68969E-03  -6.51922E-03   8.54037E-04   1.91775E-02   2.96500E-03
 2.99600E+02   2.63082E-02  -2.04939E-02   2.26728E-03  -2.40169E-02  -2.12601E-02  -1.42382E-02  -2.92305E-02   2.19062E-03  -1.75257E-02   1.37944E-02   4.43563E-03   1.42230E-02   2.31731E-02   7.00645E-03   2.60099E-02  -4.28747E-03   1.09383E-02  -1.18994E-02  -1.10155E-02  -1.11290E-02  -2.48780E-02  -3.66925E-03  -2.16628E-02   4.63969E-03  -4.05068E-03   8.40623E-03   1.57914E-02   6.20615E-03   2.45682E-02   7.95687E-04   1.67230E-02  -3.58890E-03  -2.01680E-03  -4.45023E-03  -1.85820E-02  -2.35963E-03  -2.11582E-02   2.50061E-04  -6.50265E-03   1.44573E-03   1.92460E-02   1.17640E-03
 3.01800E+02   2.60235E-02  -2.18171E-02   2.08638E-03  -2.41073E-02  -2.12163E-02  -1.29581E-02  -2.89752E-02   4.02279E-03  -1.72259E-02   1.49242E-02   4.57718E-03   1.38742E-02   2.30730E-02   5.32256E-03   2.57196E-02  -6.21355E-03   1.06509E-02  -1.27074E-02  -1.11019E-02  -1.02104E-02  -2.47079E-02  -1.60270E-03  -2.13662E-02   6.46334E-03  -3.84662E-03   8.73037E-03   1.57583E-02   4.78026E-03   2.43344E-02  -1.43479E-03   1.64738E-02  -5.11831E-03  -2.09256E-03  -4.24793E-03  -1.84385E-02  -5.99411E-04  -2.09284E-02   2.25992E-03  -6.40098E-03   2.06010E-03   1.90671E-02  -6.75437E-04
 3.04000E+02   2.55125E-02  -2.30795E-02   1.87716E-03  -2.41982E-02  -2.09875E-02  -1.17393E-02  -2.84485E-02   5.77514E-03  -1.67547E-02   1.60105E-02   4.67812E-03   1.35465E-02   2.27407E-02   3.71324E-03   2.51590E-02  -8.06131E-03   1.02446E-02  -1.34887E-02  -1.10703E-02  -9.33616E-03  -2.42605E-02   3.77421E-04  -2.08212E-02   8.21627E-03  -3.59367E-03   9.04718E-03   1.55391E-02   3.41581E-03   2.38046E-02  -3.57572E-03   1.60194E-02  -6.58954E-03  -2.14445E-03  -4.05698E-03  -1.80638E-02   1.08935E-03  -2.04330E-02   4.19051E-03  -6.21726E-03   2.65131E-03   1.86447E-02  -2.45329E-03
 3.06200E+02   2.48020E-02  -2.42341E-02   1.64243E-03  -2.42833E-02  -2.05959E-02  -1.06190E-02  -2.76824E-02   7.39297E-03  -1.61315E-02   1.70186E-02   4.74381E-03   1.32473E-02   2.22033E-02   2.22403E-03   2.43588E-02  -9.77750E-03   9.73237E-03  -1.42193E-02  -1.09349E-02  -8.52841E-03  -2.35674E-02   2.21798E-03  -2.00554E-02   9.85069E-03  -3.29660E-03   9.34684E-03   1.51551E-02   2.14764E-03   2.30118E-02  -5.57138E-03   1.53823E-02  -7.96385E-03  -2.17556E-03  -3.88155E-03  -1.74839E-02   2.66366E-03  -1.97014E-02   5.99235E-03  -5.96039E-03   3.20396E-03   1.80059E-02  -4.11201E-03
 3.08400E+02   2.39286E-02  -2.52458E-02   1.38634E-03  -2.43580E-02  -2.00718E-02  -9.62535E-03  -2.67205E-02   8.83488E-03  -1.53833E-02   1.79221E-02   4.78128E-03   1.29822E-02   2.14981E-02   8.89282E-04   2.33616E-02  -1.13219E-02   9.13214E-03  -1.48814E-02  -1.07148E-02  -7.80389E-03  -2.26720E-02   3.87888E-03  -1.91068E-02   1.13305E-02  -2.96227E-03   9.62188E-03   1.46354E-02   1.00198E-03   2.20013E-02  -7.37972E-03   1.45934E-02  -9.21195E-03  -2.18997E-03  -3.72474E-03  -1.67339E-02   4.09112E-03  -1.87737E-02   7.62808E-03  -5.64263E-03   3.70645E-03   1.71875E-02  -5.61752E-03
 3.10600E+02   2.29343E-02  -2.60922E-02   1.11374E-03  -2.44190E-02  -1.94499E-02  -8.77575E-03  -2.56127E-02   1.00750E-02  -1.45411E-02   1.87042E-02   4.79842E-03   1.27545E-02   2.06676E-02  -2.69616E-04   2.22160E-02  -1.26692E-02   8.46460E-03  -1.54635E-02  -1.04318E-02  -7.17289E-03  -2.16237E-02   5.33518E-03  -1.80190E-02   1.26331E-02  -2.59863E-03   9.86753E-03   1.40131E-02  -4.91700E-06   2.08247E-02  -8.97458E-03   1.36879E-02  -1.03156E-02  -2.19219E-03  -3.58844E-03  -1.58540E-02   5.35159E-03  -1.76956E-02   9.07447E-03  -5.27797E-03   4.15152E-03   1.62315E-02  -6.94867E-03
 3.12800E+02   2.18618E-02  -2.67638E-02   8.29525E-04  -2.44649E-02  -1.87652E-02  -8.07739E-03  -2.44095E-02   1.11025E-02  -1.36364E-02   1.93581E-02   4.80321E-03   1.25653E-02   1.97545E-02  -1.24397E-03   2.09710E-02  -1.38092E-02   7.75068E-03  -1.59608E-02  -1.01076E-02  -6.63943E-03  -2.04724E-02   6.57678E-03  -1.68360E-02   1.37493E-02  -2.21373E-03   1.00817E-02   1.33213E-02  -8.66577E-04   1.95340E-02  -1.03454E-02   1.27014E-02  -1.12673E-02  -2.18678E-03  -3.47329E-03  -1.48845E-02   6.43697E-03  -1.65133E-02   1.03221E-02  -4.88052E-03   4.53620E-03   1.51801E-02  -8.09690E-03
 3.15100E+02   2.06996E-02  -2.72811E-02   5.24867E-04  -2.44967E-02  -1.80172E-02  -7.50707E-03  -2.31003E-02   1.19520E-02  -1.26549E-02   1.99060E-02   4.80303E-03   1.24082E-02   1.87547E-02  -2.06772E-03   1.96124E-02  -1.47819E-02   6.97556E-03  -1.63908E-02  -9.74680E-03  -6.18449E-03  -1.92085E-02   7.64813E-03  -1.55411E-02   1.47192E-02  -1.79659E-03   1.02720E-02   1.25572E-02  -1.61423E-03   1.81147E-02  -1.15418E-02   1.16190E-02  -1.21016E-02  -2.17756E-03  -3.37509E-03  -1.38157E-02   7.38690E-03  -1.52117E-02   1.14166E-02  -4.44404E-03   4.87455E-03   1.40212E-02  -9.10426E-03
 3.17400E+02   1.95331E-02  -2.76208E-02   2.16738E-04  -2.45132E-02  -1.72677E-02  -7.09051E-03  -2.17833E-02   1.25854E-02  -1.16647E-02   2.03235E-02   4.80477E-03   1.22901E-02   1.77467E-02  -2.70410E-03   1.82388E-02  -1.55439E-02   6.18935E-03  -1.67345E-02  -9.38307E-03  -5.82840E-03  -1.79272E-02   8.50164E-03  -1.42256E-02   1.54999E-02  -1.37127E-03   1.04303E-02   1.17809E-02  -2.21466E-03   1.66699E-02  -1.25110E-02   1.05157E-02  -1.27817E-02  -2.16885E-03  -3.29824E-03  -1.27259E-02   8.15928E-03  -1.38838E-02   1.23094E-02  -3.99848E-03   5.15160E-03   1.28385E-02  -9.92608E-03
 3.19700E+02   1.83928E-02  -2.78005E-02  -9.16044E-05  -2.45164E-02  -1.65418E-02  -6.81296E-03  -2.04946E-02   1.30241E-02  -1.06879E-02   2.06238E-02   4.81445E-03   1.22078E-02   1.67612E-02  -3.17126E-03   1.68850E-02  -1.61162E-02   5.40654E-03  -1.70009E-02  -9.03238E-03  -5.56184E-03  -1.66641E-02   9.15855E-03  -1.29204E-02   1.61099E-02  -9.43105E-04   1.05598E-02   1.10162E-02  -2.68209E-03   1.52362E-02  -1.32751E-02   9.41645E-03  -1.33228E-02  -2.16409E-03  -3.24076E-03  -1.16439E-02   8.77137E-03  -1.25621E-02   1.30202E-02  -3.55371E-03   5.37337E-03   1.16619E-02  -1.05805E-02
 3.22000E+02   1.73008E-02  -2.78413E-02  -3.97947E-04  -2.45087E-02  -1.58582E-02  -6.65712E-03  -1.92607E-02   1.32929E-02  -9.74051E-03   2.08224E-02   4.83671E-03   1.21573E-02   1.58209E-02  -3.49051E-03   1.55766E-02  -1.65230E-02   4.63748E-03  -1.72002E-02  -8.70671E-03  -5.37392E-03  -1.54451E-02   9.64371E-03  -1.16479E-02   1.65713E-02  -5.15705E-04   1.06646E-02   1.02806E-02  -3.03313E-03   1.38406E-02  -1.38600E-02   8.33919E-03  -1.37425E-02  -2.16596E-03  -3.20040E-03  -1.05906E-02   9.24337E-03  -1.12701E-02   1.35722E-02  -3.11685E-03   5.54691E-03   1.05130E-02  -1.10885E-02
 3.24300E+02   1.62724E-02  -2.77649E-02  -7.01016E-04  -2.44925E-02  -1.52300E-02  -6.60504E-03  -1.80998E-02   1.34179E-02  -8.83332E-03   2.09356E-02   4.87504E-03   1.21345E-02   1.49415E-02  -3.68390E-03   1.43307E-02  -1.67898E-02   3.88881E-03  -1.73434E-02  -8.41452E-03  -5.25335E-03  -1.42882E-02   9.98284E-03  -1.04231E-02   1.69067E-02  -9.11587E-05   1.07489E-02   9.58635E-03  -3.28494E-03   1.25011E-02  -1.42926E-02   7.29586E-03  -1.40593E-02  -2.17648E-03  -3.17481E-03  -9.58006E-03   9.59611E-03  -1.00236E-02   1.39889E-02  -2.69256E-03   5.67948E-03   9.40656E-03  -1.14720E-02
 3.26600E+02   1.53166E-02  -2.75922E-02  -1.00032E-03  -2.44703E-02  -1.46653E-02  -6.63945E-03  -1.70228E-02   1.34239E-02  -7.97253E-03   2.09786E-02   4.93193E-03   1.21354E-02   1.41328E-02  -3.77261E-03   1.31577E-02  -1.69407E-02   3.16411E-03  -1.74407E-02  -8.16137E-03  -5.18928E-03  -1.32040E-02   1.02006E-02  -9.25468E-03   1.71376E-02   3.29731E-04   1.08165E-02   8.94082E-03  -3.45399E-03   1.12283E-02  -1.45986E-02   6.29324E-03  -1.42907E-02  -2.19709E-03  -3.16170E-03  -8.62062E-03   9.84952E-03  -8.83169E-03   1.42932E-02  -2.28347E-03   5.77803E-03   8.35098E-03  -1.17518E-02
 3.29000E+02   1.44017E-02  -2.73299E-02  -1.30877E-03  -2.44430E-02  -1.41489E-02  -6.75049E-03  -1.59945E-02   1.33279E-02  -7.12676E-03   2.09640E-02   5.01298E-03   1.21576E-02   1.33698E-02  -3.77449E-03   1.20165E-02  -1.69984E-02   2.43471E-03  -1.75032E-02  -7.94239E-03  -5.17187E-03  -1.21560E-02   1.03227E-02  -8.09972E-03   1.72886E-02   7.65259E-04   1.08731E-02   8.32344E-03  -3.55841E-03   9.97673E-03  -1.48080E-02   5.29341E-03  -1.44582E-02  -2.23049E-03  -3.15901E-03  -7.67826E-03   1.00276E-02  -7.65062E-03   1.45131E-02  -1.87392E-03   5.85136E-03   7.30797E-03  -1.19536E-02
 3.31400E+02   1.35723E-02  -2.70025E-02  -1.61393E-03  -2.44134E-02  -1.37086E-02  -6.92264E-03  -1.50656E-02   1.31496E-02  -6.33475E-03   2.09021E-02   5.11754E-03   1.21978E-02   1.26913E-02  -3.70284E-03   1.09611E-02  -1.69759E-02   1.73194E-03  -1.75349E-02  -7.77142E-03  -5.19500E-03  -1.11948E-02   1.03594E-02  -7.01053E-03   1.73667E-02   1.19817E-03   1.09187E-02   7.76490E-03  -3.60412E-03   8.80402E-03  -1.49281E-02   4.34068E-03  -1.45654E-02  -2.27684E-03  -3.16537E-03  -6.79663E-03   1.01353E-02  -6.53374E-03   1.46533E-02  -1.48186E-03   5.90062E-03   6.32508E-03  -1.20818E-02
 3.33800E+02   1.28270E-02  -2.66260E-02  -1.91688E-03  -2.43831E-02  -1.33446E-02  -7.14226E-03  -1.42348E-02   1.29084E-02  -5.59465E-03   2.08047E-02   5.24660E-03   1.22525E-02   1.20968E-02  -3.57424E-03   9.98940E-03  -1.68917E-02   1.05361E-03  -1.75432E-02  -7.64905E-03  -5.24994E-03  -1.03187E-02   1.03298E-02  -5.98438E-03   1.73883E-02   1.63022E-03   1.09558E-02   7.26457E-03  -3.60394E-03   7.70754E-03  -1.49783E-02   3.43239E-03  -1.46256E-02  -2.33676E-03  -3.17881E-03  -5.97382E-03   1.01877E-02  -5.47822E-03   1.47308E-02  -1.10615E-03   5.93093E-03   5.39993E-03  -1.21521E-02
 3.36200E+02   1.21628E-02  -2.62140E-02  -2.21893E-03  -2.43533E-02  -1.30555E-02  -7.39781E-03  -1.34985E-02   1.26206E-02  -4.90327E-03   2.06815E-02   5.40092E-03   1.23188E-02   1.15840E-02  -3.40265E-03   9.09718E-03  -1.67613E-02   3.96567E-04  -1.75343E-02  -7.57510E-03  -5.32914E-03  -9.52401E-03   1.02498E-02  -5.01665E-03   1.73667E-02   2.06364E-03   1.09864E-02   6.82049E-03  -3.56862E-03   6.68242E-03  -1.49746E-02   2.56429E-03  -1.46492E-02  -2.41072E-03  -3.19752E-03  -5.20618E-03   1.01972E-02  -4.47921E-03   1.47596E-02  -7.44998E-04   5.94644E-03   4.52834E-03  -1.21773E-02
 3.38600E+02   1.15756E-02  -2.57775E-02  -2.52158E-03  -2.43248E-02  -1.28392E-02  -7.67957E-03  -1.28524E-02   1.22993E-02  -4.25668E-03   2.05402E-02   5.58115E-03   1.23939E-02   1.11495E-02  -3.19968E-03   8.27917E-03  -1.65971E-02  -2.42944E-04  -1.75126E-02  -7.54895E-03  -5.42617E-03  -8.80598E-03   1.01324E-02  -4.10158E-03   1.73127E-02   2.50094E-03   1.10115E-02   6.42991E-03  -3.50708E-03   5.72246E-03  -1.49300E-02   1.73115E-03  -1.46446E-02  -2.49913E-03  -3.21987E-03  -4.48905E-03   1.01741E-02  -3.53066E-03   1.47508E-02  -3.96215E-04   5.95036E-03   3.70500E-03  -1.21678E-02
 3.41000E+02   1.10609E-02  -2.53255E-02  -2.82643E-03  -2.42980E-02  -1.26932E-02  -7.97939E-03  -1.22914E-02   1.19555E-02  -3.65055E-03   2.03869E-02   5.78792E-03   1.24752E-02   1.07899E-02  -2.97497E-03   7.52952E-03  -1.64092E-02  -8.68996E-04  -1.74816E-02  -7.56981E-03  -5.53545E-03  -8.15918E-03   9.98799E-03  -3.23283E-03   1.72345E-02   2.94482E-03   1.10319E-02   6.08974E-03  -3.42663E-03   4.82080E-03  -1.48546E-02   9.27255E-04  -1.46179E-02  -2.60241E-03  -3.24433E-03  -3.81725E-03   1.01262E-02  -2.62587E-03   1.47129E-02  -5.74077E-05   5.94509E-03   2.92404E-03  -1.21316E-02
 3.43500E+02   1.05972E-02  -2.48462E-02  -3.14809E-03  -2.42721E-02  -1.26135E-02  -8.30341E-03  -1.17921E-02   1.15831E-02  -3.05740E-03   2.02195E-02   6.03228E-03   1.25639E-02   1.04908E-02  -2.72642E-03   6.81481E-03  -1.61970E-02  -1.51136E-03  -1.74418E-02  -7.64069E-03  -5.65703E-03  -7.55522E-03   9.81809E-03  -2.37008E-03   1.71340E-02   3.41721E-03   1.10479E-02   5.78555E-03  -3.32918E-03   3.93591E-03  -1.47517E-02   1.14536E-04  -1.45717E-02  -2.72628E-03  -3.27047E-03  -3.15985E-03   1.00565E-02  -1.72245E-03   1.46494E-02   2.87592E-04   5.93161E-03   2.14905E-03  -1.20719E-02
 3.46000E+02   1.02023E-02  -2.43648E-02  -3.47582E-03  -2.42479E-02  -1.26049E-02  -8.63272E-03  -1.13740E-02   1.12043E-02  -2.49838E-03   2.00481E-02   6.30704E-03   1.26540E-02   1.02647E-02  -2.47061E-03   6.16106E-03  -1.59747E-02  -2.14847E-03  -1.73956E-02  -7.76100E-03  -5.78160E-03  -7.01642E-03   9.63583E-03  -1.54312E-03   1.70190E-02   3.90303E-03   1.10580E-02   5.52911E-03  -3.22331E-03   3.09862E-03  -1.46305E-02  -6.79632E-04  -1.45098E-02  -2.86728E-03  -3.29562E-03  -2.53979E-03   9.97184E-03  -8.51158E-04   1.45664E-02   6.27288E-04   5.91112E-03   1.40660E-03  -1.19947E-02
 3.48500E+02   9.87187E-03  -2.38868E-02  -3.81150E-03  -2.42248E-02  -1.26655E-02  -8.96128E-03  -1.10320E-02   1.08260E-02  -1.96876E-03   1.98756E-02   6.61318E-03   1.27428E-02   1.01080E-02  -2.21404E-03   5.56192E-03  -1.57478E-02  -2.78499E-03  -1.73434E-02  -7.93019E-03  -5.90451E-03  -6.53700E-03   9.44727E-03  -7.44846E-04   1.68929E-02   4.40550E-03   1.10608E-02   5.31713E-03  -3.11365E-03   2.30126E-03  -1.44954E-02  -1.46180E-03  -1.44339E-02  -3.02604E-03  -3.31807E-03  -1.95128E-03   9.87576E-03  -4.42007E-06   1.44668E-02   9.64440E-04   5.88410E-03   6.90065E-04  -1.19032E-02
 3.51000E+02   9.60158E-03  -2.34169E-02  -4.15699E-03  -2.42019E-02  -1.27932E-02  -9.28355E-03  -1.07614E-02   1.04539E-02  -1.46409E-03   1.97038E-02   6.95176E-03   1.28273E-02   1.00173E-02  -1.96245E-03   5.01149E-03  -1.55205E-02  -3.42545E-03  -1.72847E-02  -8.14793E-03  -6.02123E-03  -6.11162E-03   9.25727E-03   3.14921E-05   1.67574E-02   4.92782E-03   1.10541E-02   5.14666E-03  -3.00411E-03   1.53661E-03  -1.43493E-02  -2.23826E-03  -1.43445E-02  -3.20318E-03  -3.33593E-03  -1.38884E-03   9.77066E-03   8.24993E-04   1.43522E-02   1.30170E-03   5.85044E-03  -6.85287E-06  -1.17990E-02
 3.53500E+02   9.38773E-03  -2.29590E-02  -4.51407E-03  -2.41779E-02  -1.29866E-02  -9.59417E-03  -1.05580E-02   1.00931E-02  -9.80229E-04   1.95339E-02   7.32391E-03   1.29042E-02   9.98998E-03  -1.72112E-03   4.50436E-03  -1.52956E-02  -4.07414E-03  -1.72177E-02  -8.41408E-03  -6.12718E-03  -5.73541E-03   9.06971E-03   7.92204E-04   1.66130E-02   5.47308E-03   1.10352E-02   5.01501E-03  -2.89811E-03   7.97942E-04  -1.41938E-02  -3.01491E-03  -1.42404E-02  -3.39940E-03  -3.34718E-03  -8.47415E-04   9.65786E-03   1.64385E-03   1.42226E-02   1.64158E-03   5.80945E-03  -6.90032E-04  -1.16826E-02
 3.56100E+02   9.22165E-03  -2.24993E-02  -4.89957E-03  -2.41497E-02  -1.32561E-02  -9.89906E-03  -1.04138E-02   9.73499E-03  -4.95025E-04   1.93595E-02   7.74776E-03   1.29724E-02   1.00259E-02  -1.48641E-03   4.01760E-03  -1.50669E-02  -4.76181E-03  -1.71369E-02  -8.74222E-03  -6.22077E-03  -5.39159E-03   8.88068E-03   1.57301E-03   1.64525E-02   6.06761E-03   1.09988E-02   4.91674E-03  -2.79492E-03   5.06602E-05  -1.40223E-02  -3.82871E-03  -1.41143E-02  -3.62441E-03  -3.34937E-03  -3.01626E-04   9.53275E-03   2.49096E-03   1.40702E-02   2.00033E-03   5.75771E-03  -1.39177E-03  -1.15478E-02
 3.58700E+02   9.10971E-03  -2.20603E-02  -5.30120E-03  -2.41161E-02  -1.35941E-02  -1.01792E-02  -1.03346E-02   9.39912E-03  -2.43902E-05   1.91875E-02   8.21032E-03   1.30239E-02   1.01251E-02  -1.27389E-03   3.56738E-03  -1.48451E-02  -5.46680E-03  -1.70410E-02  -9.12274E-03  -6.29165E-03  -5.09177E-03   8.70077E-03   2.34908E-03   1.62794E-02   6.69307E-03   1.09405E-02   4.85548E-03  -2.70216E-03  -6.81435E-04  -1.38398E-02  -4.65420E-03  -1.39660E-02  -3.87146E-03  -3.33897E-03   2.31168E-04   9.39915E-03   3.33971E-03   1.38970E-02   2.36678E-03   5.69472E-03  -2.08997E-03  -1.13970E-02
 3.61300E+02   9.04887E-03  -2.16456E-02  -5.72049E-03  -2.40740E-02  -1.39995E-02  -1.04276E-02  -1.03169E-02   9.09049E-03   4.35092E-04   1.90169E-02   8.71256E-03   1.30535E-02   1.02851E-02  -1.08944E-03   3.14925E-03  -1.46314E-02  -6.19264E-03  -1.69252E-02  -9.55554E-03  -6.33332E-03  -4.83196E-03   8.53258E-03   3.12559E-03   1.60905E-02   7.35198E-03   1.08543E-02   4.82906E-03  -2.62303E-03  -1.40382E-03  -1.36442E-02  -5.49615E-03  -1.37904E-02  -4.14107E-03  -3.31258E-03   7.55091E-04   9.25565E-03   4.19558E-03   1.36985E-02   2.74296E-03   5.61786E-03  -2.78938E-03  -1.12271E-02
 3.63900E+02   9.03629E-03  -2.12589E-02  -6.15864E-03  -2.40202E-02  -1.44710E-02  -1.06369E-02  -1.03577E-02   8.81426E-03   8.86380E-04   1.88465E-02   9.25506E-03   1.30551E-02   1.05036E-02  -9.39344E-04   2.75927E-03  -1.44266E-02  -6.94217E-03  -1.67838E-02  -1.00402E-02  -6.33853E-03  -4.60854E-03   8.37848E-03   3.90684E-03   1.58814E-02   8.04616E-03   1.07333E-02   4.83538E-03  -2.56081E-03  -2.12114E-03  -1.34322E-02  -6.35844E-03  -1.35808E-02  -4.43349E-03  -3.26635E-03   1.27364E-03   9.10004E-03   5.06306E-03   1.34689E-02   3.13045E-03   5.52389E-03  -3.49396E-03  -1.10336E-02
 3.66500E+02   9.06911E-03  -2.09045E-02  -6.61639E-03  -2.39505E-02  -1.50065E-02  -1.07986E-02  -1.04534E-02   8.57587E-03   1.33194E-03   1.86745E-02   9.83775E-03   1.30218E-02   1.07781E-02  -8.30429E-04   2.39392E-03  -1.42309E-02  -7.71729E-03  -1.66097E-02  -1.05755E-02  -6.29914E-03  -4.41814E-03   8.24069E-03   4.69613E-03   1.56465E-02   8.77656E-03   1.05693E-02   4.87232E-03  -2.51892E-03  -2.83707E-03  -1.31996E-02  -7.24373E-03  -1.33294E-02  -4.74858E-03  -3.19587E-03   1.78959E-03   8.92933E-03   5.94543E-03   1.32009E-02   3.53032E-03   5.40894E-03  -4.20664E-03  -1.08111E-02
 3.69100E+02   9.14430E-03  -2.05864E-02  -7.09387E-03  -2.38605E-02  -1.56035E-02  -1.09035E-02  -1.06007E-02   8.38123E-03   1.77369E-03   1.84987E-02   1.04597E-02   1.29460E-02   1.11053E-02  -7.70150E-04   2.05013E-03  -1.40445E-02  -8.51874E-03  -1.63951E-02  -1.11596E-02  -6.20610E-03  -4.25758E-03   8.12138E-03   5.49554E-03   1.53794E-02   9.54282E-03   1.03530E-02   4.93759E-03  -2.50101E-03  -3.55415E-03  -1.29412E-02  -8.15321E-03  -1.30268E-02  -5.08559E-03  -3.09618E-03   2.30492E-03   8.73988E-03   6.84447E-03   1.28861E-02   3.94291E-03   5.26849E-03  -4.92918E-03  -1.05533E-02
 3.71800E+02   9.26354E-03  -2.02996E-02  -7.60988E-03  -2.37401E-02  -1.62840E-02  -1.09414E-02  -1.08035E-02   8.23220E-03   2.22979E-03   1.83093E-02   1.11447E-02   1.28130E-02   1.14965E-02  -7.67707E-04   1.71302E-03  -1.38606E-02  -9.37801E-03  -1.61198E-02  -1.18141E-02  -6.04199E-03  -4.11903E-03   8.01937E-03   6.33704E-03   1.50598E-02   1.03744E-02   1.00619E-02   5.03252E-03  -2.51196E-03  -4.30135E-03  -1.26390E-02  -9.12248E-03  -1.26472E-02  -5.45707E-03  -2.95586E-03   2.84045E-03   8.51872E-03   7.79567E-03   1.24992E-02   4.38425E-03   5.09025E-03  -5.69026E-03  -1.02403E-02
 3.74500E+02   9.42014E-03  -2.00626E-02  -8.14454E-03  -2.35862E-02  -1.70198E-02  -1.08947E-02  -1.10515E-02   8.14470E-03   2.68382E-03   1.81097E-02   1.18652E-02   1.26145E-02   1.19339E-02  -8.36114E-04   1.39359E-03  -1.36864E-02  -1.02617E-02  -1.57803E-02  -1.25115E-02  -5.79724E-03  -4.00561E-03   7.94208E-03   7.18874E-03   1.46880E-02   1.12378E-02   9.69068E-03   5.15159E-03  -2.55753E-03  -5.05072E-03  -1.22948E-02  -1.01136E-02  -1.21882E-02  -5.84754E-03  -2.77151E-03   3.37620E-03   8.26739E-03   8.76216E-03   1.20396E-02   4.83687E-03   4.87285E-03  -6.46059E-03  -9.87196E-03
 3.77200E+02   9.60841E-03  -1.98810E-02  -8.69446E-03  -2.33923E-02  -1.78016E-02  -1.07509E-02  -1.13373E-02   8.12652E-03   3.13548E-03   1.78965E-02   1.26147E-02   1.23397E-02   1.24095E-02  -9.85404E-04   1.08957E-03  -1.35212E-02  -1.11641E-02  -1.53651E-02  -1.32433E-02  -5.45933E-03  -3.91340E-03   7.89195E-03   8.04678E-03   1.42543E-02   1.21255E-02   9.22612E-03   5.29034E-03  -2.64244E-03  -5.79971E-03  -1.19008E-02  -1.11198E-02  -1.16365E-02  -6.25248E-03  -2.53618E-03   3.91044E-03   7.98019E-03   9.73816E-03   1.14945E-02   5.29732E-03   4.60977E-03  -7.23604E-03  -9.43875E-03
 3.79900E+02   9.82128E-03  -1.97605E-02  -9.25451E-03  -2.31521E-02  -1.86168E-02  -1.04972E-02  -1.16518E-02   8.18532E-03   3.58340E-03   1.76661E-02   1.33833E-02   1.19778E-02   1.29125E-02  -1.22549E-03   7.99058E-04  -1.33646E-02  -1.20762E-02  -1.48627E-02  -1.39975E-02  -5.01583E-03  -3.83809E-03   7.87131E-03   8.90444E-03   1.37488E-02   1.30260E-02   8.65506E-03   5.44321E-03  -2.77130E-03  -6.54333E-03  -1.14487E-02  -1.21305E-02  -1.09783E-02  -6.66553E-03  -2.24299E-03   4.43967E-03   7.65136E-03   1.07142E-02   1.08514E-02   5.76029E-03   4.29447E-03  -8.00958E-03  -8.93095E-03
 3.82700E+02   1.00587E-02  -1.97054E-02  -9.83838E-03  -2.28476E-02  -1.94800E-02  -1.01058E-02  -1.19961E-02   8.33507E-03   4.04122E-03   1.74056E-02   1.41868E-02   1.14999E-02   1.34487E-02  -1.58007E-03   5.10356E-04  -1.32107E-02  -1.30187E-02  -1.42384E-02  -1.47867E-02  -4.43215E-03  -3.77264E-03   7.88329E-03   9.78278E-03   1.31389E-02   1.39570E-02   7.93738E-03   5.60933E-03  -2.95588E-03  -7.30052E-03  -1.09105E-02  -1.31673E-02  -1.01699E-02  -7.09332E-03  -1.87106E-03   4.97737E-03   7.26065E-03   1.17119E-02   1.00684E-02   6.23516E-03   3.90590E-03  -8.79881E-03  -8.31592E-03
 3.85400E+02   1.02929E-02  -1.97239E-02  -1.03948E-02  -2.24958E-02  -2.03085E-02  -9.59488E-03  -1.23313E-02   8.57079E-03   4.47234E-03   1.71308E-02   1.49508E-02   1.09320E-02   1.39623E-02  -2.03130E-03   2.42767E-04  -1.30698E-02  -1.39075E-02  -1.35278E-02  -1.55340E-02  -3.74052E-03  -3.71606E-03   7.92868E-03   1.06053E-02   1.24607E-02   1.48315E-02   7.11423E-03   5.76826E-03  -3.18643E-03  -8.00628E-03  -1.03183E-02  -1.41359E-02  -9.25863E-03  -7.49418E-03  -1.44166E-03   5.47737E-03   6.83144E-03   1.26415E-02   9.19163E-03   6.67808E-03   3.46675E-03  -9.53334E-03  -7.63005E-03
 3.88200E+02   1.05280E-02  -1.98196E-02  -1.09529E-02  -2.20674E-02  -2.11371E-02  -8.92088E-03  -1.26647E-02   8.91334E-03   4.90338E-03   1.68194E-02   1.57105E-02   1.02268E-02   1.44699E-02  -2.61715E-03  -2.46147E-05  -1.29311E-02  -1.47864E-02  -1.26727E-02  -1.62692E-02  -2.88378E-03  -3.65758E-03   8.01174E-03   1.14149E-02   1.16588E-02   1.56881E-02   6.11825E-03   5.92133E-03  -3.48214E-03  -8.69846E-03  -9.62417E-03  -1.50819E-02  -8.17025E-03  -7.88376E-03  -9.19705E-04   5.96646E-03   6.32901E-03   1.35478E-02   8.14993E-03   7.10914E-03   2.94132E-03  -1.02493E-02  -6.81770E-03
 3.91000E+02   1.07401E-02  -1.99929E-02  -1.14773E-02  -2.15740E-02  -2.19042E-02  -8.10018E-03  -1.29638E-02   9.35544E-03   5.31159E-03   1.64808E-02   1.64119E-02   9.40306E-03   1.49276E-02  -3.32291E-03  -2.82552E-04  -1.27996E-02  -1.55964E-02  -1.16969E-02  -1.69345E-02  -1.88496E-03  -3.59201E-03   8.13118E-03   1.21592E-02   1.07562E-02   1.64635E-02   4.97708E-03   6.05054E-03  -3.83538E-03  -9.33306E-03  -8.84813E-03  -1.59380E-02  -6.93553E-03  -8.23049E-03  -3.19606E-04   6.41338E-03   5.76793E-03   1.43673E-02   6.97294E-03   7.49655E-03   2.34441E-03  -1.08973E-02  -5.90211E-03
 3.93800E+02   1.09133E-02  -2.02397E-02  -1.19528E-02  -2.10195E-02  -2.25773E-02  -7.14079E-03  -1.32073E-02   9.89183E-03   5.68985E-03   1.61166E-02   1.70284E-02   8.46729E-03   1.53091E-02  -4.14221E-03  -5.31726E-04  -1.26750E-02  -1.63098E-02  -1.06070E-02  -1.74981E-02  -7.51639E-04  -3.51176E-03   8.28520E-03   1.28150E-02   9.75839E-03   1.71248E-02   3.69850E-03   6.14324E-03  -4.24318E-03  -9.89136E-03  -7.99470E-03  -1.66712E-02  -5.56235E-03  -8.51687E-03   3.54486E-04   6.80478E-03   5.15143E-03   1.50694E-02   5.66795E-03   7.82423E-03   1.67986E-03  -1.14539E-02  -4.88884E-03
 3.96700E+02   1.10351E-02  -2.05640E-02  -1.23777E-02  -2.03895E-02  -2.31414E-02  -6.01926E-03  -1.33788E-02   1.05351E-02   6.04252E-03   1.57169E-02   1.75493E-02   7.39512E-03   1.55964E-02  -5.09601E-03  -7.81188E-04  -1.25533E-02  -1.69181E-02  -9.37368E-03  -1.79416E-02   5.46356E-04  -3.40533E-03   8.47739E-03   1.33769E-02   8.63794E-03   1.76553E-02   2.24770E-03   6.18755E-03  -4.71631E-03  -1.03695E-02  -7.04011E-03  -1.72662E-02  -4.01285E-03  -8.73154E-03   1.12099E-03   7.13758E-03   4.46225E-03   1.56408E-02   4.19880E-03   8.08376E-03   9.29332E-04  -1.19097E-02  -3.74974E-03
 3.99500E+02   1.10831E-02  -2.09304E-02  -1.27091E-02  -1.97407E-02  -2.35288E-02  -4.84016E-03  -1.34479E-02   1.12238E-02   6.33903E-03   1.53158E-02   1.79151E-02   6.28310E-03   1.57466E-02  -6.09706E-03  -1.01435E-03  -1.24433E-02  -1.73547E-02  -8.10551E-03  -1.82061E-02   1.89325E-03  -3.27329E-03   8.68899E-03   1.37854E-02   7.49217E-03   1.79895E-02   7.52181E-04   6.16917E-03  -5.21216E-03  -1.07178E-02  -6.06665E-03  -1.76527E-02  -2.42197E-03  -8.84410E-03   1.91257E-03   7.37694E-03   3.75970E-03   1.60147E-02   2.69291E-03   8.24290E-03   1.58157E-04  -1.22122E-02  -2.58342E-03
 4.02400E+02   1.10497E-02  -2.13475E-02  -1.29605E-02  -1.90449E-02  -2.37450E-02  -3.55649E-03  -1.34048E-02   1.19837E-02   6.59595E-03   1.48939E-02   1.81336E-02   5.08276E-03   1.57522E-02  -7.18756E-03  -1.24865E-03  -1.23376E-02  -1.76324E-02  -6.74436E-03  -1.82889E-02   3.34927E-03  -3.10076E-03   8.92769E-03   1.40543E-02   6.26686E-03   1.81286E-02  -8.57253E-04   6.07788E-03  -5.75252E-03  -1.09485E-02  -5.02750E-03  -1.78355E-02  -7.14649E-04  -8.85043E-03   2.76594E-03   7.53088E-03   3.00979E-03   1.61970E-02   1.07865E-03   8.30190E-03  -6.70091E-04  -1.23672E-02  -1.33414E-03
 4.05300E+02   1.09258E-02  -2.17823E-02  -1.31135E-02  -1.83463E-02  -2.37618E-02  -2.25303E-03  -1.32372E-02   1.27635E-02   6.79998E-03   1.44763E-02   1.81799E-02   3.86944E-03   1.55956E-02  -8.29823E-03  -1.47664E-03  -1.22410E-02  -1.77231E-02  -5.37293E-03  -1.81657E-02   4.82504E-03  -2.88839E-03   9.17758E-03   1.41587E-02   5.03484E-03   1.80456E-02  -2.48389E-03   5.90805E-03  -6.30410E-03  -1.10408E-02  -3.98367E-03  -1.77856E-02   1.00784E-03  -8.73811E-03   3.63006E-03   7.58483E-03   2.25635E-03   1.61600E-02  -5.48827E-04   8.24747E-03  -1.50639E-03  -1.23530E-02  -7.53506E-05
 4.08300E+02   1.07025E-02  -2.22275E-02  -1.31699E-02  -1.76446E-02  -2.35709E-02  -9.32718E-04  -1.29329E-02   1.35605E-02   6.95698E-03   1.40610E-02   1.80483E-02   2.64143E-03   1.52635E-02  -9.42987E-03  -1.70727E-03  -1.21514E-02  -1.76224E-02  -3.98616E-03  -1.78226E-02   6.32509E-03  -2.62581E-03   9.43813E-03   1.40957E-02   3.78978E-03   1.77275E-02  -4.13505E-03   5.64935E-03  -6.86856E-03  -1.09926E-02  -2.92891E-03  -1.74908E-02   2.75474E-03  -8.49749E-03   4.50911E-03   7.53681E-03   1.49464E-03   1.58929E-02  -2.19887E-03   8.07257E-03  -2.35536E-03  -1.21618E-02   1.20042E-03
 4.11200E+02   1.04010E-02  -2.26327E-02  -1.31339E-02  -1.70081E-02  -2.32002E-02   2.72216E-04  -1.25206E-02   1.42939E-02   7.06143E-03   1.36866E-02   1.77604E-02   1.51745E-03   1.47889E-02  -1.04722E-02  -1.92686E-03  -1.20756E-02  -1.73510E-02  -2.71515E-03  -1.72964E-02   7.70654E-03  -2.33214E-03   9.68313E-03   1.38816E-02   2.64766E-03   1.72106E-02  -5.65572E-03   5.32347E-03  -7.39200E-03  -1.08172E-02  -1.96066E-03  -1.69866E-02   4.36351E-03  -8.15203E-03   5.32080E-03   7.39713E-03   7.94806E-04   1.54282E-02  -3.71856E-03   7.79623E-03  -3.13810E-03  -1.18179E-02   2.37515E-03
 4.14200E+02   1.00126E-02  -2.30076E-02  -1.30174E-02  -1.64118E-02  -2.26514E-02   1.40638E-03  -1.19879E-02   1.49899E-02   7.12868E-03   1.33369E-02   1.73195E-02   4.52079E-04   1.41597E-02  -1.14665E-02  -2.15259E-03  -1.20087E-02  -1.69148E-02  -1.50588E-03  -1.65767E-02   9.02726E-03  -1.99103E-03   9.92167E-03   1.35232E-02   1.55838E-03   1.64866E-02  -7.11161E-03   4.91677E-03  -7.89625E-03  -1.05201E-02  -1.03570E-03  -1.62666E-02   5.90489E-03  -7.69183E-03   6.10038E-03   7.16874E-03   1.25432E-04   1.47605E-02  -5.17528E-03   7.41290E-03  -3.88913E-03  -1.13179E-02   3.50113E-03
 4.17200E+02   9.56229E-03  -2.33240E-02  -1.28388E-02  -1.58922E-02  -2.19703E-02   2.39815E-03  -1.13685E-02   1.56043E-02   7.16478E-03   1.30322E-02   1.67632E-02  -4.90858E-04   1.34169E-02  -1.23533E-02  -2.37916E-03  -1.19538E-02  -1.63527E-02  -4.28465E-04  -1.57124E-02   1.02103E-02  -1.61747E-03   1.01392E-02   1.30531E-02   5.83762E-04   1.56060E-02  -8.41955E-03   4.45114E-03  -8.35204E-03  -1.01284E-02  -2.05889E-04  -1.53820E-02   7.29190E-03  -7.14538E-03   6.80360E-03   6.87123E-03  -4.76146E-04   1.39371E-02  -6.48724E-03   6.94815E-03  -4.56616E-03  -1.06979E-02   4.51529E-03
 4.20200E+02   9.06786E-03  -2.35740E-02  -1.26185E-02  -1.54570E-02  -2.11967E-02   3.23126E-03  -1.06862E-02   1.61267E-02   7.18111E-03   1.27761E-02   1.61252E-02  -1.29788E-03   1.25908E-02  -1.31192E-02  -2.60895E-03  -1.19106E-02  -1.57001E-02   5.03057E-04  -1.47411E-02   1.12398E-02  -1.21765E-03   1.03319E-02   1.25018E-02  -2.64274E-04   1.46084E-02  -9.56283E-03   3.93975E-03  -8.75301E-03  -9.66709E-03   5.18974E-04  -1.43736E-02   8.50740E-03  -6.53298E-03   7.42146E-03   6.52247E-03  -1.00289E-03   1.29963E-02  -7.63850E-03   6.42150E-03  -5.16083E-03  -9.98756E-03   5.40541E-03
 4.23200E+02   8.54679E-03  -2.37550E-02  -1.23765E-02  -1.51083E-02  -2.03696E-02   3.90096E-03  -9.96401E-03   1.65536E-02   7.18887E-03   1.25692E-02   1.54382E-02  -1.96514E-03   1.17109E-02  -1.37602E-02  -2.84436E-03  -1.18786E-02  -1.49918E-02   1.28479E-03  -1.36997E-02   1.21106E-02  -7.97612E-04   1.04984E-02   1.18993E-02  -9.82477E-04   1.35328E-02  -1.05363E-02   3.39548E-03  -9.09690E-03  -9.16089E-03   1.13622E-03  -1.32815E-02   9.54622E-03  -5.87449E-03   7.95102E-03   6.13997E-03  -1.45285E-03   1.19755E-02  -8.62423E-03   5.85207E-03  -5.67052E-03  -9.21557E-03   6.16782E-03
 4.26300E+02   7.99707E-03  -2.38714E-02  -1.21230E-02  -1.48358E-02  -1.94962E-02   4.42638E-03  -9.19818E-03   1.68969E-02   7.19875E-03   1.24053E-02   1.47083E-02  -2.51222E-03   1.07733E-02  -1.42948E-02  -3.09600E-03  -1.18565E-02  -1.42349E-02   1.94001E-03  -1.25848E-02   1.28482E-02  -3.47928E-04   1.06430E-02   1.12515E-02  -1.59239E-03   1.23764E-02  -1.13687E-02   2.81064E-03  -9.39342E-03  -8.61421E-03   1.66440E-03  -1.21034E-02   1.04390E-02  -5.16443E-03   8.40764E-03   5.72595E-03  -1.83951E-03   1.08721E-02  -9.47350E-03   5.23685E-03  -6.11015E-03  -8.38050E-03   6.82505E-03
 4.29400E+02   7.45011E-03  -2.39214E-02  -1.18830E-02  -1.46457E-02  -1.86361E-02   4.79528E-03  -8.43126E-03   1.71483E-02   7.22011E-03   1.22879E-02   1.39852E-02  -2.92540E-03   9.83085E-03  -1.47088E-02  -3.35854E-03  -1.18441E-02  -1.34810E-02   2.45172E-03  -1.14605E-02   1.34328E-02   1.13153E-04   1.07612E-02   1.06028E-02  -2.07784E-03   1.12056E-02  -1.20371E-02   2.21313E-03  -9.63391E-03  -8.06375E-03   2.08930E-03  -1.09072E-02   1.11609E-02  -4.44009E-03   8.77827E-03   5.30716E-03  -2.15233E-03   9.74958E-03  -1.01625E-02   4.60973E-03  -6.46728E-03  -7.53077E-03   7.35871E-03
 4.32500E+02   6.91702E-03  -2.39129E-02  -1.16699E-02  -1.45287E-02  -1.78147E-02   5.02528E-03  -7.67788E-03   1.73177E-02   7.26082E-03   1.22117E-02   1.32903E-02  -3.21954E-03   8.90208E-03  -1.50154E-02  -3.63426E-03  -1.18400E-02  -1.27530E-02   2.83570E-03  -1.03498E-02   1.38805E-02   5.82495E-04   1.08552E-02   9.97245E-03  -2.45240E-03   1.00450E-02  -1.25585E-02   1.61051E-03  -9.82372E-03  -7.52543E-03   2.42204E-03  -9.71803E-03   1.17295E-02  -3.71360E-03   9.07141E-03   4.89480E-03  -2.39913E-03   8.63132E-03  -1.07077E-02   3.98252E-03  -6.75017E-03  -6.68445E-03   7.78141E-03
 4.35600E+02   6.40569E-03  -2.38543E-02  -1.14938E-02  -1.44744E-02  -1.70506E-02   5.13624E-03  -6.94835E-03   1.74168E-02   7.32702E-03   1.21706E-02   1.26393E-02  -3.41137E-03   8.00013E-03  -1.52289E-02  -3.92530E-03  -1.18426E-02  -1.20673E-02   3.10966E-03  -9.26922E-03   1.42094E-02   1.05834E-03   1.09277E-02   9.37469E-03  -2.73123E-03   8.91174E-03  -1.29520E-02   1.00775E-03  -9.96877E-03  -7.01082E-03   2.67503E-03  -8.55366E-03   1.21645E-02  -2.99324E-03   9.29648E-03   4.49697E-03  -2.58863E-03   7.53377E-03  -1.11272E-02   3.36345E-03  -6.96802E-03  -5.85426E-03   8.10720E-03
 4.38700E+02   5.92125E-03  -2.37544E-02  -1.13621E-02  -1.44720E-02  -1.63565E-02   5.14834E-03  -6.24924E-03   1.74570E-02   7.42332E-03   1.21583E-02   1.20426E-02  -3.51784E-03   7.13335E-03  -1.53642E-02  -4.23367E-03  -1.18498E-02  -1.14351E-02   3.29154E-03  -8.22910E-03   1.44379E-02   1.54013E-03   1.09809E-02   8.81906E-03  -2.92965E-03   7.81682E-03  -1.32368E-02   4.07567E-04  -1.00749E-02  -6.52766E-03   2.86078E-03  -7.42534E-03   1.24854E-02  -2.28401E-03   9.46281E-03   4.11901E-03  -2.72962E-03   6.46735E-03  -1.14391E-02   2.75759E-03  -7.12992E-03  -5.04830E-03   8.35007E-03
 4.41900E+02   5.45239E-03  -2.36166E-02  -1.12777E-02  -1.45128E-02  -1.57217E-02   5.07756E-03  -5.56319E-03   1.74481E-02   7.55790E-03   1.21692E-02   1.14905E-02  -3.55533E-03   6.28020E-03  -1.54363E-02  -4.57222E-03  -1.18599E-02  -1.08458E-02   3.40078E-03  -7.20384E-03   1.45863E-02   2.04415E-03   1.10176E-02   8.29582E-03  -3.06557E-03   6.73300E-03  -1.34355E-02  -2.08347E-04  -1.01489E-02  -6.06682E-03   2.99456E-03  -6.30481E-03   1.27162E-02  -1.56598E-03   9.58189E-03   3.75303E-03  -2.83302E-03   5.40500E-03  -1.16661E-02   2.14874E-03  -7.24727E-03  -4.24632E-03   8.52754E-03
 4.45100E+02   5.01644E-03  -2.34517E-02  -1.12490E-02  -1.45871E-02  -1.51741E-02   4.94141E-03  -4.91458E-03   1.73986E-02   7.73088E-03   1.21974E-02   1.10069E-02  -3.53533E-03   5.47091E-03  -1.54528E-02  -4.93336E-03  -1.18703E-02  -1.03247E-02   3.44721E-03  -6.22982E-03   1.46622E-02   2.55628E-03   1.10372E-02   7.82687E-03  -3.14589E-03   5.69844E-03  -1.35545E-02  -8.21163E-04  -1.01916E-02  -5.64695E-03   3.08111E-03  -5.23127E-03   1.28623E-02  -8.62455E-04   9.65540E-03   3.41313E-03  -2.90168E-03   4.38359E-03  -1.18126E-02   1.55729E-03  -7.32194E-03  -3.47630E-03   8.64302E-03
 4.48300E+02   4.61322E-03  -2.32667E-02  -1.12779E-02  -1.46849E-02  -1.47154E-02   4.75725E-03  -4.30283E-03   1.73174E-02   7.94418E-03   1.22367E-02   1.05930E-02  -3.47231E-03   4.70472E-03  -1.54252E-02  -5.31906E-03  -1.18781E-02  -9.87282E-03   3.44606E-03  -5.30620E-03   1.46797E-02   3.07840E-03   1.10403E-02   7.41311E-03  -3.18351E-03   4.71217E-03  -1.36083E-02  -1.43259E-03  -1.02063E-02  -5.26862E-03   3.13080E-03  -4.20364E-03   1.29385E-02  -1.72015E-04   9.68969E-03   3.09952E-03  -2.94269E-03   3.40199E-03  -1.18920E-02   9.82327E-04  -7.36043E-03  -2.73746E-03   8.70699E-03
 4.51500E+02   4.24164E-03  -2.30675E-02  -1.13651E-02  -1.47971E-02  -1.43448E-02   4.54040E-03  -3.72609E-03   1.72120E-02   8.19919E-03   1.22810E-02   1.02480E-02  -3.37897E-03   3.97927E-03  -1.53628E-02  -5.73123E-03  -1.18800E-02  -9.48960E-03   3.41064E-03  -4.43014E-03   1.46502E-02   3.61277E-03   1.10266E-02   7.05386E-03  -3.18963E-03   3.77110E-03  -1.36088E-02  -2.04505E-03  -1.01951E-02  -4.93110E-03   3.15254E-03  -3.21868E-03   1.29567E-02   5.07865E-04   9.68940E-03   2.81143E-03  -2.96204E-03   2.45704E-03  -1.19152E-02   4.21851E-04  -7.36775E-03  -2.02745E-03   8.72778E-03
 4.54800E+02   3.88979E-03  -2.28524E-02  -1.15163E-02  -1.49189E-02  -1.40529E-02   4.29681E-03  -3.16524E-03   1.70842E-02   8.50689E-03   1.23253E-02   9.96272E-03  -3.26269E-03   3.27031E-03  -1.52697E-02  -6.18588E-03  -1.18721E-02  -9.16429E-03   3.35048E-03  -3.57222E-03   1.45803E-02   4.17924E-03   1.09935E-02   6.73866E-03  -3.17317E-03   2.84334E-03  -1.35629E-02  -2.68074E-03  -1.01572E-02  -4.62410E-03   3.15369E-03  -2.24278E-03   1.29241E-02   1.20126E-03   9.65603E-03   2.53968E-03  -2.96455E-03   1.51631E-03  -1.18887E-02  -1.43714E-04  -7.34634E-03  -1.32196E-03   8.71069E-03
 4.58100E+02   3.56759E-03  -2.26317E-02  -1.17292E-02  -1.50382E-02  -1.38498E-02   4.04592E-03  -2.63553E-03   1.69418E-02   8.86068E-03   1.23618E-02   9.74631E-03  -3.13667E-03   2.59692E-03  -1.51534E-02  -6.67234E-03  -1.18496E-02  -8.90711E-03   3.27728E-03  -2.75540E-03   1.44774E-02   4.76393E-03   1.09388E-02   6.47705E-03  -3.14264E-03   1.95351E-03  -1.34772E-02  -3.32374E-03  -1.00920E-02  -4.35653E-03   3.14019E-03  -1.30167E-03   1.28464E-02   1.89051E-03   9.59054E-03   2.29183E-03  -2.95374E-03   6.04456E-04  -1.18169E-02  -6.99778E-04  -7.29779E-03  -6.39527E-04   8.65923E-03
 4.61400E+02   3.27266E-03  -2.24090E-02  -1.20031E-02  -1.51463E-02  -1.37318E-02   3.79954E-03  -2.13350E-03   1.67887E-02   9.26088E-03   1.23837E-02   9.59565E-03  -3.01043E-03   1.95472E-03  -1.50184E-02  -7.19204E-03  -1.18073E-02  -8.71470E-03   3.20083E-03  -1.97434E-03   1.43468E-02   5.36925E-03   1.08590E-02   6.26605E-03  -3.10596E-03   1.09591E-03  -1.33564E-02  -3.97710E-03  -9.99764E-03  -4.12581E-03   3.11798E-03  -3.89458E-04   1.27279E-02   2.57925E-03   9.49271E-03   2.06586E-03  -2.93316E-03  -2.84099E-04  -1.17034E-02  -1.24949E-03  -7.22294E-03   2.40728E-05   8.57628E-03
 4.64700E+02   3.00262E-03  -2.21870E-02  -1.23365E-02  -1.52347E-02  -1.36948E-02   3.56858E-03  -1.65575E-03   1.66273E-02   9.70736E-03   1.23836E-02   9.50727E-03  -2.89261E-03   1.33942E-03  -1.48675E-02  -7.74596E-03  -1.17393E-02  -8.58337E-03   3.12995E-03  -1.22385E-03   1.41918E-02   5.99712E-03   1.07495E-02   6.10247E-03  -3.07017E-03   2.65106E-04  -1.32033E-02  -4.64345E-03  -9.87071E-03  -3.92922E-03   3.09212E-03   4.99437E-04   1.25707E-02   3.27076E-03   9.36075E-03   1.85974E-03  -2.90563E-03  -1.15458E-03  -1.15495E-02  -1.79571E-03  -7.12126E-03   6.72811E-04   8.46299E-03
 4.68100E+02   2.74797E-03  -2.19614E-02  -1.27404E-02  -1.52961E-02  -1.37367E-02   3.35765E-03  -1.18558E-03   1.64540E-02   1.02149E-02   1.23525E-02   9.47737E-03  -2.78856E-03   7.29480E-04  -1.46968E-02  -8.35277E-03  -1.16351E-02  -8.50777E-03   3.07132E-03  -4.77595E-04   1.40080E-02   6.66889E-03   1.05996E-02   5.97993E-03  -3.04091E-03  -5.67994E-04  -1.30123E-02  -5.34556E-03  -9.70100E-03  -3.75942E-03   3.06629E-03   1.39606E-03   1.23680E-02   3.98884E-03   9.18561E-03   1.66602E-03  -2.87235E-03  -2.03732E-03  -1.13477E-02  -2.35735E-03  -6.98659E-03   1.32930E-03   8.31412E-03
 4.71500E+02   2.51483E-03  -2.17408E-02  -1.32026E-02  -1.53174E-02  -1.38544E-02   3.18497E-03  -7.34739E-04   1.62742E-02   1.07691E-02   1.22810E-02   9.50506E-03  -2.71045E-03   1.40199E-04  -1.45112E-02  -8.99551E-03  -1.14881E-02  -8.48811E-03   3.03562E-03   2.45644E-04   1.38000E-02   7.36612E-03   1.04047E-02   5.90022E-03  -3.02571E-03  -1.38219E-03  -1.27866E-02  -6.06442E-03  -9.48541E-03  -3.61980E-03   3.04549E-03   2.27738E-03   1.21221E-02   4.71431E-03   8.96566E-03   1.48917E-03  -2.83595E-03  -2.90944E-03  -1.10992E-02  -2.91956E-03  -6.81847E-03   1.97659E-03   8.13069E-03
 4.74900E+02   2.30092E-03  -2.15265E-02  -1.37190E-02  -1.52885E-02  -1.40414E-02   3.06135E-03  -3.00654E-04   1.60881E-02   1.13667E-02   1.21593E-02   9.58522E-03  -2.66650E-03  -4.31394E-04  -1.43099E-02  -9.67206E-03  -1.12890E-02  -8.51916E-03   3.03092E-03   9.49259E-04   1.35665E-02   8.08756E-03   1.01564E-02   5.85909E-03  -3.03061E-03  -2.18055E-03  -1.25235E-02  -6.79946E-03  -9.21633E-03  -3.50720E-03   3.03351E-03   3.14614E-03   1.18291E-02   5.44743E-03   8.69451E-03   1.32729E-03  -2.79789E-03  -3.77314E-03  -1.07993E-02  -3.48303E-03  -6.61269E-03   2.61643E-03   7.90946E-03
 4.78300E+02   2.10406E-03  -2.13199E-02  -1.42838E-02  -1.51986E-02  -1.42903E-02   2.99748E-03   1.18653E-04   1.58949E-02   1.20030E-02   1.19774E-02   9.71191E-03  -2.66473E-03  -9.87363E-04  -1.40915E-02  -1.03784E-02  -1.10281E-02  -8.59495E-03   3.06506E-03   1.63540E-03   1.33051E-02   8.83000E-03   9.84530E-03   5.85186E-03  -3.06135E-03  -2.96459E-03  -1.22192E-02  -7.54818E-03  -8.88512E-03  -3.41831E-03   3.03382E-03   4.00321E-03   1.14836E-02   6.18657E-03   8.36465E-03   1.17860E-03  -2.75928E-03  -4.62866E-03  -1.04421E-02  -4.04702E-03  -6.36417E-03   3.24911E-03   7.64614E-03
 4.81700E+02   1.92222E-03  -2.11218E-02  -1.48893E-02  -1.50370E-02  -1.45918E-02   3.00386E-03   5.24478E-04   1.56938E-02   1.26710E-02   1.17248E-02   9.87804E-03  -2.71296E-03  -1.52871E-03  -1.38539E-02  -1.11084E-02  -1.06949E-02  -8.70847E-03   3.14560E-03   2.30478E-03   1.30126E-02   9.58789E-03   9.46150E-03   5.87320E-03  -3.12338E-03  -3.73391E-03  -1.18687E-02  -8.30571E-03  -8.48254E-03  -3.34960E-03   3.04960E-03   4.84724E-03   1.10797E-02   6.92783E-03   7.96790E-03   1.04150E-03  -2.72098E-03  -5.47388E-03  -1.00205E-02  -4.60913E-03  -6.06727E-03   3.87321E-03   7.33573E-03
 4.85200E+02   1.74868E-03  -2.09275E-02  -1.55442E-02  -1.47847E-02  -1.49452E-02   3.09433E-03   9.28721E-04   1.54769E-02   1.33819E-02   1.13800E-02   1.00813E-02  -2.82261E-03  -2.07051E-03  -1.35865E-02  -1.18749E-02  -1.02656E-02  -8.85595E-03   3.28447E-03   2.97533E-03   1.26753E-02   1.03753E-02   8.98003E-03   5.91847E-03  -3.22526E-03  -4.50781E-03  -1.14543E-02  -9.08659E-03  -7.98371E-03  -3.29586E-03   3.08502E-03   5.69830E-03   1.05956E-02   7.68614E-03   7.48079E-03   9.10964E-04  -2.68251E-03  -6.32806E-03  -9.51158E-03  -5.18116E-03  -5.70492E-03   4.50307E-03   6.96139E-03
 4.88700E+02   1.58695E-03  -2.07435E-02  -1.62169E-02  -1.44349E-02  -1.53275E-02   3.27953E-03   1.31895E-03   1.52487E-02   1.41028E-02   1.09391E-02   1.03062E-02  -3.00022E-03  -2.59499E-03  -1.32936E-02  -1.26436E-02  -9.73877E-03  -9.02381E-03   3.48690E-03   3.62411E-03   1.22974E-02   1.11576E-02   8.40106E-03   5.97962E-03  -3.37053E-03  -5.25806E-03  -1.09800E-02  -9.85681E-03  -7.38988E-03  -3.25472E-03   3.14255E-03   6.52395E-03   1.00356E-02   8.42925E-03   6.90538E-03   7.89747E-04  -2.64553E-03  -7.15755E-03  -8.91899E-03  -5.73935E-03  -5.27911E-03   5.11399E-03   6.52597E-03
 4.92300E+02   1.43085E-03  -2.05653E-02  -1.69088E-02  -1.39647E-02  -1.57322E-02   3.57687E-03   1.70440E-03   1.50007E-02   1.48366E-02   1.03768E-02   1.05463E-02  -3.25970E-03  -3.11311E-03  -1.29631E-02  -1.34187E-02  -9.08632E-03  -9.20440E-03   3.76709E-03   4.26338E-03   1.18631E-02   1.19395E-02   7.69538E-03   6.04953E-03  -3.56920E-03  -5.99654E-03  -1.04248E-02  -1.06215E-02  -6.67196E-03  -3.22007E-03   3.22696E-03   7.33539E-03   9.37423E-03   9.16297E-03   6.21419E-03   6.73441E-04  -2.60941E-03  -7.97217E-03  -8.21564E-03  -6.28875E-03  -4.76982E-03   5.71338E-03   6.00965E-03
 4.95800E+02   1.28707E-03  -2.04031E-02  -1.75597E-02  -1.33954E-02  -1.61158E-02   3.97439E-03   2.06155E-03   1.47459E-02   1.55216E-02   9.71945E-03   1.07729E-02  -3.59002E-03  -3.59148E-03  -1.26121E-02  -1.41362E-02  -8.33962E-03  -9.37287E-03   4.11273E-03   4.85044E-03   1.13945E-02   1.26572E-02   6.89741E-03   6.11380E-03  -3.81254E-03  -6.67126E-03  -9.81695E-03  -1.13187E-02  -5.86530E-03  -3.18797E-03   3.33486E-03   8.07338E-03   8.64500E-03   9.82883E-03   5.44154E-03   5.67320E-04  -2.57640E-03  -8.71082E-03  -7.43698E-03  -6.78636E-03  -4.20251E-03   6.25644E-03   5.43850E-03
 4.99400E+02   1.14541E-03  -2.02475E-02  -1.81820E-02  -1.26944E-02  -1.64762E-02   4.49481E-03   2.40781E-03   1.44698E-02   1.61724E-02   8.92942E-03   1.09811E-02  -4.01013E-03  -4.05143E-03  -1.22207E-02  -1.48124E-02  -7.45604E-03  -9.52197E-03   4.54372E-03   5.40971E-03   1.08652E-02   1.33274E-02   5.96165E-03   6.16421E-03  -4.11465E-03  -7.30718E-03  -9.12205E-03  -1.19648E-02  -4.92404E-03  -3.15007E-03   3.47259E-03   8.76267E-03   7.80668E-03   1.04436E-02   4.54358E-03   4.64208E-04  -2.54476E-03  -9.39635E-03  -6.53897E-03  -7.24555E-03  -3.54503E-03   6.76017E-03   4.78023E-03
 5.03000E+02   1.00811E-03  -2.01029E-02  -1.87293E-02  -1.18829E-02  -1.67762E-02   5.12232E-03   2.72923E-03   1.41806E-02   1.67423E-02   8.03049E-03   1.11454E-02  -4.50748E-03  -4.47207E-03  -1.18006E-02  -1.53993E-02  -6.46200E-03  -9.62873E-03   5.04731E-03   5.91354E-03   1.02910E-02   1.39023E-02   4.91605E-03   6.18619E-03  -4.46666E-03  -7.86913E-03  -8.36101E-03  -1.25138E-02  -3.87626E-03  -3.10047E-03   3.63618E-03   9.36204E-03   6.88446E-03   1.09641E-02   3.54716E-03   3.66199E-04  -2.51556E-03  -9.98540E-03  -5.54858E-03  -7.63491E-03  -2.81708E-03   7.19285E-03   4.05462E-03
 5.06600E+02   8.73338E-04  -1.99689E-02  -1.91756E-02  -1.09751E-02  -1.69911E-02   5.84404E-03   3.02230E-03   1.38811E-02   1.72053E-02   7.03680E-03   1.12477E-02  -5.07285E-03  -4.84659E-03  -1.13566E-02  -1.58708E-02  -5.37197E-03  -9.67573E-03   5.61491E-03   6.35169E-03   9.67879E-03   1.43562E-02   3.77505E-03   6.16755E-03  -4.86275E-03  -8.34209E-03  -7.54325E-03  -1.29407E-02  -2.73604E-03  -3.03259E-03   3.82277E-03   9.85239E-03   5.88998E-03   1.13674E-02   2.46540E-03   2.72356E-04  -2.48880E-03  -1.04569E-02  -4.47844E-03  -7.93815E-03  -2.02810E-03   7.53914E-03   3.27091E-03
 5.10300E+02   7.35730E-04  -1.98411E-02  -1.95050E-02  -9.96483E-03  -1.71002E-02   6.66312E-03   3.29085E-03   1.35666E-02   1.75462E-02   5.93969E-03   1.12715E-02  -5.70986E-03  -5.17731E-03  -1.08828E-02  -1.62111E-02  -4.17503E-03  -9.64576E-03   6.25096E-03   6.72426E-03   9.02077E-03   1.46727E-02   2.52631E-03   6.09477E-03  -5.30627E-03  -8.72174E-03  -6.65874E-03  -1.32292E-02  -1.49052E-03  -2.93769E-03   4.03380E-03   1.02253E-02   4.81123E-03   1.16388E-02   1.28577E-03   1.79351E-04  -2.46377E-03  -1.07995E-02  -3.31573E-03  -8.14507E-03  -1.16884E-03   7.79092E-03   2.41966E-03
 5.14000E+02   5.97555E-04  -1.97224E-02  -1.96854E-02  -8.90670E-03  -1.70790E-02   7.53286E-03   3.52426E-03   1.32512E-02   1.77328E-02   4.79622E-03   1.12000E-02  -6.38369E-03  -5.44889E-03  -1.04013E-02  -1.63875E-02  -2.93158E-03  -9.52417E-03   6.92179E-03   7.01150E-03   8.34794E-03   1.48197E-02   1.23154E-03   5.95893E-03  -5.77405E-03  -8.98360E-03  -5.74965E-03  -1.33484E-02  -2.00573E-04  -2.81249E-03   4.25804E-03   1.04525E-02   3.69979E-03   1.17493E-02   6.54526E-05   8.90023E-05  -2.44117E-03  -1.09840E-02  -2.11620E-03  -8.23470E-03  -2.80734E-04   7.92680E-03   1.54163E-03
 5.17700E+02   4.57659E-04  -1.96114E-02  -1.97082E-02  -7.83623E-03  -1.69185E-02   8.42108E-03   3.72219E-03   1.29414E-02   1.77565E-02   3.64181E-03   1.10264E-02  -7.07124E-03  -5.66005E-03  -9.92357E-03  -1.63914E-02  -1.67780E-03  -9.30422E-03   7.60571E-03   7.21103E-03   7.67700E-03   1.47886E-02  -7.31591E-05   5.75506E-03  -6.25130E-03  -9.12357E-03  -4.83919E-03  -1.32900E-02   1.09876E-03  -2.65408E-03   4.48813E-03   1.05285E-02   2.58436E-03   1.16915E-02  -1.16299E-03   5.35809E-07  -2.42085E-03  -1.10038E-02  -9.11024E-04  -8.20170E-03   6.12774E-04   7.94200E-03   6.59565E-04
 5.21400E+02   3.15255E-04  -1.95067E-02  -1.95751E-02  -6.79009E-03  -1.66191E-02   9.29452E-03   3.88629E-03   1.26439E-02   1.76193E-02   2.51308E-03   1.07509E-02  -7.74858E-03  -5.81293E-03  -9.46164E-03  -1.62248E-02  -4.51085E-04  -8.98560E-03   8.28025E-03   7.32539E-03   7.02516E-03   1.45814E-02  -1.35047E-03   5.48254E-03  -6.72272E-03  -9.14429E-03  -3.95134E-03  -1.30559E-02   2.37119E-03  -2.46168E-03   4.71639E-03   1.04557E-02   1.49460E-03   1.14672E-02  -2.36586E-03  -8.67583E-05  -2.40262E-03  -1.08613E-02   2.67569E-04  -8.04751E-03   1.48744E-03   7.83832E-03  -2.03010E-04
 5.25200E+02   1.65937E-04  -1.94044E-02  -1.92891E-02  -5.77679E-03  -1.61776E-02   1.01437E-02   4.02336E-03   1.23580E-02   1.73239E-02   1.41630E-03   1.03688E-02  -8.41020E-03  -5.91505E-03  -9.01522E-03  -1.58896E-02   7.44079E-04  -8.56190E-03   8.94122E-03   7.36188E-03   6.39231E-03   1.41984E-02  -2.59733E-03   5.13504E-03  -7.18574E-03  -9.05118E-03  -3.08639E-03  -1.26452E-02   3.61456E-03  -2.23016E-03   4.94136E-03   1.02376E-02   4.31050E-04   1.10752E-02  -3.54167E-03  -1.75883E-04  -2.38587E-03  -1.05579E-02   1.41884E-03  -7.77151E-03   2.34240E-03   7.61675E-03  -1.04563E-03
 5.29000E+02   1.33628E-05  -1.93061E-02  -1.88741E-02  -4.85565E-03  -1.56192E-02   1.09166E-02   4.13412E-03   1.20972E-02   1.68944E-02   4.12990E-04   9.89952E-03  -9.01742E-03  -5.97047E-03  -8.60679E-03  -1.54109E-02   1.84278E-03  -8.05239E-03   9.55119E-03   7.32848E-03   5.81058E-03   1.36655E-02  -3.74744E-03   4.72667E-03  -7.61445E-03  -8.85802E-03  -2.28866E-03  -1.20836E-02   4.76352E-03  -1.96757E-03   5.15022E-03   9.89295E-03  -5.51621E-04   1.05395E-02  -4.62910E-03  -2.65133E-04  -2.37087E-03  -1.01153E-02   2.48345E-03  -7.39083E-03   3.13330E-03   7.29307E-03  -1.82492E-03
 5.32800E+02  -1.42407E-04  -1.92107E-02  -1.83586E-02  -4.04841E-03  -1.49686E-02   1.15935E-02   4.22536E-03   1.18653E-02   1.63595E-02  -4.75134E-04   9.36036E-03  -9.55577E-03  -5.99016E-03  -8.24311E-03  -1.48179E-02   2.82277E-03  -7.47284E-03   1.00964E-02   7.24026E-03   5.28988E-03   1.30116E-02  -4.77847E-03   4.26770E-03  -7.99932E-03  -8.58471E-03  -1.57223E-03  -1.13990E-02   5.79625E-03  -1.67855E-03   5.33807E-03   9.44553E-03  -1.43576E-03   9.88587E-03  -5.60781E-03  -3.55142E-04  -2.35733E-03  -9.55861E-03   3.44205E-03  -6.92409E-03   3.84550E-03   6.88573E-03  -2.52675E-03
 5.36600E+02  -3.01206E-04  -1.91176E-02  -1.77741E-02  -3.36720E-03  -1.42529E-02   1.21627E-02   4.30433E-03   1.16642E-02   1.57505E-02  -1.23596E-03   8.77033E-03  -1.00169E-02  -5.98592E-03  -7.92764E-03  -1.41426E-02   3.67156E-03  -6.84059E-03   1.05688E-02   7.11348E-03   4.83550E-03   1.22681E-02  -5.67777E-03   3.76944E-03  -8.33464E-03  -8.25274E-03  -9.44861E-04  -1.06215E-02   6.70024E-03  -1.36824E-03   5.50187E-03   8.92108E-03  -2.21144E-03   9.14230E-03  -6.46610E-03  -4.46520E-04  -2.34495E-03  -8.91535E-03   4.28361E-03  -6.39144E-03   4.47055E-03   6.41470E-03  -3.14307E-03
 5.40500E+02  -4.67159E-04  -1.90238E-02  -1.71346E-02  -2.80235E-03  -1.34787E-02   1.26316E-02   4.38007E-03   1.14897E-02   1.50808E-02  -1.88119E-03   8.13144E-03  -1.04070E-02  -5.96880E-03  -7.65438E-03  -1.33965E-02   4.40277E-03  -6.15471E-03   1.09749E-02   6.95992E-03   4.43906E-03   1.14442E-02  -6.45998E-03   3.22880E-03  -8.62499E-03  -7.87303E-03  -3.95510E-04  -9.75788E-03   7.49022E-03  -1.03288E-03   5.64359E-03   8.32899E-03  -2.89190E-03   8.31420E-03  -7.21793E-03  -5.42351E-04  -2.33310E-03  -8.19303E-03   5.02219E-03  -5.79684E-03   5.01866E-03   5.88543E-03  -3.68419E-03
 5.44400E+02  -6.36027E-04  -1.89312E-02  -1.64847E-02  -2.36886E-03  -1.26899E-02   1.29872E-02   4.45739E-03   1.13458E-02   1.43952E-02  -2.39366E-03   7.47663E-03  -1.07152E-02  -5.94999E-03  -7.42993E-03  -1.26267E-02   4.99674E-03  -5.44753E-03   1.13031E-02   6.79797E-03   4.11056E-03   1.05879E-02  -7.10370E-03   2.66897E-03  -8.86160E-03  -7.47401E-03   6.13658E-05  -8.85601E-03   8.14421E-03  -6.85113E-04   5.75860E-03   7.70639E-03  -3.45866E-03   7.44632E-03  -7.84218E-03  -6.40885E-04  -2.32168E-03  -7.43328E-03   5.63735E-03  -5.17242E-03   5.47442E-03   5.32829E-03  -4.13508E-03
 5.48400E+02  -8.12288E-04  -1.88375E-02  -1.58335E-02  -2.04964E-03  -1.18879E-02   1.32432E-02   4.54465E-03   1.12271E-02   1.37018E-02  -2.79237E-03   6.80405E-03  -1.09522E-02  -5.93903E-03  -7.24578E-03  -1.18389E-02   5.47431E-03  -4.71406E-03   1.15639E-02   6.63685E-03   3.83813E-03   9.70196E-03  -7.63045E-03   2.08378E-03  -9.05156E-03  -7.06249E-03   4.41364E-04  -7.91581E-03   8.68330E-03  -3.19456E-04   5.84995E-03   7.05718E-03  -3.93029E-03   6.53746E-03  -8.35856E-03  -7.45411E-04  -2.30993E-03  -6.63736E-03   6.14869E-03  -4.51730E-03   5.85208E-03   4.74411E-03  -4.51007E-03
 5.52300E+02  -9.87313E-04  -1.87468E-02  -1.52335E-02  -1.84611E-03  -1.11299E-02   1.33990E-02   4.64255E-03   1.11356E-02   1.30550E-02  -3.07177E-03   6.15887E-03  -1.11145E-02  -5.94442E-03  -7.10524E-03  -1.10925E-02   5.82591E-03  -4.00118E-03   1.17514E-02   6.49523E-03   3.62766E-03   8.84992E-03  -8.02752E-03   1.50887E-03  -9.18963E-03  -6.67264E-03   7.35163E-04  -7.00259E-03   9.09320E-03   4.31414E-05   5.91469E-03   6.42966E-03  -4.29423E-03   5.64986E-03  -8.75267E-03  -8.51342E-04  -2.29784E-03  -5.86170E-03   6.54200E-03  -3.87631E-03   6.14096E-03   4.17420E-03  -4.79867E-03
 5.56300E+02  -1.17042E-03  -1.86544E-02  -1.46690E-02  -1.73100E-03  -1.03893E-02   1.34767E-02   4.76019E-03   1.10623E-02   1.24367E-02  -3.26287E-03   5.51638E-03  -1.12199E-02  -5.97273E-03  -6.99425E-03  -1.03640E-02   6.08608E-03  -3.27954E-03   1.18834E-02   6.37408E-03   3.45938E-03   8.00234E-03  -8.33097E-03   9.19091E-04  -9.28771E-03  -6.29474E-03   9.68971E-04  -6.08285E-03   9.40943E-03   4.19637E-04   5.95797E-03   5.80342E-03  -4.58181E-03   4.75014E-03  -9.05778E-03  -9.64758E-04  -2.28412E-03  -5.07865E-03   6.85044E-03  -3.22533E-03   6.36518E-03   3.59818E-03  -5.02508E-03
 5.60300E+02  -1.35764E-03  -1.85622E-02  -1.41664E-02  -1.69330E-03  -9.69421E-03   1.34855E-02   4.89845E-03   1.10050E-02   1.18740E-02  -3.37442E-03   4.89865E-03  -1.12730E-02  -6.02876E-03  -6.90961E-03  -9.68302E-03   6.26143E-03  -2.57185E-03   1.19624E-02   6.28324E-03   3.32995E-03   7.19070E-03  -8.54516E-03   3.31535E-04  -9.34636E-03  -5.94609E-03   1.14582E-03  -5.18875E-03   9.63466E-03   8.00114E-04   5.97943E-03   5.20254E-03  -4.79538E-03   3.86890E-03  -9.27551E-03  -1.08365E-03  -2.26823E-03  -4.31613E-03   7.07571E-03  -2.58638E-03   6.52567E-03   3.03647E-03  -5.19046E-03
 5.64400E+02  -1.55438E-03  -1.84672E-02  -1.37220E-02  -1.71732E-03  -9.03380E-03   1.34374E-02   5.06400E-03   1.09578E-02   1.13615E-02  -3.42356E-03   4.29403E-03  -1.12824E-02  -6.11837E-03  -6.84260E-03  -9.04034E-03   6.36999E-03  -1.86298E-03   1.19958E-02   6.22565E-03   3.22796E-03   6.40155E-03  -8.68767E-03  -2.67585E-04  -9.36967E-03  -5.62362E-03   1.27948E-03  -4.30369E-03   9.78513E-03   1.19432E-03   5.97998E-03   4.61767E-03  -4.95007E-03   2.98899E-03  -9.42037E-03  -1.21182E-03  -2.24869E-03  -3.56035E-03   7.23284E-03  -1.94698E-03   6.63285E-03   2.47884E-03  -5.30570E-03
 5.68400E+02  -1.75168E-03  -1.83734E-02  -1.33608E-02  -1.78588E-03  -8.44213E-03   1.33473E-02   5.25041E-03   1.09182E-02   1.09272E-02  -3.42346E-03   3.73284E-03  -1.12557E-02  -6.23932E-03  -6.78925E-03  -8.46999E-03   6.42143E-03  -1.18767E-03   1.19883E-02   6.20649E-03   3.14943E-03   5.67548E-03  -8.76502E-03  -8.49438E-04  -9.35951E-03  -5.34530E-03   1.37373E-03  -3.47244E-03   9.86530E-03   1.58366E-03   5.96009E-03   4.07931E-03  -5.04922E-03   2.15461E-03  -9.49555E-03  -1.34361E-03  -2.22528E-03  -2.84981E-03   7.32473E-03  -1.33919E-03   6.68870E-03   1.95365E-03  -5.37279E-03
 5.72500E+02  -1.96001E-03  -1.82751E-02  -1.30653E-02  -1.88731E-03  -7.88939E-03   1.32221E-02   5.46810E-03   1.08789E-02   1.05499E-02  -3.38866E-03   3.18637E-03  -1.11985E-02  -6.39889E-03  -6.73965E-03  -7.94373E-03   6.43196E-03  -5.11066E-04   1.19443E-02   6.22588E-03   3.08170E-03   4.97595E-03  -8.79296E-03  -1.44430E-03  -9.31720E-03  -5.09785E-03   1.44283E-03  -2.65282E-03   9.88912E-03   1.98855E-03   5.91850E-03   3.56065E-03  -5.10735E-03   1.32329E-03  -9.51314E-03  -1.48610E-03  -2.19544E-03  -2.14865E-03   7.36485E-03  -7.32115E-04   6.70186E-03   1.43440E-03  -5.40148E-03
 5.76700E+02  -2.18041E-03  -1.81707E-02  -1.28400E-02  -2.00950E-03  -7.37779E-03   1.30698E-02   5.71961E-03   1.08348E-02   1.02335E-02  -3.33032E-03   2.65512E-03  -1.11144E-02  -6.60013E-03  -6.68664E-03  -7.46432E-03   6.41095E-03   1.67627E-04   1.18646E-02   6.28680E-03   3.01703E-03   4.30437E-03  -8.77799E-03  -2.05369E-03  -9.24095E-03  -4.88348E-03   1.49365E-03  -1.84510E-03   9.86037E-03   2.41051E-03   5.85248E-03   3.06288E-03  -5.12959E-03   4.94739E-04  -9.47512E-03  -1.64024E-03  -2.15702E-03  -1.45719E-03   7.35642E-03  -1.25437E-04   6.67345E-03   9.21245E-04  -5.39392E-03
 5.80800E+02  -2.40282E-03  -1.80637E-02  -1.26933E-02  -2.13378E-03  -6.92895E-03   1.29063E-02   5.99297E-03   1.07825E-02   9.99031E-03  -3.26324E-03   2.16222E-03  -1.10118E-02  -6.83310E-03  -6.62548E-03  -7.05183E-03   6.36997E-03   8.18280E-04   1.17548E-02   6.38553E-03   2.95040E-03   3.68985E-03  -8.72888E-03  -2.65021E-03  -9.13362E-03  -4.71090E-03   1.53154E-03  -1.08493E-03   9.78603E-03   2.83035E-03   5.76316E-03   2.60767E-03  -5.12139E-03  -2.94191E-04  -9.38730E-03  -1.79886E-03  -2.10992E-03  -8.06038E-04   7.30486E-03   4.53785E-04   6.60745E-03   4.36946E-04  -5.35398E-03
 5.85000E+02  -2.63831E-03  -1.79469E-02  -1.26140E-02  -2.25410E-03  -6.51749E-03   1.27311E-02   6.30087E-03   1.07137E-02   9.80491E-03  -3.19529E-03   1.68120E-03  -1.08888E-02  -7.10798E-03  -6.54566E-03  -6.68248E-03   6.31632E-03   1.47475E-03   1.16099E-02   6.52519E-03   2.87050E-03   3.09899E-03  -8.64965E-03  -3.26419E-03  -8.98782E-03  -4.56951E-03   1.56541E-03  -3.32152E-04   9.66611E-03   3.26905E-03   5.64321E-03   2.17031E-03  -5.08757E-03  -1.08461E-03  -9.24724E-03  -1.96961E-03  -2.04958E-03  -1.60910E-04   7.21084E-03   1.03563E-03   6.50170E-03  -4.39347E-05  -5.28188E-03
 5.89300E+02  -2.88728E-03  -1.78175E-02  -1.26024E-02  -2.35815E-03  -6.14284E-03   1.25502E-02   6.64387E-03   1.06210E-02   9.67702E-03  -3.13715E-03   1.21132E-03  -1.07464E-02  -7.42518E-03  -6.43792E-03  -6.35566E-03   6.25756E-03   2.13797E-03   1.14264E-02   6.70588E-03   2.76822E-03   2.53091E-03  -8.54313E-03  -3.89639E-03  -8.79742E-03  -4.45895E-03   1.60154E-03   4.14181E-04   9.49919E-03   3.72701E-03   5.48658E-03   1.75020E-03  -5.03029E-03  -1.87739E-03  -9.05120E-03  -2.15260E-03  -1.97246E-03   4.78922E-04   7.07293E-03   1.62067E-03   6.35300E-03  -5.21919E-04  -5.17627E-03
 5.93500E+02  -3.13760E-03  -1.76791E-02  -1.26528E-02  -2.43026E-03  -5.81819E-03   1.23774E-02   7.00361E-03   1.05024E-02   9.60696E-03  -3.10108E-03   7.72323E-04  -1.05923E-02  -7.76661E-03  -6.29934E-03  -6.08179E-03   6.20355E-03   2.77782E-03   1.12106E-02   6.91550E-03   2.64037E-03   2.00865E-03  -8.41769E-03  -4.51674E-03  -8.56670E-03  -4.38105E-03   1.64412E-03   1.12131E-03   9.29304E-03   4.18170E-03   5.29587E-03   1.36440E-03  -4.95502E-03  -2.63663E-03  -8.80643E-03  -2.33829E-03  -1.87928E-03   1.08521E-03   6.89749E-03   2.18223E-03   6.16656E-03  -9.75777E-04  -5.04180E-03
 5.97800E+02  -3.39996E-03  -1.75221E-02  -1.27601E-02  -2.46345E-03  -5.52353E-03   1.22093E-02   7.39351E-03   1.03456E-02   9.58460E-03  -3.09435E-03   3.41679E-04  -1.04196E-02  -8.14369E-03  -6.11512E-03  -5.84253E-03   6.15800E-03   3.42422E-03   1.09488E-02   7.15901E-03   2.47288E-03   1.50439E-03  -8.26961E-03  -5.15251E-03  -8.27912E-03  -4.32812E-03   1.70062E-03   1.82365E-03   9.03646E-03   4.65212E-03   5.05664E-03   9.92386E-04  -4.86003E-03  -3.39787E-03  -8.49791E-03  -2.53380E-03  -1.76251E-03   1.68723E-03   6.67488E-03   2.74630E-03   5.93068E-03  -1.42725E-03  -4.87089E-03
 6.02100E+02  -3.66652E-03  -1.73470E-02  -1.29146E-02  -2.44585E-03  -5.26229E-03   1.20541E-02   7.80004E-03   1.01464E-02   9.60422E-03  -3.12643E-03  -7.09023E-05  -1.02316E-02  -8.54199E-03  -5.88007E-03  -5.63912E-03   6.12778E-03   4.05960E-03   1.06416E-02   7.42515E-03   2.26072E-03   1.02861E-03  -8.10298E-03  -5.78463E-03  -7.93355E-03  -4.29771E-03   1.77509E-03   2.50319E-03   8.73146E-03   5.12315E-03   4.76727E-03   6.41989E-04  -4.74804E-03  -4.14012E-03  -8.12652E-03  -2.73219E-03  -1.62094E-03   2.26922E-03   6.40660E-03   3.29703E-03   5.64579E-03  -1.86436E-03  -4.66452E-03
 6.06500E+02  -3.94066E-03  -1.71462E-02  -1.31101E-02  -2.36626E-03  -5.02445E-03   1.19119E-02   8.22590E-03   9.89226E-03   9.65800E-03  -3.20698E-03  -4.74538E-04  -1.00228E-02  -8.96246E-03  -5.57921E-03  -5.46164E-03   6.11753E-03   4.69403E-03   1.02762E-02   7.71219E-03   1.99008E-03   5.69713E-04  -7.91400E-03  -6.42073E-03  -7.51371E-03  -4.28437E-03   1.87437E-03   3.17197E-03   8.36635E-03   5.59912E-03   4.41355E-03   3.04820E-04  -4.61647E-03  -4.87456E-03  -7.67664E-03  -2.93446E-03  -1.44729E-03   2.84104E-03   6.08216E-03   3.84228E-03   5.29971E-03  -2.29425E-03  -4.41446E-03
 6.10900E+02  -4.21217E-03  -1.69210E-02  -1.33298E-02  -2.21694E-03  -4.81096E-03   1.17893E-02   8.65232E-03   9.58188E-03   9.73442E-03  -3.34205E-03  -8.58641E-04  -9.79663E-03  -9.38443E-03  -5.21078E-03  -5.30809E-03   6.13205E-03   5.30591E-03   9.85511E-03   8.00318E-03   1.65916E-03   1.38488E-04  -7.70672E-03  -7.03621E-03  -7.02149E-03  -4.28258E-03   2.00064E-03   3.80861E-03   7.94493E-03   6.05996E-03   3.99666E-03  -1.09749E-05  -4.46811E-03  -5.57527E-03  -7.15186E-03  -3.13107E-03  -1.24186E-03   3.38379E-03   5.70480E-03   4.36231E-03   4.89505E-03  -2.70245E-03  -4.12309E-03
 6.15300E+02  -4.47601E-03  -1.66698E-02  -1.35578E-02  -1.99285E-03  -4.61616E-03   1.16881E-02   9.06780E-03   9.21159E-03   9.82048E-03  -3.53588E-03  -1.22149E-03  -9.55281E-03  -9.79400E-03  -4.77038E-03  -5.17084E-03   6.17406E-03   5.88635E-03   9.37602E-03   8.28519E-03   1.26380E-03  -2.64705E-04  -7.48157E-03  -7.61856E-03  -6.45340E-03  -4.28507E-03   2.15648E-03   4.40556E-03   7.46561E-03   6.49428E-03   3.51338E-03  -3.04869E-04  -4.30336E-03  -6.23101E-03  -6.54956E-03  -3.31597E-03  -1.00290E-03   3.89032E-03   5.27309E-03   4.84815E-03   4.42970E-03  -3.08321E-03  -3.78925E-03
 6.19700E+02  -4.72632E-03  -1.63921E-02  -1.37767E-02  -1.69224E-03  -4.43427E-03   1.16092E-02   9.45916E-03   8.78034E-03   9.90195E-03  -3.79009E-03  -1.56055E-03  -9.29157E-03  -1.01753E-02  -4.25673E-03  -5.04191E-03   6.24485E-03   6.42458E-03   8.83871E-03   8.54360E-03   8.02685E-04  -6.38647E-04  -7.23937E-03  -8.15298E-03  -5.80889E-03  -4.28397E-03   2.34296E-03   4.95336E-03   6.92876E-03   6.88879E-03   2.96315E-03  -5.75651E-04  -4.12298E-03  -6.82813E-03  -5.86989E-03  -3.48215E-03  -7.30006E-04   4.35171E-03   4.78745E-03   5.28895E-03   3.90373E-03  -3.42947E-03  -3.41318E-03
 6.24200E+02  -4.96166E-03  -1.60820E-02  -1.39721E-02  -1.30811E-03  -4.25557E-03   1.15513E-02   9.81973E-03   8.27870E-03   9.96503E-03  -4.11081E-03  -1.87949E-03  -9.00769E-03  -1.05184E-02  -3.65846E-03  -4.91022E-03   6.34671E-03   6.91888E-03   8.23195E-03   8.76722E-03   2.65441E-04  -9.88926E-04  -6.97566E-03  -8.63308E-03  -5.07432E-03  -4.27058E-03   2.56467E-03   5.45158E-03   6.32357E-03   7.23596E-03   2.33420E-03  -8.26907E-04  -3.92372E-03  -7.36229E-03  -5.09889E-03  -3.62486E-03  -4.17275E-04   4.76642E-03   4.23809E-03   5.68064E-03   3.30633E-03  -3.73958E-03  -2.98732E-03
 6.28700E+02  -5.16934E-03  -1.57487E-02  -1.41195E-02  -8.53977E-04  -4.07841E-03   1.15152E-02   1.01252E-02   7.72253E-03   9.99215E-03  -4.48724E-03  -2.16683E-03  -8.70957E-03  -1.07961E-02  -2.99428E-03  -4.77035E-03   6.47611E-03   7.34351E-03   7.57432E-03   8.93332E-03  -3.31336E-04  -1.30447E-03  -6.69850E-03  -9.02861E-03  -4.27222E-03  -4.23624E-03   2.81485E-03   5.87543E-03   5.66865E-03   7.51074E-03   1.64578E-03  -1.05018E-03  -3.71182E-03  -7.80264E-03  -4.26030E-03  -3.73196E-03  -7.42568E-05   5.11240E-03   3.64199E-03   5.99954E-03   2.65589E-03  -3.99655E-03  -2.52480E-03
 6.33200E+02  -5.34327E-03  -1.53975E-02  -1.42017E-02  -3.42628E-04  -3.89747E-03   1.14982E-02   1.03621E-02   7.12301E-03   9.96928E-03  -4.90954E-03  -2.41945E-03  -8.40127E-03  -1.09921E-02  -2.27729E-03  -4.61476E-03   6.62889E-03   7.68679E-03   6.87704E-03   9.02699E-03  -9.76107E-04  -1.58326E-03  -6.41178E-03  -9.32383E-03  -3.41673E-03  -4.17317E-03   3.08842E-03   6.21428E-03   4.97503E-03   7.69902E-03   9.10110E-04  -1.24362E-03  -3.49056E-03  -8.13418E-03  -3.36856E-03  -3.79608E-03   2.92939E-04   5.37966E-03   3.00932E-03   6.23381E-03   1.96365E-03  -4.19248E-03  -2.03355E-03
 6.37800E+02  -5.48136E-03  -1.50276E-02  -1.42041E-02   2.21006E-04  -3.70406E-03   1.14967E-02   1.05226E-02   6.48117E-03   9.88273E-03  -5.37457E-03  -2.63955E-03  -8.08119E-03  -1.10952E-02  -1.50831E-03  -4.43308E-03   6.80306E-03   7.94446E-03   6.13891E-03   9.03577E-03  -1.66844E-03  -1.82898E-03  -6.11403E-03  -9.50934E-03  -2.50679E-03  -4.07254E-03   3.38491E-03   6.46453E-03   4.24117E-03   7.79076E-03   1.26327E-04  -1.40928E-03  -3.25906E-03  -8.34876E-03  -2.42206E-03  -3.81125E-03   6.84692E-04   5.56367E-03   2.33879E-03   6.37637E-03   1.22841E-03  -4.32345E-03  -1.51260E-03
 6.42400E+02  -5.57672E-03  -1.46556E-02  -1.41155E-02   8.03911E-04  -3.49882E-03   1.15064E-02   1.05943E-02   5.82917E-03   9.72507E-03  -5.85618E-03  -2.82033E-03  -7.76282E-03  -1.10920E-02  -7.25322E-04  -4.22409E-03   6.98786E-03   8.10309E-03   5.39393E-03   8.94931E-03  -2.37449E-03  -2.03497E-03  -5.81771E-03  -9.57031E-03  -1.58485E-03  -3.93111E-03   3.68941E-03   6.61340E-03   3.50037E-03   7.77413E-03  -6.68959E-04  -1.54228E-03  -3.02729E-03  -8.43118E-03  -1.46423E-03  -3.77196E-03   1.08264E-03   5.65341E-03   1.66093E-03   6.41577E-03   4.83962E-04  -4.38103E-03  -9.85731E-04
 6.47000E+02  -5.62950E-03  -1.42915E-02  -1.39340E-02   1.38236E-03  -3.27998E-03   1.15222E-02   1.05769E-02   5.18747E-03   9.49428E-03  -6.33598E-03  -2.96294E-03  -7.45324E-03  -1.09819E-02   4.76265E-05  -3.98578E-03   7.17506E-03   8.16338E-03   4.66218E-03   8.76623E-03  -3.07294E-03  -2.20289E-03  -5.52923E-03  -9.50665E-03  -6.76349E-04  -3.74740E-03   3.99218E-03   6.66187E-03   2.77198E-03   7.64856E-03  -1.45368E-03  -1.64379E-03  -2.80061E-03  -8.38183E-03  -5.20655E-04  -3.67768E-03   1.47566E-03   5.64946E-03   9.93567E-04   6.35210E-03  -2.49725E-04  -4.36561E-03  -4.66855E-04
 6.51700E+02  -5.64258E-03  -1.39371E-02  -1.36580E-02   1.94512E-03  -3.04215E-03   1.15394E-02   1.04728E-02   4.56286E-03   9.18649E-03  -6.80590E-03  -3.07251E-03  -7.15297E-03  -1.07650E-02   8.03042E-04  -3.71247E-03   7.36051E-03   8.13002E-03   3.94806E-03   8.48432E-03  -3.75742E-03  -2.33859E-03  -5.24891E-03  -9.32026E-03   2.12675E-04  -3.51741E-03   4.28998E-03   6.61424E-03   2.05977E-03   7.41360E-03  -2.22254E-03  -1.71762E-03  -2.57952E-03  -8.20304E-03   4.03229E-04  -3.52723E-03   1.86101E-03   5.55438E-03   3.40267E-04   6.18643E-03  -9.68360E-04  -4.27878E-03   4.11978E-05
 6.56400E+02  -5.62013E-03  -1.36089E-02  -1.33022E-02   2.45867E-03  -2.79115E-03   1.15529E-02   1.02929E-02   3.98731E-03   8.81448E-03  -7.23918E-03  -3.15067E-03  -6.87491E-03  -1.04554E-02   1.50288E-03  -3.41174E-03   7.53274E-03   8.01265E-03   3.28512E-03   8.11722E-03  -4.39381E-03  -2.44317E-03  -4.98853E-03  -9.02529E-03   1.03998E-03  -3.24868E-03   4.56748E-03   6.47998E-03   1.39656E-03   7.08246E-03  -2.93890E-03  -1.76524E-03  -2.37358E-03  -7.90884E-03   1.26428E-03  -3.32768E-03   2.22021E-03   5.37754E-03  -2.68728E-04   5.93005E-03  -1.63830E-03  -4.12803E-03   5.14846E-04
 6.61200E+02  -5.56857E-03  -1.33073E-02  -1.28736E-02   2.91621E-03  -2.52361E-03   1.15592E-02   1.00467E-02   3.46390E-03   8.38096E-03  -7.63119E-03  -3.20481E-03  -6.61836E-03  -1.00617E-02   2.14393E-03  -3.08087E-03   7.68908E-03   7.82242E-03   2.67425E-03   7.66975E-03  -4.97944E-03  -2.52437E-03  -4.74724E-03  -8.63161E-03   1.80395E-03  -2.94041E-03   4.82303E-03   6.26918E-03   7.82780E-04   6.66138E-03  -3.60117E-03  -1.79193E-03  -2.18233E-03  -7.50909E-03   2.06139E-03  -3.08119E-03   2.55236E-03   5.12660E-03  -8.32872E-04   5.58980E-03  -2.25858E-03  -3.91896E-03   9.53600E-04
 6.65900E+02  -5.49882E-03  -1.30484E-02  -1.24094E-02   3.28902E-03  -2.25356E-03   1.15555E-02   9.76231E-03   3.02251E-03   7.91828E-03  -7.95788E-03  -3.23989E-03  -6.39652E-03  -9.62035E-03   2.68980E-03  -2.73898E-03   7.81926E-03   7.58516E-03   2.14870E-03   7.17765E-03  -5.48104E-03  -2.58571E-03  -4.53726E-03  -8.17718E-03   2.46241E-03  -2.61240E-03   5.04164E-03   6.00773E-03   2.51659E-04   6.18596E-03  -4.17256E-03  -1.80205E-03  -2.01564E-03  -7.04211E-03   2.75084E-03  -2.80685E-03   2.83885E-03   4.82735E-03  -1.32140E-03   5.19653E-03  -2.79506E-03  -3.67213E-03   1.33347E-03
 6.70800E+02  -5.41528E-03  -1.28182E-02  -1.18993E-02   3.59462E-03  -1.96673E-03   1.15399E-02   9.43900E-03   2.64022E-03   7.41108E-03  -8.23497E-03  -3.26527E-03  -6.19677E-03  -9.12292E-03   3.16886E-03  -2.36947E-03   7.92891E-03   7.30320E-03   1.68008E-03   6.62613E-03  -5.92452E-03  -2.63781E-03  -4.34649E-03  -7.65383E-03   3.05036E-03  -2.25038E-03   5.23411E-03   5.69541E-03  -2.25517E-04   5.64312E-03  -4.68306E-03  -1.80145E-03  -1.86409E-03  -6.49874E-03   3.36933E-03  -2.49553E-03   3.09454E-03   4.47524E-03  -1.76043E-03   4.74096E-03  -3.27613E-03  -3.38303E-03   1.67470E-03
 6.75600E+02  -5.33137E-03  -1.26308E-02  -1.13924E-02   3.81335E-03  -1.68338E-03   1.15127E-02   9.11303E-03   2.34098E-03   6.90365E-03  -8.44442E-03  -3.28605E-03  -6.03119E-03  -8.61829E-03   3.55071E-03  -1.99977E-03   8.01038E-03   7.01010E-03   1.29765E-03   6.06438E-03  -6.28131E-03  -2.68378E-03  -4.18636E-03  -7.11291E-03   3.53041E-03  -1.88265E-03   5.38757E-03   5.36660E-03  -6.18681E-04   5.08203E-03  -5.09974E-03  -1.79509E-03  -1.73688E-03  -5.93134E-03   3.87723E-03  -2.17396E-03   3.30273E-03   4.10530E-03  -2.12194E-03   4.26556E-03  -3.67078E-03  -3.07976E-03   1.95541E-03
 6.80500E+02  -5.25126E-03  -1.24755E-02  -1.08843E-02   3.96022E-03  -1.39412E-03   1.14733E-02   8.78605E-03   2.10675E-03   6.38702E-03  -8.59903E-03  -3.30939E-03  -5.89037E-03  -8.10258E-03   3.85729E-03  -1.61891E-03   8.06822E-03   6.70895E-03   9.79928E-04   5.48342E-03  -6.57097E-03  -2.73153E-03  -4.04778E-03  -6.55011E-03   3.92863E-03  -1.49962E-03   5.50991E-03   5.02207E-03  -9.49141E-04   4.49441E-03  -5.44461E-03  -1.78733E-03  -1.62697E-03  -5.33441E-03   4.30142E-03  -1.83609E-03   3.47418E-03   3.71495E-03  -2.42504E-03   3.76445E-03  -3.99970E-03  -2.75958E-03   2.19039E-03
 6.85400E+02  -5.18301E-03  -1.23523E-02  -1.03988E-02   4.03856E-03  -1.10659E-03   1.14232E-02   8.47717E-03   1.93640E-03   5.88137E-03  -8.70000E-03  -3.34006E-03  -5.77455E-03  -7.59997E-03   4.08857E-03  -1.23783E-03   8.10241E-03   6.41817E-03   7.27694E-04   4.90622E-03  -6.79233E-03  -2.78508E-03  -3.93105E-03  -5.99106E-03   4.24302E-03  -1.11324E-03   5.60007E-03   4.68017E-03  -1.21514E-03   3.90367E-03  -5.71519E-03  -1.78216E-03  -1.53473E-03  -4.73395E-03   4.63886E-03  -1.49419E-03   3.60735E-03   3.32194E-03  -2.66754E-03   3.25829E-03  -4.26023E-03  -2.43653E-03   2.37784E-03
 6.90300E+02  -5.13141E-03  -1.22563E-02  -9.94586E-03   4.05857E-03  -8.21847E-04   1.13636E-02   8.19561E-03   1.82049E-03   5.39362E-03  -8.75454E-03  -3.38215E-03  -5.67971E-03  -7.12054E-03   4.25483E-03  -8.58670E-04   8.11522E-03   6.14705E-03   5.31707E-04   4.34098E-03  -6.95355E-03  -2.84837E-03  -3.83231E-03  -5.44642E-03   4.48399E-03  -7.26463E-04   5.66089E-03   4.34957E-03  -1.42497E-03   3.31836E-03  -5.91959E-03  -1.78255E-03  -1.45730E-03  -4.14047E-03   4.89937E-03  -1.15231E-03   3.70596E-03   2.93377E-03  -2.85639E-03   2.75505E-03  -4.45972E-03  -2.11637E-03   2.52306E-03
 6.95300E+02  -5.09949E-03  -1.21810E-02  -9.52398E-03   4.02987E-03  -5.34616E-04   1.12943E-02   7.94311E-03   1.74813E-03   4.91902E-03  -8.77001E-03  -3.44002E-03  -5.60011E-03  -6.66232E-03   4.36842E-03  -4.74897E-04   8.10854E-03   5.89740E-03   3.79739E-04   3.78204E-03  -7.06470E-03  -2.92610E-03  -3.74587E-03  -4.91294E-03   4.66519E-03  -3.33142E-04   5.69557E-03   4.03003E-03  -1.59006E-03   2.73251E-03  -6.06843E-03  -1.79097E-03  -1.39044E-03  -3.54933E-03   5.09625E-03  -8.06110E-04   3.77477E-03   2.54788E-03  -3.00114E-03   2.24999E-03  -4.60800E-03  -1.79662E-03   2.63326E-03
 7.00300E+02  -5.09091E-03  -1.21231E-02  -9.14702E-03   3.96243E-03  -2.50691E-04   1.12174E-02   7.73002E-03   1.71194E-03   4.47035E-03  -8.75230E-03  -3.51522E-03  -5.53330E-03  -6.23969E-03   4.43617E-03  -9.45720E-05   8.08388E-03   5.67937E-03   2.66390E-04   3.24423E-03  -7.13011E-03  -3.01936E-03  -3.66947E-03  -4.40643E-03   4.79168E-03   5.81081E-05   5.70504E-03   3.73240E-03  -1.71429E-03   2.16146E-03  -6.16485E-03  -1.80912E-03  -1.33262E-03  -2.97712E-03   5.23327E-03  -4.64013E-04   3.81491E-03   2.17547E-03  -3.10442E-03   1.75661E-03  -4.70759E-03  -1.48626E-03   2.71038E-03
 7.05400E+02  -5.10769E-03  -1.20765E-02  -8.81088E-03   3.86433E-03   3.59482E-05   1.11318E-02   7.55564E-03   1.70224E-03   4.04042E-03  -8.70700E-03  -3.61131E-03  -5.47363E-03  -5.84742E-03   4.46835E-03   2.90165E-04   8.04167E-03   5.49205E-03   1.80873E-04   2.71869E-03  -7.15722E-03  -3.13208E-03  -3.59731E-03  -3.91981E-03   4.87431E-03   4.55120E-04   5.69063E-03   3.45353E-03  -1.80717E-03   1.59563E-03  -6.21630E-03  -1.83871E-03  -1.27971E-03  -2.41504E-03   5.32032E-03  -1.19772E-04   3.82922E-03   1.81108E-03  -3.17348E-03   1.26684E-03  -4.76542E-03  -1.18054E-03   2.75972E-03
 7.10500E+02  -5.15094E-03  -1.20372E-02  -8.52392E-03   3.74643E-03   3.20282E-04   1.10394E-02   7.42546E-03   1.71058E-03   3.63823E-03  -8.64032E-03  -3.72787E-03  -5.41786E-03  -5.49474E-03   4.47262E-03   6.72453E-04   7.98306E-03   5.34108E-03   1.16718E-04   2.21621E-03  -7.15067E-03  -3.26351E-03  -3.52633E-03  -3.46389E-03   4.91885E-03   8.50636E-04   5.65300E-03   3.20032E-03  -1.87334E-03   1.04654E-03  -6.22616E-03  -1.88010E-03  -1.22970E-03  -1.87509E-03   5.36166E-03   2.19912E-04   3.81875E-03   1.46268E-03  -3.21135E-03   7.90807E-04  -4.78422E-03  -8.85977E-04   2.78346E-03
 7.15600E+02  -5.22068E-03  -1.20000E-02  -8.28516E-03   3.61757E-03   6.03095E-04   1.09401E-02   7.33902E-03   1.72823E-03   3.26266E-03  -8.55735E-03  -3.86521E-03  -5.36139E-03  -5.18075E-03   4.45721E-03   1.05325E-03   7.90814E-03   5.22614E-03   6.56706E-05   1.73569E-03  -7.11550E-03  -3.41403E-03  -3.45193E-03  -3.03783E-03   4.93264E-03   1.24546E-03   5.59233E-03   2.97241E-03  -1.91934E-03   5.13266E-04  -6.19866E-03  -1.93343E-03  -1.17946E-03  -1.35650E-03   5.36321E-03   5.55585E-04   3.78476E-03   1.12981E-03  -3.22241E-03   3.27841E-04  -4.76781E-03  -6.02197E-04   2.78469E-03
 7.20800E+02  -5.31846E-03  -1.19593E-02  -8.08937E-03   3.48309E-03   8.90650E-04   1.08311E-02   7.29445E-03   1.74750E-03   2.90545E-03  -8.46030E-03  -4.02638E-03  -5.29840E-03  -4.89859E-03   4.42861E-03   1.44090E-03   7.81430E-03   5.14480E-03   1.93657E-05   1.26671E-03  -7.05402E-03  -3.58692E-03  -3.36772E-03  -2.63249E-03   4.92118E-03   1.64810E-03   5.50607E-03   2.76497E-03  -1.95122E-03  -1.55591E-05  -6.13502E-03  -1.99988E-03  -1.12486E-03  -8.48277E-04   5.32825E-03   8.94357E-04   3.72625E-03   8.05479E-04  -3.20950E-03  -1.31814E-04  -4.71733E-03  -3.23231E-04   2.76507E-03
 7.26000E+02  -5.44201E-03  -1.19108E-02  -7.93886E-03   3.35296E-03   1.17798E-03   1.07133E-02   7.29152E-03   1.76027E-03   2.57219E-03  -8.35407E-03  -4.20806E-03  -5.22519E-03  -4.65227E-03   4.39343E-03   1.82860E-03   7.70144E-03   5.09756E-03  -2.83133E-05   8.17051E-04  -6.96934E-03  -3.77858E-03  -3.27016E-03  -2.25436E-03   4.88889E-03   2.05127E-03   5.39358E-03   2.58107E-03  -1.97291E-03  -5.30703E-04  -6.03687E-03  -2.07787E-03  -1.06368E-03  -3.59195E-04   5.25938E-03   1.23008E-03   3.64316E-03   4.95230E-04  -3.17457E-03  -5.80010E-04  -4.63402E-03  -5.39449E-05   2.72583E-03
 7.31200E+02  -5.58956E-03  -1.18496E-02  -7.83015E-03   3.23394E-03   1.46535E-03   1.05852E-02   7.32706E-03   1.75922E-03   2.26079E-03  -8.24132E-03  -4.40875E-03  -5.13699E-03  -4.43879E-03   4.35725E-03   2.21651E-03   7.56750E-03   5.08163E-03  -8.39819E-05   3.85044E-04  -6.86301E-03  -3.98743E-03  -3.15423E-03  -1.90116E-03   4.83953E-03   2.45483E-03   5.25246E-03   2.41873E-03  -1.98865E-03  -1.03312E-03  -5.90437E-03  -2.16634E-03  -9.92820E-04   1.12138E-04   5.15819E-03   1.56277E-03   3.53423E-03   1.98038E-04  -3.11913E-03  -1.01741E-03  -4.51794E-03   2.06310E-04   2.66767E-03
 7.36500E+02  -5.76210E-03  -1.17693E-02  -7.75808E-03   3.13041E-03   1.75810E-03   1.04423E-02   7.39870E-03   1.73687E-03   1.96378E-03  -8.12170E-03  -4.63055E-03  -5.02678E-03  -4.25155E-03   4.32430E-03   2.61153E-03   7.40665E-03   5.09395E-03  -1.55238E-04  -3.84179E-05  -6.73301E-03  -4.21547E-03  -3.01198E-03  -1.56455E-03   4.77455E-03   2.86550E-03   5.07607E-03   2.27314E-03  -2.00227E-03  -1.53233E-03  -5.73302E-03  -2.26567E-03  -9.07451E-04   5.75124E-04   5.02229E-03   1.89806E-03   3.39467E-03  -9.21825E-05  -3.04228E-03  -1.45208E-03  -4.36498E-03   4.62595E-04   2.58902E-03
 7.41800E+02  -5.95358E-03  -1.16661E-02  -7.72003E-03   3.05063E-03   2.04989E-03   1.02849E-02   7.50089E-03   1.68639E-03   1.68536E-03  -7.99880E-03  -4.86644E-03  -4.89119E-03  -4.09107E-03   4.29965E-03   3.00465E-03   7.21817E-03   5.13059E-03  -2.46988E-04  -4.45550E-04  -6.58112E-03  -4.45520E-03  -2.84021E-03  -1.24949E-03   4.69687E-03   3.27329E-03   4.86322E-03   2.14509E-03  -2.01659E-03  -2.01765E-03  -5.52327E-03  -2.37198E-03  -8.05706E-04   1.02052E-03   4.85290E-03   2.22790E-03   3.22388E-03  -3.69853E-04  -2.94505E-03  -1.87444E-03  -4.17535E-03   7.09617E-04   2.49039E-03
 7.47200E+02  -6.16361E-03  -1.15329E-02  -7.71016E-03   2.99908E-03   2.34460E-03   1.01073E-02   7.62984E-03   1.59981E-03   1.41898E-03  -7.87126E-03  -5.11672E-03  -4.72224E-03  -3.95074E-03   4.28685E-03   3.40041E-03   6.99445E-03   5.18730E-03  -3.66956E-04  -8.43423E-04  -6.40328E-03  -4.70644E-03  -2.62978E-03  -9.48879E-04   4.60616E-03   3.68203E-03   4.60502E-03   2.02984E-03  -2.03462E-03  -2.49549E-03  -5.26778E-03  -2.48442E-03  -6.82197E-04   1.45507E-03   4.64488E-03   2.55546E-03   3.01504E-03  -6.39453E-04  -2.82478E-03  -2.28968E-03  -3.94229E-03   9.50877E-04   2.36864E-03
 7.52600E+02  -6.38295E-03  -1.13673E-02  -7.72234E-03   2.98203E-03   2.63423E-03   9.91047E-03   7.77588E-03   1.47241E-03   1.16850E-03  -7.74210E-03  -5.37110E-03  -4.51803E-03  -3.82900E-03   4.28961E-03   3.78712E-03   6.73572E-03   5.25680E-03  -5.18276E-04  -1.22306E-03  -6.20138E-03  -4.95815E-03  -2.37916E-03  -6.67543E-04   4.50486E-03   4.07845E-03   4.30159E-03   1.92694E-03  -2.05834E-03  -2.95255E-03  -4.96785E-03  -2.59707E-03  -5.36042E-04   1.86766E-03   4.39992E-03   2.87017E-03   2.76854E-03  -8.94423E-04  -2.68269E-03  -2.68571E-03  -3.66688E-03   1.17991E-03   2.22462E-03
 7.58000E+02  -6.60468E-03  -1.11664E-02  -7.74849E-03   3.00279E-03   2.91539E-03   9.69272E-03   7.92966E-03   1.30019E-03   9.32695E-04  -7.61183E-03  -5.62235E-03  -4.27545E-03  -3.72065E-03   4.31025E-03   4.15913E-03   6.43971E-03   5.33126E-03  -7.04404E-04  -1.58229E-03  -5.97487E-03  -5.20224E-03  -2.08499E-03  -4.04645E-04   4.39380E-03   4.45531E-03   3.95030E-03   1.83319E-03  -2.08944E-03  -3.38309E-03  -4.62182E-03  -2.70517E-03  -3.65297E-04   2.25434E-03   4.11722E-03   3.16632E-03   2.48256E-03  -1.13274E-03  -2.51853E-03  -3.05694E-03  -3.34760E-03   1.39416E-03   2.05779E-03
 7.63500E+02  -6.82475E-03  -1.09239E-02  -7.78025E-03   3.06463E-03   3.18873E-03   9.44870E-03   8.08337E-03   1.07653E-03   7.06607E-04  -7.47844E-03  -5.86631E-03  -3.98731E-03  -3.61838E-03   4.35107E-03   4.51574E-03   6.09890E-03   5.40308E-03  -9.31695E-04  -1.92397E-03  -5.71894E-03  -5.43327E-03  -1.73897E-03  -1.55459E-04   4.27145E-03   4.80991E-03   3.54230E-03   1.74366E-03  -2.12979E-03  -3.78680E-03  -4.22168E-03  -2.80484E-03  -1.65139E-04   2.61614E-03   3.79063E-03   3.44162E-03   2.15010E-03  -1.35548E-03  -2.32887E-03  -3.40228E-03  -2.97706E-03   1.59375E-03   1.86444E-03
 7.69000E+02  -7.02988E-03  -1.06435E-02  -7.80728E-03   3.16735E-03   3.44393E-03   9.18270E-03   8.22225E-03   8.04519E-04   4.94003E-04  -7.34477E-03  -6.08851E-03  -3.65825E-03  -3.51830E-03   4.41215E-03   4.84157E-03   5.71935E-03   5.46098E-03  -1.19691E-03  -2.23717E-03  -5.43865E-03  -5.63568E-03  -1.34684E-03   7.49494E-05   4.14077E-03   5.12455E-03   3.08496E-03   1.65658E-03  -2.17934E-03  -4.14653E-03  -3.77511E-03  -2.88764E-03   6.11098E-05   2.93907E-03   3.42671E-03   3.68202E-03   1.77736E-03  -1.55449E-03  -2.11762E-03  -3.70601E-03  -2.56241E-03   1.77046E-03   1.64846E-03
 7.74600E+02  -7.21377E-03  -1.03221E-02  -7.81959E-03   3.31125E-03   3.67970E-03   8.89135E-03   8.33594E-03   4.81364E-04   2.90814E-04  -7.20896E-03  -6.28207E-03  -3.28444E-03  -3.41254E-03   4.49411E-03   5.13274E-03   5.29662E-03   5.49521E-03  -1.50321E-03  -2.52224E-03  -5.13087E-03  -5.80073E-03  -9.04000E-04   2.89958E-04   4.00048E-03   5.39250E-03   2.57313E-03   1.56681E-03  -2.23890E-03  -4.45785E-03  -3.27731E-03  -2.94780E-03   3.16113E-04   3.22068E-03   3.02169E-03   3.88184E-03   1.36027E-03  -1.72879E-03  -1.88269E-03  -3.96314E-03  -2.09929E-03   1.92232E-03   1.40760E-03
 7.80200E+02  -7.36336E-03  -9.97014E-03  -7.80681E-03   3.48939E-03   3.88604E-03   8.58316E-03   8.40982E-03   1.18576E-04   1.00519E-04  -7.07421E-03  -6.43283E-03  -2.87788E-03  -3.29709E-03   4.59350E-03   5.37438E-03   4.84371E-03   5.49464E-03  -1.84053E-03  -2.76877E-03  -4.80487E-03  -5.91328E-03  -4.24427E-04   4.84857E-04   3.85471E-03   5.59670E-03   2.02278E-03   1.47249E-03  -2.30648E-03  -4.70433E-03  -2.74381E-03  -2.97711E-03   5.91850E-04   3.44763E-03   2.58828E-03   4.02758E-03   9.11937E-04  -1.87063E-03  -1.63145E-03  -4.15867E-03  -1.60227E-03   2.04151E-03   1.14947E-03
 7.85800E+02  -7.47113E-03  -9.59611E-03  -7.76076E-03   3.69377E-03   4.05877E-03   8.26377E-03   8.43408E-03  -2.73557E-04  -7.74481E-05  -6.94149E-03  -6.53269E-03  -2.44786E-03  -3.16703E-03   4.70644E-03   5.55950E-03   4.36984E-03   5.45097E-03  -2.20060E-03  -2.97325E-03  -4.46669E-03  -5.96410E-03   8.13641E-05   6.59509E-04   3.70574E-03   5.72816E-03   1.44542E-03   1.37067E-03  -2.38015E-03  -4.87824E-03  -2.18553E-03  -2.97012E-03   8.82310E-04   3.61418E-03   2.13527E-03   4.11199E-03   4.41775E-04  -1.97688E-03  -1.36900E-03  -4.28513E-03  -1.08168E-03   2.12440E-03   8.79375E-04
 7.91500E+02  -7.53284E-03  -9.20362E-03  -7.67391E-03   3.91838E-03   4.19750E-03   7.93435E-03   8.40093E-03  -6.89530E-04  -2.46710E-04  -6.80963E-03  -6.57657E-03  -1.99804E-03  -3.01588E-03   4.83022E-03   5.68538E-03   3.87774E-03   5.35634E-03  -2.57972E-03  -3.13620E-03  -4.11757E-03  -5.94607E-03   6.09591E-04   8.16827E-04   3.55357E-03   5.78128E-03   8.44637E-04   1.25699E-03  -2.45876E-03  -4.97577E-03  -1.60563E-03  -2.92188E-03   1.18534E-03   3.71808E-03   1.66510E-03   4.13006E-03  -4.72480E-05  -2.04656E-03  -1.09671E-03  -4.33800E-03  -5.40650E-04   2.16920E-03   5.98872E-04
 7.97200E+02  -7.54445E-03  -8.81146E-03  -7.54411E-03   4.14804E-03   4.29845E-03   7.60861E-03   8.30667E-03  -1.10752E-03  -4.05072E-04  -6.68222E-03  -6.56033E-03  -1.54939E-03  -2.84365E-03   4.95704E-03   5.74716E-03   3.38894E-03   5.20842E-03  -2.95944E-03  -3.25376E-03  -3.77192E-03  -5.85530E-03   1.13614E-03   9.54527E-04   3.40378E-03   5.75124E-03   2.47030E-04   1.13170E-03  -2.53797E-03  -4.99199E-03  -1.02936E-03  -2.83056E-03   1.48710E-03   3.75521E-03   1.19807E-03   4.07818E-03  -5.33460E-04  -2.07723E-03  -8.26291E-04  -4.31307E-03  -2.95574E-06   2.17360E-03   3.20176E-04
 8.02900E+02  -7.50803E-03  -8.43182E-03  -7.37229E-03   4.37105E-03   4.36368E-03   7.29451E-03   8.15304E-03  -1.51254E-03  -5.53971E-04  -6.56039E-03  -6.48612E-03  -1.11536E-03  -2.64994E-03   5.08097E-03   5.74766E-03   2.91652E-03   5.00814E-03  -3.32753E-03  -3.32849E-03  -3.43806E-03  -5.69382E-03   1.64574E-03   1.07439E-03   3.25918E-03   5.64090E-03  -3.31010E-04   9.94255E-04  -2.61460E-03  -4.93008E-03  -4.72048E-04  -2.69703E-03   1.77879E-03   3.72837E-03   7.46408E-04   3.95855E-03  -1.00346E-03  -2.07059E-03  -5.64746E-04  -4.21306E-03   5.16840E-04   2.13914E-03   5.07106E-05
 8.08700E+02  -7.42729E-03  -8.06949E-03  -7.15863E-03   4.58033E-03   4.39784E-03   6.99409E-03   7.94188E-03  -1.89753E-03  -6.97583E-04  -6.44304E-03  -6.35717E-03  -7.01051E-04  -2.43208E-03   5.19851E-03   5.69189E-03   2.46460E-03   4.75500E-03  -3.67876E-03  -3.36550E-03  -3.11798E-03  -5.46327E-03   2.13277E-03   1.18063E-03   3.11983E-03   5.45364E-03  -8.83960E-04   8.42246E-04  -2.68689E-03  -4.79426E-03   6.14349E-05  -2.52114E-03   2.05705E-03   3.64152E-03   3.13844E-04   3.77310E-03  -1.45264E-03  -2.02916E-03  -3.14172E-04  -4.04086E-03   1.01390E-03   2.06775E-03  -2.07147E-04
 8.14600E+02  -7.30877E-03  -7.73475E-03  -6.90836E-03   4.76603E-03   4.40579E-03   6.71411E-03   7.68022E-03  -2.24969E-03  -8.37651E-04  -6.33106E-03  -6.18011E-03  -3.17990E-04  -2.19171E-03   5.30440E-03   5.58678E-03   2.04444E-03   4.45383E-03  -4.00238E-03  -3.36973E-03  -2.81879E-03  -5.17020E-03   2.58380E-03   1.27568E-03   2.98800E-03   5.19691E-03  -1.39742E-03   6.76125E-04  -2.75186E-03  -4.59174E-03   5.57628E-04  -2.30615E-03   2.31398E-03   3.50052E-03  -8.89048E-05   3.52747E-03  -1.86907E-03  -1.95634E-03  -8.07075E-05  -3.80283E-03   1.47528E-03   1.96279E-03  -4.46838E-04
 8.20500E+02  -7.16424E-03  -7.44002E-03  -6.63396E-03   4.91820E-03   4.39446E-03   6.46358E-03   7.38351E-03  -2.55439E-03  -9.73972E-04  -6.22660E-03  -5.96825E-03   1.96163E-05  -1.93608E-03   5.39297E-03   5.44474E-03   1.67056E-03   4.11783E-03  -4.28535E-03  -3.34847E-03  -2.55008E-03  -4.83039E-03   2.98191E-03   1.36124E-03   2.86716E-03   4.88709E-03  -1.85278E-03   4.99982E-04  -2.80608E-03  -4.33750E-03   9.98915E-04  -2.06141E-03   2.53957E-03   3.31712E-03  -4.47698E-04   3.23523E-03  -2.23733E-03  -1.85880E-03   1.27509E-04  -3.51346E-03   1.88416E-03   1.83153E-03  -6.59760E-04
 8.26400E+02  -7.00495E-03  -7.18770E-03  -6.34507E-03   5.03388E-03   4.37196E-03   6.24372E-03   7.06462E-03  -2.80802E-03  -1.10886E-03  -6.12920E-03  -5.73365E-03   3.08714E-04  -1.66912E-03   5.46211E-03   5.27811E-03   1.34572E-03   3.75683E-03  -4.52410E-03  -3.31016E-03  -2.31333E-03  -4.45675E-03   3.32289E-03   1.44098E-03   2.75738E-03   4.53854E-03  -2.24569E-03   3.15574E-04  -2.84813E-03  -4.04525E-03   1.38128E-03  -1.79393E-03   2.73100E-03   3.10239E-03  -7.59367E-04   2.90772E-03  -2.55346E-03  -1.74294E-03   3.08676E-04  -3.18531E-03   2.23633E-03   1.68051E-03  -8.43850E-04
 8.32400E+02  -6.83879E-03  -6.97383E-03  -6.04585E-03   5.11398E-03   4.34548E-03   6.05065E-03   6.73017E-03  -3.01364E-03  -1.24678E-03  -6.03641E-03  -5.48349E-03   5.53246E-04  -1.38992E-03   5.51157E-03   5.09545E-03   1.06508E-03   3.37360E-03  -4.72073E-03  -3.26194E-03  -2.10463E-03  -4.05464E-03   3.61037E-03   1.51964E-03   2.65626E-03   4.15830E-03  -2.58063E-03   1.21301E-04  -2.87752E-03  -3.72239E-03   1.70925E-03  -1.50540E-03   2.88970E-03   2.86266E-03  -1.02767E-03   2.54951E-03  -2.82048E-03  -1.61257E-03   4.65009E-04  -2.82405E-03   2.53537E-03   1.51301E-03  -1.00111E-03
 8.38400E+02  -6.67810E-03  -6.79969E-03  -5.74945E-03   5.15839E-03   4.32233E-03   5.88559E-03   6.39657E-03  -3.16957E-03  -1.38745E-03  -5.94852E-03  -5.23202E-03   7.50920E-04  -1.10635E-03   5.54007E-03   4.91005E-03   8.31288E-04   2.98256E-03  -4.87224E-03  -3.21161E-03  -1.92574E-03  -3.64129E-03   3.84024E-03   1.59898E-03   2.56420E-03   3.76435E-03  -2.85293E-03  -7.82503E-05  -2.89295E-03  -3.38538E-03   1.97830E-03  -1.20621E-03   3.01266E-03   2.61086E-03  -1.24893E-03   2.17564E-03  -3.03396E-03  -1.47503E-03   5.94371E-04  -2.44575E-03   2.77648E-03   1.33708E-03  -1.12914E-03
 8.44400E+02  -6.53075E-03  -6.65999E-03  -5.46257E-03   5.17090E-03   4.30820E-03   5.74446E-03   6.07279E-03  -3.28101E-03  -1.53253E-03  -5.86371E-03  -4.98762E-03   9.06672E-04  -8.21116E-04   5.54826E-03   4.73055E-03   6.39118E-04   2.59050E-03  -4.98151E-03  -3.16509E-03  -1.77284E-03  -3.22569E-03   4.01656E-03   1.68158E-03   2.47906E-03   3.36669E-03  -3.06720E-03  -2.81863E-04  -2.89415E-03  -3.04380E-03   2.19284E-03  -9.01239E-04   3.10139E-03   2.35471E-03  -1.42668E-03   1.79403E-03  -3.19683E-03  -1.33478E-03   6.98827E-04  -2.05918E-03   2.96304E-03   1.15729E-03  -1.22982E-03
 8.50500E+02  -6.40065E-03  -6.54670E-03  -5.18577E-03   5.15578E-03   4.30745E-03   5.62044E-03   5.76056E-03  -3.35523E-03  -1.68584E-03  -5.77851E-03  -4.75290E-03   1.02826E-03  -5.31494E-04   5.53673E-03   4.56078E-03   4.79884E-04   2.19610E-03  -5.05304E-03  -3.12631E-03  -1.63929E-03  -2.80783E-03   4.14611E-03   1.77090E-03   2.39698E-03   2.96640E-03  -3.23139E-03  -4.92086E-04  -2.88055E-03  -2.69932E-03   2.36070E-03  -5.89077E-04   3.15849E-03   2.09591E-03  -1.56734E-03   1.40434E-03  -3.31433E-03  -1.19295E-03   7.82117E-04  -1.66460E-03   3.10117E-03   9.74141E-04  -1.30655E-03
 8.56700E+02  -6.29298E-03  -6.45376E-03  -4.92333E-03   5.11712E-03   4.32385E-03   5.50875E-03   5.46555E-03  -3.39768E-03  -1.84861E-03  -5.69046E-03  -4.53312E-03   1.12083E-03  -2.38998E-04   5.50544E-03   4.40615E-03   3.48041E-04   1.80338E-03  -5.08896E-03  -3.09900E-03  -1.52080E-03  -2.39304E-03   4.23212E-03   1.86864E-03   2.31518E-03   2.56941E-03  -3.34931E-03  -7.08325E-04  -2.85102E-03  -2.35761E-03   2.48556E-03  -2.72510E-04   3.18439E-03   1.83904E-03  -1.67390E-03   1.01117E-03  -3.38816E-03  -1.05218E-03   8.46002E-04  -1.26711E-03   3.19303E-03   7.90301E-04  -1.36068E-03
 8.62900E+02  -6.21242E-03  -6.37548E-03  -4.68201E-03   5.06048E-03   4.35929E-03   5.40552E-03   5.19594E-03  -3.41431E-03  -2.01882E-03  -5.59820E-03  -4.33507E-03   1.18921E-03   5.05700E-05   5.45516E-03   4.27247E-03   2.38945E-04   1.42139E-03  -5.09166E-03  -3.08587E-03  -1.41414E-03  -1.99163E-03   4.27760E-03   1.97415E-03   2.23180E-03   2.18619E-03  -3.42412E-03  -9.26488E-04  -2.80500E-03  -2.02810E-03   2.57033E-03   4.12407E-05   3.17971E-03   1.59141E-03  -1.74866E-03   6.24229E-04  -3.41983E-03  -9.16596E-04   8.91791E-04  -8.76863E-04   3.24041E-03   6.10668E-04  -1.39326E-03
 8.69100E+02  -6.15966E-03  -6.30425E-03  -4.46259E-03   4.99108E-03   4.41422E-03   5.30477E-03   4.95289E-03  -3.41217E-03  -2.19641E-03  -5.49882E-03  -4.15992E-03   1.24015E-03   3.36427E-04   5.38626E-03   4.16098E-03   1.45373E-04   1.05166E-03  -5.06442E-03  -3.08768E-03  -1.31385E-03  -1.60564E-03   4.28739E-03   2.08754E-03   2.14350E-03   1.81904E-03  -3.46143E-03  -1.14584E-03  -2.74155E-03  -1.71303E-03   2.62048E-03   3.50596E-04   3.14572E-03   1.35489E-03  -1.79602E-03   2.45836E-04  -3.41243E-03  -7.87264E-04   9.22071E-04  -4.96354E-04   3.24706E-03   4.36477E-04  -1.40648E-03
 8.75400E+02  -6.13367E-03  -6.23172E-03  -4.26181E-03   4.91235E-03   4.48926E-03   5.19899E-03   4.73294E-03  -3.39738E-03  -2.38370E-03  -5.38746E-03  -4.00525E-03   1.28039E-03   6.22320E-04   5.29712E-03   4.07019E-03   5.92948E-05   6.89512E-04  -5.00879E-03  -3.10448E-03  -1.21314E-03  -1.23038E-03   4.26495E-03   2.21020E-03   2.04531E-03   1.46370E-03  -3.46583E-03  -1.36894E-03  -2.65791E-03  -1.40891E-03   2.64075E-03   6.59009E-04   3.08191E-03   1.12693E-03  -1.82001E-03  -1.28093E-04  -3.36730E-03  -6.62838E-04   9.39246E-04  -1.21550E-04   3.21509E-03   2.65902E-04  -1.40191E-03
 8.81700E+02  -6.13328E-03  -6.15211E-03  -4.08234E-03   4.82966E-03   4.58177E-03   5.08414E-03   4.53889E-03  -3.37579E-03  -2.57651E-03  -5.26252E-03  -3.87285E-03   1.31477E-03   9.02616E-04   5.18828E-03   4.00065E-03  -2.40344E-05   3.41762E-04  -4.92695E-03  -3.13498E-03  -1.10862E-03  -8.72893E-04   4.21315E-03   2.33898E-03   1.93520E-03   1.12688E-03  -3.44046E-03  -1.59080E-03  -2.55340E-03  -1.12153E-03   2.63407E-03   9.59872E-04   2.98876E-03   9.11920E-04  -1.82295E-03  -4.89669E-04  -3.28587E-03  -5.45720E-04   9.44658E-04   2.39669E-04   3.14626E-03   1.02468E-04  -1.38059E-03
 8.88100E+02  -6.15546E-03  -6.05756E-03  -3.92006E-03   4.74544E-03   4.69047E-03   4.95284E-03   4.36600E-03  -3.35216E-03  -2.77577E-03  -5.11860E-03  -3.75895E-03   1.34886E-03   1.18019E-03   5.05684E-03   3.94916E-03  -1.11633E-04   4.08365E-06  -4.81844E-03  -3.17759E-03  -9.93885E-04  -5.28515E-04   4.13310E-03   2.47381E-03   1.80785E-03   8.04091E-04  -3.38749E-03  -1.81278E-03  -2.42415E-03  -8.47028E-04   2.60300E-03   1.25573E-03   2.86389E-03   7.06963E-04  -1.80711E-03  -8.42319E-04  -3.16698E-03  -4.34307E-04   9.39737E-04   5.90853E-04   3.04010E-03  -5.55769E-05  -1.34288E-03
 8.94500E+02  -6.19545E-03  -5.94367E-03  -3.77572E-03   4.66420E-03   4.80970E-03   4.80212E-03   4.21452E-03  -3.33127E-03  -2.97529E-03  -4.95476E-03  -3.66280E-03   1.38651E-03   1.44849E-03   4.90358E-03   3.91337E-03  -2.07148E-04  -3.16690E-04  -4.68537E-03  -3.22855E-03  -8.66479E-04  -2.03811E-04   4.02746E-03   2.60954E-03   1.66196E-03   5.01247E-04  -3.30971E-03  -2.02842E-03  -2.26999E-03  -5.90323E-04   2.55012E-03   1.53899E-03   2.70814E-03   5.15692E-04  -1.77452E-03  -1.17758E-03  -3.01226E-03  -3.30535E-04   9.25644E-04   9.23784E-04   2.89849E-03  -2.04754E-04  -1.28981E-03
 9.00900E+02  -6.24713E-03  -5.80603E-03  -3.64661E-03   4.58850E-03   4.93402E-03   4.62829E-03   4.08083E-03  -3.31667E-03  -3.17101E-03  -4.76878E-03  -3.58077E-03   1.43123E-03   1.70478E-03   4.72791E-03   3.88882E-03  -3.14530E-04  -6.18864E-04  -4.52863E-03  -3.28360E-03  -7.23179E-04   1.00111E-04   3.89793E-03   2.74214E-03   1.49524E-03   2.19024E-04  -3.20931E-03  -2.23393E-03  -2.08969E-03  -3.51796E-04   2.47763E-03   1.80611E-03   2.52130E-03   3.38301E-04  -1.72702E-03  -1.49206E-03  -2.82234E-03  -2.34440E-04   9.03475E-04   1.23541E-03   2.72239E-03  -3.43998E-04  -1.22211E-03
 9.07400E+02  -6.30430E-03  -5.63890E-03  -3.52803E-03   4.51918E-03   5.05890E-03   4.42560E-03   3.95909E-03  -3.31094E-03  -3.36089E-03  -4.55592E-03  -3.50763E-03   1.48647E-03   1.94927E-03   4.52650E-03   3.87009E-03  -4.38582E-04  -9.04416E-04  -4.34628E-03  -3.33854E-03  -5.59156E-04   3.85916E-04   3.74363E-03   2.86865E-03   1.30316E-03  -4.54661E-05  -3.08622E-03  -2.42757E-03  -1.87929E-03  -1.28780E-04   2.38598E-03   2.05641E-03   2.30005E-03   1.72704E-04  -1.66518E-03  -1.78589E-03  -2.59448E-03  -1.44813E-04   8.73669E-04   1.52620E-03   2.50957E-03  -4.73869E-04  -1.13915E-03
 9.14000E+02  -6.35882E-03  -5.43979E-03  -3.41721E-03   4.45776E-03   5.17668E-03   4.19202E-03   3.84534E-03  -3.31612E-03  -3.53859E-03  -4.31500E-03  -3.43910E-03   1.55423E-03   2.17699E-03   4.29909E-03   3.85144E-03  -5.81505E-04  -1.16945E-03  -4.13891E-03  -3.38740E-03  -3.72649E-04   6.50447E-04   3.56559E-03   2.98291E-03   1.08451E-03  -2.89765E-04  -2.94172E-03  -2.60308E-03  -1.63819E-03   7.69048E-05   2.27641E-03   2.28355E-03   2.04437E-03   2.01348E-05  -1.59005E-03  -2.05268E-03  -2.32911E-03  -6.22266E-05   8.36849E-04   1.79022E-03   2.26065E-03  -5.92133E-04  -1.04137E-03
 9.20600E+02  -6.40105E-03  -5.21207E-03  -3.31261E-03   4.40574E-03   5.27737E-03   3.93172E-03   3.73679E-03  -3.33286E-03  -3.69482E-03  -4.05077E-03  -3.37139E-03   1.63402E-03   2.37943E-03   4.05070E-03   3.82685E-03  -7.41387E-04  -1.40615E-03  -3.91168E-03  -3.42303E-03  -1.66773E-04   8.86730E-04   3.36873E-03   3.07669E-03   8.43515E-04  -5.07951E-04  -2.78021E-03  -2.75132E-03  -1.37161E-03   2.60559E-04   2.15259E-03   2.47767E-03   1.76033E-03  -1.16056E-04  -1.50431E-03  -2.28200E-03  -2.03296E-03   1.16100E-05   7.94431E-04   2.01761E-03   1.98215E-03  -6.94821E-04  -9.31488E-04
 9.27200E+02  -6.42260E-03  -4.95922E-03  -3.21098E-03   4.36264E-03   5.35327E-03   3.64829E-03   3.62892E-03  -3.36041E-03  -3.82351E-03  -3.76672E-03  -3.29978E-03   1.72481E-03   2.55216E-03   3.78484E-03   3.79028E-03  -9.16347E-04  -1.61137E-03  -3.66822E-03  -3.43939E-03   5.59372E-05   1.09244E-03   3.15661E-03   3.14405E-03   5.83433E-04  -6.98384E-04  -2.60498E-03  -2.86650E-03  -1.08356E-03   4.21087E-04   2.01730E-03   2.63316E-03   1.45260E-03  -2.35190E-04  -1.41004E-03  -2.46837E-03  -1.71125E-03   7.64303E-05   7.47532E-04   2.20334E-03   1.67913E-03  -7.80116E-04  -8.11632E-04
 9.33900E+02  -6.41597E-03  -4.68282E-03  -3.10790E-03   4.32672E-03   5.39823E-03   3.34289E-03   3.51603E-03  -3.39752E-03  -3.92073E-03  -3.46364E-03  -3.21885E-03   1.82586E-03   2.69330E-03   3.50222E-03   3.73552E-03  -1.10573E-03  -1.78487E-03  -3.40935E-03  -3.43098E-03   2.94854E-04   1.26809E-03   2.93020E-03   3.18020E-03   3.05059E-04  -8.62015E-04  -2.41708E-03  -2.94457E-03  -7.75107E-04   5.59552E-04   1.87155E-03   2.74663E-03   1.12255E-03  -3.38178E-04  -1.30806E-03  -2.60891E-03  -1.36562E-03   1.32828E-04   6.96613E-04   2.34499E-03   1.35327E-03  -8.47373E-04  -6.82543E-04
 9.40700E+02  -6.37432E-03  -4.39027E-03  -3.00098E-03   4.29629E-03   5.40584E-03   3.02291E-03   3.39470E-03  -3.44157E-03  -3.98122E-03  -3.14820E-03  -3.12488E-03   1.93404E-03   2.79876E-03   3.20884E-03   3.65763E-03  -1.30480E-03  -1.92351E-03  -3.14058E-03  -3.39266E-03   5.44465E-04   1.41117E-03   2.69451E-03   3.17984E-03   1.46868E-05  -9.96914E-04  -2.22085E-03  -2.98018E-03  -4.53264E-04   6.74551E-04   1.71882E-03   2.81272E-03   7.77812E-04  -4.24086E-04  -1.20090E-03  -2.69823E-03  -1.00420E-03   1.80382E-04   6.42970E-04   2.43756E-03   1.01227E-03  -8.94734E-04  -5.47312E-04
 9.47500E+02  -6.29467E-03  -4.09535E-03  -2.89011E-03   4.26941E-03   5.37278E-03   2.70237E-03   3.26444E-03  -3.48837E-03  -4.00173E-03  -2.83336E-03  -3.01696E-03   2.04356E-03   2.86547E-03   2.91636E-03   3.55490E-03  -1.50449E-03  -2.02437E-03  -2.87246E-03  -3.32226E-03   7.94092E-04   1.51909E-03   2.45889E-03   3.14042E-03  -2.75551E-04  -1.10089E-03  -2.02419E-03  -2.97042E-03  -1.31399E-04   7.64351E-04   1.56539E-03   2.82824E-03   4.32726E-04  -4.91683E-04  -1.09302E-03  -2.73296E-03  -6.42078E-04   2.18459E-04   5.88865E-04   2.47787E-03   6.70447E-04  -9.20886E-04  -4.11623E-04
 9.54300E+02  -6.17734E-03  -3.80809E-03  -2.77461E-03   4.24340E-03   5.29971E-03   2.39107E-03   3.12447E-03  -3.53397E-03  -3.98333E-03  -2.52777E-03  -2.89453E-03   2.14987E-03   2.89486E-03   2.63232E-03   3.42709E-03  -1.69820E-03  -2.08923E-03  -2.61170E-03  -3.21998E-03   1.03632E-03   1.59364E-03   2.22931E-03   3.06259E-03  -5.57410E-04  -1.17564E-03  -1.83218E-03  -2.91638E-03   1.81501E-04   8.30412E-04   1.41530E-03   2.79467E-03   9.68992E-05  -5.42064E-04  -9.87321E-04  -2.71487E-03  -2.89366E-04   2.47660E-04   5.35763E-04   2.46767E-03   3.37354E-04  -9.26639E-04  -2.79265E-04
 9.61200E+02  -6.02310E-03  -3.53384E-03  -2.65284E-03   4.21530E-03   5.18827E-03   2.09383E-03   2.97301E-03  -3.57522E-03  -3.92848E-03  -2.23522E-03  -2.75641E-03   2.25011E-03   2.89012E-03   2.35971E-03   3.27352E-03  -1.88241E-03  -2.12177E-03  -2.36079E-03  -3.08601E-03   1.26754E-03   1.63853E-03   2.00798E-03   2.94734E-03  -8.27084E-04  -1.22458E-03  -1.64673E-03  -2.81986E-03   4.81405E-04   8.75597E-04   1.27010E-03   2.71447E-03  -2.25417E-04  -5.77353E-04  -8.84925E-04  -2.64694E-03   4.94899E-05   2.69143E-04   4.84233E-04   2.40994E-03   1.72003E-05  -9.13395E-04  -1.51884E-04
 9.68100E+02  -5.83932E-03  -3.28464E-03  -2.52738E-03   4.18329E-03   5.04529E-03   1.82282E-03   2.81364E-03  -3.60823E-03  -3.84287E-03  -1.96687E-03  -2.60641E-03   2.33904E-03   2.85584E-03   2.10849E-03   3.09937E-03  -2.04898E-03  -2.12580E-03  -2.12866E-03  -2.92583E-03   1.47827E-03   1.65698E-03   1.80277E-03   2.80050E-03  -1.07390E-03  -1.25035E-03  -1.47445E-03  -2.68694E-03   7.56631E-04   9.01949E-04   1.13499E-03   2.59394E-03  -5.21752E-04  -5.98980E-04  -7.89530E-04  -2.53563E-03   3.61406E-04   2.83603E-04   4.36133E-04   2.31074E-03  -2.77652E-04  -8.83474E-04  -3.43623E-05
 9.75100E+02  -5.63038E-03  -3.06284E-03  -2.39778E-03   4.14518E-03   4.87580E-03   1.57995E-03   2.64623E-03  -3.63095E-03  -3.73173E-03  -1.72394E-03  -2.44511E-03   2.41504E-03   2.79742E-03   1.87940E-03   2.90634E-03  -2.19617E-03  -2.10678E-03  -1.91578E-03  -2.74206E-03   1.66692E-03   1.65410E-03   1.61410E-03   2.62557E-03  -1.29628E-03  -1.25746E-03  -1.31571E-03  -2.52194E-03   1.00558E-03   9.13150E-04   1.01028E-03   2.43808E-03  -7.90453E-04  -6.09622E-04  -7.01378E-04  -2.38646E-03   6.44671E-04   2.92460E-04   3.91579E-04   2.17539E-03  -5.45584E-04  -8.39177E-04   7.26958E-05
 9.82200E+02  -5.40391E-03  -2.87260E-03  -2.26567E-03   4.09971E-03   4.68740E-03   1.36929E-03   2.47332E-03  -3.64150E-03  -3.60194E-03  -1.51001E-03  -2.27559E-03   2.47597E-03   2.72098E-03   1.67553E-03   2.69902E-03  -2.32088E-03  -2.07024E-03  -1.72486E-03  -2.53999E-03   1.82998E-03   1.63480E-03   1.44436E-03   2.42847E-03  -1.49034E-03  -1.25005E-03  -1.17254E-03  -2.33133E-03   1.22403E-03   9.12485E-04   8.97597E-04   2.25379E-03  -1.02703E-03  -6.11618E-04  -6.21614E-04  -2.20671E-03   8.94571E-04   2.96909E-04   3.51138E-04   2.01076E-03  -7.82136E-04  -7.83265E-04   1.67557E-04
 9.89300E+02  -5.17128E-03  -2.71758E-03  -2.13464E-03   4.04701E-03   4.49089E-03   1.19477E-03   2.30005E-03  -3.63905E-03  -3.46269E-03  -1.32890E-03  -2.10357E-03   2.52020E-03   2.63414E-03   1.50042E-03   2.48534E-03  -2.42029E-03  -2.02261E-03  -1.55915E-03  -2.32820E-03   1.96397E-03   1.60461E-03   1.29647E-03   2.21844E-03  -1.65200E-03  -1.23270E-03  -1.04741E-03  -2.12488E-03   1.40741E-03   9.03508E-04   7.98900E-04   2.05128E-03  -1.22651E-03  -6.07468E-04  -5.51650E-04  -2.00689E-03   1.10584E-03   2.98174E-04   3.15519E-04   1.82673E-03  -9.82304E-04  -7.19553E-04   2.48255E-04
 9.96400E+02  -4.93996E-03  -2.59587E-03  -2.00625E-03   3.98721E-03   4.29379E-03   1.05446E-03   2.12891E-03  -3.62391E-03  -3.32082E-03  -1.17889E-03  -1.93211E-03   2.54823E-03   2.54307E-03   1.35253E-03   2.26994E-03  -2.49518E-03  -1.96950E-03  -1.41730E-03  -2.11209E-03   2.06972E-03   1.56853E-03   1.16928E-03   2.00158E-03  -1.78215E-03  -1.20965E-03  -9.39415E-04  -1.90932E-03   1.55662E-03   8.89583E-04   7.13491E-04   1.83776E-03  -1.38981E-03  -5.99572E-04  -4.91005E-04  -1.79463E-03   1.27941E-03   2.97479E-04   2.84473E-04   1.63051E-03  -1.14694E-03  -6.50931E-04   3.15159E-04
 1.00360E+03  -4.71298E-03  -2.50300E-03  -1.88003E-03   3.91985E-03   4.09958E-03   9.43667E-04   1.95957E-03  -3.59650E-03  -3.18001E-03  -1.05541E-03  -1.76137E-03   2.56125E-03   2.45156E-03   1.22761E-03   2.05365E-03  -2.54777E-03  -1.91474E-03  -1.29541E-03  -1.89305E-03   2.15002E-03   1.53012E-03   1.05937E-03   1.77983E-03  -1.88399E-03  -1.18403E-03  -8.45682E-04  -1.68709E-03   1.67520E-03   8.73258E-04   6.39137E-04   1.61609E-03  -1.52070E-03  -5.89775E-04  -4.38108E-04  -1.57311E-03   1.41920E-03   2.95810E-04   2.57192E-04   1.42518E-03  -1.27974E-03  -5.78777E-04   3.69794E-04
 1.01090E+03  -4.49548E-03  -2.43565E-03  -1.75710E-03   3.84539E-03   3.91340E-03   8.59176E-04   1.79379E-03  -3.55756E-03  -3.04488E-03  -9.55616E-04  -1.59344E-03   2.56019E-03   2.36371E-03   1.12318E-03   1.83962E-03  -2.57938E-03  -1.86204E-03  -1.19124E-03  -1.67467E-03   2.20629E-03   1.49268E-03   9.64809E-04   1.55720E-03  -1.95902E-03  -1.15862E-03  -7.64635E-04  -1.46257E-03   1.76469E-03   8.56727E-04   5.74619E-04   1.39098E-03  -1.62077E-03  -5.79640E-04  -3.92106E-04  -1.34727E-03   1.52683E-03   2.93963E-04   2.33230E-04   1.21539E-03  -1.38218E-03  -5.04959E-04   4.12806E-04
 1.01820E+03  -4.29400E-03  -2.39022E-03  -1.63991E-03   3.76554E-03   3.74140E-03   7.97700E-04   1.63501E-03  -3.50873E-03  -2.92060E-03  -8.76925E-04  -1.43212E-03   2.54643E-03   2.28373E-03   1.03716E-03   1.63304E-03  -2.59164E-03  -1.81488E-03  -1.10312E-03  -1.46262E-03   2.24001E-03   1.45918E-03   8.84223E-04   1.33979E-03  -2.00865E-03  -1.13588E-03  -6.95169E-04  -1.24222E-03   1.82643E-03   8.41896E-04   5.19100E-04   1.16914E-03  -1.69129E-03  -5.70505E-04  -3.52424E-04  -1.12404E-03   1.60356E-03   2.92574E-04   2.12291E-04   1.00767E-03  -1.45540E-03  -4.31950E-04   4.44678E-04
 1.02550E+03  -4.11042E-03  -2.36158E-03  -1.52880E-03   3.68109E-03   3.58557E-03   7.54179E-04   1.48389E-03  -3.45133E-03  -2.80907E-03  -8.14806E-04  -1.27826E-03   2.52164E-03   2.21341E-03   9.65554E-04   1.43531E-03  -2.58698E-03  -1.77494E-03  -1.02749E-03  -1.25860E-03   2.25388E-03   1.43118E-03   8.14523E-04   1.12964E-03  -2.03578E-03  -1.11715E-03  -6.34729E-04  -1.02835E-03   1.86352E-03   8.29863E-04   4.70591E-04   9.53108E-04  -1.73549E-03  -5.63164E-04  -3.17668E-04  -9.06147E-04   1.65271E-03   2.92049E-04   1.93655E-04   8.04621E-04  -1.50251E-03  -3.60782E-04   4.66703E-04
 1.03290E+03  -3.94328E-03  -2.34468E-03  -1.42257E-03   3.59149E-03   3.44493E-03   7.23456E-04   1.33884E-03  -3.38556E-03  -2.70989E-03  -7.64334E-04  -1.13040E-03   2.48673E-03   2.15284E-03   9.03760E-04   1.24476E-03  -2.56721E-03  -1.74270E-03  -9.60062E-04  -1.06109E-03   2.25015E-03   1.40923E-03   7.51939E-04   9.25345E-04  -2.04301E-03  -1.10301E-03  -5.80149E-04  -8.19730E-04   1.87880E-03   8.21134E-04   4.26610E-04   7.41806E-04  -1.75640E-03  -5.58004E-04  -2.86081E-04  -6.92613E-04   1.67744E-03   2.92621E-04   1.76396E-04   6.05378E-04  -1.52646E-03  -2.91230E-04   4.80185E-04
 1.04040E+03  -3.79303E-03  -2.33528E-03  -1.32151E-03   3.49718E-03   3.32000E-03   7.01411E-04   1.20034E-03  -3.31212E-03  -2.62358E-03  -7.21821E-04  -9.89077E-04   2.44262E-03   2.10252E-03   8.48477E-04   1.06223E-03  -2.53368E-03  -1.71860E-03  -8.97851E-04  -8.71124E-04   2.23027E-03   1.39379E-03   6.93878E-04   7.28144E-04  -2.03186E-03  -1.09385E-03  -5.29276E-04  -6.17754E-04   1.87385E-03   8.16032E-04   3.85477E-04   5.36770E-04  -1.75564E-03  -5.55263E-04  -2.56483E-04  -4.85085E-04   1.67942E-03   2.94403E-04   1.59887E-04   4.11521E-04  -1.52879E-03  -2.23883E-04   4.85835E-04
 1.04790E+03  -3.66086E-03  -2.32943E-03  -1.22711E-03   3.39980E-03   3.21178E-03   6.84331E-04   1.07046E-03  -3.23265E-03  -2.55076E-03  -6.84230E-04  -8.56456E-04   2.39078E-03   2.06267E-03   7.97203E-04   8.90606E-04  -2.48820E-03  -1.70260E-03  -8.38751E-04  -6.91866E-04   2.19599E-03   1.38478E-03   6.38562E-04   5.41471E-04  -2.00406E-03  -1.08961E-03  -4.80667E-04  -4.26086E-04   1.85039E-03   8.14502E-04   3.46083E-04   3.41835E-04  -1.73493E-03  -5.54901E-04  -2.28104E-04  -2.87536E-04   1.66036E-03   2.97311E-04   1.43729E-04   2.26807E-04  -1.51107E-03  -1.60038E-04   4.84324E-04
 1.05540E+03  -3.54489E-03  -2.32348E-03  -1.13938E-03   3.29969E-03   3.11855E-03   6.68622E-04   9.49240E-04  -3.14780E-03  -2.48999E-03  -6.48310E-04  -7.32593E-04   2.33210E-03   2.03206E-03   7.47010E-04   7.30066E-04  -2.43208E-03  -1.69363E-03  -7.80107E-04  -5.23661E-04   2.14878E-03   1.38133E-03   5.83681E-04   3.65851E-04  -1.96120E-03  -1.08960E-03  -4.32395E-04  -2.45414E-04   1.81010E-03   8.16022E-04   3.06925E-04   1.57825E-04  -1.69602E-03  -5.56562E-04  -1.99885E-04  -1.00888E-04   1.62208E-03   3.01140E-04   1.27364E-04   5.21563E-05  -1.47499E-03  -9.99651E-05   4.76398E-04
 1.06310E+03  -3.44013E-03  -2.31417E-03  -1.05633E-03   3.19436E-03   3.03609E-03   6.50848E-04   8.33937E-04  -3.05561E-03  -2.43813E-03  -6.10384E-04  -6.14659E-04   2.26546E-03   2.00845E-03   6.94089E-04   5.77003E-04  -2.36456E-03  -1.69010E-03  -7.18088E-04  -3.62885E-04   2.08813E-03   1.38220E-03   5.25794E-04   1.97659E-04  -1.90291E-03  -1.09287E-03  -3.81528E-04  -7.21490E-05   1.75270E-03   8.19916E-04   2.65670E-04  -1.87963E-05  -1.63868E-03  -5.59793E-04  -1.70166E-04   7.83538E-05   1.56437E-03   3.05694E-04   1.09865E-04  -1.15646E-04  -1.42032E-03  -4.24881E-05   4.62243E-04
 1.07070E+03  -3.34797E-03  -2.29948E-03  -9.81479E-04   3.08813E-03   2.96512E-03   6.29348E-04   7.29463E-04  -2.96006E-03  -2.39497E-03  -5.69798E-04  -5.07645E-04   2.19400E-03   1.99070E-03   6.38578E-04   4.37958E-04  -2.28908E-03  -1.69025E-03  -6.53359E-04  -2.16586E-04   2.01733E-03   1.38576E-03   4.65629E-04   4.44411E-05  -1.83246E-03  -1.09799E-03  -3.28770E-04   8.57752E-05   1.68148E-03   8.25013E-04   2.22928E-04  -1.79810E-04  -1.56622E-03  -5.63756E-04  -1.39400E-04   2.41757E-04   1.49058E-03   3.10382E-04   9.15408E-05  -2.68637E-04  -1.35021E-03   9.76618E-06   4.42874E-04
 1.07850E+03  -3.26159E-03  -2.27716E-03  -9.12283E-04   2.97707E-03   2.89985E-03   6.01605E-04   6.32259E-04  -2.85786E-03  -2.35616E-03  -5.23446E-04  -4.07858E-04   2.11550E-03   1.97567E-03   5.76947E-04   3.08189E-04  -2.20356E-03  -1.69180E-03  -5.82162E-04  -7.99672E-05   1.93458E-03   1.39017E-03   3.99757E-04  -9.86283E-05  -1.74817E-03  -1.10354E-03  -2.71159E-04   2.33160E-04   1.59479E-03   8.30251E-04   1.76320E-04  -3.29968E-04  -1.47701E-03  -5.67725E-04  -1.05887E-04   3.94037E-04   1.39909E-03   3.14876E-04   7.14173E-05  -4.11157E-04  -1.26310E-03   5.84051E-05   4.18021E-04
 1.08630E+03  -3.17995E-03  -2.24684E-03  -8.51141E-04   2.86439E-03   2.83890E-03   5.67401E-04   5.45681E-04  -2.75216E-03  -2.31993E-03  -4.71698E-04  -3.18678E-04   2.03260E-03   1.96112E-03   5.10084E-04   1.92146E-04  -2.11113E-03  -1.69220E-03  -5.05733E-04   4.20883E-05   1.84306E-03   1.39317E-03   3.29346E-04  -2.26233E-04  -1.65334E-03  -1.10757E-03  -2.09734E-04   3.64344E-04   1.49609E-03   8.34102E-04   1.26698E-04  -4.63348E-04  -1.37463E-03  -5.70619E-04  -7.02409E-05   5.29077E-04   1.29356E-03   3.18484E-04   4.98947E-05  -5.37401E-04  -1.16247E-03   1.01584E-04   3.88794E-04
 1.09410E+03  -3.09956E-03  -2.20882E-03  -7.98399E-04   2.75064E-03   2.77902E-03   5.26942E-04   4.70221E-04  -2.64389E-03  -2.28336E-03  -4.14763E-04  -2.40554E-04   1.94633E-03   1.94435E-03   4.38286E-04   9.04623E-05  -2.01324E-03  -1.68894E-03  -4.24439E-04   1.48721E-04   1.74447E-03   1.39260E-03   2.54709E-04  -3.37278E-04  -1.54991E-03  -1.10833E-03  -1.44753E-04   4.78030E-04   1.38751E-03   8.35186E-04   7.42645E-05  -5.78487E-04  -1.26136E-03  -5.71472E-04  -3.26032E-05   6.45289E-04   1.17639E-03   3.20651E-04   2.70866E-05  -6.45805E-04  -1.05060E-03   1.38909E-04   3.55963E-04
 1.10200E+03  -3.01623E-03  -2.16370E-03  -7.53837E-04   2.63513E-03   2.71646E-03   4.80698E-04   4.05537E-04  -2.53276E-03  -2.24333E-03  -3.52858E-04  -1.73065E-04   1.85678E-03   1.92267E-03   3.61642E-04   2.62738E-06  -1.91033E-03  -1.67964E-03  -3.38288E-04   2.40291E-04   1.63951E-03   1.38645E-03   1.75795E-04  -4.31956E-04  -1.43879E-03  -1.10414E-03  -7.61384E-05   5.74245E-04   1.27010E-03   8.32216E-04   1.89360E-05  -6.75271E-04  -1.13835E-03  -5.69380E-04   7.09540E-06   7.42456E-04   1.04882E-03   3.20872E-04   2.97007E-06  -7.36087E-04  -9.28677E-04   1.70416E-04   3.19952E-04
 1.11000E+03  -2.92726E-03  -2.11332E-03  -7.17944E-04   2.51877E-03   2.64872E-03   4.30394E-04   3.52287E-04  -2.42015E-03  -2.19757E-03  -2.87626E-04  -1.16817E-04   1.76537E-03   1.89394E-03   2.81836E-04  -7.05450E-05  -1.80435E-03  -1.66227E-03  -2.48991E-04   3.15800E-04   1.53046E-03   1.37295E-03   9.40824E-05  -5.09070E-04  -1.32258E-03  -1.09355E-03  -5.12050E-06   6.51622E-04   1.14672E-03   8.24053E-04  -3.83254E-05  -7.52192E-04  -1.00866E-03  -5.63543E-04   4.81800E-05   8.18959E-04   9.14032E-04   3.18678E-04  -2.20344E-05  -8.06671E-04  -7.99743E-04   1.95683E-04   2.81716E-04
 1.11800E+03  -2.83191E-03  -2.06091E-03  -6.91276E-04   2.40410E-03   2.57492E-03   3.79092E-04   3.11261E-04  -2.30903E-03  -2.14517E-03  -2.22166E-04  -7.25870E-05   1.67487E-03   1.85718E-03   2.02169E-04  -1.28045E-04  -1.69890E-03  -1.63582E-03  -1.59965E-04   3.74131E-04   1.42134E-03   1.35123E-03   1.25882E-05  -5.67399E-04  -1.20574E-03  -1.07583E-03   6.57509E-05   7.08856E-04   1.02223E-03   8.10128E-04  -9.55041E-05  -8.07879E-04  -8.77481E-04  -5.53562E-04   8.92243E-05   8.73384E-04   7.77464E-04   3.13831E-04  -4.70534E-05  -8.56207E-04  -6.69011E-04   2.14303E-04   2.42841E-04
 1.12610E+03  -2.72808E-03  -2.00876E-03  -6.73334E-04   2.29081E-03   2.49335E-03   3.28929E-04   2.81678E-04  -2.19967E-03  -2.08483E-03  -1.58262E-04  -3.95058E-05   1.58586E-03   1.81143E-03   1.24247E-04  -1.71031E-04  -1.59502E-03  -1.59955E-03  -7.26883E-05   4.16479E-04   1.31354E-03   1.32070E-03  -6.74655E-05  -6.08154E-04  -1.08997E-03  -1.05050E-03   1.35497E-04   7.47146E-04   8.98554E-04   7.90067E-04  -1.51857E-04  -8.43512E-04  -7.46889E-04  -5.39172E-04   1.29718E-04   9.06890E-04   6.41318E-04   3.06198E-04  -7.17754E-05  -8.85752E-04  -5.38598E-04   2.26681E-04   2.03985E-04
 1.13420E+03  -2.61717E-03  -1.96045E-03  -6.63897E-04   2.18136E-03   2.40517E-03   2.83263E-04   2.63239E-04  -2.09498E-03  -2.01756E-03  -9.92593E-05  -1.72663E-05   1.50104E-03   1.75763E-03   5.15763E-05  -1.99958E-04  -1.49619E-03  -1.55439E-03   9.24195E-06   4.43437E-04   1.21097E-03   1.28215E-03  -1.42912E-04  -6.32065E-04  -9.79662E-04  -1.01823E-03   2.01444E-04   7.67347E-04   7.80477E-04   7.64406E-04  -2.05275E-04  -8.60041E-04  -6.21988E-04  -5.20754E-04   1.68169E-04   9.20498E-04   5.10935E-04   2.96006E-04  -9.52926E-05  -8.96303E-04  -4.13623E-04   2.33105E-04   1.66694E-04
 1.14240E+03  -2.49878E-03  -1.91795E-03  -6.62156E-04   2.07532E-03   2.31029E-03   2.43955E-04   2.54694E-04  -1.99503E-03  -1.94356E-03  -4.66823E-05  -4.51904E-06   1.42074E-03   1.69627E-03  -1.45082E-05  -2.16663E-04  -1.40310E-03  -1.50100E-03   8.46358E-05   4.57037E-04   1.11460E-03   1.23620E-03  -2.12786E-04  -6.41341E-04  -8.75988E-04  -9.79546E-04   2.62837E-04   7.71788E-04   6.69343E-04   7.33548E-04  -2.55194E-04  -8.59876E-04  -5.04236E-04  -4.98587E-04   2.04196E-04   9.16671E-04   3.87849E-04   2.83444E-04  -1.17376E-04  -8.90178E-04  -2.95559E-04   2.34335E-04   1.31421E-04
 1.15060E+03  -2.37599E-03  -1.88377E-03  -6.67277E-04   1.97470E-03   2.21148E-03   2.13322E-04   2.54887E-04  -1.90205E-03  -1.86537E-03  -2.86784E-06  -1.07785E-07   1.34701E-03   1.62982E-03  -7.15332E-05  -2.22744E-04  -1.31834E-03  -1.44180E-03   1.50941E-04   4.59203E-04   1.02730E-03   1.18497E-03  -2.74839E-04  -6.38236E-04  -7.82132E-04  -9.36225E-04   3.17777E-04   7.63001E-04   5.68603E-04   6.98897E-04  -3.00115E-04  -8.45769E-04  -3.97304E-04  -4.73662E-04   2.36738E-04   8.98329E-04   2.75898E-04   2.69106E-04  -1.37378E-04  -8.70196E-04  -1.88083E-04   2.31196E-04   9.92776E-05
 1.15890E+03  -2.24928E-03  -1.85874E-03  -6.78379E-04   1.87869E-03   2.10951E-03   1.92157E-04   2.62432E-04  -1.81558E-03  -1.78399E-03   3.16649E-05  -2.53753E-06   1.27962E-03   1.55951E-03  -1.19175E-04  -2.20260E-04  -1.24182E-03  -1.37817E-03   2.07984E-04   4.52270E-04   9.49088E-04   1.12965E-03  -3.29007E-04  -6.25332E-04  -6.98176E-04  -8.89275E-04   3.66270E-04   7.43749E-04   4.78358E-04   6.61232E-04  -3.40078E-04  -8.20604E-04  -3.01292E-04  -4.46517E-04   2.65842E-04   8.68434E-04   1.75178E-04   2.53329E-04  -1.55332E-04  -8.39161E-04  -9.12762E-05   2.24578E-04   7.03008E-05
 1.16730E+03  -2.12073E-03  -1.84362E-03  -6.94622E-04   1.78761E-03   2.00644E-03   1.81120E-04   2.76066E-04  -1.73607E-03  -1.70143E-03   5.63363E-05  -1.04802E-05   1.21904E-03   1.48742E-03  -1.56888E-04  -2.11056E-04  -1.17415E-03  -1.31220E-03   2.55261E-04   4.38405E-04   8.80651E-04   1.07211E-03  -3.74893E-04  -6.05104E-04  -6.24860E-04  -8.40231E-04   4.08013E-04   7.16748E-04   3.99383E-04   6.21746E-04  -3.74865E-04  -7.87274E-04  -2.16999E-04  -4.17987E-04   2.91364E-04   8.30007E-04   8.65001E-05   2.36617E-04  -1.71147E-04  -7.99961E-04  -5.90258E-06   2.15354E-04   4.47341E-05
 1.17570E+03  -1.99385E-03  -1.83850E-03  -7.14951E-04   1.70254E-03   1.90544E-03   1.80221E-04   2.94345E-04  -1.66449E-03  -1.62060E-03   7.10253E-05  -2.25068E-05   1.16600E-03   1.41641E-03  -1.84442E-04  -1.97087E-04  -1.11616E-03  -1.24671E-03   2.92471E-04   4.19926E-04   8.22795E-04   1.01477E-03  -4.12226E-04  -5.80237E-04  -5.63002E-04  -7.91136E-04   4.42773E-04   6.84990E-04   3.32516E-04   5.82046E-04  -4.04289E-04  -7.49014E-04  -1.45277E-04  -3.89203E-04   3.13171E-04   7.86461E-04   1.07357E-05   2.19647E-04  -1.84738E-04  -7.55884E-04   6.72156E-05   2.04491E-04   2.28408E-05
 1.18420E+03  -1.86878E-03  -1.84279E-03  -7.38868E-04   1.62230E-03   1.80698E-03   1.88869E-04   3.16376E-04  -1.59975E-03  -1.54219E-03   7.65218E-05  -3.75936E-05   1.11966E-03   1.34733E-03  -2.02833E-04  -1.79804E-04  -1.06685E-03  -1.18265E-03   3.20773E-04   3.98500E-04   7.74430E-04   9.58463E-04  -4.42127E-04  -5.52573E-04  -5.11352E-04  -7.42656E-04   4.71569E-04   6.50427E-04   2.76338E-04   5.42621E-04  -4.29198E-04  -7.07830E-04  -8.45628E-05  -3.60487E-04   3.31883E-04   7.39832E-04  -5.37980E-05   2.02618E-04  -1.96482E-04  -7.08839E-04   1.29720E-04   1.92601E-04   4.14911E-06
 1.19280E+03  -1.74692E-03  -1.85579E-03  -7.65831E-04   1.54672E-03   1.71246E-03   2.06342E-04   3.41303E-04  -1.54163E-03  -1.46761E-03   7.35763E-05  -5.48175E-05   1.07977E-03   1.28163E-03  -2.12866E-04  -1.60509E-04  -1.02587E-03  -1.12147E-03   3.41029E-04   3.75661E-04   7.35073E-04   9.04430E-04  -4.65418E-04  -5.23850E-04  -4.69278E-04  -6.95791E-04   4.95135E-04   6.14938E-04   2.30077E-04   5.04228E-04  -4.50197E-04  -6.65697E-04  -3.39618E-05  -3.32355E-04   3.47943E-04   6.92154E-04  -1.08085E-04   1.85839E-04  -2.06643E-04  -6.60753E-04   1.82581E-04   1.80275E-04  -1.16100E-05
 1.20140E+03  -1.63062E-03  -1.87635E-03  -7.95071E-04   1.47640E-03   1.62395E-03   2.31402E-04   3.68125E-04  -1.49040E-03  -1.39868E-03   6.32848E-05  -7.32096E-05   1.04639E-03   1.22111E-03  -2.15554E-04  -1.40503E-04  -9.93079E-04  -1.06490E-03   3.54195E-04   3.52921E-04   7.04390E-04   8.54155E-04  -4.82934E-04  -4.95792E-04  -4.36285E-04  -6.51766E-04   5.14170E-04   5.80417E-04   1.93111E-04   4.67815E-04  -4.67834E-04  -6.24632E-04   7.24319E-06  -3.05466E-04   3.61735E-04   6.45532E-04  -1.52909E-04   1.69703E-04  -2.15448E-04  -6.13642E-04   2.26572E-04   1.68110E-04  -2.46460E-05
 1.21010E+03  -1.51914E-03  -1.90368E-03  -8.26590E-04   1.41022E-03   1.54107E-03   2.63264E-04   3.96607E-04  -1.44502E-03  -1.33529E-03   4.66372E-05  -9.23849E-05   1.01866E-03   1.16574E-03  -2.12111E-04  -1.20397E-04  -9.67452E-04  -1.01297E-03   3.61672E-04   3.30984E-04   6.81197E-04   8.07598E-04  -4.96045E-04  -4.69126E-04  -4.10951E-04  -6.10470E-04   5.29923E-04   5.47551E-04   1.63779E-04   4.33227E-04  -4.83151E-04  -5.85249E-04   4.09212E-05  -2.79667E-04   3.74026E-04   6.00504E-04  -1.90301E-04   1.54113E-04  -2.23362E-04  -5.67950E-04   2.63682E-04   1.56287E-04  -3.55300E-05
 1.21880E+03  -1.41407E-03  -1.93649E-03  -8.59789E-04   1.34867E-03   1.46513E-03   3.00545E-04   4.26016E-04  -1.40566E-03  -1.27855E-03   2.48862E-05  -1.11663E-04   9.96502E-04   1.11658E-03  -2.03717E-04  -1.01076E-04  -9.48686E-04  -9.66662E-04   3.64589E-04   3.10832E-04   6.64968E-04   7.65553E-04  -5.05736E-04  -4.44921E-04  -3.92565E-04  -5.72522E-04   5.43218E-04   5.17465E-04   1.41223E-04   4.00916E-04  -4.96791E-04  -5.48699E-04   6.80382E-05  -2.55257E-04   3.85263E-04   5.58235E-04  -2.21301E-04   1.39246E-04  -2.30647E-04  -5.24775E-04   2.94924E-04   1.45139E-04  -4.45457E-05
 1.22760E+03  -1.31435E-03  -1.97429E-03  -8.94869E-04   1.29085E-03   1.39543E-03   3.42745E-04   4.56368E-04  -1.37152E-03  -1.22800E-03  -1.23532E-06  -1.30892E-04   9.79314E-04   1.07326E-03  -1.91342E-04  -8.28419E-05  -9.36029E-04  -9.25575E-04   3.64122E-04   2.92799E-04   6.54792E-04   7.27560E-04  -5.13196E-04  -4.23450E-04  -3.79981E-04  -5.37405E-04   5.55158E-04   4.90296E-04   1.24062E-04   3.70372E-04  -5.09683E-04  -5.14952E-04   9.01805E-05  -2.31812E-04   3.96133E-04   5.18540E-04  -2.47651E-04   1.24836E-04  -2.37722E-04  -4.83838E-04   3.22016E-04   1.34640E-04  -5.21825E-05
 1.23650E+03  -1.22008E-03  -2.01642E-03  -9.31704E-04   1.23665E-03   1.33215E-03   3.89124E-04   4.87391E-04  -1.34246E-03  -1.18381E-03  -3.09120E-05  -1.49740E-04   9.66884E-04   1.03590E-03  -1.75892E-04  -6.61776E-05  -9.29119E-04  -8.89755E-04   3.61260E-04   2.77391E-04   6.50122E-04   6.93512E-04  -5.19373E-04  -4.05168E-04  -3.72451E-04  -5.04898E-04   5.66588E-04   4.66384E-04   1.11366E-04   3.41317E-04  -5.22516E-04  -4.84205E-04   1.08422E-04  -2.09073E-04   4.07132E-04   4.81481E-04  -2.70529E-04   1.10714E-04  -2.44880E-04  -4.45113E-04   3.46115E-04   1.24820E-04  -5.87661E-05
 1.24540E+03  -1.13225E-03  -2.06179E-03  -9.69733E-04   1.18657E-03   1.27593E-03   4.38464E-04   5.18465E-04  -1.31858E-03  -1.14641E-03  -6.30434E-05  -1.67679E-04   9.59099E-04   1.00483E-03  -1.58390E-04  -5.17004E-05  -9.27626E-04  -8.59403E-04   3.56950E-04   2.65189E-04   6.50435E-04   6.63449E-04  -5.25053E-04  -3.90585E-04  -3.69309E-04  -4.74924E-04   5.78125E-04   4.46136E-04   1.02378E-04   3.13613E-04  -5.35741E-04  -4.56749E-04   1.23569E-04  -1.86899E-04   4.18554E-04   4.47252E-04  -2.90764E-04   9.67855E-05  -2.52289E-04  -4.08717E-04   3.68004E-04   1.15745E-04  -6.45248E-05
 1.25440E+03  -1.04980E-03  -2.11039E-03  -1.00922E-03   1.13991E-03   1.22607E-03   4.90724E-04   5.49648E-04  -1.29943E-03  -1.11529E-03  -9.73256E-05  -1.84581E-04   9.55643E-04   9.79527E-04  -1.39375E-04  -3.96895E-05  -9.31157E-04  -8.33863E-04   3.51929E-04   2.56450E-04   6.55207E-04   6.36552E-04  -5.31020E-04  -3.79789E-04  -3.69841E-04  -4.46557E-04   5.90506E-04   4.29362E-04   9.62058E-05   2.86345E-04  -5.49970E-04  -4.32076E-04   1.36656E-04  -1.64532E-04   4.30841E-04   4.15059E-04  -3.09487E-04   8.25718E-05  -2.60212E-04  -3.73726E-04   3.88791E-04   1.07215E-04  -6.97758E-05
 1.26350E+03  -9.72730E-04  -2.16180E-03  -1.05000E-03   1.09664E-03   1.18260E-03   5.45420E-04   5.80613E-04  -1.28489E-03  -1.09041E-03  -1.33209E-04  -2.00065E-04   9.56350E-04   9.59869E-04  -1.19458E-04  -3.06632E-05  -9.39408E-04  -8.12827E-04   3.46840E-04   2.51643E-04   6.63994E-04   6.12295E-04  -5.37843E-04  -3.73080E-04  -3.73480E-04  -4.19120E-04   6.04181E-04   4.16101E-04   9.22046E-05   2.58807E-04  -5.65522E-04  -4.09932E-04   1.48358E-04  -1.41367E-04   4.44192E-04   3.84390E-04  -3.27375E-04   6.76866E-05  -2.68756E-04  -3.39500E-04   4.09103E-04   9.91041E-05  -7.47085E-05
 1.27260E+03  -9.01839E-04  -2.21505E-03  -1.09143E-03   1.05706E-03   1.14593E-03   6.01482E-04   6.10677E-04  -1.27489E-03  -1.07193E-03  -1.69796E-04  -2.13579E-04   9.60931E-04   9.45832E-04  -9.93876E-05  -2.52195E-05  -9.51859E-04  -7.96096E-04   3.42249E-04   2.51242E-04   6.76162E-04   5.90300E-04  -5.45832E-04  -3.70755E-04  -3.79588E-04  -3.92135E-04   6.19241E-04   4.06439E-04   8.98179E-05   2.30507E-04  -5.82338E-04  -3.90190E-04   1.59099E-04  -1.16995E-04   4.58484E-04   3.54939E-04  -3.44719E-04   5.18712E-05  -2.77824E-04  -3.05643E-04   4.29120E-04   9.13402E-05  -7.94083E-05
 1.28180E+03  -8.36285E-04  -2.27026E-03  -1.13378E-03   1.02053E-03   1.11557E-03   6.59079E-04   6.39831E-04  -1.26899E-03  -1.05950E-03  -2.07036E-04  -2.24889E-04   9.69079E-04   9.37024E-04  -7.93875E-05  -2.38053E-05  -9.68125E-04  -7.83045E-04   3.38482E-04   2.55672E-04   6.91250E-04   5.69656E-04  -5.55276E-04  -3.73013E-04  -3.87624E-04  -3.64491E-04   6.35877E-04   4.00195E-04   8.84871E-05   2.00306E-04  -6.00497E-04  -3.72231E-04   1.69398E-04  -9.04510E-05   4.73719E-04   3.25695E-04  -3.61970E-04   3.45096E-05  -2.87397E-04  -2.70962E-04   4.49213E-04   8.36637E-05  -8.40074E-05
 1.29100E+03  -7.76711E-04  -2.32640E-03  -1.17645E-03   9.87159E-04   1.09182E-03   7.17140E-04   6.67471E-04  -1.26684E-03  -1.05317E-03  -2.44111E-04  -2.33528E-04   9.80264E-04   9.33332E-04  -6.00457E-05  -2.69043E-05  -9.87407E-04  -7.73409E-04   3.35826E-04   2.65286E-04   7.08420E-04   5.49960E-04  -5.66089E-04  -3.80039E-04  -3.96875E-04  -3.35715E-04   6.53713E-04   3.97360E-04   8.77522E-05   1.67740E-04  -6.19471E-04  -3.55858E-04   1.79401E-04  -6.13559E-05   4.89384E-04   2.96306E-04  -3.78981E-04   1.53647E-05  -2.97132E-04  -2.35035E-04   4.69054E-04   7.59878E-05  -8.84773E-05
 1.30040E+03  -7.21788E-04  -2.38419E-03  -1.22032E-03   9.55916E-04   1.07418E-03   7.76469E-04   6.93980E-04  -1.26794E-03  -1.05282E-03  -2.81415E-04  -2.39372E-04   9.94231E-04   9.34585E-04  -4.12812E-05  -3.50492E-05  -1.00941E-03  -7.66681E-04   3.34389E-04   2.80728E-04   7.27290E-04   5.30239E-04  -5.78377E-04  -3.92245E-04  -4.06873E-04  -3.04463E-04   6.72740E-04   3.97853E-04   8.71556E-05   1.31340E-04  -6.39125E-04  -3.40377E-04   1.89457E-04  -2.84259E-05   5.05280E-04   2.65515E-04  -3.95949E-04  -6.39773E-06  -3.06869E-04  -1.96324E-04   4.88712E-04   6.79879E-05  -9.28799E-05
 1.30970E+03  -6.73056E-04  -2.44127E-03  -1.26408E-03   9.27419E-04   1.06312E-03   8.34702E-04   7.18481E-04  -1.27170E-03  -1.05837E-03  -3.17360E-04  -2.42099E-04   1.00994E-03   9.40624E-04  -2.39892E-05  -4.82287E-05  -1.03262E-03  -7.62827E-04   3.34291E-04   3.01748E-04   7.46405E-04   5.10709E-04  -5.91473E-04  -4.09372E-04  -4.16580E-04  -2.71205E-04   6.91777E-04   4.01593E-04   8.62916E-05   9.17147E-05  -6.58093E-04  -3.25995E-04   1.99281E-04   7.76042E-06   5.20198E-04   2.33817E-04  -4.11995E-04  -3.03857E-05  -3.15828E-04  -1.55487E-04   5.06998E-04   5.97943E-05  -9.69977E-05
 1.31920E+03  -6.28601E-04  -2.49897E-03  -1.30939E-03   9.00386E-04   1.05813E-03   8.93238E-04   7.41923E-04  -1.27768E-03  -1.06996E-03  -3.52689E-04  -2.41822E-04   1.02726E-03   9.51585E-04  -7.91698E-06  -6.69421E-05  -1.05686E-03  -7.61581E-04   3.35578E-04   3.29134E-04   7.65450E-04   4.90491E-04  -6.05448E-04  -4.32031E-04  -4.25531E-04  -2.34530E-04   7.10737E-04   4.08643E-04   8.47007E-05   4.72231E-05  -6.76100E-04  -3.12042E-04   2.09168E-04   4.86821E-05   5.33780E-04   1.99854E-04  -4.27174E-04  -5.75736E-05  -3.23730E-04  -1.10808E-04   5.23779E-04   5.10548E-05  -1.00852E-04
 1.32870E+03  -5.88977E-04  -2.55563E-03  -1.35571E-03   8.75147E-04   1.05920E-03   9.50367E-04   7.64144E-04  -1.28531E-03  -1.08737E-03  -3.86202E-04  -2.38694E-04   1.04529E-03   9.67303E-04   6.23457E-06  -9.07619E-05  -1.08079E-03  -7.62986E-04   3.38321E-04   3.62364E-04   7.83076E-04   4.69934E-04  -6.19668E-04  -4.59803E-04  -4.32721E-04  -1.95049E-04   7.28478E-04   4.18848E-04   8.19597E-05  -1.39922E-06  -6.91796E-04  -2.98714E-04   2.18863E-04   9.36622E-05   5.44804E-04   1.64152E-04  -4.40620E-04  -8.75109E-05  -3.29775E-04  -6.29969E-05   5.37862E-04   4.19041E-05  -1.04228E-04
 1.33830E+03  -5.53189E-04  -2.61153E-03  -1.40411E-03   8.51322E-04   1.06608E-03   1.00626E-03   7.85910E-04  -1.29435E-03  -1.11075E-03  -4.17783E-04  -2.33032E-04   1.06373E-03   9.87977E-04   1.82094E-05  -1.19645E-04  -1.10383E-03  -7.67129E-04   3.42707E-04   4.01604E-04   7.98541E-04   4.48913E-04  -6.33996E-04  -4.92867E-04  -4.37398E-04  -1.52432E-04   7.44479E-04   4.32250E-04   7.75606E-05  -5.45859E-05  -7.04387E-04  -2.85843E-04   2.28443E-04   1.43109E-04   5.52450E-04   1.26342E-04  -4.51943E-04  -1.20471E-04  -3.33384E-04  -1.15769E-05   5.48555E-04   3.22441E-05  -1.07029E-04
 1.34800E+03  -5.20646E-04  -2.66647E-03  -1.45525E-03   8.29041E-04   1.07854E-03   1.06050E-03   8.07864E-04  -1.30474E-03  -1.14012E-03  -4.46882E-04  -2.25260E-04   1.08228E-03   1.01373E-03   2.74697E-05  -1.53231E-04  -1.12532E-03  -7.74186E-04   3.49041E-04   4.46631E-04   8.10927E-04   4.27633E-04  -6.48269E-04  -5.31101E-04  -4.38678E-04  -1.06893E-04   7.58090E-04   4.48814E-04   7.09493E-05  -1.12134E-04  -7.12908E-04  -2.73473E-04   2.37932E-04   1.96851E-04   5.55733E-04   8.65417E-05  -4.60610E-04  -1.56341E-04  -3.33871E-04   4.32901E-05   5.54984E-04   2.21031E-05  -1.09121E-04
 1.35770E+03  -4.91013E-04  -2.71993E-03  -1.50928E-03   8.08896E-04   1.09615E-03   1.11222E-03   8.30462E-04  -1.31655E-03  -1.17508E-03  -4.72638E-04  -2.15962E-04   1.10063E-03   1.04433E-03   3.33083E-05  -1.90667E-04  -1.14451E-03  -7.84226E-04   3.57694E-04   4.96580E-04   8.19298E-04   4.06580E-04  -6.62334E-04  -5.73832E-04  -4.35701E-04  -5.92614E-05   7.68680E-04   4.68245E-04   6.16112E-05  -1.73042E-04  -7.16438E-04  -2.61796E-04   2.47332E-04   2.53960E-04   5.53735E-04   4.54088E-05  -4.66106E-04  -1.94503E-04  -3.30601E-04   1.00684E-04   5.56325E-04   1.16463E-05  -1.10375E-04
 1.36750E+03  -4.63351E-04  -2.77265E-03  -1.56736E-03   7.91309E-04   1.11874E-03   1.16165E-03   8.54563E-04  -1.33038E-03  -1.21588E-03  -4.94690E-04  -2.05529E-04   1.11903E-03   1.08007E-03   3.50459E-05  -2.31803E-04  -1.16125E-03  -7.97444E-04   3.69356E-04   5.51494E-04   8.22988E-04   3.85799E-04  -6.76498E-04  -6.21131E-04  -4.27564E-04  -9.46412E-06   7.75992E-04   4.90557E-04   4.87988E-05  -2.37427E-04  -7.14258E-04  -2.50750E-04   2.56921E-04   3.14535E-04   5.45582E-04   2.83157E-06  -4.68135E-04  -2.35012E-04  -3.22921E-04   1.60731E-04   5.51885E-04   8.44355E-07  -1.10711E-04
 1.37740E+03  -4.37156E-04  -2.82502E-03  -1.63000E-03   7.77212E-04   1.14606E-03   1.20853E-03   8.80675E-04  -1.34699E-03  -1.26238E-03  -5.12278E-04  -1.94356E-04   1.13775E-03   1.12089E-03   3.17440E-05  -2.76180E-04  -1.17527E-03  -8.13869E-04   3.84841E-04   6.10911E-04   8.21209E-04   3.65493E-04  -6.91078E-04  -6.72588E-04  -4.13280E-04   4.20959E-05   7.79720E-04   5.15504E-04   3.17326E-05  -3.04738E-04  -7.05576E-04  -2.40366E-04   2.66958E-04   3.78017E-04   5.30338E-04  -4.08542E-05  -4.66347E-04  -2.77473E-04  -3.10138E-04   2.22898E-04   5.40910E-04  -1.02167E-05  -1.10037E-04
 1.38740E+03  -4.12050E-04  -2.87756E-03  -1.69750E-03   7.67789E-04   1.17786E-03   1.25258E-03   9.09089E-04  -1.36738E-03  -1.31439E-03  -5.24552E-04  -1.82714E-04   1.15720E-03   1.16656E-03   2.23209E-05  -3.23377E-04  -1.18641E-03  -8.33350E-04   4.05127E-04   6.74293E-04   8.13173E-04   3.45750E-04  -7.06527E-04  -7.27644E-04  -3.91795E-04   9.50227E-05   7.79633E-04   5.42697E-04   9.54676E-06  -3.74329E-04  -6.89620E-04  -2.30601E-04   2.77772E-04   4.43704E-04   5.07051E-04  -8.52788E-05  -4.60427E-04  -3.21376E-04  -2.91537E-04   2.86543E-04   5.22647E-04  -2.14401E-05  -1.08268E-04
 1.39740E+03  -3.88065E-04  -2.93038E-03  -1.76911E-03   7.64421E-04   1.21351E-03   1.29316E-03   9.39491E-04  -1.39249E-03  -1.37092E-03  -5.30555E-04  -1.70829E-04   1.17769E-03   1.21612E-03   5.77817E-06  -3.72532E-04  -1.19451E-03  -8.55264E-04   4.31028E-04   7.40327E-04   7.98264E-04   3.26685E-04  -7.23223E-04  -7.84959E-04  -3.62332E-04   1.48400E-04   7.75610E-04   5.71262E-04  -1.83849E-05  -4.44728E-04  -6.65893E-04  -2.21405E-04   2.89619E-04   5.10047E-04   4.75104E-04  -1.29593E-04  -4.50205E-04  -3.65622E-04  -2.66657E-04   3.50250E-04   4.96638E-04  -3.26057E-05  -1.05358E-04
 1.40750E+03  -3.64946E-04  -2.98471E-03  -1.84510E-03   7.68462E-04   1.25303E-03   1.33048E-03   9.71805E-04  -1.42378E-03  -1.43192E-03  -5.29477E-04  -1.58499E-04   1.19999E-03   1.26927E-03  -1.91943E-05  -4.23803E-04  -1.19962E-03  -8.79112E-04   4.63878E-04   8.08864E-04   7.75638E-04   3.07840E-04  -7.41905E-04  -8.44073E-04  -3.23590E-04   2.02389E-04   7.67510E-04   6.00645E-04  -5.32081E-05  -5.15717E-04  -6.33512E-04  -2.12421E-04   3.02996E-04   5.76598E-04   4.33333E-04  -1.73786E-04  -4.35359E-04  -4.09815E-04  -2.34605E-04   4.13705E-04   4.61995E-04  -4.37022E-05  -1.01216E-04
 1.41760E+03  -3.43129E-04  -3.04071E-03  -1.92388E-03   7.81245E-04   1.29567E-03   1.36396E-03   1.00495E-03  -1.46215E-03  -1.49593E-03  -5.20480E-04  -1.45558E-04   1.22443E-03   1.32437E-03  -5.34619E-05  -4.76401E-04  -1.20168E-03  -9.03614E-04   5.04389E-04   8.78254E-04   7.44862E-04   2.88934E-04  -7.62944E-04  -9.03086E-04  -2.75000E-04   2.56079E-04   7.55325E-04   6.29455E-04  -9.53955E-05  -5.85487E-04  -5.92199E-04  -2.03348E-04   3.18128E-04   6.41323E-04   3.81367E-04  -2.16903E-04  -4.15839E-04  -4.52472E-04  -1.95101E-04   4.75128E-04   4.18478E-04  -5.44769E-05  -9.58276E-05
 1.42790E+03  -3.22643E-04  -3.10016E-03  -2.00572E-03   8.04429E-04   1.34190E-03   1.39403E-03   1.03838E-03  -1.50958E-03  -1.56311E-03  -5.02491E-04  -1.31233E-04   1.25205E-03   1.38105E-03  -9.88533E-05  -5.31122E-04  -1.20068E-03  -9.27827E-04   5.54409E-04   9.48672E-04   7.04620E-04   2.68900E-04  -7.87285E-04  -9.61469E-04  -2.14615E-04   3.10117E-04   7.38685E-04   6.56807E-04  -1.46600E-04  -6.54028E-04  -5.40495E-04  -1.93468E-04   3.35652E-04   7.03740E-04   3.17368E-04  -2.59154E-04  -3.91026E-04  -4.93086E-04  -1.46754E-04   5.34262E-04   3.64616E-04  -6.49642E-05  -8.90238E-05
 1.43820E+03  -3.04577E-04  -3.16247E-03  -2.08727E-03   8.38712E-04   1.39040E-03   1.41994E-03   1.06985E-03  -1.56615E-03  -1.63078E-03  -4.75141E-04  -1.15076E-04   1.28274E-03   1.43630E-03  -1.55396E-04  -5.86666E-04  -1.19661E-03  -9.49457E-04   6.13777E-04   1.01730E-03   6.55158E-04   2.47219E-04  -8.14855E-04  -1.01600E-03  -1.42883E-04   3.62986E-04   7.17821E-04   6.80373E-04  -2.06418E-04  -7.18331E-04  -4.78955E-04  -1.82288E-04   3.55466E-04   7.60493E-04   2.42024E-04  -2.98955E-04  -3.61255E-04  -5.29223E-04  -9.00963E-05   5.88176E-04   3.01055E-04  -7.47469E-05  -8.08966E-05
 1.44860E+03  -2.89624E-04  -3.22859E-03  -2.16713E-03   8.84987E-04   1.44108E-03   1.44189E-03   1.09765E-03  -1.63288E-03  -1.69789E-03  -4.37881E-04  -9.60332E-05   1.31703E-03   1.48843E-03  -2.23991E-04  -6.43319E-04  -1.18946E-03  -9.66549E-04   6.83361E-04   1.08312E-03   5.95869E-04   2.22595E-04  -8.46075E-04  -1.06480E-03  -5.89526E-05   4.14685E-04   6.92574E-04   6.98299E-04  -2.75531E-04  -7.77114E-04  -4.06992E-04  -1.68901E-04   3.77824E-04   8.09691E-04   1.54630E-04  -3.35840E-04  -3.26298E-04  -5.59359E-04  -2.46115E-05   6.35379E-04   2.27258E-04  -8.36814E-05  -7.13860E-05
 1.45900E+03  -2.78931E-04  -3.29795E-03  -2.24206E-03   9.42755E-04   1.49291E-03   1.45977E-03   1.11929E-03  -1.70908E-03  -1.76196E-03  -3.91209E-04  -7.32700E-05   1.35457E-03   1.53445E-03  -3.03770E-04  -7.00291E-04  -1.17938E-03  -9.76553E-04   7.62250E-04   1.14369E-03   5.27594E-04   1.94055E-04  -8.80523E-04  -1.10475E-03   3.59406E-05   4.64177E-04   6.63342E-04   7.08134E-04  -3.52876E-04  -8.27743E-04  -3.25760E-04  -1.52551E-04   4.02371E-04   8.48202E-04   5.66347E-05  -3.68532E-04  -2.86750E-04  -5.81163E-04   4.85885E-05   6.73225E-04   1.44494E-04  -9.14229E-05  -6.06577E-05
 1.46960E+03  -2.73438E-04  -3.37169E-03  -2.31084E-03   1.01248E-03   1.54633E-03   1.47412E-03   1.13271E-03  -1.79561E-03  -1.82227E-03  -3.34775E-04  -4.51931E-05   1.39580E-03   1.57256E-03  -3.95508E-04  -7.58463E-04  -1.16628E-03  -9.77043E-04   8.51176E-04   1.19820E-03   4.49676E-04   1.59700E-04  -9.18449E-04  -1.13374E-03   1.42614E-04   5.11834E-04   6.29812E-04   7.07554E-04  -4.39021E-04  -8.68916E-04  -2.34604E-04  -1.31947E-04   4.29226E-04   8.73828E-04  -5.26430E-05  -3.96639E-04  -2.42305E-04  -5.92789E-04   1.29963E-04   7.00011E-04   5.22211E-05  -9.78334E-05  -4.86357E-05
 1.48020E+03  -2.74360E-04  -3.44785E-03  -2.36966E-03   1.09135E-03   1.59987E-03   1.48505E-03   1.13529E-03  -1.88953E-03  -1.87584E-03  -2.70775E-04  -1.11965E-05   1.43934E-03   1.59951E-03  -4.95939E-04  -8.16584E-04  -1.15058E-03  -9.65499E-04   9.46939E-04   1.24380E-03   3.64802E-04   1.18858E-04  -9.58352E-04  -1.14849E-03   2.57232E-04   5.56244E-04   5.93039E-04   6.94163E-04  -5.30715E-04  -8.97711E-04  -1.36797E-04  -1.06524E-04   4.57256E-04   8.83292E-04  -1.69106E-04  -4.18675E-04  -1.94546E-04  -5.91864E-04   2.16387E-04   7.12928E-04  -4.60818E-05  -1.02522E-04  -3.57588E-05
 1.49090E+03  -2.82572E-04  -3.52622E-03  -2.41716E-03   1.17769E-03   1.65373E-03   1.49327E-03   1.12522E-03  -1.98957E-03  -1.92182E-03  -2.00420E-04   2.99728E-05   1.48465E-03   1.61361E-03  -6.03595E-04  -8.75161E-04  -1.13242E-03  -9.39834E-04   1.04809E-03   1.27955E-03   2.74035E-04   7.00535E-05  -9.99417E-04  -1.14701E-03   3.78132E-04   5.97492E-04   5.53302E-04   6.65945E-04  -6.26411E-04  -9.12780E-04  -3.37034E-05  -7.52643E-05   4.85802E-04   8.74538E-04  -2.90885E-04  -4.34148E-04  -1.44102E-04  -5.76710E-04   3.06374E-04   7.10341E-04  -1.48826E-04  -1.05333E-04  -2.22111E-05
 1.50160E+03  -2.98564E-04  -3.60487E-03  -2.45179E-03   1.26770E-03   1.70730E-03   1.49940E-03   1.10139E-03  -2.09214E-03  -1.95900E-03  -1.26556E-04   7.86146E-05   1.53010E-03   1.61350E-03  -7.14524E-04  -9.33754E-04  -1.11227E-03  -8.98967E-04   1.15080E-03   1.30433E-03   1.80455E-04   1.29319E-05  -1.03978E-03  -1.12797E-03   5.00871E-04   6.35078E-04   5.11689E-04   6.21896E-04  -7.22287E-04  -9.12990E-04   7.09800E-05  -3.78924E-05   5.13461E-04   8.46268E-04  -4.13274E-04  -4.42503E-04  -9.27207E-05  -5.46381E-04   3.96308E-04   6.91155E-04  -2.52042E-04  -1.06119E-04  -8.48101E-06
 1.51250E+03  -3.22941E-04  -3.68391E-03  -2.47392E-03   1.35982E-03   1.76180E-03   1.50424E-03   1.06280E-03  -2.19619E-03  -1.98796E-03  -5.01552E-05   1.36120E-04   1.57514E-03   1.59871E-03  -8.27572E-04  -9.93752E-04  -1.08996E-03  -8.41412E-04   1.25376E-03   1.31837E-03   8.47194E-05  -5.41533E-05  -1.07845E-03  -1.09036E-03   6.24064E-04   6.69804E-04   4.68139E-04   5.60464E-04  -8.16824E-04  -8.97911E-04   1.76202E-04   6.68434E-06   5.39416E-04   7.97237E-04  -5.34570E-04  -4.43752E-04  -4.08297E-05  -4.99714E-04   4.84748E-04   6.54450E-04  -3.54297E-04  -1.04846E-04   5.29052E-06
 1.52340E+03  -3.55153E-04  -3.76051E-03  -2.48392E-03   1.44915E-03   1.81674E-03   1.50830E-03   1.01047E-03  -2.29686E-03  -2.00882E-03   2.51297E-05   2.01572E-04   1.61747E-03   1.57000E-03  -9.37480E-04  -1.05453E-03  -1.06603E-03  -7.68395E-04   1.35180E-03   1.32195E-03  -9.08829E-06  -1.30156E-04  -1.11289E-03  -1.03523E-03   7.41756E-04   7.01411E-04   4.24073E-04   4.82894E-04  -9.04886E-04  -8.68221E-04   2.77032E-04   5.77464E-05   5.61770E-04   7.28665E-04  -6.48489E-04  -4.38113E-04   9.25144E-06  -4.37755E-04   5.66868E-04   6.01200E-04  -4.50300E-04  -1.01596E-04   1.84546E-05
 1.53440E+03  -3.94902E-04  -3.83416E-03  -2.48383E-03   1.53384E-03   1.87338E-03   1.51203E-03   9.45258E-04  -2.39246E-03  -2.02329E-03   9.81333E-05   2.75266E-04   1.65609E-03   1.52874E-03  -1.04250E-03  -1.11725E-03  -1.04017E-03  -6.80462E-04   1.44285E-03   1.31646E-03  -9.98707E-05  -2.15451E-04  -1.14161E-03  -9.63628E-04   8.51721E-04   7.30849E-04   3.79520E-04   3.89617E-04  -9.84134E-04  -8.25027E-04   3.71736E-04   1.15480E-04   5.79344E-04   6.41487E-04  -7.52367E-04  -4.26234E-04   5.67880E-05  -3.61083E-04   6.40460E-04   5.32265E-04  -5.37814E-04  -9.65227E-05   3.07798E-05
 1.54550E+03  -4.41404E-04  -3.90382E-03  -2.47620E-03   1.61191E-03   1.93269E-03   1.51551E-03   8.68975E-04  -2.48087E-03  -2.03330E-03   1.67610E-04   3.56733E-04   1.68969E-03   1.47704E-03  -1.14050E-03  -1.18264E-03  -1.01201E-03  -5.79291E-04   1.52435E-03   1.30368E-03  -1.86214E-04  -3.09503E-04  -1.16286E-03  -8.77647E-04   9.51172E-04   7.58904E-04   3.34612E-04   2.82219E-04  -1.05171E-03  -7.70125E-04   4.58106E-04   1.79431E-04   5.90756E-04   5.37801E-04  -8.42913E-04  -4.09003E-04   1.00821E-04  -2.71257E-04   7.02825E-04   4.49438E-04  -6.14070E-04  -8.98654E-05   4.19707E-05
 1.55660E+03  -4.93195E-04  -3.96823E-03  -2.46412E-03   1.68181E-03   1.99514E-03   1.51843E-03   7.84603E-04  -2.56002E-03  -2.04104E-03   2.32528E-04   4.44489E-04   1.71689E-03   1.41804E-03  -1.22945E-03  -1.25079E-03  -9.81167E-04  -4.68038E-04   1.59380E-03   1.28582E-03  -2.66716E-04  -4.10574E-04  -1.17494E-03  -7.80763E-04   1.03737E-03   7.86173E-04   2.89534E-04   1.63862E-04  -1.10485E-03  -7.06304E-04   5.33947E-04   2.48294E-04   5.94705E-04   4.21351E-04  -9.16920E-04  -3.87681E-04   1.40383E-04  -1.71217E-04   7.51358E-04   3.55853E-04  -6.76372E-04  -8.19878E-05   5.17333E-05
 1.56790E+03  -5.50178E-04  -4.02817E-03  -2.45041E-03   1.74484E-03   2.06286E-03   1.52019E-03   6.92922E-04  -2.63069E-03  -2.04891E-03   2.94408E-04   5.39334E-04   1.73725E-03   1.35328E-03  -1.31055E-03  -1.32352E-03  -9.46047E-04  -3.46978E-04   1.65117E-03   1.26462E-03  -3.42872E-04  -5.19500E-04  -1.17658E-03  -6.73963E-04   1.11064E-03   8.13915E-04   2.42882E-04   3.47063E-05  -1.14269E-03  -6.34711E-04   5.99750E-04   3.22480E-04   5.90055E-04   2.92936E-04  -9.73816E-04  -3.62977E-04   1.75896E-04  -6.13989E-05   7.85193E-04   2.52292E-04  -7.24237E-04  -7.30527E-05   6.01177E-05
 1.57920E+03  -6.10369E-04  -4.08247E-03  -2.43805E-03   1.80088E-03   2.13547E-03   1.51970E-03   5.97706E-04  -2.69163E-03  -2.05873E-03   3.53262E-04   6.38765E-04   1.74959E-03   1.28633E-03  -1.38280E-03  -1.39996E-03  -9.05927E-04  -2.20481E-04   1.69476E-03   1.24229E-03  -4.14058E-04  -6.33232E-04  -1.16640E-03  -5.61761E-04   1.16919E-03   8.42211E-04   1.94549E-04  -1.00604E-04  -1.16322E-03  -5.58797E-04   6.54085E-04   3.99712E-04   5.75755E-04   1.57749E-04  -1.01132E-03  -3.36341E-04   2.06751E-04   5.39437E-05   8.02425E-04   1.43074E-04  -7.55747E-04  -6.35105E-05   6.69276E-05
 1.59060E+03  -6.73406E-04  -4.13182E-03  -2.42912E-03   1.85229E-03   2.21411E-03   1.51564E-03   5.00000E-04  -2.74408E-03  -2.07207E-03   4.11384E-04   7.42748E-04   1.75342E-03   1.21859E-03  -1.44805E-03  -1.48079E-03  -8.58888E-04  -8.95481E-05   1.72490E-03   1.22005E-03  -4.82252E-04  -7.51449E-04  -1.14315E-03  -4.45606E-04   1.21378E-03   8.71570E-04   1.42906E-04  -2.40835E-04  -1.16582E-03  -4.79887E-04   6.97803E-04   4.79518E-04   5.50710E-04   1.75172E-05  -1.02923E-03  -3.08426E-04   2.33547E-04   1.73429E-04   8.02439E-04   2.97237E-05  -7.70726E-04  -5.35482E-05   7.22572E-05
 1.60210E+03  -7.38593E-04  -4.17652E-03  -2.42513E-03   1.90139E-03   2.29896E-03   1.50640E-03   4.01237E-04  -2.78896E-03  -2.08981E-03   4.70968E-04   8.50395E-04   1.74809E-03   1.15148E-03  -1.50782E-03  -1.56566E-03  -8.03076E-04   4.40049E-05   1.74166E-03   1.19875E-03  -5.49136E-04  -8.72698E-04  -1.10556E-03  -3.27522E-04   1.24486E-03   9.01865E-04   8.65172E-05  -3.83646E-04  -1.14974E-03  -3.99600E-04   7.31455E-04   5.60586E-04   5.13840E-04  -1.25043E-04  -1.02708E-03  -2.79901E-04   2.56717E-04   2.94707E-04   7.84464E-04  -8.54308E-05  -7.68777E-04  -4.33916E-05   7.61618E-05
 1.61370E+03  -8.05404E-04  -4.21693E-03  -2.42676E-03   1.95086E-03   2.38975E-03   1.49024E-03   3.02405E-04  -2.82742E-03  -2.11209E-03   5.34479E-04   9.60739E-04   1.73300E-03   1.08579E-03  -1.56395E-03  -1.65370E-03  -7.36510E-04   1.78586E-04   1.74527E-03   1.17862E-03  -6.16617E-04  -9.95259E-04  -1.05237E-03  -2.09189E-04   1.26309E-03   9.32490E-04   2.38360E-05  -5.26645E-04  -1.11433E-03  -3.19211E-04   7.55787E-04   6.41336E-04   4.64093E-04  -2.67277E-04  -1.00459E-03  -2.51220E-04   2.76795E-04   4.15344E-04   7.47879E-04  -2.00109E-04  -7.49683E-04  -3.32276E-05   7.87221E-05
 1.62530E+03  -8.72882E-04  -4.25317E-03  -2.43376E-03   2.00301E-03   2.48485E-03   1.46561E-03   2.04890E-04  -2.86042E-03  -2.13801E-03   6.03816E-04   1.07173E-03   1.70781E-03   1.02218E-03  -1.61787E-03  -1.74265E-03  -6.57950E-04   3.11637E-04   1.73619E-03   1.15939E-03  -6.86035E-04  -1.11602E-03  -9.83072E-04  -9.29673E-05   1.26923E-03   9.62053E-04  -4.60345E-05  -6.66105E-04  -1.05965E-03  -2.40357E-04   7.71526E-04   7.19179E-04   4.01103E-04  -4.05329E-04  -9.62112E-04  -2.22868E-04   2.94205E-04   5.31737E-04   6.92757E-04  -3.11058E-04  -7.13741E-04  -2.32929E-05   8.00242E-05
 1.63710E+03  -9.41947E-04  -4.28627E-03  -2.44522E-03   2.06133E-03   2.58456E-03   1.43045E-03   1.07161E-04  -2.88970E-03  -2.16657E-03   6.82526E-04   1.18400E-03   1.67160E-03   9.59065E-04  -1.67228E-03  -1.83189E-03  -5.64264E-04   4.44138E-04   1.71466E-03   1.13959E-03  -7.60384E-04  -1.23453E-03  -8.95494E-04   2.20200E-05   1.26419E-03   9.89355E-04  -1.25654E-04  -8.01642E-04  -9.84448E-04  -1.62371E-04   7.79764E-04   7.93115E-04   3.23010E-04  -5.38763E-04  -8.98986E-04  -1.94399E-04   3.09780E-04   6.43002E-04   6.17877E-04  -4.17756E-04  -6.60408E-04  -1.35405E-05   8.01853E-05
 1.64890E+03  -1.01129E-03  -4.31604E-03  -2.45911E-03   2.12704E-03   2.68534E-03   1.38402E-03   1.06864E-05  -2.91581E-03  -2.19506E-03   7.71206E-04   1.29417E-03   1.62465E-03   8.96447E-04  -1.72777E-03  -1.91712E-03  -4.55683E-04   5.72575E-04   1.68147E-03   1.11782E-03  -8.39852E-04  -1.34582E-03  -7.90500E-04   1.32871E-04   1.24883E-03   1.01167E-03  -2.14667E-04  -9.27871E-04  -8.90002E-04  -8.70549E-05   7.81131E-04   8.59116E-04   2.30720E-04  -6.62299E-04  -8.16630E-04  -1.66169E-04   3.23712E-04   7.44033E-04   5.24586E-04  -5.15786E-04  -5.90912E-04  -4.23894E-06   7.92962E-05
 1.66080E+03  -1.08143E-03  -4.34312E-03  -2.47305E-03   2.20218E-03   2.78570E-03   1.32522E-03  -8.58279E-05  -2.93985E-03  -2.22085E-03   8.71767E-04   1.40152E-03   1.56664E-03   8.32262E-04  -1.78588E-03  -1.99572E-03  -3.30774E-04   6.96820E-04   1.63705E-03   1.09166E-03  -9.25972E-04  -1.44747E-03  -6.67385E-04   2.39738E-04   1.22394E-03   1.02651E-03  -3.14152E-04  -1.04257E-03  -7.76271E-04  -1.40637E-05   7.76431E-04   9.14656E-04   1.23764E-04  -7.73855E-04  -7.15392E-04  -1.37669E-04   3.36486E-04   8.32256E-04   4.12952E-04  -6.03269E-04  -5.05586E-04   4.60677E-06   7.74560E-05
 1.67280E+03  -1.15238E-03  -4.36783E-03  -2.48406E-03   2.28749E-03   2.88298E-03   1.25390E-03  -1.83049E-04  -2.96244E-03  -2.24060E-03   9.84621E-04   1.50423E-03   1.49793E-03   7.64630E-04  -1.84719E-03  -2.06390E-03  -1.89740E-04   8.15617E-04   1.58216E-03   1.05842E-03  -1.01896E-03  -1.53575E-03  -5.26928E-04   3.41869E-04   1.19037E-03   1.03077E-03  -4.23807E-04  -1.14210E-03  -6.44497E-04   5.63949E-05   7.66307E-04   9.56246E-04   3.03758E-06  -8.70010E-04  -5.96723E-04  -1.08531E-04   3.48311E-04   9.03867E-04   2.84367E-04  -6.77244E-04  -4.05713E-04   1.29177E-05   7.47614E-05
 1.68490E+03  -1.22419E-03  -4.39049E-03  -2.48895E-03   2.38273E-03   2.97442E-03   1.17077E-03  -2.81783E-04  -2.98393E-03  -2.25075E-03   1.10913E-03   1.60048E-03   1.41937E-03   6.91486E-04  -1.91161E-03  -2.11769E-03  -3.38905E-05   9.27780E-04   1.51781E-03   1.01526E-03  -1.11822E-03  -1.60683E-03  -3.70924E-04   4.38615E-04   1.14905E-03   1.02117E-03  -5.42415E-04  -1.22281E-03  -4.96841E-04   1.24211E-04   7.51350E-04   9.80317E-04  -1.29615E-04  -9.47353E-04  -4.62901E-04  -7.83235E-05   3.59233E-04   9.55030E-04   1.41198E-04  -7.34755E-04  -2.93297E-04   2.06258E-05   7.13161E-05
 1.69700E+03  -1.29639E-03  -4.41120E-03  -2.48475E-03   2.48570E-03   3.05683E-03   1.07820E-03  -3.82064E-04  -3.00425E-03  -2.24802E-03   1.24238E-03   1.68796E-03   1.33310E-03   6.11476E-04  -1.97785E-03  -2.15319E-03   1.32840E-04   1.03149E-03   1.44596E-03   9.59912E-04  -1.22133E-03  -1.65683E-03  -2.03704E-04   5.28766E-04   1.10143E-03   9.94945E-04  -6.66717E-04  -1.28097E-03  -3.37839E-04   1.88851E-04   7.32281E-04   9.83598E-04  -2.70116E-04  -1.00242E-03  -3.18362E-04  -4.68656E-05   3.69054E-04   9.82091E-04  -1.18120E-05  -7.72873E-04  -1.72175E-04   2.76235E-05   6.72688E-05
 1.70930E+03  -1.37039E-03  -4.43058E-03  -2.46890E-03   2.59581E-03   3.12962E-03   9.77083E-04  -4.86413E-04  -3.02353E-03  -2.22960E-03   1.38377E-03   1.76690E-03   1.23959E-03   5.21474E-04  -2.04561E-03  -2.16802E-03   3.09577E-04   1.12782E-03   1.36699E-03   8.89121E-04  -1.32764E-03  -1.68378E-03  -2.64490E-05   6.13552E-04   1.04786E-03   9.49073E-04  -7.95612E-04  -1.31490E-03  -1.68993E-04   2.51476E-04   7.09276E-04   9.63432E-04  -4.16909E-04  -1.03369E-03  -1.64788E-04  -1.32220E-05   3.77647E-04   9.82663E-04  -1.72725E-04  -7.90095E-04  -4.39117E-05   3.39947E-05   6.26732E-05
 1.72160E+03  -1.44529E-03  -4.44853E-03  -2.44003E-03   2.70825E-03   3.19053E-03   8.72041E-04  -5.93926E-04  -3.04103E-03  -2.19399E-03   1.52739E-03   1.83544E-03   1.14258E-03   4.21586E-04  -2.11188E-03  -2.16008E-03   4.88998E-04   1.21500E-03   1.28392E-03   8.02374E-04  -1.43234E-03  -1.68550E-03   1.53256E-04   6.91631E-04   9.90366E-04   8.82579E-04  -9.23110E-04  -1.32246E-03   2.12271E-06   3.11274E-04   6.83118E-04   9.18400E-04  -5.62965E-04  -1.03919E-03  -9.38387E-06   2.23982E-05   3.84435E-04   9.54976E-04  -3.33681E-04  -7.84859E-04   8.52745E-05   3.96312E-05   5.77262E-05
 1.73410E+03  -1.52272E-03  -4.46548E-03  -2.39716E-03   2.82141E-03   3.24057E-03   7.64624E-04  -7.07034E-04  -3.05639E-03  -2.14002E-03   1.67151E-03   1.89488E-03   1.04285E-03   3.09396E-04  -2.17544E-03  -2.12877E-03   6.69092E-04   1.29484E-03   1.19713E-03   6.97472E-04  -1.53358E-03  -1.66166E-03   3.33178E-04   7.64657E-04   9.29077E-04   7.93703E-04  -1.04687E-03  -1.30350E-03   1.73041E-04   3.69546E-04   6.53680E-04   8.47226E-04  -7.05489E-04  -1.01878E-03   1.45269E-04   6.08053E-05   3.88956E-04   8.98142E-04  -4.91528E-04  -7.56834E-04   2.12982E-04   4.46511E-05   5.24648E-05
 1.74660E+03  -1.60192E-03  -4.48117E-03  -2.34162E-03   2.93012E-03   3.28011E-03   6.59575E-04  -8.24461E-04  -3.06852E-03  -2.06926E-03   1.80985E-03   1.94525E-03   9.44119E-04   1.86550E-04  -2.23287E-03  -2.07560E-03   8.42207E-04   1.36698E-03   1.10947E-03   5.76270E-04  -1.62611E-03  -1.61370E-03   5.05445E-04   8.32172E-04   8.65829E-04   6.84339E-04  -1.16046E-03  -1.25941E-03   3.35936E-04   4.25781E-04   6.21562E-04   7.51804E-04  -8.37032E-04  -9.73837E-04   2.91723E-04   1.01482E-04   3.90480E-04   8.14050E-04  -6.38015E-04  -7.07329E-04   3.32747E-04   4.90302E-05   4.70718E-05
 1.75920E+03  -1.68407E-03  -4.49560E-03  -2.27485E-03   3.03244E-03   3.31177E-03   5.58408E-04  -9.47464E-04  -3.07664E-03  -1.98321E-03   1.94015E-03   1.98870E-03   8.47198E-04   5.26480E-05  -2.28236E-03  -2.00272E-03   1.00569E-03   1.43349E-03   1.02128E-03   4.39071E-04  -1.70734E-03  -1.54387E-03   6.67155E-04   8.95747E-04   8.00634E-04   5.55394E-04  -1.26072E-03  -1.19247E-03   4.87695E-04   4.80932E-04   5.86450E-04   6.33618E-04  -9.53982E-04  -9.06491E-04   4.26790E-04   1.44681E-04   3.88335E-04   7.04642E-04  -7.69180E-04  -6.38076E-04   4.41607E-04   5.28908E-05   4.15751E-05
 1.77190E+03  -1.76973E-03  -4.50844E-03  -2.19932E-03   3.12633E-03   3.33840E-03   4.62538E-04  -1.07624E-03  -3.07967E-03  -1.88458E-03   2.05984E-03   2.02733E-03   7.52982E-04  -9.13564E-05  -2.32179E-03  -1.91342E-03   1.15644E-03   1.49602E-03   9.32928E-04   2.87676E-04  -1.77425E-03  -1.45548E-03   8.14926E-04   9.56480E-04   7.33537E-04   4.09266E-04  -1.34404E-03  -1.10594E-03   6.24733E-04   5.35462E-04   5.48000E-04   4.95588E-04  -1.05222E-03  -8.19842E-04   5.46837E-04   1.90214E-04   3.81764E-04   5.73248E-04  -8.80537E-04  -5.51738E-04   5.36205E-04   5.63257E-05   3.60068E-05
 1.78470E+03  -1.85943E-03  -4.51914E-03  -2.11792E-03   3.21077E-03   3.36316E-03   3.72231E-04  -1.21083E-03  -3.07648E-03  -1.77655E-03   2.16744E-03   2.06340E-03   6.61508E-04  -2.44151E-04  -2.34937E-03  -1.81150E-03   1.29264E-03   1.55629E-03   8.44111E-04   1.24392E-04  -1.82439E-03  -1.35235E-03   9.46555E-04   1.01544E-03   6.64075E-04   2.48945E-04  -1.40751E-03  -1.00365E-03   7.44561E-04   5.89745E-04   5.05595E-04   3.41295E-04  -1.12847E-03  -7.17534E-04   6.49214E-04   2.37745E-04   3.69986E-04   4.23905E-04  -9.68547E-04  -4.51492E-04   6.13981E-04   5.94273E-05   3.03573E-05
 1.79760E+03  -1.95360E-03  -4.52694E-03  -2.03355E-03   3.28574E-03   3.38908E-03   2.86588E-04  -1.35107E-03  -3.06584E-03  -1.66233E-03   2.26255E-03   2.09903E-03   5.71957E-04  -4.04201E-04  -2.36362E-03  -1.70079E-03   1.41368E-03   1.61581E-03   7.53799E-04  -4.81912E-05  -1.85591E-03  -1.23841E-03   1.06104E-03   1.07348E-03   5.91289E-04   7.77502E-05  -1.44892E-03  -8.89517E-04   8.45803E-04   6.43960E-04   4.58356E-04   1.74676E-04  -1.18030E-03  -6.03404E-04   7.32261E-04   2.86787E-04   3.52202E-04   2.61014E-04  -1.03064E-03  -3.40744E-04   6.73179E-04   6.22732E-05   2.45765E-05
 1.81060E+03  -2.05246E-03  -4.53089E-03  -1.94878E-03   3.35216E-03   3.41867E-03   2.03671E-04  -1.49658E-03  -3.04646E-03  -1.54483E-03   2.34574E-03   2.13590E-03   4.82744E-04  -5.69842E-04  -2.36336E-03  -1.58480E-03   1.52013E-03   1.67564E-03   6.60340E-04  -2.27366E-04  -1.86741E-03  -1.11730E-03   1.15842E-03   1.13108E-03   5.13779E-04  -1.00867E-04  -1.46672E-03  -7.67320E-04   9.28057E-04   6.98001E-04   4.05170E-04  -2.03965E-07  -1.20603E-03  -4.81202E-04   7.95193E-04   3.36678E-04   3.27601E-04   8.90897E-05  -1.06510E-03  -2.22916E-04   7.12749E-04   6.49120E-05   1.85789E-05
 1.82360E+03  -2.15522E-03  -4.52992E-03  -1.86622E-03   3.41121E-03   3.45334E-03   1.21373E-04  -1.64559E-03  -3.01723E-03  -1.42732E-03   2.41779E-03   2.17474E-03   3.92405E-04  -7.38023E-04  -2.34778E-03  -1.46725E-03   1.61269E-03   1.73577E-03   5.62384E-04  -4.08988E-04  -1.85809E-03  -9.93086E-04   1.23899E-03   1.18777E-03   4.30489E-04  -2.82030E-04  -1.46000E-03  -6.41383E-04   9.91264E-04   7.50978E-04   3.45255E-04  -1.77899E-04  -1.20470E-03  -3.55381E-04   8.37660E-04   3.86174E-04   2.95651E-04  -8.60316E-05  -1.07096E-03  -1.02244E-04   7.32137E-04   6.73342E-05   1.23028E-05
 1.83680E+03  -2.26314E-03  -4.52282E-03  -1.78586E-03   3.46586E-03   3.49429E-03   3.52031E-05  -1.79941E-03  -2.97631E-03  -1.30962E-03   2.48161E-03   2.21635E-03   2.97037E-04  -9.09491E-04  -2.31586E-03  -1.34836E-03   1.69474E-03   1.79673E-03   4.56037E-04  -5.93086E-04  -1.82713E-03  -8.66290E-04   1.30539E-03   1.24371E-03   3.38254E-04  -4.65033E-04  -1.42798E-03  -5.12593E-04   1.03726E-03   8.02754E-04   2.76357E-04  -3.57084E-04  -1.17569E-03  -2.27135E-04   8.60699E-04   4.34919E-04   2.55095E-04  -2.62622E-04  -1.04782E-03   1.99891E-05   7.31580E-04   6.95360E-05   5.52763E-06
 1.85010E+03  -2.37477E-03  -4.50841E-03  -1.70883E-03   3.51788E-03   3.54080E-03  -5.76215E-05  -1.95558E-03  -2.92258E-03  -1.19351E-03   2.53860E-03   2.25974E-03   1.94702E-04  -1.08095E-03  -2.26702E-03  -1.23020E-03   1.76772E-03   1.85682E-03   3.39603E-04  -7.75397E-04  -1.77411E-03  -7.39595E-04   1.35860E-03   1.29702E-03   2.35821E-04  -6.44879E-04  -1.37030E-03  -3.84231E-04   1.06668E-03   8.51421E-04   1.97639E-04  -5.32241E-04  -1.11870E-03  -1.00250E-04   8.64621E-04   4.81109E-04   2.05480E-04  -4.34862E-04  -9.95464E-04   1.39813E-04   7.11111E-04   7.14008E-05  -1.82208E-06
 1.86340E+03  -2.48821E-03  -4.48579E-03  -1.63536E-03   3.56909E-03   3.59084E-03  -1.59511E-04  -2.11113E-03  -2.85543E-03  -1.07999E-03   2.59039E-03   2.30295E-03   8.38373E-05  -1.24894E-03  -2.20138E-03  -1.11395E-03   1.83337E-03   1.91343E-03   2.11906E-04  -9.51581E-04  -1.69955E-03  -6.15007E-04   1.40009E-03   1.34514E-03   1.22470E-04  -8.16524E-04  -1.28771E-03  -2.59085E-04   1.08080E-03   8.94612E-04   1.08777E-04  -6.97841E-04  -1.03471E-03   2.18067E-05   8.50548E-04   5.22700E-04   1.46808E-04  -5.96970E-04  -9.15029E-04   2.53399E-04   6.71655E-04   7.27656E-05  -9.78692E-06
 1.87690E+03  -2.60373E-03  -4.45381E-03  -1.56330E-03   3.62216E-03   3.64245E-03  -2.74638E-04  -2.26619E-03  -2.77306E-03  -9.66830E-04   2.63952E-03   2.34409E-03  -3.91541E-05  -1.41354E-03  -2.11786E-03  -9.97426E-04   1.89459E-03   1.96435E-03   6.94146E-05  -1.12105E-03  -1.60261E-03  -4.91156E-04   1.43210E-03   1.38586E-03  -4.59077E-06  -9.78537E-04  -1.17950E-03  -1.36741E-04   1.08119E-03   9.30362E-04   7.85018E-06  -8.51830E-04  -9.23225E-04   1.38491E-04   8.19419E-04   5.58243E-04   7.80511E-05  -7.46596E-04  -8.06300E-04   3.59447E-04   6.13508E-04   7.34418E-05  -1.85499E-05
 1.89040E+03  -2.71790E-03  -4.41251E-03  -1.49216E-03   3.67774E-03   3.69127E-03  -4.03003E-04  -2.41591E-03  -2.67643E-03  -8.54669E-04   2.68663E-03   2.37933E-03  -1.73584E-04  -1.56967E-03  -2.01804E-03  -8.81340E-04   1.95200E-03   2.00506E-03  -8.64988E-05  -1.27788E-03  -1.48554E-03  -3.69915E-04   1.45555E-03   1.41500E-03  -1.43769E-04  -1.12432E-03  -1.04848E-03  -2.01678E-05   1.06921E-03   9.55089E-04  -1.03574E-04  -9.87212E-04  -7.87451E-04   2.45850E-04   7.73072E-04   5.84876E-04   5.48695E-07  -8.76590E-04  -6.72661E-04   4.53380E-04   5.38848E-04   7.31666E-05  -2.79848E-05
 1.90410E+03  -2.83050E-03  -4.36140E-03  -1.41886E-03   3.73742E-03   3.73380E-03  -5.47005E-04  -2.55972E-03  -2.56454E-03  -7.40402E-04   2.73327E-03   2.40546E-03  -3.21535E-04  -1.71690E-03  -1.90141E-03  -7.62486E-04   2.00736E-03   2.03186E-03  -2.57730E-04  -1.42089E-03  -1.34818E-03  -2.49181E-04   1.47187E-03   1.42904E-03  -2.96366E-04  -1.25173E-03  -8.94825E-04   9.14443E-05   1.04607E-03   9.65788E-04  -2.26199E-04  -1.10116E-03  -6.27931E-04   3.43376E-04   7.12520E-04   6.00473E-04  -8.58992E-05  -9.83854E-04  -5.14954E-04   5.33590E-04   4.48464E-04   7.16514E-05  -3.81565E-05
 1.91780E+03  -2.93800E-03  -4.30194E-03  -1.34231E-03   3.80037E-03   3.76511E-03  -7.03617E-04  -2.69279E-03  -2.44032E-03  -6.24066E-04   2.77903E-03   2.41827E-03  -4.79722E-04  -1.85046E-03  -1.77135E-03  -6.40899E-04   2.06015E-03   2.04004E-03  -4.40024E-04  -1.54467E-03  -1.19496E-03  -1.30174E-04   1.48157E-03   1.42378E-03  -4.58172E-04  -1.35482E-03  -7.23927E-04   1.95785E-04   1.01345E-03   9.58947E-04  -3.56276E-04  -1.18745E-03  -4.50702E-04   4.27781E-04   6.40692E-04   6.02336E-04  -1.78367E-04  -1.06209E-03  -3.39483E-04   5.96127E-04   3.46222E-04   6.86321E-05  -4.87506E-05
 1.93170E+03  -3.04033E-03  -4.23464E-03  -1.25929E-03   3.86678E-03   3.78167E-03  -8.72720E-04  -2.81471E-03  -2.30409E-03  -5.02307E-04   2.82420E-03   2.41443E-03  -6.48043E-04  -1.97005E-03  -1.62842E-03  -5.13062E-04   2.11070E-03   2.02574E-03  -6.32853E-04  -1.64816E-03  -1.02698E-03  -1.04779E-05   1.48518E-03   1.39548E-03  -6.28249E-04  -1.43154E-03  -5.37584E-04   2.93936E-04   9.72263E-04   9.31421E-04  -4.92646E-04  -1.24337E-03  -2.58170E-04   4.98767E-04   5.58990E-04   5.88274E-04  -2.75749E-04  -1.10833E-03  -1.49021E-04   6.39523E-04   2.33910E-04   6.38022E-05  -5.96562E-05
 1.94560E+03  -3.13490E-03  -4.16235E-03  -1.16928E-03   3.93430E-03   3.78020E-03  -1.04822E-03  -2.92208E-03  -2.16068E-03  -3.75421E-04   2.86721E-03   2.39130E-03  -8.20573E-04  -2.07244E-03  -1.47773E-03  -3.79285E-04   2.15723E-03   1.98612E-03  -8.29034E-04  -1.72788E-03  -8.50763E-04   1.08892E-04   1.48267E-03   1.34176E-03  -7.99717E-04  -1.47827E-03  -3.43704E-04   3.84316E-04   9.24447E-04   8.81293E-04  -6.29336E-04  -1.26526E-03  -5.91518E-05   5.54302E-04   4.71344E-04   5.56830E-04  -3.73511E-04  -1.11898E-03   4.72675E-05   6.61478E-04   1.17023E-04   5.70305E-05  -7.03636E-05
 1.95970E+03  -3.22266E-03  -4.08625E-03  -1.06979E-03   4.00194E-03   3.75900E-03  -1.22806E-03  -3.01582E-03  -2.01134E-03  -2.40472E-04   2.90727E-03   2.34702E-03  -9.95466E-04  -2.15851E-03  -1.32056E-03  -2.36487E-04   2.19876E-03   1.91890E-03  -1.02603E-03  -1.78410E-03  -6.68394E-04   2.30319E-04   1.47367E-03   1.26027E-03  -9.69698E-04  -1.49449E-03  -1.45424E-04   4.68356E-04   8.70567E-04   8.06566E-04  -7.63524E-04  -1.25208E-03   1.42336E-04   5.94812E-04   3.79455E-04   5.06668E-04  -4.69364E-04  -1.09276E-03   2.44900E-04   6.61540E-04  -1.77448E-06   4.81070E-05  -8.05998E-05
 1.97380E+03  -3.30283E-03  -4.00964E-03  -9.61788E-04   4.06656E-03   3.71835E-03  -1.40486E-03  -3.09512E-03  -1.86148E-03  -9.87396E-05   2.94206E-03   2.28209E-03  -1.16566E-03  -2.22757E-03  -1.16254E-03  -8.60571E-05   2.23272E-03   1.82490E-03  -1.21535E-03  -1.81649E-03  -4.87080E-04   3.52611E-04   1.45766E-03   1.15207E-03  -1.13008E-03  -1.48035E-03   4.84085E-05   5.45281E-04   8.12442E-04   7.08280E-04  -8.88190E-04  -1.20438E-03   3.36363E-04   6.20064E-04   2.87535E-04   4.38554E-04  -5.58024E-04  -1.03044E-03   4.33538E-04   6.40004E-04  -1.16361E-04   3.71552E-05  -8.97563E-05
 1.98810E+03  -3.37780E-03  -3.93333E-03  -8.43993E-04   4.12687E-03   3.65927E-03  -1.57663E-03  -3.16275E-03  -1.71186E-03   5.19083E-05   2.97021E-03   2.19692E-03  -1.32918E-03  -2.28216E-03  -1.00441E-03   7.41965E-05   2.25736E-03   1.70430E-03  -1.39415E-03  -1.82723E-03  -3.08481E-04   4.77849E-04   1.43350E-03   1.01706E-03  -1.27748E-03  -1.43761E-03   2.34835E-04   6.16843E-04   7.50012E-04   5.86341E-04  -9.99987E-04  -1.12362E-03   5.18869E-04   6.31457E-04   1.96944E-04   3.52561E-04  -6.36825E-04  -9.33378E-04   6.08535E-04   5.97929E-04  -2.24098E-04   2.41332E-05  -9.74895E-05
 2.00250E+03  -3.44886E-03  -3.85914E-03  -7.18061E-04   4.18043E-03   3.58493E-03  -1.73848E-03  -3.22063E-03  -1.56557E-03   2.10112E-04   2.98955E-03   2.09443E-03  -1.48115E-03  -2.32415E-03  -8.49476E-04   2.42718E-04   2.27014E-03   1.56061E-03  -1.55624E-03  -1.81881E-03  -1.37264E-04   6.05263E-04   1.40007E-03   8.58724E-04  -1.40564E-03  -1.36953E-03   4.07604E-04   6.83275E-04   6.84047E-04   4.43867E-04  -1.09328E-03  -1.01370E-03   6.82444E-04   6.30371E-04   1.10530E-04   2.51053E-04  -7.01483E-04  -8.05759E-04   7.61972E-04   5.37704E-04  -3.20395E-04   9.33648E-06  -1.03281E-04
 2.01690E+03  -3.51776E-03  -3.78795E-03  -5.86307E-04   4.22545E-03   3.49979E-03  -1.88722E-03  -3.27144E-03  -1.42445E-03   3.73906E-04   2.99830E-03   1.97880E-03  -1.61810E-03  -2.35618E-03  -6.99832E-04   4.17239E-04   2.26896E-03   1.39894E-03  -1.69702E-03  -1.79487E-03   2.33021E-05   7.33738E-04   1.35632E-03   6.82194E-04  -1.50974E-03  -1.28100E-03   5.62087E-04   7.44955E-04   6.14961E-04   2.85469E-04  -1.16368E-03  -8.80441E-04   8.21447E-04   6.18891E-04   3.03826E-05   1.37531E-04  -7.48633E-04  -6.53829E-04   8.87747E-04   4.62893E-04  -4.01738E-04  -6.80021E-06  -1.06717E-04
 2.03150E+03  -3.58766E-03  -3.71828E-03  -4.48532E-04   4.26157E-03   3.40673E-03  -2.02420E-03  -3.31888E-03  -1.28617E-03   5.44410E-04   2.99503E-03   1.85209E-03  -1.74058E-03  -2.38152E-03  -5.53317E-04   5.98697E-04   2.25182E-03   1.22148E-03  -1.81607E-03  -1.75864E-03   1.74534E-04   8.64458E-04   1.30009E-03   4.89503E-04  -1.58814E-03  -1.17535E-03   6.98176E-04   8.03345E-04   5.41272E-04   1.13057E-04  -1.20904E-03  -7.27419E-04   9.34442E-04   5.98935E-04  -4.37390E-05   1.36063E-05  -7.76468E-04  -4.81344E-04   9.83663E-04   3.75852E-04  -4.67104E-04  -2.41092E-05  -1.07512E-04
 2.04620E+03  -3.65992E-03  -3.64928E-03  -3.07334E-04   4.28797E-03   3.31011E-03  -2.14904E-03  -3.36510E-03  -1.15022E-03   7.19068E-04   2.97831E-03   1.71863E-03  -1.84742E-03  -2.40234E-03  -4.09832E-04   7.84005E-04   2.21689E-03   1.03384E-03  -1.91115E-03  -1.71353E-03   3.15550E-04   9.95471E-04   1.22996E-03   2.86640E-04  -1.63801E-03  -1.05772E-03   8.13758E-04   8.58266E-04   4.62545E-04  -6.77669E-05  -1.22652E-03  -5.61176E-04   1.01833E-03   5.72530E-04  -1.11010E-04  -1.16411E-04  -7.82759E-04  -2.95555E-04   1.04613E-03   2.80619E-04  -5.14527E-04  -4.20295E-05  -1.05367E-04
 2.06090E+03  -3.73520E-03  -3.57941E-03  -1.65285E-04   4.30453E-03   3.21362E-03  -2.26287E-03  -3.41149E-03  -1.01510E-03   8.95003E-04   2.94729E-03   1.58245E-03  -1.93884E-03  -2.42016E-03  -2.68342E-04   9.69625E-04   2.16307E-03   8.41626E-04  -1.98176E-03  -1.66253E-03   4.46714E-04   1.12430E-03   1.14491E-03   7.98950E-05  -1.65822E-03  -9.33145E-04   9.08375E-04   9.09150E-04   3.78211E-04  -2.50960E-04  -1.21482E-03  -3.88479E-04   1.07199E-03   5.41589E-04  -1.71315E-04  -2.47828E-04  -7.66469E-04  -1.04122E-04   1.07368E-03   1.81405E-04  -5.43255E-04  -5.99370E-05  -1.00132E-04
 2.07580E+03  -3.81485E-03  -3.50534E-03  -2.18661E-05   4.31177E-03   3.11789E-03  -2.36987E-03  -3.45923E-03  -8.76045E-04   1.07272E-03   2.90070E-03   1.44409E-03  -2.01754E-03  -2.43581E-03  -1.24448E-04   1.15542E-03   2.08842E-03   6.45991E-04  -2.02957E-03  -1.60666E-03   5.71645E-04   1.25050E-03   1.04222E-03  -1.28768E-04  -1.64878E-03  -8.03474E-04   9.84223E-04   9.55857E-04   2.85883E-04  -4.34075E-04  -1.17307E-03  -2.12250E-04   1.09626E-03   5.06972E-04  -2.26093E-04  -3.78464E-04  -7.26731E-04   8.93179E-05   1.06635E-03   8.02347E-05  -5.53659E-04  -7.75274E-05  -9.16121E-05
 2.09080E+03  -3.89773E-03  -3.42508E-03   1.20759E-04   4.31007E-03   3.02438E-03  -2.47218E-03  -3.50734E-03  -7.30945E-04   1.24887E-03   2.83813E-03   1.30612E-03  -2.08469E-03  -2.44862E-03   2.34705E-05   1.33706E-03   1.99238E-03   4.51489E-04  -2.05526E-03  -1.54697E-03   6.91520E-04   1.37027E-03   9.21230E-04  -3.33269E-04  -1.60989E-03  -6.72411E-04   1.04202E-03   9.96526E-04   1.84993E-04  -6.10758E-04  -1.10127E-03  -3.85932E-05   1.09153E-03   4.69712E-04  -2.75720E-04  -5.03254E-04  -6.63522E-04   2.77328E-04   1.02439E-03  -1.90134E-05  -5.45956E-04  -9.40783E-05  -7.97891E-05
 2.10590E+03  -3.98229E-03  -3.33648E-03   2.61615E-04   4.30011E-03   2.93266E-03  -2.57264E-03  -3.55390E-03  -5.77115E-04   1.42110E-03   2.75939E-03   1.16935E-03  -2.14220E-03  -2.45689E-03   1.77681E-04   1.51103E-03   1.87468E-03   2.60817E-04  -2.06047E-03  -1.48318E-03   8.08326E-04   1.48007E-03   7.81279E-04  -5.29052E-04  -1.54264E-03  -5.42134E-04   1.08347E-03   1.02901E-03   7.47969E-05  -7.75757E-04  -1.00020E-03   1.27896E-04   1.05933E-03   4.30198E-04  -3.21019E-04  -6.17855E-04  -5.77455E-04   4.53895E-04   9.49264E-04  -1.13303E-04  -5.21065E-04  -1.08943E-04  -6.47232E-05
 2.12110E+03  -4.06614E-03  -3.23803E-03   3.99936E-04   4.28266E-03   2.84127E-03  -2.67357E-03  -3.59595E-03  -4.12667E-04   1.58685E-03   2.66477E-03   1.03393E-03  -2.19186E-03  -2.45797E-03   3.39732E-04   1.67354E-03   1.73574E-03   7.61656E-05  -2.04705E-03  -1.41412E-03   9.23603E-04   1.57581E-03   6.22576E-04  -7.11710E-04  -1.44882E-03  -4.14201E-04   1.11034E-03   1.05062E-03  -4.48278E-05  -9.23745E-04  -8.71609E-04   2.82968E-04   1.00181E-03   3.88426E-04  -3.62692E-04  -7.17807E-04  -4.69940E-04   6.13174E-04   8.43396E-04  -1.99779E-04  -4.80337E-04  -1.21437E-04  -4.66031E-05
 2.13640E+03  -4.14635E-03  -3.12911E-03   5.35150E-04   4.25857E-03   2.74799E-03  -2.77647E-03  -3.62979E-03  -2.36879E-04   1.74355E-03   2.55519E-03   8.99458E-04  -2.23508E-03  -2.44851E-03   5.10114E-04   1.82065E-03   1.57694E-03  -1.00735E-04  -2.01700E-03  -1.33799E-03   1.03817E-03   1.65310E-03   4.46437E-04  -8.77077E-04  -1.33100E-03  -2.89640E-04   1.12434E-03   1.05830E-03  -1.73150E-04  -1.04948E-03  -7.18315E-04   4.22760E-04   9.21746E-04   3.44088E-04  -4.01201E-04  -7.98686E-04  -3.43345E-04   7.49607E-04   7.10260E-04  -2.75804E-04  -4.25583E-04  -1.30871E-04  -2.57755E-05
 2.15190E+03  -4.22026E-03  -3.00947E-03   6.67722E-04   4.22851E-03   2.64953E-03  -2.88247E-03  -3.65152E-03  -4.92021E-05   1.88963E-03   2.43142E-03   7.64269E-04  -2.27306E-03  -2.42467E-03   6.89202E-04   1.94932E-03   1.39953E-03  -2.69656E-04  -1.97210E-03  -1.25204E-03   1.15269E-03   1.70785E-03   2.54195E-04  -1.02227E-03  -1.19164E-03  -1.68281E-04   1.12704E-03   1.04883E-03  -3.09318E-04  -1.14864E-03  -5.43186E-04   5.44620E-04   8.21871E-04   2.96368E-04  -4.36915E-04  -8.56643E-04  -2.00150E-04   8.58773E-04   5.53419E-04  -3.39411E-04  -3.58637E-04  -1.36610E-04  -2.61263E-06
 2.16740E+03  -4.28410E-03  -2.88234E-03   7.95781E-04   4.19381E-03   2.54454E-03  -2.98954E-03  -3.65717E-03   1.45765E-04   2.02116E-03   2.29738E-03   6.29127E-04  -2.30576E-03  -2.38336E-03   8.72521E-04   2.05466E-03   1.20933E-03  -4.27582E-04  -1.91508E-03  -1.15523E-03   1.26461E-03   1.73553E-03   5.23006E-05  -1.14234E-03  -1.03679E-03  -5.19414E-05   1.11977E-03   1.01950E-03  -4.48746E-04  -1.21582E-03  -3.53799E-04   6.44280E-04   7.07563E-04   2.45314E-04  -4.69171E-04  -8.87412E-04  -4.67632E-05   9.35096E-04   3.80721E-04  -3.87885E-04  -2.83152E-04  -1.38016E-04   2.18705E-05
 2.18300E+03  -4.33627E-03  -2.74965E-03   9.20271E-04   4.15518E-03   2.43018E-03  -3.09669E-03  -3.64409E-03   3.45741E-04   2.13781E-03   2.15519E-03   4.92178E-04  -2.33340E-03  -2.32180E-03   1.05784E-03   2.13529E-03   1.00968E-03  -5.75291E-04  -1.84786E-03  -1.04524E-03   1.37271E-03   1.73375E-03  -1.55321E-04  -1.23626E-03  -8.70532E-04   6.02008E-05   1.10373E-03   9.68203E-04  -5.88517E-04  -1.24889E-03  -1.55439E-04   7.20806E-04   5.82807E-04   1.90132E-04  -4.97665E-04  -8.88958E-04   1.12196E-04   9.76511E-04   1.97995E-04  -4.20403E-04  -2.01899E-04  -1.34735E-04   4.69406E-05
 2.19880E+03  -4.37598E-03  -2.61388E-03   1.04228E-03   4.11318E-03   2.30421E-03  -3.20214E-03  -3.61049E-03   5.47642E-04   2.23973E-03   2.00708E-03   3.51700E-04  -2.35560E-03  -2.23790E-03   1.24206E-03   2.19051E-03   8.04270E-04  -7.13782E-04  -1.77191E-03  -9.20105E-04   1.47493E-03   1.70083E-03  -3.64044E-04  -1.30356E-03  -6.97042E-04   1.69047E-04   1.07960E-03   8.93277E-04  -7.24979E-04  -1.24641E-03   4.61055E-05   7.73750E-04   4.51608E-04   1.30107E-04  -5.21694E-04  -8.59854E-04   2.71564E-04   9.81679E-04   1.14850E-05  -4.36475E-04  -1.17754E-04  -1.26510E-04   7.17570E-05
 2.21470E+03  -4.40320E-03  -2.47944E-03   1.16158E-03   4.06870E-03   2.16690E-03  -3.30232E-03  -3.55647E-03   7.45447E-04   2.32674E-03   1.85712E-03   2.07996E-04  -2.37132E-03  -2.13187E-03   1.41931E-03   2.22025E-03   5.99488E-04  -8.42717E-04  -1.68940E-03  -7.80212E-04   1.56740E-03   1.63696E-03  -5.66225E-04  -1.34410E-03  -5.22698E-04   2.74234E-04   1.04803E-03   7.95105E-04  -8.52306E-04  -1.20855E-03   2.42216E-04   8.03014E-04   3.19613E-04   6.55200E-05  -5.39990E-04  -8.00397E-04   4.23829E-04   9.50782E-04  -1.69975E-04  -4.36122E-04  -3.47094E-05  -1.13407E-04   9.50990E-05
 2.23070E+03  -4.41953E-03  -2.34948E-03   1.27895E-03   4.02215E-03   2.01885E-03  -3.39442E-03  -3.48370E-03   9.34759E-04   2.40043E-03   1.70804E-03   6.08338E-05  -2.37949E-03  -2.00507E-03   1.58504E-03   2.22647E-03   3.99975E-04  -9.63139E-04  -1.60162E-03  -6.26242E-04   1.64685E-03   1.54412E-03  -7.55871E-04  -1.35978E-03  -3.52324E-04   3.76183E-04   1.00926E-03   6.75096E-04  -9.65653E-04  -1.13762E-03   4.25948E-04   8.10193E-04   1.91255E-04  -3.37561E-06  -5.51361E-04  -7.12560E-04   5.62764E-04   8.86193E-04  -3.39135E-04  -4.20432E-04   4.39896E-05  -9.57446E-05   1.15938E-04

